rat,group,session,trial,duration,iti,reinforced,criterion
52,5s,1,1,5.411999999999999,6.0760000000000005,0,10
52,5s,1,2,2.7759999999999962,5.254000000000005,0,10
52,5s,1,3,6.167999999999999,5.2479999999999976,0,10
52,5s,1,4,0.5399999999999991,0.12400000000000233,0,10
52,5s,1,5,10.694000000000003,0.17199999999999704,1,10
52,5s,1,6,0.3760000000000048,5.206000000000003,0,10
52,5s,1,7,9.629999999999995,6.543999999999997,0,10
52,5s,1,8,9.590000000000003,5.239999999999995,0,10
52,5s,1,9,10.805999999999997,3.265999999999991,1,10
52,5s,1,10,8.224000000000018,5.376000000000005,0,10
52,5s,1,11,0.25199999999998113,0.0700000000000216,0,10
52,5s,1,12,0.8620000000000232,0.04399999999998272,0,10
52,5s,1,13,0.5040000000000191,0.03999999999999204,0,10
52,5s,1,14,0.3599999999999852,5.4339999999999975,0,10
52,5s,1,15,11.558000000000021,4.921999999999997,1,10
52,5s,1,16,8.447999999999979,0.02200000000001978,0,10
52,5s,1,17,1.3940000000000055,0.020000000000010232,0,10
52,5s,1,18,10.245999999999981,4.0400000000000205,1,10
52,5s,1,19,9.931999999999988,5.240000000000009,0,10
52,5s,1,20,1.3979999999999961,0.025999999999982037,0,10
52,5s,1,21,0.4060000000000059,0.14599999999998658,0,10
52,5s,1,22,0.7040000000000077,0.060000000000002274,0,10
52,5s,1,23,10.328000000000003,3.5120000000000005,1,10
52,5s,1,24,10.288000000000011,4.220000000000027,1,10
52,5s,1,25,10.925999999999988,4.665999999999997,1,10
52,5s,1,26,9.199999999999989,5.625999999999976,0,10
52,5s,1,27,0.146000000000015,0.1260000000000332,0,10
52,5s,1,28,1.0480000000000018,5.685999999999979,0,10
52,5s,1,29,8.23599999999999,6.036000000000001,0,10
52,5s,1,30,10.960000000000036,3.3899999999999864,1,10
52,5s,1,31,9.69399999999996,5.2760000000000105,0,10
52,5s,1,32,11.608000000000004,5.449999999999989,1,10
52,5s,1,33,12.490000000000009,4.616000000000042,1,10
52,5s,1,34,8.189999999999998,5.239999999999952,0,10
52,5s,1,35,13.408000000000015,3.194000000000017,1,10
52,5s,1,36,13.084000000000003,3.7799999999999727,1,10
52,5s,1,37,11.362000000000023,5.551999999999964,1,10
52,5s,1,38,12.54400000000004,6.01400000000001,1,10
52,5s,1,39,9.461999999999989,6.927999999999997,0,10
52,5s,1,40,12.085999999999956,4.566000000000031,1,10
52,5s,1,41,10.858000000000061,4.295999999999935,1,10
52,5s,1,42,12.519999999999982,5.104000000000042,1,10
52,5s,1,43,10.025999999999954,5.509999999999991,1,10
52,5s,1,44,10.79600000000005,27.720000000000027,1,10
52,5s,1,45,9.823999999999955,6.274000000000001,0,10
52,5s,1,46,1.6680000000000064,0.13599999999996726,0,10
52,5s,1,47,10.111999999999966,4.48599999999999,1,10
52,5s,1,48,10.854000000000042,3.7199999999999136,1,10
52,5s,1,49,11.09800000000007,6.20799999999997,1,10
52,5s,1,50,10.067999999999984,3.5860000000000127,1,10
52,5s,1,51,0.70799999999997,0.11800000000005184,0,10
52,5s,1,52,9.417999999999893,5.366000000000099,0,10
52,5s,1,53,0.34199999999998454,5.473999999999933,0,10
52,5s,1,54,0.6200000000000045,6.382000000000062,0,10
52,5s,1,55,9.535999999999945,6.331999999999994,0,10
52,5s,1,56,9.86200000000008,6.545999999999935,0,10
52,5s,1,57,6.786000000000058,5.490000000000009,0,10
52,5s,1,58,9.293999999999983,6.357999999999947,0,10
52,5s,1,59,9.048000000000002,6.762000000000057,0,10
52,5s,1,60,0.4819999999999709,0.07600000000002183,0,10
52,5s,1,61,0.42999999999995,0.08800000000007913,0,10
52,5s,1,62,8.788000000000011,6.072000000000003,0,10
52,5s,1,63,0.9220000000000255,5.391999999999939,0,10
52,5s,1,64,8.016000000000076,5.5359999999999445,0,10
52,5s,1,65,9.402000000000044,5.977999999999952,0,10
52,5s,1,66,9.783999999999992,5.30600000000004,0,10
52,5s,1,67,0.33199999999999363,0.08400000000006003,0,10
52,5s,1,68,10.898000000000025,3.6900000000000546,1,10
52,5s,1,69,10.611999999999966,4.990000000000009,1,10
52,5s,1,70,1.0679999999999836,6.231999999999971,0,10
52,5s,1,71,13.096000000000004,3.966000000000008,1,10
52,5s,1,72,12.656000000000063,5.565999999999917,1,10
52,5s,1,73,10.85200000000009,3.697999999999979,1,10
52,5s,1,74,12.658000000000015,4.885999999999967,1,10
52,5s,1,75,10.210000000000036,6.339999999999918,1,10
52,5s,1,76,7.734000000000037,6.33400000000006,0,10
52,5s,1,77,12.629999999999995,7.019999999999982,1,10
52,5s,1,78,11.413999999999987,5.533999999999878,1,10
52,5s,1,79,11.378000000000156,4.677999999999884,1,10
52,5s,1,80,10.892000000000053,6.0779999999999745,1,10
52,5s,1,81,13.144000000000005,8.501999999999953,1,10
52,5s,1,82,10.314000000000078,7.286000000000058,1,10
52,5s,1,83,10.985999999999876,5.22199999999998,1,10
52,5s,1,84,11.93600000000015,6.313999999999851,1,10
52,5s,1,85,9.61200000000008,6.413999999999987,0,10
52,5s,1,86,10.097999999999956,5.296000000000049,1,10
52,5s,1,87,12.301999999999907,5.022000000000162,1,10
52,5s,1,88,10.975999999999885,5.298000000000002,1,10
52,5s,1,89,0.5,0.11400000000003274,0,10
52,5s,1,90,14.155999999999949,6.298000000000002,1,10
52,5s,1,91,9.910000000000082,5.326000000000022,0,10
52,5s,1,92,14.268000000000029,5.692000000000007,1,10
52,5s,1,93,13.019999999999982,5.953999999999951,1,10
52,5s,1,94,2.009999999999991,6.451999999999998,0,10
52,5s,1,95,12.680000000000064,5.509999999999991,1,10
52,5s,1,96,14.3599999999999,6.3659999999999854,1,10
52,5s,1,97,10.788000000000011,6.031999999999925,1,10
52,5s,1,98,9.759999999999991,0.08600000000001273,0,10
52,5s,1,99,10.419999999999845,6.704000000000178,1,10
52,5s,1,100,8.84199999999987,,0,10
52,5s,2,1,3.701999999999998,5.280000000000001,0,10
52,5s,2,2,9.700000000000003,5.293999999999997,0,10
52,5s,2,3,9.225999999999999,5.549999999999997,0,10
52,5s,2,4,0.416000000000011,5.227999999999994,0,10
52,5s,2,5,1.5520000000000067,0.09799999999999898,0,10
52,5s,2,6,9.350000000000009,5.421999999999997,0,10
52,5s,2,7,6.864000000000004,5.744,0,10
52,5s,2,8,0.945999999999998,6.2239999999999895,0,10
52,5s,2,9,12.069999999999993,3.538000000000011,1,10
52,5s,2,10,1.0720000000000027,5.704000000000008,0,10
52,5s,2,11,12.072000000000003,3.219999999999999,1,10
52,5s,2,12,11.569999999999993,4.49199999999999,1,10
52,5s,2,13,10.024000000000001,5.282000000000011,1,10
52,5s,2,14,10.228000000000009,7.307999999999993,1,10
52,5s,2,15,3.882000000000005,0.025999999999982037,0,10
52,5s,2,16,10.897999999999996,5.132000000000005,1,10
52,5s,2,17,7.771999999999991,0.07800000000000296,0,10
52,5s,2,18,9.875999999999976,6.680000000000035,0,10
52,5s,2,19,9.48399999999998,5.567999999999984,0,10
52,5s,2,20,10.230000000000018,3.8799999999999955,1,10
52,5s,2,21,10.75200000000001,4.199999999999989,1,10
52,5s,2,22,11.867999999999995,4.518000000000029,1,10
52,5s,2,23,9.137999999999977,0.1279999999999859,0,10
52,5s,2,24,7.869999999999948,0.022000000000048203,0,10
52,5s,2,25,10.281999999999982,4.26400000000001,1,10
52,5s,2,26,9.653999999999996,5.934000000000026,0,10
52,5s,2,27,1.4459999999999695,0.05000000000001137,0,10
52,5s,2,28,11.786000000000001,20.611999999999966,1,10
52,5s,2,29,7.980000000000018,5.47199999999998,0,10
52,5s,2,30,12.564000000000021,4.980000000000018,1,10
52,5s,2,31,10.553999999999974,0.3380000000000223,1,10
52,5s,2,32,0.04599999999999227,5.382000000000005,0,10
52,5s,2,33,0.20400000000000773,0.04599999999999227,0,10
52,5s,2,34,10.360000000000014,6.3419999999999845,1,10
52,5s,2,35,7.53000000000003,0.051999999999964075,0,10
52,5s,2,36,11.649999999999977,0.08199999999999363,1,10
52,5s,2,37,0.14400000000000546,5.7140000000000555,0,10
52,5s,2,38,11.062000000000012,4.4080000000000155,1,10
52,5s,2,39,12.039999999999964,5.330000000000041,1,10
52,5s,2,40,10.995999999999981,2.895999999999958,1,10
52,5s,2,41,9.286000000000058,5.233999999999924,0,10
52,5s,2,42,0.6299999999999955,0.13400000000001455,0,10
52,5s,2,43,10.522000000000048,2.966000000000008,1,10
52,5s,2,44,9.98599999999999,5.437999999999988,0,10
52,5s,2,45,10.536000000000058,8.251999999999953,1,10
52,5s,2,46,11.563999999999965,4.2000000000000455,1,10
52,5s,2,47,10.298000000000002,0.07799999999997453,1,10
52,5s,2,48,0.17200000000002547,6.298000000000002,0,10
52,5s,2,49,10.073999999999955,3.3700000000000045,1,10
52,5s,2,50,9.57400000000007,5.511999999999944,0,10
52,5s,2,51,9.868000000000052,6.157999999999902,0,10
52,5s,2,52,12.134000000000015,5.734000000000037,1,10
52,5s,2,53,12.018000000000029,5.45799999999997,1,10
52,5s,2,54,11.323999999999955,5.052000000000021,1,10
52,5s,2,55,11.81000000000006,6.432000000000016,1,10
52,5s,2,56,10.67599999999993,4.351999999999975,1,10
52,5s,2,57,12.738000000000056,5.423999999999978,1,10
52,5s,2,58,10.437999999999988,6.146000000000072,1,10
52,5s,2,59,11.641999999999939,6.114000000000033,1,10
52,5s,2,60,12.436000000000035,6.573999999999955,1,10
52,5s,2,61,12.091999999999985,6.405999999999949,1,10
52,5s,2,62,10.724000000000046,5.621999999999957,1,10
52,5s,2,63,13.0,9.718000000000075,1,10
52,5s,2,64,12.127999999999929,7.208000000000084,1,10
52,5s,2,65,12.881999999999948,7.6440000000000055,1,10
52,5s,2,66,10.653999999999996,7.3279999999999745,1,10
52,5s,2,67,10.840000000000032,4.282000000000039,1,10
52,5s,2,68,11.687999999999988,6.288000000000011,1,10
52,5s,2,69,12.258000000000038,8.079999999999927,1,10
52,5s,2,70,13.208000000000084,6.119999999999891,1,10
52,5s,2,71,12.549999999999955,7.272000000000162,1,10
52,5s,2,72,7.874000000000024,0.013999999999896318,0,10
52,5s,2,73,8.679999999999836,5.259999999999991,0,10
52,5s,2,74,10.970000000000027,3.94600000000014,1,10
52,5s,2,75,9.97999999999979,5.996000000000095,0,10
52,5s,2,76,12.16800000000012,5.647999999999911,1,10
52,5s,2,77,10.576000000000022,6.096000000000004,1,10
52,5s,2,78,12.950000000000045,4.619999999999891,1,10
52,5s,2,79,10.682000000000016,5.476000000000113,1,10
52,5s,2,80,10.605999999999995,4.979999999999791,1,10
52,5s,2,81,14.33400000000006,6.988000000000056,1,10
52,5s,2,82,14.281999999999925,5.948000000000093,1,10
52,5s,2,83,13.61200000000008,6.363999999999805,1,10
52,5s,2,84,12.710000000000036,4.652000000000044,1,10
52,5s,2,85,12.127999999999929,4.730000000000018,1,10
52,5s,2,86,13.70399999999995,7.208000000000084,1,10
52,5s,2,87,11.218000000000075,5.975999999999885,1,10
52,5s,2,88,12.145999999999958,5.076000000000022,1,10
52,5s,2,89,11.836000000000013,7.344000000000051,1,10
52,5s,2,90,12.63799999999992,7.298000000000002,1,10
52,5s,2,91,9.990000000000009,6.264000000000124,0,10
52,5s,2,92,12.344000000000051,6.929999999999836,1,10
52,5s,2,93,12.782000000000153,7.80399999999986,1,10
52,5s,2,94,11.645999999999958,21.292000000000144,1,10
52,5s,2,95,9.326000000000022,6.759999999999991,0,10
52,5s,2,96,11.61999999999989,15.432000000000016,1,10
52,5s,2,97,12.82400000000007,7.268000000000029,1,10
52,5s,2,98,14.039999999999964,10.61999999999989,1,10
52,5s,2,99,9.11200000000008,0.011999999999943611,0,10
52,5s,2,100,11.423999999999978,,1,10
52,5s,3,1,1.9540000000000006,0.1559999999999988,0,10
52,5s,3,2,5.8359999999999985,5.422000000000004,0,10
52,5s,3,3,1.0599999999999952,5.260000000000005,0,10
52,5s,3,4,11.987999999999992,3.8659999999999997,1,10
52,5s,3,5,10.034000000000006,3.828000000000003,1,10
52,5s,3,6,10.61399999999999,3.986000000000004,1,10
52,5s,3,7,8.424000000000007,6.24199999999999,0,10
52,5s,3,8,5.13000000000001,6.081999999999994,0,10
52,5s,3,9,13.112000000000009,3.593999999999994,1,10
52,5s,3,10,8.596000000000004,6.436000000000007,0,10
52,5s,3,11,9.98999999999998,5.225999999999999,0,10
52,5s,3,12,10.736000000000018,5.1839999999999975,1,10
52,5s,3,13,8.189999999999998,5.2339999999999804,0,10
52,5s,3,14,0.7280000000000086,0.10200000000000387,0,10
52,5s,3,15,0.35200000000000387,0.04800000000000182,0,10
52,5s,3,16,9.879999999999995,5.308000000000021,0,10
52,5s,3,17,9.027999999999992,5.403999999999996,0,10
52,5s,3,18,0.04800000000000182,0.018000000000000682,0,10
52,5s,3,19,1.8760000000000048,5.609999999999985,0,10
52,5s,3,20,9.862000000000023,5.47199999999998,0,10
52,5s,3,21,9.519999999999982,5.374000000000024,0,10
52,5s,3,22,0.5079999999999814,0.07600000000002183,0,10
52,5s,3,23,11.48599999999999,3.937999999999988,1,10
52,5s,3,24,0.8020000000000209,0.007999999999981355,0,10
52,5s,3,25,0.73599999999999,4.538000000000011,0,10
52,5s,3,26,0.5419999999999732,0.08800000000002228,0,10
52,5s,3,27,0.9039999999999964,0.05200000000002092,0,10
52,5s,3,28,11.132000000000005,4.970000000000027,1,10
52,5s,3,29,13.213999999999999,4.447999999999979,1,10
52,5s,3,30,12.170000000000016,4.201999999999998,1,10
52,5s,3,31,12.20999999999998,4.319999999999993,1,10
52,5s,3,32,12.480000000000018,22.624000000000024,1,10
52,5s,3,33,12.275999999999954,4.05600000000004,1,10
52,5s,3,34,10.903999999999996,4.279999999999973,1,10
52,5s,3,35,12.624000000000024,5.6200000000000045,1,10
52,5s,3,36,9.930000000000007,0.1099999999999568,0,10
52,5s,3,37,13.755999999999972,0.09800000000001319,1,10
52,5s,3,38,0.07999999999998408,5.380000000000052,0,10
52,5s,3,39,11.73599999999999,5.149999999999977,1,10
52,5s,3,40,13.58400000000006,4.125999999999976,1,10
52,5s,3,41,9.91599999999994,0.11400000000003274,0,10
52,5s,3,42,1.1999999999999318,0.09000000000003183,0,10
52,5s,3,43,0.03999999999996362,0.033999999999991815,0,10
52,5s,3,44,14.20799999999997,5.194000000000074,1,10
52,5s,3,45,9.70799999999997,5.95799999999997,0,10
52,5s,3,46,10.538000000000011,4.701999999999998,1,10
52,5s,3,47,12.350000000000023,5.364000000000033,1,10
52,5s,3,48,11.863999999999919,4.240000000000009,1,10
52,5s,3,49,0.7160000000000082,5.262000000000057,0,10
52,5s,3,50,0.30199999999990723,6.3559999999999945,0,10
52,5s,3,51,13.342000000000098,3.891999999999939,1,10
52,5s,3,52,11.826000000000022,6.100000000000023,1,10
52,5s,3,53,11.909999999999968,6.560000000000059,1,10
52,5s,3,54,11.063999999999965,5.41599999999994,1,10
52,5s,3,55,12.184000000000083,5.168000000000006,1,10
52,5s,3,56,0.18799999999998818,0.011999999999943611,0,10
52,5s,3,57,11.340000000000032,5.093999999999937,1,10
52,5s,3,58,11.700000000000045,4.6299999999999955,1,10
52,5s,3,59,11.875999999999976,6.628000000000043,1,10
52,5s,3,60,0.7200000000000273,0.05199999999990723,0,10
52,5s,3,61,10.756000000000085,4.889999999999986,1,10
52,5s,3,62,10.877999999999929,4.59800000000007,1,10
52,5s,3,63,9.761999999999944,6.2140000000000555,0,10
52,5s,3,64,9.649999999999977,5.580000000000041,0,10
52,5s,3,65,9.729999999999905,6.2420000000000755,0,10
52,5s,3,66,10.255999999999972,4.960000000000036,1,10
52,5s,3,67,0.7659999999999627,0.15399999999999636,0,10
52,5s,3,68,10.990000000000009,4.711999999999989,1,10
52,5s,3,69,13.197999999999979,5.697999999999979,1,10
52,5s,3,70,12.964000000000055,4.875999999999976,1,10
52,5s,3,71,14.577999999999975,10.149999999999977,1,10
52,5s,3,72,11.684000000000083,4.995999999999981,1,10
52,5s,3,73,12.382000000000062,6.793999999999869,1,10
52,5s,3,74,11.986000000000104,3.538000000000011,1,10
52,5s,3,75,13.311999999999898,5.344000000000051,1,10
52,5s,3,76,12.577999999999975,5.395999999999958,1,10
52,5s,3,77,11.476000000000113,6.192000000000007,1,10
52,5s,3,78,10.849999999999909,5.011999999999944,1,10
52,5s,3,79,11.038000000000011,6.300000000000182,1,10
52,5s,3,80,11.30399999999986,6.352000000000089,1,10
52,5s,3,81,10.407999999999902,8.346000000000004,1,10
52,5s,3,82,9.420000000000073,0.07400000000006912,0,10
52,5s,3,83,17.792000000000144,5.442000000000007,1,10
52,5s,3,84,11.129999999999882,7.086000000000013,1,10
52,5s,3,85,12.188000000000102,6.135999999999967,1,10
52,5s,3,86,12.389999999999873,7.582000000000107,1,10
52,5s,3,87,11.541999999999916,9.758000000000038,1,10
52,5s,3,88,11.120000000000118,5.545999999999822,1,10
52,5s,3,89,13.080000000000155,12.70399999999995,1,10
52,5s,3,90,12.337999999999965,6.203999999999951,1,10
52,5s,3,91,12.768000000000029,7.099999999999909,1,10
52,5s,3,92,10.118000000000166,5.157999999999902,1,10
52,5s,3,93,11.548000000000002,5.213999999999942,1,10
52,5s,3,94,9.766000000000076,7.809999999999945,0,10
52,5s,3,95,11.240000000000009,4.322000000000116,1,10
52,5s,3,96,10.981999999999971,8.122000000000071,1,10
52,5s,3,97,10.663999999999987,5.953999999999951,1,10
52,5s,3,98,12.394000000000005,3.7059999999999036,1,10
52,5s,3,99,11.13000000000011,6.155999999999949,1,10
52,5s,3,100,13.034000000000106,7.52599999999984,1,10
52,5s,3,101,12.731999999999971,,1,10
52,5s,4,1,3.2099999999999973,5.302,0,10
52,5s,4,2,10.112000000000002,3.206000000000003,1,10
52,5s,4,3,1.4979999999999976,0.018000000000000682,0,10
52,5s,4,4,10.253999999999998,3.8760000000000048,1,10
52,5s,4,5,2.11399999999999,5.446000000000012,0,10
52,5s,4,6,0.2259999999999991,0.1280000000000001,0,10
52,5s,4,7,11.594000000000008,4.3160000000000025,1,10
52,5s,4,8,6.905999999999992,5.201999999999998,0,10
52,5s,4,9,4.671999999999997,0.028000000000005798,0,10
52,5s,4,10,0.6360000000000099,0.11399999999999011,0,10
52,5s,4,11,0.6700000000000159,0.027999999999991587,0,10
52,5s,4,12,1.4819999999999993,0.17600000000001614,0,10
52,5s,4,13,0.907999999999987,0.07400000000001228,0,10
52,5s,4,14,1.2600000000000193,0.018000000000000682,0,10
52,5s,4,15,1.1659999999999968,0.058000000000021146,0,10
52,5s,4,16,9.515999999999991,6.734000000000009,0,10
52,5s,4,17,8.834000000000003,6.171999999999997,0,10
52,5s,4,18,9.841999999999985,5.27200000000002,0,10
52,5s,4,19,11.262,3.705999999999989,1,10
52,5s,4,20,8.538000000000011,5.225999999999999,0,10
52,5s,4,21,11.861999999999995,4.5120000000000005,1,10
52,5s,4,22,9.850000000000023,5.375999999999976,0,10
52,5s,4,23,1.2479999999999905,0.146000000000015,0,10
52,5s,4,24,0.11599999999998545,0.12999999999999545,0,10
52,5s,4,25,11.255999999999972,3.680000000000007,1,10
52,5s,4,26,10.682000000000016,4.552000000000021,1,10
52,5s,4,27,11.613999999999976,5.175999999999988,1,10
52,5s,4,28,1.1299999999999955,0.033999999999991815,0,10
52,5s,4,29,10.887999999999977,3.665999999999997,1,10
52,5s,4,30,11.713999999999999,5.425999999999988,1,10
52,5s,4,31,10.816000000000031,4.335999999999956,1,10
52,5s,4,32,13.762,4.550000000000011,1,10
52,5s,4,33,12.244000000000028,4.6819999999999595,1,10
52,5s,4,34,11.336000000000013,4.7900000000000205,1,10
52,5s,4,35,0.6680000000000064,0.18000000000000682,0,10
52,5s,4,36,0.9539999999999509,0.018000000000029104,0,10
52,5s,4,37,0.9139999999999873,5.196000000000026,0,10
52,5s,4,38,1.3979999999999677,0.15399999999999636,0,10
52,5s,4,39,13.716000000000008,3.255999999999972,1,10
52,5s,4,40,11.608000000000004,4.545999999999992,1,10
52,5s,4,41,13.956000000000017,5.297999999999945,1,10
52,5s,4,42,12.132000000000062,4.851999999999975,1,10
52,5s,4,43,10.590000000000032,5.008000000000038,1,10
52,5s,4,44,10.105999999999995,6.177999999999997,1,10
52,5s,4,45,12.370000000000005,4.596000000000004,1,10
52,5s,4,46,8.64799999999991,5.304000000000087,0,10
52,5s,4,47,0.5240000000000009,0.07599999999990814,0,10
52,5s,4,48,1.419999999999959,0.14400000000000546,0,10
52,5s,4,49,11.634000000000015,3.509999999999991,1,10
52,5s,4,50,11.942000000000007,6.351999999999975,1,10
52,5s,4,51,9.399999999999977,5.208000000000084,0,10
52,5s,4,52,10.785999999999945,6.725999999999999,1,10
52,5s,4,53,10.326000000000022,4.788000000000011,1,10
52,5s,4,54,11.75,6.087999999999965,1,10
52,5s,4,55,12.218000000000075,5.0779999999999745,1,10
52,5s,4,56,12.101999999999975,5.8700000000000045,1,10
52,5s,4,57,11.659999999999968,14.522000000000048,1,10
52,5s,4,58,12.29200000000003,4.283999999999992,1,10
52,5s,4,59,10.42599999999993,5.831999999999994,1,10
52,5s,4,60,1.9400000000000546,0.16599999999993997,0,10
52,5s,4,61,0.8819999999999482,0.06800000000009732,0,10
52,5s,4,62,14.27800000000002,4.454000000000065,1,10
52,5s,4,63,11.747999999999934,5.868000000000052,1,10
52,5s,4,64,10.68999999999994,4.310000000000059,1,10
52,5s,4,65,12.033999999999992,5.470000000000027,1,10
52,5s,4,66,12.741999999999962,6.052000000000021,1,10
52,5s,4,67,14.408000000000015,5.145999999999958,1,10
52,5s,4,68,9.210000000000036,5.23599999999999,0,10
52,5s,4,69,13.419999999999959,4.560000000000059,1,10
52,5s,4,70,11.187999999999988,5.687999999999988,1,10
52,5s,4,71,14.43999999999994,7.846000000000004,1,10
52,5s,4,72,11.6400000000001,8.111999999999966,1,10
52,5s,4,73,9.987999999999943,5.606000000000108,0,10
52,5s,4,74,11.301999999999907,4.826000000000022,1,10
52,5s,4,75,10.182000000000016,6.655999999999949,1,10
52,5s,4,76,12.223999999999933,7.160000000000082,1,10
52,5s,4,77,11.438000000000102,6.8279999999999745,1,10
52,5s,4,78,10.596000000000004,6.179999999999836,1,10
52,5s,4,79,8.442000000000007,0.00200000000018008,0,10
52,5s,4,80,0.4499999999998181,5.0620000000001255,0,10
52,5s,4,81,11.187999999999874,4.55600000000004,1,10
52,5s,4,82,11.153999999999996,5.680000000000064,1,10
52,5s,4,83,10.417999999999893,7.336000000000013,1,10
52,5s,4,84,8.382000000000062,5.22199999999998,0,10
52,5s,4,85,0.18399999999996908,0.07200000000011642,0,10
52,5s,4,86,12.04600000000005,5.822000000000116,1,10
52,5s,4,87,10.95399999999995,5.851999999999862,1,10
52,5s,4,88,7.413999999999987,0.01999999999998181,0,10
52,5s,4,89,2.3640000000000327,5.630000000000109,0,10
52,5s,4,90,0.13400000000001455,0.007999999999810825,0,10
52,5s,4,91,0.6380000000001473,4.854000000000042,0,10
52,5s,4,92,0.15599999999994907,0.10999999999989996,0,10
52,5s,4,93,10.6400000000001,3.953999999999951,1,10
52,5s,4,94,9.044000000000096,5.281999999999925,0,10
52,5s,4,95,0.08999999999991815,5.498000000000047,0,10
52,5s,4,96,9.66800000000012,0.10799999999994725,0,10
52,5s,4,97,0.9240000000002055,0.10599999999999454,0,10
52,5s,4,98,8.529999999999973,5.786000000000058,0,10
52,5s,4,99,9.151999999999816,6.226000000000113,0,10
52,5s,4,100,10.144000000000005,4.026000000000067,1,10
52,5s,4,101,10.533999999999878,4.685999999999922,1,10
52,5s,4,102,10.566000000000031,,1,10
52,5s,5,1,1.9059999999999988,0.045999999999999375,0,10
52,5s,5,2,0.3359999999999985,0.054000000000002046,0,10
52,5s,5,3,10.349999999999994,1.970000000000006,1,10
52,5s,5,4,2.8399999999999963,0.11599999999999966,0,10
52,5s,5,5,1.813999999999993,0.07200000000000273,0,10
52,5s,5,6,12.100000000000009,2.834000000000003,1,10
52,5s,5,7,3.765999999999991,5.254000000000005,0,10
52,5s,5,8,10.572000000000003,3.2860000000000014,1,10
52,5s,5,9,11.841999999999999,4.994,1,10
52,5s,5,10,8.909999999999982,5.328000000000003,0,10
52,5s,5,11,12.828000000000003,3.171999999999997,1,10
52,5s,5,12,11.134000000000015,3.76400000000001,1,10
52,5s,5,13,12.017999999999972,4.03400000000002,1,10
52,5s,5,14,1.358000000000004,0.09799999999998477,0,10
52,5s,5,15,12.298000000000002,3.393999999999977,1,10
52,5s,5,16,12.620000000000005,4.098000000000013,1,10
52,5s,5,17,0.6459999999999866,0.10400000000001342,0,10
52,5s,5,18,11.012,3.548000000000002,1,10
52,5s,5,19,10.441999999999979,4.0400000000000205,1,10
52,5s,5,20,8.21999999999997,6.358000000000004,0,10
52,5s,5,21,11.576000000000022,3.410000000000025,1,10
52,5s,5,22,11.20599999999996,4.586000000000013,1,10
52,5s,5,23,10.97199999999998,4.934000000000026,1,10
52,5s,5,24,10.495999999999981,4.444000000000017,1,10
52,5s,5,25,11.898000000000025,3.579999999999984,1,10
52,5s,5,26,10.355999999999995,4.574000000000012,1,10
52,5s,5,27,12.47399999999999,4.1059999999999945,1,10
52,5s,5,28,12.713999999999999,5.0400000000000205,1,10
52,5s,5,29,0.44399999999996,0.11600000000004229,0,10
52,5s,5,30,12.853999999999985,2.819999999999993,1,10
52,5s,5,31,13.020000000000039,3.363999999999976,1,10
52,5s,5,32,13.930000000000007,5.065999999999974,1,10
52,5s,5,33,11.664000000000044,5.649999999999977,1,10
52,5s,5,34,10.730000000000018,16.680000000000007,1,10
52,5s,5,35,11.745999999999981,3.5839999999999463,1,10
52,5s,5,36,0.79200000000003,0.10599999999999454,0,10
52,5s,5,37,0.6720000000000255,0.11000000000001364,0,10
52,5s,5,38,0.4420000000000073,0.07799999999997453,0,10
52,5s,5,39,10.427999999999997,3.437999999999988,1,10
52,5s,5,40,12.533999999999992,4.255999999999972,1,10
52,5s,5,41,9.960000000000036,5.375999999999976,0,10
52,5s,5,42,11.054000000000087,3.509999999999991,1,10
52,5s,5,43,1.141999999999939,0.11599999999998545,0,10
52,5s,5,44,0.5220000000000482,0.08600000000001273,0,10
52,5s,5,45,0.13400000000001455,5.3419999999999845,0,10
52,5s,5,46,9.42999999999995,5.3279999999999745,0,10
52,5s,5,47,9.331999999999994,5.8700000000000045,0,10
52,5s,5,48,10.54600000000005,4.9500000000000455,1,10
52,5s,5,49,10.43999999999994,4.918000000000006,1,10
52,5s,5,50,8.440000000000055,5.323999999999955,0,10
52,5s,5,51,0.5119999999999436,0.09600000000000364,0,10
52,5s,5,52,8.312000000000012,5.276000000000067,0,10
52,5s,5,53,1.1299999999999955,0.08799999999996544,0,10
52,5s,5,54,13.245999999999981,3.4220000000000255,1,10
52,5s,5,55,13.019999999999982,5.022000000000048,1,10
52,5s,5,56,15.293999999999983,3.933999999999969,1,10
52,5s,5,57,12.79600000000005,5.329999999999927,1,10
52,5s,5,58,10.966000000000008,5.286000000000058,1,10
52,5s,5,59,13.809999999999945,4.230000000000018,1,10
52,5s,5,60,13.331999999999994,5.259999999999991,1,10
52,5s,5,61,12.08400000000006,5.255999999999972,1,10
52,5s,5,62,12.238000000000056,4.935999999999922,1,10
52,5s,5,63,0.4840000000000373,0.09799999999995634,0,10
52,5s,5,64,0.67999999999995,0.09400000000005093,0,10
52,5s,5,65,9.961999999999989,5.88799999999992,0,10
52,5s,5,66,14.048000000000002,4.372000000000071,1,10
52,5s,5,67,12.601999999999975,5.720000000000027,1,10
52,5s,5,68,12.812000000000012,4.831999999999994,1,10
52,5s,5,69,15.0,10.309999999999945,1,10
52,5s,5,70,13.562000000000012,5.9080000000000155,1,10
52,5s,5,71,15.20799999999997,5.500000000000114,1,10
52,5s,5,72,12.839999999999918,3.6879999999998745,1,10
52,5s,5,73,12.398000000000138,6.998000000000047,1,10
52,5s,5,74,1.461999999999989,5.563999999999851,0,10
52,5s,5,75,13.58400000000006,15.405999999999949,1,10
52,5s,5,76,12.736000000000104,4.872000000000071,1,10
52,5s,5,77,11.123999999999796,5.998000000000047,1,10
52,5s,5,78,12.672000000000025,6.912000000000035,1,10
52,5s,5,79,12.670000000000073,7.49799999999982,1,10
52,5s,5,80,13.18600000000015,5.817999999999984,1,10
52,5s,5,81,9.503999999999905,5.33400000000006,0,10
52,5s,5,82,0.40399999999999636,0.12000000000011823,0,10
52,5s,5,83,13.655999999999949,5.190000000000055,1,10
52,5s,5,84,13.617999999999938,5.460000000000036,1,10
52,5s,5,85,13.945999999999913,6.526000000000067,1,10
52,5s,5,86,0.6359999999999673,0.12400000000002365,0,10
52,5s,5,87,0.37800000000015643,0.11599999999998545,0,10
52,5s,5,88,0.4919999999999618,0.12200000000007094,0,10
52,5s,5,89,15.223999999999933,6.917999999999893,1,10
52,5s,5,90,16.614000000000033,7.080000000000155,1,10
52,5s,5,91,10.013999999999896,12.769999999999982,1,10
52,5s,5,92,10.566000000000031,5.3599999999999,1,10
52,5s,5,93,12.0,4.246000000000095,1,10
52,5s,5,94,11.403999999999996,5.246000000000095,1,10
52,5s,5,95,12.017999999999802,6.3400000000001455,1,10
52,5s,5,96,10.690000000000055,5.229999999999791,1,10
52,5s,5,97,11.90800000000013,5.683999999999969,1,10
52,5s,5,98,11.692000000000007,4.483999999999924,1,10
52,5s,5,99,12.440000000000055,4.289999999999964,1,10
52,5s,5,100,13.718000000000075,,1,10
52,5s,6,1,6.690000000000001,0.06199999999999761,0,10
52,5s,6,2,9.644000000000005,5.099999999999994,0,10
52,5s,6,3,0.054000000000002046,5.358000000000004,0,10
52,5s,6,4,11.475999999999992,2.794000000000011,1,10
52,5s,6,5,8.634,5.217999999999989,0,10
52,5s,6,6,2.6380000000000052,0.0040000000000048885,0,10
52,5s,6,7,0.269999999999996,5.024000000000001,0,10
52,5s,6,8,12.262,3.0420000000000016,1,10
52,5s,6,9,9.847999999999999,5.573999999999984,0,10
52,5s,6,10,1.8600000000000136,0.08199999999999363,0,10
52,5s,6,11,0.23799999999999955,0.02200000000001978,0,10
52,5s,6,12,0.646000000000015,0.07799999999997453,0,10
52,5s,6,13,0.9200000000000159,0.0759999999999934,0,10
52,5s,6,14,10.062000000000012,2.719999999999999,1,10
52,5s,6,15,12.543999999999983,3.906000000000006,1,10
52,5s,6,16,9.876000000000005,5.5,0,10
52,5s,6,17,10.668000000000006,3.4739999999999895,1,10
52,5s,6,18,13.033999999999992,3.920000000000016,1,10
52,5s,6,19,8.144000000000005,5.231999999999999,0,10
52,5s,6,20,0.9299999999999784,0.02200000000001978,0,10
52,5s,6,21,0.26599999999999113,5.346000000000004,0,10
52,5s,6,22,12.805999999999983,2.9780000000000086,1,10
52,5s,6,23,12.824000000000012,3.891999999999996,1,10
52,5s,6,24,9.512,5.259999999999991,0,10
52,5s,6,25,10.704000000000008,2.103999999999985,1,10
52,5s,6,26,10.934000000000026,4.7479999999999905,1,10
52,5s,6,27,12.995999999999981,4.434000000000026,1,10
52,5s,6,28,9.303999999999974,5.256000000000029,0,10
52,5s,6,29,11.189999999999998,3.9780000000000086,1,10
52,5s,6,30,0.4420000000000073,5.387999999999977,0,10
52,5s,6,31,9.858000000000004,5.338000000000022,0,10
52,5s,6,32,0.26399999999995316,0.020000000000038654,0,10
52,5s,6,33,10.422000000000025,2.5219999999999914,1,10
52,5s,6,34,12.898000000000025,4.553999999999974,1,10
52,5s,6,35,8.47399999999999,5.240000000000009,0,10
52,5s,6,36,12.100000000000023,2.5879999999999654,1,10
52,5s,6,37,0.382000000000005,0.05200000000002092,0,10
52,5s,6,38,1.4279999999999973,0.11400000000003274,0,10
52,5s,6,39,9.992000000000019,5.413999999999987,0,10
52,5s,6,40,12.314000000000021,4.913999999999987,1,10
52,5s,6,41,0.9080000000000155,0.1239999999999668,0,10
52,5s,6,42,13.234000000000037,4.641999999999939,1,10
52,5s,6,43,9.762000000000057,5.826000000000022,0,10
52,5s,6,44,12.549999999999955,4.296000000000049,1,10
52,5s,6,45,1.141999999999939,0.10199999999997544,0,10
52,5s,6,46,2.9500000000000455,0.07399999999995543,0,10
52,5s,6,47,12.420000000000073,4.445999999999913,1,10
52,5s,6,48,11.402000000000044,4.182000000000016,1,10
52,5s,6,49,13.13799999999992,4.818000000000097,1,10
52,5s,6,50,10.543999999999983,5.774000000000001,1,10
52,5s,6,51,10.336000000000013,4.425999999999931,1,10
52,5s,6,52,10.298000000000002,3.826000000000022,1,10
52,5s,6,53,0.6040000000000418,0.1959999999999127,0,10
52,5s,6,54,12.605999999999995,4.406000000000063,1,10
52,5s,6,55,12.727999999999952,4.7420000000000755,1,10
52,5s,6,56,10.381999999999948,3.6399999999999864,1,10
52,5s,6,57,12.282000000000039,4.47199999999998,1,10
52,5s,6,58,10.854000000000042,4.2859999999999445,1,10
52,5s,6,59,8.563999999999965,5.410000000000082,0,10
52,5s,6,60,11.927999999999997,3.40199999999993,1,10
52,5s,6,61,6.9920000000000755,0.025999999999953616,0,10
52,5s,6,62,1.3719999999999573,5.30600000000004,0,10
52,5s,6,63,11.829999999999927,4.548000000000002,1,10
52,5s,6,64,10.057999999999993,4.836000000000013,1,10
52,5s,6,65,10.701999999999998,6.416000000000054,1,10
52,5s,6,66,8.477999999999952,0.04399999999998272,0,10
52,5s,6,67,0.8679999999999382,0.13200000000006185,0,10
52,5s,6,68,15.02800000000002,5.372000000000071,1,10
52,5s,6,69,12.743999999999915,5.586000000000013,1,10
52,5s,6,70,11.600000000000023,4.461999999999989,1,10
52,5s,6,71,11.484000000000037,4.802000000000021,1,10
52,5s,6,72,12.490000000000009,3.877999999999929,1,10
52,5s,6,73,10.814000000000078,5.409999999999968,1,10
52,5s,6,74,1.1059999999999945,5.322000000000003,0,10
52,5s,6,75,13.035999999999945,4.590000000000032,1,10
52,5s,6,76,9.262000000000057,0.11399999999991905,0,10
52,5s,6,77,12.755999999999858,3.6200000000001182,1,10
52,5s,6,78,8.518000000000029,0.10400000000004184,0,10
52,5s,6,79,11.88799999999992,5.470000000000027,1,10
52,5s,6,80,11.115999999999985,4.851999999999862,1,10
52,5s,6,81,0.13000000000010914,0.016000000000076398,0,10
52,5s,6,82,11.82400000000007,5.326000000000022,1,10
52,5s,6,83,0.7419999999999618,0.15000000000009095,0,10
52,5s,6,84,11.604000000000042,6.004000000000133,1,10
52,5s,6,85,11.56399999999985,14.086000000000013,1,10
52,5s,6,86,11.43600000000015,5.295999999999822,1,10
52,5s,6,87,0.40600000000017644,0.11799999999993815,0,10
52,5s,6,88,12.309999999999945,7.226000000000113,1,10
52,5s,6,89,10.478000000000065,4.379999999999882,1,10
52,5s,6,90,0.37200000000007094,0.13599999999996726,0,10
52,5s,6,91,11.55600000000004,5.189999999999827,1,10
52,5s,6,92,11.094000000000051,6.337999999999965,1,10
52,5s,6,93,9.29600000000005,5.692000000000007,0,10
52,5s,6,94,10.33400000000006,6.490000000000009,1,10
52,5s,6,95,10.990000000000009,4.557999999999993,1,10
52,5s,6,96,10.912000000000035,7.151999999999816,1,10
52,5s,6,97,10.615999999999985,4.846000000000004,1,10
52,5s,6,98,12.066000000000031,6.789999999999964,1,10
52,5s,6,99,0.6820000000000164,0.012000000000170985,0,10
52,5s,6,100,0.599999999999909,0.12599999999997635,0,10
52,5s,6,101,11.81399999999985,,1,10
55,5s,1,1,15.210000000000004,1.6139999999999972,1,10
55,5s,1,2,12.793999999999997,2.260000000000005,1,10
55,5s,1,3,12.533999999999999,3.2319999999999993,1,10
55,5s,1,4,9.072000000000003,5.423999999999992,0,10
55,5s,1,5,13.078000000000003,2.436000000000007,1,10
55,5s,1,6,9.591999999999999,5.579999999999998,0,10
55,5s,1,7,20.445999999999998,2.0320000000000107,1,10
55,5s,1,8,0.9399999999999977,0.03799999999998249,0,10
55,5s,1,9,11.98599999999999,2.372000000000014,1,10
55,5s,1,10,11.23599999999999,1.7220000000000084,1,10
55,5s,1,11,9.711999999999989,5.542000000000002,0,10
55,5s,1,12,13.74199999999999,2.2379999999999995,1,10
55,5s,1,13,11.332000000000022,1.98599999999999,1,10
55,5s,1,14,10.864000000000004,2.0279999999999916,1,10
55,5s,1,15,10.454000000000008,2.015999999999991,1,10
55,5s,1,16,11.52000000000001,1.843999999999994,1,10
55,5s,1,17,10.425999999999988,2.26400000000001,1,10
55,5s,1,18,11.684000000000026,1.9099999999999682,1,10
55,5s,1,19,10.572000000000003,2.423999999999978,1,10
55,5s,1,20,10.944000000000017,1.6639999999999873,1,10
55,5s,1,21,12.444000000000017,1.7300000000000182,1,10
55,5s,1,22,11.701999999999998,2.098000000000013,1,10
55,5s,1,23,13.262,2.725999999999999,1,10
55,5s,1,24,9.967999999999961,5.490000000000009,0,10
55,5s,1,25,11.783999999999992,0.040000000000020464,1,10
55,5s,1,26,0.26799999999997226,5.366000000000042,0,10
55,5s,1,27,11.063999999999965,1.8500000000000227,1,10
55,5s,1,28,10.584000000000003,1.8979999999999677,1,10
55,5s,1,29,8.824000000000012,5.54200000000003,0,10
55,5s,1,30,11.911999999999978,2.2180000000000177,1,10
55,5s,1,31,9.611999999999966,5.698000000000036,0,10
55,5s,1,32,11.925999999999988,2.3319999999999936,1,10
55,5s,1,33,9.122000000000014,5.557999999999993,0,10
55,5s,1,34,10.815999999999974,1.7280000000000086,1,10
55,5s,1,35,10.519999999999982,2.2000000000000455,1,10
55,5s,1,36,11.696000000000026,2.203999999999951,1,10
55,5s,1,37,9.871999999999957,6.046000000000049,0,10
55,5s,1,38,9.967999999999961,5.720000000000027,0,10
55,5s,1,39,11.323999999999955,2.062000000000012,1,10
55,5s,1,40,10.720000000000027,1.740000000000009,1,10
55,5s,1,41,8.686000000000035,0.01999999999998181,0,10
55,5s,1,42,11.100000000000023,1.5540000000000873,1,10
55,5s,1,43,10.573999999999955,1.9379999999999882,1,10
55,5s,1,44,9.581999999999994,5.358000000000061,0,10
55,5s,1,45,9.475999999999999,5.617999999999938,0,10
55,5s,1,46,9.676000000000045,5.480000000000018,0,10
55,5s,1,47,11.097999999999956,2.173999999999978,1,10
55,5s,1,48,9.149999999999977,0.033999999999991815,0,10
55,5s,1,49,9.899999999999977,5.624000000000024,0,10
55,5s,1,50,9.015999999999963,5.557999999999993,0,10
55,5s,1,51,10.170000000000073,1.6680000000000064,1,10
55,5s,1,52,11.635999999999967,3.0119999999999436,1,10
55,5s,1,53,8.930000000000064,5.706000000000017,0,10
55,5s,1,54,9.17599999999993,5.5060000000000855,0,10
55,5s,1,55,11.057999999999993,3.199999999999932,1,10
55,5s,1,56,9.220000000000027,7.087999999999965,0,10
55,5s,1,57,8.942000000000007,5.382000000000062,0,10
55,5s,1,58,10.059999999999945,2.159999999999968,1,10
55,5s,1,59,10.498000000000047,2.6200000000000045,1,10
55,5s,1,60,9.984000000000037,5.649999999999977,0,10
55,5s,1,61,11.987999999999943,1.7520000000000664,1,10
55,5s,1,62,10.803999999999974,0.04399999999998272,1,10
55,5s,1,63,0.10199999999997544,5.512000000000057,0,10
55,5s,1,64,11.333999999999946,2.286000000000058,1,10
55,5s,1,65,9.932000000000016,5.809999999999945,0,10
55,5s,1,66,10.177999999999997,1.6159999999999854,1,10
55,5s,1,67,11.468000000000075,2.0179999999999154,1,10
55,5s,1,68,10.894000000000005,5.9360000000000355,1,10
55,5s,1,69,7.3840000000000146,5.490000000000009,0,10
55,5s,1,70,0.4499999999999318,0.06600000000003092,0,10
55,5s,1,71,10.169999999999959,1.5620000000000118,1,10
55,5s,1,72,8.196000000000026,5.831999999999994,0,10
55,5s,1,73,11.27800000000002,1.4039999999999964,1,10
55,5s,1,74,9.913999999999987,8.19399999999996,0,10
55,5s,1,75,9.807999999999993,5.531999999999925,0,10
55,5s,1,76,10.274000000000115,1.9279999999998836,1,10
55,5s,1,77,10.110000000000127,5.371999999999844,1,10
55,5s,1,78,9.522000000000162,5.480000000000018,0,10
55,5s,1,79,13.603999999999814,3.6800000000000637,1,10
55,5s,1,80,10.385999999999967,2.6520000000000437,1,10
55,5s,1,81,9.524000000000115,7.4659999999998945,0,10
55,5s,1,82,6.723999999999933,5.336000000000013,0,10
55,5s,1,83,0.14800000000013824,0.09999999999990905,0,10
55,5s,1,84,11.771999999999935,1.6159999999999854,1,10
55,5s,1,85,10.632000000000062,2.490000000000009,1,10
55,5s,1,86,10.22199999999998,2.3199999999999363,1,10
55,5s,1,87,9.832000000000107,5.430000000000064,0,10
55,5s,1,88,8.817999999999984,5.796000000000049,0,10
55,5s,1,89,9.763999999999896,5.811999999999898,0,10
55,5s,1,90,7.854000000000042,5.354000000000042,0,10
55,5s,1,91,12.829999999999927,0.10599999999999454,1,10
55,5s,1,92,0.02200000000016189,5.379999999999882,0,10
55,5s,1,93,8.491999999999962,7.33400000000006,0,10
55,5s,1,94,13.635999999999967,2.8859999999999673,1,10
55,5s,1,95,12.460000000000036,2.4400000000000546,1,10
55,5s,1,96,11.251999999999953,2.188000000000102,1,10
55,5s,1,97,10.817999999999984,1.509999999999991,1,10
55,5s,1,98,12.559999999999945,1.94600000000014,1,10
55,5s,1,99,11.217999999999847,4.22199999999998,1,10
55,5s,1,100,10.516000000000076,,1,10
55,5s,2,1,8.473999999999997,5.3160000000000025,0,10
55,5s,2,2,14.085999999999999,1.5840000000000032,1,10
55,5s,2,3,9.299999999999997,5.367999999999995,0,10
55,5s,2,4,0.6840000000000117,0.06799999999999784,0,10
55,5s,2,5,13.037999999999997,1.5559999999999974,1,10
55,5s,2,6,8.908000000000001,5.926000000000002,0,10
55,5s,2,7,12.494,1.980000000000004,1,10
55,5s,2,8,9.50399999999999,5.524000000000001,0,10
55,5s,2,9,10.478000000000009,1.6599999999999966,1,10
55,5s,2,10,12.211999999999989,1.2720000000000198,1,10
55,5s,2,11,5.0919999999999845,5.322000000000003,0,10
55,5s,2,12,16.26400000000001,1.6140000000000043,1,10
55,5s,2,13,8.969999999999999,5.445999999999998,0,10
55,5s,2,14,13.683999999999997,1.4339999999999975,1,10
55,5s,2,15,12.555999999999983,1.6660000000000252,1,10
55,5s,2,16,10.535999999999973,2.578000000000003,1,10
55,5s,2,17,12.451999999999998,1.509999999999991,1,10
55,5s,2,18,9.942000000000007,5.593999999999994,0,10
55,5s,2,19,11.864000000000033,0.04800000000000182,1,10
55,5s,2,20,0.2319999999999709,5.2379999999999995,0,10
55,5s,2,21,11.228000000000009,1.6800000000000068,1,10
55,5s,2,22,12.338000000000022,0.04800000000000182,1,10
55,5s,2,23,0.029999999999972715,2.180000000000007,0,10
55,5s,2,24,10.02600000000001,2.76400000000001,1,10
55,5s,2,25,12.329999999999984,2.108000000000004,1,10
55,5s,2,26,12.918000000000006,1.5979999999999563,1,10
55,5s,2,27,11.532000000000039,1.6920000000000073,1,10
55,5s,2,28,11.98599999999999,0.055999999999983174,1,10
55,5s,2,29,0.04399999999998272,3.646000000000015,0,10
55,5s,2,30,11.093999999999994,1.6680000000000064,1,10
55,5s,2,31,10.55400000000003,4.897999999999968,1,10
55,5s,2,32,9.670000000000016,5.6440000000000055,0,10
55,5s,2,33,13.894000000000005,1.669999999999959,1,10
55,5s,2,34,9.688000000000045,5.533999999999992,0,10
55,5s,2,35,11.103999999999985,0.040000000000020464,1,10
55,5s,2,36,0.3340000000000032,5.463999999999999,0,10
55,5s,2,37,12.365999999999985,2.1359999999999673,1,10
55,5s,2,38,12.384000000000015,3.731999999999971,1,10
55,5s,2,39,12.057999999999993,1.7420000000000755,1,10
55,5s,2,40,12.812000000000012,6.027999999999906,1,10
55,5s,2,41,11.894000000000005,1.5640000000000782,1,10
55,5s,2,42,12.357999999999947,2.6480000000000246,1,10
55,5s,2,43,14.54600000000005,2.867999999999938,1,10
55,5s,2,44,13.610000000000014,0.07600000000002183,1,10
55,5s,2,45,0.03199999999992542,2.490000000000009,0,10
55,5s,2,46,10.437999999999988,5.58400000000006,1,10
55,5s,2,47,8.888000000000034,5.425999999999931,0,10
55,5s,2,48,12.379999999999995,2.810000000000059,1,10
55,5s,2,49,8.995999999999981,5.76400000000001,0,10
55,5s,2,50,13.355999999999995,1.995999999999981,1,10
55,5s,2,51,14.634000000000015,1.8400000000000318,1,10
55,5s,2,52,10.73599999999999,2.1259999999999764,1,10
55,5s,2,53,13.590000000000032,1.5799999999999272,1,10
55,5s,2,54,12.458000000000084,4.807999999999993,1,10
55,5s,2,55,12.295999999999935,2.788000000000011,1,10
55,5s,2,56,11.734000000000037,2.5079999999999245,1,10
55,5s,2,57,11.288000000000011,2.008000000000038,1,10
55,5s,2,58,10.107999999999947,0.14400000000000546,1,10
55,5s,2,59,0.06600000000003092,5.326000000000022,0,10
55,5s,2,60,13.05600000000004,2.203999999999951,1,10
55,5s,2,61,10.211999999999989,2.076000000000022,1,10
55,5s,2,62,10.567999999999984,1.731999999999971,1,10
55,5s,2,63,10.081999999999994,3.788000000000011,1,10
55,5s,2,64,10.742000000000075,2.8239999999999554,1,10
55,5s,2,65,11.864000000000033,1.9839999999999236,1,10
55,5s,2,66,10.666000000000054,2.716000000000008,1,10
55,5s,2,67,11.744000000000028,1.9119999999999209,1,10
55,5s,2,68,12.646000000000072,2.4080000000000155,1,10
55,5s,2,69,10.003999999999905,4.374000000000024,1,10
55,5s,2,70,14.540000000000077,2.0599999999999454,1,10
55,5s,2,71,10.813999999999965,2.9260000000000446,1,10
55,5s,2,72,12.018000000000029,8.483999999999924,1,10
55,5s,2,73,13.634000000000015,2.8179999999999836,1,10
55,5s,2,74,11.990000000000009,2.8840000000000146,1,10
55,5s,2,75,10.357999999999947,10.198000000000093,1,10
55,5s,2,76,11.173999999999978,6.5219999999999345,1,10
55,5s,2,77,12.100000000000136,0.10599999999999454,1,10
55,5s,2,78,0.06600000000003092,5.41599999999994,0,10
55,5s,2,79,8.473999999999933,5.288000000000011,0,10
55,5s,2,80,9.692000000000007,5.44399999999996,0,10
55,5s,2,81,10.644000000000005,2.2100000000000364,1,10
55,5s,2,82,11.05600000000004,3.7280000000000655,1,10
55,5s,2,83,8.298000000000002,5.973999999999933,0,10
55,5s,2,84,11.299999999999955,2.4960000000000946,1,10
55,5s,2,85,10.701999999999998,2.8019999999999072,1,10
55,5s,2,86,10.077999999999975,3.925999999999931,1,10
55,5s,2,87,7.318000000000211,5.513999999999896,0,10
55,5s,2,88,9.86200000000008,5.419999999999845,0,10
55,5s,2,89,8.956000000000131,5.836000000000013,0,10
55,5s,2,90,12.038000000000011,2.6779999999998836,1,10
55,5s,2,91,9.55600000000004,5.413999999999987,0,10
55,5s,2,92,11.534000000000106,1.959999999999809,1,10
55,5s,2,93,10.018000000000029,2.3020000000001346,1,10
55,5s,2,94,8.059999999999945,12.238000000000056,0,10
55,5s,2,95,0.05600000000004002,0.09999999999990905,0,10
55,5s,2,96,0.02800000000002001,0.13400000000001455,0,10
55,5s,2,97,7.779999999999973,5.436000000000149,0,10
55,5s,2,98,10.761999999999944,2.283999999999878,1,10
55,5s,2,99,12.522000000000162,1.7179999999998472,1,10
55,5s,2,100,12.928000000000111,1.849999999999909,1,10
55,5s,2,101,13.65800000000013,1.6059999999999945,1,10
55,5s,2,102,13.389999999999873,2.0879999999999654,1,10
55,5s,2,103,13.360000000000127,,1,10
55,5s,3,1,0.8360000000000021,0.053999999999998494,0,10
55,5s,3,2,9.729999999999997,5.382000000000005,0,10
55,5s,3,3,13.621999999999993,1.4879999999999995,1,10
55,5s,3,4,8.567999999999998,0.020000000000010232,0,10
55,5s,3,5,15.104,1.5300000000000011,1,10
55,5s,3,6,11.971999999999994,2.6159999999999997,1,10
55,5s,3,7,10.816000000000003,2.676000000000002,1,10
55,5s,3,8,8.238000000000014,5.337999999999994,0,10
55,5s,3,9,12.433999999999997,2.141999999999996,1,10
55,5s,3,10,10.50399999999999,1.774000000000001,1,10
55,5s,3,11,12.896000000000015,2.5459999999999923,1,10
55,5s,3,12,10.490000000000009,2.7399999999999807,1,10
55,5s,3,13,9.704000000000008,5.614000000000004,0,10
55,5s,3,14,11.397999999999996,1.5860000000000127,1,10
55,5s,3,15,11.835999999999984,1.5900000000000034,1,10
55,5s,3,16,12.665999999999997,1.7940000000000111,1,10
55,5s,3,17,9.613999999999976,5.366000000000042,0,10
55,5s,3,18,7.899999999999977,5.343999999999994,0,10
55,5s,3,19,10.874000000000024,1.509999999999991,1,10
55,5s,3,20,10.69599999999997,1.5100000000000477,1,10
55,5s,3,21,13.165999999999997,2.2339999999999804,1,10
55,5s,3,22,13.096000000000004,1.6999999999999886,1,10
55,5s,3,23,12.144000000000005,1.5059999999999718,1,10
55,5s,3,24,12.156000000000006,1.896000000000015,1,10
55,5s,3,25,12.788000000000011,1.5120000000000005,1,10
55,5s,3,26,12.02600000000001,1.5159999999999627,1,10
55,5s,3,27,10.316000000000031,2.0919999999999845,1,10
55,5s,3,28,10.274000000000001,2.877999999999986,1,10
55,5s,3,29,11.138000000000034,0.04800000000000182,1,10
55,5s,3,30,0.04399999999998272,2.6100000000000136,0,10
55,5s,3,31,10.180000000000007,2.0179999999999723,1,10
55,5s,3,32,10.812000000000012,1.9300000000000068,1,10
55,5s,3,33,11.622000000000014,0.03799999999995407,1,10
55,5s,3,34,0.02400000000000091,3.451999999999998,0,10
55,5s,3,35,12.504000000000019,2.3500000000000227,1,10
55,5s,3,36,10.245999999999981,2.701999999999998,1,10
55,5s,3,37,10.732000000000028,2.787999999999954,1,10
55,5s,3,38,9.790000000000077,6.701999999999998,0,10
55,5s,3,39,10.519999999999982,1.6499999999999773,1,10
55,5s,3,40,10.351999999999975,1.6019999999999754,1,10
55,5s,3,41,11.032000000000039,2.461999999999989,1,10
55,5s,3,42,11.279999999999973,2.783999999999992,1,10
55,5s,3,43,12.132000000000062,1.8059999999999263,1,10
55,5s,3,44,12.36200000000008,1.9660000000000082,1,10
55,5s,3,45,11.081999999999994,2.0259999999999536,1,10
55,5s,3,46,0.21199999999998909,0.11599999999998545,0,10
55,5s,3,47,0.19600000000002638,5.683999999999969,0,10
55,5s,3,48,10.572000000000003,2.060000000000059,1,10
55,5s,3,49,10.337999999999965,1.94399999999996,1,10
55,5s,3,50,9.994000000000028,5.423999999999978,0,10
55,5s,3,51,8.27800000000002,5.3840000000000146,0,10
55,5s,3,52,6.635999999999967,5.444000000000074,0,10
55,5s,3,53,7.829999999999927,5.4360000000000355,0,10
55,5s,3,54,11.035999999999945,2.064000000000078,1,10
55,5s,3,55,11.727999999999952,2.0819999999999936,1,10
55,5s,3,56,12.355999999999995,2.824000000000069,1,10
55,5s,3,57,12.993999999999915,2.164000000000101,1,10
55,5s,3,58,10.437999999999988,3.1159999999999854,1,10
55,5s,3,59,13.759999999999991,2.4560000000000173,1,10
55,5s,3,60,12.885999999999967,3.6720000000000255,1,10
55,5s,3,61,1.9239999999999782,0.005999999999971806,0,10
55,5s,3,62,1.1800000000000637,4.2439999999999145,0,10
55,5s,3,63,10.129999999999995,1.9080000000000155,1,10
55,5s,3,64,13.230000000000018,2.1539999999999964,1,10
55,5s,3,65,10.659999999999968,3.1700000000000728,1,10
55,5s,3,66,10.94399999999996,2.7340000000000373,1,10
55,5s,3,67,10.475999999999999,2.131999999999948,1,10
55,5s,3,68,0.76400000000001,0.02400000000000091,0,10
55,5s,3,69,9.472000000000094,5.389999999999986,0,10
55,5s,3,70,7.942000000000007,5.692000000000007,0,10
55,5s,3,71,11.063999999999965,2.6340000000000146,1,10
55,5s,3,72,11.16599999999994,1.774000000000001,1,10
55,5s,3,73,12.682000000000016,2.560000000000059,1,10
55,5s,3,74,12.969999999999914,2.7660000000000764,1,10
55,5s,3,75,12.225999999999999,3.8099999999999454,1,10
55,5s,3,76,10.947999999999979,5.872000000000071,1,10
55,5s,3,77,13.711999999999875,2.4680000000000746,1,10
55,5s,3,78,11.642000000000053,2.88799999999992,1,10
55,5s,3,79,11.910000000000082,5.074000000000069,1,10
55,5s,3,80,10.038000000000011,4.935999999999922,1,10
55,5s,3,81,12.30399999999986,4.122000000000071,1,10
55,5s,3,82,9.1400000000001,5.705999999999904,0,10
55,5s,3,83,9.542000000000144,5.669999999999845,0,10
55,5s,3,84,10.663999999999987,5.125999999999976,1,10
55,5s,3,85,8.822000000000116,7.442000000000007,0,10
55,5s,3,86,13.809999999999945,2.8360000000000127,1,10
55,5s,3,87,10.847999999999956,4.519999999999982,1,10
55,5s,3,88,12.662000000000035,3.5499999999999545,1,10
55,5s,3,89,13.933999999999969,3.7480000000000473,1,10
55,5s,3,90,12.577999999999975,4.55600000000004,1,10
55,5s,3,91,9.799999999999955,5.58400000000006,0,10
55,5s,3,92,10.678000000000111,3.459999999999809,1,10
55,5s,3,93,10.548000000000002,7.314000000000078,1,10
55,5s,3,94,2.1820000000000164,6.155999999999949,0,10
55,5s,3,95,11.792000000000144,2.4579999999998563,1,10
55,5s,3,96,12.552000000000135,4.877999999999929,1,10
55,5s,3,97,8.55600000000004,5.758000000000038,0,10
55,5s,3,98,8.83199999999988,5.400000000000091,0,10
55,5s,3,99,0.12199999999984357,0.07200000000011642,0,10
55,5s,3,100,10.230000000000018,2.72199999999998,1,10
55,5s,3,101,13.670000000000073,3.6639999999999873,1,10
55,5s,3,102,10.899999999999864,2.518000000000029,1,10
55,5s,3,103,11.798000000000002,,1,10
55,5s,4,1,11.254000000000001,1.6640000000000015,1,10
55,5s,4,2,17.565999999999995,1.6200000000000045,1,10
55,5s,4,3,10.088000000000001,1.7920000000000016,1,10
55,5s,4,4,12.335999999999999,2.554000000000002,1,10
55,5s,4,5,2.509999999999991,0.04800000000000182,0,10
55,5s,4,6,11.366,1.6580000000000013,1,10
55,5s,4,7,10.193999999999988,1.6940000000000026,1,10
55,5s,4,8,12.190000000000012,1.9639999999999986,1,10
55,5s,4,9,9.799999999999983,5.548000000000002,0,10
55,5s,4,10,10.482,1.695999999999998,1,10
55,5s,4,11,10.884000000000015,2.0120000000000005,1,10
55,5s,4,12,10.921999999999997,1.8060000000000116,1,10
55,5s,4,13,13.075999999999993,1.8179999999999836,1,10
55,5s,4,14,11.804000000000002,3.147999999999996,1,10
55,5s,4,15,11.27800000000002,1.907999999999987,1,10
55,5s,4,16,9.158000000000015,5.347999999999985,0,10
55,5s,4,17,9.75200000000001,5.533999999999992,0,10
55,5s,4,18,13.617999999999995,2.052000000000021,1,10
55,5s,4,19,8.108000000000004,0.02600000000001046,0,10
55,5s,4,20,12.588000000000022,2.005999999999972,1,10
55,5s,4,21,11.080000000000041,1.353999999999985,1,10
55,5s,4,22,12.935999999999979,2.4180000000000064,1,10
55,5s,4,23,13.75,1.725999999999999,1,10
55,5s,4,24,13.851999999999975,1.7280000000000086,1,10
55,5s,4,25,15.004000000000019,1.603999999999985,1,10
55,5s,4,26,0.41800000000000637,0.01999999999998181,0,10
55,5s,4,27,6.7099999999999795,5.668000000000006,0,10
55,5s,4,28,13.891999999999996,1.6119999999999663,1,10
55,5s,4,29,11.876000000000033,2.599999999999966,1,10
55,5s,4,30,12.638000000000034,2.0919999999999845,1,10
55,5s,4,31,13.353999999999985,3.0120000000000005,1,10
55,5s,4,32,11.578000000000031,2.1259999999999764,1,10
55,5s,4,33,13.711999999999989,1.9279999999999973,1,10
55,5s,4,34,13.51600000000002,2.329999999999984,1,10
55,5s,4,35,0.04800000000000182,0.09600000000000364,0,10
55,5s,4,36,11.836000000000013,1.6779999999999973,1,10
55,5s,4,37,13.701999999999998,3.2100000000000364,1,10
55,5s,4,38,14.737999999999943,1.8920000000000528,1,10
55,5s,4,39,13.983999999999924,1.8420000000000982,1,10
55,5s,4,40,12.853999999999928,2.8079999999999927,1,10
55,5s,4,41,12.72199999999998,2.6560000000000628,1,10
55,5s,4,42,11.874000000000024,2.089999999999918,1,10
55,5s,4,43,13.759999999999991,2.04200000000003,1,10
55,5s,4,44,12.581999999999994,2.79200000000003,1,10
55,5s,4,45,11.331999999999994,2.895999999999958,1,10
55,5s,4,46,12.83800000000008,3.921999999999912,1,10
55,5s,4,47,13.57000000000005,2.2659999999999627,1,10
55,5s,4,48,12.831999999999994,1.9720000000000937,1,10
55,5s,4,49,13.607999999999947,3.3920000000000528,1,10
55,5s,4,50,13.509999999999991,3.5119999999999436,1,10
55,5s,4,51,11.882000000000062,5.187999999999988,1,10
55,5s,4,52,8.033999999999992,5.490000000000009,0,10
55,5s,4,53,5.803999999999974,0.07200000000000273,0,10
55,5s,4,54,13.365999999999985,3.240000000000009,1,10
55,5s,4,55,10.347999999999956,3.1420000000000528,1,10
55,5s,4,56,14.557999999999993,2.425999999999931,1,10
55,5s,4,57,13.114000000000033,2.7240000000000464,1,10
55,5s,4,58,0.05999999999994543,0.09199999999998454,0,10
55,5s,4,59,12.88000000000011,2.353999999999928,1,10
55,5s,4,60,10.902000000000044,2.98599999999999,1,10
55,5s,4,61,10.449999999999932,3.4580000000000837,1,10
55,5s,4,62,13.394000000000005,2.788000000000011,1,10
55,5s,4,63,12.69399999999996,4.217999999999961,1,10
55,5s,4,64,12.240000000000009,3.7340000000000373,1,10
55,5s,4,65,12.032000000000039,3.453999999999951,1,10
55,5s,4,66,14.748000000000047,2.72199999999998,1,10
55,5s,4,67,12.385999999999967,2.3279999999999745,1,10
55,5s,4,68,13.418000000000006,4.562000000000012,1,10
55,5s,4,69,13.026000000000067,3.0139999999998963,1,10
55,5s,4,70,11.201999999999998,2.94399999999996,1,10
55,5s,4,71,11.519999999999982,2.548000000000002,1,10
55,5s,4,72,11.940000000000055,4.114000000000033,1,10
55,5s,4,73,13.269999999999982,4.662000000000035,1,10
55,5s,4,74,14.58400000000006,3.9939999999999145,1,10
55,5s,4,75,12.039999999999964,4.546000000000049,1,10
55,5s,4,76,0.6079999999999472,0.032000000000152795,0,10
55,5s,4,77,11.365999999999985,4.456000000000131,1,10
55,5s,4,78,11.629999999999882,3.173999999999978,1,10
55,5s,4,79,11.596000000000004,3.3500000000001364,1,10
55,5s,4,80,13.31399999999985,4.22199999999998,1,10
55,5s,4,81,12.240000000000009,5.382000000000062,1,10
55,5s,4,82,10.836000000000013,5.468000000000075,1,10
55,5s,4,83,13.045999999999822,5.636000000000195,1,10
55,5s,4,84,11.481999999999971,7.563999999999851,1,10
55,5s,4,85,11.006000000000085,7.372000000000071,1,10
55,5s,4,86,14.624000000000024,6.0379999999997835,1,10
55,5s,4,87,13.916000000000167,5.039999999999964,1,10
55,5s,4,88,13.357999999999947,5.509999999999991,1,10
55,5s,4,89,12.490000000000009,6.082000000000107,1,10
55,5s,4,90,13.579999999999927,5.395999999999958,1,10
55,5s,4,91,10.940000000000055,4.7000000000000455,1,10
55,5s,4,92,12.413999999999987,9.293999999999869,1,10
55,5s,4,93,13.394000000000005,7.22400000000016,1,10
55,5s,4,94,12.353999999999814,6.824000000000069,1,10
55,5s,4,95,10.615999999999985,5.854000000000042,1,10
55,5s,4,96,6.346000000000004,5.66599999999994,0,10
55,5s,4,97,12.480000000000018,4.5620000000001255,1,10
55,5s,4,98,10.949999999999818,3.8640000000000327,1,10
55,5s,4,99,10.433999999999969,6.458000000000084,1,10
55,5s,4,100,9.508000000000038,,0,10
55,5s,5,1,9.723999999999997,5.486000000000004,0,10
55,5s,5,2,0.22799999999999443,0.02400000000000091,0,10
55,5s,5,3,13.607999999999997,2.162000000000006,1,10
55,5s,5,4,9.429999999999993,5.3359999999999985,0,10
55,5s,5,5,9.600000000000009,6.725999999999999,0,10
55,5s,5,6,11.718000000000004,1.5319999999999965,1,10
55,5s,5,7,10.611999999999995,2.1580000000000013,1,10
55,5s,5,8,11.00200000000001,2.019999999999982,1,10
55,5s,5,9,9.682000000000016,5.335999999999984,0,10
55,5s,5,10,14.756,1.4680000000000177,1,10
55,5s,5,11,9.033999999999992,5.358000000000004,0,10
55,5s,5,12,13.310000000000002,1.7779999999999916,1,10
55,5s,5,13,12.930000000000007,1.7279999999999802,1,10
55,5s,5,14,12.104000000000013,2.436000000000007,1,10
55,5s,5,15,11.621999999999986,2.0260000000000105,1,10
55,5s,5,16,13.47799999999998,1.740000000000009,1,10
55,5s,5,17,11.920000000000016,3.9320000000000164,1,10
55,5s,5,18,12.243999999999971,2.8520000000000323,1,10
55,5s,5,19,10.895999999999958,2.4700000000000273,1,10
55,5s,5,20,10.5,2.447999999999979,1,10
55,5s,5,21,16.627999999999986,2.8740000000000236,1,10
55,5s,5,22,11.610000000000014,2.490000000000009,1,10
55,5s,5,23,12.91799999999995,1.7560000000000286,1,10
55,5s,5,24,13.327999999999975,1.8420000000000414,1,10
55,5s,5,25,13.907999999999959,2.170000000000016,1,10
55,5s,5,26,12.310000000000002,1.603999999999985,1,10
55,5s,5,27,0.132000000000005,0.04800000000000182,0,10
55,5s,5,28,11.939999999999998,1.7980000000000018,1,10
55,5s,5,29,14.051999999999964,1.5120000000000005,1,10
55,5s,5,30,13.624000000000024,1.933999999999969,1,10
55,5s,5,31,12.0,1.622000000000014,1,10
55,5s,5,32,11.98599999999999,1.774000000000001,1,10
55,5s,5,33,13.402000000000044,2.579999999999984,1,10
55,5s,5,34,12.708000000000027,3.2439999999999145,1,10
55,5s,5,35,11.81000000000006,0.06200000000001182,1,10
55,5s,5,36,0.03199999999992542,1.7940000000000964,0,10
55,5s,5,37,11.837999999999965,1.8799999999999955,1,10
55,5s,5,38,9.258000000000038,5.557999999999993,0,10
55,5s,5,39,11.860000000000014,1.9499999999999318,1,10
55,5s,5,40,8.745999999999981,5.814000000000078,0,10
55,5s,5,41,11.337999999999965,1.77800000000002,1,10
55,5s,5,42,11.375999999999976,2.5299999999999727,1,10
55,5s,5,43,11.488000000000056,1.6619999999999209,1,10
55,5s,5,44,12.052000000000021,2.1499999999999773,1,10
55,5s,5,45,13.336000000000013,2.975999999999999,1,10
55,5s,5,46,11.54200000000003,0.02800000000002001,1,10
55,5s,5,47,0.33399999999994634,5.358000000000061,0,10
55,5s,5,48,11.117999999999938,1.650000000000091,1,10
55,5s,5,49,0.4399999999999409,0.09199999999998454,0,10
55,5s,5,50,8.984000000000037,5.739999999999895,0,10
55,5s,5,51,12.994000000000028,1.7340000000000373,1,10
55,5s,5,52,10.710000000000036,1.90199999999993,1,10
55,5s,5,53,11.690000000000055,6.357999999999947,1,10
55,5s,5,54,10.882000000000062,1.6479999999999109,1,10
55,5s,5,55,10.714000000000055,1.9840000000000373,1,10
55,5s,5,56,12.111999999999966,2.9739999999999327,1,10
55,5s,5,57,10.65400000000011,5.774000000000001,1,10
55,5s,5,58,11.653999999999996,2.033999999999992,1,10
55,5s,5,59,9.889999999999986,5.515999999999963,0,10
55,5s,5,60,12.97199999999998,1.4540000000000646,1,10
55,5s,5,61,11.048000000000002,1.919999999999959,1,10
55,5s,5,62,11.692000000000007,4.371999999999957,1,10
55,5s,5,63,11.472000000000094,1.6819999999999027,1,10
55,5s,5,64,12.782000000000039,1.9099999999999682,1,10
55,5s,5,65,11.84800000000007,3.255999999999972,1,10
55,5s,5,66,11.494000000000028,3.005999999999972,1,10
55,5s,5,67,11.394000000000005,2.20799999999997,1,10
55,5s,5,68,12.197999999999979,2.9700000000000273,1,10
55,5s,5,69,10.975999999999999,3.1520000000000437,1,10
55,5s,5,70,10.473999999999933,2.769999999999982,1,10
55,5s,5,71,11.494000000000028,1.9780000000000655,1,10
55,5s,5,72,0.33799999999996544,0.08399999999994634,0,10
55,5s,5,73,12.011999999999944,0.11200000000008004,1,10
55,5s,5,74,0.014000000000123691,5.461999999999989,0,10
55,5s,5,75,4.817999999999984,5.329999999999927,0,10
55,5s,5,76,13.342000000000098,1.8279999999999745,1,10
55,5s,5,77,11.583999999999833,1.8520000000000891,1,10
55,5s,5,78,11.357999999999947,3.5979999999999563,1,10
55,5s,5,79,13.540000000000191,2.5579999999999927,1,10
55,5s,5,80,11.685999999999922,2.713999999999942,1,10
55,5s,5,81,10.868000000000166,6.3659999999999854,1,10
55,5s,5,82,12.361999999999853,3.0960000000000036,1,10
55,5s,5,83,10.382000000000062,5.086000000000013,1,10
55,5s,5,84,11.086000000000013,2.382000000000062,1,10
55,5s,5,85,11.241999999999962,3.6079999999999472,1,10
55,5s,5,86,10.403999999999996,2.3379999999999654,1,10
55,5s,5,87,12.16800000000012,4.349999999999909,1,10
55,5s,5,88,8.5,6.279999999999973,0,10
55,5s,5,89,6.566000000000031,5.402000000000044,0,10
55,5s,5,90,12.951999999999998,1.9039999999999964,1,10
55,5s,5,91,10.741999999999962,2.5139999999998963,1,10
55,5s,5,92,11.913999999999987,1.8580000000001746,1,10
55,5s,5,93,10.700000000000045,2.5739999999998417,1,10
55,5s,5,94,10.486000000000104,2.563999999999851,1,10
55,5s,5,95,12.036000000000058,3.673999999999978,1,10
55,5s,5,96,12.572000000000116,3.02800000000002,1,10
55,5s,5,97,12.821999999999889,3.2480000000000473,1,10
55,5s,5,98,10.89799999999991,3.6980000000000928,1,10
55,5s,5,99,12.403999999999996,4.2999999999999545,1,10
55,5s,5,100,10.748000000000047,2.4320000000000164,1,10
55,5s,5,101,11.097999999999956,,1,10
55,5s,6,1,8.759999999999998,5.318000000000005,0,10
55,5s,6,2,13.751999999999995,3.520000000000003,1,10
55,5s,6,3,12.982,0.016000000000005343,1,10
55,5s,6,4,0.25,5.36999999999999,0,10
55,5s,6,5,6.787999999999997,7.098000000000013,0,10
55,5s,6,6,9.405999999999992,5.230000000000004,0,10
55,5s,6,7,0.3340000000000032,0.036000000000001364,0,10
55,5s,6,8,8.998000000000005,5.442000000000007,0,10
55,5s,6,9,10.151999999999987,2.2560000000000002,1,10
55,5s,6,10,6.234000000000009,0.09799999999998477,0,10
55,5s,6,11,9.361999999999995,5.518000000000001,0,10
55,5s,6,12,11.777999999999992,3.6680000000000064,1,10
55,5s,6,13,5.201999999999998,0.117999999999995,0,10
55,5s,6,14,0.09999999999999432,0.09000000000000341,0,10
55,5s,6,15,10.961999999999989,2.5900000000000034,1,10
55,5s,6,16,13.104000000000013,3.2639999999999816,1,10
55,5s,6,17,9.740000000000009,5.521999999999991,0,10
55,5s,6,18,8.725999999999999,5.370000000000033,0,10
55,5s,6,19,1.4459999999999695,0.07600000000002183,0,10
55,5s,6,20,12.28000000000003,4.019999999999982,1,10
55,5s,6,21,5.793999999999983,5.406000000000006,0,10
55,5s,6,22,15.403999999999996,4.148000000000025,1,10
55,5s,6,23,4.182000000000016,0.08599999999995589,0,10
55,5s,6,24,13.467999999999961,5.081999999999994,1,10
55,5s,6,25,9.963999999999999,17.26800000000003,0,10
55,5s,6,26,10.843999999999994,2.1259999999999764,1,10
55,5s,6,27,12.27600000000001,3.77800000000002,1,10
55,5s,6,28,16.346000000000004,1.6859999999999786,1,10
55,5s,6,29,12.925999999999988,3.406000000000006,1,10
55,5s,6,30,18.372000000000014,7.151999999999987,1,10
55,5s,6,31,15.478000000000009,5.518000000000029,1,10
55,5s,6,32,13.327999999999975,2.6920000000000073,1,10
55,5s,6,33,15.307999999999993,2.6219999999999573,1,10
55,5s,6,34,12.040000000000077,2.3099999999999454,1,10
55,5s,6,35,12.502000000000066,2.1779999999999973,1,10
55,5s,6,36,11.66599999999994,2.4460000000000264,1,10
55,5s,6,37,12.289999999999964,3.6720000000000255,1,10
55,5s,6,38,10.461999999999989,3.201999999999998,1,10
55,5s,6,39,12.57400000000007,2.325999999999908,1,10
55,5s,6,40,12.557999999999993,3.812000000000012,1,10
55,5s,6,41,11.604000000000042,1.816000000000031,1,10
55,5s,6,42,11.64799999999991,2.814000000000078,1,10
55,5s,6,43,9.183999999999969,5.245999999999981,0,10
55,5s,6,44,0.02800000000002001,0.08000000000004093,0,10
55,5s,6,45,12.666000000000054,1.5760000000000218,1,10
55,5s,6,46,10.631999999999948,1.6920000000000073,1,10
55,5s,6,47,7.831999999999994,5.316000000000031,0,10
55,5s,6,48,8.323999999999955,5.3940000000000055,0,10
55,5s,6,49,15.454000000000065,2.2619999999999436,1,10
55,5s,6,50,11.420000000000073,4.691999999999894,1,10
55,5s,6,51,12.520000000000095,2.2439999999999145,1,10
55,5s,6,52,13.564000000000078,2.451999999999998,1,10
55,5s,6,53,15.182000000000016,4.545999999999935,1,10
55,5s,6,54,12.916000000000054,3.8379999999999654,1,10
55,5s,6,55,14.091999999999985,4.097999999999956,1,10
55,5s,6,56,11.594000000000051,1.9640000000000555,1,10
55,5s,6,57,14.3599999999999,5.180000000000064,1,10
55,5s,6,58,13.69399999999996,2.86200000000008,1,10
55,5s,6,59,14.743999999999915,1.8100000000000591,1,10
55,5s,6,60,10.94399999999996,3.0159999999999627,1,10
55,5s,6,61,14.566000000000031,4.426000000000045,1,10
55,5s,6,62,11.922000000000025,2.7759999999999536,1,10
55,5s,6,63,9.980000000000018,5.891999999999939,0,10
55,5s,6,64,14.150000000000091,2.3379999999999654,1,10
55,5s,6,65,14.817999999999984,2.655999999999949,1,10
55,5s,6,66,10.982000000000085,3.3339999999999463,1,10
55,5s,6,67,9.510000000000105,5.613999999999805,0,10
55,5s,6,68,13.382000000000062,0.11200000000008004,1,10
55,5s,6,69,0.029999999999972715,0.021999999999934516,0,10
55,5s,6,70,11.940000000000055,2.035999999999831,1,10
55,5s,6,71,12.365999999999985,2.872000000000071,1,10
55,5s,6,72,11.316000000000031,3.1959999999999127,1,10
55,5s,6,73,11.956000000000131,3.839999999999918,1,10
55,5s,6,74,12.04600000000005,5.690000000000055,1,10
55,5s,6,75,11.663999999999987,3.6419999999998254,1,10
55,5s,6,76,9.650000000000091,5.5219999999999345,0,10
55,5s,6,77,13.47400000000016,2.685999999999922,1,10
55,5s,6,78,9.557999999999993,5.402000000000044,0,10
55,5s,6,79,11.909999999999854,2.130000000000109,1,10
55,5s,6,80,15.617999999999938,3.9020000000000437,1,10
55,5s,6,81,10.47199999999998,2.25,1,10
55,5s,6,82,11.542000000000144,4.301999999999907,1,10
55,5s,6,83,9.882000000000062,5.374000000000024,0,10
55,5s,6,84,14.817999999999984,9.795999999999822,1,10
55,5s,6,85,14.018000000000029,4.289999999999964,1,10
55,5s,6,86,10.210000000000036,5.9220000000000255,1,10
55,5s,6,87,10.420000000000073,7.980000000000018,1,10
55,5s,6,88,7.869999999999891,0.049999999999954525,0,10
55,5s,6,89,12.040000000000191,5.983999999999924,1,10
55,5s,6,90,9.725999999999885,7.6460000000001855,0,10
55,5s,6,91,10.667999999999893,4.423999999999978,1,10
55,5s,6,92,12.769999999999982,5.0620000000001255,1,10
55,5s,6,93,9.645999999999958,5.361999999999853,0,10
55,5s,6,94,1.7920000000001437,0.08199999999987995,0,10
55,5s,6,95,10.355999999999995,14.815999999999804,1,10
55,5s,6,96,8.542000000000144,5.571999999999889,0,10
55,5s,6,97,10.900000000000091,5.968000000000075,1,10
55,5s,6,98,10.709999999999809,2.1140000000000327,1,10
55,5s,6,99,11.10200000000009,6.263999999999896,1,10
55,5s,6,100,12.91800000000012,,1,10
56,5s,1,1,6.1080000000000005,5.420000000000002,0,10
56,5s,1,2,9.689999999999998,5.481999999999999,0,10
56,5s,1,3,10.337999999999994,2.6940000000000026,1,10
56,5s,1,4,10.15400000000001,3.4139999999999873,1,10
56,5s,1,5,9.244,5.6200000000000045,0,10
56,5s,1,6,9.665999999999997,5.366,0,10
56,5s,1,7,8.632000000000005,5.597999999999999,0,10
56,5s,1,8,10.373999999999995,2.415999999999997,1,10
56,5s,1,9,10.108000000000004,3.0459999999999923,1,10
56,5s,1,10,8.074000000000012,5.912000000000006,0,10
56,5s,1,11,11.988,3.8419999999999845,1,10
56,5s,1,12,7.939999999999998,5.498000000000019,0,10
56,5s,1,13,8.864000000000004,5.391999999999996,0,10
56,5s,1,14,8.232,5.460000000000008,0,10
56,5s,1,15,8.955999999999989,5.5519999999999925,0,10
56,5s,1,16,0.21000000000000796,0.0519999999999925,0,10
56,5s,1,17,9.00800000000001,5.535999999999973,0,10
56,5s,1,18,10.79600000000005,3.277999999999963,1,10
56,5s,1,19,9.374000000000024,5.382000000000005,0,10
56,5s,1,20,12.596000000000004,4.169999999999959,1,10
56,5s,1,21,10.636000000000024,8.762,1,10
56,5s,1,22,11.586000000000013,4.871999999999957,1,10
56,5s,1,23,0.2880000000000109,0.060000000000002274,0,10
56,5s,1,24,10.54000000000002,3.52800000000002,1,10
56,5s,1,25,7.9319999999999595,5.376000000000033,0,10
56,5s,1,26,10.495999999999981,3.7320000000000277,1,10
56,5s,1,27,9.512,5.4979999999999905,0,10
56,5s,1,28,11.981999999999971,4.948000000000036,1,10
56,5s,1,29,12.02600000000001,4.239999999999952,1,10
56,5s,1,30,11.936000000000035,3.687999999999988,1,10
56,5s,1,31,10.608000000000004,3.151999999999987,1,10
56,5s,1,32,12.504000000000019,7.141999999999996,1,10
56,5s,1,33,16.75200000000001,4.415999999999997,1,10
56,5s,1,34,11.812000000000012,6.055999999999926,1,10
56,5s,1,35,11.030000000000086,10.139999999999986,1,10
56,5s,1,36,10.865999999999985,3.8640000000000327,1,10
56,5s,1,37,9.775999999999954,5.4080000000000155,0,10
56,5s,1,38,8.67999999999995,5.711999999999989,0,10
56,5s,1,39,10.174000000000092,5.045999999999935,1,10
56,5s,1,40,11.378000000000043,4.734000000000037,1,10
56,5s,1,41,11.245999999999981,5.087999999999965,1,10
56,5s,1,42,11.384000000000015,8.987999999999943,1,10
56,5s,1,43,11.882000000000062,3.79200000000003,1,10
56,5s,1,44,12.063999999999965,6.353999999999928,1,10
56,5s,1,45,10.842000000000098,4.199999999999932,1,10
56,5s,1,46,10.572000000000003,4.266000000000076,1,10
56,5s,1,47,13.045999999999935,3.51400000000001,1,10
56,5s,1,48,14.333999999999946,4.382000000000062,1,10
56,5s,1,49,14.009999999999991,4.576000000000022,1,10
56,5s,1,50,15.837999999999965,3.3279999999999745,1,10
56,5s,1,51,0.2800000000000864,9.777999999999906,0,10
56,5s,1,52,8.270000000000095,5.38799999999992,0,10
56,5s,1,53,12.11200000000008,4.635999999999967,1,10
56,5s,1,54,14.586000000000013,4.583999999999946,1,10
56,5s,1,55,17.562000000000012,6.142000000000053,1,10
56,5s,1,56,18.87799999999993,4.298000000000002,1,10
56,5s,1,57,13.83400000000006,4.76400000000001,1,10
56,5s,1,58,17.853999999999928,4.6059999999999945,1,10
56,5s,1,59,17.170000000000073,5.189999999999941,1,10
56,5s,1,60,18.057999999999993,5.266000000000076,1,10
56,5s,1,61,12.627999999999929,4.505999999999972,1,10
56,5s,1,62,13.578000000000088,7.153999999999996,1,10
56,5s,1,63,12.723999999999933,5.738000000000056,1,10
56,5s,1,64,14.155999999999949,4.0499999999999545,1,10
56,5s,1,65,13.994000000000142,3.6440000000000055,1,10
56,5s,1,66,16.021999999999935,18.208000000000084,1,10
56,5s,1,67,11.36999999999989,13.066000000000031,1,10
56,5s,1,68,13.561999999999898,3.5160000000000764,1,10
56,5s,1,69,13.228000000000065,6.519999999999982,1,10
56,5s,1,70,13.632000000000062,3.9939999999999145,1,10
56,5s,1,71,9.814000000000078,9.245999999999867,0,10
56,5s,1,72,8.170000000000073,5.559999999999945,0,10
56,5s,1,73,8.789999999999964,5.412000000000035,0,10
56,5s,1,74,7.794000000000096,5.41599999999994,0,10
56,5s,1,75,7.8559999999999945,5.400000000000091,0,10
56,5s,1,76,8.45399999999995,5.707999999999856,0,10
56,5s,1,77,10.888000000000147,2.571999999999889,1,10
56,5s,1,78,10.21400000000017,4.621999999999844,1,10
56,5s,1,79,10.617999999999938,4.106000000000222,1,10
56,5s,1,80,8.871999999999844,5.580000000000155,0,10
56,5s,1,81,10.557999999999993,3.77599999999984,1,10
56,5s,1,82,10.814000000000078,11.470000000000027,1,10
56,5s,1,83,7.127999999999929,5.541999999999916,0,10
56,5s,1,84,11.416000000000167,3.6639999999999873,1,10
56,5s,1,85,11.483999999999924,5.226000000000113,1,10
56,5s,1,86,10.829999999999927,3.8559999999999945,1,10
56,5s,1,87,10.6099999999999,5.0340000000001055,1,10
56,5s,1,88,10.791999999999916,7.16800000000012,1,10
56,5s,1,89,12.503999999999905,4.44399999999996,1,10
56,5s,1,90,12.07400000000007,6.442000000000007,1,10
56,5s,1,91,11.569999999999936,4.442000000000007,1,10
56,5s,1,92,11.240000000000009,18.642000000000053,1,10
56,5s,1,93,9.980000000000018,5.6720000000000255,0,10
56,5s,1,94,10.268000000000029,3.2959999999998217,1,10
56,5s,1,95,12.254000000000133,10.551999999999907,1,10
56,5s,1,96,11.562000000000126,5.55399999999986,1,10
56,5s,1,97,10.77800000000002,4.135999999999967,1,10
56,5s,1,98,12.646000000000186,8.215999999999894,1,10
56,5s,1,99,6.526000000000067,5.4099999999998545,0,10
56,5s,1,100,8.83400000000006,,0,10
56,5s,2,1,8.625999999999998,5.4780000000000015,0,10
56,5s,2,2,12.131999999999998,4.088000000000001,1,10
56,5s,2,3,8.479999999999997,5.424000000000007,0,10
56,5s,2,4,9.256,5.358000000000004,0,10
56,5s,2,5,10.571999999999989,3.0660000000000025,1,10
56,5s,2,6,11.793999999999997,6.63600000000001,1,10
56,5s,2,7,11.019999999999996,3.9259999999999877,1,10
56,5s,2,8,10.060000000000002,6.930000000000007,1,10
56,5s,2,9,9.27000000000001,5.383999999999986,0,10
56,5s,2,10,9.340000000000003,5.367999999999995,0,10
56,5s,2,11,11.430000000000007,2.568000000000012,1,10
56,5s,2,12,7.439999999999998,5.449999999999989,0,10
56,5s,2,13,10.945999999999998,2.8259999999999934,1,10
56,5s,2,14,9.494,5.366000000000014,0,10
56,5s,2,15,12.888000000000005,3.6359999999999957,1,10
56,5s,2,16,11.568000000000012,3.609999999999957,1,10
56,5s,2,17,13.05400000000003,3.7479999999999905,1,10
56,5s,2,18,11.151999999999987,5.6299999999999955,1,10
56,5s,2,19,12.012,5.344000000000051,1,10
56,5s,2,20,12.751999999999953,4.364000000000033,1,10
56,5s,2,21,12.433999999999969,4.622000000000014,1,10
56,5s,2,22,15.23599999999999,3.2520000000000095,1,10
56,5s,2,23,12.310000000000002,3.27800000000002,1,10
56,5s,2,24,13.829999999999984,5.584000000000003,1,10
56,5s,2,25,19.153999999999996,3.7239999999999895,1,10
56,5s,2,26,14.139999999999986,3.1820000000000164,1,10
56,5s,2,27,17.174000000000035,8.253999999999962,1,10
56,5s,2,28,16.187999999999988,4.454000000000008,1,10
56,5s,2,29,16.894000000000005,5.581999999999994,1,10
56,5s,2,30,13.930000000000064,2.4599999999999227,1,10
56,5s,2,31,19.206000000000017,3.5979999999999563,1,10
56,5s,2,32,0.5440000000000964,0.03999999999996362,0,10
56,5s,2,33,14.346000000000004,4.201999999999998,1,10
56,5s,2,34,9.812000000000012,5.331999999999994,0,10
56,5s,2,35,11.603999999999928,7.6440000000000055,1,10
56,5s,2,36,15.289999999999964,3.340000000000032,1,10
56,5s,2,37,12.964000000000055,3.397999999999911,1,10
56,5s,2,38,12.956000000000017,5.0,1,10
56,5s,2,39,15.458000000000084,4.251999999999953,1,10
56,5s,2,40,10.860000000000014,6.433999999999969,1,10
56,5s,2,41,16.33000000000004,9.658000000000015,1,10
56,5s,2,42,13.385999999999967,3.518000000000029,1,10
56,5s,2,43,13.879999999999995,4.079999999999927,1,10
56,5s,2,44,15.716000000000008,3.9600000000000364,1,10
56,5s,2,45,13.690000000000055,3.7659999999999627,1,10
56,5s,2,46,10.98599999999999,4.768000000000029,1,10
56,5s,2,47,13.639999999999986,4.110000000000014,1,10
56,5s,2,48,18.233999999999924,4.360000000000014,1,10
56,5s,2,49,0.9340000000000828,0.10199999999997544,0,10
56,5s,2,50,13.029999999999973,4.72199999999998,1,10
56,5s,2,51,12.162000000000035,3.5679999999999836,1,10
56,5s,2,52,11.238000000000056,7.309999999999945,1,10
56,5s,2,53,13.248000000000047,2.9080000000000155,1,10
56,5s,2,54,1.1359999999999673,0.07200000000000273,0,10
56,5s,2,55,14.5,4.182000000000016,1,10
56,5s,2,56,12.204000000000065,3.687999999999988,1,10
56,5s,2,57,10.477999999999952,4.895999999999958,1,10
56,5s,2,58,11.336000000000013,5.580000000000041,1,10
56,5s,2,59,10.039999999999964,7.352000000000089,1,10
56,5s,2,60,11.08199999999988,4.600000000000136,1,10
56,5s,2,61,15.235999999999876,4.66599999999994,1,10
56,5s,2,62,11.738000000000056,4.008000000000038,1,10
56,5s,2,63,15.337999999999965,3.984000000000151,1,10
56,5s,2,64,15.255999999999858,4.759999999999991,1,10
56,5s,2,65,13.532000000000153,3.783999999999878,1,10
56,5s,2,66,14.05600000000004,58.19399999999996,1,10
56,5s,2,67,7.960000000000036,5.344000000000051,0,10
56,5s,2,68,11.097999999999956,3.5260000000000673,1,10
56,5s,2,69,7.795999999999822,5.324000000000069,0,10
56,5s,2,70,10.384000000000015,3.3420000000000982,1,10
56,5s,2,71,7.433999999999969,5.333999999999833,0,10
56,5s,2,72,9.562000000000126,5.326000000000022,0,10
56,5s,2,73,9.463999999999942,5.357999999999947,0,10
56,5s,2,74,11.597999999999956,2.8640000000000327,1,10
56,5s,2,75,11.624000000000024,2.8220000000001164,1,10
56,5s,2,76,12.52599999999984,4.160000000000082,1,10
56,5s,2,77,10.450000000000045,4.170000000000073,1,10
56,5s,2,78,10.533999999999878,5.842000000000098,1,10
56,5s,2,79,12.629999999999882,5.8559999999999945,1,10
56,5s,2,80,12.682000000000016,5.357999999999947,1,10
56,5s,2,81,11.494000000000142,2.7819999999999254,1,10
56,5s,2,82,11.034000000000106,4.689999999999827,1,10
56,5s,2,83,11.438000000000102,4.80600000000004,1,10
56,5s,2,84,9.743999999999915,5.372000000000071,0,10
56,5s,2,85,11.895999999999958,3.258000000000038,1,10
56,5s,2,86,8.251999999999953,5.77800000000002,0,10
56,5s,2,87,12.607999999999947,10.854000000000042,1,10
56,5s,2,88,6.531999999999925,7.3840000000000146,0,10
56,5s,2,89,0.21800000000007458,0.08600000000001273,0,10
56,5s,2,90,7.86200000000008,5.266000000000076,0,10
56,5s,2,91,10.153999999999996,8.539999999999964,1,10
56,5s,2,92,10.086000000000013,14.336000000000013,1,10
56,5s,2,93,8.981999999999971,5.397999999999911,0,10
56,5s,2,94,10.176000000000158,12.843999999999824,1,10
56,5s,2,95,7.680000000000064,5.63799999999992,0,10
56,5s,2,96,9.928000000000111,5.670000000000073,0,10
56,5s,2,97,11.16599999999994,20.25999999999999,1,10
56,5s,2,98,11.173999999999978,7.814000000000078,1,10
56,5s,2,99,8.571999999999889,5.824000000000069,0,10
56,5s,2,100,11.44399999999996,,1,10
56,5s,3,1,9.248000000000005,5.494,0,10
56,5s,3,2,11.579999999999998,2.6359999999999957,1,10
56,5s,3,3,9.026000000000003,5.341999999999999,0,10
56,5s,3,4,11.286000000000001,3.200000000000003,1,10
56,5s,3,5,11.191999999999993,3.1480000000000103,1,10
56,5s,3,6,12.72399999999999,4.256,1,10
56,5s,3,7,11.329999999999998,5.194000000000017,1,10
56,5s,3,8,11.425999999999988,3.8259999999999934,1,10
56,5s,3,9,11.28400000000002,5.753999999999991,1,10
56,5s,3,10,15.132000000000005,3.893999999999977,1,10
56,5s,3,11,13.28200000000001,3.587999999999994,1,10
56,5s,3,12,11.858000000000004,4.984000000000009,1,10
56,5s,3,13,13.98599999999999,3.926000000000016,1,10
56,5s,3,14,14.542000000000002,4.4339999999999975,1,10
56,5s,3,15,12.274000000000001,4.627999999999986,1,10
56,5s,3,16,11.201999999999998,4.079999999999984,1,10
56,5s,3,17,12.592000000000041,4.259999999999991,1,10
56,5s,3,18,10.053999999999974,3.5120000000000005,1,10
56,5s,3,19,11.855999999999995,5.102000000000032,1,10
56,5s,3,20,10.879999999999995,4.019999999999982,1,10
56,5s,3,21,10.653999999999996,6.122000000000014,1,10
56,5s,3,22,14.072000000000003,3.9920000000000186,1,10
56,5s,3,23,12.801999999999964,3.6140000000000327,1,10
56,5s,3,24,14.257999999999981,5.713999999999999,1,10
56,5s,3,25,13.02600000000001,5.822000000000003,1,10
56,5s,3,26,12.579999999999984,6.566000000000031,1,10
56,5s,3,27,11.817999999999984,3.6399999999999864,1,10
56,5s,3,28,13.376000000000033,4.271999999999991,1,10
56,5s,3,29,13.027999999999963,3.854000000000042,1,10
56,5s,3,30,14.052000000000021,4.475999999999999,1,10
56,5s,3,31,0.5,0.07200000000000273,0,10
56,5s,3,32,14.279999999999973,3.298000000000002,1,10
56,5s,3,33,12.563999999999965,4.110000000000014,1,10
56,5s,3,34,11.168000000000006,4.824000000000069,1,10
56,5s,3,35,12.5,5.631999999999948,1,10
56,5s,3,36,14.298000000000002,3.854000000000042,1,10
56,5s,3,37,11.370000000000005,4.442000000000007,1,10
56,5s,3,38,10.611999999999966,3.5399999999999636,1,10
56,5s,3,39,13.454000000000065,4.447999999999979,1,10
56,5s,3,40,11.987999999999943,4.190000000000055,1,10
56,5s,3,41,11.163999999999987,3.7939999999999827,1,10
56,5s,3,42,13.322000000000003,3.937999999999988,1,10
56,5s,3,43,14.59800000000007,4.4939999999999145,1,10
56,5s,3,44,11.225999999999999,3.8460000000000036,1,10
56,5s,3,45,11.442000000000007,5.814000000000078,1,10
56,5s,3,46,9.933999999999969,5.505999999999972,0,10
56,5s,3,47,10.299999999999955,3.51400000000001,1,10
56,5s,3,48,10.872000000000071,10.288000000000011,1,10
56,5s,3,49,9.860000000000014,5.421999999999912,0,10
56,5s,3,50,9.822000000000003,5.540000000000077,0,10
56,5s,3,51,9.241999999999962,5.3659999999999854,0,10
56,5s,3,52,7.9500000000000455,5.343999999999937,0,10
56,5s,3,53,8.964000000000055,6.597999999999956,0,10
56,5s,3,54,9.05600000000004,5.336000000000013,0,10
56,5s,3,55,9.144000000000005,5.459999999999923,0,10
56,5s,3,56,8.697999999999979,5.472000000000094,0,10
56,5s,3,57,9.729999999999905,5.2700000000000955,0,10
56,5s,3,58,9.442000000000007,5.291999999999916,0,10
56,5s,3,59,8.280000000000086,5.531999999999925,0,10
56,5s,3,60,9.710000000000036,8.168000000000006,0,10
56,5s,3,61,0.36199999999996635,5.779999999999973,0,10
56,5s,3,62,8.52800000000002,5.774000000000001,0,10
56,5s,3,63,2.594000000000051,5.687999999999988,0,10
56,5s,3,64,8.389999999999873,5.428000000000111,0,10
56,5s,3,65,8.759999999999991,5.796000000000049,0,10
56,5s,3,66,9.683999999999969,5.531999999999925,0,10
56,5s,3,67,10.042000000000144,4.942000000000007,1,10
56,5s,3,68,8.821999999999889,5.451999999999998,0,10
56,5s,3,69,9.057999999999993,5.586000000000013,0,10
56,5s,3,70,8.135999999999967,5.346000000000004,0,10
56,5s,3,71,11.814000000000078,5.470000000000027,1,10
56,5s,3,72,8.392000000000053,5.527999999999793,0,10
56,5s,3,73,9.332000000000107,5.375999999999976,0,10
56,5s,3,74,9.347999999999956,5.350000000000136,0,10
56,5s,3,75,10.021999999999935,4.7159999999998945,1,10
56,5s,3,76,10.052000000000135,4.203999999999951,1,10
56,5s,3,77,8.503999999999905,5.47400000000016,0,10
56,5s,3,78,10.258000000000038,6.717999999999847,1,10
56,5s,3,79,9.501999999999953,5.3940000000000055,0,10
56,5s,3,80,10.976000000000113,43.309999999999945,1,10
56,5s,3,81,7.470000000000027,9.36200000000008,0,10
56,5s,3,82,9.783999999999878,5.403999999999996,0,10
56,5s,3,83,10.842000000000098,3.627999999999929,1,10
56,5s,3,84,9.864000000000033,5.375999999999976,0,10
56,5s,3,85,9.47199999999998,5.5499999999999545,0,10
56,5s,3,86,9.544000000000096,5.519999999999982,0,10
56,5s,3,87,10.271999999999935,5.385999999999967,1,10
56,5s,3,88,7.9340000000001965,5.309999999999945,0,10
56,5s,3,89,9.364000000000033,5.607999999999947,0,10
56,5s,3,90,8.317999999999984,5.5340000000001055,0,10
56,5s,3,91,7.601999999999862,5.574000000000069,0,10
56,5s,3,92,0.05999999999994543,0.029999999999972715,0,10
56,5s,3,93,8.019999999999982,5.538000000000011,0,10
56,5s,3,94,8.346000000000004,5.4099999999998545,0,10
56,5s,3,95,10.461999999999989,6.1059999999999945,1,10
56,5s,3,96,8.8900000000001,6.029999999999973,0,10
56,5s,3,97,9.319999999999936,5.710000000000036,0,10
56,5s,3,98,8.001999999999953,5.518000000000029,0,10
56,5s,3,99,9.33400000000006,5.3659999999999854,0,10
56,5s,3,100,11.569999999999936,,1,10
56,5s,4,1,10.766000000000002,3.5859999999999985,1,10
56,5s,4,2,9.792000000000002,5.459999999999994,0,10
56,5s,4,3,8.68200000000001,5.3219999999999885,0,10
56,5s,4,4,0.597999999999999,0.15800000000000125,0,10
56,5s,4,5,12.340000000000003,3.4420000000000073,1,10
56,5s,4,6,10.337999999999994,3.334000000000003,1,10
56,5s,4,7,10.584000000000003,3.339999999999989,1,10
56,5s,4,8,11.40000000000002,3.2479999999999905,1,10
56,5s,4,9,13.567999999999984,4.936000000000007,1,10
56,5s,4,10,12.848000000000013,4.861999999999995,1,10
56,5s,4,11,11.918000000000006,3.4839999999999804,1,10
56,5s,4,12,11.234000000000009,5.819999999999993,1,10
56,5s,4,13,10.400000000000006,3.7539999999999907,1,10
56,5s,4,14,14.244,3.544000000000011,1,10
56,5s,4,15,0.9960000000000093,0.04800000000000182,0,10
56,5s,4,16,15.031999999999982,5.189999999999998,1,10
56,5s,4,17,0.8199999999999932,0.05200000000002092,0,10
56,5s,4,18,11.863999999999976,3.132000000000005,1,10
56,5s,4,19,12.480000000000018,3.755999999999972,1,10
56,5s,4,20,12.783999999999992,4.108000000000004,1,10
56,5s,4,21,11.665999999999997,3.665999999999997,1,10
56,5s,4,22,14.572000000000003,4.578000000000031,1,10
56,5s,4,23,14.825999999999965,5.732000000000028,1,10
56,5s,4,24,15.882000000000005,6.033999999999992,1,10
56,5s,4,25,17.918000000000006,3.617999999999995,1,10
56,5s,4,26,9.781999999999982,5.598000000000013,0,10
56,5s,4,27,12.663999999999987,3.6100000000000136,1,10
56,5s,4,28,15.617999999999995,3.4080000000000155,1,10
56,5s,4,29,18.560000000000002,4.645999999999958,1,10
56,5s,4,30,16.02800000000002,3.6359999999999673,1,10
56,5s,4,31,16.81600000000003,3.844000000000051,1,10
56,5s,4,32,15.611999999999966,4.240000000000009,1,10
56,5s,4,33,16.798000000000002,3.8640000000000327,1,10
56,5s,4,34,16.727999999999952,9.019999999999982,1,10
56,5s,4,35,22.12200000000007,2.867999999999938,1,10
56,5s,4,36,12.466000000000008,4.23599999999999,1,10
56,5s,4,37,15.706000000000017,3.1760000000000446,1,10
56,5s,4,38,15.447999999999979,4.94399999999996,1,10
56,5s,4,39,15.227999999999952,3.852000000000089,1,10
56,5s,4,40,13.677999999999997,6.48599999999999,1,10
56,5s,4,41,18.44399999999996,3.1000000000000227,1,10
56,5s,4,42,13.467999999999961,4.682000000000016,1,10
56,5s,4,43,16.337999999999965,4.192000000000007,1,10
56,5s,4,44,13.60200000000009,5.966000000000008,1,10
56,5s,4,45,13.87399999999991,3.3419999999999845,1,10
56,5s,4,46,11.184000000000083,4.385999999999967,1,10
56,5s,4,47,13.975999999999999,4.755999999999972,1,10
56,5s,4,48,15.330000000000041,3.782000000000039,1,10
56,5s,4,49,13.309999999999945,4.1580000000000155,1,10
56,5s,4,50,13.902000000000044,4.489999999999895,1,10
56,5s,4,51,14.100000000000023,4.677999999999997,1,10
56,5s,4,52,17.124000000000024,4.501999999999953,1,10
56,5s,4,53,15.440000000000055,6.850000000000023,1,10
56,5s,4,54,12.874000000000024,4.397999999999911,1,10
56,5s,4,55,16.100000000000023,4.663999999999987,1,10
56,5s,4,56,9.124000000000024,5.4640000000000555,0,10
56,5s,4,57,11.603999999999928,5.456000000000131,1,10
56,5s,4,58,12.16599999999994,4.513999999999896,1,10
56,5s,4,59,11.307999999999993,4.4220000000000255,1,10
56,5s,4,60,12.026000000000067,6.970000000000027,1,10
56,5s,4,61,7.2000000000000455,5.6440000000000055,0,10
56,5s,4,62,9.117999999999938,14.283999999999878,0,10
56,5s,4,63,10.05600000000004,5.4220000000000255,1,10
56,5s,4,64,9.445999999999913,5.44600000000014,0,10
56,5s,4,65,12.58199999999988,8.014000000000124,1,10
56,5s,4,66,9.099999999999909,5.342000000000098,0,10
56,5s,4,67,11.461999999999989,4.319999999999936,1,10
56,5s,4,68,12.041999999999916,5.0620000000001255,1,10
56,5s,4,69,8.759999999999991,5.354000000000042,0,10
56,5s,4,70,9.84199999999987,5.596000000000004,0,10
56,5s,4,71,10.440000000000055,4.16599999999994,1,10
56,5s,4,72,9.844000000000051,5.354000000000042,0,10
56,5s,4,73,10.518000000000029,4.385999999999967,1,10
56,5s,4,74,11.667999999999893,5.014000000000124,1,10
56,5s,4,75,10.321999999999889,4.958000000000084,1,10
56,5s,4,76,9.917999999999893,5.336000000000013,0,10
56,5s,4,77,10.048000000000002,6.80600000000004,1,10
56,5s,4,78,10.759999999999991,4.786000000000058,1,10
56,5s,4,79,10.435999999999922,10.428000000000111,1,10
56,5s,4,80,4.740000000000009,5.619999999999891,0,10
56,5s,4,81,9.050000000000182,5.346000000000004,0,10
56,5s,4,82,7.933999999999969,5.349999999999909,0,10
56,5s,4,83,9.635999999999967,5.632000000000062,0,10
56,5s,4,84,11.039999999999964,7.731999999999971,1,10
56,5s,4,85,6.360000000000127,5.740000000000009,0,10
56,5s,4,86,10.730000000000018,5.009999999999991,1,10
56,5s,4,87,7.427999999999884,5.3559999999999945,0,10
56,5s,4,88,7.47199999999998,5.857999999999947,0,10
56,5s,4,89,8.534000000000106,5.7439999999999145,0,10
56,5s,4,90,10.008000000000038,6.638000000000147,1,10
56,5s,4,91,9.521999999999935,5.697999999999865,0,10
56,5s,4,92,8.304000000000087,5.698000000000093,0,10
56,5s,4,93,8.06399999999985,5.7280000000000655,0,10
56,5s,4,94,8.892000000000053,5.361999999999853,0,10
56,5s,4,95,8.04600000000005,5.453999999999951,0,10
56,5s,4,96,7.817999999999984,5.332000000000107,0,10
56,5s,4,97,6.678000000000111,5.533999999999878,0,10
56,5s,4,98,9.336000000000013,5.869999999999891,0,10
56,5s,4,99,7.230000000000018,5.358000000000175,0,10
56,5s,4,100,12.759999999999991,,1,10
56,5s,5,1,0.24200000000000088,0.04199999999999804,0,10
56,5s,5,2,7.565999999999995,6.090000000000003,0,10
56,5s,5,3,10.973999999999997,2.4740000000000038,1,10
56,5s,5,4,10.339999999999996,2.3440000000000083,1,10
56,5s,5,5,8.835999999999999,5.391999999999996,0,10
56,5s,5,6,9.054000000000002,5.353999999999999,0,10
56,5s,5,7,11.018,2.0960000000000036,1,10
56,5s,5,8,11.963999999999984,2.886000000000024,1,10
56,5s,5,9,13.555999999999983,4.217999999999989,1,10
56,5s,5,10,13.01600000000002,4.096000000000004,1,10
56,5s,5,11,15.97999999999999,5.135999999999996,1,10
56,5s,5,12,13.933999999999997,3.5500000000000114,1,10
56,5s,5,13,18.048000000000002,3.8760000000000048,1,10
56,5s,5,14,15.949999999999989,5.372000000000014,1,10
56,5s,5,15,16.161999999999978,3.1340000000000146,1,10
56,5s,5,16,13.771999999999991,9.305999999999983,1,10
56,5s,5,17,15.874000000000024,3.2900000000000205,1,10
56,5s,5,18,19.505999999999972,3.362000000000023,1,10
56,5s,5,19,17.339999999999975,3.8980000000000246,1,10
56,5s,5,20,17.377999999999986,4.834000000000003,1,10
56,5s,5,21,18.01400000000001,4.711999999999989,1,10
56,5s,5,22,13.822000000000003,3.877999999999986,1,10
56,5s,5,23,16.75799999999998,3.546000000000049,1,10
56,5s,5,24,16.577999999999975,4.103999999999985,1,10
56,5s,5,25,16.98599999999999,5.288000000000011,1,10
56,5s,5,26,17.01600000000002,4.397999999999968,1,10
56,5s,5,27,17.954000000000065,4.177999999999997,1,10
56,5s,5,28,16.966000000000008,3.0679999999999836,1,10
56,5s,5,29,17.449999999999932,9.259999999999991,1,10
56,5s,5,30,17.746000000000095,3.8179999999999836,1,10
56,5s,5,31,17.096000000000004,3.802000000000021,1,10
56,5s,5,32,16.051999999999907,3.9540000000000646,1,10
56,5s,5,33,16.95399999999995,4.618000000000052,1,10
56,5s,5,34,12.70399999999995,4.426000000000045,1,10
56,5s,5,35,15.25,4.024000000000001,1,10
56,5s,5,36,11.312000000000012,3.727999999999952,1,10
56,5s,5,37,12.254000000000019,5.888000000000034,1,10
56,5s,5,38,11.823999999999955,5.183999999999969,1,10
56,5s,5,39,13.090000000000032,4.005999999999972,1,10
56,5s,5,40,0.13999999999998636,0.12600000000009004,0,10
56,5s,5,41,14.748000000000047,4.733999999999924,1,10
56,5s,5,42,11.557999999999993,4.766000000000076,1,10
56,5s,5,43,14.163999999999987,4.7859999999999445,1,10
56,5s,5,44,10.232000000000085,4.953999999999951,1,10
56,5s,5,45,7.8419999999999845,5.317999999999984,0,10
56,5s,5,46,12.888000000000034,3.83400000000006,1,10
56,5s,5,47,10.585999999999899,4.653999999999996,1,10
56,5s,5,48,9.804000000000087,5.423999999999978,0,10
56,5s,5,49,10.645999999999958,4.604000000000042,1,10
56,5s,5,50,12.72199999999998,4.5639999999999645,1,10
56,5s,5,51,10.730000000000018,4.1580000000000155,1,10
56,5s,5,52,11.406000000000063,4.233999999999924,1,10
56,5s,5,53,9.98599999999999,5.286000000000058,0,10
56,5s,5,54,12.20799999999997,3.70799999999997,1,10
56,5s,5,55,9.591999999999985,5.628000000000043,0,10
56,5s,5,56,12.358000000000061,4.995999999999981,1,10
56,5s,5,57,9.190000000000055,5.423999999999978,0,10
56,5s,5,58,9.713999999999942,5.3559999999999945,0,10
56,5s,5,59,11.240000000000009,6.491999999999962,1,10
56,5s,5,60,11.124000000000024,8.006000000000085,1,10
56,5s,5,61,9.805999999999813,5.344000000000051,0,10
56,5s,5,62,9.220000000000027,5.544000000000096,0,10
56,5s,5,63,10.159999999999854,5.3940000000000055,1,10
56,5s,5,64,10.560000000000173,5.41599999999994,1,10
56,5s,5,65,8.432000000000016,5.457999999999856,0,10
56,5s,5,66,8.456000000000131,5.347999999999956,0,10
56,5s,5,67,8.087999999999965,5.498000000000047,0,10
56,5s,5,68,7.430000000000064,5.4099999999998545,0,10
56,5s,5,69,9.884000000000015,5.246000000000095,0,10
56,5s,5,70,8.461999999999989,5.326000000000022,0,10
56,5s,5,71,9.238000000000056,5.267999999999802,0,10
56,5s,5,72,10.660000000000082,3.7200000000000273,1,10
56,5s,5,73,12.094000000000051,5.005999999999858,1,10
56,5s,5,74,7.837999999999965,5.758000000000038,0,10
56,5s,5,75,9.395999999999958,12.922000000000025,0,10
56,5s,5,76,0.04800000000000182,0.10200000000008913,0,10
56,5s,5,77,6.33199999999988,5.346000000000004,0,10
56,5s,5,78,8.77800000000002,5.3680000000001655,0,10
56,5s,5,79,8.56399999999985,5.600000000000136,0,10
56,5s,5,80,10.36999999999989,5.44399999999996,1,10
56,5s,5,81,8.905999999999949,5.451999999999998,0,10
56,5s,5,82,9.348000000000184,5.3599999999999,0,10
56,5s,5,83,10.339999999999918,4.574000000000069,1,10
56,5s,5,84,10.254000000000133,5.083999999999833,1,10
56,5s,5,85,10.282000000000153,5.463999999999942,1,10
56,5s,5,86,9.604000000000042,5.483999999999924,0,10
56,5s,5,87,9.814000000000078,5.30600000000004,0,10
56,5s,5,88,8.379999999999882,6.1159999999999854,0,10
56,5s,5,89,6.880000000000109,5.467999999999847,0,10
56,5s,5,90,8.716000000000122,5.451999999999998,0,10
56,5s,5,91,7.319999999999936,5.498000000000047,0,10
56,5s,5,92,7.920000000000073,5.649999999999864,0,10
56,5s,5,93,7.372000000000071,5.927999999999884,0,10
56,5s,5,94,10.13000000000011,5.508000000000038,1,10
56,5s,5,95,9.283999999999878,5.486000000000104,0,10
56,5s,5,96,0.10599999999999454,0.14599999999995816,0,10
56,5s,5,97,8.42599999999993,5.236000000000104,0,10
56,5s,5,98,7.889999999999873,5.494000000000142,0,10
56,5s,5,99,7.8940000000000055,5.459999999999809,0,10
56,5s,5,100,7.740000000000009,,0,10
56,5s,6,1,0.28999999999999915,0.018000000000000682,0,10
56,5s,6,2,8.646,5.439999999999998,0,10
56,5s,6,3,12.076,2.503999999999998,1,10
56,5s,6,4,9.722000000000008,5.327999999999989,0,10
56,5s,6,5,10.462000000000003,3.0700000000000074,1,10
56,5s,6,6,10.007999999999996,3.1700000000000017,1,10
56,5s,6,7,11.751999999999995,3.5720000000000027,1,10
56,5s,6,8,12.509999999999991,3.3559999999999945,1,10
56,5s,6,9,12.810000000000002,3.980000000000018,1,10
56,5s,6,10,13.71799999999999,2.6140000000000043,1,10
56,5s,6,11,12.921999999999997,3.5500000000000114,1,10
56,5s,6,12,14.347999999999985,4.147999999999996,1,10
56,5s,6,13,12.676000000000016,5.569999999999993,1,10
56,5s,6,14,11.840000000000003,3.524000000000001,1,10
56,5s,6,15,11.810000000000002,2.5439999999999827,1,10
56,5s,6,16,13.692000000000036,4.6159999999999854,1,10
56,5s,6,17,14.461999999999989,4.033999999999992,1,10
56,5s,6,18,13.307999999999993,3.052000000000021,1,10
56,5s,6,19,12.231999999999971,4.106000000000051,1,10
56,5s,6,20,12.563999999999965,3.2139999999999986,1,10
56,5s,6,21,12.732000000000028,4.019999999999982,1,10
56,5s,6,22,13.245999999999981,2.948000000000036,1,10
56,5s,6,23,14.548000000000002,3.2059999999999604,1,10
56,5s,6,24,11.80400000000003,3.687999999999988,1,10
56,5s,6,25,13.545999999999992,3.9780000000000086,1,10
56,5s,6,26,16.01800000000003,5.44199999999995,1,10
56,5s,6,27,14.454000000000008,8.078000000000031,1,10
56,5s,6,28,13.911999999999978,3.0780000000000314,1,10
56,5s,6,29,13.339999999999975,6.180000000000007,1,10
56,5s,6,30,11.045999999999992,10.868000000000052,1,10
56,5s,6,31,13.185999999999922,5.153999999999996,1,10
56,5s,6,32,13.875999999999976,3.824000000000069,1,10
56,5s,6,33,13.048000000000002,3.269999999999982,1,10
56,5s,6,34,9.80600000000004,5.435999999999922,0,10
56,5s,6,35,8.08400000000006,5.399999999999977,0,10
56,5s,6,36,7.690000000000055,5.437999999999988,0,10
56,5s,6,37,8.360000000000014,5.463999999999942,0,10
56,5s,6,38,9.470000000000027,5.357999999999947,0,10
56,5s,6,39,8.652000000000044,5.437999999999988,0,10
56,5s,6,40,9.817999999999984,8.279999999999973,0,10
56,5s,6,41,0.25,0.08400000000006003,0,10
56,5s,6,42,12.1099999999999,3.4460000000000264,1,10
56,5s,6,43,10.276000000000067,4.871999999999957,1,10
56,5s,6,44,8.032000000000039,5.423999999999978,0,10
56,5s,6,45,10.275999999999954,4.296000000000049,1,10
56,5s,6,46,9.525999999999954,5.368000000000052,0,10
56,5s,6,47,10.861999999999966,4.272000000000048,1,10
56,5s,6,48,7.15199999999993,5.29200000000003,0,10
56,5s,6,49,10.649999999999977,4.522000000000048,1,10
56,5s,6,50,9.289999999999964,5.669999999999959,0,10
56,5s,6,51,10.772000000000048,5.710000000000036,1,10
56,5s,6,52,8.649999999999977,5.2859999999999445,0,10
56,5s,6,53,10.158000000000015,42.200000000000045,1,10
56,5s,6,54,6.45799999999997,5.3419999999999845,0,10
56,5s,6,55,6.533999999999992,5.420000000000073,0,10
56,5s,6,56,5.511999999999944,5.282000000000039,0,10
56,5s,6,57,7.307999999999993,5.346000000000004,0,10
56,5s,6,58,7.607999999999947,5.526000000000067,0,10
56,5s,6,59,11.049999999999955,3.8840000000000146,1,10
56,5s,6,60,8.543999999999983,5.508000000000038,0,10
56,5s,6,61,0.4800000000000182,0.07200000000000273,0,10
56,5s,6,62,8.814000000000078,5.374000000000024,0,10
56,5s,6,63,8.157999999999902,5.4360000000000355,0,10
56,5s,6,64,8.432000000000016,5.3940000000000055,0,10
56,5s,6,65,9.11999999999989,5.307999999999993,0,10
56,5s,6,66,9.355999999999995,6.61200000000008,0,10
56,5s,6,67,8.122000000000071,5.2999999999999545,0,10
56,5s,6,68,1.1600000000000819,5.4099999999998545,0,10
56,5s,6,69,9.711999999999989,5.310000000000173,0,10
56,5s,6,70,10.613999999999805,4.286000000000058,1,10
56,5s,6,71,9.562000000000126,5.333999999999833,0,10
56,5s,6,72,8.804000000000087,5.4939999999999145,0,10
56,5s,6,73,9.550000000000182,5.313999999999851,0,10
56,5s,6,74,10.211999999999989,6.25,1,10
56,5s,6,75,8.608000000000175,5.545999999999822,0,10
56,5s,6,76,9.779999999999973,5.348000000000184,0,10
56,5s,6,77,8.731999999999971,5.30399999999986,0,10
56,5s,6,78,7.796000000000049,9.316000000000031,0,10
56,5s,6,79,10.048000000000002,9.829999999999927,1,10
56,5s,6,80,9.514000000000124,5.339999999999918,0,10
56,5s,6,81,9.372000000000071,5.251999999999953,0,10
56,5s,6,82,9.314000000000078,5.245999999999867,0,10
56,5s,6,83,9.200000000000045,5.473999999999933,0,10
56,5s,6,84,9.636000000000195,5.261999999999944,0,10
56,5s,6,85,9.881999999999834,5.466000000000122,0,10
56,5s,6,86,7.945999999999913,8.444000000000187,0,10
56,5s,6,87,7.155999999999949,65.47399999999993,0,10
56,5s,6,88,7.003999999999905,5.258000000000038,0,10
56,5s,6,89,6.766000000000076,29.781999999999925,0,10
56,5s,6,90,8.314000000000078,5.511999999999944,0,10
56,5s,6,91,8.284000000000106,14.927999999999884,0,10
56,5s,6,92,4.758000000000038,8.8599999999999,0,10
56,5s,6,93,6.636000000000195,5.3840000000000146,0,10
56,5s,6,94,8.423999999999978,10.25,0,10
56,5s,6,95,5.317999999999984,8.663999999999987,0,10
56,5s,6,96,7.125999999999976,9.317999999999984,0,10
56,5s,6,97,7.4939999999999145,5.518000000000029,0,10
56,5s,6,98,7.928000000000111,11.135999999999967,0,10
56,5s,6,99,5.057999999999993,8.867999999999938,0,10
56,5s,6,100,8.590000000000146,,0,10
58,5s,1,1,9.366,0.03999999999999915,0,10
58,5s,1,2,8.844000000000001,0.045999999999999375,0,10
58,5s,1,3,10.259999999999991,2.788000000000011,1,10
58,5s,1,4,11.35799999999999,4.878,1,10
58,5s,1,5,7.5800000000000125,5.205999999999989,0,10
58,5s,1,6,11.567999999999998,3.8240000000000123,1,10
58,5s,1,7,10.604,0.04999999999998295,1,10
58,5s,1,8,0.2980000000000018,5.312000000000012,0,10
58,5s,1,9,10.062000000000012,3.8959999999999866,1,10
58,5s,1,10,8.337999999999994,5.358000000000004,0,10
58,5s,1,11,10.957999999999998,4.475999999999999,1,10
58,5s,1,12,11.036000000000001,3.415999999999997,1,10
58,5s,1,13,11.566000000000003,4.171999999999997,1,10
58,5s,1,14,10.950000000000017,5.123999999999995,1,10
58,5s,1,15,12.305999999999983,3.632000000000005,1,10
58,5s,1,16,0.17000000000001592,0.13599999999999568,0,10
58,5s,1,17,9.365999999999985,5.280000000000001,0,10
58,5s,1,18,7.210000000000036,5.599999999999966,0,10
58,5s,1,19,10.97399999999999,2.6240000000000236,1,10
58,5s,1,20,11.115999999999985,3.244000000000028,1,10
58,5s,1,21,7.245999999999981,5.8840000000000146,0,10
58,5s,1,22,0.30000000000001137,0.06599999999997408,0,10
58,5s,1,23,11.239999999999952,0.05200000000002092,1,10
58,5s,1,24,0.20199999999999818,5.2099999999999795,0,10
58,5s,1,25,6.632000000000005,5.2379999999999995,0,10
58,5s,1,26,14.924000000000035,2.7280000000000086,1,10
58,5s,1,27,11.44199999999995,4.254000000000019,1,10
58,5s,1,28,10.836000000000013,2.608000000000004,1,10
58,5s,1,29,15.675999999999988,4.300000000000011,1,10
58,5s,1,30,0.06200000000001182,5.265999999999963,0,10
58,5s,1,31,7.8040000000000305,5.411999999999978,0,10
58,5s,1,32,14.745999999999981,3.701999999999998,1,10
58,5s,1,33,11.562000000000012,3.5400000000000205,1,10
58,5s,1,34,0.04800000000000182,0.055999999999983174,0,10
58,5s,1,35,11.170000000000016,3.609999999999957,1,10
58,5s,1,36,10.602000000000032,0.05200000000002092,1,10
58,5s,1,37,0.2559999999999718,5.204000000000008,0,10
58,5s,1,38,8.968000000000018,5.833999999999946,0,10
58,5s,1,39,12.639999999999986,4.032000000000039,1,10
58,5s,1,40,12.768000000000029,3.495999999999981,1,10
58,5s,1,41,11.20399999999995,0.038000000000010914,1,10
58,5s,1,42,0.39400000000000546,5.269999999999982,0,10
58,5s,1,43,0.13600000000008095,0.09600000000000364,0,10
58,5s,1,44,10.283999999999992,3.0579999999999927,1,10
58,5s,1,45,13.788000000000011,4.0,1,10
58,5s,1,46,13.018000000000029,0.31399999999996453,1,10
58,5s,1,47,0.19399999999995998,5.210000000000036,0,10
58,5s,1,48,11.81000000000006,4.671999999999912,1,10
58,5s,1,49,11.732000000000085,4.093999999999937,1,10
58,5s,1,50,0.2860000000000582,5.22199999999998,0,10
58,5s,1,51,8.710000000000036,5.453999999999951,0,10
58,5s,1,52,9.018000000000029,0.03999999999996362,0,10
58,5s,1,53,9.949999999999932,5.240000000000009,0,10
58,5s,1,54,13.937999999999988,3.1779999999999973,1,10
58,5s,1,55,7.096000000000004,0.053999999999973625,0,10
58,5s,1,56,18.312000000000012,3.254000000000019,1,10
58,5s,1,57,13.841999999999985,3.5739999999999554,1,10
58,5s,1,58,10.52800000000002,5.0639999999999645,1,10
58,5s,1,59,1.0220000000000482,0.033999999999991815,0,10
58,5s,1,60,0.36600000000009913,0.08599999999989905,0,10
58,5s,1,61,16.73199999999997,4.8940000000000055,1,10
58,5s,1,62,8.426000000000045,5.217999999999961,0,10
58,5s,1,63,12.169999999999959,3.768000000000029,1,10
58,5s,1,64,12.677999999999997,5.279999999999973,1,10
58,5s,1,65,18.982000000000085,2.939999999999941,1,10
58,5s,1,66,12.412000000000035,5.573999999999955,1,10
58,5s,1,67,11.988000000000056,0.08199999999999363,1,10
58,5s,1,68,0.14999999999997726,5.206000000000017,0,10
58,5s,1,69,15.148000000000025,6.495999999999981,1,10
58,5s,1,70,1.2239999999999327,0.02400000000000091,0,10
58,5s,1,71,5.617999999999938,5.252000000000066,0,10
58,5s,1,72,17.524,3.4180000000000064,1,10
58,5s,1,73,10.375999999999976,0.025999999999953616,1,10
58,5s,1,74,0.40800000000001546,5.529999999999973,0,10
58,5s,1,75,14.677999999999997,5.0200000000000955,1,10
58,5s,1,76,14.403999999999883,4.596000000000004,1,10
58,5s,1,77,14.682000000000016,4.620000000000118,1,10
58,5s,1,78,10.36999999999989,0.05999999999994543,1,10
58,5s,1,79,0.15600000000017644,5.1879999999998745,0,10
58,5s,1,80,0.17399999999997817,0.11599999999998545,0,10
58,5s,1,81,14.988000000000056,4.27599999999984,1,10
58,5s,1,82,13.848000000000184,4.185999999999922,1,10
58,5s,1,83,14.45399999999995,6.75,1,10
58,5s,1,84,11.855999999999995,4.980000000000018,1,10
58,5s,1,85,11.298000000000002,4.864000000000033,1,10
58,5s,1,86,7.730000000000018,0.10200000000008913,0,10
58,5s,1,87,13.290000000000191,3.2619999999999436,1,10
58,5s,1,88,11.905999999999949,0.06799999999998363,1,10
58,5s,1,89,0.09799999999995634,5.3659999999999854,0,10
58,5s,1,90,14.190000000000055,0.08000000000015461,1,10
58,5s,1,91,0.06999999999993634,5.19399999999996,0,10
58,5s,1,92,0.3420000000000982,0.09600000000000364,0,10
58,5s,1,93,13.432000000000016,4.576000000000022,1,10
58,5s,1,94,13.245999999999867,3.7360000000001037,1,10
58,5s,1,95,2.52800000000002,0.09799999999995634,0,10
58,5s,1,96,10.258000000000038,3.268000000000029,1,10
58,5s,1,97,14.673999999999978,4.94399999999996,1,10
58,5s,1,98,12.508000000000038,5.463999999999942,1,10
58,5s,1,99,2.814000000000078,5.3559999999999945,0,10
58,5s,1,100,11.625999999999976,,1,10
58,5s,2,1,11.868000000000002,0.29999999999999716,1,10
58,5s,2,2,0.09799999999999898,5.314,0,10
58,5s,2,3,13.25,4.264000000000003,1,10
58,5s,2,4,6.8359999999999985,5.269999999999996,0,10
58,5s,2,5,3.38600000000001,5.23599999999999,0,10
58,5s,2,6,12.854,3.334000000000003,1,10
58,5s,2,7,11.200000000000003,4.426000000000002,1,10
58,5s,2,8,13.079999999999998,3.087999999999994,1,10
58,5s,2,9,0.2580000000000098,0.015999999999991132,0,10
58,5s,2,10,11.099999999999994,4.578000000000003,1,10
58,5s,2,11,11.598000000000013,3.906000000000006,1,10
58,5s,2,12,13.355999999999995,5.647999999999996,1,10
58,5s,2,13,0.1419999999999959,5.186000000000007,0,10
58,5s,2,14,15.271999999999991,4.068000000000012,1,10
58,5s,2,15,10.961999999999989,3.9180000000000064,1,10
58,5s,2,16,0.11199999999999477,5.204000000000008,0,10
58,5s,2,17,11.424000000000007,5.941999999999979,1,10
58,5s,2,18,16.831999999999994,5.653999999999996,1,10
58,5s,2,19,10.840000000000032,4.257999999999981,1,10
58,5s,2,20,10.75,3.598000000000013,1,10
58,5s,2,21,12.161999999999978,4.910000000000025,1,10
58,5s,2,22,10.519999999999982,3.617999999999995,1,10
58,5s,2,23,16.222000000000037,3.0319999999999823,1,10
58,5s,2,24,9.930000000000007,5.269999999999982,0,10
58,5s,2,25,14.04000000000002,4.043999999999983,1,10
58,5s,2,26,12.581999999999994,3.4780000000000086,1,10
58,5s,2,27,14.72199999999998,3.494000000000028,1,10
58,5s,2,28,13.204000000000008,4.151999999999987,1,10
58,5s,2,29,15.197999999999979,3.584000000000003,1,10
58,5s,2,30,13.391999999999996,3.8600000000000136,1,10
58,5s,2,31,12.105999999999995,2.8000000000000114,1,10
58,5s,2,32,14.793999999999983,4.372000000000014,1,10
58,5s,2,33,12.763999999999953,4.162000000000035,1,10
58,5s,2,34,12.76400000000001,2.73599999999999,1,10
58,5s,2,35,1.9300000000000637,0.041999999999916326,0,10
58,5s,2,36,10.590000000000032,2.5979999999999563,1,10
58,5s,2,37,7.586000000000013,5.201999999999998,0,10
58,5s,2,38,11.02800000000002,0.05999999999994543,1,10
58,5s,2,39,0.18600000000003547,5.768000000000029,0,10
58,5s,2,40,0.18399999999996908,0.09799999999995634,0,10
58,5s,2,41,10.19399999999996,3.447999999999979,1,10
58,5s,2,42,16.57000000000005,3.82000000000005,1,10
58,5s,2,43,8.579999999999927,5.276000000000067,0,10
58,5s,2,44,17.007999999999925,3.6100000000000136,1,10
58,5s,2,45,14.697999999999979,3.4279999999999973,1,10
58,5s,2,46,14.094000000000051,3.0739999999999554,1,10
58,5s,2,47,14.454000000000065,5.216000000000008,1,10
58,5s,2,48,12.227999999999952,5.7000000000000455,1,10
58,5s,2,49,14.265999999999963,3.741999999999962,1,10
58,5s,2,50,12.840000000000032,4.5919999999999845,1,10
58,5s,2,51,8.468000000000075,5.553999999999974,0,10
58,5s,2,52,11.607999999999947,3.4840000000000373,1,10
58,5s,2,53,13.009999999999991,3.9420000000000073,1,10
58,5s,2,54,9.384000000000015,5.216000000000008,0,10
58,5s,2,55,11.299999999999955,4.690000000000055,1,10
58,5s,2,56,12.865999999999985,3.409999999999968,1,10
58,5s,2,57,9.32000000000005,0.09799999999995634,0,10
58,5s,2,58,0.5040000000000191,0.04200000000003001,0,10
58,5s,2,59,0.39200000000005275,0.04399999999998272,0,10
58,5s,2,60,10.972000000000094,3.849999999999909,1,10
58,5s,2,61,11.448000000000093,6.231999999999971,1,10
58,5s,2,62,10.141999999999939,4.98599999999999,1,10
58,5s,2,63,13.368000000000052,6.3659999999999854,1,10
58,5s,2,64,11.717999999999961,4.468000000000075,1,10
58,5s,2,65,10.590000000000032,4.303999999999974,1,10
58,5s,2,66,9.867999999999938,5.238000000000056,0,10
58,5s,2,67,11.44399999999996,3.52800000000002,1,10
58,5s,2,68,9.814000000000078,5.1879999999998745,0,10
58,5s,2,69,0.18200000000001637,0.044000000000096406,0,10
58,5s,2,70,0.5139999999998963,0.09800000000018372,0,10
58,5s,2,71,11.423999999999978,4.142000000000053,1,10
58,5s,2,72,10.150000000000091,4.001999999999953,1,10
58,5s,2,73,8.157999999999902,5.234000000000151,0,10
58,5s,2,74,12.3599999999999,5.761999999999944,1,10
58,5s,2,75,14.488000000000056,4.413999999999987,1,10
58,5s,2,76,12.384000000000015,4.41599999999994,1,10
58,5s,2,77,10.792000000000144,4.423999999999978,1,10
58,5s,2,78,10.611999999999853,6.066000000000031,1,10
58,5s,2,79,12.188000000000102,4.289999999999964,1,10
58,5s,2,80,13.064000000000078,4.011999999999944,1,10
58,5s,2,81,14.05600000000004,4.563999999999851,1,10
58,5s,2,82,10.338000000000193,8.255999999999858,1,10
58,5s,2,83,15.723999999999933,4.7280000000000655,1,10
58,5s,2,84,13.008000000000038,4.4659999999998945,1,10
58,5s,2,85,12.960000000000036,5.423999999999978,1,10
58,5s,2,86,14.424000000000206,5.643999999999778,1,10
58,5s,2,87,15.762000000000171,11.240000000000009,1,10
58,5s,2,88,14.907999999999902,4.673999999999978,1,10
58,5s,2,89,14.538000000000011,6.064000000000078,1,10
58,5s,2,90,12.259999999999991,5.1059999999999945,1,10
58,5s,2,91,16.995999999999867,3.8600000000001273,1,10
58,5s,2,92,0.33999999999991815,0.008000000000038199,0,10
58,5s,2,93,0.16000000000008185,5.067999999999984,0,10
58,5s,2,94,0.6620000000000346,0.09999999999990905,0,10
58,5s,2,95,14.357999999999947,9.857999999999947,1,10
58,5s,2,96,13.25200000000018,7.907999999999902,1,10
58,5s,2,97,14.94399999999996,0.12599999999997635,1,10
58,5s,2,98,0.22000000000002728,5.210000000000036,0,10
58,5s,2,99,10.034000000000106,4.629999999999882,1,10
58,5s,2,100,10.476000000000113,5.107999999999947,1,10
58,5s,2,101,11.867999999999938,,1,10
58,5s,3,1,8.084,5.205999999999996,0,10
58,5s,3,2,9.404000000000003,5.206000000000003,0,10
58,5s,3,3,7.641999999999996,5.180000000000007,0,10
58,5s,3,4,13.128,3.1839999999999975,1,10
58,5s,3,5,10.969999999999999,3.852000000000004,1,10
58,5s,3,6,13.543999999999997,3.6340000000000003,1,10
58,5s,3,7,13.325999999999993,3.915999999999997,1,10
58,5s,3,8,10.050000000000011,4.861999999999995,1,10
58,5s,3,9,11.132000000000005,4.7879999999999825,1,10
58,5s,3,10,10.646000000000015,4.328000000000003,1,10
58,5s,3,11,0.018000000000000682,0.16200000000000614,0,10
58,5s,3,12,7.882000000000005,5.201999999999998,0,10
58,5s,3,13,9.834000000000003,5.282000000000011,0,10
58,5s,3,14,7.9599999999999795,0.09200000000001296,0,10
58,5s,3,15,0.5099999999999909,0.020000000000010232,0,10
58,5s,3,16,11.063999999999993,3.0560000000000116,1,10
58,5s,3,17,9.95399999999998,5.2479999999999905,0,10
58,5s,3,18,13.350000000000023,2.9739999999999895,1,10
58,5s,3,19,11.711999999999989,3.451999999999998,1,10
58,5s,3,20,9.504000000000019,5.348000000000013,0,10
58,5s,3,21,14.954000000000008,4.653999999999996,1,10
58,5s,3,22,11.745999999999981,4.451999999999998,1,10
58,5s,3,23,14.04200000000003,2.8139999999999645,1,10
58,5s,3,24,7.608000000000004,0.06600000000003092,0,10
58,5s,3,25,0.45999999999997954,0.031999999999982265,0,10
58,5s,3,26,13.139999999999986,3.5860000000000127,1,10
58,5s,3,27,15.632000000000005,4.139999999999986,1,10
58,5s,3,28,11.408000000000015,4.399999999999977,1,10
58,5s,3,29,7.618000000000052,5.3279999999999745,0,10
58,5s,3,30,18.048000000000002,4.409999999999968,1,10
58,5s,3,31,11.678000000000054,0.06399999999996453,1,10
58,5s,3,32,0.10800000000000409,5.269999999999982,0,10
58,5s,3,33,0.7940000000000396,0.09199999999998454,0,10
58,5s,3,34,11.660000000000025,3.2860000000000014,1,10
58,5s,3,35,9.78000000000003,5.255999999999972,0,10
58,5s,3,36,13.799999999999955,0.3140000000000782,1,10
58,5s,3,37,0.6920000000000073,5.265999999999963,0,10
58,5s,3,38,11.70799999999997,4.498000000000047,1,10
58,5s,3,39,0.045999999999935426,5.230000000000018,0,10
58,5s,3,40,12.553999999999974,4.6860000000000355,1,10
58,5s,3,41,10.076000000000022,4.317999999999984,1,10
58,5s,3,42,9.898000000000025,5.225999999999999,0,10
58,5s,3,43,15.41599999999994,3.410000000000082,1,10
58,5s,3,44,14.357999999999947,5.932000000000016,1,10
58,5s,3,45,15.128000000000043,4.375999999999976,1,10
58,5s,3,46,10.418000000000006,3.769999999999982,1,10
58,5s,3,47,10.233999999999924,4.010000000000105,1,10
58,5s,3,48,10.711999999999989,4.027999999999906,1,10
58,5s,3,49,12.686000000000035,4.766000000000076,1,10
58,5s,3,50,10.899999999999977,0.033999999999991815,1,10
58,5s,3,51,0.3120000000000118,5.241999999999962,0,10
58,5s,3,52,15.55600000000004,3.949999999999932,1,10
58,5s,3,53,12.184000000000083,0.07799999999997453,1,10
58,5s,3,54,0.11199999999996635,5.275999999999954,0,10
58,5s,3,55,18.06000000000006,4.261999999999944,1,10
58,5s,3,56,14.918000000000006,3.8980000000000246,1,10
58,5s,3,57,13.182000000000016,4.258000000000038,1,10
58,5s,3,58,12.473999999999933,6.1440000000000055,1,10
58,5s,3,59,19.47199999999998,4.51400000000001,1,10
58,5s,3,60,11.841999999999985,0.08800000000007913,1,10
58,5s,3,61,0.049999999999954525,5.26400000000001,0,10
58,5s,3,62,0.6539999999999964,0.10800000000006094,0,10
58,5s,3,63,13.031999999999925,4.004000000000019,1,10
58,5s,3,64,15.32400000000007,3.981999999999971,1,10
58,5s,3,65,12.581999999999994,0.02800000000002001,1,10
58,5s,3,66,0.7719999999999345,5.352000000000089,0,10
58,5s,3,67,1.0459999999999354,0.09800000000007003,0,10
58,5s,3,68,11.360000000000014,4.05600000000004,1,10
58,5s,3,69,10.513999999999896,4.518000000000029,1,10
58,5s,3,70,11.629999999999995,4.495999999999981,1,10
58,5s,3,71,11.697999999999979,4.0779999999999745,1,10
58,5s,3,72,14.13000000000011,0.15599999999994907,1,10
58,5s,3,73,0.3420000000000982,5.253999999999905,0,10
58,5s,3,74,12.592000000000098,6.925999999999931,1,10
58,5s,3,75,9.614000000000033,5.47199999999998,0,10
58,5s,3,76,15.286000000000058,3.6359999999999673,1,10
58,5s,3,77,12.490000000000009,5.543999999999869,1,10
58,5s,3,78,10.554000000000087,5.180000000000064,1,10
58,5s,3,79,10.865999999999985,4.317999999999984,1,10
58,5s,3,80,13.205999999999904,4.086000000000013,1,10
58,5s,3,81,13.846000000000004,4.231999999999971,1,10
58,5s,3,82,11.21400000000017,0.07799999999997453,1,10
58,5s,3,83,0.09799999999995634,5.344000000000051,0,10
58,5s,3,84,13.518000000000029,6.0,1,10
58,5s,3,85,13.16599999999994,4.046000000000049,1,10
58,5s,3,86,9.465999999999894,5.2280000000000655,0,10
58,5s,3,87,10.635999999999967,4.33199999999988,1,10
58,5s,3,88,5.6440000000000055,5.330000000000155,0,10
58,5s,3,89,0.16999999999984539,0.05600000000004002,0,10
58,5s,3,90,13.54600000000005,4.72199999999998,1,10
58,5s,3,91,9.111999999999853,5.289999999999964,0,10
58,5s,3,92,0.07200000000011642,0.09600000000000364,0,10
58,5s,3,93,10.490000000000009,4.522000000000162,1,10
58,5s,3,94,0.1899999999998272,5.220000000000027,0,10
58,5s,3,95,10.730000000000018,6.852000000000089,1,10
58,5s,3,96,12.963999999999942,0.4500000000000455,1,10
58,5s,3,97,0.12400000000002365,5.220000000000027,0,10
58,5s,3,98,0.8579999999999472,0.057999999999992724,0,10
58,5s,3,99,13.220000000000027,4.02599999999984,1,10
58,5s,3,100,10.582000000000107,,1,10
58,5s,4,1,13.432000000000002,0.04999999999999716,1,10
58,5s,4,2,0.2980000000000018,5.2479999999999976,0,10
58,5s,4,3,0.392000000000003,0.02400000000000091,0,10
58,5s,4,4,9.480000000000004,0.14399999999999125,0,10
58,5s,4,5,1.813999999999993,0.028000000000005798,0,10
58,5s,4,6,11.438000000000002,2.853999999999999,1,10
58,5s,4,7,11.367999999999995,3.3900000000000006,1,10
58,5s,4,8,12.838000000000008,3.5759999999999934,1,10
58,5s,4,9,12.172000000000011,4.019999999999982,1,10
58,5s,4,10,10.730000000000018,3.1599999999999966,1,10
58,5s,4,11,14.699999999999989,3.788000000000011,1,10
58,5s,4,12,12.484000000000009,3.5079999999999814,1,10
58,5s,4,13,14.608000000000004,3.622000000000014,1,10
58,5s,4,14,12.955999999999989,3.2439999999999998,1,10
58,5s,4,15,1.181999999999988,0.02800000000002001,0,10
58,5s,4,16,10.146000000000015,3.3019999999999925,1,10
58,5s,4,17,11.147999999999996,0.030000000000001137,1,10
58,5s,4,18,0.17199999999999704,5.276000000000039,0,10
58,5s,4,19,13.125999999999976,0.4959999999999809,1,10
58,5s,4,20,0.32200000000000273,5.2660000000000196,0,10
58,5s,4,21,12.156000000000006,4.2479999999999905,1,10
58,5s,4,22,0.3140000000000214,0.01999999999998181,0,10
58,5s,4,23,12.598000000000013,0.17200000000002547,1,10
58,5s,4,24,0.21199999999998909,5.180000000000007,0,10
58,5s,4,25,12.134000000000015,2.801999999999964,1,10
58,5s,4,26,10.828000000000031,4.1959999999999695,1,10
58,5s,4,27,11.860000000000014,3.6499999999999773,1,10
58,5s,4,28,11.746000000000038,4.541999999999973,1,10
58,5s,4,29,12.009999999999991,3.2320000000000277,1,10
58,5s,4,30,11.084000000000003,3.617999999999995,1,10
58,5s,4,31,11.793999999999983,0.04200000000003001,1,10
58,5s,4,32,0.33799999999996544,5.189999999999998,0,10
58,5s,4,33,14.234000000000037,3.5360000000000014,1,10
58,5s,4,34,14.279999999999973,3.6100000000000136,1,10
58,5s,4,35,12.111999999999966,0.41200000000003456,1,10
58,5s,4,36,0.08400000000000318,5.21999999999997,0,10
58,5s,4,37,3.3040000000000305,0.04199999999997317,0,10
58,5s,4,38,16.716000000000008,5.565999999999974,1,10
58,5s,4,39,13.368000000000052,3.117999999999938,1,10
58,5s,4,40,11.31000000000006,3.395999999999958,1,10
58,5s,4,41,9.283999999999992,0.13200000000006185,0,10
58,5s,4,42,2.2100000000000364,0.038000000000010914,0,10
58,5s,4,43,15.620000000000005,3.3279999999999745,1,10
58,5s,4,44,12.515999999999963,3.550000000000068,1,10
58,5s,4,45,12.831999999999994,4.515999999999963,1,10
58,5s,4,46,11.138000000000034,4.491999999999962,1,10
58,5s,4,47,10.361999999999966,3.54200000000003,1,10
58,5s,4,48,10.210000000000036,0.04800000000000182,1,10
58,5s,4,49,0.38199999999994816,5.1860000000000355,0,10
58,5s,4,50,11.614000000000033,5.697999999999979,1,10
58,5s,4,51,14.069999999999936,4.308000000000106,1,10
58,5s,4,52,11.913999999999987,3.5779999999999745,1,10
58,5s,4,53,9.795999999999935,5.286000000000058,0,10
58,5s,4,54,14.419999999999959,3.5020000000000664,1,10
58,5s,4,55,9.545999999999935,0.11400000000003274,0,10
58,5s,4,56,14.05600000000004,4.3840000000000146,1,10
58,5s,4,57,10.153999999999996,4.230000000000018,1,10
58,5s,4,58,13.187999999999988,4.607999999999947,1,10
58,5s,4,59,11.216000000000008,4.653999999999996,1,10
58,5s,4,60,10.711999999999989,4.304000000000087,1,10
58,5s,4,61,8.895999999999958,5.432000000000016,0,10
58,5s,4,62,11.781999999999925,3.560000000000059,1,10
58,5s,4,63,12.120000000000005,3.490000000000009,1,10
58,5s,4,64,10.95799999999997,5.419999999999959,1,10
58,5s,4,65,8.188000000000102,5.185999999999922,0,10
58,5s,4,66,12.115999999999985,4.290000000000077,1,10
58,5s,4,67,13.111999999999966,5.720000000000027,1,10
58,5s,4,68,10.39799999999991,0.11800000000005184,1,10
58,5s,4,69,0.05200000000002092,5.20799999999997,0,10
58,5s,4,70,10.331999999999994,5.7280000000000655,1,10
58,5s,4,71,9.423999999999978,5.5219999999999345,0,10
58,5s,4,72,13.461999999999989,3.286000000000058,1,10
58,5s,4,73,7.553999999999974,5.185999999999922,0,10
58,5s,4,74,12.454000000000178,4.586000000000013,1,10
58,5s,4,75,11.343999999999824,5.58400000000006,1,10
58,5s,4,76,11.781999999999925,5.166000000000167,1,10
58,5s,4,77,16.837999999999965,3.508000000000038,1,10
58,5s,4,78,11.875999999999976,5.498000000000047,1,10
58,5s,4,79,13.207999999999856,4.932000000000016,1,10
58,5s,4,80,12.117999999999938,5.064000000000078,1,10
58,5s,4,81,11.541999999999916,5.524000000000115,1,10
58,5s,4,82,10.427999999999884,0.07800000000020191,1,10
58,5s,4,83,0.14799999999991087,5.2000000000000455,0,10
58,5s,4,84,0.6140000000000327,0.06599999999980355,0,10
58,5s,4,85,11.761999999999944,3.397999999999911,1,10
58,5s,4,86,12.644000000000005,5.05600000000004,1,10
58,5s,4,87,9.258000000000038,5.539999999999964,0,10
58,5s,4,88,17.314000000000078,4.347999999999956,1,10
58,5s,4,89,8.271999999999935,5.183999999999969,0,10
58,5s,4,90,11.423999999999978,4.903999999999996,1,10
58,5s,4,91,9.276000000000067,5.2280000000000655,0,10
58,5s,4,92,9.473999999999933,5.182000000000016,0,10
58,5s,4,93,10.241999999999962,4.740000000000009,1,10
58,5s,4,94,11.470000000000027,5.240000000000009,1,10
58,5s,4,95,9.041999999999916,5.201999999999998,0,10
58,5s,4,96,8.316000000000031,5.226000000000113,0,10
58,5s,4,97,10.879999999999882,6.405999999999949,1,10
58,5s,4,98,8.534000000000106,6.039999999999964,0,10
58,5s,4,99,9.963999999999942,5.290000000000191,0,10
58,5s,4,100,12.70399999999995,,1,10
58,5s,5,1,3.051999999999996,5.2960000000000065,0,10
58,5s,5,2,9.805999999999997,5.305999999999997,0,10
58,5s,5,3,14.660000000000004,2.7319999999999993,1,10
58,5s,5,4,1.926000000000002,0.04800000000000182,0,10
58,5s,5,5,9.449999999999989,5.206000000000003,0,10
58,5s,5,6,10.646,2.9039999999999964,1,10
58,5s,5,7,7.036000000000001,5.186000000000007,0,10
58,5s,5,8,12.551999999999992,0.30000000000001137,1,10
58,5s,5,9,0.09799999999998477,5.268000000000001,0,10
58,5s,5,10,14.134000000000015,0.3160000000000025,1,10
58,5s,5,11,0.1839999999999975,5.195999999999998,0,10
58,5s,5,12,9.605999999999995,5.307999999999993,0,10
58,5s,5,13,6.310000000000002,0.03200000000001069,0,10
58,5s,5,14,9.02000000000001,5.22799999999998,0,10
58,5s,5,15,14.984000000000009,4.192000000000007,1,10
58,5s,5,16,10.183999999999997,4.211999999999989,1,10
58,5s,5,17,11.102000000000004,3.4259999999999877,1,10
58,5s,5,18,9.936000000000035,5.239999999999952,0,10
58,5s,5,19,14.238,4.050000000000011,1,10
58,5s,5,20,11.484000000000037,3.859999999999957,1,10
58,5s,5,21,8.580000000000041,5.211999999999989,0,10
58,5s,5,22,10.447999999999979,4.538000000000011,1,10
58,5s,5,23,0.18999999999999773,0.04200000000003001,0,10
58,5s,5,24,11.5,3.8100000000000023,1,10
58,5s,5,25,12.769999999999982,3.886000000000024,1,10
58,5s,5,26,9.663999999999987,5.198000000000036,0,10
58,5s,5,27,13.689999999999998,4.298000000000002,1,10
58,5s,5,28,13.055999999999983,3.5360000000000014,1,10
58,5s,5,29,9.771999999999991,5.231999999999971,0,10
58,5s,5,30,18.656000000000006,4.334000000000003,1,10
58,5s,5,31,0.27600000000001046,5.240000000000009,0,10
58,5s,5,32,3.1779999999999973,5.2339999999999804,0,10
58,5s,5,33,11.084000000000003,4.146000000000015,1,10
58,5s,5,34,9.781999999999982,5.331999999999994,0,10
58,5s,5,35,11.713999999999999,4.712000000000046,1,10
58,5s,5,36,10.620000000000005,0.03599999999994452,1,10
58,5s,5,37,0.30600000000004,5.27800000000002,0,10
58,5s,5,38,13.039999999999964,4.923999999999978,1,10
58,5s,5,39,11.086000000000013,4.440000000000055,1,10
58,5s,5,40,8.610000000000014,5.469999999999914,0,10
58,5s,5,41,11.884000000000015,4.504000000000019,1,10
58,5s,5,42,13.036000000000058,0.07799999999997453,1,10
58,5s,5,43,0.09199999999998454,5.279999999999973,0,10
58,5s,5,44,15.467999999999961,5.760000000000105,1,10
58,5s,5,45,8.287999999999897,5.280000000000086,0,10
58,5s,5,46,7.621999999999957,0.04200000000003001,0,10
58,5s,5,47,12.823999999999955,4.486000000000104,1,10
58,5s,5,48,7.192000000000007,0.04399999999998272,0,10
58,5s,5,49,0.2859999999999445,0.05000000000006821,0,10
58,5s,5,50,0.9120000000000346,0.05999999999994543,0,10
58,5s,5,51,12.433999999999969,3.216000000000008,1,10
58,5s,5,52,11.07400000000007,5.20799999999997,1,10
58,5s,5,53,11.124000000000024,5.559999999999945,1,10
58,5s,5,54,10.159999999999968,5.814000000000078,1,10
58,5s,5,55,10.371999999999957,4.566000000000031,1,10
58,5s,5,56,9.405999999999949,5.198000000000093,0,10
58,5s,5,57,4.851999999999975,5.255999999999972,0,10
58,5s,5,58,13.498000000000047,5.699999999999932,1,10
58,5s,5,59,9.768000000000029,6.009999999999991,0,10
58,5s,5,60,12.899999999999977,5.716000000000008,1,10
58,5s,5,61,11.783999999999992,4.73599999999999,1,10
58,5s,5,62,7.444000000000074,5.343999999999937,0,10
58,5s,5,63,14.755999999999972,0.07000000000005002,1,10
58,5s,5,64,0.049999999999954525,5.238000000000056,0,10
58,5s,5,65,13.717999999999961,6.36200000000008,1,10
58,5s,5,66,8.519999999999982,0.029999999999972715,0,10
58,5s,5,67,0.8619999999999663,0.038000000000010914,0,10
58,5s,5,68,11.138000000000034,9.138000000000034,1,10
58,5s,5,69,10.491999999999962,5.508000000000038,1,10
58,5s,5,70,0.5499999999999545,0.038000000000010914,0,10
58,5s,5,71,11.677999999999997,6.776000000000067,1,10
58,5s,5,72,12.197999999999979,5.956000000000017,1,10
58,5s,5,73,8.215999999999894,0.13200000000006185,0,10
58,5s,5,74,12.163999999999987,6.326000000000022,1,10
58,5s,5,75,9.61999999999989,5.234000000000151,0,10
58,5s,5,76,0.2899999999999636,0.02599999999983993,0,10
58,5s,5,77,13.700000000000045,4.009999999999991,1,10
58,5s,5,78,10.569999999999936,7.087999999999965,1,10
58,5s,5,79,7.440000000000055,6.758000000000038,0,10
58,5s,5,80,6.55399999999986,5.19600000000014,0,10
58,5s,5,81,0.8399999999999181,0.07799999999997453,0,10
58,5s,5,82,14.364000000000033,6.741999999999962,1,10
58,5s,5,83,11.029999999999973,5.5219999999999345,1,10
58,5s,5,84,12.200000000000045,7.213999999999942,1,10
58,5s,5,85,9.819999999999936,5.310000000000173,0,10
58,5s,5,86,10.867999999999938,5.1159999999999854,1,10
58,5s,5,87,7.201999999999998,5.266000000000076,0,10
58,5s,5,88,0.6040000000000418,0.11999999999989086,0,10
58,5s,5,89,0.8019999999999072,5.182000000000016,0,10
58,5s,5,90,0.6479999999999109,0.09000000000014552,0,10
58,5s,5,91,9.062000000000126,5.3259999999997945,0,10
58,5s,5,92,14.676000000000158,4.485999999999876,1,10
58,5s,5,93,10.269999999999982,3.8600000000001273,1,10
58,5s,5,94,9.430000000000064,5.255999999999858,0,10
58,5s,5,95,0.0420000000001437,0.06199999999989814,0,10
58,5s,5,96,9.144000000000005,5.244000000000142,0,10
58,5s,5,97,1.3419999999998709,0.057999999999992724,0,10
58,5s,5,98,12.552000000000135,5.483999999999924,1,10
58,5s,5,99,12.153999999999996,6.8279999999999745,1,10
58,5s,5,100,10.080000000000155,,1,10
58,5s,6,1,8.350000000000001,5.258000000000003,0,10
58,5s,6,2,8.895999999999994,5.206000000000003,0,10
58,5s,6,3,12.925999999999995,3.2240000000000038,1,10
58,5s,6,4,7.233999999999995,5.284000000000006,0,10
58,5s,6,5,10.596000000000004,4.378,1,10
58,5s,6,6,9.007999999999996,5.219999999999999,0,10
58,5s,6,7,10.016000000000005,3.288000000000011,1,10
58,5s,6,8,9.533999999999992,5.346000000000004,0,10
58,5s,6,9,0.8700000000000045,0.09599999999997522,0,10
58,5s,6,10,9.201999999999998,5.231999999999999,0,10
58,5s,6,11,9.478000000000009,5.263999999999982,0,10
58,5s,6,12,8.524000000000001,5.236000000000018,0,10
58,5s,6,13,7.423999999999978,5.314000000000021,0,10
58,5s,6,14,11.051999999999992,2.8739999999999952,1,10
58,5s,6,15,9.110000000000014,0.09399999999999409,0,10
58,5s,6,16,11.245999999999981,4.030000000000001,1,10
58,5s,6,17,10.352000000000004,3.5960000000000036,1,10
58,5s,6,18,11.137999999999977,3.8220000000000027,1,10
58,5s,6,19,13.376000000000033,3.187999999999988,1,10
58,5s,6,20,11.153999999999996,5.322000000000003,1,10
58,5s,6,21,10.899999999999977,4.770000000000039,1,10
58,5s,6,22,11.291999999999973,3.5819999999999936,1,10
58,5s,6,23,10.942000000000007,3.876000000000033,1,10
58,5s,6,24,9.120000000000005,5.309999999999945,0,10
58,5s,6,25,12.344000000000051,0.04199999999997317,1,10
58,5s,6,26,0.26400000000001,5.310000000000002,0,10
58,5s,6,27,9.887999999999977,5.298000000000002,0,10
58,5s,6,28,0.5020000000000095,5.298000000000002,0,10
58,5s,6,29,11.903999999999996,3.8519999999999754,1,10
58,5s,6,30,12.400000000000034,0.07200000000000273,1,10
58,5s,6,31,0.057999999999992724,5.192000000000007,0,10
58,5s,6,32,0.7019999999999982,0.09199999999998454,0,10
58,5s,6,33,9.94399999999996,5.3940000000000055,0,10
58,5s,6,34,12.532000000000039,0.04199999999997317,1,10
58,5s,6,35,0.18200000000001637,5.406000000000006,0,10
58,5s,6,36,0.5299999999999727,0.09000000000003183,0,10
58,5s,6,37,9.685999999999979,5.194000000000017,0,10
58,5s,6,38,0.5059999999999718,0.020000000000038654,0,10
58,5s,6,39,12.155999999999949,3.6440000000000055,1,10
58,5s,6,40,10.975999999999999,3.9980000000000473,1,10
58,5s,6,41,11.648000000000025,3.4599999999999227,1,10
58,5s,6,42,10.460000000000036,0.038000000000010914,1,10
58,5s,6,43,0.19200000000000728,5.283999999999992,0,10
58,5s,6,44,8.946000000000026,5.205999999999904,0,10
58,5s,6,45,0.40200000000004366,5.303999999999974,0,10
58,5s,6,46,1.316000000000031,0.10199999999997544,0,10
58,5s,6,47,9.704000000000065,5.187999999999988,0,10
58,5s,6,48,13.120000000000005,3.4500000000000455,1,10
58,5s,6,49,10.94399999999996,6.481999999999971,1,10
58,5s,6,50,2.1140000000000327,5.261999999999944,0,10
58,5s,6,51,12.564000000000078,4.053999999999974,1,10
58,5s,6,52,13.580000000000041,6.709999999999923,1,10
58,5s,6,53,0.09800000000007003,0.03799999999989723,0,10
58,5s,6,54,10.177999999999997,4.553999999999974,1,10
58,5s,6,55,12.995999999999981,4.552000000000021,1,10
58,5s,6,56,10.364000000000033,3.5419999999999163,1,10
58,5s,6,57,10.408000000000015,3.241999999999962,1,10
58,5s,6,58,6.7840000000001055,6.647999999999911,0,10
58,5s,6,59,13.572000000000003,0.06400000000007822,1,10
58,5s,6,60,0.038000000000010914,3.3479999999999563,0,10
58,5s,6,61,9.710000000000036,5.259999999999991,0,10
58,5s,6,62,11.847999999999956,0.03200000000003911,1,10
58,5s,6,63,0.35399999999992815,5.206000000000017,0,10
58,5s,6,64,9.475999999999999,5.211999999999989,0,10
58,5s,6,65,16.51400000000001,4.2280000000000655,1,10
58,5s,6,66,7.87399999999991,5.238000000000056,0,10
58,5s,6,67,14.572000000000003,0.033999999999991815,1,10
58,5s,6,68,0.22400000000004638,6.019999999999982,0,10
58,5s,6,69,10.26400000000001,5.67999999999995,1,10
58,5s,6,70,14.268000000000029,4.289999999999964,1,10
58,5s,6,71,8.888000000000034,5.23599999999999,0,10
58,5s,6,72,11.519999999999982,4.371999999999957,1,10
58,5s,6,73,11.134000000000015,4.670000000000073,1,10
58,5s,6,74,9.863999999999919,5.210000000000036,0,10
58,5s,6,75,13.406000000000063,4.90199999999993,1,10
58,5s,6,76,9.07400000000007,5.203999999999951,0,10
58,5s,6,77,14.644000000000005,0.044000000000096406,1,10
58,5s,6,78,0.2179999999998472,5.268000000000029,0,10
58,5s,6,79,13.64799999999991,4.648000000000138,1,10
58,5s,6,80,8.683999999999969,5.218000000000075,0,10
58,5s,6,81,0.9220000000000255,0.11199999999985266,0,10
58,5s,6,82,15.973999999999933,0.09400000000005093,1,10
58,5s,6,83,0.10799999999994725,6.167999999999893,0,10
58,5s,6,84,14.148000000000138,5.149999999999864,1,10
58,5s,6,85,13.314000000000078,3.52800000000002,1,10
58,5s,6,86,11.291999999999916,3.6140000000000327,1,10
58,5s,6,87,10.213999999999942,0.06400000000007822,1,10
58,5s,6,88,0.2999999999999545,5.246000000000095,0,10
58,5s,6,89,11.08199999999988,0.05600000000004002,1,10
58,5s,6,90,0.07799999999997453,5.347999999999956,0,10
58,5s,6,91,0.7680000000000291,0.09600000000000364,0,10
58,5s,6,92,11.157999999999902,0.09200000000009823,1,10
58,5s,6,93,0.02800000000002001,0.09999999999990905,0,10
58,5s,6,94,10.587999999999965,4.3940000000000055,1,10
58,5s,6,95,10.144000000000005,4.395999999999958,1,10
58,5s,6,96,12.258000000000038,4.279999999999973,1,10
58,5s,6,97,9.814000000000078,5.344000000000051,0,10
58,5s,6,98,9.335999999999785,5.986000000000104,0,10
58,5s,6,99,0.013999999999896318,0.05600000000004002,0,10
58,5s,6,100,14.798000000000002,4.142000000000053,1,10
58,5s,6,101,11.872000000000071,,1,10
59,5s,1,1,9.219999999999995,5.248000000000005,0,10
59,5s,1,2,10.717999999999996,2.682000000000002,1,10
59,5s,1,3,10.302,3.347999999999999,1,10
59,5s,1,4,7.956000000000003,5.182000000000002,0,10
59,5s,1,5,11.533999999999992,2.584000000000003,1,10
59,5s,1,6,6.5319999999999965,5.160000000000011,0,10
59,5s,1,7,7.2819999999999965,5.207999999999998,0,10
59,5s,1,8,11.269999999999996,4.2379999999999995,1,10
59,5s,1,9,11.328000000000003,5.195999999999998,1,10
59,5s,1,10,1.2779999999999916,5.200000000000017,0,10
59,5s,1,11,0.018000000000000682,0.02199999999999136,0,10
59,5s,1,12,11.158000000000015,7.544000000000011,1,10
59,5s,1,13,0.8459999999999752,0.10800000000000409,0,10
59,5s,1,14,9.238,5.199999999999989,0,10
59,5s,1,15,9.587999999999994,0.09400000000002251,0,10
59,5s,1,16,0.04800000000000182,0.02800000000002001,0,10
59,5s,1,17,9.870000000000005,5.197999999999979,0,10
59,5s,1,18,9.558000000000021,0.04999999999998295,0,10
59,5s,1,19,12.113999999999976,2.617999999999995,1,10
59,5s,1,20,9.686000000000035,5.19399999999996,0,10
59,5s,1,21,13.258000000000038,2.409999999999968,1,10
59,5s,1,22,12.720000000000027,2.783999999999992,1,10
59,5s,1,23,0.40999999999996817,0.1360000000000241,0,10
59,5s,1,24,12.041999999999973,3.891999999999996,1,10
59,5s,1,25,11.862000000000023,5.401999999999987,1,10
59,5s,1,26,0.7139999999999986,0.1279999999999859,0,10
59,5s,1,27,12.482000000000028,2.829999999999984,1,10
59,5s,1,28,12.348000000000013,5.706000000000017,1,10
59,5s,1,29,11.573999999999955,4.122000000000014,1,10
59,5s,1,30,11.494000000000028,4.334000000000003,1,10
59,5s,1,31,10.745999999999981,2.7760000000000105,1,10
59,5s,1,32,9.937999999999988,5.194000000000017,0,10
59,5s,1,33,11.097999999999956,2.8420000000000414,1,10
59,5s,1,34,0.9099999999999682,0.11599999999998545,0,10
59,5s,1,35,9.329999999999984,5.192000000000007,0,10
59,5s,1,36,11.906000000000006,2.5919999999999845,1,10
59,5s,1,37,11.51600000000002,4.2000000000000455,1,10
59,5s,1,38,8.870000000000005,5.173999999999978,0,10
59,5s,1,39,6.88799999999992,5.230000000000018,0,10
59,5s,1,40,11.196000000000026,2.802000000000021,1,10
59,5s,1,41,14.312000000000012,3.6059999999999945,1,10
59,5s,1,42,11.79200000000003,3.755999999999972,1,10
59,5s,1,43,10.129999999999995,3.6200000000000045,1,10
59,5s,1,44,11.932000000000016,2.703999999999951,1,10
59,5s,1,45,10.875999999999976,11.033999999999992,1,10
59,5s,1,46,9.506000000000085,5.16599999999994,0,10
59,5s,1,47,13.358000000000061,2.585999999999899,1,10
59,5s,1,48,11.244000000000028,3.216000000000008,1,10
59,5s,1,49,11.252000000000066,3.759999999999991,1,10
59,5s,1,50,12.051999999999907,3.064000000000078,1,10
59,5s,1,51,10.035999999999945,2.4640000000000555,1,10
59,5s,1,52,12.737999999999943,2.5300000000000864,1,10
59,5s,1,53,9.015999999999963,5.153999999999996,0,10
59,5s,1,54,13.942000000000007,4.357999999999947,1,10
59,5s,1,55,12.172000000000025,4.663999999999987,1,10
59,5s,1,56,11.105999999999995,4.111999999999966,1,10
59,5s,1,57,14.82400000000007,3.701999999999998,1,10
59,5s,1,58,13.51400000000001,5.459999999999923,1,10
59,5s,1,59,9.958000000000084,5.189999999999941,0,10
59,5s,1,60,10.129999999999995,2.9840000000000373,1,10
59,5s,1,61,12.908000000000015,3.689999999999941,1,10
59,5s,1,62,13.932000000000016,3.201999999999998,1,10
59,5s,1,63,11.266000000000076,0.045999999999935426,1,10
59,5s,1,64,0.34199999999998454,5.2140000000000555,0,10
59,5s,1,65,11.577999999999975,2.0739999999999554,1,10
59,5s,1,66,10.136000000000081,3.2919999999999163,1,10
59,5s,1,67,11.903999999999996,4.116000000000099,1,10
59,5s,1,68,12.673999999999978,4.0079999999999245,1,10
59,5s,1,69,9.830000000000041,5.156000000000063,0,10
59,5s,1,70,12.789999999999964,2.2200000000000273,1,10
59,5s,1,71,12.067999999999984,3.4500000000000455,1,10
59,5s,1,72,10.759999999999991,2.9559999999999036,1,10
59,5s,1,73,12.289999999999964,4.046000000000049,1,10
59,5s,1,74,14.786000000000058,3.2259999999998854,1,10
59,5s,1,75,14.882000000000062,2.4459999999999127,1,10
59,5s,1,76,11.866000000000213,3.5319999999999254,1,10
59,5s,1,77,8.629999999999882,5.173999999999978,0,10
59,5s,1,78,14.307999999999993,5.012000000000171,1,10
59,5s,1,79,11.611999999999853,3.716000000000122,1,10
59,5s,1,80,12.097999999999956,3.076000000000022,1,10
59,5s,1,81,13.180000000000064,4.283999999999878,1,10
59,5s,1,82,12.402000000000044,2.574000000000069,1,10
59,5s,1,83,1.8360000000000127,5.209999999999809,0,10
59,5s,1,84,13.532000000000153,5.647999999999911,1,10
59,5s,1,85,0.47400000000016007,0.05199999999990723,0,10
59,5s,1,86,9.88000000000011,5.160000000000082,0,10
59,5s,1,87,13.795999999999822,2.512000000000171,1,10
59,5s,1,88,12.63799999999992,3.491999999999962,1,10
59,5s,1,89,13.980000000000018,5.730000000000018,1,10
59,5s,1,90,14.968000000000075,4.649999999999864,1,10
59,5s,1,91,13.857999999999947,8.322000000000116,1,10
59,5s,1,92,9.927999999999884,8.04600000000005,0,10
59,5s,1,93,10.832000000000107,3.435999999999922,1,10
59,5s,1,94,11.288000000000011,6.990000000000009,1,10
59,5s,1,95,0.10799999999994725,0.11400000000003274,0,10
59,5s,1,96,9.967999999999847,6.716000000000122,0,10
59,5s,1,97,1.240000000000009,0.13400000000001455,0,10
59,5s,1,98,13.653999999999996,2.984000000000151,1,10
59,5s,1,99,11.129999999999882,3.9420000000000073,1,10
59,5s,1,100,11.067999999999984,,1,10
59,5s,2,1,10.477999999999998,2.5900000000000034,1,10
59,5s,2,2,11.817999999999998,4.312000000000005,1,10
59,5s,2,3,13.478000000000002,3.465999999999994,1,10
59,5s,2,4,11.604,3.573999999999998,1,10
59,5s,2,5,10.957999999999998,3.6260000000000048,1,10
59,5s,2,6,11.757999999999996,3.8419999999999987,1,10
59,5s,2,7,10.447999999999993,2.622000000000014,1,10
59,5s,2,8,1.1200000000000045,5.193999999999988,0,10
59,5s,2,9,9.700000000000017,5.2479999999999905,0,10
59,5s,2,10,12.096000000000004,2.283999999999992,1,10
59,5s,2,11,14.234000000000009,6.472000000000008,1,10
59,5s,2,12,11.433999999999997,5.207999999999998,1,10
59,5s,2,13,1.5300000000000011,0.054000000000002046,0,10
59,5s,2,14,12.74799999999999,2.9579999999999984,1,10
59,5s,2,15,10.890000000000015,2.569999999999993,1,10
59,5s,2,16,10.933999999999997,4.769999999999982,1,10
59,5s,2,17,0.9900000000000091,0.05600000000004002,0,10
59,5s,2,18,0.014000000000010004,0.016000000000019554,0,10
59,5s,2,19,1.2799999999999727,5.222000000000037,0,10
59,5s,2,20,1.047999999999945,5.1720000000000255,0,10
59,5s,2,21,11.324000000000012,2.084000000000003,1,10
59,5s,2,22,2.801999999999964,0.012000000000000455,0,10
59,5s,2,23,11.894000000000005,3.4399999999999977,1,10
59,5s,2,24,10.572000000000003,3.0459999999999923,1,10
59,5s,2,25,12.244000000000028,3.0640000000000214,1,10
59,5s,2,26,1.0979999999999563,5.208000000000027,0,10
59,5s,2,27,12.089999999999975,2.598000000000013,1,10
59,5s,2,28,12.677999999999997,2.980000000000018,1,10
59,5s,2,29,1.1359999999999673,0.11600000000004229,0,10
59,5s,2,30,9.379999999999995,5.185999999999979,0,10
59,5s,2,31,0.0020000000000095497,0.02800000000002001,0,10
59,5s,2,32,14.610000000000014,2.848000000000013,1,10
59,5s,2,33,12.401999999999987,3.694000000000017,1,10
59,5s,2,34,14.651999999999987,3.9499999999999886,1,10
59,5s,2,35,11.901999999999987,2.283999999999992,1,10
59,5s,2,36,1.268000000000029,5.183999999999969,0,10
59,5s,2,37,12.256000000000029,2.951999999999998,1,10
59,5s,2,38,11.172000000000025,3.221999999999923,1,10
59,5s,2,39,0.8540000000000418,0.08799999999996544,0,10
59,5s,2,40,14.692000000000007,2.15199999999993,1,10
59,5s,2,41,11.964000000000055,3.433999999999969,1,10
59,5s,2,42,1.3759999999999764,5.196000000000026,0,10
59,5s,2,43,12.120000000000005,3.189999999999941,1,10
59,5s,2,44,12.216000000000008,3.4980000000000473,1,10
59,5s,2,45,9.98599999999999,5.213999999999942,0,10
59,5s,2,46,13.316000000000031,3.08400000000006,1,10
59,5s,2,47,10.849999999999909,3.5340000000001055,1,10
59,5s,2,48,11.239999999999895,3.064000000000078,1,10
59,5s,2,49,12.052000000000021,2.9039999999999964,1,10
59,5s,2,50,10.798000000000002,4.495999999999981,1,10
59,5s,2,51,1.01400000000001,5.168000000000006,0,10
59,5s,2,52,10.168000000000006,1.717999999999961,1,10
59,5s,2,53,10.067999999999984,2.4160000000000537,1,10
59,5s,2,54,11.695999999999913,4.150000000000091,1,10
59,5s,2,55,10.059999999999945,3.7659999999999627,1,10
59,5s,2,56,1.5640000000000782,0.05599999999992633,0,10
59,5s,2,57,12.468000000000075,3.467999999999961,1,10
59,5s,2,58,9.05600000000004,5.195999999999913,0,10
59,5s,2,59,13.420000000000073,4.312000000000012,1,10
59,5s,2,60,1.1079999999999472,5.206000000000017,0,10
59,5s,2,61,11.330000000000041,2.435999999999922,1,10
59,5s,2,62,12.412000000000035,2.6420000000000528,1,10
59,5s,2,63,13.599999999999909,4.458000000000084,1,10
59,5s,2,64,12.230000000000018,5.501999999999953,1,10
59,5s,2,65,10.951999999999998,3.1920000000000073,1,10
59,5s,2,66,1.2859999999999445,5.204000000000065,0,10
59,5s,2,67,11.908000000000015,2.713999999999942,1,10
59,5s,2,68,11.83400000000006,3.491999999999962,1,10
59,5s,2,69,0.8700000000000045,5.182000000000016,0,10
59,5s,2,70,9.745999999999981,5.163999999999987,0,10
59,5s,2,71,13.653999999999996,4.324000000000069,1,10
59,5s,2,72,11.093999999999937,2.8039999999999736,1,10
59,5s,2,73,12.700000000000045,5.405999999999949,1,10
59,5s,2,74,0.21199999999998909,0.07600000000002183,0,10
59,5s,2,75,12.659999999999968,3.298000000000002,1,10
59,5s,2,76,1.1499999999999773,5.182000000000016,0,10
59,5s,2,77,12.32400000000007,3.155999999999949,1,10
59,5s,2,78,14.649999999999864,4.220000000000027,1,10
59,5s,2,79,1.00200000000018,5.157999999999902,0,10
59,5s,2,80,0.03999999999996362,0.008000000000038199,0,10
59,5s,2,81,0.5979999999999563,4.6059999999999945,0,10
59,5s,2,82,0.900000000000091,0.04800000000000182,0,10
59,5s,2,83,1.066000000000031,0.06799999999998363,0,10
59,5s,2,84,10.381999999999834,2.3479999999999563,1,10
59,5s,2,85,12.984000000000151,3.8379999999999654,1,10
59,5s,2,86,0.83400000000006,5.182000000000016,0,10
59,5s,2,87,9.99799999999982,5.176000000000158,0,10
59,5s,2,88,11.483999999999924,3.160000000000082,1,10
59,5s,2,89,0.7680000000000291,5.2439999999999145,0,10
59,5s,2,90,10.875999999999976,4.451999999999998,1,10
59,5s,2,91,8.930000000000064,0.013999999999896318,0,10
59,5s,2,92,10.576000000000022,5.473999999999933,1,10
59,5s,2,93,0.8979999999999109,5.152000000000044,0,10
59,5s,2,94,9.726000000000113,5.411999999999807,0,10
59,5s,2,95,11.163999999999987,4.008000000000038,1,10
59,5s,2,96,9.33400000000006,5.173999999999978,0,10
59,5s,2,97,9.274000000000115,5.16599999999994,0,10
59,5s,2,98,9.564000000000078,5.183999999999969,0,10
59,5s,2,99,12.039999999999964,0.04399999999986903,1,10
59,5s,2,100,0.2640000000001237,5.149999999999864,0,10
59,5s,2,101,11.776000000000067,,1,10
59,5s,3,1,8.750000000000004,5.201999999999998,0,10
59,5s,3,2,11.927999999999997,2.240000000000002,1,10
59,5s,3,3,1.171999999999997,0.16600000000000392,0,10
59,5s,3,4,10.322000000000003,3.1239999999999952,1,10
59,5s,3,5,7.924000000000007,0.031999999999996476,0,10
59,5s,3,6,9.518,5.195999999999998,0,10
59,5s,3,7,11.128,2.8940000000000055,1,10
59,5s,3,8,10.901999999999987,3.0700000000000216,1,10
59,5s,3,9,1.3079999999999927,0.04800000000000182,0,10
59,5s,3,10,0.8100000000000023,0.04399999999998272,0,10
59,5s,3,11,9.086000000000013,5.281999999999982,0,10
59,5s,3,12,8.806000000000012,5.192000000000007,0,10
59,5s,3,13,8.087999999999994,5.1980000000000075,0,10
59,5s,3,14,10.455999999999989,2.421999999999997,1,10
59,5s,3,15,1.3660000000000139,5.180000000000007,0,10
59,5s,3,16,10.347999999999985,2.6100000000000136,1,10
59,5s,3,17,0.603999999999985,5.3940000000000055,0,10
59,5s,3,18,8.234000000000009,5.177999999999997,0,10
59,5s,3,19,10.768,5.689999999999969,1,10
59,5s,3,20,0.6659999999999968,5.177999999999997,0,10
59,5s,3,21,1.0500000000000114,0.06200000000001182,0,10
59,5s,3,22,9.791999999999973,5.187999999999988,0,10
59,5s,3,23,11.286000000000001,2.904000000000053,1,10
59,5s,3,24,0.5459999999999923,0.19200000000000728,0,10
59,5s,3,25,0.8519999999999754,3.033999999999992,0,10
59,5s,3,26,8.930000000000007,5.204000000000008,0,10
59,5s,3,27,9.101999999999975,5.177999999999997,0,10
59,5s,3,28,9.628000000000043,5.203999999999951,0,10
59,5s,3,29,10.010000000000048,2.5219999999999914,1,10
59,5s,3,30,0.7620000000000005,5.2099999999999795,0,10
59,5s,3,31,10.043999999999983,4.2000000000000455,1,10
59,5s,3,32,9.947999999999979,5.218000000000018,0,10
59,5s,3,33,1.1759999999999877,5.216000000000008,0,10
59,5s,3,34,10.291999999999973,3.0679999999999836,1,10
59,5s,3,35,1.2960000000000491,5.253999999999962,0,10
59,5s,3,36,9.01600000000002,5.213999999999999,0,10
59,5s,3,37,10.887999999999977,2.458000000000027,1,10
59,5s,3,38,1.3879999999999768,0.132000000000005,0,10
59,5s,3,39,10.004000000000019,2.9839999999999804,1,10
59,5s,3,40,0.7160000000000082,5.2000000000000455,0,10
59,5s,3,41,4.947999999999979,0.014000000000010004,0,10
59,5s,3,42,9.145999999999958,5.192000000000007,0,10
59,5s,3,43,11.176000000000045,2.8799999999999955,1,10
59,5s,3,44,1.2579999999999245,5.266000000000076,0,10
59,5s,3,45,11.141999999999939,2.344000000000051,1,10
59,5s,3,46,11.389999999999986,4.533999999999992,1,10
59,5s,3,47,0.79200000000003,5.206000000000017,0,10
59,5s,3,48,9.659999999999968,5.192000000000007,0,10
59,5s,3,49,11.389999999999986,3.3079999999999927,1,10
59,5s,3,50,11.717999999999961,2.324000000000069,1,10
59,5s,3,51,10.874000000000024,4.209999999999923,1,10
59,5s,3,52,8.170000000000073,5.213999999999942,0,10
59,5s,3,53,10.966000000000008,3.8740000000000236,1,10
59,5s,3,54,10.111999999999966,4.02800000000002,1,10
59,5s,3,55,9.529999999999973,5.2000000000000455,0,10
59,5s,3,56,10.353999999999928,3.4500000000000455,1,10
59,5s,3,57,0.6459999999999582,5.194000000000074,0,10
59,5s,3,58,10.231999999999971,2.8139999999999645,1,10
59,5s,3,59,0.21400000000005548,5.203999999999951,0,10
59,5s,3,60,9.536000000000058,5.187999999999988,0,10
59,5s,3,61,9.245999999999981,5.20799999999997,0,10
59,5s,3,62,9.018000000000029,5.220000000000027,0,10
59,5s,3,63,10.241999999999962,4.76400000000001,1,10
59,5s,3,64,1.1240000000000236,5.258000000000038,0,10
59,5s,3,65,12.195999999999913,2.6620000000000346,1,10
59,5s,3,66,13.217999999999961,5.282000000000039,1,10
59,5s,3,67,10.692000000000007,4.351999999999975,1,10
59,5s,3,68,12.740000000000009,3.268000000000029,1,10
59,5s,3,69,0.2659999999999627,5.206000000000017,0,10
59,5s,3,70,11.408000000000015,4.566000000000031,1,10
59,5s,3,71,1.3759999999999764,5.307999999999993,0,10
59,5s,3,72,11.355999999999995,3.717999999999961,1,10
59,5s,3,73,0.2620000000000573,5.251999999999953,0,10
59,5s,3,74,11.432000000000016,4.062000000000012,1,10
59,5s,3,75,11.312000000000012,4.425999999999931,1,10
59,5s,3,76,0.3300000000000409,5.187999999999988,0,10
59,5s,3,77,10.447999999999979,2.7000000000000455,1,10
59,5s,3,78,10.244000000000028,4.317999999999984,1,10
59,5s,3,79,12.265999999999963,4.04200000000003,1,10
59,5s,3,80,0.21199999999998909,5.2000000000000455,0,10
59,5s,3,81,10.585999999999899,4.07000000000005,1,10
59,5s,3,82,0.8319999999999936,0.09600000000000364,0,10
59,5s,3,83,10.67599999999993,3.8640000000000327,1,10
59,5s,3,84,1.0760000000000218,5.206000000000017,0,10
59,5s,3,85,9.851999999999862,5.178000000000111,0,10
59,5s,3,86,11.85200000000009,2.3819999999998345,1,10
59,5s,3,87,8.544000000000096,5.195999999999913,0,10
59,5s,3,88,3.714000000000169,0.011999999999943611,0,10
59,5s,3,89,11.769999999999982,2.4020000000000437,1,10
59,5s,3,90,0.6820000000000164,5.25,0,10
59,5s,3,91,10.672000000000025,2.8559999999999945,1,10
59,5s,3,92,1.0339999999998781,5.163999999999987,0,10
59,5s,3,93,10.789999999999964,4.307999999999993,1,10
59,5s,3,94,9.32400000000007,5.185999999999922,0,10
59,5s,3,95,10.906000000000176,4.6879999999998745,1,10
59,5s,3,96,0.2380000000000564,5.177999999999884,0,10
59,5s,3,97,11.759999999999991,3.900000000000091,1,10
59,5s,3,98,0.7339999999999236,0.10000000000013642,0,10
59,5s,3,99,10.633999999999787,,1,10
59,5s,4,1,0.018000000000000682,0.021999999999998465,0,10
59,5s,4,2,8.304000000000002,5.287999999999997,0,10
59,5s,4,3,8.146,5.167999999999999,0,10
59,5s,4,4,12.558000000000007,2.339999999999989,1,10
59,5s,4,5,10.658000000000001,2.912000000000006,1,10
59,5s,4,6,0.7199999999999989,5.257999999999996,0,10
59,5s,4,7,10.597999999999999,3.3220000000000027,1,10
59,5s,4,8,1.0220000000000056,5.225999999999999,0,10
59,5s,4,9,9.605999999999995,5.208000000000013,0,10
59,5s,4,10,10.744,3.3220000000000027,1,10
59,5s,4,11,10.919999999999987,2.0260000000000105,1,10
59,5s,4,12,9.431999999999988,5.180000000000007,0,10
59,5s,4,13,0.013999999999981583,0.02400000000000091,0,10
59,5s,4,14,13.211999999999989,3.0500000000000114,1,10
59,5s,4,15,1.0759999999999934,5.1440000000000055,0,10
59,5s,4,16,9.563999999999993,5.1839999999999975,0,10
59,5s,4,17,10.170000000000016,2.7479999999999905,1,10
59,5s,4,18,10.354000000000013,2.2099999999999795,1,10
59,5s,4,19,1.8740000000000236,5.23599999999999,0,10
59,5s,4,20,9.597999999999985,5.180000000000007,0,10
59,5s,4,21,10.602000000000032,2.7959999999999923,1,10
59,5s,4,22,10.125999999999976,2.5260000000000105,1,10
59,5s,4,23,1.7300000000000182,5.1959999999999695,0,10
59,5s,4,24,9.225999999999999,5.225999999999999,0,10
59,5s,4,25,9.608000000000004,5.196000000000026,0,10
59,5s,4,26,8.289999999999964,5.204000000000008,0,10
59,5s,4,27,10.956000000000017,0.05000000000001137,1,10
59,5s,4,28,0.2419999999999618,5.160000000000025,0,10
59,5s,4,29,11.291999999999973,3.0640000000000214,1,10
59,5s,4,30,1.7379999999999995,5.189999999999998,0,10
59,5s,4,31,10.858000000000004,2.7280000000000086,1,10
59,5s,4,32,9.95599999999996,5.178000000000054,0,10
59,5s,4,33,10.813999999999965,3.326000000000022,1,10
59,5s,4,34,1.2620000000000005,0.03999999999996362,0,10
59,5s,4,35,8.394000000000005,5.2339999999999804,0,10
59,5s,4,36,9.20799999999997,5.232000000000028,0,10
59,5s,4,37,2.3500000000000227,0.01799999999997226,0,10
59,5s,4,38,9.810000000000002,5.1299999999999955,0,10
59,5s,4,39,0.008000000000038199,0.014000000000010004,0,10
59,5s,4,40,8.837999999999965,5.180000000000007,0,10
59,5s,4,41,9.47199999999998,1.1820000000000164,0,10
59,5s,4,42,10.262,2.8559999999999945,1,10
59,5s,4,43,13.066000000000031,3.1059999999999945,1,10
59,5s,4,44,13.730000000000018,3.477999999999952,1,10
59,5s,4,45,1.2799999999999727,5.210000000000036,0,10
59,5s,4,46,8.978000000000065,5.125999999999976,0,10
59,5s,4,47,0.009999999999990905,0.021999999999934516,0,10
59,5s,4,48,9.758000000000038,5.197999999999979,0,10
59,5s,4,49,9.398000000000025,5.183999999999969,0,10
59,5s,4,50,11.580000000000041,2.5379999999998972,1,10
59,5s,4,51,1.9580000000000837,5.195999999999913,0,10
59,5s,4,52,9.846000000000004,5.204000000000065,0,10
59,5s,4,53,10.27800000000002,3.963999999999942,1,10
59,5s,4,54,13.238000000000056,2.798000000000002,1,10
59,5s,4,55,1.63799999999992,5.254000000000019,0,10
59,5s,4,56,14.97199999999998,4.59800000000007,1,10
59,5s,4,57,1.475999999999999,5.203999999999951,0,10
59,5s,4,58,12.224000000000046,2.961999999999989,1,10
59,5s,4,59,11.186000000000035,3.740000000000009,1,10
59,5s,4,60,13.213999999999942,3.7799999999999727,1,10
59,5s,4,61,1.5339999999999918,5.136000000000081,0,10
59,5s,4,62,12.144000000000005,4.139999999999986,1,10
59,5s,4,63,1.0299999999999727,5.211999999999989,0,10
59,5s,4,64,0.02400000000000091,0.018000000000029104,0,10
59,5s,4,65,9.724000000000046,5.281999999999925,0,10
59,5s,4,66,9.168000000000006,5.196000000000026,0,10
59,5s,4,67,12.45799999999997,3.25,1,10
59,5s,4,68,1.6760000000000446,0.053999999999973625,0,10
59,5s,4,69,12.079999999999927,3.5860000000000127,1,10
59,5s,4,70,4.97199999999998,0.014000000000010004,0,10
59,5s,4,71,8.245999999999981,5.230000000000018,0,10
59,5s,4,72,10.446000000000026,2.9460000000000264,1,10
59,5s,4,73,1.1580000000000155,0.10599999999999454,0,10
59,5s,4,74,7.398000000000025,0.07600000000002183,0,10
59,5s,4,75,7.731999999999971,5.155999999999949,0,10
59,5s,4,76,10.026000000000067,3.0079999999999245,1,10
59,5s,4,77,1.8260000000000218,5.187999999999988,0,10
59,5s,4,78,9.012000000000057,5.19399999999996,0,10
59,5s,4,79,10.135999999999967,3.1539999999999964,1,10
59,5s,4,80,1.87600000000009,0.1959999999999127,0,10
59,5s,4,81,8.60200000000009,5.2299999999999045,0,10
59,5s,4,82,8.520000000000095,5.195999999999913,0,10
59,5s,4,83,11.466000000000008,2.949999999999932,1,10
59,5s,4,84,1.5140000000001237,5.183999999999969,0,10
59,5s,4,85,9.819999999999936,5.160000000000082,0,10
59,5s,4,86,12.615999999999985,2.900000000000091,1,10
59,5s,4,87,11.086000000000013,4.435999999999922,1,10
59,5s,4,88,1.6920000000000073,5.177999999999884,0,10
59,5s,4,89,10.888000000000147,2.8279999999999745,1,10
59,5s,4,90,1.3299999999999272,5.22199999999998,0,10
59,5s,4,91,10.57400000000007,3.5540000000000873,1,10
59,5s,4,92,0.35199999999986176,5.240000000000009,0,10
59,5s,4,93,11.592000000000098,2.591999999999871,1,10
59,5s,4,94,0.86200000000008,5.124000000000024,0,10
59,5s,4,95,0.029999999999972715,0.03199999999992542,0,10
59,5s,4,96,10.30600000000004,4.395999999999958,1,10
59,5s,4,97,0.8959999999999582,5.192000000000007,0,10
59,5s,4,98,0.01999999999998181,0.018000000000029104,0,10
59,5s,4,99,11.307999999999993,2.367999999999938,1,10
59,5s,4,100,11.604000000000042,,1,10
59,5s,5,1,8.664000000000005,5.189999999999998,0,10
59,5s,5,2,4.667999999999999,0.012000000000000455,0,10
59,5s,5,3,9.79,5.251999999999995,0,10
59,5s,5,4,0.6340000000000003,0.06800000000001205,0,10
59,5s,5,5,7.374000000000009,5.23599999999999,0,10
59,5s,5,6,7.432000000000002,5.244,0,10
59,5s,5,7,8.344000000000008,0.10599999999999454,0,10
59,5s,5,8,9.777999999999992,5.179999999999993,0,10
59,5s,5,9,8.884000000000015,5.2620000000000005,0,10
59,5s,5,10,5.3419999999999845,5.186000000000007,0,10
59,5s,5,11,6.878000000000014,5.197999999999979,0,10
59,5s,5,12,10.800000000000011,2.7959999999999923,1,10
59,5s,5,13,1.754000000000019,5.225999999999999,0,10
59,5s,5,14,9.045999999999992,5.163999999999987,0,10
59,5s,5,15,9.486000000000018,5.181999999999988,0,10
59,5s,5,16,12.060000000000002,2.426000000000016,1,10
59,5s,5,17,6.744,1.5519999999999925,0,10
59,5s,5,18,1.195999999999998,0.09199999999998454,0,10
59,5s,5,19,9.345999999999975,5.196000000000026,0,10
59,5s,5,20,8.951999999999998,5.175999999999988,0,10
59,5s,5,21,11.958000000000027,3.891999999999996,1,10
59,5s,5,22,11.665999999999997,4.5020000000000095,1,10
59,5s,5,23,8.94599999999997,5.1299999999999955,0,10
59,5s,5,24,11.858000000000004,3.5819999999999936,1,10
59,5s,5,25,10.102000000000032,2.598000000000013,1,10
59,5s,5,26,8.097999999999956,1.4260000000000446,0,10
59,5s,5,27,10.127999999999986,0.09000000000003183,1,10
59,5s,5,28,0.15399999999999636,5.201999999999998,0,10
59,5s,5,29,11.263999999999953,2.8100000000000023,1,10
59,5s,5,30,7.1440000000000055,5.204000000000008,0,10
59,5s,5,31,8.930000000000007,5.184000000000026,0,10
59,5s,5,32,0.1379999999999768,0.02600000000001046,0,10
59,5s,5,33,9.716000000000008,5.23599999999999,0,10
59,5s,5,34,7.720000000000027,5.2239999999999895,0,10
59,5s,5,35,5.717999999999961,5.2140000000000555,0,10
59,5s,5,36,9.935999999999979,5.173999999999978,0,10
59,5s,5,37,10.79000000000002,2.0860000000000127,1,10
59,5s,5,38,11.389999999999986,1.8700000000000045,1,10
59,5s,5,39,9.656000000000006,5.20799999999997,0,10
59,5s,5,40,2.2799999999999727,0.09400000000005093,0,10
59,5s,5,41,10.052000000000021,2.3419999999999845,1,10
59,5s,5,42,8.610000000000014,5.211999999999989,0,10
59,5s,5,43,9.078000000000088,5.12399999999991,0,10
59,5s,5,44,0.004000000000019099,0.03200000000003911,0,10
59,5s,5,45,1.0620000000000118,0.07000000000005002,0,10
59,5s,5,46,6.761999999999944,5.162000000000035,0,10
59,5s,5,47,10.529999999999973,1.961999999999989,1,10
59,5s,5,48,12.8660000000001,3.0119999999999436,1,10
59,5s,5,49,7.77800000000002,5.197999999999979,0,10
59,5s,5,50,9.769999999999982,5.182000000000016,0,10
59,5s,5,51,11.605999999999995,3.33400000000006,1,10
59,5s,5,52,10.91599999999994,2.27800000000002,1,10
59,5s,5,53,1.155999999999949,5.2000000000000455,0,10
59,5s,5,54,9.07000000000005,5.175999999999931,0,10
59,5s,5,55,9.312000000000012,5.206000000000017,0,10
59,5s,5,56,8.091999999999985,5.20799999999997,0,10
59,5s,5,57,9.032000000000039,5.224000000000046,0,10
59,5s,5,58,13.591999999999985,2.7919999999999163,1,10
59,5s,5,59,11.1400000000001,2.699999999999932,1,10
59,5s,5,60,13.646000000000072,2.5739999999999554,1,10
59,5s,5,61,12.460000000000036,2.990000000000009,1,10
59,5s,5,62,11.347999999999956,3.8239999999999554,1,10
59,5s,5,63,7.01400000000001,5.197999999999979,0,10
59,5s,5,64,7.926000000000045,5.163999999999987,0,10
59,5s,5,65,9.580000000000041,5.183999999999969,0,10
59,5s,5,66,5.802000000000021,5.210000000000036,0,10
59,5s,5,67,10.351999999999975,3.004000000000019,1,10
59,5s,5,68,9.871999999999957,5.153999999999996,0,10
59,5s,5,69,10.76400000000001,2.1960000000000264,1,10
59,5s,5,70,6.043999999999983,5.52800000000002,0,10
59,5s,5,71,9.591999999999985,5.189999999999941,0,10
59,5s,5,72,8.694000000000074,5.197999999999979,0,10
59,5s,5,73,6.990000000000009,5.1340000000000146,0,10
59,5s,5,74,10.079999999999927,2.1680000000000064,1,10
59,5s,5,75,11.844000000000051,2.7859999999999445,1,10
59,5s,5,76,11.58400000000006,2.981999999999971,1,10
59,5s,5,77,10.768000000000029,3.4560000000000173,1,10
59,5s,5,78,9.481999999999857,5.186000000000149,0,10
59,5s,5,79,11.629999999999882,2.4960000000000946,1,10
59,5s,5,80,9.980000000000018,5.185999999999922,0,10
59,5s,5,81,8.319999999999936,5.1840000000001965,0,10
59,5s,5,82,8.759999999999991,5.211999999999989,0,10
59,5s,5,83,10.03599999999983,3.8559999999999945,1,10
59,5s,5,84,12.234000000000151,2.1499999999998636,1,10
59,5s,5,85,13.375999999999976,2.882000000000062,1,10
59,5s,5,86,11.542000000000144,2.543999999999869,1,10
59,5s,5,87,8.041999999999916,5.208000000000084,0,10
59,5s,5,88,10.781999999999925,1.9039999999999964,1,10
59,5s,5,89,9.932000000000016,5.163999999999987,0,10
59,5s,5,90,0.6320000000000618,0.07200000000011642,0,10
59,5s,5,91,9.347999999999956,5.190000000000055,0,10
59,5s,5,92,8.067999999999984,5.135999999999967,0,10
59,5s,5,93,0.013999999999896318,0.02800000000002001,0,10
59,5s,5,94,12.829999999999927,1.80600000000004,1,10
59,5s,5,95,9.422000000000025,5.175999999999931,0,10
59,5s,5,96,11.211999999999989,2.75,1,10
59,5s,5,97,8.716000000000122,5.205999999999904,0,10
59,5s,5,98,9.526000000000067,5.182000000000016,0,10
59,5s,5,99,8.79600000000005,5.183999999999969,0,10
59,5s,5,100,10.882000000000062,,1,10
59,5s,6,1,10.425999999999998,1.7100000000000009,1,10
59,5s,6,2,11.39,2.274000000000001,1,10
59,5s,6,3,9.156000000000006,5.217999999999989,0,10
59,5s,6,4,7.950000000000003,0.12400000000000944,0,10
59,5s,6,5,8.436000000000007,5.191999999999993,0,10
59,5s,6,6,7.736000000000004,5.2960000000000065,0,10
59,5s,6,7,11.349999999999994,2.441999999999993,1,10
59,5s,6,8,4.986000000000018,0.02400000000000091,0,10
59,5s,6,9,0.040000000000020464,0.04399999999998272,0,10
59,5s,6,10,11.457999999999998,2.4460000000000264,1,10
59,5s,6,11,10.5,0.24799999999999045,1,10
59,5s,6,12,0.060000000000002274,5.139999999999986,0,10
59,5s,6,13,0.02200000000001978,0.053999999999973625,0,10
59,5s,6,14,12.02200000000002,2.195999999999998,1,10
59,5s,6,15,10.530000000000001,2.0999999999999943,1,10
59,5s,6,16,11.310000000000002,1.6879999999999882,1,10
59,5s,6,17,0.2259999999999991,0.12000000000000455,0,10
59,5s,6,18,10.426000000000016,2.7280000000000086,1,10
59,5s,6,19,10.887999999999977,3.2680000000000007,1,10
59,5s,6,20,10.994,2.7900000000000205,1,10
59,5s,6,21,9.408000000000015,5.215999999999951,0,10
59,5s,6,22,10.260000000000048,2.0399999999999636,1,10
59,5s,6,23,0.16599999999999682,5.220000000000027,0,10
59,5s,6,24,8.781999999999982,5.211999999999989,0,10
59,5s,6,25,9.677999999999997,5.194000000000017,0,10
59,5s,6,26,11.328000000000031,2.117999999999995,1,10
59,5s,6,27,12.079999999999984,2.5819999999999936,1,10
59,5s,6,28,12.031999999999982,3.2760000000000105,1,10
59,5s,6,29,11.268000000000029,2.433999999999969,1,10
59,5s,6,30,14.574000000000012,3.038000000000011,1,10
59,5s,6,31,10.403999999999996,2.0960000000000036,1,10
59,5s,6,32,11.95999999999998,2.816000000000031,1,10
59,5s,6,33,10.93199999999996,3.0,1,10
59,5s,6,34,13.0,2.891999999999996,1,10
59,5s,6,35,11.138000000000034,3.217999999999961,1,10
59,5s,6,36,12.048000000000002,2.3600000000000136,1,10
59,5s,6,37,15.218000000000018,2.4119999999999777,1,10
59,5s,6,38,10.855999999999995,2.122000000000014,1,10
59,5s,6,39,11.412000000000035,3.2379999999999427,1,10
59,5s,6,40,10.468000000000075,1.8700000000000045,1,10
59,5s,6,41,7.543999999999983,5.230000000000018,0,10
59,5s,6,42,12.239999999999895,2.07000000000005,1,10
59,5s,6,43,11.029999999999973,2.050000000000068,1,10
59,5s,6,44,10.517999999999915,2.868000000000052,1,10
59,5s,6,45,10.961999999999989,2.5919999999999845,1,10
59,5s,6,46,11.536000000000058,2.0779999999999745,1,10
59,5s,6,47,11.741999999999962,2.2620000000000573,1,10
59,5s,6,48,10.011999999999944,2.48599999999999,1,10
59,5s,6,49,11.238000000000056,2.8299999999999272,1,10
59,5s,6,50,13.426000000000045,2.1539999999999964,1,10
59,5s,6,51,11.495999999999981,4.184000000000083,1,10
59,5s,6,52,11.096000000000004,2.269999999999982,1,10
59,5s,6,53,0.2719999999999345,0.16000000000008185,0,10
59,5s,6,54,10.601999999999975,3.2579999999999245,1,10
59,5s,6,55,11.994000000000028,2.8139999999999645,1,10
59,5s,6,56,12.406000000000063,2.703999999999951,1,10
59,5s,6,57,11.08800000000008,2.961999999999989,1,10
59,5s,6,58,11.298000000000002,2.603999999999928,1,10
59,5s,6,59,12.518000000000029,2.8600000000000136,1,10
59,5s,6,60,11.597999999999956,3.5579999999999927,1,10
59,5s,6,61,11.622000000000071,2.4879999999999427,1,10
59,5s,6,62,10.663999999999987,0.06200000000001182,1,10
59,5s,6,63,0.22000000000002728,5.20799999999997,0,10
59,5s,6,64,9.268000000000029,5.196000000000026,0,10
59,5s,6,65,9.183999999999969,5.211999999999989,0,10
59,5s,6,66,9.73599999999999,5.160000000000082,0,10
59,5s,6,67,0.0039999999999054126,0.02400000000000091,0,10
59,5s,6,68,10.298000000000002,2.2060000000000173,1,10
59,5s,6,69,12.163999999999987,2.9120000000000346,1,10
59,5s,6,70,11.381999999999948,3.772000000000048,1,10
59,5s,6,71,12.117999999999938,3.1480000000000246,1,10
59,5s,6,72,10.998000000000047,2.268000000000029,1,10
59,5s,6,73,9.649999999999977,5.177999999999997,0,10
59,5s,6,74,12.291999999999916,1.9700000000000273,1,10
59,5s,6,75,11.067999999999984,2.83400000000006,1,10
59,5s,6,76,8.819999999999936,5.184000000000083,0,10
59,5s,6,77,10.168000000000006,2.3199999999999363,1,10
59,5s,6,78,10.80600000000004,3.6420000000000528,1,10
59,5s,6,79,9.225999999999885,5.175999999999931,0,10
59,5s,6,80,11.572000000000116,2.8420000000000982,1,10
59,5s,6,81,8.055999999999813,5.180000000000064,0,10
59,5s,6,82,9.549999999999955,5.170000000000073,0,10
59,5s,6,83,9.85200000000009,5.19399999999996,0,10
59,5s,6,84,10.364000000000033,2.3719999999998436,1,10
59,5s,6,85,0.10000000000013642,0.057999999999992724,0,10
59,5s,6,86,9.799999999999955,5.1720000000000255,0,10
59,5s,6,87,11.905999999999949,2.574000000000069,1,10
59,5s,6,88,11.809999999999945,2.326000000000022,1,10
59,5s,6,89,12.15800000000013,3.7200000000000273,1,10
59,5s,6,90,11.91599999999994,2.0139999999998963,1,10
59,5s,6,91,9.789999999999964,5.232000000000198,0,10
59,5s,6,92,11.993999999999915,4.897999999999911,1,10
59,5s,6,93,10.506000000000085,3.9500000000000455,1,10
59,5s,6,94,12.59199999999987,3.2280000000000655,1,10
59,5s,6,95,11.094000000000051,3.1800000000000637,1,10
59,5s,6,96,11.363999999999805,2.3360000000000127,1,10
59,5s,6,97,11.456000000000131,1.8719999999998436,1,10
59,5s,6,98,11.732000000000198,3.1639999999999873,1,10
59,5s,6,99,0.2339999999999236,5.203999999999951,0,10
59,5s,6,100,8.302000000000135,,0,10
60,5s,1,1,11.238,5.206000000000003,1,10
60,5s,1,2,6.995999999999995,6.4879999999999995,0,10
60,5s,1,3,10.519999999999996,3.2280000000000086,1,10
60,5s,1,4,7.423999999999992,7.236000000000004,0,10
60,5s,1,5,0.06799999999999784,0.013999999999995794,0,10
60,5s,1,6,8.921999999999997,0.006000000000000227,0,10
60,5s,1,7,0.2879999999999967,6.534000000000006,0,10
60,5s,1,8,9.486000000000004,7.840000000000003,0,10
60,5s,1,9,9.531999999999982,6.804000000000002,0,10
60,5s,1,10,9.430000000000007,6.966000000000008,0,10
60,5s,1,11,11.799999999999983,3.4279999999999973,1,10
60,5s,1,12,12.457999999999998,5.228000000000009,1,10
60,5s,1,13,9.873999999999995,15.084000000000003,0,10
60,5s,1,14,9.968000000000018,6.915999999999997,0,10
60,5s,1,15,10.798000000000002,4.417999999999978,1,10
60,5s,1,16,12.478000000000009,2.7520000000000095,1,10
60,5s,1,17,0.11199999999996635,10.680000000000007,0,10
60,5s,1,18,14.522000000000048,4.9599999999999795,1,10
60,5s,1,19,12.72399999999999,5.1159999999999854,1,10
60,5s,1,20,13.891999999999996,4.442000000000007,1,10
60,5s,1,21,1.1899999999999977,0.004000000000019099,0,10
60,5s,1,22,0.40399999999999636,9.75200000000001,0,10
60,5s,1,23,1.1440000000000055,0.01599999999996271,0,10
60,5s,1,24,13.069999999999993,4.050000000000011,1,10
60,5s,1,25,1.77800000000002,7.847999999999956,0,10
60,5s,1,26,16.472000000000037,0.003999999999962256,1,10
60,5s,1,27,0.6020000000000323,0.12599999999997635,0,10
60,5s,1,28,11.975999999999999,3.9559999999999604,1,10
60,5s,1,29,13.220000000000027,3.8999999999999773,1,10
60,5s,1,30,11.650000000000034,11.903999999999996,1,10
60,5s,1,31,1.004000000000019,0.027999999999963165,0,10
60,5s,1,32,14.039999999999964,5.816000000000031,1,10
60,5s,1,33,1.0960000000000036,0.0019999999999527063,0,10
60,5s,1,34,0.3420000000000414,10.838000000000022,0,10
60,5s,1,35,14.62399999999991,3.494000000000028,1,10
60,5s,1,36,16.230000000000018,6.796000000000049,1,10
60,5s,1,37,14.535999999999945,4.663999999999987,1,10
60,5s,1,38,13.036000000000058,3.645999999999958,1,10
60,5s,1,39,13.394000000000005,6.850000000000023,1,10
60,5s,1,40,13.114000000000033,4.445999999999913,1,10
60,5s,1,41,10.958000000000084,4.017999999999915,1,10
60,5s,1,42,11.714000000000055,4.812000000000012,1,10
60,5s,1,43,10.951999999999998,14.899999999999977,1,10
60,5s,1,44,3.2999999999999545,0.04200000000003001,0,10
60,5s,1,45,12.118000000000052,3.3599999999999,1,10
60,5s,1,46,8.272000000000048,7.245999999999981,0,10
60,5s,1,47,10.040000000000077,4.391999999999939,1,10
60,5s,1,48,1.9840000000000373,0.029999999999972715,0,10
60,5s,1,49,5.039999999999964,0.012000000000057298,0,10
60,5s,1,50,12.741999999999962,5.518000000000029,1,10
60,5s,1,51,11.898000000000025,6.206000000000017,1,10
60,5s,1,52,11.475999999999999,5.583999999999946,1,10
60,5s,1,53,11.067999999999984,8.79200000000003,1,10
60,5s,1,54,11.841999999999985,5.1299999999999955,1,10
60,5s,1,55,11.208000000000084,4.251999999999953,1,10
60,5s,1,56,13.361999999999966,5.481999999999971,1,10
60,5s,1,57,0.20800000000008367,0.02800000000002001,0,10
60,5s,1,58,13.865999999999985,5.108000000000061,1,10
60,5s,1,59,13.945999999999913,4.1860000000000355,1,10
60,5s,1,60,0.23599999999999,0.02400000000000091,0,10
60,5s,1,61,13.255999999999972,6.9500000000000455,1,10
60,5s,1,62,11.245999999999981,5.145999999999958,1,10
60,5s,1,63,12.927999999999997,8.454000000000065,1,10
60,5s,1,64,10.533999999999992,0.10599999999999454,1,10
60,5s,1,65,0.2139999999999418,6.718000000000075,0,10
60,5s,1,66,16.45399999999995,8.155999999999949,1,10
60,5s,1,67,12.438000000000102,5.30399999999986,1,10
60,5s,1,68,12.040000000000191,6.411999999999807,1,10
60,5s,1,69,4.206000000000131,0.013999999999896318,0,10
60,5s,1,70,13.243999999999915,5.836000000000013,1,10
60,5s,1,71,12.837999999999965,6.2719999999999345,1,10
60,5s,1,72,9.594000000000051,16.43600000000015,0,10
60,5s,1,73,12.329999999999927,7.6720000000000255,1,10
60,5s,1,74,14.152000000000044,7.161999999999807,1,10
60,5s,1,75,10.13000000000011,9.70399999999995,1,10
60,5s,1,76,14.254000000000133,7.061999999999898,1,10
60,5s,1,77,0.18200000000001637,0.0340000000001055,0,10
60,5s,1,78,16.086000000000013,6.3599999999999,1,10
60,5s,1,79,6.152000000000044,0.016000000000076398,0,10
60,5s,1,80,17.76599999999985,6.0,1,10
60,5s,1,81,18.49000000000001,5.138000000000147,1,10
60,5s,1,82,12.227999999999838,6.046000000000049,1,10
60,5s,1,83,17.33400000000006,11.094000000000051,1,10
60,5s,1,84,16.09999999999991,9.683999999999969,1,10
60,5s,1,85,11.451999999999998,5.5779999999999745,1,10
60,5s,1,86,10.622000000000071,3.788000000000011,1,10
60,5s,1,87,16.74000000000001,5.794000000000096,1,10
60,5s,1,88,0.2319999999999709,0.035999999999830834,0,10
60,5s,1,89,14.098000000000184,6.573999999999842,1,10
60,5s,1,90,15.60200000000009,5.869999999999891,1,10
60,5s,1,91,12.208000000000084,24.87999999999988,1,10
60,5s,1,92,10.448000000000093,9.799999999999955,1,10
60,5s,1,93,9.986000000000104,9.88799999999992,0,10
60,5s,1,94,12.756000000000085,0.12199999999984357,1,10
60,5s,1,95,0.2840000000001055,7.417999999999893,0,10
60,5s,1,96,14.632000000000062,12.259999999999991,1,10
60,5s,1,97,18.832000000000107,12.349999999999909,1,10
60,5s,1,98,16.021999999999935,25.85200000000009,1,10
60,5s,1,99,12.678000000000111,11.261999999999944,1,10
60,5s,1,100,12.625999999999976,7.003999999999905,1,10
60,5s,1,101,9.082000000000107,7.086000000000013,0,10
60,5s,1,102,0.36999999999989086,0.0340000000001055,0,10
60,5s,1,103,5.190000000000055,0.023999999999887223,0,10
60,5s,2,1,6.050000000000004,6.506,0,10
60,5s,2,2,10.823999999999998,3.7379999999999995,1,10
60,5s,2,3,6.7280000000000015,7.501999999999995,0,10
60,5s,2,4,7.826000000000008,7.384,0,10
60,5s,2,5,2.9439999999999884,0.0020000000000095497,0,10
60,5s,2,6,0.47400000000000375,6.645999999999987,0,10
60,5s,2,7,11.122,2.6780000000000115,1,10
60,5s,2,8,9.815999999999988,6.598000000000013,0,10
60,5s,2,9,10.018,3.8739999999999952,1,10
60,5s,2,10,8.560000000000002,14.24199999999999,0,10
60,5s,2,11,12.182000000000016,4.915999999999997,1,10
60,5s,2,12,0.03799999999998249,0.18000000000000682,0,10
60,5s,2,13,10.662000000000006,6.0,1,10
60,5s,2,14,0.15000000000000568,0.013999999999981583,0,10
60,5s,2,15,12.545999999999992,4.018000000000001,1,10
60,5s,2,16,12.915999999999997,5.206000000000017,1,10
60,5s,2,17,11.187999999999988,5.213999999999999,1,10
60,5s,2,18,12.475999999999999,2.873999999999967,1,10
60,5s,2,19,2.052000000000021,0.0020000000000095497,0,10
60,5s,2,20,0.3299999999999841,6.646000000000015,0,10
60,5s,2,21,11.670000000000016,6.6200000000000045,1,10
60,5s,2,22,13.669999999999959,5.020000000000039,1,10
60,5s,2,23,15.993999999999971,11.978000000000009,1,10
60,5s,2,24,12.206000000000017,28.964,1,10
60,5s,2,25,9.993999999999971,6.782000000000039,0,10
60,5s,2,26,12.853999999999985,4.673999999999978,1,10
60,5s,2,27,12.468000000000018,3.3799999999999955,1,10
60,5s,2,28,14.564000000000021,4.779999999999973,1,10
60,5s,2,29,13.01400000000001,4.507999999999981,1,10
60,5s,2,30,13.647999999999968,5.1059999999999945,1,10
60,5s,2,31,5.718000000000075,0.018000000000029104,0,10
60,5s,2,32,4.231999999999971,0.012000000000057298,0,10
60,5s,2,33,0.36199999999996635,0.01999999999998181,0,10
60,5s,2,34,12.717999999999961,4.530000000000086,1,10
60,5s,2,35,3.3199999999999363,0.018000000000029104,0,10
60,5s,2,36,3.919999999999959,0.002000000000066393,0,10
60,5s,2,37,0.19799999999997908,10.217999999999961,0,10
60,5s,2,38,12.83800000000008,2.8859999999999673,1,10
60,5s,2,39,13.05600000000004,5.453999999999951,1,10
60,5s,2,40,8.772000000000048,18.459999999999923,0,10
60,5s,2,41,15.59800000000007,6.753999999999905,1,10
60,5s,2,42,0.34400000000005093,8.683999999999969,0,10
60,5s,2,43,15.696000000000026,4.552000000000021,1,10
60,5s,2,44,10.932000000000016,7.041999999999916,1,10
60,5s,2,45,14.533999999999992,7.104000000000042,1,10
60,5s,2,46,15.502000000000066,5.557999999999993,1,10
60,5s,2,47,12.991999999999962,3.090000000000032,1,10
60,5s,2,48,15.733999999999924,4.55600000000004,1,10
60,5s,2,49,13.621999999999957,6.725999999999999,1,10
60,5s,2,50,3.2320000000000846,0.03999999999996362,0,10
60,5s,2,51,13.937999999999988,4.858000000000061,1,10
60,5s,2,52,14.769999999999982,5.004000000000019,1,10
60,5s,2,53,13.343999999999937,12.526000000000067,1,10
60,5s,2,54,14.793999999999983,4.224000000000046,1,10
60,5s,2,55,10.649999999999977,5.851999999999975,1,10
60,5s,2,56,13.403999999999996,3.9139999999999873,1,10
60,5s,2,57,15.701999999999998,6.840000000000032,1,10
60,5s,2,58,11.447999999999979,5.5779999999999745,1,10
60,5s,2,59,10.509999999999991,0.016000000000076398,1,10
60,5s,2,60,1.2539999999999054,0.008000000000038199,0,10
60,5s,2,61,0.07200000000000273,0.02800000000002001,0,10
60,5s,2,62,10.855999999999995,4.017999999999802,1,10
60,5s,2,63,13.426000000000158,10.755999999999858,1,10
60,5s,2,64,11.580000000000155,5.309999999999945,1,10
60,5s,2,65,11.248000000000047,4.874000000000024,1,10
60,5s,2,66,11.977999999999838,6.576000000000022,1,10
60,5s,2,67,11.701999999999998,5.170000000000073,1,10
60,5s,2,68,3.6980000000000928,0.03399999999987813,0,10
60,5s,2,69,11.58400000000006,6.4659999999998945,1,10
60,5s,2,70,11.798000000000002,6.509999999999991,1,10
60,5s,2,71,11.416000000000167,6.0219999999999345,1,10
60,5s,2,72,2.08400000000006,0.013999999999896318,0,10
60,5s,2,73,8.009999999999991,0.015999999999849024,0,10
60,5s,2,74,13.688000000000102,3.4780000000000655,1,10
60,5s,2,75,0.10999999999989996,0.03199999999992542,0,10
60,5s,2,76,15.228000000000065,9.3599999999999,1,10
60,5s,2,77,7.942000000000007,7.566000000000031,0,10
60,5s,2,78,16.256000000000085,5.975999999999885,1,10
60,5s,2,79,12.087999999999965,5.908000000000129,1,10
60,5s,2,80,11.836000000000013,4.357999999999947,1,10
60,5s,2,81,12.899999999999864,3.9300000000000637,1,10
60,5s,2,82,12.11200000000008,4.5,1,10
60,5s,2,83,1.6140000000000327,0.01999999999998181,0,10
60,5s,2,84,15.39799999999991,4.958000000000084,1,10
60,5s,2,85,13.723999999999933,7.628000000000156,1,10
60,5s,2,86,12.173999999999978,6.919999999999845,1,10
60,5s,2,87,4.486000000000104,0.009999999999990905,0,10
60,5s,2,88,0.36200000000008004,7.821999999999889,0,10
60,5s,2,89,15.1400000000001,5.523999999999887,1,10
60,5s,2,90,14.478000000000065,5.9659999999998945,1,10
60,5s,2,91,4.536000000000058,0.014000000000123691,0,10
60,5s,2,92,13.02800000000002,5.996000000000095,1,10
60,5s,2,93,12.420000000000073,7.0779999999999745,1,10
60,5s,2,94,11.253999999999905,7.7560000000000855,1,10
60,5s,2,95,9.819999999999936,13.041999999999916,0,10
60,5s,2,96,13.442000000000007,9.188000000000102,1,10
60,5s,2,97,14.271999999999935,5.802000000000135,1,10
60,5s,2,98,4.329999999999927,0.041999999999916326,0,10
60,5s,2,99,0.07599999999979445,11.66800000000012,0,10
60,5s,2,100,11.791999999999916,3.4780000000000655,1,10
60,5s,2,101,2.0039999999999054,0.020000000000209184,0,10
60,5s,2,102,17.832000000000107,3.25,1,10
60,5s,2,103,9.673999999999978,7.930000000000064,0,10
60,5s,2,104,14.91599999999994,9.038000000000011,1,10
60,5s,2,105,14.8599999999999,,1,10
60,5s,3,1,0.15800000000000125,0.030000000000001137,0,10
60,5s,3,2,8.426000000000002,7.399999999999999,0,10
60,5s,3,3,5.962000000000003,0.013999999999995794,0,10
60,5s,3,4,10.969999999999999,3.739999999999995,1,10
60,5s,3,5,10.079999999999998,4.5460000000000065,1,10
60,5s,3,6,11.039999999999992,3.7040000000000077,1,10
60,5s,3,7,12.498000000000005,3.9039999999999964,1,10
60,5s,3,8,2.3500000000000085,0.013999999999981583,0,10
60,5s,3,9,12.117999999999995,4.193999999999988,1,10
60,5s,3,10,14.716000000000008,5.288000000000011,1,10
60,5s,3,11,11.911999999999978,4.5120000000000005,1,10
60,5s,3,12,12.03400000000002,5.96599999999998,1,10
60,5s,3,13,11.898000000000025,3.765999999999991,1,10
60,5s,3,14,14.271999999999991,2.5219999999999914,1,10
60,5s,3,15,11.79400000000004,2.599999999999966,1,10
60,5s,3,16,0.6920000000000073,0.09399999999999409,0,10
60,5s,3,17,11.98599999999999,6.848000000000013,1,10
60,5s,3,18,9.97199999999998,7.7760000000000105,0,10
60,5s,3,19,14.326000000000022,3.343999999999994,1,10
60,5s,3,20,16.081999999999994,6.015999999999963,1,10
60,5s,3,21,15.927999999999997,4.092000000000041,1,10
60,5s,3,22,11.060000000000002,3.335999999999956,1,10
60,5s,3,23,11.534000000000049,5.883999999999958,1,10
60,5s,3,24,11.713999999999999,5.364000000000033,1,10
60,5s,3,25,11.125999999999976,5.0919999999999845,1,10
60,5s,3,26,11.480000000000018,28.5,1,10
60,5s,3,27,11.870000000000005,6.757999999999981,1,10
60,5s,3,28,14.012,5.3279999999999745,1,10
60,5s,3,29,13.756000000000085,5.586000000000013,1,10
60,5s,3,30,10.055999999999926,6.824000000000069,1,10
60,5s,3,31,0.13199999999994816,0.12000000000000455,0,10
60,5s,3,32,0.37400000000002365,0.021999999999934516,0,10
60,5s,3,33,10.830000000000041,3.580000000000041,1,10
60,5s,3,34,13.019999999999982,3.024000000000001,1,10
60,5s,3,35,4.087999999999965,0.009999999999990905,0,10
60,5s,3,36,0.2839999999999918,7.572000000000003,0,10
60,5s,3,37,12.279999999999973,3.282000000000039,1,10
60,5s,3,38,10.467999999999961,2.9700000000000273,1,10
60,5s,3,39,1.5199999999999818,0.11200000000008004,0,10
60,5s,3,40,10.422000000000025,3.3899999999999864,1,10
60,5s,3,41,11.879999999999995,4.666000000000054,1,10
60,5s,3,42,12.793999999999983,4.645999999999958,1,10
60,5s,3,43,2.9820000000000846,0.01999999999998181,0,10
60,5s,3,44,8.446000000000026,10.337999999999965,0,10
60,5s,3,45,12.463999999999942,3.300000000000068,1,10
60,5s,3,46,13.367999999999938,5.331999999999994,1,10
60,5s,3,47,13.86200000000008,10.620000000000005,1,10
60,5s,3,48,13.833999999999946,11.036000000000058,1,10
60,5s,3,49,12.025999999999954,4.210000000000036,1,10
60,5s,3,50,15.521999999999935,3.312000000000012,1,10
60,5s,3,51,2.519999999999982,0.038000000000010914,0,10
60,5s,3,52,12.885999999999967,3.2800000000000864,1,10
60,5s,3,53,14.745999999999981,5.076000000000022,1,10
60,5s,3,54,11.511999999999944,7.27800000000002,1,10
60,5s,3,55,11.135999999999967,3.646000000000072,1,10
60,5s,3,56,15.581999999999994,3.839999999999918,1,10
60,5s,3,57,6.889999999999986,7.664000000000101,0,10
60,5s,3,58,14.501999999999953,4.782000000000039,1,10
60,5s,3,59,0.06599999999991724,0.06600000000003092,0,10
60,5s,3,60,20.449999999999932,6.436000000000149,1,10
60,5s,3,61,12.683999999999969,5.929999999999836,1,10
60,5s,3,62,4.968000000000075,7.544000000000096,0,10
60,5s,3,63,16.549999999999955,3.4279999999998836,1,10
60,5s,3,64,10.428000000000111,5.4379999999998745,1,10
60,5s,3,65,11.690000000000055,6.163999999999987,1,10
60,5s,3,66,0.4919999999999618,13.282000000000153,0,10
60,5s,3,67,5.043999999999869,0.049999999999954525,0,10
60,5s,3,68,14.812000000000126,4.5,1,10
60,5s,3,69,10.596000000000004,4.283999999999878,1,10
60,5s,3,70,11.844000000000051,7.206000000000131,1,10
60,5s,3,71,0.05399999999985994,7.885999999999967,0,10
60,5s,3,72,20.738000000000056,4.688000000000102,1,10
60,5s,3,73,15.713999999999942,9.67599999999993,1,10
60,5s,3,74,12.307999999999993,7.024000000000115,1,10
60,5s,3,75,15.333999999999833,7.7800000000002,1,10
60,5s,3,76,11.851999999999862,6.772000000000162,1,10
60,5s,3,77,11.16599999999994,5.5219999999999345,1,10
60,5s,3,78,5.5219999999999345,0.08799999999996544,0,10
60,5s,3,79,15.205999999999904,5.086000000000013,1,10
60,5s,3,80,13.768000000000029,6.044000000000096,1,10
60,5s,3,81,12.049999999999955,6.872000000000071,1,10
60,5s,3,82,19.68399999999997,6.5219999999999345,1,10
60,5s,3,83,6.857999999999947,0.026000000000067303,0,10
60,5s,3,84,19.993999999999915,6.804000000000087,1,10
60,5s,3,85,12.735999999999876,7.3680000000001655,1,10
60,5s,3,86,12.672000000000025,6.031999999999925,1,10
60,5s,3,87,5.423999999999978,7.773999999999887,0,10
60,5s,3,88,4.464000000000169,7.447999999999865,0,10
60,5s,3,89,3.19399999999996,0.09600000000000364,0,10
60,5s,3,90,9.951999999999998,8.029999999999973,0,10
60,5s,3,91,14.215999999999894,6.232000000000198,1,10
60,5s,3,92,11.233999999999924,7.043999999999869,1,10
60,5s,3,93,9.144000000000005,6.906000000000176,0,10
60,5s,3,94,6.783999999999878,7.480000000000018,0,10
60,5s,3,95,13.008000000000038,6.086000000000013,1,10
60,5s,3,96,14.855999999999995,6.036000000000058,1,10
60,5s,3,97,14.279999999999973,4.995999999999867,1,10
60,5s,3,98,15.259999999999991,12.382000000000062,1,10
60,5s,3,99,12.610000000000127,8.30399999999986,1,10
60,5s,3,100,14.559999999999945,5.442000000000007,1,10
60,5s,3,101,14.38000000000011,,1,10
60,5s,4,1,8.080000000000005,7.637999999999998,0,10
60,5s,4,2,7.524000000000001,6.582000000000001,0,10
60,5s,4,3,11.004000000000005,3.763999999999996,1,10
60,5s,4,4,0.402000000000001,0.02400000000000091,0,10
60,5s,4,5,10.419999999999987,3.3659999999999997,1,10
60,5s,4,6,10.666000000000011,4.033999999999992,1,10
60,5s,4,7,10.114000000000004,5.575999999999993,1,10
60,5s,4,8,11.628000000000014,17.893999999999977,1,10
60,5s,4,9,12.294000000000011,4.030000000000001,1,10
60,5s,4,10,11.150000000000006,3.984000000000009,1,10
60,5s,4,11,10.963999999999999,4.256,1,10
60,5s,4,12,13.97199999999998,5.439999999999998,1,10
60,5s,4,13,11.548000000000002,3.2600000000000193,1,10
60,5s,4,14,1.945999999999998,0.015999999999991132,0,10
60,5s,4,15,1.9499999999999886,0.018000000000029104,0,10
60,5s,4,16,11.975999999999999,5.608000000000004,1,10
60,5s,4,17,15.823999999999955,2.414000000000044,1,10
60,5s,4,18,13.423999999999978,6.507999999999981,1,10
60,5s,4,19,14.100000000000023,25.19599999999997,1,10
60,5s,4,20,14.184000000000026,3.3659999999999854,1,10
60,5s,4,21,11.144000000000005,5.509999999999991,1,10
60,5s,4,22,14.602000000000032,5.0779999999999745,1,10
60,5s,4,23,12.006000000000029,4.531999999999982,1,10
60,5s,4,24,14.057999999999993,18.062000000000012,1,10
60,5s,4,25,12.961999999999989,3.8419999999999845,1,10
60,5s,4,26,9.286000000000001,10.216000000000008,0,10
60,5s,4,27,15.598000000000013,2.79200000000003,1,10
60,5s,4,28,20.48599999999999,5.531999999999925,1,10
60,5s,4,29,23.09800000000007,5.758000000000038,1,10
60,5s,4,30,14.995999999999981,3.5579999999999927,1,10
60,5s,4,31,12.481999999999971,3.6280000000000427,1,10
60,5s,4,32,9.803999999999974,9.54200000000003,0,10
60,5s,4,33,23.096000000000004,6.371999999999957,1,10
60,5s,4,34,18.081999999999994,28.56600000000003,1,10
60,5s,4,35,13.442000000000007,6.777999999999906,1,10
60,5s,4,36,4.11200000000008,8.17999999999995,0,10
60,5s,4,37,17.926000000000045,3.8700000000000045,1,10
60,5s,4,38,13.959999999999923,3.6520000000000437,1,10
60,5s,4,39,14.32000000000005,4.086000000000013,1,10
60,5s,4,40,15.521999999999935,5.152000000000044,1,10
60,5s,4,41,18.171999999999912,4.4640000000000555,1,10
60,5s,4,42,13.224000000000046,4.8799999999999955,1,10
60,5s,4,43,21.313999999999965,21.134000000000015,1,10
60,5s,4,44,17.470000000000027,3.1579999999999018,1,10
60,5s,4,45,15.234000000000037,6.053999999999974,1,10
60,5s,4,46,18.26400000000001,5.8840000000000146,1,10
60,5s,4,47,9.800000000000068,0.027999999999906322,0,10
60,5s,4,48,17.88799999999992,0.008000000000038199,1,10
60,5s,4,49,1.1720000000000255,8.079999999999927,0,10
60,5s,4,50,20.624000000000024,4.814000000000078,1,10
60,5s,4,51,19.06600000000003,5.33199999999988,1,10
60,5s,4,52,24.256000000000085,7.013999999999896,1,10
60,5s,4,53,20.276000000000067,5.190000000000055,1,10
60,5s,4,54,0.8759999999999764,0.029999999999972715,0,10
60,5s,4,55,15.822000000000116,5.114000000000033,1,10
60,5s,4,56,15.385999999999967,6.389999999999873,1,10
60,5s,4,57,15.730000000000018,5.864000000000033,1,10
60,5s,4,58,17.44600000000014,5.740000000000009,1,10
60,5s,4,59,10.567999999999984,5.449999999999818,1,10
60,5s,4,60,15.932000000000016,4.206000000000131,1,10
60,5s,4,61,15.291999999999916,7.5779999999999745,1,10
60,5s,4,62,15.190000000000055,4.91599999999994,1,10
60,5s,4,63,13.933999999999969,4.216000000000122,1,10
60,5s,4,64,12.08199999999988,4.08400000000006,1,10
60,5s,4,65,10.766000000000076,6.455999999999904,1,10
60,5s,4,66,18.682000000000016,3.367999999999938,1,10
60,5s,4,67,12.382000000000062,0.14400000000000546,1,10
60,5s,4,68,0.19800000000009277,29.663999999999987,0,10
60,5s,4,69,16.672000000000025,5.096000000000004,1,10
60,5s,4,70,16.463999999999942,5.1340000000000146,1,10
60,5s,4,71,16.937999999999874,6.294000000000096,1,10
60,5s,4,72,4.9220000000000255,0.02800000000002001,0,10
60,5s,4,73,18.145999999999958,7.660000000000082,1,10
60,5s,4,74,18.743999999999915,8.848000000000184,1,10
60,5s,4,75,17.419999999999845,6.380000000000109,1,10
60,5s,4,76,0.6620000000000346,0.04399999999986903,0,10
60,5s,4,77,3.561999999999898,0.018000000000029104,0,10
60,5s,4,78,25.40000000000009,7.354000000000042,1,10
60,5s,4,79,17.932000000000016,6.223999999999933,1,10
60,5s,4,80,12.769999999999982,4.0779999999999745,1,10
60,5s,4,81,16.935999999999922,10.822000000000116,1,10
60,5s,4,82,4.7719999999999345,0.029999999999972715,0,10
60,5s,4,83,20.021999999999935,5.180000000000064,1,10
60,5s,4,84,12.710000000000036,6.101999999999862,1,10
60,5s,4,85,1.300000000000182,0.01799999999980173,0,10
60,5s,4,86,0.03199999999992542,7.66599999999994,0,10
60,5s,4,87,12.132000000000062,7.350000000000136,1,10
60,5s,4,88,9.423999999999978,7.3940000000000055,0,10
60,5s,4,89,12.144000000000005,5.319999999999936,1,10
60,5s,4,90,16.72199999999998,6.097999999999956,1,10
60,5s,4,91,14.622000000000071,7.354000000000042,1,10
60,5s,4,92,10.631999999999834,7.807999999999993,1,10
60,5s,4,93,11.355999999999995,6.762000000000171,1,10
60,5s,4,94,17.59199999999987,4.548000000000002,1,10
60,5s,4,95,13.022000000000162,11.679999999999836,1,10
60,5s,4,96,0.10000000000013642,0.03199999999992542,0,10
60,5s,4,97,13.786000000000058,6.699999999999818,1,10
60,5s,4,98,14.716000000000122,42.48199999999997,1,10
60,5s,4,99,3.9300000000000637,0.016000000000076398,0,10
60,5s,4,100,17.64200000000028,,1,10
60,5s,5,1,8.274000000000001,7.0219999999999985,0,10
60,5s,5,2,8.338000000000001,6.643999999999998,0,10
60,5s,5,3,11.047999999999995,3.842000000000013,1,10
60,5s,5,4,9.451999999999998,7.245999999999995,0,10
60,5s,5,5,8.668000000000006,7.2479999999999905,0,10
60,5s,5,6,4.640000000000001,0.007999999999995566,0,10
60,5s,5,7,0.28600000000000136,7.112000000000009,0,10
60,5s,5,8,12.329999999999984,2.930000000000007,1,10
60,5s,5,9,10.506,5.075999999999993,1,10
60,5s,5,10,10.744,3.6680000000000064,1,10
60,5s,5,11,9.860000000000014,11.759999999999991,0,10
60,5s,5,12,14.181999999999988,2.524000000000001,1,10
60,5s,5,13,9.219999999999999,7.642000000000024,0,10
60,5s,5,14,14.245999999999981,4.2660000000000196,1,10
60,5s,5,15,12.089999999999975,3.7060000000000173,1,10
60,5s,5,16,17.841999999999985,3.3520000000000323,1,10
60,5s,5,17,1.1519999999999868,0.12999999999999545,0,10
60,5s,5,18,10.335999999999956,4.826000000000022,1,10
60,5s,5,19,11.646000000000015,4.5020000000000095,1,10
60,5s,5,20,14.777999999999963,4.853999999999985,1,10
60,5s,5,21,14.442000000000007,3.54200000000003,1,10
60,5s,5,22,8.373999999999967,8.05600000000004,0,10
60,5s,5,23,19.24799999999999,3.538000000000011,1,10
60,5s,5,24,10.039999999999964,4.5160000000000196,1,10
60,5s,5,25,13.254000000000019,17.265999999999963,1,10
60,5s,5,26,6.864000000000033,0.027999999999963165,0,10
60,5s,5,27,16.159999999999968,4.362000000000023,1,10
60,5s,5,28,0.7339999999999804,0.04399999999998272,0,10
60,5s,5,29,15.645999999999958,2.683999999999969,1,10
60,5s,5,30,13.81000000000006,5.177999999999997,1,10
60,5s,5,31,12.720000000000027,3.589999999999918,1,10
60,5s,5,32,8.144000000000005,21.37600000000009,0,10
60,5s,5,33,0.057999999999992724,0.007999999999924512,0,10
60,5s,5,34,0.5220000000000482,7.131999999999948,0,10
60,5s,5,35,12.922000000000025,4.216000000000008,1,10
60,5s,5,36,12.374000000000024,2.8500000000000227,1,10
60,5s,5,37,12.493999999999915,5.32000000000005,1,10
60,5s,5,38,15.446000000000026,4.033999999999992,1,10
60,5s,5,39,15.837999999999965,4.8279999999999745,1,10
60,5s,5,40,12.591999999999985,3.7660000000000764,1,10
60,5s,5,41,13.624000000000024,2.7659999999999627,1,10
60,5s,5,42,18.696000000000026,4.807999999999993,1,10
60,5s,5,43,12.076000000000022,5.059999999999945,1,10
60,5s,5,44,13.669999999999959,4.796000000000049,1,10
60,5s,5,45,14.176000000000045,6.539999999999964,1,10
60,5s,5,46,5.128000000000043,0.01999999999998181,0,10
60,5s,5,47,15.269999999999982,7.635999999999967,1,10
60,5s,5,48,18.874000000000024,3.98599999999999,1,10
60,5s,5,49,13.314000000000078,5.399999999999977,1,10
60,5s,5,50,16.072000000000003,6.385999999999967,1,10
60,5s,5,51,6.926000000000045,0.025999999999953616,0,10
60,5s,5,52,17.227999999999952,5.066000000000031,1,10
60,5s,5,53,19.19799999999998,6.426000000000045,1,10
60,5s,5,54,15.303999999999974,4.73599999999999,1,10
60,5s,5,55,2.3319999999999936,0.022000000000048203,0,10
60,5s,5,56,14.065999999999917,4.666000000000054,1,10
60,5s,5,57,14.135999999999967,5.711999999999989,1,10
60,5s,5,58,15.910000000000082,5.748000000000047,1,10
60,5s,5,59,16.93199999999979,3.451999999999998,1,10
60,5s,5,60,14.388000000000147,6.536000000000058,1,10
60,5s,5,61,16.051999999999907,7.453999999999951,1,10
60,5s,5,62,13.736000000000104,6.261999999999944,1,10
60,5s,5,63,18.299999999999955,6.326000000000022,1,10
60,5s,5,64,11.589999999999918,6.206000000000131,1,10
60,5s,5,65,14.286000000000058,5.689999999999827,1,10
60,5s,5,66,14.646000000000186,7.77599999999984,1,10
60,5s,5,67,13.706000000000131,5.157999999999902,1,10
60,5s,5,68,14.673999999999978,30.867999999999938,1,10
60,5s,5,69,13.136000000000195,5.182000000000016,1,10
60,5s,5,70,16.667999999999893,5.246000000000095,1,10
60,5s,5,71,0.5799999999999272,7.2560000000000855,0,10
60,5s,5,72,14.447999999999865,6.05600000000004,1,10
60,5s,5,73,13.730000000000018,5.6440000000000055,1,10
60,5s,5,74,14.95399999999995,8.041999999999916,1,10
60,5s,5,75,12.392000000000053,4.888000000000147,1,10
60,5s,5,76,12.336000000000013,6.151999999999816,1,10
60,5s,5,77,1.3980000000001382,0.01999999999998181,0,10
60,5s,5,78,14.321999999999889,4.216000000000122,1,10
60,5s,5,79,14.685999999999922,6.470000000000027,1,10
60,5s,5,80,6.135999999999967,0.024000000000114596,0,10
60,5s,5,81,4.1159999999999854,0.06999999999993634,0,10
60,5s,5,82,19.488000000000056,4.869999999999891,1,10
60,5s,5,83,2.508000000000038,0.008000000000038199,0,10
60,5s,5,84,0.35599999999999454,6.976000000000113,0,10
60,5s,5,85,4.821999999999889,7.251999999999953,0,10
60,5s,5,86,15.19600000000014,21.49000000000001,1,10
60,5s,5,87,11.433999999999969,7.80600000000004,1,10
60,5s,5,88,10.491999999999962,5.344000000000051,1,10
60,5s,5,89,19.251999999999953,5.241999999999962,1,10
60,5s,5,90,12.94399999999996,5.61200000000008,1,10
60,5s,5,91,15.33199999999988,5.029999999999973,1,10
60,5s,5,92,15.882000000000062,6.259999999999991,1,10
60,5s,5,93,12.22199999999998,8.532000000000153,1,10
60,5s,5,94,14.325999999999794,6.960000000000036,1,10
60,5s,5,95,12.372000000000071,0.023999999999887223,1,10
60,5s,5,96,0.3580000000001746,7.111999999999853,0,10
60,5s,5,97,14.044000000000096,4.905999999999949,1,10
60,5s,5,98,15.430000000000064,5.624000000000024,1,10
60,5s,5,99,14.799999999999955,4.461999999999989,1,10
60,5s,5,100,12.672000000000025,8.587999999999965,1,10
60,5s,5,101,5.468000000000075,0.015999999999849024,0,10
60,5s,5,102,4.163999999999987,0.07199999999988904,0,10
60,5s,5,103,13.875999999999976,,1,10
60,5s,6,1,8.950000000000003,0.00999999999999801,0,10
60,5s,6,2,0.24600000000000222,6.798000000000002,0,10
60,5s,6,3,9.600000000000001,6.789999999999992,0,10
60,5s,6,4,9.540000000000006,7.557999999999993,0,10
60,5s,6,5,8.290000000000006,6.671999999999997,0,10
60,5s,6,6,10.912000000000006,3.4839999999999947,1,10
60,5s,6,7,12.620000000000005,5.331999999999994,1,10
60,5s,6,8,13.914000000000016,5.7379999999999995,1,10
60,5s,6,9,15.027999999999992,7.596000000000004,1,10
60,5s,6,10,0.13599999999999568,0.012000000000000455,0,10
60,5s,6,11,10.988,4.442000000000007,1,10
60,5s,6,12,0.1139999999999759,0.02600000000001046,0,10
60,5s,6,13,8.945999999999998,7.604000000000013,0,10
60,5s,6,14,15.924000000000007,3.759999999999991,1,10
60,5s,6,15,15.675999999999988,2.722000000000037,1,10
60,5s,6,16,15.313999999999965,3.5680000000000405,1,10
60,5s,6,17,1.2239999999999895,0.01799999999997226,0,10
60,5s,6,18,19.184000000000026,4.108000000000004,1,10
60,5s,6,19,17.387999999999977,2.6240000000000236,1,10
60,5s,6,20,17.274,3.8799999999999955,1,10
60,5s,6,21,8.913999999999987,7.0160000000000196,0,10
60,5s,6,22,20.409999999999968,5.177999999999997,1,10
60,5s,6,23,9.884000000000015,8.329999999999984,0,10
60,5s,6,24,26.34200000000004,2.3799999999999955,1,10
60,5s,6,25,1.6779999999999973,0.014000000000010004,0,10
60,5s,6,26,2.9620000000001028,0.02400000000000091,0,10
60,5s,6,27,20.27800000000002,5.244000000000028,1,10
60,5s,6,28,16.50999999999999,3.5119999999999436,1,10
60,5s,6,29,15.456000000000017,5.966000000000008,1,10
60,5s,6,30,14.01400000000001,4.145999999999958,1,10
60,5s,6,31,13.0,3.802000000000021,1,10
60,5s,6,32,18.142000000000053,2.425999999999931,1,10
60,5s,6,33,9.022000000000048,8.95799999999997,0,10
60,5s,6,34,0.2259999999999991,0.011999999999943611,0,10
60,5s,6,35,25.319999999999936,4.602000000000089,1,10
60,5s,6,36,16.057999999999993,4.505999999999972,1,10
60,5s,6,37,13.963999999999942,4.2700000000000955,1,10
60,5s,6,38,20.36399999999992,34.152000000000044,1,10
60,5s,6,39,17.319999999999936,3.4840000000000373,1,10
60,5s,6,40,17.572000000000003,2.8460000000000036,1,10
60,5s,6,41,14.0,5.344000000000051,1,10
60,5s,6,42,10.905999999999949,4.04200000000003,1,10
60,5s,6,43,16.384000000000015,3.524000000000001,1,10
60,5s,6,44,0.10399999999992815,0.04600000000004911,0,10
60,5s,6,45,23.360000000000014,4.22199999999998,1,10
60,5s,6,46,13.480000000000018,4.153999999999996,1,10
60,5s,6,47,17.072000000000003,4.41599999999994,1,10
60,5s,6,48,14.313999999999965,4.746000000000095,1,10
60,5s,6,49,10.153999999999996,4.717999999999961,1,10
60,5s,6,50,11.80600000000004,5.039999999999964,1,10
60,5s,6,51,10.784000000000106,4.901999999999816,1,10
60,5s,6,52,13.182000000000016,4.837999999999965,1,10
60,5s,6,53,11.268000000000029,4.832000000000107,1,10
60,5s,6,54,2.008000000000038,0.011999999999943611,0,10
60,5s,6,55,24.708000000000084,3.7259999999998854,1,10
60,5s,6,56,11.426000000000158,5.029999999999973,1,10
60,5s,6,57,12.627999999999929,4.852000000000089,1,10
60,5s,6,58,14.55600000000004,5.927999999999884,1,10
60,5s,6,59,10.79600000000005,0.013999999999896318,1,10
60,5s,6,60,0.52800000000002,6.114000000000033,0,10
60,5s,6,61,7.938000000000102,7.38799999999992,0,10
60,5s,6,62,13.978000000000065,4.412000000000035,1,10
60,5s,6,63,13.894000000000005,4.509999999999991,1,10
60,5s,6,64,7.457999999999856,6.774000000000115,0,10
60,5s,6,65,18.069999999999936,3.349999999999909,1,10
60,5s,6,66,7.788000000000011,7.454000000000178,0,10
60,5s,6,67,18.541999999999916,4.203999999999951,1,10
60,5s,6,68,14.508000000000038,4.66599999999994,1,10
60,5s,6,69,11.10200000000009,41.78399999999988,1,10
60,5s,6,70,11.368000000000166,5.405999999999949,1,10
60,5s,6,71,14.753999999999905,5.7000000000000455,1,10
60,5s,6,72,1.7580000000000382,0.013999999999896318,0,10
60,5s,6,73,13.951999999999998,5.1059999999999945,1,10
60,5s,6,74,11.559999999999945,4.685999999999922,1,10
60,5s,6,75,6.798000000000002,7.042000000000144,0,10
60,5s,6,76,17.991999999999962,9.187999999999874,1,10
60,5s,6,77,7.211999999999989,6.8120000000001255,0,10
60,5s,6,78,14.55399999999986,4.58400000000006,1,10
60,5s,6,79,15.884000000000015,38.337999999999965,1,10
60,5s,6,80,11.430000000000064,5.301999999999907,1,10
60,5s,6,81,15.540000000000191,5.8659999999999854,1,10
60,5s,6,82,16.96199999999999,4.147999999999911,1,10
60,5s,6,83,18.776000000000067,4.364000000000033,1,10
60,5s,6,84,17.24000000000001,6.291999999999916,1,10
60,5s,6,85,1.0920000000000982,0.029999999999972715,0,10
60,5s,6,86,23.736000000000104,5.066000000000031,1,10
60,5s,6,87,11.641999999999825,5.251999999999953,1,10
60,5s,6,88,14.404000000000224,6.121999999999844,1,10
60,5s,6,89,14.340000000000146,5.417999999999893,1,10
60,5s,6,90,10.92599999999993,5.650000000000091,1,10
60,5s,6,91,12.710000000000036,8.069999999999936,1,10
60,5s,6,92,10.769999999999982,5.230000000000018,1,10
60,5s,6,93,12.155999999999949,4.816000000000031,1,10
60,5s,6,94,12.014000000000124,43.77800000000002,1,10
60,5s,6,95,8.791999999999916,7.741999999999962,0,10
60,5s,6,96,6.645999999999958,7.266000000000076,0,10
60,5s,6,97,14.319999999999936,4.130000000000109,1,10
60,5s,6,98,16.779999999999973,7.55600000000004,1,10
60,5s,6,99,12.343999999999824,7.574000000000069,1,10
60,5s,6,100,11.405999999999949,5.25200000000018,1,10
60,5s,6,101,11.913999999999987,,1,10
61,5s,1,1,11.814000000000004,2.675999999999995,1,10
61,5s,1,2,12.296,3.2340000000000018,1,10
61,5s,1,3,13.302,4.75,1,10
61,5s,1,4,12.516000000000005,3.7279999999999944,1,10
61,5s,1,5,13.884,5.6440000000000055,1,10
61,5s,1,6,2.269999999999996,5.290000000000006,0,10
61,5s,1,7,12.945999999999998,3.412000000000006,1,10
61,5s,1,8,15.021999999999991,5.036000000000001,1,10
61,5s,1,9,16.804000000000002,6.4199999999999875,1,10
61,5s,1,10,15.602000000000004,9.370000000000005,1,10
61,5s,1,11,0.18199999999998795,0.05000000000001137,0,10
61,5s,1,12,10.548000000000002,6.354000000000013,1,10
61,5s,1,13,14.858000000000004,4.536000000000001,1,10
61,5s,1,14,10.905999999999977,4.638000000000034,1,10
61,5s,1,15,1.7759999999999536,0.11400000000003274,0,10
61,5s,1,16,1.9639999999999986,5.3040000000000305,0,10
61,5s,1,17,12.26400000000001,3.0079999999999814,1,10
61,5s,1,18,12.105999999999995,2.5640000000000214,1,10
61,5s,1,19,0.3599999999999568,0.08000000000004093,0,10
61,5s,1,20,18.641999999999996,3.298000000000002,1,10
61,5s,1,21,1.5819999999999936,0.12400000000002365,0,10
61,5s,1,22,2.0260000000000105,0.01599999999996271,0,10
61,5s,1,23,8.472000000000037,0.04399999999998272,0,10
61,5s,1,24,5.230000000000018,5.239999999999952,0,10
61,5s,1,25,0.9820000000000277,5.231999999999971,0,10
61,5s,1,26,1.54200000000003,5.2620000000000005,0,10
61,5s,1,27,2.901999999999987,5.270000000000039,0,10
61,5s,1,28,0.08799999999996544,0.06999999999999318,0,10
61,5s,1,29,10.28000000000003,2.315999999999974,1,10
61,5s,1,30,18.52600000000001,3.7760000000000105,1,10
61,5s,1,31,1.461999999999989,0.036000000000001364,0,10
61,5s,1,32,16.68599999999998,2.9039999999999964,1,10
61,5s,1,33,1.4560000000000173,5.222000000000037,0,10
61,5s,1,34,12.779999999999973,4.079999999999984,1,10
61,5s,1,35,1.4580000000000268,5.418000000000006,0,10
61,5s,1,36,4.407999999999959,0.04400000000003956,0,10
61,5s,1,37,11.927999999999997,6.303999999999974,1,10
61,5s,1,38,15.396000000000072,5.2719999999999345,1,10
61,5s,1,39,17.444000000000074,4.687999999999988,1,10
61,5s,1,40,10.737999999999943,4.310000000000059,1,10
61,5s,1,41,0.34399999999993724,0.09600000000000364,0,10
61,5s,1,42,4.552000000000021,0.038000000000010914,0,10
61,5s,1,43,2.6760000000000446,5.48599999999999,0,10
61,5s,1,44,18.91999999999996,3.312000000000012,1,10
61,5s,1,45,2.3999999999999773,5.402000000000044,0,10
61,5s,1,46,16.463999999999942,0.02400000000000091,1,10
61,5s,1,47,0.3100000000000591,5.3700000000000045,0,10
61,5s,1,48,16.67599999999993,3.8419999999999845,1,10
61,5s,1,49,16.462000000000103,4.201999999999998,1,10
61,5s,1,50,19.192000000000007,3.8159999999999172,1,10
61,5s,1,51,5.4360000000000355,5.6200000000000045,0,10
61,5s,1,52,18.370000000000005,3.4700000000000273,1,10
61,5s,1,53,0.2579999999999245,0.05200000000002092,0,10
61,5s,1,54,17.115999999999985,11.174000000000092,1,10
61,5s,1,55,0.09999999999990905,0.04200000000003001,0,10
61,5s,1,56,15.247999999999934,3.5060000000000855,1,10
61,5s,1,57,18.39199999999994,4.711999999999989,1,10
61,5s,1,58,14.124000000000024,5.094000000000051,1,10
61,5s,1,59,6.477999999999952,0.018000000000029104,0,10
61,5s,1,60,14.659999999999968,0.018000000000029104,1,10
61,5s,1,61,0.6620000000000346,5.545999999999935,0,10
61,5s,1,62,12.298000000000002,4.470000000000027,1,10
61,5s,1,63,16.244000000000028,4.147999999999911,1,10
61,5s,1,64,3.6299999999999955,5.2280000000000655,0,10
61,5s,1,65,2.466000000000008,0.038000000000010914,0,10
61,5s,1,66,11.19399999999996,4.6860000000000355,1,10
61,5s,1,67,0.73599999999999,5.25,0,10
61,5s,1,68,19.043999999999983,5.717999999999961,1,10
61,5s,1,69,18.176000000000045,3.8780000000000427,1,10
61,5s,1,70,3.8299999999999272,5.310000000000059,0,10
61,5s,1,71,20.513999999999896,5.586000000000013,1,10
61,5s,1,72,15.874000000000024,3.9420000000000073,1,10
61,5s,1,73,3.206000000000131,0.049999999999954525,0,10
61,5s,1,74,14.629999999999882,4.413999999999987,1,10
61,5s,1,75,18.673999999999978,3.4200000000000728,1,10
61,5s,1,76,8.961999999999989,5.269999999999982,0,10
61,5s,1,77,3.2760000000000673,0.029999999999972715,0,10
61,5s,1,78,13.548000000000002,4.382000000000062,1,10
61,5s,1,79,16.210000000000036,4.58199999999988,1,10
61,5s,1,80,5.984000000000151,0.049999999999954525,0,10
61,5s,1,81,0.8440000000000509,5.241999999999962,0,10
61,5s,1,82,0.08200000000010732,0.05399999999985994,0,10
61,5s,1,83,13.052000000000135,2.4020000000000437,1,10
61,5s,1,84,5.141999999999825,5.4780000000000655,0,10
61,5s,1,85,1.7619999999999436,0.09600000000000364,0,10
61,5s,1,86,15.173999999999978,0.11800000000016553,1,10
61,5s,1,87,0.17599999999993088,5.269999999999982,0,10
61,5s,1,88,17.256000000000085,4.917999999999893,1,10
61,5s,1,89,16.403999999999996,6.086000000000013,1,10
61,5s,1,90,14.498000000000047,6.064000000000078,1,10
61,5s,1,91,14.199999999999818,4.842000000000098,1,10
61,5s,1,92,4.420000000000073,5.351999999999862,0,10
61,5s,1,93,9.792000000000144,5.309999999999945,0,10
61,5s,1,94,1.1920000000000073,0.06600000000003092,0,10
61,5s,1,95,11.476000000000113,5.8819999999998345,1,10
61,5s,1,96,16.741999999999962,4.586000000000013,1,10
61,5s,1,97,6.272000000000162,5.52599999999984,0,10
61,5s,1,98,18.064000000000078,3.897999999999911,1,10
61,5s,1,99,15.690000000000055,6.822000000000116,1,10
61,5s,1,100,1.9359999999999218,,0,10
61,5s,2,1,5.267999999999997,5.232000000000006,0,10
61,5s,2,2,0.10199999999999676,0.1039999999999992,0,10
61,5s,2,3,9.262,5.302,0,10
61,5s,2,4,11.152000000000001,2.0360000000000014,1,10
61,5s,2,5,11.866,3.0219999999999914,1,10
61,5s,2,6,13.314000000000007,3.4099999999999966,1,10
61,5s,2,7,2.0060000000000002,5.456000000000003,0,10
61,5s,2,8,15.27600000000001,1.829999999999984,1,10
61,5s,2,9,1.1779999999999973,6.942000000000007,0,10
61,5s,2,10,18.201999999999998,4.181999999999988,1,10
61,5s,2,11,2.9020000000000152,0.11199999999999477,0,10
61,5s,2,12,3.7820000000000107,0.13599999999999568,0,10
61,5s,2,13,14.325999999999993,3.140000000000015,1,10
61,5s,2,14,15.871999999999986,3.9099999999999966,1,10
61,5s,2,15,12.222000000000008,0.036000000000001364,1,10
61,5s,2,16,1.788000000000011,5.357999999999976,0,10
61,5s,2,17,6.208000000000027,5.72799999999998,0,10
61,5s,2,18,14.204000000000008,5.541999999999973,1,10
61,5s,2,19,12.956000000000017,0.103999999999985,1,10
61,5s,2,20,1.9440000000000168,5.274000000000001,0,10
61,5s,2,21,1.7200000000000273,5.425999999999988,0,10
61,5s,2,22,5.312000000000012,0.04800000000000182,0,10
61,5s,2,23,2.6680000000000064,0.07200000000000273,0,10
61,5s,2,24,16.295999999999992,3.8419999999999845,1,10
61,5s,2,25,0.2599999999999909,0.06400000000002137,0,10
61,5s,2,26,1.0039999999999623,5.316000000000031,0,10
61,5s,2,27,16.71999999999997,2.0820000000000505,1,10
61,5s,2,28,1.48599999999999,0.07799999999997453,0,10
61,5s,2,29,2.3100000000000023,0.07799999999997453,0,10
61,5s,2,30,1.4639999999999986,5.438000000000045,0,10
61,5s,2,31,0.8379999999999654,5.234000000000037,0,10
61,5s,2,32,1.4419999999999504,5.342000000000041,0,10
61,5s,2,33,16.848000000000013,3.0179999999999723,1,10
61,5s,2,34,21.367999999999995,3.562000000000012,1,10
61,5s,2,35,1.9800000000000182,0.06399999999996453,0,10
61,5s,2,36,2.3460000000000036,5.524000000000001,0,10
61,5s,2,37,1.5499999999999545,5.2379999999999995,0,10
61,5s,2,38,17.81600000000003,3.2660000000000196,1,10
61,5s,2,39,2.6759999999999877,5.240000000000009,0,10
61,5s,2,40,0.16999999999995907,0.05200000000002092,0,10
61,5s,2,41,19.005999999999972,3.991999999999962,1,10
61,5s,2,42,17.798000000000002,4.6860000000000355,1,10
61,5s,2,43,2.8360000000000127,5.30600000000004,0,10
61,5s,2,44,19.70399999999995,3.8880000000000337,1,10
61,5s,2,45,0.5639999999999645,0.06000000000005912,0,10
61,5s,2,46,15.456000000000017,5.810000000000059,1,10
61,5s,2,47,2.8899999999999864,5.545999999999935,0,10
61,5s,2,48,15.146000000000072,1.9039999999999964,1,10
61,5s,2,49,1.1539999999999964,0.033999999999991815,0,10
61,5s,2,50,2.04200000000003,5.55600000000004,0,10
61,5s,2,51,2.9599999999999227,0.06600000000003092,0,10
61,5s,2,52,15.231999999999971,3.3460000000000036,1,10
61,5s,2,53,18.46799999999996,4.330000000000041,1,10
61,5s,2,54,1.4919999999999618,5.3559999999999945,0,10
61,5s,2,55,1.2040000000000646,0.10599999999999454,0,10
61,5s,2,56,3.269999999999982,5.375999999999976,0,10
61,5s,2,57,13.868000000000052,2.363999999999919,1,10
61,5s,2,58,5.26400000000001,5.59800000000007,0,10
61,5s,2,59,3.0599999999999454,0.08199999999999363,0,10
61,5s,2,60,15.316000000000031,2.3799999999999955,1,10
61,5s,2,61,18.710000000000036,3.447999999999979,1,10
61,5s,2,62,15.737999999999943,5.230000000000018,1,10
61,5s,2,63,13.427999999999997,6.852000000000089,1,10
61,5s,2,64,0.7039999999999509,0.06799999999998363,0,10
61,5s,2,65,0.18799999999998818,0.06799999999998363,0,10
61,5s,2,66,15.501999999999953,2.4640000000000555,1,10
61,5s,2,67,18.827999999999975,6.045999999999935,1,10
61,5s,2,68,4.322000000000003,5.290000000000077,0,10
61,5s,2,69,2.5659999999999172,0.05400000000008731,0,10
61,5s,2,70,19.663999999999987,3.088000000000079,1,10
61,5s,2,71,13.103999999999928,0.05200000000002092,1,10
61,5s,2,72,1.990000000000009,5.237999999999943,0,10
61,5s,2,73,14.998000000000047,4.17999999999995,1,10
61,5s,2,74,5.078000000000088,6.421999999999912,0,10
61,5s,2,75,14.636000000000081,0.021999999999934516,1,10
61,5s,2,76,0.04000000000007731,2.7439999999999145,0,10
61,5s,2,77,1.5720000000000027,0.06200000000001182,0,10
61,5s,2,78,3.3619999999999663,0.06400000000007822,0,10
61,5s,2,79,3.4699999999999136,0.07800000000008822,0,10
61,5s,2,80,16.39399999999989,5.014000000000124,1,10
61,5s,2,81,19.083999999999833,7.222000000000207,1,10
61,5s,2,82,2.7779999999997926,5.288000000000011,0,10
61,5s,2,83,0.44800000000009277,0.07400000000006912,0,10
61,5s,2,84,12.586000000000013,0.03199999999992542,1,10
61,5s,2,85,1.038000000000011,9.66599999999994,0,10
61,5s,2,86,15.153999999999996,5.878000000000156,1,10
61,5s,2,87,18.894000000000005,3.877999999999929,1,10
61,5s,2,88,1.5440000000000964,5.829999999999927,0,10
61,5s,2,89,2.5399999999999636,0.07400000000006912,0,10
61,5s,2,90,19.587999999999965,4.405999999999949,1,10
61,5s,2,91,3.6240000000000236,0.06200000000012551,0,10
61,5s,2,92,4.238000000000056,0.07200000000011642,0,10
61,5s,2,93,1.83199999999988,0.024000000000114596,0,10
61,5s,2,94,2.4020000000000437,5.403999999999996,0,10
61,5s,2,95,12.847999999999956,0.66599999999994,1,10
61,5s,2,96,0.568000000000211,5.69199999999978,0,10
61,5s,2,97,0.6800000000000637,0.032000000000152795,0,10
61,5s,2,98,1.5199999999999818,0.11799999999993815,0,10
61,5s,2,99,16.78800000000001,4.16599999999994,1,10
61,5s,2,100,9.294000000000096,0.04800000000000182,0,10
61,5s,2,101,5.692000000000007,0.07599999999979445,0,10
61,5s,3,1,4.756000000000004,5.385999999999996,0,10
61,5s,3,2,3.318000000000005,0.01999999999999602,0,10
61,5s,3,3,10.866,2.7040000000000006,1,10
61,5s,3,4,11.894000000000005,2.2279999999999944,1,10
61,5s,3,5,13.420000000000002,3.397999999999996,1,10
61,5s,3,6,16.342,3.701999999999998,1,10
61,5s,3,7,14.837999999999994,2.5660000000000025,1,10
61,5s,3,8,19.686000000000007,0.056000000000011596,1,10
61,5s,3,9,0.0519999999999925,4.7479999999999905,0,10
61,5s,3,10,3.9560000000000173,5.25,0,10
61,5s,3,11,1.6699999999999875,5.396000000000015,0,10
61,5s,3,12,13.695999999999998,0.060000000000002274,1,10
61,5s,3,13,0.05999999999997385,5.246000000000009,0,10
61,5s,3,14,1.0159999999999911,5.322000000000003,0,10
61,5s,3,15,17.812000000000012,3.1459999999999866,1,10
61,5s,3,16,16.630000000000024,3.641999999999996,1,10
61,5s,3,17,2.5579999999999927,0.057999999999992724,0,10
61,5s,3,18,2.579999999999984,5.532000000000011,0,10
61,5s,3,19,16.665999999999997,3.7560000000000286,1,10
61,5s,3,20,3.165999999999997,5.4319999999999595,0,10
61,5s,3,21,17.581999999999994,4.5160000000000196,1,10
61,5s,3,22,1.4039999999999964,0.057999999999992724,0,10
61,5s,3,23,1.0440000000000396,0.08600000000001273,0,10
61,5s,3,24,2.815999999999974,0.040000000000020464,0,10
61,5s,3,25,15.574000000000012,3.1499999999999773,1,10
61,5s,3,26,4.781999999999982,5.2620000000000005,0,10
61,5s,3,27,0.6480000000000246,5.391999999999996,0,10
61,5s,3,28,0.057999999999992724,5.279999999999973,0,10
61,5s,3,29,2.8140000000000214,0.038000000000010914,0,10
61,5s,3,30,2.268000000000029,0.051999999999964075,0,10
61,5s,3,31,13.988,2.9219999999999686,1,10
61,5s,3,32,7.074000000000012,0.04399999999998272,0,10
61,5s,3,33,1.5740000000000123,0.07200000000000273,0,10
61,5s,3,34,2.216000000000008,5.305999999999983,0,10
61,5s,3,35,1.9080000000000155,0.10200000000003229,0,10
61,5s,3,36,3.089999999999975,0.06200000000001182,0,10
61,5s,3,37,2.0819999999999936,0.09600000000000364,0,10
61,5s,3,38,3.6340000000000146,0.02600000000001046,0,10
61,5s,3,39,2.1399999999999864,0.09800000000001319,0,10
61,5s,3,40,3.835999999999956,5.560000000000002,0,10
61,5s,3,41,16.924000000000035,0.06399999999996453,1,10
61,5s,3,42,0.29400000000003956,5.947999999999979,0,10
61,5s,3,43,0.8600000000000136,0.06799999999998363,0,10
61,5s,3,44,2.259999999999991,0.03200000000003911,0,10
61,5s,3,45,2.4320000000000164,5.638000000000034,0,10
61,5s,3,46,2.3379999999999654,0.02400000000000091,0,10
61,5s,3,47,14.497999999999934,4.444000000000074,1,10
61,5s,3,48,3.1299999999999955,0.08599999999989905,0,10
61,5s,3,49,0.8059999999999263,5.518000000000029,0,10
61,5s,3,50,1.8899999999999864,0.06200000000001182,0,10
61,5s,3,51,3.1959999999999127,0.06600000000003092,0,10
61,5s,3,52,0.03200000000003911,0.08799999999996544,0,10
61,5s,3,53,13.298000000000002,4.843999999999937,1,10
61,5s,3,54,19.403999999999996,3.3640000000000327,1,10
61,5s,3,55,19.875999999999976,4.396000000000072,1,10
61,5s,3,56,18.336000000000013,3.8840000000000146,1,10
61,5s,3,57,16.557999999999993,5.719999999999914,1,10
61,5s,3,58,4.568000000000097,5.219999999999914,0,10
61,5s,3,59,0.7740000000000009,5.192000000000007,0,10
61,5s,3,60,1.6200000000000045,5.29200000000003,0,10
61,5s,3,61,13.831999999999994,5.761999999999944,1,10
61,5s,3,62,13.276000000000067,2.9560000000000173,1,10
61,5s,3,63,3.6159999999999854,0.06200000000001182,0,10
61,5s,3,64,2.38799999999992,0.08000000000004093,0,10
61,5s,3,65,1.3360000000000127,0.02800000000002001,0,10
61,5s,3,66,15.139999999999986,3.6200000000000045,1,10
61,5s,3,67,0.8039999999999736,0.06399999999996453,0,10
61,5s,3,68,3.07000000000005,0.05600000000004002,0,10
61,5s,3,69,1.2659999999999627,0.06000000000005912,0,10
61,5s,3,70,3.6100000000000136,0.04600000000004911,0,10
61,5s,3,71,2.274000000000001,0.04800000000000182,0,10
61,5s,3,72,14.033999999999992,2.3139999999999645,1,10
61,5s,3,73,14.36200000000008,3.87399999999991,1,10
61,5s,3,74,16.194000000000074,5.121999999999957,1,10
61,5s,3,75,2.5819999999999936,0.05200000000002092,0,10
61,5s,3,76,2.5919999999999845,0.06400000000007822,0,10
61,5s,3,77,16.55200000000002,2.759999999999991,1,10
61,5s,3,78,15.062000000000012,4.20799999999997,1,10
61,5s,3,79,3.3079999999999927,0.02800000000002001,0,10
61,5s,3,80,0.9200000000000728,5.3659999999999854,0,10
61,5s,3,81,15.889999999999986,2.5919999999999845,1,10
61,5s,3,82,16.331999999999994,3.3139999999999645,1,10
61,5s,3,83,14.472000000000094,7.331999999999994,1,10
61,5s,3,84,1.4939999999999145,0.018000000000029104,0,10
61,5s,3,85,1.8100000000001728,0.03799999999978354,0,10
61,5s,3,86,2.1240000000000236,5.289999999999964,0,10
61,5s,3,87,1.6720000000000255,0.04600000000004911,0,10
61,5s,3,88,14.718000000000075,3.9320000000000164,1,10
61,5s,3,89,15.344000000000051,0.03199999999992542,1,10
61,5s,3,90,0.07999999999992724,3.50200000000018,0,10
61,5s,3,91,14.545999999999822,7.451999999999998,1,10
61,5s,3,92,1.7799999999999727,0.026000000000067303,0,10
61,5s,3,93,1.2260000000001128,5.58400000000006,0,10
61,5s,3,94,17.13799999999992,2.793999999999869,1,10
61,5s,3,95,0.8559999999999945,0.07400000000006912,0,10
61,5s,3,96,23.52599999999984,4.182000000000016,1,10
61,5s,3,97,16.48400000000015,6.2000000000000455,1,10
61,5s,3,98,1.8819999999998345,0.06200000000012551,0,10
61,5s,3,99,2.3479999999999563,0.05199999999990723,0,10
61,5s,3,100,2.740000000000009,0.05199999999990723,0,10
61,5s,3,101,3.1920000000000073,0.05400000000008731,0,10
61,5s,3,102,3.91800000000012,0.05399999999985994,0,10
61,5s,4,1,7.286000000000001,0.04999999999999716,0,10
61,5s,4,2,7.640000000000001,5.362000000000002,0,10
61,5s,4,3,12.716000000000001,2.2759999999999962,1,10
61,5s,4,4,16.519999999999996,2.3640000000000043,1,10
61,5s,4,5,12.695999999999998,3.201999999999998,1,10
61,5s,4,6,13.659999999999997,3.1340000000000003,1,10
61,5s,4,7,8.652000000000001,0.03999999999999204,0,10
61,5s,4,8,12.353999999999985,4.891999999999996,1,10
61,5s,4,9,9.718000000000018,0.018000000000000682,0,10
61,5s,4,10,3.9979999999999905,0.040000000000020464,0,10
61,5s,4,11,2.054000000000002,0.04400000000001114,0,10
61,5s,4,12,0.2980000000000018,0.02600000000001046,0,10
61,5s,4,13,3.7580000000000098,0.04800000000000182,0,10
61,5s,4,14,2.5720000000000027,0.036000000000001364,0,10
61,5s,4,15,1.1119999999999948,5.8019999999999925,0,10
61,5s,4,16,0.5400000000000205,5.253999999999991,0,10
61,5s,4,17,3.6380000000000052,0.033999999999991815,0,10
61,5s,4,18,2.8140000000000214,0.030000000000001137,0,10
61,5s,4,19,3.9139999999999873,0.056000000000011596,0,10
61,5s,4,20,9.623999999999995,5.596000000000004,0,10
61,5s,4,21,10.73599999999999,2.6820000000000164,1,10
61,5s,4,22,16.02199999999999,2.9180000000000064,1,10
61,5s,4,23,17.650000000000034,4.8419999999999845,1,10
61,5s,4,24,1.7980000000000018,0.04800000000000182,0,10
61,5s,4,25,1.656000000000006,5.2339999999999804,0,10
61,5s,4,26,2.0260000000000105,5.295999999999992,0,10
61,5s,4,27,2.5079999999999814,0.038000000000010914,0,10
61,5s,4,28,3.2139999999999986,0.08999999999997499,0,10
61,5s,4,29,5.612000000000023,5.847999999999956,0,10
61,5s,4,30,1.8520000000000323,0.033999999999991815,0,10
61,5s,4,31,1.0780000000000314,5.213999999999999,0,10
61,5s,4,32,16.78800000000001,2.1919999999999504,1,10
61,5s,4,33,16.190000000000055,0.0959999999999468,1,10
61,5s,4,34,0.22800000000000864,5.088000000000022,0,10
61,5s,4,35,0.040000000000020464,5.239999999999952,0,10
61,5s,4,36,21.888000000000034,3.8659999999999854,1,10
61,5s,4,37,1.54200000000003,0.04399999999998272,0,10
61,5s,4,38,19.476,5.288000000000011,1,10
61,5s,4,39,19.716000000000008,3.0860000000000127,1,10
61,5s,4,40,0.5519999999999641,0.10400000000004184,0,10
61,5s,4,41,18.93399999999997,4.970000000000027,1,10
61,5s,4,42,2.505999999999972,0.04200000000003001,0,10
61,5s,4,43,1.0319999999999254,0.026000000000067303,0,10
61,5s,4,44,1.3419999999999845,0.04399999999998272,0,10
61,5s,4,45,4.27800000000002,0.057999999999992724,0,10
61,5s,4,46,2.7100000000000364,0.07799999999997453,0,10
61,5s,4,47,5.524000000000001,0.04200000000003001,0,10
61,5s,4,48,2.4300000000000637,0.07200000000000273,0,10
61,5s,4,49,6.683999999999969,5.211999999999989,0,10
61,5s,4,50,18.53800000000001,2.58400000000006,1,10
61,5s,4,51,0.20799999999997,0.033999999999991815,0,10
61,5s,4,52,1.669999999999959,0.08400000000006003,0,10
61,5s,4,53,3.066000000000031,0.05200000000002092,0,10
61,5s,4,54,21.120000000000005,2.300000000000068,1,10
61,5s,4,55,18.71799999999996,8.535999999999945,1,10
61,5s,4,56,16.80600000000004,4.289999999999964,1,10
61,5s,4,57,17.37200000000007,2.755999999999972,1,10
61,5s,4,58,18.956000000000017,3.048000000000002,1,10
61,5s,4,59,9.591999999999985,5.248000000000047,0,10
61,5s,4,60,1.0079999999999245,5.211999999999989,0,10
61,5s,4,61,19.812000000000012,2.1200000000000045,1,10
61,5s,4,62,20.24599999999998,4.788000000000011,1,10
61,5s,4,63,20.242000000000075,4.524000000000001,1,10
61,5s,4,64,3.1259999999999764,0.03199999999992542,0,10
61,5s,4,65,14.117999999999938,4.581999999999994,1,10
61,5s,4,66,17.634000000000015,4.659999999999968,1,10
61,5s,4,67,13.600000000000023,0.5380000000000109,1,10
61,5s,4,68,0.08199999999999363,5.494000000000028,0,10
61,5s,4,69,10.885999999999967,4.20799999999997,1,10
61,5s,4,70,5.368000000000052,0.038000000000010914,0,10
61,5s,4,71,0.6080000000000609,0.023999999999887223,0,10
61,5s,4,72,16.75400000000002,3.3220000000000027,1,10
61,5s,4,73,0.5979999999999563,0.13800000000003365,0,10
61,5s,4,74,1.136000000000081,0.033999999999991815,0,10
61,5s,4,75,20.261999999999944,2.3980000000000246,1,10
61,5s,4,76,1.7859999999999445,0.044000000000096406,0,10
61,5s,4,77,17.596000000000004,2.3859999999999673,1,10
61,5s,4,78,17.304000000000087,3.594000000000051,1,10
61,5s,4,79,21.273999999999887,3.8759999999999764,1,10
61,5s,4,80,7.463999999999942,0.04800000000000182,0,10
61,5s,4,81,17.261999999999944,2.6900000000000546,1,10
61,5s,4,82,1.1459999999999582,0.11200000000008004,0,10
61,5s,4,83,14.054000000000087,5.433999999999969,1,10
61,5s,4,84,19.27800000000002,3.0960000000000036,1,10
61,5s,4,85,0.31199999999989814,0.052000000000134605,0,10
61,5s,4,86,14.052000000000135,5.523999999999887,1,10
61,5s,4,87,2.61200000000008,0.11999999999989086,0,10
61,5s,4,88,2.7439999999999145,0.07400000000006912,0,10
61,5s,4,89,10.20399999999995,4.1159999999999854,1,10
61,5s,4,90,11.97199999999998,3.683999999999969,1,10
61,5s,4,91,1.86200000000008,0.024000000000114596,0,10
61,5s,4,92,0.43800000000010186,0.05199999999990723,0,10
61,5s,4,93,7.354000000000042,0.03999999999996362,0,10
61,5s,4,94,13.988000000000056,3.72199999999998,1,10
61,5s,4,95,17.903999999999996,2.8579999999999472,1,10
61,5s,4,96,2.5679999999999836,0.020000000000209184,0,10
61,5s,4,97,2.0499999999999545,0.16200000000003456,0,10
61,5s,4,98,14.88799999999992,4.198000000000093,1,10
61,5s,4,99,19.998000000000047,4.317999999999984,1,10
61,5s,4,100,10.064000000000078,,1,10
61,5s,5,1,7.780000000000001,0.045999999999999375,0,10
61,5s,5,2,10.083999999999996,2.0,1,10
61,5s,5,3,9.994,0.018000000000000682,0,10
61,5s,5,4,3.5219999999999914,5.226000000000013,0,10
61,5s,5,5,0.0379999999999967,0.0519999999999925,0,10
61,5s,5,6,3.3599999999999994,5.207999999999998,0,10
61,5s,5,7,0.028000000000005798,0.03599999999998715,0,10
61,5s,5,8,10.49600000000001,2.161999999999992,1,10
61,5s,5,9,10.846000000000004,2.504000000000005,1,10
61,5s,5,10,12.227999999999994,0.30400000000000205,1,10
61,5s,5,11,0.09999999999999432,5.304000000000002,0,10
61,5s,5,12,13.891999999999996,2.5660000000000025,1,10
61,5s,5,13,9.216000000000008,0.06799999999998363,0,10
61,5s,5,14,12.689999999999998,3.6380000000000052,1,10
61,5s,5,15,16.840000000000003,4.593999999999994,1,10
61,5s,5,16,0.5060000000000002,0.055999999999983174,0,10
61,5s,5,17,2.6899999999999977,0.060000000000002274,0,10
61,5s,5,18,0.5900000000000034,0.08400000000000318,0,10
61,5s,5,19,1.0860000000000127,0.055999999999983174,0,10
61,5s,5,20,11.461999999999989,2.2079999999999984,1,10
61,5s,5,21,12.825999999999993,2.093999999999994,1,10
61,5s,5,22,12.807999999999993,2.674000000000035,1,10
61,5s,5,23,0.08799999999996544,5.212000000000046,0,10
61,5s,5,24,0.19199999999995043,5.213999999999999,0,10
61,5s,5,25,12.420000000000016,0.033999999999991815,1,10
61,5s,5,26,0.06200000000001182,2.7620000000000005,0,10
61,5s,5,27,14.04200000000003,2.3460000000000036,1,10
61,5s,5,28,16.48599999999999,2.2280000000000086,1,10
61,5s,5,29,13.95799999999997,2.334000000000003,1,10
61,5s,5,30,6.886000000000024,5.409999999999968,0,10
61,5s,5,31,13.446000000000026,2.099999999999966,1,10
61,5s,5,32,12.951999999999998,2.4600000000000364,1,10
61,5s,5,33,4.98599999999999,5.2339999999999804,0,10
61,5s,5,34,0.5819999999999936,0.038000000000010914,0,10
61,5s,5,35,12.267999999999972,3.165999999999997,1,10
61,5s,5,36,4.874000000000024,5.337999999999965,0,10
61,5s,5,37,0.46399999999999864,0.13800000000003365,0,10
61,5s,5,38,2.1579999999999586,5.2620000000000005,0,10
61,5s,5,39,13.930000000000007,1.7800000000000296,1,10
61,5s,5,40,12.870000000000005,3.5819999999999936,1,10
61,5s,5,41,14.045999999999992,7.171999999999969,1,10
61,5s,5,42,0.4600000000000364,0.012000000000000455,0,10
61,5s,5,43,12.745999999999981,3.0540000000000873,1,10
61,5s,5,44,12.867999999999938,0.07799999999997453,1,10
61,5s,5,45,0.19600000000002638,5.29200000000003,0,10
61,5s,5,46,1.3260000000000218,0.033999999999991815,0,10
61,5s,5,47,15.346000000000004,3.727999999999952,1,10
61,5s,5,48,4.779999999999973,5.61200000000008,0,10
61,5s,5,49,12.271999999999935,2.5439999999999827,1,10
61,5s,5,50,6.304000000000087,0.01999999999998181,0,10
61,5s,5,51,15.589999999999918,1.9060000000000628,1,10
61,5s,5,52,12.947999999999979,3.9500000000000455,1,10
61,5s,5,53,1.5979999999999563,0.04200000000003001,0,10
61,5s,5,54,9.422000000000025,0.009999999999990905,0,10
61,5s,5,55,0.22199999999998,5.166000000000054,0,10
61,5s,5,56,1.509999999999991,0.08199999999999363,0,10
61,5s,5,57,9.34800000000007,5.227999999999952,0,10
61,5s,5,58,2.2659999999999627,5.2280000000000655,0,10
61,5s,5,59,17.237999999999943,2.2040000000000646,1,10
61,5s,5,60,2.641999999999939,0.04399999999998272,0,10
61,5s,5,61,8.709999999999923,5.246000000000095,0,10
61,5s,5,62,13.247999999999934,3.882000000000062,1,10
61,5s,5,63,3.131999999999948,0.04800000000000182,0,10
61,5s,5,64,3.052000000000021,6.17999999999995,0,10
61,5s,5,65,11.470000000000027,4.994000000000028,1,10
61,5s,5,66,14.551999999999907,4.040000000000077,1,10
61,5s,5,67,19.301999999999907,4.108000000000061,1,10
61,5s,5,68,13.394000000000005,5.125999999999976,1,10
61,5s,5,69,4.8940000000000055,0.049999999999954525,0,10
61,5s,5,70,11.697999999999979,3.740000000000009,1,10
61,5s,5,71,0.7759999999999536,0.044000000000096406,0,10
61,5s,5,72,2.377999999999929,5.2000000000000455,0,10
61,5s,5,73,11.727999999999952,2.4480000000000928,1,10
61,5s,5,74,4.419999999999959,5.176000000000045,0,10
61,5s,5,75,0.027999999999906322,0.02400000000000091,0,10
61,5s,5,76,8.512000000000057,5.225999999999999,0,10
61,5s,5,77,0.05999999999994543,0.04200000000003001,0,10
61,5s,5,78,11.863999999999919,0.08400000000006003,1,10
61,5s,5,79,0.03199999999992542,2.76400000000001,0,10
61,5s,5,80,13.238000000000056,2.740000000000009,1,10
61,5s,5,81,1.47199999999998,0.038000000000010914,0,10
61,5s,5,82,15.538000000000011,3.0639999999999645,1,10
61,5s,5,83,15.82000000000005,2.79200000000003,1,10
61,5s,5,84,16.024,4.064000000000078,1,10
61,5s,5,85,19.685999999999922,3.925999999999931,1,10
61,5s,5,86,0.06600000000003092,0.057999999999992724,0,10
61,5s,5,87,21.12200000000007,8.11200000000008,1,10
61,5s,5,88,14.917999999999893,4.504000000000133,1,10
61,5s,5,89,3.709999999999809,5.194000000000187,0,10
61,5s,5,90,0.023999999999887223,0.0340000000001055,0,10
61,5s,5,91,10.756000000000085,2.5779999999999745,1,10
61,5s,5,92,14.059999999999945,2.104000000000042,1,10
61,5s,5,93,6.038000000000011,5.3840000000000146,0,10
61,5s,5,94,15.718000000000075,5.1879999999998745,1,10
61,5s,5,95,15.874000000000024,3.145999999999958,1,10
61,5s,5,96,3.6800000000000637,5.294000000000096,0,10
61,5s,5,97,17.213999999999942,4.183999999999969,1,10
61,5s,5,98,7.468000000000075,5.6039999999998145,0,10
61,5s,5,99,15.450000000000045,0.03600000000005821,1,10
61,5s,5,100,0.044000000000096406,3.3360000000000127,0,10
61,5s,5,101,0.7199999999997999,0.0420000000001437,0,10
61,5s,5,102,0.9339999999999691,0.029999999999972715,0,10
61,5s,5,103,0.5760000000000218,0.018000000000029104,0,10
61,5s,5,104,15.083999999999833,,1,10
61,5s,6,1,9.403999999999996,5.246000000000002,0,10
61,5s,6,2,7.716000000000001,5.384,0,10
61,5s,6,3,11.004000000000005,3.128,1,10
61,5s,6,4,11.181999999999988,2.0520000000000067,1,10
61,5s,6,5,12.465999999999994,2.1920000000000073,1,10
61,5s,6,6,13.269999999999996,3.5940000000000083,1,10
61,5s,6,7,11.835999999999999,4.292000000000002,1,10
61,5s,6,8,14.310000000000002,2.637999999999977,1,10
61,5s,6,9,13.692000000000007,0.018000000000000682,1,10
61,5s,6,10,0.054000000000002046,4.427999999999997,0,10
61,5s,6,11,17.456000000000017,2.445999999999998,1,10
61,5s,6,12,1.8199999999999932,0.038000000000010914,0,10
61,5s,6,13,11.555999999999983,2.848000000000013,1,10
61,5s,6,14,11.667999999999978,2.404000000000025,1,10
61,5s,6,15,13.421999999999997,2.7079999999999984,1,10
61,5s,6,16,12.042000000000002,3.609999999999985,1,10
61,5s,6,17,3.5079999999999814,5.344000000000051,0,10
61,5s,6,18,10.355999999999995,3.4639999999999986,1,10
61,5s,6,19,11.825999999999965,4.343999999999994,1,10
61,5s,6,20,6.617999999999995,5.310000000000002,0,10
61,5s,6,21,12.108000000000004,3.0600000000000023,1,10
61,5s,6,22,0.07800000000003138,0.06999999999999318,0,10
61,5s,6,23,2.0960000000000036,0.12199999999995725,0,10
61,5s,6,24,3.3240000000000123,0.06400000000002137,0,10
61,5s,6,25,8.712000000000046,5.189999999999998,0,10
61,5s,6,26,2.1779999999999973,0.09600000000000364,0,10
61,5s,6,27,10.557999999999993,2.022000000000048,1,10
61,5s,6,28,5.0499999999999545,5.188000000000045,0,10
61,5s,6,29,15.108000000000004,2.2939999999999827,1,10
61,5s,6,30,2.3619999999999663,5.274000000000001,0,10
61,5s,6,31,16.626000000000033,2.495999999999981,1,10
61,5s,6,32,13.960000000000036,0.031999999999982265,1,10
61,5s,6,33,0.033999999999991815,2.1059999999999945,0,10
61,5s,6,34,13.48399999999998,4.848000000000013,1,10
61,5s,6,35,14.432000000000016,3.490000000000009,1,10
61,5s,6,36,10.651999999999987,0.06200000000001182,1,10
61,5s,6,37,0.4199999999999591,5.734000000000037,0,10
61,5s,6,38,14.021999999999991,0.025999999999953616,1,10
61,5s,6,39,0.03600000000005821,2.7859999999999445,0,10
61,5s,6,40,2.0400000000000773,0.053999999999973625,0,10
61,5s,6,41,11.078000000000088,2.5519999999999072,1,10
61,5s,6,42,3.5200000000000955,0.13199999999994816,0,10
61,5s,6,43,14.841999999999985,2.5679999999999836,1,10
61,5s,6,44,1.7279999999999518,0.016000000000076398,0,10
61,5s,6,45,0.57000000000005,0.03599999999994452,0,10
61,5s,6,46,10.141999999999939,0.01999999999998181,1,10
61,5s,6,47,0.06400000000007822,2.161999999999921,0,10
61,5s,6,48,10.062000000000012,0.033999999999991815,1,10
61,5s,6,49,0.44400000000007367,5.231999999999971,0,10
61,5s,6,50,2.2859999999999445,0.026000000000067303,0,10
61,5s,6,51,1.8259999999999081,0.11000000000001364,0,10
61,5s,6,52,13.937999999999988,0.02400000000000091,1,10
61,5s,6,53,0.08600000000001273,3.961999999999989,0,10
61,5s,6,54,11.48599999999999,5.3139999999999645,1,10
61,5s,6,55,4.01400000000001,5.3279999999999745,0,10
61,5s,6,56,2.4279999999999973,0.07000000000005002,0,10
61,5s,6,57,12.384000000000015,0.011999999999943611,1,10
61,5s,6,58,0.08799999999996544,2.1200000000000045,0,10
61,5s,6,59,14.758000000000038,3.3220000000000027,1,10
61,5s,6,60,8.744000000000028,0.041999999999916326,0,10
61,5s,6,61,12.909999999999968,2.074000000000069,1,10
61,5s,6,62,14.247999999999934,4.776000000000067,1,10
61,5s,6,63,0.5559999999999263,5.224000000000046,0,10
61,5s,6,64,1.67999999999995,0.005999999999971806,0,10
61,5s,6,65,0.22400000000004638,5.066000000000031,0,10
61,5s,6,66,1.0639999999999645,0.057999999999992724,0,10
61,5s,6,67,4.621999999999957,0.09600000000000364,0,10
61,5s,6,68,12.495999999999981,2.173999999999978,1,10
61,5s,6,69,12.072000000000003,0.02400000000000091,1,10
61,5s,6,70,0.045999999999935426,5.352000000000089,0,10
61,5s,6,71,11.357999999999947,3.3559999999999945,1,10
61,5s,6,72,4.043999999999983,0.020000000000095497,0,10
61,5s,6,73,0.03799999999989723,0.08400000000006003,0,10
61,5s,6,74,14.475999999999999,2.3759999999999764,1,10
61,5s,6,75,16.48599999999999,3.046000000000049,1,10
61,5s,6,76,17.227999999999952,4.8840000000000146,1,10
61,5s,6,77,20.831999999999994,0.03200000000003911,1,10
61,5s,6,78,0.025999999999953616,4.552000000000021,0,10
61,5s,6,79,15.624000000000024,4.3799999999999955,1,10
61,5s,6,80,1.9020000000000437,0.029999999999972715,0,10
61,5s,6,81,18.081999999999994,3.783999999999992,1,10
61,5s,6,82,2.84800000000007,0.03599999999994452,0,10
61,5s,6,83,17.001999999999953,2.4220000000000255,1,10
61,5s,6,84,17.281999999999925,0.02800000000002001,1,10
61,5s,6,85,0.04399999999998272,6.428000000000111,0,10
61,5s,6,86,17.874000000000024,5.475999999999885,1,10
61,5s,6,87,2.685999999999922,0.07200000000011642,0,10
61,5s,6,88,13.576000000000022,4.566000000000031,1,10
61,5s,6,89,2.7200000000000273,0.02599999999983993,0,10
61,5s,6,90,2.4079999999999018,0.12800000000015643,0,10
61,5s,6,91,12.093999999999824,0.02200000000016189,1,10
61,5s,6,92,0.04600000000004911,3.995999999999867,0,10
61,5s,6,93,15.634000000000015,0.024000000000114596,1,10
61,5s,6,94,0.05199999999990723,4.038000000000011,0,10
61,5s,6,95,6.023999999999887,5.226000000000113,0,10
61,5s,6,96,0.8959999999999582,5.412000000000035,0,10
61,5s,6,97,11.150000000000091,0.023999999999887223,1,10
61,5s,6,98,0.029999999999972715,5.1340000000000146,0,10
61,5s,6,99,1.872000000000071,0.03999999999996362,0,10
61,5s,6,100,14.798000000000002,3.1180000000001655,1,10
61,5s,6,101,12.412000000000035,3.6399999999998727,1,10
61,5s,6,102,8.450000000000045,0.09600000000000364,0,10
61,5s,6,103,0.04599999999982174,0.038000000000010914,0,10
61,5s,6,104,13.533999999999878,0.012000000000170985,1,10
61,5s,6,105,0.03399999999987813,2.622000000000071,0,10
61,5s,6,106,12.347999999999956,4.152000000000044,1,10
61,5s,6,107,13.460000000000036,6.931999999999789,1,10
61,5s,6,108,0.3220000000001164,0.11599999999998545,0,10
61,5s,6,109,13.399999999999864,0.026000000000067303,1,10
61,5s,6,110,0.03999999999996362,4.377999999999929,0,10
61,5s,6,111,12.858000000000175,3.9079999999999018,1,10
61,5s,6,112,13.990000000000009,0.03999999999996362,1,10
61,5s,6,113,0.049999999999954525,3.788000000000011,0,10
61,5s,6,114,16.350000000000136,4.005999999999858,1,10
61,5s,6,115,17.644000000000005,4.501999999999953,1,10
61,5s,6,116,14.938000000000102,,1,10
63,10s,1,1,1.105999999999998,10.143999999999998,0,10
63,10s,1,2,0.10800000000000409,12.308,0,10
63,10s,1,3,4.601999999999997,10.345999999999997,0,10
63,10s,1,4,0.2079999999999984,13.064000000000007,0,10
63,10s,1,5,0.3019999999999925,10.90400000000001,0,10
63,10s,1,6,0.2539999999999907,0.10999999999999943,0,10
63,10s,1,7,1.9579999999999984,0.11599999999999966,0,10
63,10s,1,8,0.2079999999999984,0.09600000000000364,0,10
63,10s,1,9,9.052000000000021,10.377999999999986,0,10
63,10s,1,10,0.24199999999999022,10.168000000000006,0,10
63,10s,1,11,0.09399999999999409,10.594000000000023,0,10
63,10s,1,12,0.34199999999998454,0.15399999999999636,0,10
63,10s,1,13,3.1100000000000136,0.07399999999998386,0,10
63,10s,1,14,0.5220000000000198,10.515999999999991,0,10
63,10s,1,15,0.3160000000000025,0.10800000000000409,0,10
63,10s,1,16,1.8419999999999845,0.09200000000001296,0,10
63,10s,1,17,0.2980000000000018,0.14000000000001478,0,10
63,10s,1,18,0.5740000000000123,0.08400000000000318,0,10
63,10s,1,19,0.5620000000000118,0.06999999999999318,0,10
63,10s,1,20,0.18799999999998818,10.700000000000045,0,10
63,10s,1,21,13.548000000000002,4.545999999999992,1,10
63,10s,1,22,14.033999999999992,4.685999999999979,1,10
63,10s,1,23,9.879999999999995,11.838000000000022,0,10
63,10s,1,24,12.48399999999998,8.834000000000003,1,10
63,10s,1,25,10.006000000000029,3.9420000000000073,1,10
63,10s,1,26,9.507999999999981,12.036000000000001,0,10
63,10s,1,27,12.036000000000001,3.4259999999999877,1,10
63,10s,1,28,9.80400000000003,10.395999999999958,0,10
63,10s,1,29,0.367999999999995,11.572000000000003,0,10
63,10s,1,30,12.302000000000021,2.2200000000000273,1,10
63,10s,1,31,10.849999999999966,3.923999999999978,1,10
63,10s,1,32,12.896000000000015,3.730000000000018,1,10
63,10s,1,33,11.671999999999969,2.986000000000047,1,10
63,10s,1,34,9.930000000000007,11.862000000000023,0,10
63,10s,1,35,12.355999999999995,2.94399999999996,1,10
63,10s,1,36,10.926000000000045,3.2199999999999136,1,10
63,10s,1,37,13.293999999999983,3.6779999999999973,1,10
63,10s,1,38,10.512000000000057,2.032000000000039,1,10
63,10s,1,39,0.03999999999996362,10.581999999999994,0,10
63,10s,1,40,11.913999999999987,4.004000000000019,1,10
63,10s,1,41,11.248000000000047,3.2719999999999345,1,10
63,10s,1,42,9.307999999999993,11.566000000000031,0,10
63,10s,1,43,9.652000000000044,10.965999999999894,0,10
63,10s,1,44,11.050000000000068,4.111999999999966,1,10
63,10s,1,45,13.666000000000054,3.8799999999999955,1,10
63,10s,1,46,11.769999999999982,3.683999999999969,1,10
63,10s,1,47,10.855999999999995,3.796000000000049,1,10
63,10s,1,48,9.507999999999925,10.846000000000004,0,10
63,10s,1,49,10.414000000000101,2.933999999999969,1,10
63,10s,1,50,8.747999999999934,11.594000000000051,0,10
63,10s,1,51,13.676000000000045,2.7299999999999045,1,10
63,10s,1,52,10.940000000000055,3.1639999999999873,1,10
63,10s,1,53,14.365999999999985,3.800000000000068,1,10
63,10s,1,54,9.089999999999918,10.392000000000053,0,10
63,10s,1,55,0.5079999999999245,11.638000000000034,0,10
63,10s,1,56,11.22199999999998,3.8659999999999854,1,10
63,10s,1,57,11.360000000000014,4.298000000000002,1,10
63,10s,1,58,12.701999999999998,4.3659999999999854,1,10
63,10s,1,59,13.996000000000095,5.217999999999961,1,10
63,10s,1,60,13.97199999999998,3.7040000000000646,1,10
63,10s,1,61,11.771999999999935,4.5639999999999645,1,10
63,10s,1,62,12.656000000000063,4.6340000000000146,1,10
63,10s,1,63,11.946000000000026,3.2199999999999136,1,10
63,10s,1,64,12.658000000000015,2.4440000000000737,1,10
63,10s,1,65,12.335999999999899,3.288000000000011,1,10
63,10s,1,66,13.079999999999927,3.7560000000000855,1,10
63,10s,1,67,12.680000000000064,4.861999999999853,1,10
63,10s,1,68,10.786000000000058,4.898000000000138,1,10
63,10s,1,69,10.433999999999969,3.02800000000002,1,10
63,10s,1,70,10.865999999999985,4.031999999999925,1,10
63,10s,1,71,11.213999999999942,5.292000000000144,1,10
63,10s,1,72,12.817999999999984,3.83199999999988,1,10
63,10s,1,73,10.653999999999996,4.744000000000142,1,10
63,10s,1,74,10.135999999999967,3.19399999999996,1,10
63,10s,1,75,0.6320000000000618,0.07799999999997453,0,10
63,10s,1,76,10.950000000000045,3.8479999999999563,1,10
63,10s,1,77,0.83400000000006,0.06400000000007822,0,10
63,10s,1,78,8.682000000000016,11.33400000000006,0,10
63,10s,1,79,11.422000000000025,3.2000000000000455,1,10
63,10s,1,80,10.975999999999885,4.289999999999964,1,10
63,10s,1,81,9.286000000000058,10.804000000000087,0,10
63,10s,1,82,12.723999999999933,4.332000000000107,1,10
63,10s,1,83,9.705999999999904,11.092000000000098,0,10
63,10s,1,84,0.209999999999809,0.052000000000134605,0,10
63,10s,1,85,0.30999999999994543,10.662000000000035,0,10
63,10s,1,86,11.245999999999867,3.3659999999999854,1,10
63,10s,1,87,11.800000000000182,4.767999999999802,1,10
63,10s,1,88,12.826000000000022,4.492000000000189,1,10
63,10s,1,89,0.34199999999987085,0.052000000000134605,0,10
63,10s,1,90,7.753999999999905,11.246000000000095,0,10
63,10s,1,91,11.066000000000031,3.645999999999958,1,10
63,10s,1,92,12.135999999999967,3.380000000000109,1,10
63,10s,1,93,11.83199999999988,4.988000000000056,1,10
63,10s,1,94,11.13799999999992,3.788000000000011,1,10
63,10s,1,95,12.145999999999958,4.3120000000001255,1,10
63,10s,1,96,12.346000000000004,3.7639999999998963,1,10
63,10s,1,97,12.234000000000151,3.3179999999999836,1,10
63,10s,1,98,12.927999999999884,4.0620000000001255,1,10
63,10s,1,99,12.47999999999979,4.512000000000171,1,10
63,10s,1,100,8.16599999999994,,0,10
63,10s,2,1,1.6820000000000022,12.037999999999997,0,10
63,10s,2,2,7.126000000000005,12.223999999999997,0,10
63,10s,2,3,7.7039999999999935,11.450000000000003,0,10
63,10s,2,4,9.430000000000007,11.61399999999999,0,10
63,10s,2,5,9.036000000000001,11.713999999999999,0,10
63,10s,2,6,11.182000000000016,2.6759999999999877,1,10
63,10s,2,7,9.584000000000003,0.0519999999999925,0,10
63,10s,2,8,10.050000000000011,8.651999999999987,1,10
63,10s,2,9,8.792000000000002,10.664000000000016,0,10
63,10s,2,10,10.769999999999982,3.194000000000017,1,10
63,10s,2,11,0.17399999999997817,0.02200000000001978,0,10
63,10s,2,12,1.0180000000000007,11.409999999999997,0,10
63,10s,2,13,8.75800000000001,11.328000000000003,0,10
63,10s,2,14,10.167999999999978,3.54200000000003,1,10
63,10s,2,15,10.447999999999979,5.622000000000014,1,10
63,10s,2,16,10.329999999999984,4.271999999999991,1,10
63,10s,2,17,11.406000000000006,3.329999999999984,1,10
63,10s,2,18,11.436000000000035,3.396000000000015,1,10
63,10s,2,19,12.333999999999946,3.225999999999999,1,10
63,10s,2,20,13.924000000000035,4.789999999999964,1,10
63,10s,2,21,9.822000000000003,10.382000000000005,0,10
63,10s,2,22,0.08199999999999363,10.328000000000031,0,10
63,10s,2,23,1.8899999999999864,12.136000000000024,0,10
63,10s,2,24,10.798000000000002,4.44399999999996,1,10
63,10s,2,25,9.566000000000031,10.23599999999999,0,10
63,10s,2,26,0.4420000000000073,10.343999999999994,0,10
63,10s,2,27,0.6859999999999786,0.11600000000004229,0,10
63,10s,2,28,0.6519999999999868,0.14999999999997726,0,10
63,10s,2,29,12.44399999999996,4.244000000000028,1,10
63,10s,2,30,10.829999999999984,3.2099999999999795,1,10
63,10s,2,31,10.642000000000053,4.477999999999952,1,10
63,10s,2,32,10.700000000000045,3.6340000000000146,1,10
63,10s,2,33,10.581999999999994,3.991999999999962,1,10
63,10s,2,34,14.057999999999993,3.216000000000008,1,10
63,10s,2,35,11.586000000000013,3.1059999999999945,1,10
63,10s,2,36,14.289999999999964,3.022000000000048,1,10
63,10s,2,37,10.491999999999962,2.5159999999999627,1,10
63,10s,2,38,12.914000000000101,3.562000000000012,1,10
63,10s,2,39,11.227999999999952,3.8220000000000027,1,10
63,10s,2,40,11.357999999999947,4.5,1,10
63,10s,2,41,12.114000000000033,4.975999999999999,1,10
63,10s,2,42,8.190000000000055,11.157999999999902,0,10
63,10s,2,43,10.414000000000101,3.3379999999999654,1,10
63,10s,2,44,9.827999999999975,10.754000000000019,0,10
63,10s,2,45,11.105999999999995,3.42999999999995,1,10
63,10s,2,46,11.214000000000055,4.124000000000024,1,10
63,10s,2,47,12.381999999999948,4.642000000000053,1,10
63,10s,2,48,11.933999999999969,5.177999999999997,1,10
63,10s,2,49,12.80600000000004,3.9979999999999336,1,10
63,10s,2,50,12.125999999999976,3.4279999999999973,1,10
63,10s,2,51,11.562000000000012,3.080000000000041,1,10
63,10s,2,52,9.31000000000006,11.155999999999949,0,10
63,10s,2,53,10.05600000000004,3.5,1,10
63,10s,2,54,12.377999999999929,3.8319999999999936,1,10
63,10s,2,55,11.658000000000015,4.008000000000038,1,10
63,10s,2,56,0.33799999999996544,0.05200000000002092,0,10
63,10s,2,57,10.98599999999999,3.524000000000001,1,10
63,10s,2,58,11.158000000000015,2.7040000000000646,1,10
63,10s,2,59,10.329999999999927,4.8940000000000055,1,10
63,10s,2,60,12.02800000000002,3.687999999999988,1,10
63,10s,2,61,12.932000000000016,4.793999999999983,1,10
63,10s,2,62,11.498000000000047,3.3279999999999745,1,10
63,10s,2,63,10.730000000000018,4.090000000000032,1,10
63,10s,2,64,12.833999999999833,3.288000000000011,1,10
63,10s,2,65,10.676000000000158,3.741999999999962,1,10
63,10s,2,66,10.288000000000011,3.755999999999858,1,10
63,10s,2,67,10.060000000000173,4.079999999999927,1,10
63,10s,2,68,13.223999999999933,3.6240000000000236,1,10
63,10s,2,69,10.292000000000144,1.788000000000011,1,10
63,10s,2,70,11.799999999999955,4.079999999999927,1,10
63,10s,2,71,12.720000000000027,3.538000000000011,1,10
63,10s,2,72,10.089999999999918,2.2280000000000655,1,10
63,10s,2,73,12.294000000000096,3.063999999999851,1,10
63,10s,2,74,10.976000000000113,6.4220000000000255,1,10
63,10s,2,75,11.711999999999989,2.7739999999998872,1,10
63,10s,2,76,11.794000000000096,3.1820000000000164,1,10
63,10s,2,77,12.2199999999998,3.4500000000000455,1,10
63,10s,2,78,10.772000000000162,4.189999999999827,1,10
63,10s,2,79,12.062000000000126,5.051999999999907,1,10
63,10s,2,80,11.039999999999964,2.9480000000000928,1,10
63,10s,2,81,13.503999999999905,4.36200000000008,1,10
63,10s,2,82,12.35200000000009,6.1099999999999,1,10
63,10s,2,83,9.526000000000067,11.561999999999898,0,10
63,10s,2,84,9.019999999999982,11.440000000000055,0,10
63,10s,2,85,9.248000000000047,10.817999999999984,0,10
63,10s,2,86,9.698000000000093,11.645999999999958,0,10
63,10s,2,87,10.483999999999924,3.5160000000000764,1,10
63,10s,2,88,11.635999999999967,4.480000000000018,1,10
63,10s,2,89,14.861999999999853,3.132000000000062,1,10
63,10s,2,90,12.450000000000045,4.329999999999927,1,10
63,10s,2,91,11.754000000000133,3.8799999999998818,1,10
63,10s,2,92,12.788000000000011,7.97199999999998,1,10
63,10s,2,93,11.36200000000008,3.769999999999982,1,10
63,10s,2,94,9.965999999999894,10.994000000000142,0,10
63,10s,2,95,8.515999999999849,10.900000000000091,0,10
63,10s,2,96,12.642000000000053,2.173999999999978,1,10
63,10s,2,97,0.14400000000000546,10.607999999999947,0,10
63,10s,2,98,9.0,10.92599999999993,0,10
63,10s,2,99,11.180000000000064,3.655999999999949,1,10
63,10s,2,100,10.872000000000071,,1,10
63,10s,3,1,6.934000000000001,11.322000000000003,0,10
63,10s,3,2,10.869999999999997,4.123999999999995,1,10
63,10s,3,3,10.762,3.686000000000007,1,10
63,10s,3,4,10.542000000000002,7.1299999999999955,1,10
63,10s,3,5,10.242000000000004,3.048000000000002,1,10
63,10s,3,6,13.297999999999988,8.135999999999996,1,10
63,10s,3,7,11.171999999999997,8.832000000000022,1,10
63,10s,3,8,10.364000000000004,3.823999999999984,1,10
63,10s,3,9,11.918000000000006,3.789999999999992,1,10
63,10s,3,10,10.658000000000015,3.441999999999979,1,10
63,10s,3,11,12.302000000000021,4.97799999999998,1,10
63,10s,3,12,0.14799999999999613,0.10600000000002296,0,10
63,10s,3,13,0.6500000000000057,0.054000000000002046,0,10
63,10s,3,14,9.823999999999984,11.920000000000016,0,10
63,10s,3,15,10.038000000000011,4.551999999999964,1,10
63,10s,3,16,11.008000000000038,4.581999999999994,1,10
63,10s,3,17,12.089999999999975,3.6480000000000246,1,10
63,10s,3,18,10.216000000000008,4.0020000000000095,1,10
63,10s,3,19,11.479999999999961,6.3840000000000146,1,10
63,10s,3,20,12.740000000000009,3.8659999999999854,1,10
63,10s,3,21,10.995999999999981,2.8780000000000427,1,10
63,10s,3,22,12.383999999999958,3.5600000000000023,1,10
63,10s,3,23,13.188000000000045,3.798000000000002,1,10
63,10s,3,24,12.989999999999952,3.7240000000000464,1,10
63,10s,3,25,11.663999999999987,6.4319999999999595,1,10
63,10s,3,26,13.348000000000013,3.7100000000000364,1,10
63,10s,3,27,14.851999999999975,3.3500000000000227,1,10
63,10s,3,28,11.383999999999958,1.896000000000015,1,10
63,10s,3,29,12.01400000000001,8.75200000000001,1,10
63,10s,3,30,10.819999999999993,5.0499999999999545,1,10
63,10s,3,31,15.036000000000058,4.279999999999973,1,10
63,10s,3,32,12.187999999999988,7.259999999999991,1,10
63,10s,3,33,0.37000000000000455,0.07200000000000273,0,10
63,10s,3,34,8.732000000000085,12.139999999999986,0,10
63,10s,3,35,10.403999999999996,3.8519999999999754,1,10
63,10s,3,36,13.20399999999995,4.906000000000063,1,10
63,10s,3,37,11.668000000000006,3.891999999999939,1,10
63,10s,3,38,12.094000000000051,3.8659999999999854,1,10
63,10s,3,39,11.25,4.094000000000051,1,10
63,10s,3,40,11.185999999999922,3.844000000000051,1,10
63,10s,3,41,11.682000000000016,3.759999999999991,1,10
63,10s,3,42,10.629999999999995,3.8199999999999363,1,10
63,10s,3,43,11.108000000000061,3.589999999999918,1,10
63,10s,3,44,10.927999999999997,4.1860000000000355,1,10
63,10s,3,45,9.817999999999984,11.774000000000001,0,10
63,10s,3,46,11.632000000000062,3.51400000000001,1,10
63,10s,3,47,11.956000000000017,3.5019999999999527,1,10
63,10s,3,48,16.043999999999983,6.210000000000036,1,10
63,10s,3,49,10.01400000000001,3.87399999999991,1,10
63,10s,3,50,11.168000000000006,3.6940000000000737,1,10
63,10s,3,51,9.40199999999993,10.951999999999998,0,10
63,10s,3,52,11.06000000000006,3.8719999999999573,1,10
63,10s,3,53,11.090000000000032,4.912000000000035,1,10
63,10s,3,54,10.754000000000019,3.2199999999999136,1,10
63,10s,3,55,13.73599999999999,4.470000000000027,1,10
63,10s,3,56,10.676000000000045,2.8099999999999454,1,10
63,10s,3,57,10.653999999999996,3.4160000000000537,1,10
63,10s,3,58,12.725999999999999,4.491999999999962,1,10
63,10s,3,59,10.033999999999992,3.550000000000068,1,10
63,10s,3,60,11.617999999999938,3.6240000000000236,1,10
63,10s,3,61,11.870000000000005,3.939999999999941,1,10
63,10s,3,62,9.96000000000015,10.343999999999824,0,10
63,10s,3,63,0.2480000000000473,10.412000000000035,0,10
63,10s,3,64,0.8279999999999745,11.920000000000073,0,10
63,10s,3,65,7.011999999999944,10.355999999999995,0,10
63,10s,3,66,0.7019999999999982,7.096000000000004,0,10
63,10s,3,67,9.773999999999887,11.38799999999992,0,10
63,10s,3,68,14.298000000000002,4.920000000000073,1,10
63,10s,3,69,14.223999999999933,4.1720000000000255,1,10
63,10s,3,70,11.486000000000104,4.889999999999873,1,10
63,10s,3,71,16.138000000000147,4.809999999999945,1,10
63,10s,3,72,9.905999999999949,11.134000000000015,0,10
63,10s,3,73,0.40000000000009095,0.057999999999992724,0,10
63,10s,3,74,9.279999999999973,10.410000000000082,0,10
63,10s,3,75,0.2179999999998472,11.172000000000025,0,10
63,10s,3,76,10.10200000000009,2.867999999999938,1,10
63,10s,3,77,14.529999999999973,4.294000000000096,1,10
63,10s,3,78,11.463999999999942,3.6800000000000637,1,10
63,10s,3,79,10.412000000000035,3.877999999999929,1,10
63,10s,3,80,11.559999999999945,4.632000000000062,1,10
63,10s,3,81,13.663999999999987,3.589999999999918,1,10
63,10s,3,82,10.403999999999996,4.290000000000191,1,10
63,10s,3,83,10.663999999999987,3.683999999999969,1,10
63,10s,3,84,9.201999999999998,11.652000000000044,0,10
63,10s,3,85,8.192000000000007,11.083999999999833,0,10
63,10s,3,86,8.864000000000033,10.809999999999945,0,10
63,10s,3,87,9.498000000000047,11.1400000000001,0,10
63,10s,3,88,11.019999999999982,2.13799999999992,1,10
63,10s,3,89,9.91800000000012,10.94399999999996,0,10
63,10s,3,90,12.837999999999965,5.170000000000073,1,10
63,10s,3,91,10.045999999999822,3.288000000000011,1,10
63,10s,3,92,10.670000000000073,3.494000000000142,1,10
63,10s,3,93,9.47199999999998,11.355999999999995,0,10
63,10s,3,94,10.399999999999864,3.201999999999998,1,10
63,10s,3,95,8.355999999999995,10.846000000000004,0,10
63,10s,3,96,9.817999999999984,11.52800000000002,0,10
63,10s,3,97,9.504000000000133,11.253999999999905,0,10
63,10s,3,98,9.576000000000022,10.983999999999924,0,10
63,10s,3,99,10.557999999999993,3.5920000000000982,1,10
63,10s,3,100,11.877999999999929,,1,10
63,10s,4,1,6.871999999999996,11.376000000000005,0,10
63,10s,4,2,8.738,10.832,0,10
63,10s,4,3,9.843999999999994,10.39800000000001,0,10
63,10s,4,4,0.28999999999999204,11.772000000000006,0,10
63,10s,4,5,10.158000000000001,3.6099999999999994,1,10
63,10s,4,6,9.257999999999996,10.668000000000006,0,10
63,10s,4,7,13.007999999999981,4.552000000000021,1,10
63,10s,4,8,11.207999999999998,4.013999999999982,1,10
63,10s,4,9,0.1360000000000241,0.07999999999998408,0,10
63,10s,4,10,0.09399999999999409,10.919999999999987,0,10
63,10s,4,11,10.942000000000007,3.5660000000000025,1,10
63,10s,4,12,11.569999999999993,4.216000000000008,1,10
63,10s,4,13,9.482,11.00800000000001,0,10
63,10s,4,14,9.847999999999985,10.691999999999979,0,10
63,10s,4,15,9.432000000000016,11.172000000000025,0,10
63,10s,4,16,13.197999999999979,4.050000000000011,1,10
63,10s,4,17,13.363999999999976,4.795999999999992,1,10
63,10s,4,18,10.704000000000008,3.8780000000000427,1,10
63,10s,4,19,9.527999999999963,10.900000000000034,0,10
63,10s,4,20,13.521999999999991,4.687999999999988,1,10
63,10s,4,21,13.012,5.451999999999998,1,10
63,10s,4,22,10.507999999999981,3.5640000000000214,1,10
63,10s,4,23,9.658000000000015,10.605999999999995,0,10
63,10s,4,24,11.656000000000006,3.7439999999999714,1,10
63,10s,4,25,11.314000000000021,0.7239999999999895,1,10
63,10s,4,26,0.18999999999999773,11.435999999999979,0,10
63,10s,4,27,10.903999999999996,9.00200000000001,1,10
63,10s,4,28,8.53000000000003,10.954000000000008,0,10
63,10s,4,29,12.637999999999977,3.258000000000038,1,10
63,10s,4,30,8.725999999999999,11.117999999999938,0,10
63,10s,4,31,12.026000000000067,3.5659999999999172,1,10
63,10s,4,32,13.283999999999992,3.5260000000000673,1,10
63,10s,4,33,12.317999999999984,3.92999999999995,1,10
63,10s,4,34,11.403999999999996,3.5200000000000955,1,10
63,10s,4,35,12.253999999999905,3.2000000000000455,1,10
63,10s,4,36,10.454000000000065,3.8759999999999764,1,10
63,10s,4,37,11.211999999999989,3.504000000000019,1,10
63,10s,4,38,10.577999999999975,4.451999999999998,1,10
63,10s,4,39,11.481999999999971,2.51400000000001,1,10
63,10s,4,40,11.392000000000053,3.7239999999999327,1,10
63,10s,4,41,11.58400000000006,4.525999999999954,1,10
63,10s,4,42,13.080000000000041,3.481999999999971,1,10
63,10s,4,43,13.495999999999981,3.4780000000000655,1,10
63,10s,4,44,10.505999999999972,3.802000000000021,1,10
63,10s,4,45,11.1099999999999,3.9200000000000728,1,10
63,10s,4,46,10.65199999999993,2.6140000000000327,1,10
63,10s,4,47,10.344000000000051,4.398000000000025,1,10
63,10s,4,48,9.951999999999998,11.021999999999935,0,10
63,10s,4,49,10.508000000000038,4.625999999999976,1,10
63,10s,4,50,10.629999999999995,6.087999999999965,1,10
63,10s,4,51,8.927999999999997,10.80600000000004,0,10
63,10s,4,52,12.057999999999993,6.024000000000001,1,10
63,10s,4,53,0.20000000000004547,0.03999999999996362,0,10
63,10s,4,54,9.286000000000058,10.855999999999995,0,10
63,10s,4,55,11.263999999999896,4.3840000000000146,1,10
63,10s,4,56,10.618000000000052,4.6340000000000146,1,10
63,10s,4,57,11.370000000000005,3.689999999999941,1,10
63,10s,4,58,10.768000000000029,3.8759999999999764,1,10
63,10s,4,59,10.104000000000042,5.912000000000035,1,10
63,10s,4,60,9.495999999999981,10.659999999999968,0,10
63,10s,4,61,10.748000000000047,4.349999999999909,1,10
63,10s,4,62,9.024000000000115,11.317999999999984,0,10
63,10s,4,63,12.412000000000035,5.611999999999853,1,10
63,10s,4,64,11.774000000000115,4.490000000000009,1,10
63,10s,4,65,11.781999999999925,1.5820000000001073,1,10
63,10s,4,66,0.07999999999992724,11.197999999999865,0,10
63,10s,4,67,10.092000000000098,4.198000000000093,1,10
63,10s,4,68,9.571999999999889,11.208000000000084,0,10
63,10s,4,69,8.569999999999936,10.923999999999978,0,10
63,10s,4,70,9.759999999999991,10.948000000000093,0,10
63,10s,4,71,10.653999999999996,4.169999999999845,1,10
63,10s,4,72,10.024000000000115,0.5519999999999072,1,10
63,10s,4,73,0.13800000000014734,11.005999999999858,0,10
63,10s,4,74,9.894000000000005,10.922000000000025,0,10
63,10s,4,75,9.326000000000022,11.107999999999947,0,10
63,10s,4,76,10.090000000000146,4.389999999999873,1,10
63,10s,4,77,9.756000000000085,11.107999999999947,0,10
63,10s,4,78,11.413999999999987,28.85200000000009,1,10
63,10s,4,79,9.80399999999986,11.348000000000184,0,10
63,10s,4,80,0.07999999999992724,10.930000000000064,0,10
63,10s,4,81,7.735999999999876,10.983999999999924,0,10
63,10s,4,82,12.688000000000102,3.102000000000089,1,10
63,10s,4,83,13.629999999999882,11.238000000000056,1,10
63,10s,4,84,12.018000000000029,4.4220000000000255,1,10
63,10s,4,85,9.960000000000036,10.463999999999942,0,10
63,10s,4,86,14.089999999999918,0.33799999999996544,1,10
63,10s,4,87,0.5340000000001055,10.569999999999936,0,10
63,10s,4,88,13.286000000000058,4.051999999999907,1,10
63,10s,4,89,11.08400000000006,3.6340000000000146,1,10
63,10s,4,90,13.948000000000093,4.535999999999831,1,10
63,10s,4,91,10.855999999999995,3.9960000000000946,1,10
63,10s,4,92,10.326000000000022,3.3019999999999072,1,10
63,10s,4,93,10.538000000000011,4.648000000000138,1,10
63,10s,4,94,11.33199999999988,4.018000000000029,1,10
63,10s,4,95,6.713999999999942,10.66599999999994,0,10
63,10s,4,96,12.368000000000166,0.11599999999998545,1,10
63,10s,4,97,0.32999999999992724,10.981999999999971,0,10
63,10s,4,98,14.004000000000133,3.155999999999949,1,10
63,10s,4,99,14.307999999999993,4.809999999999945,1,10
63,10s,4,100,10.110000000000127,,1,10
63,10s,5,1,0.18599999999999994,11.335999999999999,0,10
63,10s,5,2,5.6540000000000035,11.089999999999996,0,10
63,10s,5,3,9.662000000000006,11.219999999999999,0,10
63,10s,5,4,12.322000000000003,4.461999999999989,1,10
63,10s,5,5,13.305999999999997,3.734000000000009,1,10
63,10s,5,6,12.039999999999992,2.935999999999993,1,10
63,10s,5,7,11.686000000000007,5.096000000000004,1,10
63,10s,5,8,10.098000000000013,3.671999999999997,1,10
63,10s,5,9,9.98599999999999,10.902000000000015,0,10
63,10s,5,10,14.037999999999982,5.2479999999999905,1,10
63,10s,5,11,13.832000000000022,3.7419999999999902,1,10
63,10s,5,12,13.081999999999994,4.25800000000001,1,10
63,10s,5,13,11.46799999999999,3.0700000000000216,1,10
63,10s,5,14,10.277999999999992,5.3840000000000146,1,10
63,10s,5,15,10.978000000000009,4.131999999999948,1,10
63,10s,5,16,13.996000000000038,3.183999999999969,1,10
63,10s,5,17,11.908000000000015,3.5020000000000095,1,10
63,10s,5,18,16.012,3.2579999999999814,1,10
63,10s,5,19,7.254000000000019,10.942000000000007,0,10
63,10s,5,20,14.555999999999983,0.45400000000000773,1,10
63,10s,5,21,0.06799999999998363,10.51600000000002,0,10
63,10s,5,22,14.401999999999987,3.2939999999999827,1,10
63,10s,5,23,15.022000000000048,4.575999999999965,1,10
63,10s,5,24,14.73599999999999,3.6380000000000337,1,10
63,10s,5,25,12.605999999999995,3.6639999999999873,1,10
63,10s,5,26,11.391999999999996,4.316000000000031,1,10
63,10s,5,27,12.060000000000002,2.8999999999999773,1,10
63,10s,5,28,10.826000000000022,3.8279999999999745,1,10
63,10s,5,29,15.158000000000015,3.041999999999973,1,10
63,10s,5,30,12.95799999999997,3.36200000000008,1,10
63,10s,5,31,12.43999999999994,3.272000000000048,1,10
63,10s,5,32,10.72199999999998,3.5939999999999372,1,10
63,10s,5,33,10.900000000000091,4.045999999999935,1,10
63,10s,5,34,10.144000000000005,3.1140000000000327,1,10
63,10s,5,35,9.870000000000005,10.751999999999953,0,10
63,10s,5,36,13.498000000000047,3.5960000000000036,1,10
63,10s,5,37,12.798000000000002,3.5579999999999927,1,10
63,10s,5,38,9.932000000000016,10.898000000000025,0,10
63,10s,5,39,13.655999999999949,3.975999999999999,1,10
63,10s,5,40,9.871999999999957,10.780000000000086,0,10
63,10s,5,41,19.011999999999944,3.4260000000000446,1,10
63,10s,5,42,12.168000000000006,5.459999999999923,1,10
63,10s,5,43,9.533999999999992,11.009999999999991,0,10
63,10s,5,44,15.536000000000058,4.361999999999966,1,10
63,10s,5,45,9.586000000000013,10.716000000000008,0,10
63,10s,5,46,13.168000000000006,3.774000000000001,1,10
63,10s,5,47,12.895999999999958,4.512000000000057,1,10
63,10s,5,48,14.535999999999945,2.810000000000059,1,10
63,10s,5,49,12.216000000000008,4.199999999999932,1,10
63,10s,5,50,14.557999999999993,3.6580000000000155,1,10
63,10s,5,51,13.009999999999991,3.3920000000000528,1,10
63,10s,5,52,9.403999999999996,10.850000000000023,0,10
63,10s,5,53,14.641999999999939,2.9080000000000155,1,10
63,10s,5,54,10.358000000000061,0.7719999999999345,1,10
63,10s,5,55,0.06200000000001182,12.855999999999995,0,10
63,10s,5,56,13.330000000000041,2.8179999999999836,1,10
63,10s,5,57,0.2139999999999418,10.916000000000054,0,10
63,10s,5,58,13.341999999999985,6.923999999999978,1,10
63,10s,5,59,9.984000000000037,10.861999999999966,0,10
63,10s,5,60,11.92599999999993,4.624000000000024,1,10
63,10s,5,61,10.050000000000182,3.505999999999858,1,10
63,10s,5,62,10.736000000000104,0.6739999999999782,1,10
63,10s,5,63,0.05600000000004002,10.771999999999935,0,10
63,10s,5,64,13.844000000000051,3.4600000000000364,1,10
63,10s,5,65,11.381999999999834,4.364000000000033,1,10
63,10s,5,66,12.518000000000029,4.02800000000002,1,10
63,10s,5,67,9.403999999999996,10.682000000000016,0,10
63,10s,5,68,14.670000000000073,4.285999999999831,1,10
63,10s,5,69,10.29600000000005,3.75,1,10
63,10s,5,70,11.057999999999993,8.188000000000102,1,10
63,10s,5,71,11.717999999999847,4.288000000000011,1,10
63,10s,5,72,10.923999999999978,3.0,1,10
63,10s,5,73,15.817999999999984,3.3780000000001564,1,10
63,10s,5,74,11.14799999999991,4.458000000000084,1,10
63,10s,5,75,9.460000000000036,10.799999999999955,0,10
63,10s,5,76,11.498000000000047,4.179999999999836,1,10
63,10s,5,77,9.882000000000062,11.150000000000091,0,10
63,10s,5,78,13.843999999999824,4.576000000000022,1,10
63,10s,5,79,12.100000000000136,5.189999999999827,1,10
63,10s,5,80,0.8260000000000218,0.04600000000004911,0,10
63,10s,5,81,9.481999999999971,12.183999999999969,0,10
63,10s,5,82,13.820000000000164,4.773999999999887,1,10
63,10s,5,83,12.254000000000133,4.8539999999998145,1,10
63,10s,5,84,11.33400000000006,3.1200000000001182,1,10
63,10s,5,85,14.34199999999987,3.872000000000071,1,10
63,10s,5,86,11.695999999999913,3.908000000000129,1,10
63,10s,5,87,11.669999999999845,4.430000000000064,1,10
63,10s,5,88,12.026000000000067,7.237999999999829,1,10
63,10s,5,89,13.072000000000116,4.529999999999973,1,10
63,10s,5,90,11.003999999999905,5.892000000000053,1,10
63,10s,5,91,10.854000000000042,4.195999999999913,1,10
63,10s,5,92,12.13000000000011,3.5,1,10
63,10s,5,93,8.75,11.405999999999949,0,10
63,10s,5,94,11.69399999999996,4.524000000000115,1,10
63,10s,5,95,11.187999999999874,5.542000000000144,1,10
63,10s,5,96,9.240000000000009,10.655999999999949,0,10
63,10s,5,97,10.316000000000031,4.629999999999882,1,10
63,10s,5,98,9.966000000000122,11.672000000000025,0,10
63,10s,5,99,11.412000000000035,5.0779999999999745,1,10
63,10s,5,100,11.864000000000033,,1,10
63,10s,6,1,0.892000000000003,0.054000000000002046,0,10
63,10s,6,2,11.350000000000001,3.8100000000000023,1,10
63,10s,6,3,12.590000000000003,4.3799999999999955,1,10
63,10s,6,4,8.480000000000004,11.093999999999994,0,10
63,10s,6,5,14.11,3.6359999999999957,1,10
63,10s,6,6,10.272000000000006,3.3880000000000052,1,10
63,10s,6,7,12.436000000000007,6.807999999999993,1,10
63,10s,6,8,10.786000000000001,4.042000000000002,1,10
63,10s,6,9,10.615999999999985,2.842000000000013,1,10
63,10s,6,10,12.913999999999987,4.463999999999999,1,10
63,10s,6,11,9.858000000000004,11.460000000000008,0,10
63,10s,6,12,13.141999999999996,0.6399999999999864,1,10
63,10s,6,13,0.0660000000000025,11.310000000000002,0,10
63,10s,6,14,13.168000000000006,3.186000000000007,1,10
63,10s,6,15,10.331999999999994,3.5299999999999727,1,10
63,10s,6,16,0.2340000000000373,10.954000000000008,0,10
63,10s,6,17,11.305999999999983,3.552000000000021,1,10
63,10s,6,18,9.611999999999966,10.783999999999992,0,10
63,10s,6,19,10.222000000000037,3.9799999999999613,1,10
63,10s,6,20,11.772000000000048,3.8659999999999854,1,10
63,10s,6,21,11.608000000000004,3.716000000000008,1,10
63,10s,6,22,0.3779999999999859,0.01799999999997226,0,10
63,10s,6,23,11.798000000000002,3.6639999999999873,1,10
63,10s,6,24,10.103999999999985,6.954000000000008,1,10
63,10s,6,25,8.744000000000028,10.632000000000005,0,10
63,10s,6,26,11.557999999999993,3.2239999999999895,1,10
63,10s,6,27,12.286000000000001,12.093999999999994,1,10
63,10s,6,28,12.98399999999998,4.680000000000007,1,10
63,10s,6,29,12.52600000000001,6.768000000000029,1,10
63,10s,6,30,12.141999999999939,10.210000000000036,1,10
63,10s,6,31,10.274000000000001,3.4400000000000546,1,10
63,10s,6,32,10.131999999999948,6.990000000000009,1,10
63,10s,6,33,10.68999999999994,3.3220000000000027,1,10
63,10s,6,34,12.002000000000066,3.201999999999998,1,10
63,10s,6,35,0.2400000000000091,0.06399999999996453,0,10
63,10s,6,36,0.5960000000000036,0.09400000000005093,0,10
63,10s,6,37,11.912000000000035,4.048000000000002,1,10
63,10s,6,38,15.029999999999973,3.9360000000000355,1,10
63,10s,6,39,8.535999999999945,10.538000000000011,0,10
63,10s,6,40,11.42999999999995,4.9640000000000555,1,10
63,10s,6,41,10.754000000000019,3.939999999999941,1,10
63,10s,6,42,15.966000000000008,3.574000000000069,1,10
63,10s,6,43,8.990000000000009,11.073999999999955,0,10
63,10s,6,44,15.525999999999954,3.201999999999998,1,10
63,10s,6,45,10.129999999999995,3.36200000000008,1,10
63,10s,6,46,10.322000000000003,7.815999999999917,1,10
63,10s,6,47,9.482000000000085,10.576000000000022,0,10
63,10s,6,48,11.089999999999918,4.324000000000069,1,10
63,10s,6,49,11.323999999999955,2.774000000000001,1,10
63,10s,6,50,13.95399999999995,4.872000000000071,1,10
63,10s,6,51,11.247999999999934,4.152000000000044,1,10
63,10s,6,52,10.515999999999963,3.900000000000091,1,10
63,10s,6,53,10.879999999999995,4.259999999999991,1,10
63,10s,6,54,9.365999999999985,10.659999999999968,0,10
63,10s,6,55,12.615999999999985,5.8799999999999955,1,10
63,10s,6,56,13.55600000000004,3.4739999999999327,1,10
63,10s,6,57,11.808000000000106,3.3019999999999072,1,10
63,10s,6,58,13.076000000000022,3.481999999999971,1,10
63,10s,6,59,13.150000000000091,5.065999999999917,1,10
63,10s,6,60,10.091999999999985,3.3940000000000055,1,10
63,10s,6,61,12.026000000000067,3.5239999999998872,1,10
63,10s,6,62,10.61200000000008,4.016000000000076,1,10
63,10s,6,63,10.111999999999853,4.838000000000193,1,10
63,10s,6,64,11.727999999999838,4.011999999999944,1,10
63,10s,6,65,11.590000000000146,4.269999999999982,1,10
63,10s,6,66,15.183999999999969,5.774000000000115,1,10
63,10s,6,67,11.767999999999802,3.211999999999989,1,10
63,10s,6,68,8.540000000000191,11.295999999999822,0,10
63,10s,6,69,11.018000000000029,4.029999999999973,1,10
63,10s,6,70,11.746000000000095,5.104000000000042,1,10
63,10s,6,71,12.738000000000056,5.183999999999969,1,10
63,10s,6,72,10.663999999999987,6.069999999999936,1,10
63,10s,6,73,10.407999999999902,4.8400000000001455,1,10
63,10s,6,74,11.347999999999956,5.009999999999991,1,10
63,10s,6,75,10.620000000000118,4.255999999999858,1,10
63,10s,6,76,11.912000000000035,3.882000000000062,1,10
63,10s,6,77,9.821999999999889,11.240000000000009,0,10
63,10s,6,78,8.837999999999965,10.6400000000001,0,10
63,10s,6,79,11.261999999999944,3.688000000000102,1,10
63,10s,6,80,11.364000000000033,5.171999999999798,1,10
63,10s,6,81,10.08400000000006,4.682000000000016,1,10
63,10s,6,82,7.963999999999942,10.688000000000102,0,10
63,10s,6,83,9.894000000000005,10.885999999999967,0,10
63,10s,6,84,10.089999999999918,4.336000000000013,1,10
63,10s,6,85,8.009999999999991,11.115999999999985,0,10
63,10s,6,86,10.682000000000016,4.852000000000089,1,10
63,10s,6,87,9.385999999999967,10.839999999999918,0,10
63,10s,6,88,11.758000000000038,3.22199999999998,1,10
63,10s,6,89,12.79600000000005,3.4580000000000837,1,10
63,10s,6,90,11.513999999999896,4.026000000000067,1,10
63,10s,6,91,11.907999999999902,3.52800000000002,1,10
63,10s,6,92,12.403999999999996,4.650000000000091,1,10
63,10s,6,93,9.44399999999996,10.766000000000076,0,10
63,10s,6,94,11.836000000000013,3.6820000000000164,1,10
63,10s,6,95,11.977999999999838,3.814000000000078,1,10
63,10s,6,96,10.205999999999904,3.714000000000169,1,10
63,10s,6,97,12.577999999999975,4.382000000000062,1,10
63,10s,6,98,9.27599999999984,10.6400000000001,0,10
63,10s,6,99,9.980000000000018,10.973999999999933,0,10
63,10s,6,100,11.200000000000045,,1,10
64,10s,1,1,0.12399999999999878,10.984000000000002,0,10
64,10s,1,2,0.117999999999995,10.790000000000006,0,10
64,10s,1,3,0.0899999999999963,10.572000000000003,0,10
64,10s,1,4,12.833999999999996,2.671999999999997,1,10
64,10s,1,5,14.468000000000004,2.4740000000000038,1,10
64,10s,1,6,17.427999999999997,3.9620000000000033,1,10
64,10s,1,7,0.2079999999999984,0.04200000000000159,0,10
64,10s,1,8,13.963999999999999,12.665999999999997,1,10
64,10s,1,9,13.494,2.926000000000016,1,10
64,10s,1,10,17.45999999999998,4.27000000000001,1,10
64,10s,1,11,16.69999999999999,3.662000000000006,1,10
64,10s,1,12,14.144000000000005,3.3160000000000025,1,10
64,10s,1,13,11.512,2.906000000000006,1,10
64,10s,1,14,14.129999999999967,3.7200000000000273,1,10
64,10s,1,15,14.942000000000007,4.009999999999991,1,10
64,10s,1,16,14.240000000000009,3.461999999999989,1,10
64,10s,1,17,11.79000000000002,18.875999999999976,1,10
64,10s,1,18,15.382000000000005,3.4259999999999877,1,10
64,10s,1,19,10.908000000000015,3.6159999999999854,1,10
64,10s,1,20,15.855999999999995,3.3799999999999955,1,10
64,10s,1,21,13.146000000000015,3.4560000000000173,1,10
64,10s,1,22,12.75200000000001,3.2860000000000014,1,10
64,10s,1,23,14.427999999999997,4.899999999999977,1,10
64,10s,1,24,16.714,3.283999999999992,1,10
64,10s,1,25,16.910000000000025,4.574000000000012,1,10
64,10s,1,26,11.143999999999949,3.840000000000032,1,10
64,10s,1,27,14.170000000000016,3.5720000000000027,1,10
64,10s,1,28,14.836000000000013,4.463999999999942,1,10
64,10s,1,29,14.51400000000001,3.9500000000000455,1,10
64,10s,1,30,12.593999999999937,7.988000000000056,1,10
64,10s,1,31,14.101999999999975,4.391999999999939,1,10
64,10s,1,32,13.840000000000032,6.564000000000078,1,10
64,10s,1,33,12.231999999999971,2.7719999999999345,1,10
64,10s,1,34,14.674000000000092,3.0459999999999354,1,10
64,10s,1,35,13.426000000000045,3.8600000000000136,1,10
64,10s,1,36,14.283999999999992,3.391999999999939,1,10
64,10s,1,37,14.437999999999988,2.7140000000000555,1,10
64,10s,1,38,11.653999999999996,3.4080000000000155,1,10
64,10s,1,39,16.043999999999983,8.827999999999975,1,10
64,10s,1,40,14.690000000000055,3.089999999999918,1,10
64,10s,1,41,13.788000000000011,3.72199999999998,1,10
64,10s,1,42,0.7259999999999991,0.022000000000048203,0,10
64,10s,1,43,11.847999999999956,2.783999999999992,1,10
64,10s,1,44,0.8700000000000045,0.04800000000000182,0,10
64,10s,1,45,16.233999999999924,3.5860000000000127,1,10
64,10s,1,46,13.252000000000066,2.38799999999992,1,10
64,10s,1,47,12.150000000000091,2.5519999999999072,1,10
64,10s,1,48,13.532000000000039,2.6299999999999955,1,10
64,10s,1,49,1.32000000000005,0.021999999999934516,0,10
64,10s,1,50,13.727999999999952,3.046000000000049,1,10
64,10s,1,51,0.39599999999995816,0.012000000000057298,0,10
64,10s,1,52,16.502000000000066,1.92999999999995,1,10
64,10s,1,53,14.108000000000061,2.189999999999941,1,10
64,10s,1,54,12.998000000000047,2.201999999999998,1,10
64,10s,1,55,1.316000000000031,0.03799999999989723,0,10
64,10s,1,56,17.75999999999999,2.02800000000002,1,10
64,10s,1,57,14.289999999999964,3.05600000000004,1,10
64,10s,1,58,12.097999999999956,3.174000000000092,1,10
64,10s,1,59,13.163999999999987,5.251999999999953,1,10
64,10s,1,60,10.83400000000006,2.8519999999998618,1,10
64,10s,1,61,15.172000000000025,2.6079999999999472,1,10
64,10s,1,62,0.7100000000000364,0.052000000000134605,0,10
64,10s,1,63,15.8900000000001,3.617999999999938,1,10
64,10s,1,64,14.900000000000091,2.980000000000018,1,10
64,10s,1,65,1.0860000000000127,0.04399999999986903,0,10
64,10s,1,66,14.295999999999822,2.6440000000000055,1,10
64,10s,1,67,10.794000000000096,2.7619999999999436,1,10
64,10s,1,68,0.40200000000004366,0.029999999999972715,0,10
64,10s,1,69,13.036000000000058,2.6399999999998727,1,10
64,10s,1,70,16.660000000000082,2.4980000000000473,1,10
64,10s,1,71,16.82400000000007,2.9659999999998945,1,10
64,10s,1,72,11.662000000000035,2.3179999999999836,1,10
64,10s,1,73,0.33400000000006,0.04599999999982174,0,10
64,10s,1,74,16.098000000000184,2.3859999999999673,1,10
64,10s,1,75,0.4839999999999236,0.06200000000012551,0,10
64,10s,1,76,0.2319999999999709,0.04599999999982174,0,10
64,10s,1,77,11.550000000000182,1.9679999999998472,1,10
64,10s,1,78,12.68600000000015,2.3059999999998126,1,10
64,10s,1,79,12.24200000000019,2.798000000000002,1,10
64,10s,1,80,1.5519999999999072,0.049999999999954525,0,10
64,10s,1,81,12.461999999999989,2.9400000000000546,1,10
64,10s,1,82,13.445999999999913,3.064000000000078,1,10
64,10s,1,83,13.236000000000104,2.0739999999998417,1,10
64,10s,1,84,10.91800000000012,2.6579999999999018,1,10
64,10s,1,85,10.72199999999998,2.8360000000000127,1,10
64,10s,1,86,10.683999999999969,2.4060000000001764,1,10
64,10s,1,87,9.99799999999982,10.798000000000002,0,10
64,10s,1,88,14.184000000000196,2.285999999999831,1,10
64,10s,1,89,12.279999999999973,2.4500000000000455,1,10
64,10s,1,90,12.826000000000022,2.1259999999999764,1,10
64,10s,1,91,12.450000000000045,2.5140000000001237,1,10
64,10s,1,92,11.995999999999867,2.602000000000089,1,10
64,10s,1,93,14.625999999999976,3.6299999999998818,1,10
64,10s,1,94,14.600000000000136,2.30399999999986,1,10
64,10s,1,95,1.6140000000000327,0.014000000000123691,0,10
64,10s,1,96,14.892000000000053,2.872000000000071,1,10
64,10s,1,97,11.152000000000044,3.0699999999999363,1,10
64,10s,1,98,14.104000000000042,2.740000000000009,1,10
64,10s,1,99,1.4320000000000164,0.011999999999943611,0,10
64,10s,1,100,11.316000000000031,,1,10
64,10s,2,1,0.3340000000000032,10.802,0,10
64,10s,2,2,1.4099999999999966,10.774000000000001,0,10
64,10s,2,3,8.592000000000006,10.411999999999992,0,10
64,10s,2,4,11.28200000000001,2.2319999999999993,1,10
64,10s,2,5,16.83399999999999,2.538000000000011,1,10
64,10s,2,6,13.849999999999994,2.3119999999999976,1,10
64,10s,2,7,10.789999999999992,2.421999999999997,1,10
64,10s,2,8,13.428000000000026,2.421999999999997,1,10
64,10s,2,9,15.46799999999999,8.777999999999992,1,10
64,10s,2,10,0.2259999999999991,0.012000000000000455,0,10
64,10s,2,11,13.102000000000004,2.396000000000015,1,10
64,10s,2,12,0.3439999999999941,0.027999999999991587,0,10
64,10s,2,13,12.817999999999984,1.8700000000000045,1,10
64,10s,2,14,14.204000000000008,1.8559999999999945,1,10
64,10s,2,15,12.935999999999979,2.3240000000000123,1,10
64,10s,2,16,15.97399999999999,2.225999999999999,1,10
64,10s,2,17,0.632000000000005,0.012000000000000455,0,10
64,10s,2,18,11.699999999999989,3.240000000000009,1,10
64,10s,2,19,10.882000000000005,2.4259999999999877,1,10
64,10s,2,20,17.067999999999984,3.1020000000000323,1,10
64,10s,2,21,11.935999999999979,3.3759999999999764,1,10
64,10s,2,22,16.79200000000003,2.598000000000013,1,10
64,10s,2,23,12.475999999999999,2.423999999999978,1,10
64,10s,2,24,14.120000000000005,2.2900000000000205,1,10
64,10s,2,25,12.303999999999974,3.0880000000000223,1,10
64,10s,2,26,0.6659999999999968,0.09799999999995634,0,10
64,10s,2,27,13.5,2.8220000000000027,1,10
64,10s,2,28,12.839999999999975,3.5300000000000296,1,10
64,10s,2,29,9.25200000000001,10.358000000000004,0,10
64,10s,2,30,17.762,2.2659999999999627,1,10
64,10s,2,31,0.8420000000000414,0.06399999999996453,0,10
64,10s,2,32,16.20799999999997,1.7959999999999354,1,10
64,10s,2,33,13.394000000000005,2.7340000000000373,1,10
64,10s,2,34,15.282000000000039,2.0259999999999536,1,10
64,10s,2,35,7.1200000000000045,10.522000000000048,0,10
64,10s,2,36,14.918000000000006,2.15199999999993,1,10
64,10s,2,37,10.774000000000001,2.3980000000000246,1,10
64,10s,2,38,14.29200000000003,2.5119999999999436,1,10
64,10s,2,39,11.51400000000001,2.312000000000012,1,10
64,10s,2,40,9.793999999999983,10.337999999999965,0,10
64,10s,2,41,10.734000000000037,1.697999999999979,1,10
64,10s,2,42,11.55600000000004,2.76400000000001,1,10
64,10s,2,43,0.21000000000003638,0.09399999999993724,0,10
64,10s,2,44,10.224000000000046,2.173999999999978,1,10
64,10s,2,45,10.22199999999998,3.2040000000000646,1,10
64,10s,2,46,11.67999999999995,1.9980000000000473,1,10
64,10s,2,47,13.093999999999937,2.368000000000052,1,10
64,10s,2,48,11.073999999999955,2.4039999999999964,1,10
64,10s,2,49,0.2259999999999991,0.03200000000003911,0,10
64,10s,2,50,13.006000000000085,2.15199999999993,1,10
64,10s,2,51,1.7899999999999636,0.02400000000000091,0,10
64,10s,2,52,0.03200000000003911,0.02400000000000091,0,10
64,10s,2,53,11.217999999999961,2.32000000000005,1,10
64,10s,2,54,0.8220000000000027,0.03199999999992542,0,10
64,10s,2,55,13.187999999999988,2.1140000000000327,1,10
64,10s,2,56,13.17599999999993,1.4360000000000355,1,10
64,10s,2,57,0.8540000000000418,0.007999999999924512,0,10
64,10s,2,58,0.8039999999999736,9.75,0,10
64,10s,2,59,16.364000000000033,1.8700000000000045,1,10
64,10s,2,60,0.8120000000000118,0.018000000000029104,0,10
64,10s,2,61,13.01400000000001,1.9680000000000746,1,10
64,10s,2,62,0.18599999999992178,0.016000000000076398,0,10
64,10s,2,63,15.144000000000005,1.8540000000000418,1,10
64,10s,2,64,14.501999999999953,2.1800000000000637,1,10
64,10s,2,65,0.4119999999999209,0.012000000000057298,0,10
64,10s,2,66,11.210000000000036,2.22199999999998,1,10
64,10s,2,67,10.918000000000006,1.9039999999999964,1,10
64,10s,2,68,12.406000000000063,3.009999999999991,1,10
64,10s,2,69,0.17799999999988358,0.016000000000076398,0,10
64,10s,2,70,12.846000000000004,2.1359999999999673,1,10
64,10s,2,71,11.970000000000027,2.477999999999838,1,10
64,10s,2,72,10.910000000000082,2.1900000000000546,1,10
64,10s,2,73,14.884000000000015,2.1159999999999854,1,10
64,10s,2,74,12.865999999999985,2.1259999999999764,1,10
64,10s,2,75,14.451999999999998,2.1299999999998818,1,10
64,10s,2,76,12.814000000000078,1.788000000000011,1,10
64,10s,2,77,9.402000000000044,10.836000000000013,0,10
64,10s,2,78,10.899999999999864,1.4640000000001692,1,10
64,10s,2,79,11.261999999999944,2.091999999999871,1,10
64,10s,2,80,1.6340000000000146,0.04600000000004911,0,10
64,10s,2,81,8.395999999999958,10.687999999999874,0,10
64,10s,2,82,12.184000000000196,2.0019999999999527,1,10
64,10s,2,83,10.77800000000002,2.005999999999858,1,10
64,10s,2,84,0.4700000000000273,0.0340000000001055,0,10
64,10s,2,85,16.226000000000113,1.6779999999998836,1,10
64,10s,2,86,15.358000000000175,2.5860000000000127,1,10
64,10s,2,87,12.217999999999847,1.8500000000001364,1,10
64,10s,2,88,0.7839999999998781,0.03600000000005821,0,10
64,10s,2,89,15.493999999999915,2.0920000000000982,1,10
64,10s,2,90,1.4839999999999236,0.05400000000008731,0,10
64,10s,2,91,11.023999999999887,1.9639999999999418,1,10
64,10s,2,92,13.518000000000029,1.518000000000029,1,10
64,10s,2,93,12.75,0.03600000000005821,1,10
64,10s,2,94,0.03600000000005821,3.227999999999838,0,10
64,10s,2,95,9.580000000000155,10.477999999999838,0,10
64,10s,2,96,13.950000000000045,2.0240000000001146,1,10
64,10s,2,97,0.2880000000000109,0.057999999999992724,0,10
64,10s,2,98,14.95399999999995,2.716000000000122,1,10
64,10s,2,99,13.539999999999964,2.5419999999999163,1,10
64,10s,2,100,10.902000000000044,5.6099999999999,1,10
64,10s,2,101,16.37200000000007,1.650000000000091,1,10
64,10s,2,102,12.355999999999995,,1,10
64,10s,3,1,2.539999999999999,10.630000000000003,0,10
64,10s,3,2,0.8439999999999941,11.166000000000004,0,10
64,10s,3,3,11.193999999999996,1.9519999999999982,1,10
64,10s,3,4,16.334000000000003,2.6940000000000026,1,10
64,10s,3,5,11.043999999999997,2.1700000000000017,1,10
64,10s,3,6,0.2079999999999984,0.05200000000000671,0,10
64,10s,3,7,12.897999999999996,3.4299999999999926,1,10
64,10s,3,8,11.434000000000026,2.609999999999985,1,10
64,10s,3,9,0.9000000000000057,0.009999999999990905,0,10
64,10s,3,10,0.45400000000000773,13.313999999999993,0,10
64,10s,3,11,13.894000000000005,2.544000000000011,1,10
64,10s,3,12,1.4259999999999877,0.030000000000001137,0,10
64,10s,3,13,14.52000000000001,2.4960000000000093,1,10
64,10s,3,14,10.911999999999978,4.224000000000018,1,10
64,10s,3,15,16.22399999999999,6.506,1,10
64,10s,3,16,14.268,4.960000000000008,1,10
64,10s,3,17,11.935999999999979,2.958000000000027,1,10
64,10s,3,18,12.389999999999986,2.769999999999982,1,10
64,10s,3,19,9.932000000000016,10.632000000000005,0,10
64,10s,3,20,13.189999999999998,2.6859999999999786,1,10
64,10s,3,21,11.136000000000024,2.5120000000000005,1,10
64,10s,3,22,11.036000000000001,2.867999999999995,1,10
64,10s,3,23,11.055999999999983,2.312000000000012,1,10
64,10s,3,24,11.425999999999988,3.744000000000028,1,10
64,10s,3,25,11.795999999999992,4.910000000000025,1,10
64,10s,3,26,10.143999999999949,0.04400000000003956,1,10
64,10s,3,27,0.32200000000000273,10.449999999999989,0,10
64,10s,3,28,10.649999999999977,2.3840000000000146,1,10
64,10s,3,29,11.091999999999985,2.390000000000043,1,10
64,10s,3,30,9.791999999999973,10.648000000000025,0,10
64,10s,3,31,12.933999999999969,2.1380000000000337,1,10
64,10s,3,32,14.183999999999969,1.8100000000000023,1,10
64,10s,3,33,11.225999999999999,2.173999999999978,1,10
64,10s,3,34,12.740000000000009,2.26400000000001,1,10
64,10s,3,35,0.03600000000005821,10.671999999999912,0,10
64,10s,3,36,10.828000000000088,2.923999999999978,1,10
64,10s,3,37,12.631999999999948,2.4600000000000364,1,10
64,10s,3,38,11.66599999999994,2.852000000000089,1,10
64,10s,3,39,13.825999999999908,2.802000000000021,1,10
64,10s,3,40,12.632000000000062,2.8159999999999172,1,10
64,10s,3,41,11.840000000000032,5.403999999999996,1,10
64,10s,3,42,10.81000000000006,4.927999999999997,1,10
64,10s,3,43,12.466000000000008,3.6079999999999472,1,10
64,10s,3,44,12.162000000000035,4.497999999999934,1,10
64,10s,3,45,10.83800000000008,0.07599999999990814,1,10
64,10s,3,46,0.02800000000002001,3.245999999999981,0,10
64,10s,3,47,9.468000000000075,10.576000000000022,0,10
64,10s,3,48,11.240000000000009,2.3159999999999172,1,10
64,10s,3,49,9.05600000000004,10.774000000000001,0,10
64,10s,3,50,10.98599999999999,2.2200000000000273,1,10
64,10s,3,51,11.196000000000026,2.7519999999999527,1,10
64,10s,3,52,11.593999999999937,2.8780000000000427,1,10
64,10s,3,53,9.596000000000004,11.135999999999967,0,10
64,10s,3,54,11.478000000000065,2.576000000000022,1,10
64,10s,3,55,17.17999999999995,2.4039999999999964,1,10
64,10s,3,56,11.923999999999978,2.604000000000042,1,10
64,10s,3,57,10.115999999999985,2.7939999999999827,1,10
64,10s,3,58,9.82000000000005,10.635999999999967,0,10
64,10s,3,59,10.768000000000029,2.685999999999922,1,10
64,10s,3,60,12.332000000000107,3.325999999999908,1,10
64,10s,3,61,12.892000000000053,2.1960000000000264,1,10
64,10s,3,62,10.803999999999974,2.8299999999999272,1,10
64,10s,3,63,11.012000000000057,3.395999999999958,1,10
64,10s,3,64,11.132000000000062,6.741999999999962,1,10
64,10s,3,65,9.012000000000057,10.932000000000016,0,10
64,10s,3,66,11.301999999999907,2.1399999999999864,1,10
64,10s,3,67,13.601999999999975,2.8420000000000982,1,10
64,10s,3,68,10.460000000000036,2.4120000000000346,1,10
64,10s,3,69,15.131999999999834,6.241999999999962,1,10
64,10s,3,70,10.740000000000009,3.50200000000018,1,10
64,10s,3,71,14.051999999999907,2.632000000000062,1,10
64,10s,3,72,11.907999999999902,5.378000000000156,1,10
64,10s,3,73,11.355999999999995,6.651999999999816,1,10
64,10s,3,74,13.902000000000044,3.8360000000000127,1,10
64,10s,3,75,9.77800000000002,10.736000000000104,0,10
64,10s,3,76,13.857999999999947,3.1340000000000146,1,10
64,10s,3,77,12.503999999999905,2.47199999999998,1,10
64,10s,3,78,0.2300000000000182,0.049999999999954525,0,10
64,10s,3,79,13.329999999999927,2.660000000000082,1,10
64,10s,3,80,0.2599999999999909,0.03999999999996362,0,10
64,10s,3,81,12.354000000000042,2.6000000000001364,1,10
64,10s,3,82,10.321999999999889,2.5399999999999636,1,10
64,10s,3,83,10.192000000000007,3.30600000000004,1,10
64,10s,3,84,9.599999999999909,10.740000000000009,0,10
64,10s,3,85,10.272000000000162,2.44399999999996,1,10
64,10s,3,86,10.730000000000018,2.104000000000042,1,10
64,10s,3,87,11.551999999999907,6.122000000000071,1,10
64,10s,3,88,9.922000000000025,10.633999999999787,0,10
64,10s,3,89,14.430000000000064,2.6240000000000236,1,10
64,10s,3,90,16.9079999999999,3.076000000000022,1,10
64,10s,3,91,12.516000000000076,2.4600000000000364,1,10
64,10s,3,92,13.77800000000002,2.953999999999951,1,10
64,10s,3,93,14.728000000000065,10.422000000000025,1,10
64,10s,3,94,10.269999999999982,2.339999999999918,1,10
64,10s,3,95,15.597999999999956,2.8640000000000327,1,10
64,10s,3,96,12.481999999999971,2.963999999999942,1,10
64,10s,3,97,12.488000000000056,3.008000000000038,1,10
64,10s,3,98,10.02800000000002,5.438000000000102,1,10
64,10s,3,99,14.315999999999804,2.6420000000000528,1,10
64,10s,3,100,10.246000000000095,3.4859999999998763,1,10
64,10s,3,101,13.990000000000009,3.102000000000089,1,10
64,10s,3,102,12.067999999999984,,1,10
64,10s,4,1,0.23000000000000043,11.14,0,10
64,10s,4,2,11.86,1.9080000000000013,1,10
64,10s,4,3,12.158000000000001,2.1380000000000052,1,10
64,10s,4,4,14.521999999999991,2.432000000000002,1,10
64,10s,4,5,13.664000000000001,2.8840000000000003,1,10
64,10s,4,6,14.305999999999997,23.268,1,10
64,10s,4,7,0.2680000000000007,0.04800000000000182,0,10
64,10s,4,8,14.609999999999985,1.9680000000000177,1,10
64,10s,4,9,16.216000000000008,2.8899999999999864,1,10
64,10s,4,10,0.382000000000005,0.013999999999981583,0,10
64,10s,4,11,16.584000000000003,2.1859999999999786,1,10
64,10s,4,12,0.936000000000007,0.02600000000001046,0,10
64,10s,4,13,13.162000000000006,4.961999999999989,1,10
64,10s,4,14,10.581999999999994,2.8600000000000136,1,10
64,10s,4,15,12.135999999999967,2.6480000000000246,1,10
64,10s,4,16,13.257999999999981,3.29200000000003,1,10
64,10s,4,17,12.699999999999989,3.622000000000014,1,10
64,10s,4,18,11.325999999999965,3.640000000000043,1,10
64,10s,4,19,10.753999999999962,7.888000000000034,1,10
64,10s,4,20,15.108000000000004,7.7339999999999804,1,10
64,10s,4,21,12.73399999999998,3.1380000000000337,1,10
64,10s,4,22,13.647999999999968,3.230000000000018,1,10
64,10s,4,23,10.488,3.069999999999993,1,10
64,10s,4,24,12.612000000000023,3.7520000000000095,1,10
64,10s,4,25,11.99799999999999,3.7959999999999923,1,10
64,10s,4,26,13.963999999999999,2.882000000000005,1,10
64,10s,4,27,14.99799999999999,5.863999999999976,1,10
64,10s,4,28,16.366000000000042,3.3279999999999745,1,10
64,10s,4,29,12.353999999999985,3.9460000000000264,1,10
64,10s,4,30,15.648000000000025,3.189999999999941,1,10
64,10s,4,31,0.17600000000004457,0.053999999999973625,0,10
64,10s,4,32,13.460000000000036,3.13799999999992,1,10
64,10s,4,33,10.794000000000096,4.093999999999937,1,10
64,10s,4,34,11.826000000000022,4.1159999999999854,1,10
64,10s,4,35,12.638000000000034,4.3139999999999645,1,10
64,10s,4,36,11.717999999999961,3.225999999999999,1,10
64,10s,4,37,0.21000000000003638,0.07600000000002183,0,10
64,10s,4,38,17.089999999999918,2.8900000000001,1,10
64,10s,4,39,12.370000000000005,3.475999999999999,1,10
64,10s,4,40,9.84599999999989,10.572000000000003,0,10
64,10s,4,41,13.086000000000013,2.104000000000042,1,10
64,10s,4,42,0.9460000000000264,0.03999999999996362,0,10
64,10s,4,43,11.346000000000004,2.2679999999999154,1,10
64,10s,4,44,10.050000000000068,2.6100000000000136,1,10
64,10s,4,45,1.1159999999999854,0.08999999999991815,0,10
64,10s,4,46,15.937999999999988,1.711999999999989,1,10
64,10s,4,47,1.5499999999999545,0.030000000000086402,0,10
64,10s,4,48,0.20199999999999818,0.04800000000000182,0,10
64,10s,4,49,0.4660000000000082,10.728000000000065,0,10
64,10s,4,50,12.967999999999961,2.5559999999999263,1,10
64,10s,4,51,10.26400000000001,1.9440000000000737,1,10
64,10s,4,52,14.620000000000005,2.201999999999998,1,10
64,10s,4,53,0.8559999999999945,0.03599999999994452,0,10
64,10s,4,54,13.676000000000045,1.6960000000000264,1,10
64,10s,4,55,11.329999999999927,2.79200000000003,1,10
64,10s,4,56,12.156000000000063,2.5879999999999654,1,10
64,10s,4,57,12.980000000000018,2.41599999999994,1,10
64,10s,4,58,9.927999999999997,10.742000000000075,0,10
64,10s,4,59,9.67999999999995,10.879999999999995,0,10
64,10s,4,60,17.204000000000065,2.4079999999999018,1,10
64,10s,4,61,0.3079999999999927,0.07600000000002183,0,10
64,10s,4,62,15.741999999999962,2.8619999999999663,1,10
64,10s,4,63,12.670000000000073,2.854000000000042,1,10
64,10s,4,64,9.31399999999985,10.66800000000012,0,10
64,10s,4,65,16.371999999999844,2.258000000000038,1,10
64,10s,4,66,0.25,0.02800000000002001,0,10
64,10s,4,67,14.396000000000186,2.6359999999999673,1,10
64,10s,4,68,11.821999999999889,2.3859999999999673,1,10
64,10s,4,69,10.970000000000027,7.448000000000093,1,10
64,10s,4,70,4.601999999999862,0.13000000000010914,0,10
64,10s,4,71,15.09199999999987,2.826000000000022,1,10
64,10s,4,72,1.3520000000000891,0.05399999999985994,0,10
64,10s,4,73,10.559999999999945,2.5900000000001455,1,10
64,10s,4,74,1.6799999999998363,0.02800000000002001,0,10
64,10s,4,75,13.298000000000002,2.104000000000042,1,10
64,10s,4,76,12.699999999999818,1.9660000000001219,1,10
64,10s,4,77,9.569999999999936,10.923999999999978,0,10
64,10s,4,78,18.94600000000014,1.9959999999998672,1,10
64,10s,4,79,1.7699999999999818,0.03600000000005821,0,10
64,10s,4,80,11.94399999999996,2.5260000000000673,1,10
64,10s,4,81,3.622000000000071,0.01799999999980173,0,10
64,10s,4,82,12.333999999999833,2.4320000000000164,1,10
64,10s,4,83,13.506000000000085,0.09999999999990905,1,10
64,10s,4,84,0.21600000000012187,10.669999999999845,0,10
64,10s,4,85,11.72400000000016,6.4099999999998545,1,10
64,10s,4,86,13.204000000000178,5.230000000000018,1,10
64,10s,4,87,11.423999999999978,5.0779999999999745,1,10
64,10s,4,88,12.323999999999842,9.340000000000146,1,10
64,10s,4,89,12.451999999999998,2.1720000000000255,1,10
64,10s,4,90,0.9379999999998745,10.5,0,10
64,10s,4,91,13.026000000000067,2.574000000000069,1,10
64,10s,4,92,12.055999999999813,2.428000000000111,1,10
64,10s,4,93,5.27800000000002,10.5,0,10
64,10s,4,94,14.433999999999969,2.036000000000058,1,10
64,10s,4,95,13.503999999999905,2.316000000000031,1,10
64,10s,4,96,12.284000000000106,2.6959999999999127,1,10
64,10s,4,97,0.2419999999999618,0.038000000000010914,0,10
64,10s,4,98,16.63000000000011,2.009999999999991,1,10
64,10s,4,99,12.412000000000035,2.433999999999969,1,10
64,10s,4,100,11.153999999999996,,1,10
64,10s,5,1,14.446000000000002,1.975999999999999,1,10
64,10s,5,2,17.726,2.1580000000000013,1,10
64,10s,5,3,0.7579999999999956,0.06400000000000716,0,10
64,10s,5,4,17.049999999999997,2.3599999999999994,1,10
64,10s,5,5,15.956000000000003,7.364000000000004,1,10
64,10s,5,6,17.203999999999994,2.7060000000000173,1,10
64,10s,5,7,10.877999999999986,3.818000000000012,1,10
64,10s,5,8,13.691999999999979,2.475999999999999,1,10
64,10s,5,9,0.2880000000000109,0.04599999999999227,0,10
64,10s,5,10,14.512,3.9679999999999893,1,10
64,10s,5,11,14.937999999999988,3.3799999999999955,1,10
64,10s,5,12,12.50200000000001,3.843999999999994,1,10
64,10s,5,13,10.945999999999998,2.9280000000000257,1,10
64,10s,5,14,11.842000000000013,3.0019999999999527,1,10
64,10s,5,15,11.480000000000018,3.3040000000000305,1,10
64,10s,5,16,14.47399999999999,2.8899999999999864,1,10
64,10s,5,17,11.576000000000022,14.269999999999982,1,10
64,10s,5,18,13.584000000000003,3.0299999999999727,1,10
64,10s,5,19,9.562000000000012,10.658000000000015,0,10
64,10s,5,20,14.245999999999981,2.5219999999999914,1,10
64,10s,5,21,13.97399999999999,2.708000000000027,1,10
64,10s,5,22,12.961999999999989,5.560000000000002,1,10
64,10s,5,23,12.632000000000005,3.2280000000000086,1,10
64,10s,5,24,13.636000000000024,2.821999999999946,1,10
64,10s,5,25,13.228000000000009,4.192000000000007,1,10
64,10s,5,26,12.73599999999999,3.008000000000038,1,10
64,10s,5,27,13.677999999999997,4.108000000000004,1,10
64,10s,5,28,11.572000000000003,2.891999999999996,1,10
64,10s,5,29,14.994000000000028,2.524000000000001,1,10
64,10s,5,30,11.663999999999987,2.5559999999999263,1,10
64,10s,5,31,0.9420000000000073,0.04200000000003001,0,10
64,10s,5,32,12.080000000000041,2.439999999999941,1,10
64,10s,5,33,11.504000000000019,2.6499999999999773,1,10
64,10s,5,34,11.600000000000023,2.7060000000000173,1,10
64,10s,5,35,12.634000000000015,2.877999999999929,1,10
64,10s,5,36,10.998000000000047,2.727999999999952,1,10
64,10s,5,37,11.728000000000065,3.51400000000001,1,10
64,10s,5,38,12.860000000000014,3.0319999999999254,1,10
64,10s,5,39,0.5220000000000482,0.021999999999934516,0,10
64,10s,5,40,0.2799999999999727,0.04200000000003001,0,10
64,10s,5,41,17.769999999999982,2.26400000000001,1,10
64,10s,5,42,15.81000000000006,2.627999999999929,1,10
64,10s,5,43,10.964000000000055,2.548000000000002,1,10
64,10s,5,44,12.247999999999934,3.3559999999999945,1,10
64,10s,5,45,14.136000000000081,2.9799999999999045,1,10
64,10s,5,46,15.438000000000102,2.84599999999989,1,10
64,10s,5,47,1.9200000000000728,0.049999999999954525,0,10
64,10s,5,48,19.269999999999982,2.409999999999968,1,10
64,10s,5,49,1.330000000000041,0.038000000000010914,0,10
64,10s,5,50,16.974000000000046,1.9039999999999964,1,10
64,10s,5,51,12.854000000000042,2.20799999999997,1,10
64,10s,5,52,0.2999999999999545,0.03600000000005821,0,10
64,10s,5,53,15.638000000000034,1.9219999999999118,1,10
64,10s,5,54,15.846000000000004,2.268000000000029,1,10
64,10s,5,55,0.2400000000000091,0.03999999999996362,0,10
64,10s,5,56,17.432000000000016,2.1520000000000437,1,10
64,10s,5,57,11.68999999999994,1.7520000000000664,1,10
64,10s,5,58,1.038000000000011,0.01999999999998181,0,10
64,10s,5,59,16.477999999999952,2.060000000000059,1,10
64,10s,5,60,14.031999999999925,2.230000000000018,1,10
64,10s,5,61,12.163999999999987,1.8179999999999836,1,10
64,10s,5,62,10.384000000000128,2.6340000000000146,1,10
64,10s,5,63,1.9420000000000073,0.029999999999972715,0,10
64,10s,5,64,17.604000000000042,2.701999999999998,1,10
64,10s,5,65,16.050000000000182,2.4079999999999018,1,10
64,10s,5,66,13.039999999999964,3.130000000000109,1,10
64,10s,5,67,11.433999999999969,2.1099999999999,1,10
64,10s,5,68,0.4800000000000182,0.02800000000002001,0,10
64,10s,5,69,0.08200000000010732,10.567999999999984,0,10
64,10s,5,70,17.246000000000095,2.7079999999998563,1,10
64,10s,5,71,11.312000000000126,2.4179999999998927,1,10
64,10s,5,72,9.461999999999989,10.701999999999998,0,10
64,10s,5,73,14.850000000000136,2.043999999999869,1,10
64,10s,5,74,0.13200000000006185,0.06799999999998363,0,10
64,10s,5,75,12.740000000000009,2.8099999999999454,1,10
64,10s,5,76,0.75,0.04600000000004911,0,10
64,10s,5,77,15.837999999999965,2.08199999999988,1,10
64,10s,5,78,1.1380000000001473,0.05399999999985994,0,10
64,10s,5,79,15.256000000000085,2.0019999999999527,1,10
64,10s,5,80,10.59199999999987,2.064000000000078,1,10
64,10s,5,81,13.79600000000005,1.7819999999999254,1,10
64,10s,5,82,11.087999999999965,2.3320000000001073,1,10
64,10s,5,83,11.086000000000013,2.798000000000002,1,10
64,10s,5,84,11.162000000000035,2.6340000000000146,1,10
64,10s,5,85,11.395999999999958,2.061999999999898,1,10
64,10s,5,86,0.018000000000029104,10.548000000000002,0,10
64,10s,5,87,14.994000000000142,2.237999999999829,1,10
64,10s,5,88,1.1660000000001673,0.011999999999943611,0,10
64,10s,5,89,13.385999999999967,2.1359999999999673,1,10
64,10s,5,90,12.877999999999929,1.818000000000211,1,10
64,10s,5,91,14.413999999999987,2.5039999999999054,1,10
64,10s,5,92,12.86200000000008,2.3099999999999454,1,10
64,10s,5,93,14.735999999999876,2.4860000000001037,1,10
64,10s,5,94,13.198000000000093,2.701999999999998,1,10
64,10s,5,95,1.5619999999998981,0.044000000000096406,0,10
64,10s,5,96,15.096000000000004,1.9440000000001874,1,10
64,10s,5,97,1.8379999999999654,0.029999999999972715,0,10
64,10s,5,98,0.15399999999999636,10.648000000000138,0,10
64,10s,5,99,14.243999999999915,2.3900000000001,1,10
64,10s,5,100,0.8419999999998709,0.03600000000005821,0,10
64,10s,6,1,0.3260000000000005,0.05999999999999872,0,10
64,10s,6,2,14.058,1.9799999999999969,1,10
64,10s,6,3,15.945999999999998,2.665999999999997,1,10
64,10s,6,4,13.046000000000006,2.7960000000000065,1,10
64,10s,6,5,16.598,5.099999999999994,1,10
64,10s,6,6,13.695999999999998,2.955999999999989,1,10
64,10s,6,7,12.122000000000014,3.093999999999994,1,10
64,10s,6,8,11.722000000000008,3.8100000000000023,1,10
64,10s,6,9,1.799999999999983,0.012000000000000455,0,10
64,10s,6,10,16.30000000000001,1.9579999999999984,1,10
64,10s,6,11,13.295999999999992,2.076000000000022,1,10
64,10s,6,12,10.583999999999975,2.828000000000003,1,10
64,10s,6,13,1.6340000000000146,0.0519999999999925,0,10
64,10s,6,14,8.433999999999997,10.51400000000001,0,10
64,10s,6,15,0.09800000000001319,10.494,0,10
64,10s,6,16,10.70799999999997,1.9020000000000437,1,10
64,10s,6,17,14.251999999999953,2.2100000000000364,1,10
64,10s,6,18,12.541999999999973,3.170000000000016,1,10
64,10s,6,19,10.564000000000021,3.0120000000000005,1,10
64,10s,6,20,11.41799999999995,3.1660000000000537,1,10
64,10s,6,21,14.033999999999992,3.19399999999996,1,10
64,10s,6,22,11.218000000000018,6.315999999999974,1,10
64,10s,6,23,12.684000000000026,2.5540000000000305,1,10
64,10s,6,24,13.947999999999979,4.346000000000004,1,10
64,10s,6,25,15.325999999999965,2.4560000000000173,1,10
64,10s,6,26,8.762,10.461999999999989,0,10
64,10s,6,27,18.53200000000004,1.8659999999999854,1,10
64,10s,6,28,1.9159999999999968,0.012000000000000455,0,10
64,10s,6,29,14.651999999999987,1.9399999999999977,1,10
64,10s,6,30,9.418000000000006,0.16199999999997772,0,10
64,10s,6,31,12.319999999999936,1.8039999999999736,1,10
64,10s,6,32,12.680000000000064,1.9700000000000273,1,10
64,10s,6,33,14.835999999999899,2.116000000000099,1,10
64,10s,6,34,12.173999999999978,2.509999999999991,1,10
64,10s,6,35,12.20799999999997,3.461999999999989,1,10
64,10s,6,36,14.673999999999978,2.3600000000000136,1,10
64,10s,6,37,12.79200000000003,2.57000000000005,1,10
64,10s,6,38,11.277999999999906,2.2140000000000555,1,10
64,10s,6,39,11.077999999999975,2.3759999999999764,1,10
64,10s,6,40,0.4660000000000082,0.033999999999991815,0,10
64,10s,6,41,13.316000000000031,2.575999999999908,1,10
64,10s,6,42,13.33800000000008,2.5119999999999436,1,10
64,10s,6,43,8.793999999999983,10.97199999999998,0,10
64,10s,6,44,17.960000000000036,1.9139999999999873,1,10
64,10s,6,45,9.970000000000027,11.168000000000006,0,10
64,10s,6,46,14.67999999999995,2.6280000000000427,1,10
64,10s,6,47,2.344000000000051,0.049999999999954525,0,10
64,10s,6,48,11.092000000000098,2.25,1,10
64,10s,6,49,12.081999999999994,1.97199999999998,1,10
64,10s,6,50,9.946000000000026,10.61999999999989,0,10
64,10s,6,51,14.054000000000087,2.213999999999942,1,10
64,10s,6,52,12.694000000000074,2.1079999999999472,1,10
64,10s,6,53,11.932000000000016,1.933999999999969,1,10
64,10s,6,54,12.854000000000042,2.4879999999999427,1,10
64,10s,6,55,0.2520000000000664,0.03999999999996362,0,10
64,10s,6,56,14.658000000000015,1.9300000000000637,1,10
64,10s,6,57,0.2179999999999609,0.03200000000003911,0,10
64,10s,6,58,16.201999999999998,5.913999999999987,1,10
64,10s,6,59,11.951999999999998,2.40199999999993,1,10
64,10s,6,60,1.58400000000006,0.03199999999992542,0,10
64,10s,6,61,15.062000000000012,3.6639999999999873,1,10
64,10s,6,62,10.148000000000025,2.0399999999999636,1,10
64,10s,6,63,3.48599999999999,0.044000000000096406,0,10
64,10s,6,64,13.597999999999956,2.089999999999918,1,10
64,10s,6,65,2.4139999999999873,0.05999999999994543,0,10
64,10s,6,66,14.403999999999996,2.175999999999931,1,10
64,10s,6,67,1.0760000000000218,0.016000000000076398,0,10
64,10s,6,68,15.251999999999953,2.400000000000091,1,10
64,10s,6,69,0.22800000000006548,0.03399999999987813,0,10
64,10s,6,70,12.45399999999995,2.009999999999991,1,10
64,10s,6,71,12.95399999999995,1.9739999999999327,1,10
64,10s,6,72,2.3179999999999836,0.024000000000114596,0,10
64,10s,6,73,11.0,1.9279999999998836,1,10
64,10s,6,74,11.600000000000136,2.8339999999998327,1,10
64,10s,6,75,10.542000000000144,1.8119999999998981,1,10
64,10s,6,76,10.400000000000091,1.9020000000000437,1,10
64,10s,6,77,3.2059999999999036,10.514000000000124,0,10
64,10s,6,78,14.485999999999876,2.599999999999909,1,10
64,10s,6,79,11.43600000000015,2.2739999999998872,1,10
64,10s,6,80,0.19800000000009277,0.049999999999954525,0,10
64,10s,6,81,12.210000000000036,2.0699999999999363,1,10
64,10s,6,82,10.134000000000015,1.83400000000006,1,10
64,10s,6,83,0.12799999999992906,0.032000000000152795,0,10
64,10s,6,84,13.903999999999996,3.2359999999998763,1,10
64,10s,6,85,9.420000000000073,10.498000000000047,0,10
64,10s,6,86,13.571999999999889,1.6000000000001364,1,10
64,10s,6,87,11.346000000000004,2.063999999999851,1,10
64,10s,6,88,10.605999999999995,2.2760000000000673,1,10
64,10s,6,89,0.12599999999997635,0.038000000000010914,0,10
64,10s,6,90,13.231999999999971,2.119999999999891,1,10
64,10s,6,91,10.980000000000018,2.158000000000129,1,10
64,10s,6,92,4.77599999999984,0.08600000000001273,0,10
64,10s,6,93,12.898000000000138,1.8659999999999854,1,10
64,10s,6,94,0.17200000000002547,0.02800000000002001,0,10
64,10s,6,95,13.511999999999944,1.7260000000001128,1,10
64,10s,6,96,1.7719999999999345,0.026000000000067303,0,10
64,10s,6,97,0.08799999999996544,0.06799999999998363,0,10
64,10s,6,98,11.410000000000082,1.6399999999998727,1,10
64,10s,6,99,13.114000000000033,1.58199999999988,1,10
64,10s,6,100,10.098000000000184,,1,10
65,10s,1,1,0.13000000000000256,0.006000000000000227,0,10
65,10s,1,2,0.20599999999999952,9.983999999999998,0,10
65,10s,1,3,10.805999999999997,4.6640000000000015,1,10
65,10s,1,4,0.2700000000000031,10.260000000000005,0,10
65,10s,1,5,12.081999999999994,4.359999999999999,1,10
65,10s,1,6,13.995999999999995,6.324000000000012,1,10
65,10s,1,7,11.811999999999998,6.745999999999995,1,10
65,10s,1,8,8.847999999999999,10.211999999999989,0,10
65,10s,1,9,10.828000000000003,4.550000000000011,1,10
65,10s,1,10,11.27600000000001,3.265999999999991,1,10
65,10s,1,11,12.397999999999996,5.056000000000012,1,10
65,10s,1,12,12.744,4.9839999999999804,1,10
65,10s,1,13,8.957999999999998,10.176000000000016,0,10
65,10s,1,14,12.075999999999993,4.533999999999992,1,10
65,10s,1,15,12.552000000000021,5.165999999999997,1,10
65,10s,1,16,13.063999999999965,3.7200000000000273,1,10
65,10s,1,17,10.637999999999977,3.5860000000000127,1,10
65,10s,1,18,12.870000000000005,4.7760000000000105,1,10
65,10s,1,19,15.307999999999993,3.5319999999999823,1,10
65,10s,1,20,9.458000000000027,10.139999999999986,0,10
65,10s,1,21,0.19200000000000728,10.184000000000026,0,10
65,10s,1,22,9.725999999999999,10.137999999999977,0,10
65,10s,1,23,9.216000000000008,10.267999999999972,0,10
65,10s,1,24,8.961999999999989,10.218000000000018,0,10
65,10s,1,25,10.244000000000028,4.825999999999965,1,10
65,10s,1,26,10.996000000000038,4.553999999999974,1,10
65,10s,1,27,8.0,10.134000000000015,0,10
65,10s,1,28,12.841999999999985,3.490000000000009,1,10
65,10s,1,29,11.743999999999971,6.30600000000004,1,10
65,10s,1,30,11.423999999999978,6.006000000000029,1,10
65,10s,1,31,11.591999999999985,5.995999999999981,1,10
65,10s,1,32,13.704000000000065,6.8940000000000055,1,10
65,10s,1,33,12.669999999999959,4.0219999999999345,1,10
65,10s,1,34,10.342000000000098,3.9699999999999136,1,10
65,10s,1,35,9.82400000000007,10.199999999999932,0,10
65,10s,1,36,8.472000000000094,10.17599999999993,0,10
65,10s,1,37,12.908000000000015,4.538000000000011,1,10
65,10s,1,38,11.857999999999947,3.5020000000000664,1,10
65,10s,1,39,12.899999999999977,5.096000000000004,1,10
65,10s,1,40,14.600000000000023,3.4879999999999427,1,10
65,10s,1,41,12.932000000000016,3.7380000000000564,1,10
65,10s,1,42,13.63799999999992,4.050000000000068,1,10
65,10s,1,43,12.909999999999968,3.8319999999999936,1,10
65,10s,1,44,13.077999999999975,4.5919999999999845,1,10
65,10s,1,45,13.34800000000007,5.1580000000000155,1,10
65,10s,1,46,9.717999999999961,10.118000000000052,0,10
65,10s,1,47,12.391999999999939,5.066000000000031,1,10
65,10s,1,48,12.327999999999975,3.594000000000051,1,10
65,10s,1,49,12.219999999999914,3.8419999999999845,1,10
65,10s,1,50,10.040000000000077,6.586000000000013,1,10
65,10s,1,51,13.435999999999922,3.560000000000059,1,10
65,10s,1,52,13.091999999999985,3.9980000000000473,1,10
65,10s,1,53,11.083999999999946,3.5639999999999645,1,10
65,10s,1,54,11.108000000000061,5.5219999999999345,1,10
65,10s,1,55,11.812000000000012,7.176000000000045,1,10
65,10s,1,56,10.141999999999939,6.310000000000059,1,10
65,10s,1,57,9.225999999999999,10.172000000000025,0,10
65,10s,1,58,12.980000000000018,5.621999999999957,1,10
65,10s,1,59,13.081999999999994,3.5019999999999527,1,10
65,10s,1,60,11.674000000000092,4.614000000000033,1,10
65,10s,1,61,13.485999999999876,4.269999999999982,1,10
65,10s,1,62,10.322000000000116,5.523999999999887,1,10
65,10s,1,63,7.266000000000076,10.160000000000082,0,10
65,10s,1,64,9.759999999999991,10.149999999999864,0,10
65,10s,1,65,11.511999999999944,4.876000000000204,1,10
65,10s,1,66,10.669999999999845,4.484000000000151,1,10
65,10s,1,67,9.705999999999904,10.132000000000062,0,10
65,10s,1,68,0.2179999999998472,0.0500000000001819,0,10
65,10s,1,69,8.42599999999993,10.17599999999993,0,10
65,10s,1,70,9.104000000000042,10.160000000000082,0,10
65,10s,1,71,10.79600000000005,6.3819999999998345,1,10
65,10s,1,72,10.566000000000031,5.635999999999967,1,10
65,10s,1,73,13.57400000000007,5.145999999999958,1,10
65,10s,1,74,11.470000000000027,3.796000000000049,1,10
65,10s,1,75,12.836000000000013,3.538000000000011,1,10
65,10s,1,76,10.210000000000036,5.125999999999976,1,10
65,10s,1,77,12.417999999999893,4.860000000000127,1,10
65,10s,1,78,11.819999999999936,2.83400000000006,1,10
65,10s,1,79,10.045999999999822,2.9780000000000655,1,10
65,10s,1,80,12.182000000000016,2.910000000000082,1,10
65,10s,1,81,10.197999999999865,5.251999999999953,1,10
65,10s,1,82,14.382000000000062,5.216000000000122,1,10
65,10s,1,83,10.023999999999887,4.178000000000111,1,10
65,10s,1,84,9.811999999999898,10.183999999999969,0,10
65,10s,1,85,9.299999999999955,10.194000000000187,0,10
65,10s,1,86,11.549999999999955,6.319999999999936,1,10
65,10s,1,87,0.17599999999993088,10.166000000000167,0,10
65,10s,1,88,7.614000000000033,10.181999999999789,0,10
65,10s,1,89,9.822000000000116,10.243999999999915,0,10
65,10s,1,90,9.188000000000102,10.159999999999854,0,10
65,10s,1,91,11.564000000000078,6.162000000000035,1,10
65,10s,1,92,0.18800000000010186,10.135999999999967,0,10
65,10s,1,93,12.273999999999887,6.66599999999994,1,10
65,10s,1,94,11.622000000000071,0.07999999999992724,1,10
65,10s,1,95,0.014000000000123691,7.836000000000013,0,10
65,10s,1,96,9.235999999999876,10.172000000000025,0,10
65,10s,1,97,10.236000000000104,5.523999999999887,1,10
65,10s,1,98,10.494000000000142,4.576000000000022,1,10
65,10s,1,99,10.461999999999989,4.970000000000027,1,10
65,10s,1,100,10.141999999999825,5.536000000000058,1,10
65,10s,1,101,9.970000000000027,10.162000000000035,0,10
65,10s,1,102,13.705999999999904,,1,10
65,10s,2,1,9.676000000000002,10.305999999999997,0,10
65,10s,2,2,6.216000000000001,0.015999999999998238,0,10
65,10s,2,3,8.879999999999995,10.170000000000002,0,10
65,10s,2,4,12.402000000000001,4.176000000000002,1,10
65,10s,2,5,13.778000000000006,3.597999999999999,1,10
65,10s,2,6,12.947999999999993,4.098000000000013,1,10
65,10s,2,7,11.507999999999981,5.084000000000003,1,10
65,10s,2,8,14.421999999999997,2.818000000000012,1,10
65,10s,2,9,11.557999999999993,4.756,1,10
65,10s,2,10,10.913999999999987,6.024000000000001,1,10
65,10s,2,11,8.50800000000001,10.156000000000006,0,10
65,10s,2,12,0.24600000000000932,0.09199999999998454,0,10
65,10s,2,13,9.02000000000001,10.145999999999987,0,10
65,10s,2,14,10.006,4.8040000000000305,1,10
65,10s,2,15,0.14599999999995816,10.110000000000014,0,10
65,10s,2,16,10.600000000000023,4.199999999999989,1,10
65,10s,2,17,14.562000000000012,3.8279999999999745,1,10
65,10s,2,18,15.99799999999999,3.538000000000011,1,10
65,10s,2,19,11.199999999999989,2.924000000000035,1,10
65,10s,2,20,12.682000000000016,4.551999999999964,1,10
65,10s,2,21,10.170000000000016,3.433999999999969,1,10
65,10s,2,22,14.177999999999997,4.640000000000043,1,10
65,10s,2,23,11.425999999999988,2.9420000000000073,1,10
65,10s,2,24,11.385999999999967,3.4420000000000073,1,10
65,10s,2,25,9.246000000000038,10.177999999999997,0,10
65,10s,2,26,10.103999999999985,3.5819999999999936,1,10
65,10s,2,27,12.160000000000025,3.7379999999999995,1,10
65,10s,2,28,10.385999999999967,3.934000000000026,1,10
65,10s,2,29,13.521999999999991,2.146000000000015,1,10
65,10s,2,30,9.919999999999959,10.21999999999997,0,10
65,10s,2,31,11.122000000000071,2.3179999999999836,1,10
65,10s,2,32,12.768000000000029,2.745999999999981,1,10
65,10s,2,33,15.377999999999929,3.1820000000000164,1,10
65,10s,2,34,10.410000000000082,2.171999999999912,1,10
65,10s,2,35,13.550000000000068,2.259999999999991,1,10
65,10s,2,36,13.645999999999958,2.4780000000000655,1,10
65,10s,2,37,17.42599999999993,3.6380000000000337,1,10
65,10s,2,38,12.159999999999968,2.386000000000081,1,10
65,10s,2,39,11.071999999999889,3.4300000000000637,1,10
65,10s,2,40,10.073999999999955,2.6340000000000146,1,10
65,10s,2,41,8.08400000000006,10.139999999999986,0,10
65,10s,2,42,0.10000000000002274,0.05999999999994543,0,10
65,10s,2,43,9.578000000000088,10.14799999999991,0,10
65,10s,2,44,14.186000000000035,3.9880000000000564,1,10
65,10s,2,45,12.591999999999985,2.225999999999999,1,10
65,10s,2,46,1.245999999999981,0.13999999999998636,0,10
65,10s,2,47,17.984000000000037,5.981999999999971,1,10
65,10s,2,48,16.562000000000012,2.38799999999992,1,10
65,10s,2,49,12.482000000000085,3.741999999999962,1,10
65,10s,2,50,14.416000000000054,2.697999999999979,1,10
65,10s,2,51,8.597999999999956,10.162000000000035,0,10
65,10s,2,52,14.662000000000035,4.187999999999988,1,10
65,10s,2,53,15.70399999999995,4.279999999999973,1,10
65,10s,2,54,14.37600000000009,2.5939999999999372,1,10
65,10s,2,55,14.642000000000053,2.0960000000000036,1,10
65,10s,2,56,12.039999999999964,2.9039999999999964,1,10
65,10s,2,57,6.95799999999997,10.132000000000062,0,10
65,10s,2,58,11.881999999999948,2.919999999999959,1,10
65,10s,2,59,11.448000000000093,3.919999999999959,1,10
65,10s,2,60,10.001999999999953,3.866000000000099,1,10
65,10s,2,61,10.979999999999905,5.192000000000007,1,10
65,10s,2,62,16.354000000000042,3.19399999999996,1,10
65,10s,2,63,11.05600000000004,3.5299999999999727,1,10
65,10s,2,64,14.339999999999918,2.130000000000109,1,10
65,10s,2,65,16.031999999999925,3.9200000000000728,1,10
65,10s,2,66,14.067999999999984,2.231999999999971,1,10
65,10s,2,67,17.3420000000001,5.02800000000002,1,10
65,10s,2,68,13.801999999999907,2.8019999999999072,1,10
65,10s,2,69,12.616000000000213,3.7639999999998963,1,10
65,10s,2,70,14.152000000000044,3.3199999999999363,1,10
65,10s,2,71,17.213999999999942,4.124000000000024,1,10
65,10s,2,72,14.968000000000075,4.132000000000062,1,10
65,10s,2,73,12.826000000000022,2.77599999999984,1,10
65,10s,2,74,11.21400000000017,3.1039999999998145,1,10
65,10s,2,75,13.170000000000073,3.7719999999999345,1,10
65,10s,2,76,14.10200000000009,2.1299999999998818,1,10
65,10s,2,77,17.403999999999996,4.711999999999989,1,10
65,10s,2,78,16.47400000000016,3.1979999999998654,1,10
65,10s,2,79,12.160000000000082,3.3019999999999072,1,10
65,10s,2,80,14.259999999999991,6.0620000000001255,1,10
65,10s,2,81,15.157999999999902,4.738000000000056,1,10
65,10s,2,82,16.559999999999945,2.786000000000058,1,10
65,10s,2,83,15.759999999999991,3.3740000000000236,1,10
65,10s,2,84,12.882000000000062,5.689999999999827,1,10
65,10s,2,85,11.608000000000175,2.4279999999998836,1,10
65,10s,2,86,11.80600000000004,5.430000000000064,1,10
65,10s,2,87,3.8579999999999472,11.650000000000091,0,10
65,10s,2,88,15.079999999999927,3.4700000000000273,1,10
65,10s,2,89,15.467999999999847,4.324000000000069,1,10
65,10s,2,90,8.526000000000067,10.160000000000082,0,10
65,10s,2,91,18.82399999999984,3.6800000000000637,1,10
65,10s,2,92,14.60200000000009,3.8659999999999854,1,10
65,10s,2,93,14.38799999999992,4.773999999999887,1,10
65,10s,2,94,17.99000000000001,6.1340000000000146,1,10
65,10s,2,95,16.355999999999995,4.238000000000056,1,10
65,10s,2,96,20.62000000000012,2.2199999999998,1,10
65,10s,2,97,11.858000000000175,3.27800000000002,1,10
65,10s,2,98,10.059999999999945,4.7560000000000855,1,10
65,10s,2,99,12.153999999999996,2.811999999999898,1,10
65,10s,2,100,14.604000000000042,,1,10
65,10s,3,1,14.742,3.6000000000000014,1,10
65,10s,3,2,11.948,2.985999999999997,1,10
65,10s,3,3,9.961999999999996,10.207999999999998,0,10
65,10s,3,4,12.5,2.7280000000000086,1,10
65,10s,3,5,11.804000000000002,3.2560000000000002,1,10
65,10s,3,6,18.322000000000003,2.4979999999999905,1,10
65,10s,3,7,10.955999999999989,4.150000000000006,1,10
65,10s,3,8,12.439999999999998,3.6820000000000164,1,10
65,10s,3,9,12.512,2.9199999999999875,1,10
65,10s,3,10,16.141999999999996,3.421999999999997,1,10
65,10s,3,11,12.814000000000021,2.98599999999999,1,10
65,10s,3,12,14.378000000000014,3.4539999999999793,1,10
65,10s,3,13,9.216000000000008,10.193999999999988,0,10
65,10s,3,14,11.681999999999988,2.608000000000004,1,10
65,10s,3,15,11.350000000000023,2.6580000000000155,1,10
65,10s,3,16,14.024000000000001,3.72199999999998,1,10
65,10s,3,17,12.377999999999986,2.975999999999999,1,10
65,10s,3,18,12.994000000000028,2.843999999999994,1,10
65,10s,3,19,9.608000000000004,10.185999999999979,0,10
65,10s,3,20,12.336000000000013,3.6399999999999864,1,10
65,10s,3,21,14.454000000000008,3.5120000000000005,1,10
65,10s,3,22,8.855999999999995,10.162000000000035,0,10
65,10s,3,23,14.061999999999955,3.2000000000000455,1,10
65,10s,3,24,14.349999999999966,3.4879999999999995,1,10
65,10s,3,25,11.079999999999984,5.188000000000045,1,10
65,10s,3,26,14.415999999999997,5.017999999999972,1,10
65,10s,3,27,14.504000000000019,3.173999999999978,1,10
65,10s,3,28,8.033999999999992,11.77600000000001,0,10
65,10s,3,29,14.018000000000029,8.857999999999947,1,10
65,10s,3,30,15.252000000000066,3.5839999999999463,1,10
65,10s,3,31,8.816000000000031,10.138000000000034,0,10
65,10s,3,32,12.653999999999996,2.617999999999938,1,10
65,10s,3,33,16.75400000000002,3.4880000000000564,1,10
65,10s,3,34,13.823999999999955,5.1159999999999854,1,10
65,10s,3,35,14.015999999999963,3.5300000000000864,1,10
65,10s,3,36,12.831999999999994,2.6259999999999764,1,10
65,10s,3,37,13.307999999999993,4.518000000000029,1,10
65,10s,3,38,11.923999999999978,3.95799999999997,1,10
65,10s,3,39,12.961999999999989,2.947999999999979,1,10
65,10s,3,40,12.526000000000067,4.881999999999948,1,10
65,10s,3,41,0.6100000000000136,0.033999999999991815,0,10
65,10s,3,42,0.2620000000000573,0.06600000000003092,0,10
65,10s,3,43,16.434000000000083,2.655999999999949,1,10
65,10s,3,44,11.728000000000065,6.44399999999996,1,10
65,10s,3,45,13.275999999999954,5.580000000000041,1,10
65,10s,3,46,11.933999999999969,2.3780000000000427,1,10
65,10s,3,47,14.580000000000041,4.809999999999945,1,10
65,10s,3,48,9.519999999999982,10.144000000000005,0,10
65,10s,3,49,15.149999999999977,4.1860000000000355,1,10
65,10s,3,50,16.01800000000003,4.079999999999927,1,10
65,10s,3,51,10.326000000000022,4.635999999999967,1,10
65,10s,3,52,15.198000000000093,4.295999999999935,1,10
65,10s,3,53,11.180000000000064,3.405999999999949,1,10
65,10s,3,54,9.668000000000006,10.139999999999986,0,10
65,10s,3,55,9.026000000000067,10.155999999999949,0,10
65,10s,3,56,15.162000000000035,4.617999999999938,1,10
65,10s,3,57,10.398000000000025,3.8700000000000045,1,10
65,10s,3,58,8.793999999999983,10.172000000000025,0,10
65,10s,3,59,11.70399999999995,5.072000000000116,1,10
65,10s,3,60,13.477999999999838,3.7560000000000855,1,10
65,10s,3,61,12.75,4.382000000000062,1,10
65,10s,3,62,9.27800000000002,10.135999999999967,0,10
65,10s,3,63,12.937999999999874,4.2280000000000655,1,10
65,10s,3,64,17.751999999999953,2.6359999999999673,1,10
65,10s,3,65,12.057999999999993,4.451999999999998,1,10
65,10s,3,66,11.172000000000025,3.9440000000001874,1,10
65,10s,3,67,11.8599999999999,5.7159999999998945,1,10
65,10s,3,68,11.451999999999998,2.4500000000000455,1,10
65,10s,3,69,16.18399999999997,3.8680000000001655,1,10
65,10s,3,70,16.73799999999983,3.382000000000062,1,10
65,10s,3,71,15.364000000000033,4.3940000000000055,1,10
65,10s,3,72,14.705999999999904,4.1460000000001855,1,10
65,10s,3,73,11.783999999999878,4.6059999999999945,1,10
65,10s,3,74,15.958000000000084,3.4039999999999964,1,10
65,10s,3,75,9.461999999999989,10.13799999999992,0,10
65,10s,3,76,11.706000000000131,4.490000000000009,1,10
65,10s,3,77,13.459999999999809,5.276000000000067,1,10
65,10s,3,78,11.413999999999987,5.567999999999984,1,10
65,10s,3,79,14.052000000000135,5.433999999999969,1,10
65,10s,3,80,11.769999999999982,6.043999999999869,1,10
65,10s,3,81,10.951999999999998,5.460000000000036,1,10
65,10s,3,82,13.792000000000144,4.783999999999878,1,10
65,10s,3,83,11.92599999999993,4.246000000000095,1,10
65,10s,3,84,12.110000000000127,4.173999999999978,1,10
65,10s,3,85,15.709999999999809,2.6820000000000164,1,10
65,10s,3,86,11.800000000000182,6.442000000000007,1,10
65,10s,3,87,9.515999999999849,10.1400000000001,0,10
65,10s,3,88,11.634000000000015,4.563999999999851,1,10
65,10s,3,89,14.519999999999982,4.608000000000175,1,10
65,10s,3,90,12.579999999999927,2.647999999999911,1,10
65,10s,3,91,14.710000000000036,3.7560000000000855,1,10
65,10s,3,92,9.576000000000022,10.145999999999958,0,10
65,10s,3,93,14.653999999999996,5.298000000000002,1,10
65,10s,3,94,11.821999999999889,4.022000000000162,1,10
65,10s,3,95,13.445999999999913,2.377999999999929,1,10
65,10s,3,96,9.816000000000031,10.216000000000122,0,10
65,10s,3,97,12.673999999999978,6.182000000000016,1,10
65,10s,3,98,10.836000000000013,3.0799999999999272,1,10
65,10s,3,99,11.872000000000071,4.801999999999907,1,10
65,10s,3,100,12.857999999999947,,1,10
65,10s,4,1,10.000000000000004,3.455999999999996,0,10
65,10s,4,2,10.944000000000003,4.283999999999999,1,10
65,10s,4,3,15.958000000000006,4.089999999999989,1,10
65,10s,4,4,0.3500000000000085,0.08199999999999363,0,10
65,10s,4,5,0.02599999999999625,0.04399999999999693,0,10
65,10s,4,6,13.054000000000002,3.1059999999999945,1,10
65,10s,4,7,15.242000000000004,5.274000000000001,1,10
65,10s,4,8,16.951999999999998,4.539999999999992,1,10
65,10s,4,9,19.256,3.8300000000000125,1,10
65,10s,4,10,17.340000000000003,5.072000000000003,1,10
65,10s,4,11,15.335999999999984,4.0020000000000095,1,10
65,10s,4,12,13.259999999999991,4.170000000000016,1,10
65,10s,4,13,10.171999999999997,3.7379999999999995,1,10
65,10s,4,14,15.261999999999972,3.816000000000031,1,10
65,10s,4,15,11.908000000000015,2.915999999999997,1,10
65,10s,4,16,4.755999999999972,0.01999999999998181,0,10
65,10s,4,17,8.24799999999999,10.132000000000005,0,10
65,10s,4,18,7.02800000000002,10.134000000000015,0,10
65,10s,4,19,18.567999999999984,4.218000000000018,1,10
65,10s,4,20,10.355999999999995,3.108000000000004,1,10
65,10s,4,21,9.775999999999954,10.154000000000053,0,10
65,10s,4,22,16.579999999999984,0.07599999999996498,1,10
65,10s,4,23,0.014000000000010004,3.651999999999987,0,10
65,10s,4,24,17.30800000000005,5.645999999999958,1,10
65,10s,4,25,7.79200000000003,10.171999999999969,0,10
65,10s,4,26,16.248000000000047,4.677999999999997,1,10
65,10s,4,27,9.157999999999959,10.128000000000043,0,10
65,10s,4,28,8.822000000000003,10.14999999999992,0,10
65,10s,4,29,9.034000000000106,10.15199999999993,0,10
65,10s,4,30,12.552000000000021,3.183999999999969,1,10
65,10s,4,31,11.886000000000081,4.361999999999966,1,10
65,10s,4,32,14.17599999999993,4.2140000000000555,1,10
65,10s,4,33,0.37599999999997635,10.124000000000024,0,10
65,10s,4,34,22.827999999999975,3.495999999999981,1,10
65,10s,4,35,12.52800000000002,4.82000000000005,1,10
65,10s,4,36,13.100000000000023,3.3659999999999854,1,10
65,10s,4,37,13.183999999999969,5.360000000000014,1,10
65,10s,4,38,14.422000000000025,5.625999999999976,1,10
65,10s,4,39,18.131999999999948,4.590000000000032,1,10
65,10s,4,40,15.909999999999968,3.2340000000000373,1,10
65,10s,4,41,16.908000000000015,3.259999999999991,1,10
65,10s,4,42,15.187999999999988,4.73599999999999,1,10
65,10s,4,43,11.490000000000009,2.538000000000011,1,10
65,10s,4,44,0.09600000000000364,10.16599999999994,0,10
65,10s,4,45,18.365999999999985,3.7700000000000955,1,10
65,10s,4,46,11.177999999999997,6.480000000000018,1,10
65,10s,4,47,13.205999999999904,3.900000000000091,1,10
65,10s,4,48,15.327999999999975,3.274000000000001,1,10
65,10s,4,49,15.88799999999992,2.678000000000111,1,10
65,10s,4,50,12.225999999999999,3.533999999999992,1,10
65,10s,4,51,13.285999999999945,3.8460000000000036,1,10
65,10s,4,52,16.868000000000052,7.281999999999925,1,10
65,10s,4,53,12.82000000000005,5.720000000000027,1,10
65,10s,4,54,14.48599999999999,16.469999999999914,1,10
65,10s,4,55,13.300000000000068,4.529999999999973,1,10
65,10s,4,56,13.244000000000028,4.142000000000053,1,10
65,10s,4,57,17.29599999999982,4.496000000000095,1,10
65,10s,4,58,17.072000000000116,2.7779999999997926,1,10
65,10s,4,59,11.903999999999996,3.964000000000169,1,10
65,10s,4,60,13.833999999999833,5.16800000000012,1,10
65,10s,4,61,10.670000000000073,5.127999999999929,1,10
65,10s,4,62,14.839999999999918,7.832000000000107,1,10
65,10s,4,63,10.607999999999947,4.836000000000013,1,10
65,10s,4,64,13.354000000000042,5.846000000000004,1,10
65,10s,4,65,9.644000000000005,10.142000000000053,0,10
65,10s,4,66,14.473999999999933,5.288000000000011,1,10
65,10s,4,67,11.599999999999909,3.11200000000008,1,10
65,10s,4,68,13.577999999999975,4.9939999999999145,1,10
65,10s,4,69,12.5,6.880000000000109,1,10
65,10s,4,70,11.011999999999944,7.380000000000109,1,10
65,10s,4,71,0.40599999999994907,10.125999999999976,0,10
65,10s,4,72,12.463999999999942,4.566000000000031,1,10
65,10s,4,73,13.460000000000036,5.2439999999999145,1,10
65,10s,4,74,13.5,4.638000000000147,1,10
65,10s,4,75,10.103999999999814,3.9600000000000364,1,10
65,10s,4,76,10.36200000000008,6.448000000000093,1,10
65,10s,4,77,9.561999999999898,10.11999999999989,0,10
65,10s,4,78,14.432000000000016,11.176000000000158,1,10
65,10s,4,79,16.427999999999884,4.895999999999958,1,10
65,10s,4,80,14.330000000000155,5.463999999999942,1,10
65,10s,4,81,12.554000000000087,3.99799999999982,1,10
65,10s,4,82,0.052000000000134605,10.179999999999836,0,10
65,10s,4,83,15.428000000000111,8.185999999999922,1,10
65,10s,4,84,15.258000000000038,4.231999999999971,1,10
65,10s,4,85,11.676000000000158,3.5979999999999563,1,10
65,10s,4,86,14.594000000000051,4.729999999999791,1,10
65,10s,4,87,16.576000000000022,4.3120000000001255,1,10
65,10s,4,88,15.29600000000005,3.1019999999998618,1,10
65,10s,4,89,14.120000000000118,5.003999999999905,1,10
65,10s,4,90,14.160000000000082,4.960000000000036,1,10
65,10s,4,91,17.837999999999965,5.225999999999885,1,10
65,10s,4,92,16.90599999999995,4.614000000000033,1,10
65,10s,4,93,16.564000000000078,5.349999999999909,1,10
65,10s,4,94,16.30600000000004,5.420000000000073,1,10
65,10s,4,95,18.720000000000027,5.036000000000058,1,10
65,10s,4,96,12.021999999999935,4.653999999999996,1,10
65,10s,4,97,13.920000000000073,4.917999999999893,1,10
65,10s,4,98,11.599999999999909,5.36200000000008,1,10
65,10s,4,99,12.736000000000104,3.8999999999998636,1,10
65,10s,4,100,14.298000000000002,2.882000000000062,1,10
65,10s,4,101,14.003999999999905,,1,10
65,10s,5,1,0.03200000000000003,0.027999999999998693,0,10
65,10s,5,2,5.613999999999997,10.18,0,10
65,10s,5,3,8.449999999999996,10.164000000000001,0,10
65,10s,5,4,0.038000000000010914,0.012000000000000455,0,10
65,10s,5,5,12.980000000000004,3.945999999999998,1,10
65,10s,5,6,13.896,3.0919999999999987,1,10
65,10s,5,7,10.824000000000012,3.5859999999999843,1,10
65,10s,5,8,0.5420000000000016,10.156000000000006,0,10
65,10s,5,9,13.122000000000014,3.8719999999999857,1,10
65,10s,5,10,0.539999999999992,0.060000000000002274,0,10
65,10s,5,11,14.033999999999992,3.334000000000003,1,10
65,10s,5,12,11.472000000000008,3.592000000000013,1,10
65,10s,5,13,14.933999999999997,4.625999999999976,1,10
65,10s,5,14,14.786000000000001,3.6180000000000234,1,10
65,10s,5,15,13.744,3.1959999999999695,1,10
65,10s,5,16,13.283999999999992,2.962000000000046,1,10
65,10s,5,17,13.139999999999986,3.906000000000006,1,10
65,10s,5,18,9.911999999999978,10.132000000000005,0,10
65,10s,5,19,14.966000000000008,4.351999999999975,1,10
65,10s,5,20,8.158000000000015,10.139999999999986,0,10
65,10s,5,21,18.524,4.830000000000041,1,10
65,10s,5,22,16.817999999999984,3.930000000000007,1,10
65,10s,5,23,16.99799999999999,3.4220000000000255,1,10
65,10s,5,24,15.777999999999963,4.574000000000012,1,10
65,10s,5,25,18.980000000000018,3.555999999999983,1,10
65,10s,5,26,8.548000000000002,0.08400000000000318,0,10
65,10s,5,27,15.353999999999985,3.180000000000007,1,10
65,10s,5,28,14.23599999999999,3.117999999999995,1,10
65,10s,5,29,13.743999999999971,3.07000000000005,1,10
65,10s,5,30,15.625999999999976,3.4980000000000473,1,10
65,10s,5,31,14.605999999999995,3.4320000000000164,1,10
65,10s,5,32,16.409999999999968,4.54200000000003,1,10
65,10s,5,33,13.431999999999903,2.8880000000000337,1,10
65,10s,5,34,13.206000000000017,3.17999999999995,1,10
65,10s,5,35,16.378000000000043,2.25,1,10
65,10s,5,36,15.166000000000054,2.8179999999999836,1,10
65,10s,5,37,11.192000000000007,4.0779999999999745,1,10
65,10s,5,38,15.97199999999998,3.1680000000000064,1,10
65,10s,5,39,15.918000000000006,4.614000000000033,1,10
65,10s,5,40,14.867999999999938,3.5919999999999845,1,10
65,10s,5,41,13.908000000000015,3.5919999999999845,1,10
65,10s,5,42,12.614000000000033,2.3360000000000127,1,10
65,10s,5,43,16.139999999999986,5.375999999999976,1,10
65,10s,5,44,10.327999999999975,4.258000000000038,1,10
65,10s,5,45,10.956000000000017,4.696000000000026,1,10
65,10s,5,46,14.257999999999925,3.3700000000000045,1,10
65,10s,5,47,11.54200000000003,3.45799999999997,1,10
65,10s,5,48,13.79200000000003,3.2520000000000664,1,10
65,10s,5,49,11.791999999999916,4.434000000000083,1,10
65,10s,5,50,10.024000000000001,4.363999999999919,1,10
65,10s,5,51,13.216000000000008,3.3840000000000146,1,10
65,10s,5,52,12.413999999999987,2.9420000000000073,1,10
65,10s,5,53,0.82000000000005,10.15199999999993,0,10
65,10s,5,54,11.375999999999976,4.224000000000046,1,10
65,10s,5,55,9.405999999999949,10.118000000000052,0,10
65,10s,5,56,11.840000000000032,3.802000000000021,1,10
65,10s,5,57,11.833999999999946,3.1219999999999573,1,10
65,10s,5,58,12.270000000000095,3.2619999999999436,1,10
65,10s,5,59,0.09799999999995634,0.04200000000003001,0,10
65,10s,5,60,12.152000000000044,5.535999999999831,1,10
65,10s,5,61,11.542000000000144,3.758000000000038,1,10
65,10s,5,62,12.201999999999998,3.97199999999998,1,10
65,10s,5,63,11.04600000000005,2.841999999999871,1,10
65,10s,5,64,12.357999999999947,4.096000000000004,1,10
65,10s,5,65,11.678000000000111,3.6420000000000528,1,10
65,10s,5,66,10.437999999999874,3.86200000000008,1,10
65,10s,5,67,12.783999999999878,4.064000000000078,1,10
65,10s,5,68,15.983999999999924,3.992000000000189,1,10
65,10s,5,69,12.519999999999982,3.8199999999999363,1,10
65,10s,5,70,12.605999999999995,3.423999999999978,1,10
65,10s,5,71,9.748000000000047,10.129999999999882,0,10
65,10s,5,72,10.557999999999993,2.8900000000001,1,10
65,10s,5,73,12.529999999999973,3.9659999999998945,1,10
65,10s,5,74,8.762000000000171,10.183999999999969,0,10
65,10s,5,75,0.37400000000002365,0.015999999999849024,0,10
65,10s,5,76,10.506000000000085,6.879999999999882,1,10
65,10s,5,77,13.170000000000073,3.991999999999962,1,10
65,10s,5,78,10.526000000000067,4.867999999999938,1,10
65,10s,5,79,7.892000000000053,10.139999999999873,0,10
65,10s,5,80,12.840000000000146,4.4659999999998945,1,10
65,10s,5,81,14.903999999999996,3.3700000000001182,1,10
65,10s,5,82,12.903999999999996,4.981999999999971,1,10
65,10s,5,83,11.730000000000018,4.163999999999987,1,10
65,10s,5,84,10.557999999999993,3.405999999999949,1,10
65,10s,5,85,10.14799999999991,4.432000000000016,1,10
65,10s,5,86,12.048000000000002,2.9400000000000546,1,10
65,10s,5,87,12.710000000000036,3.0679999999999836,1,10
65,10s,5,88,11.200000000000045,2.7619999999999436,1,10
65,10s,5,89,8.781999999999925,12.552000000000135,0,10
65,10s,5,90,14.755999999999858,3.678000000000111,1,10
65,10s,5,91,11.344000000000051,4.412000000000035,1,10
65,10s,5,92,11.797999999999774,3.8320000000001073,1,10
65,10s,5,93,10.483999999999924,4.072000000000116,1,10
65,10s,5,94,10.437999999999874,4.58400000000006,1,10
65,10s,5,95,11.83400000000006,3.745999999999867,1,10
65,10s,5,96,10.346000000000004,5.068000000000211,1,10
65,10s,5,97,11.099999999999909,13.018000000000029,1,10
65,10s,5,98,13.515999999999849,3.201999999999998,1,10
65,10s,5,99,11.342000000000098,2.632000000000062,1,10
65,10s,5,100,10.015999999999849,,1,10
65,10s,6,1,8.814000000000004,10.14,0,0
65,10s,6,2,11.936,5.292000000000002,1,0
65,10s,6,3,13.313999999999993,3.8659999999999997,1,0
65,10s,6,4,8.918000000000006,10.149999999999991,0,0
65,10s,6,5,8.908000000000001,10.164000000000001,0,0
65,10s,6,6,12.596000000000004,3.0600000000000023,1,0
65,10s,6,7,15.99600000000001,5.663999999999987,1,0
65,10s,6,8,14.734000000000009,3.7319999999999993,1,0
65,10s,6,9,14.163999999999987,2.9620000000000175,1,0
65,10s,6,10,10.039999999999992,3.0079999999999814,1,0
65,10s,6,11,12.730000000000018,4.439999999999998,1,0
65,10s,6,12,9.621999999999986,10.110000000000014,0,0
65,10s,6,13,0.4060000000000059,0.031999999999982265,0,0
65,10s,6,14,13.432000000000016,4.925999999999988,1,0
65,10s,6,15,14.358000000000004,5.189999999999998,1,0
65,10s,6,16,13.302000000000021,6.75,1,0
65,10s,6,17,12.767999999999972,2.9279999999999973,1,0
65,10s,6,18,9.629999999999995,10.105999999999995,0,0
65,10s,6,19,16.586000000000013,2.480000000000018,1,0
65,10s,6,20,9.911999999999978,10.151999999999987,0,0
65,10s,6,21,0.38400000000001455,0.07800000000003138,0,0
65,10s,6,22,11.649999999999864,2.6480000000001382,1,0
65,10s,6,23,9.894000000000005,10.131999999999834,0,0
65,10s,6,24,12.508000000000038,2.673999999999978,1,0
65,10s,6,25,13.062000000000126,3.240000000000009,1,0
65,10s,6,26,8.927999999999884,10.13799999999992,0,0
65,10s,6,27,0.2760000000000673,0.057999999999992724,0,0
65,10s,6,28,16.61999999999989,5.4780000000000655,1,0
65,10s,6,29,11.847999999999956,2.6440000000000055,1,0
65,10s,6,30,12.960000000000036,3.0699999999999363,1,0
65,10s,6,31,14.35200000000009,3.8599999999999,1,0
65,10s,6,32,10.069999999999936,6.356000000000222,1,0
65,10s,6,33,12.129999999999882,4.203999999999951,1,0
65,10s,6,34,12.210000000000036,3.7760000000000673,1,0
65,10s,6,35,10.019999999999982,2.7560000000000855,1,0
65,10s,6,36,9.745999999999867,10.145999999999958,0,0
65,10s,6,37,11.413999999999987,2.3659999999999854,1,0
65,10s,6,38,15.150000000000091,3.1400000000001,1,0
65,10s,6,39,10.363999999999805,3.08400000000006,1,0
65,10s,6,40,10.644000000000005,2.491999999999962,1,0
65,10s,6,41,10.544000000000096,1.933999999999969,1,0
65,10s,6,42,13.509999999999991,4.748000000000047,1,0
65,10s,6,43,12.450000000000045,2.8339999999998327,1,0
65,10s,6,44,11.238000000000056,5.347999999999956,1,0
65,10s,6,45,12.144000000000005,3.1720000000000255,1,0
65,10s,6,46,12.822000000000116,4.313999999999851,1,0
65,10s,6,47,10.598000000000184,3.4759999999998854,1,0
65,10s,6,48,11.60200000000009,2.341999999999871,1,0
65,10s,6,49,13.970000000000027,4.72199999999998,1,0
65,10s,6,50,12.938000000000102,3.745999999999867,1,0
65,10s,6,51,13.910000000000082,3.3859999999999673,1,0
65,10s,6,52,13.718000000000075,3.768000000000029,1,0
65,10s,6,53,14.565999999999804,3.3220000000001164,1,0
65,10s,6,54,17.488000000000056,2.3799999999998818,1,0
65,10s,6,55,12.43600000000015,2.80399999999986,1,0
65,10s,6,56,12.412000000000035,2.6159999999999854,1,0
65,10s,6,57,15.337999999999965,3.3759999999999764,1,0
65,10s,6,58,0.3079999999999927,10.142000000000053,0,0
65,10s,6,59,15.433999999999969,2.4680000000000746,1,0
65,10s,6,60,13.003999999999905,2.2740000000001146,1,0
65,10s,6,61,11.316000000000031,5.490000000000009,1,0
65,10s,6,62,16.023999999999887,3.2280000000000655,1,0
65,10s,6,63,16.190000000000055,4.169999999999845,1,0
65,10s,6,64,11.728000000000065,3.925999999999931,1,0
65,10s,6,65,15.346000000000004,2.6440000000000055,1,0
65,10s,6,66,15.738000000000056,4.405999999999949,1,0
65,10s,6,67,12.048000000000002,3.3460000000000036,1,0
65,10s,6,68,14.009999999999991,4.426000000000158,1,0
65,10s,6,69,14.651999999999816,4.30600000000004,1,0
65,10s,6,70,14.450000000000045,4.52800000000002,1,0
65,10s,6,71,13.132000000000062,2.6959999999999127,1,0
65,10s,6,72,18.784000000000106,3.895999999999731,1,0
65,10s,6,73,14.85400000000027,3.75,1,0
65,10s,6,74,11.177999999999884,4.847999999999956,1,0
65,10s,6,75,11.762000000000171,3.2660000000000764,1,0
65,10s,6,76,14.765999999999622,2.7840000000001055,1,0
65,10s,6,77,10.44399999999996,3.568000000000211,1,0
65,10s,6,78,12.940000000000055,4.27599999999984,1,0
65,10s,6,79,11.470000000000255,2.843999999999596,1,0
65,10s,6,80,9.93600000000015,10.115999999999985,0,0
65,10s,6,81,15.08600000000024,5.329999999999927,1,0
65,10s,6,82,11.63799999999992,4.833999999999833,1,0
65,10s,6,83,15.17599999999993,4.522000000000389,1,0
65,10s,6,84,11.855999999999767,0.068000000000211,1,0
65,10s,6,85,0.018000000000029104,4.283999999999651,0,0
65,10s,6,86,14.961999999999989,3.11200000000008,1,0
65,10s,6,87,13.061999999999898,3.7020000000002256,1,0
65,10s,6,88,12.384000000000015,3.5419999999999163,1,0
65,10s,6,89,13.340000000000146,4.458000000000084,1,0
65,10s,6,90,12.591999999999643,4.048000000000229,1,0
65,10s,6,91,11.076000000000022,3.094000000000051,1,0
65,10s,6,92,11.103999999999814,3.6900000000000546,1,0
65,10s,6,93,8.42599999999993,10.139999999999873,0,0
65,10s,6,94,14.652000000000044,5.454000000000178,1,0
65,10s,6,95,11.277999999999793,2.812000000000353,1,0
65,10s,6,96,9.599999999999909,10.181999999999789,0,0
65,10s,6,97,13.126000000000204,4.940000000000055,1,0
65,10s,6,98,0.2660000000000764,10.121999999999844,0,0
65,10s,6,99,14.878000000000156,5.705999999999676,1,0
65,10s,6,100,13.052000000000135,,1,0
66,10s,1,1,10.054000000000002,1.0759999999999934,1,10
66,10s,1,2,6.758000000000003,10.118000000000002,0,10
66,10s,1,3,0.1700000000000017,10.205999999999996,0,10
66,10s,1,4,6.971999999999994,10.24600000000001,0,10
66,10s,1,5,8.905999999999992,10.230000000000004,0,10
66,10s,1,6,5.867999999999995,10.16000000000001,0,10
66,10s,1,7,0.17199999999999704,0.012000000000000455,0,10
66,10s,1,8,8.49600000000001,10.211999999999989,0,10
66,10s,1,9,10.418000000000006,1.7379999999999995,1,10
66,10s,1,10,9.25,10.177999999999997,0,10
66,10s,1,11,0.6459999999999866,0.030000000000001137,0,10
66,10s,1,12,9.189999999999998,10.189999999999998,0,10
66,10s,1,13,9.165999999999997,10.280000000000001,0,10
66,10s,1,14,10.74600000000001,1.4419999999999789,1,10
66,10s,1,15,10.686000000000007,2.018000000000029,1,10
66,10s,1,16,10.20599999999996,2.848000000000013,1,10
66,10s,1,17,8.553999999999974,10.204000000000008,0,10
66,10s,1,18,10.831999999999994,2.090000000000032,1,10
66,10s,1,19,10.831999999999994,3.6899999999999977,1,10
66,10s,1,20,8.47399999999999,10.186000000000035,0,10
66,10s,1,21,9.855999999999995,10.108000000000004,0,10
66,10s,1,22,0.09600000000000364,0.06599999999997408,0,10
66,10s,1,23,0.036000000000001364,0.1439999999999486,0,10
66,10s,1,24,9.930000000000007,10.201999999999998,0,10
66,10s,1,25,7.113999999999976,10.29200000000003,0,10
66,10s,1,26,9.005999999999972,10.132000000000005,0,10
66,10s,1,27,0.04599999999999227,0.09200000000004138,0,10
66,10s,1,28,8.836000000000013,10.229999999999961,0,10
66,10s,1,29,11.386000000000024,2.541999999999973,1,10
66,10s,1,30,9.174000000000035,10.211999999999989,0,10
66,10s,1,31,9.283999999999992,10.152000000000044,0,10
66,10s,1,32,10.045999999999935,1.5460000000000491,1,10
66,10s,1,33,9.970000000000027,10.511999999999944,0,10
66,10s,1,34,0.34400000000005093,0.057999999999992724,0,10
66,10s,1,35,10.557999999999993,2.076000000000022,1,10
66,10s,1,36,11.124000000000024,2.481999999999971,1,10
66,10s,1,37,8.576000000000022,10.20799999999997,0,10
66,10s,1,38,0.05000000000006821,0.09799999999995634,0,10
66,10s,1,39,10.69399999999996,1.7160000000000082,1,10
66,10s,1,40,13.388000000000034,2.54200000000003,1,10
66,10s,1,41,11.329999999999927,3.475999999999999,1,10
66,10s,1,42,9.776000000000067,10.23599999999999,0,10
66,10s,1,43,10.525999999999954,2.4180000000000064,1,10
66,10s,1,44,9.148000000000025,10.782000000000039,0,10
66,10s,1,45,9.947999999999979,10.196000000000026,0,10
66,10s,1,46,10.361999999999966,1.51400000000001,1,10
66,10s,1,47,14.093999999999937,3.538000000000011,1,10
66,10s,1,48,12.365999999999985,1.4800000000000182,1,10
66,10s,1,49,11.581999999999994,1.5860000000000127,1,10
66,10s,1,50,13.288000000000011,2.2899999999999636,1,10
66,10s,1,51,10.382000000000062,2.990000000000009,1,10
66,10s,1,52,10.831999999999994,4.653999999999996,1,10
66,10s,1,53,9.615999999999985,10.204000000000065,0,10
66,10s,1,54,0.5419999999999163,0.04000000000007731,0,10
66,10s,1,55,0.15999999999996817,0.05400000000008731,0,10
66,10s,1,56,0.37400000000002365,0.06600000000003092,0,10
66,10s,1,57,11.138000000000034,1.5899999999999181,1,10
66,10s,1,58,11.95799999999997,2.872000000000071,1,10
66,10s,1,59,12.399999999999977,5.738000000000056,1,10
66,10s,1,60,9.329999999999927,10.190000000000055,0,10
66,10s,1,61,12.23599999999999,1.7799999999999727,1,10
66,10s,1,62,13.677999999999997,3.245999999999981,1,10
66,10s,1,63,12.0,3.447999999999979,1,10
66,10s,1,64,11.774000000000001,3.312000000000012,1,10
66,10s,1,65,11.022000000000048,2.5699999999999363,1,10
66,10s,1,66,11.70000000000016,2.487999999999829,1,10
66,10s,1,67,8.874000000000024,10.16599999999994,0,10
66,10s,1,68,0.038000000000010914,0.03000000000020009,0,10
66,10s,1,69,11.548000000000002,2.0260000000000673,1,10
66,10s,1,70,13.83199999999988,2.5579999999999927,1,10
66,10s,1,71,10.978000000000065,7.400000000000091,1,10
66,10s,1,72,14.199999999999818,3.72400000000016,1,10
66,10s,1,73,9.642000000000053,10.233999999999924,0,10
66,10s,1,74,14.05399999999986,4.216000000000122,1,10
66,10s,1,75,12.625999999999976,2.048000000000002,1,10
66,10s,1,76,12.423999999999978,2.2239999999999327,1,10
66,10s,1,77,12.608000000000175,3.2519999999999527,1,10
66,10s,1,78,11.19399999999996,3.617999999999938,1,10
66,10s,1,79,10.410000000000082,2.4659999999998945,1,10
66,10s,1,80,10.258000000000038,2.1420000000000528,1,10
66,10s,1,81,10.167999999999893,2.4440000000001874,1,10
66,10s,1,82,10.076000000000022,2.16599999999994,1,10
66,10s,1,83,9.144000000000005,10.207999999999856,0,10
66,10s,1,84,11.77000000000021,1.4039999999999964,1,10
66,10s,1,85,13.405999999999949,2.675999999999931,1,10
66,10s,1,86,10.349999999999909,2.018000000000029,1,10
66,10s,1,87,11.236000000000104,3.2339999999999236,1,10
66,10s,1,88,10.274000000000115,2.995999999999867,1,10
66,10s,1,89,12.354000000000042,2.925999999999931,1,10
66,10s,1,90,10.865999999999985,2.316000000000031,1,10
66,10s,1,91,9.198000000000093,10.321999999999889,0,10
66,10s,1,92,13.548000000000002,3.6720000000000255,1,10
66,10s,1,93,13.332000000000107,2.8179999999999836,1,10
66,10s,1,94,11.071999999999889,2.5779999999999745,1,10
66,10s,1,95,13.210000000000036,3.546000000000049,1,10
66,10s,1,96,12.190000000000055,2.72199999999998,1,10
66,10s,1,97,12.877999999999929,2.4880000000000564,1,10
66,10s,1,98,9.86200000000008,10.227999999999838,0,10
66,10s,1,99,11.25200000000018,1.3239999999998417,1,10
66,10s,1,100,11.928000000000111,,1,10
66,10s,2,1,9.909999999999997,10.452000000000005,0,10
66,10s,2,2,7.719999999999999,10.143999999999998,0,10
66,10s,2,3,8.462000000000003,10.25399999999999,0,10
66,10s,2,4,9.976000000000013,10.531999999999996,0,10
66,10s,2,5,9.584000000000003,10.423999999999992,0,10
66,10s,2,6,0.681999999999988,0.04200000000000159,0,10
66,10s,2,7,0.76400000000001,0.04399999999998272,0,10
66,10s,2,8,10.379999999999995,1.6859999999999786,1,10
66,10s,2,9,12.02600000000001,1.8859999999999957,1,10
66,10s,2,10,9.460000000000008,10.268,0,10
66,10s,2,11,11.647999999999996,1.2539999999999907,1,10
66,10s,2,12,10.146000000000015,3.329999999999984,1,10
66,10s,2,13,13.088000000000022,1.4839999999999804,1,10
66,10s,2,14,9.886000000000024,10.153999999999996,0,10
66,10s,2,15,2.0439999999999827,0.02600000000001046,0,10
66,10s,2,16,9.656000000000006,10.19599999999997,0,10
66,10s,2,17,0.5880000000000223,0.06399999999996453,0,10
66,10s,2,18,8.963999999999999,10.198000000000036,0,10
66,10s,2,19,8.935999999999979,10.240000000000009,0,10
66,10s,2,20,0.5620000000000118,0.055999999999983174,0,10
66,10s,2,21,11.122000000000014,2.0879999999999654,1,10
66,10s,2,22,12.430000000000007,1.632000000000005,1,10
66,10s,2,23,14.158000000000015,1.2959999999999923,1,10
66,10s,2,24,12.173999999999978,2.6020000000000323,1,10
66,10s,2,25,10.883999999999958,1.4180000000000064,1,10
66,10s,2,26,12.557999999999993,2.8640000000000327,1,10
66,10s,2,27,10.646000000000015,1.8239999999999554,1,10
66,10s,2,28,11.160000000000025,3.603999999999985,1,10
66,10s,2,29,8.238,10.355999999999995,0,10
66,10s,2,30,13.189999999999998,2.6299999999999955,1,10
66,10s,2,31,3.4740000000000464,0.01599999999996271,0,10
66,10s,2,32,0.37599999999997635,0.03000000000002956,0,10
66,10s,2,33,9.799999999999955,10.216000000000008,0,10
66,10s,2,34,10.474000000000046,1.9279999999999973,1,10
66,10s,2,35,12.875999999999976,2.368000000000052,1,10
66,10s,2,36,11.799999999999955,3.745999999999981,1,10
66,10s,2,37,11.460000000000036,3.316000000000031,1,10
66,10s,2,38,10.395999999999958,3.1760000000000446,1,10
66,10s,2,39,10.577999999999975,2.230000000000018,1,10
66,10s,2,40,11.381999999999948,2.9980000000000473,1,10
66,10s,2,41,9.966000000000008,10.211999999999989,0,10
66,10s,2,42,11.103999999999928,2.632000000000062,1,10
66,10s,2,43,11.159999999999968,2.368000000000052,1,10
66,10s,2,44,11.449999999999932,2.1399999999999864,1,10
66,10s,2,45,12.516000000000076,2.241999999999962,1,10
66,10s,2,46,12.110000000000014,3.187999999999988,1,10
66,10s,2,47,10.649999999999977,3.368000000000052,1,10
66,10s,2,48,9.347999999999956,10.20799999999997,0,10
66,10s,2,49,11.642000000000053,2.975999999999999,1,10
66,10s,2,50,10.323999999999955,3.2140000000000555,1,10
66,10s,2,51,11.487999999999943,2.8500000000000227,1,10
66,10s,2,52,9.978000000000065,10.23599999999999,0,10
66,10s,2,53,10.075999999999908,1.9720000000000937,1,10
66,10s,2,54,11.565999999999917,2.2420000000000755,1,10
66,10s,2,55,14.980000000000018,2.3299999999999272,1,10
66,10s,2,56,9.878000000000043,10.197999999999979,0,10
66,10s,2,57,0.06600000000003092,0.03599999999994452,0,10
66,10s,2,58,9.772000000000048,10.211999999999989,0,10
66,10s,2,59,11.552000000000021,1.4379999999999882,1,10
66,10s,2,60,16.125999999999976,1.9220000000000255,1,10
66,10s,2,61,14.177999999999997,2.5779999999999745,1,10
66,10s,2,62,13.091999999999985,1.745999999999981,1,10
66,10s,2,63,12.995999999999981,3.6940000000000737,1,10
66,10s,2,64,12.043999999999983,2.2959999999999354,1,10
66,10s,2,65,10.608000000000061,2.8939999999998918,1,10
66,10s,2,66,13.557999999999993,1.5080000000000382,1,10
66,10s,2,67,13.385999999999967,1.7560000000000855,1,10
66,10s,2,68,18.867999999999938,2.951999999999998,1,10
66,10s,2,69,10.60200000000009,3.41599999999994,1,10
66,10s,2,70,11.874000000000024,3.711999999999989,1,10
66,10s,2,71,8.238000000000056,10.183999999999969,0,10
66,10s,2,72,0.16000000000008185,0.049999999999954525,0,10
66,10s,2,73,12.524000000000115,0.8920000000000528,1,10
66,10s,2,74,12.791999999999916,1.2480000000000473,1,10
66,10s,2,75,11.55399999999986,1.9940000000001419,1,10
66,10s,2,76,10.407999999999902,2.5420000000001437,1,10
66,10s,2,77,10.635999999999967,1.80399999999986,1,10
66,10s,2,78,12.8900000000001,3.033999999999878,1,10
66,10s,2,79,10.91800000000012,2.72199999999998,1,10
66,10s,2,80,12.316000000000031,2.311999999999898,1,10
66,10s,2,81,9.153999999999996,10.160000000000082,0,10
66,10s,2,82,13.440000000000055,0.9859999999998763,1,10
66,10s,2,83,13.272000000000162,2.3299999999999272,1,10
66,10s,2,84,12.14799999999991,2.5440000000000964,1,10
66,10s,2,85,10.79600000000005,3.3079999999999927,1,10
66,10s,2,86,10.929999999999836,2.464000000000169,1,10
66,10s,2,87,9.795999999999822,10.173999999999978,0,10
66,10s,2,88,10.154000000000224,2.019999999999982,1,10
66,10s,2,89,12.377999999999929,1.7960000000000491,1,10
66,10s,2,90,12.301999999999907,1.206000000000131,1,10
66,10s,2,91,15.825999999999794,0.15600000000017644,1,10
66,10s,2,92,1.6739999999999782,0.08399999999983265,0,10
66,10s,2,93,13.58400000000006,1.1959999999999127,1,10
66,10s,2,94,10.700000000000045,3.2239999999999327,1,10
66,10s,2,95,13.976000000000113,1.2999999999999545,1,10
66,10s,2,96,13.19399999999996,3.08400000000006,1,10
66,10s,2,97,10.879999999999882,2.490000000000009,1,10
66,10s,2,98,15.029999999999973,2.009999999999991,1,10
66,10s,2,99,11.660000000000082,2.1620000000000346,1,10
66,10s,2,100,14.144000000000005,,1,10
66,10s,3,1,0.24599999999999866,0.036000000000001364,0,10
66,10s,3,2,10.469999999999999,1.3419999999999987,1,10
66,10s,3,3,9.966000000000001,10.227999999999994,0,10
66,10s,3,4,8.384,10.228000000000009,0,10
66,10s,3,5,8.555999999999997,10.296000000000006,0,10
66,10s,3,6,0.029999999999986926,0.06800000000001205,0,10
66,10s,3,7,0.020000000000010232,0.012000000000000455,0,10
66,10s,3,8,9.518,10.127999999999986,0,10
66,10s,3,9,8.738,10.212000000000018,0,10
66,10s,3,10,10.305999999999983,2.219999999999999,1,10
66,10s,3,11,12.108000000000004,1.2460000000000093,1,10
66,10s,3,12,12.219999999999999,1.4839999999999804,1,10
66,10s,3,13,12.722000000000008,2.498000000000019,1,10
66,10s,3,14,11.151999999999987,1.2560000000000002,1,10
66,10s,3,15,13.27600000000001,2.828000000000003,1,10
66,10s,3,16,10.22399999999999,2.1299999999999955,1,10
66,10s,3,17,11.822000000000003,2.274000000000001,1,10
66,10s,3,18,10.362000000000023,2.727999999999952,1,10
66,10s,3,19,9.06800000000004,10.19599999999997,0,10
66,10s,3,20,12.54000000000002,1.5400000000000205,1,10
66,10s,3,21,1.315999999999974,0.036000000000001364,0,10
66,10s,3,22,14.588000000000022,1.5579999999999927,1,10
66,10s,3,23,10.877999999999986,1.4639999999999986,1,10
66,10s,3,24,11.924000000000035,1.2419999999999618,1,10
66,10s,3,25,10.906000000000006,1.475999999999999,1,10
66,10s,3,26,11.884000000000015,2.7139999999999986,1,10
66,10s,3,27,11.367999999999995,2.5360000000000014,1,10
66,10s,3,28,10.267999999999972,2.466000000000008,1,10
66,10s,3,29,10.701999999999998,2.8940000000000055,1,10
66,10s,3,30,11.29400000000004,2.481999999999971,1,10
66,10s,3,31,12.598000000000013,2.7579999999999814,1,10
66,10s,3,32,9.889999999999986,10.210000000000036,0,10
66,10s,3,33,1.2099999999999795,0.04399999999998272,0,10
66,10s,3,34,13.385999999999967,1.532000000000039,1,10
66,10s,3,35,11.879999999999995,1.302000000000021,1,10
66,10s,3,36,12.507999999999925,1.9500000000000455,1,10
66,10s,3,37,11.912000000000035,1.3239999999999554,1,10
66,10s,3,38,11.234000000000037,2.788000000000011,1,10
66,10s,3,39,12.65199999999993,2.009999999999991,1,10
66,10s,3,40,11.756000000000085,2.5319999999999254,1,10
66,10s,3,41,11.992000000000075,2.495999999999981,1,10
66,10s,3,42,11.525999999999954,3.566000000000031,1,10
66,10s,3,43,10.505999999999972,2.004000000000019,1,10
66,10s,3,44,12.437999999999988,2.1539999999999964,1,10
66,10s,3,45,11.601999999999975,2.6580000000000155,1,10
66,10s,3,46,9.288000000000011,10.149999999999977,0,10
66,10s,3,47,13.168000000000006,2.0400000000000773,1,10
66,10s,3,48,12.905999999999949,1.5720000000000027,1,10
66,10s,3,49,15.892000000000053,1.7339999999999236,1,10
66,10s,3,50,11.57400000000007,5.075999999999908,1,10
66,10s,3,51,11.55600000000004,5.557999999999993,1,10
66,10s,3,52,12.738000000000056,1.288000000000011,1,10
66,10s,3,53,14.8839999999999,1.0260000000000673,1,10
66,10s,3,54,14.43999999999994,2.608000000000061,1,10
66,10s,3,55,12.885999999999967,2.4700000000000273,1,10
66,10s,3,56,14.169999999999959,1.9940000000000282,1,10
66,10s,3,57,15.227999999999952,2.338000000000079,1,10
66,10s,3,58,14.535999999999945,2.61200000000008,1,10
66,10s,3,59,13.823999999999955,3.4560000000000173,1,10
66,10s,3,60,11.909999999999968,2.26400000000001,1,10
66,10s,3,61,0.07600000000002183,0.15999999999996817,0,10
66,10s,3,62,10.403999999999996,2.0319999999999254,1,10
66,10s,3,63,14.898000000000025,1.4220000000000255,1,10
66,10s,3,64,14.316000000000031,1.731999999999971,1,10
66,10s,3,65,15.576000000000022,3.7879999999998972,1,10
66,10s,3,66,11.704000000000065,2.0739999999999554,1,10
66,10s,3,67,12.23599999999999,1.8799999999999955,1,10
66,10s,3,68,14.5,2.3220000000001164,1,10
66,10s,3,69,12.127999999999929,1.3240000000000691,1,10
66,10s,3,70,11.758000000000038,2.745999999999867,1,10
66,10s,3,71,10.092000000000098,2.009999999999991,1,10
66,10s,3,72,10.513999999999896,1.3320000000001073,1,10
66,10s,3,73,12.84199999999987,1.7160000000001219,1,10
66,10s,3,74,13.445999999999913,2.69600000000014,1,10
66,10s,3,75,10.94199999999978,2.66800000000012,1,10
66,10s,3,76,13.14799999999991,3.0679999999999836,1,10
66,10s,3,77,11.16800000000012,2.533999999999878,1,10
66,10s,3,78,10.670000000000073,2.91599999999994,1,10
66,10s,3,79,11.153999999999996,3.3640000000000327,1,10
66,10s,3,80,10.913999999999987,2.298000000000002,1,10
66,10s,3,81,9.930000000000064,10.190000000000055,0,10
66,10s,3,82,12.048000000000002,2.9579999999998563,1,10
66,10s,3,83,10.480000000000018,2.7760000000000673,1,10
66,10s,3,84,11.809999999999945,2.9020000000000437,1,10
66,10s,3,85,10.996000000000095,2.377999999999929,1,10
66,10s,3,86,9.60200000000009,10.127999999999929,0,10
66,10s,3,87,5.475999999999885,10.238000000000056,0,10
66,10s,3,88,12.281999999999925,1.1580000000001291,1,10
66,10s,3,89,14.663999999999987,1.5319999999999254,1,10
66,10s,3,90,0.11200000000008004,0.10999999999989996,0,10
66,10s,3,91,13.420000000000073,1.2839999999998781,1,10
66,10s,3,92,11.577999999999975,2.72400000000016,1,10
66,10s,3,93,12.273999999999887,1.5360000000000582,1,10
66,10s,3,94,12.11999999999989,1.6260000000002037,1,10
66,10s,3,95,9.539999999999964,10.162000000000035,0,10
66,10s,3,96,12.81399999999985,1.19399999999996,1,10
66,10s,3,97,11.982000000000198,3.951999999999998,1,10
66,10s,3,98,11.901999999999816,1.6900000000000546,1,10
66,10s,3,99,12.142000000000053,1.6900000000000546,1,10
66,10s,3,100,11.809999999999945,,1,10
66,10s,4,1,7.909999999999997,0.17200000000000415,0,10
66,10s,4,2,7.571999999999996,10.158000000000008,0,10
66,10s,4,3,9.675999999999988,10.192000000000007,0,10
66,10s,4,4,12.810000000000002,1.7339999999999947,1,10
66,10s,4,5,11.260000000000005,1.3340000000000032,1,10
66,10s,4,6,12.177999999999997,1.4080000000000013,1,10
66,10s,4,7,10.809999999999988,1.3019999999999925,1,10
66,10s,4,8,11.494,1.9980000000000189,1,10
66,10s,4,9,11.367999999999995,2.819999999999993,1,10
66,10s,4,10,9.168000000000006,10.192000000000007,0,10
66,10s,4,11,12.201999999999998,1.3640000000000043,1,10
66,10s,4,12,11.637999999999977,2.3360000000000127,1,10
66,10s,4,13,10.774000000000001,2.6280000000000143,1,10
66,10s,4,14,9.791999999999973,10.198000000000008,0,10
66,10s,4,15,11.864000000000033,1.1499999999999773,1,10
66,10s,4,16,13.021999999999991,1.816000000000031,1,10
66,10s,4,17,12.45599999999996,1.29200000000003,1,10
66,10s,4,18,11.95599999999996,2.598000000000013,1,10
66,10s,4,19,12.807999999999993,2.1820000000000164,1,10
66,10s,4,20,11.310000000000002,3.2520000000000095,1,10
66,10s,4,21,9.170000000000016,10.199999999999989,0,10
66,10s,4,22,12.281999999999982,1.391999999999996,1,10
66,10s,4,23,13.639999999999986,3.268000000000029,1,10
66,10s,4,24,11.396000000000015,2.3379999999999654,1,10
66,10s,4,25,10.651999999999987,2.54200000000003,1,10
66,10s,4,26,9.098000000000013,10.274000000000001,0,10
66,10s,4,27,11.135999999999967,1.768000000000029,1,10
66,10s,4,28,10.363999999999976,2.5500000000000114,1,10
66,10s,4,29,10.692000000000007,3.433999999999969,1,10
66,10s,4,30,10.640000000000043,2.45799999999997,1,10
66,10s,4,31,10.437999999999988,2.7800000000000296,1,10
66,10s,4,32,13.269999999999982,2.872000000000014,1,10
66,10s,4,33,11.076000000000022,2.5599999999999454,1,10
66,10s,4,34,11.697999999999979,2.9180000000000064,1,10
66,10s,4,35,10.506000000000085,2.45799999999997,1,10
66,10s,4,36,11.096000000000004,2.933999999999969,1,10
66,10s,4,37,12.398000000000025,3.755999999999972,1,10
66,10s,4,38,10.399999999999977,2.519999999999982,1,10
66,10s,4,39,9.75,10.236000000000104,0,10
66,10s,4,40,11.607999999999947,2.241999999999962,1,10
66,10s,4,41,11.346000000000004,3.61200000000008,1,10
66,10s,4,42,11.557999999999993,4.389999999999986,1,10
66,10s,4,43,9.617999999999938,10.170000000000073,0,10
66,10s,4,44,9.233999999999924,10.224000000000046,0,10
66,10s,4,45,1.2160000000000082,0.06200000000001182,0,10
66,10s,4,46,7.183999999999969,10.197999999999979,0,10
66,10s,4,47,1.70799999999997,0.038000000000010914,0,10
66,10s,4,48,0.7099999999999227,0.01999999999998181,0,10
66,10s,4,49,8.091999999999985,10.289999999999964,0,10
66,10s,4,50,0.7520000000000664,0.029999999999972715,0,10
66,10s,4,51,9.168000000000006,10.190000000000055,0,10
66,10s,4,52,2.3780000000000427,0.049999999999954525,0,10
66,10s,4,53,10.947999999999979,1.79200000000003,1,10
66,10s,4,54,9.779999999999973,10.230000000000018,0,10
66,10s,4,55,12.211999999999989,1.3700000000000045,1,10
66,10s,4,56,0.5180000000000291,0.06599999999991724,0,10
66,10s,4,57,2.04200000000003,10.192000000000007,0,10
66,10s,4,58,2.532000000000039,10.201999999999998,0,10
66,10s,4,59,10.481999999999971,2.522000000000048,1,10
66,10s,4,60,13.135999999999967,1.3500000000000227,1,10
66,10s,4,61,11.127999999999929,2.538000000000011,1,10
66,10s,4,62,11.557999999999993,1.2720000000000482,1,10
66,10s,4,63,15.255999999999972,3.2659999999999627,1,10
66,10s,4,64,11.180000000000064,1.3500000000000227,1,10
66,10s,4,65,12.577999999999975,2.939999999999941,1,10
66,10s,4,66,9.008000000000038,10.190000000000055,0,10
66,10s,4,67,13.249999999999886,1.8820000000000618,1,10
66,10s,4,68,11.900000000000091,1.7419999999999618,1,10
66,10s,4,69,10.177999999999884,5.012000000000171,1,10
66,10s,4,70,10.7199999999998,1.91800000000012,1,10
66,10s,4,71,11.723999999999933,1.933999999999969,1,10
66,10s,4,72,11.494000000000142,3.4559999999999036,1,10
66,10s,4,73,10.470000000000027,3.211999999999989,1,10
66,10s,4,74,8.935999999999922,10.16800000000012,0,10
66,10s,4,75,9.70399999999995,10.150000000000091,0,10
66,10s,4,76,11.735999999999876,3.1200000000001182,1,10
66,10s,4,77,9.927999999999884,10.261999999999944,0,10
66,10s,4,78,15.24200000000019,1.2419999999999618,1,10
66,10s,4,79,9.523999999999887,10.272000000000162,0,10
66,10s,4,80,13.197999999999865,1.6440000000000055,1,10
66,10s,4,81,9.746000000000095,10.163999999999987,0,10
66,10s,4,82,9.912000000000035,10.211999999999989,0,10
66,10s,4,83,8.213999999999942,10.233999999999924,0,10
66,10s,4,84,1.4760000000001128,10.182000000000016,0,10
66,10s,4,85,2.091999999999871,0.08600000000001273,0,10
66,10s,4,86,11.97199999999998,1.4679999999998472,1,10
66,10s,4,87,11.572000000000116,3.758000000000038,1,10
66,10s,4,88,10.089999999999918,3.3579999999999472,1,10
66,10s,4,89,9.004000000000133,10.25799999999981,0,10
66,10s,4,90,12.570000000000164,1.5039999999999054,1,10
66,10s,4,91,12.476000000000113,0.10199999999986176,1,10
66,10s,4,92,0.07600000000002183,10.299999999999955,0,10
66,10s,4,93,12.094000000000051,1.3479999999999563,1,10
66,10s,4,94,9.1400000000001,10.160000000000082,0,10
66,10s,4,95,12.409999999999854,2.0440000000000964,1,10
66,10s,4,96,13.029999999999973,2.0,1,10
66,10s,4,97,13.493999999999915,2.604000000000042,1,10
66,10s,4,98,10.864000000000033,3.296000000000049,1,10
66,10s,4,99,12.861999999999853,4.268000000000029,1,10
66,10s,4,100,10.614000000000033,,1,10
66,10s,5,1,8.756,10.147999999999996,0,10
66,10s,5,2,8.630000000000003,10.207999999999998,0,10
66,10s,5,3,9.852000000000004,10.212000000000003,0,10
66,10s,5,4,11.569999999999993,1.5720000000000027,1,10
66,10s,5,5,9.982,10.218000000000004,0,10
66,10s,5,6,12.137999999999991,2.3859999999999957,1,10
66,10s,5,7,9.372000000000014,10.187999999999988,0,10
66,10s,5,8,9.337999999999994,10.160000000000025,0,10
66,10s,5,9,9.369999999999976,10.242000000000019,0,10
66,10s,5,10,7.994,10.316000000000003,0,10
66,10s,5,11,9.265999999999991,10.21799999999999,0,10
66,10s,5,12,12.088000000000022,1.6639999999999873,1,10
66,10s,5,13,11.73399999999998,3.7760000000000105,1,10
66,10s,5,14,11.930000000000007,3.396000000000015,1,10
66,10s,5,15,11.683999999999969,2.156000000000006,1,10
66,10s,5,16,12.139999999999986,3.0,1,10
66,10s,5,17,10.314000000000021,2.5120000000000005,1,10
66,10s,5,18,8.771999999999991,10.189999999999998,0,10
66,10s,5,19,1.0459999999999923,0.02800000000002001,0,10
66,10s,5,20,10.217999999999961,1.7180000000000177,1,10
66,10s,5,21,10.338000000000022,1.7760000000000105,1,10
66,10s,5,22,11.74799999999999,1.7439999999999714,1,10
66,10s,5,23,11.468000000000018,3.2280000000000086,1,10
66,10s,5,24,11.153999999999996,3.01400000000001,1,10
66,10s,5,25,10.863999999999976,2.3700000000000045,1,10
66,10s,5,26,9.574000000000012,10.194000000000017,0,10
66,10s,5,27,0.6659999999999968,0.036000000000001364,0,10
66,10s,5,28,10.560000000000002,1.759999999999991,1,10
66,10s,5,29,11.672000000000025,1.731999999999971,1,10
66,10s,5,30,9.698000000000036,10.257999999999981,0,10
66,10s,5,31,8.94599999999997,10.300000000000068,0,10
66,10s,5,32,0.7160000000000082,0.038000000000010914,0,10
66,10s,5,33,9.008000000000038,10.187999999999988,0,10
66,10s,5,34,1.5900000000000318,0.07600000000002183,0,10
66,10s,5,35,8.490000000000009,10.172000000000025,0,10
66,10s,5,36,9.765999999999963,10.225999999999999,0,10
66,10s,5,37,9.717999999999961,10.198000000000093,0,10
66,10s,5,38,10.346000000000004,1.3259999999999081,1,10
66,10s,5,39,12.104000000000042,1.8959999999999582,1,10
66,10s,5,40,12.552000000000021,2.216000000000008,1,10
66,10s,5,41,12.858000000000061,2.0939999999999372,1,10
66,10s,5,42,11.816000000000031,4.566000000000031,1,10
66,10s,5,43,11.031999999999925,4.518000000000029,1,10
66,10s,5,44,9.248000000000047,10.217999999999961,0,10
66,10s,5,45,3.216000000000008,0.053999999999973625,0,10
66,10s,5,46,8.351999999999975,10.190000000000055,0,10
66,10s,5,47,12.409999999999968,1.8400000000000318,1,10
66,10s,5,48,13.163999999999987,1.9839999999999236,1,10
66,10s,5,49,12.744000000000028,2.4039999999999964,1,10
66,10s,5,50,10.61200000000008,2.617999999999938,1,10
66,10s,5,51,11.807999999999993,3.8319999999999936,1,10
66,10s,5,52,11.442000000000007,2.77800000000002,1,10
66,10s,5,53,10.803999999999974,2.82000000000005,1,10
66,10s,5,54,10.615999999999985,3.2859999999999445,1,10
66,10s,5,55,9.33400000000006,10.153999999999996,0,10
66,10s,5,56,12.433999999999969,2.538000000000011,1,10
66,10s,5,57,12.361999999999966,4.307999999999993,1,10
66,10s,5,58,12.458000000000084,3.947999999999979,1,10
66,10s,5,59,10.779999999999973,4.460000000000036,1,10
66,10s,5,60,11.305999999999926,2.550000000000068,1,10
66,10s,5,61,10.442000000000007,4.247999999999934,1,10
66,10s,5,62,10.62600000000009,3.2799999999999727,1,10
66,10s,5,63,10.04200000000003,2.7879999999998972,1,10
66,10s,5,64,10.136000000000081,3.1019999999998618,1,10
66,10s,5,65,10.75200000000018,3.74799999999982,1,10
66,10s,5,66,10.790000000000191,2.58199999999988,1,10
66,10s,5,67,10.292000000000144,4.245999999999867,1,10
66,10s,5,68,9.269999999999982,10.173999999999978,0,10
66,10s,5,69,6.416000000000167,10.207999999999856,0,10
66,10s,5,70,13.27800000000002,1.2740000000001146,1,10
66,10s,5,71,13.911999999999807,1.5160000000000764,1,10
66,10s,5,72,11.07400000000007,2.0860000000000127,1,10
66,10s,5,73,0.13400000000001455,0.10599999999999454,0,10
66,10s,5,74,12.625999999999976,1.6179999999999382,1,10
66,10s,5,75,10.596000000000004,1.622000000000071,1,10
66,10s,5,76,10.344000000000051,2.22199999999998,1,10
66,10s,5,77,12.153999999999996,1.9759999999998854,1,10
66,10s,5,78,9.36200000000008,10.172000000000025,0,10
66,10s,5,79,13.261999999999944,1.5740000000000691,1,10
66,10s,5,80,12.923999999999978,2.490000000000009,1,10
66,10s,5,81,10.518000000000029,3.1879999999998745,1,10
66,10s,5,82,10.337999999999965,3.1820000000000164,1,10
66,10s,5,83,10.450000000000045,4.698000000000093,1,10
66,10s,5,84,11.115999999999985,3.5960000000000036,1,10
66,10s,5,85,13.321999999999889,3.5860000000000127,1,10
66,10s,5,86,10.754000000000133,2.5019999999999527,1,10
66,10s,5,87,10.094000000000051,3.6579999999999018,1,10
66,10s,5,88,11.038000000000011,3.2799999999999727,1,10
66,10s,5,89,9.912000000000035,10.218000000000075,0,10
66,10s,5,90,11.477999999999838,2.55600000000004,1,10
66,10s,5,91,11.456000000000131,3.8019999999999072,1,10
66,10s,5,92,10.963999999999942,3.018000000000029,1,10
66,10s,5,93,10.19399999999996,2.5579999999999927,1,10
66,10s,5,94,11.451999999999998,4.110000000000127,1,10
66,10s,5,95,8.541999999999916,10.266000000000076,0,10
66,10s,5,96,12.83199999999988,2.066000000000031,1,10
66,10s,5,97,11.518000000000029,1.5299999999999727,1,10
66,10s,5,98,14.645999999999958,3.1639999999999873,1,10
66,10s,5,99,11.50200000000018,3.8439999999998236,1,10
66,10s,5,100,11.438000000000102,,1,10
66,10s,6,1,7.868000000000002,10.211999999999996,0,10
66,10s,6,2,8.920000000000002,10.229999999999997,0,10
66,10s,6,3,9.707999999999998,10.174000000000007,0,10
66,10s,6,4,0.04599999999999227,0.028000000000005798,0,10
66,10s,6,5,14.412000000000006,1.8279999999999887,1,10
66,10s,6,6,10.600000000000009,1.9879999999999995,1,10
66,10s,6,7,11.649999999999991,2.367999999999995,1,10
66,10s,6,8,11.53400000000002,1.5819999999999936,1,10
66,10s,6,9,10.590000000000003,1.3499999999999943,1,10
66,10s,6,10,10.949999999999989,1.4720000000000084,1,10
66,10s,6,11,9.569999999999993,0.15200000000001523,0,10
66,10s,6,12,11.123999999999995,1.5560000000000116,1,10
66,10s,6,13,10.439999999999998,2.1059999999999945,1,10
66,10s,6,14,10.057999999999993,2.1059999999999945,1,10
66,10s,6,15,10.676000000000016,1.421999999999997,1,10
66,10s,6,16,11.064000000000021,1.863999999999976,1,10
66,10s,6,17,11.218000000000018,1.4839999999999804,1,10
66,10s,6,18,12.096000000000004,1.8559999999999945,1,10
66,10s,6,19,11.466000000000008,2.3220000000000027,1,10
66,10s,6,20,11.211999999999989,2.665999999999997,1,10
66,10s,6,21,12.24799999999999,2.093999999999994,1,10
66,10s,6,22,11.463999999999999,3.4260000000000446,1,10
66,10s,6,23,9.169999999999959,10.25200000000001,0,10
66,10s,6,24,12.019999999999982,1.344000000000051,1,10
66,10s,6,25,10.475999999999999,3.201999999999998,1,10
66,10s,6,26,9.111999999999966,10.204000000000008,0,10
66,10s,6,27,8.22399999999999,10.198000000000036,0,10
66,10s,6,28,7.45799999999997,10.218000000000018,0,10
66,10s,6,29,8.043999999999983,10.194000000000017,0,10
66,10s,6,30,7.8799999999999955,10.213999999999999,0,10
66,10s,6,31,7.243999999999971,10.142000000000053,0,10
66,10s,6,32,0.029999999999972715,0.02400000000000091,0,10
66,10s,6,33,9.067999999999984,10.238000000000056,0,10
66,10s,6,34,11.283999999999992,1.3179999999999836,1,10
66,10s,6,35,8.874000000000024,10.327999999999975,0,10
66,10s,6,36,11.677999999999997,1.6019999999999754,1,10
66,10s,6,37,12.816000000000031,1.3740000000000236,1,10
66,10s,6,38,11.333999999999946,2.2000000000000455,1,10
66,10s,6,39,13.018000000000029,2.213999999999942,1,10
66,10s,6,40,9.596000000000004,10.217999999999961,0,10
66,10s,6,41,12.406000000000063,2.4979999999999336,1,10
66,10s,6,42,12.232000000000085,1.9259999999999309,1,10
66,10s,6,43,12.066000000000031,2.725999999999999,1,10
66,10s,6,44,11.19399999999996,2.6639999999999873,1,10
66,10s,6,45,9.61200000000008,10.283999999999992,0,10
66,10s,6,46,9.92999999999995,10.283999999999992,0,10
66,10s,6,47,1.7380000000000564,0.04399999999998272,0,10
66,10s,6,48,11.751999999999953,1.4980000000000473,1,10
66,10s,6,49,11.503999999999905,1.990000000000009,1,10
66,10s,6,50,12.25,1.9080000000000155,1,10
66,10s,6,51,14.718000000000075,2.5119999999999436,1,10
66,10s,6,52,14.214000000000055,2.16599999999994,1,10
66,10s,6,53,13.066000000000031,2.090000000000032,1,10
66,10s,6,54,14.463999999999942,2.6760000000000446,1,10
66,10s,6,55,14.171999999999912,3.1420000000000528,1,10
66,10s,6,56,11.532000000000039,3.599999999999909,1,10
66,10s,6,57,13.406000000000063,2.73599999999999,1,10
66,10s,6,58,12.217999999999961,3.5540000000000873,1,10
66,10s,6,59,12.635999999999967,3.3419999999999845,1,10
66,10s,6,60,13.200000000000045,2.4699999999999136,1,10
66,10s,6,61,11.440000000000055,4.29200000000003,1,10
66,10s,6,62,12.219999999999914,5.201999999999998,1,10
66,10s,6,63,11.908000000000015,2.72199999999998,1,10
66,10s,6,64,10.536000000000058,3.75,1,10
66,10s,6,65,10.902000000000044,3.13799999999992,1,10
66,10s,6,66,10.307999999999993,3.0779999999999745,1,10
66,10s,6,67,9.182000000000016,10.210000000000036,0,10
66,10s,6,68,12.195999999999913,2.0960000000000036,1,10
66,10s,6,69,13.701999999999998,1.7380000000000564,1,10
66,10s,6,70,11.942000000000007,0.09799999999995634,1,10
66,10s,6,71,0.08400000000006003,10.294000000000096,0,10
66,10s,6,72,16.939999999999827,1.5080000000000382,1,10
66,10s,6,73,14.857999999999947,3.2320000000001983,1,10
66,10s,6,74,13.431999999999789,2.772000000000162,1,10
66,10s,6,75,11.38799999999992,3.88799999999992,1,10
66,10s,6,76,11.488000000000056,2.7840000000001055,1,10
66,10s,6,77,11.392000000000053,2.2639999999998963,1,10
66,10s,6,78,11.955999999999904,4.166000000000167,1,10
66,10s,6,79,12.569999999999936,3.0979999999999563,1,10
66,10s,6,80,10.347999999999956,4.182000000000016,1,10
66,10s,6,81,9.402000000000044,10.243999999999915,0,10
66,10s,6,82,0.7540000000001328,0.04399999999986903,0,10
66,10s,6,83,11.916000000000167,1.518000000000029,1,10
66,10s,6,84,12.939999999999827,2.5540000000000873,1,10
66,10s,6,85,10.682000000000016,2.7919999999999163,1,10
66,10s,6,86,8.422000000000025,10.16800000000012,0,10
66,10s,6,87,14.599999999999909,1.4100000000000819,1,10
66,10s,6,88,13.381999999999834,2.6420000000000528,1,10
66,10s,6,89,9.846000000000004,10.19600000000014,0,10
66,10s,6,90,12.059999999999945,1.7619999999999436,1,10
66,10s,6,91,0.5180000000000291,0.07600000000002183,0,10
66,10s,6,92,2.1620000000000346,0.03600000000005821,0,10
66,10s,6,93,10.339999999999918,1.3780000000001564,1,10
66,10s,6,94,10.539999999999964,2.316000000000031,1,10
66,10s,6,95,9.251999999999953,10.114000000000033,0,10
66,10s,6,96,11.867999999999938,1.4259999999999309,1,10
66,10s,6,97,10.080000000000155,1.905999999999949,1,10
66,10s,6,98,10.465999999999894,2.951999999999998,1,10
66,10s,6,99,10.19399999999996,2.102000000000089,1,10
66,10s,6,100,10.213999999999942,,1,10
68,10s,1,1,8.980000000000004,10.761999999999993,0,10
68,10s,1,2,0.13600000000000279,0.1559999999999988,0,10
68,10s,1,3,13.104,4.337999999999994,1,10
68,10s,1,4,9.445999999999998,10.730000000000004,0,10
68,10s,1,5,12.939999999999998,7.654000000000011,1,10
68,10s,1,6,13.846000000000004,5.007999999999981,1,10
68,10s,1,7,11.948000000000008,4.3160000000000025,1,10
68,10s,1,8,14.27600000000001,8.381999999999977,1,10
68,10s,1,9,7.695999999999998,0.04800000000000182,0,10
68,10s,1,10,17.677999999999997,3.488000000000028,1,10
68,10s,1,11,13.539999999999992,9.213999999999999,1,10
68,10s,1,12,14.518,6.369999999999976,1,10
68,10s,1,13,15.520000000000039,13.367999999999995,1,10
68,10s,1,14,14.805999999999983,7.362000000000023,1,10
68,10s,1,15,14.47399999999999,5.360000000000014,1,10
68,10s,1,16,16.20799999999997,3.9879999999999995,1,10
68,10s,1,17,0.6580000000000155,0.103999999999985,0,10
68,10s,1,18,12.908000000000015,3.7520000000000095,1,10
68,10s,1,19,19.22199999999998,4.538000000000011,1,10
68,10s,1,20,14.912000000000035,9.897999999999968,1,10
68,10s,1,21,23.398000000000025,4.255999999999972,1,10
68,10s,1,22,0.1279999999999859,0.04800000000000182,0,10
68,10s,1,23,14.706000000000017,3.6759999999999877,1,10
68,10s,1,24,18.661999999999978,3.9220000000000255,1,10
68,10s,1,25,14.25200000000001,5.01400000000001,1,10
68,10s,1,26,3.6019999999999754,0.08600000000001273,0,10
68,10s,1,27,16.526000000000067,4.001999999999953,1,10
68,10s,1,28,13.379999999999995,4.9500000000000455,1,10
68,10s,1,29,12.961999999999989,0.021999999999934516,1,10
68,10s,1,30,0.4880000000000564,10.42999999999995,0,10
68,10s,1,31,18.690000000000055,5.197999999999979,1,10
68,10s,1,32,12.754000000000019,3.8220000000000027,1,10
68,10s,1,33,0.4420000000000073,0.041999999999916326,0,10
68,10s,1,34,15.613999999999919,4.104000000000042,1,10
68,10s,1,35,19.293999999999983,3.6520000000000437,1,10
68,10s,1,36,15.89799999999991,5.5200000000000955,1,10
68,10s,1,37,0.041999999999916326,0.06200000000001182,0,10
68,10s,1,38,16.067999999999984,5.032000000000039,1,10
68,10s,1,39,17.561999999999898,5.248000000000047,1,10
68,10s,1,40,17.23599999999999,5.846000000000004,1,10
68,10s,1,41,0.029999999999972715,0.04600000000004911,0,10
68,10s,1,42,20.822000000000003,3.995999999999981,1,10
68,10s,1,43,18.98199999999997,3.8659999999999854,1,10
68,10s,1,44,11.918000000000006,4.358000000000061,1,10
68,10s,1,45,17.747999999999934,4.52800000000002,1,10
68,10s,1,46,16.128000000000043,4.079999999999927,1,10
68,10s,1,47,15.81000000000006,3.895999999999958,1,10
68,10s,1,48,19.076000000000022,2.97199999999998,1,10
68,10s,1,49,13.153999999999996,8.634000000000015,1,10
68,10s,1,50,6.888000000000034,10.672000000000025,0,10
68,10s,1,51,16.553999999999974,5.103999999999928,1,10
68,10s,1,52,21.187999999999988,4.408000000000129,1,10
68,10s,1,53,12.631999999999834,6.374000000000024,1,10
68,10s,1,54,14.087999999999965,6.018000000000029,1,10
68,10s,1,55,16.337999999999965,6.218000000000075,1,10
68,10s,1,56,0.9919999999999618,0.03600000000005821,0,10
68,10s,1,57,6.288000000000011,0.12200000000007094,0,10
68,10s,1,58,13.207999999999856,5.837999999999965,1,10
68,10s,1,59,13.673999999999978,5.598000000000184,1,10
68,10s,1,60,19.743999999999915,12.134000000000015,1,10
68,10s,1,61,20.670000000000073,5.963999999999942,1,10
68,10s,1,62,20.488000000000056,6.4939999999999145,1,10
68,10s,1,63,20.63799999999992,6.1180000000001655,1,10
68,10s,1,64,16.789999999999964,5.27800000000002,1,10
68,10s,1,65,13.84199999999987,4.522000000000162,1,10
68,10s,1,66,15.539999999999964,4.096000000000004,1,10
68,10s,1,67,18.125999999999976,3.9980000000000473,1,10
68,10s,1,68,0.07199999999988904,0.11799999999993815,0,10
68,10s,1,69,19.588000000000193,4.657999999999902,1,10
68,10s,1,70,16.36999999999989,5.122000000000071,1,10
68,10s,1,71,15.67599999999993,4.880000000000109,1,10
68,10s,1,72,19.801999999999907,6.259999999999991,1,10
68,10s,1,73,19.52000000000021,5.645999999999958,1,10
68,10s,1,74,15.329999999999927,5.920000000000073,1,10
68,10s,1,75,10.601999999999862,4.360000000000127,1,10
68,10s,1,76,16.503999999999905,4.846000000000004,1,10
68,10s,1,77,13.8900000000001,6.145999999999958,1,10
68,10s,1,78,14.61200000000008,6.6039999999998145,1,10
68,10s,1,79,14.88000000000011,5.657999999999902,1,10
68,10s,1,80,2.701999999999998,0.10400000000004184,0,10
68,10s,1,81,15.627999999999929,6.869999999999891,1,10
68,10s,1,82,12.494000000000142,11.339999999999918,1,10
68,10s,1,83,21.874000000000024,5.466000000000122,1,10
68,10s,1,84,15.013999999999896,5.433999999999969,1,10
68,10s,1,85,9.867999999999938,11.508000000000038,0,10
68,10s,1,86,14.365999999999985,5.342000000000098,1,10
68,10s,1,87,15.259999999999991,6.201999999999998,1,10
68,10s,1,88,14.91599999999994,6.19399999999996,1,10
68,10s,1,89,19.624000000000024,7.900000000000091,1,10
68,10s,1,90,6.559999999999945,0.10000000000013642,0,10
68,10s,1,91,15.342000000000098,4.816000000000031,1,10
68,10s,1,92,21.614000000000033,5.593999999999824,1,10
68,10s,1,93,18.194000000000187,3.990000000000009,1,10
68,10s,1,94,14.689999999999827,4.080000000000155,1,10
68,10s,1,95,14.233999999999924,6.142000000000053,1,10
68,10s,1,96,17.798000000000002,3.8299999999999272,1,10
68,10s,1,97,17.14799999999991,5.332000000000107,1,10
68,10s,1,98,16.346000000000004,4.769999999999982,1,10
68,10s,1,99,18.68199999999979,14.43600000000015,1,10
68,10s,1,100,20.673999999999978,,1,10
68,10s,2,1,10.250000000000004,4.919999999999995,1,10
68,10s,2,2,10.480000000000004,3.588000000000001,1,10
68,10s,2,3,12.275999999999996,3.415999999999997,1,10
68,10s,2,4,14.088000000000008,4.775999999999996,1,10
68,10s,2,5,11.346000000000004,5.22999999999999,1,10
68,10s,2,6,0.32800000000000296,0.030000000000001137,0,10
68,10s,2,7,19.614000000000004,3.240000000000009,1,10
68,10s,2,8,13.167999999999978,7.456000000000017,1,10
68,10s,2,9,12.680000000000007,0.015999999999991132,1,10
68,10s,2,10,0.22399999999998954,10.872000000000014,0,10
68,10s,2,11,13.103999999999985,3.054000000000002,1,10
68,10s,2,12,9.896000000000015,10.665999999999997,0,10
68,10s,2,13,15.091999999999985,2.5500000000000114,1,10
68,10s,2,14,14.819999999999993,6.199999999999989,1,10
68,10s,2,15,13.816000000000031,6.007999999999981,1,10
68,10s,2,16,18.033999999999992,5.6299999999999955,1,10
68,10s,2,17,10.646000000000015,4.744000000000028,1,10
68,10s,2,18,11.755999999999972,5.812000000000012,1,10
68,10s,2,19,9.531999999999982,10.47199999999998,0,10
68,10s,2,20,13.812000000000012,3.4739999999999895,1,10
68,10s,2,21,13.132000000000005,4.128000000000043,1,10
68,10s,2,22,7.0499999999999545,11.06800000000004,0,10
68,10s,2,23,8.979999999999961,11.140000000000043,0,10
68,10s,2,24,12.137999999999977,4.259999999999991,1,10
68,10s,2,25,0.03200000000003911,0.06799999999998363,0,10
68,10s,2,26,8.592000000000041,10.849999999999966,0,10
68,10s,2,27,7.603999999999985,10.872000000000014,0,10
68,10s,2,28,14.618000000000052,3.925999999999931,1,10
68,10s,2,29,11.788000000000011,4.854000000000042,1,10
68,10s,2,30,15.42999999999995,4.029999999999973,1,10
68,10s,2,31,12.628000000000043,4.961999999999989,1,10
68,10s,2,32,9.716000000000008,10.870000000000005,0,10
68,10s,2,33,17.519999999999982,3.5020000000000664,1,10
68,10s,2,34,0.053999999999973625,0.05200000000002092,0,10
68,10s,2,35,22.048000000000002,3.8139999999999645,1,10
68,10s,2,36,16.101999999999975,4.59800000000007,1,10
68,10s,2,37,15.120000000000005,3.8859999999999673,1,10
68,10s,2,38,12.323999999999955,4.0,1,10
68,10s,2,39,13.026000000000067,4.195999999999913,1,10
68,10s,2,40,11.516000000000076,5.02800000000002,1,10
68,10s,2,41,13.809999999999945,5.543999999999983,1,10
68,10s,2,42,10.114000000000033,4.744000000000028,1,10
68,10s,2,43,8.073999999999955,10.798000000000002,0,10
68,10s,2,44,16.960000000000036,3.15199999999993,1,10
68,10s,2,45,16.831999999999994,3.3360000000000127,1,10
68,10s,2,46,14.09800000000007,4.3659999999999854,1,10
68,10s,2,47,0.7859999999999445,0.030000000000086402,0,10
68,10s,2,48,17.994000000000028,4.953999999999951,1,10
68,10s,2,49,16.351999999999975,5.587999999999965,1,10
68,10s,2,50,15.382000000000062,5.340000000000032,1,10
68,10s,2,51,16.069999999999936,4.231999999999971,1,10
68,10s,2,52,15.75,6.712000000000103,1,10
68,10s,2,53,15.631999999999948,4.755999999999972,1,10
68,10s,2,54,13.148000000000025,4.518000000000029,1,10
68,10s,2,55,15.430000000000064,4.240000000000009,1,10
68,10s,2,56,8.071999999999889,10.776000000000067,0,10
68,10s,2,57,14.867999999999938,3.6980000000000928,1,10
68,10s,2,58,15.730000000000018,2.8379999999999654,1,10
68,10s,2,59,16.899999999999864,3.3680000000001655,1,10
68,10s,2,60,16.91599999999994,4.213999999999942,1,10
68,10s,2,61,8.382000000000062,10.81399999999985,0,10
68,10s,2,62,21.69600000000014,4.38799999999992,1,10
68,10s,2,63,0.03999999999996362,0.057999999999992724,0,10
68,10s,2,64,24.448000000000093,4.067999999999984,1,10
68,10s,2,65,15.201999999999998,4.2560000000000855,1,10
68,10s,2,66,10.88799999999992,4.789999999999964,1,10
68,10s,2,67,15.304000000000087,5.223999999999933,1,10
68,10s,2,68,6.726000000000113,0.049999999999954525,0,10
68,10s,2,69,20.263999999999896,4.16800000000012,1,10
68,10s,2,70,12.399999999999864,5.426000000000158,1,10
68,10s,2,71,9.903999999999996,10.503999999999905,0,10
68,10s,2,72,16.04600000000005,4.973999999999933,1,10
68,10s,2,73,10.846000000000004,3.4020000000000437,1,10
68,10s,2,74,8.152000000000044,10.965999999999894,0,10
68,10s,2,75,15.241999999999962,5.686000000000149,1,10
68,10s,2,76,17.748000000000047,4.013999999999896,1,10
68,10s,2,77,16.615999999999985,6.6720000000000255,1,10
68,10s,2,78,0.03199999999992542,0.09400000000005093,0,10
68,10s,2,79,14.47199999999998,6.024000000000115,1,10
68,10s,2,80,16.659999999999854,3.8840000000000146,1,10
68,10s,2,81,16.940000000000055,5.086000000000013,1,10
68,10s,2,82,16.298000000000002,12.846000000000004,1,10
68,10s,2,83,8.644000000000005,10.731999999999971,0,10
68,10s,2,84,17.077999999999975,5.244000000000142,1,10
68,10s,2,85,12.843999999999824,5.022000000000162,1,10
68,10s,2,86,12.88799999999992,5.811999999999898,1,10
68,10s,2,87,0.80600000000004,0.05600000000004002,0,10
68,10s,2,88,17.45399999999995,4.677999999999884,1,10
68,10s,2,89,9.968000000000075,11.100000000000136,0,10
68,10s,2,90,16.699999999999818,4.91800000000012,1,10
68,10s,2,91,9.586000000000013,10.77800000000002,0,10
68,10s,2,92,20.55399999999986,4.440000000000055,1,10
68,10s,2,93,14.534000000000106,4.213999999999942,1,10
68,10s,2,94,10.913999999999987,4.314000000000078,1,10
68,10s,2,95,13.781999999999925,4.097999999999956,1,10
68,10s,2,96,12.764000000000124,4.3559999999999945,1,10
68,10s,2,97,8.20399999999995,10.682000000000016,0,10
68,10s,2,98,18.935999999999922,4.701999999999998,1,10
68,10s,2,99,6.301999999999907,10.894000000000005,0,10
68,10s,2,100,13.650000000000091,,1,10
68,10s,3,1,10.205999999999996,4.244,1,10
68,10s,3,2,10.754000000000005,0.03999999999999915,1,10
68,10s,3,3,0.16799999999999926,10.697999999999993,0,10
68,10s,3,4,16.506,3.4340000000000117,1,10
68,10s,3,5,10.707999999999998,7.673999999999992,1,10
68,10s,3,6,8.486000000000004,10.754000000000005,0,10
68,10s,3,7,0.04200000000000159,0.08199999999999363,0,10
68,10s,3,8,13.228000000000009,3.445999999999998,1,10
68,10s,3,9,14.114000000000004,3.907999999999987,1,10
68,10s,3,10,22.945999999999998,4.358000000000004,1,10
68,10s,3,11,12.207999999999998,7.950000000000017,1,10
68,10s,3,12,16.635999999999996,3.966000000000008,1,10
68,10s,3,13,14.75,4.319999999999993,1,10
68,10s,3,14,21.399999999999977,5.860000000000014,1,10
68,10s,3,15,17.338000000000022,6.413999999999987,1,10
68,10s,3,16,19.24399999999997,4.560000000000002,1,10
68,10s,3,17,20.696000000000026,5.036000000000001,1,10
68,10s,3,18,16.456000000000017,5.139999999999986,1,10
68,10s,3,19,0.21800000000001774,0.04199999999997317,0,10
68,10s,3,20,16.898000000000025,4.967999999999961,1,10
68,10s,3,21,12.334000000000003,4.102000000000032,1,10
68,10s,3,22,11.788000000000011,4.793999999999983,1,10
68,10s,3,23,13.408000000000015,3.4419999999999504,1,10
68,10s,3,24,13.670000000000016,4.324000000000012,1,10
68,10s,3,25,14.173999999999978,4.236000000000047,1,10
68,10s,3,26,11.001999999999953,5.560000000000002,1,10
68,10s,3,27,16.56000000000006,4.871999999999957,1,10
68,10s,3,28,10.967999999999961,3.6960000000000264,1,10
68,10s,3,29,10.177999999999997,4.187999999999988,1,10
68,10s,3,30,9.434000000000083,11.381999999999948,0,10
68,10s,3,31,21.836000000000013,4.611999999999966,1,10
68,10s,3,32,14.402000000000044,4.27800000000002,1,10
68,10s,3,33,15.799999999999955,4.738000000000056,1,10
68,10s,3,34,17.567999999999984,4.40199999999993,1,10
68,10s,3,35,14.822000000000003,5.218000000000075,1,10
68,10s,3,36,9.76400000000001,10.541999999999916,0,10
68,10s,3,37,14.622000000000071,3.73599999999999,1,10
68,10s,3,38,16.015999999999963,4.052000000000021,1,10
68,10s,3,39,11.95399999999995,4.636000000000081,1,10
68,10s,3,40,13.043999999999983,5.75,1,10
68,10s,3,41,10.563999999999965,6.793999999999983,1,10
68,10s,3,42,10.54200000000003,4.669999999999959,1,10
68,10s,3,43,0.05000000000006821,0.041999999999916326,0,10
68,10s,3,44,18.129999999999995,4.062000000000012,1,10
68,10s,3,45,10.961999999999989,4.871999999999957,1,10
68,10s,3,46,12.100000000000023,4.557999999999993,1,10
68,10s,3,47,10.101999999999975,4.402000000000044,1,10
68,10s,3,48,12.847999999999956,5.745999999999981,1,10
68,10s,3,49,10.898000000000025,5.258000000000038,1,10
68,10s,3,50,9.182000000000016,10.567999999999984,0,10
68,10s,3,51,17.42999999999995,3.716000000000008,1,10
68,10s,3,52,12.392000000000053,4.967999999999961,1,10
68,10s,3,53,13.303999999999974,4.156000000000063,1,10
68,10s,3,54,16.763999999999896,4.481999999999971,1,10
68,10s,3,55,13.592000000000098,5.023999999999887,1,10
68,10s,3,56,10.292000000000144,3.9039999999999964,1,10
68,10s,3,57,8.627999999999929,10.942000000000007,0,10
68,10s,3,58,16.867999999999938,3.5440000000000964,1,10
68,10s,3,59,12.991999999999962,4.686000000000149,1,10
68,10s,3,60,0.25,0.05999999999994543,0,10
68,10s,3,61,16.674000000000206,4.421999999999798,1,10
68,10s,3,62,9.178000000000111,11.289999999999964,0,10
68,10s,3,63,14.650000000000091,4.433999999999969,1,10
68,10s,3,64,13.571999999999889,5.913999999999987,1,10
68,10s,3,65,11.476000000000113,6.1099999999999,1,10
68,10s,3,66,10.289999999999964,6.210000000000036,1,10
68,10s,3,67,9.358000000000175,10.933999999999969,0,10
68,10s,3,68,14.422000000000025,5.583999999999833,1,10
68,10s,3,69,15.516000000000076,5.05600000000004,1,10
68,10s,3,70,14.183999999999969,3.821999999999889,1,10
68,10s,3,71,15.406000000000176,30.39799999999991,1,10
68,10s,3,72,9.814000000000078,11.153999999999996,0,10
68,10s,3,73,15.991999999999962,6.44399999999996,1,10
68,10s,3,74,11.079999999999927,5.986000000000104,1,10
68,10s,3,75,11.64799999999991,5.61200000000008,1,10
68,10s,3,76,17.223999999999933,5.218000000000075,1,10
68,10s,3,77,17.579999999999927,11.162000000000035,1,10
68,10s,3,78,15.337999999999965,4.713999999999942,1,10
68,10s,3,79,19.708000000000084,6.473999999999933,1,10
68,10s,3,80,16.71199999999999,5.992000000000189,1,10
68,10s,3,81,18.269999999999982,4.8940000000000055,1,10
68,10s,3,82,10.213999999999942,3.826000000000022,1,10
68,10s,3,83,0.2239999999999327,0.11000000000012733,0,10
68,10s,3,84,17.95400000000018,5.545999999999822,1,10
68,10s,3,85,11.524000000000115,6.218000000000075,1,10
68,10s,3,86,12.837999999999965,8.947999999999865,1,10
68,10s,3,87,10.942000000000007,5.6400000000001,1,10
68,10s,3,88,9.096000000000004,11.152000000000044,0,10
68,10s,3,89,11.041999999999916,6.875999999999976,1,10
68,10s,3,90,14.986000000000104,4.4500000000000455,1,10
68,10s,3,91,9.523999999999887,11.019999999999982,0,10
68,10s,3,92,20.360000000000127,5.589999999999918,1,10
68,10s,3,93,0.03199999999992542,0.05600000000004002,0,10
68,10s,3,94,12.725999999999885,5.6180000000001655,1,10
68,10s,3,95,13.531999999999925,5.518000000000029,1,10
68,10s,3,96,10.309999999999945,5.4659999999998945,1,10
68,10s,3,97,12.49200000000019,6.263999999999896,1,10
68,10s,3,98,11.589999999999918,6.732000000000198,1,10
68,10s,3,99,12.301999999999907,5.625999999999976,1,10
68,10s,3,100,9.04600000000005,,0,10
68,10s,4,1,10.43,5.506,1,10
68,10s,4,2,10.116,4.357999999999997,1,10
68,10s,4,3,13.124000000000002,8.058000000000007,1,10
68,10s,4,4,0.09999999999999432,0.04600000000000648,0,10
68,10s,4,5,21.283999999999992,4.6440000000000055,1,10
68,10s,4,6,11.372,3.9780000000000086,1,10
68,10s,4,7,13.679999999999978,3.6140000000000043,1,10
68,10s,4,8,15.141999999999996,5.798000000000002,1,10
68,10s,4,9,14.04000000000002,9.277999999999992,1,10
68,10s,4,10,16.871999999999986,19.152000000000015,1,10
68,10s,4,11,15.159999999999997,5.367999999999995,1,10
68,10s,4,12,1.5900000000000034,0.02400000000000091,0,10
68,10s,4,13,0.3860000000000241,0.014000000000010004,0,10
68,10s,4,14,24.660000000000025,3.873999999999967,1,10
68,10s,4,15,15.438000000000045,3.8079999999999927,1,10
68,10s,4,16,21.365999999999985,4.493999999999971,1,10
68,10s,4,17,17.80400000000003,5.656000000000006,1,10
68,10s,4,18,15.238,4.183999999999969,1,10
68,10s,4,19,9.069999999999993,10.856000000000051,0,10
68,10s,4,20,13.751999999999953,7.586000000000013,1,10
68,10s,4,21,17.52600000000001,5.767999999999972,1,10
68,10s,4,22,7.32000000000005,0.04399999999998272,0,10
68,10s,4,23,14.925999999999988,4.288000000000011,1,10
68,10s,4,24,16.437999999999988,4.947999999999979,1,10
68,10s,4,25,12.423999999999978,3.990000000000009,1,10
68,10s,4,26,9.882000000000062,10.555999999999926,0,10
68,10s,4,27,23.210000000000036,3.951999999999998,1,10
68,10s,4,28,14.956000000000017,8.346000000000004,1,10
68,10s,4,29,16.41999999999996,5.724000000000046,1,10
68,10s,4,30,19.403999999999996,4.279999999999973,1,10
68,10s,4,31,12.416000000000054,7.501999999999953,1,10
68,10s,4,32,10.861999999999966,5.136000000000081,1,10
68,10s,4,33,14.257999999999925,8.354000000000042,1,10
68,10s,4,34,11.371999999999957,4.434000000000083,1,10
68,10s,4,35,9.75,10.875999999999976,0,10
68,10s,4,36,13.15199999999993,5.040000000000077,1,10
68,10s,4,37,10.313999999999965,4.8419999999999845,1,10
68,10s,4,38,9.122000000000071,10.69399999999996,0,10
68,10s,4,39,9.450000000000045,10.805999999999926,0,10
68,10s,4,40,11.567999999999984,4.262000000000057,1,10
68,10s,4,41,16.20799999999997,4.594000000000051,1,10
68,10s,4,42,13.771999999999935,4.588000000000079,1,10
68,10s,4,43,11.075999999999908,5.504000000000019,1,10
68,10s,4,44,11.322000000000003,6.409999999999968,1,10
68,10s,4,45,10.724000000000046,8.772000000000048,1,10
68,10s,4,46,12.627999999999929,5.488000000000056,1,10
68,10s,4,47,8.991999999999962,10.961999999999989,0,10
68,10s,4,48,13.196000000000026,4.754000000000019,1,10
68,10s,4,49,11.909999999999968,5.169999999999959,1,10
68,10s,4,50,15.83400000000006,5.117999999999938,1,10
68,10s,4,51,15.528000000000134,5.52800000000002,1,10
68,10s,4,52,7.843999999999824,10.94600000000014,0,10
68,10s,4,53,15.041999999999916,4.451999999999998,1,10
68,10s,4,54,11.864000000000033,5.248000000000047,1,10
68,10s,4,55,10.153999999999996,4.6159999999999854,1,10
68,10s,4,56,10.978000000000065,4.945999999999913,1,10
68,10s,4,57,9.920000000000073,10.733999999999924,0,10
68,10s,4,58,12.740000000000009,9.185999999999922,1,10
68,10s,4,59,16.430000000000064,7.22199999999998,1,10
68,10s,4,60,16.347999999999956,4.567999999999984,1,10
68,10s,4,61,15.94399999999996,4.94600000000014,1,10
68,10s,4,62,10.253999999999905,4.436000000000149,1,10
68,10s,4,63,17.171999999999798,5.1840000000001965,1,10
68,10s,4,64,18.59999999999991,6.059999999999945,1,10
68,10s,4,65,11.420000000000073,5.935999999999922,1,10
68,10s,4,66,9.75,10.948000000000093,0,10
68,10s,4,67,10.786000000000058,5.44399999999996,1,10
68,10s,4,68,10.905999999999949,4.8279999999999745,1,10
68,10s,4,69,14.367999999999938,3.6059999999999945,1,10
68,10s,4,70,0.40200000000004366,0.026000000000067303,0,10
68,10s,4,71,13.181999999999789,6.428000000000111,1,10
68,10s,4,72,15.587999999999965,6.155999999999949,1,10
68,10s,4,73,15.52800000000002,5.758000000000038,1,10
68,10s,4,74,9.935999999999922,10.924000000000206,0,10
68,10s,4,75,17.09999999999991,6.150000000000091,1,10
68,10s,4,76,16.02599999999984,4.920000000000073,1,10
68,10s,4,77,14.776000000000067,9.381999999999834,1,10
68,10s,4,78,19.330000000000155,5.295999999999822,1,10
68,10s,4,79,17.580000000000155,6.425999999999931,1,10
68,10s,4,80,15.134000000000015,9.059999999999945,1,10
68,10s,4,81,8.008000000000038,10.632000000000062,0,10
68,10s,4,82,10.281999999999925,4.844000000000051,1,10
68,10s,4,83,15.8599999999999,5.086000000000013,1,10
68,10s,4,84,11.539999999999964,12.284000000000106,1,10
68,10s,4,85,9.94399999999996,11.100000000000136,0,10
68,10s,4,86,11.346000000000004,5.55399999999986,1,10
68,10s,4,87,10.206000000000131,8.627999999999929,1,10
68,10s,4,88,14.837999999999965,9.460000000000036,1,10
68,10s,4,89,7.304000000000087,11.233999999999924,0,10
68,10s,4,90,12.516000000000076,8.731999999999971,1,10
68,10s,4,91,9.364000000000033,11.151999999999816,0,10
68,10s,4,92,12.991999999999962,6.136000000000195,1,10
68,10s,4,93,11.11999999999989,4.816000000000031,1,10
68,10s,4,94,18.230000000000018,9.481999999999971,1,10
68,10s,4,95,11.731999999999971,10.097999999999956,1,10
68,10s,4,96,12.804000000000087,7.546000000000049,1,10
68,10s,4,97,13.463999999999942,4.670000000000073,1,10
68,10s,4,98,14.867999999999938,9.569999999999936,1,10
68,10s,4,99,8.758000000000038,10.913999999999987,0,10
68,10s,4,100,16.579999999999927,,1,10
68,10s,5,1,8.875999999999998,10.648000000000003,0,10
68,10s,5,2,10.024000000000001,4.305999999999997,1,10
68,10s,5,3,9.647999999999996,10.692000000000007,0,10
68,10s,5,4,15.341999999999999,3.195999999999998,1,10
68,10s,5,5,18.302000000000007,3.9779999999999944,1,10
68,10s,5,6,15.993999999999986,3.9879999999999995,1,10
68,10s,5,7,21.370000000000005,8.298000000000002,1,10
68,10s,5,8,13.54000000000002,16.25199999999998,1,10
68,10s,5,9,17.141999999999996,5.122000000000014,1,10
68,10s,5,10,0.6500000000000057,0.036000000000001364,0,10
68,10s,5,11,13.012,4.050000000000011,1,10
68,10s,5,12,7.677999999999969,10.800000000000011,0,10
68,10s,5,13,14.728000000000009,4.4839999999999804,1,10
68,10s,5,14,12.450000000000045,6.346000000000004,1,10
68,10s,5,15,12.815999999999974,4.434000000000026,1,10
68,10s,5,16,17.52199999999999,5.319999999999993,1,10
68,10s,5,17,10.913999999999987,4.756000000000029,1,10
68,10s,5,18,10.323999999999955,4.736000000000047,1,10
68,10s,5,19,10.713999999999999,3.991999999999962,1,10
68,10s,5,20,10.439999999999998,4.1720000000000255,1,10
68,10s,5,21,11.253999999999962,5.212000000000046,1,10
68,10s,5,22,10.659999999999968,3.6020000000000323,1,10
68,10s,5,23,7.271999999999991,10.827999999999975,0,10
68,10s,5,24,13.401999999999987,4.234000000000037,1,10
68,10s,5,25,0.17799999999999727,0.1139999999999759,0,10
68,10s,5,26,10.091999999999985,4.791999999999973,1,10
68,10s,5,27,10.117999999999995,5.156000000000063,1,10
68,10s,5,28,11.113999999999919,3.6820000000000164,1,10
68,10s,5,29,10.114000000000033,4.322000000000003,1,10
68,10s,5,30,10.758000000000038,5.211999999999989,1,10
68,10s,5,31,9.231999999999971,10.477999999999952,0,10
68,10s,5,32,0.04600000000004911,10.903999999999996,0,10
68,10s,5,33,10.23599999999999,4.701999999999998,1,10
68,10s,5,34,10.692000000000007,4.892000000000053,1,10
68,10s,5,35,9.877999999999929,10.930000000000064,0,10
68,10s,5,36,9.949999999999932,10.798000000000002,0,10
68,10s,5,37,8.759999999999991,10.994000000000028,0,10
68,10s,5,38,10.258000000000038,7.8940000000000055,1,10
68,10s,5,39,11.65199999999993,5.6159999999999854,1,10
68,10s,5,40,9.908000000000015,10.817999999999984,0,10
68,10s,5,41,7.6299999999999955,10.674000000000092,0,10
68,10s,5,42,9.233999999999924,10.748000000000047,0,10
68,10s,5,43,9.40199999999993,11.668000000000006,0,10
68,10s,5,44,8.924000000000092,10.657999999999902,0,10
68,10s,5,45,11.54600000000005,4.385999999999967,1,10
68,10s,5,46,10.016000000000076,5.456000000000017,1,10
68,10s,5,47,0.033999999999991815,0.05599999999992633,0,10
68,10s,5,48,14.729999999999905,6.2000000000000455,1,10
68,10s,5,49,15.357999999999947,4.11200000000008,1,10
68,10s,5,50,10.76400000000001,5.565999999999917,1,10
68,10s,5,51,13.924000000000092,8.159999999999968,1,10
68,10s,5,52,9.593999999999937,10.676000000000045,0,10
68,10s,5,53,18.998000000000047,5.093999999999937,1,10
68,10s,5,54,9.258000000000038,10.101999999999975,0,10
68,10s,5,55,0.005999999999971806,10.76400000000001,0,10
68,10s,5,56,10.305999999999926,3.8220000000001164,1,10
68,10s,5,57,15.11200000000008,4.597999999999956,1,10
68,10s,5,58,7.513999999999896,10.6400000000001,0,10
68,10s,5,59,8.789999999999964,10.731999999999971,0,10
68,10s,5,60,13.355999999999995,4.057999999999993,1,10
68,10s,5,61,14.231999999999971,5.241999999999962,1,10
68,10s,5,62,14.858000000000175,4.99799999999982,1,10
68,10s,5,63,9.756000000000085,10.596000000000004,0,10
68,10s,5,64,18.432000000000016,4.182000000000016,1,10
68,10s,5,65,15.564000000000078,4.713999999999942,1,10
68,10s,5,66,17.11999999999989,4.954000000000178,1,10
68,10s,5,67,8.187999999999874,10.731999999999971,0,10
68,10s,5,68,9.80600000000004,10.645999999999958,0,10
68,10s,5,69,16.903999999999996,4.701999999999998,1,10
68,10s,5,70,12.761999999999944,6.266000000000076,1,10
68,10s,5,71,9.403999999999996,10.826000000000022,0,10
68,10s,5,72,15.826000000000022,4.339999999999918,1,10
68,10s,5,73,12.55600000000004,5.655999999999949,1,10
68,10s,5,74,17.70600000000013,5.173999999999978,1,10
68,10s,5,75,11.455999999999904,5.1460000000001855,1,10
68,10s,5,76,12.381999999999834,4.5499999999999545,1,10
68,10s,5,77,6.996000000000095,10.60200000000009,0,10
68,10s,5,78,11.629999999999882,5.683999999999969,1,10
68,10s,5,79,8.933999999999969,10.951999999999998,0,10
68,10s,5,80,20.440000000000055,6.122000000000071,1,10
68,10s,5,81,5.317999999999984,10.846000000000004,0,10
68,10s,5,82,12.97199999999998,3.9200000000000728,1,10
68,10s,5,83,13.41599999999994,6.317999999999984,1,10
68,10s,5,84,13.832000000000107,5.1039999999998145,1,10
68,10s,5,85,8.104000000000042,14.673999999999978,0,10
68,10s,5,86,17.590000000000146,4.597999999999956,1,10
68,10s,5,87,10.519999999999982,6.920000000000073,1,10
68,10s,5,88,13.881999999999834,5.822000000000116,1,10
68,10s,5,89,9.30600000000004,10.919999999999845,0,10
68,10s,5,90,9.394000000000005,10.88000000000011,0,10
68,10s,5,91,9.947999999999865,10.704000000000178,0,10
68,10s,5,92,15.113999999999805,6.152000000000044,1,10
68,10s,5,93,17.772000000000162,6.361999999999853,1,10
68,10s,5,94,19.577999999999975,8.014000000000124,1,10
68,10s,5,95,0.14799999999991087,0.06200000000012551,0,10
68,10s,5,96,13.89799999999991,4.8900000000001,1,10
68,10s,5,97,14.327999999999975,5.753999999999905,1,10
68,10s,5,98,15.018000000000029,6.268000000000029,1,10
68,10s,5,99,14.769999999999982,5.857999999999947,1,10
68,10s,5,100,12.726000000000113,,1,10
68,10s,6,1,0.12600000000000122,0.08200000000000074,0,10
68,10s,6,2,8.131999999999998,10.544000000000004,0,10
68,10s,6,3,11.125999999999998,5.310000000000002,1,10
68,10s,6,4,12.215999999999994,4.26400000000001,1,10
68,10s,6,5,11.629999999999995,13.269999999999996,1,10
68,10s,6,6,14.569999999999993,9.048000000000002,1,10
68,10s,6,7,18.32000000000002,9.623999999999995,1,10
68,10s,6,8,0.9359999999999786,0.056000000000011596,0,10
68,10s,6,9,11.271999999999991,4.961999999999989,1,10
68,10s,6,10,14.524000000000001,9.76600000000002,1,10
68,10s,6,11,12.25399999999999,3.859999999999985,1,10
68,10s,6,12,14.674000000000007,3.2700000000000102,1,10
68,10s,6,13,10.24799999999999,4.230000000000018,1,10
68,10s,6,14,9.365999999999985,10.718000000000018,0,10
68,10s,6,15,15.337999999999965,3.915999999999997,1,10
68,10s,6,16,13.140000000000043,7.069999999999993,1,10
68,10s,6,17,8.336000000000013,10.845999999999947,0,10
68,10s,6,18,1.2560000000000286,0.04199999999997317,0,10
68,10s,6,19,14.590000000000032,5.9459999999999695,1,10
68,10s,6,20,14.129999999999995,6.5680000000000405,1,10
68,10s,6,21,13.47199999999998,9.78000000000003,1,10
68,10s,6,22,0.03599999999994452,0.12800000000004275,0,10
68,10s,6,23,12.49799999999999,7.9360000000000355,1,10
68,10s,6,24,16.303999999999974,6.641999999999996,1,10
68,10s,6,25,15.950000000000045,4.963999999999999,1,10
68,10s,6,26,10.805999999999983,8.71999999999997,1,10
68,10s,6,27,12.238000000000056,5.5219999999999345,1,10
68,10s,6,28,10.344000000000051,5.802000000000021,1,10
68,10s,6,29,9.230000000000018,10.723999999999933,0,10
68,10s,6,30,13.950000000000045,4.645999999999958,1,10
68,10s,6,31,10.906000000000063,10.879999999999995,1,10
68,10s,6,32,12.513999999999896,5.1860000000000355,1,10
68,10s,6,33,11.289999999999964,5.104000000000042,1,10
68,10s,6,34,10.495999999999981,4.26400000000001,1,10
68,10s,6,35,11.451999999999998,6.057999999999993,1,10
68,10s,6,36,10.738000000000056,5.389999999999986,1,10
68,10s,6,37,9.120000000000005,11.059999999999945,0,10
68,10s,6,38,10.512000000000057,8.605999999999995,1,10
68,10s,6,39,14.798000000000002,6.769999999999982,1,10
68,10s,6,40,14.72199999999998,4.786000000000058,1,10
68,10s,6,41,11.541999999999916,6.432000000000016,1,10
68,10s,6,42,12.388000000000034,3.745999999999981,1,10
68,10s,6,43,11.730000000000018,5.5779999999999745,1,10
68,10s,6,44,12.370000000000005,5.142000000000053,1,10
68,10s,6,45,9.005999999999972,10.947999999999979,0,10
68,10s,6,46,17.144000000000005,5.3700000000000045,1,10
68,10s,6,47,20.46199999999999,4.635999999999967,1,10
68,10s,6,48,10.712000000000103,6.529999999999973,1,10
68,10s,6,49,10.504000000000019,5.65199999999993,1,10
68,10s,6,50,7.420000000000073,11.061999999999898,0,10
68,10s,6,51,12.378000000000043,6.07000000000005,1,10
68,10s,6,52,10.029999999999973,8.5,1,10
68,10s,6,53,11.686000000000035,5.153999999999996,1,10
68,10s,6,54,10.418000000000006,4.417999999999893,1,10
68,10s,6,55,0.16600000000016735,10.863999999999805,0,10
68,10s,6,56,7.97199999999998,10.704000000000178,0,10
68,10s,6,57,14.697999999999865,6.236000000000104,1,10
68,10s,6,58,9.470000000000027,10.942000000000007,0,10
68,10s,6,59,17.839999999999918,4.480000000000018,1,10
68,10s,6,60,12.192000000000007,5.783999999999878,1,10
68,10s,6,61,11.882000000000062,4.491999999999962,1,10
68,10s,6,62,8.75,10.840000000000146,0,10
68,10s,6,63,19.773999999999887,4.569999999999936,1,10
68,10s,6,64,11.678000000000111,6.786000000000058,1,10
68,10s,6,65,10.101999999999862,5.816000000000031,1,10
68,10s,6,66,10.496000000000095,8.461999999999989,1,10
68,10s,6,67,9.197999999999865,11.040000000000191,0,10
68,10s,6,68,16.577999999999975,5.653999999999996,1,10
68,10s,6,69,12.88799999999992,4.966000000000122,1,10
68,10s,6,70,10.39799999999991,3.9680000000000746,1,10
68,10s,6,71,11.339999999999918,6.213999999999942,1,10
68,10s,6,72,0.18200000000001637,0.05400000000008731,0,10
68,10s,6,73,11.565999999999804,5.888000000000147,1,10
68,10s,6,74,11.152000000000044,9.357999999999947,1,10
68,10s,6,75,6.559999999999945,10.847999999999956,0,10
68,10s,6,76,9.816000000000031,10.776000000000067,0,10
68,10s,6,77,12.624000000000024,5.179999999999836,1,10
68,10s,6,78,11.328000000000202,4.669999999999845,1,10
68,10s,6,79,9.470000000000027,10.86200000000008,0,10
68,10s,6,80,13.865999999999985,4.495999999999867,1,10
68,10s,6,81,12.776000000000067,4.279999999999973,1,10
68,10s,6,82,9.298000000000002,10.847999999999956,0,10
68,10s,6,83,13.710000000000036,3.80600000000004,1,10
68,10s,6,84,9.688000000000102,10.985999999999876,0,10
68,10s,6,85,11.256000000000085,4.185999999999922,1,10
68,10s,6,86,12.829999999999927,7.332000000000107,1,10
68,10s,6,87,10.355999999999995,22.809999999999945,1,10
68,10s,6,88,15.36200000000008,4.05399999999986,1,10
68,10s,6,89,12.090000000000146,4.420000000000073,1,10
68,10s,6,90,7.3819999999998345,10.802000000000135,0,10
68,10s,6,91,19.243999999999915,3.69399999999996,1,10
68,10s,6,92,8.271999999999935,10.90800000000013,0,10
68,10s,6,93,17.190000000000055,4.30600000000004,1,10
68,10s,6,94,16.21199999999999,4.8259999999997945,1,10
68,10s,6,95,8.996000000000095,10.844000000000051,0,10
68,10s,6,96,20.950000000000045,5.442000000000007,1,10
68,10s,6,97,9.801999999999907,10.731999999999971,0,10
68,10s,6,98,18.75,3.155999999999949,1,10
68,10s,6,99,8.522000000000162,10.77599999999984,0,10
68,10s,6,100,15.314000000000078,,1,10
69,5s,1,1,9.218000000000004,5.385999999999996,0,10
69,5s,1,2,8.850000000000001,5.216000000000001,0,10
69,5s,1,3,13.379999999999995,2.4180000000000064,1,10
69,5s,1,4,9.945999999999998,5.197999999999993,0,10
69,5s,1,5,9.826000000000008,5.2379999999999995,0,10
69,5s,1,6,0.09600000000000364,0.03999999999999204,0,10
69,5s,1,7,10.778000000000006,2.084000000000003,1,10
69,5s,1,8,9.921999999999997,5.225999999999999,0,10
69,5s,1,9,0.06399999999999295,0.02800000000002001,0,10
69,5s,1,10,10.132000000000005,1.9259999999999877,1,10
69,5s,1,11,10.080000000000013,3.3640000000000043,1,10
69,5s,1,12,9.126000000000005,5.201999999999998,0,10
69,5s,1,13,8.861999999999995,5.192000000000007,0,10
69,5s,1,14,12.193999999999988,1.9019999999999868,1,10
69,5s,1,15,10.176000000000016,2.1380000000000052,1,10
69,5s,1,16,9.163999999999987,5.402000000000015,0,10
69,5s,1,17,10.107999999999976,3.0080000000000098,1,10
69,5s,1,18,9.172000000000025,5.19199999999995,0,10
69,5s,1,19,0.5320000000000391,0.027999999999963165,0,10
69,5s,1,20,8.48399999999998,5.2660000000000196,0,10
69,5s,1,21,8.913999999999987,5.194000000000017,0,10
69,5s,1,22,0.3019999999999641,0.10400000000004184,0,10
69,5s,1,23,9.756000000000029,5.430000000000007,0,10
69,5s,1,24,1.4399999999999977,0.02199999999999136,0,10
69,5s,1,25,9.846000000000004,5.23599999999999,0,10
69,5s,1,26,8.129999999999995,5.220000000000027,0,10
69,5s,1,27,9.613999999999976,5.256000000000029,0,10
69,5s,1,28,9.977999999999952,5.232000000000028,0,10
69,5s,1,29,8.442000000000007,5.199999999999989,0,10
69,5s,1,30,1.7160000000000082,0.038000000000010914,0,10
69,5s,1,31,10.19599999999997,1.7440000000000282,1,10
69,5s,1,32,11.74799999999999,2.834000000000003,1,10
69,5s,1,33,7.339999999999975,5.2760000000000105,0,10
69,5s,1,34,11.038000000000011,1.8759999999999764,1,10
69,5s,1,35,9.03000000000003,5.217999999999961,0,10
69,5s,1,36,0.9320000000000164,0.033999999999991815,0,10
69,5s,1,37,9.704000000000008,0.036000000000001364,0,10
69,5s,1,38,3.2239999999999895,0.04800000000000182,0,10
69,5s,1,39,9.553999999999974,5.194000000000074,0,10
69,5s,1,40,11.495999999999981,2.6079999999999472,1,10
69,5s,1,41,10.54600000000005,1.9839999999999236,1,10
69,5s,1,42,11.276000000000067,1.9840000000000373,1,10
69,5s,1,43,9.69399999999996,5.241999999999962,0,10
69,5s,1,44,0.08600000000001273,0.03200000000003911,0,10
69,5s,1,45,11.048000000000002,2.0939999999999372,1,10
69,5s,1,46,8.360000000000014,5.262000000000057,0,10
69,5s,1,47,9.399999999999977,6.613999999999919,0,10
69,5s,1,48,9.504000000000019,5.461999999999989,0,10
69,5s,1,49,10.124000000000024,1.79200000000003,1,10
69,5s,1,50,12.255999999999972,2.02800000000002,1,10
69,5s,1,51,10.230000000000018,2.5259999999999536,1,10
69,5s,1,52,10.269999999999982,0.02400000000000091,1,10
69,5s,1,53,0.22400000000004638,5.509999999999991,0,10
69,5s,1,54,2.368000000000052,0.10999999999989996,0,10
69,5s,1,55,11.081999999999994,2.382000000000062,1,10
69,5s,1,56,9.75,5.343999999999937,0,10
69,5s,1,57,11.951999999999998,1.7300000000000182,1,10
69,5s,1,58,10.488000000000056,2.2819999999999254,1,10
69,5s,1,59,9.716000000000008,5.22199999999998,0,10
69,5s,1,60,12.566000000000031,2.3319999999999936,1,10
69,5s,1,61,11.066000000000031,1.9500000000000455,1,10
69,5s,1,62,0.40599999999994907,0.033999999999991815,0,10
69,5s,1,63,11.97199999999998,2.1240000000000236,1,10
69,5s,1,64,10.851999999999975,2.296000000000049,1,10
69,5s,1,65,9.63799999999992,5.274000000000001,0,10
69,5s,1,66,11.566000000000031,1.6820000000000164,1,10
69,5s,1,67,10.418000000000006,2.48599999999999,1,10
69,5s,1,68,11.620000000000005,2.0259999999999536,1,10
69,5s,1,69,9.700000000000045,5.241999999999962,0,10
69,5s,1,70,11.524000000000001,2.4279999999999973,1,10
69,5s,1,71,10.802000000000021,5.203999999999951,1,10
69,5s,1,72,12.228000000000065,2.72199999999998,1,10
69,5s,1,73,9.990000000000009,5.248000000000047,0,10
69,5s,1,74,10.635999999999967,2.8239999999999554,1,10
69,5s,1,75,10.958000000000084,1.9499999999999318,1,10
69,5s,1,76,11.970000000000027,2.3759999999999764,1,10
69,5s,1,77,11.370000000000005,3.01400000000001,1,10
69,5s,1,78,12.795999999999935,2.173999999999978,1,10
69,5s,1,79,14.00200000000018,4.377999999999929,1,10
69,5s,1,80,10.627999999999929,2.5779999999999745,1,10
69,5s,1,81,13.200000000000045,3.1700000000000728,1,10
69,5s,1,82,10.3599999999999,2.1400000000001,1,10
69,5s,1,83,11.965999999999894,2.8700000000001182,1,10
69,5s,1,84,12.142000000000053,2.201999999999998,1,10
69,5s,1,85,11.767999999999802,2.8040000000000873,1,10
69,5s,1,86,14.579999999999927,3.3759999999999764,1,10
69,5s,1,87,11.592000000000098,2.9039999999999964,1,10
69,5s,1,88,10.491999999999962,2.145999999999958,1,10
69,5s,1,89,11.105999999999995,2.5779999999999745,1,10
69,5s,1,90,9.176000000000158,5.4379999999998745,0,10
69,5s,1,91,9.817999999999984,5.598000000000184,0,10
69,5s,1,92,11.182000000000016,2.699999999999818,1,10
69,5s,1,93,11.577999999999975,9.688000000000102,1,10
69,5s,1,94,12.092000000000098,2.6259999999999764,1,10
69,5s,1,95,12.172000000000025,2.2919999999999163,1,10
69,5s,1,96,10.85200000000009,6.467999999999847,1,10
69,5s,1,97,11.648000000000138,2.6099999999999,1,10
69,5s,1,98,10.973999999999933,3.2280000000000655,1,10
69,5s,1,99,9.779999999999973,5.317999999999984,0,10
69,5s,1,100,9.648000000000138,,0,10
69,5s,2,1,6.899999999999999,5.314,0,10
69,5s,2,2,8.910000000000004,5.241999999999997,0,10
69,5s,2,3,7.4580000000000055,5.286000000000001,0,10
69,5s,2,4,9.425999999999988,5.222000000000008,0,10
69,5s,2,5,1.4639999999999986,0.02599999999999625,0,10
69,5s,2,6,9.698000000000008,5.179999999999993,0,10
69,5s,2,7,11.013999999999996,1.9180000000000064,1,10
69,5s,2,8,10.651999999999987,1.6720000000000255,1,10
69,5s,2,9,11.601999999999975,2.6340000000000146,1,10
69,5s,2,10,0.22800000000000864,0.14799999999999613,0,10
69,5s,2,11,10.134000000000015,1.5699999999999932,1,10
69,5s,2,12,9.888000000000005,5.187999999999988,0,10
69,5s,2,13,8.942000000000007,5.211999999999989,0,10
69,5s,2,14,8.944000000000017,5.199999999999989,0,10
69,5s,2,15,0.04800000000000182,0.07800000000000296,0,10
69,5s,2,16,10.482,2.1500000000000057,1,10
69,5s,2,17,9.891999999999996,5.177999999999997,0,10
69,5s,2,18,11.431999999999988,1.6580000000000155,1,10
69,5s,2,19,8.04000000000002,5.23599999999999,0,10
69,5s,2,20,1.9459999999999695,0.03200000000003911,0,10
69,5s,2,21,9.501999999999953,5.2140000000000555,0,10
69,5s,2,22,7.8799999999999955,5.2239999999999895,0,10
69,5s,2,23,11.625999999999976,1.603999999999985,1,10
69,5s,2,24,11.240000000000009,1.367999999999995,1,10
69,5s,2,25,9.340000000000032,5.216000000000008,0,10
69,5s,2,26,10.847999999999956,2.372000000000014,1,10
69,5s,2,27,8.367999999999995,5.437999999999988,0,10
69,5s,2,28,10.078000000000031,2.0740000000000123,1,10
69,5s,2,29,12.539999999999964,1.670000000000016,1,10
69,5s,2,30,0.036000000000001364,0.05200000000002092,0,10
69,5s,2,31,10.914000000000044,1.7980000000000018,1,10
69,5s,2,32,11.834000000000003,1.6859999999999786,1,10
69,5s,2,33,13.913999999999987,1.9259999999999877,1,10
69,5s,2,34,12.206000000000017,3.084000000000003,1,10
69,5s,2,35,10.456000000000017,2.1539999999999964,1,10
69,5s,2,36,11.50200000000001,2.009999999999991,1,10
69,5s,2,37,3.70799999999997,0.02600000000001046,0,10
69,5s,2,38,8.463999999999999,5.243999999999971,0,10
69,5s,2,39,10.836000000000013,1.5460000000000491,1,10
69,5s,2,40,11.865999999999985,1.7759999999999536,1,10
69,5s,2,41,11.138000000000034,2.3419999999999845,1,10
69,5s,2,42,9.512000000000057,5.163999999999987,0,10
69,5s,2,43,10.543999999999983,2.2060000000000173,1,10
69,5s,2,44,9.871999999999957,5.20799999999997,0,10
69,5s,2,45,7.966000000000008,5.197999999999979,0,10
69,5s,2,46,0.09800000000007003,0.021999999999934516,0,10
69,5s,2,47,11.41199999999992,2.2000000000000455,1,10
69,5s,2,48,11.80600000000004,2.8099999999999454,1,10
69,5s,2,49,11.831999999999994,2.0860000000000127,1,10
69,5s,2,50,12.80600000000004,1.2659999999999627,1,10
69,5s,2,51,12.115999999999985,1.759999999999991,1,10
69,5s,2,52,12.54200000000003,2.259999999999991,1,10
69,5s,2,53,13.114000000000033,2.008000000000038,1,10
69,5s,2,54,10.561999999999898,4.916000000000054,1,10
69,5s,2,55,9.509999999999991,5.255999999999972,0,10
69,5s,2,56,11.864000000000033,1.6499999999999773,1,10
69,5s,2,57,10.933999999999969,2.896000000000072,1,10
69,5s,2,58,13.775999999999954,2.6720000000000255,1,10
69,5s,2,59,10.186000000000035,4.491999999999962,1,10
69,5s,2,60,11.42999999999995,2.268000000000029,1,10
69,5s,2,61,11.734000000000037,3.104000000000042,1,10
69,5s,2,62,8.257999999999925,5.590000000000032,0,10
69,5s,2,63,10.379999999999995,2.740000000000009,1,10
69,5s,2,64,9.812000000000012,5.196000000000026,0,10
69,5s,2,65,11.157999999999902,1.5400000000000773,1,10
69,5s,2,66,10.942000000000007,1.7279999999999518,1,10
69,5s,2,67,10.004000000000019,2.019999999999982,1,10
69,5s,2,68,11.803999999999974,2.2180000000000746,1,10
69,5s,2,69,11.423999999999978,1.77800000000002,1,10
69,5s,2,70,8.947999999999979,7.213999999999942,0,10
69,5s,2,71,9.84800000000007,5.16599999999994,0,10
69,5s,2,72,8.506000000000085,5.175999999999931,0,10
69,5s,2,73,9.080000000000041,5.25,0,10
69,5s,2,74,2.8179999999999836,0.009999999999990905,0,10
69,5s,2,75,0.4759999999999991,4.717999999999961,0,10
69,5s,2,76,10.512000000000057,1.9800000000000182,1,10
69,5s,2,77,10.833999999999946,1.8640000000000327,1,10
69,5s,2,78,10.381999999999948,2.481999999999971,1,10
69,5s,2,79,10.274000000000115,2.0979999999999563,1,10
69,5s,2,80,10.38799999999992,2.1259999999999764,1,10
69,5s,2,81,11.730000000000018,5.076000000000022,1,10
69,5s,2,82,11.032000000000153,2.211999999999989,1,10
69,5s,2,83,9.298000000000002,5.1879999999998745,0,10
69,5s,2,84,8.900000000000091,5.251999999999953,0,10
69,5s,2,85,9.251999999999953,5.2560000000000855,0,10
69,5s,2,86,10.167999999999893,2.102000000000089,1,10
69,5s,2,87,11.417999999999893,1.6440000000000055,1,10
69,5s,2,88,11.860000000000127,2.043999999999869,1,10
69,5s,2,89,11.286000000000058,3.5119999999999436,1,10
69,5s,2,90,8.132000000000062,5.216000000000122,0,10
69,5s,2,91,10.433999999999969,2.52599999999984,1,10
69,5s,2,92,11.294000000000096,1.7919999999999163,1,10
69,5s,2,93,1.933999999999969,5.170000000000073,0,10
69,5s,2,94,12.170000000000073,1.740000000000009,1,10
69,5s,2,95,10.728000000000065,5.089999999999918,1,10
69,5s,2,96,8.700000000000045,5.213999999999942,0,10
69,5s,2,97,9.718000000000075,5.197999999999865,0,10
69,5s,2,98,8.402000000000044,5.240000000000009,0,10
69,5s,2,99,10.256000000000085,2.3079999999999927,1,10
69,5s,2,100,9.983999999999924,5.201999999999998,0,10
69,5s,2,101,9.488000000000056,,0,10
69,5s,3,1,2.6439999999999984,5.134,0,10
69,5s,3,2,8.502000000000002,5.289999999999999,0,10
69,5s,3,3,9.396,5.231999999999999,0,10
69,5s,3,4,10.290000000000006,1.7299999999999898,1,10
69,5s,3,5,10.713999999999999,1.8640000000000043,1,10
69,5s,3,6,9.067999999999998,5.204000000000008,0,10
69,5s,3,7,8.367999999999995,5.227999999999994,0,10
69,5s,3,8,0.9080000000000013,0.030000000000001137,0,10
69,5s,3,9,0.11800000000000921,0.02400000000000091,0,10
69,5s,3,10,11.02000000000001,1.7059999999999889,1,10
69,5s,3,11,10.722000000000008,1.8460000000000036,1,10
69,5s,3,12,10.961999999999989,2.0080000000000098,1,10
69,5s,3,13,12.317999999999984,1.606000000000023,1,10
69,5s,3,14,13.101999999999975,1.858000000000004,1,10
69,5s,3,15,11.504000000000019,2.5459999999999923,1,10
69,5s,3,16,8.75,5.245999999999981,0,10
69,5s,3,17,9.712000000000018,5.174000000000007,0,10
69,5s,3,18,9.259999999999991,5.24199999999999,0,10
69,5s,3,19,10.936000000000007,1.5880000000000223,1,10
69,5s,3,20,10.509999999999991,1.8199999999999932,1,10
69,5s,3,21,12.22399999999999,1.8880000000000337,1,10
69,5s,3,22,12.079999999999984,1.5620000000000118,1,10
69,5s,3,23,13.003999999999962,2.4879999999999995,1,10
69,5s,3,24,12.98599999999999,1.948000000000036,1,10
69,5s,3,25,12.125999999999976,1.7860000000000014,1,10
69,5s,3,26,13.114000000000033,1.8979999999999677,1,10
69,5s,3,27,12.374000000000024,4.041999999999973,1,10
69,5s,3,28,9.910000000000025,5.213999999999999,0,10
69,5s,3,29,10.649999999999977,1.8899999999999864,1,10
69,5s,3,30,12.914000000000044,0.103999999999985,1,10
69,5s,3,31,0.13999999999998636,5.211999999999989,0,10
69,5s,3,32,11.463999999999999,1.5540000000000305,1,10
69,5s,3,33,12.091999999999985,2.4320000000000164,1,10
69,5s,3,34,12.980000000000018,1.8959999999999582,1,10
69,5s,3,35,12.27800000000002,3.3659999999999854,1,10
69,5s,3,36,12.49799999999999,2.3520000000000323,1,10
69,5s,3,37,10.875999999999976,1.5900000000000318,1,10
69,5s,3,38,12.807999999999993,2.830000000000041,1,10
69,5s,3,39,11.1339999999999,1.7180000000000746,1,10
69,5s,3,40,11.172000000000025,2.3079999999999927,1,10
69,5s,3,41,12.409999999999968,2.826000000000022,1,10
69,5s,3,42,13.759999999999991,1.8799999999999955,1,10
69,5s,3,43,12.105999999999995,2.203999999999951,1,10
69,5s,3,44,12.782000000000039,2.1920000000000073,1,10
69,5s,3,45,12.30600000000004,2.7799999999999727,1,10
69,5s,3,46,10.839999999999918,0.07000000000005002,1,10
69,5s,3,47,0.14999999999997726,5.204000000000065,0,10
69,5s,3,48,10.237999999999943,2.046000000000049,1,10
69,5s,3,49,14.699999999999932,2.6380000000000337,1,10
69,5s,3,50,12.145999999999958,1.9320000000000164,1,10
69,5s,3,51,11.032000000000039,2.548000000000002,1,10
69,5s,3,52,11.548000000000002,3.175999999999931,1,10
69,5s,3,53,10.166000000000054,5.197999999999979,1,10
69,5s,3,54,12.56000000000006,2.3700000000000045,1,10
69,5s,3,55,9.884000000000015,5.175999999999931,0,10
69,5s,3,56,10.878000000000043,1.8179999999999836,1,10
69,5s,3,57,13.51400000000001,1.6299999999999955,1,10
69,5s,3,58,13.158000000000015,2.302000000000021,1,10
69,5s,3,59,11.573999999999955,2.019999999999982,1,10
69,5s,3,60,12.673999999999978,3.1860000000000355,1,10
69,5s,3,61,0.09199999999998454,0.029999999999972715,0,10
69,5s,3,62,10.408000000000015,2.066000000000031,1,10
69,5s,3,63,12.265999999999963,2.316000000000031,1,10
69,5s,3,64,11.825999999999908,1.8559999999999945,1,10
69,5s,3,65,12.410000000000082,3.411999999999921,1,10
69,5s,3,66,10.752000000000066,3.1159999999999854,1,10
69,5s,3,67,13.494000000000028,3.6399999999999864,1,10
69,5s,3,68,12.634000000000015,3.8859999999999673,1,10
69,5s,3,69,11.557999999999993,2.3319999999999936,1,10
69,5s,3,70,10.512000000000057,3.745999999999981,1,10
69,5s,3,71,11.611999999999966,5.80600000000004,1,10
69,5s,3,72,10.101999999999975,3.0539999999999736,1,10
69,5s,3,73,12.653999999999996,1.9800000000000182,1,10
69,5s,3,74,12.23599999999999,6.844000000000051,1,10
69,5s,3,75,12.099999999999909,2.688000000000102,1,10
69,5s,3,76,12.985999999999876,2.076000000000022,1,10
69,5s,3,77,11.769999999999982,6.466000000000122,1,10
69,5s,3,78,12.20399999999995,3.5260000000000673,1,10
69,5s,3,79,14.730000000000018,6.6340000000000146,1,10
69,5s,3,80,16.135999999999967,6.1099999999999,1,10
69,5s,3,81,10.183999999999969,4.786000000000058,1,10
69,5s,3,82,10.142000000000053,7.980000000000018,1,10
69,5s,3,83,11.837999999999965,6.829999999999927,1,10
69,5s,3,84,13.544000000000096,5.551999999999907,1,10
69,5s,3,85,12.57400000000007,4.9500000000000455,1,10
69,5s,3,86,13.057999999999993,3.495999999999867,1,10
69,5s,3,87,12.403999999999996,5.580000000000155,1,10
69,5s,3,88,12.477999999999838,3.08400000000006,1,10
69,5s,3,89,13.42599999999993,5.052000000000135,1,10
69,5s,3,90,12.998000000000047,5.197999999999865,1,10
69,5s,3,91,12.922000000000025,4.413999999999987,1,10
69,5s,3,92,13.97199999999998,3.7000000000000455,1,10
69,5s,3,93,12.412000000000035,5.508000000000038,1,10
69,5s,3,94,14.81399999999985,2.6800000000000637,1,10
69,5s,3,95,2.5679999999999836,5.259999999999991,0,10
69,5s,3,96,11.04600000000005,2.8279999999999745,1,10
69,5s,3,97,12.279999999999973,3.155999999999949,1,10
69,5s,3,98,5.268000000000029,0.10800000000017462,0,10
69,5s,3,99,0.2599999999999909,0.14000000000010004,0,10
69,5s,3,100,11.187999999999874,,1,10
69,5s,4,1,9.172,5.188000000000002,0,10
69,5s,4,2,8.397999999999996,5.222000000000001,0,10
69,5s,4,3,10.759999999999998,2.1140000000000043,1,10
69,5s,4,4,9.405999999999992,5.172000000000011,0,10
69,5s,4,5,9.134,5.2039999999999935,0,10
69,5s,4,6,10.454000000000008,1.9939999999999998,1,10
69,5s,4,7,12.12599999999999,2.0619999999999976,1,10
69,5s,4,8,11.337999999999994,0.09200000000001296,1,10
69,5s,4,9,0.12000000000000455,5.210000000000008,0,10
69,5s,4,10,10.049999999999983,2.1380000000000052,1,10
69,5s,4,11,11.365999999999985,2.122000000000014,1,10
69,5s,4,12,11.651999999999987,1.9220000000000255,1,10
69,5s,4,13,10.025999999999982,2.078000000000003,1,10
69,5s,4,14,11.641999999999996,2.372000000000014,1,10
69,5s,4,15,9.524000000000001,5.2099999999999795,0,10
69,5s,4,16,10.912000000000006,2.1880000000000166,1,10
69,5s,4,17,12.683999999999997,2.191999999999979,1,10
69,5s,4,18,13.552000000000021,3.0819999999999936,1,10
69,5s,4,19,0.4159999999999968,5.677999999999997,0,10
69,5s,4,20,11.915999999999997,5.6340000000000146,1,10
69,5s,4,21,11.731999999999971,3.4780000000000086,1,10
69,5s,4,22,10.624000000000024,2.122000000000014,1,10
69,5s,4,23,13.301999999999964,3.1059999999999945,1,10
69,5s,4,24,10.382000000000005,0.06799999999998363,1,10
69,5s,4,25,0.15800000000001546,5.492000000000019,0,10
69,5s,4,26,11.423999999999978,2.326000000000022,1,10
69,5s,4,27,9.841999999999985,0.13400000000001455,0,10
69,5s,4,28,0.589999999999975,0.016000000000019554,0,10
69,5s,4,29,10.851999999999975,2.826000000000022,1,10
69,5s,4,30,13.562000000000012,1.8899999999999864,1,10
69,5s,4,31,13.512,4.596000000000004,1,10
69,5s,4,32,11.336000000000013,1.863999999999976,1,10
69,5s,4,33,14.006000000000029,1.947999999999979,1,10
69,5s,4,34,12.346000000000004,2.01400000000001,1,10
69,5s,4,35,12.274000000000001,5.048000000000002,1,10
69,5s,4,36,10.163999999999987,1.524000000000001,1,10
69,5s,4,37,14.545999999999992,1.7759999999999536,1,10
69,5s,4,38,12.024000000000001,1.6980000000000928,1,10
69,5s,4,39,14.483999999999924,3.3519999999999754,1,10
69,5s,4,40,9.124000000000024,0.18200000000001637,0,10
69,5s,4,41,13.725999999999999,2.1520000000000437,1,10
69,5s,4,42,12.079999999999927,2.1560000000000628,1,10
69,5s,4,43,3.603999999999928,0.07200000000000273,0,10
69,5s,4,44,12.480000000000018,3.0299999999999727,1,10
69,5s,4,45,12.76400000000001,2.3220000000000027,1,10
69,5s,4,46,11.39799999999991,2.0260000000000673,1,10
69,5s,4,47,13.275999999999954,3.0,1,10
69,5s,4,48,12.468000000000075,2.3379999999999654,1,10
69,5s,4,49,10.0,1.9980000000000473,0,10
69,5s,4,50,12.983999999999924,1.830000000000041,1,10
69,5s,4,51,10.247999999999934,1.9480000000000928,1,10
69,5s,4,52,12.035999999999945,2.740000000000009,1,10
69,5s,4,53,10.227999999999952,5.218000000000075,1,10
69,5s,4,54,12.543999999999983,3.3940000000000055,1,10
69,5s,4,55,13.269999999999982,5.083999999999946,1,10
69,5s,4,56,12.744000000000028,2.268000000000029,1,10
69,5s,4,57,10.02800000000002,1.7379999999999427,1,10
69,5s,4,58,13.79600000000005,2.54200000000003,1,10
69,5s,4,59,13.947999999999979,6.227999999999952,1,10
69,5s,4,60,14.173999999999978,2.3500000000000227,1,10
69,5s,4,61,13.067999999999984,2.5920000000000982,1,10
69,5s,4,62,7.825999999999908,0.12600000000009004,0,10
69,5s,4,63,12.690000000000055,2.1380000000000337,1,10
69,5s,4,64,12.487999999999943,2.5020000000000664,1,10
69,5s,4,65,12.823999999999955,4.317999999999984,1,10
69,5s,4,66,14.382000000000062,4.835999999999899,1,10
69,5s,4,67,11.780000000000086,4.377999999999929,1,10
69,5s,4,68,11.758000000000038,2.0579999999999927,1,10
69,5s,4,69,14.090000000000032,3.16599999999994,1,10
69,5s,4,70,11.379999999999995,2.298000000000002,1,10
69,5s,4,71,11.395999999999958,2.354000000000042,1,10
69,5s,4,72,9.124000000000024,5.344000000000051,0,10
69,5s,4,73,12.64799999999991,1.9860000000001037,1,10
69,5s,4,74,13.005999999999858,2.6259999999999764,1,10
69,5s,4,75,12.234000000000151,2.491999999999962,1,10
69,5s,4,76,0.07999999999992724,0.0340000000001055,0,10
69,5s,4,77,10.244000000000142,3.487999999999829,1,10
69,5s,4,78,13.634000000000015,2.6280000000001564,1,10
69,5s,4,79,0.15999999999985448,5.234000000000151,0,10
69,5s,4,80,10.987999999999829,4.423999999999978,1,10
69,5s,4,81,11.69600000000014,3.5779999999999745,1,10
69,5s,4,82,9.998000000000047,5.189999999999827,0,10
69,5s,4,83,10.930000000000064,2.814000000000078,1,10
69,5s,4,84,11.019999999999982,2.617999999999938,1,10
69,5s,4,85,10.230000000000018,1.9380000000001019,1,10
69,5s,4,86,10.64799999999991,0.16800000000012005,1,10
69,5s,4,87,0.11599999999998545,5.245999999999867,0,10
69,5s,4,88,11.44399999999996,3.326000000000022,1,10
69,5s,4,89,13.162000000000035,2.630000000000109,1,10
69,5s,4,90,9.677999999999884,5.226000000000113,0,10
69,5s,4,91,11.162000000000035,2.2739999999998872,1,10
69,5s,4,92,8.82400000000007,5.207999999999856,0,10
69,5s,4,93,11.576000000000022,2.4120000000000346,1,10
69,5s,4,94,11.701999999999998,2.9120000000000346,1,10
69,5s,4,95,8.927999999999884,5.182000000000016,0,10
69,5s,4,96,0.6220000000000709,0.16800000000012005,0,10
69,5s,4,97,10.042000000000144,2.265999999999849,1,10
69,5s,4,98,14.018000000000029,3.2000000000000455,1,10
69,5s,4,99,11.733999999999924,5.012000000000171,1,10
69,5s,4,100,12.56399999999985,,1,10
69,5s,5,1,9.528000000000002,5.189999999999998,0,10
69,5s,5,2,11.914000000000001,1.8619999999999948,1,10
69,5s,5,3,12.038000000000004,2.1799999999999926,1,10
69,5s,5,4,11.062000000000012,2.245999999999995,1,10
69,5s,5,5,9.469999999999999,5.188000000000002,0,10
69,5s,5,6,8.982,5.213999999999999,0,10
69,5s,5,7,10.814000000000007,1.9299999999999926,1,10
69,5s,5,8,11.553999999999988,2.0860000000000127,1,10
69,5s,5,9,14.033999999999992,2.3499999999999943,1,10
69,5s,5,10,10.780000000000001,2.216000000000008,1,10
69,5s,5,11,10.346000000000004,2.4979999999999905,1,10
69,5s,5,12,11.164000000000016,0.03999999999999204,1,10
69,5s,5,13,0.10800000000000409,5.1980000000000075,0,10
69,5s,5,14,8.298000000000002,5.2620000000000005,0,10
69,5s,5,15,10.006,1.6199999999999761,1,10
69,5s,5,16,9.224000000000018,5.253999999999991,0,10
69,5s,5,17,10.963999999999999,2.8559999999999945,1,10
69,5s,5,18,10.858000000000033,1.6659999999999968,1,10
69,5s,5,19,13.060000000000002,2.3839999999999577,1,10
69,5s,5,20,10.076000000000022,1.947999999999979,1,10
69,5s,5,21,10.478000000000009,1.9800000000000182,1,10
69,5s,5,22,13.461999999999989,2.0219999999999914,1,10
69,5s,5,23,9.382000000000005,5.2379999999999995,0,10
69,5s,5,24,11.490000000000009,1.8100000000000023,1,10
69,5s,5,25,11.629999999999995,1.7760000000000105,1,10
69,5s,5,26,13.860000000000014,2.4879999999999995,1,10
69,5s,5,27,12.255999999999972,2.184000000000026,1,10
69,5s,5,28,3.5459999999999923,0.01999999999998181,0,10
69,5s,5,29,12.049999999999955,1.8180000000000405,1,10
69,5s,5,30,12.800000000000011,2.5499999999999545,1,10
69,5s,5,31,14.174000000000035,2.0639999999999645,1,10
69,5s,5,32,11.444000000000017,1.8480000000000132,1,10
69,5s,5,33,13.373999999999967,1.948000000000036,1,10
69,5s,5,34,14.201999999999998,1.575999999999965,1,10
69,5s,5,35,10.04200000000003,7.677999999999997,1,10
69,5s,5,36,12.970000000000027,1.8539999999999281,1,10
69,5s,5,37,12.266000000000076,1.6959999999999127,1,10
69,5s,5,38,13.246000000000095,2.0299999999999727,1,10
69,5s,5,39,10.48599999999999,1.94399999999996,1,10
69,5s,5,40,11.916000000000054,2.0499999999999545,1,10
69,5s,5,41,12.216000000000008,2.3899999999999864,1,10
69,5s,5,42,13.040000000000077,2.2659999999999627,1,10
69,5s,5,43,10.45399999999995,2.524000000000001,1,10
69,5s,5,44,12.696000000000026,2.5439999999999827,1,10
69,5s,5,45,9.812000000000012,5.210000000000036,0,10
69,5s,5,46,9.449999999999932,5.2420000000000755,0,10
69,5s,5,47,11.096000000000004,1.8419999999999845,1,10
69,5s,5,48,13.053999999999974,1.83400000000006,1,10
69,5s,5,49,2.5019999999999527,0.15999999999996817,0,10
69,5s,5,50,11.26400000000001,1.8740000000000236,1,10
69,5s,5,51,10.998000000000047,2.363999999999919,1,10
69,5s,5,52,11.328000000000088,2.0019999999999527,1,10
69,5s,5,53,13.005999999999972,3.1140000000000327,1,10
69,5s,5,54,11.210000000000036,2.911999999999921,1,10
69,5s,5,55,10.286000000000058,4.42999999999995,1,10
69,5s,5,56,13.944000000000074,3.8220000000000027,1,10
69,5s,5,57,10.579999999999927,5.076000000000022,1,10
69,5s,5,58,8.977999999999952,0.018000000000029104,0,10
69,5s,5,59,13.341999999999985,2.802000000000021,1,10
69,5s,5,60,11.20799999999997,3.8780000000000427,1,10
69,5s,5,61,10.681999999999903,3.1560000000000628,1,10
69,5s,5,62,11.539999999999964,4.6159999999999854,1,10
69,5s,5,63,12.31000000000006,4.423999999999978,1,10
69,5s,5,64,9.475999999999999,5.210000000000036,0,10
69,5s,5,65,10.601999999999975,2.631999999999948,1,10
69,5s,5,66,10.964000000000055,2.994000000000028,1,10
69,5s,5,67,10.753999999999905,2.7040000000000646,1,10
69,5s,5,68,11.919999999999959,3.7480000000000473,1,10
69,5s,5,69,11.279999999999973,2.3940000000000055,1,10
69,5s,5,70,11.875999999999976,2.546000000000049,1,10
69,5s,5,71,12.548000000000002,4.773999999999887,1,10
69,5s,5,72,11.080000000000155,2.173999999999978,1,10
69,5s,5,73,12.596000000000004,2.8920000000000528,1,10
69,5s,5,74,10.643999999999778,2.8920000000000528,1,10
69,5s,5,75,12.484000000000151,2.66599999999994,1,10
69,5s,5,76,12.127999999999929,7.403999999999996,1,10
69,5s,5,77,15.980000000000018,4.048000000000002,1,10
69,5s,5,78,9.251999999999953,5.240000000000009,0,10
69,5s,5,79,10.13000000000011,2.7280000000000655,1,10
69,5s,5,80,12.17599999999993,2.816000000000031,1,10
69,5s,5,81,11.413999999999987,2.5779999999999745,1,10
69,5s,5,82,11.836000000000013,4.175999999999931,1,10
69,5s,5,83,11.855999999999995,6.094000000000051,1,10
69,5s,5,84,19.190000000000055,3.477999999999838,1,10
69,5s,5,85,12.981999999999971,3.7840000000001055,1,10
69,5s,5,86,12.774000000000115,4.379999999999882,1,10
69,5s,5,87,14.268000000000029,3.9279999999998836,1,10
69,5s,5,88,12.038000000000011,3.69600000000014,1,10
69,5s,5,89,10.427999999999884,3.47400000000016,1,10
69,5s,5,90,10.577999999999975,3.655999999999949,1,10
69,5s,5,91,11.498000000000047,3.563999999999851,1,10
69,5s,5,92,11.183999999999969,3.018000000000029,1,10
69,5s,5,93,11.1400000000001,2.7460000000000946,1,10
69,5s,5,94,11.793999999999869,3.4139999999999873,1,10
69,5s,5,95,11.6400000000001,3.3439999999998236,1,10
69,5s,5,96,10.692000000000007,4.504000000000133,1,10
69,5s,5,97,17.087999999999965,5.481999999999971,1,10
69,5s,5,98,12.604000000000042,4.938000000000102,1,10
69,5s,5,99,11.769999999999982,4.669999999999845,1,10
69,5s,5,100,11.438000000000102,,1,10
69,5s,6,1,11.18,1.75,1,10
69,5s,6,2,11.475999999999999,2.490000000000002,1,10
69,5s,6,3,10.037999999999997,2.299999999999997,1,10
69,5s,6,4,9.918000000000006,5.302000000000007,0,10
69,5s,6,5,10.255999999999986,2.696000000000012,1,10
69,5s,6,6,10.402000000000001,1.8259999999999934,1,10
69,5s,6,7,9.605999999999995,5.208000000000013,0,10
69,5s,6,8,9.399999999999991,5.228000000000009,0,10
69,5s,6,9,9.585999999999984,5.194000000000017,0,10
69,5s,6,10,0.0619999999999834,0.034000000000020236,0,10
69,5s,6,11,7.957999999999998,5.203999999999979,0,10
69,5s,6,12,9.458000000000027,5.335999999999984,0,10
69,5s,6,13,10.99199999999999,1.6040000000000134,1,10
69,5s,6,14,11.581999999999994,1.7479999999999905,1,10
69,5s,6,15,14.118000000000023,2.298000000000002,1,10
69,5s,6,16,12.363999999999976,2.0740000000000123,1,10
69,5s,6,17,14.103999999999985,2.79200000000003,1,10
69,5s,6,18,12.031999999999982,2.4259999999999877,1,10
69,5s,6,19,11.509999999999991,2.4080000000000155,1,10
69,5s,6,20,10.641999999999996,2.5640000000000214,1,10
69,5s,6,21,1.2660000000000196,5.23599999999999,0,10
69,5s,6,22,0.6299999999999955,0.014000000000010004,0,10
69,5s,6,23,11.228000000000009,1.9919999999999618,1,10
69,5s,6,24,12.384000000000015,2.0860000000000127,1,10
69,5s,6,25,9.411999999999978,0.160000000000025,0,10
69,5s,6,26,0.4399999999999977,0.11000000000001364,0,10
69,5s,6,27,11.478000000000009,1.7300000000000182,1,10
69,5s,6,28,9.197999999999979,5.201999999999998,0,10
69,5s,6,29,11.600000000000023,1.9359999999999786,1,10
69,5s,6,30,10.47399999999999,1.8040000000000305,1,10
69,5s,6,31,12.509999999999991,3.288000000000011,1,10
69,5s,6,32,11.289999999999964,2.212000000000046,1,10
69,5s,6,33,9.805999999999983,5.2099999999999795,0,10
69,5s,6,34,11.338000000000022,2.141999999999996,1,10
69,5s,6,35,10.396000000000015,1.8519999999999754,1,10
69,5s,6,36,14.876000000000033,2.065999999999974,1,10
69,5s,6,37,10.830000000000041,2.2479999999999336,1,10
69,5s,6,38,8.892000000000053,0.018000000000029104,0,10
69,5s,6,39,10.192000000000007,2.1259999999999764,1,10
69,5s,6,40,10.690000000000055,2.716000000000008,1,10
69,5s,6,41,10.91599999999994,2.57000000000005,1,10
69,5s,6,42,11.293999999999983,1.8199999999999363,1,10
69,5s,6,43,12.900000000000091,1.9259999999999309,1,10
69,5s,6,44,9.522000000000048,0.025999999999953616,0,10
69,5s,6,45,11.09800000000007,2.0439999999999827,1,10
69,5s,6,46,15.057999999999993,2.0260000000000673,1,10
69,5s,6,47,11.927999999999997,2.2479999999999336,1,10
69,5s,6,48,11.690000000000055,2.437999999999988,1,10
69,5s,6,49,8.805999999999926,5.222000000000094,0,10
69,5s,6,50,11.891999999999939,2.302000000000021,1,10
69,5s,6,51,12.631999999999948,1.4480000000000928,1,10
69,5s,6,52,10.42999999999995,1.9919999999999618,1,10
69,5s,6,53,13.07400000000007,2.661999999999921,1,10
69,5s,6,54,10.240000000000009,1.7060000000000173,1,10
69,5s,6,55,12.846000000000004,3.519999999999982,1,10
69,5s,6,56,9.730000000000018,5.274000000000001,0,10
69,5s,6,57,11.798000000000002,2.2100000000000364,1,10
69,5s,6,58,13.120000000000005,2.5839999999999463,1,10
69,5s,6,59,11.870000000000005,2.588000000000079,1,10
69,5s,6,60,10.719999999999914,3.197999999999979,1,10
69,5s,6,61,10.826000000000022,5.4360000000000355,1,10
69,5s,6,62,11.611999999999966,3.3920000000000528,1,10
69,5s,6,63,13.44399999999996,17.765999999999963,1,10
69,5s,6,64,9.328000000000088,5.192000000000007,0,10
69,5s,6,65,9.14799999999991,5.196000000000026,0,10
69,5s,6,66,10.940000000000055,1.919999999999959,1,10
69,5s,6,67,14.501999999999953,2.288000000000011,1,10
69,5s,6,68,11.139999999999986,3.1700000000000728,1,10
69,5s,6,69,12.745999999999981,3.009999999999991,1,10
69,5s,6,70,2.216000000000008,5.248000000000047,0,10
69,5s,6,71,13.819999999999936,2.4260000000000446,1,10
69,5s,6,72,12.551999999999907,2.3559999999999945,1,10
69,5s,6,73,11.173999999999978,5.440000000000055,1,10
69,5s,6,74,10.898000000000138,2.1699999999998454,1,10
69,5s,6,75,15.092000000000098,4.104000000000042,1,10
69,5s,6,76,9.53599999999983,5.216000000000122,0,10
69,5s,6,77,11.731999999999971,2.463999999999942,1,10
69,5s,6,78,13.009999999999991,12.166000000000167,1,10
69,5s,6,79,5.201999999999998,0.029999999999972715,0,10
69,5s,6,80,11.67599999999993,2.3940000000000055,1,10
69,5s,6,81,10.238000000000056,2.9300000000000637,1,10
69,5s,6,82,11.947999999999865,3.480000000000018,1,10
69,5s,6,83,11.00200000000018,5.69199999999978,1,10
69,5s,6,84,12.52800000000002,2.7920000000001437,1,10
69,5s,6,85,12.589999999999918,3.02800000000002,1,10
69,5s,6,86,9.672000000000025,5.205999999999904,0,10
69,5s,6,87,11.82400000000007,1.9020000000000437,1,10
69,5s,6,88,11.844000000000051,4.311999999999898,1,10
69,5s,6,89,11.22199999999998,3.5260000000000673,1,10
69,5s,6,90,11.685999999999922,2.7080000000000837,1,10
69,5s,6,91,7.872000000000071,5.201999999999998,0,10
69,5s,6,92,11.4699999999998,6.080000000000155,1,10
69,5s,6,93,10.115999999999985,2.6219999999998436,1,10
69,5s,6,94,12.268000000000029,1.984000000000151,1,10
69,5s,6,95,13.769999999999982,2.4039999999999964,1,10
69,5s,6,96,10.317999999999984,4.324000000000069,1,10
69,5s,6,97,10.445999999999913,2.7940000000000964,1,10
69,5s,6,98,12.829999999999927,4.043999999999869,1,10
69,5s,6,99,10.144000000000005,5.542000000000144,1,10
69,5s,6,100,11.258000000000038,,1,10
71,10s,1,1,6.646000000000001,11.936,0,10
71,10s,1,2,1.7520000000000024,0.030000000000001137,0,10
71,10s,1,3,0.11400000000000432,0.16199999999999193,0,10
71,10s,1,4,0.08799999999999386,10.840000000000003,0,10
71,10s,1,5,12.012,0.013999999999995794,1,10
71,10s,1,6,0.4200000000000017,11.182000000000002,0,10
71,10s,1,7,15.75,6.911999999999992,1,10
71,10s,1,8,17.117999999999995,7.054000000000002,1,10
71,10s,1,9,0.51400000000001,0.04800000000000182,0,10
71,10s,1,10,16.78200000000001,6.611999999999995,1,10
71,10s,1,11,0.42799999999999727,11.105999999999995,0,10
71,10s,1,12,16.572000000000003,20.366000000000014,1,10
71,10s,1,13,0.3100000000000023,10.73999999999998,0,10
71,10s,1,14,16.412000000000035,6.597999999999956,1,10
71,10s,1,15,18.512,4.7900000000000205,1,10
71,10s,1,16,15.993999999999971,6.468000000000018,1,10
71,10s,1,17,15.211999999999989,2.788000000000011,1,10
71,10s,1,18,0.353999999999985,10.696000000000026,0,10
71,10s,1,19,17.48599999999999,4.795999999999992,1,10
71,10s,1,20,16.434000000000026,4.1440000000000055,1,10
71,10s,1,21,15.591999999999985,7.315999999999974,1,10
71,10s,1,22,0.16800000000000637,10.684000000000026,0,10
71,10s,1,23,13.096000000000004,5.017999999999972,1,10
71,10s,1,24,6.201999999999998,10.636000000000024,0,10
71,10s,1,25,13.461999999999989,2.9259999999999877,1,10
71,10s,1,26,12.096000000000004,4.819999999999993,1,10
71,10s,1,27,13.350000000000023,2.819999999999993,1,10
71,10s,1,28,1.3040000000000305,10.742000000000019,0,10
71,10s,1,29,16.370000000000005,4.2719999999999345,1,10
71,10s,1,30,14.75,5.782000000000039,1,10
71,10s,1,31,15.381999999999948,3.5860000000000127,1,10
71,10s,1,32,15.762000000000057,3.575999999999908,1,10
71,10s,1,33,5.282000000000039,0.038000000000010914,0,10
71,10s,1,34,14.059999999999945,5.874000000000024,1,10
71,10s,1,35,0.18799999999998818,10.54600000000005,0,10
71,10s,1,36,17.470000000000027,4.7299999999999045,1,10
71,10s,1,37,14.664000000000101,4.037999999999897,1,10
71,10s,1,38,1.1140000000000327,10.677999999999997,0,10
71,10s,1,39,15.776000000000067,7.131999999999948,1,10
71,10s,1,40,15.610000000000014,4.169999999999959,1,10
71,10s,1,41,0.08199999999999363,0.03200000000003911,0,10
71,10s,1,42,12.517999999999915,4.844000000000051,1,10
71,10s,1,43,15.831999999999994,5.614000000000033,1,10
71,10s,1,44,13.459999999999923,4.711999999999989,1,10
71,10s,1,45,11.732000000000085,5.562000000000012,1,10
71,10s,1,46,12.289999999999964,3.8899999999999864,1,10
71,10s,1,47,12.919999999999959,3.604000000000042,1,10
71,10s,1,48,12.51400000000001,5.343999999999937,1,10
71,10s,1,49,10.878000000000043,5.245999999999981,1,10
71,10s,1,50,12.159999999999968,5.772000000000048,1,10
71,10s,1,51,11.159999999999968,4.590000000000032,1,10
71,10s,1,52,13.858000000000061,6.13799999999992,1,10
71,10s,1,53,12.892000000000053,5.409999999999968,1,10
71,10s,1,54,5.474000000000046,0.027999999999906322,0,10
71,10s,1,55,10.632000000000062,4.725999999999999,1,10
71,10s,1,56,12.727999999999952,5.451999999999998,1,10
71,10s,1,57,13.322000000000003,4.935999999999922,1,10
71,10s,1,58,12.550000000000182,4.405999999999949,1,10
71,10s,1,59,13.627999999999929,5.052000000000135,1,10
71,10s,1,60,12.817999999999984,5.647999999999911,1,10
71,10s,1,61,0.7740000000001146,0.08599999999978536,0,10
71,10s,1,62,11.329999999999927,5.412000000000035,1,10
71,10s,1,63,9.337999999999965,10.956000000000131,0,10
71,10s,1,64,7.6319999999998345,10.5,0,10
71,10s,1,65,11.009999999999991,3.966000000000122,1,10
71,10s,1,66,11.66599999999994,4.923999999999978,1,10
71,10s,1,67,8.63000000000011,10.569999999999936,0,10
71,10s,1,68,3.173999999999978,0.038000000000010914,0,10
71,10s,1,69,15.18600000000015,4.485999999999876,1,10
71,10s,1,70,9.022000000000162,10.589999999999918,0,10
71,10s,1,71,12.311999999999898,4.9780000000000655,1,10
71,10s,1,72,10.988000000000056,11.923999999999978,1,10
71,10s,1,73,7.923999999999978,10.685999999999922,0,10
71,10s,1,74,10.79600000000005,4.898000000000138,1,10
71,10s,1,75,8.093999999999824,10.744000000000142,0,10
71,10s,1,76,0.4279999999998836,11.018000000000029,0,10
71,10s,1,77,13.062000000000126,4.423999999999978,1,10
71,10s,1,78,13.011999999999944,5.405999999999949,1,10
71,10s,1,79,10.740000000000009,5.066000000000031,1,10
71,10s,1,80,10.758000000000038,4.475999999999885,1,10
71,10s,1,81,10.403999999999996,4.966000000000122,1,10
71,10s,1,82,10.365999999999985,5.903999999999996,1,10
71,10s,1,83,11.786000000000058,4.857999999999947,1,10
71,10s,1,84,9.902000000000044,10.607999999999947,0,10
71,10s,1,85,9.45399999999995,10.648000000000138,0,10
71,10s,1,86,14.033999999999878,4.309999999999945,1,10
71,10s,1,87,10.673999999999978,15.600000000000136,1,10
71,10s,1,88,7.149999999999864,10.552000000000135,0,10
71,10s,1,89,11.382000000000062,6.1059999999999945,1,10
71,10s,1,90,12.427999999999884,5.347999999999956,1,10
71,10s,1,91,12.807999999999993,9.201999999999998,1,10
71,10s,1,92,11.748000000000047,11.678000000000111,1,10
71,10s,1,93,0.18599999999992178,10.564000000000078,0,10
71,10s,1,94,14.3599999999999,6.703999999999951,1,10
71,10s,1,95,13.382000000000062,7.314000000000078,1,10
71,10s,1,96,0.05399999999985994,10.764000000000124,0,10
71,10s,1,97,16.03599999999983,6.276000000000067,1,10
71,10s,1,98,13.365999999999985,5.872000000000071,1,10
71,10s,1,99,14.935999999999922,7.566000000000031,1,10
71,10s,1,100,13.895999999999958,,1,10
71,10s,2,1,4.211999999999996,12.198,0,10
71,10s,2,2,6.9780000000000015,11.572000000000003,0,10
71,10s,2,3,0.04999999999999716,0.04200000000000159,0,10
71,10s,2,4,15.242000000000004,3.8840000000000003,1,10
71,10s,2,5,17.10799999999999,5.986000000000004,1,10
71,10s,2,6,10.701999999999998,4.225999999999999,1,10
71,10s,2,7,19.730000000000018,2.5079999999999814,1,10
71,10s,2,8,15.732,2.3160000000000025,1,10
71,10s,2,9,16.566000000000003,18.104000000000013,1,10
71,10s,2,10,0.14399999999997704,0.14000000000001478,0,10
71,10s,2,11,15.769999999999982,5.632000000000005,1,10
71,10s,2,12,15.257999999999981,3.6140000000000327,1,10
71,10s,2,13,13.596000000000004,5.598000000000013,1,10
71,10s,2,14,6.215999999999951,0.04400000000003956,0,10
71,10s,2,15,13.798000000000002,5.277999999999963,1,10
71,10s,2,16,15.636000000000024,2.826000000000022,1,10
71,10s,2,17,9.274000000000001,0.036000000000001364,0,10
71,10s,2,18,13.372000000000014,2.298000000000002,1,10
71,10s,2,19,17.149999999999977,2.052000000000021,1,10
71,10s,2,20,16.825999999999965,6.840000000000032,1,10
71,10s,2,21,8.419999999999959,0.03200000000003911,0,10
71,10s,2,22,16.970000000000027,6.084000000000003,1,10
71,10s,2,23,20.751999999999953,7.180000000000007,1,10
71,10s,2,24,20.163999999999987,7.480000000000018,1,10
71,10s,2,25,23.748000000000047,6.932000000000016,1,10
71,10s,2,26,16.98599999999999,16.71799999999996,1,10
71,10s,2,27,20.611999999999966,5.826000000000022,1,10
71,10s,2,28,22.45399999999995,4.09800000000007,1,10
71,10s,2,29,8.298000000000002,0.04200000000003001,0,10
71,10s,2,30,13.346000000000004,4.927999999999997,1,10
71,10s,2,31,18.222000000000094,5.0919999999999845,1,10
71,10s,2,32,16.572000000000003,5.837999999999965,1,10
71,10s,2,33,14.427999999999997,6.491999999999962,1,10
71,10s,2,34,15.618000000000052,4.453999999999951,1,10
71,10s,2,35,11.110000000000014,29.200000000000045,1,10
71,10s,2,36,0.2400000000000091,10.634000000000015,0,10
71,10s,2,37,11.587999999999965,5.298000000000002,1,10
71,10s,2,38,16.139999999999986,6.25,1,10
71,10s,2,39,0.10000000000002274,10.754000000000019,0,10
71,10s,2,40,6.529999999999973,0.029999999999972715,0,10
71,10s,2,41,14.783999999999992,4.860000000000014,1,10
71,10s,2,42,14.524000000000001,5.2859999999999445,1,10
71,10s,2,43,6.519999999999982,0.04200000000003001,0,10
71,10s,2,44,18.26800000000003,5.216000000000008,1,10
71,10s,2,45,18.111999999999966,5.4360000000000355,1,10
71,10s,2,46,18.91999999999996,12.734000000000037,1,10
71,10s,2,47,3.169999999999959,0.08600000000001273,0,10
71,10s,2,48,17.552000000000135,5.343999999999824,1,10
71,10s,2,49,14.077999999999975,6.416000000000167,1,10
71,10s,2,50,17.329999999999927,7.910000000000082,1,10
71,10s,2,51,13.641999999999825,4.100000000000136,1,10
71,10s,2,52,10.44399999999996,7.701999999999998,1,10
71,10s,2,53,9.269999999999982,10.764000000000124,0,10
71,10s,2,54,17.375999999999976,8.288000000000011,1,10
71,10s,2,55,0.2239999999999327,10.92599999999993,0,10
71,10s,2,56,16.991999999999962,7.0620000000001255,1,10
71,10s,2,57,12.551999999999907,6.011999999999944,1,10
71,10s,2,58,16.40000000000009,5.349999999999909,1,10
71,10s,2,59,13.762000000000171,4.220000000000027,1,10
71,10s,2,60,13.167999999999893,4.170000000000073,1,10
71,10s,2,61,13.134000000000015,4.069999999999936,1,10
71,10s,2,62,15.900000000000091,7.533999999999878,1,10
71,10s,2,63,10.134000000000015,4.574000000000069,1,10
71,10s,2,64,0.2999999999999545,10.55600000000004,0,10
71,10s,2,65,10.642000000000053,3.647999999999911,1,10
71,10s,2,66,13.0,6.491999999999962,1,10
71,10s,2,67,12.620000000000118,5.911999999999807,1,10
71,10s,2,68,15.440000000000055,5.286000000000058,1,10
71,10s,2,69,13.635999999999967,4.9780000000000655,1,10
71,10s,2,70,16.086000000000013,5.097999999999956,1,10
71,10s,2,71,16.041999999999916,35.450000000000045,1,10
71,10s,2,72,12.185999999999922,3.9680000000000746,1,10
71,10s,2,73,10.153999999999996,5.5340000000001055,1,10
71,10s,2,74,12.935999999999922,5.882000000000062,1,10
71,10s,2,75,11.77800000000002,5.19399999999996,1,10
71,10s,2,76,10.667999999999893,5.8400000000001455,1,10
71,10s,2,77,15.127999999999929,4.77800000000002,1,10
71,10s,2,78,13.394000000000005,4.817999999999984,1,10
71,10s,2,79,16.615999999999985,5.470000000000027,1,10
71,10s,2,80,0.09999999999990905,10.529999999999973,0,10
71,10s,2,81,0.30600000000004,0.03600000000005821,0,10
71,10s,2,82,9.663999999999987,10.132000000000062,0,10
71,10s,2,83,0.04800000000000182,10.506000000000085,0,10
71,10s,2,84,6.273999999999887,10.867999999999938,0,10
71,10s,2,85,9.582000000000107,10.67599999999993,0,10
71,10s,2,86,4.438000000000102,0.03399999999987813,0,10
71,10s,2,87,12.669999999999845,5.794000000000096,1,10
71,10s,2,88,15.072000000000116,4.535999999999831,1,10
71,10s,2,89,15.216000000000122,5.861999999999853,1,10
71,10s,2,90,16.256000000000085,5.874000000000024,1,10
71,10s,2,91,10.485999999999876,3.298000000000002,1,10
71,10s,2,92,0.22000000000002728,53.587999999999965,0,10
71,10s,2,93,1.1380000000001473,0.023999999999887223,0,10
71,10s,2,94,12.801999999999907,5.185999999999922,1,10
71,10s,2,95,12.518000000000029,5.408000000000129,1,10
71,10s,2,96,18.867999999999938,7.288000000000011,1,10
71,10s,2,97,18.115999999999985,5.374000000000024,1,10
71,10s,2,98,15.505999999999858,7.742000000000189,1,10
71,10s,2,99,2.5499999999999545,30.710000000000036,0,10
71,10s,2,100,11.147999999999683,,1,10
71,10s,3,1,6.564,0.02599999999999625,0,10
71,10s,3,2,0.08799999999999386,15.930000000000007,0,10
71,10s,3,3,15.539999999999992,4.492000000000004,1,10
71,10s,3,4,16.150000000000006,5.495999999999995,1,10
71,10s,3,5,21.65400000000001,6.151999999999987,1,10
71,10s,3,6,16.397999999999996,7.3019999999999925,1,10
71,10s,3,7,22.146000000000015,6.74199999999999,1,10
71,10s,3,8,18.882000000000005,20.632000000000005,1,10
71,10s,3,9,15.02000000000001,4.018000000000001,1,10
71,10s,3,10,0.4019999999999868,11.086000000000013,0,10
71,10s,3,11,20.451999999999998,6.349999999999966,1,10
71,10s,3,12,11.772000000000048,0.036000000000001364,1,10
71,10s,3,13,0.5039999999999623,11.04000000000002,0,10
71,10s,3,14,16.105999999999995,7.3419999999999845,1,10
71,10s,3,15,16.786,4.538000000000011,1,10
71,10s,3,16,20.02199999999999,5.466000000000008,1,10
71,10s,3,17,15.97399999999999,4.482000000000028,1,10
71,10s,3,18,12.507999999999981,3.3140000000000214,1,10
71,10s,3,19,13.527999999999963,6.2479999999999905,1,10
71,10s,3,20,0.07400000000001228,10.956000000000017,0,10
71,10s,3,21,15.742000000000019,2.9499999999999886,1,10
71,10s,3,22,12.753999999999962,5.594000000000051,1,10
71,10s,3,23,13.20799999999997,6.057999999999993,1,10
71,10s,3,24,9.729999999999961,10.800000000000068,0,10
71,10s,3,25,14.391999999999939,3.9740000000000464,1,10
71,10s,3,26,14.950000000000045,4.346000000000004,1,10
71,10s,3,27,11.23599999999999,6.385999999999967,1,10
71,10s,3,28,16.51400000000001,7.009999999999991,1,10
71,10s,3,29,18.55600000000004,5.3279999999999745,1,10
71,10s,3,30,18.62799999999993,5.296000000000049,1,10
71,10s,3,31,17.494000000000028,6.5919999999999845,1,10
71,10s,3,32,0.2239999999999327,10.650000000000091,0,10
71,10s,3,33,18.237999999999943,4.2280000000000655,1,10
71,10s,3,34,12.70799999999997,8.279999999999973,1,10
71,10s,3,35,13.683999999999969,4.948000000000093,1,10
71,10s,3,36,10.983999999999924,4.9640000000000555,1,10
71,10s,3,37,10.855999999999995,4.057999999999993,1,10
71,10s,3,38,0.9519999999999982,10.823999999999955,0,10
71,10s,3,39,14.200000000000045,4.23599999999999,1,10
71,10s,3,40,14.029999999999973,4.6860000000000355,1,10
71,10s,3,41,11.47199999999998,5.82000000000005,1,10
71,10s,3,42,11.725999999999999,7.038000000000011,1,10
71,10s,3,43,12.747999999999934,5.5639999999999645,1,10
71,10s,3,44,11.772000000000048,4.316000000000031,1,10
71,10s,3,45,11.073999999999955,13.635999999999967,1,10
71,10s,3,46,8.198000000000093,10.729999999999905,0,10
71,10s,3,47,17.696000000000026,4.340000000000032,1,10
71,10s,3,48,12.293999999999983,3.994000000000028,1,10
71,10s,3,49,14.033999999999992,4.75,1,10
71,10s,3,50,11.480000000000018,4.135999999999967,1,10
71,10s,3,51,10.455999999999904,6.188000000000102,1,10
71,10s,3,52,11.286000000000058,4.791999999999916,1,10
71,10s,3,53,10.743999999999915,4.682000000000016,1,10
71,10s,3,54,12.610000000000127,3.321999999999889,1,10
71,10s,3,55,10.582000000000107,6.9379999999998745,1,10
71,10s,3,56,9.865999999999985,10.636000000000195,0,10
71,10s,3,57,15.093999999999824,5.259999999999991,1,10
71,10s,3,58,11.128000000000156,4.55399999999986,1,10
71,10s,3,59,11.582000000000107,4.935999999999922,1,10
71,10s,3,60,10.461999999999989,47.69800000000009,1,10
71,10s,3,61,0.9680000000000746,0.06399999999985084,0,10
71,10s,3,62,0.08999999999991815,10.698000000000093,0,10
71,10s,3,63,15.284000000000106,5.953999999999951,1,10
71,10s,3,64,10.263999999999896,3.548000000000002,1,10
71,10s,3,65,0.052000000000134605,10.663999999999987,0,10
71,10s,3,66,15.644000000000005,5.083999999999833,1,10
71,10s,3,67,11.442000000000007,20.996000000000095,1,10
71,10s,3,68,0.25,11.071999999999889,0,10
71,10s,3,69,0.18600000000014916,0.03999999999996362,0,10
71,10s,3,70,0.6859999999999218,10.608000000000175,0,10
71,10s,3,71,14.422000000000025,4.015999999999849,1,10
71,10s,3,72,14.617999999999938,3.7120000000002165,1,10
71,10s,3,73,12.05399999999986,20.766000000000076,1,10
71,10s,3,74,12.463999999999942,6.892000000000053,1,10
71,10s,3,75,11.723999999999933,8.711999999999989,1,10
71,10s,3,76,10.448000000000093,4.52599999999984,1,10
71,10s,3,77,8.740000000000009,10.634000000000015,0,10
71,10s,3,78,9.524000000000115,10.91599999999994,0,10
71,10s,3,79,11.422000000000025,8.596000000000004,1,10
71,10s,3,80,9.115999999999985,10.55600000000004,0,10
71,10s,3,81,12.364000000000033,6.977999999999838,1,10
71,10s,3,82,7.996000000000095,15.253999999999905,0,10
71,10s,3,83,0.18000000000006366,10.596000000000004,0,10
71,10s,3,84,12.617999999999938,4.594000000000051,1,10
71,10s,3,85,9.180000000000064,14.17599999999993,0,10
71,10s,3,86,10.248000000000047,4.241999999999962,1,10
71,10s,3,87,11.038000000000011,17.81600000000003,1,10
71,10s,3,88,8.733999999999924,15.326000000000022,0,10
71,10s,3,89,10.1400000000001,6.963999999999942,1,10
71,10s,3,90,0.11000000000012733,13.857999999999947,0,10
71,10s,3,91,0.049999999999954525,10.54600000000005,0,10
71,10s,3,92,11.008000000000038,4.389999999999873,1,10
71,10s,3,93,10.644000000000005,3.8420000000000982,1,10
71,10s,3,94,13.467999999999847,14.990000000000009,1,10
71,10s,3,95,11.605999999999995,6.3900000000001,1,10
71,10s,3,96,9.288000000000011,10.58199999999988,0,10
71,10s,3,97,11.855999999999995,5.988000000000056,1,10
71,10s,3,98,13.653999999999996,6.604000000000042,1,10
71,10s,3,99,11.945999999999913,6.594000000000051,1,10
71,10s,3,100,10.006000000000085,,1,10
71,10s,4,1,3.6880000000000024,11.097999999999999,0,10
71,10s,4,2,0.6239999999999952,11.228000000000002,0,10
71,10s,4,3,0.6239999999999952,0.04800000000000182,0,10
71,10s,4,4,9.821999999999989,11.054000000000002,0,10
71,10s,4,5,15.734000000000009,6.073999999999998,1,10
71,10s,4,6,14.809999999999988,5.060000000000002,1,10
71,10s,4,7,14.044000000000011,3.2139999999999986,1,10
71,10s,4,8,0.1519999999999868,10.742000000000019,0,10
71,10s,4,9,15.72399999999999,4.478000000000009,1,10
71,10s,4,10,0.3640000000000043,11.030000000000001,0,10
71,10s,4,11,15.557999999999993,15.043999999999983,1,10
71,10s,4,12,6.810000000000002,0.02800000000002001,0,10
71,10s,4,13,13.625999999999976,6.242000000000019,1,10
71,10s,4,14,15.75200000000001,4.682000000000016,1,10
71,10s,4,15,14.751999999999953,5.1200000000000045,1,10
71,10s,4,16,13.978000000000009,5.656000000000006,1,10
71,10s,4,17,16.090000000000032,5.274000000000001,1,10
71,10s,4,18,13.20799999999997,5.036000000000001,1,10
71,10s,4,19,13.713999999999999,3.9460000000000264,1,10
71,10s,4,20,18.262,11.536000000000001,1,10
71,10s,4,21,0.11199999999996635,10.738,0,10
71,10s,4,22,0.033999999999991815,11.060000000000002,0,10
71,10s,4,23,17.28200000000004,4.567999999999984,1,10
71,10s,4,24,13.728000000000009,3.5039999999999623,1,10
71,10s,4,25,12.922000000000025,6.740000000000009,1,10
71,10s,4,26,11.481999999999971,3.4260000000000446,1,10
71,10s,4,27,0.6059999999999945,10.932000000000016,0,10
71,10s,4,28,14.67599999999993,4.6440000000000055,1,10
71,10s,4,29,14.851999999999975,4.318000000000097,1,10
71,10s,4,30,13.969999999999914,3.6420000000000528,1,10
71,10s,4,31,18.402000000000044,8.289999999999964,1,10
71,10s,4,32,18.607999999999947,4.888000000000034,1,10
71,10s,4,33,16.813999999999965,6.25,1,10
71,10s,4,34,14.048000000000002,4.748000000000047,1,10
71,10s,4,35,14.210000000000036,3.953999999999951,1,10
71,10s,4,36,14.634000000000015,6.864000000000033,1,10
71,10s,4,37,0.049999999999954525,0.05600000000004002,0,10
71,10s,4,38,17.255999999999972,5.70799999999997,1,10
71,10s,4,39,12.382000000000062,4.175999999999931,1,10
71,10s,4,40,13.82000000000005,4.600000000000023,1,10
71,10s,4,41,13.627999999999929,13.894000000000005,1,10
71,10s,4,42,9.344000000000051,10.95399999999995,0,10
71,10s,4,43,12.012000000000057,8.124000000000024,1,10
71,10s,4,44,11.822000000000003,4.389999999999986,1,10
71,10s,4,45,10.774000000000001,3.937999999999988,1,10
71,10s,4,46,2.5919999999999845,10.812000000000012,0,10
71,10s,4,47,11.967999999999961,5.022000000000048,1,10
71,10s,4,48,0.049999999999954525,10.56000000000006,0,10
71,10s,4,49,10.01400000000001,7.515999999999963,1,10
71,10s,4,50,10.42999999999995,6.286000000000058,1,10
71,10s,4,51,11.261999999999944,3.504000000000019,1,10
71,10s,4,52,13.903999999999996,5.156000000000063,1,10
71,10s,4,53,13.575999999999908,4.7700000000000955,1,10
71,10s,4,54,14.459999999999923,8.748000000000047,1,10
71,10s,4,55,9.051999999999907,10.672000000000025,0,10
71,10s,4,56,11.07400000000007,3.5039999999999054,1,10
71,10s,4,57,13.951999999999998,5.004000000000133,1,10
71,10s,4,58,12.731999999999971,5.498000000000047,1,10
71,10s,4,59,11.211999999999989,7.513999999999896,1,10
71,10s,4,60,11.638000000000147,4.179999999999836,1,10
71,10s,4,61,17.220000000000027,5.410000000000082,1,10
71,10s,4,62,16.273999999999887,4.347999999999956,1,10
71,10s,4,63,13.120000000000118,4.945999999999913,1,10
71,10s,4,64,15.61200000000008,4.683999999999969,1,10
71,10s,4,65,0.19000000000005457,0.021999999999934516,0,10
71,10s,4,66,15.929999999999836,5.52800000000002,1,10
71,10s,4,67,13.350000000000136,3.7339999999999236,1,10
71,10s,4,68,12.683999999999969,4.582000000000107,1,10
71,10s,4,69,13.073999999999842,4.498000000000047,1,10
71,10s,4,70,14.299999999999955,5.810000000000173,1,10
71,10s,4,71,11.44399999999996,6.662000000000035,1,10
71,10s,4,72,12.689999999999827,3.9860000000001037,1,10
71,10s,4,73,10.599999999999909,5.173999999999978,1,10
71,10s,4,74,12.122000000000071,38.539999999999964,1,10
71,10s,4,75,9.663999999999987,10.572000000000116,0,10
71,10s,4,76,9.485999999999876,10.690000000000055,0,10
71,10s,4,77,11.701999999999998,4.5219999999999345,1,10
71,10s,4,78,14.006000000000085,3.66599999999994,1,10
71,10s,4,79,0.14800000000013824,10.576000000000022,0,10
71,10s,4,80,17.131999999999834,4.826000000000022,1,10
71,10s,4,81,0.052000000000134605,10.679999999999836,0,10
71,10s,4,82,14.072000000000116,4.2000000000000455,1,10
71,10s,4,83,11.611999999999853,5.548000000000002,1,10
71,10s,4,84,11.294000000000096,5.3940000000000055,1,10
71,10s,4,85,12.89799999999991,4.55600000000004,1,10
71,10s,4,86,12.089999999999918,5.246000000000095,1,10
71,10s,4,87,11.41599999999994,3.9020000000000437,1,10
71,10s,4,88,12.220000000000027,4.170000000000073,1,10
71,10s,4,89,12.283999999999878,4.5340000000001055,1,10
71,10s,4,90,12.455999999999904,4.864000000000033,1,10
71,10s,4,91,12.337999999999965,4.44399999999996,1,10
71,10s,4,92,12.314000000000078,3.9200000000000728,1,10
71,10s,4,93,11.107999999999947,3.08400000000006,1,10
71,10s,4,94,10.240000000000009,24.28800000000001,1,10
71,10s,4,95,7.2999999999999545,10.539999999999964,0,10
71,10s,4,96,10.63799999999992,3.464000000000169,1,10
71,10s,4,97,10.399999999999864,3.423999999999978,1,10
71,10s,4,98,11.372000000000071,3.3179999999999836,1,10
71,10s,4,99,13.432000000000016,5.192000000000007,1,10
71,10s,4,100,13.029999999999973,,1,10
71,10s,5,1,7.086000000000006,11.089999999999996,0,10
71,10s,5,2,14.279999999999994,7.104000000000013,1,10
71,10s,5,3,17.39999999999999,5.984000000000009,1,10
71,10s,5,4,13.809999999999988,3.969999999999999,1,10
71,10s,5,5,15.289999999999992,3.7660000000000196,1,10
71,10s,5,6,14.207999999999998,3.829999999999984,1,10
71,10s,5,7,0.3060000000000116,0.04200000000000159,0,10
71,10s,5,8,15.861999999999995,6.324000000000012,1,10
71,10s,5,9,16.905999999999977,3.466000000000008,1,10
71,10s,5,10,6.77800000000002,0.027999999999991587,0,10
71,10s,5,11,16.44199999999998,5.707999999999998,1,10
71,10s,5,12,16.03800000000001,5.5779999999999745,1,10
71,10s,5,13,19.31600000000003,5.351999999999975,1,10
71,10s,5,14,17.26600000000002,15.283999999999992,1,10
71,10s,5,15,15.050000000000011,6.279999999999973,1,10
71,10s,5,16,19.150000000000034,5.0120000000000005,1,10
71,10s,5,17,15.291999999999973,5.604000000000042,1,10
71,10s,5,18,0.6059999999999945,11.105999999999995,0,10
71,10s,5,19,16.337999999999965,5.088000000000022,1,10
71,10s,5,20,13.584000000000003,5.873999999999967,1,10
71,10s,5,21,9.475999999999999,0.03400000000004866,0,10
71,10s,5,22,17.598000000000013,4.635999999999967,1,10
71,10s,5,23,16.822000000000003,4.434000000000026,1,10
71,10s,5,24,15.216000000000008,4.283999999999992,1,10
71,10s,5,25,19.14199999999994,5.7700000000000955,1,10
71,10s,5,26,17.171999999999912,4.674000000000092,1,10
71,10s,5,27,15.419999999999959,3.8360000000000127,1,10
71,10s,5,28,12.93999999999994,5.218000000000075,1,10
71,10s,5,29,14.793999999999983,6.614000000000033,1,10
71,10s,5,30,14.935999999999922,5.124000000000024,1,10
71,10s,5,31,15.601999999999975,5.418000000000006,1,10
71,10s,5,32,14.115999999999985,6.6340000000000146,1,10
71,10s,5,33,22.303999999999974,5.6400000000001,1,10
71,10s,5,34,14.681999999999903,5.033999999999992,1,10
71,10s,5,35,16.644000000000005,5.403999999999996,1,10
71,10s,5,36,17.214000000000055,5.388000000000034,1,10
71,10s,5,37,15.281999999999925,4.458000000000084,1,10
71,10s,5,38,13.353999999999928,6.07000000000005,1,10
71,10s,5,39,14.093999999999937,5.754000000000019,1,10
71,10s,5,40,12.201999999999998,5.76400000000001,1,10
71,10s,5,41,12.752000000000066,4.5639999999999645,1,10
71,10s,5,42,13.442000000000007,8.237999999999943,1,10
71,10s,5,43,11.304000000000087,4.815999999999917,1,10
71,10s,5,44,11.053999999999974,5.318000000000097,1,10
71,10s,5,45,10.857999999999947,3.466000000000008,1,10
71,10s,5,46,13.519999999999982,4.73599999999999,1,10
71,10s,5,47,10.800000000000068,4.3139999999999645,1,10
71,10s,5,48,12.261999999999944,3.590000000000032,1,10
71,10s,5,49,9.783999999999992,10.468000000000075,0,10
71,10s,5,50,11.668000000000006,3.1539999999999964,1,10
71,10s,5,51,14.759999999999991,5.652000000000044,1,10
71,10s,5,52,13.240000000000009,4.182000000000016,1,10
71,10s,5,53,13.19199999999978,5.942000000000007,1,10
71,10s,5,54,10.898000000000138,8.11200000000008,1,10
71,10s,5,55,10.071999999999889,3.5219999999999345,1,10
71,10s,5,56,10.653999999999996,4.22199999999998,1,10
71,10s,5,57,9.844000000000051,10.58400000000006,0,10
71,10s,5,58,10.903999999999996,4.814000000000078,1,10
71,10s,5,59,0.07199999999988904,11.096000000000004,0,10
71,10s,5,60,11.599999999999909,4.936000000000149,1,10
71,10s,5,61,10.02800000000002,4.629999999999882,1,10
71,10s,5,62,10.942000000000007,5.178000000000111,1,10
71,10s,5,63,13.481999999999971,3.7799999999999727,1,10
71,10s,5,64,12.634000000000015,3.2439999999999145,1,10
71,10s,5,65,9.536000000000058,10.592000000000098,0,10
71,10s,5,66,8.377999999999929,10.655999999999949,0,10
71,10s,5,67,0.11400000000003274,10.117999999999938,0,10
71,10s,5,68,0.05999999999994543,11.060000000000173,0,10
71,10s,5,69,0.10199999999986176,14.358000000000175,0,10
71,10s,5,70,6.319999999999936,11.33400000000006,0,10
71,10s,5,71,17.10199999999986,4.711999999999989,1,10
71,10s,5,72,4.248000000000047,0.01999999999998181,0,10
71,10s,5,73,8.279999999999973,10.645999999999958,0,10
71,10s,5,74,12.206000000000131,4.933999999999969,1,10
71,10s,5,75,12.496000000000095,7.55399999999986,1,10
71,10s,5,76,8.66800000000012,10.917999999999893,0,10
71,10s,5,77,10.94399999999996,4.254000000000133,1,10
71,10s,5,78,13.389999999999873,4.4500000000000455,1,10
71,10s,5,79,11.829999999999927,5.794000000000096,1,10
71,10s,5,80,11.486000000000104,10.389999999999873,1,10
71,10s,5,81,7.7719999999999345,10.744000000000142,0,10
71,10s,5,82,9.961999999999989,17.98199999999997,0,10
71,10s,5,83,1.099999999999909,10.837999999999965,0,10
71,10s,5,84,10.954000000000178,5.096000000000004,1,10
71,10s,5,85,12.88799999999992,5.551999999999907,1,10
71,10s,5,86,11.620000000000118,19.177999999999884,1,10
71,10s,5,87,11.615999999999985,4.392000000000053,1,10
71,10s,5,88,11.77800000000002,4.1400000000001,1,10
71,10s,5,89,12.63799999999992,5.635999999999967,1,10
71,10s,5,90,9.58400000000006,23.58400000000006,0,10
71,10s,5,91,11.11999999999989,3.768000000000029,1,10
71,10s,5,92,9.20399999999995,12.692000000000007,0,10
71,10s,5,93,14.40800000000013,4.836000000000013,1,10
71,10s,5,94,10.423999999999978,3.4379999999998745,1,10
71,10s,5,95,10.746000000000095,8.005999999999858,1,10
71,10s,5,96,11.644000000000005,6.648000000000138,1,10
71,10s,5,97,9.988000000000056,10.911999999999807,0,10
71,10s,5,98,9.850000000000136,10.539999999999964,0,10
71,10s,5,99,11.571999999999889,6.092000000000098,1,10
71,10s,5,100,10.594000000000051,,1,10
71,10s,6,1,12.427999999999997,3.9040000000000035,1,10
71,10s,6,2,11.700000000000003,4.783999999999999,1,10
71,10s,6,3,11.688000000000002,6.295999999999992,1,10
71,10s,6,4,15.902000000000001,3.6779999999999973,1,10
71,10s,6,5,13.694000000000003,3.048000000000002,1,10
71,10s,6,6,0.10599999999999454,10.417999999999992,0,10
71,10s,6,7,0.09600000000000364,10.562000000000012,0,10
71,10s,6,8,15.443999999999988,4.9620000000000175,1,10
71,10s,6,9,14.090000000000003,3.2239999999999895,1,10
71,10s,6,10,15.701999999999998,4.885999999999996,1,10
71,10s,6,11,13.831999999999994,4.296000000000021,1,10
71,10s,6,12,14.927999999999997,3.97799999999998,1,10
71,10s,6,13,16.98600000000002,5.3160000000000025,1,10
71,10s,6,14,15.108000000000004,4.653999999999996,1,10
71,10s,6,15,11.745999999999981,5.8799999999999955,1,10
71,10s,6,16,16.310000000000002,4.156000000000006,1,10
71,10s,6,17,11.396000000000015,6.20799999999997,1,10
71,10s,6,18,13.614000000000033,25.605999999999995,1,10
71,10s,6,19,9.651999999999987,10.75,0,10
71,10s,6,20,14.346000000000004,4.442000000000007,1,10
71,10s,6,21,14.081999999999994,3.112000000000023,1,10
71,10s,6,22,13.597999999999956,3.062000000000012,1,10
71,10s,6,23,0.1419999999999959,0.1220000000000141,0,10
71,10s,6,24,15.472000000000037,5.769999999999982,1,10
71,10s,6,25,16.906000000000006,6.45799999999997,1,10
71,10s,6,26,16.614000000000033,3.508000000000038,1,10
71,10s,6,27,16.21199999999999,5.389999999999986,1,10
71,10s,6,28,13.933999999999969,4.168000000000006,1,10
71,10s,6,29,11.617999999999938,6.222000000000094,1,10
71,10s,6,30,0.18599999999992178,10.812000000000012,0,10
71,10s,6,31,13.091999999999985,7.924000000000092,1,10
71,10s,6,32,14.1099999999999,2.7760000000000673,1,10
71,10s,6,33,0.18799999999998818,10.524000000000001,0,10
71,10s,6,34,17.192000000000007,4.559999999999945,1,10
71,10s,6,35,17.32400000000007,6.20799999999997,1,10
71,10s,6,36,15.519999999999982,5.6299999999999955,1,10
71,10s,6,37,18.192000000000007,4.666000000000054,1,10
71,10s,6,38,14.177999999999997,8.269999999999982,1,10
71,10s,6,39,17.701999999999998,3.98599999999999,1,10
71,10s,6,40,12.961999999999989,6.557999999999993,1,10
71,10s,6,41,14.134000000000015,5.216000000000008,1,10
71,10s,6,42,12.638000000000034,7.059999999999945,1,10
71,10s,6,43,13.02800000000002,8.05600000000004,1,10
71,10s,6,44,12.597999999999956,6.118000000000052,1,10
71,10s,6,45,12.259999999999991,5.918000000000006,1,10
71,10s,6,46,14.759999999999991,3.5419999999999163,1,10
71,10s,6,47,13.216000000000008,3.4540000000000646,1,10
71,10s,6,48,15.131999999999948,4.574000000000069,1,10
71,10s,6,49,14.975999999999999,5.181999999999903,1,10
71,10s,6,50,14.418000000000006,4.888000000000034,1,10
71,10s,6,51,12.293999999999983,3.4740000000000464,1,10
71,10s,6,52,0.6879999999999882,0.053999999999973625,0,10
71,10s,6,53,12.096000000000004,3.396000000000072,1,10
71,10s,6,54,11.485999999999876,3.6800000000000637,1,10
71,10s,6,55,12.256000000000085,3.5519999999999072,1,10
71,10s,6,56,10.481999999999971,5.718000000000075,1,10
71,10s,6,57,12.317999999999984,4.889999999999873,1,10
71,10s,6,58,9.026000000000067,10.536000000000058,0,10
71,10s,6,59,0.03199999999992542,0.05400000000008731,0,10
71,10s,6,60,8.382000000000062,11.66599999999994,0,10
71,10s,6,61,8.879999999999882,10.562000000000126,0,10
71,10s,6,62,11.336000000000013,5.509999999999991,1,10
71,10s,6,63,9.097999999999956,13.476000000000113,0,10
71,10s,6,64,13.207999999999856,11.854000000000042,1,10
71,10s,6,65,11.13000000000011,6.151999999999816,1,10
71,10s,6,66,13.690000000000055,5.933999999999969,1,10
71,10s,6,67,0.41599999999994,10.482000000000198,0,10
71,10s,6,68,9.00799999999981,11.454000000000178,0,10
71,10s,6,69,12.205999999999904,3.5399999999999636,1,10
71,10s,6,70,0.08000000000015461,10.641999999999825,0,10
71,10s,6,71,10.72199999999998,5.036000000000058,1,10
71,10s,6,72,11.476000000000113,6.717999999999847,1,10
71,10s,6,73,11.509999999999991,4.02800000000002,1,10
71,10s,6,74,9.536000000000058,10.63000000000011,0,10
71,10s,6,75,8.377999999999929,10.536000000000058,0,10
71,10s,6,76,9.513999999999896,10.61200000000008,0,10
71,10s,6,77,11.975999999999885,3.844000000000051,1,10
71,10s,6,78,8.491999999999962,17.258000000000038,0,10
71,10s,6,79,10.711999999999989,4.031999999999925,1,10
71,10s,6,80,9.838000000000193,12.70399999999995,0,10
71,10s,6,81,10.79600000000005,12.589999999999918,1,10
71,10s,6,82,9.286000000000058,10.798000000000002,0,10
71,10s,6,83,9.55399999999986,10.5,0,10
71,10s,6,84,12.570000000000164,3.4279999999998836,1,10
71,10s,6,85,0.14799999999991087,0.10000000000013642,0,10
71,10s,6,86,11.245999999999867,11.634000000000015,1,10
71,10s,6,87,0.9980000000000473,10.774000000000115,0,10
71,10s,6,88,8.909999999999854,14.288000000000011,0,10
71,10s,6,89,10.251999999999953,6.1720000000000255,1,10
71,10s,6,90,8.594000000000051,11.496000000000095,0,10
71,10s,6,91,10.089999999999918,5.5,1,10
71,10s,6,92,8.089999999999918,10.560000000000173,0,10
71,10s,6,93,9.899999999999864,10.586000000000013,0,10
71,10s,6,94,10.627999999999929,5.310000000000173,1,10
71,10s,6,95,12.771999999999935,4.52800000000002,1,10
71,10s,6,96,10.634000000000015,7.324000000000069,1,10
71,10s,6,97,10.255999999999858,4.597999999999956,1,10
71,10s,6,98,9.800000000000182,14.375999999999976,0,10
71,10s,6,99,9.907999999999902,17.557999999999993,0,10
71,10s,6,100,8.933999999999969,,0,10
72,10s,1,1,0.828000000000003,10.965999999999998,0,10
72,10s,1,2,3.436,10.694000000000003,0,10
72,10s,1,3,4.722000000000001,11.157999999999994,0,10
72,10s,1,4,14.504000000000005,2.9279999999999973,1,10
72,10s,1,5,7.597999999999999,10.36,0,10
72,10s,1,6,0.23799999999999955,10.332000000000008,0,10
72,10s,1,7,0.4959999999999951,10.902000000000001,0,10
72,10s,1,8,4.574000000000012,0.06799999999998363,0,10
72,10s,1,9,0.4819999999999993,10.74799999999999,0,10
72,10s,1,10,0.32200000000000273,0.146000000000015,0,10
72,10s,1,11,8.549999999999983,11.02000000000001,0,10
72,10s,1,12,11.616000000000014,3.2299999999999898,1,10
72,10s,1,13,12.855999999999995,3.676000000000016,1,10
72,10s,1,14,9.297999999999973,12.77800000000002,0,10
72,10s,1,15,12.051999999999992,1.9960000000000093,1,10
72,10s,1,16,13.21799999999999,2.9119999999999777,1,10
72,10s,1,17,13.182000000000016,3.1399999999999864,1,10
72,10s,1,18,11.725999999999999,2.8040000000000305,1,10
72,10s,1,19,12.591999999999985,3.2959999999999923,1,10
72,10s,1,20,13.206000000000017,3.2040000000000077,1,10
72,10s,1,21,11.577999999999975,3.3240000000000123,1,10
72,10s,1,22,13.120000000000005,4.103999999999985,1,10
72,10s,1,23,8.819999999999993,10.644000000000005,0,10
72,10s,1,24,12.728000000000009,3.343999999999994,1,10
72,10s,1,25,11.122000000000014,3.7939999999999827,1,10
72,10s,1,26,10.258000000000038,4.837999999999965,1,10
72,10s,1,27,16.00600000000003,4.548000000000002,1,10
72,10s,1,28,11.649999999999977,3.608000000000004,1,10
72,10s,1,29,1.7900000000000205,0.031999999999982265,0,10
72,10s,1,30,0.19799999999997908,0.02600000000001046,0,10
72,10s,1,31,15.061999999999955,2.9420000000000073,1,10
72,10s,1,32,12.224000000000046,6.617999999999938,1,10
72,10s,1,33,11.947999999999979,4.2420000000000755,1,10
72,10s,1,34,11.587999999999965,2.95799999999997,1,10
72,10s,1,35,12.648000000000025,4.937999999999988,1,10
72,10s,1,36,11.663999999999987,3.6660000000000537,1,10
72,10s,1,37,12.062000000000012,3.8519999999999754,1,10
72,10s,1,38,1.4460000000000264,11.997999999999934,0,10
72,10s,1,39,0.16600000000005366,0.018000000000029104,0,10
72,10s,1,40,14.548000000000002,3.0979999999999563,1,10
72,10s,1,41,13.052000000000021,4.553999999999974,1,10
72,10s,1,42,11.432000000000016,3.772000000000048,1,10
72,10s,1,43,10.635999999999967,4.309999999999945,1,10
72,10s,1,44,10.964000000000055,4.076000000000022,1,10
72,10s,1,45,12.139999999999986,3.9700000000000273,1,10
72,10s,1,46,11.747999999999934,4.274000000000001,1,10
72,10s,1,47,15.894000000000005,3.5639999999999645,1,10
72,10s,1,48,11.81000000000006,4.525999999999954,1,10
72,10s,1,49,11.091999999999985,4.146000000000072,1,10
72,10s,1,50,14.20799999999997,4.152000000000044,1,10
72,10s,1,51,12.759999999999991,4.183999999999969,1,10
72,10s,1,52,11.279999999999973,5.074000000000069,1,10
72,10s,1,53,11.231999999999971,3.758000000000038,1,10
72,10s,1,54,12.375999999999976,5.495999999999981,1,10
72,10s,1,55,11.785999999999945,3.298000000000002,1,10
72,10s,1,56,12.200000000000045,5.337999999999965,1,10
72,10s,1,57,12.82000000000005,4.183999999999969,1,10
72,10s,1,58,11.234000000000037,10.583999999999946,1,10
72,10s,1,59,11.218000000000075,5.23599999999999,1,10
72,10s,1,60,11.045999999999935,4.5779999999999745,1,10
72,10s,1,61,12.066000000000031,6.8840000000000146,1,10
72,10s,1,62,11.888000000000034,4.101999999999975,1,10
72,10s,1,63,9.726000000000113,12.705999999999904,0,10
72,10s,1,64,11.346000000000004,5.031999999999925,1,10
72,10s,1,65,10.231999999999971,4.125999999999976,1,10
72,10s,1,66,10.994000000000142,5.220000000000027,1,10
72,10s,1,67,10.435999999999922,7.531999999999925,1,10
72,10s,1,68,11.688000000000102,8.481999999999971,1,10
72,10s,1,69,11.301999999999907,4.3400000000001455,1,10
72,10s,1,70,12.518000000000029,4.875999999999976,1,10
72,10s,1,71,13.349999999999909,6.042000000000144,1,10
72,10s,1,72,11.50799999999981,4.246000000000095,1,10
72,10s,1,73,12.470000000000027,4.460000000000036,1,10
72,10s,1,74,12.155999999999949,0.11400000000003274,1,10
72,10s,1,75,0.10599999999999454,17.75,0,10
72,10s,1,76,16.258000000000038,5.507999999999811,1,10
72,10s,1,77,14.040000000000191,4.44399999999996,1,10
72,10s,1,78,15.289999999999964,6.314000000000078,1,10
72,10s,1,79,14.375999999999976,4.9659999999998945,1,10
72,10s,1,80,13.782000000000153,14.217999999999847,1,10
72,10s,1,81,17.744000000000142,6.490000000000009,1,10
72,10s,1,82,15.161999999999807,5.903999999999996,1,10
72,10s,1,83,15.02800000000002,8.494000000000142,1,10
72,10s,1,84,1.2559999999998581,0.07600000000002183,0,10
72,10s,1,85,13.416000000000167,5.779999999999973,1,10
72,10s,1,86,13.963999999999942,6.0779999999999745,1,10
72,10s,1,87,14.88799999999992,7.220000000000027,1,10
72,10s,1,88,14.650000000000091,9.038000000000011,1,10
72,10s,1,89,12.615999999999985,19.922000000000025,1,10
72,10s,1,90,13.435999999999922,6.912000000000035,1,10
72,10s,1,91,15.205999999999904,5.302000000000135,1,10
72,10s,1,92,11.34199999999987,12.034000000000106,1,10
72,10s,1,93,14.382000000000062,5.432000000000016,1,10
72,10s,1,94,13.909999999999854,5.926000000000158,1,10
72,10s,1,95,16.445999999999913,14.215999999999894,1,10
72,10s,1,96,12.208000000000084,7.029999999999973,1,10
72,10s,1,97,14.910000000000082,6.731999999999971,1,10
72,10s,1,98,14.172000000000025,6.096000000000004,1,10
72,10s,1,99,13.605999999999995,7.961999999999989,1,10
72,10s,1,100,12.225999999999885,,1,10
72,10s,2,1,0.1280000000000001,10.979999999999997,0,10
72,10s,2,2,2.574000000000005,10.919999999999995,0,10
72,10s,2,3,7.008000000000003,11.051999999999992,0,10
72,10s,2,4,8.332000000000008,10.811999999999998,0,10
72,10s,2,5,7.072000000000003,0.10200000000000387,0,10
72,10s,2,6,10.238,2.89200000000001,1,10
72,10s,2,7,10.171999999999997,2.6539999999999964,1,10
72,10s,2,8,14.330000000000013,2.47199999999998,1,10
72,10s,2,9,13.76000000000002,3.1019999999999754,1,10
72,10s,2,10,14.336000000000013,5.180000000000007,1,10
72,10s,2,11,13.551999999999992,3.298000000000002,1,10
72,10s,2,12,12.283999999999992,2.7460000000000093,1,10
72,10s,2,13,10.789999999999992,2.5100000000000193,1,10
72,10s,2,14,12.013999999999982,2.7439999999999998,1,10
72,10s,2,15,1.9020000000000152,0.09399999999999409,0,10
72,10s,2,16,11.891999999999996,1.891999999999996,1,10
72,10s,2,17,13.041999999999973,3.066000000000031,1,10
72,10s,2,18,10.817999999999984,2.579999999999984,1,10
72,10s,2,19,12.398000000000025,3.3980000000000246,1,10
72,10s,2,20,11.037999999999954,2.5580000000000496,1,10
72,10s,2,21,10.119999999999948,3.7340000000000373,1,10
72,10s,2,22,11.95999999999998,6.860000000000014,1,10
72,10s,2,23,12.636000000000024,3.141999999999996,1,10
72,10s,2,24,11.121999999999957,3.4780000000000086,1,10
72,10s,2,25,12.066000000000031,19.589999999999975,1,10
72,10s,2,26,10.305999999999983,4.194000000000017,1,10
72,10s,2,27,12.877999999999986,3.208000000000027,1,10
72,10s,2,28,12.113999999999976,3.8079999999999927,1,10
72,10s,2,29,0.038000000000010914,0.05000000000001137,0,10
72,10s,2,30,11.52800000000002,2.231999999999971,1,10
72,10s,2,31,14.922000000000025,4.182000000000016,1,10
72,10s,2,32,11.403999999999996,2.933999999999969,1,10
72,10s,2,33,10.954000000000065,3.0979999999999563,1,10
72,10s,2,34,10.923999999999978,2.5739999999999554,1,10
72,10s,2,35,11.078000000000088,2.9739999999999327,1,10
72,10s,2,36,11.992000000000075,6.755999999999972,1,10
72,10s,2,37,10.884000000000015,2.8339999999999463,1,10
72,10s,2,38,11.992000000000075,3.897999999999911,1,10
72,10s,2,39,10.774000000000001,4.2560000000000855,1,10
72,10s,2,40,15.503999999999905,4.29200000000003,1,10
72,10s,2,41,2.269999999999982,11.420000000000073,0,10
72,10s,2,42,10.538000000000011,3.703999999999951,1,10
72,10s,2,43,10.759999999999991,3.108000000000061,1,10
72,10s,2,44,15.067999999999984,3.5219999999999345,1,10
72,10s,2,45,9.519999999999982,10.828000000000088,0,10
72,10s,2,46,12.875999999999976,3.062000000000012,1,10
72,10s,2,47,11.699999999999932,3.1779999999999973,1,10
72,10s,2,48,13.314000000000078,3.395999999999958,1,10
72,10s,2,49,14.361999999999966,3.7380000000000564,1,10
72,10s,2,50,15.771999999999935,3.5060000000000855,1,10
72,10s,2,51,13.543999999999983,4.25,1,10
72,10s,2,52,12.433999999999969,6.475999999999999,1,10
72,10s,2,53,15.817999999999984,4.114000000000033,1,10
72,10s,2,54,0.76400000000001,0.01599999999996271,0,10
72,10s,2,55,0.7559999999999718,10.655999999999949,0,10
72,10s,2,56,12.568000000000097,3.211999999999989,1,10
72,10s,2,57,16.120000000000005,3.5739999999999554,1,10
72,10s,2,58,13.009999999999991,3.687999999999988,1,10
72,10s,2,59,13.063999999999965,6.01400000000001,1,10
72,10s,2,60,12.490000000000009,4.6440000000000055,1,10
72,10s,2,61,10.802000000000021,10.870000000000005,1,10
72,10s,2,62,14.482000000000085,3.8759999999999764,1,10
72,10s,2,63,12.076000000000022,5.877999999999929,1,10
72,10s,2,64,12.079999999999927,6.80600000000004,1,10
72,10s,2,65,12.847999999999956,4.892000000000053,1,10
72,10s,2,66,9.466000000000122,10.767999999999802,0,10
72,10s,2,67,0.19200000000000728,0.026000000000067303,0,10
72,10s,2,68,10.991999999999962,4.382000000000062,1,10
72,10s,2,69,16.663999999999987,4.701999999999998,1,10
72,10s,2,70,12.04600000000005,6.769999999999982,1,10
72,10s,2,71,12.55399999999986,3.451999999999998,1,10
72,10s,2,72,13.006000000000085,8.316000000000031,1,10
72,10s,2,73,12.817999999999984,4.480000000000018,1,10
72,10s,2,74,13.192000000000007,4.354000000000042,1,10
72,10s,2,75,9.253999999999905,13.011999999999944,0,10
72,10s,2,76,15.423999999999978,3.928000000000111,1,10
72,10s,2,77,8.437999999999874,12.246000000000095,0,10
72,10s,2,78,14.286000000000058,3.571999999999889,1,10
72,10s,2,79,15.080000000000155,5.639999999999873,1,10
72,10s,2,80,12.410000000000082,5.9939999999999145,1,10
72,10s,2,81,16.19600000000014,5.027999999999793,1,10
72,10s,2,82,13.400000000000091,7.316000000000031,1,10
72,10s,2,83,10.183999999999969,5.02800000000002,1,10
72,10s,2,84,10.07400000000007,9.259999999999991,1,10
72,10s,2,85,13.051999999999907,3.701999999999998,1,10
72,10s,2,86,11.635999999999967,8.932000000000016,1,10
72,10s,2,87,12.284000000000106,4.374000000000024,1,10
72,10s,2,88,0.2739999999998872,0.17399999999997817,0,10
72,10s,2,89,10.279999999999973,3.83400000000006,1,10
72,10s,2,90,9.205999999999904,10.740000000000009,0,10
72,10s,2,91,10.47400000000016,4.311999999999898,1,10
72,10s,2,92,9.711999999999989,10.956000000000131,0,10
72,10s,2,93,11.89799999999991,4.218000000000075,1,10
72,10s,2,94,12.225999999999885,5.708000000000084,1,10
72,10s,2,95,12.81399999999985,8.204000000000178,1,10
72,10s,2,96,12.611999999999853,5.426000000000158,1,10
72,10s,2,97,11.901999999999816,11.406000000000176,1,10
72,10s,2,98,10.487999999999829,5.817999999999984,1,10
72,10s,2,99,12.114000000000033,5.538000000000011,1,10
72,10s,2,100,8.663999999999987,,0,10
72,10s,3,1,0.21600000000000108,10.378000000000004,0,10
72,10s,3,2,0.013999999999995794,10.854,0,10
72,10s,3,3,6.902000000000001,10.316000000000003,0,10
72,10s,3,4,0.367999999999995,10.299999999999997,0,10
72,10s,3,5,0.3920000000000101,10.378,0,10
72,10s,3,6,0.1979999999999933,10.293999999999997,0,10
72,10s,3,7,0.3260000000000076,10.816000000000003,0,10
72,10s,3,8,0.1700000000000017,0.027999999999991587,0,10
72,10s,3,9,11.164000000000001,2.3019999999999925,1,10
72,10s,3,10,13.062000000000012,3.401999999999987,1,10
72,10s,3,11,13.599999999999994,3.524000000000001,1,10
72,10s,3,12,12.240000000000009,3.1280000000000143,1,10
72,10s,3,13,13.645999999999987,4.638000000000005,1,10
72,10s,3,14,11.608000000000004,2.9919999999999902,1,10
72,10s,3,15,11.234000000000009,4.941999999999979,1,10
72,10s,3,16,13.724000000000018,3.0600000000000023,1,10
72,10s,3,17,14.605999999999995,3.4180000000000064,1,10
72,10s,3,18,12.048000000000002,3.4180000000000064,1,10
72,10s,3,19,12.253999999999962,3.7340000000000373,1,10
72,10s,3,20,13.887999999999977,4.2760000000000105,1,10
72,10s,3,21,13.603999999999985,3.004000000000019,1,10
72,10s,3,22,11.610000000000014,3.437999999999988,1,10
72,10s,3,23,15.319999999999993,5.456000000000017,1,10
72,10s,3,24,0.3100000000000023,0.03799999999995407,0,10
72,10s,3,25,0.16399999999998727,10.270000000000039,0,10
72,10s,3,26,0.2839999999999918,10.647999999999968,0,10
72,10s,3,27,0.2400000000000091,0.033999999999991815,0,10
72,10s,3,28,11.185999999999979,2.4600000000000364,1,10
72,10s,3,29,0.16800000000000637,0.06599999999997408,0,10
72,10s,3,30,0.36400000000003274,10.635999999999967,0,10
72,10s,3,31,10.52800000000002,3.504000000000019,1,10
72,10s,3,32,14.313999999999965,4.136000000000024,1,10
72,10s,3,33,0.20400000000000773,0.04399999999998272,0,10
72,10s,3,34,12.051999999999964,2.6820000000000164,1,10
72,10s,3,35,13.227999999999952,3.768000000000029,1,10
72,10s,3,36,12.176000000000045,3.22199999999998,1,10
72,10s,3,37,11.669999999999959,3.2140000000000555,1,10
72,10s,3,38,12.737999999999943,4.0919999999999845,1,10
72,10s,3,39,14.974000000000046,4.046000000000049,1,10
72,10s,3,40,11.027999999999906,4.33400000000006,1,10
72,10s,3,41,11.436000000000035,4.753999999999905,1,10
72,10s,3,42,11.900000000000091,6.798000000000002,1,10
72,10s,3,43,11.351999999999975,4.475999999999999,1,10
72,10s,3,44,7.569999999999936,10.870000000000005,0,10
72,10s,3,45,12.187999999999988,4.580000000000041,1,10
72,10s,3,46,9.293999999999983,10.536000000000058,0,10
72,10s,3,47,15.041999999999916,3.3920000000000528,1,10
72,10s,3,48,13.282000000000039,4.409999999999968,1,10
72,10s,3,49,12.593999999999937,4.994000000000028,1,10
72,10s,3,50,11.888000000000034,4.94399999999996,1,10
72,10s,3,51,15.403999999999996,4.666000000000054,1,10
72,10s,3,52,12.751999999999953,5.58400000000006,1,10
72,10s,3,53,11.973999999999933,4.6159999999999854,1,10
72,10s,3,54,12.482000000000085,4.445999999999913,1,10
72,10s,3,55,11.975999999999999,4.466000000000008,1,10
72,10s,3,56,10.736000000000104,4.011999999999944,1,10
72,10s,3,57,9.274000000000001,10.98599999999999,0,10
72,10s,3,58,3.1860000000000355,10.385999999999967,0,10
72,10s,3,59,0.13800000000003365,10.389999999999986,0,10
72,10s,3,60,10.333999999999946,3.2940000000000964,1,10
72,10s,3,61,12.59599999999989,4.1400000000001,1,10
72,10s,3,62,12.257999999999925,4.622000000000071,1,10
72,10s,3,63,13.075999999999908,4.798000000000002,1,10
72,10s,3,64,13.684000000000083,4.155999999999949,1,10
72,10s,3,65,10.670000000000073,8.032000000000039,1,10
72,10s,3,66,10.19399999999996,6.518000000000029,1,10
72,10s,3,67,10.81399999999985,4.8680000000001655,1,10
72,10s,3,68,11.490000000000009,4.789999999999964,1,10
72,10s,3,69,12.288000000000011,4.869999999999891,1,10
72,10s,3,70,13.07400000000007,11.587999999999965,1,10
72,10s,3,71,0.4359999999999218,0.03600000000005821,0,10
72,10s,3,72,9.309999999999945,10.536000000000058,0,10
72,10s,3,73,10.019999999999982,3.3559999999999945,1,10
72,10s,3,74,13.705999999999904,5.710000000000036,1,10
72,10s,3,75,12.58400000000006,4.680000000000064,1,10
72,10s,3,76,11.433999999999969,4.701999999999998,1,10
72,10s,3,77,10.336000000000013,15.273999999999887,1,10
72,10s,3,78,10.66800000000012,5.111999999999853,1,10
72,10s,3,79,13.837999999999965,6.758000000000038,1,10
72,10s,3,80,10.779999999999973,6.236000000000104,1,10
72,10s,3,81,7.804000000000087,11.083999999999833,0,10
72,10s,3,82,12.342000000000098,3.9579999999998563,1,10
72,10s,3,83,10.800000000000182,4.959999999999809,1,10
72,10s,3,84,10.66800000000012,7.804000000000087,1,10
72,10s,3,85,6.94399999999996,10.583999999999833,0,10
72,10s,3,86,9.728000000000065,10.44600000000014,0,10
72,10s,3,87,12.565999999999804,4.536000000000058,1,10
72,10s,3,88,10.35200000000009,5.88799999999992,1,10
72,10s,3,89,7.738000000000056,11.086000000000013,0,10
72,10s,3,90,12.420000000000073,6.341999999999871,1,10
72,10s,3,91,7.602000000000089,10.617999999999938,0,10
72,10s,3,92,12.821999999999889,6.8680000000001655,1,10
72,10s,3,93,11.531999999999925,15.374000000000024,1,10
72,10s,3,94,11.22199999999998,7.599999999999909,1,10
72,10s,3,95,8.486000000000104,10.435999999999922,0,10
72,10s,3,96,12.628000000000156,4.991999999999962,1,10
72,10s,3,97,12.283999999999878,5.951999999999998,1,10
72,10s,3,98,13.400000000000091,6.910000000000082,1,10
72,10s,3,99,12.72199999999998,7.470000000000027,1,10
72,10s,3,100,9.167999999999893,,0,10
72,10s,4,1,0.4499999999999993,11.424000000000003,0,10
72,10s,4,2,6.415999999999997,10.456000000000003,0,10
72,10s,4,3,10.800000000000004,0.13799999999999102,1,10
72,10s,4,4,0.031999999999996476,10.562000000000012,0,10
72,10s,4,5,11.213999999999999,2.2819999999999965,1,10
72,10s,4,6,13.709999999999994,0.08800000000000807,1,10
72,10s,4,7,0.04999999999999716,10.766000000000005,0,10
72,10s,4,8,11.507999999999996,4.081999999999994,1,10
72,10s,4,9,12.25,2.9579999999999984,1,10
72,10s,4,10,0.30000000000001137,0.036000000000001364,0,10
72,10s,4,11,10.854000000000013,2.9000000000000057,1,10
72,10s,4,12,11.007999999999981,2.896000000000015,1,10
72,10s,4,13,13.067999999999984,2.6740000000000066,1,10
72,10s,4,14,10.200000000000017,3.705999999999989,1,10
72,10s,4,15,12.139999999999986,4.3160000000000025,1,10
72,10s,4,16,10.302000000000021,3.157999999999987,1,10
72,10s,4,17,9.990000000000009,11.286000000000001,0,10
72,10s,4,18,10.939999999999998,2.396000000000015,1,10
72,10s,4,19,10.171999999999969,3.151999999999987,1,10
72,10s,4,20,12.628000000000043,3.3559999999999945,1,10
72,10s,4,21,10.337999999999965,14.918000000000006,1,10
72,10s,4,22,10.545999999999992,2.8080000000000496,1,10
72,10s,4,23,0.28199999999998226,0.055999999999983174,0,10
72,10s,4,24,10.632000000000005,2.0960000000000036,1,10
72,10s,4,25,10.458000000000027,3.2199999999999704,1,10
72,10s,4,26,14.388000000000034,2.533999999999992,1,10
72,10s,4,27,0.27600000000001046,0.01999999999998181,0,10
72,10s,4,28,13.286000000000001,2.5159999999999627,1,10
72,10s,4,29,12.798000000000002,2.716000000000008,1,10
72,10s,4,30,12.966000000000008,3.745999999999981,1,10
72,10s,4,31,12.168000000000006,4.510000000000048,1,10
72,10s,4,32,13.991999999999962,4.891999999999996,1,10
72,10s,4,33,11.786000000000001,3.2660000000000196,1,10
72,10s,4,34,11.857999999999947,4.372000000000071,1,10
72,10s,4,35,13.347999999999956,3.5919999999999845,1,10
72,10s,4,36,11.118000000000052,4.473999999999933,1,10
72,10s,4,37,11.996000000000095,3.4739999999999327,1,10
72,10s,4,38,11.242000000000075,3.8999999999999773,1,10
72,10s,4,39,10.861999999999966,6.597999999999956,1,10
72,10s,4,40,10.662000000000035,3.310000000000059,1,10
72,10s,4,41,10.062000000000012,6.439999999999941,1,10
72,10s,4,42,9.333999999999946,10.35200000000009,0,10
72,10s,4,43,14.271999999999935,3.872000000000071,1,10
72,10s,4,44,0.038000000000010914,0.03599999999994452,0,10
72,10s,4,45,12.029999999999973,3.1639999999999873,1,10
72,10s,4,46,13.410000000000082,3.891999999999939,1,10
72,10s,4,47,13.032000000000039,5.44399999999996,1,10
72,10s,4,48,9.224000000000046,10.552000000000021,0,10
72,10s,4,49,13.081999999999994,4.3139999999999645,1,10
72,10s,4,50,11.75,5.916000000000054,1,10
72,10s,4,51,12.17999999999995,6.163999999999987,1,10
72,10s,4,52,12.307999999999993,4.836000000000013,1,10
72,10s,4,53,12.302000000000021,4.177999999999997,1,10
72,10s,4,54,11.70399999999995,32.05200000000002,1,10
72,10s,4,55,10.077999999999975,3.451999999999998,1,10
72,10s,4,56,11.526000000000067,4.751999999999953,1,10
72,10s,4,57,12.008000000000038,6.552000000000021,1,10
72,10s,4,58,12.077999999999975,4.590000000000032,1,10
72,10s,4,59,12.361999999999966,12.412000000000035,1,10
72,10s,4,60,13.135999999999967,4.224000000000046,1,10
72,10s,4,61,12.301999999999907,4.632000000000062,1,10
72,10s,4,62,12.600000000000023,4.3840000000000146,1,10
72,10s,4,63,10.899999999999864,7.332000000000107,1,10
72,10s,4,64,6.841999999999871,10.410000000000082,0,10
72,10s,4,65,12.596000000000004,4.402000000000044,1,10
72,10s,4,66,10.933999999999969,5.599999999999909,1,10
72,10s,4,67,1.2220000000002074,0.07599999999979445,0,10
72,10s,4,68,9.304000000000087,11.071999999999889,0,10
72,10s,4,69,0.2640000000001237,0.03999999999996362,0,10
72,10s,4,70,10.261999999999944,2.8780000000001564,1,10
72,10s,4,71,10.594000000000051,4.25,1,10
72,10s,4,72,9.329999999999927,10.769999999999982,0,10
72,10s,4,73,11.208000000000084,3.591999999999871,1,10
72,10s,4,74,13.049999999999955,5.128000000000156,1,10
72,10s,4,75,14.089999999999918,11.781999999999925,1,10
72,10s,4,76,11.276000000000067,5.001999999999953,1,10
72,10s,4,77,9.708000000000084,10.644000000000005,0,10
72,10s,4,78,12.38799999999992,4.350000000000136,1,10
72,10s,4,79,12.81399999999985,6.0779999999999745,1,10
72,10s,4,80,0.2840000000001055,0.05600000000004002,0,10
72,10s,4,81,14.180000000000064,5.413999999999987,1,10
72,10s,4,82,12.121999999999844,5.0900000000001455,1,10
72,10s,4,83,9.536000000000058,24.34999999999991,0,10
72,10s,4,84,10.614000000000033,4.483999999999924,1,10
72,10s,4,85,12.52800000000002,5.2840000000001055,1,10
72,10s,4,86,10.131999999999834,6.296000000000049,1,10
72,10s,4,87,11.298000000000002,7.786000000000058,1,10
72,10s,4,88,10.741999999999962,7.622000000000071,1,10
72,10s,4,89,9.61999999999989,13.814000000000078,0,10
72,10s,4,90,1.6479999999999109,0.11000000000012733,0,10
72,10s,4,91,10.837999999999965,5.036000000000058,1,10
72,10s,4,92,13.781999999999925,7.122000000000071,1,10
72,10s,4,93,7.19399999999996,13.718000000000075,0,10
72,10s,4,94,0.2079999999998563,0.049999999999954525,0,10
72,10s,4,95,10.071999999999889,6.406000000000176,1,10
72,10s,4,96,12.31399999999985,6.4780000000000655,1,10
72,10s,4,97,8.839999999999918,10.38000000000011,0,10
72,10s,4,98,12.076000000000022,6.367999999999938,1,10
72,10s,4,99,9.379999999999882,10.734000000000151,0,10
72,10s,4,100,0.038000000000010914,0.041999999999916326,0,10
72,10s,5,1,1.264000000000003,10.763999999999996,0,10
72,10s,5,2,6.314,10.482,0,10
72,10s,5,3,0.2980000000000018,10.555999999999997,0,10
72,10s,5,4,0.22400000000000375,0.02200000000000557,0,10
72,10s,5,5,7.9820000000000135,10.349999999999994,0,10
72,10s,5,6,10.956000000000003,2.378,1,10
72,10s,5,7,11.483999999999995,3.1299999999999955,1,10
72,10s,5,8,0.37999999999999545,0.030000000000001137,0,10
72,10s,5,9,11.436000000000007,2.1380000000000052,1,10
72,10s,5,10,11.115999999999985,2.9420000000000073,1,10
72,10s,5,11,11.888000000000005,4.02000000000001,1,10
72,10s,5,12,13.469999999999999,4.613999999999976,1,10
72,10s,5,13,12.463999999999999,4.214000000000027,1,10
72,10s,5,14,12.775999999999982,3.342000000000013,1,10
72,10s,5,15,11.304000000000002,4.061999999999983,1,10
72,10s,5,16,11.698000000000008,4.069999999999993,1,10
72,10s,5,17,13.420000000000016,4.990000000000009,1,10
72,10s,5,18,14.061999999999955,3.2460000000000377,1,10
72,10s,5,19,14.351999999999975,3.4739999999999895,1,10
72,10s,5,20,11.322000000000003,3.8380000000000223,1,10
72,10s,5,21,12.408000000000015,3.9499999999999886,1,10
72,10s,5,22,10.838000000000022,3.585999999999956,1,10
72,10s,5,23,12.336000000000013,12.771999999999991,1,10
72,10s,5,24,11.728000000000009,2.947999999999979,1,10
72,10s,5,25,10.80400000000003,2.569999999999993,1,10
72,10s,5,26,12.274000000000001,3.254000000000019,1,10
72,10s,5,27,12.493999999999971,9.355999999999995,1,10
72,10s,5,28,12.439999999999998,3.5600000000000023,1,10
72,10s,5,29,11.062000000000012,3.745999999999981,1,10
72,10s,5,30,12.216000000000008,3.0160000000000196,1,10
72,10s,5,31,14.262,5.216000000000008,1,10
72,10s,5,32,12.864000000000033,3.73599999999999,1,10
72,10s,5,33,10.682000000000016,6.199999999999932,1,10
72,10s,5,34,11.562000000000012,3.8780000000000427,1,10
72,10s,5,35,13.225999999999999,3.435999999999922,1,10
72,10s,5,36,11.730000000000018,4.248000000000047,1,10
72,10s,5,37,11.230000000000018,3.7859999999999445,1,10
72,10s,5,38,12.303999999999974,4.032000000000039,1,10
72,10s,5,39,11.618000000000052,4.2999999999999545,1,10
72,10s,5,40,10.874000000000024,4.475999999999999,1,10
72,10s,5,41,11.767999999999915,19.048000000000002,1,10
72,10s,5,42,11.996000000000095,4.833999999999946,1,10
72,10s,5,43,12.539999999999964,4.352000000000089,1,10
72,10s,5,44,8.64799999999991,10.326000000000022,0,10
72,10s,5,45,0.38800000000003365,0.038000000000010914,0,10
72,10s,5,46,9.355999999999995,11.201999999999998,0,10
72,10s,5,47,10.083999999999946,2.7700000000000955,1,10
72,10s,5,48,12.505999999999972,3.5960000000000036,1,10
72,10s,5,49,14.067999999999984,5.282000000000039,1,10
72,10s,5,50,12.477999999999952,3.169999999999959,1,10
72,10s,5,51,12.694000000000074,7.517999999999915,1,10
72,10s,5,52,11.916000000000054,3.7939999999999827,1,10
72,10s,5,53,11.54200000000003,5.545999999999935,1,10
72,10s,5,54,11.936000000000035,5.168000000000006,1,10
72,10s,5,55,10.954000000000065,6.631999999999948,1,10
72,10s,5,56,11.912000000000035,4.360000000000014,1,10
72,10s,5,57,9.205999999999904,10.73599999999999,0,10
72,10s,5,58,10.346000000000004,3.8320000000001073,1,10
72,10s,5,59,11.057999999999993,3.9739999999999327,1,10
72,10s,5,60,11.111999999999966,5.730000000000018,1,10
72,10s,5,61,8.234000000000037,10.66599999999994,0,10
72,10s,5,62,10.817999999999984,3.956000000000131,1,10
72,10s,5,63,11.357999999999947,4.917999999999893,1,10
72,10s,5,64,11.146000000000186,4.429999999999836,1,10
72,10s,5,65,7.508000000000038,13.660000000000082,0,10
72,10s,5,66,9.968000000000075,10.325999999999794,0,10
72,10s,5,67,0.23600000000010368,0.021999999999934516,0,10
72,10s,5,68,10.74200000000019,3.745999999999867,1,10
72,10s,5,69,10.1400000000001,5.645999999999958,1,10
72,10s,5,70,9.461999999999989,13.725999999999885,0,10
72,10s,5,71,11.02800000000002,4.430000000000064,1,10
72,10s,5,72,9.364000000000033,10.38799999999992,0,10
72,10s,5,73,9.264000000000124,10.301999999999907,0,10
72,10s,5,74,11.35200000000009,6.6099999999999,1,10
72,10s,5,75,9.731999999999971,10.338000000000193,0,10
72,10s,5,76,10.865999999999985,5.1039999999998145,1,10
72,10s,5,77,12.236000000000104,4.440000000000055,1,10
72,10s,5,78,11.316000000000031,6.4099999999998545,1,10
72,10s,5,79,11.367999999999938,5.274000000000115,1,10
72,10s,5,80,9.104000000000042,14.579999999999927,0,10
72,10s,5,81,9.062000000000126,10.442000000000007,0,10
72,10s,5,82,10.919999999999845,4.048000000000002,1,10
72,10s,5,83,10.395999999999958,5.680000000000064,1,10
72,10s,5,84,10.54600000000005,4.683999999999969,1,10
72,10s,5,85,10.104000000000042,8.673999999999978,1,10
72,10s,5,86,4.930000000000064,21.76800000000003,0,10
72,10s,5,87,10.361999999999853,6.352000000000089,1,10
72,10s,5,88,10.621999999999844,7.4340000000001965,1,10
72,10s,5,89,8.417999999999893,12.461999999999989,0,10
72,10s,5,90,9.125999999999976,10.372000000000071,0,10
72,10s,5,91,11.288000000000011,5.854000000000042,1,10
72,10s,5,92,10.657999999999902,5.398000000000138,1,10
72,10s,5,93,10.893999999999778,10.676000000000158,1,10
72,10s,5,94,11.134000000000015,6.591999999999871,1,10
72,10s,5,95,11.292000000000144,6.08199999999988,1,10
72,10s,5,96,14.036000000000058,6.425999999999931,1,10
72,10s,5,97,10.847999999999956,11.572000000000116,1,10
72,10s,5,98,9.599999999999909,10.794000000000096,0,10
72,10s,5,99,10.920000000000073,5.8659999999999854,1,10
72,10s,5,100,9.319999999999936,,0,10
72,10s,6,1,7.298000000000002,10.131999999999998,0,10
72,10s,6,2,0.04200000000000159,10.506,0,10
72,10s,6,3,6.673999999999992,10.522000000000006,0,10
72,10s,6,4,7.403999999999996,10.382000000000005,0,10
72,10s,6,5,9.873999999999995,10.284000000000006,0,10
72,10s,6,6,8.439999999999998,10.291999999999987,0,10
72,10s,6,7,12.634000000000015,2.1999999999999886,1,10
72,10s,6,8,8.99600000000001,10.355999999999995,0,10
72,10s,6,9,0.2920000000000016,0.12600000000000477,0,10
72,10s,6,10,11.044000000000011,1.8479999999999848,1,10
72,10s,6,11,12.968000000000018,3.156000000000006,1,10
72,10s,6,12,11.787999999999982,3.201999999999998,1,10
72,10s,6,13,11.864000000000004,2.9480000000000075,1,10
72,10s,6,14,11.162000000000006,14.47799999999998,1,10
72,10s,6,15,12.831999999999994,2.4499999999999886,1,10
72,10s,6,16,9.218000000000018,10.963999999999999,0,10
72,10s,6,17,13.23599999999999,2.240000000000009,1,10
72,10s,6,18,8.788000000000011,10.411999999999978,0,10
72,10s,6,19,0.2540000000000191,10.300000000000011,0,10
72,10s,6,20,0.20199999999999818,10.839999999999975,0,10
72,10s,6,21,13.75200000000001,2.5819999999999936,1,10
72,10s,6,22,14.562000000000012,3.1820000000000164,1,10
72,10s,6,23,0.4159999999999968,0.027999999999963165,0,10
72,10s,6,24,12.291999999999973,4.222000000000037,1,10
72,10s,6,25,15.315999999999974,3.2180000000000177,1,10
72,10s,6,26,9.305999999999983,10.367999999999995,0,10
72,10s,6,27,0.3140000000000214,0.09800000000001319,0,10
72,10s,6,28,12.302000000000021,2.4879999999999995,1,10
72,10s,6,29,11.041999999999973,2.9780000000000086,1,10
72,10s,6,30,11.336000000000013,4.111999999999966,1,10
72,10s,6,31,10.900000000000034,3.2759999999999536,1,10
72,10s,6,32,10.365999999999985,3.9400000000000546,1,10
72,10s,6,33,12.125999999999976,3.6700000000000728,1,10
72,10s,6,34,11.033999999999992,3.3700000000000045,1,10
72,10s,6,35,13.433999999999969,4.9220000000000255,1,10
72,10s,6,36,11.197999999999979,4.045999999999935,1,10
72,10s,6,37,12.552000000000021,3.146000000000072,1,10
72,10s,6,38,10.991999999999962,4.822000000000003,1,10
72,10s,6,39,11.135999999999967,3.461999999999989,1,10
72,10s,6,40,14.509999999999991,4.746000000000095,1,10
72,10s,6,41,12.045999999999935,3.783999999999992,1,10
72,10s,6,42,11.04200000000003,6.025999999999954,1,10
72,10s,6,43,11.994000000000028,4.090000000000032,1,10
72,10s,6,44,10.5,3.4420000000000073,1,10
72,10s,6,45,10.18999999999994,3.9180000000000064,1,10
72,10s,6,46,12.331999999999994,9.283999999999992,1,10
72,10s,6,47,11.756000000000085,4.7859999999999445,1,10
72,10s,6,48,8.29600000000005,10.551999999999907,0,10
72,10s,6,49,10.020000000000095,2.7199999999999136,1,10
72,10s,6,50,10.79600000000005,3.451999999999998,1,10
72,10s,6,51,13.121999999999957,3.5819999999999936,1,10
72,10s,6,52,11.290000000000077,3.5599999999999454,1,10
72,10s,6,53,11.269999999999982,4.6200000000000045,1,10
72,10s,6,54,11.382000000000062,3.0439999999999827,1,10
72,10s,6,55,10.319999999999936,4.166000000000054,1,10
72,10s,6,56,8.519999999999982,10.350000000000023,0,10
72,10s,6,57,10.16599999999994,2.646000000000072,1,10
72,10s,6,58,14.107999999999947,4.975999999999999,1,10
72,10s,6,59,10.858000000000061,4.759999999999991,1,10
72,10s,6,60,11.18999999999994,4.153999999999996,1,10
72,10s,6,61,10.300000000000068,3.877999999999929,1,10
72,10s,6,62,12.725999999999999,5.996000000000095,1,10
72,10s,6,63,9.002000000000066,10.44199999999978,0,10
72,10s,6,64,10.120000000000118,4.259999999999991,1,10
72,10s,6,65,10.253999999999905,2.964000000000169,1,10
72,10s,6,66,12.662000000000035,4.69399999999996,1,10
72,10s,6,67,6.583999999999833,14.317999999999984,0,10
72,10s,6,68,10.048000000000002,3.964000000000169,1,10
72,10s,6,69,10.523999999999887,4.658000000000129,1,10
72,10s,6,70,11.509999999999991,4.91599999999994,1,10
72,10s,6,71,9.067999999999984,10.473999999999933,0,10
72,10s,6,72,9.478000000000065,10.819999999999936,0,10
72,10s,6,73,9.892000000000053,10.468000000000075,0,10
72,10s,6,74,11.403999999999996,3.533999999999878,1,10
72,10s,6,75,10.882000000000062,4.367999999999938,1,10
72,10s,6,76,11.25200000000018,3.74799999999982,1,10
72,10s,6,77,11.25200000000018,4.795999999999822,1,10
72,10s,6,78,12.885999999999967,5.052000000000135,1,10
72,10s,6,79,0.40399999999999636,0.021999999999934516,0,10
72,10s,6,80,0.21199999999998909,0.038000000000010914,0,10
72,10s,6,81,10.951999999999998,4.5060000000000855,1,10
72,10s,6,82,10.231999999999971,3.867999999999938,1,10
72,10s,6,83,9.817999999999984,10.652000000000044,0,10
72,10s,6,84,9.940000000000055,10.323999999999842,0,10
72,10s,6,85,9.754000000000133,10.478000000000065,0,10
72,10s,6,86,12.135999999999967,3.7259999999998854,1,10
72,10s,6,87,14.145999999999958,4.044000000000096,1,10
72,10s,6,88,11.22199999999998,4.102000000000089,1,10
72,10s,6,89,10.629999999999882,8.710000000000036,1,10
72,10s,6,90,13.067999999999984,4.33400000000006,1,10
72,10s,6,91,10.495999999999867,8.244000000000142,1,10
72,10s,6,92,6.80399999999986,21.402000000000044,0,10
72,10s,6,93,10.178000000000111,3.7919999999999163,1,10
72,10s,6,94,11.195999999999913,4.33400000000006,1,10
72,10s,6,95,11.526000000000067,11.751999999999953,1,10
72,10s,6,96,11.65800000000013,6.08199999999988,1,10
72,10s,6,97,9.774000000000115,15.965999999999894,0,10
72,10s,6,98,11.788000000000011,4.592000000000098,1,10
72,10s,6,99,10.805999999999813,5.8900000000001,1,10
72,10s,6,100,9.653999999999996,,0,10
74,10s,1,1,2.3119999999999976,10.399999999999999,0,10
74,10s,1,2,0.6840000000000046,0.05399999999999494,0,10
74,10s,1,3,0.1739999999999995,0.060000000000002274,0,10
74,10s,1,4,0.012000000000000455,0.015999999999991132,0,10
74,10s,1,5,9.768,10.213999999999999,0,10
74,10s,1,6,0.9739999999999895,0.058000000000006935,0,10
74,10s,1,7,0.47800000000000864,10.513999999999996,0,10
74,10s,1,8,10.283999999999992,5.442000000000007,1,10
74,10s,1,9,12.448000000000008,5.298000000000002,1,10
74,10s,1,10,15.060000000000002,4.911999999999978,1,10
74,10s,1,11,7.9620000000000175,10.268,0,10
74,10s,1,12,0.3919999999999959,0.06999999999999318,0,10
74,10s,1,13,3.587999999999994,0.054000000000002046,0,10
74,10s,1,14,0.7139999999999986,0.07399999999998386,0,10
74,10s,1,15,10.313999999999993,7.990000000000009,1,10
74,10s,1,16,12.882000000000005,4.358000000000004,1,10
74,10s,1,17,10.307999999999993,4.603999999999985,1,10
74,10s,1,18,8.870000000000005,12.352000000000032,0,10
74,10s,1,19,10.831999999999994,3.5779999999999745,1,10
74,10s,1,20,9.391999999999996,11.192000000000007,0,10
74,10s,1,21,10.788000000000011,4.240000000000009,1,10
74,10s,1,22,10.649999999999977,4.019999999999982,1,10
74,10s,1,23,8.826000000000022,0.036000000000001364,0,10
74,10s,1,24,0.9019999999999868,11.437999999999988,0,10
74,10s,1,25,10.424000000000035,3.447999999999979,1,10
74,10s,1,26,9.701999999999998,11.196000000000026,0,10
74,10s,1,27,13.921999999999969,3.562000000000012,1,10
74,10s,1,28,10.939999999999998,4.401999999999987,1,10
74,10s,1,29,0.29000000000002046,0.04800000000000182,0,10
74,10s,1,30,0.28000000000002956,0.06399999999996453,0,10
74,10s,1,31,0.7479999999999905,0.05200000000002092,0,10
74,10s,1,32,0.2699999999999818,0.07400000000001228,0,10
74,10s,1,33,0.1220000000000141,10.232000000000028,0,10
74,10s,1,34,9.053999999999974,10.701999999999998,0,10
74,10s,1,35,7.6200000000000045,10.649999999999977,0,10
74,10s,1,36,10.105999999999995,2.754000000000019,1,10
74,10s,1,37,11.942000000000007,4.045999999999935,1,10
74,10s,1,38,7.4780000000000655,0.025999999999953616,0,10
74,10s,1,39,10.964000000000055,4.475999999999999,1,10
74,10s,1,40,11.865999999999985,4.032000000000039,1,10
74,10s,1,41,0.5279999999999063,0.13200000000006185,0,10
74,10s,1,42,11.813999999999965,4.0,1,10
74,10s,1,43,9.682000000000016,10.519999999999982,0,10
74,10s,1,44,13.724000000000046,0.04200000000003001,1,10
74,10s,1,45,0.36799999999993815,11.177999999999997,0,10
74,10s,1,46,7.974000000000046,11.274000000000001,0,10
74,10s,1,47,14.648000000000025,4.2579999999999245,1,10
74,10s,1,48,5.668000000000006,0.012000000000057298,0,10
74,10s,1,49,0.41399999999998727,10.392000000000053,0,10
74,10s,1,50,9.533999999999992,10.419999999999959,0,10
74,10s,1,51,0.7720000000000482,10.267999999999915,0,10
74,10s,1,52,0.8799999999999955,0.06000000000005912,0,10
74,10s,1,53,0.33799999999996544,0.06799999999998363,0,10
74,10s,1,54,0.22400000000004638,0.03199999999992542,0,10
74,10s,1,55,0.06799999999998363,10.63799999999992,0,10
74,10s,1,56,0.13600000000008095,0.05200000000002092,0,10
74,10s,1,57,6.91599999999994,10.256000000000085,0,10
74,10s,1,58,0.4079999999999018,0.07000000000005002,0,10
74,10s,1,59,12.211999999999989,3.4840000000000373,1,10
74,10s,1,60,11.987999999999943,0.6840000000000828,1,10
74,10s,1,61,0.2579999999999245,0.14800000000002456,0,10
74,10s,1,62,11.23599999999999,3.9180000000000064,1,10
74,10s,1,63,11.961999999999989,4.898000000000025,1,10
74,10s,1,64,12.98599999999999,4.4640000000000555,1,10
74,10s,1,65,8.187999999999988,10.795999999999935,0,10
74,10s,1,66,12.700000000000045,3.6539999999999964,1,10
74,10s,1,67,14.293999999999983,7.660000000000082,1,10
74,10s,1,68,12.038000000000011,3.2439999999999145,1,10
74,10s,1,69,0.30600000000004,0.026000000000067303,0,10
74,10s,1,70,14.47199999999998,4.011999999999944,1,10
74,10s,1,71,12.13799999999992,4.148000000000138,1,10
74,10s,1,72,10.864000000000033,4.773999999999887,1,10
74,10s,1,73,11.172000000000025,3.8179999999999836,1,10
74,10s,1,74,10.75,4.751999999999953,1,10
74,10s,1,75,9.248000000000047,0.09400000000005093,0,10
74,10s,1,76,9.91599999999994,11.05600000000004,0,10
74,10s,1,77,9.670000000000073,10.241999999999962,0,10
74,10s,1,78,11.54600000000005,3.7259999999998854,1,10
74,10s,1,79,13.001999999999953,4.064000000000078,1,10
74,10s,1,80,13.187999999999874,0.07800000000020191,1,10
74,10s,1,81,0.15399999999999636,10.490000000000009,0,10
74,10s,1,82,8.299999999999955,10.33199999999988,0,10
74,10s,1,83,12.720000000000027,3.3940000000000055,1,10
74,10s,1,84,11.155999999999949,3.630000000000109,1,10
74,10s,1,85,12.849999999999909,4.0779999999999745,1,10
74,10s,1,86,12.754000000000133,3.4659999999998945,1,10
74,10s,1,87,11.230000000000018,4.751999999999953,1,10
74,10s,1,88,11.57400000000007,4.685999999999922,1,10
74,10s,1,89,13.544000000000096,4.867999999999938,1,10
74,10s,1,90,11.981999999999971,4.817999999999984,1,10
74,10s,1,91,1.30600000000004,0.024000000000114596,0,10
74,10s,1,92,0.4780000000000655,11.758000000000038,0,10
74,10s,1,93,4.0779999999999745,0.029999999999972715,0,10
74,10s,1,94,10.234000000000151,3.3899999999998727,1,10
74,10s,1,95,12.054000000000087,3.8079999999999927,1,10
74,10s,1,96,1.2539999999999054,0.026000000000067303,0,10
74,10s,1,97,12.245999999999867,15.276000000000067,1,10
74,10s,1,98,13.317999999999984,3.9179999999998927,1,10
74,10s,1,99,11.600000000000136,4.405999999999949,1,10
74,10s,1,100,9.723999999999933,,0,10
74,10s,2,1,0.8200000000000003,0.07600000000000051,0,10
74,10s,2,2,10.164000000000001,4.955999999999996,1,10
74,10s,2,3,0.2640000000000029,12.692,0,10
74,10s,2,4,9.138000000000005,10.274000000000001,0,10
74,10s,2,5,0.5419999999999874,0.030000000000001137,0,10
74,10s,2,6,4.689999999999998,0.02400000000000091,0,10
74,10s,2,7,0.46999999999999886,0.09600000000000364,0,10
74,10s,2,8,11.862000000000009,4.185999999999979,1,10
74,10s,2,9,10.114000000000004,4.116000000000014,1,10
74,10s,2,10,9.799999999999983,11.506,0,10
74,10s,2,11,16.396000000000015,3.9339999999999975,1,10
74,10s,2,12,0.6140000000000043,0.02400000000000091,0,10
74,10s,2,13,14.982,3.5600000000000023,1,10
74,10s,2,14,12.104000000000013,3.3899999999999864,1,10
74,10s,2,15,14.54000000000002,4.536000000000001,1,10
74,10s,2,16,15.680000000000007,3.9899999999999523,1,10
74,10s,2,17,10.55400000000003,5.481999999999971,1,10
74,10s,2,18,14.53000000000003,4.301999999999964,1,10
74,10s,2,19,12.06800000000004,4.069999999999993,1,10
74,10s,2,20,13.192000000000007,3.358000000000004,1,10
74,10s,2,21,13.301999999999964,4.914000000000044,1,10
74,10s,2,22,7.161999999999978,10.225999999999999,0,10
74,10s,2,23,13.124000000000024,4.573999999999955,1,10
74,10s,2,24,13.970000000000027,3.7479999999999905,1,10
74,10s,2,25,2.7860000000000014,0.02400000000000091,0,10
74,10s,2,26,4.912000000000035,0.03799999999995407,0,10
74,10s,2,27,0.40999999999996817,0.06200000000001182,0,10
74,10s,2,28,11.968000000000018,4.006000000000029,1,10
74,10s,2,29,10.0,2.7159999999999513,0,10
74,10s,2,30,0.47800000000000864,0.014000000000010004,0,10
74,10s,2,31,11.622000000000014,3.2060000000000173,1,10
74,10s,2,32,10.220000000000027,3.425999999999931,1,10
74,10s,2,33,9.800000000000068,10.727999999999952,0,10
74,10s,2,34,10.019999999999982,2.826000000000022,1,10
74,10s,2,35,10.686000000000035,3.655999999999949,1,10
74,10s,2,36,11.697999999999979,6.52800000000002,1,10
74,10s,2,37,14.724000000000046,4.305999999999926,1,10
74,10s,2,38,11.288000000000011,3.4920000000000755,1,10
74,10s,2,39,15.573999999999955,3.3940000000000055,1,10
74,10s,2,40,8.977999999999952,11.022000000000048,0,10
74,10s,2,41,11.303999999999974,3.282000000000039,1,10
74,10s,2,42,11.967999999999961,5.854000000000042,1,10
74,10s,2,43,12.638000000000034,5.8700000000000045,1,10
74,10s,2,44,9.745999999999981,10.605999999999995,0,10
74,10s,2,45,11.375999999999976,3.7480000000000473,1,10
74,10s,2,46,10.521999999999935,4.8940000000000055,1,10
74,10s,2,47,11.494000000000028,3.268000000000029,1,10
74,10s,2,48,10.211999999999989,3.951999999999998,1,10
74,10s,2,49,13.483999999999924,4.3700000000000045,1,10
74,10s,2,50,9.728000000000065,12.066000000000031,0,10
74,10s,2,51,10.837999999999965,4.504000000000019,1,10
74,10s,2,52,9.577999999999975,10.379999999999995,0,10
74,10s,2,53,7.731999999999971,0.02800000000002001,0,10
74,10s,2,54,13.076000000000022,2.45799999999997,1,10
74,10s,2,55,12.79200000000003,2.69399999999996,1,10
74,10s,2,56,14.002000000000066,4.173999999999978,1,10
74,10s,2,57,7.032000000000039,0.021999999999934516,0,10
74,10s,2,58,14.507999999999925,4.392000000000053,1,10
74,10s,2,59,12.950000000000045,4.437999999999988,1,10
74,10s,2,60,11.581999999999994,2.47199999999998,1,10
74,10s,2,61,10.81000000000006,3.1079999999999472,1,10
74,10s,2,62,13.16599999999994,2.3859999999999673,1,10
74,10s,2,63,12.052000000000135,3.433999999999969,1,10
74,10s,2,64,13.152000000000044,4.614000000000033,1,10
74,10s,2,65,13.601999999999862,3.8640000000000327,1,10
74,10s,2,66,12.993999999999915,5.342000000000098,1,10
74,10s,2,67,12.172000000000025,3.8299999999999272,1,10
74,10s,2,68,15.20399999999995,5.012000000000171,1,10
74,10s,2,69,4.4659999999998945,0.03199999999992542,0,10
74,10s,2,70,12.55600000000004,4.692000000000007,1,10
74,10s,2,71,13.371999999999844,2.740000000000009,1,10
74,10s,2,72,14.52800000000002,4.258000000000038,1,10
74,10s,2,73,12.210000000000036,2.316000000000031,1,10
74,10s,2,74,12.700000000000045,7.009999999999991,1,10
74,10s,2,75,12.901999999999816,3.546000000000049,1,10
74,10s,2,76,7.620000000000118,0.021999999999934516,0,10
74,10s,2,77,11.826000000000022,5.349999999999909,1,10
74,10s,2,78,13.026000000000067,4.791999999999916,1,10
74,10s,2,79,12.978000000000065,3.599999999999909,1,10
74,10s,2,80,0.22000000000002728,0.013999999999896318,0,10
74,10s,2,81,0.33600000000001273,0.12200000000007094,0,10
74,10s,2,82,9.708000000000084,10.86999999999989,0,10
74,10s,2,83,5.357999999999947,0.018000000000029104,0,10
74,10s,2,84,8.155999999999949,10.458000000000084,0,10
74,10s,2,85,10.707999999999856,2.9440000000001874,1,10
74,10s,2,86,0.07399999999984175,0.029999999999972715,0,10
74,10s,2,87,13.426000000000158,3.647999999999911,1,10
74,10s,2,88,12.021999999999935,3.508000000000038,1,10
74,10s,2,89,11.592000000000098,5.097999999999956,1,10
74,10s,2,90,14.680000000000064,5.576000000000022,1,10
74,10s,2,91,14.183999999999969,4.573999999999842,1,10
74,10s,2,92,11.33400000000006,2.5960000000000036,1,10
74,10s,2,93,14.057999999999993,3.658000000000129,1,10
74,10s,2,94,10.855999999999995,4.723999999999933,1,10
74,10s,2,95,13.60200000000009,5.235999999999876,1,10
74,10s,2,96,11.839999999999918,3.866000000000213,1,10
74,10s,2,97,12.69199999999978,11.160000000000082,1,10
74,10s,2,98,12.127999999999929,3.5980000000001837,1,10
74,10s,2,99,11.25799999999981,4.082000000000107,1,10
74,10s,2,100,2.231999999999971,0.038000000000010914,0,10
74,10s,3,1,2.176000000000002,0.15199999999999392,0,10
74,10s,3,2,3.102000000000004,10.489999999999995,0,10
74,10s,3,3,0.16400000000000148,0.11400000000000432,0,10
74,10s,3,4,0.6760000000000019,0.04399999999999693,0,10
74,10s,3,5,0.6119999999999948,0.06400000000000716,0,10
74,10s,3,6,0.44199999999999307,0.05000000000001137,0,10
74,10s,3,7,11.263999999999996,3.9480000000000075,1,10
74,10s,3,8,12.779999999999987,3.852000000000004,1,10
74,10s,3,9,13.668000000000006,3.9939999999999998,1,10
74,10s,3,10,7.484000000000009,11.143999999999977,0,10
74,10s,3,11,11.818000000000012,3.048000000000002,1,10
74,10s,3,12,4.455999999999989,0.014000000000010004,0,10
74,10s,3,13,0.4480000000000075,0.033999999999991815,0,10
74,10s,3,14,8.557999999999993,0.02400000000000091,0,10
74,10s,3,15,9.561999999999983,10.677999999999997,0,10
74,10s,3,16,14.544000000000011,3.656000000000006,1,10
74,10s,3,17,13.409999999999968,3.660000000000025,1,10
74,10s,3,18,9.694000000000017,10.870000000000005,0,10
74,10s,3,19,15.007999999999981,0.04199999999997317,1,10
74,10s,3,20,0.10800000000000409,10.298000000000002,0,10
74,10s,3,21,12.262,3.090000000000032,1,10
74,10s,3,22,10.52600000000001,5.274000000000001,1,10
74,10s,3,23,14.117999999999995,4.2239999999999895,1,10
74,10s,3,24,12.031999999999982,4.0919999999999845,1,10
74,10s,3,25,14.272000000000048,4.325999999999965,1,10
74,10s,3,26,1.1059999999999945,0.03000000000002956,0,10
74,10s,3,27,0.6220000000000141,0.04399999999998272,0,10
74,10s,3,28,14.267999999999972,3.533999999999992,1,10
74,10s,3,29,10.868000000000052,3.981999999999971,1,10
74,10s,3,30,13.637999999999977,3.684000000000026,1,10
74,10s,3,31,12.033999999999992,4.1159999999999854,1,10
74,10s,3,32,13.678000000000054,3.5779999999999745,1,10
74,10s,3,33,14.75,3.741999999999962,1,10
74,10s,3,34,14.522000000000048,2.5,1,10
74,10s,3,35,13.93999999999994,4.382000000000062,1,10
74,10s,3,36,13.365999999999985,3.8940000000000055,1,10
74,10s,3,37,12.942000000000007,4.361999999999966,1,10
74,10s,3,38,11.420000000000073,2.939999999999941,1,10
74,10s,3,39,12.734000000000037,4.351999999999975,1,10
74,10s,3,40,12.529999999999973,4.254000000000019,1,10
74,10s,3,41,6.04200000000003,0.025999999999953616,0,10
74,10s,3,42,14.346000000000004,3.1539999999999964,1,10
74,10s,3,43,11.814000000000078,3.5879999999999654,1,10
74,10s,3,44,11.481999999999971,4.779999999999973,1,10
74,10s,3,45,10.474000000000046,3.844000000000051,1,10
74,10s,3,46,11.819999999999936,3.046000000000049,1,10
74,10s,3,47,11.851999999999975,4.737999999999943,1,10
74,10s,3,48,14.906000000000063,3.8700000000000045,1,10
74,10s,3,49,9.572000000000003,10.627999999999929,0,10
74,10s,3,50,5.066000000000031,10.51400000000001,0,10
74,10s,3,51,12.091999999999985,3.5960000000000036,1,10
74,10s,3,52,11.303999999999974,3.05600000000004,1,10
74,10s,3,53,12.100000000000023,3.8319999999999936,1,10
74,10s,3,54,5.241999999999962,10.254000000000019,0,10
74,10s,3,55,9.162000000000035,0.07799999999997453,0,10
74,10s,3,56,14.949999999999932,2.3799999999999955,1,10
74,10s,3,57,5.216000000000008,10.710000000000036,0,10
74,10s,3,58,15.998000000000047,2.8279999999999745,1,10
74,10s,3,59,12.346000000000004,4.073999999999955,1,10
74,10s,3,60,14.303999999999974,3.2900000000000773,1,10
74,10s,3,61,14.809999999999945,2.812000000000012,1,10
74,10s,3,62,16.466000000000008,4.038000000000011,1,10
74,10s,3,63,18.18399999999997,3.004000000000133,1,10
74,10s,3,64,12.787999999999784,4.616000000000213,1,10
74,10s,3,65,14.381999999999834,2.6520000000000437,1,10
74,10s,3,66,13.923999999999978,3.6000000000001364,1,10
74,10s,3,67,15.401999999999816,3.9039999999999964,1,10
74,10s,3,68,14.374000000000024,3.9200000000000728,1,10
74,10s,3,69,14.877999999999929,4.836000000000013,1,10
74,10s,3,70,13.30600000000004,3.6359999999999673,1,10
74,10s,3,71,13.104000000000042,4.624000000000024,1,10
74,10s,3,72,14.405999999999949,4.127999999999929,1,10
74,10s,3,73,15.27800000000002,4.296000000000049,1,10
74,10s,3,74,15.91800000000012,6.263999999999896,1,10
74,10s,3,75,7.653999999999996,0.11799999999993815,0,10
74,10s,3,76,15.90800000000013,3.3659999999999854,1,10
74,10s,3,77,15.867999999999938,2.5779999999999745,1,10
74,10s,3,78,11.45399999999995,3.326000000000022,1,10
74,10s,3,79,11.392000000000053,0.018000000000029104,1,10
74,10s,3,80,2.7999999999999545,13.683999999999969,0,10
74,10s,3,81,16.29600000000005,4.27800000000002,1,10
74,10s,3,82,11.52800000000002,4.725999999999885,1,10
74,10s,3,83,9.900000000000091,13.011999999999944,0,10
74,10s,3,84,14.092000000000098,3.5579999999999927,1,10
74,10s,3,85,13.738000000000056,5.371999999999844,1,10
74,10s,3,86,10.426000000000158,4.6879999999998745,1,10
74,10s,3,87,17.036000000000058,16.15599999999995,1,10
74,10s,3,88,10.756000000000085,11.659999999999854,1,10
74,10s,3,89,12.728000000000065,4.986000000000104,1,10
74,10s,3,90,0.6039999999998145,0.026000000000067303,0,10
74,10s,3,91,0.4519999999999982,0.06999999999993634,0,10
74,10s,3,92,13.148000000000138,3.3360000000000127,1,10
74,10s,3,93,11.39799999999991,2.5399999999999636,1,10
74,10s,3,94,12.144000000000005,4.3900000000001,1,10
74,10s,3,95,9.403999999999996,10.321999999999889,0,10
74,10s,3,96,0.5020000000001801,0.02800000000002001,0,10
74,10s,3,97,10.045999999999822,3.938000000000102,1,10
74,10s,3,98,11.614000000000033,3.8079999999999927,1,10
74,10s,3,99,11.086000000000013,4.293999999999869,1,10
74,10s,3,100,10.488000000000056,,1,10
74,10s,4,1,1.8279999999999959,10.170000000000002,0,10
74,10s,4,2,2.0,10.402000000000001,0,10
74,10s,4,3,4.588000000000001,10.245999999999995,0,10
74,10s,4,4,0.382000000000005,0.054000000000002046,0,10
74,10s,4,5,9.097999999999999,11.177999999999997,0,10
74,10s,4,6,12.108000000000004,8.477999999999994,1,10
74,10s,4,7,8.137999999999991,10.28400000000002,0,10
74,10s,4,8,0.3959999999999866,0.0759999999999934,0,10
74,10s,4,9,16.55800000000002,3.9539999999999793,1,10
74,10s,4,10,15.843999999999994,4.736000000000018,1,10
74,10s,4,11,14.97399999999999,4.027999999999992,1,10
74,10s,4,12,10.492000000000019,5.47999999999999,1,10
74,10s,4,13,11.578000000000003,4.716000000000008,1,10
74,10s,4,14,0.07999999999998408,0.038000000000010914,0,10
74,10s,4,15,16.927999999999997,4.350000000000023,1,10
74,10s,4,16,12.16799999999995,4.086000000000013,1,10
74,10s,4,17,9.939999999999998,10.492000000000019,0,10
74,10s,4,18,0.10800000000000409,0.05000000000001137,0,10
74,10s,4,19,18.646000000000015,3.623999999999967,1,10
74,10s,4,20,10.80400000000003,4.4879999999999995,1,10
74,10s,4,21,9.663999999999987,0.09800000000001319,0,10
74,10s,4,22,14.72399999999999,4.110000000000014,1,10
74,10s,4,23,8.25,0.036000000000001364,0,10
74,10s,4,24,0.4420000000000073,0.06799999999998363,0,10
74,10s,4,25,14.925999999999988,3.4879999999999995,1,10
74,10s,4,26,14.581999999999994,4.072000000000003,1,10
74,10s,4,27,10.966000000000008,2.27800000000002,1,10
74,10s,4,28,11.401999999999987,3.225999999999999,1,10
74,10s,4,29,12.874000000000024,2.617999999999995,1,10
74,10s,4,30,10.990000000000009,3.1680000000000064,1,10
74,10s,4,31,13.289999999999964,4.138000000000034,1,10
74,10s,4,32,0.06399999999996453,0.029999999999972715,0,10
74,10s,4,33,17.896000000000072,4.067999999999984,1,10
74,10s,4,34,9.98599999999999,10.244000000000028,0,10
74,10s,4,35,14.309999999999945,5.231999999999971,1,10
74,10s,4,36,11.724000000000046,3.8179999999999836,1,10
74,10s,4,37,15.888000000000034,5.2719999999999345,1,10
74,10s,4,38,13.794000000000096,4.267999999999915,1,10
74,10s,4,39,13.298000000000002,3.326000000000022,1,10
74,10s,4,40,16.398000000000025,2.963999999999942,1,10
74,10s,4,41,14.998000000000047,3.0159999999999627,1,10
74,10s,4,42,11.816000000000031,3.9060000000000628,1,10
74,10s,4,43,12.747999999999934,3.3619999999999663,1,10
74,10s,4,44,12.653999999999996,2.6620000000000346,1,10
74,10s,4,45,14.454000000000065,2.5579999999999927,1,10
74,10s,4,46,14.269999999999982,3.5639999999999645,1,10
74,10s,4,47,13.79200000000003,3.509999999999991,1,10
74,10s,4,48,12.918000000000006,3.1860000000000355,1,10
74,10s,4,49,14.979999999999905,3.8940000000000055,1,10
74,10s,4,50,14.769999999999982,6.474000000000046,1,10
74,10s,4,51,13.484000000000037,3.6639999999999873,1,10
74,10s,4,52,12.29200000000003,3.377999999999929,1,10
74,10s,4,53,11.950000000000045,3.0879999999999654,1,10
74,10s,4,54,12.451999999999998,3.548000000000002,1,10
74,10s,4,55,10.922000000000025,3.508000000000038,1,10
74,10s,4,56,14.009999999999991,3.7299999999999045,1,10
74,10s,4,57,13.186000000000035,6.956000000000017,1,10
74,10s,4,58,11.104000000000042,4.7859999999999445,1,10
74,10s,4,59,11.272000000000048,4.685999999999922,1,10
74,10s,4,60,10.327999999999975,6.066000000000031,1,10
74,10s,4,61,1.3400000000001455,0.11999999999989086,0,10
74,10s,4,62,11.463999999999942,3.3900000000001,1,10
74,10s,4,63,10.255999999999858,2.5540000000000873,1,10
74,10s,4,64,12.153999999999996,2.6639999999999873,1,10
74,10s,4,65,6.986000000000104,0.023999999999887223,0,10
74,10s,4,66,9.115999999999985,10.374000000000024,0,10
74,10s,4,67,0.5579999999999927,0.04600000000004911,0,10
74,10s,4,68,0.3040000000000873,0.08600000000001273,0,10
74,10s,4,69,12.81399999999985,3.3120000000001255,1,10
74,10s,4,70,12.461999999999989,3.6979999999998654,1,10
74,10s,4,71,12.560000000000173,2.241999999999962,1,10
74,10s,4,72,13.677999999999884,2.188000000000102,1,10
74,10s,4,73,12.728000000000065,2.4579999999998563,1,10
74,10s,4,74,14.238000000000056,3.298000000000002,1,10
74,10s,4,75,13.75,4.347999999999956,1,10
74,10s,4,76,15.692000000000007,3.5540000000000873,1,10
74,10s,4,77,13.451999999999998,4.563999999999851,1,10
74,10s,4,78,11.822000000000116,3.72199999999998,1,10
74,10s,4,79,10.246000000000095,4.063999999999851,1,10
74,10s,4,80,12.539999999999964,5.290000000000191,1,10
74,10s,4,81,11.189999999999827,3.0060000000000855,1,10
74,10s,4,82,10.407999999999902,4.320000000000164,1,10
74,10s,4,83,9.72199999999998,10.519999999999982,0,10
74,10s,4,84,0.5679999999999836,0.049999999999954525,0,10
74,10s,4,85,12.274000000000115,2.783999999999878,1,10
74,10s,4,86,12.867999999999938,2.2200000000000273,1,10
74,10s,4,87,9.60200000000009,10.218000000000075,0,10
74,10s,4,88,13.199999999999818,4.324000000000069,1,10
74,10s,4,89,11.281999999999925,3.790000000000191,1,10
74,10s,4,90,9.89799999999991,10.779999999999973,0,10
74,10s,4,91,10.026000000000067,11.735999999999876,1,10
74,10s,4,92,11.403999999999996,3.0540000000000873,1,10
74,10s,4,93,12.019999999999982,4.089999999999918,1,10
74,10s,4,94,14.072000000000116,3.258000000000038,1,10
74,10s,4,95,9.346000000000004,10.238000000000056,0,10
74,10s,4,96,0.8039999999998599,0.07200000000011642,0,10
74,10s,4,97,10.259999999999991,4.836000000000013,1,10
74,10s,4,98,8.610000000000127,0.023999999999887223,0,10
74,10s,4,99,13.708000000000084,4.189999999999827,1,10
74,10s,4,100,15.30600000000004,,1,10
74,10s,5,1,2.8019999999999996,10.182000000000002,0,10
74,10s,5,2,0.018000000000000682,0.09599999999999653,0,10
74,10s,5,3,1.740000000000002,0.047999999999994714,0,10
74,10s,5,4,11.772000000000006,5.426000000000002,1,10
74,10s,5,5,0.10200000000000387,0.031999999999996476,0,10
74,10s,5,6,11.805999999999997,4.540000000000006,1,10
74,10s,5,7,12.346000000000004,5.793999999999997,1,10
74,10s,5,8,13.194000000000003,4.319999999999993,1,10
74,10s,5,9,12.813999999999993,4.938000000000017,1,10
74,10s,5,10,14.397999999999996,3.813999999999993,1,10
74,10s,5,11,9.415999999999997,0.04400000000001114,0,10
74,10s,5,12,11.461999999999989,3.6440000000000055,1,10
74,10s,5,13,14.310000000000002,3.1359999999999957,1,10
74,10s,5,14,13.632000000000005,3.210000000000008,1,10
74,10s,5,15,10.949999999999989,4.927999999999997,1,10
74,10s,5,16,13.788000000000011,2.9879999999999995,1,10
74,10s,5,17,19.269999999999982,2.867999999999995,1,10
74,10s,5,18,10.06800000000004,2.9219999999999686,1,10
74,10s,5,19,11.442000000000007,1.9220000000000255,1,10
74,10s,5,20,15.351999999999975,3.593999999999994,1,10
74,10s,5,21,12.504000000000019,2.632000000000005,1,10
74,10s,5,22,15.418000000000006,3.1819999999999595,1,10
74,10s,5,23,12.730000000000018,2.867999999999995,1,10
74,10s,5,24,1.9560000000000173,0.029999999999972715,0,10
74,10s,5,25,0.2319999999999709,0.02400000000000091,0,10
74,10s,5,26,9.23399999999998,10.194000000000017,0,10
74,10s,5,27,15.586000000000013,2.919999999999959,1,10
74,10s,5,28,12.980000000000018,3.6000000000000227,1,10
74,10s,5,29,12.907999999999959,3.4360000000000355,1,10
74,10s,5,30,12.079999999999984,3.759999999999991,1,10
74,10s,5,31,13.51400000000001,3.0879999999999654,1,10
74,10s,5,32,11.480000000000018,3.283999999999992,1,10
74,10s,5,33,14.416000000000054,4.01400000000001,1,10
74,10s,5,34,12.291999999999916,3.8600000000000136,1,10
74,10s,5,35,12.878000000000043,2.687999999999988,1,10
74,10s,5,36,10.635999999999967,3.4460000000000264,1,10
74,10s,5,37,10.073999999999955,2.79200000000003,1,10
74,10s,5,38,12.396000000000072,3.0499999999999545,1,10
74,10s,5,39,8.371999999999957,10.451999999999998,0,10
74,10s,5,40,9.272000000000048,0.02400000000000091,0,10
74,10s,5,41,13.167999999999893,3.174000000000092,1,10
74,10s,5,42,9.93999999999994,10.148000000000025,0,10
74,10s,5,43,12.706000000000017,3.0499999999999545,1,10
74,10s,5,44,12.854000000000042,3.29200000000003,1,10
74,10s,5,45,1.8079999999999927,0.017999999999915417,0,10
74,10s,5,46,0.9039999999999964,0.06200000000001182,0,10
74,10s,5,47,11.190000000000055,3.63799999999992,1,10
74,10s,5,48,9.332000000000107,10.205999999999904,0,10
74,10s,5,49,13.040000000000077,3.048000000000002,1,10
74,10s,5,50,9.279999999999973,10.275999999999954,0,10
74,10s,5,51,11.389999999999986,2.4260000000000446,1,10
74,10s,5,52,9.73599999999999,10.620000000000005,0,10
74,10s,5,53,12.371999999999957,4.024000000000001,1,10
74,10s,5,54,11.212000000000103,2.2899999999999636,1,10
74,10s,5,55,10.769999999999982,3.0539999999999736,1,10
74,10s,5,56,11.115999999999985,3.8840000000000146,1,10
74,10s,5,57,11.506000000000085,3.7519999999999527,1,10
74,10s,5,58,10.758000000000038,3.451999999999998,1,10
74,10s,5,59,10.183999999999969,4.283999999999992,1,10
74,10s,5,60,10.594000000000051,4.421999999999912,1,10
74,10s,5,61,12.807999999999993,3.754000000000019,1,10
74,10s,5,62,9.639999999999986,12.996000000000095,0,10
74,10s,5,63,10.998000000000047,2.8519999999998618,1,10
74,10s,5,64,9.807999999999993,10.327999999999975,0,10
74,10s,5,65,10.90800000000013,3.4120000000000346,1,10
74,10s,5,66,12.298000000000002,3.3439999999998236,1,10
74,10s,5,67,10.948000000000093,3.4939999999999145,1,10
74,10s,5,68,11.024000000000115,4.382000000000062,1,10
74,10s,5,69,11.225999999999885,3.3640000000000327,1,10
74,10s,5,70,11.162000000000035,3.7000000000000455,1,10
74,10s,5,71,13.048000000000002,4.30399999999986,1,10
74,10s,5,72,11.822000000000116,3.55399999999986,1,10
74,10s,5,73,11.942000000000007,3.617999999999938,1,10
74,10s,5,74,12.670000000000073,3.9480000000000928,1,10
74,10s,5,75,13.179999999999836,3.8300000000001546,1,10
74,10s,5,76,13.419999999999845,4.636000000000195,1,10
74,10s,5,77,10.513999999999896,0.07799999999997453,1,10
74,10s,5,78,0.13800000000014734,0.02599999999983993,0,10
74,10s,5,79,12.273999999999887,3.58400000000006,1,10
74,10s,5,80,10.945999999999913,3.4340000000001965,1,10
74,10s,5,81,10.95399999999995,3.2339999999999236,1,10
74,10s,5,82,10.142000000000053,4.725999999999885,1,10
74,10s,5,83,12.092000000000098,4.114000000000033,1,10
74,10s,5,84,6.417999999999893,23.15000000000009,0,10
74,10s,5,85,10.47199999999998,2.8920000000000528,1,10
74,10s,5,86,11.051999999999907,4.461999999999989,1,10
74,10s,5,87,11.632000000000062,3.3740000000000236,1,10
74,10s,5,88,11.365999999999985,3.953999999999951,1,10
74,10s,5,89,11.673999999999978,4.130000000000109,1,10
74,10s,5,90,13.939999999999827,4.518000000000029,1,10
74,10s,5,91,12.087999999999965,5.818000000000211,1,10
74,10s,5,92,13.937999999999874,4.5060000000000855,1,10
74,10s,5,93,11.740000000000009,4.939999999999827,1,10
74,10s,5,94,13.163999999999987,3.480000000000018,1,10
74,10s,5,95,8.870000000000118,10.301999999999907,0,10
74,10s,5,96,9.874000000000024,10.708000000000084,0,10
74,10s,5,97,12.233999999999924,2.9760000000001128,1,10
74,10s,5,98,9.309999999999945,10.173999999999978,0,10
74,10s,5,99,13.627999999999929,3.772000000000162,1,10
74,10s,5,100,11.019999999999982,,1,10
74,10s,6,1,9.980000000000004,10.361999999999995,0,10
74,10s,6,2,0.730000000000004,10.272000000000006,0,10
74,10s,6,3,0.6979999999999933,0.04399999999999693,0,10
74,10s,6,4,10.506,7.60199999999999,1,10
74,10s,6,5,12.86800000000001,3.5960000000000036,1,10
74,10s,6,6,10.105999999999995,4.141999999999996,1,10
74,10s,6,7,10.50399999999999,4.132000000000005,1,10
74,10s,6,8,12.969999999999999,5.300000000000011,1,10
74,10s,6,9,10.244,3.5420000000000016,1,10
74,10s,6,10,1.5960000000000036,0.031999999999982265,0,10
74,10s,6,11,11.968000000000018,3.9739999999999895,1,10
74,10s,6,12,0.10200000000000387,0.018000000000000682,0,10
74,10s,6,13,10.495999999999981,4.498000000000019,1,10
74,10s,6,14,10.909999999999997,4.061999999999983,1,10
74,10s,6,15,11.644000000000005,9.662000000000006,1,10
74,10s,6,16,9.204000000000008,10.149999999999977,0,10
74,10s,6,17,11.360000000000014,4.692000000000007,1,10
74,10s,6,18,12.122000000000014,3.3179999999999836,1,10
74,10s,6,19,12.199999999999989,3.3079999999999927,1,10
74,10s,6,20,0.5740000000000123,0.03000000000002956,0,10
74,10s,6,21,13.123999999999967,2.8180000000000405,1,10
74,10s,6,22,9.033999999999992,10.729999999999961,0,10
74,10s,6,23,5.094000000000051,0.013999999999953161,0,10
74,10s,6,24,11.762,4.331999999999994,1,10
74,10s,6,25,8.819999999999993,10.22199999999998,0,10
74,10s,6,26,13.771999999999991,3.7100000000000364,1,10
74,10s,6,27,11.373999999999967,3.8520000000000323,1,10
74,10s,6,28,13.627999999999986,3.7520000000000095,1,10
74,10s,6,29,13.199999999999989,3.923999999999978,1,10
74,10s,6,30,10.798000000000002,3.0680000000000405,1,10
74,10s,6,31,13.810000000000002,4.059999999999945,1,10
74,10s,6,32,9.686000000000035,11.096000000000004,0,10
74,10s,6,33,10.295999999999935,3.1960000000000264,1,10
74,10s,6,34,9.840000000000032,10.817999999999984,0,10
74,10s,6,35,12.307999999999993,6.248000000000047,1,10
74,10s,6,36,11.346000000000004,2.891999999999939,1,10
74,10s,6,37,11.790000000000077,3.3059999999999263,1,10
74,10s,6,38,11.396000000000072,4.203999999999951,1,10
74,10s,6,39,10.336000000000013,5.211999999999989,1,10
74,10s,6,40,10.563999999999965,3.604000000000042,1,10
74,10s,6,41,13.727999999999952,5.427999999999997,1,10
74,10s,6,42,9.870000000000005,10.31000000000006,0,10
74,10s,6,43,10.494000000000028,3.811999999999898,1,10
74,10s,6,44,9.058000000000106,10.251999999999953,0,10
74,10s,6,45,12.759999999999991,4.118000000000052,1,10
74,10s,6,46,10.891999999999939,3.796000000000049,1,10
74,10s,6,47,2.7919999999999163,0.10400000000004184,0,10
74,10s,6,48,12.090000000000032,3.240000000000009,1,10
74,10s,6,49,0.6499999999999773,0.033999999999991815,0,10
74,10s,6,50,13.818000000000097,3.5939999999999372,1,10
74,10s,6,51,10.615999999999985,3.9220000000000255,1,10
74,10s,6,52,8.20399999999995,10.316000000000031,0,10
74,10s,6,53,9.169999999999959,11.668000000000006,0,10
74,10s,6,54,12.605999999999995,3.6400000000001,1,10
74,10s,6,55,10.067999999999984,3.576000000000022,1,10
74,10s,6,56,9.799999999999955,10.95399999999995,0,10
74,10s,6,57,12.874000000000024,5.022000000000048,1,10
74,10s,6,58,10.903999999999996,4.353999999999928,1,10
74,10s,6,59,13.288000000000011,3.272000000000048,1,10
74,10s,6,60,11.557999999999993,3.7899999999999636,1,10
74,10s,6,61,11.238000000000056,3.759999999999991,1,10
74,10s,6,62,12.493999999999915,5.461999999999989,1,10
74,10s,6,63,12.284000000000106,3.602000000000089,1,10
74,10s,6,64,11.819999999999936,3.8640000000000327,1,10
74,10s,6,65,11.44399999999996,3.980000000000018,1,10
74,10s,6,66,11.023999999999887,2.538000000000011,1,10
74,10s,6,67,13.096000000000004,3.1380000000001473,1,10
74,10s,6,68,9.75,10.61999999999989,0,10
74,10s,6,69,11.894000000000005,3.036000000000058,1,10
74,10s,6,70,10.659999999999854,5.360000000000127,1,10
74,10s,6,71,10.501999999999953,3.3360000000000127,1,10
74,10s,6,72,10.1400000000001,2.4939999999999145,1,10
74,10s,6,73,9.288000000000011,11.001999999999953,0,10
74,10s,6,74,11.061999999999898,3.048000000000002,1,10
74,10s,6,75,11.172000000000025,3.8580000000001746,1,10
74,10s,6,76,10.548000000000002,3.477999999999838,1,10
74,10s,6,77,10.960000000000036,3.4960000000000946,1,10
74,10s,6,78,11.033999999999878,4.038000000000011,1,10
74,10s,6,79,10.268000000000029,9.549999999999955,1,10
74,10s,6,80,12.274000000000115,4.9099999999998545,1,10
74,10s,6,81,11.97400000000016,5.451999999999998,1,10
74,10s,6,82,10.995999999999867,4.5779999999999745,1,10
74,10s,6,83,11.966000000000122,4.129999999999882,1,10
74,10s,6,84,10.794000000000096,4.481999999999971,1,10
74,10s,6,85,13.504000000000133,7.167999999999893,1,10
74,10s,6,86,9.284000000000106,10.457999999999856,0,10
74,10s,6,87,9.289999999999964,10.332000000000107,0,10
74,10s,6,88,10.975999999999885,3.436000000000149,1,10
74,10s,6,89,10.798000000000002,3.951999999999998,1,10
74,10s,6,90,9.839999999999918,10.337999999999965,0,10
74,10s,6,91,12.708000000000084,2.796000000000049,1,10
74,10s,6,92,9.677999999999884,10.776000000000067,0,10
74,10s,6,93,3.2239999999999327,0.01999999999998181,0,10
74,10s,6,94,10.705999999999904,3.8479999999999563,1,10
74,10s,6,95,9.96400000000017,11.015999999999849,0,10
74,10s,6,96,9.968000000000075,10.155999999999949,0,10
74,10s,6,97,9.756000000000085,10.253999999999905,0,10
74,10s,6,98,9.016000000000076,10.211999999999989,0,10
74,10s,6,99,0.06199999999989814,0.02800000000002001,0,10
74,10s,6,100,12.258000000000038,,1,10
