rat,group,session,trial,duration,iti,reinforced,criterion
87,random,1,1,0.26200000000000045,0.027999999999998693,0,0.5
87,random,1,3,0.240000000000002,4.2280000000000015,0,0.5
87,random,1,4,0.13400000000000034,0.031999999999996476,0,0.5
87,random,1,6,0.1839999999999975,3.030000000000001,0,0.5
87,random,1,7,0.18999999999999773,2.852000000000004,0,0.5
87,random,1,8,0.35599999999999454,3.878,0,0.5
87,random,1,9,0.20000000000000284,0.09000000000000341,0,0.5
87,random,1,11,0.1839999999999975,2.504000000000005,0,0.5
87,random,1,12,0.20400000000000063,0.0379999999999967,0,0.5
87,random,1,14,0.23399999999999466,0.06399999999999295,0,0.5
87,random,1,17,0.2259999999999991,4.192000000000007,0,0.5
87,random,1,18,0.20399999999999352,2.853999999999999,0,0.5
87,random,1,19,0.11200000000000898,0.0759999999999934,0,0.5
87,random,1,21,0.5900000000000034,1.3299999999999983,1,0.5
87,random,1,22,1.0900000000000034,3.3259999999999934,1,0.5
87,random,1,23,0.8760000000000048,0.14000000000000057,1,0.5
87,random,1,24,0.055999999999997385,4.373999999999995,0,0.6
87,random,1,25,2.480000000000004,3.397999999999996,1,0.6
87,random,1,26,0.17200000000001125,6.003999999999991,0,0.6
87,random,1,27,0.1700000000000017,2.745999999999995,0,0.6
87,random,1,28,0.14000000000000057,2.814000000000007,0,0.6
87,random,1,29,0.08799999999999386,3.7079999999999984,0,0.6
87,random,1,30,0.20400000000000773,0.054000000000002046,0,0.6
87,random,1,32,0.09999999999999432,0.14000000000000057,0,0.6
87,random,1,34,0.04600000000000648,4.11399999999999,0,0.6
87,random,1,35,0.07800000000000296,7.815999999999988,0,0.6
87,random,1,36,0.2740000000000009,3.219999999999999,0,0.6
87,random,1,37,0.28400000000002024,0.12600000000000477,0,0.6
87,random,1,39,0.19599999999999795,10.947999999999979,0,0.6
87,random,1,40,0.1419999999999959,4.152000000000015,0,0.6
87,random,1,41,0.7139999999999986,0.02199999999999136,1,0.6
87,random,1,42,0.1980000000000075,5.099999999999994,0,0.6
87,random,1,43,0.563999999999993,4.450000000000017,0,0.6
87,random,1,44,0.10599999999999454,4.5800000000000125,0,0.6
87,random,1,45,0.39399999999997704,2.4020000000000152,0,0.6
87,random,1,46,0.12999999999999545,3.0060000000000002,0,0.6
87,random,1,47,0.24399999999999977,0.036000000000001364,0,0.6
87,random,1,49,0.1559999999999775,6.106000000000023,0,0.6
87,random,1,50,0.10999999999998522,3.8079999999999927,0,0.6
87,random,1,51,0.18000000000000682,5.224000000000018,0,0.6
87,random,1,52,0.27599999999998204,0.06399999999999295,0,0.6
87,random,1,54,0.5,0.015999999999991132,0,0.6
87,random,1,56,1.3480000000000132,0.24399999999999977,1,0.6
87,random,1,57,1.3319999999999936,0.11199999999999477,1,0.6
87,random,1,58,0.04200000000000159,0.036000000000001364,0,0.6
87,random,1,61,0.10200000000000387,0.03799999999998249,0,0.6
87,random,1,63,0.0700000000000216,0.012000000000000455,0,0.6
87,random,1,65,0.09600000000000364,0.015999999999991132,0,0.6
87,random,1,67,0.18999999999999773,3.4020000000000152,0,0.6
87,random,1,68,0.539999999999992,4.444000000000017,0,0.6
87,random,1,69,0.41399999999998727,2.5560000000000116,0,0.6
87,random,1,70,0.48399999999998045,0.10400000000001342,0,0.6
87,random,1,72,0.5699999999999932,0.020000000000010232,0,0.6
87,random,1,74,0.07399999999998386,2.921999999999997,0,0.6
87,random,1,75,0.09200000000004138,9.981999999999971,0,0.6
87,random,1,76,0.08800000000002228,0.007999999999981355,0,0.6
87,random,1,77,0.48200000000002774,2.92999999999995,0,0.6
87,random,1,78,0.51400000000001,0.038000000000010914,0,0.6
87,random,1,80,0.08599999999995589,0.05200000000002092,0,0.6
87,random,1,82,0.057999999999992724,0.004000000000019099,0,0.6
87,random,1,83,0.3919999999999959,3.801999999999964,0,0.6
87,random,1,84,0.3340000000000032,14.272000000000048,0,0.6
87,random,1,85,0.19999999999998863,0.02199999999999136,0,0.6
87,random,1,87,0.5539999999999736,3.3640000000000327,0,0.6
87,random,1,88,0.0959999999999468,0.008000000000038199,0,0.6
87,random,1,89,0.13999999999998636,2.8519999999999754,0,0.6
87,random,1,90,0.26000000000004775,3.382000000000005,0,0.6
87,random,1,91,0.4519999999999982,4.289999999999964,0,0.6
87,random,1,92,0.20199999999999818,19.819999999999993,0,0.6
87,random,1,93,0.14400000000000546,2.4600000000000364,0,0.6
87,random,1,94,0.28799999999995407,7.1860000000000355,0,0.6
87,random,1,95,0.2659999999999627,0.03200000000003911,0,0.6
87,random,1,97,0.27199999999999136,8.684000000000026,0,0.6
87,random,1,98,0.07799999999997453,0.008000000000038199,0,0.6
87,random,1,99,0.9659999999999513,1.622000000000014,0,0.6
87,random,1,100,0.396000000000015,2.8100000000000023,0,0.6
87,random,1,101,0.16599999999999682,0.08999999999997499,0,0.6
87,random,1,103,0.13599999999996726,2.636000000000024,0,0.6
87,random,1,104,0.160000000000025,4.109999999999957,0,0.6
87,random,1,105,0.5380000000000109,2.6899999999999977,0,0.6
87,random,1,106,0.37400000000002365,3.2799999999999727,0,0.6
87,random,1,107,0.30000000000001137,3.7579999999999814,0,0.6
87,random,1,108,0.08800000000002228,0.009999999999990905,0,0.6
87,random,1,109,0.16599999999999682,5.146000000000015,0,0.6
87,random,1,110,0.4060000000000059,0.053999999999973625,0,0.6
87,random,1,112,0.33199999999999363,0.031999999999982265,0,0.6
87,random,1,114,0.7939999999999827,0.05000000000001137,1,0.6
87,random,1,115,0.7339999999999804,0.8600000000000136,1,0.6
87,random,1,116,0.1220000000000141,0.007999999999981355,0,0.6
87,random,1,117,0.26200000000000045,13.361999999999966,0,0.6
87,random,1,118,0.3660000000000423,0.02400000000000091,0,0.6
87,random,1,120,0.07200000000000273,0.04599999999999227,0,0.6
87,random,1,122,0.14400000000000546,16.658000000000015,0,0.6
87,random,1,123,1.367999999999995,9.593999999999994,1,0.6
87,random,1,124,0.45800000000002683,0.07399999999995543,0,0.6
87,random,1,126,0.5419999999999163,3.622000000000071,0,0.6
87,random,1,127,0.049999999999954525,3.3460000000000036,0,0.6
87,random,1,128,0.5620000000000118,3.9400000000000546,0,0.6
87,random,1,129,0.2880000000000109,2.711999999999989,0,0.6
87,random,1,130,0.40999999999996817,4.0919999999999845,0,0.6
87,random,1,131,0.42200000000002547,0.03599999999994452,0,0.6
87,random,1,133,0.23599999999999,3.814000000000078,0,0.6
87,random,1,134,0.38999999999998636,2.576000000000022,0,0.6
87,random,1,135,0.2839999999999918,6.195999999999913,0,0.6
87,random,1,136,2.2660000000000764,0.4699999999999136,1,0.6
87,random,1,137,0.09400000000005093,,0,0.6
87,random,1,138,0.2459999999999951,3.764000000000003,0,0.5
87,random,1,139,0.3119999999999976,3.496000000000002,0,0.5
87,random,1,140,2.5600000000000023,0.2220000000000013,1,0.5
87,random,1,141,0.07199999999999562,5.0120000000000005,0,0.5
87,random,1,142,0.6180000000000021,4.676000000000002,1,0.5
87,random,1,143,0.5339999999999989,2.940000000000005,1,0.5
87,random,1,144,0.33199999999999363,3.549999999999997,0,0.5
87,random,1,145,0.3059999999999974,2.450000000000003,0,0.5
87,random,1,146,0.45000000000000284,3.652000000000001,0,0.5
87,random,1,147,0.6099999999999994,0.10800000000000409,1,0.5
87,random,1,148,1.0219999999999914,0.034000000000006025,1,0.5
87,random,1,149,0.036000000000001364,0.03999999999999204,0,0.5
87,random,1,150,0.24200000000000443,3.6979999999999933,0,0.5
87,random,1,151,1.0260000000000105,0.06999999999999318,1,0.5
87,random,1,152,0.45000000000000284,2.8799999999999955,0,0.5
87,random,1,153,0.5200000000000102,3.3699999999999903,1,0.5
87,random,1,154,0.8100000000000023,3.8500000000000085,1,0.5
87,random,1,155,0.9939999999999998,0.32799999999998875,1,0.5
87,random,1,156,0.14200000000001012,0.13799999999999102,0,0.6
87,random,1,158,0.2360000000000042,4.280000000000001,0,0.6
87,random,1,159,0.28600000000000136,3.4579999999999984,0,0.6
87,random,1,160,0.09799999999999898,0.018000000000000682,0,0.6
87,random,1,162,0.3919999999999959,0.060000000000002274,0,0.6
87,random,1,164,0.6180000000000092,0.12399999999999523,1,0.6
87,random,1,165,0.5619999999999976,0.05200000000000671,0,0.6
87,random,1,167,0.2819999999999965,3.872,0,0.6
87,random,1,168,0.387999999999991,0.09800000000001319,0,0.6
87,random,1,170,0.28400000000002024,0.10799999999997567,0,0.6
87,random,1,172,0.7039999999999793,0.056000000000011596,1,0.6
87,random,1,173,0.9579999999999984,1.5159999999999911,1,0.6
87,random,1,174,0.21000000000000796,4.099999999999994,0,0.6
87,random,1,175,0.3640000000000043,0.08400000000000318,0,0.6
87,random,1,177,0.2400000000000091,0.04599999999999227,0,0.6
87,random,1,179,0.11400000000000432,0.012000000000000455,0,0.6
87,random,1,182,0.5180000000000007,0.03999999999999204,0,0.6
87,random,1,184,0.5100000000000193,0.04999999999998295,0,0.6
87,random,1,186,0.5240000000000009,0.1560000000000059,0,0.6
87,random,1,188,0.7420000000000186,0.08399999999997476,1,0.6
87,random,1,189,0.42600000000001614,3.225999999999999,0,0.6
87,random,1,190,0.23400000000000887,3.0859999999999843,0,0.6
87,random,1,191,0.5440000000000111,5.596000000000004,0,0.6
87,random,1,192,0.19599999999999795,4.503999999999991,0,0.6
87,random,1,193,0.8520000000000039,0.1980000000000075,1,0.6
87,random,1,194,0.16199999999997772,2.9680000000000177,0,0.6
87,random,1,195,0.525999999999982,3.7900000000000205,0,0.6
87,random,1,196,0.3719999999999857,4.074000000000012,0,0.6
87,random,1,197,1.0579999999999927,0.06999999999999318,1,0.6
87,random,1,198,0.03200000000001069,2.1839999999999975,0,0.6
87,random,1,199,0.41800000000000637,2.657999999999987,0,0.6
87,random,1,200,1.0720000000000027,2.4680000000000177,1,0.6
87,random,1,201,1.3379999999999939,3.9819999999999993,1,0.6
87,random,1,202,0.08199999999999363,2.5120000000000005,0,0.6
87,random,1,203,0.5860000000000127,3.0479999999999734,0,0.6
87,random,1,204,1.0500000000000114,0.027999999999991587,1,0.6
87,random,1,205,0.35200000000000387,3.641999999999996,0,0.6
87,random,1,206,0.4440000000000168,0.09199999999998454,0,0.6
87,random,1,208,0.09399999999999409,3.8240000000000123,0,0.6
87,random,1,209,0.8760000000000048,0.15399999999999636,1,0.6
87,random,1,210,0.29999999999998295,4.320000000000022,0,0.6
87,random,1,211,0.4119999999999777,0.17000000000001592,0,0.6
87,random,1,213,0.8199999999999932,3.3460000000000036,1,0.6
87,random,1,214,0.7839999999999918,0.033999999999991815,1,0.6
87,random,1,215,0.2960000000000207,3.4579999999999984,0,0.6
87,random,1,216,0.27199999999999136,4.262000000000029,0,0.6
87,random,1,217,0.5659999999999741,0.060000000000002274,0,0.6
87,random,1,219,0.07799999999997453,2.3700000000000045,0,0.6
87,random,1,220,0.2839999999999918,0.04600000000004911,0,0.6
87,random,1,222,0.2599999999999909,2.3319999999999936,0,0.6
87,random,1,223,0.35199999999997544,0.10400000000004184,0,0.6
87,random,1,225,0.8559999999999945,1.0539999999999736,1,0.6
87,random,1,226,0.12400000000002365,3.8460000000000036,0,0.6
87,random,1,227,0.367999999999995,3.990000000000009,0,0.6
87,random,1,228,0.029999999999972715,7.3799999999999955,0,0.6
87,random,1,229,0.7100000000000364,0.007999999999981355,1,0.6
87,random,1,230,0.38400000000001455,2.683999999999969,0,0.6
87,random,1,231,0.3059999999999832,2.656000000000006,0,0.6
87,random,1,232,0.6539999999999964,2.834000000000003,1,0.6
87,random,1,233,0.3140000000000214,3.108000000000004,0,0.6
87,random,1,234,0.39400000000000546,0.01599999999996271,0,0.6
87,random,1,236,0.5999999999999659,0.12400000000002365,0,0.6
87,random,1,237,0.25,3.451999999999998,0,0.6
87,random,1,238,0.9399999999999977,1.6340000000000146,1,0.6
87,random,1,239,0.1279999999999859,0.018000000000029104,0,0.6
87,random,1,241,0.7860000000000014,2.990000000000009,1,0.6
87,random,1,242,0.6239999999999668,3.2420000000000186,1,0.6
87,random,1,243,0.4560000000000173,4.325999999999965,0,0.6
87,random,1,244,0.3180000000000405,2.8559999999999945,0,0.6
87,random,1,245,0.33799999999996544,3.3740000000000236,0,0.6
87,random,1,246,0.40800000000001546,0.02199999999999136,0,0.6
87,random,1,248,0.5519999999999641,0.117999999999995,0,0.6
87,random,1,250,0.44000000000005457,0.12199999999995725,0,0.6
87,random,1,252,0.20400000000000773,0.02199999999999136,0,0.6
87,random,1,254,0.19400000000001683,5.024000000000001,0,0.6
87,random,1,255,0.11599999999998545,3.1299999999999955,0,0.6
87,random,1,256,0.25200000000000955,3.9499999999999886,0,0.6
87,random,1,257,0.2960000000000491,5.20799999999997,0,0.6
87,random,1,258,1.288000000000011,0.031999999999982265,1,0.6
87,random,1,259,0.10800000000000409,3.8740000000000236,0,0.6
87,random,1,260,0.6819999999999595,0.08200000000005048,1,0.6
87,random,1,261,0.9979999999999905,2.717999999999961,1,0.6
87,random,1,262,0.6700000000000159,3.2460000000000377,1,0.6
87,random,1,263,0.353999999999985,5.057999999999993,0,0.7
87,random,1,264,0.5099999999999909,3.673999999999978,0,0.7
87,random,1,265,0.5200000000000387,4.180000000000007,0,0.7
87,random,1,266,0.3879999999999768,3.552000000000021,0,0.7
87,random,1,267,0.28199999999998226,2.4139999999999873,0,0.7
87,random,1,268,0.18999999999999773,2.6440000000000055,0,0.7
87,random,1,269,1.9739999999999895,0.040000000000020464,1,0.7
87,random,1,270,0.06999999999999318,0.160000000000025,0,0.7
87,random,1,271,0.4379999999999882,2.8519999999999754,0,0.7
87,random,1,272,0.29599999999999227,3.0440000000000396,0,0.7
87,random,1,273,1.7239999999999895,2.4039999999999964,1,0.7
87,random,1,274,1.377999999999986,0.20800000000002683,1,0.7
87,random,1,275,0.117999999999995,3.23599999999999,0,0.7
87,random,1,276,0.7379999999999995,3.5500000000000114,1,0.7
87,random,1,277,0.5059999999999718,0.10800000000000409,0,0.7
87,random,1,279,1.004000000000019,0.45999999999997954,1,0.7
87,random,1,280,0.3180000000000405,2.2939999999999827,0,0.7
87,random,1,281,0.6499999999999773,0.04800000000000182,0,0.7
87,random,1,283,0.6399999999999864,0.018000000000029104,0,0.7
87,random,1,285,0.7259999999999991,2.472000000000037,1,0.7
87,random,1,286,0.95799999999997,2.406000000000006,1,0.7
87,random,1,287,0.9959999999999809,4.116000000000042,1,0.7
87,random,1,288,0.2999999999999545,4.282000000000039,0,0.8
87,random,1,289,0.8720000000000141,1.5679999999999836,1,0.8
87,random,1,290,0.10199999999997544,0.117999999999995,0,0.8
87,random,1,292,0.26200000000000045,4.732000000000028,0,0.8
87,random,1,293,0.3140000000000214,3.387999999999977,0,0.8
87,random,1,294,0.46399999999999864,3.8559999999999945,0,0.8
87,random,1,295,0.34199999999998454,3.122000000000014,0,0.8
87,random,1,296,0.7420000000000186,0.031999999999982265,0,0.8
87,random,1,298,1.1940000000000168,2.396000000000015,1,0.8
87,random,1,299,0.49799999999999045,3.8759999999999764,0,0.8
87,random,1,300,0.9899999999999523,0.3140000000000782,1,0.8
87,random,1,301,0.12400000000002365,2.863999999999919,0,0.8
87,random,1,302,0.2540000000000191,0.02800000000002001,0,0.8
87,random,1,304,0.5199999999999818,4.038000000000011,0,0.8
87,random,1,305,0.029999999999972715,3.6340000000000146,0,0.8
87,random,1,306,1.0779999999999745,0.16200000000003456,1,0.8
87,random,1,307,0.35000000000002274,4.001999999999953,0,0.8
87,random,1,308,1.9820000000000846,9.327999999999975,1,0.8
87,random,1,309,0.9259999999999309,6.986000000000104,1,0.8
87,random,1,310,0.4879999999999427,4.286000000000058,0,0.8
87,random,1,311,0.5319999999999254,3.0120000000000573,0,0.8
87,random,1,312,0.5480000000000018,0.057999999999992724,0,0.8
87,random,1,314,0.7019999999999982,0.03599999999994452,0,0.8
87,random,1,316,0.42399999999997817,0.04200000000003001,0,0.8
87,random,1,318,0.07600000000002183,0.038000000000010914,0,0.8
87,random,1,320,0.16399999999998727,0.09800000000007003,0,0.8
87,random,1,322,0.4920000000000755,3.8519999999999754,0,0.8
87,random,1,323,0.4879999999999427,3.86200000000008,0,0.8
87,random,1,324,0.33600000000001273,0.04399999999998272,0,0.8
87,random,1,326,0.38800000000003365,0.014000000000010004,0,0.8
87,random,1,328,0.37999999999999545,4.798000000000002,0,0.8
87,random,1,329,0.7959999999999354,0.11400000000003274,0,0.8
87,random,1,331,0.5599999999999454,2.844000000000051,0,0.8
87,random,1,332,0.2459999999999809,0.05999999999994543,0,0.8
87,random,1,334,0.3039999999999736,0.022000000000048203,0,0.8
87,random,1,336,0.38400000000001455,7.586000000000013,0,0.8
87,random,1,337,0.09600000000000364,0.04200000000003001,0,0.8
87,random,1,339,0.35599999999999454,9.022000000000048,0,0.8
87,random,1,340,0.07799999999997453,3.0299999999999727,0,0.8
87,random,1,341,0.17799999999999727,4.458000000000084,0,0.8
87,random,1,342,0.8039999999999736,0.21199999999998909,1,0.8
87,random,1,343,0.16999999999995907,5.660000000000082,0,0.8
87,random,1,344,0.15599999999994907,3.4160000000000537,0,0.8
87,random,1,345,0.14599999999995816,13.772000000000048,0,0.8
87,random,1,346,1.38799999999992,0.016000000000076398,1,0.8
87,random,1,347,0.2999999999999545,8.594000000000051,0,0.8
87,random,1,348,0.4079999999999018,3.5340000000001055,0,0.8
87,random,1,349,0.1999999999999318,0.029999999999972715,0,0.8
87,random,1,351,1.0720000000000027,0.014000000000010004,1,0.8
87,random,1,352,0.08199999999999363,7.823999999999955,0,0.8
87,random,1,353,0.86200000000008,2.288000000000011,1,0.8
87,random,1,354,1.3099999999999454,2.4279999999999973,1,0.8
87,random,1,355,0.9160000000000537,4.8139999999999645,1,0.9
87,random,1,356,0.6779999999999973,4.015999999999963,0,0.9
87,random,1,357,1.0880000000000791,0.021999999999934516,1,0.9
87,random,1,358,0.09000000000003183,2.0739999999999554,0,0.9
87,random,1,359,0.6080000000000609,3.0679999999999836,0,0.9
87,random,1,360,1.0919999999999845,1.92999999999995,1,0.9
87,random,1,361,1.4820000000000846,3.95799999999997,1,0.9
87,random,1,362,0.7440000000000282,2.5459999999999354,0,0.9
87,random,1,363,2.146000000000072,2.0659999999999172,1,0.9
87,random,1,364,1.6539999999999964,0.057999999999992724,1,0.9
87,random,1,365,0.5819999999999936,2.7200000000000273,0,0.9
87,random,1,366,2.036000000000058,3.169999999999959,1,0.9
87,random,1,367,1.2839999999999918,2.758000000000038,1,0.9
87,random,1,368,1.3700000000000045,1.7379999999999427,1,0.9
87,random,1,369,2.1680000000000064,1.8140000000000782,1,1.0
87,random,1,370,1.7039999999999509,1.830000000000041,1,1.0
87,random,1,371,2.7919999999999163,2.340000000000032,1,1.0
87,random,1,372,1.358000000000061,0.05199999999990723,1,1.1
87,random,1,373,0.7140000000000555,3.5599999999999454,0,1.1
87,random,1,374,0.38600000000008095,0.05999999999994543,0,1.1
87,random,1,376,0.4660000000000082,4.0060000000000855,0,1.1
87,random,1,377,2.4079999999999018,2.094000000000051,1,1.1
87,random,1,378,0.33600000000001273,4.227999999999952,0,1.1
87,random,1,379,0.21000000000003638,4.298000000000002,0,1.1
87,random,1,380,0.6000000000000227,0.009999999999990905,0,1.1
87,random,1,381,0.14400000000000546,6.19399999999996,0,1.1
87,random,1,382,1.3120000000000118,2.4500000000000455,1,1.1
87,random,1,383,1.2060000000000173,3.203999999999951,1,1.1
87,random,1,384,0.6219999999999573,2.296000000000049,0,1.1
87,random,1,385,0.6879999999999882,2.8859999999999673,0,1.1
87,random,1,386,1.6480000000000246,2.754000000000019,1,1.1
87,random,1,387,2.1520000000000437,2.1439999999998918,1,1.1
87,random,1,388,0.3020000000000209,2.951999999999998,0,1.1
87,random,1,389,1.9740000000000464,2.5119999999999436,1,1.1
87,random,1,390,1.3420000000000982,3.6639999999999873,1,1.1
87,random,1,391,1.2899999999999636,2.272000000000048,1,1.1
87,random,1,392,0.9479999999999791,4.395999999999958,0,1.2
87,random,1,393,0.8559999999999945,3.019999999999982,0,1.2
87,random,1,394,1.75,2.83400000000006,1,1.2
87,random,1,395,0.26400000000001,0.10599999999999454,0,1.2
87,random,1,397,0.7839999999999918,3.3059999999999263,0,1.2
87,random,1,398,1.4680000000000746,0.11799999999993815,1,1.2
87,random,1,399,0.09400000000005093,3.8239999999999554,0,1.2
87,random,1,400,0.7040000000000646,2.3319999999999936,0,1.2
87,random,1,401,1.0779999999999745,3.63799999999992,0,1.2
87,random,1,402,0.6040000000000418,7.196000000000026,0,1.2
87,random,1,403,1.8400000000000318,2.4599999999999227,1,1.2
87,random,1,404,1.08400000000006,4.067999999999984,0,1.2
87,random,1,405,1.9639999999999418,13.198000000000093,1,1.2
87,random,1,406,1.8419999999999845,4.081999999999994,1,1.2
87,random,1,407,1.8479999999999563,2.98599999999999,1,1.2
87,random,1,408,1.1600000000000819,3.5,0,1.2
87,random,1,409,1.7859999999999445,3.4279999999999973,1,1.2
87,random,1,410,0.12599999999997635,0.0060000000000854925,0,1.2
87,random,1,411,0.11199999999996635,2.6399999999999864,0,1.2
87,random,1,412,2.16599999999994,2.8940000000000055,1,1.2
87,random,1,413,0.8640000000000327,8.478000000000065,0,1.2
87,random,1,414,0.8299999999999272,9.930000000000064,0,1.2
87,random,1,415,0.6599999999999682,4.220000000000027,0,1.2
87,random,1,416,1.6479999999999109,0.08000000000004093,1,1.2
87,random,1,417,0.2459999999999809,2.552000000000021,0,1.2
87,random,1,418,1.8759999999999764,0.12999999999999545,1,1.2
87,random,1,419,0.17400000000009186,4.22199999999998,0,1.2
87,random,1,420,1.65199999999993,2.4820000000000846,1,1.2
87,random,1,421,2.3319999999999936,2.717999999999961,1,1.2
87,random,1,422,0.33199999999999363,3.3719999999999573,0,1.2
87,random,1,423,1.5819999999999936,3.6200000000000045,1,1.2
87,random,1,424,1.4960000000000946,2.19399999999996,1,1.2
87,random,1,425,0.4940000000000282,3.3339999999999463,0,1.2
87,random,1,426,1.1019999999999754,5.554000000000087,0,1.2
87,random,1,427,1.0899999999999181,3.754000000000019,0,1.2
87,random,1,428,0.14600000000007185,0.13599999999996726,0,1.2
87,random,1,430,2.7200000000000273,0.2400000000000091,1,1.2
87,random,1,431,0.14400000000000546,4.0219999999999345,0,1.2
87,random,1,432,0.9039999999999964,3.4200000000000728,0,1.2
87,random,1,433,2.1240000000000236,0.5480000000000018,1,1.2
87,random,1,434,0.6419999999998254,4.080000000000155,0,1.2
87,random,1,435,1.9539999999999509,0.13400000000001455,1,1.2
87,random,1,436,0.35799999999994725,2.9600000000000364,0,1.2
87,random,1,437,1.844000000000051,3.4139999999999873,1,1.2
87,random,1,438,1.13799999999992,3.1280000000001564,0,1.2
87,random,1,439,0.6319999999998345,4.846000000000004,0,1.2
87,random,1,440,1.77800000000002,2.905999999999949,1,1.2
87,random,1,441,2.4540000000001783,4.9379999999998745,1,1.2
87,random,1,442,1.16599999999994,0.01999999999998181,0,1.2
87,random,1,444,1.7860000000000582,4.1039999999998145,1,1.2
87,random,1,445,0.47400000000016007,4.503999999999905,0,1.2
87,random,1,446,0.45600000000013097,2.3619999999998527,0,1.2
87,random,1,447,0.22400000000016007,3.41599999999994,0,1.2
87,random,1,448,0.038000000000010914,0.04600000000004911,0,1.2
87,random,1,450,0.42399999999997817,2.377999999999929,0,1.2
87,random,1,451,0.8240000000000691,4.652000000000044,0,1.2
87,random,1,452,1.5639999999998508,4.740000000000009,1,1.2
87,random,1,453,1.3820000000000618,0.06799999999998363,1,1.2
87,random,1,454,0.2839999999998781,3.2460000000000946,0,1.2
87,random,1,455,0.9780000000000655,3.395999999999958,0,1.2
87,random,1,456,1.5299999999999727,9.266000000000076,1,1.2
87,random,1,457,1.16599999999994,4.276000000000067,0,1.2
87,random,1,458,0.07600000000002183,2.8360000000000127,0,1.2
87,random,1,459,1.1759999999999309,0.08199999999987995,0,1.2
87,random,1,461,0.8420000000000982,5.261999999999944,0,1.2
87,random,1,462,0.7519999999999527,2.6720000000000255,0,1.2
87,random,1,463,1.0,17.029999999999973,0,1.2
87,random,1,464,1.6400000000001,2.3759999999999764,1,1.2
87,random,1,465,2.33199999999988,2.2480000000000473,1,1.2
87,random,1,466,1.8360000000000127,7.678000000000111,1,1.2
87,random,1,467,1.1259999999999764,2.3899999999998727,0,1.2
87,random,1,468,1.8320000000001073,0.2059999999999036,1,1.2
87,random,1,469,0.14800000000013824,3.5779999999999745,0,1.2
87,random,1,470,1.8540000000000418,2.981999999999971,1,1.2
87,random,1,471,1.7200000000000273,5.675999999999931,1,1.2
87,random,1,472,1.4420000000000073,11.433999999999969,1,1.2
87,random,1,473,0.9860000000001037,9.467999999999847,0,1.2
87,random,1,474,1.6759999999999309,3.240000000000009,1,1.2
87,random,1,475,1.1140000000000327,23.087999999999965,0,1.2
87,random,1,476,0.7760000000000673,4.703999999999951,0,1.2
87,random,1,477,0.9640000000001692,5.405999999999949,0,1.2
87,random,1,478,1.1599999999998545,2.7100000000000364,0,1.2
87,random,1,479,1.6240000000000236,4.16599999999994,1,1.2
87,random,1,480,1.58400000000006,8.614000000000033,1,1.2
87,random,1,481,2.0620000000001255,2.4039999999999964,1,1.2
87,random,1,482,1.5319999999999254,3.132000000000062,1,1.2
87,random,1,483,1.288000000000011,3.4019999999998163,1,1.2
87,random,1,484,2.1159999999999854,0.23200000000019827,1,1.2
87,random,1,485,0.6299999999998818,5.61200000000008,0,1.2
87,random,1,486,1.47199999999998,1.9980000000000473,1,1.2
87,random,1,487,1.5939999999998236,2.00200000000018,1,1.2
87,random,1,488,1.377999999999929,2.6440000000000055,1,1.2
87,random,1,489,2.183999999999969,3.4200000000000728,1,1.2
87,random,1,490,2.066000000000031,6.417999999999893,1,1.2
87,random,1,491,1.650000000000091,2.6579999999999018,1,1.2
87,random,1,492,3.3559999999999945,5.046000000000049,1,1.2
87,random,1,493,0.5260000000000673,3.183999999999969,0,1.2
87,random,1,494,2.1119999999998527,0.06200000000012551,1,1.2
87,random,1,495,0.19200000000000728,9.717999999999847,0,1.2
87,random,1,496,1.0240000000001146,0.12799999999992906,0,1.2
87,random,1,498,1.9759999999998854,3.1259999999999764,1,1.2
87,random,1,499,0.7680000000000291,3.408000000000129,0,1.2
87,random,1,500,1.2579999999998108,0.36200000000008004,1,1.2
87,random,1,501,0.05400000000008731,0.04599999999982174,0,1.2
87,random,1,503,1.5200000000002092,2.5459999999998217,1,1.2
87,random,1,504,1.7640000000001237,4.313999999999851,1,1.2
87,random,1,505,1.538000000000011,4.376000000000204,1,1.2
87,random,1,506,1.4519999999999982,26.49799999999982,1,1.2
87,random,1,507,1.8260000000000218,2.22199999999998,1,1.2
87,random,1,508,2.1180000000001655,6.2999999999999545,1,1.2
87,random,1,509,1.8139999999998508,3.798000000000002,1,1.2
87,random,1,510,1.4680000000000746,3.08400000000006,1,1.2
87,random,1,511,0.9200000000000728,2.683999999999969,0,1.2
87,random,1,512,1.3899999999998727,0.19600000000014006,1,1.2
87,random,1,513,0.2300000000000182,3.477999999999838,0,1.2
87,random,1,514,0.7240000000001601,4.123999999999796,0,1.2
87,random,1,515,1.6980000000000928,0.9659999999998945,1,1.2
87,random,1,516,0.21000000000003638,5.070000000000164,0,1.2
87,random,1,517,1.25,3.461999999999989,1,1.2
87,random,1,518,1.6479999999999109,6.079999999999927,1,1.2
87,random,1,519,1.3240000000000691,4.731999999999971,1,1.2
87,random,1,520,0.06999999999993634,3.2180000000000746,0,1.2
87,random,1,521,1.2719999999999345,25.43600000000015,1,1.2
87,random,1,522,1.0960000000000036,2.7539999999999054,0,1.2
87,random,1,523,0.7819999999999254,3.2320000000001983,0,1.2
87,random,1,524,1.3279999999999745,3.0739999999998417,1,1.2
87,random,1,525,1.8020000000001346,1.9500000000000455,1,1.2
87,random,1,526,0.7279999999998381,3.872000000000071,0,1.2
87,random,1,527,1.5080000000000382,2.4780000000000655,1,1.2
87,random,1,528,1.1979999999998654,0.014000000000123691,0,1.2
87,random,1,530,1.0620000000001255,0.013999999999896318,0,1.2
87,random,1,532,1.2559999999998581,2.0960000000000036,1,1.2
87,random,1,533,1.518000000000029,2.0820000000001073,1,1.2
87,random,1,534,1.9800000000000182,4.285999999999831,1,1.2
87,random,1,535,1.30800000000022,3.75,1,1.2
87,random,1,536,1.41599999999994,5.761999999999944,1,1.2
87,random,1,537,0.7100000000000364,7.485999999999876,0,1.2
87,random,1,538,1.2220000000002074,3.423999999999978,1,1.2
87,random,1,539,1.0119999999999436,10.321999999999889,0,1.2
87,random,1,540,1.0720000000001164,4.05600000000004,0,1.2
87,random,1,541,1.8399999999999181,2.7940000000000964,1,1.2
87,random,1,542,1.5,2.939999999999827,1,1.2
87,random,1,543,1.772000000000162,1.877999999999929,1,1.2
87,random,1,544,1.5740000000000691,2.8279999999999745,1,1.2
87,random,1,545,1.3379999999999654,3.594000000000051,1,1.2
87,random,1,546,1.4259999999999309,6.746000000000095,1,1.2
87,random,1,547,1.5179999999998017,3.8980000000001382,1,1.2
87,random,1,548,1.1720000000000255,4.129999999999882,0,1.2
87,random,1,549,1.4780000000000655,0.3079999999999927,1,1.2
87,random,1,550,0.12400000000002365,0.08199999999987995,0,1.2
87,random,1,552,2.3840000000000146,4.44399999999996,1,1.2
87,random,1,553,1.2860000000000582,5.157999999999902,1,1.2
87,random,1,554,0.5260000000000673,4.586000000000013,0,1.2
87,random,1,555,1.5579999999999927,0.04600000000004911,1,1.2
87,random,1,556,0.2400000000000091,4.882000000000062,0,1.2
87,random,1,557,1.41599999999994,10.867999999999938,1,1.2
87,random,1,558,0.4880000000000564,2.7000000000000455,0,1.2
87,random,1,559,1.1739999999999782,3.433999999999969,0,1.2
87,random,1,560,0.2139999999999418,0.029999999999972715,0,1.2
87,random,1,562,0.07000000000016371,2.439999999999827,0,1.2
87,random,1,563,1.2799999999999727,4.102000000000089,1,1.2
87,random,1,564,1.0699999999999363,3.0440000000000964,0,1.2
87,random,1,565,1.1079999999999472,2.6100000000001273,0,1.2
87,random,1,566,2.5839999999998327,11.93600000000015,1,1.2
87,random,1,567,0.9039999999999964,2.867999999999938,0,1.2
87,random,1,568,1.4239999999999782,6.003999999999905,1,1.2
87,random,1,569,1.4620000000002165,4.0499999999999545,1,1.2
87,random,1,570,1.02800000000002,3.349999999999909,0,1.2
87,random,1,571,2.3740000000000236,3.561999999999898,1,1.2
87,random,1,572,1.933999999999969,4.770000000000209,1,1.2
87,random,1,573,1.5960000000000036,12.929999999999836,1,1.2
87,random,1,574,0.9660000000001219,3.798000000000002,0,1.2
87,random,1,575,1.4539999999999509,14.963999999999942,1,1.2
87,random,1,576,0.2880000000000109,0.10000000000013642,0,1.2
87,random,1,578,1.272000000000162,5.379999999999882,1,1.2
87,random,1,579,0.2760000000000673,4.759999999999991,0,1.2
87,random,1,580,1.4039999999999964,4.460000000000036,1,1.2
87,random,1,581,1.1479999999999109,4.597999999999956,0,1.2
87,random,1,582,2.1240000000000236,2.3680000000001655,1,1.2
87,random,1,583,1.8619999999998527,7.288000000000011,1,1.2
87,random,1,584,1.8859999999999673,7.8840000000000146,1,1.2
87,random,1,585,1.1900000000000546,2.480000000000018,0,1.2
87,random,1,586,1.3460000000000036,5.341999999999871,1,1.2
87,random,1,587,1.8980000000001382,8.751999999999953,1,1.2
87,random,1,588,2.1140000000000327,3.730000000000018,1,1.2
87,random,1,589,0.4900000000000091,3.6059999999999945,0,1.2
87,random,1,590,1.1720000000000255,0.11400000000003274,0,1.2
87,random,1,592,1.9459999999999127,3.97199999999998,1,1.2
87,random,1,593,0.5360000000000582,4.16599999999994,0,1.2
87,random,1,594,1.4420000000000073,5.010000000000218,1,1.2
87,random,1,595,1.8439999999998236,14.597999999999956,1,1.2
87,random,1,596,1.288000000000011,3.451999999999998,1,1.2
87,random,1,597,0.484000000000151,4.2719999999999345,0,1.2
87,random,1,598,2.019999999999982,0.2899999999999636,1,1.2
87,random,1,599,0.2899999999999636,3.77800000000002,0,1.2
87,random,1,600,1.706000000000131,4.675999999999931,1,1.2
87,random,1,601,0.7039999999999509,0.038000000000010914,0,1.2
87,random,1,603,1.7840000000001055,3.349999999999909,1,1.2
87,random,1,604,0.8959999999999582,3.466000000000122,0,1.2
87,random,1,605,1.9139999999999873,0.06399999999985084,1,1.2
87,random,1,606,0.5579999999999927,0.05400000000008731,0,1.2
87,random,1,608,1.9119999999998072,0.34600000000000364,1,1.2
87,random,1,609,0.15000000000009095,6.763999999999896,0,1.2
87,random,1,610,1.47400000000016,83.47199999999975,1,1.2
87,random,1,611,0.2880000000000109,0.0020000000004074536,0,1.2
87,random,1,612,0.3999999999996362,2.5540000000000873,0,1.2
87,random,1,613,0.8079999999999927,2.4980000000000473,0,1.2
87,random,1,614,1.9960000000000946,4.467999999999847,1,1.2
87,random,1,615,1.5,14.29800000000023,1,1.2
87,random,1,616,1.3840000000000146,9.685999999999694,1,1.2
87,random,1,617,0.8760000000002037,3.400000000000091,0,1.2
87,random,1,618,2.143999999999778,14.702000000000226,1,1.2
87,random,1,619,0.9659999999998945,3.211999999999989,0,1.2
87,random,1,620,1.643999999999778,0.03600000000005821,1,1.2
87,random,1,621,0.17599999999993088,7.1340000000000146,0,1.2
87,random,1,622,1.6760000000003856,4.983999999999924,1,1.2
87,random,1,623,1.7519999999999527,5.097999999999956,1,1.2
87,random,1,624,1.9600000000000364,3.8739999999997963,1,1.2
87,random,1,625,1.3520000000003165,4.679999999999836,1,1.2
87,random,1,626,1.731999999999971,4.8659999999999854,1,1.2
87,random,1,627,0.7260000000001128,9.699999999999818,0,1.2
87,random,1,628,4.248000000000047,3.018000000000029,1,1.2
87,random,1,629,1.55600000000004,14.132000000000062,1,1.2
87,random,1,630,2.326000000000022,3.1219999999998436,1,1.2
87,random,1,631,0.8840000000000146,2.7080000000000837,0,1.2
87,random,1,632,1.2999999999997272,2.6080000000001746,1,1.2
87,random,1,633,0.9740000000001601,4.019999999999982,0,1.2
87,random,1,634,1.3460000000000036,2.3460000000000036,1,1.2
87,random,1,635,4.152000000000044,2.4020000000000437,1,1.2
87,random,1,636,1.4459999999999127,15.989999999999782,1,1.2
87,random,1,637,1.6660000000001673,5.94399999999996,1,1.2
87,random,1,638,2.063999999999851,28.728000000000065,1,1.2
87,random,1,639,0.4839999999999236,4.104000000000269,0,1.2
87,random,1,640,1.1019999999998618,4.226000000000113,0,1.2
87,random,1,641,0.487999999999829,2.8719999999998436,0,1.2
87,random,1,642,1.4780000000000655,6.294000000000324,1,1.2
87,random,1,643,1.3899999999998727,0.2300000000000182,1,1.2
87,random,1,644,0.14399999999977808,3.2200000000002547,0,1.2
87,random,1,645,1.5160000000000764,6.111999999999625,1,1.2
87,random,1,646,1.4820000000004256,0.12199999999984357,1,1.2
87,random,1,647,0.09600000000000364,6.782000000000153,0,1.2
87,random,1,648,0.19399999999995998,2.925999999999931,0,1.2
87,random,1,649,0.793999999999869,3.4859999999998763,0,1.2
87,random,1,650,1.2580000000002656,11.273999999999887,1,1.2
87,random,1,651,2.2339999999999236,5.675999999999931,1,1.2
87,random,1,652,1.155999999999949,3.762000000000171,0,1.2
87,random,1,653,1.9479999999998654,14.135999999999967,1,1.2
87,random,1,654,1.3540000000002692,7.2599999999997635,1,1.2
87,random,1,655,1.8859999999999673,18.884000000000015,1,1.2
87,random,1,656,2.7840000000001055,15.398000000000138,1,1.2
87,random,1,657,1.2219999999997526,3.856000000000222,1,1.2
87,random,1,658,2.6599999999998545,5.512000000000171,1,1.2
87,random,1,659,2.313999999999851,6.162000000000262,1,1.2
87,random,1,660,1.1979999999998654,2.487999999999829,0,1.2
87,random,1,661,2.0520000000001346,6.1840000000001965,1,1.2
87,random,1,662,2.173999999999978,6.221999999999753,1,1.2
87,random,1,663,1.7280000000000655,24.117999999999938,1,1.2
87,random,1,664,2.33199999999988,6.302000000000135,1,1.2
87,random,1,665,0.17799999999988358,2.594000000000051,0,1.2
87,random,1,666,2.088000000000193,0.027999999999792635,1,1.2
87,random,1,667,0.2159999999998945,4.082000000000335,0,1.2
87,random,1,668,1.7840000000001055,6.129999999999654,1,1.2
87,random,1,669,1.788000000000011,3.5039999999999054,1,1.2
87,random,1,670,2.0020000000004075,4.597999999999956,1,1.2
87,random,1,671,2.3159999999998035,13.072000000000116,1,1.2
87,random,1,672,1.9839999999999236,17.320000000000164,1,1.2
87,random,1,673,1.3339999999998327,5.538000000000011,1,1.2
87,random,1,674,1.3739999999997963,3.9960000000000946,1,1.2
87,random,1,675,1.3479999999999563,4.75400000000036,1,1.2
87,random,1,676,1.7439999999996871,4.416000000000167,1,1.2
87,random,1,677,1.9259999999999309,6.936000000000149,1,1.2
87,random,1,678,1.5299999999997453,63.13000000000011,1,1.2
87,random,1,679,1.0320000000001528,3.349999999999909,0,1.2
87,random,1,680,1.2280000000000655,4.351999999999862,1,1.2
87,random,1,681,0.6060000000002219,3.875999999999749,0,1.2
87,random,1,682,1.6599999999998545,2.7640000000001237,1,1.2
87,random,1,683,1.6660000000001673,5.38799999999992,1,1.2
87,random,1,684,1.1239999999997963,3.044000000000324,0,1.2
87,random,1,685,1.4020000000000437,5.85799999999972,1,1.2
87,random,1,686,1.7539999999999054,10.80600000000004,1,1.2
87,random,1,687,1.97400000000016,6.958000000000084,1,1.2
87,random,1,688,1.4159999999997126,0.13200000000006185,1,1.2
87,random,1,689,0.09400000000005093,4.258000000000266,0,1.2
87,random,1,690,0.8379999999997381,2.9520000000002256,0,1.2
87,random,1,691,2.069999999999709,5.870000000000346,1,1.2
87,random,1,692,1.6539999999999964,6.201999999999771,1,1.2
87,random,1,693,0.6999999999998181,19.269999999999982,0,1.2
87,random,1,694,2.104000000000269,6.0099999999997635,1,1.2
87,random,1,695,1.468000000000302,16.30600000000004,1,1.2
87,random,1,696,0.6559999999999491,4.079999999999927,0,1.2
87,random,1,697,1.5019999999999527,2.2959999999998217,1,1.2
87,random,1,698,1.5760000000000218,4.807999999999993,1,1.2
87,random,1,699,1.731999999999971,2.9980000000000473,1,1.2
87,random,1,700,2.1820000000002437,12.047999999999774,1,1.2
87,random,1,701,1.9960000000000946,2.8780000000001564,1,1.2
87,random,1,702,2.349999999999909,2.1359999999999673,1,1.2
87,random,1,703,1.4220000000000255,48.74200000000019,1,1.2
87,random,1,704,0.3779999999997017,2.9020000000000437,0,1.2
87,random,1,705,1.0460000000002765,2.7279999999996107,0,1.2
87,random,1,706,0.9239999999999782,3.7840000000001055,0,1.2
87,random,1,707,0.7420000000001892,0.009999999999763531,0,1.2
87,random,1,708,0.14400000000023283,2.255999999999858,0,1.2
87,random,1,709,0.6799999999998363,3.368000000000393,0,1.2
87,random,1,710,1.3679999999999382,2.8919999999998254,1,1.2
87,random,1,711,2.094000000000051,5.585999999999785,1,1.2
87,random,1,712,0.8980000000001382,3.430000000000291,0,1.2
87,random,1,713,1.631999999999607,5.86200000000008,1,1.2
87,random,1,714,2.3099999999999454,234.47400000000016,1,1.2
87,random,1,715,0.9819999999999709,3.1640000000002146,0,1.2
87,random,1,716,1.7339999999999236,15.027999999999793,1,1.2
87,random,1,717,1.5340000000001055,6.5479999999997744,1,1.2
87,random,1,718,1.174000000000433,3.7419999999997344,0,1.2
87,random,1,719,2.2919999999999163,4.610000000000127,1,1.2
87,random,1,720,1.3780000000001564,7.237999999999829,1,1.2
87,random,1,721,1.8279999999999745,10.568000000000211,1,1.2
87,random,1,722,1.9639999999999418,25.6579999999999,1,1.2
87,random,1,723,2.3099999999999454,110.19200000000001,1,1.2
87,random,1,724,0.08800000000019281,3.9899999999997817,0,1.2
87,random,1,725,1.2359999999998763,4.878000000000156,1,1.2
87,random,1,726,4.128000000000156,2823.966,1,1.2
87,random,1,727,0.5640000000003056,11.951999999999316,0,1.2
87,random,1,728,1.1880000000001019,4.304000000000087,0,1.2
87,random,1,729,1.5160000000005311,3.219999999999345,1,1.2
87,random,1,730,1.1580000000003565,3.9899999999997817,0,1.2
87,random,1,731,2.319999999999709,2.446000000000822,1,1.2
87,random,1,732,2.8859999999995125,2.9359999999996944,1,1.2
87,random,1,733,4.142000000000735,2.7799999999997453,1,1.2
87,random,1,734,3.4420000000000073,19.591999999999643,1,1.2
87,random,1,735,0.9700000000002547,8.046000000000276,0,1.2
87,random,1,736,0.45199999999931606,3.298000000000684,0,1.2
87,random,1,737,0.9899999999997817,3.8599999999996726,0,1.2
87,random,1,738,1.154000000000451,7.417999999999665,0,1.2
87,random,1,739,1.3159999999998035,3.412000000000262,1,1.2
87,random,1,740,1.0579999999999927,4.7039999999997235,0,1.2
87,random,1,741,0.8040000000000873,2.311999999999898,0,1.2
87,random,1,742,1.3340000000007421,2.8299999999999272,1,1.2
87,random,1,743,1.4659999999994398,14.046000000000276,1,1.2
87,random,1,744,1.1199999999998909,2.5100000000002183,0,1.2
87,random,1,745,1.7539999999999054,1.8419999999996435,1,1.2
87,random,1,746,3.298000000000684,2.105999999999767,1,1.2
87,random,1,747,3.30199999999968,4.597999999999956,1,1.2
87,random,1,748,0.5820000000003347,,0,1.2
87,random,2,1,1.4879999999999995,2.6259999999999977,1,1.2
87,random,2,2,0.9879999999999995,0.21399999999999864,0,1.2
87,random,2,4,2.480000000000004,2.6099999999999994,1,1.2
87,random,2,5,0.9140000000000015,3.235999999999997,0,1.2
87,random,2,6,1.3500000000000014,1.7760000000000034,1,1.2
87,random,2,7,1.3099999999999952,1.7779999999999987,1,1.2
87,random,2,8,1.8060000000000045,1.7339999999999947,1,1.2
87,random,2,9,1.7420000000000044,2.246000000000002,1,1.2
87,random,2,10,1.274000000000001,2.0919999999999987,1,1.2
87,random,2,11,0.11599999999999966,0.02599999999999625,0,1.2
87,random,2,13,0.08400000000000318,0.0379999999999967,0,1.2
87,random,2,15,1.2419999999999902,2.5080000000000098,1,1.2
87,random,2,16,1.2560000000000002,1.6979999999999933,1,1.2
87,random,2,17,1.1460000000000008,4.212000000000003,0,1.2
87,random,2,18,1.2659999999999911,1.8960000000000008,1,1.2
87,random,2,19,0.3539999999999992,2.5960000000000036,0,1.2
87,random,2,20,0.4860000000000042,2.2180000000000035,0,1.2
87,random,2,21,1.3219999999999885,1.7620000000000005,1,1.2
87,random,2,22,1.1620000000000061,2.6119999999999948,0,1.2
87,random,2,23,1.0560000000000116,3.7439999999999998,0,1.2
87,random,2,24,1.7219999999999942,0.3059999999999974,1,1.2
87,random,2,25,0.132000000000005,3.8619999999999948,0,1.2
87,random,2,26,1.5100000000000051,2.5660000000000025,1,1.2
87,random,2,27,0.7579999999999956,4.037999999999997,0,1.2
87,random,2,28,1.4960000000000093,1.6479999999999961,1,1.2
87,random,2,29,1.4500000000000028,2.4939999999999856,1,1.2
87,random,2,30,1.0600000000000023,2.6380000000000052,0,1.2
87,random,2,31,1.7920000000000016,1.8700000000000045,1,1.2
87,random,2,32,1.1800000000000068,0.060000000000002274,0,1.2
87,random,2,34,1.2220000000000084,9.865999999999985,1,1.2
87,random,2,35,1.2139999999999986,0.020000000000010232,1,1.2
87,random,2,36,0.07999999999998408,2.1880000000000166,0,1.2
87,random,2,37,1.7319999999999993,3.4199999999999875,1,1.2
87,random,2,38,1.391999999999996,2.0340000000000202,1,1.2
87,random,2,39,2.3940000000000055,2.1999999999999886,1,1.2
87,random,2,40,1.8100000000000023,2.4739999999999895,1,1.2
87,random,2,41,1.8000000000000114,1.6639999999999873,1,1.2
87,random,2,42,2.504000000000019,9.066000000000003,1,1.2
87,random,2,43,0.7819999999999823,3.842000000000013,0,1.2
87,random,2,44,1.3319999999999936,3.2860000000000014,1,1.2
87,random,2,45,1.4840000000000089,1.961999999999989,1,1.2
87,random,2,46,2.804000000000002,2.9639999999999986,1,1.2
87,random,2,47,1.1500000000000057,3.8499999999999943,0,1.2
87,random,2,48,0.35200000000000387,2.2280000000000086,0,1.2
87,random,2,49,1.0519999999999925,0.1599999999999966,0,1.2
87,random,2,51,1.2040000000000077,0.23400000000000887,1,1.2
87,random,2,52,0.16800000000000637,4.2379999999999995,0,1.2
87,random,2,53,1.593999999999994,2.0,1,1.2
87,random,2,54,1.4699999999999989,1.8079999999999927,1,1.2
87,random,2,55,1.568000000000012,1.961999999999989,1,1.2
87,random,2,56,0.44999999999998863,4.108000000000004,0,1.2
87,random,2,57,0.4099999999999966,5.414000000000016,0,1.2
87,random,2,58,1.1159999999999854,4.140000000000015,0,1.2
87,random,2,59,1.210000000000008,1.9839999999999804,1,1.2
87,random,2,60,1.9320000000000164,2.02200000000002,1,1.2
87,random,2,61,1.7659999999999627,1.6759999999999877,1,1.2
87,random,2,62,1.7600000000000477,3.061999999999955,1,1.2
87,random,2,63,1.6520000000000437,0.19999999999998863,1,1.2
87,random,2,64,0.053999999999973625,6.300000000000011,0,1.2
87,random,2,65,1.1580000000000155,3.9639999999999986,0,1.2
87,random,2,66,0.853999999999985,2.4180000000000064,0,1.2
87,random,2,67,1.3940000000000055,3.4359999999999786,1,1.2
87,random,2,68,0.20199999999999818,0.08800000000002228,0,1.2
87,random,2,70,1.1879999999999882,3.8420000000000414,0,1.2
87,random,2,71,2.2299999999999613,2.6720000000000255,1,1.2
87,random,2,72,1.4379999999999882,4.060000000000002,1,1.2
87,random,2,73,0.5380000000000109,7.353999999999985,0,1.2
87,random,2,74,1.1399999999999864,2.8520000000000323,0,1.2
87,random,2,75,1.127999999999986,0.19999999999998863,0,1.2
87,random,2,77,1.759999999999991,1.9120000000000346,1,1.2
87,random,2,78,1.5639999999999645,2.3319999999999936,1,1.2
87,random,2,79,0.2599999999999909,0.02400000000000091,0,1.2
87,random,2,81,1.6940000000000168,2.4399999999999977,1,1.2
87,random,2,82,1.9259999999999877,2.994000000000028,1,1.2
87,random,2,83,2.8519999999999754,7.451999999999998,1,1.2
87,random,2,84,2.1160000000000423,3.513999999999953,1,1.2
87,random,2,85,1.3940000000000055,0.17000000000001592,1,1.2
87,random,2,86,0.06200000000001182,26.841999999999985,0,1.2
87,random,2,87,0.9940000000000282,2.608000000000004,0,1.2
87,random,2,88,2.165999999999997,2.745999999999981,1,1.2
87,random,2,89,1.6259999999999764,4.550000000000011,1,1.2
87,random,2,90,1.1800000000000068,3.673999999999978,0,1.2
87,random,2,91,2.108000000000004,2.3980000000000246,1,1.2
87,random,2,92,1.136000000000024,2.203999999999951,0,1.2
87,random,2,93,1.7200000000000273,6.2900000000000205,1,1.2
87,random,2,94,3.311999999999955,2.7700000000000387,1,1.2
87,random,2,95,0.9099999999999682,2.608000000000004,0,1.2
87,random,2,96,2.1000000000000227,0.40399999999999636,1,1.2
87,random,2,97,0.033999999999991815,2.896000000000015,0,1.2
87,random,2,98,2.019999999999982,3.434000000000026,1,1.2
87,random,2,99,1.8519999999999754,0.21800000000001774,1,1.2
87,random,2,100,0.1139999999999759,4.524000000000001,0,1.2
87,random,2,101,0.9080000000000155,2.4279999999999973,0,1.2
87,random,2,102,1.5500000000000114,2.858000000000004,1,1.2
87,random,2,103,0.7919999999999732,4.038000000000011,0,1.2
87,random,2,104,1.613999999999976,3.410000000000025,1,1.2
87,random,2,105,1.4139999999999873,3.1779999999999973,1,1.2
87,random,2,106,1.73599999999999,2.8840000000000146,1,1.2
87,random,2,107,1.7560000000000286,1.8459999999999468,1,1.2
87,random,2,108,2.51400000000001,4.492000000000019,1,1.2
87,random,2,109,1.0620000000000118,4.0260000000000105,0,1.2
87,random,2,110,1.3059999999999832,4.0120000000000005,1,1.2
87,random,2,111,1.20799999999997,3.2800000000000296,1,1.2
87,random,2,112,0.3580000000000041,4.2339999999999804,0,1.2
87,random,2,113,0.3100000000000023,3.4499999999999886,0,1.2
87,random,2,114,1.1100000000000705,3.2619999999999436,0,1.2
87,random,2,115,2.5720000000000027,2.947999999999979,1,1.2
87,random,2,116,1.754000000000019,3.0819999999999936,1,1.2
87,random,2,117,2.1960000000000264,3.155999999999949,1,1.2
87,random,2,118,1.5579999999999927,3.8940000000000055,1,1.2
87,random,2,119,1.1960000000000264,3.6059999999999945,0,1.2
87,random,2,120,0.026000000000067303,0.05999999999994543,0,1.2
87,random,2,122,1.8399999999999181,1.9500000000000455,1,1.2
87,random,2,123,1.3819999999999482,2.9540000000000646,1,1.2
87,random,2,124,1.7379999999999427,2.740000000000009,1,1.2
87,random,2,125,1.4920000000000755,2.6200000000000045,1,1.2
87,random,2,126,1.8539999999999281,2.5720000000000027,1,1.2
87,random,2,127,2.1259999999999764,2.7480000000000473,1,1.2
87,random,2,128,2.0399999999999636,2.1920000000000073,1,1.2
87,random,2,129,2.062000000000012,4.004000000000019,1,1.2
87,random,2,130,1.461999999999989,5.594000000000051,1,1.2
87,random,2,131,1.5359999999999445,5.067999999999984,1,1.2
87,random,2,132,0.9980000000000473,3.4420000000000073,0,1.2
87,random,2,133,1.5339999999999918,9.451999999999998,1,1.2
87,random,2,134,0.9279999999999973,5.298000000000002,0,1.2
87,random,2,135,1.76400000000001,5.9220000000000255,1,1.2
87,random,2,136,1.6679999999998927,5.29200000000003,1,1.2
87,random,2,137,0.8759999999999764,28.978000000000065,0,1.2
87,random,2,138,1.9120000000000346,2.9039999999999964,1,1.2
87,random,2,139,1.1440000000000055,4.25,0,1.2
87,random,2,140,1.3979999999999109,1.782000000000039,1,1.2
87,random,2,141,2.9180000000000064,2.2379999999999427,1,1.2
87,random,2,142,3.254000000000019,3.8179999999999836,1,1.2
87,random,2,143,1.7860000000000582,9.451999999999998,1,1.2
87,random,2,144,2.8360000000000127,4.631999999999948,1,1.2
87,random,2,145,1.4980000000000473,3.689999999999941,1,1.2
87,random,2,146,1.802000000000021,4.854000000000042,1,1.2
87,random,2,147,0.7440000000000282,4.20799999999997,0,1.2
87,random,2,148,1.1059999999999945,3.6119999999999663,0,1.2
87,random,2,149,2.1140000000000327,4.001999999999953,1,1.2
87,random,2,150,1.4940000000000282,3.7340000000000373,1,1.2
87,random,2,151,2.7799999999999727,3.7999999999999545,1,1.2
87,random,2,152,1.6020000000000891,4.003999999999905,1,1.2
87,random,2,153,0.3140000000000782,3.3419999999999845,0,1.2
87,random,2,154,1.1019999999999754,2.423999999999978,0,1.2
87,random,2,155,1.76400000000001,3.2200000000000273,1,1.2
87,random,2,156,1.6720000000000255,11.183999999999969,1,1.2
87,random,2,157,1.641999999999939,2.8460000000000036,1,1.2
87,random,2,158,2.8880000000000337,3.1499999999999773,1,1.2
87,random,2,159,2.4920000000000755,3.3139999999999645,1,1.2
87,random,2,160,1.4779999999999518,4.360000000000014,1,1.2
87,random,2,161,2.1940000000000737,4.277999999999906,1,1.2
87,random,2,162,1.4940000000000282,3.716000000000008,1,1.2
87,random,2,163,1.0020000000000664,2.655999999999949,0,1.2
87,random,2,164,1.3360000000000127,5.67999999999995,1,1.2
87,random,2,165,1.0720000000000027,3.1800000000000637,0,1.2
87,random,2,166,2.1059999999999945,3.9879999999999427,1,1.2
87,random,2,167,1.1059999999999945,2.34800000000007,0,1.2
87,random,2,168,2.2339999999999236,2.3940000000000055,1,1.2
87,random,2,169,2.4780000000000655,0.03599999999994452,1,1.2
87,random,2,170,0.18000000000006366,2.8139999999999645,0,1.2
87,random,2,171,2.1280000000000427,3.185999999999922,1,1.2
87,random,2,172,2.396000000000072,4.596000000000004,1,1.2
87,random,2,173,1.0480000000000018,2.8339999999999463,0,1.2
87,random,2,174,2.0159999999999627,4.790000000000077,1,1.2
87,random,2,175,1.0319999999999254,2.480000000000018,0,1.2
87,random,2,176,1.9600000000000364,3.423999999999978,1,1.2
87,random,2,177,1.7960000000000491,5.497999999999934,1,1.2
87,random,2,178,1.0640000000000782,3.8239999999999554,0,1.2
87,random,2,179,1.6580000000000155,0.06799999999998363,1,1.2
87,random,2,180,0.22400000000004638,4.197999999999979,0,1.2
87,random,2,181,1.3199999999999363,4.600000000000023,1,1.2
87,random,2,182,1.8920000000000528,4.504000000000019,1,1.2
87,random,2,183,1.6079999999999472,7.52800000000002,1,1.2
87,random,2,184,1.3980000000000246,68.5039999999999,1,1.2
87,random,2,185,0.5440000000000964,3.199999999999932,0,1.2
87,random,2,186,1.358000000000061,2.641999999999939,1,1.2
87,random,2,187,1.5620000000000118,2.731999999999971,1,1.2
87,random,2,188,1.4940000000000282,3.0539999999999736,1,1.2
87,random,2,189,4.004000000000019,3.300000000000068,1,1.2
87,random,2,190,1.3839999999999009,7.57000000000005,1,1.2
87,random,2,191,1.16599999999994,3.268000000000029,0,1.2
87,random,2,192,1.4639999999999418,3.936000000000149,1,1.2
87,random,2,193,1.7980000000000018,5.662000000000035,1,1.2
87,random,2,194,2.201999999999998,44.84199999999987,1,1.2
87,random,2,195,1.0319999999999254,3.6800000000000637,0,1.2
87,random,2,196,0.928000000000111,0.21199999999998909,0,1.2
87,random,2,198,1.7359999999998763,3.201999999999998,1,1.2
87,random,2,199,1.6040000000000418,0.08999999999991815,1,1.2
87,random,2,200,0.11000000000012733,4.0779999999999745,0,1.2
87,random,2,201,1.2180000000000746,3.5659999999998035,1,1.2
87,random,2,202,1.6900000000000546,3.036000000000058,1,1.2
87,random,2,203,1.4539999999999509,5.531999999999925,1,1.2
87,random,2,204,1.4860000000001037,4.998000000000047,1,1.2
87,random,2,205,0.9819999999999709,2.6879999999998745,0,1.2
87,random,2,206,1.7640000000001237,3.55600000000004,1,1.2
87,random,2,207,1.9939999999999145,2.9320000000000164,1,1.2
87,random,2,208,1.9480000000000928,4.167999999999893,1,1.2
87,random,2,209,1.6739999999999782,7.286000000000058,1,1.2
87,random,2,210,0.16200000000003456,3.6219999999998436,0,1.2
87,random,2,211,1.6020000000000891,3.536000000000058,1,1.2
87,random,2,212,1.2280000000000655,4.551999999999907,1,1.2
87,random,2,213,1.3799999999998818,12.070000000000164,1,1.2
87,random,2,214,1.5080000000000382,8.011999999999944,1,1.2
87,random,2,215,0.91599999999994,2.1980000000000928,0,1.2
87,random,2,216,0.2719999999999345,0.057999999999992724,0,1.2
87,random,2,218,1.7859999999998308,2.686000000000149,1,1.2
87,random,2,219,1.6079999999999472,12.228000000000065,1,1.2
87,random,2,220,1.377999999999929,9.601999999999862,1,1.2
87,random,2,221,1.768000000000029,4.492000000000189,1,1.2
87,random,2,222,1.459999999999809,4.00200000000018,1,1.2
87,random,2,223,1.1879999999998745,2.456000000000131,0,1.2
87,random,2,224,1.0419999999999163,3.463999999999942,0,1.2
87,random,2,225,2.882000000000062,4.208000000000084,1,1.2
87,random,2,226,2.0039999999999054,2.961999999999989,1,1.2
87,random,2,227,1.6400000000001,4.269999999999982,1,1.2
87,random,2,228,0.7439999999999145,0.10599999999999454,0,1.2
87,random,2,230,1.75,11.22400000000016,1,1.2
87,random,2,231,1.6959999999999127,8.70399999999995,1,1.2
87,random,2,232,2.7920000000001437,10.571999999999889,1,1.2
87,random,2,233,1.0160000000000764,4.203999999999951,0,1.2
87,random,2,234,1.3420000000000982,8.543999999999869,1,1.2
87,random,2,235,1.9600000000000364,9.66599999999994,1,1.2
87,random,2,236,3.2760000000000673,3.259999999999991,1,1.2
87,random,2,237,1.7919999999999163,181.43600000000015,1,1.2
87,random,2,238,1.3999999999998636,12.120000000000118,1,1.2
87,random,2,239,1.6440000000000055,456.3879999999999,1,1.2
87,random,2,240,1.7999999999999545,6.153999999999996,1,1.2
87,random,2,241,0.9060000000001764,4.811999999999898,0,1.2
87,random,2,242,0.5619999999998981,3.2360000000001037,0,1.2
87,random,2,243,0.8920000000000528,3.2079999999998563,0,1.2
87,random,2,244,1.4400000000000546,38.99200000000019,1,1.2
87,random,2,245,1.0679999999997563,2.4400000000000546,0,1.2
87,random,2,246,1.6300000000001091,105.5319999999997,1,1.2
87,random,2,247,1.7440000000001419,15.372000000000298,1,1.2
87,random,2,248,1.1479999999996835,3.9320000000002437,0,1.2
87,random,2,249,2.094000000000051,564.6619999999998,1,1.2
87,random,2,250,1.1419999999998254,11.620000000000346,0,1.2
87,random,2,251,1.2459999999996398,9.920000000000073,1,1.2
87,random,2,252,0.8279999999999745,3.206000000000131,0,1.2
87,random,2,253,1.2519999999999527,4.561999999999898,1,1.2
87,random,2,254,1.018000000000029,3.72400000000016,0,1.2
87,random,2,255,2.5299999999997453,4.258000000000266,1,1.2
87,random,2,256,1.7399999999997817,42.65800000000036,1,1.2
87,random,2,257,1.4359999999996944,5.976000000000113,1,1.2
87,random,2,258,1.1199999999998909,3.55600000000004,0,1.2
87,random,2,259,0.2660000000000764,4.318000000000211,0,1.2
87,random,2,260,1.3159999999998035,4.445999999999913,1,1.2
87,random,2,261,1.1420000000002801,2.5219999999999345,0,1.2
87,random,2,262,1.7579999999998108,69.69000000000005,1,1.2
87,random,2,263,2.282000000000153,1092.5139999999997,1,1.2
87,random,2,264,0.1020000000003165,3.867999999999938,0,1.2
87,random,2,265,1.643999999999778,55.802000000000135,1,1.2
87,random,2,266,2.4719999999997526,1016.7759999999998,1,1.2
87,random,2,267,0.9280000000007931,14.097999999999956,0,1.2
87,random,2,268,0.6459999999997308,4.376000000000204,0,1.2
87,random,2,269,1.731999999999971,8.681999999999789,1,1.2
87,random,2,270,1.587999999999738,12.3100000000004,1,1.2
87,random,2,271,1.1939999999995052,3.0,0,1.2
87,random,2,272,1.5140000000001237,7.221999999999753,1,1.2
87,random,2,273,0.9220000000004802,3.5219999999999345,0,1.2
87,random,2,274,2.1940000000004147,,1,1.2
88,retract,1,1,0.2980000000000018,1.1139999999999972,0,0.5
88,retract,1,2,0.27600000000000335,2.5079999999999956,0,0.5
88,retract,1,3,0.15000000000000568,0.9420000000000002,0,0.5
88,retract,1,4,0.3260000000000005,0.08399999999999608,0,0.5
88,retract,1,6,0.23799999999999955,0.9660000000000011,0,0.5
88,retract,1,7,0.40800000000000125,2.597999999999999,0,0.5
88,retract,1,8,0.2560000000000002,0.9159999999999968,0,0.5
88,retract,1,9,1.0,3.9200000000000017,1,0.5
88,retract,1,10,0.15800000000000125,0.10800000000000409,0,0.5
88,retract,1,12,0.15800000000000125,2.9960000000000093,0,0.5
88,retract,1,13,0.18599999999999284,1.024000000000001,0,0.5
88,retract,1,14,0.32200000000000273,0.9500000000000028,0,0.5
88,retract,1,15,0.6460000000000008,4.837999999999994,1,0.5
88,retract,1,16,0.16800000000000637,0.9140000000000015,0,0.5
88,retract,1,17,0.2259999999999991,0.0899999999999892,0,0.5
88,retract,1,19,0.1460000000000008,2.6340000000000003,0,0.5
88,retract,1,20,0.16800000000000637,0.9159999999999968,0,0.5
88,retract,1,21,0.32200000000000273,0.8780000000000001,0,0.5
88,retract,1,22,0.3199999999999932,2.1099999999999994,0,0.5
88,retract,1,23,0.14400000000000546,0.9920000000000044,0,0.5
88,retract,1,24,0.1280000000000001,0.13599999999999568,0,0.5
88,retract,1,26,0.2839999999999918,1.838000000000008,0,0.5
88,retract,1,27,0.1979999999999933,1.3960000000000008,0,0.5
88,retract,1,28,0.5460000000000065,0.4379999999999882,1,0.5
88,retract,1,29,0.33800000000000807,0.8919999999999959,0,0.5
88,retract,1,30,0.2980000000000018,0.9579999999999984,0,0.5
88,retract,1,31,0.3499999999999943,0.9640000000000128,0,0.5
88,retract,1,32,0.5,5.36399999999999,0,0.5
88,retract,1,33,0.29399999999999693,0.1220000000000141,0,0.5
88,retract,1,35,0.21599999999999397,4.50800000000001,0,0.5
88,retract,1,36,0.41399999999998727,0.9920000000000044,0,0.5
88,retract,1,37,0.4860000000000042,6.2819999999999965,0,0.5
88,retract,1,38,0.2680000000000007,0.9099999999999966,0,0.5
88,retract,1,39,0.26200000000000045,0.07600000000000762,0,0.5
88,retract,1,41,0.5499999999999972,2.5940000000000083,1,0.5
88,retract,1,42,0.42799999999999727,1.220000000000013,0,0.5
88,retract,1,43,0.5199999999999818,0.06800000000001205,1,0.5
88,retract,1,44,0.46399999999999864,3.7479999999999905,0,0.5
88,retract,1,45,0.43200000000001637,0.9539999999999793,0,0.5
88,retract,1,46,1.1620000000000061,5.168000000000006,1,0.5
88,retract,1,47,0.5279999999999916,0.2560000000000002,1,0.5
88,retract,1,48,0.34600000000000364,5.8300000000000125,0,0.5
88,retract,1,49,0.12599999999997635,1.02800000000002,0,0.5
88,retract,1,50,0.2740000000000009,0.9759999999999991,0,0.5
88,retract,1,51,0.4619999999999891,3.8160000000000025,0,0.5
88,retract,1,52,0.36600000000001387,0.16799999999997794,0,0.5
88,retract,1,54,0.38999999999998636,0.054000000000002046,0,0.5
88,retract,1,56,0.29999999999998295,2.51400000000001,0,0.5
88,retract,1,57,0.4300000000000068,2.5619999999999834,0,0.5
88,retract,1,58,0.5699999999999932,0.22800000000000864,1,0.5
88,retract,1,59,0.060000000000002274,0.09000000000000341,0,0.5
88,retract,1,61,0.13599999999999568,4.036000000000001,0,0.5
88,retract,1,62,0.12000000000000455,0.9599999999999795,0,0.5
88,retract,1,63,0.38400000000001455,2.539999999999992,0,0.5
88,retract,1,64,0.7680000000000007,0.39400000000000546,1,0.5
88,retract,1,65,0.36599999999998545,0.08800000000002228,0,0.5
88,retract,1,67,0.2880000000000109,2.4739999999999895,0,0.5
88,retract,1,68,0.11400000000000432,1.3319999999999936,0,0.5
88,retract,1,69,0.47800000000000864,1.0699999999999932,0,0.5
88,retract,1,70,0.49200000000001864,0.057999999999992724,0,0.5
88,retract,1,72,0.6500000000000057,0.3059999999999832,1,0.5
88,retract,1,73,0.2560000000000002,2.7760000000000105,0,0.5
88,retract,1,74,0.09600000000000364,1.7139999999999986,0,0.5
88,retract,1,75,0.117999999999995,2.8400000000000034,0,0.5
88,retract,1,76,0.42199999999999704,1.9399999999999977,0,0.5
88,retract,1,77,0.47400000000001796,2.5039999999999907,0,0.5
88,retract,1,78,0.09999999999999432,1.5360000000000014,0,0.5
88,retract,1,79,0.45400000000000773,0.02400000000000091,0,0.5
88,retract,1,81,0.15200000000001523,1.0219999999999914,0,0.5
88,retract,1,82,0.2680000000000007,0.9259999999999877,0,0.5
88,retract,1,83,0.396000000000015,1.8719999999999857,0,0.5
88,retract,1,84,0.2120000000000175,1.627999999999986,0,0.5
88,retract,1,85,0.724000000000018,0.6080000000000041,1,0.5
88,retract,1,86,0.5180000000000007,0.8919999999999959,1,0.5
88,retract,1,87,0.057999999999992724,0.9759999999999991,0,0.5
88,retract,1,88,0.5480000000000018,0.24799999999999045,1,0.5
88,retract,1,89,0.1640000000000157,0.0619999999999834,0,0.5
88,retract,1,91,0.12399999999999523,1.1580000000000155,0,0.5
88,retract,1,92,0.42799999999999727,2.201999999999998,0,0.5
88,retract,1,93,0.2839999999999918,0.8739999999999952,0,0.5
88,retract,1,94,0.33199999999999363,2.656000000000006,0,0.5
88,retract,1,95,0.3540000000000134,0.8700000000000045,0,0.5
88,retract,1,96,0.5480000000000018,2.671999999999997,1,0.5
88,retract,1,97,0.10800000000000409,0.08799999999999386,0,0.5
88,retract,1,99,0.6539999999999964,0.32800000000000296,1,0.5
88,retract,1,100,0.29999999999998295,0.08799999999999386,0,0.5
88,retract,1,102,0.4200000000000159,1.0,0,0.5
88,retract,1,103,0.11199999999999477,2.0219999999999914,0,0.5
88,retract,1,104,0.6479999999999961,0.6640000000000157,1,0.5
88,retract,1,105,0.4480000000000075,0.8419999999999845,0,0.5
88,retract,1,106,0.3640000000000043,0.8300000000000125,0,0.5
88,retract,1,107,0.7539999999999907,0.3120000000000118,1,0.5
88,retract,1,108,0.18999999999999773,4.795999999999964,0,0.5
88,retract,1,109,0.2820000000000391,0.9139999999999873,0,0.5
88,retract,1,110,0.13400000000001455,2.9879999999999995,0,0.5
88,retract,1,111,0.40399999999999636,0.8340000000000032,0,0.5
88,retract,1,112,0.3299999999999841,1.1299999999999955,0,0.5
88,retract,1,113,0.3480000000000132,2.245999999999981,0,0.5
88,retract,1,114,1.01400000000001,0.6619999999999777,1,0.5
88,retract,1,115,0.5040000000000191,,1,0.5
88,retract,1,116,0.4239999999999995,0.9680000000000035,0,0.0
88,retract,1,117,0.24199999999999733,0.8900000000000006,0,0.0
88,retract,1,118,0.5579999999999998,4.722000000000001,1,0.0
88,retract,1,119,0.5499999999999972,0.4520000000000053,1,0.0
88,retract,1,120,0.09000000000000341,5.037999999999997,0,0.0
88,retract,1,121,0.6400000000000006,0.5840000000000032,1,0.0
88,retract,1,122,0.48799999999999955,4.609999999999999,0,0.0
88,retract,1,123,0.4299999999999926,1.3140000000000072,0,0.0
88,retract,1,124,0.847999999999999,0.2879999999999967,1,0.0
88,retract,1,125,0.15800000000000125,2.8400000000000034,0,0.0
88,retract,1,126,0.22799999999999443,1.5139999999999958,0,0.0
88,retract,1,127,0.7820000000000107,0.16399999999998727,1,0.0
88,retract,1,128,0.4380000000000024,2.9420000000000073,0,0.0
88,retract,1,129,0.41199999999999193,1.475999999999999,0,0.0
88,retract,1,130,0.20400000000000773,1.293999999999997,0,0.0
88,retract,1,131,0.47400000000000375,1.2339999999999947,0,0.0
88,retract,1,132,0.4440000000000026,0.1419999999999959,0,0.0
88,retract,1,134,0.43600000000000705,2.7519999999999953,0,0.0
88,retract,1,135,0.46399999999999864,1.3020000000000067,0,0.0
88,retract,1,136,0.30399999999998784,2.156000000000006,0,0.0
88,retract,1,137,0.2819999999999965,0.9000000000000057,0,0.0
88,retract,1,138,0.28999999999999204,0.10800000000000409,0,0.0
88,retract,1,140,0.5999999999999943,0.3500000000000085,1,0.0
88,retract,1,141,0.27599999999999625,0.9519999999999982,0,0.0
88,retract,1,142,0.8860000000000099,0.21999999999999886,1,0.0
88,retract,1,143,0.117999999999995,0.17199999999999704,0,0.0
88,retract,1,145,0.39799999999999613,0.9159999999999968,0,0.0
88,retract,1,146,0.23199999999999932,0.9420000000000073,0,0.0
88,retract,1,147,0.25,2.715999999999994,0,0.0
88,retract,1,148,0.19200000000000728,0.8919999999999959,0,0.0
88,retract,1,149,1.2379999999999995,0.4620000000000033,1,0.0
88,retract,1,150,0.4440000000000026,3.2579999999999956,0,0.0
88,retract,1,151,0.6039999999999992,0.27599999999999625,1,0.0
88,retract,1,152,0.18000000000000682,1.1559999999999917,0,0.0
88,retract,1,153,0.33800000000000807,0.8699999999999903,0,0.0
88,retract,1,154,0.465999999999994,5.8440000000000225,0,0.0
88,retract,1,155,0.35599999999999454,0.9039999999999964,0,0.0
88,retract,1,156,0.5240000000000009,0.632000000000005,1,0.0
88,retract,1,157,0.38999999999998636,3.7280000000000086,0,0.0
88,retract,1,158,0.6119999999999948,0.15000000000000568,1,0.0
88,retract,1,159,0.36199999999999477,1.686000000000007,0,0.0
88,retract,1,160,0.5759999999999934,7.0,1,0.0
88,retract,1,161,0.4159999999999968,0.9039999999999964,0,0.0
88,retract,1,162,0.2740000000000009,2.0600000000000023,0,0.0
88,retract,1,163,0.5459999999999923,0.7160000000000082,1,0.0
88,retract,1,164,0.2259999999999991,0.10200000000000387,0,0.0
88,retract,1,166,0.47800000000000864,0.12999999999999545,0,0.0
88,retract,1,168,0.5759999999999934,5.140000000000015,1,0.0
88,retract,1,169,0.5859999999999843,0.46400000000002706,1,0.0
88,retract,1,170,0.3739999999999952,1.3340000000000032,0,0.0
88,retract,1,171,0.46999999999999886,3.3559999999999945,0,0.0
88,retract,1,172,0.5339999999999918,1.0080000000000098,1,0.0
88,retract,1,173,0.3400000000000034,0.117999999999995,0,0.0
88,retract,1,175,0.8899999999999864,0.4159999999999968,1,0.0
88,retract,1,176,0.036000000000001364,5.6200000000000045,0,0.0
88,retract,1,177,0.3780000000000143,0.08399999999997476,0,0.0
88,retract,1,179,0.37000000000000455,0.8479999999999848,0,0.0
88,retract,1,180,0.39400000000000546,3.3160000000000025,0,0.0
88,retract,1,181,0.6220000000000141,0.15799999999998704,1,0.0
88,retract,1,182,0.31399999999999295,0.9680000000000177,0,0.0
88,retract,1,183,0.4619999999999891,0.103999999999985,0,0.0
88,retract,1,185,0.47800000000000864,4.086000000000013,0,0.0
88,retract,1,186,0.33799999999999386,1.1759999999999877,0,0.0
88,retract,1,187,0.5080000000000098,0.36000000000001364,1,0.0
88,retract,1,188,0.27199999999999136,0.8859999999999957,0,0.0
88,retract,1,189,0.5180000000000007,0.18000000000000682,1,0.0
88,retract,1,190,0.3259999999999934,6.033999999999992,0,0.0
88,retract,1,191,0.2820000000000107,1.186000000000007,0,0.0
88,retract,1,192,0.4619999999999891,0.8540000000000134,0,0.0
88,retract,1,193,0.3859999999999957,3.245999999999981,0,0.0
88,retract,1,194,0.3580000000000041,1.1100000000000136,0,0.0
88,retract,1,195,0.75,0.5759999999999934,1,0.0
88,retract,1,196,0.5500000000000114,5.961999999999989,1,0.0
88,retract,1,197,0.32399999999998386,0.08800000000002228,0,0.0
88,retract,1,199,0.47400000000001796,1.608000000000004,0,0.0
88,retract,1,200,0.73599999999999,0.41800000000000637,1,0.0
88,retract,1,201,0.3340000000000032,4.685999999999979,0,0.0
88,retract,1,202,0.36600000000001387,0.9180000000000064,0,0.0
88,retract,1,203,0.5600000000000023,1.8499999999999943,1,0.0
88,retract,1,204,0.38999999999998636,4.032000000000011,0,0.0
88,retract,1,205,0.28000000000000114,0.882000000000005,0,0.0
88,retract,1,206,0.6299999999999955,0.578000000000003,1,0.0
88,retract,1,207,0.5060000000000002,6.442000000000007,1,0.0
88,retract,1,208,0.549999999999983,0.3019999999999925,1,0.0
88,retract,1,209,0.6360000000000241,0.35599999999999454,1,0.0
88,retract,1,210,0.21999999999999886,1.0300000000000011,0,0.0
88,retract,1,211,0.14400000000000546,5.027999999999963,0,0.0
88,retract,1,212,0.7040000000000077,0.424000000000035,1,0.0
88,retract,1,213,0.07200000000000273,1.0699999999999932,0,0.0
88,retract,1,214,0.23799999999999955,0.07599999999996498,0,0.0
88,retract,1,216,0.34199999999998454,0.9259999999999877,0,0.0
88,retract,1,217,0.5260000000000105,2.3700000000000045,0,0.0
88,retract,1,218,1.004000000000019,1.9300000000000068,1,0.0
88,retract,1,219,0.2259999999999991,0.8839999999999577,0,0.0
88,retract,1,220,0.22800000000000864,4.8799999999999955,0,0.0
88,retract,1,221,0.21800000000001774,1.0079999999999814,0,0.0
88,retract,1,222,0.674000000000035,0.3480000000000132,1,0.0
88,retract,1,223,0.16799999999994952,1.8560000000000514,0,0.0
88,retract,1,224,0.06999999999999318,0.04199999999997317,0,0.0
88,retract,1,226,0.4900000000000091,6.009999999999991,0,0.0
88,retract,1,227,0.3199999999999932,0.07800000000003138,0,0.0
88,retract,1,229,0.2459999999999809,0.8419999999999845,0,0.0
88,retract,1,230,0.5260000000000105,5.125999999999976,0,0.0
88,retract,1,231,0.16599999999999682,1.1960000000000264,0,0.0
88,retract,1,232,0.21999999999997044,0.11400000000003274,0,0.0
88,retract,1,234,0.23399999999998045,0.9039999999999964,0,0.0
88,retract,1,235,0.34600000000000364,0.8480000000000132,0,0.0
88,retract,1,236,0.23399999999998045,2.01400000000001,0,0.0
88,retract,1,237,0.12999999999999545,1.0080000000000382,0,0.0
88,retract,1,238,0.17799999999999727,1.0319999999999823,0,0.0
88,retract,1,239,0.22800000000000864,15.26400000000001,0,0.0
88,retract,1,240,0.14999999999997726,0.882000000000005,0,0.0
88,retract,1,241,0.2839999999999918,1.2239999999999895,0,0.0
88,retract,1,242,0.5180000000000291,3.5219999999999914,0,0.0
88,retract,1,243,0.52800000000002,0.9219999999999686,0,0.0
88,retract,1,244,0.7620000000000005,5.136000000000024,1,0.0
88,retract,1,245,0.14400000000000546,0.8700000000000045,0,0.0
88,retract,1,246,0.23599999999999,2.5979999999999563,0,0.0
88,retract,1,247,0.4500000000000455,0.9119999999999777,0,0.0
88,retract,1,248,0.23399999999998045,2.3320000000000505,0,0.0
88,retract,1,249,2.6539999999999964,0.16399999999998727,1,0.0
88,retract,1,250,0.7419999999999618,0.08800000000002228,1,0.0
88,retract,1,251,0.41399999999998727,0.18800000000004502,0,0.0
88,retract,1,253,0.34600000000000364,1.990000000000009,0,0.0
88,retract,1,254,0.4460000000000264,8.298000000000002,0,0.0
88,retract,1,255,0.7459999999999809,0.26200000000000045,1,0.0
88,retract,1,256,0.21600000000000819,0.8739999999999668,0,0.0
88,retract,1,257,0.36000000000001364,1.4940000000000282,0,0.0
88,retract,1,258,0.5039999999999623,4.230000000000018,0,0.0
88,retract,1,259,0.19999999999998863,0.9680000000000177,0,0.0
88,retract,1,260,0.20999999999997954,1.080000000000041,0,0.0
88,retract,1,261,0.589999999999975,0.98599999999999,0,0.0
88,retract,1,262,0.41800000000000637,1.3999999999999773,0,0.0
88,retract,1,263,0.21399999999999864,2.8080000000000496,0,0.0
88,retract,1,264,0.26799999999997226,0.10000000000002274,0,0.0
88,retract,1,266,0.4399999999999977,1.8000000000000114,0,0.0
88,retract,1,267,1.1659999999999968,0.09200000000004138,1,0.0
88,retract,1,268,0.07200000000000273,0.8739999999999668,0,0.0
88,retract,1,269,0.396000000000015,1.0439999999999827,0,0.0
88,retract,1,270,0.5260000000000105,1.1800000000000068,0,0.0
88,retract,1,271,0.35199999999997544,4.117999999999995,0,0.0
88,retract,1,272,1.288000000000011,0.02800000000002001,1,0.0
88,retract,1,273,0.19400000000001683,0.9479999999999791,0,0.0
88,retract,1,274,0.5939999999999941,0.8940000000000055,0,0.0
88,retract,1,275,0.11200000000002319,4.575999999999965,0,0.0
88,retract,1,276,0.11000000000001364,1.0919999999999845,0,0.0
88,retract,1,277,0.8480000000000132,0.46999999999997044,1,0.0
88,retract,1,278,0.5220000000000482,1.2719999999999914,0,0.0
88,retract,1,279,0.48599999999999,3.555999999999983,0,0.0
88,retract,1,280,0.424000000000035,2.967999999999961,0,0.0
88,retract,1,281,0.3180000000000405,0.051999999999964075,0,0.0
88,retract,1,283,0.4619999999999891,10.213999999999999,0,0.0
88,retract,1,284,0.34199999999998454,1.920000000000016,0,0.0
88,retract,1,285,0.3199999999999932,3.1859999999999786,0,0.0
88,retract,1,286,0.28600000000000136,1.8120000000000118,0,0.0
88,retract,1,287,0.5540000000000305,0.06799999999998363,0,0.0
88,retract,1,289,0.27800000000002,1.8460000000000036,0,0.0
88,retract,1,290,0.07999999999998408,0.05000000000001137,0,0.0
88,retract,1,292,0.48600000000004684,1.8759999999999764,0,0.0
88,retract,1,293,2.315999999999974,0.1400000000000432,1,0.0
88,retract,1,294,0.3580000000000041,3.680000000000007,0,0.0
88,retract,1,295,0.16799999999994952,1.9660000000000082,0,0.0
88,retract,1,296,0.35599999999999454,1.0720000000000027,0,0.0
88,retract,1,297,0.2740000000000009,0.9499999999999886,0,0.0
88,retract,1,298,0.4000000000000341,9.545999999999992,0,0.0
88,retract,1,299,0.45400000000000773,7.149999999999977,0,0.0
88,retract,1,300,0.438000000000045,1.0259999999999536,0,0.0
88,retract,1,301,0.38400000000001455,1.4259999999999877,0,0.0
88,retract,1,302,0.37000000000000455,0.8880000000000337,0,0.0
88,retract,1,303,0.35199999999997544,0.8899999999999864,0,0.0
88,retract,1,304,0.22800000000000864,0.8880000000000337,0,0.0
88,retract,1,305,0.37199999999995725,0.80600000000004,0,0.0
88,retract,1,306,0.4619999999999891,0.1239999999999668,0,0.0
88,retract,1,308,0.5099999999999909,2.4839999999999804,0,0.0
88,retract,1,309,0.4300000000000068,0.9519999999999982,0,0.0
88,retract,1,310,0.43600000000003547,1.2799999999999727,0,0.0
88,retract,1,311,0.29599999999999227,1.76400000000001,0,0.0
88,retract,1,312,0.14999999999997726,0.14400000000000546,0,0.0
88,retract,1,314,0.23599999999999,1.9300000000000068,0,0.0
88,retract,1,315,0.6159999999999854,5.894000000000062,1,0.0
88,retract,1,316,0.08399999999994634,0.9919999999999618,0,0.0
88,retract,1,317,0.27800000000002,0.8999999999999773,0,0.0
88,retract,1,318,0.6280000000000427,0.3160000000000309,1,0.0
88,retract,1,319,0.15399999999999636,3.532000000000039,0,0.0
88,retract,1,320,0.32199999999988904,1.4320000000000164,0,0.0
88,retract,1,321,0.22400000000004638,1.0159999999999627,0,0.0
88,retract,1,322,0.09000000000003183,0.8680000000000518,0,0.0
88,retract,1,323,0.2559999999999718,2.419999999999959,0,0.0
88,retract,1,324,0.39999999999997726,1.2760000000000673,0,0.0
88,retract,1,325,0.39800000000002456,1.3159999999999172,0,0.0
88,retract,1,326,0.29200000000003,1.6539999999999964,0,0.0
88,retract,1,327,0.37400000000002365,2.213999999999942,0,0.0
88,retract,1,328,0.2740000000000009,3.34800000000007,0,0.0
88,retract,1,329,0.19200000000000728,1.3059999999999263,0,0.0
88,retract,1,330,0.11200000000008004,0.07200000000000273,0,0.0
88,retract,1,332,0.2319999999999709,0.09199999999998454,0,0.0
88,retract,1,334,0.45799999999997,1.0760000000000218,0,0.0
88,retract,1,335,0.09199999999998454,0.09199999999998454,0,0.0
88,retract,1,337,0.2439999999999145,0.02800000000002001,0,0.0
88,retract,1,339,0.5199999999999818,1.0919999999999845,0,0.0
88,retract,1,340,0.20799999999997,2.4540000000000646,0,0.0
88,retract,1,341,0.38999999999998636,2.853999999999928,0,0.0
88,retract,1,342,1.9840000000000373,0.08399999999994634,1,0.0
88,retract,1,343,0.4820000000000846,4.685999999999922,0,0.0
88,retract,1,344,0.2940000000000964,0.9659999999998945,0,0.0
88,retract,1,345,0.05400000000008731,2.225999999999999,0,0.0
88,retract,1,346,0.2939999999999827,0.9120000000000346,0,0.0
88,retract,1,347,0.4499999999999318,2.3940000000000055,0,0.0
88,retract,1,348,0.38400000000001455,2.6920000000000073,0,0.0
88,retract,1,349,1.3479999999999563,3.580000000000041,1,0.0
88,retract,1,350,0.4339999999999691,2.344000000000051,0,0.0
88,retract,1,351,0.5079999999999245,1.1040000000000418,0,0.0
88,retract,1,352,1.3619999999999663,0.07000000000005002,1,0.0
88,retract,1,353,0.3079999999999927,6.258000000000038,0,0.0
88,retract,1,354,0.2819999999999254,1.3000000000000682,0,0.0
88,retract,1,355,0.7699999999999818,4.6159999999999854,1,0.0
88,retract,1,356,0.4339999999999691,2.7340000000000373,0,0.0
88,retract,1,357,0.9020000000000437,0.021999999999934516,1,0.0
88,retract,1,358,0.3160000000000309,1.3740000000000236,0,0.0
88,retract,1,359,0.38199999999994816,3.094000000000051,0,0.0
88,retract,1,360,0.2999999999999545,3.272000000000048,0,0.0
88,retract,1,361,0.97199999999998,0.40999999999996817,1,0.0
88,retract,1,362,0.35000000000002274,1.1860000000000355,0,0.0
88,retract,1,363,0.2459999999999809,1.217999999999961,0,0.0
88,retract,1,364,0.40399999999999636,1.0,0,0.0
88,retract,1,365,0.32200000000000273,3.1000000000000227,0,0.0
88,retract,1,366,0.36199999999996635,0.9479999999999791,0,0.0
88,retract,1,367,0.3020000000000209,0.9819999999999709,0,0.0
88,retract,1,368,0.16400000000010095,2.2099999999999227,0,0.0
88,retract,1,369,0.3039999999999736,0.9420000000000073,0,0.0
88,retract,1,370,0.9360000000000355,0.34799999999995634,1,0.0
88,retract,1,371,0.17000000000007276,1.3179999999999836,0,0.0
88,retract,1,372,0.4679999999999609,4.396000000000072,0,0.0
88,retract,1,373,0.52800000000002,1.1059999999999945,0,0.0
88,retract,1,374,0.21199999999998909,1.5679999999999836,0,0.0
88,retract,1,375,0.30599999999992633,1.1100000000000136,0,0.0
88,retract,1,376,0.7380000000000564,3.509999999999991,1,0.0
88,retract,1,377,1.3400000000000318,6.839999999999918,1,0.0
88,retract,1,378,0.5339999999999918,0.07400000000006912,0,0.0
88,retract,1,380,0.32999999999992724,0.08800000000007913,0,0.0
88,retract,1,383,0.2459999999999809,0.9800000000000182,0,0.0
88,retract,1,384,0.08000000000004093,0.027999999999906322,0,0.0
88,retract,1,386,0.2560000000000855,2.905999999999949,0,0.0
88,retract,1,387,0.13400000000001455,1.1019999999999754,0,0.0
88,retract,1,388,0.5720000000000027,0.016000000000076398,0,0.0
88,retract,1,390,1.5860000000000127,0.2300000000000182,1,0.0
88,retract,1,391,0.32600000000002183,3.991999999999962,0,0.0
88,retract,1,392,0.33400000000006,1.5219999999999345,0,0.0
88,retract,1,393,0.11599999999998545,0.9980000000000473,0,0.0
88,retract,1,394,0.35599999999999454,0.053999999999973625,0,0.0
88,retract,1,396,0.40200000000004366,3.2779999999999063,0,0.0
88,retract,1,397,2.008000000000038,0.03999999999996362,1,0.0
88,retract,1,398,0.40200000000004366,4.080000000000041,0,0.0
88,retract,1,399,0.2719999999999345,2.8940000000000055,0,0.0
88,retract,1,400,0.37200000000007094,0.9799999999999045,0,0.0
88,retract,1,401,0.2660000000000764,1.4379999999999882,0,0.0
88,retract,1,402,0.4119999999999209,1.400000000000091,0,0.0
88,retract,1,403,0.2999999999999545,2.491999999999962,0,0.0
88,retract,1,404,0.36800000000005184,1.2139999999999418,0,0.0
88,retract,1,405,0.2860000000000582,1.4460000000000264,0,0.0
88,retract,1,406,0.2300000000000182,1.6159999999999854,0,0.0
88,retract,1,407,0.12599999999997635,0.04399999999998272,0,0.0
88,retract,1,409,0.11199999999996635,2.6680000000000064,0,0.0
88,retract,1,410,2.830000000000041,0.18799999999998818,1,0.0
88,retract,1,411,0.2379999999999427,0.13800000000003365,0,0.0
88,retract,1,413,0.057999999999992724,6.067999999999984,0,0.0
88,retract,1,414,0.36199999999996635,1.3740000000000236,0,0.0
88,retract,1,415,0.42399999999997817,2.1340000000000146,0,0.0
88,retract,1,416,0.4519999999999982,1.2580000000000382,0,0.0
88,retract,1,417,2.117999999999938,4.166000000000054,1,0.0
88,retract,1,418,1.6759999999999309,0.21400000000005548,1,0.0
88,retract,1,419,0.36799999999993815,0.20199999999999818,0,0.0
88,retract,1,421,0.2980000000000018,0.95799999999997,0,0.0
88,retract,1,422,0.20400000000006457,0.9619999999999891,0,0.0
88,retract,1,423,2.0299999999999727,0.07600000000002183,1,0.0
88,retract,1,424,0.5799999999999272,21.878000000000043,0,0.0
88,retract,1,425,0.2559999999999718,1.0460000000000491,0,0.0
88,retract,1,426,0.9220000000000255,0.053999999999973625,1,0.0
88,retract,1,427,0.4420000000000073,3.8880000000000337,0,0.0
88,retract,1,428,0.35399999999992815,1.1800000000000637,0,0.0
88,retract,1,429,0.7599999999999909,0.04800000000000182,1,0.0
88,retract,1,430,0.4779999999999518,3.6440000000000055,0,0.0
88,retract,1,431,0.35800000000006094,1.0219999999999345,0,0.0
88,retract,1,432,0.08199999999999363,1.183999999999969,0,0.0
88,retract,1,433,1.2080000000000837,0.06399999999996453,1,0.0
88,retract,1,434,0.4600000000000364,0.13199999999994816,0,0.0
88,retract,1,436,0.32399999999995543,1.8500000000000227,0,0.0
88,retract,1,437,0.73599999999999,5.1580000000000155,1,0.0
88,retract,1,438,0.35000000000002274,2.141999999999939,0,0.0
88,retract,1,439,0.18600000000003547,1.231999999999971,0,0.0
88,retract,1,440,1.038000000000011,0.057999999999992724,1,0.0
88,retract,1,441,0.37599999999997635,0.07600000000002183,0,0.0
88,retract,1,443,0.2880000000000109,1.8139999999999645,0,0.0
88,retract,1,444,0.8260000000000218,0.5339999999999918,1,0.0
88,retract,1,445,0.12999999999999545,1.2720000000000482,0,0.0
88,retract,1,446,0.20600000000001728,4.159999999999968,0,0.0
88,retract,1,447,0.07600000000002183,1.1359999999999673,0,0.0
88,retract,1,448,0.12800000000004275,0.053999999999973625,0,0.0
88,retract,1,450,0.3079999999999927,0.03600000000005821,0,0.0
88,retract,1,452,1.4300000000000637,0.25,1,0.0
88,retract,1,453,0.2759999999999536,5.932000000000016,0,0.0
88,retract,1,454,0.13400000000001455,1.72199999999998,0,0.0
88,retract,1,455,0.05600000000004002,0.5699999999999363,0,0.0
88,retract,1,456,0.9880000000000564,0.053999999999973625,1,0.0
88,retract,1,457,0.92999999999995,0.2440000000000282,1,0.0
88,retract,1,458,0.12199999999995725,8.406000000000063,0,0.0
88,retract,1,459,0.2999999999999545,1.2660000000000764,0,0.0
88,retract,1,460,1.38799999999992,0.40000000000009095,1,0.0
88,retract,1,461,0.19799999999997908,4.52800000000002,0,0.0
88,retract,1,462,0.2279999999999518,1.05600000000004,0,0.0
88,retract,1,463,1.481999999999971,0.057999999999992724,1,0.0
88,retract,1,464,0.4759999999999991,6.628000000000043,0,0.0
88,retract,1,465,0.4079999999999018,1.3960000000000719,0,0.0
88,retract,1,466,0.40199999999992997,0.044000000000096406,0,0.0
88,retract,1,468,1.169999999999959,0.11199999999996635,1,0.0
88,retract,1,469,0.9519999999999982,92.60200000000009,1,0.0
88,retract,1,470,0.17199999999991178,1.30600000000004,0,0.0
88,retract,1,471,0.3000000000000682,2.5519999999999072,0,0.0
88,retract,1,472,0.3000000000000682,2.245999999999981,0,0.0
88,retract,1,473,0.4840000000000373,2.0299999999999727,0,0.0
88,retract,1,474,0.5499999999999545,2.4060000000000628,0,0.0
88,retract,1,475,1.7719999999999345,0.13999999999998636,1,0.0
88,retract,1,476,0.40200000000004366,4.844000000000051,0,0.0
88,retract,1,477,0.42999999999995,1.0860000000000127,0,0.0
88,retract,1,478,1.2279999999999518,0.13200000000006185,1,0.0
88,retract,1,479,0.42799999999999727,1.0419999999999163,0,0.0
88,retract,1,480,0.17400000000009186,0.5799999999999272,0,0.0
88,retract,1,481,2.225999999999999,0.2380000000000564,1,0.0
88,retract,1,482,0.3020000000000209,7.209999999999923,0,0.0
88,retract,1,483,1.1879999999999882,0.16800000000000637,1,0.0
88,retract,1,484,0.32600000000002183,0.9540000000000646,0,0.0
88,retract,1,485,0.8919999999999391,0.13800000000003365,1,0.0
88,retract,1,486,0.40999999999996817,6.816000000000031,0,0.0
88,retract,1,487,0.4379999999999882,0.6000000000000227,0,0.0
88,retract,1,488,0.6739999999999782,0.049999999999954525,1,0.0
88,retract,1,489,1.0819999999999936,0.37800000000004275,1,0.0
88,retract,1,490,0.36199999999996635,6.830000000000041,0,0.0
88,retract,1,491,0.8179999999999836,0.14200000000005275,1,0.0
88,retract,1,492,1.2619999999999436,9.494000000000028,1,0.0
88,retract,1,493,2.4279999999998836,0.3500000000001364,1,0.0
88,retract,1,494,0.16399999999998727,0.06199999999989814,0,0.0
88,retract,1,496,0.6019999999998618,0.11200000000008004,0,0.0
88,retract,1,498,0.23999999999978172,1.1000000000001364,0,0.0
88,retract,1,499,1.25,0.32199999999988904,1,0.0
88,retract,1,500,0.17800000000011096,6.367999999999938,0,0.0
88,retract,1,501,0.7460000000000946,0.34600000000000364,1,0.0
88,retract,1,502,0.2179999999998472,7.769999999999982,0,0.0
88,retract,1,503,0.43800000000010186,1.2039999999999509,0,0.0
88,retract,1,504,0.5320000000001528,1.2519999999999527,0,0.0
88,retract,1,505,0.8440000000000509,0.33399999999983265,1,0.0
88,retract,1,506,0.18399999999996908,14.576000000000022,0,0.0
88,retract,1,507,0.07799999999997453,0.13400000000001455,0,0.0
88,retract,1,509,0.1799999999998363,1.1539999999999964,0,0.0
88,retract,1,510,0.6300000000001091,0.16799999999989268,0,0.0
88,retract,1,512,0.37400000000002365,3.7079999999998563,0,0.0
88,retract,1,513,1.3500000000001364,0.2719999999999345,1,0.0
88,retract,1,514,0.22600000000011278,4.02599999999984,0,0.0
88,retract,1,515,1.3980000000001382,0.1879999999998745,1,0.0
88,retract,1,516,0.36400000000003274,4.423999999999978,0,0.0
88,retract,1,517,0.4919999999999618,1.1980000000000928,0,0.0
88,retract,1,518,0.40000000000009095,0.8579999999999472,0,0.0
88,retract,1,519,1.08199999999988,1.1159999999999854,1,0.0
88,retract,1,520,0.5340000000001055,5.286000000000058,0,0.0
88,retract,1,521,0.2980000000000018,2.3640000000000327,0,0.0
88,retract,1,522,1.1820000000000164,0.14999999999986358,1,0.0
88,retract,1,523,0.2760000000000673,5.758000000000038,0,0.0
88,retract,1,524,0.29599999999982174,1.1840000000001965,0,0.0
88,retract,1,525,0.39599999999995816,1.0679999999999836,0,0.0
88,retract,1,526,0.6759999999999309,1.0799999999999272,0,0.0
88,retract,1,527,0.6480000000001382,1.1240000000000236,0,0.0
88,retract,1,528,0.9980000000000473,0.2259999999998854,1,0.0
88,retract,1,529,0.7000000000000455,10.27800000000002,0,0.0
88,retract,1,530,0.9919999999999618,0.32999999999992724,1,0.0
88,retract,1,531,0.40000000000009095,471.39200000000005,0,0.0
88,retract,1,532,0.2999999999999545,3.8940000000000055,0,0.0
88,retract,1,533,1.0799999999999272,0.3079999999999927,1,0.0
88,retract,1,534,0.16200000000003456,4.364000000000033,0,0.0
88,retract,1,535,0.2660000000000764,1.8619999999998527,0,0.0
88,retract,1,536,0.30600000000004,1.1340000000000146,0,0.0
88,retract,1,537,0.8079999999999927,0.16000000000008185,1,0.0
88,retract,1,538,0.31999999999993634,4.657999999999902,0,0.0
88,retract,1,539,0.512000000000171,2.1119999999998527,0,0.0
88,retract,1,540,0.34799999999995634,1.1340000000000146,0,0.0
88,retract,1,541,0.6760000000001583,3.8539999999998145,0,0.0
88,retract,1,542,1.1860000000001492,0.2400000000000091,1,0.0
88,retract,1,543,0.37400000000002365,11.973999999999933,0,0.0
88,retract,1,544,0.2880000000000109,1.6359999999999673,0,0.0
88,retract,1,545,0.20800000000008367,1.0599999999999454,0,0.0
88,retract,1,546,0.21800000000007458,1.0519999999999072,0,0.0
88,retract,1,547,0.7259999999998854,1.4040000000002237,0,0.0
88,retract,1,548,0.32999999999992724,0.9220000000000255,0,0.0
88,retract,1,549,0.8239999999998417,5.286000000000058,1,0.0
88,retract,1,550,0.21000000000003638,0.14000000000010004,0,0.0
88,retract,1,552,1.3680000000001655,0.2739999999998872,1,0.0
88,retract,1,553,0.41399999999998727,5.77800000000002,0,0.0
88,retract,1,554,0.2999999999999545,1.1860000000001492,0,0.0
88,retract,1,555,1.0079999999998108,0.39600000000018554,1,0.0
88,retract,1,556,0.4359999999999218,9.375999999999976,0,0.0
88,retract,1,557,0.650000000000091,1.1240000000000236,0,0.0
88,retract,1,558,1.3519999999998618,12.655999999999949,1,0.0
88,retract,1,559,1.1280000000001564,0.265999999999849,1,0.0
88,retract,1,560,0.2520000000001801,4.861999999999853,0,0.0
88,retract,1,561,1.1820000000000164,0.2820000000001528,1,0.0
88,retract,1,562,0.2419999999999618,8.093999999999824,0,0.0
88,retract,1,563,0.20400000000017826,1.3119999999998981,0,0.0
88,retract,1,564,0.4819999999999709,2.8940000000000055,0,0.0
88,retract,1,565,1.47199999999998,0.22199999999998,1,0.0
88,retract,1,566,0.24200000000018917,631.6639999999998,0,0.0
88,retract,1,567,0.47400000000016007,0.9540000000001783,0,0.0
88,retract,1,568,1.199999999999818,0.17399999999997817,1,0.0
88,retract,1,569,0.11400000000003274,4.652000000000044,0,0.0
88,retract,1,570,0.5679999999997563,1.6840000000001965,0,0.0
88,retract,1,571,0.9819999999999709,0.318000000000211,1,0.0
88,retract,1,572,0.2039999999997235,7.3659999999999854,0,0.0
88,retract,1,573,0.6060000000002219,1.1059999999997672,0,0.0
88,retract,1,574,0.41600000000016735,1.0160000000000764,0,0.0
88,retract,1,575,0.487999999999829,1.068000000000211,0,0.0
88,retract,1,576,0.419999999999618,0.9720000000002074,0,0.0
88,retract,1,577,0.4479999999998654,3.3099999999999454,0,0.0
88,retract,1,578,0.7720000000003893,1.1359999999999673,0,0.0
88,retract,1,579,0.7839999999996508,1.2720000000003893,0,0.0
88,retract,1,580,0.6419999999998254,0.9020000000000437,0,0.0
88,retract,1,581,0.6199999999998909,1.0199999999999818,0,0.0
88,retract,1,582,1.199999999999818,0.052000000000134605,1,0.0
88,retract,1,583,0.4420000000000073,4.889999999999873,0,0.0
88,retract,1,584,0.11599999999998545,1.2040000000001783,0,0.0
88,retract,1,585,1.1979999999998654,0.6780000000003383,1,0.0
88,retract,1,586,0.7359999999998763,6.329999999999927,0,0.0
88,retract,1,587,0.44000000000005457,0.11999999999989086,0,0.0
88,retract,1,589,1.7599999999997635,0.04399999999986903,1,0.0
88,retract,1,590,0.5420000000003711,7.2599999999997635,0,0.0
88,retract,1,591,0.8519999999998618,0.22000000000025466,1,0.0
88,retract,1,592,0.30999999999994543,6.289999999999964,0,0.0
88,retract,1,593,0.61200000000008,0.13999999999987267,0,0.0
88,retract,1,595,0.8579999999997199,0.13599999999996726,1,0.0
88,retract,1,596,0.6559999999999491,5.260000000000218,0,0.0
88,retract,1,597,0.34999999999990905,1.4459999999999127,0,0.0
88,retract,1,598,0.61200000000008,1.293999999999869,0,0.0
88,retract,1,599,0.22400000000016007,1.043999999999869,0,0.0
88,retract,1,600,0.524000000000342,0.9259999999999309,0,0.0
88,retract,1,601,0.6079999999997199,0.5,0,0.0
88,retract,1,603,1.3020000000001346,0.10799999999971988,1,0.0
88,retract,1,604,0.5160000000000764,4.38799999999992,0,0.0
88,retract,1,605,0.8640000000000327,0.22200000000020736,1,0.0
88,retract,1,606,0.1619999999998072,1.0160000000000764,0,0.0
88,retract,1,607,2.2080000000000837,8.0,1,0.0
88,retract,1,608,0.31399999999985084,1.1720000000000255,0,0.0
88,retract,1,609,0.6720000000000255,1.0480000000002292,0,0.0
88,retract,1,610,0.8099999999999454,0.06199999999989814,1,0.0
88,retract,1,611,0.3919999999998254,1.2720000000003893,0,0.0
88,retract,1,612,0.2539999999999054,1.0639999999998508,0,0.0
88,retract,1,613,0.2579999999998108,1.2000000000002728,0,0.0
88,retract,1,614,0.706000000000131,0.8619999999996253,0,0.0
88,retract,1,615,0.624000000000251,5.567999999999756,0,0.0
88,retract,1,616,2.6480000000001382,0.13599999999996726,1,0.0
88,retract,1,617,0.43600000000014916,5.188000000000102,0,0.0
88,retract,1,618,0.2699999999999818,0.9839999999999236,0,0.0
88,retract,1,619,1.58199999999988,0.12400000000025102,1,0.0
88,retract,1,620,0.5960000000000036,5.717999999999847,0,0.0
88,retract,1,621,0.1459999999997308,1.8100000000004002,0,0.0
88,retract,1,622,0.5839999999998327,1.1199999999998909,0,0.0
88,retract,1,623,1.6399999999998727,0.0860000000002401,1,0.0
88,retract,1,624,0.5900000000001455,5.2039999999997235,0,0.0
88,retract,1,625,0.2460000000000946,0.849999999999909,0,0.0
88,retract,1,626,0.42000000000007276,0.04399999999986903,0,0.0
88,retract,1,628,0.2179999999998472,9.338000000000193,0,0.0
88,retract,1,629,2.9220000000000255,0.2139999999999418,1,0.0
88,retract,1,630,0.3240000000000691,5.246000000000095,0,0.0
88,retract,1,631,0.5939999999995962,0.028000000000247383,0,0.0
88,retract,1,633,0.8659999999999854,0.16800000000012005,1,0.0
88,retract,1,634,0.3739999999997963,1.1400000000003274,0,0.0
88,retract,1,635,0.6859999999996944,0.026000000000294676,0,0.0
88,retract,1,637,0.7660000000000764,1.1619999999998072,0,0.0
88,retract,1,638,0.2719999999999345,0.07400000000006912,0,0.0
88,retract,1,640,1.36200000000008,0.1499999999996362,1,0.0
88,retract,1,641,0.7280000000000655,8.713999999999942,0,0.0
88,retract,1,642,0.4760000000001128,2.9420000000000073,0,0.0
88,retract,1,643,1.2280000000000655,0.3240000000000691,1,0.0
88,retract,1,644,0.4659999999998945,2400.944,0,0.0
88,retract,1,645,0.5500000000001819,0.08799999999973807,0,0.0
88,retract,1,647,0.38400000000001455,1.6560000000008586,0,0.0
88,retract,1,648,1.0059999999994034,0.17399999999997817,1,0.0
88,retract,1,649,0.18800000000010186,5.225999999999658,0,0.0
88,retract,1,650,0.21000000000003638,0.8920000000007349,0,0.0
88,retract,1,651,1.0659999999998035,0.2179999999998472,1,0.0
88,retract,1,652,0.27999999999974534,8.00799999999981,0,0.0
88,retract,1,653,0.22000000000025466,0.056000000000494765,0,0.0
88,retract,1,655,1.25,0.30599999999958527,1,0.0
88,retract,1,656,0.22000000000025466,7.710000000000036,0,0.0
88,retract,1,657,0.42399999999997817,1.1939999999995052,0,0.0
88,retract,1,658,1.9719999999997526,0.3900000000003274,1,0.0
88,retract,1,659,0.046000000000276486,4.8659999999999854,0,0.0
88,retract,1,660,0.07200000000011642,1.2139999999999418,0,0.0
88,retract,1,661,0.9639999999999418,0.27999999999974534,1,0.0
88,retract,1,662,0.2780000000002474,7.079999999999927,0,0.0
88,retract,1,663,0.774000000000342,1.2639999999992142,0,0.0
88,retract,1,664,1.2139999999999418,0.24200000000018917,1,0.0
88,retract,1,665,0.24800000000050204,4.166000000000167,0,0.0
88,retract,1,666,1.9619999999995343,0.11200000000008004,1,0.0
88,retract,1,667,0.5060000000003129,0.9819999999999709,0,0.0
88,retract,1,668,1.699999999999818,0.47599999999965803,1,0.0
88,retract,1,669,0.40599999999994907,8.694000000000415,0,0.0
88,retract,1,670,0.7479999999995925,1.1340000000000146,0,0.0
88,retract,1,671,0.5140000000001237,0.03999999999996362,0,0.0
88,retract,1,673,0.3599999999996726,4.718000000000757,0,0.0
88,retract,1,674,1.6019999999998618,0.0639999999993961,1,0.0
88,retract,1,675,0.5440000000007785,10.375999999999294,0,0.0
88,retract,1,676,2.47400000000016,0.30600000000049477,1,0.0
88,retract,1,677,0.6019999999998618,4.583999999999833,0,0.0
88,retract,1,678,0.9660000000003492,0.8739999999997963,1,0.0
88,retract,1,679,0.4539999999997235,6.145999999999731,0,0.0
88,retract,1,680,1.704000000000633,0.26599999999962165,1,0.0
88,retract,1,681,0.06000000000040018,4.8419999999996435,0,0.0
88,retract,1,682,0.33799999999973807,0.03400000000056025,0,0.0
88,retract,1,684,0.23000000000047294,9.88799999999992,0,0.0
88,retract,1,685,5.66399999999976,12.528000000000247,1,0.0
88,retract,1,686,1.58600000000024,0.10999999999967258,1,0.0
88,retract,1,687,0.4639999999999418,4.181999999999789,0,0.0
88,retract,1,688,1.1240000000007058,0.22599999999965803,1,0.0
88,retract,1,689,0.5379999999995562,5.332000000000335,0,0.0
88,retract,1,690,0.136000000000422,1.699999999999818,0,0.0
88,retract,1,691,0.07600000000002183,0.9340000000001965,0,0.0
88,retract,1,692,1.1039999999993597,0.13400000000001455,1,0.0
88,retract,1,693,0.27400000000034197,4.912000000000262,0,0.0
88,retract,1,694,1.251999999999498,0.14800000000013824,1,0.0
88,retract,1,695,0.363999999999578,7.916000000000167,0,0.0
88,retract,1,696,1.018000000000029,0.4279999999998836,1,0.0
88,retract,1,697,0.1000000000003638,1.1059999999997672,0,0.0
88,retract,1,698,0.7579999999998108,0.08800000000064756,0,0.0
88,retract,1,700,0.9320000000006985,0.2579999999998108,1,0.0
88,retract,1,701,0.32600000000002183,,0,0.0
88,retract,2,1,0.09599999999999653,4.640000000000001,0,0.0
88,retract,2,2,0.2700000000000031,2.3759999999999977,0,0.0
88,retract,2,3,0.23799999999999955,1.0399999999999991,0,0.0
88,retract,2,4,0.4160000000000039,1.955999999999996,0,0.0
88,retract,2,5,1.2760000000000034,0.0940000000000012,1,0.0
88,retract,2,6,0.3859999999999957,3.896000000000001,0,0.0
88,retract,2,7,0.14399999999999835,1.166000000000004,0,0.0
88,retract,2,8,1.5259999999999962,0.1039999999999992,1,0.0
88,retract,2,9,0.5040000000000049,3.6679999999999993,0,0.0
88,retract,2,10,1.2139999999999986,0.06799999999999784,1,0.0
88,retract,2,11,0.41799999999999926,2.588000000000001,0,0.0
88,retract,2,12,1.9780000000000015,0.16199999999999903,1,0.0
88,retract,2,13,0.38800000000000523,0.09199999999999875,0,0.0
88,retract,2,15,1.4279999999999973,0.1840000000000117,1,0.0
88,retract,2,16,0.3499999999999943,2.347999999999999,0,0.0
88,retract,2,17,0.36199999999999477,0.9420000000000073,0,0.0
88,retract,2,18,1.1859999999999928,0.10800000000000409,1,0.0
88,retract,2,19,0.4959999999999951,2.838000000000008,0,0.0
88,retract,2,20,1.5379999999999967,0.15800000000000125,1,0.0
88,retract,2,21,0.5679999999999978,0.7639999999999958,0,0.0
88,retract,2,22,0.9660000000000082,0.0759999999999934,1,0.0
88,retract,2,23,0.4519999999999982,3.9200000000000017,0,0.0
88,retract,2,24,1.2580000000000098,0.1319999999999908,1,0.0
88,retract,2,25,0.23000000000000398,1.0360000000000014,0,0.0
88,retract,2,26,1.2219999999999942,0.12400000000000944,1,0.0
88,retract,2,27,0.45599999999998886,2.554000000000002,0,0.0
88,retract,2,28,1.0160000000000053,0.25199999999999534,1,0.0
88,retract,2,29,0.16800000000000637,1.0279999999999916,0,0.0
88,retract,2,30,0.6039999999999992,0.14200000000001012,0,0.0
88,retract,2,32,1.2639999999999958,0.14799999999999613,1,0.0
88,retract,2,33,0.7180000000000035,2.5799999999999983,0,0.0
88,retract,2,34,1.058000000000007,0.117999999999995,1,0.0
88,retract,2,35,0.36199999999999477,0.11200000000000898,0,0.0
88,retract,2,37,1.23599999999999,0.15200000000000102,1,0.0
88,retract,2,38,0.7819999999999965,2.4960000000000093,0,0.0
88,retract,2,39,1.6039999999999992,0.07399999999999807,1,0.0
88,retract,2,40,0.3640000000000043,3.3559999999999945,0,0.0
88,retract,2,41,1.0799999999999983,0.14400000000000546,1,0.0
88,retract,2,42,0.24399999999999977,4.608000000000004,0,0.0
88,retract,2,43,0.8719999999999999,0.04999999999999716,1,0.0
88,retract,2,44,1.2920000000000016,6.333999999999989,1,0.0
88,retract,2,45,0.6299999999999955,0.9960000000000093,0,0.0
88,retract,2,46,1.6899999999999977,0.05000000000001137,1,0.0
88,retract,2,47,0.42199999999999704,5.063999999999993,0,0.0
88,retract,2,48,1.0039999999999907,0.14800000000002456,1,0.0
88,retract,2,49,0.3159999999999741,3.1480000000000246,0,0.0
88,retract,2,50,0.9979999999999905,0.7059999999999889,1,0.0
88,retract,2,51,0.9260000000000161,0.11599999999998545,1,0.0
88,retract,2,52,0.41800000000000637,4.556000000000012,0,0.0
88,retract,2,53,0.16599999999999682,1.2179999999999893,0,0.0
88,retract,2,54,1.146000000000015,0.1939999999999884,1,0.0
88,retract,2,55,0.38999999999998636,0.9780000000000086,0,0.0
88,retract,2,56,0.8439999999999941,0.05200000000002092,1,0.0
88,retract,2,57,0.4899999999999807,7.00800000000001,0,0.0
88,retract,2,58,0.21999999999999886,1.76400000000001,0,0.0
88,retract,2,59,1.0339999999999918,0.14400000000000546,1,0.0
88,retract,2,60,0.3599999999999852,2.7120000000000175,0,0.0
88,retract,2,61,0.060000000000002274,1.2920000000000016,0,0.0
88,retract,2,62,0.28199999999998226,1.024000000000001,0,0.0
88,retract,2,63,0.9039999999999964,0.12399999999999523,1,0.0
88,retract,2,64,0.4440000000000168,2.195999999999998,0,0.0
88,retract,2,65,1.1359999999999957,0.05000000000001137,1,0.0
88,retract,2,66,0.27599999999998204,0.8880000000000052,0,0.0
88,retract,2,67,0.695999999999998,0.09000000000000341,0,0.0
88,retract,2,69,0.5180000000000007,0.056000000000011596,0,0.0
88,retract,2,71,1.0600000000000023,5.670000000000016,1,0.0
88,retract,2,72,0.9639999999999986,0.17799999999999727,1,0.0
88,retract,2,73,0.24199999999999022,4.431999999999988,0,0.0
88,retract,2,74,0.9220000000000255,0.1939999999999884,1,0.0
88,retract,2,75,0.3160000000000025,2.4579999999999984,0,0.0
88,retract,2,76,0.9039999999999964,0.09800000000001319,1,0.0
88,retract,2,77,0.24199999999999022,3.1539999999999964,0,0.0
88,retract,2,78,1.0519999999999925,0.568000000000012,1,0.0
88,retract,2,79,0.28000000000000114,1.1059999999999945,0,0.0
88,retract,2,80,0.42799999999999727,0.18999999999999773,0,0.0
88,retract,2,82,0.671999999999997,0.6119999999999948,0,0.0
88,retract,2,83,0.4759999999999991,1.2620000000000005,0,0.0
88,retract,2,84,0.9080000000000155,0.07800000000000296,1,0.0
88,retract,2,85,0.4539999999999793,3.2920000000000016,0,0.0
88,retract,2,86,1.5480000000000018,0.35200000000000387,1,0.0
88,retract,2,87,0.15800000000001546,2.8400000000000034,0,0.0
88,retract,2,88,1.3739999999999952,0.9599999999999795,1,0.0
88,retract,2,89,0.3120000000000118,0.08199999999999363,0,0.0
88,retract,2,91,0.8779999999999859,0.06399999999999295,1,0.0
88,retract,2,92,0.5200000000000102,3.593999999999994,0,0.0
88,retract,2,93,2.165999999999997,0.4339999999999975,1,0.0
88,retract,2,94,0.40200000000001523,2.3419999999999845,0,0.0
88,retract,2,95,1.3979999999999961,0.15000000000000568,1,0.0
88,retract,2,96,0.18600000000000705,1.0180000000000007,0,0.0
88,retract,2,97,1.6519999999999868,5.792000000000002,1,0.0
88,retract,2,98,0.44599999999999795,19.99799999999999,0,0.0
88,retract,2,99,0.35400000000004184,1.311999999999955,0,0.0
88,retract,2,100,1.358000000000004,0.11200000000002319,1,0.0
88,retract,2,101,0.44999999999998863,4.461999999999989,0,0.0
88,retract,2,102,0.2400000000000091,1.3840000000000146,0,0.0
88,retract,2,103,1.0339999999999918,0.13999999999998636,1,0.0
88,retract,2,104,0.52800000000002,3.005999999999972,0,0.0
88,retract,2,105,1.2860000000000014,0.18000000000000682,1,0.0
88,retract,2,106,0.5520000000000209,4.184000000000026,0,0.0
88,retract,2,107,0.20799999999997,1.2560000000000286,0,0.0
88,retract,2,108,1.0179999999999723,0.10199999999997544,1,0.0
88,retract,2,109,0.3300000000000409,3.697999999999979,0,0.0
88,retract,2,110,0.5120000000000005,1.1539999999999964,0,0.0
88,retract,2,111,1.1960000000000264,0.15799999999995862,1,0.0
88,retract,2,112,0.4519999999999982,2.4080000000000155,0,0.0
88,retract,2,113,0.38999999999998636,1.1480000000000246,0,0.0
88,retract,2,114,1.617999999999995,0.22399999999998954,1,0.0
88,retract,2,115,0.4460000000000264,1.113999999999976,0,0.0
88,retract,2,116,1.400000000000034,0.055999999999983174,1,0.0
88,retract,2,117,0.49799999999999045,6.160000000000025,0,0.0
88,retract,2,118,1.1959999999999695,0.28600000000000136,1,0.0
88,retract,2,119,0.5060000000000286,0.1479999999999677,0,0.0
88,retract,2,121,0.839999999999975,0.09199999999998454,1,0.0
88,retract,2,122,0.29200000000003,3.961999999999989,0,0.0
88,retract,2,123,1.0020000000000095,0.45799999999997,1,0.0
88,retract,2,124,0.43200000000001637,11.232000000000028,0,0.0
88,retract,2,125,0.37199999999995725,2.1520000000000437,0,0.0
88,retract,2,126,0.12199999999995725,0.13400000000001455,0,0.0
88,retract,2,128,1.225999999999999,0.13599999999996726,1,0.0
88,retract,2,129,0.3860000000000241,5.538000000000011,0,0.0
88,retract,2,130,1.1659999999999968,0.353999999999985,1,0.0
88,retract,2,131,0.053999999999973625,4.712000000000046,0,0.0
88,retract,2,132,0.31399999999996453,1.948000000000036,0,0.0
88,retract,2,133,1.0299999999999727,0.22199999999998,1,0.0
88,retract,2,134,0.6180000000000518,2.7159999999999513,0,0.0
88,retract,2,135,1.5460000000000491,0.17999999999994998,1,0.0
88,retract,2,136,0.30600000000004,3.2760000000000105,0,0.0
88,retract,2,137,0.6779999999999973,0.09199999999998454,0,0.0
88,retract,2,139,0.9639999999999986,6.46999999999997,1,0.0
88,retract,2,140,0.09399999999999409,1.3360000000000127,0,0.0
88,retract,2,141,1.1480000000000246,0.25799999999998136,1,0.0
88,retract,2,142,0.5300000000000296,4.5639999999999645,0,0.0
88,retract,2,143,0.9580000000000268,0.08199999999999363,1,0.0
88,retract,2,144,0.45799999999997,3.4420000000000073,0,0.0
88,retract,2,145,1.0540000000000305,0.3919999999999959,1,0.0
88,retract,2,146,0.5720000000000027,0.9919999999999618,0,0.0
88,retract,2,147,1.132000000000005,0.10599999999999454,1,0.0
88,retract,2,148,0.39800000000002456,5.151999999999987,0,0.0
88,retract,2,149,0.6720000000000255,0.5819999999999936,0,0.0
88,retract,2,150,0.4900000000000091,1.2040000000000077,0,0.0
88,retract,2,151,0.6779999999999973,0.8559999999999945,0,0.0
88,retract,2,152,1.2040000000000077,0.19799999999997908,1,0.0
88,retract,2,153,0.5819999999999936,4.375999999999976,0,0.0
88,retract,2,154,0.7540000000000191,0.910000000000025,0,0.0
88,retract,2,155,2.5120000000000005,5.509999999999991,1,0.0
88,retract,2,156,0.2839999999999918,0.02400000000000091,0,0.0
88,retract,2,158,0.896000000000015,0.17199999999996862,1,0.0
88,retract,2,159,0.41200000000003456,2.9039999999999964,0,0.0
88,retract,2,160,0.9440000000000168,0.3779999999999859,1,0.0
88,retract,2,161,0.1220000000000141,2.9399999999999977,0,0.0
88,retract,2,162,1.4799999999999613,0.1419999999999959,1,0.0
88,retract,2,163,0.5640000000000214,3.5319999999999823,0,0.0
88,retract,2,164,0.06400000000002137,0.8860000000000241,0,0.0
88,retract,2,165,1.1579999999999586,0.146000000000015,1,0.0
88,retract,2,166,0.4379999999999882,3.7340000000000373,0,0.0
88,retract,2,167,0.98599999999999,0.5199999999999818,1,0.0
88,retract,2,168,0.38400000000001455,0.853999999999985,0,0.0
88,retract,2,169,1.2320000000000277,0.103999999999985,1,0.0
88,retract,2,170,1.0819999999999936,7.52800000000002,1,0.0
88,retract,2,171,1.5600000000000023,0.2939999999999827,1,0.0
88,retract,2,172,0.4519999999999982,59.05599999999998,0,0.0
88,retract,2,173,0.18200000000001637,0.8279999999999745,0,0.0
88,retract,2,174,1.4020000000000437,0.2680000000000291,1,0.0
88,retract,2,175,0.72199999999998,4.155999999999949,0,0.0
88,retract,2,176,0.8640000000000327,1.19399999999996,0,0.0
88,retract,2,177,0.7960000000000491,0.8940000000000055,0,0.0
88,retract,2,178,1.4639999999999418,0.07600000000002183,1,0.0
88,retract,2,179,0.4619999999999891,3.1420000000000528,0,0.0
88,retract,2,180,1.2679999999999154,0.15000000000009095,1,0.0
88,retract,2,181,0.5279999999999063,0.8720000000000709,0,0.0
88,retract,2,182,2.3799999999999955,0.11400000000003274,1,0.0
88,retract,2,183,0.5019999999999527,10.073999999999955,0,0.0
88,retract,2,184,1.240000000000009,0.13600000000008095,1,0.0
88,retract,2,185,0.31599999999991724,3.4180000000000064,0,0.0
88,retract,2,186,0.2560000000000855,0.8799999999999955,0,0.0
88,retract,2,187,1.225999999999999,0.14799999999991087,1,0.0
88,retract,2,188,0.2480000000000473,3.381999999999948,0,0.0
88,retract,2,189,1.4519999999999982,0.43600000000003547,1,0.0
88,retract,2,190,0.11000000000001364,2.8920000000000528,0,0.0
88,retract,2,191,0.6599999999999682,1.2799999999999727,0,0.0
88,retract,2,192,1.231999999999971,0.18200000000001637,1,0.0
88,retract,2,193,0.7259999999999991,3.6140000000000327,0,0.0
88,retract,2,194,2.0439999999999827,0.10199999999997544,1,0.0
88,retract,2,195,0.8079999999999927,3.5260000000000673,0,0.0
88,retract,2,196,1.3619999999999663,0.35000000000002274,1,0.0
88,retract,2,197,0.20600000000001728,1.2539999999999054,0,0.0
88,retract,2,198,0.2480000000000473,2.8840000000000146,0,0.0
88,retract,2,199,1.1140000000000327,0.2619999999999436,1,0.0
88,retract,2,200,0.6000000000000227,0.10599999999999454,0,0.0
88,retract,2,202,0.11199999999996635,3.604000000000042,0,0.0
88,retract,2,203,0.14800000000002456,0.7959999999999354,0,0.0
88,retract,2,204,0.5680000000000973,1.141999999999939,0,0.0
88,retract,2,205,1.245999999999981,0.07799999999997453,1,0.0
88,retract,2,206,0.4800000000000182,2.725999999999999,0,0.0
88,retract,2,207,1.3400000000000318,0.08199999999999363,1,0.0
88,retract,2,208,0.43200000000001637,4.258000000000038,0,0.0
88,retract,2,209,0.2699999999999818,1.4279999999999973,0,0.0
88,retract,2,210,0.7839999999999918,0.8239999999999554,0,0.0
88,retract,2,211,0.4640000000000555,1.1720000000000255,0,0.0
88,retract,2,212,0.91599999999994,0.16600000000005366,1,0.0
88,retract,2,213,1.1819999999999027,0.11600000000009913,1,0.0
88,retract,2,214,0.4519999999999982,1.419999999999959,0,0.0
88,retract,2,215,0.8519999999999754,0.10199999999997544,0,0.0
88,retract,2,217,1.0919999999999845,0.16999999999995907,1,0.0
88,retract,2,218,0.6380000000000337,7.5,0,0.0
88,retract,2,219,0.20199999999999818,0.9879999999999427,0,0.0
88,retract,2,220,1.0120000000000573,0.06399999999996453,1,0.0
88,retract,2,221,0.4640000000000555,3.26400000000001,0,0.0
88,retract,2,222,1.4899999999998954,0.19400000000007367,1,0.0
88,retract,2,223,0.5259999999999536,3.9440000000000737,0,0.0
88,retract,2,224,1.3959999999999582,0.13999999999998636,1,0.0
88,retract,2,225,0.40399999999999636,2.816000000000031,0,0.0
88,retract,2,226,1.245999999999981,0.18399999999996908,1,0.0
88,retract,2,227,0.2580000000000382,0.8759999999999764,0,0.0
88,retract,2,228,1.3740000000000236,0.13400000000001455,1,0.0
88,retract,2,229,0.39400000000000546,6.269999999999982,0,0.0
88,retract,2,230,1.0720000000000027,0.18799999999998818,1,0.0
88,retract,2,231,0.5199999999999818,3.3079999999999927,0,0.0
88,retract,2,232,1.552000000000021,0.07399999999995543,1,0.0
88,retract,2,233,0.41000000000008185,3.8519999999999754,0,0.0
88,retract,2,234,0.2379999999999427,0.030000000000086402,0,0.0
88,retract,2,236,1.8039999999999736,0.07799999999997453,1,0.0
88,retract,2,237,0.42399999999997817,4.266000000000076,0,0.0
88,retract,2,238,1.3239999999999554,0.12000000000000455,1,0.0
88,retract,2,239,0.38599999999996726,3.08400000000006,0,0.0
88,retract,2,240,1.17999999999995,0.2759999999999536,1,0.0
88,retract,2,241,0.4519999999999982,3.0920000000000982,0,0.0
88,retract,2,242,0.2519999999999527,0.9020000000000437,0,0.0
88,retract,2,243,1.5539999999999736,0.10599999999999454,1,0.0
88,retract,2,244,0.4639999999999418,3.730000000000018,0,0.0
88,retract,2,245,1.4440000000000737,0.17599999999993088,1,0.0
88,retract,2,246,0.5900000000000318,3.2480000000000473,0,0.0
88,retract,2,247,1.3259999999999081,0.15800000000001546,1,0.0
88,retract,2,248,0.4640000000000555,3.381999999999948,0,0.0
88,retract,2,249,1.1800000000000637,0.2559999999999718,1,0.0
88,retract,2,250,0.7459999999999809,0.8619999999999663,0,0.0
88,retract,2,251,0.38400000000001455,0.057999999999992724,0,0.0
88,retract,2,253,0.4539999999999509,21.25400000000002,0,0.0
88,retract,2,254,0.16399999999998727,0.06000000000005912,0,0.0
88,retract,2,256,0.5480000000000018,4.330000000000041,0,0.0
88,retract,2,257,0.19799999999997908,0.11599999999998545,0,0.0
88,retract,2,259,0.98599999999999,0.2300000000000182,1,0.0
88,retract,2,260,0.5099999999999909,5.0779999999999745,0,0.0
88,retract,2,261,0.8999999999999773,0.2860000000000582,0,0.0
88,retract,2,262,0.32399999999995543,2.8780000000000427,0,0.0
88,retract,2,263,0.77800000000002,0.11799999999993815,0,0.0
88,retract,2,265,0.37800000000004275,2.9420000000000073,0,0.0
88,retract,2,266,1.6280000000000427,0.2339999999999236,1,0.0
88,retract,2,267,0.7080000000000837,3.0159999999999627,0,0.0
88,retract,2,268,1.4420000000000073,0.20600000000001728,1,0.0
88,retract,2,269,0.39999999999997726,4.668000000000006,0,0.0
88,retract,2,270,1.8199999999999363,0.3079999999999927,1,0.0
88,retract,2,271,0.4940000000000282,5.954000000000065,0,0.0
88,retract,2,272,0.5979999999999563,0.8319999999999936,0,0.0
88,retract,2,273,1.3640000000000327,0.18200000000001637,1,0.0
88,retract,2,274,0.4339999999999691,3.7100000000000364,0,0.0
88,retract,2,275,0.65199999999993,0.07400000000006912,0,0.0
88,retract,2,277,0.5780000000000882,3.9459999999999127,0,0.0
88,retract,2,278,1.3520000000000891,0.2339999999999236,1,0.0
88,retract,2,279,0.07000000000005002,0.8020000000000209,0,0.0
88,retract,2,280,1.6399999999999864,0.11199999999996635,1,0.0
88,retract,2,281,0.4540000000000646,6.16599999999994,0,0.0
88,retract,2,282,1.197999999999979,0.43400000000008276,1,0.0
88,retract,2,283,0.13199999999994816,3.5439999999999827,0,0.0
88,retract,2,284,1.3000000000000682,0.31399999999996453,1,0.0
88,retract,2,285,0.08199999999999363,5.9220000000000255,0,0.0
88,retract,2,286,1.0579999999999927,0.34600000000000364,1,0.0
88,retract,2,287,0.7599999999999909,0.8899999999999864,0,0.0
88,retract,2,288,1.217999999999961,0.2400000000000091,1,0.0
88,retract,2,289,0.4980000000000473,4.495999999999981,0,0.0
88,retract,2,290,1.1019999999999754,0.19400000000007367,1,0.0
88,retract,2,291,0.40999999999996817,5.011999999999944,0,0.0
88,retract,2,292,0.9580000000000837,1.2019999999999982,1,0.0
88,retract,2,293,0.35599999999999454,3.90199999999993,0,0.0
88,retract,2,294,0.2599999999999909,0.40000000000009095,0,0.0
88,retract,2,296,1.1159999999999854,0.16399999999998727,1,0.0
88,retract,2,297,0.31799999999998363,2.8500000000000227,0,0.0
88,retract,2,298,1.518000000000029,0.18200000000001637,1,0.0
88,retract,2,299,0.2139999999999418,3.1159999999999854,0,0.0
88,retract,2,300,1.774000000000001,0.15800000000001546,1,0.0
88,retract,2,301,0.37199999999995725,0.9580000000000837,0,0.0
88,retract,2,302,1.2379999999999427,0.14400000000000546,1,0.0
88,retract,2,303,0.34600000000000364,16.412000000000035,0,0.0
88,retract,2,304,1.3999999999999773,0.09799999999995634,1,0.0
88,retract,2,305,0.4700000000000273,3.947999999999979,0,0.0
88,retract,2,306,1.6460000000000719,0.21199999999998909,1,0.0
88,retract,2,307,0.39999999999997726,3.966000000000008,0,0.0
88,retract,2,308,1.4879999999999427,0.17000000000007276,1,0.0
88,retract,2,309,0.41399999999998727,0.8260000000000218,0,0.0
88,retract,2,310,0.08999999999991815,0.84800000000007,0,0.0
88,retract,2,311,1.4379999999999882,0.15199999999992997,1,0.0
88,retract,2,312,0.39200000000005275,7.033999999999992,0,0.0
88,retract,2,313,1.2520000000000664,0.2539999999999054,1,0.0
88,retract,2,314,0.5640000000000782,7.747999999999934,0,0.0
88,retract,2,315,1.1159999999999854,0.2720000000000482,1,0.0
88,retract,2,316,0.6019999999999754,5.302000000000021,0,0.0
88,retract,2,317,1.6660000000000537,0.15799999999990177,1,0.0
88,retract,2,318,0.42400000000009186,1.3339999999999463,0,0.0
88,retract,2,319,0.32600000000002183,1.1459999999999582,0,0.0
88,retract,2,320,0.25,0.009999999999990905,0,0.0
88,retract,2,321,0.2800000000000864,0.5480000000000018,0,0.0
88,retract,2,322,1.41599999999994,0.20799999999997,1,0.0
88,retract,2,323,0.5439999999999827,64.67400000000009,0,0.0
88,retract,2,324,2.8799999999999955,5.653999999999996,1,0.0
88,retract,2,325,0.9399999999999409,0.18600000000003547,1,0.0
88,retract,2,326,0.38800000000003365,0.9059999999999491,0,0.0
88,retract,2,327,1.052000000000021,0.19799999999997908,1,0.0
88,retract,2,328,0.34000000000003183,5.730000000000018,0,0.0
88,retract,2,329,0.14199999999993906,0.05200000000002092,0,0.0
88,retract,2,331,0.6179999999999382,6.458000000000084,0,0.0
88,retract,2,332,1.004000000000019,0.08999999999991815,1,0.0
88,retract,2,333,0.06200000000001182,5.310000000000059,0,0.0
88,retract,2,334,0.17599999999993088,0.09000000000003183,0,0.0
88,retract,2,336,0.4700000000000273,4.04200000000003,0,0.0
88,retract,2,337,0.8659999999999854,1.1099999999999,0,0.0
88,retract,2,338,0.91800000000012,0.5579999999999927,1,0.0
88,retract,2,339,0.27599999999983993,2.9220000000000255,0,0.0
88,retract,2,340,0.2380000000000564,0.7039999999999509,0,0.0
88,retract,2,341,1.3379999999999654,0.14000000000010004,1,0.0
88,retract,2,342,0.4680000000000746,6.69399999999996,0,0.0
88,retract,2,343,0.6340000000000146,0.9179999999998927,0,0.0
88,retract,2,344,0.86200000000008,1.0799999999999272,0,0.0
88,retract,2,345,1.1300000000001091,0.2079999999998563,1,0.0
88,retract,2,346,0.14400000000000546,7.596000000000004,0,0.0
88,retract,2,347,0.7660000000000764,0.8479999999999563,0,0.0
88,retract,2,348,1.3300000000001546,0.14799999999991087,1,0.0
88,retract,2,349,0.4559999999999036,7.8120000000001255,0,0.0
88,retract,2,350,0.8279999999999745,0.80600000000004,0,0.0
88,retract,2,351,1.2580000000000382,0.06599999999980355,1,0.0
88,retract,2,352,0.6320000000000618,4.158000000000129,0,0.0
88,retract,2,353,0.04800000000000182,0.9739999999999327,0,0.0
88,retract,2,354,0.94399999999996,0.34799999999995634,1,0.0
88,retract,2,355,0.55600000000004,3.5820000000001073,0,0.0
88,retract,2,356,1.1199999999998909,0.2640000000001237,1,0.0
88,retract,2,357,0.37599999999997635,0.8999999999998636,0,0.0
88,retract,2,358,0.09000000000014552,0.7199999999997999,0,0.0
88,retract,2,359,1.0160000000000764,0.2980000000000018,1,0.0
88,retract,2,360,0.5799999999999272,6.494000000000142,0,0.0
88,retract,2,361,0.37400000000002365,1.3099999999999454,0,0.0
88,retract,2,362,1.3840000000000146,0.11400000000003274,1,0.0
88,retract,2,363,0.7559999999998581,11.360000000000127,0,0.0
88,retract,2,364,1.3139999999998508,0.15200000000004366,1,0.0
88,retract,2,365,0.6020000000000891,4.625999999999976,0,0.0
88,retract,2,366,0.21199999999998909,0.07200000000011642,0,0.0
88,retract,2,368,0.6040000000000418,0.9079999999999018,0,0.0
88,retract,2,369,0.5500000000001819,3.5299999999999727,0,0.0
88,retract,2,370,1.3419999999998709,4.066000000000031,1,0.0
88,retract,2,371,0.36599999999998545,3.326000000000022,0,0.0
88,retract,2,372,0.2740000000001146,1.9559999999999036,0,0.0
88,retract,2,373,0.6520000000000437,0.029999999999972715,0,0.0
88,retract,2,375,0.9580000000000837,4.104000000000042,1,0.0
88,retract,2,376,1.1019999999998618,0.2380000000000564,1,0.0
88,retract,2,377,0.08199999999987995,0.5500000000001819,0,0.0
88,retract,2,378,0.9039999999999964,0.05999999999994543,1,0.0
88,retract,2,379,0.2400000000000091,5.6099999999999,0,0.0
88,retract,2,380,1.0520000000001346,0.33199999999987995,1,0.0
88,retract,2,381,0.4519999999999982,3.0399999999999636,0,0.0
88,retract,2,382,1.1520000000000437,0.2640000000001237,1,0.0
88,retract,2,383,1.0760000000000218,0.2339999999999236,1,0.0
88,retract,2,384,0.6079999999999472,8.998000000000047,0,0.0
88,retract,2,385,2.2080000000000837,4.953999999999951,1,0.0
88,retract,2,386,1.4739999999999327,0.14799999999991087,1,0.0
88,retract,2,387,0.5900000000001455,5.402000000000044,0,0.0
88,retract,2,388,0.2339999999999236,0.04600000000004911,0,0.0
88,retract,2,390,1.349999999999909,53.430000000000064,1,0.0
88,retract,2,391,0.6440000000000055,0.9339999999999691,0,0.0
88,retract,2,392,2.076000000000022,5.248000000000047,1,0.0
88,retract,2,393,0.8699999999998909,5.268000000000029,0,0.0
88,retract,2,394,0.2980000000000018,0.11599999999998545,0,0.0
88,retract,2,396,0.2459999999998672,4.304000000000087,0,0.0
88,retract,2,397,1.3759999999999764,0.37999999999988177,1,0.0
88,retract,2,398,0.09800000000018372,3.6059999999999945,0,0.0
88,retract,2,399,1.1419999999998254,1.0140000000001237,1,0.0
88,retract,2,400,0.2480000000000473,1.3759999999999764,0,0.0
88,retract,2,401,0.8439999999998236,0.07200000000011642,0,0.0
88,retract,2,403,1.5520000000001346,0.43000000000006366,1,0.0
88,retract,2,404,0.2639999999998963,4.324000000000069,0,0.0
88,retract,2,405,0.2579999999998108,0.7480000000000473,0,0.0
88,retract,2,406,0.38800000000014734,7.30399999999986,0,0.0
88,retract,2,407,1.5360000000000582,249.29199999999992,1,0.0
88,retract,2,408,1.75,41.76999999999998,1,0.0
88,retract,2,409,1.5340000000001055,6.544000000000096,1,0.0
88,retract,2,410,1.5839999999998327,0.10599999999999454,1,0.0
88,retract,2,411,0.18399999999996908,8.238000000000056,0,0.0
88,retract,2,412,1.5140000000001237,345.874,1,0.0
88,retract,2,413,0.8599999999999,1.2980000000000018,0,0.0
88,retract,2,414,1.0699999999999363,0.2899999999999636,1,0.0
88,retract,2,415,0.14600000000018554,6.0499999999999545,0,0.0
88,retract,2,416,0.2819999999999254,6.794000000000096,0,0.0
88,retract,2,417,0.15999999999985448,1.0800000000001546,0,0.0
88,retract,2,418,1.6039999999998145,0.2540000000001328,1,0.0
88,retract,2,419,0.30999999999994543,5.900000000000091,0,0.0
88,retract,2,420,1.1399999999998727,5.148000000000138,1,0.0
88,retract,2,421,0.8559999999999945,1.0080000000000382,0,0.0
88,retract,2,422,0.5339999999998781,1.5740000000000691,0,0.0
88,retract,2,423,0.36599999999998545,1.0419999999999163,0,0.0
88,retract,2,424,1.0460000000000491,0.33400000000006,1,0.0
88,retract,2,425,0.515999999999849,4.47199999999998,0,0.0
88,retract,2,426,1.3880000000001473,4.230000000000018,1,0.0
88,retract,2,427,2.0779999999999745,8.210000000000036,1,0.0
88,retract,2,428,0.07600000000002183,0.10199999999986176,0,0.0
88,retract,2,430,0.44000000000005457,4.745999999999867,0,0.0
88,retract,2,431,0.7100000000000364,0.8840000000000146,0,0.0
88,retract,2,432,1.5440000000000964,0.39599999999995816,1,0.0
88,retract,2,433,0.5879999999999654,4.592000000000098,0,0.0
88,retract,2,434,0.10399999999981446,0.060000000000172804,0,0.0
88,retract,2,438,0.3240000000000691,4.635999999999967,0,0.0
88,retract,2,439,1.4639999999999418,5.652000000000271,1,0.0
88,retract,2,440,0.4339999999997417,0.8139999999998508,0,0.0
88,retract,2,441,0.8279999999999745,0.7460000000000946,0,0.0
88,retract,2,442,0.94399999999996,0.8720000000002983,0,0.0
88,retract,2,443,1.781999999999698,0.1000000000003638,1,0.0
88,retract,2,444,0.5679999999997563,3.86200000000008,0,0.0
88,retract,2,445,1.6459999999997308,4.820000000000164,1,0.0
88,retract,2,446,0.2960000000002765,1.087999999999738,0,0.0
88,retract,2,447,1.594000000000051,5.19399999999996,1,0.0
88,retract,2,448,1.7519999999999527,6.126000000000204,1,0.0
88,retract,2,449,1.8659999999999854,4.096000000000004,1,0.0
88,retract,2,450,0.3220000000001164,1.0399999999999636,0,0.0
88,retract,2,451,0.11799999999993815,0.3799999999996544,0,0.0
88,retract,2,453,1.8479999999999563,9.255999999999858,1,0.0
88,retract,2,454,1.1080000000001746,1.5920000000000982,1,0.0
88,retract,2,455,0.5259999999998399,5.346000000000004,0,0.0
88,retract,2,456,1.0459999999998217,1.0520000000001346,0,0.0
88,retract,2,457,1.3020000000001346,0.1999999999998181,1,0.0
88,retract,2,458,0.650000000000091,5.5779999999999745,0,0.0
88,retract,2,459,0.17599999999993088,0.7100000000000364,0,0.0
88,retract,2,460,0.22200000000020736,0.041999999999916326,0,0.0
88,retract,2,462,0.8440000000000509,4.697999999999865,0,0.0
88,retract,2,463,1.1179999999999382,3.9160000000001673,0,0.0
88,retract,2,464,1.3299999999999272,0.2139999999999418,1,0.0
88,retract,2,465,0.43200000000024374,0.58199999999988,0,0.0
88,retract,2,466,1.0039999999999054,7.1720000000000255,0,0.0
88,retract,2,467,1.6440000000002328,279.71799999999985,1,0.0
88,retract,2,468,2.7260000000001128,6.135999999999967,1,0.0
88,retract,2,469,1.844000000000051,5.6899999999996,1,0.0
88,retract,2,470,0.7480000000000473,0.7340000000003783,0,0.0
88,retract,2,471,0.9359999999996944,7.148000000000138,0,0.0
88,retract,2,472,0.7100000000000364,1.431999999999789,0,0.0
88,retract,2,473,0.9880000000002838,1.4559999999996762,0,0.0
88,retract,2,474,2.394000000000233,0.181999999999789,1,0.0
88,retract,2,475,0.3340000000002874,6.7159999999998945,0,0.0
88,retract,2,476,0.9420000000000073,0.9780000000000655,0,0.0
88,retract,2,477,1.6279999999997017,0.20000000000027285,1,0.0
88,retract,2,478,0.706000000000131,396.3199999999997,0,0.0
88,retract,2,479,3.1100000000001273,5.4659999999998945,1,0.0
88,retract,2,480,2.4320000000002437,77.04599999999982,1,0.0
88,retract,2,481,0.3220000000001164,5.9659999999998945,0,0.0
88,retract,2,482,0.2559999999998581,0.046000000000276486,0,0.0
88,retract,2,484,2.436000000000149,6.916000000000167,1,0.0
88,retract,2,485,1.9919999999997344,6.766000000000076,1,0.0
88,retract,2,486,1.4400000000000546,0.17399999999997817,1,0.0
88,retract,2,487,0.2539999999999054,4.898000000000138,0,0.0
88,retract,2,488,0.9899999999997817,0.900000000000091,0,0.0
88,retract,2,489,1.4500000000002728,4.579999999999927,1,0.0
88,retract,2,490,0.30600000000004,0.007999999999810825,0,0.0
88,retract,2,491,2.188000000000102,0.31399999999985084,1,0.0
88,retract,2,492,0.5960000000000036,5.820000000000164,0,0.0
88,retract,2,493,1.0740000000000691,0.10799999999971988,0,0.0
88,retract,2,495,0.05600000000004002,0.03999999999996362,0,0.0
88,retract,2,497,1.27599999999984,4.416000000000167,1,0.0
88,retract,2,498,1.1099999999996726,4.5219999999999345,0,0.0
88,retract,2,499,0.14400000000023283,0.7739999999998872,0,0.0
88,retract,2,500,0.9920000000001892,0.6399999999998727,0,0.0
88,retract,2,501,1.6340000000000146,0.35199999999986176,1,0.0
88,retract,2,502,0.041999999999916326,5.3520000000003165,0,0.0
88,retract,2,503,0.8040000000000873,1.1299999999996544,0,0.0
88,retract,2,504,0.7519999999999527,0.8920000000002801,0,0.0
88,retract,2,505,1.5540000000000873,4.197999999999865,1,0.0
88,retract,2,506,1.44399999999996,0.24200000000018917,1,0.0
88,retract,2,507,2.3859999999999673,0.12599999999974898,1,0.0
88,retract,2,508,1.66800000000012,10.503999999999905,1,0.0
88,retract,2,509,1.4639999999999418,7.0900000000001455,1,0.0
88,retract,2,510,2.41800000000012,7.661999999999807,1,0.0
88,retract,2,511,0.8580000000001746,1.3279999999999745,0,0.0
88,retract,2,512,0.6759999999999309,0.8960000000001855,0,0.0
88,retract,2,513,2.7919999999999163,0.17799999999988358,1,0.0
88,retract,2,514,0.31599999999980355,7.028000000000247,0,0.0
88,retract,2,515,0.8600000000001273,6.625999999999749,0,0.0
88,retract,2,516,0.599999999999909,0.6080000000001746,0,0.0
88,retract,2,517,1.8159999999998035,0.2319999999999709,1,0.0
88,retract,2,518,0.3880000000003747,9.677999999999884,0,0.0
88,retract,2,519,1.4919999999997344,0.3120000000003529,1,0.0
88,retract,2,520,0.1979999999998654,1537.8999999999996,0,0.0
88,retract,2,521,2.266000000000531,,1,0.0
89,no_timeout,1,1,0.129999999999999,0.36400000000000077,0,0.5
89,no_timeout,1,2,0.05999999999999872,0.47800000000000153,0,0.5
89,no_timeout,1,3,0.21600000000000108,0.16600000000000037,0,0.5
89,no_timeout,1,4,0.11399999999999721,1.8840000000000003,0,0.5
89,no_timeout,1,5,0.16400000000000148,1.8840000000000003,0,0.5
89,no_timeout,1,6,0.2680000000000007,0.4239999999999995,0,0.5
89,no_timeout,1,7,0.269999999999996,2.0400000000000063,0,0.5
89,no_timeout,1,8,0.08799999999999386,0.10800000000000409,0,0.5
89,no_timeout,1,9,0.08800000000000097,0.3299999999999983,0,0.5
89,no_timeout,1,10,0.5619999999999976,0.008000000000002672,1,0.5
89,no_timeout,1,11,0.1280000000000001,1.631999999999998,0,0.5
89,no_timeout,1,12,0.34199999999999875,0.13800000000000523,0,0.5
89,no_timeout,1,13,0.07000000000000028,0.17799999999999727,0,0.5
89,no_timeout,1,14,0.2560000000000002,0.16400000000000148,0,0.5
89,no_timeout,1,15,0.12199999999999989,0.2259999999999991,0,0.5
89,no_timeout,1,16,0.21999999999999886,1.1820000000000022,0,0.5
89,no_timeout,1,17,0.07600000000000051,0.041999999999994486,0,0.5
89,no_timeout,1,18,0.26200000000000045,0.25,0,0.5
89,no_timeout,1,19,0.30400000000000205,0.06799999999999784,0,0.5
89,no_timeout,1,20,0.11400000000000432,0.41799999999999926,0,0.5
89,no_timeout,1,21,0.25799999999999557,0.06400000000000006,0,0.5
89,no_timeout,1,22,0.04800000000000182,2.1300000000000026,0,0.5
89,no_timeout,1,23,0.04399999999999693,0.1739999999999995,0,0.5
89,no_timeout,1,24,0.8300000000000054,0.05799999999999983,1,0.5
89,no_timeout,1,25,0.08200000000000074,1.3899999999999935,0,0.5
89,no_timeout,1,26,0.7380000000000067,0.0519999999999996,1,0.5
89,no_timeout,1,27,0.05799999999999983,1.3759999999999977,0,0.5
89,no_timeout,1,28,0.21399999999999864,0.10600000000000165,0,0.5
89,no_timeout,1,29,0.18999999999999773,0.07000000000000028,0,0.5
89,no_timeout,1,30,0.39399999999999835,0.17600000000000193,0,0.5
89,no_timeout,1,31,0.1280000000000001,0.29400000000000404,0,0.5
89,no_timeout,1,32,0.5060000000000002,0.03399999999999892,1,0.5
89,no_timeout,1,33,0.0799999999999983,2.808,0,0.5
89,no_timeout,1,34,0.3059999999999974,0.08200000000000074,0,0.5
89,no_timeout,1,35,0.12199999999999989,0.8999999999999986,0,0.5
89,no_timeout,1,36,0.1840000000000046,0.04999999999999716,0,0.5
89,no_timeout,1,37,0.12199999999999989,1.514000000000003,0,0.5
89,no_timeout,1,38,1.1000000000000014,0.0519999999999996,1,0.5
89,no_timeout,1,39,0.05999999999999517,2.4239999999999995,0,0.5
89,no_timeout,1,40,0.04000000000000625,0.1700000000000017,0,0.5
89,no_timeout,1,41,0.2680000000000007,1.215999999999994,0,0.5
89,no_timeout,1,42,0.23399999999999466,0.7259999999999991,0,0.5
89,no_timeout,1,43,0.21000000000000796,0.031999999999996476,0,0.5
89,no_timeout,1,44,1.195999999999998,1.9620000000000033,1,0.5
89,no_timeout,1,45,0.3439999999999941,0.554000000000002,0,0.5
89,no_timeout,1,46,0.6620000000000061,1.8840000000000003,1,0.5
89,no_timeout,1,47,0.0519999999999925,0.5620000000000118,0,0.5
89,no_timeout,1,48,0.17399999999999238,0.367999999999995,0,0.5
89,no_timeout,1,49,0.49800000000000466,1.3559999999999945,0,0.5
89,no_timeout,1,50,0.1360000000000099,0.11199999999999477,0,0.5
89,no_timeout,1,51,0.031999999999996476,0.24399999999999977,0,0.5
89,no_timeout,1,52,0.18000000000000682,0.02400000000000091,0,0.5
89,no_timeout,1,53,0.14999999999999147,0.08600000000001273,0,0.5
89,no_timeout,1,54,0.16399999999998727,0.23000000000000398,0,0.5
89,no_timeout,1,55,0.1599999999999966,1.784000000000006,0,0.5
89,no_timeout,1,56,0.1460000000000008,0.34600000000000364,0,0.5
89,no_timeout,1,57,0.11199999999999477,0.12399999999999523,0,0.5
89,no_timeout,1,58,0.10000000000000853,0.7039999999999935,0,0.5
89,no_timeout,1,59,0.3580000000000041,0.2980000000000018,0,0.5
89,no_timeout,1,60,2.219999999999999,0.04999999999999716,1,0.5
89,no_timeout,1,61,0.060000000000002274,2.4579999999999984,0,0.5
89,no_timeout,1,62,0.12399999999999523,0.11200000000000898,0,0.5
89,no_timeout,1,63,0.5600000000000023,3.701999999999998,1,0.5
89,no_timeout,1,64,0.12399999999999523,0.02599999999999625,0,0.5
89,no_timeout,1,65,0.17600000000000193,1.3059999999999974,0,0.5
89,no_timeout,1,66,0.7740000000000009,0.04000000000000625,1,0.5
89,no_timeout,1,67,0.2459999999999951,1.1800000000000068,0,0.5
89,no_timeout,1,68,0.15800000000000125,0.19199999999999307,0,0.5
89,no_timeout,1,69,0.24399999999999977,0.3119999999999976,0,0.5
89,no_timeout,1,70,0.36599999999999966,0.038000000000010914,0,0.5
89,no_timeout,1,71,0.16400000000000148,1.5819999999999936,0,0.5
89,no_timeout,1,72,1.6440000000000055,1.8960000000000008,1,0.5
89,no_timeout,1,73,1.509999999999991,3.280000000000001,1,0.5
89,no_timeout,1,74,0.13599999999999568,0.3340000000000032,0,0.5
89,no_timeout,1,75,0.4399999999999977,0.04600000000000648,0,0.5
89,no_timeout,1,76,0.132000000000005,1.3159999999999883,0,0.5
89,no_timeout,1,77,0.8599999999999994,1.4939999999999998,1,0.5
89,no_timeout,1,78,0.48799999999999955,1.9080000000000013,0,0.5
89,no_timeout,1,79,0.09199999999999875,0.7180000000000035,0,0.5
89,no_timeout,1,80,0.8460000000000036,0.06999999999999318,1,0.5
89,no_timeout,1,81,0.0800000000000125,0.0379999999999967,0,0.5
89,no_timeout,1,82,0.10599999999999454,6.858000000000004,0,0.5
89,no_timeout,1,83,0.03999999999999204,0.4660000000000082,0,0.5
89,no_timeout,1,84,0.117999999999995,0.07399999999999807,0,0.5
89,no_timeout,1,85,0.20400000000000773,2.367999999999995,0,0.5
89,no_timeout,1,86,0.6260000000000048,0.04800000000000182,1,0.5
89,no_timeout,1,87,0.2960000000000065,2.2179999999999893,0,0.5
89,no_timeout,1,88,0.09800000000001319,2.383999999999986,0,0.5
89,no_timeout,1,89,0.20599999999998886,0.1880000000000166,0,0.5
89,no_timeout,1,90,0.3299999999999841,3.656000000000006,0,0.5
89,no_timeout,1,91,0.18000000000000682,0.09199999999998454,0,0.5
89,no_timeout,1,92,0.3100000000000023,0.09800000000001319,0,0.5
89,no_timeout,1,93,0.27199999999999136,2.318000000000012,0,0.5
89,no_timeout,1,94,0.43199999999998795,0.034000000000020236,0,0.5
89,no_timeout,1,95,0.26599999999999113,0.11599999999998545,0,0.5
89,no_timeout,1,96,0.04200000000000159,0.03200000000001069,0,0.5
89,no_timeout,1,97,0.09399999999999409,0.2820000000000107,0,0.5
89,no_timeout,1,98,0.26599999999999113,0.030000000000001137,0,0.5
89,no_timeout,1,99,1.4699999999999989,0.036000000000001364,1,0.5
89,no_timeout,1,100,0.08600000000001273,0.053999999999973625,0,0.5
89,no_timeout,1,101,0.08800000000002228,2.701999999999998,0,0.5
89,no_timeout,1,102,0.8460000000000036,0.033999999999991815,1,0.5
89,no_timeout,1,103,0.08400000000000318,2.9939999999999998,0,0.5
89,no_timeout,1,104,0.23199999999999932,0.103999999999985,0,0.5
89,no_timeout,1,105,0.16800000000000637,,0,0.5
89,no_timeout,1,106,0.35600000000000165,0.519999999999996,0,0.5
89,no_timeout,1,107,0.4540000000000006,0.020000000000003126,0,0.5
89,no_timeout,1,108,0.02999999999999403,1.6620000000000061,0,0.5
89,no_timeout,1,109,0.20999999999999375,0.1180000000000021,0,0.5
89,no_timeout,1,110,0.19000000000000483,0.671999999999997,0,0.5
89,no_timeout,1,111,0.05799999999999983,0.7779999999999987,0,0.5
89,no_timeout,1,112,0.6120000000000019,0.054000000000002046,1,0.5
89,no_timeout,1,113,0.1039999999999992,4.0760000000000005,0,0.5
89,no_timeout,1,114,0.0519999999999996,0.867999999999995,0,0.5
89,no_timeout,1,115,0.7140000000000057,4.393999999999998,1,0.5
89,no_timeout,1,116,0.838000000000001,0.2680000000000007,1,0.5
89,no_timeout,1,117,0.14399999999999835,2.067999999999998,0,0.5
89,no_timeout,1,118,0.20400000000000063,0.027999999999998693,0,0.5
89,no_timeout,1,119,0.392000000000003,0.055999999999997385,0,0.5
89,no_timeout,1,120,0.22800000000000153,0.20000000000000284,0,0.5
89,no_timeout,1,121,0.47399999999999665,2.479999999999997,0,0.5
89,no_timeout,1,122,0.6920000000000002,0.42600000000000193,1,0.5
89,no_timeout,1,123,0.036000000000001364,2.2660000000000053,0,0.5
89,no_timeout,1,124,0.5939999999999941,4.647999999999996,1,0.5
89,no_timeout,1,125,0.47800000000000864,0.17399999999999238,0,0.5
89,no_timeout,1,126,0.6039999999999992,3.754000000000005,1,0.5
89,no_timeout,1,127,0.8199999999999932,0.17200000000001125,1,0.5
89,no_timeout,1,128,0.4519999999999982,3.0999999999999943,0,0.5
89,no_timeout,1,129,0.8220000000000027,2.3840000000000003,1,0.5
89,no_timeout,1,130,0.9819999999999993,4.385999999999996,1,0.5
89,no_timeout,1,131,0.4339999999999975,2.4820000000000135,0,0.5
89,no_timeout,1,132,0.6159999999999997,3.529999999999987,1,0.5
89,no_timeout,1,133,0.9000000000000057,0.22799999999999443,1,0.5
89,no_timeout,1,134,0.06800000000001205,2.495999999999995,0,0.5
89,no_timeout,1,135,0.6700000000000017,2.9380000000000024,1,0.5
89,no_timeout,1,136,0.38400000000000034,0.07399999999999807,0,0.5
89,no_timeout,1,137,0.5019999999999953,2.0420000000000016,1,0.5
89,no_timeout,1,138,0.3640000000000043,3.0180000000000007,0,0.5
89,no_timeout,1,139,0.25799999999999557,0.04599999999999227,0,0.5
89,no_timeout,1,140,0.23000000000000398,2.878,0,0.5
89,no_timeout,1,141,0.4960000000000093,2.25,0,0.5
89,no_timeout,1,142,0.32799999999998875,0.11400000000000432,0,0.5
89,no_timeout,1,143,0.7139999999999986,3.945999999999998,1,0.5
89,no_timeout,1,144,0.402000000000001,0.8100000000000023,0,0.5
89,no_timeout,1,145,0.9060000000000059,2.137999999999991,1,0.5
89,no_timeout,1,146,0.36599999999999966,0.11400000000000432,0,0.5
89,no_timeout,1,147,0.45600000000000307,2.573999999999998,0,0.5
89,no_timeout,1,148,0.23799999999998533,0.3580000000000041,0,0.5
89,no_timeout,1,149,0.6560000000000059,0.07200000000000273,1,0.5
89,no_timeout,1,150,0.18600000000000705,1.9639999999999986,0,0.5
89,no_timeout,1,151,0.47999999999998977,0.13800000000000523,0,0.5
89,no_timeout,1,152,0.5039999999999907,1.9399999999999977,1,0.5
89,no_timeout,1,153,0.4800000000000182,0.4060000000000059,0,0.5
89,no_timeout,1,154,0.6739999999999782,1.856000000000023,1,0.5
89,no_timeout,1,155,0.29199999999997317,0.17000000000001592,0,0.5
89,no_timeout,1,156,0.7460000000000093,4.065999999999974,1,0.5
89,no_timeout,1,157,0.7120000000000175,1.921999999999997,1,0.5
89,no_timeout,1,158,0.3100000000000023,0.29999999999998295,0,0.5
89,no_timeout,1,159,0.40200000000001523,2.1759999999999877,0,0.5
89,no_timeout,1,160,0.4420000000000073,0.3499999999999943,0,0.5
89,no_timeout,1,161,0.41200000000000614,0.020000000000010232,0,0.5
89,no_timeout,1,162,0.4159999999999968,0.2079999999999984,0,0.5
89,no_timeout,1,163,0.16399999999998727,0.568000000000012,0,0.5
89,no_timeout,1,164,0.5,2.0720000000000027,0,0.5
89,no_timeout,1,165,0.367999999999995,0.22999999999998977,0,0.5
89,no_timeout,1,166,1.0660000000000025,1.9320000000000164,1,0.5
89,no_timeout,1,167,0.27599999999998204,0.1980000000000075,0,0.5
89,no_timeout,1,168,0.9140000000000157,1.7879999999999825,1,0.5
89,no_timeout,1,169,1.7839999999999918,2.140000000000015,1,0.5
89,no_timeout,1,170,0.8799999999999955,0.27199999999999136,1,0.5
89,no_timeout,1,171,0.1220000000000141,2.1239999999999952,0,0.6
89,no_timeout,1,172,0.4960000000000093,1.0319999999999823,0,0.6
89,no_timeout,1,173,1.0800000000000125,3.4339999999999975,1,0.6
89,no_timeout,1,174,1.2220000000000084,0.132000000000005,1,0.6
89,no_timeout,1,175,0.40399999999999636,3.328000000000003,0,0.6
89,no_timeout,1,176,0.7039999999999793,0.13599999999999568,1,0.6
89,no_timeout,1,177,0.26600000000001955,2.1699999999999875,0,0.6
89,no_timeout,1,178,0.3739999999999952,0.2560000000000002,0,0.6
89,no_timeout,1,179,0.41800000000000637,0.14400000000000546,0,0.6
89,no_timeout,1,180,0.21399999999999864,2.883999999999986,0,0.6
89,no_timeout,1,181,0.15000000000000568,2.524000000000001,0,0.6
89,no_timeout,1,182,0.26600000000001955,2.789999999999992,0,0.6
89,no_timeout,1,183,0.6299999999999955,4.704000000000008,1,0.6
89,no_timeout,1,184,0.5,0.18799999999998818,0,0.6
89,no_timeout,1,185,0.3439999999999941,2.5900000000000034,0,0.6
89,no_timeout,1,186,0.2220000000000084,0.13599999999999568,0,0.6
89,no_timeout,1,187,0.49799999999999045,0.10400000000001342,0,0.6
89,no_timeout,1,188,0.1519999999999868,0.23400000000000887,0,0.6
89,no_timeout,1,189,0.9080000000000155,3.4119999999999777,1,0.6
89,no_timeout,1,190,0.32200000000000273,0.1560000000000059,0,0.6
89,no_timeout,1,191,0.8760000000000048,0.14599999999998658,1,0.6
89,no_timeout,1,192,0.25,3.9780000000000086,0,0.6
89,no_timeout,1,193,0.24600000000000932,2.657999999999987,0,0.6
89,no_timeout,1,194,0.37000000000000455,0.2400000000000091,0,0.6
89,no_timeout,1,195,0.775999999999982,2.802000000000021,1,0.6
89,no_timeout,1,196,0.48599999999999,0.19999999999998863,0,0.6
89,no_timeout,1,197,0.6659999999999968,0.02400000000000091,1,0.6
89,no_timeout,1,198,0.11200000000002319,3.501999999999981,0,0.6
89,no_timeout,1,199,0.8660000000000139,2.6599999999999966,1,0.6
89,no_timeout,1,200,0.4519999999999982,0.17199999999999704,0,0.6
89,no_timeout,1,201,0.3439999999999941,0.3580000000000041,0,0.6
89,no_timeout,1,202,0.2980000000000018,2.4000000000000057,0,0.6
89,no_timeout,1,203,0.8499999999999943,0.0759999999999934,1,0.6
89,no_timeout,1,204,0.16800000000000637,3.7379999999999995,0,0.6
89,no_timeout,1,205,0.5660000000000025,0.6020000000000039,0,0.6
89,no_timeout,1,206,0.6939999999999884,3.2860000000000014,1,0.6
89,no_timeout,1,207,0.20000000000001705,0.07399999999998386,0,0.6
89,no_timeout,1,208,0.43600000000000705,0.21399999999999864,0,0.6
89,no_timeout,1,209,0.46000000000000796,0.04599999999999227,0,0.6
89,no_timeout,1,210,0.5560000000000116,2.7959999999999923,0,0.6
89,no_timeout,1,211,0.5939999999999941,0.38800000000000523,0,0.6
89,no_timeout,1,212,0.8239999999999839,3.106000000000023,1,0.6
89,no_timeout,1,213,0.42399999999997817,0.08400000000000318,0,0.6
89,no_timeout,1,214,0.6020000000000039,3.195999999999998,1,0.6
89,no_timeout,1,215,0.26200000000000045,3.475999999999999,0,0.6
89,no_timeout,1,216,0.2839999999999918,0.132000000000005,0,0.6
89,no_timeout,1,217,0.3100000000000023,0.11200000000002319,0,0.6
89,no_timeout,1,218,0.1519999999999868,0.75,0,0.6
89,no_timeout,1,219,0.5960000000000036,13.343999999999994,0,0.6
89,no_timeout,1,220,0.16800000000000637,2.2959999999999923,0,0.6
89,no_timeout,1,221,0.17799999999999727,0.15800000000001546,0,0.6
89,no_timeout,1,222,0.7400000000000091,2.8999999999999773,1,0.6
89,no_timeout,1,223,0.6240000000000236,0.12199999999995725,1,0.6
89,no_timeout,1,224,0.2680000000000291,0.09199999999998454,0,0.6
89,no_timeout,1,225,0.033999999999991815,2.4600000000000364,0,0.6
89,no_timeout,1,226,0.4199999999999591,0.7400000000000091,0,0.6
89,no_timeout,1,227,1.0459999999999923,2.198000000000036,1,0.6
89,no_timeout,1,228,1.5720000000000027,3.0679999999999836,1,0.6
89,no_timeout,1,229,0.25,0.28199999999998226,0,0.6
89,no_timeout,1,230,0.5579999999999927,3.0340000000000487,0,0.6
89,no_timeout,1,231,0.3359999999999559,0.2400000000000091,0,0.6
89,no_timeout,1,232,1.0500000000000114,2.5500000000000114,1,0.6
89,no_timeout,1,233,0.055999999999983174,2.29200000000003,0,0.6
89,no_timeout,1,234,0.4319999999999595,1.8559999999999945,0,0.6
89,no_timeout,1,235,0.6140000000000327,0.4219999999999686,1,0.6
89,no_timeout,1,236,0.5160000000000196,3.4459999999999695,0,0.6
89,no_timeout,1,237,1.8000000000000114,3.0,1,0.6
89,no_timeout,1,238,0.40399999999999636,0.2740000000000009,0,0.6
89,no_timeout,1,239,0.21000000000003638,2.329999999999984,0,0.6
89,no_timeout,1,240,0.4479999999999791,0.6200000000000045,0,0.6
89,no_timeout,1,241,1.4080000000000155,0.117999999999995,1,0.6
89,no_timeout,1,242,0.4399999999999977,2.798000000000002,0,0.6
89,no_timeout,1,243,1.3740000000000236,5.113999999999976,1,0.6
89,no_timeout,1,244,0.36599999999998545,2.8040000000000305,0,0.6
89,no_timeout,1,245,0.41800000000000637,1.5319999999999823,0,0.6
89,no_timeout,1,246,0.4379999999999882,2.4080000000000155,0,0.6
89,no_timeout,1,247,0.31799999999998363,0.11000000000001364,0,0.6
89,no_timeout,1,248,0.1519999999999868,1.01400000000001,0,0.6
89,no_timeout,1,249,1.7620000000000005,2.923999999999978,1,0.6
89,no_timeout,1,250,0.3100000000000023,0.21200000000004593,0,0.6
89,no_timeout,1,251,1.8319999999999936,2.97199999999998,1,0.6
89,no_timeout,1,252,1.8700000000000045,3.0819999999999936,1,0.6
89,no_timeout,1,253,0.5980000000000132,0.0999999999999659,0,0.6
89,no_timeout,1,254,0.9519999999999982,2.524000000000001,1,0.6
89,no_timeout,1,255,1.1280000000000427,6.649999999999977,1,0.6
89,no_timeout,1,256,0.20400000000000773,2.6920000000000073,0,0.6
89,no_timeout,1,257,0.9920000000000186,0.012000000000000455,1,0.6
89,no_timeout,1,258,0.589999999999975,1.910000000000025,0,0.6
89,no_timeout,1,259,2.519999999999982,0.07599999999996498,1,0.6
89,no_timeout,1,260,0.8800000000000523,6.381999999999948,1,0.6
89,no_timeout,1,261,0.36800000000005184,2.73599999999999,0,0.6
89,no_timeout,1,262,0.4339999999999691,0.10200000000003229,0,0.6
89,no_timeout,1,263,0.10599999999999454,1.495999999999981,0,0.6
89,no_timeout,1,264,0.6920000000000073,4.125999999999976,1,0.6
89,no_timeout,1,265,0.18200000000001637,0.40399999999999636,0,0.6
89,no_timeout,1,266,1.2620000000000005,3.951999999999998,1,0.6
89,no_timeout,1,267,0.3720000000000141,3.20799999999997,0,0.6
89,no_timeout,1,268,0.20400000000000773,0.3760000000000332,0,0.6
89,no_timeout,1,269,0.5840000000000032,0.20599999999996044,0,0.6
89,no_timeout,1,270,0.04800000000000182,2.400000000000034,0,0.6
89,no_timeout,1,271,0.353999999999985,0.2980000000000018,0,0.6
89,no_timeout,1,272,1.363999999999976,5.02800000000002,1,0.6
89,no_timeout,1,273,1.6299999999999955,9.408000000000015,1,0.6
89,no_timeout,1,274,0.24799999999999045,0.12599999999997635,0,0.6
89,no_timeout,1,275,1.225999999999999,2.0640000000000214,1,0.6
89,no_timeout,1,276,0.7660000000000196,0.17399999999997817,1,0.6
89,no_timeout,1,277,0.8360000000000127,3.0539999999999736,1,0.6
89,no_timeout,1,278,0.3380000000000223,0.27600000000001046,0,0.7
89,no_timeout,1,279,1.2779999999999632,6.446000000000026,1,0.7
89,no_timeout,1,280,0.2599999999999909,1.8840000000000146,0,0.7
89,no_timeout,1,281,1.302000000000021,4.203999999999951,1,0.7
89,no_timeout,1,282,0.30400000000003047,2.173999999999978,0,0.7
89,no_timeout,1,283,0.9200000000000159,2.8740000000000236,1,0.7
89,no_timeout,1,284,0.5939999999999941,0.01999999999998181,0,0.7
89,no_timeout,1,285,1.9119999999999777,5.689999999999998,1,0.7
89,no_timeout,1,286,0.05200000000002092,0.9940000000000282,0,0.7
89,no_timeout,1,287,0.3459999999999468,2.2840000000000487,0,0.7
89,no_timeout,1,288,1.0419999999999732,3.867999999999995,1,0.7
89,no_timeout,1,289,0.09000000000003183,0.311999999999955,0,0.7
89,no_timeout,1,290,0.45800000000002683,1.8979999999999677,0,0.7
89,no_timeout,1,291,0.20000000000004547,0.18199999999995953,0,0.7
89,no_timeout,1,292,0.4140000000000441,0.5840000000000032,0,0.7
89,no_timeout,1,293,0.6499999999999773,1.5679999999999836,0,0.7
89,no_timeout,1,294,1.0840000000000032,3.80600000000004,1,0.7
89,no_timeout,1,295,0.7519999999999527,0.2839999999999918,1,0.7
89,no_timeout,1,296,0.09400000000005093,0.1339999999999577,0,0.7
89,no_timeout,1,297,0.5099999999999909,2.518000000000029,0,0.7
89,no_timeout,1,298,0.47199999999998,0.19200000000000728,0,0.7
89,no_timeout,1,299,0.51400000000001,0.060000000000002274,0,0.7
89,no_timeout,1,300,0.14400000000000546,0.12599999999997635,0,0.7
89,no_timeout,1,301,1.1659999999999968,3.122000000000014,1,0.7
89,no_timeout,1,302,0.45999999999997954,0.2540000000000191,0,0.7
89,no_timeout,1,303,0.43600000000003547,0.5399999999999636,0,0.7
89,no_timeout,1,304,0.48200000000002774,2.1639999999999873,0,0.7
89,no_timeout,1,305,0.22199999999998,0.02600000000001046,0,0.7
89,no_timeout,1,306,0.3120000000000118,0.5319999999999823,0,0.7
89,no_timeout,1,307,0.3240000000000123,0.26600000000001955,0,0.7
89,no_timeout,1,308,0.20599999999996044,0.6240000000000236,0,0.7
89,no_timeout,1,309,0.32799999999997453,1.8620000000000232,0,0.7
89,no_timeout,1,310,0.4440000000000168,0.25399999999996226,0,0.7
89,no_timeout,1,311,0.3439999999999941,0.06800000000004047,0,0.7
89,no_timeout,1,312,1.0539999999999736,3.6639999999999873,1,0.7
89,no_timeout,1,313,0.4480000000000359,1.8000000000000114,0,0.7
89,no_timeout,1,314,0.2859999999999445,0.19799999999997908,0,0.7
89,no_timeout,1,315,0.6620000000000346,0.17600000000004457,0,0.7
89,no_timeout,1,316,0.7659999999999627,6.073999999999955,1,0.7
89,no_timeout,1,317,1.2120000000001028,0.10199999999997544,1,0.7
89,no_timeout,1,318,0.03199999999992542,3.7940000000000964,0,0.7
89,no_timeout,1,319,0.13399999999990087,0.5920000000000982,0,0.7
89,no_timeout,1,320,0.31599999999991724,0.08000000000004093,0,0.7
89,no_timeout,1,321,0.5579999999999927,1.504000000000019,0,0.7
89,no_timeout,1,322,0.8260000000000218,0.01999999999998181,1,0.7
89,no_timeout,1,323,0.42799999999999727,3.8479999999999563,0,0.7
89,no_timeout,1,324,0.30600000000004,0.2519999999999527,0,0.7
89,no_timeout,1,325,0.2960000000000491,0.18399999999996908,0,0.7
89,no_timeout,1,326,1.3400000000000318,3.524000000000001,1,0.7
89,no_timeout,1,327,1.1920000000000073,3.0720000000000027,1,0.7
89,no_timeout,1,328,1.6639999999999873,3.576000000000022,1,0.7
89,no_timeout,1,329,0.5199999999999818,2.508000000000038,0,0.8
89,no_timeout,1,330,1.0459999999999354,4.451999999999998,1,0.8
89,no_timeout,1,331,0.4619999999999891,2.433999999999969,0,0.8
89,no_timeout,1,332,0.9740000000000464,3.5960000000000036,1,0.8
89,no_timeout,1,333,0.09400000000005093,1.7479999999999336,0,0.8
89,no_timeout,1,334,0.15399999999999636,2.6420000000000528,0,0.8
89,no_timeout,1,335,0.4379999999999882,0.14599999999995816,0,0.8
89,no_timeout,1,336,0.4460000000000264,0.4819999999999709,0,0.8
89,no_timeout,1,337,1.0819999999999936,4.054000000000087,1,0.8
89,no_timeout,1,338,0.5519999999999072,1.8559999999999945,0,0.8
89,no_timeout,1,339,0.14200000000005275,0.2839999999999918,0,0.8
89,no_timeout,1,340,0.39800000000002456,3.0720000000000027,0,0.8
89,no_timeout,1,341,0.52800000000002,1.4799999999999045,0,0.8
89,no_timeout,1,342,1.108000000000061,0.07799999999997453,1,0.8
89,no_timeout,1,343,0.36800000000005184,2.9739999999999327,0,0.8
89,no_timeout,1,344,0.4660000000000082,0.15200000000004366,0,0.8
89,no_timeout,1,345,1.6179999999999382,2.5020000000000664,1,0.8
89,no_timeout,1,346,0.33799999999996544,0.2860000000000582,0,0.8
89,no_timeout,1,347,1.47199999999998,2.0799999999999272,1,0.8
89,no_timeout,1,348,2.768000000000029,0.053999999999973625,1,0.8
89,no_timeout,1,349,0.04200000000003001,2.0299999999999727,0,0.8
89,no_timeout,1,350,1.8559999999999945,5.6059999999999945,1,0.8
89,no_timeout,1,351,1.8040000000000873,4.819999999999936,1,0.8
89,no_timeout,1,352,1.3419999999999845,3.2380000000000564,1,0.8
89,no_timeout,1,353,1.0979999999999563,0.17399999999997817,1,0.8
89,no_timeout,1,354,0.5099999999999909,1.9020000000000437,0,1.0
89,no_timeout,1,355,0.5040000000000191,0.12599999999997635,0,1.0
89,no_timeout,1,356,0.5720000000000027,0.05000000000006821,0,1.0
89,no_timeout,1,357,0.4419999999998936,0.2440000000000282,0,1.0
89,no_timeout,1,358,0.13999999999998636,0.038000000000010914,0,1.0
89,no_timeout,1,359,1.9660000000000082,4.704000000000065,1,1.0
89,no_timeout,1,360,0.2299999999999045,0.7580000000000382,0,1.0
89,no_timeout,1,361,0.42600000000004457,2.5799999999999272,0,1.0
89,no_timeout,1,362,0.41200000000003456,2.1539999999999964,0,1.0
89,no_timeout,1,363,0.9139999999999873,0.21400000000005548,0,1.0
89,no_timeout,1,364,1.524000000000001,3.227999999999952,1,1.0
89,no_timeout,1,365,0.6660000000000537,0.05999999999994543,0,1.0
89,no_timeout,1,366,1.080000000000041,3.6359999999999673,1,1.0
89,no_timeout,1,367,0.2419999999999618,3.201999999999998,0,1.0
89,no_timeout,1,368,0.34400000000005093,2.7340000000000373,0,1.0
89,no_timeout,1,369,0.17999999999994998,0.09799999999995634,0,1.0
89,no_timeout,1,370,1.2019999999999982,3.9600000000000364,1,1.0
89,no_timeout,1,371,0.14200000000005275,0.8159999999999172,0,1.0
89,no_timeout,1,372,0.8180000000000973,0.30999999999994543,0,1.0
89,no_timeout,1,373,0.03999999999996362,0.18200000000001637,0,1.0
89,no_timeout,1,374,0.6820000000000164,2.509999999999991,0,1.0
89,no_timeout,1,375,1.1520000000000437,3.5860000000000127,1,1.0
89,no_timeout,1,376,0.2439999999999145,2.1520000000000437,0,1.0
89,no_timeout,1,377,0.5520000000000209,0.14599999999995816,0,1.0
89,no_timeout,1,378,0.5620000000000118,0.11400000000003274,0,1.0
89,no_timeout,1,379,0.5660000000000309,0.12199999999995725,0,1.0
89,no_timeout,1,380,1.2999999999999545,3.816000000000031,1,1.0
89,no_timeout,1,381,0.9619999999999891,0.5299999999999727,0,1.0
89,no_timeout,1,382,0.7900000000000773,2.3439999999999372,0,1.0
89,no_timeout,1,383,1.6860000000000355,2.9139999999999873,1,1.0
89,no_timeout,1,384,1.8659999999999854,2.9600000000000364,1,1.0
89,no_timeout,1,385,1.76400000000001,3.183999999999969,1,1.0
89,no_timeout,1,386,0.43600000000003547,0.65199999999993,0,1.1
89,no_timeout,1,387,0.11800000000005184,0.4479999999999791,0,1.1
89,no_timeout,1,388,0.8820000000000618,0.011999999999943611,0,1.1
89,no_timeout,1,389,0.6219999999999573,2.048000000000002,0,1.1
89,no_timeout,1,390,1.2200000000000273,0.10000000000002274,1,1.1
89,no_timeout,1,391,0.057999999999992724,14.72199999999998,0,1.1
89,no_timeout,1,392,0.5320000000000391,0.2899999999999636,0,1.1
89,no_timeout,1,393,1.3999999999999773,0.07000000000005002,1,1.1
89,no_timeout,1,394,0.41599999999994,3.87600000000009,0,1.1
89,no_timeout,1,395,0.22199999999998,0.5499999999999545,0,1.1
89,no_timeout,1,396,1.9099999999999682,7.136000000000081,1,1.1
89,no_timeout,1,397,0.6480000000000246,1.63799999999992,0,1.1
89,no_timeout,1,398,1.3319999999999936,3.8040000000000873,1,1.1
89,no_timeout,1,399,0.9279999999999973,0.7819999999999254,0,1.1
89,no_timeout,1,400,0.6299999999999955,2.9279999999999973,0,1.1
89,no_timeout,1,401,1.0,2.104000000000042,0,1.1
89,no_timeout,1,402,2.1499999999999773,4.844000000000051,1,1.1
89,no_timeout,1,403,0.27800000000002,0.07599999999990814,0,1.1
89,no_timeout,1,404,1.7240000000000464,3.8179999999999836,1,1.1
89,no_timeout,1,405,0.4759999999999991,0.049999999999954525,0,1.1
89,no_timeout,1,406,0.2700000000000955,1.8220000000000027,0,1.1
89,no_timeout,1,407,0.4660000000000082,0.09199999999998454,0,1.1
89,no_timeout,1,408,0.2439999999999145,0.10400000000004184,0,1.1
89,no_timeout,1,409,0.8540000000000418,2.033999999999992,0,1.1
89,no_timeout,1,410,0.34399999999993724,0.10400000000004184,0,1.1
89,no_timeout,1,411,1.45799999999997,3.9039999999999964,1,1.1
89,no_timeout,1,412,0.6580000000000155,3.0639999999999645,0,1.1
89,no_timeout,1,413,0.5819999999999936,0.5860000000000127,0,1.1
89,no_timeout,1,414,0.8419999999999845,0.77800000000002,0,1.1
89,no_timeout,1,415,0.4379999999999882,1.8319999999999936,0,1.1
89,no_timeout,1,416,0.34600000000000364,0.18000000000006366,0,1.1
89,no_timeout,1,417,0.5439999999999827,0.13999999999998636,0,1.1
89,no_timeout,1,418,0.16200000000003456,2.782000000000039,0,1.1
89,no_timeout,1,419,0.34599999999988995,0.18000000000006366,0,1.1
89,no_timeout,1,420,1.69399999999996,4.416000000000054,1,1.1
89,no_timeout,1,421,1.4599999999999227,13.927999999999997,1,1.1
89,no_timeout,1,422,0.35600000000010823,0.049999999999954525,0,1.1
89,no_timeout,1,423,0.4399999999999409,0.8560000000001082,0,1.1
89,no_timeout,1,424,0.34199999999998454,0.06599999999991724,0,1.1
89,no_timeout,1,425,1.0780000000000882,0.2719999999999345,0,1.1
89,no_timeout,1,426,1.6019999999999754,0.3000000000000682,1,1.1
89,no_timeout,1,427,0.4199999999999591,4.682000000000016,0,1.1
89,no_timeout,1,428,0.95799999999997,0.018000000000029104,0,1.1
89,no_timeout,1,429,1.8740000000000236,5.261999999999944,1,1.1
89,no_timeout,1,430,1.024000000000001,3.074000000000069,0,1.1
89,no_timeout,1,431,0.4420000000000073,2.6819999999999027,0,1.1
89,no_timeout,1,432,1.0480000000000018,1.8400000000000318,0,1.1
89,no_timeout,1,433,0.8799999999999955,0.6420000000000528,0,1.1
89,no_timeout,1,434,0.041999999999916326,0.2600000000001046,0,1.1
89,no_timeout,1,435,0.2819999999999254,0.42799999999999727,0,1.1
89,no_timeout,1,436,0.7520000000000664,0.2719999999999345,0,1.1
89,no_timeout,1,437,0.20800000000008367,0.38599999999996726,0,1.1
89,no_timeout,1,438,0.07600000000002183,0.06599999999991724,0,1.1
89,no_timeout,1,439,3.9160000000000537,6.769999999999982,1,1.1
89,no_timeout,1,440,1.7000000000000455,47.88799999999992,1,1.1
89,no_timeout,1,441,0.8500000000000227,0.34800000000007003,0,1.1
89,no_timeout,1,442,0.2579999999999245,2.1059999999999945,0,1.1
89,no_timeout,1,443,1.3960000000000719,4.15199999999993,1,1.1
89,no_timeout,1,444,0.4660000000000082,1.0679999999999836,0,1.1
89,no_timeout,1,445,1.2080000000000837,2.95799999999997,1,1.1
89,no_timeout,1,446,0.5059999999999718,3.036000000000058,0,1.1
89,no_timeout,1,447,1.25,2.6299999999999955,1,1.1
89,no_timeout,1,448,1.5720000000000027,3.2439999999999145,1,1.1
89,no_timeout,1,449,2.088000000000079,2.8439999999999372,1,1.1
89,no_timeout,1,450,0.5819999999999936,0.70799999999997,0,1.2
89,no_timeout,1,451,0.9500000000000455,1.9080000000000155,0,1.2
89,no_timeout,1,452,0.9399999999999409,0.5880000000000791,0,1.2
89,no_timeout,1,453,0.06399999999996453,0.057999999999992724,0,1.2
89,no_timeout,1,454,1.5879999999999654,5.402000000000044,1,1.2
89,no_timeout,1,455,0.4700000000000273,1.8579999999999472,0,1.2
89,no_timeout,1,456,2.02800000000002,4.187999999999988,1,1.2
89,no_timeout,1,457,1.1480000000000246,1.45799999999997,0,1.2
89,no_timeout,1,458,1.04200000000003,0.10000000000002274,0,1.2
89,no_timeout,1,459,1.5119999999999436,0.15800000000001546,1,1.2
89,no_timeout,1,460,0.09600000000000364,4.048000000000002,0,1.2
89,no_timeout,1,461,1.7280000000000655,3.4139999999999873,1,1.2
89,no_timeout,1,462,0.5979999999999563,0.01599999999996271,0,1.2
89,no_timeout,1,463,1.1900000000000546,0.6879999999999882,0,1.2
89,no_timeout,1,464,0.8099999999999454,1.9560000000000173,0,1.2
89,no_timeout,1,465,1.5740000000000691,4.103999999999928,1,1.2
89,no_timeout,1,466,1.538000000000011,145.69400000000007,1,1.2
89,no_timeout,1,467,0.6800000000000637,1.2059999999999036,0,1.2
89,no_timeout,1,468,0.7200000000000273,0.4959999999998672,0,1.2
89,no_timeout,1,469,0.8980000000001382,0.37400000000002365,0,1.2
89,no_timeout,1,470,0.038000000000010914,0.2059999999999036,0,1.2
89,no_timeout,1,471,2.741999999999962,0.10400000000004184,1,1.2
89,no_timeout,1,472,1.8679999999999382,4.416000000000167,1,1.2
89,no_timeout,1,473,0.5979999999999563,6.1340000000000146,0,1.2
89,no_timeout,1,474,1.4079999999999018,3.0579999999999927,1,1.2
89,no_timeout,1,475,1.3940000000000055,11.19399999999996,1,1.2
89,no_timeout,1,476,0.7720000000001619,0.7300000000000182,0,1.2
89,no_timeout,1,477,1.8159999999998035,4.408000000000129,1,1.2
89,no_timeout,1,478,3.2200000000000273,2.3940000000000055,1,1.2
89,no_timeout,1,479,1.77599999999984,5.47199999999998,1,1.2
89,no_timeout,1,480,0.08200000000010732,0.7880000000000109,0,1.2
89,no_timeout,1,481,0.6959999999999127,1.5779999999999745,0,1.2
89,no_timeout,1,482,1.1880000000001019,0.4519999999999982,0,1.2
89,no_timeout,1,483,1.2960000000000491,5.08400000000006,1,1.2
89,no_timeout,1,484,0.5679999999999836,1.3940000000000055,0,1.2
89,no_timeout,1,485,0.7919999999999163,2.08199999999988,0,1.2
89,no_timeout,1,486,0.8440000000000509,1.6140000000000327,0,1.2
89,no_timeout,1,487,2.44600000000014,6.127999999999929,1,1.2
89,no_timeout,1,488,0.2259999999998854,0.03600000000005821,0,1.2
89,no_timeout,1,489,0.04800000000000182,0.6040000000000418,0,1.2
89,no_timeout,1,490,0.8260000000000218,0.08799999999996544,0,1.2
89,no_timeout,1,491,0.2359999999998763,1.9020000000000437,0,1.2
89,no_timeout,1,492,0.8120000000001255,0.6559999999999491,0,1.2
89,no_timeout,1,493,0.41000000000008185,0.08199999999987995,0,1.2
89,no_timeout,1,494,0.3240000000000691,1.6420000000000528,0,1.2
89,no_timeout,1,495,1.4119999999998072,0.12000000000011823,1,1.2
89,no_timeout,1,496,0.37799999999992906,3.4200000000000728,0,1.2
89,no_timeout,1,497,0.37799999999992906,0.2619999999999436,0,1.2
89,no_timeout,1,498,0.4580000000000837,68.53800000000001,0,1.2
89,no_timeout,1,499,0.05600000000004002,0.2239999999999327,0,1.2
89,no_timeout,1,500,0.05999999999994543,2.3300000000001546,0,1.2
89,no_timeout,1,501,0.5499999999999545,0.11799999999993815,0,1.2
89,no_timeout,1,502,0.8659999999999854,0.34400000000005093,0,1.2
89,no_timeout,1,503,0.044000000000096406,0.13199999999983447,0,1.2
89,no_timeout,1,504,0.6820000000000164,6.176000000000158,0,1.2
89,no_timeout,1,505,1.4699999999998,7.986000000000104,1,1.2
89,no_timeout,1,506,0.43200000000001637,0.4379999999998745,0,1.2
89,no_timeout,1,507,1.6940000000001874,3.7719999999999345,1,1.2
89,no_timeout,1,508,0.7119999999999891,1.9739999999999327,0,1.2
89,no_timeout,1,509,0.7100000000000364,0.12400000000002365,0,1.2
89,no_timeout,1,510,0.13799999999991996,0.11800000000016553,0,1.2
89,no_timeout,1,511,0.4759999999998854,1.2560000000000855,0,1.2
89,no_timeout,1,512,0.8899999999998727,0.3240000000000691,0,1.2
89,no_timeout,1,513,0.14000000000010004,0.05199999999990723,0,1.2
89,no_timeout,1,514,0.1959999999999127,0.05600000000004002,0,1.2
89,no_timeout,1,515,1.1880000000001019,1.2359999999998763,0,1.2
89,no_timeout,1,516,0.33400000000006,0.18200000000001637,0,1.2
89,no_timeout,1,517,1.268000000000029,4.733999999999924,1,1.2
89,no_timeout,1,518,0.6380000000001473,3.4279999999998836,0,1.2
89,no_timeout,1,519,1.0540000000000873,1.0299999999999727,0,1.2
89,no_timeout,1,520,0.2539999999999054,0.14200000000005275,0,1.2
89,no_timeout,1,521,1.7360000000001037,3.245999999999867,1,1.2
89,no_timeout,1,522,0.2460000000000946,1.1599999999998545,0,1.2
89,no_timeout,1,523,1.066000000000031,1.2200000000000273,0,1.2
89,no_timeout,1,524,0.16200000000003456,0.15399999999999636,0,1.2
89,no_timeout,1,525,1.0319999999999254,0.06600000000003092,0,1.2
89,no_timeout,1,526,0.6320000000000618,0.2400000000000091,0,1.2
89,no_timeout,1,527,0.34799999999995634,2.41599999999994,0,1.2
89,no_timeout,1,528,0.7880000000000109,0.37200000000007094,0,1.2
89,no_timeout,1,529,0.3240000000000691,0.17599999999993088,0,1.2
89,no_timeout,1,530,0.4339999999999691,0.12200000000007094,0,1.2
89,no_timeout,1,531,0.4399999999998272,1.6600000000000819,0,1.2
89,no_timeout,1,532,0.35400000000004184,0.2799999999999727,0,1.2
89,no_timeout,1,533,0.09600000000000364,0.22199999999998,0,1.2
89,no_timeout,1,534,0.09200000000009823,0.10799999999994725,0,1.2
89,no_timeout,1,535,0.6859999999999218,0.35599999999999454,0,1.2
89,no_timeout,1,536,0.16000000000008185,2.854000000000042,0,1.2
89,no_timeout,1,537,0.6499999999998636,0.4980000000000473,0,1.2
89,no_timeout,1,538,0.18000000000006366,0.15399999999999636,0,1.2
89,no_timeout,1,539,0.4780000000000655,0.11199999999985266,0,1.2
89,no_timeout,1,540,0.044000000000096406,0.05999999999994543,0,1.2
89,no_timeout,1,541,1.2019999999999982,3.0519999999999072,1,1.2
89,no_timeout,1,542,0.318000000000211,0.515999999999849,0,1.2
89,no_timeout,1,543,0.14800000000013824,0.013999999999896318,0,1.2
89,no_timeout,1,544,0.2819999999999254,2.0700000000001637,0,1.2
89,no_timeout,1,545,1.3299999999999272,3.377999999999929,1,1.2
89,no_timeout,1,546,1.0,0.22000000000002728,0,1.2
89,no_timeout,1,547,0.4500000000000455,1.33400000000006,0,1.2
89,no_timeout,1,548,0.10599999999999454,0.18599999999992178,0,1.2
89,no_timeout,1,549,0.4680000000000746,3.063999999999851,0,1.2
89,no_timeout,1,550,0.44400000000018736,0.7179999999998472,0,1.2
89,no_timeout,1,551,0.16600000000016735,0.2459999999998672,0,1.2
89,no_timeout,1,552,0.6479999999999109,0.43800000000010186,0,1.2
89,no_timeout,1,553,1.5499999999999545,0.08799999999996544,1,1.2
89,no_timeout,1,554,0.16200000000003456,11.3900000000001,0,1.2
89,no_timeout,1,555,0.08600000000001273,0.19200000000000728,0,1.2
89,no_timeout,1,556,0.6459999999999582,0.21000000000003638,0,1.2
89,no_timeout,1,557,0.29399999999986903,3.2920000000001437,0,1.2
89,no_timeout,1,558,0.06799999999998363,0.4299999999998363,0,1.2
89,no_timeout,1,559,0.6800000000000637,0.16599999999993997,0,1.2
89,no_timeout,1,560,0.18400000000019645,0.08399999999983265,0,1.2
89,no_timeout,1,561,1.1820000000000164,1.8540000000000418,0,1.2
89,no_timeout,1,562,0.2719999999999345,0.06400000000007822,0,1.2
89,no_timeout,1,563,1.622000000000071,4.509999999999991,1,1.2
89,no_timeout,1,564,1.9299999999998363,3.994000000000142,1,1.2
89,no_timeout,1,565,0.75,0.30600000000004,0,1.2
89,no_timeout,1,566,0.487999999999829,2.1460000000001855,0,1.2
89,no_timeout,1,567,0.2699999999999818,0.13799999999991996,0,1.2
89,no_timeout,1,568,0.36599999999998545,1.0679999999999836,0,1.2
89,no_timeout,1,569,1.461999999999989,0.12200000000007094,1,1.2
89,no_timeout,1,570,0.06600000000003092,5.619999999999891,0,1.2
89,no_timeout,1,571,2.3940000000000055,0.05400000000008731,1,1.2
89,no_timeout,1,572,0.1879999999998745,5.923999999999978,0,1.2
89,no_timeout,1,573,4.686000000000149,4.6599999999998545,1,1.2
89,no_timeout,1,574,0.27800000000002,0.38800000000014734,0,1.2
89,no_timeout,1,575,0.7599999999999909,0.13599999999996726,0,1.2
89,no_timeout,1,576,0.5599999999999454,1.8400000000001455,0,1.2
89,no_timeout,1,577,0.7139999999999418,0.021999999999934516,0,1.2
89,no_timeout,1,578,0.14599999999995816,1.1600000000000819,0,1.2
89,no_timeout,1,579,0.8360000000000127,0.07799999999997453,0,1.2
89,no_timeout,1,580,0.21000000000003638,0.13999999999987267,0,1.2
89,no_timeout,1,581,0.2680000000000291,0.6580000000001291,0,1.2
89,no_timeout,1,582,2.3899999999998727,74.77200000000016,1,1.2
89,no_timeout,1,583,0.049999999999954525,0.849999999999909,0,1.2
89,no_timeout,1,584,1.4080000000001291,0.04399999999986903,1,1.2
89,no_timeout,1,585,0.39400000000000546,4.059999999999945,0,1.2
89,no_timeout,1,586,1.5399999999999636,3.6820000000000164,1,1.2
89,no_timeout,1,587,3.004000000000133,0.63799999999992,1,1.2
89,no_timeout,1,588,1.6140000000000327,0.05600000000004002,1,1.2
89,no_timeout,1,589,0.75,2.86200000000008,0,1.2
89,no_timeout,1,590,1.7980000000000018,6.905999999999949,1,1.2
89,no_timeout,1,591,1.7339999999999236,5.973999999999933,1,1.2
89,no_timeout,1,592,0.8800000000001091,0.4500000000000455,0,1.2
89,no_timeout,1,593,0.5519999999999072,3.466000000000122,0,1.2
89,no_timeout,1,594,3.8999999999998636,4.240000000000009,1,1.2
89,no_timeout,1,595,2.150000000000091,5.491999999999962,1,1.2
89,no_timeout,1,596,1.0039999999999054,0.35200000000008913,0,1.2
89,no_timeout,1,597,0.07999999999992724,0.09600000000000364,0,1.2
89,no_timeout,1,598,0.6040000000000418,2.7159999999998945,0,1.2
89,no_timeout,1,599,0.318000000000211,0.17599999999993088,0,1.2
89,no_timeout,1,600,1.6299999999998818,4.080000000000155,1,1.2
89,no_timeout,1,601,1.4299999999998363,4.326000000000022,1,1.2
89,no_timeout,1,602,0.5080000000000382,0.69399999999996,0,1.2
89,no_timeout,1,603,1.512000000000171,7.157999999999902,1,1.2
89,no_timeout,1,604,0.6079999999999472,0.5499999999999545,0,1.2
89,no_timeout,1,605,1.1800000000000637,4.4220000000000255,0,1.2
89,no_timeout,1,606,0.38400000000001455,0.5480000000000018,0,1.2
89,no_timeout,1,607,0.97199999999998,0.33600000000001273,0,1.2
89,no_timeout,1,608,0.14200000000005275,0.02800000000002001,0,1.2
89,no_timeout,1,609,2.3759999999999764,6.877999999999929,1,1.2
89,no_timeout,1,610,0.30999999999994543,0.2880000000000109,0,1.2
89,no_timeout,1,611,0.2760000000000673,0.08600000000001273,0,1.2
89,no_timeout,1,612,0.17399999999997817,0.18000000000006366,0,1.2
89,no_timeout,1,613,0.9880000000000564,0.9399999999998272,0,1.2
89,no_timeout,1,614,0.36599999999998545,0.0420000000001437,0,1.2
89,no_timeout,1,615,0.8239999999998417,0.39200000000005275,0,1.2
89,no_timeout,1,616,2.7519999999999527,0.14400000000000546,1,1.2
89,no_timeout,1,617,0.0420000000001437,6.341999999999871,0,1.2
89,no_timeout,1,618,0.9740000000001601,0.40399999999999636,0,1.2
89,no_timeout,1,619,0.35399999999981446,0.06799999999998363,0,1.2
89,no_timeout,1,620,1.0600000000001728,2.1959999999999127,0,1.2
89,no_timeout,1,621,0.5679999999999836,0.6820000000000164,0,1.2
89,no_timeout,1,622,1.3120000000001255,0.07999999999992724,1,1.2
89,no_timeout,1,623,0.14200000000005275,4.763999999999896,0,1.2
89,no_timeout,1,624,1.2580000000000382,6.895999999999958,1,1.2
89,no_timeout,1,625,1.0399999999999636,1.4120000000000346,0,1.2
89,no_timeout,1,626,0.6259999999999764,1.183999999999969,0,1.2
89,no_timeout,1,627,1.0900000000001455,0.12799999999992906,0,1.2
89,no_timeout,1,628,0.15399999999999636,0.08400000000006003,0,1.2
89,no_timeout,1,629,0.7799999999999727,0.5099999999999909,0,1.2
89,no_timeout,1,630,0.4580000000000837,0.14199999999982538,0,1.2
89,no_timeout,1,631,0.5760000000000218,0.16399999999998727,0,1.2
89,no_timeout,1,632,0.5340000000001055,1.1079999999999472,0,1.2
89,no_timeout,1,633,0.31999999999993634,0.5,0,1.2
89,no_timeout,1,634,0.2380000000000564,0.3320000000001073,0,1.2
89,no_timeout,1,635,0.2339999999999236,0.12400000000002365,0,1.2
89,no_timeout,1,636,0.2339999999999236,0.03600000000005821,0,1.2
89,no_timeout,1,637,1.8759999999999764,5.976000000000113,1,1.2
89,no_timeout,1,638,0.08199999999987995,0.15200000000004366,0,1.2
89,no_timeout,1,639,0.42399999999997817,3.5779999999999745,0,1.2
89,no_timeout,1,640,0.9739999999999327,0.48200000000019827,0,1.2
89,no_timeout,1,641,0.6899999999998272,0.8179999999999836,0,1.2
89,no_timeout,1,642,0.37000000000011823,0.02800000000002001,0,1.2
89,no_timeout,1,643,1.69399999999996,0.05600000000004002,1,1.2
89,no_timeout,1,644,0.16599999999993997,47.68399999999997,0,1.2
89,no_timeout,1,645,0.43800000000010186,0.09199999999987085,0,1.2
89,no_timeout,1,646,0.22000000000002728,2.754000000000133,0,1.2
89,no_timeout,1,647,0.8539999999998145,0.34400000000005093,0,1.2
89,no_timeout,1,648,0.37200000000007094,1.9680000000000746,0,1.2
89,no_timeout,1,649,0.2699999999999818,0.11999999999989086,0,1.2
89,no_timeout,1,650,1.0140000000001237,0.13199999999983447,0,1.2
89,no_timeout,1,651,0.9940000000001419,0.08199999999987995,0,1.2
89,no_timeout,1,652,0.55600000000004,0.9659999999998945,0,1.2
89,no_timeout,1,653,5.082000000000107,4.354000000000042,1,1.2
89,no_timeout,1,654,1.0760000000000218,0.31999999999993634,0,1.2
89,no_timeout,1,655,0.9320000000000164,5.811999999999898,0,1.2
89,no_timeout,1,656,0.8880000000001473,0.8659999999999854,0,1.2
89,no_timeout,1,657,2.5019999999999527,3.1440000000000055,1,1.2
89,no_timeout,1,658,0.43800000000010186,0.30199999999990723,0,1.2
89,no_timeout,1,659,0.7960000000000491,1.7300000000000182,0,1.2
89,no_timeout,1,660,1.1499999999998636,1.1520000000000437,0,1.2
89,no_timeout,1,661,1.4039999999999964,5.163999999999987,1,1.2
89,no_timeout,1,662,0.5380000000000109,0.9639999999999418,0,1.2
89,no_timeout,1,663,0.83400000000006,1.6059999999999945,0,1.2
89,no_timeout,1,664,2.713999999999942,66.41600000000017,1,1.2
89,no_timeout,1,665,0.3999999999998636,0.39800000000013824,0,1.2
89,no_timeout,1,666,1.1759999999999309,0.07199999999988904,0,1.2
89,no_timeout,1,667,0.23200000000019827,0.07599999999979445,0,1.2
89,no_timeout,1,668,0.6920000000000073,0.33600000000001273,0,1.2
89,no_timeout,1,669,0.8600000000001273,0.35999999999989996,0,1.2
89,no_timeout,1,670,0.9680000000000746,0.14599999999995816,0,1.2
89,no_timeout,1,671,0.32999999999992724,0.13800000000014734,0,1.2
89,no_timeout,1,672,1.4259999999999309,3.5160000000000764,1,1.2
89,no_timeout,1,673,0.5259999999998399,0.41200000000003456,0,1.2
89,no_timeout,1,674,0.9039999999999964,0.6000000000001364,0,1.2
89,no_timeout,1,675,1.8379999999999654,3.6599999999998545,1,1.2
89,no_timeout,1,676,1.268000000000029,10.152000000000044,1,1.2
89,no_timeout,1,677,0.41800000000012005,1.655999999999949,0,1.2
89,no_timeout,1,678,0.15799999999990177,1.5320000000001528,0,1.2
89,no_timeout,1,679,1.8899999999998727,4.251999999999953,1,1.2
89,no_timeout,1,680,0.6240000000000236,0.9919999999999618,0,1.2
89,no_timeout,1,681,0.734000000000151,1.4579999999998563,0,1.2
89,no_timeout,1,682,2.240000000000009,5.6460000000001855,1,1.2
89,no_timeout,1,683,0.4619999999999891,0.94399999999996,0,1.2
89,no_timeout,1,684,1.77800000000002,4.529999999999973,1,1.2
89,no_timeout,1,685,0.6040000000000418,0.2159999999998945,0,1.2
89,no_timeout,1,686,0.6459999999999582,0.9580000000000837,0,1.2
89,no_timeout,1,687,0.7180000000000746,5.05399999999986,0,1.2
89,no_timeout,1,688,1.0460000000000491,0.2139999999999418,0,1.2
89,no_timeout,1,689,0.33400000000006,3.4300000000000637,0,1.2
89,no_timeout,1,690,0.7859999999998308,0.6980000000000928,0,1.2
89,no_timeout,1,691,1.2280000000000655,56.013999999999896,1,1.2
89,no_timeout,1,692,0.40000000000009095,2.1140000000000327,0,1.2
89,no_timeout,1,693,0.05999999999994543,0.08199999999987995,0,1.2
89,no_timeout,1,694,0.2820000000001528,0.10400000000004184,0,1.2
89,no_timeout,1,695,0.9099999999998545,1.61200000000008,0,1.2
89,no_timeout,1,696,0.9980000000000473,0.12999999999988177,0,1.2
89,no_timeout,1,697,0.32600000000002183,0.5899999999999181,0,1.2
89,no_timeout,1,698,0.5780000000002019,0.8419999999998709,0,1.2
89,no_timeout,1,699,0.7239999999999327,0.09200000000009823,0,1.2
89,no_timeout,1,700,0.32999999999992724,1.6159999999999854,0,1.2
89,no_timeout,1,701,0.2520000000001801,0.08399999999983265,0,1.2
89,no_timeout,1,702,1.316000000000031,5.074000000000069,1,1.2
89,no_timeout,1,703,1.3679999999999382,4.860000000000127,1,1.2
89,no_timeout,1,704,0.5839999999998327,1.7200000000000273,0,1.2
89,no_timeout,1,705,1.97400000000016,6.523999999999887,1,1.2
89,no_timeout,1,706,0.2339999999999236,0.13200000000006185,0,1.2
89,no_timeout,1,707,0.15399999999999636,0.4580000000000837,0,1.2
89,no_timeout,1,708,0.8379999999997381,1.7220000000002074,0,1.2
89,no_timeout,1,709,0.6080000000001746,0.11199999999962529,0,1.2
89,no_timeout,1,710,1.1900000000000546,0.5740000000000691,0,1.2
89,no_timeout,1,711,1.6880000000001019,4.4699999999998,1,1.2
89,no_timeout,1,712,1.2940000000003238,4.239999999999782,1,1.2
89,no_timeout,1,713,1.1399999999998727,6.196000000000367,0,1.2
89,no_timeout,1,714,0.17399999999997817,1.8419999999996435,0,1.2
89,no_timeout,1,715,0.05600000000004002,0.15200000000004366,0,1.2
89,no_timeout,1,716,1.0640000000003056,1.125999999999749,0,1.2
89,no_timeout,1,717,0.22600000000011278,0.849999999999909,0,1.2
89,no_timeout,1,718,1.481999999999971,144.00599999999986,1,1.2
89,no_timeout,1,719,0.04800000000022919,0.2919999999999163,0,1.2
89,no_timeout,1,720,0.2980000000002292,1.461999999999989,0,1.2
89,no_timeout,1,721,1.763999999999669,4.6720000000000255,1,1.2
89,no_timeout,1,722,2.9780000000000655,5.947999999999865,1,1.2
89,no_timeout,1,723,1.674000000000433,8.221999999999753,1,1.2
89,no_timeout,1,724,0.5940000000000509,3.838000000000193,0,1.2
89,no_timeout,1,725,0.543999999999869,0.21199999999998909,0,1.2
89,no_timeout,1,726,0.6359999999999673,0.5619999999998981,0,1.2
89,no_timeout,1,727,0.75,1.0399999999999636,0,1.2
89,no_timeout,1,728,1.55600000000004,6.1840000000001965,1,1.2
89,no_timeout,1,729,1.6340000000000146,7.175999999999931,1,1.2
89,no_timeout,1,730,0.8359999999997854,1.4020000000000437,0,1.2
89,no_timeout,1,731,1.7080000000000837,0.15599999999994907,1,1.2
89,no_timeout,1,732,0.7680000000000291,5.7800000000002,0,1.2
89,no_timeout,1,733,2.7919999999999163,5.175999999999931,1,1.2
89,no_timeout,1,734,1.0419999999999163,1.3299999999999272,0,1.2
89,no_timeout,1,735,2.1460000000001855,11.865999999999985,1,1.2
89,no_timeout,1,736,2.3640000000000327,6.279999999999745,1,1.2
89,no_timeout,1,737,0.6380000000003747,0.14399999999977808,0,1.2
89,no_timeout,1,738,0.8240000000000691,1.3559999999997672,0,1.2
89,no_timeout,1,739,1.8240000000000691,4.2960000000002765,1,1.2
89,no_timeout,1,740,1.4159999999997126,4.538000000000011,1,1.2
89,no_timeout,1,741,1.5599999999999454,7.794000000000324,1,1.2
89,no_timeout,1,742,3.181999999999789,3.967999999999847,1,1.2
89,no_timeout,1,743,0.680000000000291,0.2480000000000473,0,1.2
89,no_timeout,1,744,1.5099999999997635,3.800000000000182,1,1.2
89,no_timeout,1,745,0.2640000000001237,0.29799999999977445,0,1.2
89,no_timeout,1,746,1.6860000000001492,5.8539999999998145,1,1.2
89,no_timeout,1,747,0.11599999999998545,1.1900000000000546,0,1.2
89,no_timeout,1,748,0.1979999999998654,1.461999999999989,0,1.2
89,no_timeout,1,749,1.1260000000002037,2.463999999999942,0,1.2
89,no_timeout,1,750,0.9099999999998545,0.16600000000016735,0,1.2
89,no_timeout,1,751,2.5039999999999054,6.628000000000156,1,1.2
89,no_timeout,1,752,0.5740000000000691,0.32199999999966167,0,1.2
89,no_timeout,1,753,3.6940000000004147,7.5099999999997635,1,1.2
89,no_timeout,1,754,1.3400000000001455,4.415999999999713,1,1.2
89,no_timeout,1,755,0.7540000000003602,0.8279999999999745,0,1.2
89,no_timeout,1,756,0.737999999999829,5.070000000000164,0,1.2
89,no_timeout,1,757,1.207999999999629,5.048000000000229,1,1.2
89,no_timeout,1,758,0.61200000000008,0.9039999999999964,0,1.2
89,no_timeout,1,759,1.4719999999997526,4.309999999999945,1,1.2
89,no_timeout,1,760,0.14200000000028012,0.16600000000016735,0,1.2
89,no_timeout,1,761,1.2159999999998945,4.5,1,1.2
89,no_timeout,1,762,0.7159999999998945,0.02599999999983993,0,1.2
89,no_timeout,1,763,1.0260000000002947,1.4739999999997053,0,1.2
89,no_timeout,1,764,0.5760000000000218,0.010000000000218279,0,1.2
89,no_timeout,1,765,1.5140000000001237,4.5479999999997744,1,1.2
89,no_timeout,1,766,0.057999999999992724,0.5239999999998872,0,1.2
89,no_timeout,1,767,1.236000000000331,0.08199999999987995,1,1.2
89,no_timeout,1,768,0.69399999999996,3.4299999999998363,0,1.2
89,no_timeout,1,769,0.5260000000002947,0.2699999999999818,0,1.2
89,no_timeout,1,770,1.169999999999618,2.542000000000371,0,1.2
89,no_timeout,1,771,0.30399999999963256,0.046000000000276486,0,1.2
89,no_timeout,1,772,1.768000000000029,8.253999999999905,1,1.2
89,no_timeout,1,773,0.2660000000000764,0.4519999999997708,0,1.2
89,no_timeout,1,774,0.34600000000000364,2.600000000000364,0,1.2
89,no_timeout,1,775,2.425999999999931,5.945999999999913,1,1.2
89,no_timeout,1,776,0.181999999999789,2.6580000000003565,0,1.2
89,no_timeout,1,777,1.1779999999998836,0.58199999999988,0,1.2
89,no_timeout,1,778,1.0059999999998581,0.0500000000001819,0,1.2
89,no_timeout,1,779,0.3560000000002219,2.05199999999968,0,1.2
89,no_timeout,1,780,1.9880000000002838,7.369999999999891,1,1.2
89,no_timeout,1,781,0.8020000000001346,0.20599999999967622,0,1.2
89,no_timeout,1,782,1.3859999999999673,10.365999999999985,1,1.2
89,no_timeout,1,783,0.5460000000002765,0.181999999999789,0,1.2
89,no_timeout,1,784,0.36599999999998545,4.730000000000018,0,1.2
89,no_timeout,1,785,1.6900000000000546,80.98599999999988,1,1.2
89,no_timeout,1,786,0.7260000000001128,2.936000000000149,0,1.2
89,no_timeout,1,787,1.1419999999998254,1.3760000000002037,0,1.2
89,no_timeout,1,788,0.849999999999909,0.8859999999999673,0,1.2
89,no_timeout,1,789,0.7300000000000182,0.6920000000000073,0,1.2
89,no_timeout,1,790,0.9259999999999309,0.75,0,1.2
89,no_timeout,1,791,2.076000000000022,4.442000000000007,1,1.2
89,no_timeout,1,792,1.344000000000051,5.320000000000164,1,1.2
89,no_timeout,1,793,0.11199999999962529,0.12400000000025102,0,1.2
89,no_timeout,1,794,1.4159999999997126,5.55600000000004,1,1.2
89,no_timeout,1,795,2.1280000000001564,6.181999999999789,1,1.2
89,no_timeout,1,796,1.2720000000003893,5.288000000000011,1,1.2
89,no_timeout,1,797,2.5539999999996326,5.768000000000029,1,1.2
89,no_timeout,1,798,2.568000000000211,5.003999999999905,1,1.2
89,no_timeout,1,799,0.36400000000003274,0.10399999999981446,0,1.2
89,no_timeout,1,800,1.7660000000000764,7.160000000000309,1,1.2
89,no_timeout,1,801,0.7279999999996107,0.18200000000024374,0,1.2
89,no_timeout,1,802,1.5019999999999527,7.664000000000215,1,1.2
89,no_timeout,1,803,1.5159999999996217,4.430000000000291,1,1.2
89,no_timeout,1,804,1.281999999999698,0.8720000000002983,1,1.2
89,no_timeout,1,805,0.2199999999997999,7.518000000000029,0,1.2
89,no_timeout,1,806,1.6700000000000728,11.199999999999818,1,1.2
89,no_timeout,1,807,0.6060000000002219,2.1239999999997963,0,1.2
89,no_timeout,1,808,0.3420000000000982,0.4960000000000946,0,1.2
89,no_timeout,1,809,0.20600000000013097,0.05199999999967986,0,1.2
89,no_timeout,1,810,0.43400000000019645,1.5700000000001637,0,1.2
89,no_timeout,1,811,1.7919999999999163,7.157999999999902,1,1.2
89,no_timeout,1,812,1.22400000000016,7.5919999999996435,1,1.2
89,no_timeout,1,813,0.706000000000131,2.6900000000000546,0,1.2
89,no_timeout,1,814,1.6900000000000546,4.987999999999829,1,1.2
89,no_timeout,1,815,3.2480000000000473,4.820000000000164,1,1.2
89,no_timeout,1,816,1.7080000000000837,70.49199999999973,1,1.2
89,no_timeout,1,817,0.6280000000001564,0.38000000000010914,0,1.2
89,no_timeout,1,818,0.7239999999997053,2.1080000000001746,0,1.2
89,no_timeout,1,819,1.237999999999829,0.13200000000006185,1,1.2
89,no_timeout,1,820,0.34600000000000364,3.5599999999999454,0,1.2
89,no_timeout,1,821,1.5480000000002292,5.201999999999771,1,1.2
89,no_timeout,1,822,1.961999999999989,6.786000000000058,1,1.2
89,no_timeout,1,823,1.1280000000001564,1.9839999999999236,0,1.2
89,no_timeout,1,824,1.5419999999999163,5.460000000000036,1,1.2
89,no_timeout,1,825,1.3099999999999454,0.13599999999996726,1,1.2
89,no_timeout,1,826,0.2899999999999636,7.445999999999913,0,1.2
89,no_timeout,1,827,1.7980000000002292,7.557999999999993,1,1.2
89,no_timeout,1,828,1.5160000000000764,8.50799999999981,1,1.2
89,no_timeout,1,829,3.6520000000000437,7.574000000000069,1,1.2
89,no_timeout,1,830,2.730000000000018,7.864000000000033,1,1.2
89,no_timeout,1,831,1.7179999999998472,31.692000000000007,1,1.2
89,no_timeout,1,832,0.818000000000211,0.10799999999971988,0,1.2
89,no_timeout,1,833,0.9140000000002146,2.036000000000058,0,1.2
89,no_timeout,1,834,0.26199999999971624,0.3360000000002401,0,1.2
89,no_timeout,1,835,1.5340000000001055,13.74599999999964,1,1.2
89,no_timeout,1,836,1.1140000000000327,1.7480000000000473,0,1.2
89,no_timeout,1,837,0.19399999999995998,0.15000000000009095,0,1.2
89,no_timeout,1,838,1.6039999999998145,2.936000000000149,1,1.2
89,no_timeout,1,839,0.20600000000013097,0.29999999999972715,0,1.2
89,no_timeout,1,840,2.3760000000002037,3.6779999999998836,1,1.2
89,no_timeout,1,841,0.2519999999999527,0.12400000000025102,0,1.2
89,no_timeout,1,842,1.6520000000000437,4.505999999999858,1,1.2
89,no_timeout,1,843,1.0979999999999563,0.5940000000000509,0,1.2
89,no_timeout,1,844,0.9600000000000364,2.706000000000131,0,1.2
89,no_timeout,1,845,1.9020000000000437,2.788000000000011,1,1.2
89,no_timeout,1,846,0.05999999999994543,0.32199999999966167,0,1.2
89,no_timeout,1,847,0.44400000000041473,0.13799999999991996,0,1.2
89,no_timeout,1,848,0.987999999999829,0.2519999999999527,0,1.2
89,no_timeout,1,849,1.0760000000000218,1.4380000000001019,0,1.2
89,no_timeout,1,850,0.2319999999999709,0.13000000000010914,0,1.2
89,no_timeout,1,851,1.8099999999999454,3.286000000000058,1,1.2
89,no_timeout,1,852,2.61200000000008,3.2619999999997162,1,1.2
89,no_timeout,1,853,3.3479999999999563,4.644000000000233,1,1.2
89,no_timeout,1,854,1.5340000000001055,4.601999999999862,1,1.2
89,no_timeout,1,855,0.3579999999997199,0.30600000000004,0,1.2
89,no_timeout,1,856,0.6220000000002983,1.349999999999909,0,1.2
89,no_timeout,1,857,0.1639999999997599,2.018000000000029,0,1.2
89,no_timeout,1,858,0.5100000000002183,0.27999999999974534,0,1.2
89,no_timeout,1,859,1.2020000000002256,3.155999999999949,1,1.2
89,no_timeout,1,860,0.38400000000001455,0.2980000000002292,0,1.2
89,no_timeout,1,861,2.3899999999998727,2.576000000000022,1,1.2
89,no_timeout,1,862,5.529999999999745,3.150000000000091,1,1.2
89,no_timeout,1,863,0.15999999999985448,0.2960000000002765,0,1.2
89,no_timeout,1,864,2.036000000000058,5.293999999999869,1,1.2
89,no_timeout,1,865,2.0540000000000873,2.9200000000000728,1,1.2
89,no_timeout,1,866,1.5919999999996435,5.182000000000244,1,1.2
89,no_timeout,1,867,0.2860000000000582,2.2359999999998763,0,1.2
89,no_timeout,1,868,0.5619999999998981,0.42399999999997817,0,1.2
89,no_timeout,1,869,0.39600000000018554,1.5579999999999927,0,1.2
89,no_timeout,1,870,2.6159999999999854,4.11200000000008,1,1.2
89,no_timeout,1,871,0.17799999999988358,0.30600000000004,0,1.2
89,no_timeout,1,872,1.0219999999999345,67.83399999999983,0,1.2
89,no_timeout,1,873,1.1280000000001564,3.594000000000051,0,1.2
89,no_timeout,1,874,0.5239999999998872,64.44200000000001,0,1.2
89,no_timeout,1,875,0.06199999999989814,385.1080000000002,0,1.2
89,no_timeout,1,876,0.2300000000000182,1.6100000000001273,0,1.2
89,no_timeout,1,877,0.4739999999997053,0.2980000000002292,0,1.2
89,no_timeout,1,878,1.1399999999998727,2.14200000000028,0,1.2
89,no_timeout,1,879,1.7699999999999818,3.1159999999999854,1,1.2
89,no_timeout,1,880,0.7239999999997053,0.5920000000000982,0,1.2
89,no_timeout,1,881,1.2919999999999163,3.9859999999998763,1,1.2
89,no_timeout,1,882,1.9100000000003092,3.1399999999998727,1,1.2
89,no_timeout,1,883,1.0599999999999454,0.09999999999990905,0,1.2
89,no_timeout,1,884,1.1460000000001855,1.1979999999998654,0,1.2
89,no_timeout,1,885,1.731999999999971,3.430000000000291,1,1.2
89,no_timeout,1,886,2.105999999999767,4.526000000000295,1,1.2
89,no_timeout,1,887,0.9819999999999709,0.4179999999996653,0,1.2
89,no_timeout,1,888,0.6539999999999964,2.30600000000004,0,1.2
89,no_timeout,1,889,1.6260000000002037,3.286000000000058,1,1.2
89,no_timeout,1,890,0.6619999999998072,0.7460000000000946,0,1.2
89,no_timeout,1,891,1.0160000000000764,2.1720000000000255,0,1.2
89,no_timeout,1,892,1.9400000000000546,2.7859999999996035,1,1.2
89,no_timeout,1,893,1.4480000000003201,2.9659999999998945,1,1.2
89,no_timeout,1,894,1.6179999999999382,0.11000000000012733,1,1.2
89,no_timeout,1,895,0.12800000000015643,4.6159999999999854,0,1.2
89,no_timeout,1,896,2.0599999999999454,3.923999999999978,1,1.2
89,no_timeout,1,897,0.2159999999998945,1.5039999999999054,0,1.2
89,no_timeout,1,898,2.650000000000091,3.9899999999997817,1,1.2
89,no_timeout,1,899,1.606000000000222,3.217999999999847,1,1.2
89,no_timeout,1,900,1.5540000000000873,4.545999999999822,1,1.2
89,no_timeout,1,901,0.6700000000000728,0.20400000000017826,0,1.2
89,no_timeout,1,902,2.2100000000000364,3.574000000000069,1,1.2
89,no_timeout,1,903,4.483999999999924,4.233999999999924,1,1.2
89,no_timeout,1,904,1.4639999999999418,4.63799999999992,1,1.2
89,no_timeout,1,905,1.0620000000003529,1.3959999999997308,0,1.2
89,no_timeout,1,906,0.068000000000211,,0,1.2
89,no_timeout,2,1,0.10999999999999943,0.06200000000000472,0,1.2
89,no_timeout,2,2,0.2560000000000002,1.0859999999999985,0,1.2
89,no_timeout,2,3,0.740000000000002,0.1559999999999988,0,1.2
89,no_timeout,2,4,0.04200000000000159,0.7239999999999966,0,1.2
89,no_timeout,2,5,0.24600000000000222,0.16599999999999682,0,1.2
89,no_timeout,2,6,0.8780000000000001,0.38400000000000034,0,1.2
89,no_timeout,2,7,0.2959999999999994,0.3400000000000034,0,1.2
89,no_timeout,2,8,1.2399999999999949,0.19400000000000261,1,1.2
89,no_timeout,2,9,0.060000000000002274,1.783999999999999,0,1.2
89,no_timeout,2,10,2.2759999999999962,0.16200000000000614,1,1.2
89,no_timeout,2,11,0.047999999999994714,1.0940000000000012,0,1.2
89,no_timeout,2,12,1.9540000000000006,0.027999999999998693,1,1.2
89,no_timeout,2,13,0.30799999999999983,2.2719999999999985,0,1.2
89,no_timeout,2,14,0.5560000000000045,0.06799999999999784,0,1.2
89,no_timeout,2,15,0.3860000000000028,0.02199999999999136,0,1.2
89,no_timeout,2,16,1.4220000000000113,0.09399999999999409,1,1.2
89,no_timeout,2,17,0.04399999999999693,1.5679999999999978,0,1.2
89,no_timeout,2,18,1.2800000000000011,0.056000000000011596,1,1.2
89,no_timeout,2,19,1.093999999999994,0.06799999999999784,0,1.2
89,no_timeout,2,20,0.11200000000000898,0.4679999999999893,0,1.2
89,no_timeout,2,21,1.176000000000002,0.2879999999999967,0,1.2
89,no_timeout,2,22,0.038000000000010914,0.11399999999999011,0,1.2
89,no_timeout,2,23,2.510000000000005,0.08199999999999363,1,1.2
89,no_timeout,2,24,0.09799999999999898,2.828000000000003,0,1.2
89,no_timeout,2,25,0.37400000000000944,0.11599999999999966,0,1.2
89,no_timeout,2,26,1.6699999999999875,2.5020000000000095,1,1.2
89,no_timeout,2,27,0.20999999999999375,0.16400000000000148,0,1.2
89,no_timeout,2,28,0.9519999999999982,0.10000000000000853,0,1.2
89,no_timeout,2,29,0.03999999999999204,0.08800000000000807,0,1.2
89,no_timeout,2,30,0.0519999999999925,0.19200000000000728,0,1.2
89,no_timeout,2,31,0.3439999999999941,1.3900000000000006,0,1.2
89,no_timeout,2,32,1.293999999999997,0.16400000000000148,1,1.2
89,no_timeout,2,33,0.055999999999997385,2.3020000000000067,0,1.2
89,no_timeout,2,34,1.2000000000000028,0.06799999999999784,0,1.2
89,no_timeout,2,35,0.24399999999999977,2.1700000000000017,0,1.2
89,no_timeout,2,36,1.573999999999998,0.07200000000000273,1,1.2
89,no_timeout,2,37,0.07799999999998875,2.1159999999999997,0,1.2
89,no_timeout,2,38,0.9740000000000038,0.2980000000000018,0,1.2
89,no_timeout,2,39,0.04399999999999693,0.11599999999999966,0,1.2
89,no_timeout,2,40,1.3460000000000036,0.06799999999999784,1,1.2
89,no_timeout,2,41,0.17600000000000193,1.8760000000000048,0,1.2
89,no_timeout,2,42,2.2319999999999993,0.0660000000000025,1,1.2
89,no_timeout,2,43,0.1319999999999908,3.3840000000000003,0,1.2
89,no_timeout,2,44,0.7379999999999995,0.17799999999999727,0,1.2
89,no_timeout,2,45,0.8740000000000094,0.030000000000001137,0,1.2
89,no_timeout,2,46,0.3459999999999894,0.8320000000000078,0,1.2
89,no_timeout,2,47,1.3019999999999925,0.0940000000000083,1,1.2
89,no_timeout,2,48,0.1700000000000017,1.9140000000000015,0,1.2
89,no_timeout,2,49,1.8379999999999939,2.165999999999997,1,1.2
89,no_timeout,2,50,1.038000000000011,0.16199999999999193,0,1.2
89,no_timeout,2,51,0.5360000000000014,0.0759999999999934,0,1.2
89,no_timeout,2,52,0.2360000000000042,0.07800000000000296,0,1.2
89,no_timeout,2,53,1.0,1.617999999999995,0,1.2
89,no_timeout,2,54,0.45600000000000307,0.14799999999999613,0,1.2
89,no_timeout,2,55,0.6840000000000117,0.031999999999996476,0,1.2
89,no_timeout,2,56,0.43200000000000216,0.8559999999999945,0,1.2
89,no_timeout,2,57,1.2000000000000028,2.3359999999999843,0,1.2
89,no_timeout,2,58,0.3120000000000118,0.038000000000010914,0,1.2
89,no_timeout,2,59,1.3959999999999866,0.08600000000001273,1,1.2
89,no_timeout,2,60,0.10800000000000409,1.947999999999979,0,1.2
89,no_timeout,2,61,0.8859999999999957,0.05000000000001137,0,1.2
89,no_timeout,2,62,0.08199999999999363,0.20199999999999818,0,1.2
89,no_timeout,2,63,0.9200000000000159,0.060000000000002274,0,1.2
89,no_timeout,2,64,1.225999999999999,0.04999999999998295,1,1.2
89,no_timeout,2,65,0.2720000000000198,3.633999999999986,0,1.2
89,no_timeout,2,66,1.774000000000001,2.6980000000000075,1,1.2
89,no_timeout,2,67,2.024000000000001,0.04999999999998295,1,1.2
89,no_timeout,2,68,0.20600000000001728,21.680000000000007,0,1.2
89,no_timeout,2,69,1.2339999999999804,12.280000000000001,1,1.2
89,no_timeout,2,70,0.6160000000000139,0.5079999999999814,0,1.2
89,no_timeout,2,71,0.5860000000000127,0.7340000000000089,0,1.2
89,no_timeout,2,72,0.9479999999999791,0.4140000000000157,0,1.2
89,no_timeout,2,73,1.186000000000007,0.12999999999999545,0,1.2
89,no_timeout,2,74,1.1539999999999964,0.799999999999983,0,1.2
89,no_timeout,2,75,1.0400000000000205,0.11400000000000432,0,1.2
89,no_timeout,2,76,0.15399999999999636,0.018000000000000682,0,1.2
89,no_timeout,2,77,0.17399999999997817,0.09000000000000341,0,1.2
89,no_timeout,2,78,0.6620000000000061,1.0860000000000127,0,1.2
89,no_timeout,2,79,1.353999999999985,2.1119999999999948,1,1.2
89,no_timeout,2,80,1.6820000000000164,3.5120000000000005,1,1.2
89,no_timeout,2,81,1.093999999999994,0.04599999999999227,0,1.2
89,no_timeout,2,82,0.057999999999992724,2.7120000000000175,0,1.2
89,no_timeout,2,83,1.3179999999999836,3.9639999999999986,1,1.2
89,no_timeout,2,84,0.26400000000001,0.10400000000001342,0,1.2
89,no_timeout,2,85,1.078000000000003,1.0619999999999834,0,1.2
89,no_timeout,2,86,0.4420000000000073,0.15000000000000568,0,1.2
89,no_timeout,2,87,1.4519999999999982,2.7620000000000005,1,1.2
89,no_timeout,2,88,2.906000000000006,11.47399999999999,1,1.2
89,no_timeout,2,89,0.936000000000007,1.0480000000000018,0,1.2
89,no_timeout,2,90,0.060000000000002274,0.1839999999999975,0,1.2
89,no_timeout,2,91,0.06399999999999295,30.77000000000001,0,1.2
89,no_timeout,2,92,0.40399999999999636,0.04800000000000182,0,1.2
89,no_timeout,2,93,0.2799999999999727,0.036000000000001364,0,1.2
89,no_timeout,2,94,0.910000000000025,21.204000000000008,0,1.2
89,no_timeout,2,95,1.6299999999999955,4.038000000000011,1,1.2
89,no_timeout,2,96,1.617999999999995,6.0779999999999745,1,1.2
89,no_timeout,2,97,1.1800000000000068,2.165999999999997,0,1.2
89,no_timeout,2,98,0.3059999999999832,0.07400000000001228,0,1.2
89,no_timeout,2,99,0.1279999999999859,0.4000000000000341,0,1.2
89,no_timeout,2,100,1.141999999999996,0.08199999999999363,0,1.2
89,no_timeout,2,101,0.27600000000001046,0.08999999999997499,0,1.2
89,no_timeout,2,102,0.3760000000000332,0.10199999999997544,0,1.2
89,no_timeout,2,103,0.07600000000002183,0.6139999999999759,0,1.2
89,no_timeout,2,104,1.5980000000000132,5.625999999999976,1,1.2
89,no_timeout,2,105,2.4680000000000177,14.351999999999975,1,1.2
89,no_timeout,2,106,1.1539999999999964,0.1220000000000141,0,1.2
89,no_timeout,2,107,0.8720000000000141,1.4039999999999964,0,1.2
89,no_timeout,2,108,0.8199999999999932,1.3199999999999932,0,1.2
89,no_timeout,2,109,1.2060000000000173,3.6820000000000164,1,1.2
89,no_timeout,2,110,1.7019999999999982,0.04800000000000182,1,1.2
89,no_timeout,2,111,0.11199999999996635,3.3460000000000036,0,1.2
89,no_timeout,2,112,1.0160000000000196,0.6259999999999764,0,1.2
89,no_timeout,2,113,0.6800000000000068,0.055999999999983174,0,1.2
89,no_timeout,2,114,0.8400000000000318,0.09399999999999409,0,1.2
89,no_timeout,2,115,2.009999999999991,3.451999999999998,1,1.2
89,no_timeout,2,116,2.1779999999999973,9.922000000000025,1,1.2
89,no_timeout,2,117,1.9359999999999786,5.646000000000015,1,1.2
89,no_timeout,2,118,1.0500000000000114,1.1119999999999663,0,1.2
89,no_timeout,2,119,0.9940000000000282,0.5860000000000127,0,1.2
89,no_timeout,2,120,1.9899999999999523,3.4420000000000073,1,1.2
89,no_timeout,2,121,1.3600000000000136,0.04800000000000182,1,1.2
89,no_timeout,2,122,0.21199999999998909,2.725999999999999,0,1.2
89,no_timeout,2,123,0.25600000000002865,0.08199999999999363,0,1.2
89,no_timeout,2,124,2.7040000000000077,1.7559999999999718,1,1.2
89,no_timeout,2,125,1.552000000000021,1.947999999999979,1,1.2
89,no_timeout,2,126,2.2560000000000286,2.5960000000000036,1,1.2
89,no_timeout,2,127,0.07399999999995543,0.03400000000004866,0,1.2
89,no_timeout,2,128,1.839999999999975,3.555999999999983,1,1.2
89,no_timeout,2,129,2.211999999999989,3.854000000000042,1,1.2
89,no_timeout,2,130,1.4879999999999995,2.4039999999999964,1,1.2
89,no_timeout,2,131,2.94399999999996,2.26400000000001,1,1.2
89,no_timeout,2,132,2.2060000000000173,3.8140000000000214,1,1.2
89,no_timeout,2,133,2.745999999999981,9.77800000000002,1,1.2
89,no_timeout,2,134,1.2939999999999827,4.627999999999986,1,1.2
89,no_timeout,2,135,1.1879999999999882,0.9720000000000368,0,1.2
89,no_timeout,2,136,1.0219999999999914,0.47800000000000864,0,1.2
89,no_timeout,2,137,0.367999999999995,0.5260000000000105,0,1.2
89,no_timeout,2,138,0.09600000000000364,0.09600000000000364,0,1.2
89,no_timeout,2,139,0.94399999999996,1.420000000000016,0,1.2
89,no_timeout,2,140,0.6700000000000159,0.1560000000000059,0,1.2
89,no_timeout,2,141,0.69399999999996,2.024000000000001,0,1.2
89,no_timeout,2,142,1.4560000000000173,4.949999999999989,1,1.2
89,no_timeout,2,143,2.4080000000000155,3.3220000000000027,1,1.2
89,no_timeout,2,144,1.433999999999969,5.184000000000026,1,1.2
89,no_timeout,2,145,1.2180000000000177,4.305999999999983,1,1.2
89,no_timeout,2,146,0.9540000000000077,1.1299999999999955,0,1.2
89,no_timeout,2,147,1.632000000000005,3.099999999999966,1,1.2
89,no_timeout,2,148,0.6080000000000041,0.06400000000002137,0,1.2
89,no_timeout,2,149,1.47199999999998,0.10400000000004184,1,1.2
89,no_timeout,2,150,0.1339999999999577,3.3240000000000123,0,1.2
89,no_timeout,2,151,0.49200000000001864,0.2899999999999636,0,1.2
89,no_timeout,2,152,1.9159999999999968,6.212000000000046,1,1.2
89,no_timeout,2,153,2.1959999999999695,4.911999999999978,1,1.2
89,no_timeout,2,154,2.796000000000049,9.600000000000023,1,1.2
89,no_timeout,2,155,0.8940000000000055,28.347999999999956,0,1.2
89,no_timeout,2,156,1.1019999999999754,0.36400000000003274,0,1.2
89,no_timeout,2,157,0.42799999999999727,0.13400000000001455,0,1.2
89,no_timeout,2,158,0.05599999999992633,0.15800000000001546,0,1.2
89,no_timeout,2,159,1.052000000000021,0.17399999999997817,0,1.2
89,no_timeout,2,160,0.636000000000081,0.2999999999999545,0,1.2
89,no_timeout,2,161,0.7340000000000373,0.038000000000010914,0,1.2
89,no_timeout,2,162,1.4099999999999682,2.826000000000022,1,1.2
89,no_timeout,2,163,1.3559999999999945,0.029999999999972715,1,1.2
89,no_timeout,2,164,0.2340000000000373,4.197999999999979,0,1.2
89,no_timeout,2,165,1.3700000000000045,4.361999999999966,1,1.2
89,no_timeout,2,166,1.5499999999999545,4.086000000000013,1,1.2
89,no_timeout,2,167,0.8120000000000118,0.8039999999999736,0,1.2
89,no_timeout,2,168,1.3260000000000218,0.3020000000000209,1,1.2
89,no_timeout,2,169,0.05000000000006821,2.297999999999888,0,1.2
89,no_timeout,2,170,1.3280000000000882,3.2439999999999145,1,1.2
89,no_timeout,2,171,0.2760000000000673,0.08600000000001273,0,1.2
89,no_timeout,2,172,1.4879999999999427,3.3980000000000246,1,1.2
89,no_timeout,2,173,2.7060000000000173,3.701999999999998,1,1.2
89,no_timeout,2,174,1.947999999999979,2.82000000000005,1,1.2
89,no_timeout,2,175,2.8519999999999754,4.009999999999991,1,1.2
89,no_timeout,2,176,2.090000000000032,5.919999999999959,1,1.2
89,no_timeout,2,177,0.14800000000002456,0.10599999999999454,0,1.2
89,no_timeout,2,178,0.6899999999999409,0.37999999999999545,0,1.2
89,no_timeout,2,179,1.26400000000001,4.490000000000009,1,1.2
89,no_timeout,2,180,0.33199999999999363,0.11200000000008004,0,1.2
89,no_timeout,2,181,1.2839999999999918,3.9420000000000073,1,1.2
89,no_timeout,2,182,1.717999999999961,4.413999999999987,1,1.2
89,no_timeout,2,183,0.7839999999999918,0.17600000000004457,0,1.2
89,no_timeout,2,184,1.717999999999961,2.8419999999999845,1,1.2
89,no_timeout,2,185,2.132000000000062,4.754000000000019,1,1.2
89,no_timeout,2,186,1.141999999999939,1.44399999999996,0,1.2
89,no_timeout,2,187,1.6160000000000991,3.4179999999998927,1,1.2
89,no_timeout,2,188,1.9740000000000464,2.6520000000000437,1,1.2
89,no_timeout,2,189,4.1440000000000055,3.3899999999999864,1,1.2
89,no_timeout,2,190,2.0019999999999527,3.475999999999999,1,1.2
89,no_timeout,2,191,0.5120000000000573,0.041999999999916326,0,1.2
89,no_timeout,2,192,2.1480000000000246,3.4680000000000746,1,1.2
89,no_timeout,2,193,2.5299999999999727,4.67999999999995,1,1.2
89,no_timeout,2,194,1.0679999999999836,1.54200000000003,0,1.2
89,no_timeout,2,195,2.1440000000000055,4.42999999999995,1,1.2
89,no_timeout,2,196,0.18600000000003547,0.4680000000000746,0,1.2
89,no_timeout,2,197,2.37399999999991,4.004000000000019,1,1.2
89,no_timeout,2,198,0.2860000000000582,0.22199999999998,0,1.2
89,no_timeout,2,199,2.2799999999999727,4.231999999999971,1,1.2
89,no_timeout,2,200,1.6000000000000227,3.52800000000002,1,1.2
89,no_timeout,2,201,2.466000000000008,3.3479999999999563,1,1.2
89,no_timeout,2,202,3.173999999999978,4.05600000000004,1,1.2
89,no_timeout,2,203,0.73599999999999,0.016000000000076398,0,1.2
89,no_timeout,2,204,3.9279999999999973,4.573999999999955,1,1.2
89,no_timeout,2,205,1.5399999999999636,4.004000000000019,1,1.2
89,no_timeout,2,206,0.2659999999999627,0.17400000000009186,0,1.2
89,no_timeout,2,207,1.1899999999999409,40.936000000000035,0,1.2
89,no_timeout,2,208,1.7440000000000282,3.048000000000002,1,1.2
89,no_timeout,2,209,2.0839999999999463,2.312000000000012,1,1.2
89,no_timeout,2,210,1.2019999999999982,2.7759999999999536,1,1.2
89,no_timeout,2,211,1.7720000000000482,3.2859999999999445,1,1.2
89,no_timeout,2,212,0.9880000000000564,0.27800000000002,0,1.2
89,no_timeout,2,213,0.3120000000000118,0.9799999999999045,0,1.2
89,no_timeout,2,214,0.25,0.12000000000000455,0,1.2
89,no_timeout,2,215,1.27800000000002,2.800000000000068,1,1.2
89,no_timeout,2,216,1.9799999999999045,5.842000000000098,1,1.2
89,no_timeout,2,217,0.23599999999999,0.31799999999998363,0,1.2
89,no_timeout,2,218,0.14199999999993906,43.85400000000004,0,1.2
89,no_timeout,2,219,0.2039999999999509,0.42000000000007276,0,1.2
89,no_timeout,2,220,1.1899999999999409,4.078000000000088,0,1.2
89,no_timeout,2,221,1.3619999999999663,2.8199999999999363,1,1.2
89,no_timeout,2,222,1.5600000000000591,2.6380000000000337,1,1.2
89,no_timeout,2,223,3.3220000000000027,2.731999999999971,1,1.2
89,no_timeout,2,224,1.9660000000000082,3.217999999999961,1,1.2
89,no_timeout,2,225,2.01400000000001,3.046000000000049,1,1.2
89,no_timeout,2,226,1.0319999999999254,0.4819999999999709,0,1.2
89,no_timeout,2,227,0.7360000000001037,1.23599999999999,0,1.2
89,no_timeout,2,228,1.1639999999999873,0.32200000000000273,0,1.2
89,no_timeout,2,229,0.2939999999999827,0.5480000000000018,0,1.2
89,no_timeout,2,230,1.4600000000000364,2.661999999999921,1,1.2
89,no_timeout,2,231,2.562000000000012,3.768000000000029,1,1.2
89,no_timeout,2,232,1.3360000000000127,4.661999999999921,1,1.2
89,no_timeout,2,233,1.1900000000000546,1.594000000000051,0,1.2
89,no_timeout,2,234,2.25,0.07599999999990814,1,1.2
89,no_timeout,2,235,0.2820000000000391,3.244000000000028,0,1.2
89,no_timeout,2,236,0.9639999999999418,0.16800000000000637,0,1.2
89,no_timeout,2,237,1.0220000000000482,0.1999999999999318,0,1.2
89,no_timeout,2,238,0.6440000000000055,1.1280000000000427,0,1.2
89,no_timeout,2,239,1.0019999999999527,0.10400000000004184,0,1.2
89,no_timeout,2,240,1.433999999999969,1.886000000000081,1,1.2
89,no_timeout,2,241,0.2659999999999627,0.35799999999994725,0,1.2
89,no_timeout,2,242,1.4600000000000364,10.0,1,1.2
89,no_timeout,2,243,0.37800000000004275,0.14999999999997726,0,1.2
89,no_timeout,2,244,1.6340000000000146,3.1340000000000146,1,1.2
89,no_timeout,2,245,2.3559999999999945,4.17999999999995,1,1.2
89,no_timeout,2,246,2.2899999999999636,0.07200000000000273,1,1.2
89,no_timeout,2,247,0.42600000000004457,2.854000000000042,0,1.2
89,no_timeout,2,248,1.9039999999999964,4.713999999999942,1,1.2
89,no_timeout,2,249,0.8100000000000591,0.11399999999991905,0,1.2
89,no_timeout,2,250,1.2800000000000864,4.668000000000006,1,1.2
89,no_timeout,2,251,2.0539999999999736,6.442000000000007,1,1.2
89,no_timeout,2,252,2.4279999999999973,90.97799999999995,1,1.2
89,no_timeout,2,253,0.9819999999999709,3.3079999999999927,0,1.2
89,no_timeout,2,254,0.8079999999999927,1.1259999999999764,0,1.2
89,no_timeout,2,255,0.9360000000001492,0.32799999999997453,0,1.2
89,no_timeout,2,256,0.13999999999987267,0.22400000000016007,0,1.2
89,no_timeout,2,257,0.05999999999994543,0.11999999999989086,0,1.2
89,no_timeout,2,258,1.490000000000009,3.0960000000000036,1,1.2
89,no_timeout,2,259,1.5240000000001146,3.1679999999998927,1,1.2
89,no_timeout,2,260,1.5760000000000218,2.453999999999951,1,1.2
89,no_timeout,2,261,2.2360000000001037,3.3859999999999673,1,1.2
89,no_timeout,2,262,2.2180000000000746,3.6359999999999673,1,1.2
89,no_timeout,2,263,3.438000000000102,4.959999999999809,1,1.2
89,no_timeout,2,264,1.7799999999999727,4.300000000000182,1,1.2
89,no_timeout,2,265,1.3179999999999836,3.3899999999998727,1,1.2
89,no_timeout,2,266,2.186000000000149,0.038000000000010914,1,1.2
89,no_timeout,2,267,0.9839999999999236,4.475999999999885,0,1.2
89,no_timeout,2,268,4.032000000000153,7.135999999999967,1,1.2
89,no_timeout,2,269,4.341999999999871,4.266000000000076,1,1.2
89,no_timeout,2,270,1.9780000000000655,4.5499999999999545,1,1.2
89,no_timeout,2,271,0.33400000000006,0.1959999999999127,0,1.2
89,no_timeout,2,272,1.211999999999989,5.91599999999994,1,1.2
89,no_timeout,2,273,2.3920000000000528,8.942000000000007,1,1.2
89,no_timeout,2,274,1.231999999999971,0.13400000000001455,1,1.2
89,no_timeout,2,275,0.40200000000004366,9.281999999999925,0,1.2
89,no_timeout,2,276,1.7460000000000946,5.152000000000044,1,1.2
89,no_timeout,2,277,0.8039999999998599,0.4980000000000473,0,1.2
89,no_timeout,2,278,1.2860000000000582,3.4680000000000746,1,1.2
89,no_timeout,2,279,3.5239999999998872,14.299999999999955,1,1.2
89,no_timeout,2,280,1.0960000000000036,1.066000000000031,0,1.2
89,no_timeout,2,281,1.1300000000001091,1.3840000000000146,0,1.2
89,no_timeout,2,282,1.77800000000002,3.6399999999998727,1,1.2
89,no_timeout,2,283,1.5960000000000036,3.3940000000000055,1,1.2
89,no_timeout,2,284,2.7380000000000564,176.48399999999992,1,1.2
89,no_timeout,2,285,0.6220000000000709,0.4980000000000473,0,1.2
89,no_timeout,2,286,1.0019999999999527,0.8640000000000327,0,1.2
89,no_timeout,2,287,1.0319999999999254,0.6340000000000146,0,1.2
89,no_timeout,2,288,1.1020000000000891,1.2019999999999982,0,1.2
89,no_timeout,2,289,4.829999999999927,0.021999999999934516,1,1.2
89,no_timeout,2,290,1.5720000000001164,6.953999999999951,1,1.2
89,no_timeout,2,291,1.6499999999998636,5.718000000000075,1,1.2
89,no_timeout,2,292,1.759999999999991,7.923999999999978,1,1.2
89,no_timeout,2,293,1.3279999999999745,10.52800000000002,1,1.2
89,no_timeout,2,294,1.2699999999999818,6.754000000000133,1,1.2
89,no_timeout,2,295,0.5059999999998581,1.02800000000002,0,1.2
89,no_timeout,2,296,1.4380000000001019,8.039999999999964,1,1.2
89,no_timeout,2,297,1.2740000000001146,5.7999999999999545,1,1.2
89,no_timeout,2,298,1.655999999999949,5.991999999999962,1,1.2
89,no_timeout,2,299,2.1639999999999873,10.036000000000058,1,1.2
89,no_timeout,2,300,1.2139999999999418,4.994000000000142,1,1.2
89,no_timeout,2,301,2.009999999999991,34.92599999999993,1,1.2
89,no_timeout,2,302,1.7039999999999509,5.019999999999982,1,1.2
89,no_timeout,2,303,0.6480000000001382,0.03399999999987813,0,1.2
89,no_timeout,2,304,1.1200000000001182,2.1959999999999127,0,1.2
89,no_timeout,2,305,3.122000000000071,5.003999999999905,1,1.2
89,no_timeout,2,306,1.8520000000000891,6.586000000000013,1,1.2
89,no_timeout,2,307,1.6699999999998454,11.403999999999996,1,1.2
89,no_timeout,2,308,0.9420000000000073,0.20600000000013097,0,1.2
89,no_timeout,2,309,0.09799999999995634,2.1980000000000928,0,1.2
89,no_timeout,2,310,1.6219999999998436,5.744000000000142,1,1.2
89,no_timeout,2,311,2.5860000000000127,6.785999999999831,1,1.2
89,no_timeout,2,312,2.1820000000000164,6.182000000000016,1,1.2
89,no_timeout,2,313,2.0060000000000855,10.548000000000002,1,1.2
89,no_timeout,2,314,1.9400000000000546,141.01999999999998,1,1.2
89,no_timeout,2,315,1.27800000000002,60.097999999999956,1,1.2
89,no_timeout,2,316,1.05600000000004,0.6719999999997981,0,1.2
89,no_timeout,2,317,1.550000000000182,6.001999999999953,1,1.2
89,no_timeout,2,318,1.759999999999991,5.147999999999911,1,1.2
89,no_timeout,2,319,1.8559999999999945,6.80600000000004,1,1.2
89,no_timeout,2,320,1.80600000000004,4.324000000000069,1,1.2
89,no_timeout,2,321,1.9279999999998836,6.066000000000031,1,1.2
89,no_timeout,2,322,1.86200000000008,164.6199999999999,1,1.2
89,no_timeout,2,323,0.8719999999998436,0.21400000000039654,0,1.2
89,no_timeout,2,324,0.181999999999789,0.7640000000001237,0,1.2
89,no_timeout,2,325,1.1700000000000728,0.7059999999996762,0,1.2
89,no_timeout,2,326,1.599999999999909,4.718000000000302,1,1.2
89,no_timeout,2,327,1.849999999999909,3.7719999999999345,1,1.2
89,no_timeout,2,328,2.326000000000022,5.80600000000004,1,1.2
89,no_timeout,2,329,1.7300000000000182,5.099999999999909,1,1.2
89,no_timeout,2,330,2.242000000000189,5.891999999999825,1,1.2
89,no_timeout,2,331,1.4600000000000364,4.954000000000178,1,1.2
89,no_timeout,2,332,1.9980000000000473,576.6639999999998,1,1.2
89,no_timeout,2,333,1.0399999999999636,2.4600000000000364,0,1.2
89,no_timeout,2,334,1.4360000000001492,4.135999999999967,1,1.2
89,no_timeout,2,335,1.125999999999749,1.4500000000002728,0,1.2
89,no_timeout,2,336,1.5520000000001346,4.903999999999996,1,1.2
89,no_timeout,2,337,1.0299999999997453,0.2680000000000291,0,1.2
89,no_timeout,2,338,1.5459999999998217,3.330000000000382,1,1.2
89,no_timeout,2,339,0.32199999999966167,0.07000000000016371,0,1.2
89,no_timeout,2,340,1.5239999999998872,3.3220000000001164,1,1.2
89,no_timeout,2,341,2.1080000000001746,3.2039999999997235,1,1.2
89,no_timeout,2,342,0.6700000000000728,0.04599999999982174,0,1.2
89,no_timeout,2,343,1.5740000000000691,5.05600000000004,1,1.2
89,no_timeout,2,344,0.24000000000023647,0.15399999999999636,0,1.2
89,no_timeout,2,345,1.3820000000000618,4.417999999999665,1,1.2
89,no_timeout,2,346,1.6920000000000073,4.778000000000247,1,1.2
89,no_timeout,2,347,1.5059999999998581,4.155999999999949,1,1.2
89,no_timeout,2,348,3.088000000000193,3.867999999999938,1,1.2
89,no_timeout,2,349,1.4600000000000364,40.57999999999993,1,1.2
89,no_timeout,2,350,0.4079999999999018,0.4459999999999127,0,1.2
89,no_timeout,2,351,1.0360000000000582,1.4940000000001419,0,1.2
89,no_timeout,2,352,0.7779999999997926,2.792000000000371,0,1.2
89,no_timeout,2,353,1.449999999999818,2.91800000000012,1,1.2
89,no_timeout,2,354,3.243999999999687,2.1380000000003747,1,1.2
89,no_timeout,2,355,1.7859999999996035,2.981999999999971,1,1.2
89,no_timeout,2,356,1.80600000000004,4.9220000000000255,1,1.2
89,no_timeout,2,357,1.3140000000003056,4.139999999999873,1,1.2
89,no_timeout,2,358,1.7539999999999054,4.369999999999891,1,1.2
89,no_timeout,2,359,1.5720000000001164,5.648000000000138,1,1.2
89,no_timeout,2,360,0.625999999999749,0.14000000000032742,0,1.2
89,no_timeout,2,361,0.9919999999997344,1.7940000000003238,0,1.2
89,no_timeout,2,362,1.981999999999971,2.937999999999647,1,1.2
89,no_timeout,2,363,2.0280000000002474,6.911999999999807,1,1.2
89,no_timeout,2,364,0.5760000000000218,0.318000000000211,0,1.2
89,no_timeout,2,365,1.1859999999996944,2.8200000000001637,0,1.2
89,no_timeout,2,366,0.5619999999998981,0.026000000000294676,0,1.2
89,no_timeout,2,367,1.2339999999999236,3.7519999999999527,1,1.2
89,no_timeout,2,368,1.3640000000000327,5.117999999999938,1,1.2
89,no_timeout,2,369,1.0099999999997635,1.1000000000003638,0,1.2
89,no_timeout,2,370,1.7419999999997344,4.744000000000142,1,1.2
89,no_timeout,2,371,0.7440000000001419,0.057999999999992724,0,1.2
89,no_timeout,2,372,1.1219999999998436,1.3420000000000982,0,1.2
89,no_timeout,2,373,1.6419999999998254,3.6480000000001382,1,1.2
89,no_timeout,2,374,0.3579999999997199,0.022000000000389264,0,1.2
89,no_timeout,2,375,2.2039999999997235,90.1220000000003,1,1.2
89,no_timeout,2,376,1.4919999999997344,4.39200000000028,1,1.2
89,no_timeout,2,377,1.4399999999995998,5.378000000000156,1,1.2
89,no_timeout,2,378,1.6199999999998909,259.4880000000003,1,1.2
89,no_timeout,2,379,1.788000000000011,222.73399999999992,1,1.2
89,no_timeout,2,380,1.3159999999998035,4.405999999999949,1,1.2
89,no_timeout,2,381,1.5540000000000873,65.22200000000021,1,1.2
89,no_timeout,2,382,0.5079999999998108,0.052000000000134605,0,1.2
89,no_timeout,2,383,1.1720000000000255,3.0720000000001164,0,1.2
89,no_timeout,2,384,1.393999999999778,4.5,1,1.2
89,no_timeout,2,385,2.367999999999938,3.6599999999998545,1,1.2
89,no_timeout,2,386,2.2720000000003893,3.7919999999999163,1,1.2
89,no_timeout,2,387,1.587999999999738,4.6460000000001855,1,1.2
89,no_timeout,2,388,1.8600000000001273,3.7660000000000764,1,1.2
89,no_timeout,2,389,1.5099999999997635,6.505999999999858,1,1.2
89,no_timeout,2,390,0.9080000000003565,0.7039999999997235,0,1.2
89,no_timeout,2,391,0.8220000000001164,2.5900000000001455,0,1.2
89,no_timeout,2,392,2.031999999999698,3.874000000000251,1,1.2
89,no_timeout,2,393,1.8019999999996799,4.968000000000302,1,1.2
89,no_timeout,2,394,1.3779999999997017,6.660000000000309,1,1.2
89,no_timeout,2,395,1.8699999999998909,4.58199999999988,1,1.2
89,no_timeout,2,396,1.5640000000003056,106.6859999999997,1,1.2
89,no_timeout,2,397,1.1480000000001382,2.661999999999807,0,1.2
89,no_timeout,2,398,1.6000000000003638,839.2040000000002,1,1.2
89,no_timeout,2,399,1.1539999999995416,1.3640000000004875,0,1.2
89,no_timeout,2,400,0.9959999999991851,1.1880000000001019,0,1.2
89,no_timeout,2,401,1.7840000000005602,5.619999999999891,1,1.2
89,no_timeout,2,402,1.3079999999999927,4.989999999999782,1,1.2
89,no_timeout,2,403,1.7799999999997453,5.268000000000029,1,1.2
89,no_timeout,2,404,1.524000000000342,216.92799999999988,1,1.2
89,no_timeout,2,405,1.0100000000002183,572.5419999999995,0,1.2
89,no_timeout,2,406,1.386000000000422,124.05599999999959,1,1.2
89,no_timeout,2,407,0.7100000000000364,2.173999999999978,0,1.2
89,no_timeout,2,408,0.7899999999999636,2.118000000000393,0,1.2
89,no_timeout,2,409,1.655999999999949,3.568000000000211,1,1.2
89,no_timeout,2,410,1.337999999999738,966.2399999999998,1,1.2
89,no_timeout,2,411,1.1980000000003201,2.4200000000000728,0,1.2
89,no_timeout,2,412,1.587999999999738,345.96200000000044,1,1.2
89,no_timeout,2,413,0.24399999999968713,11.0,0,1.2
89,no_timeout,2,414,0.1720000000004802,3.5739999999996144,0,1.2
89,no_timeout,2,415,1.6040000000002692,,1,1.2
90,random,1,1,0.23799999999999955,3.5820000000000007,0,0.5
90,random,1,2,0.269999999999996,7.552,0,0.5
90,random,1,3,0.15400000000000347,4.013999999999996,0,0.5
90,random,1,4,0.3060000000000045,2.347999999999999,0,0.5
90,random,1,5,0.25,3.695999999999998,0,0.5
90,random,1,6,0.15200000000000102,3.7779999999999987,0,0.5
90,random,1,7,0.05799999999999983,0.020000000000003126,0,0.5
90,random,1,9,0.34600000000000364,0.09399999999999409,0,0.5
90,random,1,11,0.13000000000000966,5.622,0,0.5
90,random,1,12,0.6859999999999928,2.323999999999998,1,0.5
90,random,1,13,0.3260000000000076,3.191999999999993,0,0.5
90,random,1,14,1.112000000000009,2.6239999999999952,1,0.5
90,random,1,15,0.1460000000000008,4.256,0,0.5
90,random,1,16,0.33199999999999363,2.9920000000000044,0,0.5
90,random,1,17,0.07399999999999807,2.8840000000000003,0,0.5
90,random,1,18,0.6300000000000097,3.7339999999999947,1,0.5
90,random,1,19,0.382000000000005,3.853999999999999,0,0.5
90,random,1,20,0.40399999999999636,3.3319999999999936,0,0.5
90,random,1,21,0.3020000000000067,5.501999999999995,0,0.5
90,random,1,22,0.06400000000000716,7.7620000000000005,0,0.5
90,random,1,23,0.054000000000002046,5.658000000000001,0,0.5
90,random,1,24,0.3959999999999866,14.096000000000004,0,0.5
90,random,1,25,0.20599999999998886,4.6200000000000045,0,0.5
90,random,1,26,0.1640000000000157,0.057999999999992724,0,0.5
90,random,1,28,0.06799999999998363,2.77800000000002,0,0.5
90,random,1,29,0.2779999999999916,4.663999999999987,0,0.5
90,random,1,30,0.14799999999999613,3.068000000000012,0,0.5
90,random,1,31,0.13800000000000523,8.756,0,0.5
90,random,1,32,0.1939999999999884,11.490000000000009,0,0.5
90,random,1,33,0.13399999999998613,5.3300000000000125,0,0.5
90,random,1,34,0.38800000000000523,12.611999999999995,0,0.5
90,random,1,35,0.18600000000000705,9.359999999999985,0,0.5
90,random,1,36,0.20600000000001728,2.407999999999987,0,0.5
90,random,1,37,0.2560000000000002,14.075999999999993,0,0.5
90,random,1,38,0.42600000000001614,2.799999999999983,0,0.5
90,random,1,39,0.8700000000000045,2.509999999999991,1,0.5
90,random,1,40,0.5800000000000125,0.06200000000001182,1,0.5
90,random,1,41,0.28600000000000136,3.1799999999999784,0,0.5
90,random,1,42,0.950000000000017,0.7719999999999914,1,0.5
90,random,1,43,0.76400000000001,0.07800000000000296,1,0.5
90,random,1,44,0.24399999999999977,2.7920000000000016,0,0.5
90,random,1,45,0.39399999999997704,0.16200000000000614,0,0.5
90,random,1,47,0.35200000000000387,6.183999999999969,0,0.5
90,random,1,48,0.22000000000002728,3.3979999999999677,0,0.5
90,random,1,49,0.5020000000000095,0.660000000000025,1,0.5
90,random,1,50,0.3499999999999659,4.148000000000025,0,0.5
90,random,1,51,0.057999999999992724,4.232000000000028,0,0.5
90,random,1,52,0.8199999999999932,6.171999999999969,1,0.5
90,random,1,53,0.9060000000000059,3.160000000000025,1,0.5
90,random,1,54,0.3299999999999841,10.435999999999979,0,0.5
90,random,1,55,0.18600000000003547,2.6719999999999686,0,0.5
90,random,1,56,0.28000000000002956,4.3279999999999745,0,0.5
90,random,1,57,0.117999999999995,3.1680000000000064,0,0.5
90,random,1,58,0.17799999999999727,6.282000000000039,0,0.5
90,random,1,59,0.44999999999998863,6.961999999999989,0,0.5
90,random,1,60,0.057999999999992724,0.04599999999999227,0,0.5
90,random,1,62,0.8100000000000023,5.680000000000007,1,0.5
90,random,1,63,0.5380000000000109,1.7620000000000005,1,0.5
90,random,1,64,0.8179999999999836,4.153999999999996,1,0.5
90,random,1,65,1.0699999999999932,5.064000000000021,1,0.6
90,random,1,66,0.4359999999999786,2.684000000000026,0,0.6
90,random,1,67,0.23599999999999,3.4599999999999795,0,0.6
90,random,1,68,0.3380000000000223,3.089999999999975,0,0.6
90,random,1,69,0.09800000000001319,4.425999999999988,0,0.6
90,random,1,70,0.18200000000001637,0.040000000000020464,0,0.6
90,random,1,72,0.18399999999996908,26.060000000000002,0,0.6
90,random,1,73,0.34199999999998454,4.076000000000022,0,0.6
90,random,1,74,0.21199999999998909,4.096000000000004,0,0.6
90,random,1,75,0.15800000000001546,28.26400000000001,0,0.6
90,random,1,76,0.26799999999997226,6.175999999999988,0,0.6
90,random,1,77,1.122000000000014,6.73599999999999,1,0.6
90,random,1,78,0.6080000000000041,2.4820000000000277,1,0.6
90,random,1,79,0.8580000000000041,12.189999999999998,1,0.6
90,random,1,80,0.1479999999999677,2.994000000000028,0,0.7
90,random,1,81,0.09199999999998454,0.09800000000001319,0,0.7
90,random,1,83,0.1560000000000059,13.216000000000008,0,0.7
90,random,1,84,0.6959999999999695,7.108000000000004,0,0.7
90,random,1,85,0.13400000000001455,15.855999999999938,0,0.7
90,random,1,86,0.4600000000000364,3.48599999999999,0,0.7
90,random,1,87,0.22000000000002728,5.135999999999967,0,0.7
90,random,1,88,0.6600000000000819,0.14399999999989177,0,0.7
90,random,1,90,0.2960000000000491,3.8659999999999854,0,0.7
90,random,1,91,0.8580000000000609,0.21199999999998909,1,0.7
90,random,1,92,0.14999999999997726,5.155999999999949,0,0.7
90,random,1,93,0.37999999999999545,3.2280000000000655,0,0.7
90,random,1,94,0.17799999999999727,15.021999999999935,0,0.7
90,random,1,95,0.10200000000008913,4.367999999999938,0,0.7
90,random,1,96,0.36800000000005184,4.446000000000026,0,0.7
90,random,1,97,0.5239999999998872,18.04600000000005,0,0.7
90,random,1,98,0.5,6.1860000000000355,0,0.7
90,random,1,99,0.37400000000002365,3.8619999999999663,0,0.7
90,random,1,100,0.5779999999999745,4.596000000000004,0,0.7
90,random,1,101,0.33600000000001273,11.177999999999997,0,0.7
90,random,1,102,0.16399999999998727,4.358000000000061,0,0.7
90,random,1,103,0.2159999999998945,3.088000000000079,0,0.7
90,random,1,104,0.2519999999999527,3.461999999999989,0,0.7
90,random,1,105,0.026000000000067303,0.038000000000010914,0,0.7
90,random,1,107,0.2559999999999718,,0,0.7
90,random,1,108,0.5659999999999954,4.231999999999999,1,0.0
90,random,1,109,0.7540000000000049,2.6639999999999944,1,0.0
90,random,1,110,1.2660000000000053,3.902000000000001,1,0.0
90,random,1,111,1.543999999999997,0.17600000000000193,1,0.6
90,random,1,112,0.24399999999999977,3.015999999999991,0,0.6
90,random,1,113,1.132000000000005,2.716000000000008,1,0.6
90,random,1,114,0.715999999999994,3.719999999999999,1,0.6
90,random,1,115,0.41200000000000614,2.8559999999999945,0,0.6
90,random,1,116,0.32399999999999807,7.150000000000006,0,0.6
90,random,1,117,0.2680000000000007,5.3019999999999925,0,0.6
90,random,1,118,0.2879999999999967,16.068000000000012,0,0.6
90,random,1,119,0.5759999999999934,3.254000000000005,0,0.6
90,random,1,120,0.3199999999999932,4.192000000000007,0,0.6
90,random,1,121,0.8199999999999932,2.9540000000000077,1,0.6
90,random,1,122,0.9179999999999922,3.165999999999997,1,0.6
90,random,1,123,0.4300000000000068,2.9939999999999998,0,0.6
90,random,1,124,0.578000000000003,3.9740000000000038,0,0.6
90,random,1,125,0.09799999999998477,0.09999999999999432,0,0.6
90,random,1,127,0.16800000000000637,11.804000000000002,0,0.6
90,random,1,128,0.4059999999999775,8.984000000000009,0,0.6
90,random,1,129,0.5980000000000132,0.08199999999999363,0,0.6
90,random,1,131,0.4259999999999877,3.856000000000023,0,0.6
90,random,1,132,0.5559999999999832,4.150000000000006,0,0.6
90,random,1,133,0.32800000000000296,3.437999999999988,0,0.6
90,random,1,134,0.47400000000001796,9.635999999999996,0,0.6
90,random,1,135,0.6599999999999966,4.409999999999997,1,0.6
90,random,1,136,1.0840000000000032,2.451999999999998,1,0.6
90,random,1,137,0.5260000000000105,3.2879999999999825,0,0.6
90,random,1,138,0.2740000000000009,3.7060000000000173,0,0.6
90,random,1,139,0.35599999999999454,3.8799999999999955,0,0.6
90,random,1,140,0.804000000000002,2.48599999999999,1,0.6
90,random,1,141,0.4579999999999984,6.840000000000003,0,0.6
90,random,1,142,0.6280000000000143,1.8619999999999948,1,0.6
90,random,1,143,0.4959999999999809,5.702000000000027,0,0.6
90,random,1,144,0.22199999999998,10.146000000000015,0,0.6
90,random,1,145,0.2779999999999916,3.656000000000006,0,0.6
90,random,1,146,0.4420000000000073,5.153999999999996,0,0.6
90,random,1,147,0.21399999999999864,0.0619999999999834,0,0.6
90,random,1,149,0.13400000000001455,5.943999999999988,0,0.6
90,random,1,150,0.1699999999999875,3.5,0,0.6
90,random,1,151,0.17000000000001592,4.271999999999991,0,0.6
90,random,1,152,0.1560000000000059,8.295999999999992,0,0.6
90,random,1,153,0.17200000000002547,3.505999999999972,0,0.6
90,random,1,154,0.4600000000000364,18.811999999999955,0,0.6
90,random,1,155,0.9780000000000086,2.708000000000027,1,0.6
90,random,1,156,0.3159999999999741,4.018000000000029,0,0.6
90,random,1,157,1.274000000000001,7.171999999999969,1,0.6
90,random,1,158,0.6580000000000155,2.5819999999999936,1,0.6
90,random,1,159,0.20800000000002683,6.47199999999998,0,0.6
90,random,1,160,0.5160000000000196,12.425999999999988,0,0.6
90,random,1,161,0.40800000000001546,3.131999999999948,0,0.6
90,random,1,162,0.25,3.4639999999999986,0,0.6
90,random,1,163,0.9200000000000159,3.069999999999993,1,0.6
90,random,1,164,0.7880000000000109,11.963999999999999,1,0.6
90,random,1,165,0.3720000000000141,2.617999999999995,0,0.6
90,random,1,166,0.21199999999998909,9.524000000000001,0,0.6
90,random,1,167,0.08800000000002228,12.084000000000003,0,0.6
90,random,1,168,0.103999999999985,3.505999999999972,0,0.6
90,random,1,169,0.2440000000000282,7.326000000000022,0,0.6
90,random,1,170,0.5879999999999654,3.3980000000000246,0,0.6
90,random,1,171,1.9139999999999873,3.3360000000000127,1,0.6
90,random,1,172,0.3779999999999859,0.10199999999997544,0,0.6
90,random,1,174,0.7959999999999923,0.19200000000000728,1,0.6
90,random,1,175,0.029999999999972715,2.518000000000029,0,0.6
90,random,1,176,0.6699999999999591,0.22400000000004638,1,0.6
90,random,1,177,0.8919999999999959,16.579999999999984,1,0.6
90,random,1,178,0.5120000000000005,19.848000000000013,0,0.6
90,random,1,179,1.44399999999996,3.975999999999999,1,0.6
90,random,1,180,0.6240000000000236,3.990000000000009,1,0.6
90,random,1,181,1.1739999999999782,2.25,1,0.6
90,random,1,182,1.3180000000000405,2.94399999999996,1,0.7
90,random,1,183,0.8380000000000223,4.490000000000009,1,0.7
90,random,1,184,0.9339999999999691,0.09200000000004138,1,0.7
90,random,1,185,0.5639999999999645,5.888000000000034,0,0.7
90,random,1,186,1.603999999999985,2.637999999999977,1,0.8
90,random,1,187,0.9120000000000346,0.22399999999998954,1,0.8
90,random,1,188,0.43200000000001637,2.8039999999999736,0,0.8
90,random,1,189,1.4220000000000255,3.4699999999999704,1,0.8
90,random,1,190,0.19400000000001683,6.265999999999963,0,0.8
90,random,1,191,0.14400000000000546,5.009999999999991,0,0.8
90,random,1,192,0.36000000000001364,4.650000000000034,0,0.8
90,random,1,193,1.0720000000000027,2.273999999999944,1,0.8
90,random,1,194,0.32600000000002183,3.3360000000000127,0,0.8
90,random,1,195,1.32000000000005,3.173999999999978,1,0.8
90,random,1,196,0.9099999999999682,3.283999999999992,1,0.8
90,random,1,197,1.0679999999999836,4.624000000000024,1,0.8
90,random,1,198,0.2259999999999991,2.6580000000000155,0,0.9
90,random,1,199,1.3719999999999573,2.022000000000048,1,0.9
90,random,1,200,0.1999999999999318,4.032000000000039,0,0.9
90,random,1,201,0.4660000000000082,5.107999999999947,0,0.9
90,random,1,202,0.7100000000000364,4.274000000000001,0,0.9
90,random,1,203,0.4880000000000564,5.289999999999964,0,0.9
90,random,1,204,0.2279999999999518,3.9860000000001037,0,0.9
90,random,1,205,0.9199999999999591,2.1019999999999754,1,0.9
90,random,1,206,0.8859999999999673,4.758000000000038,0,0.9
90,random,1,207,0.7459999999999809,10.663999999999987,0,0.9
90,random,1,208,0.34000000000003183,2.8640000000000327,0,0.9
90,random,1,209,0.6419999999999391,0.04000000000007731,0,0.9
90,random,1,211,0.8339999999999463,3.6100000000000136,0,0.9
90,random,1,212,0.22400000000004638,11.261999999999944,0,0.9
90,random,1,213,0.6080000000000609,2.9839999999999236,0,0.9
90,random,1,214,0.27800000000002,5.152000000000044,0,0.9
90,random,1,215,0.8339999999999463,4.7280000000000655,0,0.9
90,random,1,216,0.2439999999999145,13.176000000000045,0,0.9
90,random,1,217,0.4639999999999418,5.76400000000001,0,0.9
90,random,1,218,0.34400000000005093,0.07600000000002183,0,0.9
90,random,1,220,0.6459999999999582,11.634000000000015,0,0.9
90,random,1,221,0.5860000000000127,46.94999999999993,0,0.9
90,random,1,222,0.75,2.951999999999998,0,0.9
90,random,1,223,1.1960000000000264,4.878000000000043,1,0.9
90,random,1,224,0.6440000000000055,3.524000000000001,0,0.9
90,random,1,225,0.4919999999999618,4.231999999999971,0,0.9
90,random,1,226,1.1739999999999782,5.470000000000027,1,0.9
90,random,1,227,0.6599999999999682,8.927999999999997,0,0.9
90,random,1,228,0.9519999999999982,5.9920000000000755,1,0.9
90,random,1,229,0.03199999999992542,3.5580000000001064,0,0.9
90,random,1,230,0.95799999999997,2.255999999999972,1,0.9
90,random,1,231,0.9279999999999973,5.238000000000056,1,0.9
90,random,1,232,0.37199999999995725,5.009999999999991,0,0.9
90,random,1,233,0.2960000000000491,5.7299999999999045,0,0.9
90,random,1,234,0.6580000000000155,6.518000000000029,0,0.9
90,random,1,235,1.0620000000000118,4.772000000000048,1,0.9
90,random,1,236,1.0279999999999063,2.1680000000000064,1,0.9
90,random,1,237,1.0300000000000864,4.45799999999997,1,0.9
90,random,1,238,0.2819999999999254,2.566000000000031,0,1.0
90,random,1,239,0.18000000000006366,3.863999999999919,0,1.0
90,random,1,240,0.6159999999999854,2.9880000000000564,0,1.0
90,random,1,241,1.774000000000001,0.10799999999994725,1,1.0
90,random,1,242,0.16000000000008185,4.451999999999998,0,1.0
90,random,1,243,1.2139999999999418,4.944000000000074,1,1.0
90,random,1,244,0.95799999999997,2.52800000000002,0,1.0
90,random,1,245,1.0860000000000127,3.7719999999999345,1,1.0
90,random,1,246,2.34800000000007,3.659999999999968,1,1.0
90,random,1,247,1.27800000000002,3.298000000000002,1,1.0
90,random,1,248,0.6419999999999391,3.2140000000000555,0,1.1
90,random,1,249,1.13799999999992,2.1580000000000155,1,1.1
90,random,1,250,0.17200000000002547,0.049999999999954525,0,1.1
90,random,1,252,0.8360000000000127,4.15199999999993,0,1.1
90,random,1,253,0.22000000000002728,3.2240000000000464,0,1.1
90,random,1,254,0.18799999999998818,0.3120000000000118,0,1.1
90,random,1,256,0.8520000000000891,4.083999999999946,0,1.1
90,random,1,257,0.8820000000000618,2.811999999999898,0,1.1
90,random,1,258,0.7720000000000482,5.323999999999955,0,1.1
90,random,1,259,0.9620000000001028,4.405999999999949,0,1.1
90,random,1,260,1.4940000000000282,2.519999999999982,1,1.1
90,random,1,261,1.774000000000001,4.795999999999935,1,1.1
90,random,1,262,1.5620000000000118,2.826000000000022,1,1.1
90,random,1,263,0.9880000000000564,3.88799999999992,0,1.2
90,random,1,264,1.900000000000091,1.745999999999981,1,1.2
90,random,1,265,1.0459999999999354,2.382000000000062,0,1.2
90,random,1,266,1.1960000000000264,2.94399999999996,0,1.2
90,random,1,267,1.6000000000000227,5.555999999999926,1,1.2
90,random,1,268,0.4959999999999809,15.32400000000007,0,1.2
90,random,1,269,0.4199999999999591,7.745999999999981,0,1.2
90,random,1,270,0.44800000000009277,0.057999999999992724,0,1.2
90,random,1,272,0.38600000000008095,3.961999999999989,0,1.2
90,random,1,273,0.5860000000000127,4.269999999999982,0,1.2
90,random,1,274,0.41599999999994,7.201999999999998,0,1.2
90,random,1,275,0.30600000000004,3.0120000000000573,0,1.2
90,random,1,276,0.2279999999999518,2.9420000000000073,0,1.2
90,random,1,277,0.8419999999999845,0.2680000000000291,0,1.2
90,random,1,279,0.4420000000000073,15.587999999999965,0,1.2
90,random,1,280,0.19399999999995998,17.736000000000104,0,1.2
90,random,1,281,0.7679999999999154,25.618000000000052,0,1.2
90,random,1,282,2.043999999999869,0.04800000000000182,1,1.2
90,random,1,283,0.2860000000000582,5.30600000000004,0,1.2
90,random,1,284,0.7619999999999436,4.214000000000169,0,1.2
90,random,1,285,0.5319999999999254,0.03600000000005821,0,1.2
90,random,1,287,0.5520000000001346,5.710000000000036,0,1.2
90,random,1,288,0.6159999999999854,71.77800000000002,0,1.2
90,random,1,289,1.788000000000011,11.33199999999988,1,1.2
90,random,1,290,0.33799999999996544,3.410000000000082,0,1.2
90,random,1,291,0.37200000000007094,2.7199999999998,0,1.2
90,random,1,292,0.31799999999998363,28.15800000000013,0,1.2
90,random,1,293,1.4120000000000346,4.72199999999998,1,1.2
90,random,1,294,1.5460000000000491,6.763999999999896,1,1.2
90,random,1,295,2.546000000000049,8.3599999999999,1,1.2
90,random,1,296,0.9200000000000728,3.4739999999999327,0,1.2
90,random,1,297,1.8120000000001255,13.02800000000002,1,1.2
90,random,1,298,0.34600000000000364,4.627999999999929,0,1.2
90,random,1,299,0.69399999999996,53.802000000000135,0,1.2
90,random,1,300,0.7579999999998108,4.282000000000153,0,1.2
90,random,1,301,0.9359999999999218,11.817999999999984,0,1.2
90,random,1,302,1.3140000000000782,17.152000000000044,1,1.2
90,random,1,303,0.431999999999789,3.5260000000000673,0,1.2
90,random,1,304,1.3140000000000782,3.4139999999999873,1,1.2
90,random,1,305,0.33799999999996544,13.673999999999978,0,1.2
90,random,1,306,1.1759999999999309,4.234000000000151,0,1.2
90,random,1,307,0.7960000000000491,9.487999999999829,0,1.2
90,random,1,308,0.956000000000131,4.7000000000000455,0,1.2
90,random,1,309,0.18599999999992178,3.594000000000051,0,1.2
90,random,1,310,1.4299999999998363,2.788000000000011,1,1.2
90,random,1,311,2.2660000000000764,4.317999999999984,1,1.2
90,random,1,312,1.4860000000001037,4.9099999999998545,1,1.2
90,random,1,313,1.1620000000000346,4.223999999999933,0,1.2
90,random,1,314,1.2440000000001419,4.447999999999865,1,1.2
90,random,1,315,1.11200000000008,2.425999999999931,0,1.2
90,random,1,316,1.234000000000151,2.7259999999998854,1,1.2
90,random,1,317,2.678000000000111,5.8659999999999854,1,1.2
90,random,1,318,1.211999999999989,3.591999999999871,1,1.2
90,random,1,319,1.2080000000000837,3.2639999999998963,1,1.2
90,random,1,320,0.15399999999999636,3.6660000000001673,0,1.2
90,random,1,321,0.8239999999998417,3.380000000000109,0,1.2
90,random,1,322,0.9079999999999018,4.269999999999982,0,1.2
90,random,1,323,0.8559999999999945,7.588000000000193,0,1.2
90,random,1,324,1.4559999999999036,0.17000000000007276,1,1.2
90,random,1,325,0.15399999999999636,7.30600000000004,0,1.2
90,random,1,326,0.2899999999999636,3.175999999999931,0,1.2
90,random,1,327,0.6839999999999691,3.966000000000122,0,1.2
90,random,1,328,1.3339999999998327,2.734000000000151,1,1.2
90,random,1,329,1.4539999999999509,2.05600000000004,1,1.2
90,random,1,330,3.1639999999999873,2.6359999999999673,1,1.2
90,random,1,331,1.7380000000000564,2.7239999999999327,1,1.2
90,random,1,332,0.05199999999990723,4.546000000000049,0,1.2
90,random,1,333,1.066000000000031,3.1980000000000928,0,1.2
90,random,1,334,1.1920000000000073,42.48199999999997,0,1.2
90,random,1,335,1.227999999999838,4.298000000000002,1,1.2
90,random,1,336,0.5980000000001837,3.8519999999998618,0,1.2
90,random,1,337,1.372000000000071,3.2259999999998854,1,1.2
90,random,1,338,0.818000000000211,4.017999999999802,0,1.2
90,random,1,339,0.6840000000001965,32.55599999999981,0,1.2
90,random,1,340,0.5940000000000509,3.7000000000000455,0,1.2
90,random,1,341,3.0679999999999836,2.599999999999909,1,1.2
90,random,1,342,0.23400000000015098,3.1240000000000236,0,1.2
90,random,1,343,1.1499999999998636,2.650000000000091,0,1.2
90,random,1,344,0.821999999999889,130.31600000000003,0,1.2
90,random,1,345,0.8779999999999291,28.328000000000202,0,1.2
90,random,1,346,0.571999999999889,4.153999999999996,0,1.2
90,random,1,347,1.009999999999991,2.685999999999922,0,1.2
90,random,1,348,1.55800000000022,4.75,1,1.2
90,random,1,349,1.0659999999998035,3.0579999999999927,0,1.2
90,random,1,350,0.6600000000000819,3.9760000000001128,0,1.2
90,random,1,351,1.0559999999998126,6.504000000000133,0,1.2
90,random,1,352,0.9339999999999691,3.4120000000000346,0,1.2
90,random,1,353,1.1859999999999218,9.076000000000022,0,1.2
90,random,1,354,0.39599999999995816,0.05400000000008731,0,1.2
90,random,1,356,1.262000000000171,4.935999999999922,1,1.2
90,random,1,357,1.0399999999999636,4.932000000000016,0,1.2
90,random,1,358,0.821999999999889,3.2940000000000964,0,1.2
90,random,1,359,0.8440000000000509,3.6979999999998654,0,1.2
90,random,1,360,1.0160000000000764,11.276000000000067,0,1.2
90,random,1,361,2.1579999999999018,3.8379999999999654,1,1.2
90,random,1,362,2.1140000000000327,0.75,1,1.2
90,random,1,363,0.21199999999998909,5.292000000000144,0,1.2
90,random,1,364,1.1499999999998636,2.44399999999996,0,1.2
90,random,1,365,2.461999999999989,5.626000000000204,1,1.2
90,random,1,366,1.2259999999998854,3.0879999999999654,1,1.2
90,random,1,367,0.97199999999998,4.538000000000011,0,1.2
90,random,1,368,0.9360000000001492,4.635999999999967,0,1.2
90,random,1,369,0.9679999999998472,2.97400000000016,0,1.2
90,random,1,370,0.8779999999999291,13.22199999999998,0,1.2
90,random,1,371,1.2439999999999145,4.0,1,1.2
90,random,1,372,1.4660000000001219,2.4880000000000564,1,1.2
90,random,1,373,3.0519999999999072,7.281999999999925,1,1.2
90,random,1,374,1.259999999999991,3.9620000000002165,1,1.2
90,random,1,375,1.6859999999999218,4.7719999999999345,1,1.2
90,random,1,376,1.2200000000000273,5.912000000000035,1,1.2
90,random,1,377,0.6700000000000728,3.4199999999998454,0,1.2
90,random,1,378,0.9120000000000346,26.051999999999907,0,1.2
90,random,1,379,0.5520000000001346,46.01800000000003,0,1.2
90,random,1,380,1.3619999999998527,3.1260000000002037,1,1.2
90,random,1,381,1.3199999999999363,4.597999999999956,1,1.2
90,random,1,382,1.3800000000001091,2.1579999999999018,1,1.2
90,random,1,383,2.1679999999998927,5.27800000000002,1,1.2
90,random,1,384,1.5399999999999636,2.8900000000003274,1,1.2
90,random,1,385,3.961999999999989,2.58199999999988,1,1.2
90,random,1,386,1.6619999999998072,10.579999999999927,1,1.2
90,random,1,387,0.8420000000000982,4.3960000000001855,0,1.2
90,random,1,388,1.344000000000051,2.669999999999618,1,1.2
90,random,1,389,2.1020000000003165,3.824000000000069,1,1.2
90,random,1,390,1.225999999999658,3.4160000000001673,1,1.2
90,random,1,391,2.3719999999998436,2.4880000000002838,1,1.2
90,random,1,392,1.6300000000001091,0.08399999999983265,1,1.2
90,random,1,393,0.11400000000003274,4.915999999999713,0,1.2
90,random,1,394,1.5280000000002474,2.099999999999909,1,1.2
90,random,1,395,1.7600000000002183,7.727999999999611,1,1.2
90,random,1,396,1.3720000000002983,4.244000000000142,1,1.2
90,random,1,397,0.3839999999995598,2.9320000000002437,0,1.2
90,random,1,398,0.956000000000131,5.783999999999651,0,1.2
90,random,1,399,0.7080000000000837,16.61200000000008,0,1.2
90,random,1,400,1.5720000000001164,0.2480000000000473,1,1.2
90,random,1,401,0.2539999999999054,3.9859999999998763,0,1.2
90,random,1,402,1.150000000000091,3.1480000000001382,0,1.2
90,random,1,403,1.2919999999999163,0.05999999999994543,1,1.2
90,random,1,404,0.11599999999998545,4.041999999999916,0,1.2
90,random,1,405,1.5619999999998981,3.1020000000003165,1,1.2
90,random,1,406,1.1579999999999018,0.12399999999979627,0,1.2
90,random,1,408,1.1599999999998545,16.079999999999927,0,1.2
90,random,1,409,1.106000000000222,5.179999999999836,0,1.2
90,random,1,410,0.8279999999999745,4.178000000000338,0,1.2
90,random,1,411,0.8339999999998327,0.06599999999980355,0,1.2
90,random,1,413,0.9940000000001419,101.99200000000019,0,1.2
90,random,1,414,1.05600000000004,2.643999999999778,0,1.2
90,random,1,415,1.8580000000001746,3.737999999999829,1,1.2
90,random,1,416,1.1159999999999854,2.41800000000012,0,1.2
90,random,1,417,0.8099999999999454,4.019999999999982,0,1.2
90,random,1,418,1.5279999999997926,3.838000000000193,1,1.2
90,random,1,419,1.0720000000001164,2.9739999999997053,0,1.2
90,random,1,420,1.1840000000001965,26.282000000000153,0,1.2
90,random,1,421,1.375999999999749,0.2840000000001055,1,1.2
90,random,1,422,0.06399999999985084,4.122000000000298,0,1.2
90,random,1,423,1.405999999999949,5.135999999999967,1,1.2
90,random,1,424,0.8919999999998254,3.532000000000153,0,1.2
90,random,1,425,1.3780000000001564,5.293999999999869,1,1.2
90,random,1,426,0.40200000000004366,2.80199999999968,0,1.2
90,random,1,427,0.8079999999999927,22.196000000000367,0,1.2
90,random,1,428,1.83199999999988,5.25,1,1.2
90,random,1,429,1.0079999999998108,4.856000000000222,0,1.2
90,random,1,430,1.1539999999999964,3.4279999999998836,0,1.2
90,random,1,431,1.356000000000222,3.5659999999998035,1,1.2
90,random,1,432,1.0340000000001055,2.5859999999997854,0,1.2
90,random,1,433,1.4039999999999964,3.200000000000273,1,1.2
90,random,1,434,1.6900000000000546,4.199999999999818,1,1.2
90,random,1,435,1.038000000000011,13.699999999999818,0,1.2
90,random,1,436,1.6860000000001492,3.655999999999949,1,1.2
90,random,1,437,2.619999999999891,2.3079999999999927,1,1.2
90,random,1,438,2.3020000000001346,4.566000000000258,1,1.2
90,random,1,439,1.0479999999997744,3.132000000000062,0,1.2
90,random,1,440,1.3220000000001164,2.145999999999731,1,1.2
90,random,1,441,0.8640000000000327,18.572000000000116,0,1.2
90,random,1,442,1.0479999999997744,3.0600000000004,0,1.2
90,random,1,443,1.2719999999999345,3.5779999999999745,1,1.2
90,random,1,444,1.725999999999658,2.650000000000091,1,1.2
90,random,1,445,1.91800000000012,3.2719999999999345,1,1.2
90,random,1,446,0.3160000000002583,3.3659999999999854,0,1.2
90,random,1,447,0.8119999999998981,4.230000000000018,0,1.2
90,random,1,448,0.7419999999997344,19.25400000000036,0,1.2
90,random,1,449,2.451999999999771,4.447999999999865,1,1.2
90,random,1,450,1.2400000000002365,5.635999999999967,1,1.2
90,random,1,451,1.5880000000001928,2.49599999999964,1,1.2
90,random,1,452,0.8120000000003529,3.7799999999997453,0,1.2
90,random,1,453,0.9720000000002074,15.63799999999992,0,1.2
90,random,1,454,0.8800000000001091,2.5919999999996435,0,1.2
90,random,1,455,1.1600000000003092,4.3419999999996435,0,1.2
90,random,1,456,1.5360000000000582,0.14200000000028012,1,1.2
90,random,1,457,0.06799999999975626,4.608000000000175,0,1.2
90,random,1,458,0.8640000000000327,2.6900000000000546,0,1.2
90,random,1,459,1.2339999999999236,2.9220000000000255,1,1.2
90,random,1,460,1.2660000000000764,5.6599999999998545,1,1.2
90,random,1,461,1.3159999999998035,4.876000000000204,1,1.2
90,random,1,462,1.5239999999998872,3.624000000000251,1,1.2
90,random,1,463,0.13799999999991996,2.7779999999997926,0,1.2
90,random,1,464,0.8360000000002401,5.993999999999687,0,1.2
90,random,1,465,0.3500000000003638,49.21199999999999,0,1.2
90,random,1,466,0.25,2.8099999999999454,0,1.2
90,random,1,467,1.4639999999999418,2.313999999999851,1,1.2
90,random,1,468,1.1040000000002692,39.55799999999999,0,1.2
90,random,1,469,1.4079999999999018,6.614000000000033,1,1.2
90,random,1,470,1.018000000000029,4.641999999999825,0,1.2
90,random,1,471,1.344000000000051,2.6100000000001273,1,1.2
90,random,1,472,0.6920000000000073,78.58199999999988,0,1.2
90,random,1,473,0.9740000000001601,2.6340000000000146,0,1.2
90,random,1,474,1.263999999999669,3.288000000000011,1,1.2
90,random,1,475,0.8820000000000618,4.023999999999887,0,1.2
90,random,1,476,2.0,5.468000000000302,1,1.2
90,random,1,477,1.8519999999998618,6.911999999999807,1,1.2
90,random,1,478,1.8820000000000618,2.7280000000000655,1,1.2
90,random,1,479,2.2640000000001237,5.150000000000091,1,1.2
90,random,1,480,1.768000000000029,3.30600000000004,1,1.2
90,random,1,481,2.3659999999999854,4.867999999999938,1,1.2
90,random,1,482,1.5859999999997854,4.166000000000167,1,1.2
90,random,1,483,1.155999999999949,8.070000000000164,0,1.2
90,random,1,484,0.8339999999998327,3.375999999999749,0,1.2
90,random,1,485,0.5140000000001237,29.402000000000044,0,1.2
90,random,1,486,1.8940000000002328,3.7219999999997526,1,1.2
90,random,1,487,1.788000000000011,4.514000000000124,1,1.2
90,random,1,488,1.5099999999997635,6.8520000000003165,1,1.2
90,random,1,489,1.1879999999996471,4.276000000000295,0,1.2
90,random,1,490,1.2359999999998763,0.07400000000006912,1,1.2
90,random,1,491,0.2319999999999709,4.498000000000047,0,1.2
90,random,1,492,0.650000000000091,3.467999999999847,0,1.2
90,random,1,493,1.0459999999998217,41.6840000000002,0,1.2
90,random,1,494,1.2640000000001237,4.793999999999869,1,1.2
90,random,1,495,1.6320000000000618,3.867999999999938,1,1.2
90,random,1,496,0.9519999999997708,3.1020000000003165,0,1.2
90,random,1,497,1.2539999999999054,18.626000000000204,1,1.2
90,random,1,498,0.9420000000000073,3.7899999999999636,0,1.2
90,random,1,499,1.2239999999997053,3.981999999999971,1,1.2
90,random,1,500,0.9639999999999418,9.544000000000324,0,1.2
90,random,1,501,0.5899999999996908,25.832000000000335,0,1.2
90,random,1,502,1.1059999999997672,6.2020000000002256,0,1.2
90,random,1,503,1.7280000000000655,3.369999999999891,1,1.2
90,random,1,504,0.7100000000000364,2.980000000000018,0,1.2
90,random,1,505,1.3799999999996544,3.038000000000011,1,1.2
90,random,1,506,1.162000000000262,3.8600000000001273,0,1.2
90,random,1,507,1.2279999999996107,4.186000000000149,1,1.2
90,random,1,508,0.3560000000002219,0.04599999999982174,0,1.2
90,random,1,510,0.6020000000003165,4.243999999999687,0,1.2
90,random,1,511,1.124000000000251,9.355999999999767,0,1.2
90,random,1,512,1.0140000000001237,3.58199999999988,0,1.2
90,random,1,513,2.1220000000002983,5.13799999999992,1,1.2
90,random,1,514,0.7919999999999163,3.061999999999898,0,1.2
90,random,1,515,1.3160000000002583,0.07199999999966167,1,1.2
90,random,1,516,0.21000000000003638,2.580000000000382,0,1.2
90,random,1,517,1.3859999999999673,0.36400000000003274,1,1.2
90,random,1,518,0.06599999999980355,3.186000000000149,0,1.2
90,random,1,519,1.75,3.2419999999997344,1,1.2
90,random,1,520,2.5660000000002583,3.4719999999997526,1,1.2
90,random,1,521,1.2560000000003129,4.1599999999998545,1,1.2
90,random,1,522,0.3220000000001164,10.172000000000025,0,1.2
90,random,1,523,1.66399999999976,5.733999999999924,1,1.2
90,random,1,524,0.7960000000002765,2.4359999999996944,0,1.2
90,random,1,525,1.155999999999949,3.75400000000036,0,1.2
90,random,1,526,1.2279999999996107,2.644000000000233,1,1.2
90,random,1,527,2.11200000000008,4.192000000000007,1,1.2
90,random,1,528,0.7519999999999527,4.4699999999998,0,1.2
90,random,1,529,2.0260000000002947,1.8139999999998508,1,1.2
90,random,1,530,1.4519999999997708,7.86200000000008,1,1.2
90,random,1,531,1.0920000000000982,3.2660000000000764,0,1.2
90,random,1,532,1.2559999999998581,4.786000000000058,1,1.2
90,random,1,533,1.0760000000000218,4.376000000000204,0,1.2
90,random,1,534,1.2339999999999236,1.737999999999829,1,1.2
90,random,1,535,0.6700000000000728,32.43199999999979,0,1.2
90,random,1,536,1.4100000000003092,3.4760000000001128,1,1.2
90,random,1,537,1.381999999999607,1.818000000000211,1,1.2
90,random,1,538,2.711999999999989,13.44399999999996,1,1.2
90,random,1,539,0.7220000000002074,3.8539999999998145,0,1.2
90,random,1,540,1.3820000000000618,3.41399999999976,1,1.2
90,random,1,541,0.9540000000001783,2.77599999999984,0,1.2
90,random,1,542,0.9960000000000946,2.4880000000002838,0,1.2
90,random,1,543,0.9739999999997053,19.061999999999898,0,1.2
90,random,1,544,1.5540000000000873,3.8899999999998727,1,1.2
90,random,1,545,1.1580000000003565,3.1579999999999018,0,1.2
90,random,1,546,1.4079999999999018,3.97400000000016,1,1.2
90,random,1,547,1.594000000000051,5.167999999999665,1,1.2
90,random,1,548,1.768000000000029,2.9020000000000437,1,1.2
90,random,1,549,1.0399999999999636,4.124000000000251,0,1.2
90,random,1,550,1.2619999999997162,2.5260000000002947,1,1.2
90,random,1,551,1.0839999999998327,4.932000000000244,0,1.2
90,random,1,552,1.0199999999999818,3.6959999999999127,0,1.2
90,random,1,553,1.0340000000001055,3.455999999999676,0,1.2
90,random,1,554,0.900000000000091,3.3040000000000873,0,1.2
90,random,1,555,0.9299999999998363,2.3320000000003347,0,1.2
90,random,1,556,0.8479999999999563,4.579999999999927,0,1.2
90,random,1,557,2.031999999999698,2.636000000000422,1,1.2
90,random,1,558,1.131999999999607,4.289999999999964,0,1.2
90,random,1,559,0.8940000000002328,3.8600000000001273,0,1.2
90,random,1,560,0.4099999999998545,4.403999999999996,0,1.2
90,random,1,561,1.293999999999869,2.374000000000251,1,1.2
90,random,1,562,1.8299999999999272,6.085999999999785,1,1.2
90,random,1,563,1.0579999999999927,5.2840000000001055,0,1.2
90,random,1,564,1.412000000000262,1.9239999999999782,1,1.2
90,random,1,565,4.627999999999702,2.9980000000000473,1,1.2
90,random,1,566,1.018000000000029,4.200000000000273,0,1.2
90,random,1,567,0.7959999999998217,17.945999999999913,0,1.2
90,random,1,568,0.9760000000001128,2.961999999999989,0,1.2
90,random,1,569,1.4079999999999018,0.09200000000009823,1,1.2
90,random,1,570,0.14399999999977808,0.0820000000003347,0,1.2
90,random,1,572,2.41399999999976,2.980000000000018,1,1.2
90,random,1,573,0.21800000000030195,4.333999999999833,0,1.2
90,random,1,574,1.1460000000001855,163.07400000000007,0,1.2
90,random,1,575,1.5119999999997162,7.557999999999993,1,1.2
90,random,1,576,1.7200000000002547,2.094000000000051,1,1.2
90,random,1,577,1.1959999999999127,3.257999999999811,0,1.2
90,random,1,578,0.9839999999999236,21.347999999999956,0,1.2
90,random,1,579,0.6840000000001965,3.6280000000001564,0,1.2
90,random,1,580,0.9359999999996944,3.7100000000000364,0,1.2
90,random,1,581,0.25,227.57600000000002,0,1.2
90,random,1,582,0.10400000000026921,55.991999999999734,0,1.2
90,random,1,583,1.8299999999999272,3.7519999999999527,1,1.2
90,random,1,584,1.788000000000011,3.850000000000364,1,1.2
90,random,1,585,1.281999999999698,4.88799999999992,1,1.2
90,random,1,586,1.11200000000008,21.42599999999993,0,1.2
90,random,1,587,1.5160000000005311,3.8040000000000873,1,1.2
90,random,1,588,1.2119999999995343,3.757999999999811,1,1.2
90,random,1,589,1.3260000000000218,3.800000000000182,1,1.2
90,random,1,590,1.480000000000473,4.877999999999702,1,1.2
90,random,1,591,2.300000000000182,5.539999999999964,1,1.2
90,random,1,592,2.036000000000058,5.947999999999411,1,1.2
90,random,1,593,1.1340000000000146,4.094000000000051,0,1.2
90,random,1,594,1.5120000000006257,4.639999999999418,1,1.2
90,random,1,595,1.337999999999738,4.526000000000749,1,1.2
90,random,1,596,1.731999999999971,2.7100000000000364,1,1.2
90,random,1,597,2.52599999999984,5.079999999999927,1,1.2
90,random,1,598,2.1239999999997963,1.8900000000003274,1,1.2
90,random,1,599,3.518000000000029,1.6799999999993815,1,1.2
90,random,1,600,1.1940000000004147,3.287999999999556,0,1.2
90,random,1,601,1.1820000000006985,2.963999999999942,0,1.2
90,random,1,602,0.907999999999447,3.8020000000005894,0,1.2
90,random,1,603,0.49399999999968713,4.583999999999833,0,1.2
90,random,1,604,1.8220000000001164,1.725999999999658,1,1.2
90,random,1,605,1.2360000000007858,4.563999999999396,1,1.2
90,random,1,606,1.8380000000006476,3.9099999999998545,1,1.2
90,random,1,607,1.6959999999999127,3.0799999999999272,1,1.2
90,random,1,608,1.7280000000000655,5.621999999999389,1,1.2
90,random,1,609,0.7440000000005966,3.863999999999578,0,1.2
90,random,1,610,1.1980000000003201,56.60400000000027,0,1.2
90,random,1,611,2.5799999999999272,4.804000000000087,1,1.2
90,random,1,612,1.38799999999992,3.47400000000016,1,1.2
90,random,1,613,0.9639999999999418,4.1799999999993815,0,1.2
90,random,1,614,1.5820000000003347,2.949999999999818,1,1.2
90,random,1,615,1.274000000000342,0.07399999999961437,1,1.2
90,random,1,616,0.9920000000001892,4.426000000000386,0,1.2
90,random,1,617,1.6619999999993524,3.6580000000003565,1,1.2
90,random,1,618,1.5900000000001455,20.942000000000007,1,1.2
90,random,1,619,0.9619999999995343,0.032000000000152795,0,1.2
90,random,1,621,1.6520000000000437,1.631999999999607,1,1.2
90,random,1,622,1.748000000000502,6.131999999999607,1,1.2
90,random,1,623,2.454000000000633,9.321999999999207,1,1.2
90,random,1,624,1.7260000000005675,6.655999999999949,1,1.2
90,random,1,625,1.1040000000002692,3.1979999999994106,0,1.2
90,random,1,626,0.9660000000003492,5.943999999999505,0,1.2
90,random,1,627,0.5140000000001237,262.5079999999998,0,1.2
90,random,1,628,0.592000000000553,2.63799999999992,0,1.2
90,random,1,629,0.8720000000002983,3.3040000000000873,0,1.2
90,random,1,630,0.6099999999996726,3.576000000000022,0,1.2
90,random,1,631,1.3279999999995198,2.8220000000001164,1,1.2
90,random,1,632,1.3580000000001746,2.2539999999999054,1,1.2
90,random,1,633,1.5320000000001528,1.863999999999578,1,1.2
90,random,1,634,1.022000000000844,78.85199999999986,0,1.2
90,random,1,635,1.657999999999447,4.920000000000073,1,1.2
90,random,1,636,2.092000000000553,7.289999999999964,1,1.2
90,random,1,637,0.5119999999997162,5.713999999999942,0,1.2
90,random,1,638,1.3320000000003347,2.2999999999992724,1,1.2
90,random,1,639,2.740000000000691,3.313999999999396,1,1.2
90,random,1,640,1.3720000000002983,9.423999999999978,1,1.2
90,random,1,641,1.6159999999999854,4.594000000000051,1,1.2
90,random,1,642,1.3019999999996799,,1,1.2
90,random,2,1,0.10999999999999943,4.600000000000001,0,1.2
90,random,2,2,0.22999999999999687,3.0060000000000002,0,1.2
90,random,2,3,0.17199999999999704,5.452000000000005,0,1.2
90,random,2,4,3.573999999999998,2.0760000000000005,1,1.2
90,random,2,5,1.3859999999999957,2.362000000000002,1,1.2
90,random,2,6,0.9939999999999998,2.7620000000000005,0,1.2
90,random,2,7,1.146000000000008,7.137999999999991,0,1.2
90,random,2,8,0.8960000000000008,3.4279999999999973,0,1.2
90,random,2,9,0.6360000000000099,7.402000000000001,0,1.2
90,random,2,10,0.8599999999999994,6.725999999999999,0,1.2
90,random,2,11,0.6400000000000006,10.093999999999994,0,1.2
90,random,2,12,0.7600000000000051,5.8799999999999955,0,1.2
90,random,2,13,0.9719999999999942,7.103999999999999,0,1.2
90,random,2,14,0.6200000000000045,0.09600000000000364,0,1.2
90,random,2,16,1.0379999999999967,2.632000000000005,0,1.2
90,random,2,17,1.3160000000000025,3.2719999999999914,1,1.2
90,random,2,18,1.0300000000000011,4.372000000000014,0,1.2
90,random,2,19,0.617999999999995,5.280000000000001,0,1.2
90,random,2,20,0.8979999999999961,20.21799999999999,0,1.2
90,random,2,21,1.695999999999998,0.2259999999999991,1,1.2
90,random,2,22,0.30000000000001137,4.2760000000000105,0,1.2
90,random,2,23,0.8879999999999768,2.690000000000026,0,1.2
90,random,2,24,0.9679999999999893,4.744,0,1.2
90,random,2,25,0.28999999999999204,0.07800000000000296,0,1.2
90,random,2,27,0.8460000000000036,7.650000000000006,0,1.2
90,random,2,28,0.7259999999999991,3.695999999999998,0,1.2
90,random,2,29,1.2220000000000084,0.2980000000000018,1,1.2
90,random,2,30,0.16199999999997772,2.8200000000000216,0,1.2
90,random,2,31,0.8159999999999741,6.886000000000024,0,1.2
90,random,2,32,1.0159999999999911,3.734000000000009,0,1.2
90,random,2,33,1.3220000000000027,2.5519999999999925,1,1.2
90,random,2,34,1.1680000000000064,4.9339999999999975,0,1.2
90,random,2,35,0.8779999999999859,9.506,0,1.2
90,random,2,36,2.0219999999999914,2.6380000000000052,1,1.2
90,random,2,37,0.9020000000000152,3.2779999999999916,0,1.2
90,random,2,38,0.18799999999998818,2.8540000000000134,0,1.2
90,random,2,39,0.882000000000005,3.8919999999999675,0,1.2
90,random,2,40,1.1520000000000437,9.573999999999955,0,1.2
90,random,2,41,1.7580000000000382,3.4320000000000164,1,1.2
90,random,2,42,1.2719999999999914,3.2280000000000086,1,1.2
90,random,2,43,0.6759999999999877,6.786000000000001,0,1.2
90,random,2,44,0.617999999999995,4.165999999999997,0,1.2
90,random,2,45,0.6899999999999977,4.769999999999982,0,1.2
90,random,2,46,0.3120000000000118,7.689999999999998,0,1.2
90,random,2,47,1.26400000000001,0.4420000000000073,1,1.2
90,random,2,48,0.02400000000000091,4.133999999999958,0,1.2
90,random,2,49,1.990000000000009,2.8460000000000036,1,1.2
90,random,2,50,0.9259999999999877,5.4879999999999995,0,1.2
90,random,2,51,0.5,3.4460000000000264,0,1.2
90,random,2,52,1.6440000000000055,1.7559999999999718,1,1.2
90,random,2,53,1.4980000000000473,3.099999999999966,1,1.2
90,random,2,54,0.8700000000000045,6.711999999999989,0,1.2
90,random,2,55,0.9220000000000255,5.5779999999999745,0,1.2
90,random,2,56,1.146000000000015,0.02199999999999136,0,1.2
90,random,2,58,1.8240000000000123,3.089999999999975,1,1.2
90,random,2,59,1.934000000000026,0.1479999999999677,1,1.2
90,random,2,60,2.2959999999999923,2.4460000000000264,1,1.2
90,random,2,61,1.461999999999989,4.9080000000000155,1,1.2
90,random,2,62,1.6200000000000045,2.3999999999999773,1,1.2
90,random,2,63,0.17200000000002547,2.801999999999964,0,1.2
90,random,2,64,2.1299999999999955,0.35000000000002274,1,1.2
90,random,2,65,0.13999999999998636,2.7100000000000364,0,1.2
90,random,2,66,1.7479999999999905,0.1220000000000141,1,1.2
90,random,2,67,0.37599999999997635,3.2679999999999723,0,1.2
90,random,2,68,0.910000000000025,5.2379999999999995,0,1.2
90,random,2,69,1.0980000000000132,6.901999999999987,0,1.2
90,random,2,70,1.697999999999979,1.975999999999999,1,1.2
90,random,2,71,0.2720000000000482,2.6199999999999477,0,1.2
90,random,2,72,1.8640000000000327,1.7760000000000105,1,1.2
90,random,2,73,2.4279999999999973,1.947999999999979,1,1.2
90,random,2,74,3.774000000000001,3.2200000000000273,1,1.2
90,random,2,75,2.853999999999985,0.19400000000001683,1,1.2
90,random,2,76,0.025999999999953616,4.612000000000023,0,1.2
90,random,2,77,1.3199999999999932,2.77800000000002,1,1.2
90,random,2,78,1.5179999999999723,0.04200000000003001,1,1.2
90,random,2,79,0.8559999999999945,3.9739999999999895,0,1.2
90,random,2,80,0.4479999999999791,3.0400000000000205,0,1.2
90,random,2,81,0.06200000000001182,3.97199999999998,0,1.2
90,random,2,82,1.3179999999999836,0.25,1,1.2
90,random,2,83,1.1120000000000232,3.7660000000000196,0,1.2
90,random,2,84,0.6479999999999677,12.360000000000014,0,1.2
90,random,2,85,0.8700000000000045,3.8140000000000214,0,1.2
90,random,2,86,1.4659999999999513,1.962000000000046,1,1.2
90,random,2,87,2.585999999999956,0.07400000000001228,1,1.2
90,random,2,88,1.0819999999999936,4.2660000000000196,0,1.2
90,random,2,89,2.5779999999999745,0.17000000000001592,1,1.2
90,random,2,90,0.26200000000000045,2.9180000000000064,0,1.2
90,random,2,91,0.632000000000005,5.1200000000000045,0,1.2
90,random,2,92,2.019999999999982,0.06999999999999318,1,1.2
90,random,2,93,0.26200000000000045,0.040000000000020464,0,1.2
90,random,2,95,0.35599999999999454,0.08800000000002228,0,1.2
90,random,2,97,1.6920000000000073,0.17999999999994998,1,1.2
90,random,2,98,1.1639999999999873,0.014000000000010004,0,1.2
90,random,2,100,1.7480000000000473,2.8500000000000227,1,1.2
90,random,2,101,2.991999999999962,4.703999999999951,1,1.2
90,random,2,102,1.5080000000000382,0.7559999999999718,1,1.2
90,random,2,103,0.36400000000003274,5.0639999999999645,0,1.2
90,random,2,104,1.5200000000000955,3.2919999999999163,1,1.2
90,random,2,105,1.245999999999981,0.030000000000086402,1,1.2
90,random,2,106,0.15199999999992997,9.009999999999991,0,1.2
90,random,2,107,0.8180000000000973,4.803999999999974,0,1.2
90,random,2,108,3.3220000000000027,2.3899999999999864,1,1.2
90,random,2,109,1.4639999999999418,2.150000000000091,1,1.2
90,random,2,110,0.7259999999999991,4.349999999999909,0,1.2
90,random,2,111,0.21200000000010277,11.543999999999983,0,1.2
90,random,2,112,1.447999999999979,2.425999999999931,1,1.2
90,random,2,113,1.6460000000000719,2.937999999999988,1,1.2
90,random,2,114,2.3500000000000227,2.1440000000000055,1,1.2
90,random,2,115,2.697999999999979,11.127999999999929,1,1.2
90,random,2,116,0.11200000000008004,7.836000000000013,0,1.2
90,random,2,117,1.0579999999999927,6.483999999999924,0,1.2
90,random,2,118,0.9300000000000637,14.107999999999947,0,1.2
90,random,2,119,1.975999999999999,4.364000000000033,1,1.2
90,random,2,120,2.1240000000000236,3.2759999999999536,1,1.2
90,random,2,121,1.8140000000000782,0.7779999999999063,1,1.2
90,random,2,122,0.2940000000000964,6.4659999999998945,0,1.2
90,random,2,123,3.2360000000001037,2.40199999999993,1,1.2
90,random,2,124,2.1639999999999873,0.20199999999999818,1,1.2
90,random,2,125,0.5600000000000591,2.6079999999999472,0,1.2
90,random,2,126,3.697999999999979,1.9700000000000273,1,1.2
90,random,2,127,0.8540000000000418,0.049999999999954525,0,1.2
90,random,2,129,3.8360000000000127,0.52800000000002,1,1.2
90,random,2,130,0.7999999999999545,8.365999999999985,0,1.2
90,random,2,131,1.2060000000000173,3.046000000000049,1,1.2
90,random,2,132,1.5480000000000018,0.027999999999906322,1,1.2
90,random,2,133,0.9060000000000628,5.057999999999993,0,1.2
90,random,2,134,2.1340000000000146,6.490000000000009,1,1.2
90,random,2,135,0.2379999999999427,10.09800000000007,0,1.2
90,random,2,136,1.0359999999999445,0.13400000000001455,0,1.2
90,random,2,138,0.9800000000000182,13.072000000000003,0,1.2
90,random,2,139,1.3780000000000427,2.0439999999999827,1,1.2
90,random,2,140,2.2579999999999245,2.216000000000008,1,1.2
90,random,2,141,2.7620000000000573,3.3940000000000055,1,1.2
90,random,2,142,0.9979999999999336,0.05000000000006821,0,1.2
90,random,2,144,2.302000000000021,3.494000000000028,1,1.2
90,random,2,145,1.231999999999971,2.8139999999999645,1,1.2
90,random,2,146,0.5200000000000955,4.867999999999938,0,1.2
90,random,2,147,2.211999999999989,2.802000000000021,1,1.2
90,random,2,148,1.3339999999999463,2.4400000000000546,1,1.2
90,random,2,149,0.5860000000000127,4.141999999999939,0,1.2
90,random,2,150,1.5220000000000482,0.4460000000000264,1,1.2
90,random,2,151,0.4459999999999127,8.75,0,1.2
90,random,2,152,2.6620000000000346,2.447999999999979,1,1.2
90,random,2,153,2.3600000000000136,2.59800000000007,1,1.2
90,random,2,154,2.5459999999999354,2.0919999999999845,1,1.2
90,random,2,155,1.6879999999999882,0.23200000000008458,1,1.2
90,random,2,156,0.2459999999999809,2.98599999999999,0,1.2
90,random,2,157,1.6820000000000164,2.3759999999999764,1,1.2
90,random,2,158,2.466000000000008,3.8980000000000246,1,1.2
90,random,2,159,1.975999999999999,3.669999999999959,1,1.2
90,random,2,160,0.4619999999999891,0.10599999999999454,0,1.2
90,random,2,162,1.0019999999999527,0.09800000000007003,0,1.2
90,random,2,164,1.1100000000000136,4.258000000000038,0,1.2
90,random,2,165,1.0339999999999918,33.93399999999997,0,1.2
90,random,2,166,1.3959999999999582,2.27800000000002,1,1.2
90,random,2,167,1.97199999999998,1.8140000000000782,1,1.2
90,random,2,168,0.69399999999996,0.04600000000004911,0,1.2
90,random,2,170,1.6820000000000164,1.7300000000000182,1,1.2
90,random,2,171,2.1019999999999754,2.966000000000008,1,1.2
90,random,2,172,2.57000000000005,3.5419999999999163,1,1.2
90,random,2,173,0.6940000000000737,0.08399999999994634,0,1.2
90,random,2,175,1.6639999999999873,2.3500000000000227,1,1.2
90,random,2,176,2.8659999999999854,2.683999999999969,1,1.2
90,random,2,177,2.9880000000000564,1.8439999999999372,1,1.2
90,random,2,178,2.282000000000039,3.3419999999999845,1,1.2
90,random,2,179,2.731999999999971,2.77800000000002,1,1.2
90,random,2,180,0.7680000000000291,0.041999999999916326,0,1.2
90,random,2,182,0.4639999999999418,0.026000000000067303,0,1.2
90,random,2,184,1.1460000000000719,0.11199999999996635,0,1.2
90,random,2,186,0.34000000000003183,15.340000000000032,0,1.2
90,random,2,187,1.5939999999999372,3.354000000000042,1,1.2
90,random,2,188,1.4120000000000346,2.2619999999999436,1,1.2
90,random,2,189,1.5480000000000018,3.3460000000000036,1,1.2
90,random,2,190,2.1499999999999773,2.8559999999999945,1,1.2
90,random,2,191,1.3940000000000055,3.2100000000000364,1,1.2
90,random,2,192,1.5599999999999454,2.938000000000102,1,1.2
90,random,2,193,1.6499999999998636,2.3460000000000036,1,1.2
90,random,2,194,0.8720000000000709,2.7560000000000855,0,1.2
90,random,2,195,1.2919999999999163,6.107999999999947,1,1.2
90,random,2,196,1.1480000000001382,4.192000000000007,0,1.2
90,random,2,197,1.6739999999999782,1.9420000000000073,1,1.2
90,random,2,198,1.6479999999999109,2.867999999999938,1,1.2
90,random,2,199,3.9139999999999873,2.0340000000001055,1,1.2
90,random,2,200,1.9939999999999145,10.426000000000158,1,1.2
90,random,2,201,2.5699999999999363,2.8920000000000528,1,1.2
90,random,2,202,1.1319999999998345,6.566000000000031,0,1.2
90,random,2,203,0.86200000000008,4.801999999999907,0,1.2
90,random,2,204,1.9600000000000364,3.155999999999949,1,1.2
90,random,2,205,1.9940000000001419,2.1499999999998636,1,1.2
90,random,2,206,2.7380000000000564,4.981999999999971,1,1.2
90,random,2,207,2.1520000000000437,5.153999999999996,1,1.2
90,random,2,208,2.061999999999898,4.186000000000149,1,1.2
90,random,2,209,1.3940000000000055,3.9780000000000655,1,1.2
90,random,2,210,2.201999999999998,3.293999999999869,1,1.2
90,random,2,211,1.7019999999999982,0.04800000000000182,1,1.2
90,random,2,212,0.7899999999999636,4.536000000000058,0,1.2
90,random,2,213,2.55600000000004,5.864000000000033,1,1.2
90,random,2,214,0.8919999999998254,5.066000000000031,0,1.2
90,random,2,215,1.3520000000000891,2.288000000000011,1,1.2
90,random,2,216,3.1800000000000637,3.3759999999999764,1,1.2
90,random,2,217,1.9600000000000364,3.8819999999998345,1,1.2
90,random,2,218,2.2180000000000746,0.9259999999999309,1,1.2
90,random,2,219,0.22800000000006548,2.650000000000091,0,1.2
90,random,2,220,1.9179999999998927,3.951999999999998,1,1.2
90,random,2,221,1.7439999999999145,0.37200000000007094,1,1.2
90,random,2,222,0.7100000000000364,3.814000000000078,0,1.2
90,random,2,223,1.8840000000000146,2.285999999999831,1,1.2
90,random,2,224,1.8840000000000146,2.83400000000006,1,1.2
90,random,2,225,1.2699999999999818,0.2799999999999727,1,1.2
90,random,2,226,0.6340000000000146,2.8659999999999854,0,1.2
90,random,2,227,1.2460000000000946,2.88799999999992,1,1.2
90,random,2,228,1.3420000000000982,5.257999999999811,1,1.2
90,random,2,229,0.42800000000011096,4.178000000000111,0,1.2
90,random,2,230,0.09599999999977626,9.414000000000215,0,1.2
90,random,2,231,1.5480000000000018,3.6519999999998163,1,1.2
90,random,2,232,1.490000000000009,2.9400000000000546,1,1.2
90,random,2,233,1.9700000000000273,3.1959999999999127,1,1.2
90,random,2,234,1.9920000000001892,2.3799999999998818,1,1.2
90,random,2,235,3.1579999999999018,3.188000000000102,1,1.2
90,random,2,236,1.5679999999999836,3.0599999999999454,1,1.2
90,random,2,237,2.3020000000001346,4.473999999999933,1,1.2
90,random,2,238,1.8099999999999454,0.10599999999999454,1,1.2
90,random,2,239,0.16200000000003456,3.910000000000082,0,1.2
90,random,2,240,1.4359999999999218,3.3559999999999945,1,1.2
90,random,2,241,0.6079999999999472,4.598000000000184,0,1.2
90,random,2,242,0.6879999999998745,20.41800000000012,0,1.2
90,random,2,243,1.7980000000000018,3.3519999999998618,1,1.2
90,random,2,244,2.316000000000031,3.7660000000000764,1,1.2
90,random,2,245,1.2819999999999254,2.7059999999999036,1,1.2
90,random,2,246,1.5620000000001255,5.160000000000082,1,1.2
90,random,2,247,1.2559999999998581,4.052000000000135,1,1.2
90,random,2,248,1.5499999999999545,3.604000000000042,1,1.2
90,random,2,249,1.4179999999998927,5.3659999999999854,1,1.2
90,random,2,250,1.7380000000000564,2.9279999999998836,1,1.2
90,random,2,251,1.6740000000002055,4.397999999999911,1,1.2
90,random,2,252,1.538000000000011,3.519999999999982,1,1.2
90,random,2,253,1.7860000000000582,10.211999999999989,1,1.2
90,random,2,254,1.5679999999999836,4.175999999999931,1,1.2
90,random,2,255,1.4960000000000946,2.6340000000000146,1,1.2
90,random,2,256,1.459999999999809,2.992000000000189,1,1.2
90,random,2,257,1.4939999999999145,0.07400000000006912,1,1.2
90,random,2,258,0.29599999999982174,4.010000000000218,0,1.2
90,random,2,259,2.183999999999969,3.283999999999878,1,1.2
90,random,2,260,2.216000000000122,0.6199999999998909,1,1.2
90,random,2,261,0.2899999999999636,2.8300000000001546,0,1.2
90,random,2,262,1.6899999999998272,3.5779999999999745,1,1.2
90,random,2,263,1.05800000000022,2.5839999999998327,0,1.2
90,random,2,264,1.0499999999999545,16.848000000000184,0,1.2
90,random,2,265,1.22199999999998,3.019999999999982,1,1.2
90,random,2,266,1.6299999999998818,3.6760000000001583,1,1.2
90,random,2,267,2.0459999999998217,0.14800000000013824,1,1.2
90,random,2,268,0.37400000000002365,4.710000000000036,0,1.2
90,random,2,269,2.0939999999998236,3.4420000000000073,1,1.2
90,random,2,270,1.594000000000051,3.046000000000049,1,1.2
90,random,2,271,1.05399999999986,3.318000000000211,0,1.2
90,random,2,272,1.5799999999999272,3.69399999999996,1,1.2
90,random,2,273,3.25,3.1059999999999945,1,1.2
90,random,2,274,1.3600000000001273,2.175999999999931,1,1.2
90,random,2,275,1.6359999999999673,2.3799999999998818,1,1.2
90,random,2,276,1.1160000000002128,16.70999999999981,0,1.2
90,random,2,277,1.316000000000031,4.380000000000109,1,1.2
90,random,2,278,2.508000000000038,3.821999999999889,1,1.2
90,random,2,279,1.566000000000031,2.425999999999931,1,1.2
90,random,2,280,1.3959999999999582,2.8400000000001455,1,1.2
90,random,2,281,1.2159999999998945,0.10000000000013642,1,1.2
90,random,2,282,0.6879999999998745,3.655999999999949,0,1.2
90,random,2,283,0.9020000000000437,41.76800000000003,0,1.2
90,random,2,284,1.4220000000000255,2.094000000000051,1,1.2
90,random,2,285,1.8799999999998818,2.7000000000000455,1,1.2
90,random,2,286,1.8820000000000618,4.632000000000062,1,1.2
90,random,2,287,1.7999999999999545,3.288000000000011,1,1.2
90,random,2,288,2.3840000000000146,3.4220000000000255,1,1.2
90,random,2,289,1.2579999999998108,4.432000000000016,1,1.2
90,random,2,290,1.5900000000001455,3.9420000000000073,1,1.2
90,random,2,291,1.4919999999999618,3.009999999999991,1,1.2
90,random,2,292,1.2799999999999727,3.3019999999999072,1,1.2
90,random,2,293,1.0700000000001637,2.967999999999847,0,1.2
90,random,2,294,1.1340000000000146,9.836000000000013,0,1.2
90,random,2,295,1.2980000000000018,3.2940000000000964,1,1.2
90,random,2,296,1.5339999999998781,15.789999999999964,1,1.2
90,random,2,297,2.25,2.8920000000000528,1,1.2
90,random,2,298,1.9500000000000455,2.2940000000000964,1,1.2
90,random,2,299,1.5459999999998217,2.269999999999982,1,1.2
90,random,2,300,0.7520000000001801,9.13799999999992,0,1.2
90,random,2,301,2.352000000000089,35.07600000000002,1,1.2
90,random,2,302,1.0879999999999654,19.697999999999865,0,1.2
90,random,2,303,1.7280000000000655,3.768000000000029,1,1.2
90,random,2,304,1.0699999999999363,2.4600000000000364,0,1.2
90,random,2,305,1.3199999999999363,46.47000000000003,1,1.2
90,random,2,306,1.9600000000000364,3.9079999999999018,1,1.2
90,random,2,307,1.7080000000000837,3.395999999999958,1,1.2
90,random,2,308,1.5879999999999654,3.094000000000051,1,1.2
90,random,2,309,2.0979999999999563,4.337999999999965,1,1.2
90,random,2,310,1.4800000000000182,4.986000000000104,1,1.2
90,random,2,311,1.4480000000000928,0.1879999999998745,1,1.2
90,random,2,312,0.8600000000001273,2.72199999999998,0,1.2
90,random,2,313,2.877999999999929,2.980000000000018,1,1.2
90,random,2,314,1.788000000000011,4.5499999999999545,1,1.2
90,random,2,315,1.8920000000000528,6.836000000000013,1,1.2
90,random,2,316,1.2699999999999818,4.195999999999913,1,1.2
90,random,2,317,1.2440000000001419,4.975999999999885,1,1.2
90,random,2,318,2.2619999999999436,4.451999999999998,1,1.2
90,random,2,319,2.688000000000102,3.77800000000002,1,1.2
90,random,2,320,1.2280000000000655,16.309999999999945,1,1.2
90,random,2,321,1.5460000000000491,3.257999999999811,1,1.2
90,random,2,322,1.7660000000000764,5.069999999999936,1,1.2
90,random,2,323,1.5800000000001546,2.538000000000011,1,1.2
90,random,2,324,1.5739999999998417,3.740000000000009,1,1.2
90,random,2,325,1.5140000000001237,5.449999999999818,1,1.2
90,random,2,326,1.066000000000031,4.550000000000182,0,1.2
90,random,2,327,1.009999999999991,3.0139999999998963,0,1.2
90,random,2,328,1.433999999999969,3.2260000000001128,1,1.2
90,random,2,329,2.231999999999971,2.647999999999911,1,1.2
90,random,2,330,2.183999999999969,3.1820000000000164,1,1.2
90,random,2,331,1.3220000000001164,3.6679999999998927,1,1.2
90,random,2,332,2.5700000000001637,8.847999999999956,1,1.2
90,random,2,333,2.265999999999849,3.484000000000151,1,1.2
90,random,2,334,1.1399999999998727,10.566000000000031,0,1.2
90,random,2,335,1.3559999999999945,4.511999999999944,1,1.2
90,random,2,336,2.5900000000001455,3.6879999999998745,1,1.2
90,random,2,337,1.481999999999971,2.928000000000111,1,1.2
90,random,2,338,1.5960000000000036,5.1440000000000055,1,1.2
90,random,2,339,1.7819999999999254,13.926000000000158,1,1.2
90,random,2,340,1.3179999999999836,3.7719999999999345,1,1.2
90,random,2,341,1.4279999999998836,8.810000000000173,1,1.2
90,random,2,342,1.0739999999998417,28.776000000000295,0,1.2
90,random,2,343,1.2619999999997162,130.92000000000007,1,1.2
90,random,2,344,1.643999999999778,74.0260000000003,1,1.2
90,random,2,345,1.4360000000001492,3.0719999999996617,1,1.2
90,random,2,346,2.132000000000062,3.036000000000058,1,1.2
90,random,2,347,2.52599999999984,36.30400000000009,1,1.2
90,random,2,348,1.7600000000002183,1.975999999999658,1,1.2
90,random,2,349,0.8880000000003747,3.8719999999998436,0,1.2
90,random,2,350,2.4020000000000437,2.4220000000000255,1,1.2
90,random,2,351,2.4159999999997126,2.656000000000404,1,1.2
90,random,2,352,1.9639999999999418,10.641999999999825,1,1.2
90,random,2,353,1.4800000000000182,27.978000000000065,1,1.2
90,random,2,354,1.094000000000051,4.289999999999964,0,1.2
90,random,2,355,1.2440000000001419,3.145999999999731,1,1.2
90,random,2,356,0.3760000000002037,4.687999999999647,0,1.2
90,random,2,357,2.506000000000313,2.4359999999996944,1,1.2
90,random,2,358,3.0340000000001055,8.318000000000211,1,1.2
90,random,2,359,1.5099999999997635,3.1400000000003274,1,1.2
90,random,2,360,1.375999999999749,4.344000000000051,1,1.2
90,random,2,361,0.9980000000000473,3.1959999999999127,0,1.2
90,random,2,362,1.6860000000001492,4.4220000000000255,1,1.2
90,random,2,363,1.5979999999999563,26.438000000000102,1,1.2
90,random,2,364,1.5899999999996908,3.08199999999988,1,1.2
90,random,2,365,2.2800000000002,235.0039999999999,1,1.2
90,random,2,366,1.8320000000003347,3.087999999999738,1,1.2
90,random,2,367,1.9320000000002437,370.4859999999999,1,1.2
90,random,2,368,1.55600000000004,11.33199999999988,1,1.2
90,random,2,369,1.0479999999997744,353.22800000000007,0,1.2
90,random,2,370,1.41800000000012,5.874000000000251,1,1.2
90,random,2,371,1.4379999999996471,5.742000000000189,1,1.2
90,random,2,372,0.6779999999998836,4.354000000000269,0,1.2
90,random,2,373,1.0739999999996144,2.5960000000000036,0,1.2
90,random,2,374,1.8140000000003056,3.7979999999997744,1,1.2
90,random,2,375,1.7940000000003238,3.19399999999996,1,1.2
90,random,2,376,0.4659999999998945,3.561999999999898,0,1.2
90,random,2,377,1.2260000000001128,4.60799999999972,1,1.2
90,random,2,378,1.9080000000003565,18.963999999999942,1,1.2
90,random,2,379,0.9919999999997344,,0,1.2
91,retract,1,1,0.23400000000000176,1.4920000000000044,0,0.5
91,retract,1,2,0.259999999999998,0.11999999999999744,0,0.5
91,retract,1,4,0.1840000000000046,0.911999999999999,0,0.5
91,retract,1,5,0.2819999999999965,1.6920000000000002,0,0.5
91,retract,1,6,0.27199999999999847,0.07600000000000051,0,0.5
91,retract,1,8,0.2920000000000016,1.0559999999999974,0,0.5
91,retract,1,9,0.4239999999999995,0.6980000000000004,0,0.5
91,retract,1,10,0.27199999999999847,1.3520000000000039,0,0.5
91,retract,1,11,0.15800000000000125,0.021999999999998465,0,0.5
91,retract,1,13,0.07600000000000051,0.1880000000000024,0,0.5
91,retract,1,15,0.35199999999999676,0.6839999999999975,0,0.5
91,retract,1,16,0.5520000000000067,1.9259999999999948,1,0.5
91,retract,1,17,0.5180000000000007,0.04800000000000182,1,0.5
91,retract,1,18,0.08599999999999852,1.6060000000000016,0,0.5
91,retract,1,19,0.32799999999999585,2.2960000000000065,0,0.5
91,retract,1,20,0.4259999999999948,1.5159999999999982,0,0.5
91,retract,1,21,0.18600000000000705,0.7620000000000005,0,0.5
91,retract,1,22,0.37999999999999545,2.9740000000000038,0,0.5
91,retract,1,23,0.347999999999999,1.465999999999994,0,0.5
91,retract,1,24,0.4620000000000033,0.6440000000000055,0,0.5
91,retract,1,25,0.49799999999999045,1.4960000000000093,0,0.5
91,retract,1,26,0.24799999999999045,3.5160000000000053,0,0.5
91,retract,1,27,0.1560000000000059,0.1839999999999975,0,0.5
91,retract,1,29,0.30800000000000693,2.3259999999999934,0,0.5
91,retract,1,30,0.33199999999999363,1.6440000000000055,0,0.5
91,retract,1,31,0.36199999999999477,4.8940000000000055,0,0.5
91,retract,1,32,0.4300000000000068,1.593999999999994,0,0.5
91,retract,1,33,0.20000000000000284,0.9759999999999991,0,0.5
91,retract,1,34,0.10999999999999943,1.5459999999999923,0,0.5
91,retract,1,35,0.3260000000000076,0.031999999999996476,0,0.5
91,retract,1,37,0.5120000000000005,5.536000000000001,1,0.5
91,retract,1,38,0.14000000000000057,2.269999999999996,0,0.5
91,retract,1,39,0.31800000000001205,2.6400000000000006,0,0.5
91,retract,1,40,0.30999999999998806,1.323999999999998,0,0.5
91,retract,1,41,0.46400000000001285,0.10799999999998988,0,0.5
91,retract,1,43,0.362000000000009,1.6239999999999952,0,0.5
91,retract,1,44,0.7879999999999967,0.8520000000000039,1,0.5
91,retract,1,45,0.21000000000000796,0.12199999999999989,0,0.5
91,retract,1,47,0.07399999999999807,0.132000000000005,0,0.5
91,retract,1,49,0.6620000000000061,1.1820000000000022,1,0.5
91,retract,1,50,0.30400000000000205,0.030000000000001137,0,0.5
91,retract,1,52,0.42199999999999704,1.1140000000000043,0,0.5
91,retract,1,53,0.7620000000000005,0.7980000000000018,1,0.5
91,retract,1,54,0.15200000000001523,0.14799999999999613,0,0.5
91,retract,1,56,0.1279999999999859,0.04200000000000159,0,0.5
91,retract,1,59,0.4919999999999902,0.1279999999999859,0,0.5
91,retract,1,61,0.48400000000000887,0.09800000000001319,0,0.5
91,retract,1,63,0.34200000000001296,1.931999999999988,0,0.5
91,retract,1,64,0.30800000000002115,2.393999999999977,0,0.5
91,retract,1,65,0.15800000000001546,0.6759999999999877,0,0.5
91,retract,1,66,0.24200000000001864,0.03799999999998249,0,0.5
91,retract,1,68,0.2680000000000007,0.0619999999999834,0,0.5
91,retract,1,70,0.37999999999999545,0.17199999999999704,0,0.5
91,retract,1,73,0.06400000000002137,0.16199999999997772,0,0.5
91,retract,1,75,0.05000000000001137,1.4419999999999789,0,0.5
91,retract,1,76,0.51400000000001,0.2120000000000175,1,0.5
91,retract,1,77,0.04399999999998272,0.7460000000000093,0,0.5
91,retract,1,78,0.46999999999999886,2.579999999999984,0,0.5
91,retract,1,79,0.35200000000000387,4.27000000000001,0,0.5
91,retract,1,80,0.6279999999999859,1.8380000000000223,1,0.5
91,retract,1,81,0.1699999999999875,2.813999999999993,0,0.5
91,retract,1,82,0.09399999999999409,0.04600000000002069,0,0.5
91,retract,1,84,0.3720000000000141,0.09999999999999432,0,0.5
91,retract,1,86,0.7120000000000175,0.10999999999998522,1,0.5
91,retract,1,87,0.4660000000000082,1.0720000000000027,0,0.5
91,retract,1,88,0.3340000000000032,0.07399999999998386,0,0.5
91,retract,1,90,0.3060000000000116,0.6939999999999884,0,0.5
91,retract,1,91,0.5220000000000198,5.9059999999999775,1,0.5
91,retract,1,92,0.3140000000000214,1.681999999999988,0,0.5
91,retract,1,93,0.396000000000015,0.17799999999999727,0,0.5
91,retract,1,95,0.25,0.7520000000000095,0,0.5
91,retract,1,96,0.31800000000001205,2.569999999999993,0,0.5
91,retract,1,97,0.46999999999997044,1.8500000000000227,0,0.5
91,retract,1,98,0.49799999999999045,2.3520000000000323,0,0.5
91,retract,1,99,0.5219999999999914,5.641999999999996,1,0.5
91,retract,1,100,0.2839999999999918,7.372000000000014,0,0.5
91,retract,1,101,0.18999999999999773,0.17199999999996862,0,0.5
91,retract,1,103,0.3159999999999741,0.16399999999998727,0,0.5
91,retract,1,105,0.27199999999999136,2.3319999999999936,0,0.5
91,retract,1,106,0.3079999999999927,0.8979999999999677,0,0.5
91,retract,1,107,0.5660000000000309,0.031999999999982265,1,0.5
91,retract,1,108,0.15399999999999636,0.016000000000019554,0,0.5
91,retract,1,110,0.4340000000000259,0.08600000000001273,0,0.5
91,retract,1,112,0.7259999999999991,0.033999999999991815,1,0.5
91,retract,1,113,0.1360000000000241,0.07999999999998408,0,0.5
91,retract,1,115,0.35199999999997544,1.3040000000000305,0,0.5
91,retract,1,116,0.9139999999999873,0.3299999999999841,1,0.5
91,retract,1,117,0.6340000000000146,4.70799999999997,1,0.5
91,retract,1,118,0.4940000000000282,2.76400000000001,0,0.5
91,retract,1,119,0.7400000000000091,3.5720000000000027,1,0.5
91,retract,1,120,0.40399999999999636,2.632000000000005,0,0.5
91,retract,1,121,0.13599999999996726,1.2560000000000286,0,0.5
91,retract,1,122,0.26399999999995316,1.891999999999996,0,0.5
91,retract,1,123,0.27000000000003865,0.6580000000000155,0,0.5
91,retract,1,124,0.6059999999999945,0.04800000000000182,1,0.5
91,retract,1,125,0.12199999999995725,0.05000000000001137,0,0.5
91,retract,1,127,0.37000000000000455,1.8380000000000223,0,0.5
91,retract,1,128,0.4219999999999686,9.024000000000001,0,0.5
91,retract,1,129,0.55600000000004,,1,0.5
91,retract,1,130,0.21600000000000108,0.857999999999997,0,0.0
91,retract,1,131,0.9400000000000048,5.405999999999999,1,0.0
91,retract,1,132,0.5080000000000027,7.045999999999999,1,0.0
91,retract,1,133,0.07200000000000273,4.013999999999996,0,0.0
91,retract,1,134,0.30400000000000205,0.9320000000000022,0,0.0
91,retract,1,135,0.3399999999999892,0.054000000000002046,0,0.0
91,retract,1,137,0.4060000000000059,0.789999999999992,0,0.0
91,retract,1,138,0.5400000000000063,3.200000000000003,1,0.0
91,retract,1,139,0.3079999999999927,0.7860000000000014,0,0.0
91,retract,1,140,0.31400000000000716,0.117999999999995,0,0.0
91,retract,1,142,0.18200000000000216,1.3719999999999999,0,0.0
91,retract,1,143,0.06199999999999761,1.6820000000000022,0,0.0
91,retract,1,144,0.19199999999999307,0.15000000000000568,0,0.0
91,retract,1,146,0.3160000000000025,0.08199999999999363,0,0.0
91,retract,1,149,0.04600000000000648,0.0379999999999967,0,0.0
91,retract,1,151,0.4480000000000075,0.06399999999999295,0,0.0
91,retract,1,153,0.5180000000000007,3.3799999999999955,1,0.0
91,retract,1,154,0.26600000000000534,0.7199999999999989,0,0.0
91,retract,1,155,0.13599999999999568,0.02599999999999625,0,0.0
91,retract,1,157,0.367999999999995,2.469999999999999,0,0.0
91,retract,1,158,0.3299999999999983,0.6900000000000119,0,0.0
91,retract,1,159,0.3780000000000001,1.7659999999999911,0,0.0
91,retract,1,160,0.48799999999999955,0.08800000000000807,0,0.0
91,retract,1,162,0.3579999999999899,1.6839999999999975,0,0.0
91,retract,1,163,1.0640000000000072,1.2660000000000053,1,0.0
91,retract,1,164,0.3059999999999974,0.0519999999999925,0,0.0
91,retract,1,166,0.4479999999999933,0.9200000000000017,0,0.0
91,retract,1,167,0.2839999999999918,2.4440000000000026,0,0.0
91,retract,1,168,0.5240000000000009,1.2139999999999986,1,0.0
91,retract,1,169,0.3119999999999976,3.4279999999999973,0,0.0
91,retract,1,170,0.2980000000000018,2.0080000000000098,0,0.0
91,retract,1,171,0.12999999999999545,3.0420000000000016,0,0.0
91,retract,1,172,0.1419999999999959,1.6500000000000057,0,0.0
91,retract,1,173,0.18999999999999773,1.872000000000014,0,0.0
91,retract,1,174,0.7579999999999814,0.060000000000002274,1,0.0
91,retract,1,175,0.8520000000000039,3.2560000000000002,1,0.0
91,retract,1,176,0.3160000000000025,2.2280000000000086,0,0.0
91,retract,1,177,0.41399999999998727,2.093999999999994,0,0.0
91,retract,1,178,0.4399999999999977,2.201999999999998,0,0.0
91,retract,1,179,0.32600000000002183,1.0439999999999827,0,0.0
91,retract,1,180,0.5720000000000027,2.608000000000004,1,0.0
91,retract,1,181,0.4159999999999968,2.0759999999999934,0,0.0
91,retract,1,182,0.24800000000001887,1.4339999999999975,0,0.0
91,retract,1,183,0.12000000000000455,2.0420000000000016,0,0.0
91,retract,1,184,0.0479999999999734,0.9340000000000259,0,0.0
91,retract,1,185,0.3019999999999925,1.7779999999999916,0,0.0
91,retract,1,186,0.1839999999999975,0.8300000000000125,0,0.0
91,retract,1,187,0.47999999999998977,2.6740000000000066,0,0.0
91,retract,1,188,0.6359999999999957,7.8700000000000045,1,0.0
91,retract,1,189,0.5759999999999934,11.521999999999991,1,0.0
91,retract,1,190,0.2560000000000002,0.7439999999999998,0,0.0
91,retract,1,191,0.5040000000000191,3.695999999999998,1,0.0
91,retract,1,192,0.3019999999999925,3.234000000000009,0,0.0
91,retract,1,193,0.29999999999998295,0.8160000000000025,0,0.0
91,retract,1,194,0.4560000000000173,1.0960000000000036,0,0.0
91,retract,1,195,0.39999999999997726,0.7040000000000077,0,0.0
91,retract,1,196,0.42600000000001614,1.5739999999999839,0,0.0
91,retract,1,197,0.3199999999999932,0.7019999999999982,0,0.0
91,retract,1,198,3.0960000000000036,0.8120000000000118,1,0.0
91,retract,1,199,0.28199999999998226,0.09200000000001296,0,0.0
91,retract,1,201,0.367999999999995,0.02199999999999136,0,0.0
91,retract,1,203,0.3100000000000023,2.015999999999991,0,0.0
91,retract,1,204,1.8900000000000148,0.7159999999999798,1,0.0
91,retract,1,205,0.18000000000000682,2.656000000000006,0,0.0
91,retract,1,206,0.3499999999999943,0.7019999999999982,0,0.0
91,retract,1,207,0.5,3.7379999999999995,0,0.0
91,retract,1,208,0.2839999999999918,2.0260000000000105,0,0.0
91,retract,1,209,0.2220000000000084,0.7039999999999793,0,0.0
91,retract,1,210,0.160000000000025,0.04399999999998272,0,0.0
91,retract,1,212,0.12600000000000477,0.02199999999999136,0,0.0
91,retract,1,215,0.33200000000002206,1.7059999999999889,0,0.0
91,retract,1,216,0.09799999999998477,0.660000000000025,0,0.0
91,retract,1,217,0.39399999999997704,0.8620000000000232,0,0.0
91,retract,1,218,0.9299999999999784,0.0800000000000125,1,0.0
91,retract,1,219,0.1939999999999884,0.7060000000000173,0,0.0
91,retract,1,220,0.32800000000000296,2.5459999999999923,0,0.0
91,retract,1,221,0.21199999999998909,0.040000000000020464,0,0.0
91,retract,1,223,0.12600000000000477,0.01999999999998181,0,0.0
91,retract,1,225,0.103999999999985,0.8000000000000114,0,0.0
91,retract,1,226,0.12800000000001432,0.7459999999999809,0,0.0
91,retract,1,227,0.6680000000000064,2.8360000000000127,1,0.0
91,retract,1,228,0.27199999999999136,0.02199999999999136,0,0.0
91,retract,1,230,0.2179999999999893,0.6399999999999864,0,0.0
91,retract,1,231,0.6360000000000241,3.1259999999999764,1,0.0
91,retract,1,232,0.26400000000001,1.009999999999991,0,0.0
91,retract,1,233,0.3380000000000223,1.0439999999999827,0,0.0
91,retract,1,234,0.14799999999999613,1.8440000000000225,0,0.0
91,retract,1,235,0.34199999999998454,0.06200000000001182,0,0.0
91,retract,1,237,0.632000000000005,0.22199999999998,1,0.0
91,retract,1,238,0.5819999999999936,2.211999999999989,1,0.0
91,retract,1,239,0.03200000000003911,0.9939999999999714,0,0.0
91,retract,1,240,0.19400000000001683,5.826000000000022,0,0.0
91,retract,1,241,0.36199999999996635,0.016000000000019554,0,0.0
91,retract,1,243,0.2559999999999718,3.934000000000026,0,0.0
91,retract,1,244,0.07799999999997453,0.8439999999999941,0,0.0
91,retract,1,245,0.3919999999999959,2.632000000000005,0,0.0
91,retract,1,246,0.05000000000001137,0.8319999999999936,0,0.0
91,retract,1,247,1.2180000000000177,9.613999999999976,1,0.0
91,retract,1,248,0.18400000000002592,0.033999999999991815,0,0.0
91,retract,1,250,0.3939999999999486,0.6620000000000346,0,0.0
91,retract,1,251,0.34199999999998454,0.6539999999999964,0,0.0
91,retract,1,252,0.25,0.04599999999999227,0,0.0
91,retract,1,254,0.2699999999999818,0.7119999999999891,0,0.0
91,retract,1,255,0.22200000000003683,0.02600000000001046,0,0.0
91,retract,1,257,0.5319999999999823,2.6020000000000323,1,0.0
91,retract,1,258,0.4959999999999809,1.8559999999999945,0,0.0
91,retract,1,259,0.8360000000000127,2.5360000000000014,1,0.0
91,retract,1,260,0.4479999999999791,4.557999999999993,0,0.0
91,retract,1,261,0.26000000000004775,0.029999999999972715,0,0.0
91,retract,1,263,0.4420000000000073,1.6440000000000055,0,0.0
91,retract,1,264,0.20599999999996044,0.05000000000001137,0,0.0
91,retract,1,266,0.16800000000000637,0.04800000000000182,0,0.0
91,retract,1,268,0.19400000000001683,0.01799999999997226,0,0.0
91,retract,1,270,0.9479999999999791,1.72199999999998,1,0.0
91,retract,1,271,0.6680000000000064,4.271999999999991,1,0.0
91,retract,1,272,1.3280000000000314,2.8740000000000236,1,0.0
91,retract,1,273,0.12199999999995725,0.8180000000000405,0,0.0
91,retract,1,274,0.46599999999995134,2.391999999999996,0,0.0
91,retract,1,275,0.2740000000000009,1.0640000000000214,0,0.0
91,retract,1,276,0.23799999999999955,2.2760000000000105,0,0.0
91,retract,1,277,0.18399999999996908,0.8000000000000114,0,0.0
91,retract,1,278,0.43200000000001637,0.6920000000000073,0,0.0
91,retract,1,279,0.95799999999997,3.8500000000000227,1,0.0
91,retract,1,280,0.5740000000000123,10.74799999999999,0,0.0
91,retract,1,281,0.4359999999999786,0.7220000000000368,0,0.0
91,retract,1,282,0.3499999999999659,0.05600000000004002,0,0.0
91,retract,1,284,0.4700000000000273,0.6759999999999877,0,0.0
91,retract,1,285,1.0500000000000114,0.11599999999998545,1,0.0
91,retract,1,286,0.15399999999999636,2.0260000000000105,0,0.0
91,retract,1,287,0.34600000000000364,2.8559999999999945,0,0.0
91,retract,1,288,0.3240000000000123,0.7339999999999804,0,0.0
91,retract,1,289,0.7259999999999991,0.031999999999982265,1,0.0
91,retract,1,290,0.06400000000002137,3.079999999999984,0,0.0
91,retract,1,291,0.38999999999998636,3.1760000000000446,0,0.0
91,retract,1,292,0.3939999999999486,0.05600000000004002,0,0.0
91,retract,1,294,1.391999999999996,0.132000000000005,1,0.0
91,retract,1,295,0.12599999999997635,0.9180000000000064,0,0.0
91,retract,1,296,0.52800000000002,0.7139999999999986,0,0.0
91,retract,1,297,0.3159999999999741,2.25,0,0.0
91,retract,1,298,0.5780000000000314,0.07599999999996498,0,0.0
91,retract,1,300,0.29200000000003,0.06999999999999318,0,0.0
91,retract,1,302,0.51400000000001,1.0,0,0.0
91,retract,1,303,0.29599999999999227,1.5679999999999836,0,0.0
91,retract,1,304,0.5720000000000027,0.1139999999999759,0,0.0
91,retract,1,306,0.26799999999997226,0.8300000000000409,0,0.0
91,retract,1,307,0.10199999999997544,1.7339999999999804,0,0.0
91,retract,1,308,0.4519999999999982,0.82000000000005,0,0.0
91,retract,1,309,0.5079999999999814,0.7540000000000191,0,0.0
91,retract,1,310,0.3699999999999477,1.420000000000016,0,0.0
91,retract,1,311,1.6240000000000236,1.5299999999999727,1,0.0
91,retract,1,312,0.22399999999998954,19.350000000000023,0,0.0
91,retract,1,313,0.3299999999999841,1.2839999999999918,0,0.0
91,retract,1,314,0.438000000000045,0.7040000000000077,0,0.0
91,retract,1,315,0.7559999999999718,1.3140000000000214,1,0.0
91,retract,1,316,0.24399999999997135,2.5360000000000014,0,0.0
91,retract,1,317,0.4200000000000159,0.825999999999965,0,0.0
91,retract,1,318,0.6720000000000255,2.7819999999999823,1,0.0
91,retract,1,319,0.49200000000001864,0.7560000000000286,0,0.0
91,retract,1,320,0.6059999999999945,17.241999999999962,1,0.0
91,retract,1,321,0.04200000000003001,9.313999999999965,0,0.0
91,retract,1,322,0.40800000000001546,0.7719999999999914,0,0.0
91,retract,1,323,0.35400000000004184,6.197999999999979,0,0.0
91,retract,1,324,0.6479999999999677,1.952000000000055,1,0.0
91,retract,1,325,0.25399999999996226,0.7119999999999891,0,0.0
91,retract,1,326,0.4700000000000273,7.305999999999983,0,0.0
91,retract,1,327,0.3380000000000223,1.9219999999999686,0,0.0
91,retract,1,328,0.5339999999999918,0.646000000000015,0,0.0
91,retract,1,329,1.4399999999999977,0.4480000000000359,1,0.0
91,retract,1,330,0.02199999999999136,1.849999999999966,0,0.0
91,retract,1,331,0.34600000000000364,0.660000000000025,0,0.0
91,retract,1,332,0.839999999999975,2.4680000000000177,1,0.0
91,retract,1,333,0.4359999999999786,7.04400000000004,0,0.0
91,retract,1,334,0.13199999999994816,0.05600000000004002,0,0.0
91,retract,1,336,1.1899999999999409,0.2900000000000773,1,0.0
91,retract,1,337,0.31799999999998363,1.9800000000000182,0,0.0
91,retract,1,338,0.7099999999999227,0.3320000000001073,1,0.0
91,retract,1,339,0.40199999999992997,2.1219999999999573,0,0.0
91,retract,1,340,1.5820000000001073,5.113999999999919,1,0.0
91,retract,1,341,0.12599999999997635,0.9260000000000446,0,0.0
91,retract,1,342,0.35800000000006094,2.5319999999999254,0,0.0
91,retract,1,343,0.21600000000000819,0.6699999999999591,0,0.0
91,retract,1,344,0.5680000000000973,0.6539999999999964,0,0.0
91,retract,1,345,0.87399999999991,6.600000000000023,1,0.0
91,retract,1,346,0.21600000000000819,0.97199999999998,0,0.0
91,retract,1,347,0.2480000000000473,0.7580000000000382,0,0.0
91,retract,1,348,0.2679999999999154,1.6580000000000155,0,0.0
91,retract,1,349,1.70799999999997,2.660000000000082,1,0.0
91,retract,1,350,0.6399999999999864,2.018000000000029,1,0.0
91,retract,1,351,0.2400000000000091,1.6859999999999218,0,0.0
91,retract,1,352,0.5900000000000318,1.67999999999995,0,0.0
91,retract,1,353,0.6420000000000528,0.057999999999992724,1,0.0
91,retract,1,354,0.12999999999999545,2.8559999999999945,0,0.0
91,retract,1,355,0.8160000000000309,1.5579999999999927,1,0.0
91,retract,1,356,0.42999999999995,0.8400000000000318,0,0.0
91,retract,1,357,0.20600000000001728,1.947999999999979,0,0.0
91,retract,1,358,0.6040000000000418,5.6159999999999854,1,0.0
91,retract,1,359,0.2519999999999527,1.98599999999999,0,0.0
91,retract,1,360,0.75,1.1059999999999945,1,0.0
91,retract,1,361,0.15000000000009095,3.171999999999912,0,0.0
91,retract,1,362,0.6200000000000045,0.05000000000006821,1,0.0
91,retract,1,363,0.13799999999991996,4.2140000000000555,0,0.0
91,retract,1,364,0.45799999999997,0.06200000000001182,0,0.0
91,retract,1,366,0.5940000000000509,0.8959999999999582,0,0.0
91,retract,1,367,0.4379999999999882,2.9320000000000164,0,0.0
91,retract,1,368,0.2799999999999727,0.026000000000067303,0,0.0
91,retract,1,370,0.044000000000096406,0.033999999999991815,0,0.0
91,retract,1,372,0.19000000000005457,1.975999999999999,0,0.0
91,retract,1,373,0.5359999999999445,0.6520000000000437,0,0.0
91,retract,1,374,0.2880000000000109,0.05999999999994543,0,0.0
91,retract,1,376,0.7199999999999136,4.988000000000056,1,0.0
91,retract,1,377,0.16399999999998727,0.7419999999999618,0,0.0
91,retract,1,378,0.2939999999999827,0.05200000000002092,0,0.0
91,retract,1,380,0.5059999999999718,2.731999999999971,0,0.0
91,retract,1,381,0.41000000000008185,0.6859999999999218,0,0.0
91,retract,1,382,0.61200000000008,2.7659999999999627,1,0.0
91,retract,1,383,0.4460000000000264,0.05599999999992633,0,0.0
91,retract,1,385,0.18399999999996908,1.2480000000000473,0,0.0
91,retract,1,386,1.6019999999999754,0.17599999999993088,1,0.0
91,retract,1,387,0.16200000000003456,2.0439999999999827,0,0.0
91,retract,1,388,0.5579999999999927,8.677999999999997,0,0.0
91,retract,1,389,0.2880000000000109,3.3179999999999836,0,0.0
91,retract,1,390,0.40800000000001546,4.156000000000063,0,0.0
91,retract,1,391,0.8799999999999955,0.05599999999992633,1,0.0
91,retract,1,392,0.42000000000007276,2.0599999999999454,0,0.0
91,retract,1,393,0.34800000000007003,0.8700000000000045,0,0.0
91,retract,1,394,0.4759999999999991,1.8599999999999,0,0.0
91,retract,1,395,0.4580000000000837,0.6920000000000073,0,0.0
91,retract,1,396,0.4679999999999609,1.225999999999999,0,0.0
91,retract,1,397,0.09199999999998454,0.07400000000006912,0,0.0
91,retract,1,399,0.32399999999995543,2.4120000000000346,0,0.0
91,retract,1,400,0.7019999999999982,0.37599999999997635,1,0.0
91,retract,1,401,0.6020000000000891,4.869999999999891,1,0.0
91,retract,1,402,0.4880000000000564,3.5299999999999727,0,0.0
91,retract,1,403,0.04600000000004911,0.7899999999999636,0,0.0
91,retract,1,404,0.4339999999999691,9.80600000000004,0,0.0
91,retract,1,405,0.2279999999999518,0.7200000000000273,0,0.0
91,retract,1,406,0.2860000000000582,0.10000000000002274,0,0.0
91,retract,1,408,0.7939999999999827,0.43200000000001637,1,0.0
91,retract,1,409,0.6639999999999873,0.05600000000004002,1,0.0
91,retract,1,410,0.08399999999994634,5.101999999999975,0,0.0
91,retract,1,411,0.5220000000000482,0.07799999999997453,0,0.0
91,retract,1,413,0.44000000000005457,2.231999999999971,0,0.0
91,retract,1,414,1.4639999999999418,3.9540000000000646,1,0.0
91,retract,1,415,0.3120000000000118,2.02800000000002,0,0.0
91,retract,1,416,0.5399999999999636,1.8579999999999472,0,0.0
91,retract,1,417,1.36200000000008,2.966000000000008,1,0.0
91,retract,1,418,0.6459999999999582,3.2000000000000455,1,0.0
91,retract,1,419,0.2400000000000091,0.7879999999998972,0,0.0
91,retract,1,420,1.0620000000000118,3.7480000000000473,1,0.0
91,retract,1,421,0.5620000000000118,2.1059999999999945,0,0.0
91,retract,1,422,0.7680000000000291,0.021999999999934516,1,0.0
91,retract,1,423,0.5480000000000018,0.6700000000000728,0,0.0
91,retract,1,424,1.0219999999999345,4.604000000000042,1,0.0
91,retract,1,425,0.13799999999991996,1.9860000000001037,0,0.0
91,retract,1,426,0.5939999999999372,0.7580000000000382,0,0.0
91,retract,1,427,0.31799999999998363,0.06200000000001182,0,0.0
91,retract,1,429,0.4759999999999991,0.77800000000002,0,0.0
91,retract,1,430,1.032000000000039,3.227999999999952,1,0.0
91,retract,1,431,0.32399999999995543,2.6420000000000528,0,0.0
91,retract,1,432,0.7140000000000555,2.6019999999999754,1,0.0
91,retract,1,433,1.3419999999999845,0.01599999999996271,1,0.0
91,retract,1,434,0.17799999999999727,7.4220000000000255,0,0.0
91,retract,1,435,0.5660000000000309,2.480000000000018,0,0.0
91,retract,1,436,1.3559999999999945,3.575999999999908,1,0.0
91,retract,1,437,0.9220000000000255,0.03200000000003911,1,0.0
91,retract,1,438,0.5019999999999527,1.77800000000002,0,0.0
91,retract,1,439,0.35199999999997544,1.9020000000000437,0,0.0
91,retract,1,440,0.42799999999999727,0.08399999999994634,0,0.0
91,retract,1,442,1.3279999999999745,3.5300000000000864,1,0.0
91,retract,1,443,0.8239999999999554,7.269999999999982,1,0.0
91,retract,1,444,0.8220000000000027,3.1520000000000437,1,0.0
91,retract,1,445,0.38800000000003365,1.9359999999999218,0,0.0
91,retract,1,446,0.9640000000000555,6.288000000000011,1,0.0
91,retract,1,447,0.2980000000000018,0.8819999999999482,0,0.0
91,retract,1,448,0.6979999999999791,1.9940000000000282,0,0.0
91,retract,1,449,1.0499999999999545,2.33400000000006,1,0.0
91,retract,1,450,0.34799999999995634,0.7040000000000646,0,0.0
91,retract,1,451,0.12999999999999545,1.0439999999999827,0,0.0
91,retract,1,452,0.05200000000002092,0.05599999999992633,0,0.0
91,retract,1,455,0.15399999999999636,0.04000000000007731,0,0.0
91,retract,1,457,0.7439999999999145,3.4740000000000464,1,0.0
91,retract,1,458,0.9819999999999709,2.6680000000000064,1,0.0
91,retract,1,459,0.30600000000004,8.096000000000004,0,0.0
91,retract,1,460,0.33199999999999363,1.7939999999999827,0,0.0
91,retract,1,461,0.5439999999999827,0.8079999999999927,0,0.0
91,retract,1,462,0.41200000000003456,1.4600000000000364,0,0.0
91,retract,1,463,0.2859999999999445,0.67999999999995,0,0.0
91,retract,1,464,0.2900000000000773,0.14800000000002456,0,0.0
91,retract,1,466,0.55600000000004,2.217999999999961,0,0.0
91,retract,1,467,1.164000000000101,2.0559999999999263,1,0.0
91,retract,1,468,0.55600000000004,0.8479999999999563,0,0.0
91,retract,1,469,1.2799999999999727,0.06400000000007822,1,0.0
91,retract,1,470,0.08600000000001273,1.0359999999999445,0,0.0
91,retract,1,471,0.7400000000000091,2.645999999999958,1,0.0
91,retract,1,472,1.8220000000000027,3.6340000000000146,1,0.0
91,retract,1,473,0.4740000000000464,2.0919999999999845,0,0.0
91,retract,1,474,0.6860000000000355,15.240000000000009,0,0.0
91,retract,1,475,0.2839999999999918,3.4979999999999336,0,0.0
91,retract,1,476,0.14999999999997726,0.7180000000000746,0,0.0
91,retract,1,477,1.1539999999999964,2.3740000000000236,1,0.0
91,retract,1,478,0.41599999999994,1.1460000000000719,0,0.0
91,retract,1,479,0.4079999999999018,0.04800000000000182,0,0.0
91,retract,1,481,1.1899999999999409,2.2480000000000473,1,0.0
91,retract,1,482,0.39199999999993906,1.566000000000031,0,0.0
91,retract,1,483,1.009999999999991,2.3840000000000146,1,0.0
91,retract,1,484,0.5080000000000382,0.05599999999992633,0,0.0
91,retract,1,486,0.41399999999998727,2.062000000000012,0,0.0
91,retract,1,487,0.38799999999991996,18.336000000000013,0,0.0
91,retract,1,488,0.37400000000002365,1.2000000000000455,0,0.0
91,retract,1,489,0.5539999999999736,2.046000000000049,0,0.0
91,retract,1,490,1.2199999999999136,3.1800000000000637,1,0.0
91,retract,1,491,0.5299999999999727,1.7060000000000173,0,0.0
91,retract,1,492,0.2619999999999436,0.06600000000003092,0,0.0
91,retract,1,494,1.0460000000000491,3.0,1,0.0
91,retract,1,495,0.33799999999996544,0.08000000000004093,0,0.0
91,retract,1,497,0.41000000000008185,0.05999999999994543,0,0.0
91,retract,1,499,1.1380000000000337,2.8600000000000136,1,0.0
91,retract,1,500,1.9260000000000446,2.6340000000000146,1,0.0
91,retract,1,501,1.4079999999999018,1.9880000000000564,1,0.0
91,retract,1,502,0.7659999999999627,1.274000000000001,0,0.0
91,retract,1,503,0.07799999999997453,1.8100000000000591,0,0.0
91,retract,1,504,0.6920000000000073,3.9560000000000173,0,0.0
91,retract,1,505,1.44399999999996,2.1760000000000446,1,0.0
91,retract,1,506,0.5599999999999454,0.8600000000000136,0,0.0
91,retract,1,507,1.1159999999999854,2.2000000000000455,1,0.0
91,retract,1,508,1.3679999999999382,3.546000000000049,1,0.0
91,retract,1,509,0.6599999999999682,0.03999999999996362,0,0.0
91,retract,1,511,0.8260000000000218,3.29200000000003,1,0.0
91,retract,1,512,0.7459999999999809,2.3700000000000045,0,0.0
91,retract,1,513,0.2659999999999627,0.7560000000000855,0,0.0
91,retract,1,514,1.0419999999999163,6.254000000000019,1,0.0
91,retract,1,515,0.38800000000003365,0.11799999999993815,0,0.0
91,retract,1,517,0.37999999999999545,0.07800000000008822,0,0.0
91,retract,1,519,0.98599999999999,3.0659999999999172,1,0.0
91,retract,1,520,1.0260000000000673,0.2580000000000382,1,0.0
91,retract,1,521,0.5799999999999272,2.9300000000000637,0,0.0
91,retract,1,522,0.5559999999999263,2.314000000000078,0,0.0
91,retract,1,523,0.9699999999999136,2.5540000000000873,1,0.0
91,retract,1,524,1.2519999999999527,0.6280000000000427,1,0.0
91,retract,1,525,0.585999999999899,4.424000000000092,0,0.0
91,retract,1,526,0.14999999999997726,3.3179999999999836,0,0.0
91,retract,1,527,0.9500000000000455,2.689999999999941,1,0.0
91,retract,1,528,0.43600000000003547,0.05999999999994543,0,0.0
91,retract,1,530,1.0419999999999163,1.6739999999999782,1,0.0
91,retract,1,531,0.6040000000000418,0.9380000000001019,0,0.0
91,retract,1,532,0.9679999999998472,3.7740000000001146,1,0.0
91,retract,1,533,0.8439999999998236,0.9039999999999964,1,0.0
91,retract,1,534,0.8440000000000509,3.405999999999949,1,0.0
91,retract,1,535,0.7840000000001055,1.0019999999999527,0,0.0
91,retract,1,536,0.7240000000001601,2.4039999999999964,0,0.0
91,retract,1,537,0.5639999999998508,1.7360000000001037,0,0.0
91,retract,1,538,1.0139999999998963,2.4020000000000437,1,0.0
91,retract,1,539,1.009999999999991,3.9760000000001128,1,0.0
91,retract,1,540,0.7019999999999982,18.5,0,0.0
91,retract,1,541,0.15999999999985448,1.066000000000031,0,0.0
91,retract,1,542,0.61200000000008,1.16599999999994,0,0.0
91,retract,1,543,0.900000000000091,3.259999999999991,0,0.0
91,retract,1,544,0.2039999999999509,0.05600000000004002,0,0.0
91,retract,1,546,0.06400000000007822,0.06799999999998363,0,0.0
91,retract,1,548,0.5480000000000018,1.2139999999999418,0,0.0
91,retract,1,549,0.599999999999909,0.9320000000000164,0,0.0
91,retract,1,550,0.22600000000011278,0.038000000000010914,0,0.0
91,retract,1,552,0.7920000000001437,14.355999999999995,0,0.0
91,retract,1,553,0.5940000000000509,1.4739999999999327,0,0.0
91,retract,1,554,0.34999999999990905,0.05400000000008731,0,0.0
91,retract,1,556,0.61200000000008,0.7280000000000655,0,0.0
91,retract,1,557,1.0399999999999636,8.64799999999991,1,0.0
91,retract,1,558,0.6259999999999764,1.8179999999999836,0,0.0
91,retract,1,559,0.5140000000001237,0.09199999999987085,0,0.0
91,retract,1,561,0.38999999999987267,0.040000000000190994,0,0.0
91,retract,1,564,0.2560000000000855,0.07200000000011642,0,0.0
91,retract,1,566,0.43400000000019645,1.6039999999998145,0,0.0
91,retract,1,567,0.5140000000001237,0.7439999999999145,0,0.0
91,retract,1,568,0.7300000000000182,1.6739999999999782,0,0.0
91,retract,1,569,0.6200000000001182,1.1319999999998345,0,0.0
91,retract,1,570,0.12800000000015643,1.5919999999998709,0,0.0
91,retract,1,571,0.7300000000000182,0.9960000000000946,0,0.0
91,retract,1,572,0.9759999999998854,2.480000000000018,1,0.0
91,retract,1,573,0.12599999999997635,0.8360000000000127,0,0.0
91,retract,1,574,0.25,0.04800000000000182,0,0.0
91,retract,1,577,3.61200000000008,2.6359999999999673,1,0.0
91,retract,1,578,0.4259999999999309,0.8200000000001637,0,0.0
91,retract,1,579,0.02599999999983993,0.8140000000000782,0,0.0
91,retract,1,580,1.5679999999999836,6.051999999999907,1,0.0
91,retract,1,581,0.2740000000001146,0.057999999999992724,0,0.0
91,retract,1,583,0.3120000000001255,1.5139999999998963,0,0.0
91,retract,1,584,0.4639999999999418,0.044000000000096406,0,0.0
91,retract,1,586,1.0299999999999727,0.8240000000000691,1,0.0
91,retract,1,587,0.5299999999999727,0.09400000000005093,0,0.0
91,retract,1,589,0.12400000000002365,0.9939999999999145,0,0.0
91,retract,1,590,0.5940000000000509,10.635999999999967,0,0.0
91,retract,1,591,0.34400000000005093,0.9239999999999782,0,0.0
91,retract,1,592,0.0420000000001437,0.04800000000000182,0,0.0
91,retract,1,594,0.5619999999998981,0.6800000000000637,0,0.0
91,retract,1,595,0.16599999999993997,0.06200000000012551,0,0.0
91,retract,1,597,0.6760000000001583,0.821999999999889,0,0.0
91,retract,1,598,0.06600000000003092,0.07600000000002183,0,0.0
91,retract,1,601,0.14599999999995816,0.8980000000001382,0,0.0
91,retract,1,602,0.2559999999998581,0.0500000000001819,0,0.0
91,retract,1,604,0.06799999999998363,1.2580000000000382,0,0.0
91,retract,1,605,0.38999999999987267,2.5779999999999745,0,0.0
91,retract,1,606,0.7040000000001783,1.3479999999999563,0,0.0
91,retract,1,607,0.6579999999999018,2.0260000000000673,0,0.0
91,retract,1,608,0.47199999999998,1.740000000000009,0,0.0
91,retract,1,609,0.7400000000000091,1.91599999999994,0,0.0
91,retract,1,610,0.3040000000000873,0.018000000000029104,0,0.0
91,retract,1,612,0.2860000000000582,1.0499999999999545,0,0.0
91,retract,1,613,0.69399999999996,31.274000000000115,0,0.0
91,retract,1,614,0.14400000000000546,0.8840000000000146,0,0.0
91,retract,1,615,0.07400000000006912,0.06999999999993634,0,0.0
91,retract,1,617,0.6460000000001855,1.4019999999998163,0,0.0
91,retract,1,618,0.6400000000001,1.4020000000000437,0,0.0
91,retract,1,619,0.8759999999999764,0.6859999999999218,0,0.0
91,retract,1,620,0.12200000000007094,0.049999999999954525,0,0.0
91,retract,1,622,0.8179999999999836,2.1620000000000346,0,0.0
91,retract,1,623,0.6579999999999018,2.7259999999998854,0,0.0
91,retract,1,624,0.9820000000001983,3.0699999999999363,1,0.0
91,retract,1,625,0.6140000000000327,19.159999999999854,0,0.0
91,retract,1,626,1.0140000000001237,3.536000000000058,1,0.0
91,retract,1,627,0.5839999999998327,1.7980000000000018,0,0.0
91,retract,1,628,0.4500000000000455,1.66800000000012,0,0.0
91,retract,1,629,0.8299999999999272,1.5260000000000673,0,0.0
91,retract,1,630,0.515999999999849,0.057999999999992724,0,0.0
91,retract,1,632,0.9580000000000837,3.213999999999942,1,0.0
91,retract,1,633,0.8040000000000873,1.6019999999998618,0,0.0
91,retract,1,634,0.8300000000001546,0.06399999999985084,0,0.0
91,retract,1,636,0.7460000000000946,11.13799999999992,0,0.0
91,retract,1,637,0.25,2.0240000000001146,0,0.0
91,retract,1,638,0.4919999999999618,1.4200000000000728,0,0.0
91,retract,1,639,0.6839999999999691,1.7819999999999254,0,0.0
91,retract,1,640,0.7440000000001419,1.3819999999998345,0,0.0
91,retract,1,641,1.6580000000001291,1.7139999999999418,1,0.0
91,retract,1,642,0.15000000000009095,2.423999999999978,0,0.0
91,retract,1,643,0.69399999999996,1.13799999999992,0,0.0
91,retract,1,644,0.09799999999995634,10.04600000000005,0,0.0
91,retract,1,645,0.8440000000000509,1.905999999999949,0,0.0
91,retract,1,646,0.38200000000006185,1.1140000000000327,0,0.0
91,retract,1,647,0.2039999999999509,1.7180000000000746,0,0.0
91,retract,1,648,0.6059999999999945,1.9939999999999145,0,0.0
91,retract,1,649,1.0419999999999163,2.4580000000000837,1,0.0
91,retract,1,650,0.4780000000000655,0.6420000000000528,0,0.0
91,retract,1,651,0.8899999999998727,1.6539999999999964,0,0.0
91,retract,1,652,0.4760000000001128,1.4759999999998854,0,0.0
91,retract,1,653,1.1000000000001364,2.563999999999851,1,0.0
91,retract,1,654,0.16000000000008185,1.1140000000000327,0,0.0
91,retract,1,655,0.32600000000002183,0.07399999999984175,0,0.0
91,retract,1,657,0.6199999999998909,0.8559999999999945,0,0.0
91,retract,1,658,0.9940000000001419,22.08199999999988,1,0.0
91,retract,1,659,0.9200000000000728,0.15000000000009095,1,0.0
91,retract,1,660,0.2039999999999509,19.491999999999962,0,0.0
91,retract,1,661,0.5,0.7719999999999345,0,0.0
91,retract,1,662,1.1140000000000327,3.5779999999999745,1,0.0
91,retract,1,663,0.58400000000006,1.77800000000002,0,0.0
91,retract,1,664,0.9139999999999873,2.173999999999978,1,0.0
91,retract,1,665,0.7619999999999436,1.1820000000000164,0,0.0
91,retract,1,666,0.09200000000009823,0.023999999999887223,0,0.0
91,retract,1,668,0.7119999999999891,2.41599999999994,0,0.0
91,retract,1,669,0.02800000000002001,0.8920000000000528,0,0.0
91,retract,1,670,0.43200000000001637,1.9539999999999509,0,0.0
91,retract,1,671,0.44000000000005457,6.135999999999967,0,0.0
91,retract,1,672,0.4500000000000455,0.8119999999998981,0,0.0
91,retract,1,673,0.37800000000015643,2.783999999999878,0,0.0
91,retract,1,674,0.7760000000000673,2.6440000000000055,0,0.0
91,retract,1,675,0.7719999999999345,2.0820000000001073,0,0.0
91,retract,1,676,1.0079999999998108,2.008000000000038,1,0.0
91,retract,1,677,0.32799999999997453,0.7660000000000764,0,0.0
91,retract,1,678,1.1359999999999673,3.02800000000002,1,0.0
91,retract,1,679,0.18800000000010186,1.905999999999949,0,0.0
91,retract,1,680,0.33999999999991815,1.5900000000001455,0,0.0
91,retract,1,681,0.9299999999998363,2.7180000000000746,1,0.0
91,retract,1,682,0.40000000000009095,0.7339999999999236,0,0.0
91,retract,1,683,0.8379999999999654,2.4139999999999873,0,0.0
91,retract,1,684,0.5520000000001346,1.7359999999998763,0,0.0
91,retract,1,685,0.86200000000008,1.77800000000002,0,0.0
91,retract,1,686,1.0339999999998781,6.319999999999936,1,0.0
91,retract,1,687,0.46400000000016917,1.731999999999971,0,0.0
91,retract,1,688,0.7400000000000091,0.7200000000000273,0,0.0
91,retract,1,689,1.1079999999999472,2.2000000000000455,1,0.0
91,retract,1,690,0.8659999999999854,0.07999999999992724,0,0.0
91,retract,1,692,0.03600000000005821,0.706000000000131,0,0.0
91,retract,1,693,0.793999999999869,1.5740000000000691,0,0.0
91,retract,1,694,0.19000000000005457,0.7479999999998199,0,0.0
91,retract,1,695,1.240000000000009,2.966000000000122,1,0.0
91,retract,1,696,0.30199999999990723,0.9680000000000746,0,0.0
91,retract,1,697,0.39000000000010004,2.145999999999958,0,0.0
91,retract,1,698,0.9259999999999309,2.0679999999999836,1,0.0
91,retract,1,699,0.9539999999999509,2.6200000000001182,1,0.0
91,retract,1,700,0.34199999999987085,1.0140000000001237,0,0.0
91,retract,1,701,0.8079999999999927,1.5299999999999727,0,0.0
91,retract,1,702,0.9220000000000255,2.9179999999998927,1,0.0
91,retract,1,703,0.3200000000001637,0.04800000000000182,0,0.0
91,retract,1,705,0.35599999999999454,2.9700000000000273,0,0.0
91,retract,1,706,0.72199999999998,1.75,0,0.0
91,retract,1,707,0.40599999999994907,1.7960000000000491,0,0.0
91,retract,1,708,1.0760000000000218,3.9559999999999036,1,0.0
91,retract,1,709,0.21000000000003638,1.2999999999999545,0,0.0
91,retract,1,710,0.7800000000002001,1.1219999999998436,0,0.0
91,retract,1,711,0.3300000000001546,1.1059999999999945,0,0.0
91,retract,1,712,0.8239999999998417,0.7560000000000855,0,0.0
91,retract,1,713,0.849999999999909,0.9940000000001419,0,0.0
91,retract,1,714,1.02599999999984,2.1140000000000327,1,0.0
91,retract,1,715,0.5320000000001528,1.0619999999998981,0,0.0
91,retract,1,716,0.7799999999999727,1.4420000000000073,0,0.0
91,retract,1,717,0.9940000000001419,1.8059999999998126,1,0.0
91,retract,1,718,0.37000000000011823,0.04800000000000182,0,0.0
91,retract,1,720,0.2400000000000091,1.38799999999992,0,0.0
91,retract,1,721,1.1620000000000346,3.8479999999999563,1,0.0
91,retract,1,722,0.5340000000001055,1.1820000000000164,0,0.0
91,retract,1,723,0.6799999999998363,2.8600000000001273,0,0.0
91,retract,1,724,0.4379999999998745,0.8460000000000036,0,0.0
91,retract,1,725,0.8680000000001655,7.735999999999876,0,0.0
91,retract,1,726,0.9460000000001401,2.9659999999998945,1,0.0
91,retract,1,727,0.7719999999999345,1.6280000000001564,0,0.0
91,retract,1,728,0.9519999999999982,1.7739999999998872,1,0.0
91,retract,1,729,0.5520000000001346,0.72199999999998,0,0.0
91,retract,1,730,0.9499999999998181,1.6000000000001364,1,0.0
91,retract,1,731,1.0339999999998781,22.136000000000195,1,0.0
91,retract,1,732,0.4819999999999709,0.9299999999998363,0,0.0
91,retract,1,733,0.20400000000017826,0.041999999999916326,0,0.0
91,retract,1,735,0.9260000000001583,2.0399999999999636,1,0.0
91,retract,1,736,0.9679999999998472,3.8400000000001455,1,0.0
91,retract,1,737,0.4199999999998454,1.1460000000001855,0,0.0
91,retract,1,738,1.211999999999989,2.44399999999996,1,0.0
91,retract,1,739,0.6679999999998927,1.3880000000001473,0,0.0
91,retract,1,740,1.0299999999999727,1.80399999999986,1,0.0
91,retract,1,741,0.8859999999999673,26.01000000000022,0,0.0
91,retract,1,742,0.33799999999996544,0.02599999999983993,0,0.0
91,retract,1,744,0.5799999999999272,0.9200000000000728,0,0.0
91,retract,1,745,0.41399999999998727,1.5699999999999363,0,0.0
91,retract,1,746,0.6240000000000236,1.099999999999909,0,0.0
91,retract,1,747,0.16000000000008185,0.041999999999916326,0,0.0
91,retract,1,749,0.33600000000001273,0.029999999999972715,0,0.0
91,retract,1,751,1.0160000000000764,5.526000000000067,1,0.0
91,retract,1,752,0.33999999999991815,1.5460000000000491,0,0.0
91,retract,1,753,0.83400000000006,1.0739999999998417,0,0.0
91,retract,1,754,0.3480000000001837,1.8239999999998417,0,0.0
91,retract,1,755,0.8179999999999836,0.7980000000000018,0,0.0
91,retract,1,756,0.15800000000012915,0.041999999999916326,0,0.0
91,retract,1,758,0.032000000000152795,0.12599999999997635,0,0.0
91,retract,1,760,0.17200000000002547,2.2280000000000655,0,0.0
91,retract,1,761,0.34199999999987085,0.8220000000001164,0,0.0
91,retract,1,762,0.41599999999994,3.2619999999999436,0,0.0
91,retract,1,763,0.13400000000001455,0.07600000000002183,0,0.0
91,retract,1,765,0.24200000000018917,0.6579999999999018,0,0.0
91,retract,1,766,0.7480000000000473,0.8699999999998909,0,0.0
91,retract,1,767,0.7599999999999909,0.734000000000151,0,0.0
91,retract,1,768,0.6240000000000236,1.58199999999988,0,0.0
91,retract,1,769,1.2480000000000473,2.824000000000069,1,0.0
91,retract,1,770,0.9759999999998854,2.55600000000004,1,0.0
91,retract,1,771,0.22000000000002728,1.1119999999998527,0,0.0
91,retract,1,772,0.43200000000001637,4.00200000000018,0,0.0
91,retract,1,773,0.9759999999998854,3.38799999999992,1,0.0
91,retract,1,774,0.9320000000000164,1.9919999999999618,1,0.0
91,retract,1,775,0.8680000000001655,1.627999999999929,0,0.0
91,retract,1,776,0.9079999999999018,5.3900000000001,1,0.0
91,retract,1,777,1.3360000000000127,1.9139999999999873,1,0.0
91,retract,1,778,1.9880000000000564,2.30600000000004,1,0.0
91,retract,1,779,0.5659999999998035,5.0900000000001455,0,0.0
91,retract,1,780,0.5660000000000309,0.7459999999998672,0,0.0
91,retract,1,781,0.8500000000001364,1.4579999999998563,0,0.0
91,retract,1,782,0.9160000000001673,0.8460000000000036,0,0.0
91,retract,1,783,0.7459999999998672,2.1920000000000073,0,0.0
91,retract,1,784,0.9700000000000273,0.7919999999999163,0,0.0
91,retract,1,785,0.8820000000000618,1.2160000000001219,0,0.0
91,retract,1,786,1.2259999999998854,2.4580000000000837,1,0.0
91,retract,1,787,1.9919999999999618,1.69399999999996,1,0.0
91,retract,1,788,0.4359999999999218,0.8600000000001273,0,0.0
91,retract,1,789,0.07799999999997453,0.07600000000002183,0,0.0
91,retract,1,791,0.8099999999999454,1.4940000000001419,0,0.0
91,retract,1,792,0.15399999999999636,1.7819999999999254,0,0.0
91,retract,1,793,0.8460000000000036,0.7119999999999891,0,0.0
91,retract,1,794,0.94399999999996,1.4039999999999964,0,0.0
91,retract,1,795,0.8600000000001273,0.9299999999998363,0,0.0
91,retract,1,796,0.9760000000001128,0.75,0,0.0
91,retract,1,797,1.1699999999998454,1.52800000000002,1,0.0
91,retract,1,798,0.3140000000000782,1.9839999999999236,0,0.0
91,retract,1,799,0.5660000000000309,19.986000000000104,0,0.0
91,retract,1,800,0.2239999999999327,0.8540000000000418,0,0.0
91,retract,1,801,0.52800000000002,1.7999999999999545,0,0.0
91,retract,1,802,0.849999999999909,1.3380000000001928,0,0.0
91,retract,1,803,0.6979999999998654,0.9239999999999782,0,0.0
91,retract,1,804,0.9940000000001419,1.4019999999998163,0,0.0
91,retract,1,805,1.0,2.882000000000062,0,0.0
91,retract,1,806,1.8460000000000036,13.430000000000064,1,0.0
91,retract,1,807,0.6199999999998909,1.272000000000162,0,0.0
91,retract,1,808,0.15399999999999636,0.7300000000000182,0,0.0
91,retract,1,809,1.0199999999999818,2.6779999999998836,1,0.0
91,retract,1,810,0.5380000000000109,1.9200000000000728,0,0.0
91,retract,1,811,0.8099999999999454,1.4739999999999327,0,0.0
91,retract,1,812,2.2999999999999545,2.150000000000091,1,0.0
91,retract,1,813,1.1959999999999127,0.11400000000003274,1,0.0
91,retract,1,814,0.15000000000009095,1.6320000000000618,0,0.0
91,retract,1,815,1.6899999999998272,17.660000000000082,1,0.0
91,retract,1,816,0.2760000000000673,0.021999999999934516,0,0.0
91,retract,1,818,0.4759999999998854,1.0299999999999727,0,0.0
91,retract,1,819,0.4500000000000455,0.11000000000012733,0,0.0
91,retract,1,821,1.1219999999998436,3.58400000000006,1,0.0
91,retract,1,822,0.8320000000001073,1.4800000000000182,0,0.0
91,retract,1,823,1.1759999999999309,2.2760000000000673,1,0.0
91,retract,1,824,0.793999999999869,1.1020000000000891,0,0.0
91,retract,1,825,0.52800000000002,0.06399999999985084,0,0.0
91,retract,1,827,0.5219999999999345,0.05600000000004002,0,0.0
91,retract,1,829,1.094000000000051,3.30600000000004,1,0.0
91,retract,1,830,1.2080000000000837,0.05199999999990723,1,0.0
91,retract,1,831,0.2539999999999054,16.19600000000014,0,0.0
91,retract,1,832,1.6140000000000327,4.993999999999687,1,0.0
91,retract,1,833,0.6460000000001855,1.9299999999998363,0,0.0
91,retract,1,834,0.7640000000001237,1.1159999999999854,0,0.0
91,retract,1,835,1.0280000000002474,2.6299999999996544,1,0.0
91,retract,1,836,1.050000000000182,28.076000000000022,1,0.0
91,retract,1,837,0.33199999999987995,0.05600000000004002,0,0.0
91,retract,1,839,0.9120000000002619,0.94399999999996,0,0.0
91,retract,1,840,0.9639999999999418,3.263999999999669,0,0.0
91,retract,1,841,0.8420000000000982,1.2280000000000655,0,0.0
91,retract,1,842,0.9459999999999127,1.1739999999999782,0,0.0
91,retract,1,843,0.9020000000000437,0.7280000000000655,0,0.0
91,retract,1,844,1.0880000000001928,3.231999999999971,1,0.0
91,retract,1,845,1.0479999999997744,2.486000000000331,1,0.0
91,retract,1,846,1.2279999999996107,2.104000000000269,1,0.0
91,retract,1,847,0.7159999999998945,1.293999999999869,0,0.0
91,retract,1,848,1.61200000000008,2.543999999999869,1,0.0
91,retract,1,849,0.7160000000003492,0.05199999999967986,0,0.0
91,retract,1,851,0.8020000000001346,1.099999999999909,0,0.0
91,retract,1,852,0.9279999999998836,1.2599999999997635,0,0.0
91,retract,1,853,0.9660000000003492,1.0519999999996799,0,0.0
91,retract,1,854,0.8980000000001382,2.0920000000000982,0,0.0
91,retract,1,855,1.02599999999984,0.9059999999999491,0,0.0
91,retract,1,856,0.2660000000000764,0.09999999999990905,0,0.0
91,retract,1,858,0.793999999999869,1.0059999999998581,0,0.0
91,retract,1,859,0.8220000000001164,1.91399999999976,0,0.0
91,retract,1,860,0.8859999999999673,3.1280000000001564,0,0.0
91,retract,1,861,0.0500000000001819,0.819999999999709,0,0.0
91,retract,1,862,1.3800000000001091,0.0660000000002583,1,0.0
91,retract,1,863,0.5499999999997272,2.561999999999898,0,0.0
91,retract,1,864,1.068000000000211,21.909999999999854,0,0.0
91,retract,1,865,0.40399999999999636,0.046000000000276486,0,0.0
91,retract,1,867,0.17599999999993088,0.0500000000001819,0,0.0
91,retract,1,869,0.2980000000002292,0.9299999999998363,0,0.0
91,retract,1,870,1.0459999999998217,1.461999999999989,0,0.0
91,retract,1,871,1.5300000000002,3.9600000000000364,1,0.0
91,retract,1,872,0.30600000000004,0.91800000000012,0,0.0
91,retract,1,873,1.1679999999996653,2.8079999999999927,1,0.0
91,retract,1,874,0.3320000000003347,4.963999999999942,0,0.0
91,retract,1,875,1.094000000000051,1.1599999999998545,0,0.0
91,retract,1,876,0.6959999999999127,1.5720000000001164,0,0.0
91,retract,1,877,1.2260000000001128,3.80600000000004,1,0.0
91,retract,1,878,1.7219999999997526,0.02599999999983993,1,0.0
91,retract,1,879,0.5880000000001928,4.371999999999844,0,0.0
91,retract,1,880,1.0720000000001164,1.7400000000002365,0,0.0
91,retract,1,881,1.3460000000000036,0.1639999999997599,1,0.0
91,retract,1,882,0.021999999999934516,2.0160000000000764,0,0.0
91,retract,1,883,1.7800000000002,4.351999999999862,1,0.0
91,retract,1,884,0.7840000000001055,25.36200000000008,0,0.0
91,retract,1,885,0.681999999999789,1.7339999999999236,0,0.0
91,retract,1,886,0.40599999999994907,1.8659999999999854,0,0.0
91,retract,1,887,1.25,13.05600000000004,1,0.0
91,retract,1,888,1.1140000000000327,58.403999999999996,1,0.0
91,retract,1,889,0.7660000000000764,1.4980000000000473,0,0.0
91,retract,1,890,0.27599999999983993,0.057999999999992724,0,0.0
91,retract,1,892,0.03199999999969805,0.6720000000000255,0,0.0
91,retract,1,893,1.1799999999998363,3.6200000000003456,1,0.0
91,retract,1,894,1.4400000000000546,2.5419999999999163,1,0.0
91,retract,1,895,1.25,2.55199999999968,1,0.0
91,retract,1,896,1.118000000000393,10.297999999999774,0,0.0
91,retract,1,897,1.268000000000029,3.0160000000000764,1,0.0
91,retract,1,898,1.4039999999999964,2.5299999999997453,1,0.0
91,retract,1,899,0.9840000000003783,0.03599999999960346,0,0.0
91,retract,1,901,0.44399999999996,0.06399999999985084,0,0.0
91,retract,1,903,0.8379999999997381,1.2220000000002074,0,0.0
91,retract,1,904,0.5900000000001455,1.63799999999992,0,0.0
91,retract,1,905,1.3260000000000218,3.1599999999998545,1,0.0
91,retract,1,906,1.0540000000000873,1.8299999999999272,0,0.0
91,retract,1,907,0.9780000000000655,1.0219999999999345,0,0.0
91,retract,1,908,0.8139999999998508,1.1600000000003092,0,0.0
91,retract,1,909,0.7579999999998108,1.5399999999999636,0,0.0
91,retract,1,910,1.0740000000000691,1.4220000000000255,0,0.0
91,retract,1,911,1.2040000000001783,2.7859999999996035,1,0.0
91,retract,1,912,1.0920000000000982,1.7600000000002183,0,0.0
91,retract,1,913,1.1039999999998145,1.6880000000001019,0,0.0
91,retract,1,914,1.1219999999998436,1.1520000000000437,0,0.0
91,retract,1,915,0.7319999999999709,1.1640000000002146,0,0.0
91,retract,1,916,1.11200000000008,0.9579999999996289,0,0.0
91,retract,1,917,1.5540000000000873,3.0100000000002183,1,0.0
91,retract,1,918,1.5919999999996435,4.008000000000266,1,0.0
91,retract,1,919,0.7739999999998872,40.47600000000011,0,0.0
91,retract,1,920,0.7959999999998217,1.2820000000001528,0,0.0
91,retract,1,921,0.3760000000002037,1.0579999999999927,0,0.0
91,retract,1,922,0.7279999999996107,1.36200000000008,0,0.0
91,retract,1,923,1.155999999999949,1.0620000000003529,0,0.0
91,retract,1,924,1.0039999999999054,0.9200000000000728,0,0.0
91,retract,1,925,0.5639999999998508,0.11000000000012733,0,0.0
91,retract,1,927,0.9200000000000728,1.3859999999999673,0,0.0
91,retract,1,928,1.7640000000001237,3.3399999999996908,1,0.0
91,retract,1,929,1.344000000000051,2.7539999999999054,1,0.0
91,retract,1,930,0.7940000000003238,1.8779999999997017,0,0.0
91,retract,1,931,0.818000000000211,25.14800000000014,0,0.0
91,retract,1,932,0.47599999999965803,1.4500000000002728,0,0.0
91,retract,1,933,1.375999999999749,3.9280000000003383,1,0.0
91,retract,1,934,1.13799999999992,2.5119999999997162,0,0.0
91,retract,1,935,0.9039999999999964,1.6739999999999782,0,0.0
91,retract,1,936,1.2400000000002365,2.9859999999998763,1,0.0
91,retract,1,937,2.6959999999999127,3.981999999999971,1,0.0
91,retract,1,938,2.048000000000229,23.608000000000175,1,0.0
91,retract,1,939,0.3979999999996835,0.038000000000010914,0,0.0
91,retract,1,941,0.6239999999997963,2.467999999999847,0,0.0
91,retract,1,942,2.0960000000000036,2.83600000000024,1,0.0
91,retract,1,943,2.0659999999998035,6.302000000000135,1,0.0
91,retract,1,944,0.2860000000000582,0.9619999999999891,0,0.0
91,retract,1,945,1.2660000000000764,2.6920000000000073,1,0.0
91,retract,1,946,0.7539999999999054,0.0340000000001055,0,0.0
91,retract,1,948,0.7680000000000291,1.725999999999658,0,0.0
91,retract,1,949,1.1820000000002437,1.9859999999998763,0,0.0
91,retract,1,950,0.8859999999999673,1.4639999999999418,0,0.0
91,retract,1,951,1.2560000000003129,2.1299999999996544,1,0.0
91,retract,1,952,1.4839999999999236,0.12200000000029831,1,0.0
91,retract,1,953,0.1799999999998363,18.20400000000018,0,0.0
91,retract,1,954,1.0960000000000036,0.9380000000001019,0,0.0
91,retract,1,955,0.6119999999996253,1.5280000000002474,0,0.0
91,retract,1,956,1.0740000000000691,1.3139999999998508,0,0.0
91,retract,1,957,1.44399999999996,3.0960000000000036,1,0.0
91,retract,1,958,0.2919999999999163,0.7260000000001128,0,0.0
91,retract,1,959,1.1539999999999964,2.52599999999984,0,0.0
91,retract,1,960,0.9400000000000546,1.3820000000000618,0,0.0
91,retract,1,961,1.3260000000000218,2.518000000000029,1,0.0
91,retract,1,962,1.0520000000001346,1.8579999999997199,0,0.0
91,retract,1,963,1.3580000000001746,24.03800000000001,1,0.0
91,retract,1,964,1.0639999999998508,1.8980000000001382,0,0.0
91,retract,1,965,0.900000000000091,1.6520000000000437,0,0.0
91,retract,1,966,0.35199999999986176,0.07200000000011642,0,0.0
91,retract,1,968,0.43200000000024374,0.03599999999960346,0,0.0
91,retract,1,970,0.5119999999997162,0.07200000000011642,0,0.0
91,retract,1,972,0.8539999999998145,0.9039999999999964,0,0.0
91,retract,1,973,0.07800000000042928,0.02599999999983993,0,0.0
91,retract,1,975,0.068000000000211,0.04999999999972715,0,0.0
91,retract,1,977,0.39400000000023283,0.9959999999996398,0,0.0
91,retract,1,978,0.7700000000004366,1.6119999999996253,0,0.0
91,retract,1,979,1.0100000000002183,1.4659999999998945,0,0.0
91,retract,1,980,1.4940000000001419,36.940000000000055,1,0.0
91,retract,1,981,0.6779999999998836,0.06399999999985084,0,0.0
91,retract,1,983,0.7220000000002074,1.7159999999998945,0,0.0
91,retract,1,984,1.0059999999998581,1.6599999999998545,0,0.0
91,retract,1,985,0.8659999999999854,1.012000000000171,0,0.0
91,retract,1,986,1.2519999999999527,88.75600000000031,1,0.0
91,retract,1,987,0.5339999999996508,2.144000000000233,0,0.0
91,retract,1,988,0.9099999999998545,1.3420000000000982,0,0.0
91,retract,1,989,0.762000000000171,1.2439999999996871,0,0.0
91,retract,1,990,1.5540000000000873,2.8719999999998436,1,0.0
91,retract,1,991,0.7080000000000837,1.099999999999909,0,0.0
91,retract,1,992,1.124000000000251,1.0599999999999454,0,0.0
91,retract,1,993,0.5340000000001055,13.75,0,0.0
91,retract,1,994,0.7159999999998945,0.8699999999998909,0,0.0
91,retract,1,995,0.9340000000001965,1.5059999999998581,0,0.0
91,retract,1,996,0.8119999999998981,1.7980000000002292,0,0.0
91,retract,1,997,0.7100000000000364,1.2799999999997453,0,0.0
91,retract,1,998,0.8960000000001855,1.3659999999999854,0,0.0
91,retract,1,999,0.6019999999998618,1.7719999999999345,0,0.0
91,retract,1,1000,0.09000000000014552,0.05400000000008731,0,0.0
91,retract,1,1002,1.1159999999999854,0.8899999999998727,0,0.0
91,retract,1,1003,1.762000000000171,16.473999999999705,1,0.0
91,retract,1,1004,0.2640000000001237,0.8200000000001637,0,0.0
91,retract,1,1005,0.11599999999998545,0.08199999999987995,0,0.0
91,retract,1,1007,0.6980000000003201,0.053999999999632564,0,0.0
91,retract,1,1009,1.5539999999996326,6.578000000000429,1,0.0
91,retract,1,1010,1.1579999999999018,1.3519999999998618,0,0.0
91,retract,1,1011,0.8339999999998327,0.07400000000006912,0,0.0
91,retract,1,1013,0.9780000000000655,1.456000000000131,0,0.0
91,retract,1,1014,1.4099999999998545,2.7719999999999345,1,0.0
91,retract,1,1015,1.6080000000001746,0.04599999999982174,1,0.0
91,retract,1,1016,0.4580000000000837,2.106000000000222,0,0.0
91,retract,1,1017,1.4479999999998654,2.186000000000149,1,0.0
91,retract,1,1018,2.161999999999807,5.726000000000113,1,0.0
91,retract,1,1019,0.33199999999987995,1.2080000000000837,0,0.0
91,retract,1,1020,0.34799999999995634,8.240000000000236,0,0.0
91,retract,1,1021,1.27599999999984,3.755999999999858,1,0.0
91,retract,1,1022,0.6320000000000618,0.8859999999999673,0,0.0
91,retract,1,1023,0.7280000000000655,1.9279999999998836,0,0.0
91,retract,1,1024,0.9039999999999964,1.218000000000302,0,0.0
91,retract,1,1025,1.3179999999997563,2.3600000000001273,1,0.0
91,retract,1,1026,0.8559999999997672,0.07799999999997453,0,0.0
91,retract,1,1028,0.2719999999999345,0.06799999999975626,0,0.0
91,retract,1,1030,0.5520000000001346,0.057999999999992724,0,0.0
91,retract,1,1032,1.2039999999997235,3.6080000000001746,1,0.0
91,retract,1,1033,1.1880000000001019,1.599999999999909,0,0.0
91,retract,1,1034,0.13999999999987267,0.7139999999999418,0,0.0
91,retract,1,1035,1.1140000000000327,1.4720000000002074,0,0.0
91,retract,1,1036,1.4940000000001419,3.919999999999618,1,0.0
91,retract,1,1037,0.8800000000001091,2.4079999999999018,0,0.0
91,retract,1,1038,1.69399999999996,4.0340000000001055,1,0.0
91,retract,1,1039,0.11999999999989086,1.5060000000003129,0,0.0
91,retract,1,1040,0.9380000000001019,0.02999999999974534,0,0.0
91,retract,1,1042,1.3299999999999272,2.3980000000001382,1,0.0
91,retract,1,1043,0.4479999999998654,0.11999999999989086,0,0.0
91,retract,1,1045,0.31599999999980355,0.0500000000001819,0,0.0
91,retract,1,1047,0.9159999999997126,2.036000000000058,0,0.0
91,retract,1,1048,1.61200000000008,2.3760000000002037,1,0.0
91,retract,1,1049,0.2319999999999709,0.6199999999998909,0,0.0
91,retract,1,1050,1.400000000000091,2.8359999999997854,1,0.0
91,retract,1,1051,0.18000000000029104,0.8559999999997672,0,0.0
91,retract,1,1052,0.9520000000002256,1.2279999999996107,0,0.0
91,retract,1,1053,1.0320000000001528,,0,0.0
91,retract,2,1,0.4000000000000057,0.8140000000000001,0,0.0
91,retract,2,2,0.3919999999999959,1.2120000000000033,0,0.0
91,retract,2,3,0.6340000000000003,0.7519999999999953,0,0.0
91,retract,2,4,0.43599999999999994,0.03399999999999892,0,0.0
91,retract,2,6,0.0799999999999983,0.07800000000000296,0,0.0
91,retract,2,8,0.8219999999999956,3.372,0,0.0
91,retract,2,9,0.1700000000000017,0.07800000000000296,0,0.0
91,retract,2,11,0.1559999999999988,0.060000000000002274,0,0.0
91,retract,2,13,1.0,1.5080000000000027,0,0.0
91,retract,2,14,0.7519999999999953,1.014000000000003,0,0.0
91,retract,2,15,0.18200000000000216,1.0599999999999952,0,0.0
91,retract,2,16,0.06400000000000006,0.05000000000000426,0,0.0
91,retract,2,18,0.9200000000000017,0.7240000000000038,0,0.0
91,retract,2,19,0.7479999999999976,0.027999999999998693,0,0.0
91,retract,2,21,0.25,0.02400000000000091,0,0.0
91,retract,2,23,0.9560000000000031,0.8399999999999963,0,0.0
91,retract,2,24,1.1679999999999993,1.1900000000000048,0,0.0
91,retract,2,25,0.857999999999997,0.7700000000000031,0,0.0
91,retract,2,26,0.75,0.8620000000000019,0,0.0
91,retract,2,27,0.31799999999999784,1.9380000000000024,0,0.0
91,retract,2,28,1.3079999999999927,0.09000000000000341,1,0.0
91,retract,2,29,0.4959999999999951,2.5400000000000063,0,0.0
91,retract,2,30,0.42600000000000193,1.1779999999999973,0,0.0
91,retract,2,31,0.39799999999999613,6.332000000000008,0,0.0
91,retract,2,32,0.2920000000000016,0.06599999999998829,0,0.0
91,retract,2,34,0.5139999999999958,1.8700000000000045,0,0.0
91,retract,2,35,0.7839999999999918,1.358000000000004,0,0.0
91,retract,2,36,0.31799999999999784,0.020000000000010232,0,0.0
91,retract,2,38,1.9140000000000015,2.0559999999999974,1,0.0
91,retract,2,39,0.42799999999999727,0.04999999999999716,0,0.0
91,retract,2,41,0.38400000000000034,0.04599999999999227,0,0.0
91,retract,2,43,0.20600000000000307,0.04399999999999693,0,0.0
91,retract,2,45,1.176000000000002,1.3179999999999978,0,0.0
91,retract,2,46,1.2759999999999962,3.010000000000005,1,0.0
91,retract,2,47,0.36199999999999477,0.010000000000005116,0,0.0
91,retract,2,48,0.21399999999999864,0.44599999999999795,0,0.0
91,retract,2,49,1.097999999999999,0.8079999999999927,0,0.0
91,retract,2,50,0.9680000000000035,0.7379999999999995,0,0.0
91,retract,2,51,1.2460000000000093,2.343999999999994,1,0.0
91,retract,2,52,0.8520000000000039,1.024000000000001,0,0.0
91,retract,2,53,0.867999999999995,1.230000000000004,0,0.0
91,retract,2,54,1.195999999999998,0.7099999999999937,0,0.0
91,retract,2,55,0.9660000000000082,0.98599999999999,0,0.0
91,retract,2,56,0.8580000000000041,0.7199999999999989,0,0.0
91,retract,2,57,0.8580000000000041,0.789999999999992,0,0.0
91,retract,2,58,1.152000000000001,1.3920000000000101,0,0.0
91,retract,2,59,1.1219999999999999,0.9159999999999968,0,0.0
91,retract,2,60,0.9359999999999928,12.61,0,0.0
91,retract,2,61,0.0660000000000025,0.04800000000000182,0,0.0
91,retract,2,63,0.06400000000002137,0.03999999999999204,0,0.0
91,retract,2,65,0.931999999999988,13.878000000000014,0,0.0
91,retract,2,66,0.103999999999985,0.06800000000001205,0,0.0
91,retract,2,68,0.3400000000000034,0.0519999999999925,0,0.0
91,retract,2,70,0.11400000000000432,0.025999999999982037,0,0.0
91,retract,2,73,0.45000000000001705,0.8619999999999948,0,0.0
91,retract,2,74,0.7379999999999995,0.1419999999999959,0,0.0
91,retract,2,76,0.1780000000000257,0.0619999999999834,0,0.0
91,retract,2,79,0.012000000000000455,0.6980000000000075,0,0.0
91,retract,2,80,1.2059999999999889,3.1180000000000234,1,0.0
91,retract,2,81,1.1059999999999945,1.0139999999999816,0,0.0
91,retract,2,82,1.0700000000000216,1.8220000000000027,0,0.0
91,retract,2,83,1.0039999999999907,1.26400000000001,0,0.0
91,retract,2,84,1.117999999999995,1.1899999999999977,0,0.0
91,retract,2,85,1.4579999999999984,2.055999999999983,1,0.0
91,retract,2,86,0.8780000000000143,0.02400000000000091,0,0.0
91,retract,2,88,1.5340000000000202,3.805999999999983,1,0.0
91,retract,2,89,1.460000000000008,9.639999999999986,1,0.0
91,retract,2,90,1.0,1.4140000000000157,0,0.0
91,retract,2,91,1.132000000000005,1.5079999999999814,0,0.0
91,retract,2,92,1.1140000000000043,1.5160000000000196,0,0.0
91,retract,2,93,1.931999999999988,2.2239999999999895,1,0.0
91,retract,2,94,0.8580000000000041,1.2180000000000177,0,0.0
91,retract,2,95,1.1159999999999854,1.2299999999999898,0,0.0
91,retract,2,96,2.3140000000000214,7.573999999999984,1,0.0
91,retract,2,97,0.12999999999999545,0.6580000000000155,0,0.0
91,retract,2,98,0.1519999999999868,0.014000000000010004,0,0.0
91,retract,2,100,0.568000000000012,1.0360000000000014,0,0.0
91,retract,2,101,0.03200000000001069,0.06799999999998363,0,0.0
91,retract,2,103,1.157999999999987,0.7520000000000095,0,0.0
91,retract,2,104,0.02400000000000091,0.11400000000000432,0,0.0
91,retract,2,106,0.8979999999999961,0.02600000000001046,0,0.0
91,retract,2,108,1.0219999999999914,14.593999999999994,0,0.0
91,retract,2,109,0.5480000000000018,0.08600000000001273,0,0.0
91,retract,2,111,1.0419999999999732,1.48599999999999,0,0.0
91,retract,2,112,1.5020000000000095,7.862000000000023,1,0.0
91,retract,2,113,1.0919999999999845,2.326000000000022,0,0.0
91,retract,2,114,1.2299999999999613,3.6380000000000337,1,0.0
91,retract,2,115,1.358000000000004,9.903999999999996,1,0.0
91,retract,2,116,0.7259999999999991,1.5159999999999627,0,0.0
91,retract,2,117,0.5740000000000123,0.02199999999999136,0,0.0
91,retract,2,119,1.4820000000000277,4.076000000000022,1,0.0
91,retract,2,120,2.339999999999975,2.283999999999992,1,0.0
91,retract,2,121,1.5360000000000014,4.021999999999991,1,0.0
91,retract,2,122,0.9580000000000268,0.6739999999999782,0,0.0
91,retract,2,123,1.461999999999989,2.2100000000000364,1,0.0
91,retract,2,124,1.5579999999999927,5.057999999999993,1,0.0
91,retract,2,125,0.3159999999999741,2.2560000000000286,0,0.0
91,retract,2,126,1.3100000000000023,1.6580000000000155,1,0.0
91,retract,2,127,1.0120000000000005,0.060000000000002274,0,0.0
91,retract,2,129,2.0860000000000127,0.018000000000029104,1,0.0
91,retract,2,130,0.3079999999999927,0.057999999999992724,0,0.0
91,retract,2,132,1.136000000000024,1.1100000000000136,0,0.0
91,retract,2,133,1.1099999999999568,1.5640000000000214,0,0.0
91,retract,2,134,1.141999999999996,1.1800000000000068,0,0.0
91,retract,2,135,0.6119999999999663,1.2940000000000396,0,0.0
91,retract,2,136,1.4119999999999777,2.6999999999999886,1,0.0
91,retract,2,137,1.962000000000046,3.951999999999998,1,0.0
91,retract,2,138,0.9559999999999604,1.6340000000000146,0,0.0
91,retract,2,139,1.2919999999999732,4.722000000000037,1,0.0
91,retract,2,140,0.7760000000000105,0.9420000000000073,0,0.0
91,retract,2,141,1.183999999999969,1.0780000000000314,0,0.0
91,retract,2,142,1.113999999999976,1.1619999999999777,0,0.0
91,retract,2,143,1.1899999999999977,0.9440000000000168,0,0.0
91,retract,2,144,1.8380000000000223,2.5020000000000095,1,0.0
91,retract,2,145,2.4499999999999886,1.9139999999999873,1,0.0
91,retract,2,146,1.0079999999999814,0.05600000000004002,0,0.0
91,retract,2,148,1.0840000000000032,1.103999999999985,0,0.0
91,retract,2,149,1.490000000000009,4.433999999999969,1,0.0
91,retract,2,150,0.9580000000000268,17.901999999999987,0,0.0
91,retract,2,151,1.3000000000000114,0.1139999999999759,1,0.0
91,retract,2,152,0.22800000000000864,3.2280000000000086,0,0.0
91,retract,2,153,0.6899999999999977,2.146000000000015,0,0.0
91,retract,2,154,1.339999999999975,8.478000000000009,1,0.0
91,retract,2,155,0.09800000000001319,0.06999999999999318,0,0.0
91,retract,2,157,1.0079999999999814,1.5760000000000218,0,0.0
91,retract,2,158,0.4679999999999609,0.04599999999999227,0,0.0
91,retract,2,160,0.9000000000000341,0.8659999999999854,0,0.0
91,retract,2,161,0.7239999999999895,0.04800000000000182,0,0.0
91,retract,2,163,1.024000000000001,0.9759999999999991,0,0.0
91,retract,2,164,0.32200000000000273,1.2900000000000205,0,0.0
91,retract,2,165,0.19600000000002638,0.06599999999997408,0,0.0
91,retract,2,167,0.15800000000001546,0.04800000000000182,0,0.0
91,retract,2,169,0.8439999999999941,0.8000000000000114,0,0.0
91,retract,2,170,1.641999999999996,7.79200000000003,1,0.0
91,retract,2,171,1.0299999999999727,1.1200000000000045,0,0.0
91,retract,2,172,1.2420000000000186,2.801999999999964,1,0.0
91,retract,2,173,1.6440000000000055,5.802000000000021,1,0.0
91,retract,2,174,0.8380000000000223,1.1499999999999773,0,0.0
91,retract,2,175,1.75,3.745999999999981,1,0.0
91,retract,2,176,1.160000000000025,0.033999999999991815,0,0.0
91,retract,2,179,1.0179999999999723,1.0540000000000305,0,0.0
91,retract,2,180,2.673999999999978,9.057999999999993,1,0.0
91,retract,2,181,0.5060000000000286,8.288000000000011,0,0.0
91,retract,2,182,0.06999999999993634,0.06200000000001182,0,0.0
91,retract,2,184,1.3979999999999109,3.0540000000000873,1,0.0
91,retract,2,185,1.6359999999999673,8.961999999999989,1,0.0
91,retract,2,186,0.4619999999999891,0.04800000000000182,0,0.0
91,retract,2,188,0.9260000000000446,0.9979999999999336,0,0.0
91,retract,2,189,1.358000000000061,2.3840000000000146,1,0.0
91,retract,2,190,2.3460000000000036,2.173999999999978,1,0.0
91,retract,2,191,2.0639999999999645,7.204000000000065,1,0.0
91,retract,2,192,1.1039999999999281,1.52800000000002,0,0.0
91,retract,2,193,1.032000000000039,1.759999999999991,0,0.0
91,retract,2,194,0.9120000000000346,0.7259999999999991,0,0.0
91,retract,2,195,0.05599999999992633,0.04000000000007731,0,0.0
91,retract,2,197,1.1700000000000728,0.7559999999999718,0,0.0
91,retract,2,198,0.37199999999995725,0.04200000000003001,0,0.0
91,retract,2,200,1.6000000000000227,4.610000000000014,1,0.0
91,retract,2,201,1.9239999999999782,9.326000000000022,1,0.0
91,retract,2,202,0.2660000000000764,0.06399999999996453,0,0.0
91,retract,2,204,0.2899999999999636,0.05200000000002092,0,0.0
91,retract,2,206,0.9960000000000946,1.0459999999999354,0,0.0
91,retract,2,207,0.7559999999999718,0.09400000000005093,0,0.0
91,retract,2,209,0.4619999999999891,0.03199999999992542,0,0.0
91,retract,2,211,1.2859999999999445,4.990000000000009,1,0.0
91,retract,2,212,3.368000000000052,2.3439999999999372,1,0.0
91,retract,2,213,1.8140000000000782,2.4559999999999036,1,0.0
91,retract,2,214,2.187999999999988,6.0060000000000855,1,0.0
91,retract,2,215,0.8179999999999836,1.3260000000000218,0,0.0
91,retract,2,216,1.0399999999999636,0.9959999999999809,0,0.0
91,retract,2,217,1.1480000000000246,1.2980000000000018,0,0.0
91,retract,2,218,1.4660000000000082,13.72199999999998,1,0.0
91,retract,2,219,0.9819999999999709,1.080000000000041,0,0.0
91,retract,2,220,1.032000000000039,0.9519999999999982,0,0.0
91,retract,2,221,0.8279999999999745,1.1200000000000045,0,0.0
91,retract,2,222,0.6920000000000073,14.293999999999983,0,0.0
91,retract,2,223,0.9940000000000282,0.9399999999999409,0,0.0
91,retract,2,224,0.34400000000005093,0.053999999999973625,0,0.0
91,retract,2,226,1.1499999999999773,1.2240000000000464,0,0.0
91,retract,2,227,1.0139999999998963,0.9180000000000064,0,0.0
91,retract,2,228,1.5920000000000982,3.7479999999999336,1,0.0
91,retract,2,229,1.8279999999999745,3.01400000000001,1,0.0
91,retract,2,230,0.7300000000000182,1.0499999999999545,0,0.0
91,retract,2,231,2.15400000000011,2.4459999999999127,1,0.0
91,retract,2,232,1.5919999999999845,3.9720000000000937,1,0.0
91,retract,2,233,1.995999999999981,4.103999999999928,1,0.0
91,retract,2,234,1.802000000000021,2.9980000000000473,1,0.0
91,retract,2,235,0.2579999999999245,1.27800000000002,0,0.0
91,retract,2,236,2.1000000000000227,15.413999999999987,1,0.0
91,retract,2,237,0.8840000000000146,3.618000000000052,0,0.0
91,retract,2,238,1.0179999999999154,1.254000000000019,0,0.0
91,retract,2,239,1.0500000000000682,1.990000000000009,0,0.0
91,retract,2,240,1.2619999999999436,4.012000000000057,1,0.0
91,retract,2,241,1.9699999999999136,10.516000000000076,1,0.0
91,retract,2,242,1.1179999999999382,1.4120000000000346,0,0.0
91,retract,2,243,0.9759999999999991,0.057999999999992724,0,0.0
91,retract,2,245,1.7380000000000564,2.73599999999999,1,0.0
91,retract,2,246,1.7279999999999518,4.146000000000072,1,0.0
91,retract,2,247,1.1159999999999854,1.5,0,0.0
91,retract,2,248,1.0480000000000018,1.1159999999999854,0,0.0
91,retract,2,249,1.67999999999995,7.308000000000106,1,0.0
91,retract,2,250,0.7619999999999436,2.005999999999972,0,0.0
91,retract,2,251,0.8220000000000027,8.266000000000076,0,0.0
91,retract,2,252,0.15199999999992997,0.7140000000000555,0,0.0
91,retract,2,253,1.2160000000000082,15.409999999999968,1,0.0
91,retract,2,254,0.9139999999999873,1.532000000000039,0,0.0
91,retract,2,255,0.8659999999999854,0.7980000000000018,0,0.0
91,retract,2,256,0.025999999999953616,0.05000000000006821,0,0.0
91,retract,2,258,1.0379999999998972,1.4840000000000373,0,0.0
91,retract,2,259,1.3600000000000136,3.1359999999999673,1,0.0
91,retract,2,260,1.4220000000000255,4.4360000000000355,1,0.0
91,retract,2,261,1.0459999999999354,1.0060000000000855,0,0.0
91,retract,2,262,1.7779999999999063,13.865999999999985,1,0.0
91,retract,2,263,1.1100000000000136,1.009999999999991,0,0.0
91,retract,2,264,0.9260000000000446,1.1399999999999864,0,0.0
91,retract,2,265,1.1480000000000246,0.7100000000000364,0,0.0
91,retract,2,266,1.1159999999999854,1.1159999999999854,0,0.0
91,retract,2,267,1.5459999999999354,3.062000000000012,1,0.0
91,retract,2,268,2.1820000000000164,6.656000000000063,1,0.0
91,retract,2,269,1.711999999999989,2.69399999999996,1,0.0
91,retract,2,270,1.268000000000029,0.09000000000003183,1,0.0
91,retract,2,271,0.5319999999999254,8.745999999999981,0,0.0
91,retract,2,272,1.3559999999999945,0.11400000000003274,1,0.0
91,retract,2,273,0.008000000000038199,1.9560000000000173,0,0.0
91,retract,2,274,1.5159999999999627,2.1000000000000227,1,0.0
91,retract,2,275,2.659999999999968,2.6259999999999764,1,0.0
91,retract,2,276,2.197999999999979,2.32000000000005,1,0.0
91,retract,2,277,2.004000000000019,9.41599999999994,1,0.0
91,retract,2,278,2.01400000000001,0.05200000000002092,1,0.0
91,retract,2,279,0.022000000000048203,4.231999999999971,0,0.0
91,retract,2,280,0.9700000000000273,1.1820000000000164,0,0.0
91,retract,2,281,2.8199999999999363,3.830000000000041,1,0.0
91,retract,2,282,1.6059999999999945,3.5159999999999627,1,0.0
91,retract,2,283,1.8279999999999745,5.132000000000062,1,0.0
91,retract,2,284,1.5699999999999363,3.618000000000052,1,0.0
91,retract,2,285,1.4039999999999964,7.6200000000000045,1,0.0
91,retract,2,286,0.12000000000000455,1.8099999999999454,0,0.0
91,retract,2,287,1.3520000000000891,8.497999999999934,1,0.0
91,retract,2,288,1.4160000000000537,8.42999999999995,1,0.0
91,retract,2,289,0.5819999999999936,0.9900000000000091,0,0.0
91,retract,2,290,1.3120000000000118,0.06200000000001182,1,0.0
91,retract,2,291,0.014000000000010004,3.6720000000000255,0,0.0
91,retract,2,292,1.6999999999999318,14.990000000000009,1,0.0
91,retract,2,293,1.2839999999999918,14.33400000000006,1,0.0
91,retract,2,294,0.9499999999999318,0.7459999999999809,0,0.0
91,retract,2,295,1.136000000000081,0.053999999999973625,0,0.0
91,retract,2,297,0.9839999999999236,1.0880000000000791,0,0.0
91,retract,2,298,1.0199999999999818,0.8559999999999945,0,0.0
91,retract,2,299,0.80600000000004,0.03999999999996362,0,0.0
91,retract,2,301,1.2160000000000082,2.618000000000052,1,0.0
91,retract,2,302,1.3659999999999854,0.06200000000001182,1,0.0
91,retract,2,303,0.038000000000010914,4.80399999999986,0,0.0
91,retract,2,304,0.9680000000000746,2.074000000000069,0,0.0
91,retract,2,305,0.8940000000000055,2.953999999999951,0,0.0
91,retract,2,306,0.4539999999999509,2.5779999999999745,0,0.0
91,retract,2,307,0.39200000000005275,0.15200000000004366,0,0.0
91,retract,2,309,1.1099999999999,1.4400000000000546,0,0.0
91,retract,2,310,0.5240000000001146,1.5519999999999072,0,0.0
91,retract,2,311,0.13400000000001455,0.026000000000067303,0,0.0
91,retract,2,313,1.00200000000018,9.093999999999824,0,0.0
91,retract,2,314,1.2660000000000764,19.22199999999998,1,0.0
91,retract,2,315,0.5699999999999363,0.04600000000004911,0,0.0
91,retract,2,317,1.1100000000001273,1.1579999999999018,0,0.0
91,retract,2,318,1.2360000000001037,2.467999999999847,1,0.0
91,retract,2,319,2.0860000000000127,2.826000000000022,1,0.0
91,retract,2,320,2.9780000000000655,4.001999999999953,1,0.0
91,retract,2,321,0.91800000000012,2.0499999999999545,0,0.0
91,retract,2,322,0.8920000000000528,1.1199999999998909,0,0.0
91,retract,2,323,0.80600000000004,0.9239999999999782,0,0.0
91,retract,2,324,1.1759999999999309,1.3279999999999745,0,0.0
91,retract,2,325,0.4500000000000455,0.01999999999998181,0,0.0
91,retract,2,327,1.1620000000000346,0.05600000000004002,0,0.0
91,retract,2,329,1.9679999999998472,4.792000000000144,1,0.0
91,retract,2,330,1.2539999999999054,2.33199999999988,1,0.0
91,retract,2,331,1.55800000000022,0.11399999999980537,1,0.0
91,retract,2,332,0.029999999999972715,8.97400000000016,0,0.0
91,retract,2,333,1.9020000000000437,7.007999999999811,1,0.0
91,retract,2,334,1.0520000000001346,0.05199999999990723,0,0.0
91,retract,2,336,1.4839999999999236,6.266000000000076,1,0.0
91,retract,2,337,0.9120000000000346,0.057999999999992724,0,0.0
91,retract,2,339,0.9400000000000546,1.9759999999998854,0,0.0
91,retract,2,340,1.6820000000000164,4.258000000000038,1,0.0
91,retract,2,341,1.6520000000000437,0.057999999999992724,1,0.0
91,retract,2,342,0.03399999999987813,8.36200000000008,0,0.0
91,retract,2,343,1.02800000000002,1.5960000000000036,0,0.0
91,retract,2,344,0.7699999999999818,0.038000000000010914,0,0.0
91,retract,2,346,1.1079999999999472,1.4700000000000273,0,0.0
91,retract,2,347,1.2300000000000182,6.44399999999996,1,0.0
91,retract,2,348,1.4519999999999982,8.317999999999984,1,0.0
91,retract,2,349,0.9239999999999782,0.7699999999999818,0,0.0
91,retract,2,350,0.8460000000000036,11.0,0,0.0
91,retract,2,351,0.3079999999999927,0.14000000000010004,0,0.0
91,retract,2,353,1.1380000000001473,1.043999999999869,0,0.0
91,retract,2,354,1.8299999999999272,14.578000000000202,1,0.0
91,retract,2,355,0.9379999999998745,2.6359999999999673,0,0.0
91,retract,2,356,1.018000000000029,2.0240000000001146,0,0.0
91,retract,2,357,0.2459999999998672,5.3680000000001655,0,0.0
91,retract,2,358,1.2579999999998108,4.508000000000038,1,0.0
91,retract,2,359,1.02800000000002,1.1059999999999945,0,0.0
91,retract,2,360,0.6240000000000236,0.6679999999998927,0,0.0
91,retract,2,361,0.8760000000002037,1.27599999999984,0,0.0
91,retract,2,362,0.8220000000001164,10.536000000000058,0,0.0
91,retract,2,363,1.4839999999999236,3.6140000000000327,1,0.0
91,retract,2,364,1.7999999999999545,5.124000000000024,1,0.0
91,retract,2,365,1.1199999999998909,2.2920000000001437,0,0.0
91,retract,2,366,1.9600000000000364,4.903999999999996,1,0.0
91,retract,2,367,1.19399999999996,1.77599999999984,0,0.0
91,retract,2,368,1.1880000000001019,0.06199999999989814,0,0.0
91,retract,2,370,0.9819999999999709,1.5399999999999636,0,0.0
91,retract,2,371,1.75,5.980000000000018,1,0.0
91,retract,2,372,0.9660000000001219,0.02599999999983993,0,0.0
91,retract,2,374,0.97199999999998,1.1560000000001764,0,0.0
91,retract,2,375,1.2859999999998308,11.04600000000005,1,0.0
91,retract,2,376,1.2480000000000473,9.182000000000016,1,0.0
91,retract,2,377,2.155999999999949,11.759999999999991,1,0.0
91,retract,2,378,1.02800000000002,5.839999999999918,0,0.0
91,retract,2,379,0.6300000000001091,1.1859999999999218,0,0.0
91,retract,2,380,0.9819999999999709,1.2460000000000946,0,0.0
91,retract,2,381,1.3599999999999,9.05600000000004,1,0.0
91,retract,2,382,0.52800000000002,2.3940000000000055,0,0.0
91,retract,2,383,1.122000000000071,3.316000000000031,0,0.0
91,retract,2,384,0.2339999999999236,0.821999999999889,0,0.0
91,retract,2,385,0.9540000000001783,1.4079999999999018,0,0.0
91,retract,2,386,1.1820000000000164,1.5039999999999054,0,0.0
91,retract,2,387,1.4860000000001037,67.13799999999992,1,0.0
91,retract,2,388,1.0740000000000691,1.5860000000000127,0,0.0
91,retract,2,389,0.83400000000006,2.576000000000022,0,0.0
91,retract,2,390,0.5380000000000109,0.03199999999992542,0,0.0
91,retract,2,393,1.1900000000000546,1.2739999999998872,0,0.0
91,retract,2,394,1.2360000000001037,2.6520000000000437,1,0.0
91,retract,2,395,1.1900000000000546,0.13399999999978718,0,0.0
91,retract,2,397,0.4680000000000746,37.968000000000075,0,0.0
91,retract,2,398,0.44399999999996,0.08799999999996544,0,0.0
91,retract,2,400,0.8920000000000528,1.6880000000001019,0,0.0
91,retract,2,401,2.127999999999929,5.587999999999965,1,0.0
91,retract,2,402,0.7280000000000655,0.018000000000029104,0,0.0
91,retract,2,404,0.8079999999999927,0.08400000000006003,0,0.0
91,retract,2,406,1.4259999999999309,8.057999999999993,1,0.0
91,retract,2,407,0.2739999999998872,1.9640000000001692,0,0.0
91,retract,2,408,1.740000000000009,5.423999999999978,1,0.0
91,retract,2,409,0.8379999999999654,1.6059999999999945,0,0.0
91,retract,2,410,1.1099999999999,1.6560000000001764,0,0.0
91,retract,2,411,1.877999999999929,6.981999999999971,1,0.0
91,retract,2,412,2.22199999999998,108.4860000000001,1,0.0
91,retract,2,413,0.6999999999998181,0.9039999999999964,0,0.0
91,retract,2,414,1.2080000000000837,11.966000000000122,1,0.0
91,retract,2,415,0.2059999999999036,0.03600000000005821,0,0.0
91,retract,2,417,1.1259999999999764,1.3419999999998709,0,0.0
91,retract,2,418,2.3220000000001164,100.48800000000006,1,0.0
91,retract,2,419,1.227999999999838,7.923999999999978,1,0.0
91,retract,2,420,1.9240000000002055,10.277999999999793,1,0.0
91,retract,2,421,1.3300000000001546,7.241999999999962,1,0.0
91,retract,2,422,1.316000000000031,6.076000000000022,1,0.0
91,retract,2,423,1.793999999999869,6.698000000000093,1,0.0
91,retract,2,424,1.6539999999999964,8.766000000000076,1,0.0
91,retract,2,425,0.94399999999996,1.6799999999998363,0,0.0
91,retract,2,426,1.2800000000002,8.096000000000004,1,0.0
91,retract,2,427,1.0279999999997926,1.5,0,0.0
91,retract,2,428,1.3580000000001746,0.12999999999988177,1,0.0
91,retract,2,429,0.01999999999998181,3.61200000000008,0,0.0
91,retract,2,430,2.099999999999909,5.461999999999989,1,0.0
91,retract,2,431,1.3400000000001455,8.336000000000013,1,0.0
91,retract,2,432,1.1720000000000255,1.9519999999999982,0,0.0
91,retract,2,433,1.3079999999999927,0.06799999999998363,1,0.0
91,retract,2,434,0.009999999999990905,8.018000000000029,0,0.0
91,retract,2,435,0.8599999999999,1.58400000000006,0,0.0
91,retract,2,436,1.6059999999999945,6.55600000000004,1,0.0
91,retract,2,437,1.9579999999998563,8.69399999999996,1,0.0
91,retract,2,438,1.0860000000000127,1.3500000000001364,0,0.0
91,retract,2,439,1.3599999999999,0.09200000000009823,1,0.0
91,retract,2,440,0.026000000000067303,2.8739999999997963,0,0.0
91,retract,2,441,2.4820000000001983,11.30399999999986,1,0.0
91,retract,2,442,1.1259999999999764,1.8759999999999764,0,0.0
91,retract,2,443,1.5920000000000982,7.41599999999994,1,0.0
91,retract,2,444,1.11200000000008,1.3640000000000327,0,0.0
91,retract,2,445,1.1879999999998745,1.9519999999999982,0,0.0
91,retract,2,446,1.0480000000000018,0.8260000000000218,0,0.0
91,retract,2,447,0.8959999999999582,2.0060000000000855,0,0.0
91,retract,2,448,1.7619999999999436,4.984000000000151,1,0.0
91,retract,2,449,1.599999999999909,4.410000000000082,1,0.0
91,retract,2,450,1.2980000000000018,11.649999999999864,1,0.0
91,retract,2,451,1.3400000000001455,9.05399999999986,1,0.0
91,retract,2,452,0.9880000000000564,1.3460000000000036,0,0.0
91,retract,2,453,1.7960000000000491,5.795999999999822,1,0.0
91,retract,2,454,2.5420000000001437,4.6599999999998545,1,0.0
91,retract,2,455,1.3140000000000782,0.06200000000012551,1,0.0
91,retract,2,456,0.041999999999916326,7.622000000000071,0,0.0
91,retract,2,457,0.8119999999998981,3.104000000000042,0,0.0
91,retract,2,458,0.7860000000000582,2.268000000000029,0,0.0
91,retract,2,459,1.461999999999989,9.083999999999833,1,0.0
91,retract,2,460,1.6440000000000055,6.3279999999999745,1,0.0
91,retract,2,461,0.9480000000000928,1.9120000000000346,0,0.0
91,retract,2,462,1.0699999999999363,1.377999999999929,0,0.0
91,retract,2,463,0.19200000000000728,0.16200000000003456,0,0.0
91,retract,2,465,1.1799999999998363,1.433999999999969,0,0.0
91,retract,2,466,1.5080000000000382,5.669999999999845,1,0.0
91,retract,2,467,2.5780000000004293,6.705999999999676,1,0.0
91,retract,2,468,1.2040000000001783,9.4699999999998,1,0.0
91,retract,2,469,1.6300000000001091,92.67999999999984,1,0.0
91,retract,2,470,1.2200000000002547,12.753999999999905,1,0.0
91,retract,2,471,0.7139999999999418,1.6440000000002328,0,0.0
91,retract,2,472,1.3519999999998618,5.307999999999993,1,0.0
91,retract,2,473,1.512000000000171,4.692000000000007,1,0.0
91,retract,2,474,0.9800000000000182,1.1979999999998654,0,0.0
91,retract,2,475,1.6920000000000073,2.7840000000001055,1,0.0
91,retract,2,476,1.9399999999995998,2.30600000000004,1,0.0
91,retract,2,477,2.0340000000001055,7.44399999999996,1,0.0
91,retract,2,478,1.4079999999999018,8.098000000000411,1,0.0
91,retract,2,479,2.2739999999998872,6.895999999999731,1,0.0
91,retract,2,480,1.5,12.498000000000047,1,0.0
91,retract,2,481,1.7840000000001055,23.800000000000182,1,0.0
91,retract,2,482,0.20599999999967622,1.6739999999999782,0,0.0
91,retract,2,483,1.0740000000000691,7.854000000000269,0,0.0
91,retract,2,484,1.2979999999997744,5.032000000000153,1,0.0
91,retract,2,485,2.199999999999818,6.655999999999949,1,0.0
91,retract,2,486,1.4840000000003783,0.04599999999982174,1,0.0
91,retract,2,487,0.06599999999980355,8.928000000000338,0,0.0
91,retract,2,488,1.155999999999949,1.4220000000000255,0,0.0
91,retract,2,489,1.763999999999669,6.756000000000313,1,0.0
91,retract,2,490,2.3519999999998618,46.909999999999854,1,0.0
91,retract,2,491,1.8840000000000146,6.092000000000098,1,0.0
91,retract,2,492,0.9540000000001783,0.8739999999997963,0,0.0
91,retract,2,493,1.3600000000001273,17.117999999999938,1,0.0
91,retract,2,494,3.61200000000008,9.239999999999782,1,0.0
91,retract,2,495,2.4140000000002146,10.728000000000065,1,0.0
91,retract,2,496,3.0399999999999636,18.746000000000095,1,0.0
91,retract,2,497,1.1340000000000146,1.63799999999992,0,0.0
91,retract,2,498,3.7959999999998217,8.11200000000008,1,0.0
91,retract,2,499,1.4519999999997708,7.042000000000371,1,0.0
91,retract,2,500,2.63799999999992,7.2159999999998945,1,0.0
91,retract,2,501,2.293999999999869,125.36400000000003,1,0.0
91,retract,2,502,0.94399999999996,0.026000000000294676,0,0.0
91,retract,2,504,1.52599999999984,25.182000000000244,1,0.0
91,retract,2,505,3.1900000000000546,8.27599999999984,1,0.0
91,retract,2,506,1.125999999999749,1.1880000000001019,0,0.0
91,retract,2,507,1.8279999999999745,9.236000000000331,1,0.0
91,retract,2,508,2.1859999999996944,29.690000000000055,1,0.0
91,retract,2,509,1.206000000000131,10.786000000000058,1,0.0
91,retract,2,510,1.3019999999996799,0.11599999999998545,1,0.0
91,retract,2,511,0.026000000000294676,7.092000000000098,0,0.0
91,retract,2,512,0.4699999999997999,2.2199999999998,0,0.0
91,retract,2,513,1.3940000000002328,8.005999999999858,1,0.0
91,retract,2,514,1.430000000000291,6.3979999999996835,1,0.0
91,retract,2,515,3.2380000000002838,7.317999999999756,1,0.0
91,retract,2,516,1.75,8.796000000000276,1,0.0
91,retract,2,517,1.0799999999999272,1.61200000000008,0,0.0
91,retract,2,518,1.9719999999997526,0.07200000000011642,1,0.0
91,retract,2,519,0.02999999999974534,8.150000000000091,0,0.0
91,retract,2,520,1.7160000000003492,5.277999999999793,1,0.0
91,retract,2,521,1.6799999999998363,0.05999999999994543,1,0.0
91,retract,2,522,0.012000000000170985,11.382000000000062,0,0.0
91,retract,2,523,1.16399999999976,1.4760000000001128,0,0.0
91,retract,2,524,2.0900000000001455,6.889999999999873,1,0.0
91,retract,2,525,1.711999999999989,10.039999999999964,1,0.0
91,retract,2,526,2.380000000000109,7.277999999999793,1,0.0
91,retract,2,527,1.680000000000291,7.945999999999913,1,0.0
91,retract,2,528,3.8200000000001637,11.25799999999981,1,0.0
91,retract,2,529,2.3899999999998727,7.662000000000262,1,0.0
91,retract,2,530,1.3260000000000218,0.17599999999993088,1,0.0
91,retract,2,531,0.03600000000005821,14.572000000000116,0,0.0
91,retract,2,532,0.6799999999998363,0.8139999999998508,0,0.0
91,retract,2,533,0.7560000000003129,1.8619999999996253,0,0.0
91,retract,2,534,2.4760000000001128,9.248000000000047,1,0.0
91,retract,2,535,2.061999999999898,85.70400000000018,1,0.0
91,retract,2,536,2.1039999999998145,10.922000000000025,1,0.0
91,retract,2,537,1.8760000000002037,7.94399999999996,1,0.0
91,retract,2,538,1.431999999999789,97.2800000000002,1,0.0
91,retract,2,539,0.9299999999998363,1.211999999999989,0,0.0
91,retract,2,540,1.0399999999999636,0.032000000000152795,0,0.0
91,retract,2,542,1.1760000000003856,1.2559999999998581,0,0.0
91,retract,2,543,1.9540000000001783,3.313999999999851,1,0.0
91,retract,2,544,4.80600000000004,17.935999999999694,1,0.0
91,retract,2,545,2.062000000000353,8.77599999999984,1,0.0
91,retract,2,546,2.2519999999999527,11.264000000000124,1,0.0
91,retract,2,547,1.7559999999998581,10.064000000000306,1,0.0
91,retract,2,548,0.6979999999998654,1.4099999999998545,0,0.0
91,retract,2,549,2.1579999999999018,6.200000000000273,1,0.0
91,retract,2,550,2.6779999999998836,7.057999999999993,1,0.0
91,retract,2,551,1.5079999999998108,151.14200000000028,1,0.0
91,retract,2,552,1.6979999999998654,136.69799999999987,1,0.0
91,retract,2,553,2.548000000000229,0.041999999999916326,1,0.0
91,retract,2,554,0.4940000000001419,2.9459999999999127,0,0.0
91,retract,2,555,4.960000000000036,4.793999999999869,1,0.0
91,retract,2,556,0.8859999999999673,0.7980000000002292,0,0.0
91,retract,2,557,0.9919999999997344,1.4080000000003565,0,0.0
91,retract,2,558,1.9559999999996762,4.300000000000182,1,0.0
91,retract,2,559,2.849999999999909,6.2199999999998,1,0.0
91,retract,2,560,0.524000000000342,2.7159999999998945,0,0.0
91,retract,2,561,1.4540000000001783,4.821999999999662,1,0.0
91,retract,2,562,1.7660000000000764,16.06600000000026,1,0.0
91,retract,2,563,0.15799999999990177,0.04999999999972715,0,0.0
91,retract,2,565,1.1900000000000546,1.4459999999999127,0,0.0
91,retract,2,566,2.0720000000001164,3.619999999999891,1,0.0
91,retract,2,567,2.0160000000000764,3.6220000000002983,1,0.0
91,retract,2,568,0.7479999999995925,0.9740000000001601,0,0.0
91,retract,2,569,0.13599999999996726,398.18600000000015,0,0.0
91,retract,2,570,2.456000000000131,4.0,1,0.0
91,retract,2,571,2.38799999999992,24.159999999999854,1,0.0
91,retract,2,572,2.1480000000001382,11.453999999999724,1,0.0
91,retract,2,573,0.25600000000031287,140.038,0,0.0
91,retract,2,574,0.681999999999789,2.256000000000313,0,0.0
91,retract,2,575,1.7359999999998763,119.59999999999945,1,0.0
91,retract,2,576,0.9340000000001965,1.4239999999999782,0,0.0
91,retract,2,577,3.962000000000444,549.7559999999994,1,0.0
91,retract,2,578,1.3640000000004875,0.057999999999992724,1,0.0
91,retract,2,579,0.019999999999527063,382.89800000000014,0,0.0
91,retract,2,580,1.3640000000004875,,1,0.0
92,no_timeout,1,1,0.33399999999999963,0.0799999999999983,0,0.5
92,no_timeout,1,2,0.20400000000000063,5.366,0,0.5
92,no_timeout,1,3,0.13799999999999812,0.40800000000000125,0,0.5
92,no_timeout,1,4,0.6180000000000021,3.7719999999999985,1,0.5
92,no_timeout,1,5,0.13600000000000279,0.44200000000000017,0,0.5
92,no_timeout,1,6,0.2959999999999994,1.8699999999999974,0,0.5
92,no_timeout,1,7,0.4519999999999982,2.2180000000000035,0,0.5
92,no_timeout,1,8,0.08200000000000074,3.053999999999995,0,0.5
92,no_timeout,1,9,0.2880000000000038,0.05799999999999983,0,0.5
92,no_timeout,1,10,0.4540000000000006,0.11999999999999744,0,0.5
92,no_timeout,1,11,0.14000000000000057,0.5180000000000007,0,0.5
92,no_timeout,1,12,0.3059999999999974,2.1840000000000046,0,0.5
92,no_timeout,1,13,0.30799999999999983,0.08200000000000074,0,0.5
92,no_timeout,1,14,0.10799999999999699,0.13799999999999812,0,0.5
92,no_timeout,1,15,0.08200000000000074,2.146000000000001,0,0.5
92,no_timeout,1,16,0.13000000000000256,0.07799999999999585,0,0.5
92,no_timeout,1,17,0.19000000000000483,0.03399999999999892,0,0.5
92,no_timeout,1,18,0.04999999999999716,0.07200000000000273,0,0.5
92,no_timeout,1,19,0.06400000000000006,0.06799999999999784,0,0.5
92,no_timeout,1,20,0.08200000000000074,0.9799999999999969,0,0.5
92,no_timeout,1,21,0.9860000000000042,0.3119999999999976,1,0.5
92,no_timeout,1,22,0.07000000000000028,2.4179999999999993,0,0.5
92,no_timeout,1,23,0.6920000000000002,0.3160000000000025,1,0.5
92,no_timeout,1,24,0.0519999999999996,2.4140000000000015,0,0.5
92,no_timeout,1,25,0.3760000000000048,0.0899999999999892,0,0.5
92,no_timeout,1,26,0.10600000000000875,0.1280000000000001,0,0.5
92,no_timeout,1,27,0.17600000000000193,2.7539999999999907,0,0.5
92,no_timeout,1,28,0.25,0.058000000000006935,0,0.5
92,no_timeout,1,29,0.10799999999998988,0.08200000000000784,0,0.5
92,no_timeout,1,30,0.5,3.132000000000005,0,0.5
92,no_timeout,1,31,0.29599999999999227,0.09399999999999409,0,0.5
92,no_timeout,1,32,0.16200000000000614,0.2360000000000042,0,0.5
92,no_timeout,1,33,0.06999999999999318,0.9420000000000073,0,0.5
92,no_timeout,1,34,0.32800000000000296,0.029999999999986926,0,0.5
92,no_timeout,1,35,0.7980000000000018,6.172000000000011,1,0.5
92,no_timeout,1,36,0.23199999999999932,0.12399999999999523,0,0.5
92,no_timeout,1,37,0.08599999999999852,0.22799999999999443,0,0.5
92,no_timeout,1,38,0.12600000000000477,0.2459999999999951,0,0.5
92,no_timeout,1,39,0.27600000000001046,0.4299999999999926,0,0.5
92,no_timeout,1,40,0.42199999999999704,3.062000000000012,0,0.5
92,no_timeout,1,41,0.2539999999999907,0.18000000000000682,0,0.5
92,no_timeout,1,42,0.14799999999999613,0.40800000000000125,0,0.5
92,no_timeout,1,43,0.0379999999999967,0.12000000000000455,0,0.5
92,no_timeout,1,44,0.055999999999997385,1.1039999999999992,0,0.5
92,no_timeout,1,45,0.034000000000006025,0.04599999999999227,0,0.5
92,no_timeout,1,46,0.32399999999999807,1.6500000000000057,0,0.5
92,no_timeout,1,47,0.2259999999999991,1.2980000000000018,0,0.5
92,no_timeout,1,48,0.9479999999999933,0.0660000000000025,1,0.5
92,no_timeout,1,49,0.2540000000000049,2.048000000000002,0,0.5
92,no_timeout,1,50,0.1700000000000017,0.1559999999999917,0,0.5
92,no_timeout,1,51,0.15000000000000568,1.3400000000000034,0,0.5
92,no_timeout,1,52,0.23999999999999488,2.078000000000003,0,0.5
92,no_timeout,1,53,0.2259999999999991,0.8799999999999955,0,0.5
92,no_timeout,1,54,0.3859999999999957,0.09000000000000341,0,0.5
92,no_timeout,1,55,0.3440000000000083,0.033999999999991815,0,0.5
92,no_timeout,1,56,0.11599999999999966,6.489999999999995,0,0.5
92,no_timeout,1,57,0.09600000000000364,0.04399999999999693,0,0.5
92,no_timeout,1,58,0.2260000000000133,4.299999999999997,0,0.5
92,no_timeout,1,59,0.15200000000000102,8.420000000000002,0,0.5
92,no_timeout,1,60,0.15799999999998704,0.014000000000010004,0,0.5
92,no_timeout,1,61,0.2539999999999907,1.1960000000000122,0,0.5
92,no_timeout,1,62,0.4379999999999882,2.5120000000000147,0,0.5
92,no_timeout,1,63,0.3160000000000025,0.8199999999999932,0,0.5
92,no_timeout,1,64,0.3359999999999843,0.32600000000002183,0,0.5
92,no_timeout,1,65,1.8319999999999936,0.027999999999991587,1,0.5
92,no_timeout,1,66,0.33199999999999363,0.054000000000002046,0,0.5
92,no_timeout,1,67,0.146000000000015,1.9739999999999895,0,0.5
92,no_timeout,1,68,0.8880000000000052,0.32399999999998386,1,0.5
92,no_timeout,1,69,0.4060000000000059,1.9039999999999964,0,0.5
92,no_timeout,1,70,1.2760000000000105,0.03999999999999204,1,0.5
92,no_timeout,1,71,0.17799999999999727,2.2360000000000184,0,0.5
92,no_timeout,1,72,0.3779999999999859,1.6760000000000161,0,0.5
92,no_timeout,1,73,0.617999999999995,11.067999999999984,1,0.5
92,no_timeout,1,74,0.43600000000000705,1.641999999999996,0,0.5
92,no_timeout,1,75,0.05000000000001137,0.18199999999998795,0,0.5
92,no_timeout,1,76,0.2079999999999984,1.3500000000000227,0,0.5
92,no_timeout,1,77,0.6599999999999966,2.961999999999989,1,0.5
92,no_timeout,1,78,0.21600000000000819,0.027999999999991587,0,0.5
92,no_timeout,1,79,0.12800000000001432,5.911999999999978,0,0.5
92,no_timeout,1,80,0.3100000000000023,0.6020000000000039,0,0.5
92,no_timeout,1,81,0.6779999999999973,3.808000000000021,1,0.5
92,no_timeout,1,82,0.26599999999999113,0.08599999999998431,0,0.5
92,no_timeout,1,83,0.554000000000002,3.2560000000000002,1,0.5
92,no_timeout,1,84,0.5620000000000118,2.780000000000001,1,0.5
92,no_timeout,1,85,0.3100000000000023,0.08599999999998431,0,0.5
92,no_timeout,1,86,0.24200000000001864,1.475999999999999,0,0.5
92,no_timeout,1,87,0.44199999999997885,0.1220000000000141,0,0.5
92,no_timeout,1,88,0.06200000000001182,0.7339999999999804,0,0.5
92,no_timeout,1,89,0.6740000000000066,2.407999999999987,1,0.5
92,no_timeout,1,90,0.4960000000000093,0.2539999999999907,0,0.5
92,no_timeout,1,91,0.7200000000000273,0.1279999999999859,1,0.5
92,no_timeout,1,92,0.06800000000001205,3.2560000000000002,0,0.5
92,no_timeout,1,93,0.055999999999983174,0.25,0,0.5
92,no_timeout,1,94,0.2120000000000175,0.06399999999999295,0,0.5
92,no_timeout,1,95,0.15399999999999636,1.1380000000000052,0,0.5
92,no_timeout,1,96,0.7119999999999891,8.244,1,0.5
92,no_timeout,1,97,0.5159999999999911,13.582000000000022,1,0.5
92,no_timeout,1,98,0.32200000000000273,1.3819999999999766,0,0.5
92,no_timeout,1,99,0.5400000000000205,0.04599999999999227,1,0.5
92,no_timeout,1,100,0.19200000000000728,,0,0.5
92,no_timeout,1,101,0.6060000000000016,4.259999999999998,1,0.5
92,no_timeout,1,102,0.6060000000000016,3.5379999999999967,1,0.5
92,no_timeout,1,103,0.28000000000000114,0.16599999999999682,0,0.5
92,no_timeout,1,104,0.5960000000000036,5.213999999999999,1,0.5
92,no_timeout,1,105,0.39000000000000057,0.10200000000000387,0,0.5
92,no_timeout,1,106,0.347999999999999,0.16799999999999926,0,0.5
92,no_timeout,1,107,0.7719999999999985,0.09199999999999875,1,0.5
92,no_timeout,1,108,0.10000000000000142,3.514000000000003,0,0.5
92,no_timeout,1,109,0.8539999999999992,3.955999999999996,1,0.5
92,no_timeout,1,110,0.769999999999996,3.926000000000002,1,0.5
92,no_timeout,1,111,0.2680000000000007,0.9860000000000042,0,0.5
92,no_timeout,1,112,0.9839999999999947,3.7620000000000005,1,0.5
92,no_timeout,1,113,0.4720000000000084,1.161999999999992,0,0.5
92,no_timeout,1,114,0.5220000000000056,0.14399999999999125,1,0.5
92,no_timeout,1,115,0.13800000000000523,3.274000000000001,0,0.5
92,no_timeout,1,116,0.9420000000000073,4.373999999999995,1,0.5
92,no_timeout,1,117,0.4519999999999982,0.10599999999999454,0,0.5
92,no_timeout,1,118,0.5360000000000014,4.076000000000008,1,0.5
92,no_timeout,1,119,1.0339999999999918,4.3160000000000025,1,0.5
92,no_timeout,1,120,0.2740000000000009,0.12199999999999989,0,0.5
92,no_timeout,1,121,0.18600000000000705,0.003999999999990678,0,0.5
92,no_timeout,1,122,0.11800000000000921,1.269999999999996,0,0.5
92,no_timeout,1,123,0.632000000000005,0.12399999999999523,1,0.5
92,no_timeout,1,124,0.15800000000000125,3.4740000000000038,0,0.5
92,no_timeout,1,125,1.0719999999999885,4.896000000000001,1,0.5
92,no_timeout,1,126,0.9620000000000033,3.774000000000001,1,0.5
92,no_timeout,1,127,1.0139999999999958,3.1779999999999973,1,0.5
92,no_timeout,1,128,1.024000000000001,4.084000000000003,1,0.6
92,no_timeout,1,129,0.804000000000002,3.7280000000000086,1,0.6
92,no_timeout,1,130,0.23799999999999955,2.8659999999999854,0,0.6
92,no_timeout,1,131,0.2720000000000198,2.7779999999999916,0,0.6
92,no_timeout,1,132,0.4619999999999891,4.0160000000000196,0,0.6
92,no_timeout,1,133,0.7379999999999995,2.7680000000000007,1,0.6
92,no_timeout,1,134,0.945999999999998,3.0759999999999934,1,0.6
92,no_timeout,1,135,0.931999999999988,5.182000000000016,1,0.6
92,no_timeout,1,136,1.1759999999999877,3.3019999999999925,1,0.7
92,no_timeout,1,137,0.29400000000001114,2.4480000000000075,0,0.7
92,no_timeout,1,138,0.35200000000000387,3.147999999999996,0,0.7
92,no_timeout,1,139,0.23799999999999955,0.5159999999999911,0,0.7
92,no_timeout,1,140,0.11400000000000432,0.5360000000000014,0,0.7
92,no_timeout,1,141,0.5060000000000002,0.23599999999999,0,0.7
92,no_timeout,1,142,0.568000000000012,0.8619999999999948,0,0.7
92,no_timeout,1,143,0.32200000000000273,0.09799999999998477,0,0.7
92,no_timeout,1,144,0.22400000000001796,3.7639999999999816,0,0.7
92,no_timeout,1,145,0.4620000000000175,3.4639999999999986,0,0.7
92,no_timeout,1,146,0.9480000000000075,4.2239999999999895,1,0.7
92,no_timeout,1,147,0.24399999999999977,3.4039999999999964,0,0.7
92,no_timeout,1,148,0.14400000000000546,1.7019999999999982,0,0.7
92,no_timeout,1,149,0.6459999999999866,2.5080000000000098,0,0.7
92,no_timeout,1,150,0.5180000000000007,1.1599999999999966,0,0.7
92,no_timeout,1,151,0.5339999999999918,0.7580000000000098,0,0.7
92,no_timeout,1,152,0.8640000000000043,0.04200000000000159,1,0.7
92,no_timeout,1,153,0.43600000000000705,2.147999999999996,0,0.7
92,no_timeout,1,154,1.0480000000000018,2.6159999999999854,1,0.7
92,no_timeout,1,155,0.9660000000000082,2.966000000000008,1,0.7
92,no_timeout,1,156,0.3359999999999843,2.195999999999998,0,0.7
92,no_timeout,1,157,0.46000000000000796,2.4420000000000073,0,0.7
92,no_timeout,1,158,1.0519999999999925,0.09399999999999409,1,0.7
92,no_timeout,1,159,0.11000000000001364,3.695999999999998,0,0.7
92,no_timeout,1,160,0.9060000000000059,3.843999999999994,1,0.7
92,no_timeout,1,161,1.8079999999999927,4.032000000000011,1,0.7
92,no_timeout,1,162,0.3499999999999943,0.13999999999998636,0,0.7
92,no_timeout,1,163,0.38800000000000523,3.533999999999992,0,0.7
92,no_timeout,1,164,0.6760000000000161,0.6740000000000066,0,0.7
92,no_timeout,1,165,0.5,3.9399999999999977,0,0.7
92,no_timeout,1,166,0.21999999999999886,3.5900000000000034,0,0.7
92,no_timeout,1,167,0.97199999999998,5.466000000000008,1,0.7
92,no_timeout,1,168,0.19999999999998863,2.76400000000001,0,0.7
92,no_timeout,1,169,0.26400000000001,2.867999999999995,0,0.7
92,no_timeout,1,170,0.21199999999998909,1.052000000000021,0,0.7
92,no_timeout,1,171,0.6319999999999766,2.647999999999996,0,0.7
92,no_timeout,1,172,0.9200000000000159,3.872000000000014,1,0.7
92,no_timeout,1,173,0.5539999999999736,2.538000000000011,0,0.7
92,no_timeout,1,174,0.5620000000000118,1.9099999999999682,0,0.7
92,no_timeout,1,175,0.3439999999999941,0.05800000000004957,0,0.7
92,no_timeout,1,176,1.3220000000000027,0.15399999999999636,1,0.7
92,no_timeout,1,177,0.10800000000000409,2.901999999999987,0,0.7
92,no_timeout,1,178,0.6139999999999759,0.6999999999999886,0,0.7
92,no_timeout,1,179,0.17799999999999727,0.02400000000000091,0,0.7
92,no_timeout,1,180,0.4440000000000168,0.1419999999999959,0,0.7
92,no_timeout,1,181,0.34600000000000364,1.7040000000000077,0,0.7
92,no_timeout,1,182,0.6979999999999791,0.4399999999999977,0,0.7
92,no_timeout,1,183,0.5040000000000191,2.0459999999999923,0,0.7
92,no_timeout,1,184,0.33600000000001273,0.396000000000015,0,0.7
92,no_timeout,1,185,0.4060000000000059,0.060000000000002274,0,0.7
92,no_timeout,1,186,0.44399999999996,1.6200000000000045,0,0.7
92,no_timeout,1,187,0.39400000000000546,0.09000000000003183,0,0.7
92,no_timeout,1,188,0.3499999999999659,2.174000000000035,0,0.7
92,no_timeout,1,189,0.8819999999999482,4.0680000000000405,1,0.7
92,no_timeout,1,190,0.16399999999998727,3.5600000000000023,0,0.7
92,no_timeout,1,191,0.1360000000000241,0.8299999999999841,0,0.7
92,no_timeout,1,192,0.8379999999999654,4.6720000000000255,1,0.7
92,no_timeout,1,193,0.5,0.09600000000000364,0,0.7
92,no_timeout,1,194,0.5539999999999736,2.532000000000039,0,0.7
92,no_timeout,1,195,0.853999999999985,3.430000000000007,1,0.7
92,no_timeout,1,196,0.32799999999997453,0.04400000000003956,0,0.7
92,no_timeout,1,197,0.48999999999995225,2.9320000000000164,0,0.7
92,no_timeout,1,198,0.12999999999999545,1.684000000000026,0,0.7
92,no_timeout,1,199,0.8360000000000127,0.10199999999997544,1,0.7
92,no_timeout,1,200,0.06799999999998363,2.7959999999999923,0,0.7
92,no_timeout,1,201,1.0540000000000305,4.111999999999966,1,0.7
92,no_timeout,1,202,0.34400000000005093,8.24799999999999,0,0.7
92,no_timeout,1,203,0.117999999999995,1.7620000000000005,0,0.7
92,no_timeout,1,204,0.6619999999999777,2.1380000000000337,0,0.7
92,no_timeout,1,205,0.37199999999995725,0.08600000000001273,0,0.7
92,no_timeout,1,206,0.3100000000000023,0.20400000000000773,0,0.7
92,no_timeout,1,207,0.26400000000001,0.4399999999999977,0,0.7
92,no_timeout,1,208,0.6519999999999868,0.19799999999997908,0,0.7
92,no_timeout,1,209,0.09800000000001319,0.10599999999999454,0,0.7
92,no_timeout,1,210,0.6879999999999882,2.1020000000000323,0,0.7
92,no_timeout,1,211,0.382000000000005,1.089999999999975,0,0.7
92,no_timeout,1,212,0.6580000000000155,0.27199999999999136,0,0.7
92,no_timeout,1,213,0.2400000000000091,1.391999999999996,0,0.7
92,no_timeout,1,214,1.8559999999999945,3.048000000000002,1,0.7
92,no_timeout,1,215,0.10800000000000409,2.0060000000000286,0,0.7
92,no_timeout,1,216,0.3699999999999477,0.8020000000000209,0,0.7
92,no_timeout,1,217,0.4019999999999868,0.06999999999999318,0,0.7
92,no_timeout,1,218,0.438000000000045,1.5979999999999563,0,0.7
92,no_timeout,1,219,0.39800000000002456,0.09600000000000364,0,0.7
92,no_timeout,1,220,0.3879999999999768,0.51400000000001,0,0.7
92,no_timeout,1,221,0.5699999999999932,0.16599999999999682,0,0.7
92,no_timeout,1,222,0.5440000000000396,1.4739999999999895,0,0.7
92,no_timeout,1,223,0.3580000000000041,0.6819999999999595,0,0.7
92,no_timeout,1,224,0.8480000000000132,0.12000000000000455,1,0.7
92,no_timeout,1,225,0.05000000000001137,2.951999999999998,0,0.7
92,no_timeout,1,226,0.1379999999999768,0.1360000000000241,0,0.7
92,no_timeout,1,227,0.6700000000000159,1.3940000000000055,0,0.7
92,no_timeout,1,228,0.4379999999999882,2.505999999999972,0,0.7
92,no_timeout,1,229,0.8620000000000232,3.319999999999993,1,0.7
92,no_timeout,1,230,0.37599999999997635,2.0540000000000305,0,0.7
92,no_timeout,1,231,1.396000000000015,3.069999999999993,1,0.7
92,no_timeout,1,232,0.9119999999999777,3.617999999999995,1,0.7
92,no_timeout,1,233,0.6999999999999886,2.796000000000049,0,0.7
92,no_timeout,1,234,0.589999999999975,1.8179999999999836,0,0.8
92,no_timeout,1,235,0.39400000000000546,0.7340000000000373,0,0.8
92,no_timeout,1,236,0.40999999999996817,0.057999999999992724,0,0.8
92,no_timeout,1,237,0.9000000000000341,3.599999999999966,1,0.8
92,no_timeout,1,238,0.7119999999999891,1.9780000000000086,0,0.8
92,no_timeout,1,239,0.1519999999999868,0.1300000000000523,0,0.8
92,no_timeout,1,240,0.7959999999999923,2.1579999999999586,0,0.8
92,no_timeout,1,241,0.38800000000003365,0.5699999999999932,0,0.8
92,no_timeout,1,242,2.7679999999999723,3.4560000000000173,1,0.8
92,no_timeout,1,243,1.0900000000000318,3.6639999999999873,1,0.8
92,no_timeout,1,244,0.9300000000000068,6.073999999999955,1,0.8
92,no_timeout,1,245,0.4600000000000364,4.653999999999996,0,0.9
92,no_timeout,1,246,0.32600000000002183,0.08999999999997499,0,0.9
92,no_timeout,1,247,1.3179999999999836,3.1720000000000255,1,0.9
92,no_timeout,1,248,0.5339999999999918,2.2760000000000105,0,0.9
92,no_timeout,1,249,0.5380000000000109,0.19399999999995998,0,0.9
92,no_timeout,1,250,0.08400000000000318,0.5720000000000027,0,0.9
92,no_timeout,1,251,0.5160000000000196,2.2040000000000077,0,0.9
92,no_timeout,1,252,0.5659999999999741,0.25600000000002865,0,0.9
92,no_timeout,1,253,0.5459999999999923,0.6819999999999595,0,0.9
92,no_timeout,1,254,0.5760000000000218,2.1100000000000136,0,0.9
92,no_timeout,1,255,0.5380000000000109,1.5699999999999932,0,0.9
92,no_timeout,1,256,0.8000000000000114,0.7740000000000009,0,0.9
92,no_timeout,1,257,0.2519999999999527,0.06200000000001182,0,0.9
92,no_timeout,1,258,0.2839999999999918,1.2100000000000364,0,0.9
92,no_timeout,1,259,0.21199999999998909,0.06999999999999318,0,0.9
92,no_timeout,1,260,0.1139999999999759,1.038000000000011,0,0.9
92,no_timeout,1,261,0.7540000000000191,2.363999999999976,0,0.9
92,no_timeout,1,262,0.22800000000000864,0.4480000000000359,0,0.9
92,no_timeout,1,263,0.6259999999999764,1.8039999999999736,0,0.9
92,no_timeout,1,264,0.4800000000000182,0.04200000000003001,0,0.9
92,no_timeout,1,265,0.5960000000000036,1.0359999999999445,0,0.9
92,no_timeout,1,266,1.2480000000000473,2.2719999999999914,1,0.9
92,no_timeout,1,267,0.3039999999999736,0.3160000000000309,0,0.9
92,no_timeout,1,268,1.3340000000000032,2.819999999999993,1,0.9
92,no_timeout,1,269,0.20799999999997,0.07400000000001228,0,0.9
92,no_timeout,1,270,0.4759999999999991,2.6100000000000136,0,0.9
92,no_timeout,1,271,0.8979999999999677,4.406000000000006,0,0.9
92,no_timeout,1,272,0.2580000000000382,1.259999999999991,0,0.9
92,no_timeout,1,273,0.5120000000000005,1.2299999999999613,0,0.9
92,no_timeout,1,274,0.8340000000000032,1.0780000000000314,0,0.9
92,no_timeout,1,275,0.5520000000000209,7.189999999999998,0,0.9
92,no_timeout,1,276,0.20599999999996044,0.8600000000000136,0,0.9
92,no_timeout,1,277,0.33600000000001273,0.06999999999999318,0,0.9
92,no_timeout,1,278,0.3779999999999859,1.2900000000000205,0,0.9
92,no_timeout,1,279,0.3439999999999941,1.524000000000001,0,0.9
92,no_timeout,1,280,0.4200000000000159,0.15799999999995862,0,0.9
92,no_timeout,1,281,0.2480000000000473,1.0919999999999845,0,0.9
92,no_timeout,1,282,0.6399999999999864,3.805999999999983,0,0.9
92,no_timeout,1,283,0.16599999999999682,0.48799999999999955,0,0.9
92,no_timeout,1,284,0.6260000000000332,0.8739999999999668,0,0.9
92,no_timeout,1,285,1.254000000000019,3.613999999999976,1,0.9
92,no_timeout,1,286,0.396000000000015,4.274000000000058,0,0.9
92,no_timeout,1,287,0.2419999999999618,1.5339999999999918,0,0.9
92,no_timeout,1,288,0.6620000000000346,0.5380000000000109,0,0.9
92,no_timeout,1,289,0.8259999999999081,0.37200000000007094,0,0.9
92,no_timeout,1,290,0.4399999999999409,0.10000000000002274,0,0.9
92,no_timeout,1,291,0.44399999999996,0.12200000000007094,0,0.9
92,no_timeout,1,292,1.4560000000000173,3.4420000000000073,1,0.9
92,no_timeout,1,293,0.10199999999997544,0.6999999999999318,0,0.9
92,no_timeout,1,294,0.5579999999999927,0.8640000000000327,0,0.9
92,no_timeout,1,295,0.34800000000007003,0.09999999999990905,0,0.9
92,no_timeout,1,296,0.3100000000000591,15.812000000000012,0,0.9
92,no_timeout,1,297,0.2519999999999527,0.2400000000000091,0,0.9
92,no_timeout,1,298,0.2380000000000564,2.740000000000009,0,0.9
92,no_timeout,1,299,0.45799999999997,1.5639999999999645,0,0.9
92,no_timeout,1,300,0.5919999999999845,1.9600000000000364,0,0.9
92,no_timeout,1,301,0.6739999999999782,0.8920000000000528,0,0.9
92,no_timeout,1,302,0.17599999999993088,1.2420000000000755,0,0.9
92,no_timeout,1,303,0.9199999999999591,0.057999999999992724,1,0.9
92,no_timeout,1,304,0.16200000000003456,0.04800000000000182,0,0.9
92,no_timeout,1,305,0.07399999999995543,2.54200000000003,0,0.9
92,no_timeout,1,306,1.6499999999999773,3.3579999999999472,1,0.9
92,no_timeout,1,307,0.2720000000000482,0.09799999999995634,0,0.9
92,no_timeout,1,308,0.38200000000006185,2.245999999999981,0,0.9
92,no_timeout,1,309,0.5679999999999836,1.8400000000000318,0,0.9
92,no_timeout,1,310,0.2939999999999827,1.6119999999999663,0,0.9
92,no_timeout,1,311,0.6000000000000227,0.05600000000004002,0,0.9
92,no_timeout,1,312,0.29200000000003,0.9399999999999409,0,0.9
92,no_timeout,1,313,0.6879999999999882,0.08400000000006003,0,0.9
92,no_timeout,1,314,1.009999999999991,0.10799999999994725,1,0.9
92,no_timeout,1,315,0.17000000000007276,2.613999999999919,0,0.9
92,no_timeout,1,316,3.1639999999999873,7.624000000000024,1,0.9
92,no_timeout,1,317,0.51400000000001,0.11000000000001364,0,0.9
92,no_timeout,1,318,0.2319999999999709,2.2240000000000464,0,0.9
92,no_timeout,1,319,0.9900000000000091,7.001999999999953,1,0.9
92,no_timeout,1,320,0.42399999999997817,2.4080000000000155,0,0.9
92,no_timeout,1,321,0.77800000000002,0.05200000000002092,0,0.9
92,no_timeout,1,322,0.20199999999999818,0.1999999999999318,0,0.9
92,no_timeout,1,323,0.18200000000001637,1.1059999999999945,0,0.9
92,no_timeout,1,324,1.1200000000000045,0.04000000000007731,1,0.9
92,no_timeout,1,325,0.4459999999999127,3.146000000000072,0,0.9
92,no_timeout,1,326,0.06600000000003092,1.9139999999999873,0,0.9
92,no_timeout,1,327,0.9539999999999509,8.611999999999966,1,0.9
92,no_timeout,1,328,0.27800000000002,0.9180000000000064,0,0.9
92,no_timeout,1,329,0.4460000000000264,1.8959999999999582,0,0.9
92,no_timeout,1,330,1.268000000000029,3.6499999999999773,1,0.9
92,no_timeout,1,331,1.4300000000000637,7.6059999999999945,1,0.9
92,no_timeout,1,332,0.22199999999998,0.16800000000000637,0,0.9
92,no_timeout,1,333,0.18600000000003547,9.285999999999945,0,0.9
92,no_timeout,1,334,0.06200000000001182,2.0459999999999354,0,0.9
92,no_timeout,1,335,1.1440000000000055,3.8640000000000327,1,0.9
92,no_timeout,1,336,0.4460000000000264,3.6119999999999663,0,0.9
92,no_timeout,1,337,0.11199999999996635,0.044000000000096406,0,0.9
92,no_timeout,1,338,0.9339999999999691,4.0779999999999745,1,0.9
92,no_timeout,1,339,0.38800000000003365,0.5760000000000218,0,0.9
92,no_timeout,1,340,0.5459999999999354,1.4800000000000182,0,0.9
92,no_timeout,1,341,1.1180000000000518,3.9279999999999973,1,0.9
92,no_timeout,1,342,0.5759999999999081,0.17000000000007276,0,0.9
92,no_timeout,1,343,0.5219999999999345,1.5260000000000673,0,0.9
92,no_timeout,1,344,0.9420000000000073,3.774000000000001,1,0.9
92,no_timeout,1,345,0.2279999999999518,0.04600000000004911,0,0.9
92,no_timeout,1,346,0.13400000000001455,1.3940000000000055,0,0.9
92,no_timeout,1,347,1.1539999999999964,3.6079999999999472,1,0.9
92,no_timeout,1,348,1.30600000000004,3.8099999999999454,1,0.9
92,no_timeout,1,349,1.3960000000000719,4.455999999999904,1,0.9
92,no_timeout,1,350,0.8580000000000609,1.4800000000000182,0,1.0
92,no_timeout,1,351,1.2719999999999345,6.912000000000035,1,1.0
92,no_timeout,1,352,0.9180000000000064,1.3220000000000027,0,1.0
92,no_timeout,1,353,0.8400000000000318,1.1499999999999773,0,1.0
92,no_timeout,1,354,0.40800000000001546,2.353999999999928,0,1.0
92,no_timeout,1,355,1.4820000000000846,4.569999999999936,1,1.0
92,no_timeout,1,356,0.38599999999996726,0.17200000000002547,0,1.0
92,no_timeout,1,357,0.5639999999999645,1.886000000000081,0,1.0
92,no_timeout,1,358,0.41800000000000637,0.09199999999998454,0,1.0
92,no_timeout,1,359,0.36199999999996635,1.6599999999999682,0,1.0
92,no_timeout,1,360,0.40600000000006276,0.11000000000001364,0,1.0
92,no_timeout,1,361,0.7799999999999727,0.72199999999998,0,1.0
92,no_timeout,1,362,0.8519999999999754,0.04600000000004911,0,1.0
92,no_timeout,1,363,0.32200000000000273,1.504000000000019,0,1.0
92,no_timeout,1,364,0.2939999999999827,1.9940000000000282,0,1.0
92,no_timeout,1,365,0.72199999999998,0.13400000000001455,0,1.0
92,no_timeout,1,366,0.2599999999999909,0.03999999999996362,0,1.0
92,no_timeout,1,367,0.15999999999996817,2.0060000000000855,0,1.0
92,no_timeout,1,368,0.8059999999999263,1.774000000000001,0,1.0
92,no_timeout,1,369,0.7860000000000582,0.09199999999998454,0,1.0
92,no_timeout,1,370,0.2139999999999418,9.340000000000032,0,1.0
92,no_timeout,1,371,0.11599999999998545,0.14400000000000546,0,1.0
92,no_timeout,1,372,0.13599999999996726,0.16200000000003456,0,1.0
92,no_timeout,1,373,0.19799999999997908,1.524000000000001,0,1.0
92,no_timeout,1,374,0.32600000000002183,4.289999999999964,0,1.0
92,no_timeout,1,375,0.34600000000000364,2.588000000000079,0,1.0
92,no_timeout,1,376,0.09399999999993724,1.9580000000000837,0,1.0
92,no_timeout,1,377,0.42399999999997817,0.041999999999916326,0,1.0
92,no_timeout,1,378,0.16000000000008185,0.05999999999994543,0,1.0
92,no_timeout,1,379,0.5299999999999727,1.02800000000002,0,1.0
92,no_timeout,1,380,0.7100000000000364,0.05200000000002092,0,1.0
92,no_timeout,1,381,0.3160000000000309,1.1399999999999864,0,1.0
92,no_timeout,1,382,0.42999999999995,2.211999999999989,0,1.0
92,no_timeout,1,383,1.3680000000000518,4.425999999999931,1,1.0
92,no_timeout,1,384,1.0480000000000018,15.518000000000029,1,1.0
92,no_timeout,1,385,0.2699999999999818,1.6019999999999754,0,1.0
92,no_timeout,1,386,0.6040000000000418,2.1159999999999854,0,1.0
92,no_timeout,1,387,0.32000000000005,1.0439999999999827,0,1.0
92,no_timeout,1,388,0.42600000000004457,1.0799999999999272,0,1.0
92,no_timeout,1,389,1.1259999999999764,4.616000000000099,1,1.0
92,no_timeout,1,390,0.5399999999999636,1.8279999999999745,0,1.0
92,no_timeout,1,391,0.9880000000000564,1.5079999999999245,0,1.0
92,no_timeout,1,392,0.6460000000000719,1.240000000000009,0,1.0
92,no_timeout,1,393,0.6299999999999955,1.0979999999999563,0,1.0
92,no_timeout,1,394,1.4700000000000273,3.995999999999981,1,1.0
92,no_timeout,1,395,1.2139999999999418,6.610000000000014,1,1.0
92,no_timeout,1,396,0.9759999999999991,2.744000000000028,0,1.0
92,no_timeout,1,397,0.40800000000001546,1.3500000000000227,0,1.0
92,no_timeout,1,398,0.8360000000000127,1.6879999999999882,0,1.0
92,no_timeout,1,399,1.2619999999999436,3.6399999999999864,1,1.0
92,no_timeout,1,400,0.9460000000000264,1.5299999999999727,0,1.0
92,no_timeout,1,401,0.7200000000000273,2.1140000000000327,0,1.0
92,no_timeout,1,402,0.8239999999999554,2.7180000000000746,0,1.0
92,no_timeout,1,403,1.155999999999949,4.025999999999954,1,1.0
92,no_timeout,1,404,0.4780000000000655,1.63799999999992,0,1.0
92,no_timeout,1,405,0.8220000000000027,0.044000000000096406,0,1.0
92,no_timeout,1,406,0.40999999999996817,1.768000000000029,0,1.0
92,no_timeout,1,407,0.72199999999998,3.5599999999999454,0,1.0
92,no_timeout,1,408,1.01400000000001,7.388000000000034,1,1.0
92,no_timeout,1,409,0.36000000000001364,2.274000000000001,0,1.0
92,no_timeout,1,410,1.0819999999999936,5.817999999999984,1,1.0
92,no_timeout,1,411,0.33199999999999363,2.1499999999999773,0,1.0
92,no_timeout,1,412,1.6100000000000136,4.618000000000052,1,1.0
92,no_timeout,1,413,0.5899999999999181,3.8500000000000227,0,1.0
92,no_timeout,1,414,1.0960000000000036,5.331999999999994,1,1.0
92,no_timeout,1,415,0.9479999999999791,2.7180000000000746,0,1.0
92,no_timeout,1,416,1.1119999999999663,4.933999999999969,1,1.0
92,no_timeout,1,417,0.35000000000002274,1.552000000000021,0,1.0
92,no_timeout,1,418,0.9080000000000155,1.4420000000000073,0,1.0
92,no_timeout,1,419,0.4959999999999809,1.4519999999999982,0,1.0
92,no_timeout,1,420,1.3819999999999482,6.216000000000008,1,1.0
92,no_timeout,1,421,1.1059999999999945,4.608000000000061,1,1.0
92,no_timeout,1,422,0.7540000000000191,1.8239999999999554,0,1.0
92,no_timeout,1,423,0.4740000000000464,1.6399999999999864,0,1.0
92,no_timeout,1,424,0.9560000000000173,1.919999999999959,0,1.0
92,no_timeout,1,425,1.975999999999999,4.946000000000026,1,1.0
92,no_timeout,1,426,1.1340000000000146,4.44399999999996,1,1.0
92,no_timeout,1,427,0.4560000000000173,0.19200000000000728,0,1.0
92,no_timeout,1,428,0.35000000000002274,1.6899999999999409,0,1.0
92,no_timeout,1,429,0.8759999999999764,1.580000000000041,0,1.0
92,no_timeout,1,430,1.3980000000000246,6.01400000000001,1,1.0
92,no_timeout,1,431,1.3159999999999172,4.3419999999999845,1,1.0
92,no_timeout,1,432,1.0160000000000764,5.220000000000027,1,1.0
92,no_timeout,1,433,0.8519999999999754,1.518000000000029,0,1.1
92,no_timeout,1,434,1.5039999999999054,4.850000000000023,1,1.1
92,no_timeout,1,435,0.7480000000000473,2.6019999999999754,0,1.1
92,no_timeout,1,436,1.3439999999999372,4.7280000000000655,1,1.1
92,no_timeout,1,437,1.3559999999999945,0.09600000000000364,1,1.1
92,no_timeout,1,438,0.04399999999998272,8.446000000000026,0,1.1
92,no_timeout,1,439,0.6759999999999309,2.6980000000000928,0,1.1
92,no_timeout,1,440,0.20199999999999818,2.5799999999999272,0,1.1
92,no_timeout,1,441,0.7560000000000855,3.377999999999929,0,1.1
92,no_timeout,1,442,0.4840000000000373,3.505999999999972,0,1.1
92,no_timeout,1,443,0.9360000000000355,0.08399999999994634,0,1.1
92,no_timeout,1,444,0.2440000000000282,1.009999999999991,0,1.1
92,no_timeout,1,445,1.57000000000005,7.7140000000000555,1,1.1
92,no_timeout,1,446,1.2739999999998872,5.945999999999913,1,1.1
92,no_timeout,1,447,0.35200000000008913,2.0039999999999054,0,1.1
92,no_timeout,1,448,0.6740000000002055,1.3919999999998254,0,1.1
92,no_timeout,1,449,1.2100000000000364,3.344000000000051,1,1.1
92,no_timeout,1,450,0.43800000000010186,0.18599999999992178,0,1.1
92,no_timeout,1,451,0.17799999999988358,0.04800000000000182,0,1.1
92,no_timeout,1,452,0.39400000000000546,1.711999999999989,0,1.1
92,no_timeout,1,453,0.9360000000001492,2.6259999999999764,0,1.1
92,no_timeout,1,454,1.7799999999999727,4.44399999999996,1,1.1
92,no_timeout,1,455,2.910000000000082,10.83400000000006,1,1.1
92,no_timeout,1,456,1.1579999999999018,27.266000000000076,1,1.1
92,no_timeout,1,457,0.08999999999991815,1.990000000000009,0,1.2
92,no_timeout,1,458,1.071999999999889,0.08000000000015461,0,1.2
92,no_timeout,1,459,0.049999999999954525,0.6199999999998909,0,1.2
92,no_timeout,1,460,1.1420000000000528,1.1759999999999309,0,1.2
92,no_timeout,1,461,1.4620000000002165,5.5499999999999545,1,1.2
92,no_timeout,1,462,1.27599999999984,3.160000000000082,1,1.2
92,no_timeout,1,463,1.2660000000000764,4.395999999999958,1,1.2
92,no_timeout,1,464,0.19200000000000728,0.36200000000008004,0,1.2
92,no_timeout,1,465,0.05199999999990723,2.1079999999999472,0,1.2
92,no_timeout,1,466,1.0080000000000382,1.1700000000000728,0,1.2
92,no_timeout,1,467,1.2559999999998581,3.5420000000001437,1,1.2
92,no_timeout,1,468,1.265999999999849,3.5820000000001073,1,1.2
92,no_timeout,1,469,1.4479999999998654,0.20800000000008367,1,1.2
92,no_timeout,1,470,0.041999999999916326,5.3559999999999945,0,1.2
92,no_timeout,1,471,0.11600000000021282,0.4199999999998454,0,1.2
92,no_timeout,1,472,0.36800000000016553,1.8959999999999582,0,1.2
92,no_timeout,1,473,0.8379999999999654,3.788000000000011,0,1.2
92,no_timeout,1,474,0.31999999999993634,3.617999999999938,0,1.2
92,no_timeout,1,475,0.7840000000001055,1.8479999999999563,0,1.2
92,no_timeout,1,476,2.5499999999999545,4.438000000000102,1,1.2
92,no_timeout,1,477,0.10199999999986176,2.9139999999999873,0,1.2
92,no_timeout,1,478,0.36800000000016553,0.05199999999990723,0,1.2
92,no_timeout,1,479,0.4619999999999891,3.400000000000091,0,1.2
92,no_timeout,1,480,0.7280000000000655,0.35399999999981446,0,1.2
92,no_timeout,1,481,1.0900000000001455,0.37599999999997635,0,1.2
92,no_timeout,1,482,0.6859999999999218,0.7899999999999636,0,1.2
92,no_timeout,1,483,1.2860000000000582,17.45399999999995,1,1.2
92,no_timeout,1,484,0.8220000000001164,0.5660000000000309,0,1.2
92,no_timeout,1,485,0.9059999999999491,0.7960000000000491,0,1.2
92,no_timeout,1,486,0.6199999999998909,1.4459999999999127,0,1.2
92,no_timeout,1,487,1.0600000000001728,1.3179999999999836,0,1.2
92,no_timeout,1,488,0.34199999999987085,1.0960000000000036,0,1.2
92,no_timeout,1,489,1.3500000000001364,2.713999999999942,1,1.2
92,no_timeout,1,490,0.22800000000006548,0.10999999999989996,0,1.2
92,no_timeout,1,491,0.8520000000000891,0.5099999999999909,0,1.2
92,no_timeout,1,492,0.9259999999999309,0.38599999999996726,0,1.2
92,no_timeout,1,493,1.4200000000000728,3.27800000000002,1,1.2
92,no_timeout,1,494,0.6479999999999109,1.8659999999999854,0,1.2
92,no_timeout,1,495,0.8500000000001364,1.8919999999998254,0,1.2
92,no_timeout,1,496,1.2160000000001219,3.6079999999999472,1,1.2
92,no_timeout,1,497,0.6820000000000164,1.44399999999996,0,1.2
92,no_timeout,1,498,1.1259999999999764,1.3659999999999854,0,1.2
92,no_timeout,1,499,1.4140000000002146,3.627999999999929,1,1.2
92,no_timeout,1,500,1.2100000000000364,46.96399999999994,1,1.2
92,no_timeout,1,501,0.6679999999998927,3.75200000000018,0,1.2
92,no_timeout,1,502,0.2799999999999727,2.3519999999998618,0,1.2
92,no_timeout,1,503,0.8800000000001091,5.849999999999909,0,1.2
92,no_timeout,1,504,0.8959999999999582,1.4680000000000746,0,1.2
92,no_timeout,1,505,2.5299999999999727,3.5,1,1.2
92,no_timeout,1,506,1.0340000000001055,1.9120000000000346,0,1.2
92,no_timeout,1,507,2.4099999999998545,21.160000000000082,1,1.2
92,no_timeout,1,508,0.34999999999990905,1.3360000000000127,0,1.2
92,no_timeout,1,509,0.86200000000008,0.9959999999998672,0,1.2
92,no_timeout,1,510,1.4440000000001874,4.7159999999998945,1,1.2
92,no_timeout,1,511,0.2599999999999909,1.122000000000071,0,1.2
92,no_timeout,1,512,0.9759999999998854,1.1420000000000528,0,1.2
92,no_timeout,1,513,0.5599999999999454,1.2840000000001055,0,1.2
92,no_timeout,1,514,0.5319999999999254,1.6320000000000618,0,1.2
92,no_timeout,1,515,1.22199999999998,2.769999999999982,1,1.2
92,no_timeout,1,516,2.036000000000058,3.104000000000042,1,1.2
92,no_timeout,1,517,0.8539999999998145,1.2019999999999982,0,1.2
92,no_timeout,1,518,0.39400000000000546,0.13000000000010914,0,1.2
92,no_timeout,1,519,0.5299999999999727,1.456000000000131,0,1.2
92,no_timeout,1,520,1.19399999999996,1.8619999999998527,0,1.2
92,no_timeout,1,521,1.8500000000001364,4.599999999999909,1,1.2
92,no_timeout,1,522,0.7980000000000018,0.10799999999994725,0,1.2
92,no_timeout,1,523,0.5140000000001237,0.7819999999999254,0,1.2
92,no_timeout,1,524,1.25,3.453999999999951,1,1.2
92,no_timeout,1,525,2.0,3.0679999999999836,1,1.2
92,no_timeout,1,526,0.8700000000001182,0.03399999999987813,0,1.2
92,no_timeout,1,527,0.6260000000002037,1.9479999999998654,0,1.2
92,no_timeout,1,528,1.428000000000111,5.973999999999933,1,1.2
92,no_timeout,1,529,1.4700000000000273,3.821999999999889,1,1.2
92,no_timeout,1,530,1.5299999999999727,4.25,1,1.2
92,no_timeout,1,531,1.1660000000001673,1.1299999999998818,0,1.2
92,no_timeout,1,532,1.58400000000006,4.541999999999916,1,1.2
92,no_timeout,1,533,1.6660000000001673,4.4939999999999145,1,1.2
92,no_timeout,1,534,0.8379999999999654,1.3240000000000691,0,1.2
92,no_timeout,1,535,1.3119999999998981,5.9780000000000655,1,1.2
92,no_timeout,1,536,1.0599999999999454,1.3120000000001255,0,1.2
92,no_timeout,1,537,1.3399999999999181,3.655999999999949,1,1.2
92,no_timeout,1,538,2.2080000000000837,2.9079999999999018,1,1.2
92,no_timeout,1,539,0.9680000000000746,1.3920000000000528,0,1.2
92,no_timeout,1,540,1.1820000000000164,2.369999999999891,0,1.2
92,no_timeout,1,541,1.7819999999999254,3.7380000000000564,1,1.2
92,no_timeout,1,542,1.206000000000131,6.149999999999864,1,1.2
92,no_timeout,1,543,0.3120000000001255,0.4959999999998672,0,1.2
92,no_timeout,1,544,1.1380000000001473,4.985999999999876,0,1.2
92,no_timeout,1,545,1.1100000000001273,1.2899999999999636,0,1.2
92,no_timeout,1,546,1.288000000000011,4.501999999999953,1,1.2
92,no_timeout,1,547,0.6959999999999127,0.23400000000015098,0,1.2
92,no_timeout,1,548,0.09199999999987085,2.1620000000000346,0,1.2
92,no_timeout,1,549,1.47199999999998,3.5119999999999436,1,1.2
92,no_timeout,1,550,2.1059999999999945,3.4440000000001874,1,1.2
92,no_timeout,1,551,0.8840000000000146,0.03399999999987813,0,1.2
92,no_timeout,1,552,0.22000000000002728,2.2360000000001037,0,1.2
92,no_timeout,1,553,0.9679999999998472,1.6880000000001019,0,1.2
92,no_timeout,1,554,2.1099999999999,22.596000000000004,1,1.2
92,no_timeout,1,555,0.8940000000000055,2.2080000000000837,0,1.2
92,no_timeout,1,556,1.0799999999999272,1.3120000000001255,0,1.2
92,no_timeout,1,557,0.9239999999999782,0.035999999999830834,0,1.2
92,no_timeout,1,558,0.7240000000001601,1.3999999999998636,0,1.2
92,no_timeout,1,559,1.1880000000001019,1.9859999999998763,0,1.2
92,no_timeout,1,560,1.122000000000071,1.0460000000000491,0,1.2
92,no_timeout,1,561,1.122000000000071,2.1159999999999854,0,1.2
92,no_timeout,1,562,0.34799999999995634,0.31199999999989814,0,1.2
92,no_timeout,1,563,0.27800000000002,0.049999999999954525,0,1.2
92,no_timeout,1,564,0.6100000000001273,0.8599999999999,0,1.2
92,no_timeout,1,565,1.5640000000000782,5.6159999999999854,1,1.2
92,no_timeout,1,566,1.655999999999949,3.4139999999999873,1,1.2
92,no_timeout,1,567,0.6580000000001291,1.240000000000009,0,1.2
92,no_timeout,1,568,1.8179999999999836,5.182000000000016,1,1.2
92,no_timeout,1,569,1.9399999999998272,5.392000000000053,1,1.2
92,no_timeout,1,570,1.4980000000000473,6.397999999999911,1,1.2
92,no_timeout,1,571,1.4380000000001019,5.152000000000044,1,1.2
92,no_timeout,1,572,1.6479999999999109,4.990000000000009,1,1.2
92,no_timeout,1,573,0.5899999999999181,2.7000000000000455,0,1.2
92,no_timeout,1,574,1.7480000000000473,5.117999999999938,1,1.2
92,no_timeout,1,575,1.7999999999999545,5.166000000000167,1,1.2
92,no_timeout,1,576,1.8640000000000327,13.791999999999916,1,1.2
92,no_timeout,1,577,0.9839999999999236,2.8600000000001273,0,1.2
92,no_timeout,1,578,2.4079999999999018,6.663999999999987,1,1.2
92,no_timeout,1,579,0.4980000000000473,0.07600000000002183,0,1.2
92,no_timeout,1,580,0.7460000000000946,18.217999999999847,0,1.2
92,no_timeout,1,581,0.80600000000004,2.048000000000002,0,1.2
92,no_timeout,1,582,1.5199999999999818,4.445999999999913,1,1.2
92,no_timeout,1,583,1.3700000000001182,4.11200000000008,1,1.2
92,no_timeout,1,584,0.9459999999999127,0.9839999999999236,0,1.2
92,no_timeout,1,585,1.5040000000001328,13.761999999999944,1,1.2
92,no_timeout,1,586,1.6320000000000618,5.1720000000000255,1,1.2
92,no_timeout,1,587,1.1739999999999782,1.4279999999998836,0,1.2
92,no_timeout,1,588,1.3840000000000146,5.412000000000035,1,1.2
92,no_timeout,1,589,1.571999999999889,8.2800000000002,1,1.2
92,no_timeout,1,590,2.4320000000000164,6.7159999999998945,1,1.2
92,no_timeout,1,591,1.7840000000001055,16.301999999999907,1,1.2
92,no_timeout,1,592,1.4020000000000437,7.073999999999842,1,1.2
92,no_timeout,1,593,0.8980000000001382,1.3659999999999854,0,1.2
92,no_timeout,1,594,0.7319999999999709,2.0960000000000036,0,1.2
92,no_timeout,1,595,2.339999999999918,4.374000000000024,1,1.2
92,no_timeout,1,596,1.6200000000001182,3.25,1,1.2
92,no_timeout,1,597,1.4959999999998672,4.481999999999971,1,1.2
92,no_timeout,1,598,0.9900000000000091,1.3480000000001837,0,1.2
92,no_timeout,1,599,1.2019999999999982,3.981999999999971,1,1.2
92,no_timeout,1,600,0.8679999999999382,2.4839999999999236,0,1.2
92,no_timeout,1,601,2.018000000000029,9.282000000000153,1,1.2
92,no_timeout,1,602,0.793999999999869,1.4039999999999964,0,1.2
92,no_timeout,1,603,1.0920000000000982,1.6699999999998454,0,1.2
92,no_timeout,1,604,1.7699999999999818,5.888000000000147,1,1.2
92,no_timeout,1,605,1.4800000000000182,4.425999999999931,1,1.2
92,no_timeout,1,606,1.1440000000000055,5.018000000000029,0,1.2
92,no_timeout,1,607,1.3820000000000618,7.576000000000022,1,1.2
92,no_timeout,1,608,1.0219999999999345,2.7819999999999254,0,1.2
92,no_timeout,1,609,0.6100000000001273,1.8139999999998508,0,1.2
92,no_timeout,1,610,1.211999999999989,17.560000000000173,1,1.2
92,no_timeout,1,611,0.42399999999997817,2.645999999999958,0,1.2
92,no_timeout,1,612,0.765999999999849,3.4300000000000637,0,1.2
92,no_timeout,1,613,1.1020000000000891,2.1240000000000236,0,1.2
92,no_timeout,1,614,0.4099999999998545,1.3840000000000146,0,1.2
92,no_timeout,1,615,1.2280000000000655,3.75,1,1.2
92,no_timeout,1,616,1.7660000000000764,3.1879999999998745,1,1.2
92,no_timeout,1,617,1.72199999999998,4.347999999999956,1,1.2
92,no_timeout,1,618,0.9080000000001291,1.5799999999999272,0,1.2
92,no_timeout,1,619,1.428000000000111,4.167999999999893,1,1.2
92,no_timeout,1,620,1.5960000000000036,8.761999999999944,1,1.2
92,no_timeout,1,621,1.768000000000029,4.178000000000111,1,1.2
92,no_timeout,1,622,1.58199999999988,4.176000000000158,1,1.2
92,no_timeout,1,623,1.3079999999999927,0.08399999999983265,1,1.2
92,no_timeout,1,624,0.18800000000010186,6.155999999999949,0,1.2
92,no_timeout,1,625,1.5360000000000582,4.970000000000027,1,1.2
92,no_timeout,1,626,2.1979999999998654,10.386000000000195,1,1.2
92,no_timeout,1,627,1.7739999999998872,6.842000000000098,1,1.2
92,no_timeout,1,628,1.4320000000000164,4.671999999999798,1,1.2
92,no_timeout,1,629,1.6360000000001946,6.559999999999945,1,1.2
92,no_timeout,1,630,2.594000000000051,7.121999999999844,1,1.2
92,no_timeout,1,631,1.4700000000000273,4.94399999999996,1,1.2
92,no_timeout,1,632,1.2200000000000273,6.751999999999953,1,1.2
92,no_timeout,1,633,4.180000000000064,5.761999999999944,1,1.2
92,no_timeout,1,634,1.5320000000001528,3.4700000000000273,1,1.2
92,no_timeout,1,635,1.8019999999999072,7.008000000000038,1,1.2
92,no_timeout,1,636,0.9500000000000455,2.02800000000002,0,1.2
92,no_timeout,1,637,0.8479999999999563,1.7819999999999254,0,1.2
92,no_timeout,1,638,1.2799999999999727,4.266000000000076,1,1.2
92,no_timeout,1,639,2.0679999999999836,4.662000000000035,1,1.2
92,no_timeout,1,640,1.5460000000000491,5.6340000000000146,1,1.2
92,no_timeout,1,641,1.3119999999998981,12.33400000000006,1,1.2
92,no_timeout,1,642,1.7519999999997253,4.211999999999989,1,1.2
92,no_timeout,1,643,1.3520000000003165,6.661999999999807,1,1.2
92,no_timeout,1,644,9.420000000000073,4.018000000000029,1,1.2
92,no_timeout,1,645,1.7280000000000655,6.891999999999825,1,1.2
92,no_timeout,1,646,1.3840000000000146,5.0300000000002,1,1.2
92,no_timeout,1,647,1.4960000000000946,4.177999999999884,1,1.2
92,no_timeout,1,648,3.132000000000062,1.725999999999658,1,1.2
92,no_timeout,1,649,1.5480000000002292,11.7199999999998,1,1.2
92,no_timeout,1,650,2.188000000000102,5.914000000000215,1,1.2
92,no_timeout,1,651,3.10799999999972,7.538000000000011,1,1.2
92,no_timeout,1,652,1.7260000000001128,5.2979999999997744,1,1.2
92,no_timeout,1,653,0.20200000000022555,0.31599999999980355,0,1.2
92,no_timeout,1,654,0.46400000000039654,15.731999999999971,0,1.2
92,no_timeout,1,655,0.4919999999997344,2.0100000000002183,0,1.2
92,no_timeout,1,656,1.0,1.7339999999999236,0,1.2
92,no_timeout,1,657,1.1140000000000327,1.400000000000091,0,1.2
92,no_timeout,1,658,0.9539999999997235,1.9380000000001019,0,1.2
92,no_timeout,1,659,1.5399999999999636,6.753999999999905,1,1.2
92,no_timeout,1,660,3.244000000000142,59.50799999999981,1,1.2
92,no_timeout,1,661,0.80600000000004,1.3160000000002583,0,1.2
92,no_timeout,1,662,2.018000000000029,0.55600000000004,1,1.2
92,no_timeout,1,663,0.29799999999977445,0.8260000000000218,0,1.2
92,no_timeout,1,664,1.3980000000001382,13.587999999999738,1,1.2
92,no_timeout,1,665,0.30600000000004,1.4420000000000073,0,1.2
92,no_timeout,1,666,1.905999999999949,6.594000000000051,1,1.2
92,no_timeout,1,667,1.5399999999999636,6.3960000000001855,1,1.2
92,no_timeout,1,668,0.5019999999999527,2.675999999999931,0,1.2
92,no_timeout,1,669,1.6340000000000146,6.800000000000182,1,1.2
92,no_timeout,1,670,1.5579999999999927,6.460000000000036,1,1.2
92,no_timeout,1,671,1.711999999999989,5.013999999999669,1,1.2
92,no_timeout,1,672,1.8040000000000873,7.048000000000229,1,1.2
92,no_timeout,1,673,1.0239999999998872,1.9719999999997526,0,1.2
92,no_timeout,1,674,1.5640000000003056,4.435999999999694,1,1.2
92,no_timeout,1,675,1.8980000000001382,4.624000000000251,1,1.2
92,no_timeout,1,676,2.9859999999998763,6.487999999999829,1,1.2
92,no_timeout,1,677,1.9400000000000546,4.778000000000247,1,1.2
92,no_timeout,1,678,1.4919999999997344,5.050000000000182,1,1.2
92,no_timeout,1,679,1.8220000000001164,5.985999999999876,1,1.2
92,no_timeout,1,680,1.3959999999997308,5.804000000000087,1,1.2
92,no_timeout,1,681,1.6600000000003092,3.9719999999997526,1,1.2
92,no_timeout,1,682,2.519999999999982,8.36200000000008,1,1.2
92,no_timeout,1,683,3.382000000000062,6.833999999999833,1,1.2
92,no_timeout,1,684,2.394000000000233,7.809999999999945,1,1.2
92,no_timeout,1,685,1.1239999999997963,2.1280000000001564,0,1.2
92,no_timeout,1,686,1.1839999999997417,1.6920000000000073,0,1.2
92,no_timeout,1,687,1.9640000000003965,4.605999999999767,1,1.2
92,no_timeout,1,688,0.6900000000000546,2.1779999999998836,0,1.2
92,no_timeout,1,689,1.1220000000002983,6.038000000000011,0,1.2
92,no_timeout,1,690,1.4239999999999782,3.151999999999589,1,1.2
92,no_timeout,1,691,2.076000000000022,4.236000000000331,1,1.2
92,no_timeout,1,692,1.7799999999997453,60.922000000000025,1,1.2
92,no_timeout,1,693,0.9380000000001019,1.63799999999992,0,1.2
92,no_timeout,1,694,1.1979999999998654,1.0460000000002765,0,1.2
92,no_timeout,1,695,1.094000000000051,1.7239999999997053,0,1.2
92,no_timeout,1,696,1.6220000000002983,5.541999999999916,1,1.2
92,no_timeout,1,697,1.3420000000000982,181.03999999999996,1,1.2
92,no_timeout,1,698,0.8479999999999563,2.0779999999999745,0,1.2
92,no_timeout,1,699,1.1959999999999127,2.0720000000001164,0,1.2
92,no_timeout,1,700,0.6700000000000728,225.42599999999993,0,1.2
92,no_timeout,1,701,0.7680000000000291,1.1579999999999018,0,1.2
92,no_timeout,1,702,0.9099999999998545,2.1260000000002037,0,1.2
92,no_timeout,1,703,1.1739999999999782,1.0839999999998327,0,1.2
92,no_timeout,1,704,0.9760000000001128,0.6239999999997963,0,1.2
92,no_timeout,1,705,1.22400000000016,4.983999999999924,1,1.2
92,no_timeout,1,706,0.8900000000003274,1.80600000000004,0,1.2
92,no_timeout,1,707,0.8419999999996435,2.0599999999999454,0,1.2
92,no_timeout,1,708,0.6539999999999964,1.5960000000000036,0,1.2
92,no_timeout,1,709,1.5020000000004075,3.1539999999999964,1,1.2
92,no_timeout,1,710,0.2699999999999818,0.1799999999998363,0,1.2
92,no_timeout,1,711,1.1059999999997672,1.3800000000001091,0,1.2
92,no_timeout,1,712,1.538000000000011,3.786000000000058,1,1.2
92,no_timeout,1,713,1.344000000000051,4.036000000000058,1,1.2
92,no_timeout,1,714,1.9259999999999309,4.481999999999971,1,1.2
92,no_timeout,1,715,1.0,2.257999999999811,0,1.2
92,no_timeout,1,716,0.9540000000001783,1.318000000000211,0,1.2
92,no_timeout,1,717,1.3439999999995962,3.7080000000000837,1,1.2
92,no_timeout,1,718,1.8120000000003529,3.825999999999567,1,1.2
92,no_timeout,1,719,1.6860000000001492,3.1840000000001965,1,1.2
92,no_timeout,1,720,1.1499999999996362,2.89200000000028,0,1.2
92,no_timeout,1,721,0.987999999999829,62.30600000000004,0,1.2
92,no_timeout,1,722,1.1779999999998836,1.0660000000002583,0,1.2
92,no_timeout,1,723,0.9940000000001419,1.0279999999997926,0,1.2
92,no_timeout,1,724,0.8699999999998909,1.0019999999999527,0,1.2
92,no_timeout,1,725,1.344000000000051,4.385999999999967,1,1.2
92,no_timeout,1,726,1.930000000000291,4.91399999999976,1,1.2
92,no_timeout,1,727,1.6959999999999127,5.731999999999971,1,1.2
92,no_timeout,1,728,1.206000000000131,5.624000000000251,1,1.2
92,no_timeout,1,729,0.6140000000000327,1.4839999999999236,0,1.2
92,no_timeout,1,730,1.4220000000000255,4.849999999999909,1,1.2
92,no_timeout,1,731,1.9699999999998,8.420000000000073,1,1.2
92,no_timeout,1,732,0.7440000000001419,2.519999999999982,0,1.2
92,no_timeout,1,733,1.5639999999998508,5.208000000000084,1,1.2
92,no_timeout,1,734,3.076000000000022,5.476000000000113,1,1.2
92,no_timeout,1,735,1.737999999999829,8.289999999999964,1,1.2
92,no_timeout,1,736,1.5579999999999927,37.05600000000004,1,1.2
92,no_timeout,1,737,1.0920000000000982,2.2260000000001128,0,1.2
92,no_timeout,1,738,1.531999999999698,4.470000000000255,1,1.2
92,no_timeout,1,739,1.4939999999996871,396.84000000000015,1,1.2
92,no_timeout,1,740,1.1280000000001564,2.1859999999996944,0,1.2
92,no_timeout,1,741,1.3220000000001164,4.561999999999898,1,1.2
92,no_timeout,1,742,1.0840000000002874,1.6419999999998254,0,1.2
92,no_timeout,1,743,1.099999999999909,1.3500000000003638,0,1.2
92,no_timeout,1,744,1.169999999999618,1.1380000000003747,0,1.2
92,no_timeout,1,745,0.8959999999997308,1.8719999999998436,0,1.2
92,no_timeout,1,746,1.236000000000331,5.217999999999847,1,1.2
92,no_timeout,1,747,1.7139999999999418,5.0340000000001055,1,1.2
92,no_timeout,1,748,1.400000000000091,7.195999999999913,1,1.2
92,no_timeout,1,749,0.4619999999999891,1.599999999999909,0,1.2
92,no_timeout,1,750,1.568000000000211,5.657999999999902,1,1.2
92,no_timeout,1,751,1.77599999999984,6.364000000000033,1,1.2
92,no_timeout,1,752,1.5799999999999272,5.082000000000335,1,1.2
92,no_timeout,1,753,2.923999999999978,4.545999999999822,1,1.2
92,no_timeout,1,754,1.3960000000001855,5.917999999999665,1,1.2
92,no_timeout,1,755,2.0640000000003056,5.933999999999742,1,1.2
92,no_timeout,1,756,2.4100000000003092,4.799999999999727,1,1.2
92,no_timeout,1,757,1.9720000000002074,5.61200000000008,1,1.2
92,no_timeout,1,758,2.230000000000018,9.013999999999669,1,1.2
92,no_timeout,1,759,3.0260000000002947,5.255999999999858,1,1.2
92,no_timeout,1,760,2.02599999999984,6.86200000000008,1,1.2
92,no_timeout,1,761,1.5160000000000764,2.132000000000062,1,1.2
92,no_timeout,1,762,1.2579999999998108,9.374000000000251,1,1.2
92,no_timeout,1,763,1.7280000000000655,5.737999999999829,1,1.2
92,no_timeout,1,764,0.07799999999997453,0.09799999999995634,0,1.2
92,no_timeout,1,765,1.4540000000001783,5.80600000000004,1,1.2
92,no_timeout,1,766,2.7480000000000473,6.069999999999709,1,1.2
92,no_timeout,1,767,1.2760000000002947,4.075999999999567,1,1.2
92,no_timeout,1,768,1.36200000000008,7.622000000000298,1,1.2
92,no_timeout,1,769,1.8359999999997854,6.197999999999865,1,1.2
92,no_timeout,1,770,1.3940000000002328,7.820000000000164,1,1.2
92,no_timeout,1,771,0.04999999999972715,0.34400000000005093,0,1.2
92,no_timeout,1,772,1.2559999999998581,40.634000000000015,1,1.2
92,no_timeout,1,773,1.0160000000000764,1.0019999999999527,0,1.2
92,no_timeout,1,774,0.5180000000000291,3.3160000000002583,0,1.2
92,no_timeout,1,775,1.9800000000000182,5.557999999999993,1,1.2
92,no_timeout,1,776,1.4279999999998836,4.9659999999998945,1,1.2
92,no_timeout,1,777,1.8820000000000618,7.456000000000131,1,1.2
92,no_timeout,1,778,1.337999999999738,8.006000000000313,1,1.2
92,no_timeout,1,779,1.6579999999999018,8.634000000000015,1,1.2
92,no_timeout,1,780,1.3219999999996617,7.326000000000022,1,1.2
92,no_timeout,1,781,1.6020000000003165,14.725999999999658,1,1.2
92,no_timeout,1,782,0.7220000000002074,2.550000000000182,0,1.2
92,no_timeout,1,783,0.4539999999997235,0.07200000000011642,0,1.2
92,no_timeout,1,784,0.7660000000000764,2.36200000000008,0,1.2
92,no_timeout,1,785,1.1679999999996653,6.936000000000149,0,1.2
92,no_timeout,1,786,0.681999999999789,9.644000000000233,0,1.2
92,no_timeout,1,787,0.6759999999999309,2.5419999999999163,0,1.2
92,no_timeout,1,788,1.1400000000003274,239.79799999999977,0,1.2
92,no_timeout,1,789,1.136000000000422,4.085999999999331,0,1.2
92,no_timeout,1,790,0.38799999999991996,3.2160000000003492,0,1.2
92,no_timeout,1,791,1.2799999999997453,6.302000000000589,1,1.2
92,no_timeout,1,792,1.5599999999994907,4.096000000000458,1,1.2
92,no_timeout,1,793,1.268000000000029,4.029999999999745,1,1.2
92,no_timeout,1,794,1.568000000000211,5.217999999999847,1,1.2
92,no_timeout,1,795,1.0839999999998327,1.2780000000002474,0,1.2
92,no_timeout,1,796,1.3079999999999927,6.039999999999964,1,1.2
92,no_timeout,1,797,1.9359999999996944,4.528000000000247,1,1.2
92,no_timeout,1,798,0.9639999999999418,1.9520000000002256,0,1.2
92,no_timeout,1,799,1.5419999999994616,7.386000000000422,1,1.2
92,no_timeout,1,800,1.4639999999999418,5.814000000000306,1,1.2
92,no_timeout,1,801,1.6299999999991996,8.970000000000255,1,1.2
92,no_timeout,1,802,1.2840000000005602,5.05199999999968,1,1.2
92,no_timeout,1,803,1.8119999999998981,6.42200000000048,1,1.2
92,no_timeout,1,804,1.3919999999998254,10.13000000000011,1,1.2
92,no_timeout,1,805,2.027999999999338,10.445999999999913,1,1.2
92,no_timeout,1,806,0.9840000000003783,1.7899999999999636,0,1.2
92,no_timeout,1,807,1.61200000000008,9.72400000000016,1,1.2
92,no_timeout,1,808,1.0,1.543999999999869,0,1.2
92,no_timeout,1,809,2.1080000000001746,8.743999999999687,1,1.2
92,no_timeout,1,810,1.2460000000000946,5.7719999999999345,1,1.2
92,no_timeout,1,811,1.4979999999995925,6.78400000000056,1,1.2
92,no_timeout,1,812,1.3999999999996362,276.2460000000001,1,1.2
92,no_timeout,1,813,0.4000000000005457,0.22399999999925058,0,1.2
92,no_timeout,1,814,0.1000000000003638,1.86200000000008,0,1.2
92,no_timeout,1,815,1.5,3.5540000000000873,1,1.2
92,no_timeout,1,816,1.5339999999996508,3.860000000000582,1,1.2
92,no_timeout,1,817,1.0779999999995198,1.3980000000001382,0,1.2
92,no_timeout,1,818,1.1840000000001965,2.0119999999997162,0,1.2
92,no_timeout,1,819,1.0039999999999054,3.2380000000002838,0,1.2
92,no_timeout,1,820,1.545999999999367,6.418000000000575,1,1.2
92,no_timeout,1,821,1.550000000000182,4.2039999999997235,1,1.2
92,no_timeout,1,822,1.6660000000001673,51.61399999999958,1,1.2
92,no_timeout,1,823,1.368000000000393,5.119999999999891,1,1.2
92,no_timeout,1,824,1.6580000000003565,5.131999999999607,1,1.2
92,no_timeout,1,825,1.1520000000000437,1.3140000000003056,0,1.2
92,no_timeout,1,826,1.2819999999992433,4.498000000000502,1,1.2
92,no_timeout,1,827,1.7020000000002256,5.670000000000073,1,1.2
92,no_timeout,1,828,1.3519999999998618,5.175999999999476,1,1.2
92,no_timeout,1,829,1.1480000000001382,2.1019999999998618,0,1.2
92,no_timeout,1,830,1.3020000000005894,4.537999999999556,1,1.2
92,no_timeout,1,831,1.699999999999818,6.9520000000002256,1,1.2
92,no_timeout,1,832,1.568000000000211,6.443999999999505,1,1.2
92,no_timeout,1,833,1.5,5.2020000000002256,1,1.2
92,no_timeout,1,834,1.7560000000003129,6.813999999999396,1,1.2
92,no_timeout,1,835,2.4520000000002256,5.686000000000604,1,1.2
92,no_timeout,1,836,2.257999999999811,0.15399999999954161,1,1.2
92,no_timeout,1,837,0.27000000000043656,4.91399999999976,0,1.2
92,no_timeout,1,838,1.77599999999984,70.35000000000036,1,1.2
92,no_timeout,1,839,1.613999999999578,5.25,1,1.2
92,no_timeout,1,840,1.4480000000003201,4.529999999999745,1,1.2
92,no_timeout,1,841,2.266000000000531,6.529999999999745,1,1.2
92,no_timeout,1,842,1.8760000000002037,9.985999999999876,1,1.2
92,no_timeout,1,843,2.063999999999396,10.208000000000538,1,1.2
92,no_timeout,1,844,1.5559999999995853,5.828000000000429,1,1.2
92,no_timeout,1,845,1.5399999999999636,8.529999999999745,1,1.2
92,no_timeout,1,846,1.4440000000004147,5.0479999999997744,1,1.2
92,no_timeout,1,847,1.5760000000000218,9.211999999999534,1,1.2
92,no_timeout,1,848,1.6920000000000073,5.964000000000851,1,1.2
92,no_timeout,1,849,3.399999999999636,12.265999999999622,1,1.2
92,no_timeout,1,850,1.88799999999992,7.208000000000538,1,1.2
92,no_timeout,1,851,1.457999999999629,6.8640000000004875,1,1.2
92,no_timeout,1,852,1.6480000000001382,7.031999999999243,1,1.2
92,no_timeout,1,853,1.8400000000001455,421.76800000000003,1,1.2
92,no_timeout,1,854,0.5640000000003056,3.2640000000001237,0,1.2
92,no_timeout,1,855,0.5339999999996508,2.2020000000002256,0,1.2
92,no_timeout,1,856,1.2600000000002183,2.6539999999995416,1,1.2
92,no_timeout,1,857,2.188000000000102,2.725999999999658,1,1.2
92,no_timeout,1,858,1.8020000000005894,304.84599999999955,1,1.2
92,no_timeout,1,859,0.4279999999998836,3.4600000000000364,0,1.2
92,no_timeout,1,860,0.07400000000052387,750.5279999999993,0,1.2
92,no_timeout,1,861,1.542000000000371,5.6340000000000146,1,1.2
92,no_timeout,1,862,1.456000000000131,4.963999999999942,1,1.2
92,no_timeout,1,863,3.655999999999949,9.480000000000473,1,1.2
92,no_timeout,1,864,2.037999999999556,,1,1.2
92,no_timeout,2,1,0.3860000000000028,0.16399999999999437,0,1.2
92,no_timeout,2,2,0.08600000000000563,2.367999999999995,0,1.2
92,no_timeout,2,3,0.6859999999999999,2.4179999999999993,0,1.2
92,no_timeout,2,4,0.4960000000000022,0.14399999999999835,0,1.2
92,no_timeout,2,5,0.044000000000004036,1.5360000000000014,0,1.2
92,no_timeout,2,6,1.1779999999999973,0.07800000000000296,0,1.2
92,no_timeout,2,7,0.3439999999999941,2.784000000000006,0,1.2
92,no_timeout,2,8,1.5999999999999943,35.574000000000005,1,1.2
92,no_timeout,2,9,0.20000000000000284,1.9779999999999944,0,1.2
92,no_timeout,2,10,1.0400000000000063,1.725999999999999,0,1.2
92,no_timeout,2,11,1.1359999999999957,0.9479999999999933,0,1.2
92,no_timeout,2,12,1.6000000000000085,4.013999999999996,1,1.2
92,no_timeout,2,13,0.7139999999999986,0.3580000000000041,0,1.2
92,no_timeout,2,14,0.20199999999999818,20.132000000000005,0,1.2
92,no_timeout,2,15,0.8399999999999892,24.474000000000004,0,1.2
92,no_timeout,2,16,1.0840000000000032,1.6399999999999864,0,1.2
92,no_timeout,2,17,0.77800000000002,1.353999999999985,0,1.2
92,no_timeout,2,18,1.396000000000015,6.159999999999997,1,1.2
92,no_timeout,2,19,0.6020000000000039,4.906000000000006,0,1.2
92,no_timeout,2,20,1.2699999999999818,44.45600000000002,1,1.2
92,no_timeout,2,21,1.5539999999999736,3.0500000000000114,1,1.2
92,no_timeout,2,22,1.7839999999999918,5.612000000000023,1,1.2
92,no_timeout,2,23,2.315999999999974,3.51400000000001,1,1.2
92,no_timeout,2,24,0.24199999999999022,0.6360000000000241,0,1.2
92,no_timeout,2,25,0.3100000000000023,1.8039999999999736,0,1.2
92,no_timeout,2,26,1.4660000000000082,4.015999999999991,1,1.2
92,no_timeout,2,27,2.2060000000000173,4.731999999999999,1,1.2
92,no_timeout,2,28,2.0679999999999836,26.232,1,1.2
92,no_timeout,2,29,1.6899999999999977,5.846000000000004,1,1.2
92,no_timeout,2,30,2.0160000000000196,5.933999999999969,1,1.2
92,no_timeout,2,31,1.5160000000000196,0.1279999999999859,1,1.2
92,no_timeout,2,32,0.22000000000002728,3.6359999999999673,0,1.2
92,no_timeout,2,33,1.448000000000036,3.6159999999999854,1,1.2
92,no_timeout,2,34,2.04200000000003,4.493999999999971,1,1.2
92,no_timeout,2,35,2.259999999999991,4.624000000000024,1,1.2
92,no_timeout,2,36,1.3240000000000123,0.11599999999998545,1,1.2
92,no_timeout,2,37,0.46399999999999864,13.743999999999971,0,1.2
92,no_timeout,2,38,2.6000000000000227,5.079999999999984,1,1.2
92,no_timeout,2,39,2.312000000000012,46.089999999999975,1,1.2
92,no_timeout,2,40,1.2139999999999986,5.548000000000002,1,1.2
92,no_timeout,2,41,1.7980000000000018,4.098000000000013,1,1.2
92,no_timeout,2,42,1.9940000000000282,79.786,1,1.2
92,no_timeout,2,43,1.6759999999999877,3.552000000000021,1,1.2
92,no_timeout,2,44,4.087999999999965,125.19999999999999,1,1.2
92,no_timeout,2,45,1.3920000000000528,5.779999999999973,1,1.2
92,no_timeout,2,46,1.6059999999999945,4.258000000000038,1,1.2
92,no_timeout,2,47,2.103999999999928,8.354000000000042,1,1.2
92,no_timeout,2,48,3.2479999999999336,56.214000000000055,1,1.2
92,no_timeout,2,49,1.8239999999999554,7.08400000000006,1,1.2
92,no_timeout,2,50,2.377999999999929,7.288000000000011,1,1.2
92,no_timeout,2,51,2.4340000000000828,5.730000000000018,1,1.2
92,no_timeout,2,52,2.0919999999999845,8.495999999999981,1,1.2
92,no_timeout,2,53,3.533999999999992,9.29200000000003,1,1.2
92,no_timeout,2,54,2.8579999999999472,9.73599999999999,1,1.2
92,no_timeout,2,55,5.666000000000054,7.017999999999915,1,1.2
92,no_timeout,2,56,15.414000000000101,38.841999999999985,1,1.2
92,no_timeout,2,57,2.01400000000001,7.833999999999946,1,1.2
92,no_timeout,2,58,1.5439999999999827,5.98599999999999,1,1.2
92,no_timeout,2,59,2.272000000000048,4.669999999999959,1,1.2
92,no_timeout,2,60,1.7240000000000464,8.779999999999973,1,1.2
92,no_timeout,2,61,4.398000000000025,6.0,1,1.2
92,no_timeout,2,62,4.423999999999978,6.354000000000042,1,1.2
92,no_timeout,2,63,2.6920000000000073,7.966000000000008,1,1.2
92,no_timeout,2,64,3.0039999999999054,125.19800000000009,1,1.2
92,no_timeout,2,65,1.7919999999999163,5.48599999999999,1,1.2
92,no_timeout,2,66,1.4480000000000928,6.043999999999869,1,1.2
92,no_timeout,2,67,2.3480000000001837,129.25,1,1.2
92,no_timeout,2,68,1.2859999999998308,4.614000000000033,1,1.2
92,no_timeout,2,69,1.8759999999999764,0.11400000000003274,1,1.2
92,no_timeout,2,70,0.08799999999996544,4.75,0,1.2
92,no_timeout,2,71,2.0140000000001237,224.836,1,1.2
92,no_timeout,2,72,1.7919999999999163,5.801999999999907,1,1.2
92,no_timeout,2,73,1.7220000000002074,5.1039999999998145,1,1.2
92,no_timeout,2,74,1.8980000000001382,35.965999999999894,1,1.2
92,no_timeout,2,75,1.8020000000001346,6.477999999999838,1,1.2
92,no_timeout,2,76,1.490000000000009,6.413999999999987,1,1.2
92,no_timeout,2,77,0.6340000000000146,1.1459999999999582,0,1.2
92,no_timeout,2,78,1.7320000000001983,8.327999999999975,1,1.2
92,no_timeout,2,79,2.44399999999996,11.470000000000027,1,1.2
92,no_timeout,2,80,1.9919999999999618,9.251999999999953,1,1.2
92,no_timeout,2,81,2.1620000000000346,22.910000000000082,1,1.2
92,no_timeout,2,82,2.1799999999998363,8.322000000000116,1,1.2
92,no_timeout,2,83,2.2760000000000673,315.09799999999996,1,1.2
92,no_timeout,2,84,1.2799999999999727,5.245999999999867,1,1.2
92,no_timeout,2,85,2.1539999999999964,9.144000000000005,1,1.2
92,no_timeout,2,86,2.464000000000169,9.364000000000033,1,1.2
92,no_timeout,2,87,1.8019999999999072,6.425999999999931,1,1.2
92,no_timeout,2,88,2.991999999999962,6.540000000000191,1,1.2
92,no_timeout,2,89,2.571999999999889,9.976000000000113,1,1.2
92,no_timeout,2,90,3.1019999999998618,458.34799999999996,1,1.2
92,no_timeout,2,91,0.7000000000002728,3.4539999999997235,0,1.2
92,no_timeout,2,92,1.1399999999998727,1.3400000000001455,0,1.2
92,no_timeout,2,93,1.2780000000002474,3.8339999999998327,1,1.2
92,no_timeout,2,94,1.6619999999998072,5.604000000000269,1,1.2
92,no_timeout,2,95,2.0239999999998872,51.69599999999991,1,1.2
92,no_timeout,2,96,2.0540000000000873,6.916000000000167,1,1.2
92,no_timeout,2,97,1.5519999999996799,7.3100000000004,1,1.2
92,no_timeout,2,98,1.9659999999998945,123.93399999999974,1,1.2
92,no_timeout,2,99,1.8780000000001564,8.916000000000167,1,1.2
92,no_timeout,2,100,1.8079999999999927,11.559999999999945,1,1.2
92,no_timeout,2,101,6.699999999999818,233.39800000000014,1,1.2
92,no_timeout,2,102,1.4940000000001419,10.985999999999876,1,1.2
92,no_timeout,2,103,0.9659999999998945,3.6340000000000146,0,1.2
92,no_timeout,2,104,1.5279999999997926,8.646000000000186,1,1.2
92,no_timeout,2,105,2.0239999999998872,212.8760000000002,1,1.2
92,no_timeout,2,106,1.1779999999998836,1.6080000000001746,0,1.2
92,no_timeout,2,107,1.3579999999997199,6.880000000000109,1,1.2
92,no_timeout,2,108,1.3279999999999745,8.208000000000084,1,1.2
92,no_timeout,2,109,1.2220000000002074,452.62599999999975,1,1.2
92,no_timeout,2,110,1.7359999999998763,14.958000000000084,1,1.2
92,no_timeout,2,111,1.1460000000001855,3.105999999999767,0,1.2
92,no_timeout,2,112,2.5960000000000036,448.01200000000017,1,1.2
92,no_timeout,2,113,1.0900000000001455,2.6159999999999854,0,1.2
92,no_timeout,2,114,1.2699999999999818,7.571999999999662,1,1.2
92,no_timeout,2,115,2.1460000000001855,5.893999999999778,1,1.2
92,no_timeout,2,116,0.9900000000002365,2.9859999999998763,0,1.2
92,no_timeout,2,117,1.2800000000002,131.33199999999988,1,1.2
92,no_timeout,2,118,0.17000000000007276,0.09000000000014552,0,1.2
92,no_timeout,2,119,1.095999999999549,1.6640000000006694,0,1.2
92,no_timeout,2,120,1.5059999999994034,5.380000000000109,1,1.2
92,no_timeout,2,121,1.4679999999998472,7.63799999999992,1,1.2
92,no_timeout,2,122,1.7580000000007203,10.253999999999905,1,1.2
92,no_timeout,2,123,3.7419999999992797,5.4760000000005675,1,1.2
92,no_timeout,2,124,1.4780000000000655,9.351999999999862,1,1.2
92,no_timeout,2,125,1.7860000000000582,14.239999999999782,1,1.2
92,no_timeout,2,126,1.6140000000004875,7.807999999999993,1,1.2
92,no_timeout,2,127,2.2219999999997526,6.786000000000058,1,1.2
92,no_timeout,2,128,3.22400000000016,16.84400000000005,1,1.2
92,no_timeout,2,129,1.6479999999992287,82.91800000000057,1,1.2
92,no_timeout,2,130,1.5760000000000218,5.725999999999658,1,1.2
92,no_timeout,2,131,1.7640000000001237,4.064000000000306,1,1.2
92,no_timeout,2,132,1.518000000000029,5.447999999999411,1,1.2
92,no_timeout,2,133,1.4899999999997817,6.8200000000006185,1,1.2
92,no_timeout,2,134,1.4380000000001019,5.595999999999549,1,1.2
92,no_timeout,2,135,1.5799999999999272,28.296000000000276,1,1.2
92,no_timeout,2,136,1.5979999999999563,10.923999999999978,1,1.2
92,no_timeout,2,137,1.5839999999998327,8.192000000000007,1,1.2
92,no_timeout,2,138,1.8699999999998909,5.450000000000728,1,1.2
92,no_timeout,2,139,1.7179999999998472,13.523999999999432,1,1.2
92,no_timeout,2,140,2.0979999999999563,14.673999999999978,1,1.2
92,no_timeout,2,141,2.438000000000102,6.97400000000016,1,1.2
92,no_timeout,2,142,1.6779999999998836,5.766000000000531,1,1.2
92,no_timeout,2,143,1.8679999999994834,6.3100000000004,1,1.2
92,no_timeout,2,144,1.8679999999994834,9.452000000000226,1,1.2
92,no_timeout,2,145,2.800000000000182,42.72599999999966,1,1.2
92,no_timeout,2,146,1.5760000000000218,4.579999999999927,1,1.2
92,no_timeout,2,147,2.3299999999999272,5.904000000000451,1,1.2
92,no_timeout,2,148,2.5999999999994543,4.012000000000626,1,1.2
92,no_timeout,2,149,1.956000000000131,4.487999999999374,1,1.2
92,no_timeout,2,150,2.0979999999999563,4.838000000000648,1,1.2
92,no_timeout,2,151,2.313999999999396,5.3659999999999854,1,1.2
92,no_timeout,2,152,2.405999999999949,3.3400000000001455,1,1.2
92,no_timeout,2,153,1.9180000000005748,5.481999999999971,1,1.2
92,no_timeout,2,154,2.130000000000109,185.6819999999998,1,1.2
92,no_timeout,2,155,2.6279999999997017,10.524000000000342,1,1.2
92,no_timeout,2,156,2.7460000000000946,10.141999999999825,1,1.2
92,no_timeout,2,157,5.05199999999968,83.75799999999981,1,1.2
92,no_timeout,2,158,1.1460000000006403,3.286000000000058,0,1.2
92,no_timeout,2,159,1.6340000000000146,7.211999999999534,1,1.2
92,no_timeout,2,160,1.7160000000003492,12.807999999999993,1,1.2
92,no_timeout,2,161,1.5760000000000218,72.34000000000015,1,1.2
92,no_timeout,2,162,2.3439999999991414,8.400000000000546,1,1.2
92,no_timeout,2,163,1.9839999999994689,11.360000000000582,1,1.2
92,no_timeout,2,164,2.725999999999658,97.10199999999986,1,1.2
92,no_timeout,2,165,0.24800000000050204,0.431999999999789,0,1.2
92,no_timeout,2,166,1.2120000000004438,39.839999999999236,1,1.2
92,no_timeout,2,167,1.5340000000005602,19.72400000000016,1,1.2
92,no_timeout,2,168,1.9039999999995416,16.210000000000036,1,1.2
92,no_timeout,2,169,2.4660000000003492,34.17199999999957,1,1.2
92,no_timeout,2,170,2.25,29.10199999999986,1,1.2
92,no_timeout,2,171,1.6760000000003856,10.423999999999978,1,1.2
92,no_timeout,2,172,1.4279999999998836,9.158000000000357,1,1.2
92,no_timeout,2,173,0.8220000000001164,0.6739999999999782,0,1.2
92,no_timeout,2,174,0.9019999999991342,2.5540000000000873,0,1.2
92,no_timeout,2,175,3.4520000000002256,1571.0740000000005,1,1.2
92,no_timeout,2,176,0.4359999999996944,3.7160000000003492,0,1.2
92,no_timeout,2,177,0.7879999999995562,1.1980000000003201,0,1.2
92,no_timeout,2,178,2.975999999999658,5.5919999999996435,1,1.2
92,no_timeout,2,179,6.800000000000182,7.328000000000429,1,1.2
92,no_timeout,2,180,6.1840000000001965,,1,1.2
