rat,group,session,trial,duration,iti,reinforced,criterion
87,20s,1,1,8.835999999999999,0.0120000000000004,0,10.0
87,20s,1,3,2.264000000000003,20.726,0,10.0
87,20s,1,4,9.801999999999992,0.0300000000000011,0,10.0
87,20s,1,6,22.555999999999997,2.225999999999999,1,10.0
87,20s,1,7,1.391999999999996,0.0519999999999925,0,10.0
87,20s,1,9,9.388000000000003,0.0440000000000111,0,10.0
87,20s,1,11,0.4179999999999779,0.0620000000000118,0,10.0
87,20s,1,13,26.807999999999993,1.768000000000001,1,10.0
87,20s,1,14,10.018,1.406000000000006,1,10.0
87,20s,1,15,11.413999999999987,1.7200000000000273,1,10.0
87,20s,1,16,10.21999999999997,0.0699999999999931,1,10.0
87,20s,1,17,0.1420000000000527,21.251999999999953,0,10.0
87,20s,1,18,17.593999999999994,3.230000000000018,1,10.0
87,20s,1,19,0.0579999999999927,0.0400000000000204,0,10.0
87,20s,1,21,13.50400000000002,1.7860000000000014,1,10.0
87,20s,1,22,14.24200000000002,1.2419999999999618,1,10.0
87,20s,1,23,13.760000000000048,1.2639999999999532,1,10.0
87,20s,1,24,15.412000000000036,0.8519999999999754,1,10.0
87,20s,1,25,16.33000000000004,1.2959999999999925,1,10.0
87,20s,1,26,17.41999999999996,1.4879999999999995,1,10.0
87,20s,1,27,13.78000000000003,1.2579999999999814,1,10.0
87,20s,1,28,14.018000000000027,1.45799999999997,1,10.0
87,20s,1,29,14.98599999999999,1.150000000000034,1,10.0
87,20s,1,30,17.675999999999988,1.1020000000000325,1,10.0
87,20s,1,31,14.086000000000013,6.3659999999999854,1,10.0
87,20s,1,32,29.255999999999972,1.3640000000000327,1,10.0
87,20s,1,33,9.894000000000004,26.801999999999907,0,10.0
87,20s,1,34,15.772000000000048,2.08400000000006,1,10.0
87,20s,1,35,14.761999999999944,1.1399999999999864,1,10.0
87,20s,1,36,11.836000000000013,1.1900000000000546,1,10.0
87,20s,1,37,15.121999999999955,1.1580000000000157,1,10.0
87,20s,1,38,10.067999999999984,1.1219999999999573,1,10.0
87,20s,1,39,12.980000000000018,0.0480000000000018,1,10.0
87,20s,1,40,0.2680000000000291,20.966000000000008,0,10.0
87,20s,1,41,15.341999999999985,1.3439999999999372,1,10.0
87,20s,1,42,10.746000000000096,1.211999999999989,1,10.0
87,20s,1,43,11.413999999999987,1.552000000000021,1,10.0
87,20s,1,44,13.865999999999984,1.4220000000000257,1,10.0
87,20s,1,45,11.17599999999993,1.622000000000071,1,10.0
87,20s,1,46,12.111999999999966,1.3260000000000218,1,10.0
87,20s,1,47,9.563999999999965,0.1040000000000418,0,10.0
87,20s,1,49,13.632000000000062,1.2839999999999918,1,10.0
87,20s,1,50,21.271999999999935,1.4420000000000073,1,10.0
87,20s,1,51,13.60800000000006,1.3899999999999864,1,10.0
87,20s,1,52,15.548000000000002,1.3500000000000227,1,10.0
87,20s,1,53,15.149999999999975,1.22199999999998,1,10.0
87,20s,1,54,15.875999999999976,1.3559999999999943,1,10.0
87,20s,1,55,13.672000000000024,1.3799999999999957,1,10.0
87,20s,1,56,0.0539999999999736,0.1000000000000227,0,10.0
87,20s,1,58,0.0879999999999654,0.0380000000000109,0,10.0
87,20s,1,60,17.43399999999997,1.3600000000000136,1,10.0
87,20s,1,61,16.65199999999993,0.0439999999999827,1,10.0
87,20s,1,62,0.3980000000000245,20.702,0,10.0
87,20s,1,63,14.63000000000011,1.7439999999999145,1,10.0
87,20s,1,64,17.798000000000002,2.3320000000001073,1,10.0
87,20s,1,65,15.493999999999916,1.2860000000000582,1,10.0
87,20s,1,66,15.153999999999996,1.0639999999998508,1,10.0
87,20s,1,67,18.52800000000002,1.4039999999999964,1,10.0
87,20s,1,68,22.81200000000013,1.2419999999999618,1,10.0
87,20s,1,69,11.95399999999995,1.3579999999999472,1,10.0
87,20s,1,70,14.172000000000024,2.1240000000000236,1,10.0
87,20s,1,71,17.067999999999984,1.4519999999999982,1,10.0
87,20s,1,72,15.347999999999956,1.8759999999999764,1,10.0
87,20s,1,73,9.938000000000102,20.774000000000115,0,10.0
87,20s,1,74,11.835999999999784,1.7280000000000657,1,10.0
87,20s,1,75,14.110000000000127,1.4839999999999236,1,10.0
87,20s,1,76,12.8900000000001,1.8679999999999384,1,10.0
87,20s,1,77,11.039999999999964,2.5319999999999254,1,10.0
87,20s,1,78,11.708000000000084,1.83199999999988,1,10.0
87,20s,1,79,13.774000000000116,1.6539999999999964,1,10.0
87,20s,1,80,12.071999999999887,1.4420000000000073,1,10.0
87,20s,1,81,11.674000000000206,1.4559999999999036,1,10.0
87,20s,1,82,12.27800000000002,2.2819999999999254,1,10.0
87,20s,1,83,8.761999999999944,22.10400000000004,0,10.0
87,20s,1,84,7.448000000000093,20.319999999999936,0,10.0
87,20s,1,85,13.685999999999922,1.5920000000000982,1,10.0
87,20s,1,86,15.45399999999995,0.0360000000000582,1,10.0
87,20s,1,87,0.0820000000001073,1.1879999999998745,0,10.0
87,20s,1,88,13.107999999999947,1.3379999999999654,1,10.0
87,20s,1,89,14.605999999999996,1.8580000000001744,1,10.0
87,20s,1,90,18.819999999999936,1.5640000000000782,1,10.0
87,20s,1,91,14.577999999999976,1.561999999999898,1,10.0
87,20s,1,92,18.932000000000016,1.27800000000002,1,10.0
87,20s,1,93,17.615999999999985,1.7360000000001037,1,10.0
87,20s,1,94,21.20999999999981,1.6520000000000437,1,10.0
87,20s,1,95,12.624000000000024,1.7480000000000473,1,10.0
87,20s,1,96,15.64799999999991,1.3940000000000057,1,10.0
87,20s,1,97,16.236000000000104,1.5779999999999743,1,10.0
87,20s,1,98,17.25,1.3520000000000891,1,10.0
87,20s,1,99,16.597999999999956,1.6040000000000418,1,10.0
87,20s,1,100,13.3599999999999,1.5620000000001255,1,10.0
87,20s,1,101,20.559999999999945,1.3659999999999854,1,10.0
87,20s,1,102,15.720000000000027,1.759999999999991,1,10.0
87,20s,1,103,21.64599999999996,1.3859999999999673,1,10.0
87,20s,1,104,17.299999999999955,1.7019999999999982,1,10.0
87,20s,1,105,19.88000000000011,1.695999999999913,1,10.0
87,20s,1,106,25.180000000000064,1.7739999999998872,1,10.0
87,20s,1,107,18.080000000000155,1.711999999999989,1,10.0
87,20s,1,108,19.412000000000035,1.505999999999858,1,10.0
87,20s,1,109,6.888000000000147,0.1179999999999381,0,10.0
87,20s,1,111,15.54600000000005,,1,10.0
87,20s,2,1,4.380000000000003,0.0320000000000035,0,10.0
87,20s,2,3,1.5720000000000027,20.22799999999999,0,10.0
87,20s,2,4,0.0660000000000025,0.0060000000000002,0,10.0
87,20s,2,5,0.0879999999999938,0.0660000000000025,0,10.0
87,20s,2,7,0.2479999999999904,0.1300000000000096,0,10.0
87,20s,2,9,1.3859999999999957,21.572000000000017,0,10.0
87,20s,2,10,2.4979999999999905,21.614000000000004,0,10.0
87,20s,2,11,6.018000000000001,24.126000000000005,0,10.0
87,20s,2,12,0.3100000000000023,0.0499999999999829,0,10.0
87,20s,2,14,7.926000000000016,24.79600000000002,0,10.0
87,20s,2,15,6.131999999999948,0.0060000000000286,0,10.0
87,20s,2,16,0.2339999999999804,21.196000000000023,0,10.0
87,20s,2,17,1.288000000000011,0.0699999999999931,0,10.0
87,20s,2,19,0.3199999999999932,0.0899999999999749,0,10.0
87,20s,2,21,1.3620000000000232,20.255999999999972,0,10.0
87,20s,2,22,0.1040000000000418,0.0699999999999931,0,10.0
87,20s,2,24,25.853999999999985,3.463999999999998,1,10.0
87,20s,2,25,22.52600000000001,2.6960000000000264,1,10.0
87,20s,2,26,14.937999999999988,1.2860000000000014,1,10.0
87,20s,2,27,12.899999999999975,1.3900000000000432,1,10.0
87,20s,2,28,15.003999999999962,1.3740000000000236,1,10.0
87,20s,2,29,16.94399999999996,1.740000000000009,1,10.0
87,20s,2,30,12.268000000000027,1.170000000000016,1,10.0
87,20s,2,31,11.007999999999925,1.438000000000102,1,10.0
87,20s,2,32,11.261999999999944,1.2759999999999536,1,10.0
87,20s,2,33,8.198000000000093,0.1099999999998999,0,10.0
87,20s,2,35,19.8660000000001,2.437999999999988,1,10.0
87,20s,2,36,16.50999999999999,2.0799999999999272,1,10.0
87,20s,2,37,13.009999999999993,1.828000000000088,1,10.0
87,20s,2,38,15.367999999999938,1.5299999999999727,1,10.0
87,20s,2,39,17.068000000000097,1.4359999999999218,1,10.0
87,20s,2,40,18.466000000000008,2.036000000000058,1,10.0
87,20s,2,41,14.339999999999918,1.5500000000000682,1,10.0
87,20s,2,42,14.696000000000026,1.2059999999999036,1,10.0
87,20s,2,43,15.88600000000008,1.5119999999999436,1,10.0
87,20s,2,44,21.374000000000024,1.3079999999999927,1,10.0
87,20s,2,45,18.529999999999973,1.54200000000003,1,10.0
87,20s,2,46,22.625999999999976,1.886000000000081,1,10.0
87,20s,2,47,14.798000000000002,2.183999999999969,1,10.0
87,20s,2,48,19.172000000000025,1.6459999999999582,1,10.0
87,20s,2,49,17.751999999999953,1.2420000000000757,1,10.0
87,20s,2,50,15.713999999999942,1.6140000000000327,1,10.0
87,20s,2,51,18.908000000000015,1.641999999999939,1,10.0
87,20s,2,52,18.63600000000008,1.69399999999996,1,10.0
87,20s,2,53,24.460000000000036,1.76400000000001,1,10.0
87,20s,2,54,0.1499999999999772,0.02800000000002,0,10.0
87,20s,2,56,27.83000000000004,0.0520000000000209,1,10.0
87,20s,2,57,0.0960000000000036,27.755999999999972,0,10.0
87,20s,2,58,29.680000000000064,1.849999999999909,1,10.0
87,20s,2,59,2.880000000000109,20.235999999999876,0,10.0
87,20s,2,60,10.251999999999953,2.258000000000038,1,10.0
87,20s,2,61,21.076000000000025,1.5879999999999654,1,10.0
87,20s,2,62,20.71199999999999,1.8520000000000891,1,10.0
87,20s,2,63,22.87799999999993,2.122000000000071,1,10.0
87,20s,2,64,18.299999999999955,1.2699999999999818,1,10.0
87,20s,2,65,21.65000000000009,1.6859999999999218,1,10.0
87,20s,2,66,15.04600000000005,1.4859999999998763,1,10.0
87,20s,2,67,22.552000000000135,1.3299999999999272,1,10.0
87,20s,2,68,25.276000000000067,1.627999999999929,1,10.0
87,20s,2,69,19.17800000000011,2.27599999999984,1,10.0
87,20s,2,70,0.1820000000000163,0.0740000000000691,0,10.0
87,20s,2,72,27.392000000000053,2.589999999999918,1,10.0
87,20s,2,73,22.475999999999885,1.9240000000002055,1,10.0
87,20s,2,74,34.84999999999991,1.1900000000000546,1,10.0
87,20s,2,75,19.843999999999824,1.7420000000001892,1,10.0
87,20s,2,76,17.874000000000024,2.0939999999998236,1,10.0
87,20s,2,77,12.865999999999984,1.30600000000004,1,10.0
87,20s,2,78,16.06600000000003,1.4580000000000837,1,10.0
87,20s,2,79,16.029999999999973,1.4700000000000273,1,10.0
87,20s,2,80,17.975999999999885,1.4980000000000473,1,10.0
87,20s,2,81,19.837999999999965,1.5720000000001164,1,10.0
87,20s,2,82,25.861999999999853,0.0640000000000782,1,10.0
87,20s,2,83,0.05600000000004,20.223999999999933,0,10.0
87,20s,2,84,0.0419999999999163,0.0540000000000873,0,10.0
87,20s,2,86,25.375999999999976,1.4580000000000837,1,10.0
87,20s,2,87,26.52800000000002,3.1800000000000637,1,10.0
87,20s,2,88,24.579999999999927,1.5080000000000382,1,10.0
87,20s,2,89,18.957999999999856,1.6720000000000257,1,10.0
87,20s,2,90,20.557999999999993,1.316000000000031,1,10.0
87,20s,2,91,14.473999999999933,1.6160000000002128,1,10.0
87,20s,2,92,23.579999999999927,2.41599999999994,1,10.0
87,20s,2,93,18.173999999999975,0.0860000000000127,1,10.0
87,20s,2,94,0.0599999999999454,20.452,0,10.0
87,20s,2,95,0.0760000000000218,0.0860000000000127,0,10.0
87,20s,2,97,30.309999999999945,1.8179999999999836,1,10.0
87,20s,2,98,21.059999999999945,1.518000000000029,1,10.0
87,20s,2,99,17.748000000000047,1.36200000000008,1,10.0
87,20s,2,100,14.9699999999998,0.0620000000001255,1,10.0
87,20s,2,101,0.0660000000000309,21.27800000000002,0,10.0
87,20s,2,102,23.567999999999984,1.5460000000000491,1,10.0
87,20s,2,103,24.163999999999987,1.4079999999999018,1,10.0
87,20s,2,104,19.930000000000064,1.5239999999998872,1,10.0
87,20s,2,105,21.64800000000014,2.009999999999991,1,10.0
87,20s,2,106,19.18799999999987,1.9080000000001291,1,10.0
87,20s,2,107,14.983999999999924,1.7300000000000182,1,10.0
87,20s,2,108,16.355999999999767,1.518000000000029,1,10.0
87,20s,2,109,18.0,1.8200000000001637,1,10.0
87,20s,2,110,19.59400000000005,2.2280000000000655,1,10.0
87,20s,2,111,27.221999999999753,1.5620000000003529,1,10.0
87,20s,2,112,0.3979999999996835,0.0160000000000763,0,10.0
87,20s,2,114,28.291999999999916,1.4839999999999236,1,10.0
87,20s,2,115,37.297999999999774,,1,10.0
87,20s,3,1,14.389999999999995,2.3640000000000043,1,10.0
87,20s,3,2,12.613999999999995,1.8740000000000023,1,10.0
87,20s,3,3,12.393999999999998,2.147999999999996,1,10.0
87,20s,3,4,10.100000000000009,3.3559999999999945,1,10.0
87,20s,3,5,9.476,20.174000000000007,0,10.0
87,20s,3,6,14.315999999999988,2.2040000000000077,1,10.0
87,20s,3,7,10.816000000000004,1.6680000000000064,1,10.0
87,20s,3,8,9.858000000000004,23.591999999999985,0,10.0
87,20s,3,9,11.653999999999996,1.8900000000000148,1,10.0
87,20s,3,10,13.635999999999996,1.431999999999988,1,10.0
87,20s,3,11,0.8720000000000141,0.0159999999999911,0,10.0
87,20s,3,13,16.445999999999998,1.7420000000000186,1,10.0
87,20s,3,14,18.75399999999999,1.920000000000016,1,10.0
87,20s,3,15,13.40799999999996,1.3880000000000337,1,10.0
87,20s,3,16,17.017999999999972,1.7340000000000373,1,10.0
87,20s,3,17,11.699999999999989,1.2819999999999825,1,10.0
87,20s,3,18,15.072000000000005,1.7440000000000282,1,10.0
87,20s,3,19,10.192000000000007,7.371999999999957,1,10.0
87,20s,3,20,16.069999999999993,1.8780000000000427,1,10.0
87,20s,3,21,13.125999999999976,2.132000000000005,1,10.0
87,20s,3,22,16.005999999999972,1.914000000000044,1,10.0
87,20s,3,23,14.990000000000007,2.5459999999999923,1,10.0
87,20s,3,24,13.43599999999998,1.6000000000000227,1,10.0
87,20s,3,25,12.013999999999951,3.846000000000003,1,10.0
87,20s,3,26,15.476,1.400000000000034,1,10.0
87,20s,3,27,16.783999999999992,1.6759999999999875,1,10.0
87,20s,3,28,15.701999999999998,1.4580000000000268,1,10.0
87,20s,3,29,25.64199999999994,0.0520000000000209,1,10.0
87,20s,3,30,0.1520000000000436,20.192000000000007,0,10.0
87,20s,3,31,17.533999999999992,2.0219999999999345,1,10.0
87,20s,3,32,14.328000000000088,1.495999999999981,1,10.0
87,20s,3,33,12.829999999999927,1.566000000000031,1,10.0
87,20s,3,34,12.10800000000006,1.4739999999999327,1,10.0
87,20s,3,35,12.710000000000036,1.19399999999996,1,10.0
87,20s,3,36,12.994000000000028,1.3840000000000146,1,10.0
87,20s,3,37,17.30200000000002,1.909999999999968,1,10.0
87,20s,3,38,11.658000000000015,1.5059999999999718,1,10.0
87,20s,3,39,11.577999999999976,4.128000000000043,1,10.0
87,20s,3,40,13.874000000000024,1.5839999999999463,1,10.0
87,20s,3,41,15.317999999999984,1.812000000000012,1,10.0
87,20s,3,42,14.110000000000014,1.433999999999969,1,10.0
87,20s,3,43,11.08800000000008,1.3999999999999773,1,10.0
87,20s,3,44,11.701999999999998,1.29200000000003,1,10.0
87,20s,3,45,8.519999999999982,20.355999999999995,0,10.0
87,20s,3,46,11.980000000000018,1.937999999999988,1,10.0
87,20s,3,47,15.922000000000024,1.3619999999999663,1,10.0
87,20s,3,48,14.758000000000038,2.2859999999999445,1,10.0
87,20s,3,49,13.927999999999995,1.4039999999999964,1,10.0
87,20s,3,50,0.211999999999989,0.0679999999999836,0,10.0
87,20s,3,52,0.3179999999999836,0.0319999999999254,0,10.0
87,20s,3,55,13.399999999999975,1.9060000000000628,1,10.0
87,20s,3,56,14.505999999999972,1.183999999999969,1,10.0
87,20s,3,57,9.1640000000001,17.421999999999912,0,10.0
87,20s,3,59,12.011999999999944,2.1400000000001,1,10.0
87,20s,3,60,14.809999999999944,2.2519999999999527,1,10.0
87,20s,3,61,15.8900000000001,2.421999999999912,1,10.0
87,20s,3,62,16.92599999999993,1.4020000000000437,1,10.0
87,20s,3,63,12.662000000000036,1.7980000000000018,1,10.0
87,20s,3,64,16.124000000000024,0.0499999999999545,1,10.0
87,20s,3,65,0.1140000000000327,20.6400000000001,0,10.0
87,20s,3,66,17.48199999999997,1.5359999999998308,1,10.0
87,20s,3,67,15.768000000000027,0.0660000000000309,1,10.0
87,20s,3,68,0.0879999999999654,21.938000000000105,0,10.0
87,20s,3,69,17.195999999999913,0.0399999999999636,1,10.0
87,20s,3,70,0.1760000000001582,21.47199999999998,0,10.0
87,20s,3,71,21.950000000000045,2.1779999999998836,1,10.0
87,20s,3,72,18.572000000000116,1.6519999999998165,1,10.0
87,20s,3,73,17.014000000000124,1.4300000000000637,1,10.0
87,20s,3,74,18.3599999999999,1.589999999999918,1,10.0
87,20s,3,75,17.23400000000015,1.55600000000004,1,10.0
87,20s,3,76,11.505999999999858,1.52800000000002,1,10.0
87,20s,3,77,19.124000000000024,1.9220000000000257,1,10.0
87,20s,3,78,10.066000000000033,1.6159999999999854,1,10.0
87,20s,3,79,10.483999999999924,2.269999999999982,1,10.0
87,20s,3,80,17.96400000000017,1.5639999999998508,1,10.0
87,20s,3,81,12.812000000000126,1.7019999999999982,1,10.0
87,20s,3,82,15.230000000000018,4.481999999999971,1,10.0
87,20s,3,83,17.283999999999878,1.86200000000008,1,10.0
87,20s,3,84,9.435999999999922,21.986000000000104,0,10.0
87,20s,3,85,16.874000000000024,1.5119999999999436,1,10.0
87,20s,3,86,15.145999999999958,0.1140000000000327,1,10.0
87,20s,3,87,0.08400000000006,21.182000000000016,0,10.0
87,20s,3,88,18.753999999999905,1.5119999999999436,1,10.0
87,20s,3,89,18.638000000000147,2.1059999999999945,1,10.0
87,20s,3,90,19.069999999999936,2.0920000000000982,1,10.0
87,20s,3,91,16.213999999999942,1.3599999999999,1,10.0
87,20s,3,92,18.190000000000055,1.3279999999999743,1,10.0
87,20s,3,93,14.029999999999973,1.8859999999999673,1,10.0
87,20s,3,94,13.279999999999973,0.0460000000000491,1,10.0
87,20s,3,95,0.1380000000001473,20.71199999999999,0,10.0
87,20s,3,96,17.945999999999913,2.104000000000042,1,10.0
87,20s,3,97,20.31600000000003,1.4939999999999145,1,10.0
87,20s,3,98,14.144000000000004,1.6579999999999018,1,10.0
87,20s,3,99,13.484000000000153,1.4839999999999236,1,10.0
87,20s,3,100,13.642000000000053,1.69399999999996,1,10.0
87,20s,3,101,11.004000000000133,1.9099999999998545,1,10.0
87,20s,3,102,11.670000000000073,1.6340000000000146,1,10.0
87,20s,3,103,15.031999999999924,1.9320000000000164,1,10.0
87,20s,3,104,13.942000000000007,1.7799999999999727,1,10.0
87,20s,3,105,16.223999999999933,,1,10.0
87,20s,4,1,6.554000000000002,23.605999999999995,0,10.0
87,20s,4,2,10.281999999999996,2.162000000000006,1,10.0
87,20s,4,3,9.836,21.245999999999995,0,10.0
87,20s,4,4,16.938000000000002,1.9220000000000113,1,10.0
87,20s,4,5,10.367999999999997,1.8460000000000036,1,10.0
87,20s,4,6,16.162000000000006,1.6399999999999864,1,10.0
87,20s,4,7,12.97399999999999,1.2379999999999995,1,10.0
87,20s,4,8,12.358000000000004,1.302000000000021,1,10.0
87,20s,4,9,9.009999999999993,0.0639999999999929,0,10.0
87,20s,4,11,10.919999999999987,1.176000000000016,1,10.0
87,20s,4,12,13.68599999999998,1.3880000000000052,1,10.0
87,20s,4,13,14.201999999999998,1.4440000000000168,1,10.0
87,20s,4,14,14.663999999999987,1.288000000000011,1,10.0
87,20s,4,15,14.019999999999982,1.4159999999999968,1,10.0
87,20s,4,16,13.545999999999992,1.55600000000004,1,10.0
87,20s,4,17,18.851999999999975,1.0559999999999832,1,10.0
87,20s,4,18,13.060000000000002,1.136000000000024,1,10.0
87,20s,4,19,12.29000000000002,1.4419999999999504,1,10.0
87,20s,4,20,9.620000000000005,21.97800000000001,0,10.0
87,20s,4,21,11.886000000000024,2.027999999999963,1,10.0
87,20s,4,22,4.938000000000045,21.117999999999995,0,10.0
87,20s,4,23,12.555999999999983,1.5299999999999727,1,10.0
87,20s,4,24,15.462000000000046,1.343999999999994,1,10.0
87,20s,4,25,11.824000000000012,1.5019999999999527,1,10.0
87,20s,4,26,13.474000000000046,1.4319999999999595,1,10.0
87,20s,4,27,14.948000000000036,2.0679999999999836,1,10.0
87,20s,4,28,13.860000000000014,1.7059999999999604,1,10.0
87,20s,4,29,11.002000000000066,1.3700000000000043,1,10.0
87,20s,4,30,15.635999999999967,1.891999999999939,1,10.0
87,20s,4,31,12.184000000000085,0.0599999999999454,1,10.0
87,20s,4,32,0.0720000000000027,21.14599999999996,0,10.0
87,20s,4,33,15.590000000000032,1.8559999999999943,1,10.0
87,20s,4,34,11.24599999999998,1.5480000000000018,1,10.0
87,20s,4,35,11.974000000000046,0.0220000000000482,1,10.0
87,20s,4,36,0.0399999999999636,1.9399999999999409,0,10.0
87,20s,4,37,20.88600000000008,1.3679999999999382,1,10.0
87,20s,4,38,13.314000000000078,1.225999999999999,1,10.0
87,20s,4,39,14.649999999999975,0.1039999999999281,1,10.0
87,20s,4,40,0.1240000000000236,20.687999999999988,0,10.0
87,20s,4,41,14.232000000000085,1.311999999999898,1,10.0
87,20s,4,42,13.148000000000025,1.51400000000001,1,10.0
87,20s,4,43,16.80200000000002,1.8339999999999463,1,10.0
87,20s,4,44,15.176000000000045,1.254000000000019,1,10.0
87,20s,4,45,10.43999999999994,0.05600000000004,1,10.0
87,20s,4,46,0.1299999999999954,20.812000000000012,0,10.0
87,20s,4,47,13.966000000000008,1.2440000000000282,1,10.0
87,20s,4,48,15.405999999999947,0.0480000000000018,1,10.0
87,20s,4,49,0.2060000000000172,21.19799999999998,0,10.0
87,20s,4,50,9.632000000000062,20.671999999999912,0,10.0
87,20s,4,51,7.283999999999992,20.946000000000023,0,10.0
87,20s,4,52,16.976,0.0380000000000109,1,10.0
87,20s,4,53,0.1299999999999954,0.1539999999999963,0,10.0
87,20s,4,55,25.100000000000023,1.7699999999999818,1,10.0
87,20s,4,56,19.305999999999926,1.4340000000000828,1,10.0
87,20s,4,57,17.88799999999992,1.4940000000000282,1,10.0
87,20s,4,58,17.307999999999993,1.3859999999999673,1,10.0
87,20s,4,59,16.750000000000114,1.4559999999999036,1,10.0
87,20s,4,60,15.034000000000106,1.2439999999999145,1,10.0
87,20s,4,61,14.938000000000102,1.8079999999999927,1,10.0
87,20s,4,62,16.391999999999825,1.22199999999998,1,10.0
87,20s,4,63,16.076000000000022,2.05600000000004,1,10.0
87,20s,4,64,22.44600000000014,1.288000000000011,1,10.0
87,20s,4,65,18.281999999999925,1.293999999999869,1,10.0
87,20s,4,66,13.96400000000017,1.4139999999999873,1,10.0
87,20s,4,67,18.233999999999924,1.5140000000001237,1,10.0
87,20s,4,68,20.74000000000001,1.0319999999999254,1,10.0
87,20s,4,69,20.41599999999994,1.127999999999929,1,10.0
87,20s,4,70,15.222000000000207,2.1039999999998145,1,10.0
87,20s,4,71,17.8420000000001,1.7039999999999509,1,10.0
87,20s,4,72,23.698000000000093,1.3640000000000327,1,10.0
87,20s,4,73,14.579999999999927,1.44399999999996,1,10.0
87,20s,4,74,0.5140000000001237,0.0379999999997835,0,10.0
87,20s,4,76,10.55600000000004,1.2360000000001037,1,10.0
87,20s,4,77,17.634000000000015,1.889999999999873,1,10.0
87,20s,4,78,16.864000000000033,1.6900000000000546,1,10.0
87,20s,4,79,12.342000000000098,1.5939999999998236,1,10.0
87,20s,4,80,17.597999999999956,1.300000000000182,1,10.0
87,20s,4,81,0.1419999999998253,0.0400000000001909,0,10.0
87,20s,4,83,8.77800000000002,20.355999999999995,0,10.0
87,20s,4,84,18.10400000000004,1.5240000000001146,1,10.0
87,20s,4,85,17.311999999999898,0.0340000000001055,1,10.0
87,20s,4,86,0.0899999999999181,0.0519999999999072,0,10.0
87,20s,4,89,17.980000000000018,1.1720000000000257,1,10.0
87,20s,4,90,17.67599999999993,1.5160000000000764,1,10.0
87,20s,4,91,25.357999999999947,1.5879999999999654,1,10.0
87,20s,4,92,20.478000000000065,1.316000000000031,1,10.0
87,20s,4,93,18.87999999999988,1.3940000000000057,1,10.0
87,20s,4,94,21.003999999999905,1.8920000000000528,1,10.0
87,20s,4,95,15.420000000000073,1.1199999999998909,1,10.0
87,20s,4,96,18.438000000000105,1.3959999999999582,1,10.0
87,20s,4,97,22.483999999999924,0.0800000000001546,1,10.0
87,20s,4,98,0.2580000000000382,20.82199999999989,0,10.0
87,20s,4,99,13.720000000000027,1.36200000000008,1,10.0
87,20s,4,100,22.021999999999935,1.0879999999999654,1,10.0
87,20s,4,101,22.279999999999973,2.504000000000133,1,10.0
87,20s,4,102,23.326000000000025,0.0799999999999272,1,10.0
87,20s,4,103,0.0760000000000218,21.51800000000003,0,10.0
87,20s,4,104,11.874000000000024,1.293999999999869,1,10.0
87,20s,4,105,18.284000000000106,1.24799999999982,1,10.0
87,20s,4,106,13.934000000000196,1.6119999999998529,1,10.0
87,20s,4,107,15.413999999999987,,1,10.0
87,20s,5,1,0.3060000000000009,20.872,0,10.0
87,20s,5,2,8.938000000000002,20.741999999999997,0,10.0
87,20s,5,3,15.662000000000006,1.563999999999993,1,10.0
87,20s,5,4,9.944000000000004,0.2019999999999981,0,10.0
87,20s,5,6,10.924000000000008,1.6059999999999943,1,10.0
87,20s,5,7,11.068000000000012,1.843999999999994,1,10.0
87,20s,5,8,10.307999999999993,1.274000000000001,1,10.0
87,20s,5,9,12.638000000000003,1.5560000000000116,1,10.0
87,20s,5,10,12.211999999999987,1.3600000000000136,1,10.0
87,20s,5,11,0.1099999999999852,0.01400000000001,0,10.0
87,20s,5,13,8.368000000000023,22.21599999999998,0,10.0
87,20s,5,14,12.636000000000024,1.9119999999999775,1,10.0
87,20s,5,15,8.446000000000026,20.47199999999998,0,10.0
87,20s,5,16,11.565999999999974,1.6020000000000325,1,10.0
87,20s,5,17,12.726,1.6680000000000064,1,10.0
87,20s,5,18,21.99599999999998,1.6620000000000346,1,10.0
87,20s,5,19,10.993999999999971,1.4920000000000186,1,10.0
87,20s,5,20,14.01400000000001,1.4399999999999975,1,10.0
87,20s,5,21,12.93599999999998,1.4839999999999804,1,10.0
87,20s,5,22,14.626000000000031,1.103999999999985,1,10.0
87,20s,5,23,13.99799999999999,0.0459999999999922,1,10.0
87,20s,5,24,0.0720000000000027,1.2479999999999905,0,10.0
87,20s,5,25,14.230000000000018,1.22199999999998,1,10.0
87,20s,5,26,10.30400000000003,1.5500000000000114,1,10.0
87,20s,5,27,11.48399999999998,2.5060000000000286,1,10.0
87,20s,5,28,14.315999999999974,1.1440000000000057,1,10.0
87,20s,5,29,10.620000000000005,1.627999999999986,1,10.0
87,20s,5,30,15.072000000000005,1.3419999999999843,1,10.0
87,20s,5,31,12.01600000000002,2.5260000000000105,1,10.0
87,20s,5,32,12.269999999999982,1.3999999999999773,1,10.0
87,20s,5,33,12.290000000000076,0.0659999999999172,1,10.0
87,20s,5,34,0.1420000000000527,20.20399999999995,0,10.0
87,20s,5,35,0.0500000000000682,0.0879999999999654,0,10.0
87,20s,5,37,11.009999999999993,1.3220000000000027,1,10.0
87,20s,5,38,13.355999999999996,1.1520000000000437,1,10.0
87,20s,5,39,16.607999999999947,3.32000000000005,1,10.0
87,20s,5,40,17.72199999999998,1.2559999999999718,1,10.0
87,20s,5,41,3.6720000000000255,0.0059999999999718,0,10.0
87,20s,5,42,0.6879999999999882,19.408000000000015,0,10.0
87,20s,5,43,0.1180000000000518,0.0539999999999736,0,10.0
87,20s,5,45,13.933999999999967,1.122000000000071,1,10.0
87,20s,5,46,14.521999999999936,1.1900000000000546,1,10.0
87,20s,5,47,22.43999999999994,1.6820000000000164,1,10.0
87,20s,5,48,11.732000000000085,0.0659999999999172,1,10.0
87,20s,5,49,0.0819999999999936,21.340000000000032,0,10.0
87,20s,5,50,0.1000000000000227,0.0099999999999909,0,10.0
87,20s,5,51,0.2820000000000391,20.041999999999916,0,10.0
87,20s,5,52,17.392000000000053,1.254000000000019,1,10.0
87,20s,5,53,26.079999999999927,1.4820000000000846,1,10.0
87,20s,5,54,24.44399999999996,1.6760000000000446,1,10.0
87,20s,5,55,16.517999999999915,1.5460000000000491,1,10.0
87,20s,5,56,16.761999999999944,1.9360000000000357,1,10.0
87,20s,5,57,15.392000000000053,1.3799999999999957,1,10.0
87,20s,5,58,14.319999999999936,1.3400000000000318,1,10.0
87,20s,5,59,19.92599999999993,1.7120000000001028,1,10.0
87,20s,5,60,14.103999999999928,1.61200000000008,1,10.0
87,20s,5,61,16.34599999999989,1.7180000000000746,1,10.0
87,20s,5,62,14.323999999999955,0.0640000000000782,1,10.0
87,20s,5,63,0.1199999999998908,20.309999999999945,0,10.0
87,20s,5,64,17.300000000000182,0.0359999999998308,1,10.0
87,20s,5,65,0.11200000000008,21.16599999999994,0,10.0
87,20s,5,66,13.592000000000098,1.61200000000008,1,10.0
87,20s,5,67,13.185999999999922,1.3559999999999943,1,10.0
87,20s,5,68,9.605999999999996,0.0960000000000036,0,10.0
87,20s,5,70,15.83199999999988,1.2300000000000182,1,10.0
87,20s,5,71,17.5,1.9300000000000637,1,10.0
87,20s,5,72,15.940000000000056,0.099999999999909,1,10.0
87,20s,5,73,0.0440000000000964,20.995999999999867,0,10.0
87,20s,5,74,16.857999999999947,1.3520000000000891,1,10.0
87,20s,5,75,15.117999999999938,1.30600000000004,1,10.0
87,20s,5,76,14.054000000000087,1.7039999999999509,1,10.0
87,20s,5,77,20.051999999999907,1.3740000000000236,1,10.0
87,20s,5,78,18.846000000000004,1.9320000000000164,1,10.0
87,20s,5,79,16.743999999999915,1.66800000000012,1,10.0
87,20s,5,80,10.867999999999938,1.4800000000000182,1,10.0
87,20s,5,81,18.48199999999997,1.36200000000008,1,10.0
87,20s,5,82,13.92599999999993,1.4980000000000473,1,10.0
87,20s,5,83,15.226000000000113,1.7399999999997815,1,10.0
87,20s,5,84,15.626000000000204,1.9639999999999416,1,10.0
87,20s,5,85,16.771999999999935,1.4519999999999982,1,10.0
87,20s,5,86,16.142000000000053,1.4780000000000657,1,10.0
87,20s,5,87,19.559999999999945,1.061999999999898,1,10.0
87,20s,5,88,15.25,1.4519999999999982,1,10.0
87,20s,5,89,24.53800000000001,1.3940000000000057,1,10.0
87,20s,5,90,18.83400000000006,1.6179999999999382,1,10.0
87,20s,5,91,22.840000000000146,1.4079999999999018,1,10.0
87,20s,5,92,16.93399999999997,1.3379999999999654,1,10.0
87,20s,5,93,18.210000000000036,1.5240000000001146,1,10.0
87,20s,5,94,20.6579999999999,0.0820000000001073,1,10.0
87,20s,5,95,0.0480000000000018,20.24199999999996,0,10.0
87,20s,5,96,14.731999999999973,1.4800000000000182,1,10.0
87,20s,5,97,14.107999999999947,1.97199999999998,1,10.0
87,20s,5,98,21.090000000000146,1.945999999999913,1,10.0
87,20s,5,99,20.392000000000053,1.5419999999999163,1,10.0
87,20s,5,100,21.087999999999965,1.5160000000000764,1,10.0
87,20s,5,101,15.55399999999986,1.6740000000002055,1,10.0
87,20s,5,102,14.52599999999984,2.1259999999999764,1,10.0
87,20s,5,103,17.364000000000033,1.5019999999999527,1,10.0
87,20s,5,104,16.656000000000176,1.9959999999998672,1,10.0
87,20s,5,105,18.432000000000016,1.8400000000001455,1,10.0
87,20s,5,106,13.577999999999976,1.533999999999878,1,10.0
87,20s,5,107,16.312000000000126,1.66599999999994,1,10.0
87,20s,5,108,16.201999999999998,,1,10.0
87,20s,6,1,4.849999999999998,22.020000000000003,0,10.0
87,20s,6,2,7.260000000000005,21.10799999999999,0,10.0
87,20s,6,3,13.408,1.8299999999999983,1,10.0
87,20s,6,4,11.38600000000001,1.3900000000000006,1,10.0
87,20s,6,5,9.117999999999997,20.281999999999996,0,10.0
87,20s,6,6,10.057999999999993,1.4039999999999964,1,10.0
87,20s,6,7,10.958000000000029,1.3199999999999932,1,10.0
87,20s,6,8,11.73599999999999,1.5480000000000018,1,10.0
87,20s,6,9,10.346000000000004,1.4379999999999882,1,10.0
87,20s,6,10,8.117999999999995,20.28,0,10.0
87,20s,6,11,0.2960000000000207,0.0099999999999909,0,10.0
87,20s,6,12,0.0560000000000115,0.0840000000000031,0,10.0
87,20s,6,14,0.2520000000000095,0.0679999999999836,0,10.0
87,20s,6,16,10.430000000000009,1.5219999999999914,1,10.0
87,20s,6,17,10.365999999999984,2.127999999999986,1,10.0
87,20s,6,18,11.708000000000029,1.45799999999997,1,10.0
87,20s,6,19,10.403999999999996,1.2800000000000296,1,10.0
87,20s,6,20,11.072000000000005,1.4180000000000064,1,10.0
87,20s,6,21,10.74799999999999,1.73599999999999,1,10.0
87,20s,6,22,15.771999999999991,1.302000000000021,1,10.0
87,20s,6,23,11.20799999999997,0.1620000000000345,1,10.0
87,20s,6,24,0.079999999999984,21.055999999999983,0,10.0
87,20s,6,25,13.838000000000022,3.930000000000007,1,10.0
87,20s,6,26,11.45999999999998,3.98599999999999,1,10.0
87,20s,6,27,11.286,1.670000000000016,1,10.0
87,20s,6,28,8.626000000000033,0.079999999999984,0,10.0
87,20s,6,30,8.647999999999968,20.25200000000001,0,10.0
87,20s,6,31,10.177999999999995,1.1539999999999964,1,10.0
87,20s,6,32,9.5,20.216000000000008,0,10.0
87,20s,6,33,12.680000000000064,1.48599999999999,1,10.0
87,20s,6,34,12.918000000000006,1.3139999999999643,1,10.0
87,20s,6,35,16.168000000000006,1.532000000000039,1,10.0
87,20s,6,36,12.801999999999907,0.0439999999999827,1,10.0
87,20s,6,37,0.1600000000000818,20.847999999999956,0,10.0
87,20s,6,38,14.361999999999966,1.6060000000001082,1,10.0
87,20s,6,39,14.323999999999955,1.774000000000001,1,10.0
87,20s,6,40,14.524,1.316000000000031,1,10.0
87,20s,6,41,15.539999999999964,1.6539999999999964,1,10.0
87,20s,6,42,14.30600000000004,1.4599999999999227,1,10.0
87,20s,6,43,12.639999999999986,1.2700000000000955,1,10.0
87,20s,6,44,14.66199999999992,1.5439999999999827,1,10.0
87,20s,6,45,11.442000000000007,1.6960000000000264,1,10.0
87,20s,6,46,12.912000000000036,1.3079999999999927,1,10.0
87,20s,6,47,12.857999999999947,1.518000000000029,1,10.0
87,20s,6,48,14.392000000000053,2.953999999999951,1,10.0
87,20s,6,49,17.663999999999987,1.2300000000000182,1,10.0
87,20s,6,50,12.206000000000016,0.1140000000000327,1,10.0
87,20s,6,51,0.0819999999999936,20.333999999999943,0,10.0
87,20s,6,52,16.536000000000058,1.349999999999909,1,10.0
87,20s,6,53,17.80600000000004,1.1480000000000246,1,10.0
87,20s,6,54,18.186000000000035,1.917999999999893,1,10.0
87,20s,6,55,18.522000000000048,1.4239999999999782,1,10.0
87,20s,6,56,15.190000000000056,1.975999999999999,1,10.0
87,20s,6,57,16.75400000000002,1.627999999999929,1,10.0
87,20s,6,58,13.704000000000065,2.481999999999971,1,10.0
87,20s,6,59,14.405999999999947,1.5400000000000773,1,10.0
87,20s,6,60,17.803999999999974,1.641999999999939,1,10.0
87,20s,6,61,15.618000000000052,1.302000000000021,1,10.0
87,20s,6,62,12.91199999999992,1.3099999999999454,1,10.0
87,20s,6,63,18.850000000000136,1.344000000000051,1,10.0
87,20s,6,64,15.023999999999887,1.6800000000000637,1,10.0
87,20s,6,65,17.692000000000007,1.8740000000000236,1,10.0
87,20s,6,66,18.97799999999984,1.4080000000001291,1,10.0
87,20s,6,67,19.29600000000005,1.5779999999999743,1,10.0
87,20s,6,68,13.179999999999836,1.2920000000001437,1,10.0
87,20s,6,69,13.677999999999884,1.3100000000001728,1,10.0
87,20s,6,70,19.50799999999981,1.3360000000000127,1,10.0
87,20s,6,71,14.302000000000136,1.47199999999998,1,10.0
87,20s,6,72,17.86999999999989,2.1140000000000327,1,10.0
87,20s,6,73,17.894000000000005,1.3579999999999472,1,10.0
87,20s,6,74,18.036000000000055,1.8020000000001344,1,10.0
87,20s,6,75,14.323999999999842,2.69600000000014,1,10.0
87,20s,6,76,15.705999999999904,1.8700000000001185,1,10.0
87,20s,6,77,15.957999999999856,1.91599999999994,1,10.0
87,20s,6,78,0.11200000000008,0.0779999999999745,0,10.0
87,20s,6,80,14.406000000000176,3.487999999999829,1,10.0
87,20s,6,81,16.326000000000022,1.52800000000002,1,10.0
87,20s,6,82,19.65800000000013,1.211999999999989,1,10.0
87,20s,6,83,17.419999999999845,1.4300000000000637,1,10.0
87,20s,6,84,21.423999999999975,1.7080000000000837,1,10.0
87,20s,6,85,20.357999999999947,1.8140000000000784,1,10.0
87,20s,6,86,18.152000000000044,1.3079999999999927,1,10.0
87,20s,6,87,18.199999999999815,1.3640000000000327,1,10.0
87,20s,6,88,14.400000000000093,1.9220000000000257,1,10.0
87,20s,6,89,13.152000000000044,1.27599999999984,1,10.0
87,20s,6,90,14.246000000000096,1.4559999999999036,1,10.0
87,20s,6,91,16.587999999999965,1.4139999999999873,1,10.0
87,20s,6,92,11.120000000000118,2.2059999999999036,1,10.0
87,20s,6,93,17.0,1.7920000000001437,1,10.0
87,20s,6,94,17.048000000000002,1.4639999999999418,1,10.0
87,20s,6,95,12.827999999999976,1.9259999999999309,1,10.0
87,20s,6,96,17.60200000000009,1.678000000000111,1,10.0
87,20s,6,97,13.995999999999867,1.5579999999999927,1,10.0
87,20s,6,98,15.816000000000033,1.5319999999999254,1,10.0
87,20s,6,99,14.756000000000084,2.1340000000000146,1,10.0
87,20s,6,100,18.644000000000005,1.4800000000000182,1,10.0
87,20s,6,101,16.587999999999965,1.9839999999999236,1,10.0
87,20s,6,102,19.75800000000004,1.55600000000004,1,10.0
87,20s,6,103,15.08199999999988,1.5920000000000982,1,10.0
87,20s,6,104,13.461999999999987,1.2419999999999618,1,10.0
87,20s,6,105,14.468000000000076,,1,10.0
88,20s,1,1,0.2179999999999999,24.676,0,10.0
88,20s,1,2,0.3900000000000005,23.659999999999997,0,10.0
88,20s,1,3,0.4240000000000066,20.628,0,10.0
88,20s,1,4,0.3719999999999999,22.32799999999999,0,10.0
88,20s,1,5,0.5740000000000123,20.83399999999999,0,10.0
88,20s,1,6,0.5300000000000011,21.41200000000001,0,10.0
88,20s,1,7,0.6980000000000075,22.232,0,10.0
88,20s,1,8,0.563999999999993,21.02000000000001,0,10.0
88,20s,1,9,0.5999999999999943,22.204000000000008,0,10.0
88,20s,1,10,0.7179999999999893,21.96599999999998,0,10.0
88,20s,1,11,0.5880000000000223,20.90600000000001,0,10.0
88,20s,1,12,0.3940000000000054,20.793999999999983,0,10.0
88,20s,1,13,2.329999999999984,23.52199999999999,0,10.0
88,20s,1,14,1.0480000000000018,22.444000000000017,0,10.0
88,20s,1,15,0.8160000000000309,27.25399999999996,0,10.0
88,20s,1,16,0.6580000000000155,20.988,0,10.0
88,20s,1,17,1.3319999999999936,21.22199999999998,0,10.0
88,20s,1,18,1.1860000000000357,1.6159999999999854,0,10.0
88,20s,1,20,0.8859999999999673,21.398000000000025,0,10.0
88,20s,1,21,1.1479999999999675,20.83000000000004,0,10.0
88,20s,1,22,1.683999999999969,20.49599999999998,0,10.0
88,20s,1,23,1.3600000000000136,20.932000000000016,0,10.0
88,20s,1,24,1.2939999999999827,22.134000000000015,0,10.0
88,20s,1,25,2.17999999999995,23.224000000000046,0,10.0
88,20s,1,26,1.268000000000029,21.30200000000002,0,10.0
88,20s,1,27,1.509999999999991,20.809999999999945,0,10.0
88,20s,1,28,2.3719999999999573,20.75400000000002,0,10.0
88,20s,1,29,1.608000000000061,0.0939999999999372,0,10.0
88,20s,1,31,0.9600000000000364,0.1639999999999872,0,10.0
88,20s,1,33,1.2419999999999618,21.26800000000003,0,10.0
88,20s,1,34,1.5019999999999527,22.519999999999985,0,10.0
88,20s,1,35,1.9600000000000364,25.442000000000007,0,10.0
88,20s,1,36,1.4260000000000446,21.59999999999991,0,10.0
88,20s,1,37,1.3660000000000991,21.287999999999897,0,10.0
88,20s,1,38,3.30600000000004,20.706000000000017,0,10.0
88,20s,1,39,4.01400000000001,20.91599999999994,0,10.0
88,20s,1,40,2.201999999999998,20.56400000000008,0,10.0
88,20s,1,41,1.274000000000001,21.483999999999924,0,10.0
88,20s,1,42,1.2839999999999918,21.208000000000084,0,10.0
88,20s,1,43,1.211999999999989,43.379999999999995,0,10.0
88,20s,1,44,3.076000000000022,22.774,0,10.0
88,20s,1,45,1.5339999999999918,21.125999999999976,0,10.0
88,20s,1,46,1.4079999999999018,29.192000000000007,0,10.0
88,20s,1,47,1.1820000000000164,29.587999999999965,0,10.0
88,20s,1,48,2.3020000000001346,0.1340000000000145,0,10.0
88,20s,1,50,1.2719999999999343,20.822000000000116,0,10.0
88,20s,1,51,1.759999999999991,39.34999999999991,0,10.0
88,20s,1,52,1.9220000000000257,21.42800000000011,0,10.0
88,20s,1,53,1.6859999999999218,23.791999999999916,0,10.0
88,20s,1,54,1.6820000000000164,20.79600000000005,0,10.0
88,20s,1,55,0.9400000000000546,21.87999999999988,0,10.0
88,20s,1,56,2.282000000000153,21.81399999999985,0,10.0
88,20s,1,57,0.5460000000000491,21.470000000000027,0,10.0
88,20s,1,58,0.6399999999998727,21.356000000000225,0,10.0
88,20s,1,59,0.6399999999998727,20.801999999999907,0,10.0
88,20s,1,60,1.150000000000091,24.188000000000105,0,10.0
88,20s,1,61,1.5839999999998329,22.58400000000006,0,10.0
88,20s,1,62,0.5679999999999836,58.59400000000005,0,10.0
88,20s,1,63,1.86200000000008,45.84799999999995,0,10.0
88,20s,1,64,3.091999999999871,22.51800000000003,0,10.0
88,20s,1,65,1.1240000000000236,36.62799999999993,0,10.0
88,20s,1,66,4.382000000000062,20.99000000000001,0,10.0
88,20s,1,67,0.7680000000000291,23.723999999999933,0,10.0
88,20s,1,68,0.9060000000001764,74.1719999999998,0,10.0
88,20s,1,69,1.4139999999999873,0.1760000000001582,0,10.0
88,20s,1,71,0.928000000000111,0.0839999999998326,0,10.0
88,20s,1,73,2.6359999999999673,21.99000000000001,0,10.0
88,20s,1,74,0.4640000000001691,20.643999999999775,0,10.0
88,20s,1,75,3.4680000000000746,21.35200000000009,0,10.0
88,20s,1,76,0.977999999999838,21.21600000000012,0,10.0
88,20s,1,77,1.3179999999999836,21.6579999999999,0,10.0
88,20s,1,78,0.6280000000001564,103.15599999999996,0,10.0
88,20s,1,79,0.5760000000000218,25.85400000000004,0,10.0
88,20s,1,80,0.7680000000000291,21.384000000000015,0,10.0
88,20s,1,81,2.4299999999998363,0.1280000000001564,0,10.0
88,20s,1,83,0.3199999999997089,0.1040000000002692,0,10.0
88,20s,1,85,0.6199999999998909,38.38799999999992,0,10.0
88,20s,1,86,1.1440000000002328,21.58199999999988,0,10.0
88,20s,1,87,0.5900000000001455,61.86799999999994,0,10.0
88,20s,1,88,0.6159999999999854,21.5920000000001,0,10.0
88,20s,1,89,0.3339999999998326,36.98800000000029,0,10.0
88,20s,1,90,3.4459999999999127,0.1679999999996653,0,10.0
88,20s,1,92,0.6359999999999673,0.0860000000002401,0,10.0
88,20s,1,94,1.05600000000004,0.0739999999996143,0,10.0
88,20s,1,96,0.3899999999998726,0.1940000000004147,0,10.0
88,20s,1,98,0.2719999999999345,20.572000000000116,0,10.0
88,20s,1,99,3.150000000000091,20.50799999999981,0,10.0
88,20s,1,100,1.3980000000001382,36.39399999999978,0,10.0
88,20s,1,101,0.9920000000001892,21.902000000000044,0,10.0
88,20s,1,102,1.9679999999998472,0.0100000000002182,0,10.0
88,20s,1,103,0.2619999999997162,25.60400000000027,0,10.0
88,20s,1,104,4.541999999999916,46.53600000000006,0,10.0
88,20s,1,105,1.80199999999968,22.384000000000015,0,10.0
88,20s,1,106,8.99200000000019,20.66399999999976,0,10.0
88,20s,1,107,1.5080000000002656,0.0320000000001527,0,10.0
88,20s,1,109,3.55600000000004,21.97400000000016,0,10.0
88,20s,1,110,14.25799999999981,3.8659999999999854,1,10.0
88,20s,1,111,12.470000000000256,5.2599999999997635,1,10.0
88,20s,1,112,12.472000000000207,3.3640000000000327,1,10.0
88,20s,1,113,14.17599999999993,4.875999999999749,1,10.0
88,20s,1,114,0.2680000000000291,0.0740000000000691,0,10.0
88,20s,2,1,0.1700000000000017,0.0259999999999998,0,10.0
88,20s,2,4,0.2959999999999994,0.0880000000000009,0,10.0
88,20s,2,6,2.0760000000000076,0.2239999999999895,0,10.0
88,20s,2,8,1.3960000000000008,20.71199999999999,0,10.0
88,20s,2,9,2.1260000000000048,23.494,0,10.0
88,20s,2,10,9.00800000000001,25.26599999999999,0,10.0
88,20s,2,11,10.075999999999992,2.4620000000000175,1,10.0
88,20s,2,12,12.425999999999988,5.204000000000008,1,10.0
88,20s,2,13,0.3719999999999857,20.51600000000002,0,10.0
88,20s,2,14,10.840000000000003,2.75,1,10.0
88,20s,2,15,11.268,2.97199999999998,1,10.0
88,20s,2,16,12.896000000000017,2.5539999999999736,1,10.0
88,20s,2,17,13.006000000000029,4.843999999999994,1,10.0
88,20s,2,18,0.4440000000000168,0.0399999999999636,0,10.0
88,20s,2,20,9.816000000000033,21.911999999999978,0,10.0
88,20s,2,21,10.132000000000003,1.839999999999975,1,10.0
88,20s,2,22,2.0819999999999936,0.0160000000000195,0,10.0
88,20s,2,24,10.902000000000044,2.505999999999972,1,10.0
88,20s,2,25,12.913999999999987,2.160000000000025,1,10.0
88,20s,2,26,13.211999999999987,3.8380000000000223,1,10.0
88,20s,2,27,0.169999999999959,0.0960000000000036,0,10.0
88,20s,2,29,1.4120000000000346,0.0139999999999531,0,10.0
88,20s,2,31,1.8759999999999764,21.312000000000012,0,10.0
88,20s,2,32,12.293999999999984,1.9840000000000373,1,10.0
88,20s,2,33,1.9599999999999795,0.1259999999999763,0,10.0
88,20s,2,35,12.114000000000033,1.7659999999999627,1,10.0
88,20s,2,36,13.885999999999967,2.562000000000012,1,10.0
88,20s,2,37,13.120000000000005,2.7060000000000173,1,10.0
88,20s,2,38,13.186000000000035,3.024000000000001,1,10.0
88,20s,2,39,12.715999999999894,2.8780000000000427,1,10.0
88,20s,2,40,12.658000000000015,2.8840000000000146,1,10.0
88,20s,2,41,13.846000000000004,2.5259999999999536,1,10.0
88,20s,2,42,0.5620000000000118,22.861999999999966,0,10.0
88,20s,2,43,9.576000000000022,22.436000000000035,0,10.0
88,20s,2,44,9.533999999999992,22.20799999999997,0,10.0
88,20s,2,45,11.040000000000076,1.8179999999999836,1,10.0
88,20s,2,46,5.467999999999961,0.0720000000000027,0,10.0
88,20s,2,48,13.152000000000044,1.9400000000000543,1,10.0
88,20s,2,49,0.5199999999999818,0.0579999999999927,0,10.0
88,20s,2,52,13.798000000000002,2.189999999999941,1,10.0
88,20s,2,53,0.8880000000000337,0.1140000000000327,0,10.0
88,20s,2,55,11.076000000000022,2.324000000000069,1,10.0
88,20s,2,56,0.6779999999999973,0.0559999999999263,0,10.0
88,20s,2,58,1.0480000000000018,0.1140000000000327,0,10.0
88,20s,2,60,11.265999999999964,2.368000000000052,1,10.0
88,20s,2,61,12.673999999999978,2.255999999999972,1,10.0
88,20s,2,62,10.502000000000066,2.6219999999999573,1,10.0
88,20s,2,63,6.875999999999976,22.132000000000065,0,10.0
88,20s,2,64,10.375999999999976,2.65199999999993,1,10.0
88,20s,2,65,12.706000000000016,2.6200000000000045,1,10.0
88,20s,2,66,13.974000000000046,2.1779999999999973,1,10.0
88,20s,2,67,14.906000000000065,3.4859999999998763,1,10.0
88,20s,2,68,11.484000000000153,2.981999999999971,1,10.0
88,20s,2,69,13.53599999999983,4.2560000000000855,1,10.0
88,20s,2,70,12.817999999999984,2.8360000000000127,1,10.0
88,20s,2,71,10.115999999999984,4.059999999999945,1,10.0
88,20s,2,72,9.786000000000058,22.57400000000007,0,10.0
88,20s,2,73,5.235999999999876,23.218000000000075,0,10.0
88,20s,2,74,0.4380000000001018,0.0399999999999636,0,10.0
88,20s,2,76,1.6499999999998636,0.0120000000001709,0,10.0
88,20s,2,78,11.177999999999884,2.895999999999958,1,10.0
88,20s,2,79,11.966000000000122,1.9639999999999416,1,10.0
88,20s,2,80,9.879999999999882,21.468000000000075,0,10.0
88,20s,2,81,10.728000000000064,2.3840000000000146,1,10.0
88,20s,2,82,11.92599999999993,2.788000000000011,1,10.0
88,20s,2,83,11.779999999999973,3.2180000000000746,1,10.0
88,20s,2,84,10.6099999999999,3.1620000000000346,1,10.0
88,20s,2,85,11.577999999999976,6.203999999999951,1,10.0
88,20s,2,86,12.872000000000073,3.3120000000001255,1,10.0
88,20s,2,87,11.933999999999967,2.839999999999918,1,10.0
88,20s,2,88,5.0779999999999745,0.0420000000001437,0,10.0
88,20s,2,90,10.472000000000207,2.3739999999997963,1,10.0
88,20s,2,91,0.4680000000000746,0.0879999999999654,0,10.0
88,20s,2,93,10.317999999999984,1.8099999999999457,1,10.0
88,20s,2,94,9.984000000000153,20.827999999999975,0,10.0
88,20s,2,95,10.399999999999864,1.5860000000000127,1,10.0
88,20s,2,96,10.172000000000024,4.216000000000122,1,10.0
88,20s,2,97,9.773999999999887,20.516000000000076,0,10.0
88,20s,2,98,9.19399999999996,21.051999999999907,0,10.0
88,20s,2,99,8.86200000000008,23.40800000000013,0,10.0
88,20s,2,100,0.9739999999999328,0.0879999999999654,0,10.0
88,20s,2,102,10.611999999999853,1.6580000000001291,1,10.0
88,20s,2,103,9.511999999999944,20.458000000000084,0,10.0
88,20s,2,104,0.8779999999999291,0.0360000000000582,0,10.0
88,20s,2,106,0.7419999999999618,0.0420000000001437,0,10.0
88,20s,2,108,11.679999999999836,1.9800000000000184,1,10.0
88,20s,2,109,7.3400000000001455,20.577999999999975,0,10.0
88,20s,2,110,8.779999999999973,21.927999999999884,0,10.0
88,20s,2,111,7.9220000000000255,20.3420000000001,0,10.0
88,20s,2,112,8.730000000000018,20.458000000000084,0,10.0
88,20s,2,113,7.88799999999992,20.700000000000045,0,10.0
88,20s,2,114,9.265999999999847,20.350000000000136,0,10.0
88,20s,2,115,11.740000000000007,1.6099999999999,1,10.0
88,20s,2,116,13.3900000000001,6.689999999999827,1,10.0
88,20s,2,117,8.759999999999991,21.850000000000136,0,10.0
88,20s,2,118,0.2139999999999418,0.0260000000000673,0,10.0
88,20s,2,120,11.913999999999987,3.83199999999988,1,10.0
88,20s,2,121,12.072000000000116,4.723999999999933,1,10.0
88,20s,2,122,10.029999999999973,3.788000000000011,1,10.0
88,20s,2,123,0.1620000000000345,,0,10.0
88,20s,3,1,0.2539999999999978,0.0660000000000025,0,10.0
88,20s,3,3,8.438000000000002,21.793999999999997,0,10.0
88,20s,3,4,0.3599999999999994,0.0259999999999962,0,10.0
88,20s,3,6,8.570000000000007,21.554,0,10.0
88,20s,3,7,2.132000000000005,0.0180000000000006,0,10.0
88,20s,3,9,13.457999999999998,1.8559999999999943,1,10.0
88,20s,3,10,13.818000000000012,1.5919999999999843,1,10.0
88,20s,3,11,12.891999999999996,2.490000000000009,1,10.0
88,20s,3,12,15.02600000000001,1.975999999999999,1,10.0
88,20s,3,13,13.299999999999985,2.6740000000000066,1,10.0
88,20s,3,14,0.4519999999999982,0.0420000000000015,0,10.0
88,20s,3,16,11.870000000000005,3.353999999999985,1,10.0
88,20s,3,17,13.259999999999993,1.8700000000000043,1,10.0
88,20s,3,18,14.086000000000013,3.240000000000009,1,10.0
88,20s,3,19,0.6099999999999568,0.1040000000000418,0,10.0
88,20s,3,21,11.122000000000014,2.103999999999985,1,10.0
88,20s,3,22,15.850000000000025,2.584000000000003,1,10.0
88,20s,3,23,2.108000000000004,21.855999999999995,0,10.0
88,20s,3,24,9.633999999999958,21.048,0,10.0
88,20s,3,25,11.426000000000045,1.45799999999997,1,10.0
88,20s,3,26,11.163999999999987,2.25,1,10.0
88,20s,3,27,0.0699999999999931,0.0640000000000213,0,10.0
88,20s,3,29,13.227999999999952,3.6440000000000055,1,10.0
88,20s,3,30,13.426000000000045,2.8139999999999645,1,10.0
88,20s,3,31,14.72399999999999,3.268000000000029,1,10.0
88,20s,3,32,0.3460000000000036,21.899999999999977,0,10.0
88,20s,3,33,3.268000000000029,21.138000000000034,0,10.0
88,20s,3,34,13.051999999999907,2.1100000000000136,1,10.0
88,20s,3,35,13.961999999999987,2.225999999999999,1,10.0
88,20s,3,36,14.194000000000074,3.5399999999999636,1,10.0
88,20s,3,37,13.461999999999987,3.7480000000000473,1,10.0
88,20s,3,38,9.75,22.18599999999992,0,10.0
88,20s,3,39,12.06000000000006,3.3759999999999764,1,10.0
88,20s,3,40,12.08000000000004,4.141999999999939,1,10.0
88,20s,3,41,12.766000000000076,4.135999999999967,1,10.0
88,20s,3,42,9.74599999999998,21.536000000000055,0,10.0
88,20s,3,43,11.461999999999987,3.0399999999999636,1,10.0
88,20s,3,44,12.44399999999996,3.201999999999998,1,10.0
88,20s,3,45,11.51400000000001,4.874000000000024,1,10.0
88,20s,3,46,11.241999999999962,2.926000000000045,1,10.0
88,20s,3,47,12.841999999999985,3.926000000000045,1,10.0
88,20s,3,48,11.469999999999914,3.6680000000000064,1,10.0
88,20s,3,49,11.83400000000006,4.039999999999964,1,10.0
88,20s,3,50,2.104000000000042,0.1179999999999381,0,10.0
88,20s,3,52,12.388000000000034,3.524000000000001,1,10.0
88,20s,3,53,11.711999999999987,3.282000000000039,1,10.0
88,20s,3,54,9.653999999999996,21.51400000000001,0,10.0
88,20s,3,55,9.811999999999898,22.262000000000057,0,10.0
88,20s,3,56,10.049999999999956,3.094000000000051,1,10.0
88,20s,3,57,11.096000000000004,2.994000000000028,1,10.0
88,20s,3,58,9.899999999999975,21.635999999999967,0,10.0
88,20s,3,59,13.403999999999996,3.877999999999929,1,10.0
88,20s,3,60,10.690000000000056,4.1440000000000055,1,10.0
88,20s,3,61,9.82400000000007,22.960000000000036,0,10.0
88,20s,3,62,13.967999999999847,3.5440000000000964,1,10.0
88,20s,3,63,10.20399999999995,3.0779999999999745,1,10.0
88,20s,3,64,11.392000000000053,3.713999999999942,1,10.0
88,20s,3,65,6.354000000000042,0.0340000000001055,0,10.0
88,20s,3,67,12.898000000000138,2.9079999999999018,1,10.0
88,20s,3,68,9.403999999999996,21.475999999999885,0,10.0
88,20s,3,69,12.132000000000062,4.378000000000156,1,10.0
88,20s,3,70,8.605999999999995,22.867999999999935,0,10.0
88,20s,3,71,10.645999999999958,3.624000000000024,1,10.0
88,20s,3,72,8.816000000000031,21.336000000000013,0,10.0
88,20s,3,73,0.2019999999999981,0.0219999999999345,0,10.0
88,20s,3,75,12.276000000000067,3.4020000000000437,1,10.0
88,20s,3,76,0.3079999999999927,0.0319999999999254,0,10.0
88,20s,3,78,11.347999999999956,2.8899999999998727,1,10.0
88,20s,3,79,9.332000000000107,21.993999999999915,0,10.0
88,20s,3,80,10.682000000000016,4.156000000000176,1,10.0
88,20s,3,81,10.613999999999804,3.736000000000104,1,10.0
88,20s,3,82,8.605999999999995,21.832000000000107,0,10.0
88,20s,3,83,11.113999999999804,4.2560000000000855,1,10.0
88,20s,3,84,10.266000000000076,3.4579999999998563,1,10.0
88,20s,3,85,9.680000000000064,21.223999999999933,0,10.0
88,20s,3,86,10.894000000000004,3.244000000000142,1,10.0
88,20s,3,87,9.663999999999987,21.291999999999916,0,10.0
88,20s,3,88,9.928000000000113,22.327999999999975,0,10.0
88,20s,3,89,11.268000000000027,2.9299999999998363,1,10.0
88,20s,3,90,8.180000000000064,21.973999999999933,0,10.0
88,20s,3,91,10.100000000000136,3.487999999999829,1,10.0
88,20s,3,92,7.428000000000111,21.718000000000075,0,10.0
88,20s,3,93,10.661999999999807,4.008000000000038,1,10.0
88,20s,3,94,0.4619999999999891,0.0440000000000964,0,10.0
88,20s,3,96,11.25,4.087999999999965,1,10.0
88,20s,3,97,9.127999999999927,21.394000000000005,0,10.0
88,20s,3,98,9.940000000000056,21.68600000000015,0,10.0
88,20s,3,99,10.47999999999979,3.214000000000169,1,10.0
88,20s,3,100,9.826000000000022,22.375999999999976,0,10.0
88,20s,3,101,10.11999999999989,2.75,1,10.0
88,20s,3,102,8.88000000000011,21.114000000000033,0,10.0
88,20s,3,103,9.78599999999983,21.12000000000012,0,10.0
88,20s,3,104,8.748000000000047,21.096000000000004,0,10.0
88,20s,3,105,10.17599999999993,4.02800000000002,1,10.0
88,20s,3,106,9.364000000000033,21.169999999999845,0,10.0
88,20s,3,107,8.004000000000133,21.64599999999996,0,10.0
88,20s,3,108,9.728000000000064,23.382000000000065,0,10.0
88,20s,3,109,8.99599999999964,21.524000000000346,0,10.0
88,20s,3,110,9.170000000000073,21.585999999999785,0,10.0
88,20s,3,111,8.327999999999975,,0,10.0
88,20s,4,1,10.03,1.6139999999999972,1,10.0
88,20s,4,2,11.503999999999998,1.7260000000000062,1,10.0
88,20s,4,3,8.075999999999993,20.99000000000001,0,10.0
88,20s,4,4,9.175999999999988,21.63000000000001,0,10.0
88,20s,4,5,10.501999999999995,1.986000000000004,1,10.0
88,20s,4,6,0.1019999999999896,0.054000000000002,0,10.0
88,20s,4,8,0.2520000000000095,0.054000000000002,0,10.0
88,20s,4,10,10.043999999999984,2.3000000000000114,1,10.0
88,20s,4,11,4.00800000000001,0.0519999999999925,0,10.0
88,20s,4,13,10.956000000000016,1.3879999999999768,1,10.0
88,20s,4,14,13.06400000000002,2.2419999999999902,1,10.0
88,20s,4,15,13.539999999999992,2.4320000000000164,1,10.0
88,20s,4,16,13.828000000000005,3.036000000000002,1,10.0
88,20s,4,17,12.289999999999964,5.288000000000011,1,10.0
88,20s,4,18,10.374000000000024,0.0339999999999918,1,10.0
88,20s,4,19,0.4639999999999986,21.25400000000002,0,10.0
88,20s,4,20,11.24799999999999,3.1719999999999686,1,10.0
88,20s,4,21,14.062000000000012,2.829999999999984,1,10.0
88,20s,4,22,11.964,3.022000000000048,1,10.0
88,20s,4,23,0.4300000000000068,0.0399999999999636,0,10.0
88,20s,4,25,0.7239999999999895,0.079999999999984,0,10.0
88,20s,4,27,11.033999999999992,1.8179999999999836,1,10.0
88,20s,4,28,12.836000000000013,2.8100000000000023,1,10.0
88,20s,4,29,10.839999999999977,5.340000000000032,1,10.0
88,20s,4,30,0.9019999999999868,0.0699999999999931,0,10.0
88,20s,4,32,11.199999999999989,3.0260000000000105,1,10.0
88,20s,4,33,13.155999999999947,2.951999999999998,1,10.0
88,20s,4,34,11.388000000000034,3.283999999999992,1,10.0
88,20s,4,35,13.46799999999996,2.7060000000000173,1,10.0
88,20s,4,36,11.53200000000004,2.173999999999978,1,10.0
88,20s,4,37,11.870000000000005,3.509999999999991,1,10.0
88,20s,4,38,10.388000000000034,6.937999999999988,1,10.0
88,20s,4,39,12.309999999999944,3.9840000000000377,1,10.0
88,20s,4,40,9.861999999999966,21.182000000000016,0,10.0
88,20s,4,41,11.374000000000024,2.6440000000000055,1,10.0
88,20s,4,42,11.392000000000053,3.791999999999916,1,10.0
88,20s,4,43,11.816000000000033,3.3859999999999673,1,10.0
88,20s,4,44,13.826000000000022,3.4980000000000473,1,10.0
88,20s,4,45,12.115999999999984,3.197999999999979,1,10.0
88,20s,4,46,11.83400000000006,4.519999999999982,1,10.0
88,20s,4,47,5.477999999999952,0.1019999999999754,0,10.0
88,20s,4,49,10.878000000000045,4.1059999999999945,1,10.0
88,20s,4,50,13.44399999999996,6.793999999999983,1,10.0
88,20s,4,51,14.803999999999974,4.1059999999999945,1,10.0
88,20s,4,52,11.822000000000005,3.4139999999999873,1,10.0
88,20s,4,53,13.38600000000008,2.8999999999999773,1,10.0
88,20s,4,54,10.090000000000032,4.259999999999991,1,10.0
88,20s,4,55,0.6179999999999382,0.0360000000000582,0,10.0
88,20s,4,57,0.9619999999999892,0.0339999999999918,0,10.0
88,20s,4,59,9.524,21.50999999999999,0,10.0
88,20s,4,60,9.011999999999944,21.091999999999985,0,10.0
88,20s,4,61,10.276000000000067,1.4399999999999409,1,10.0
88,20s,4,62,11.211999999999987,4.540000000000077,1,10.0
88,20s,4,63,12.226,3.8319999999999936,1,10.0
88,20s,4,64,13.183999999999967,5.949999999999932,1,10.0
88,20s,4,65,0.8260000000000218,0.0679999999999836,0,10.0
88,20s,4,67,14.220000000000027,4.2000000000000455,1,10.0
88,20s,4,68,13.307999999999993,3.740000000000009,1,10.0
88,20s,4,69,5.923999999999978,0.0419999999999163,0,10.0
88,20s,4,71,14.152000000000044,3.4020000000000437,1,10.0
88,20s,4,72,12.150000000000093,3.895999999999958,1,10.0
88,20s,4,73,5.336000000000013,0.0399999999999636,0,10.0
88,20s,4,75,12.30600000000004,3.625999999999976,1,10.0
88,20s,4,76,11.605999999999996,4.031999999999925,1,10.0
88,20s,4,77,0.7380000000000564,0.0820000000001073,0,10.0
88,20s,4,79,11.781999999999924,3.47199999999998,1,10.0
88,20s,4,80,13.466000000000122,3.7959999999998217,1,10.0
88,20s,4,81,10.586000000000013,3.50200000000018,1,10.0
88,20s,4,82,11.230000000000018,4.2199999999998,1,10.0
88,20s,4,83,11.230000000000018,6.374000000000024,1,10.0
88,20s,4,84,12.286000000000058,3.5979999999999563,1,10.0
88,20s,4,85,0.3920000000000527,0.02800000000002,0,10.0
88,20s,4,87,14.258000000000038,5.912000000000035,1,10.0
88,20s,4,88,11.639999999999873,5.039999999999964,1,10.0
88,20s,4,89,13.472000000000207,4.833999999999833,1,10.0
88,20s,4,90,10.710000000000036,4.456000000000131,1,10.0
88,20s,4,91,1.477999999999838,20.960000000000036,0,10.0
88,20s,4,92,9.178000000000113,21.805999999999813,0,10.0
88,20s,4,93,9.966000000000122,21.40599999999995,0,10.0
88,20s,4,94,9.228000000000064,22.34199999999987,0,10.0
88,20s,4,95,0.5380000000000109,0.0579999999999927,0,10.0
88,20s,4,97,12.801999999999907,3.560000000000173,1,10.0
88,20s,4,98,13.027999999999793,4.204000000000178,1,10.0
88,20s,4,99,10.567999999999984,4.286000000000058,1,10.0
88,20s,4,100,0.1299999999998817,21.10200000000009,0,10.0
88,20s,4,101,11.826000000000022,3.783999999999878,1,10.0
88,20s,4,102,10.52800000000002,4.288000000000011,1,10.0
88,20s,4,103,11.670000000000073,5.877999999999929,1,10.0
88,20s,4,104,10.725999999999884,3.5440000000000964,1,10.0
88,20s,4,105,0.6639999999999873,0.0760000000000218,0,10.0
88,20s,4,107,11.594000000000053,1.844000000000051,1,10.0
88,20s,4,108,12.395999999999958,4.425999999999931,1,10.0
88,20s,4,109,11.036000000000058,5.596000000000004,1,10.0
88,20s,4,110,10.3900000000001,3.0860000000000127,1,10.0
88,20s,4,111,11.725999999999884,4.163999999999987,1,10.0
88,20s,4,112,1.8299999999999272,21.22400000000016,0,10.0
88,20s,4,113,10.875999999999976,4.046000000000049,1,10.0
88,20s,4,114,10.78599999999983,9.970000000000027,1,10.0
88,20s,4,115,9.070000000000164,21.205999999999904,0,10.0
88,20s,4,116,11.673999999999978,,1,10.0
88,20s,5,1,11.274,1.8659999999999997,1,10.0
88,20s,5,2,4.256,0.0240000000000009,0,10.0
88,20s,5,4,12.206000000000005,1.543999999999997,1,10.0
88,20s,5,5,13.816000000000004,1.2099999999999935,1,10.0
88,20s,5,6,12.808000000000009,7.429999999999993,1,10.0
88,20s,5,7,11.50200000000001,1.2059999999999889,1,10.0
88,20s,5,8,5.060000000000002,0.0420000000000015,0,10.0
88,20s,5,10,9.617999999999997,22.03,0,10.0
88,20s,5,11,9.204000000000008,20.762,0,10.0
88,20s,5,12,10.807999999999993,1.4159999999999968,1,10.0
88,20s,5,13,12.27800000000002,4.157999999999987,1,10.0
88,20s,5,14,13.667999999999978,6.784000000000049,1,10.0
88,20s,5,15,13.97399999999999,4.954000000000008,1,10.0
88,20s,5,16,12.731999999999973,5.132000000000005,1,10.0
88,20s,5,17,13.363999999999976,3.4220000000000255,1,10.0
88,20s,5,18,13.315999999999974,4.346000000000004,1,10.0
88,20s,5,19,8.004000000000019,0.0260000000000104,0,10.0
88,20s,5,21,12.956000000000016,5.697999999999979,1,10.0
88,20s,5,22,10.339999999999977,5.098000000000013,1,10.0
88,20s,5,23,0.9239999999999782,21.486000000000047,0,10.0
88,20s,5,24,10.265999999999964,4.258000000000038,1,10.0
88,20s,5,25,14.651999999999989,4.189999999999998,1,10.0
88,20s,5,26,7.901999999999987,0.0260000000000104,0,10.0
88,20s,5,28,11.089999999999977,3.296000000000049,1,10.0
88,20s,5,29,12.083999999999946,3.97199999999998,1,10.0
88,20s,5,30,11.868000000000052,3.966000000000008,1,10.0
88,20s,5,31,12.905999999999947,3.296000000000049,1,10.0
88,20s,5,32,12.244000000000028,3.911999999999921,1,10.0
88,20s,5,33,0.4039999999999963,0.04200000000003,0,10.0
88,20s,5,35,12.077999999999976,3.2659999999999627,1,10.0
88,20s,5,36,13.94399999999996,4.2000000000000455,1,10.0
88,20s,5,37,13.53200000000004,2.867999999999938,1,10.0
88,20s,5,38,1.3360000000000127,0.1860000000000354,0,10.0
88,20s,5,40,11.002000000000066,4.860000000000014,1,10.0
88,20s,5,41,11.379999999999995,3.5499999999999545,1,10.0
88,20s,5,42,12.686000000000035,5.562000000000012,1,10.0
88,20s,5,43,10.70399999999995,4.302000000000021,1,10.0
88,20s,5,44,13.00400000000002,4.240000000000009,1,10.0
88,20s,5,45,11.237999999999944,4.37600000000009,1,10.0
88,20s,5,46,2.1639999999999873,0.1459999999999581,0,10.0
88,20s,5,48,11.44799999999998,4.910000000000082,1,10.0
88,20s,5,49,9.841999999999985,22.275999999999954,0,10.0
88,20s,5,50,9.06000000000006,21.949999999999932,0,10.0
88,20s,5,51,8.426000000000045,21.381999999999948,0,10.0
88,20s,5,52,9.800000000000068,22.057999999999993,0,10.0
88,20s,5,53,9.405999999999947,0.1760000000000445,0,10.0
88,20s,5,55,10.39199999999994,3.7340000000000377,1,10.0
88,20s,5,56,11.557999999999993,5.194000000000074,1,10.0
88,20s,5,57,8.177999999999997,0.0179999999999154,0,10.0
88,20s,5,59,11.802000000000136,4.8159999999998035,1,10.0
88,20s,5,60,11.538000000000013,3.734000000000151,1,10.0
88,20s,5,61,13.343999999999824,3.858000000000174,1,10.0
88,20s,5,62,12.495999999999867,23.56400000000008,1,10.0
88,20s,5,63,0.86200000000008,0.0619999999998981,0,10.0
88,20s,5,65,0.22199999999998,20.827999999999975,0,10.0
88,20s,5,66,8.740000000000009,20.973999999999933,0,10.0
88,20s,5,67,10.618000000000166,4.485999999999876,1,10.0
88,20s,5,68,8.895999999999958,21.636000000000195,0,10.0
88,20s,5,69,8.903999999999996,21.15599999999995,0,10.0
88,20s,5,70,9.91599999999994,21.980000000000015,0,10.0
88,20s,5,71,9.544000000000096,20.51599999999985,0,10.0
88,20s,5,72,9.375999999999976,22.088000000000193,0,10.0
88,20s,5,73,9.061999999999898,21.32400000000007,0,10.0
88,20s,5,74,10.596000000000004,3.624000000000024,1,10.0
88,20s,5,75,1.69399999999996,0.0239999999998872,0,10.0
88,20s,5,77,9.10200000000009,38.113999999999805,0,10.0
88,20s,5,78,11.942000000000007,4.226000000000113,1,10.0
88,20s,5,79,10.298000000000002,2.9580000000000837,1,10.0
88,20s,5,80,10.157999999999902,4.379999999999882,1,10.0
88,20s,5,81,10.61200000000008,4.903999999999996,1,10.0
88,20s,5,82,9.02800000000002,21.62200000000007,0,10.0
88,20s,5,83,9.057999999999993,22.05600000000004,0,10.0
88,20s,5,84,9.457999999999856,20.830000000000155,0,10.0
88,20s,5,85,7.461999999999989,21.39599999999996,0,10.0
88,20s,5,86,9.711999999999987,22.84199999999987,0,10.0
88,20s,5,87,11.266000000000076,3.8420000000000982,1,10.0
88,20s,5,88,12.715999999999894,3.435999999999922,1,10.0
88,20s,5,89,7.864000000000033,21.307999999999993,0,10.0
88,20s,5,90,10.554000000000087,5.076000000000022,1,10.0
88,20s,5,91,11.349999999999907,4.347999999999956,1,10.0
88,20s,5,92,0.3380000000001928,0.0419999999999163,0,10.0
88,20s,5,94,10.837999999999964,4.208000000000084,1,10.0
88,20s,5,95,0.7100000000000364,0.015999999999849,0,10.0
88,20s,5,97,9.291999999999916,27.117999999999935,0,10.0
88,20s,5,98,2.536000000000058,0.0199999999999818,0,10.0
88,20s,5,100,11.096000000000004,8.077999999999975,1,10.0
88,20s,5,101,9.896000000000186,21.717999999999847,0,10.0
88,20s,5,102,8.720000000000027,21.364000000000033,0,10.0
88,20s,5,103,10.564000000000078,4.6039999999998145,1,10.0
88,20s,5,104,11.560000000000173,8.375999999999976,1,10.0
88,20s,5,105,10.682000000000016,5.329999999999927,1,10.0
88,20s,5,106,10.874000000000024,5.392000000000053,1,10.0
88,20s,5,107,9.67599999999993,25.561999999999895,0,10.0
88,20s,5,108,10.485999999999876,4.180000000000291,1,10.0
88,20s,5,109,7.045999999999822,22.526000000000295,0,10.0
88,20s,5,110,8.64599999999973,21.35400000000027,0,10.0
88,20s,5,111,11.11999999999989,3.480000000000018,1,10.0
88,20s,5,112,5.313999999999851,0.0979999999999563,0,10.0
88,20s,5,114,11.958000000000084,3.1799999999998363,1,10.0
88,20s,5,115,1.16800000000012,0.155999999999949,0,10.0
88,20s,6,1,7.698,21.840000000000003,0,10.0
88,20s,6,2,10.028,1.5759999999999934,1,10.0
88,20s,6,3,4.740000000000009,0.0319999999999964,0,10.0
88,20s,6,5,13.525999999999996,1.1640000000000017,1,10.0
88,20s,6,6,12.319999999999991,1.4720000000000084,1,10.0
88,20s,6,7,13.245999999999997,5.180000000000007,1,10.0
88,20s,6,8,13.621999999999986,16.53800000000001,1,10.0
88,20s,6,9,14.870000000000005,5.007999999999981,1,10.0
88,20s,6,10,15.346000000000004,4.454000000000008,1,10.0
88,20s,6,11,16.039999999999992,6.968000000000018,1,10.0
88,20s,6,12,0.2419999999999902,0.0339999999999918,0,10.0
88,20s,6,14,12.098000000000011,7.036000000000001,1,10.0
88,20s,6,15,12.739999999999952,3.908000000000015,1,10.0
88,20s,6,16,11.617999999999997,3.259999999999991,1,10.0
88,20s,6,17,1.024000000000001,0.0920000000000413,0,10.0
88,20s,6,19,1.066000000000031,0.0639999999999645,0,10.0
88,20s,6,21,11.0,1.217999999999961,1,10.0
88,20s,6,22,12.418000000000006,1.8340000000000032,1,10.0
88,20s,6,23,13.338000000000022,3.0960000000000036,1,10.0
88,20s,6,24,11.611999999999966,3.951999999999998,1,10.0
88,20s,6,25,0.8640000000000327,0.0720000000000027,0,10.0
88,20s,6,27,11.854000000000042,4.8659999999999854,1,10.0
88,20s,6,28,0.9080000000000156,0.0759999999999649,0,10.0
88,20s,6,30,1.518000000000029,21.206000000000017,0,10.0
88,20s,6,31,11.45599999999996,3.0160000000000196,1,10.0
88,20s,6,32,13.737999999999944,3.216000000000008,1,10.0
88,20s,6,33,10.492000000000075,2.481999999999971,1,10.0
88,20s,6,34,8.984000000000037,0.1499999999999772,0,10.0
88,20s,6,36,9.860000000000014,22.283999999999992,0,10.0
88,20s,6,37,9.807999999999993,21.091999999999985,0,10.0
88,20s,6,38,10.458000000000084,1.2759999999999536,1,10.0
88,20s,6,39,1.9180000000000064,21.166000000000057,0,10.0
88,20s,6,40,12.519999999999982,3.846000000000003,1,10.0
88,20s,6,41,12.803999999999974,4.597999999999956,1,10.0
88,20s,6,42,11.456000000000016,4.432000000000016,1,10.0
88,20s,6,43,10.587999999999964,8.758000000000038,1,10.0
88,20s,6,44,11.491999999999962,4.494000000000028,1,10.0
88,20s,6,45,13.04200000000003,3.2659999999999627,1,10.0
88,20s,6,46,0.9360000000000356,0.1000000000000227,0,10.0
88,20s,6,48,13.774,2.8700000000000045,1,10.0
88,20s,6,49,12.388000000000034,2.5259999999999536,1,10.0
88,20s,6,50,13.029999999999973,4.177999999999997,1,10.0
88,20s,6,51,12.258000000000038,3.4460000000000264,1,10.0
88,20s,6,52,0.5320000000000391,0.0399999999999636,0,10.0
88,20s,6,54,13.644000000000004,3.4599999999999227,1,10.0
88,20s,6,55,12.476,4.448000000000093,1,10.0
88,20s,6,56,12.527999999999906,3.6720000000000255,1,10.0
88,20s,6,57,12.58000000000004,3.7719999999999345,1,10.0
88,20s,6,58,8.807999999999993,22.148000000000025,0,10.0
88,20s,6,59,12.144000000000004,3.874000000000024,1,10.0
88,20s,6,60,0.7279999999999518,0.0460000000000491,0,10.0
88,20s,6,62,12.201999999999998,1.8859999999999673,1,10.0
88,20s,6,63,11.456000000000133,2.758000000000038,1,10.0
88,20s,6,64,12.199999999999818,2.0700000000001637,1,10.0
88,20s,6,65,7.645999999999958,21.135999999999967,0,10.0
88,20s,6,66,12.480000000000018,3.490000000000009,1,10.0
88,20s,6,67,11.337999999999964,4.216000000000122,1,10.0
88,20s,6,68,10.201999999999998,4.351999999999862,1,10.0
88,20s,6,69,12.652000000000044,2.9680000000000746,1,10.0
88,20s,6,70,13.261999999999944,3.6979999999998654,1,10.0
88,20s,6,71,1.5800000000001546,0.0419999999999163,0,10.0
88,20s,6,73,15.253999999999904,3.2899999999999636,1,10.0
88,20s,6,74,12.89799999999991,3.5240000000001146,1,10.0
88,20s,6,75,12.365999999999984,2.0060000000000855,1,10.0
88,20s,6,76,1.3959999999999582,0.1059999999999945,0,10.0
88,20s,6,78,10.91599999999994,4.908000000000129,1,10.0
88,20s,6,79,13.305999999999813,2.068000000000211,1,10.0
88,20s,6,80,11.94399999999996,3.785999999999831,1,10.0
88,20s,6,81,10.822000000000116,5.0219999999999345,1,10.0
88,20s,6,82,13.330000000000156,4.63799999999992,1,10.0
88,20s,6,83,10.814000000000078,3.367999999999938,1,10.0
88,20s,6,84,9.983999999999924,0.0940000000000509,0,10.0
88,20s,6,86,10.826000000000022,4.096000000000004,1,10.0
88,20s,6,87,13.529999999999973,3.984000000000151,1,10.0
88,20s,6,88,9.58199999999988,21.65599999999995,0,10.0
88,20s,6,89,12.036000000000058,3.1280000000001564,1,10.0
88,20s,6,90,14.473999999999933,5.142000000000053,1,10.0
88,20s,6,91,10.94399999999996,3.710000000000037,1,10.0
88,20s,6,92,0.6559999999999491,0.0579999999999927,0,10.0
88,20s,6,94,11.17599999999993,3.4739999999999327,1,10.0
88,20s,6,95,11.652000000000044,4.804000000000087,1,10.0
88,20s,6,96,12.583999999999833,3.2760000000000673,1,10.0
88,20s,6,97,12.051999999999907,3.848000000000184,1,10.0
88,20s,6,98,11.00799999999981,4.1720000000000255,1,10.0
88,20s,6,99,0.5180000000000291,0.0800000000001546,0,10.0
88,20s,6,101,10.478000000000064,3.1879999999998745,1,10.0
88,20s,6,102,11.718000000000076,0.1759999999999308,1,10.0
88,20s,6,103,0.1020000000000891,21.695999999999913,0,10.0
88,20s,6,104,10.65800000000013,2.2899999999999636,1,10.0
88,20s,6,105,10.776000000000067,3.5399999999999636,1,10.0
88,20s,6,106,9.57400000000007,21.40599999999995,0,10.0
88,20s,6,107,10.200000000000044,3.995999999999867,1,10.0
88,20s,6,108,9.716000000000122,24.28800000000001,0,10.0
88,20s,6,109,10.843999999999824,3.824000000000069,1,10.0
88,20s,6,110,12.188000000000102,4.257999999999811,1,10.0
88,20s,6,111,0.4440000000001873,0.0919999999998708,0,10.0
88,20s,6,113,10.496000000000096,3.382000000000062,1,10.0
88,20s,6,114,12.669999999999844,4.156000000000176,1,10.0
88,20s,6,115,10.913999999999987,1.9679999999998472,1,10.0
88,20s,6,116,11.148000000000138,,1,10.0
89,20s,1,1,0.1859999999999999,0.0500000000000007,0,10.0
89,20s,1,3,10.108000000000004,1.931999999999995,1,10.0
89,20s,1,4,7.927999999999997,24.504000000000005,0,10.0
89,20s,1,5,8.465999999999994,21.080000000000013,0,10.0
89,20s,1,6,0.1219999999999998,0.0759999999999934,0,10.0
89,20s,1,8,0.1160000000000138,21.20599999999999,0,10.0
89,20s,1,9,5.424000000000007,0.0219999999999913,0,10.0
89,20s,1,11,0.3220000000000027,0.054000000000002,0,10.0
89,20s,1,13,0.4320000000000163,21.147999999999996,0,10.0
89,20s,1,14,10.097999999999985,2.171999999999997,1,10.0
89,20s,1,15,12.271999999999991,2.598000000000013,1,10.0
89,20s,1,16,8.566000000000031,25.265999999999963,0,10.0
89,20s,1,17,10.538000000000013,2.1580000000000155,1,10.0
89,20s,1,18,12.665999999999997,2.185999999999978,1,10.0
89,20s,1,19,13.317999999999984,3.834000000000003,1,10.0
89,20s,1,20,9.716000000000008,20.47800000000001,0,10.0
89,20s,1,21,9.208000000000029,21.911999999999978,0,10.0
89,20s,1,22,8.521999999999991,21.579999999999984,0,10.0
89,20s,1,23,8.494000000000028,20.317999999999984,0,10.0
89,20s,1,24,8.74799999999999,0.0160000000000195,0,10.0
89,20s,1,26,0.1419999999999959,0.0459999999999922,0,10.0
89,20s,1,28,12.26400000000001,2.6059999999999945,1,10.0
89,20s,1,29,10.50400000000002,3.0019999999999527,1,10.0
89,20s,1,30,8.201999999999998,20.25800000000004,0,10.0
89,20s,1,31,9.57000000000005,23.227999999999952,0,10.0
89,20s,1,32,0.20799999999997,0.1779999999999972,0,10.0
89,20s,1,34,11.312000000000012,3.1159999999999854,1,10.0
89,20s,1,35,8.170000000000073,21.20799999999997,0,10.0
89,20s,1,36,0.5760000000000218,0.0720000000000027,0,10.0
89,20s,1,38,10.463999999999942,2.23599999999999,1,10.0
89,20s,1,39,7.104000000000042,20.511999999999944,0,10.0
89,20s,1,40,9.744000000000028,21.648000000000025,0,10.0
89,20s,1,41,11.67999999999995,3.1159999999999854,1,10.0
89,20s,1,42,6.798000000000002,20.728000000000065,0,10.0
89,20s,1,43,11.855999999999996,2.3139999999999645,1,10.0
89,20s,1,44,9.629999999999995,20.454000000000065,0,10.0
89,20s,1,45,12.377999999999927,3.6440000000000055,1,10.0
89,20s,1,46,9.77800000000002,21.666000000000057,0,10.0
89,20s,1,47,0.2199999999999136,0.2080000000000836,0,10.0
89,20s,1,49,1.646000000000072,0.0419999999999163,0,10.0
89,20s,1,51,8.437999999999988,20.283999999999992,0,10.0
89,20s,1,52,11.408000000000015,2.2340000000000373,1,10.0
89,20s,1,53,10.67999999999995,2.453999999999951,1,10.0
89,20s,1,54,0.1720000000000254,20.557999999999993,0,10.0
89,20s,1,55,14.870000000000005,2.7260000000001128,1,10.0
89,20s,1,56,10.25799999999981,3.710000000000037,1,10.0
89,20s,1,57,9.096000000000004,20.99199999999996,0,10.0
89,20s,1,58,8.092000000000098,0.0180000000000291,0,10.0
89,20s,1,60,7.982000000000198,20.298,0,10.0
89,20s,1,61,10.615999999999984,2.288000000000011,1,10.0
89,20s,1,62,9.065999999999804,24.388000000000147,0,10.0
89,20s,1,63,10.594000000000053,1.9239999999999784,1,10.0
89,20s,1,64,9.261999999999944,20.884000000000015,0,10.0
89,20s,1,65,1.811999999999898,0.1040000000000418,0,10.0
89,20s,1,67,1.009999999999991,0.2319999999999709,0,10.0
89,20s,1,69,3.2480000000000473,20.319999999999936,0,10.0
89,20s,1,70,0.3520000000000891,20.264000000000124,0,10.0
89,20s,1,71,9.393999999999778,20.856000000000225,0,10.0
89,20s,1,72,11.69199999999978,2.900000000000091,1,10.0
89,20s,1,73,9.490000000000007,21.83400000000006,0,10.0
89,20s,1,74,10.475999999999884,2.481999999999971,1,10.0
89,20s,1,75,9.718000000000076,20.66000000000008,0,10.0
89,20s,1,76,0.155999999999949,0.0480000000000018,0,10.0
89,20s,1,78,7.324000000000069,20.837999999999965,0,10.0
89,20s,1,79,9.877999999999927,22.125999999999976,0,10.0
89,20s,1,80,9.188000000000102,22.021999999999935,0,10.0
89,20s,1,81,10.16599999999994,2.352000000000089,1,10.0
89,20s,1,82,7.63799999999992,20.282000000000153,0,10.0
89,20s,1,83,11.135999999999967,3.5860000000000127,1,10.0
89,20s,1,84,9.725999999999884,20.246000000000095,0,10.0
89,20s,1,85,8.83199999999988,20.567999999999984,0,10.0
89,20s,1,86,0.5579999999999927,21.12200000000007,0,10.0
89,20s,1,87,10.07400000000007,3.2819999999999254,1,10.0
89,20s,1,88,7.442000000000007,20.284000000000106,0,10.0
89,20s,1,89,9.066000000000033,20.38799999999992,0,10.0
89,20s,1,90,8.316000000000031,0.0099999999999909,0,10.0
89,20s,1,91,0.3519999999998617,20.476000000000113,0,10.0
89,20s,1,92,10.10200000000009,2.759999999999991,1,10.0
89,20s,1,93,9.701999999999998,20.54599999999982,0,10.0
89,20s,1,94,11.865999999999984,2.8659999999999854,1,10.0
89,20s,1,95,8.66800000000012,20.266000000000076,0,10.0
89,20s,1,96,8.349999999999909,21.705999999999904,0,10.0
89,20s,1,97,6.814000000000078,41.384000000000015,0,10.0
89,20s,1,98,7.266000000000076,46.27800000000002,0,10.0
89,20s,1,99,7.673999999999978,20.485999999999876,0,10.0
89,20s,1,100,8.97199999999998,20.81400000000008,0,10.0
89,20s,1,101,9.103999999999814,22.426000000000386,0,10.0
89,20s,1,102,8.695999999999913,20.286000000000055,0,10.0
89,20s,1,103,7.655999999999949,20.79399999999987,0,10.0
89,20s,1,104,7.97400000000016,21.971999999999753,0,10.0
89,20s,1,105,1.2699999999999818,0.0440000000003237,0,10.0
89,20s,1,107,7.8659999999999854,20.36200000000008,0,10.0
89,20s,1,108,7.7039999999997235,20.326000000000025,0,10.0
89,20s,1,109,11.213999999999942,3.608000000000174,1,10.0
89,20s,1,110,7.86200000000008,20.677999999999884,0,10.0
89,20s,1,111,0.1179999999999381,20.253999999999905,0,10.0
89,20s,1,112,6.824000000000069,21.5300000000002,0,10.0
89,20s,1,113,7.549999999999727,23.044000000000324,0,10.0
89,20s,1,114,7.669999999999618,22.472000000000207,0,10.0
89,20s,1,115,8.344000000000051,21.179999999999836,0,10.0
89,20s,1,116,10.148000000000138,,1,10.0
89,20s,2,1,8.684000000000005,20.141999999999996,0,10.0
89,20s,2,2,9.169999999999996,20.754000000000005,0,10.0
89,20s,2,3,1.4440000000000026,0.039999999999992,0,10.0
89,20s,2,5,7.364000000000004,20.897999999999996,0,10.0
89,20s,2,6,0.6220000000000141,0.1140000000000043,0,10.0
89,20s,2,8,11.176000000000016,2.579999999999984,1,10.0
89,20s,2,9,10.036,0.0120000000000004,1,10.0
89,20s,2,10,0.4039999999999963,26.31,0,10.0
89,20s,2,11,11.27000000000001,2.7239999999999895,1,10.0
89,20s,2,12,7.676000000000016,0.0639999999999929,0,10.0
89,20s,2,14,5.923999999999978,20.34200000000004,0,10.0
89,20s,2,15,4.807999999999993,0.0720000000000027,0,10.0
89,20s,2,17,4.581999999999994,0.01400000000001,0,10.0
89,20s,2,19,8.066000000000031,21.848000000000013,0,10.0
89,20s,2,20,9.563999999999965,21.620000000000005,0,10.0
89,20s,2,21,10.855999999999996,0.0080000000000381,1,10.0
89,20s,2,22,0.0859999999999558,1.9300000000000068,0,10.0
89,20s,2,23,10.05400000000003,3.240000000000009,1,10.0
89,20s,2,24,9.977999999999952,20.21200000000005,0,10.0
89,20s,2,25,12.560000000000002,2.4699999999999704,1,10.0
89,20s,2,26,11.476,2.0600000000000023,1,10.0
89,20s,2,27,2.0060000000000286,0.0979999999999563,0,10.0
89,20s,2,30,11.584000000000003,2.005999999999972,1,10.0
89,20s,2,31,9.557999999999993,20.81000000000006,0,10.0
89,20s,2,32,6.043999999999983,0.0240000000000009,0,10.0
89,20s,2,34,9.227999999999952,20.317999999999984,0,10.0
89,20s,2,35,8.464000000000055,20.20799999999997,0,10.0
89,20s,2,36,0.1399999999999863,0.0199999999999818,0,10.0
89,20s,2,40,0.8959999999999582,0.1000000000000227,0,10.0
89,20s,2,42,9.211999999999987,4.2280000000000655,0,10.0
89,20s,2,44,0.25,0.0780000000000882,0,10.0
89,20s,2,46,5.505999999999972,20.236000000000104,0,10.0
89,20s,2,47,8.923999999999978,20.343999999999937,0,10.0
89,20s,2,48,9.638000000000034,20.186000000000035,0,10.0
89,20s,2,49,10.743999999999916,4.798000000000002,1,10.0
89,20s,2,50,8.653999999999996,20.110000000000017,0,10.0
89,20s,2,51,0.1340000000000145,0.0600000000000591,0,10.0
89,20s,2,53,9.1640000000001,9.025999999999954,0,10.0
89,20s,2,55,7.909999999999968,21.01400000000001,0,10.0
89,20s,2,56,8.846000000000004,0.0299999999999727,0,10.0
89,20s,2,59,9.101999999999975,21.1640000000001,0,10.0
89,20s,2,60,10.18999999999994,2.2759999999999536,1,10.0
89,20s,2,61,9.076000000000022,20.881999999999948,0,10.0
89,20s,2,62,0.2280000000000654,21.837999999999965,0,10.0
89,20s,2,63,8.367999999999938,20.19600000000014,0,10.0
89,20s,2,64,8.816000000000031,20.541999999999916,0,10.0
89,20s,2,65,8.978000000000065,20.243999999999915,0,10.0
89,20s,2,66,9.532000000000153,20.217999999999847,0,10.0
89,20s,2,67,9.900000000000093,20.192000000000007,0,10.0
89,20s,2,68,10.268000000000027,3.0879999999999654,1,10.0
89,20s,2,69,9.967999999999847,0.1000000000001364,0,10.0
89,20s,2,71,12.950000000000044,2.9020000000000437,1,10.0
89,20s,2,72,7.894000000000005,21.161999999999807,0,10.0
89,20s,2,73,0.22400000000016,21.79599999999982,0,10.0
89,20s,2,74,10.476000000000113,2.1079999999999472,1,10.0
89,20s,2,75,9.506000000000084,21.299999999999955,0,10.0
89,20s,2,76,9.228000000000064,21.57399999999984,0,10.0
89,20s,2,77,7.346000000000004,20.24200000000019,0,10.0
89,20s,2,78,0.0359999999998308,0.0040000000001327,0,10.0
89,20s,2,79,0.2639999999998963,20.11200000000008,0,10.0
89,20s,2,80,1.7019999999999982,0.1019999999998617,0,10.0
89,20s,2,82,1.0960000000000036,20.218000000000075,0,10.0
89,20s,2,83,9.420000000000073,20.927999999999884,0,10.0
89,20s,2,84,1.4420000000000073,0.0720000000001164,0,10.0
89,20s,2,86,7.314000000000078,20.22199999999998,0,10.0
89,20s,2,87,9.134000000000016,20.202,0,10.0
89,20s,2,88,8.438000000000102,20.197999999999865,0,10.0
89,20s,2,89,1.7180000000000746,0.0760000000000218,0,10.0
89,20s,2,91,8.32400000000007,20.867999999999935,0,10.0
89,20s,2,92,8.846000000000004,20.39599999999996,0,10.0
89,20s,2,93,11.865999999999984,3.5060000000000855,1,10.0
89,20s,2,94,11.048000000000002,2.9739999999999327,1,10.0
89,20s,2,95,11.432000000000016,5.518000000000029,1,10.0
89,20s,2,96,10.349999999999907,5.516000000000076,1,10.0
89,20s,2,97,10.048000000000002,4.2280000000000655,1,10.0
89,20s,2,98,10.131999999999834,2.9200000000000728,1,10.0
89,20s,2,99,10.182000000000016,7.5,1,10.0
89,20s,2,100,9.304000000000087,21.061999999999895,0,10.0
89,20s,2,101,8.64799999999991,21.01000000000022,0,10.0
89,20s,2,102,9.959999999999807,20.784000000000106,0,10.0
89,20s,2,103,9.518000000000027,20.273999999999887,0,10.0
89,20s,2,104,12.04600000000005,1.928000000000111,1,10.0
89,20s,2,105,12.153999999999996,2.0499999999999545,1,10.0
89,20s,2,106,7.557999999999993,20.24000000000001,0,10.0
89,20s,2,107,11.463999999999942,2.961999999999989,1,10.0
89,20s,2,108,11.208000000000084,3.1920000000000073,1,10.0
89,20s,2,109,9.189999999999827,12.836000000000013,0,10.0
89,20s,2,111,10.236000000000104,2.83199999999988,1,10.0
89,20s,2,112,10.528000000000247,1.7859999999996037,1,10.0
89,20s,2,113,11.692000000000007,4.153999999999996,1,10.0
89,20s,2,114,9.844000000000053,16.782000000000153,0,10.0
89,20s,2,116,8.7800000000002,20.577999999999975,0,10.0
89,20s,2,117,9.049999999999727,20.876000000000204,0,10.0
89,20s,2,118,9.911999999999807,20.222000000000207,0,10.0
89,20s,2,119,8.900000000000091,20.547999999999774,0,10.0
89,20s,2,120,1.1779999999998836,0.0640000000003055,0,10.0
89,20s,2,122,8.652000000000044,20.373999999999796,0,10.0
89,20s,2,123,11.170000000000073,1.900000000000091,1,10.0
89,20s,2,124,7.192000000000007,20.365999999999985,0,10.0
89,20s,2,125,8.389999999999873,21.269999999999985,0,10.0
89,20s,2,126,9.208000000000084,21.20400000000018,0,10.0
89,20s,2,127,7.727999999999611,,0,10.0
89,20s,3,1,10.452000000000002,0.0079999999999955,1,10.0
89,20s,3,2,0.1060000000000016,1.466000000000001,0,10.0
89,20s,3,3,8.724000000000004,19.14999999999999,0,10.0
89,20s,3,5,9.914,5.507999999999996,0,10.0
89,20s,3,7,9.887999999999993,20.268000000000015,0,10.0
89,20s,3,8,9.316000000000004,12.060000000000002,0,10.0
89,20s,3,10,0.2100000000000079,0.0720000000000027,0,10.0
89,20s,3,13,0.0859999999999843,0.0459999999999922,0,10.0
89,20s,3,15,8.292000000000002,10.671999999999995,0,10.0
89,20s,3,17,10.902000000000015,1.382000000000005,1,10.0
89,20s,3,18,10.267999999999972,1.4580000000000268,1,10.0
89,20s,3,19,10.003999999999962,2.6240000000000236,1,10.0
89,20s,3,20,9.401999999999989,20.202,0,10.0
89,20s,3,21,9.828000000000031,7.147999999999968,0,10.0
89,20s,3,23,10.517999999999972,1.5980000000000132,1,10.0
89,20s,3,24,2.5539999999999736,0.04200000000003,0,10.0
89,20s,3,26,9.877999999999986,11.682000000000016,0,10.0
89,20s,3,28,7.391999999999996,20.265999999999963,0,10.0
89,20s,3,29,7.650000000000034,11.226,0,10.0
89,20s,3,31,1.0480000000000018,0.0380000000000109,0,10.0
89,20s,3,34,6.930000000000007,20.44599999999997,0,10.0
89,20s,3,35,8.868000000000052,20.21599999999995,0,10.0
89,20s,3,36,8.474000000000046,21.177999999999997,0,10.0
89,20s,3,37,8.185999999999922,20.530000000000086,0,10.0
89,20s,3,38,8.831999999999994,20.244000000000028,0,10.0
89,20s,3,39,0.9259999999999308,0.0460000000000491,0,10.0
89,20s,3,41,10.73599999999999,2.324000000000069,1,10.0
89,20s,3,42,9.199999999999932,21.128000000000043,0,10.0
89,20s,3,43,12.20399999999995,1.6440000000000057,1,10.0
89,20s,3,44,10.622000000000073,1.7939999999999827,1,10.0
89,20s,3,45,12.757999999999925,1.9039999999999964,1,10.0
89,20s,3,46,12.734000000000036,2.29200000000003,1,10.0
89,20s,3,47,9.807999999999993,0.0499999999999545,0,10.0
89,20s,3,50,9.097999999999956,14.66999999999996,0,10.0
89,20s,3,52,10.813999999999965,1.9420000000000073,1,10.0
89,20s,3,53,9.312000000000012,9.350000000000025,0,10.0
89,20s,3,57,8.950000000000045,10.03200000000004,0,10.0
89,20s,3,60,0.1179999999999381,8.358000000000061,0,10.0
89,20s,3,62,8.09800000000007,18.65199999999993,0,10.0
89,20s,3,64,10.799999999999956,2.094000000000051,1,10.0
89,20s,3,65,9.067999999999984,20.360000000000017,0,10.0
89,20s,3,66,10.025999999999954,2.240000000000009,1,10.0
89,20s,3,67,9.162000000000036,20.452,0,10.0
89,20s,3,68,0.0520000000000209,20.733999999999924,0,10.0
89,20s,3,69,9.347999999999956,20.208000000000084,0,10.0
89,20s,3,70,9.748000000000047,13.269999999999982,0,10.0
89,20s,3,72,10.565999999999804,2.11200000000008,1,10.0
89,20s,3,73,9.95399999999995,14.672000000000024,0,10.0
89,20s,3,75,10.898000000000138,1.839999999999918,1,10.0
89,20s,3,76,10.559999999999944,2.173999999999978,1,10.0
89,20s,3,77,12.486000000000104,2.2439999999999145,1,10.0
89,20s,3,78,12.394000000000004,1.8460000000000036,1,10.0
89,20s,3,79,14.302000000000136,3.3819999999998345,1,10.0
89,20s,3,80,3.602000000000089,0.02800000000002,0,10.0
89,20s,3,82,11.867999999999938,2.0219999999999345,1,10.0
89,20s,3,83,1.660000000000082,0.0679999999999836,0,10.0
89,20s,3,85,11.487999999999827,1.860000000000127,1,10.0
89,20s,3,86,12.079999999999927,2.2380000000000564,1,10.0
89,20s,3,87,10.653999999999996,2.3659999999999854,1,10.0
89,20s,3,88,13.089999999999918,3.6000000000001364,1,10.0
89,20s,3,89,9.771999999999936,20.19399999999996,0,10.0
89,20s,3,90,10.68600000000015,1.6139999999998054,1,10.0
89,20s,3,91,10.33400000000006,2.436000000000149,1,10.0
89,20s,3,92,9.597999999999956,20.68799999999987,0,10.0
89,20s,3,93,9.682000000000016,20.66599999999994,0,10.0
89,20s,3,94,11.66800000000012,2.4559999999999036,1,10.0
89,20s,3,95,10.688000000000102,1.9639999999999416,1,10.0
89,20s,3,96,11.10200000000009,2.008000000000038,1,10.0
89,20s,3,97,12.048000000000002,2.7679999999998017,1,10.0
89,20s,3,98,0.3200000000001637,0.0860000000000127,0,10.0
89,20s,3,100,11.403999999999996,2.0419999999999163,1,10.0
89,20s,3,101,10.282000000000153,4.433999999999969,1,10.0
89,20s,3,102,12.001999999999953,3.935999999999922,1,10.0
89,20s,3,103,8.65800000000013,19.957999999999856,0,10.0
89,20s,3,107,8.538000000000011,20.188000000000105,0,10.0
89,20s,3,108,11.38799999999992,2.155999999999949,1,10.0
89,20s,3,109,11.026000000000067,3.490000000000009,1,10.0
89,20s,3,110,10.105999999999996,2.1400000000001,1,10.0
89,20s,3,111,12.596000000000004,2.265999999999849,1,10.0
89,20s,3,112,8.054000000000087,20.299999999999955,0,10.0
89,20s,3,113,9.458000000000084,15.566000000000033,0,10.0
89,20s,3,116,12.473999999999933,2.4739999999999327,1,10.0
89,20s,3,117,8.860000000000127,12.549999999999956,0,10.0
89,20s,3,119,10.457999999999856,2.0019999999999527,1,10.0
89,20s,3,120,10.420000000000073,2.673999999999978,1,10.0
89,20s,3,121,8.496000000000095,20.213999999999945,0,10.0
89,20s,3,122,10.190000000000056,1.7100000000000364,1,10.0
89,20s,3,123,11.02599999999984,2.050000000000182,1,10.0
89,20s,3,124,10.759999999999993,2.66599999999994,1,10.0
89,20s,3,125,8.814000000000078,20.21199999999999,0,10.0
89,20s,3,126,9.923999999999978,15.533999999999878,0,10.0
89,20s,3,129,10.367999999999938,1.9360000000001492,1,10.0
89,20s,3,130,12.429999999999836,0.1700000000000727,1,10.0
89,20s,3,131,0.0979999999999563,15.344000000000053,0,10.0
89,20s,3,134,9.3599999999999,17.97400000000016,0,10.0
89,20s,3,136,9.36999999999989,10.577999999999976,0,10.0
89,20s,3,139,8.481999999999744,20.184000000000196,0,10.0
89,20s,3,140,8.208000000000084,6.398000000000138,0,10.0
89,20s,3,142,0.0920000000000982,20.228000000000065,0,10.0
89,20s,3,143,8.740000000000236,,0,10.0
89,20s,4,1,10.36,1.6920000000000002,1,10.0
89,20s,4,2,7.853999999999999,8.380000000000003,0,10.0
89,20s,4,7,2.775999999999996,0.019999999999996,0,10.0
89,20s,4,9,7.6299999999999955,21.092,0,10.0
89,20s,4,10,8.903999999999996,20.238,0,10.0
89,20s,4,11,4.861999999999995,10.818000000000012,0,10.0
89,20s,4,14,8.28400000000002,20.19999999999999,0,10.0
89,20s,4,15,9.602000000000004,20.336000000000013,0,10.0
89,20s,4,16,0.025999999999982,0.0360000000000013,0,10.0
89,20s,4,19,8.281999999999982,13.23599999999999,0,10.0
89,20s,4,21,8.254000000000019,20.20799999999997,0,10.0
89,20s,4,22,7.519999999999982,20.28800000000001,0,10.0
89,20s,4,23,9.346000000000004,21.04200000000003,0,10.0
89,20s,4,24,8.769999999999982,21.262,0,10.0
89,20s,4,25,6.9839999999999804,22.175999999999988,0,10.0
89,20s,4,26,9.490000000000007,21.436000000000035,0,10.0
89,20s,4,27,11.20799999999997,1.8500000000000227,1,10.0
89,20s,4,28,9.129999999999995,20.27600000000001,0,10.0
89,20s,4,29,10.64199999999994,1.30600000000004,1,10.0
89,20s,4,30,0.0339999999999918,0.0860000000000127,0,10.0
89,20s,4,32,9.908000000000015,20.177999999999997,0,10.0
89,20s,4,33,10.094000000000053,2.23599999999999,1,10.0
89,20s,4,34,5.933999999999969,20.158000000000015,0,10.0
89,20s,4,35,8.107999999999947,7.074000000000069,0,10.0
89,20s,4,37,8.594000000000051,18.069999999999936,0,10.0
89,20s,4,39,9.840000000000032,15.892000000000053,0,10.0
89,20s,4,41,0.2140000000000554,20.40599999999995,0,10.0
89,20s,4,42,0.1280000000000427,20.50999999999999,0,10.0
89,20s,4,43,8.148000000000025,18.505999999999972,0,10.0
89,20s,4,45,8.276000000000067,20.173999999999975,0,10.0
89,20s,4,46,10.470000000000027,2.005999999999972,1,10.0
89,20s,4,47,8.196000000000026,21.096000000000004,0,10.0
89,20s,4,48,7.98599999999999,20.216000000000008,0,10.0
89,20s,4,49,7.531999999999925,9.418000000000006,0,10.0
89,20s,4,51,8.526000000000067,12.573999999999955,0,10.0
89,20s,4,53,9.218000000000076,20.375999999999976,0,10.0
89,20s,4,54,0.2279999999999518,20.196000000000023,0,10.0
89,20s,4,55,8.836000000000013,20.210000000000036,0,10.0
89,20s,4,56,9.70799999999997,20.214000000000055,0,10.0
89,20s,4,57,9.783999999999878,0.0080000000000381,0,10.0
89,20s,4,58,0.1000000000001364,20.202,0,10.0
89,20s,4,59,9.83199999999988,22.98199999999997,0,10.0
89,20s,4,60,9.276000000000067,20.417999999999893,0,10.0
89,20s,4,61,8.636000000000195,20.6579999999999,0,10.0
89,20s,4,62,8.445999999999913,20.152000000000044,0,10.0
89,20s,4,63,9.867999999999938,20.19600000000014,0,10.0
89,20s,4,64,10.445999999999913,1.7460000000000946,1,10.0
89,20s,4,65,9.25,20.21199999999999,0,10.0
89,20s,4,66,9.346000000000004,20.289999999999964,0,10.0
89,20s,4,67,0.3079999999999927,20.205999999999904,0,10.0
89,20s,4,68,8.336000000000013,20.188000000000105,0,10.0
89,20s,4,69,10.17599999999993,2.494000000000142,1,10.0
89,20s,4,70,9.34199999999987,18.95399999999995,0,10.0
89,20s,4,72,7.535999999999831,20.190000000000055,0,10.0
89,20s,4,73,8.690000000000055,20.197999999999865,0,10.0
89,20s,4,74,10.105999999999996,1.3980000000001382,1,10.0
89,20s,4,75,6.488000000000056,20.47999999999979,0,10.0
89,20s,4,76,9.172000000000024,20.202,0,10.0
89,20s,4,77,11.812000000000126,1.9959999999998672,1,10.0
89,20s,4,78,10.11200000000008,2.064000000000078,1,10.0
89,20s,4,79,10.301999999999907,1.788000000000011,1,10.0
89,20s,4,80,9.842000000000098,20.18799999999987,0,10.0
89,20s,4,81,9.440000000000056,21.615999999999985,0,10.0
89,20s,4,82,8.991999999999962,20.19600000000014,0,10.0
89,20s,4,83,13.357999999999947,2.4939999999999145,1,10.0
89,20s,4,84,9.13000000000011,20.355999999999995,0,10.0
89,20s,4,85,0.0819999999998799,21.46199999999999,0,10.0
89,20s,4,86,9.72400000000016,20.58199999999988,0,10.0
89,20s,4,87,9.210000000000036,20.39599999999996,0,10.0
89,20s,4,88,9.152000000000044,12.455999999999904,0,10.0
89,20s,4,90,14.538000000000013,1.4639999999999418,1,10.0
89,20s,4,91,10.566000000000033,2.6720000000000255,1,10.0
89,20s,4,92,9.243999999999916,1.7419999999999618,0,10.0
89,20s,4,94,8.38799999999992,20.394000000000005,0,10.0
89,20s,4,95,8.8900000000001,20.202,0,10.0
89,20s,4,96,10.567999999999984,1.9600000000000364,1,10.0
89,20s,4,97,12.286000000000058,2.145999999999958,1,10.0
89,20s,4,98,12.018000000000027,1.6319999999998345,1,10.0
89,20s,4,99,0.8240000000000691,0.0319999999999254,0,10.0
89,20s,4,101,10.087999999999964,1.33400000000006,1,10.0
89,20s,4,102,11.451999999999998,2.788000000000011,1,10.0
89,20s,4,103,9.22199999999998,0.0619999999998981,0,10.0
89,20s,4,105,9.092000000000098,20.452,0,10.0
89,20s,4,106,10.145999999999958,3.150000000000091,1,10.0
89,20s,4,107,8.766000000000076,20.25,0,10.0
89,20s,4,108,10.036000000000058,1.6279999999997017,1,10.0
89,20s,4,109,4.526000000000295,0.0359999999996034,0,10.0
89,20s,4,111,10.16399999999976,1.7260000000001128,1,10.0
89,20s,4,112,10.423999999999978,2.311999999999898,1,10.0
89,20s,4,113,9.559999999999944,20.390000000000327,0,10.0
89,20s,4,114,8.795999999999822,20.2199999999998,0,10.0
89,20s,4,115,9.038000000000013,20.190000000000055,0,10.0
89,20s,4,116,10.054000000000087,2.2220000000002074,1,10.0
89,20s,4,117,9.131999999999609,20.220000000000255,0,10.0
89,20s,4,118,10.11200000000008,2.1520000000000437,1,10.0
89,20s,4,119,8.2199999999998,20.199999999999815,0,10.0
89,20s,4,120,11.402000000000044,0.0380000000000109,1,10.0
89,20s,4,121,0.2060000000001309,20.21199999999999,0,10.0
89,20s,4,122,11.766000000000076,0.1080000000001746,1,10.0
89,20s,4,123,0.0459999999998217,20.878000000000156,0,10.0
89,20s,4,124,9.643999999999778,,0,10.0
89,20s,5,1,7.287999999999997,16.222,0,0.0
89,20s,5,5,10.718000000000004,2.6599999999999966,1,0.0
89,20s,5,6,9.774,12.262,0,0.0
89,20s,5,8,0.5120000000000005,20.191999999999993,0,0.0
89,20s,5,9,7.849999999999994,17.844000000000023,0,0.0
89,20s,5,11,8.024000000000001,21.726,0,0.0
89,20s,5,12,10.298000000000002,2.0619999999999834,1,0.0
89,20s,5,13,8.78400000000002,20.208,0,0.0
89,20s,5,14,0.907999999999987,0.0380000000000109,0,0.0
89,20s,5,16,2.9399999999999977,0.0180000000000006,0,0.0
89,20s,5,20,8.70399999999995,20.234000000000037,0,0.0
89,20s,5,21,0.44399999999996,4.486000000000047,0,0.0
89,20s,5,26,9.656000000000006,15.663999999999987,0,0.0
89,20s,5,28,9.640000000000043,20.50999999999999,0,0.0
89,20s,5,29,7.524000000000001,20.19999999999999,0,0.0
89,20s,5,30,8.326000000000022,0.2299999999999613,0,0.0
89,20s,5,33,8.489999999999952,20.620000000000005,0,0.0
89,20s,5,34,8.53000000000003,0.1200000000000045,0,0.0
89,20s,5,37,13.89199999999994,1.5300000000000864,1,0.0
89,20s,5,38,11.466000000000008,1.1219999999999573,1,0.0
89,20s,5,39,11.378000000000045,1.7099999999999227,1,0.0
89,20s,5,40,11.398000000000025,2.6960000000000264,1,0.0
89,20s,5,41,9.860000000000014,0.0919999999999845,0,0.0
89,20s,5,43,8.237999999999943,20.194000000000074,0,0.0
89,20s,5,44,10.41599999999994,1.2660000000000764,1,0.0
89,20s,5,45,0.5679999999999836,0.0199999999999818,0,0.0
89,20s,5,47,9.55200000000002,20.149999999999977,0,0.0
89,20s,5,48,2.937999999999988,19.734000000000037,0,0.0
89,20s,5,50,8.908000000000015,19.76800000000003,0,0.0
89,20s,5,52,8.576000000000022,15.293999999999984,0,0.0
89,20s,5,56,9.26400000000001,15.874000000000024,0,0.0
89,20s,5,59,7.974000000000046,13.600000000000025,0,0.0
89,20s,5,61,9.680000000000064,20.19399999999996,0,0.0
89,20s,5,62,10.29600000000005,2.0860000000000127,1,0.0
89,20s,5,63,9.97199999999998,20.389999999999983,0,0.0
89,20s,5,64,10.057999999999993,1.8600000000000136,1,0.0
89,20s,5,65,9.361999999999966,0.0879999999999654,0,0.0
89,20s,5,68,11.395999999999958,1.2899999999999636,1,0.0
89,20s,5,69,9.625999999999976,20.460000000000036,0,0.0
89,20s,5,70,11.187999999999988,1.896000000000072,1,0.0
89,20s,5,71,8.408000000000015,20.203999999999837,0,0.0
89,20s,5,72,8.096000000000004,20.153999999999996,0,0.0
89,20s,5,73,10.394000000000004,2.9500000000000455,1,0.0
89,20s,5,74,9.711999999999987,19.200000000000045,0,0.0
89,20s,5,76,8.529999999999973,0.2179999999998472,0,0.0
89,20s,5,80,9.322000000000116,13.323999999999842,0,0.0
89,20s,5,82,8.731999999999971,11.705999999999904,0,0.0
89,20s,5,87,10.181999999999787,1.41800000000012,1,0.0
89,20s,5,88,10.347999999999956,2.6380000000001473,1,0.0
89,20s,5,89,10.255999999999858,2.048000000000002,1,0.0
89,20s,5,90,8.192000000000007,20.198000000000093,0,0.0
89,20s,5,91,8.843999999999824,20.51200000000017,0,0.0
89,20s,5,92,12.503999999999904,1.25,1,0.0
89,20s,5,93,11.69399999999996,1.984000000000151,1,0.0
89,20s,5,94,2.963999999999942,0.0460000000000491,0,0.0
89,20s,5,96,10.228000000000064,2.9680000000000746,1,0.0
89,20s,5,97,10.705999999999904,2.6980000000000928,1,0.0
89,20s,5,98,10.475999999999884,1.75,1,0.0
89,20s,5,99,11.034000000000106,1.7239999999999327,1,0.0
89,20s,5,100,9.542000000000144,19.202,0,0.0
89,20s,5,102,0.0579999999999927,0.0140000000001236,0,0.0
89,20s,5,106,9.05600000000004,20.200000000000045,0,0.0
89,20s,5,107,10.77599999999984,2.5980000000001837,1,0.0
89,20s,5,108,11.847999999999956,2.7480000000000473,1,0.0
89,20s,5,109,14.291999999999916,3.400000000000091,1,0.0
89,20s,5,110,10.951999999999998,1.711999999999989,1,0.0
89,20s,5,111,11.627999999999927,2.571999999999889,1,0.0
89,20s,5,112,0.2940000000000964,0.0679999999999836,0,0.0
89,20s,5,114,10.097999999999956,2.650000000000091,1,0.0
89,20s,5,115,10.823999999999842,4.524000000000115,1,0.0
89,20s,5,116,12.983999999999924,1.4919999999999618,1,0.0
89,20s,5,117,10.75,2.3120000000001255,1,0.0
89,20s,5,118,9.463999999999942,20.213999999999945,0,0.0
89,20s,5,119,9.779999999999973,14.660000000000082,0,0.0
89,20s,5,123,0.265999999999849,20.190000000000055,0,0.0
89,20s,5,124,11.592000000000098,1.477999999999838,1,0.0
89,20s,5,125,9.90800000000013,20.220000000000027,0,0.0
89,20s,5,126,10.559999999999944,2.0139999999998963,1,0.0
89,20s,5,127,9.832000000000107,20.223999999999933,0,0.0
89,20s,5,128,9.372000000000073,14.523999999999887,0,0.0
89,20s,5,130,10.590000000000146,2.1140000000000327,1,0.0
89,20s,5,131,11.689999999999827,1.7280000000000657,1,0.0
89,20s,5,132,10.577999999999976,1.6900000000000546,1,0.0
89,20s,5,133,11.268000000000027,3.0219999999999345,1,0.0
89,20s,5,134,10.117999999999938,2.066000000000031,1,0.0
89,20s,5,135,11.135999999999967,1.9540000000001785,1,0.0
89,20s,5,136,10.19199999999978,1.5900000000001455,1,0.0
89,20s,5,137,10.105999999999996,3.4179999999998927,1,0.0
89,20s,5,138,7.731999999999971,0.1460000000001855,0,0.0
89,20s,5,140,0.1400000000001,0.0139999999998963,0,0.0
89,20s,5,142,9.817999999999984,20.200000000000045,0,0.0
89,20s,5,143,12.433999999999967,1.2040000000001785,1,0.0
89,20s,5,144,6.423999999999978,0.0380000000000109,0,0.0
89,20s,5,146,12.409999999999854,1.445999999999913,1,0.0
89,20s,5,147,10.860000000000127,1.7359999999998763,1,0.0
89,20s,5,148,9.482000000000426,11.717999999999847,0,0.0
89,20s,5,151,10.557999999999993,,1,0.0
89,20s,6,1,12.042000000000002,1.436,1,10.0
89,20s,6,2,12.722,2.8159999999999954,1,10.0
89,20s,6,3,11.074000000000003,2.867999999999995,1,10.0
89,20s,6,4,10.150000000000006,1.6039999999999992,1,10.0
89,20s,6,5,11.067999999999998,2.494,1,10.0
89,20s,6,6,0.804000000000002,0.0279999999999915,0,10.0
89,20s,6,8,10.25,2.073999999999984,1,10.0
89,20s,6,9,10.630000000000024,1.2239999999999895,1,10.0
89,20s,6,10,10.419999999999987,1.5160000000000196,1,10.0
89,20s,6,11,7.927999999999997,19.72999999999999,0,10.0
89,20s,6,13,10.307999999999993,1.9579999999999984,1,10.0
89,20s,6,14,0.0960000000000036,0.0499999999999829,0,10.0
89,20s,6,18,10.043999999999984,1.7620000000000005,1,10.0
89,20s,6,19,10.694000000000017,1.5519999999999925,1,10.0
89,20s,6,20,11.711999999999987,1.3140000000000214,1,10.0
89,20s,6,21,11.127999999999986,1.9119999999999775,1,10.0
89,20s,6,22,10.5,1.8100000000000025,1,10.0
89,20s,6,23,10.394000000000004,1.5020000000000095,1,10.0
89,20s,6,24,8.367999999999995,0.1020000000000322,0,10.0
89,20s,6,26,9.699999999999989,15.521999999999991,0,10.0
89,20s,6,29,10.519999999999982,1.2560000000000286,1,10.0
89,20s,6,30,4.651999999999987,0.0579999999999927,0,10.0
89,20s,6,32,8.978000000000009,11.739999999999952,0,10.0
89,20s,6,35,0.4220000000000254,0.004000000000019,0,10.0
89,20s,6,36,0.0539999999999736,0.0500000000000113,0,10.0
89,20s,6,41,9.427999999999995,18.06,0,10.0
89,20s,6,43,8.862000000000023,0.117999999999995,0,10.0
89,20s,6,47,11.238,1.448000000000036,1,10.0
89,20s,6,48,10.013999999999951,1.7660000000000764,1,10.0
89,20s,6,49,10.829999999999927,0.04200000000003,1,10.0
89,20s,6,50,0.4740000000000464,20.5,0,10.0
89,20s,6,51,0.0539999999999736,0.0720000000000027,0,10.0
89,20s,6,53,9.587999999999964,19.081999999999994,0,10.0
89,20s,6,55,0.1059999999999945,0.0159999999999627,0,10.0
89,20s,6,60,9.841999999999985,17.364000000000033,0,10.0
89,20s,6,62,10.970000000000027,0.0159999999999627,1,10.0
89,20s,6,63,0.2599999999999909,20.412000000000035,0,10.0
89,20s,6,64,12.885999999999967,1.6680000000000064,1,10.0
89,20s,6,65,4.937999999999988,0.1020000000000891,0,10.0
89,20s,6,67,11.738000000000056,1.4519999999999982,1,10.0
89,20s,6,68,9.333999999999946,20.190000000000055,0,10.0
89,20s,6,69,11.826000000000022,1.2939999999999827,1,10.0
89,20s,6,70,12.48599999999999,1.7559999999999718,1,10.0
89,20s,6,71,0.2420000000000755,0.0620000000000118,0,10.0
89,20s,6,74,10.096000000000004,1.3099999999999454,1,10.0
89,20s,6,75,11.872000000000073,1.3659999999999854,1,10.0
89,20s,6,76,9.081999999999994,20.19399999999996,0,10.0
89,20s,6,77,11.846000000000004,1.2980000000000018,1,10.0
89,20s,6,78,10.83000000000004,1.433999999999969,1,10.0
89,20s,6,79,8.567999999999984,0.0320000000000391,0,10.0
89,20s,6,83,10.519999999999982,1.4099999999999682,1,10.0
89,20s,6,84,12.201999999999998,2.3559999999999945,1,10.0
89,20s,6,85,4.472000000000094,20.17599999999993,0,10.0
89,20s,6,86,10.879999999999995,1.3220000000000027,1,10.0
89,20s,6,87,11.545999999999935,1.3079999999999927,1,10.0
89,20s,6,88,10.019999999999982,1.6000000000001364,1,10.0
89,20s,6,89,9.64799999999991,18.246000000000095,0,10.0
89,20s,6,91,9.91800000000012,12.1099999999999,0,10.0
89,20s,6,95,11.488000000000056,1.2100000000000364,1,10.0
89,20s,6,96,11.170000000000073,1.7519999999999527,1,10.0
89,20s,6,97,12.725999999999884,1.8559999999999943,1,10.0
89,20s,6,98,12.22400000000016,1.9759999999998856,1,10.0
89,20s,6,99,12.076000000000022,1.8019999999999072,1,10.0
89,20s,6,100,13.360000000000127,3.018000000000029,1,10.0
89,20s,6,101,0.3619999999998526,0.0500000000001819,0,10.0
89,20s,6,105,9.844000000000053,15.582000000000107,0,10.0
89,20s,6,107,13.44600000000014,1.1720000000000257,1,10.0
89,20s,6,108,12.395999999999958,0.0199999999999818,1,10.0
89,20s,6,109,0.0899999999999181,1.9960000000000944,0,10.0
89,20s,6,110,10.92599999999993,1.5,1,10.0
89,20s,6,111,13.748000000000047,1.4919999999999618,1,10.0
89,20s,6,112,9.635999999999967,20.605999999999995,0,10.0
89,20s,6,113,13.741999999999962,2.3400000000001455,1,10.0
89,20s,6,114,1.4839999999999236,0.0260000000000673,0,10.0
89,20s,6,116,11.235999999999876,1.41800000000012,1,10.0
89,20s,6,117,7.08199999999988,0.0199999999999818,0,10.0
89,20s,6,119,11.577999999999976,1.655999999999949,1,10.0
89,20s,6,120,10.605999999999996,0.9700000000000272,1,10.0
89,20s,6,121,9.634000000000016,20.180000000000064,0,10.0
89,20s,6,122,8.983999999999924,20.21600000000012,0,10.0
89,20s,6,123,11.357999999999947,1.8920000000000528,1,10.0
89,20s,6,124,0.4839999999999236,0.0219999999999345,0,10.0
89,20s,6,126,9.389999999999873,20.42800000000011,0,10.0
89,20s,6,127,10.569999999999936,1.5420000000001437,1,10.0
89,20s,6,128,9.7199999999998,20.192000000000007,0,10.0
89,20s,6,129,11.652000000000044,0.1800000000000636,1,10.0
89,20s,6,130,0.0480000000000018,20.180000000000064,0,10.0
89,20s,6,131,11.139999999999873,0.2400000000000091,1,10.0
89,20s,6,132,0.0460000000000491,20.172000000000025,0,10.0
89,20s,6,133,9.827999999999976,20.46199999999999,0,10.0
89,20s,6,134,8.579999999999927,15.922000000000024,0,10.0
89,20s,6,136,2.9440000000001874,20.189999999999827,0,10.0
89,20s,6,137,9.892000000000053,20.448000000000093,0,10.0
89,20s,6,138,11.215999999999894,1.3379999999999654,1,10.0
89,20s,6,139,14.822000000000116,1.38799999999992,1,10.0
89,20s,6,140,14.319999999999936,1.5040000000001328,1,10.0
89,20s,6,141,13.720000000000027,1.8959999999999584,1,10.0
89,20s,6,142,13.533999999999878,2.1620000000000346,1,10.0
89,20s,6,143,13.00200000000018,2.8239999999998417,1,10.0
89,20s,6,144,12.700000000000044,0.0299999999999727,1,10.0
89,20s,6,145,0.3260000000000218,0.0599999999999454,0,10.0
90,20s,1,1,1.577999999999996,0.1260000000000047,0,10.0
90,20s,1,3,11.101999999999997,1.652000000000001,1,10.0
90,20s,1,4,10.079999999999998,2.068000000000012,1,10.0
90,20s,1,5,9.641999999999996,20.423999999999992,0,10.0
90,20s,1,6,9.792000000000002,0.1159999999999996,0,10.0
90,20s,1,8,7.337999999999994,0.0360000000000013,0,10.0
90,20s,1,10,10.363999999999976,1.5120000000000005,1,10.0
90,20s,1,11,9.792000000000002,24.908000000000015,0,10.0
90,20s,1,12,9.714,21.06,0,10.0
90,20s,1,13,9.643999999999975,0.1000000000000227,0,10.0
90,20s,1,15,10.159999999999968,2.0459999999999923,1,10.0
90,20s,1,16,9.458000000000029,29.336000000000013,0,10.0
90,20s,1,17,9.503999999999962,0.1280000000000427,0,10.0
90,20s,1,19,8.479999999999961,22.586000000000013,0,10.0
90,20s,1,20,9.360000000000014,20.84999999999997,0,10.0
90,20s,1,21,8.378000000000043,20.46799999999996,0,10.0
90,20s,1,22,9.352000000000032,25.283999999999992,0,10.0
90,20s,1,23,11.343999999999994,3.1340000000000146,1,10.0
90,20s,1,24,10.81400000000002,1.9279999999999973,1,10.0
90,20s,1,25,13.099999999999907,3.116000000000099,1,10.0
90,20s,1,26,13.261999999999944,2.23599999999999,1,10.0
90,20s,1,27,2.926000000000045,0.0380000000000109,0,10.0
90,20s,1,29,11.768000000000027,0.07000000000005,1,10.0
90,20s,1,30,0.2239999999999327,22.5,0,10.0
90,20s,1,31,9.26400000000001,22.234000000000037,0,10.0
90,20s,1,32,10.285999999999945,2.564000000000078,1,10.0
90,20s,1,33,10.46799999999996,2.2340000000000373,1,10.0
90,20s,1,34,11.05200000000002,1.8479999999999563,1,10.0
90,20s,1,35,10.885999999999967,4.038000000000011,1,10.0
90,20s,1,36,11.29600000000005,3.367999999999938,1,10.0
90,20s,1,37,11.128000000000045,3.545999999999935,1,10.0
90,20s,1,38,9.88600000000008,20.573999999999955,0,10.0
90,20s,1,39,11.97199999999998,0.0960000000000036,1,10.0
90,20s,1,40,0.3160000000000309,20.53800000000001,0,10.0
90,20s,1,41,10.148000000000025,2.0879999999999654,1,10.0
90,20s,1,42,11.111999999999966,1.9480000000000928,1,10.0
90,20s,1,43,11.093999999999935,3.0019999999999527,1,10.0
90,20s,1,44,10.534000000000106,0.1819999999999026,1,10.0
90,20s,1,45,0.1720000000000254,21.572000000000003,0,10.0
90,20s,1,46,13.375999999999976,2.2320000000000846,1,10.0
90,20s,1,47,10.463999999999942,3.04200000000003,1,10.0
90,20s,1,48,11.833999999999946,2.7800000000000864,1,10.0
90,20s,1,49,10.351999999999975,4.8279999999999745,1,10.0
90,20s,1,50,11.317999999999984,0.0460000000000491,1,10.0
90,20s,1,51,0.1779999999999972,24.144000000000005,0,10.0
90,20s,1,52,9.384000000000016,24.765999999999963,0,10.0
90,20s,1,53,12.223999999999933,0.0820000000001073,1,10.0
90,20s,1,54,0.183999999999969,22.299999999999955,0,10.0
90,20s,1,55,9.58400000000006,0.1259999999999763,0,10.0
90,20s,1,57,11.05399999999986,0.1760000000001582,1,10.0
90,20s,1,58,0.0879999999999654,20.42599999999993,0,10.0
90,20s,1,59,0.1780000000001109,23.123999999999796,0,10.0
90,20s,1,60,12.0,2.5,1,10.0
90,20s,1,61,13.672000000000024,3.3420000000000982,1,10.0
90,20s,1,62,12.1400000000001,3.5759999999997945,1,10.0
90,20s,1,63,12.448000000000093,2.731999999999971,1,10.0
90,20s,1,64,12.170000000000073,2.4839999999999236,1,10.0
90,20s,1,65,11.860000000000127,2.259999999999991,1,10.0
90,20s,1,66,9.874000000000024,21.49799999999982,0,10.0
90,20s,1,67,11.75200000000018,2.9299999999998363,1,10.0
90,20s,1,68,10.522000000000162,3.1519999999998163,1,10.0
90,20s,1,69,9.504000000000133,20.374000000000024,0,10.0
90,20s,1,70,2.2999999999999545,0.071999999999889,0,10.0
90,20s,1,72,1.6420000000000528,23.16000000000008,0,10.0
90,20s,1,73,10.495999999999867,2.242000000000189,1,10.0
90,20s,1,74,10.837999999999964,2.8759999999999764,1,10.0
90,20s,1,75,11.225999999999884,3.5820000000001073,1,10.0
90,20s,1,76,11.599999999999907,3.4500000000000455,1,10.0
90,20s,1,77,11.536000000000058,3.1240000000000236,1,10.0
90,20s,1,78,13.05600000000004,2.7619999999999436,1,10.0
90,20s,1,79,10.935999999999922,2.877999999999929,1,10.0
90,20s,1,80,10.264000000000124,2.6140000000000327,1,10.0
90,20s,1,81,11.72199999999998,2.16599999999994,1,10.0
90,20s,1,82,10.711999999999987,3.0699999999999363,1,10.0
90,20s,1,83,12.358000000000176,3.1959999999999127,1,10.0
90,20s,1,84,11.238000000000056,3.4579999999998563,1,10.0
90,20s,1,85,9.940000000000056,0.1000000000001364,0,10.0
90,20s,1,87,10.38799999999992,1.61200000000008,1,10.0
90,20s,1,88,11.230000000000018,2.5979999999999563,1,10.0
90,20s,1,89,11.594000000000053,2.9400000000000546,1,10.0
90,20s,1,90,11.651999999999816,2.7740000000001146,1,10.0
90,20s,1,91,10.059999999999944,2.158000000000129,1,10.0
90,20s,1,92,10.78599999999983,3.6000000000001364,1,10.0
90,20s,1,93,10.086000000000013,0.0480000000000018,1,10.0
90,20s,1,94,0.2139999999999418,21.698000000000093,0,10.0
90,20s,1,95,11.679999999999836,0.1539999999999963,1,10.0
90,20s,1,96,0.1500000000000909,29.642000000000053,0,10.0
90,20s,1,97,10.833999999999833,0.1600000000000818,1,10.0
90,20s,1,98,0.4780000000000655,20.480000000000015,0,10.0
90,20s,1,99,7.695999999999913,0.0979999999999563,0,10.0
90,20s,1,101,11.019999999999982,0.0739999999998417,1,10.0
90,20s,1,102,0.1500000000000909,20.799999999999955,0,10.0
90,20s,1,103,9.942000000000007,0.0480000000000018,0,10.0
90,20s,1,105,10.372000000000073,0.071999999999889,1,10.0
90,20s,1,106,0.2200000000000272,22.21600000000012,0,10.0
90,20s,1,107,11.945999999999913,2.5960000000000036,1,10.0
90,20s,1,108,11.961999999999987,45.559999999999945,1,10.0
90,20s,1,109,10.567999999999984,9.08400000000006,1,10.0
90,20s,1,110,13.577999999999976,3.4020000000000437,1,10.0
90,20s,1,111,12.844000000000053,,1,10.0
90,20s,2,1,8.160000000000004,20.336,0,10.0
90,20s,2,2,0.902000000000001,20.726,0,10.0
90,20s,2,3,10.075999999999992,2.180000000000007,1,10.0
90,20s,2,4,8.475999999999999,21.334000000000003,0,10.0
90,20s,2,5,9.027999999999992,22.069999999999993,0,10.0
90,20s,2,6,10.392000000000024,1.73599999999999,1,10.0
90,20s,2,7,11.22999999999999,2.286000000000002,1,10.0
90,20s,2,8,10.486000000000018,5.869999999999976,1,10.0
90,20s,2,9,11.304000000000002,0.4519999999999982,1,10.0
90,20s,2,10,0.0460000000000206,22.655999999999977,0,10.0
90,20s,2,11,8.544000000000011,0.0339999999999918,0,10.0
90,20s,2,13,9.072000000000005,20.603999999999985,0,10.0
90,20s,2,14,9.506000000000029,0.1719999999999686,0,10.0
90,20s,2,16,9.317999999999984,21.100000000000023,0,10.0
90,20s,2,17,2.3240000000000123,0.1139999999999759,0,10.0
90,20s,2,19,9.948000000000036,20.563999999999965,0,10.0
90,20s,2,20,2.076000000000022,0.1239999999999668,0,10.0
90,20s,2,22,9.163999999999987,21.408000000000015,0,10.0
90,20s,2,23,10.340000000000032,3.67999999999995,1,10.0
90,20s,2,24,11.906000000000006,3.5,1,10.0
90,20s,2,25,11.932000000000016,2.8240000000000123,1,10.0
90,20s,2,26,10.874000000000024,2.2899999999999636,1,10.0
90,20s,2,27,10.494000000000028,2.8740000000000236,1,10.0
90,20s,2,28,10.515999999999964,2.148000000000025,1,10.0
90,20s,2,29,12.00400000000002,2.099999999999909,1,10.0
90,20s,2,30,10.283999999999992,1.7460000000000946,1,10.0
90,20s,2,31,9.569999999999936,20.48599999999999,0,10.0
90,20s,2,32,9.091999999999985,0.1000000000000227,0,10.0
90,20s,2,34,8.204000000000065,20.64199999999994,0,10.0
90,20s,2,35,11.187999999999988,2.6240000000000236,1,10.0
90,20s,2,36,11.786000000000058,1.9239999999999784,1,10.0
90,20s,2,37,11.41199999999992,0.11200000000008,1,10.0
90,20s,2,38,0.1019999999999754,21.812000000000012,0,10.0
90,20s,2,39,11.65199999999993,2.08400000000006,1,10.0
90,20s,2,40,10.45799999999997,2.048000000000002,1,10.0
90,20s,2,41,11.269999999999982,2.538000000000011,1,10.0
90,20s,2,42,10.76400000000001,3.23599999999999,1,10.0
90,20s,2,43,10.984000000000036,2.245999999999981,1,10.0
90,20s,2,44,11.347999999999956,2.58400000000006,1,10.0
90,20s,2,45,11.716000000000008,2.0779999999999745,1,10.0
90,20s,2,46,10.730000000000018,2.5639999999999645,1,10.0
90,20s,2,47,10.742000000000075,1.87399999999991,1,10.0
90,20s,2,48,11.566000000000033,4.145999999999958,1,10.0
90,20s,2,49,11.662000000000036,3.57000000000005,1,10.0
90,20s,2,50,8.956000000000017,20.39599999999996,0,10.0
90,20s,2,51,10.553999999999974,2.0539999999999736,1,10.0
90,20s,2,52,12.462000000000105,2.8719999999999573,1,10.0
90,20s,2,53,11.524,1.9259999999999309,1,10.0
90,20s,2,54,11.476,2.2700000000000955,1,10.0
90,20s,2,55,9.37399999999991,20.37200000000007,0,10.0
90,20s,2,56,2.216000000000008,22.408000000000015,0,10.0
90,20s,2,57,0.1819999999999026,0.0260000000000673,0,10.0
90,20s,2,59,10.614000000000033,2.189999999999827,1,10.0
90,20s,2,60,12.490000000000007,2.1359999999999673,1,10.0
90,20s,2,61,11.060000000000173,2.1599999999998545,1,10.0
90,20s,2,62,10.090000000000146,2.048000000000002,1,10.0
90,20s,2,63,10.19399999999996,2.0239999999998872,1,10.0
90,20s,2,64,12.142000000000053,3.1700000000000728,1,10.0
90,20s,2,65,12.071999999999887,6.413999999999987,1,10.0
90,20s,2,66,10.994000000000142,7.6340000000000146,1,10.0
90,20s,2,67,12.307999999999993,3.015999999999849,1,10.0
90,20s,2,68,11.342000000000098,1.660000000000082,1,10.0
90,20s,2,69,9.339999999999918,21.5,0,10.0
90,20s,2,70,8.993999999999915,0.0420000000001437,0,10.0
90,20s,2,72,8.881999999999834,20.386000000000195,0,10.0
90,20s,2,73,10.096000000000004,2.925999999999931,1,10.0
90,20s,2,74,10.41599999999994,2.397999999999911,1,10.0
90,20s,2,75,12.114000000000033,2.282000000000153,1,10.0
90,20s,2,76,12.283999999999878,2.0420000000001437,1,10.0
90,20s,2,77,11.323999999999842,3.4300000000000637,1,10.0
90,20s,2,78,11.20399999999995,2.673999999999978,1,10.0
90,20s,2,79,11.754000000000133,2.1579999999999018,1,10.0
90,20s,2,80,10.044000000000096,0.1579999999999017,1,10.0
90,20s,2,81,0.0380000000000109,21.92800000000011,0,10.0
90,20s,2,82,12.263999999999896,2.6980000000000928,1,10.0
90,20s,2,83,11.343999999999824,1.788000000000011,1,10.0
90,20s,2,84,9.774000000000116,22.817999999999984,0,10.0
90,20s,2,85,13.884000000000016,1.8599999999999,1,10.0
90,20s,2,86,10.110000000000127,4.569999999999936,1,10.0
90,20s,2,87,12.17599999999993,4.470000000000027,1,10.0
90,20s,2,88,12.19399999999996,4.088000000000193,1,10.0
90,20s,2,89,11.27599999999984,0.0299999999999727,1,10.0
90,20s,2,90,0.1460000000001855,20.317999999999984,0,10.0
90,20s,2,91,12.230000000000018,1.7259999999998854,1,10.0
90,20s,2,92,10.364000000000033,1.8479999999999563,1,10.0
90,20s,2,93,1.438000000000102,0.1419999999998253,0,10.0
90,20s,2,95,13.264000000000124,3.4980000000000473,1,10.0
90,20s,2,96,10.485999999999876,4.186000000000149,1,10.0
90,20s,2,97,11.533999999999878,3.8700000000001182,1,10.0
90,20s,2,98,12.4699999999998,3.3840000000000146,1,10.0
90,20s,2,99,12.368000000000166,2.5219999999999345,1,10.0
90,20s,2,100,11.549999999999956,2.3600000000001273,1,10.0
90,20s,2,101,10.645999999999958,2.1019999999998618,1,10.0
90,20s,2,102,10.764000000000124,3.372000000000071,1,10.0
90,20s,2,103,11.149999999999864,2.0599999999999454,1,10.0
90,20s,2,104,10.43600000000015,0.0579999999999927,1,10.0
90,20s,2,105,0.2759999999998399,28.934000000000196,0,10.0
90,20s,2,106,10.394000000000004,2.599999999999909,1,10.0
90,20s,2,107,9.85200000000009,20.53800000000001,0,10.0
90,20s,2,108,10.987999999999827,,1,10.0
90,20s,3,1,5.2940000000000005,0.0459999999999993,0,10.0
90,20s,3,4,8.459999999999994,0.1360000000000099,0,10.0
90,20s,3,6,12.036,0.039999999999992,1,10.0
90,20s,3,7,0.1780000000000114,20.646,0,10.0
90,20s,3,8,10.397999999999996,0.0639999999999929,1,10.0
90,20s,3,9,0.0440000000000111,1.5480000000000018,0,10.0
90,20s,3,10,12.889999999999986,1.6440000000000057,1,10.0
90,20s,3,11,2.0080000000000098,0.157999999999987,0,10.0
90,20s,3,13,11.687999999999988,0.0620000000000118,1,10.0
90,20s,3,14,0.0279999999999915,1.7959999999999925,0,10.0
90,20s,3,15,11.02000000000001,2.0320000000000107,1,10.0
90,20s,3,16,10.123999999999995,2.328000000000003,1,10.0
90,20s,3,17,9.379999999999995,20.744,0,10.0
90,20s,3,18,10.437999999999988,2.1880000000000166,1,10.0
90,20s,3,19,11.048000000000002,1.9519999999999984,1,10.0
90,20s,3,20,11.22399999999999,4.307999999999993,1,10.0
90,20s,3,21,10.728000000000009,3.6680000000000064,1,10.0
90,20s,3,22,11.024,1.8380000000000225,1,10.0
90,20s,3,23,11.909999999999968,2.2180000000000177,1,10.0
90,20s,3,24,8.45999999999998,20.5,0,10.0
90,20s,3,25,8.506000000000029,0.1139999999999759,0,10.0
90,20s,3,27,8.77800000000002,22.70799999999997,0,10.0
90,20s,3,28,8.638000000000034,23.103999999999985,0,10.0
90,20s,3,29,7.9360000000000355,20.71599999999995,0,10.0
90,20s,3,30,0.3559999999999945,21.04600000000005,0,10.0
90,20s,3,31,9.611999999999966,21.902000000000044,0,10.0
90,20s,3,32,13.449999999999932,1.83400000000006,1,10.0
90,20s,3,33,9.740000000000007,21.855999999999995,0,10.0
90,20s,3,34,10.213999999999942,3.3920000000000528,1,10.0
90,20s,3,35,11.127999999999927,2.216000000000008,1,10.0
90,20s,3,36,11.394000000000004,1.910000000000082,1,10.0
90,20s,3,37,11.549999999999956,3.1399999999999864,1,10.0
90,20s,3,38,11.142000000000053,1.9919999999999616,1,10.0
90,20s,3,39,14.456000000000016,3.323999999999955,1,10.0
90,20s,3,40,11.216000000000008,4.680000000000064,1,10.0
90,20s,3,41,12.149999999999975,7.389999999999986,1,10.0
90,20s,3,42,12.487999999999944,2.6140000000000327,1,10.0
90,20s,3,43,4.786000000000058,21.543999999999983,0,10.0
90,20s,3,44,9.699999999999932,22.03800000000001,0,10.0
90,20s,3,45,10.230000000000018,1.9519999999999984,1,10.0
90,20s,3,46,11.32400000000007,2.2439999999999145,1,10.0
90,20s,3,47,12.162000000000036,0.0779999999999745,1,10.0
90,20s,3,48,0.0380000000000109,0.0679999999999836,0,10.0
90,20s,3,49,0.0240000000000009,21.75,0,10.0
90,20s,3,50,11.680000000000064,1.8519999999999752,1,10.0
90,20s,3,51,10.341999999999985,2.4400000000000546,1,10.0
90,20s,3,52,11.555999999999926,2.0879999999999654,1,10.0
90,20s,3,53,8.684000000000083,22.029999999999973,0,10.0
90,20s,3,54,10.658000000000015,1.937999999999988,1,10.0
90,20s,3,55,11.389999999999986,2.6240000000000236,1,10.0
90,20s,3,56,10.44399999999996,2.522000000000048,1,10.0
90,20s,3,57,2.905999999999949,22.916000000000057,0,10.0
90,20s,3,58,10.555999999999926,2.975999999999999,1,10.0
90,20s,3,59,11.52800000000002,3.8360000000000127,1,10.0
90,20s,3,60,0.9679999999999608,20.326000000000025,0,10.0
90,20s,3,61,10.478000000000064,2.425999999999931,1,10.0
90,20s,3,62,12.413999999999987,1.8800000000001091,1,10.0
90,20s,3,63,11.973999999999933,11.519999999999982,1,10.0
90,20s,3,64,14.784000000000106,1.8419999999998709,1,10.0
90,20s,3,65,10.69399999999996,2.3480000000001837,1,10.0
90,20s,3,66,9.69399999999996,20.49199999999996,0,10.0
90,20s,3,67,9.961999999999987,20.445999999999913,0,10.0
90,20s,3,68,9.19600000000014,20.583999999999833,0,10.0
90,20s,3,69,9.222000000000207,21.389999999999873,0,10.0
90,20s,3,70,8.854000000000042,20.586000000000013,0,10.0
90,20s,3,71,11.240000000000007,1.7059999999999036,1,10.0
90,20s,3,72,10.41800000000012,1.821999999999889,1,10.0
90,20s,3,73,10.026000000000067,1.811999999999898,1,10.0
90,20s,3,74,12.840000000000146,1.7200000000000273,1,10.0
90,20s,3,75,10.505999999999858,1.7940000000000964,1,10.0
90,20s,3,76,10.134000000000016,2.6399999999998727,1,10.0
90,20s,3,77,9.984000000000153,0.0699999999999363,0,10.0
90,20s,3,79,11.405999999999947,3.2100000000000364,1,10.0
90,20s,3,80,12.185999999999922,2.456000000000131,1,10.0
90,20s,3,81,10.233999999999924,2.259999999999991,1,10.0
90,20s,3,82,11.216000000000122,2.405999999999949,1,10.0
90,20s,3,83,8.829999999999927,0.0699999999999363,0,10.0
90,20s,3,85,10.680000000000064,1.6759999999999309,1,10.0
90,20s,3,86,11.228000000000064,2.2359999999998763,1,10.0
90,20s,3,87,11.817999999999984,3.5520000000001346,1,10.0
90,20s,3,88,10.683999999999967,1.9919999999999616,1,10.0
90,20s,3,89,11.791999999999916,2.8659999999999854,1,10.0
90,20s,3,90,10.74200000000019,2.285999999999831,1,10.0
90,20s,3,91,11.788000000000013,3.0820000000001073,1,10.0
90,20s,3,92,11.033999999999878,2.1820000000000164,1,10.0
90,20s,3,93,11.402000000000044,2.2239999999999327,1,10.0
90,20s,3,94,10.80600000000004,3.3279999999999745,1,10.0
90,20s,3,95,8.442000000000007,20.903999999999996,0,10.0
90,20s,3,96,11.014000000000124,1.7980000000000018,1,10.0
90,20s,3,97,10.781999999999924,2.701999999999998,1,10.0
90,20s,3,98,11.442000000000007,2.5340000000001055,1,10.0
90,20s,3,99,10.309999999999944,1.8979999999999109,1,10.0
90,20s,3,100,10.592000000000098,0.0579999999999927,1,10.0
90,20s,3,101,0.1679999999998926,20.402000000000044,0,10.0
90,20s,3,102,11.049999999999956,1.7980000000000018,1,10.0
90,20s,3,103,10.327999999999976,2.2000000000000455,1,10.0
90,20s,3,104,10.432000000000016,2.688000000000102,1,10.0
90,20s,3,105,4.543999999999869,20.327999999999975,0,10.0
90,20s,3,106,2.4120000000000346,20.463999999999945,0,10.0
90,20s,3,107,3.61200000000008,0.0399999999999636,0,10.0
90,20s,3,109,9.874000000000024,0.1539999999999963,0,10.0
90,20s,3,111,10.254000000000133,1.5760000000000218,1,10.0
90,20s,3,112,11.401999999999816,,1,10.0
90,20s,4,1,6.5319999999999965,20.984,0,10.0
90,20s,4,2,8.552,21.132000000000005,0,10.0
90,20s,4,3,6.429999999999993,21.00800000000001,0,10.0
90,20s,4,4,8.265999999999991,20.933999999999997,0,10.0
90,20s,4,5,11.744,0.146000000000015,1,10.0
90,20s,4,6,0.0660000000000025,20.323999999999984,0,10.0
90,20s,4,7,9.72,20.554,0,10.0
90,20s,4,8,9.024,0.0500000000000113,0,10.0
90,20s,4,10,8.626000000000005,0.1099999999999852,0,10.0
90,20s,4,12,9.175999999999988,20.605999999999995,0,10.0
90,20s,4,13,11.49599999999998,1.962000000000046,1,10.0
90,20s,4,14,10.596000000000004,1.6119999999999663,1,10.0
90,20s,4,15,3.0120000000000005,0.0600000000000022,0,10.0
90,20s,4,18,1.0900000000000318,0.0720000000000027,0,10.0
90,20s,4,20,9.55200000000002,30.109999999999957,0,10.0
90,20s,4,21,10.412000000000036,1.863999999999976,1,10.0
90,20s,4,22,10.80200000000002,4.325999999999965,1,10.0
90,20s,4,23,4.55600000000004,0.0419999999999731,0,10.0
90,20s,4,25,11.636000000000024,2.0579999999999927,1,10.0
90,20s,4,26,11.97999999999996,2.122000000000014,1,10.0
90,20s,4,27,11.208000000000029,1.9219999999999688,1,10.0
90,20s,4,28,8.888000000000034,20.545999999999935,0,10.0
90,20s,4,29,10.822000000000005,2.05600000000004,1,10.0
90,20s,4,30,9.95399999999995,22.318000000000097,0,10.0
90,20s,4,31,11.870000000000005,2.159999999999968,1,10.0
90,20s,4,32,12.635999999999967,2.676000000000045,1,10.0
90,20s,4,33,12.839999999999918,2.1660000000000537,1,10.0
90,20s,4,34,11.035999999999945,1.9360000000000357,1,10.0
90,20s,4,35,11.822000000000005,2.08400000000006,1,10.0
90,20s,4,36,9.726,0.0279999999999063,0,10.0
90,20s,4,38,8.247999999999934,20.37600000000009,0,10.0
90,20s,4,39,11.997999999999934,1.9060000000000628,1,10.0
90,20s,4,40,10.45399999999995,1.72199999999998,1,10.0
90,20s,4,41,11.433999999999967,2.328000000000088,1,10.0
90,20s,4,42,10.423999999999978,1.8659999999999857,1,10.0
90,20s,4,43,9.323999999999955,20.662000000000035,0,10.0
90,20s,4,44,9.855999999999996,20.769999999999985,0,10.0
90,20s,4,45,10.79600000000005,1.95799999999997,1,10.0
90,20s,4,46,11.663999999999987,2.0720000000000027,1,10.0
90,20s,4,47,8.800000000000068,20.529999999999973,0,10.0
90,20s,4,48,9.173999999999978,20.370000000000005,0,10.0
90,20s,4,49,11.740000000000007,2.1079999999999472,1,10.0
90,20s,4,50,10.33800000000008,2.0399999999999636,1,10.0
90,20s,4,51,11.087999999999964,2.300000000000068,1,10.0
90,20s,4,52,11.312000000000012,2.6959999999999127,1,10.0
90,20s,4,53,12.336000000000013,2.9440000000000737,1,10.0
90,20s,4,54,11.621999999999955,1.961999999999989,1,10.0
90,20s,4,55,11.83400000000006,2.395999999999958,1,10.0
90,20s,4,56,11.591999999999985,2.1660000000000537,1,10.0
90,20s,4,57,13.271999999999936,2.132000000000062,1,10.0
90,20s,4,58,11.58400000000006,2.0799999999999272,1,10.0
90,20s,4,59,10.917999999999893,5.22199999999998,1,10.0
90,20s,4,60,12.484000000000153,2.269999999999982,1,10.0
90,20s,4,61,13.460000000000036,2.5239999999998872,1,10.0
90,20s,4,62,12.117999999999938,2.188000000000102,1,10.0
90,20s,4,63,10.94399999999996,2.018000000000029,1,10.0
90,20s,4,64,8.38799999999992,0.02800000000002,0,10.0
90,20s,4,66,11.442000000000007,2.9659999999998945,1,10.0
90,20s,4,67,11.776000000000067,1.6019999999998618,1,10.0
90,20s,4,68,11.402000000000044,2.3460000000000036,1,10.0
90,20s,4,69,10.385999999999967,2.5720000000001164,1,10.0
90,20s,4,70,10.811999999999898,3.536000000000058,1,10.0
90,20s,4,71,10.927999999999884,3.30600000000004,1,10.0
90,20s,4,72,11.220000000000027,1.3540000000000418,1,10.0
90,20s,4,73,11.167999999999893,2.3179999999999836,1,10.0
90,20s,4,74,11.466000000000122,1.811999999999898,1,10.0
90,20s,4,75,11.52800000000002,2.5340000000001055,1,10.0
90,20s,4,76,10.649999999999864,22.292000000000144,1,10.0
90,20s,4,77,5.645999999999958,20.417999999999893,0,10.0
90,20s,4,78,8.704000000000178,21.73799999999983,0,10.0
90,20s,4,79,10.216000000000122,1.8979999999999109,1,10.0
90,20s,4,80,9.784000000000106,20.346000000000004,0,10.0
90,20s,4,81,13.057999999999993,1.6159999999999854,1,10.0
90,20s,4,82,10.461999999999987,2.099999999999909,1,10.0
90,20s,4,83,10.532000000000153,3.9139999999999873,1,10.0
90,20s,4,84,11.759999999999993,2.377999999999929,1,10.0
90,20s,4,85,10.291999999999916,2.660000000000082,1,10.0
90,20s,4,86,11.162000000000036,2.94399999999996,1,10.0
90,20s,4,87,11.19600000000014,2.2779999999997926,1,10.0
90,20s,4,88,12.976000000000113,2.509999999999991,1,10.0
90,20s,4,89,11.372000000000073,1.7539999999999054,1,10.0
90,20s,4,90,11.304000000000087,2.3759999999999764,1,10.0
90,20s,4,91,11.95399999999995,3.1800000000000637,1,10.0
90,20s,4,92,11.891999999999824,4.048000000000002,1,10.0
90,20s,4,93,12.072000000000116,2.0239999999998872,1,10.0
90,20s,4,94,11.1400000000001,1.91800000000012,1,10.0
90,20s,4,95,11.861999999999853,5.870000000000118,1,10.0
90,20s,4,96,10.583999999999833,1.7699999999999818,1,10.0
90,20s,4,97,14.016000000000076,2.9939999999999145,1,10.0
90,20s,4,98,8.688000000000102,0.0319999999999254,0,10.0
90,20s,4,100,13.566000000000033,1.5499999999999543,1,10.0
90,20s,4,101,8.690000000000055,20.445999999999913,0,10.0
90,20s,4,102,11.916000000000167,1.7079999999998563,1,10.0
90,20s,4,103,12.481999999999973,2.9240000000002055,1,10.0
90,20s,4,104,13.36999999999989,2.0039999999999054,1,10.0
90,20s,4,105,13.148000000000138,2.1019999999998618,1,10.0
90,20s,4,106,11.132000000000062,2.8299999999999272,1,10.0
90,20s,4,107,13.96400000000017,2.9079999999999018,1,10.0
90,20s,4,108,12.456000000000133,4.013999999999896,1,10.0
90,20s,4,109,13.8900000000001,,1,10.0
90,20s,5,1,9.310000000000002,20.628,0,10.0
90,20s,5,2,13.018,1.7219999999999942,1,10.0
90,20s,5,3,12.647999999999996,2.152000000000001,1,10.0
90,20s,5,4,11.734000000000009,2.0180000000000007,1,10.0
90,20s,5,5,12.836,1.8100000000000025,1,10.0
90,20s,5,6,11.341999999999985,1.210000000000008,1,10.0
90,20s,5,7,12.216000000000008,1.461999999999989,1,10.0
90,20s,5,8,12.896000000000017,2.0859999999999843,1,10.0
90,20s,5,9,12.756,0.0300000000000011,1,10.0
90,20s,5,10,0.563999999999993,0.0420000000000015,0,10.0
90,20s,5,12,7.961999999999989,21.838000000000022,0,10.0
90,20s,5,13,8.183999999999997,20.40600000000001,0,10.0
90,20s,5,14,10.543999999999984,1.3840000000000146,1,10.0
90,20s,5,15,14.062000000000012,2.0319999999999823,1,10.0
90,20s,5,16,10.617999999999997,1.4839999999999804,1,10.0
90,20s,5,17,8.212000000000046,20.879999999999995,0,10.0
90,20s,5,18,10.593999999999994,1.8519999999999752,1,10.0
90,20s,5,19,12.021999999999991,1.698000000000036,1,10.0
90,20s,5,20,10.22399999999999,1.9519999999999984,1,10.0
90,20s,5,21,9.132000000000003,21.673999999999975,0,10.0
90,20s,5,22,11.488,1.7900000000000205,1,10.0
90,20s,5,23,9.944000000000017,20.389999999999983,0,10.0
90,20s,5,24,2.0260000000000105,0.1139999999999759,0,10.0
90,20s,5,26,9.125999999999976,20.602000000000032,0,10.0
90,20s,5,27,12.015999999999964,1.966000000000008,1,10.0
90,20s,5,28,9.084000000000003,21.807999999999993,0,10.0
90,20s,5,29,9.388000000000034,20.723999999999933,0,10.0
90,20s,5,30,9.166000000000054,20.476,0,10.0
90,20s,5,31,8.69399999999996,20.658000000000015,0,10.0
90,20s,5,32,9.656000000000065,20.431999999999903,0,10.0
90,20s,5,33,9.1400000000001,0.0339999999999918,0,10.0
90,20s,5,35,9.230000000000018,21.440000000000055,0,10.0
90,20s,5,36,4.168000000000006,20.562000000000012,0,10.0
90,20s,5,37,8.331999999999994,20.635999999999967,0,10.0
90,20s,5,38,10.063999999999965,1.7160000000000082,1,10.0
90,20s,5,39,7.6299999999999955,20.346000000000004,0,10.0
90,20s,5,40,11.244000000000028,1.9840000000000373,1,10.0
90,20s,5,41,12.465999999999894,2.122000000000071,1,10.0
90,20s,5,42,9.244000000000028,21.421999999999912,0,10.0
90,20s,5,43,13.550000000000068,1.6259999999999764,1,10.0
90,20s,5,44,10.716000000000008,2.477999999999952,1,10.0
90,20s,5,45,10.29600000000005,0.0439999999999827,1,10.0
90,20s,5,46,0.0679999999999836,1.7480000000000473,0,10.0
90,20s,5,47,11.244000000000028,2.169999999999959,1,10.0
90,20s,5,48,12.798000000000002,2.795999999999935,1,10.0
90,20s,5,49,11.340000000000032,2.0779999999999745,1,10.0
90,20s,5,50,12.412000000000036,3.3920000000000528,1,10.0
90,20s,5,51,12.779999999999973,2.9180000000000064,1,10.0
90,20s,5,52,11.47199999999998,2.169999999999959,1,10.0
90,20s,5,53,10.594000000000053,3.3360000000000127,1,10.0
90,20s,5,54,9.327999999999976,21.667999999999893,0,10.0
90,20s,5,55,11.454000000000178,2.2619999999999436,1,10.0
90,20s,5,56,9.632000000000062,22.30399999999986,0,10.0
90,20s,5,57,9.567999999999984,20.53800000000001,0,10.0
90,20s,5,58,11.900000000000093,2.1440000000000055,1,10.0
90,20s,5,59,9.950000000000044,20.63199999999983,0,10.0
90,20s,5,60,12.322000000000116,2.0219999999999345,1,10.0
90,20s,5,61,14.576000000000022,3.019999999999982,1,10.0
90,20s,5,62,10.682000000000016,2.104000000000042,1,10.0
90,20s,5,63,9.741999999999962,21.02800000000002,0,10.0
90,20s,5,64,12.092000000000098,1.990000000000009,1,10.0
90,20s,5,65,11.59199999999987,1.9780000000000657,1,10.0
90,20s,5,66,11.967999999999847,1.9440000000001871,1,10.0
90,20s,5,67,11.220000000000027,1.9639999999999416,1,10.0
90,20s,5,68,9.801999999999907,20.48199999999997,0,10.0
90,20s,5,69,11.358000000000176,1.8739999999997965,1,10.0
90,20s,5,70,12.070000000000164,1.8599999999999,1,10.0
90,20s,5,71,11.021999999999936,2.754000000000133,1,10.0
90,20s,5,72,9.988000000000056,20.423999999999975,0,10.0
90,20s,5,73,12.059999999999944,2.0519999999999072,1,10.0
90,20s,5,74,11.422000000000024,2.1000000000001364,1,10.0
90,20s,5,75,10.401999999999816,2.3880000000001473,1,10.0
90,20s,5,76,10.879999999999882,2.0620000000001255,1,10.0
90,20s,5,77,10.361999999999853,0.0500000000001819,1,10.0
90,20s,5,78,0.1079999999999472,20.5,0,10.0
90,20s,5,79,10.649999999999864,1.5800000000001546,1,10.0
90,20s,5,80,11.521999999999936,1.6859999999999218,1,10.0
90,20s,5,81,10.83400000000006,2.5440000000000964,1,10.0
90,20s,5,82,8.717999999999847,22.548,0,10.0
90,20s,5,83,8.198000000000093,20.50999999999999,0,10.0
90,20s,5,84,11.384000000000016,2.074000000000069,1,10.0
90,20s,5,85,12.42599999999993,2.02800000000002,1,10.0
90,20s,5,86,10.36999999999989,1.910000000000082,1,10.0
90,20s,5,87,11.289999999999964,6.316000000000031,1,10.0
90,20s,5,88,11.617999999999938,2.0900000000001455,1,10.0
90,20s,5,89,10.635999999999967,2.8920000000000528,1,10.0
90,20s,5,90,11.107999999999947,4.998000000000047,1,10.0
90,20s,5,91,11.432000000000016,2.1799999999998363,1,10.0
90,20s,5,92,12.710000000000036,3.9500000000000455,1,10.0
90,20s,5,93,11.723999999999933,3.2360000000001037,1,10.0
90,20s,5,94,11.741999999999962,1.7999999999999543,1,10.0
90,20s,5,95,11.483999999999924,2.816000000000031,1,10.0
90,20s,5,96,12.148000000000138,2.41599999999994,1,10.0
90,20s,5,97,12.743999999999916,1.990000000000009,1,10.0
90,20s,5,98,11.792000000000144,2.321999999999889,1,10.0
90,20s,5,99,10.794000000000096,2.1520000000000437,1,10.0
90,20s,5,100,11.561999999999898,2.0219999999999345,1,10.0
90,20s,5,101,13.004000000000133,2.1299999999998818,1,10.0
90,20s,5,102,12.529999999999973,2.1000000000001364,1,10.0
90,20s,5,103,12.467999999999847,3.9200000000000728,1,10.0
90,20s,5,104,11.347999999999956,,1,10.0
90,20s,6,1,6.966000000000001,22.427999999999997,0,10.0
90,20s,6,2,8.659999999999997,20.53400000000001,0,10.0
90,20s,6,3,10.206000000000005,0.0919999999999987,1,10.0
90,20s,6,4,0.1299999999999954,20.65000000000001,0,10.0
90,20s,6,5,1.617999999999995,0.0379999999999967,0,10.0
90,20s,6,7,3.0759999999999934,20.69399999999999,0,10.0
90,20s,6,8,7.2660000000000196,20.403999999999996,0,10.0
90,20s,6,9,9.138000000000003,0.0359999999999729,0,10.0
90,20s,6,11,10.48999999999998,1.9080000000000157,1,10.0
90,20s,6,12,9.97399999999999,20.446,0,10.0
90,20s,6,13,10.470000000000027,1.725999999999999,1,10.0
90,20s,6,14,10.701999999999998,1.7899999999999636,1,10.0
90,20s,6,15,11.066000000000033,1.5279999999999632,1,10.0
90,20s,6,16,9.446000000000026,21.694000000000017,0,10.0
90,20s,6,17,9.536,20.81,0,10.0
90,20s,6,18,12.103999999999983,1.329999999999984,1,10.0
90,20s,6,19,9.711999999999987,0.1280000000000427,0,10.0
90,20s,6,21,11.269999999999982,1.782000000000039,1,10.0
90,20s,6,22,9.063999999999965,20.876000000000033,0,10.0
90,20s,6,23,11.45999999999998,0.0439999999999827,1,10.0
90,20s,6,24,0.1640000000000441,20.527999999999963,0,10.0
90,20s,6,25,8.912000000000035,20.38399999999996,0,10.0
90,20s,6,26,0.7019999999999982,20.74000000000001,0,10.0
90,20s,6,27,10.31000000000006,2.825999999999908,1,10.0
90,20s,6,28,0.4160000000000536,0.0359999999999445,0,10.0
90,20s,6,30,0.1479999999999108,20.374000000000024,0,10.0
90,20s,6,31,9.19399999999996,0.0380000000000109,0,10.0
90,20s,6,33,10.74599999999998,2.1140000000000327,1,10.0
90,20s,6,34,12.02800000000002,2.5319999999999254,1,10.0
90,20s,6,35,10.746000000000096,1.9039999999999964,1,10.0
90,20s,6,36,12.065999999999915,3.07000000000005,1,10.0
90,20s,6,37,10.668000000000006,0.0359999999999445,1,10.0
90,20s,6,38,0.1779999999999972,20.3420000000001,0,10.0
90,20s,6,39,9.67599999999993,20.519999999999985,0,10.0
90,20s,6,40,8.62600000000009,20.503999999999905,0,10.0
90,20s,6,41,11.590000000000032,1.6879999999999882,1,10.0
90,20s,6,42,10.718000000000076,1.7019999999999982,1,10.0
90,20s,6,43,11.41199999999992,1.636000000000081,1,10.0
90,20s,6,44,9.46799999999996,0.1580000000000154,0,10.0
90,20s,6,46,11.138000000000034,1.5659999999999172,1,10.0
90,20s,6,47,11.460000000000036,0.1000000000000227,1,10.0
90,20s,6,48,0.1399999999999863,21.398000000000025,0,10.0
90,20s,6,49,11.115999999999984,1.7419999999999618,1,10.0
90,20s,6,50,12.0,1.5260000000000673,1,10.0
90,20s,6,51,11.521999999999936,1.76400000000001,1,10.0
90,20s,6,52,13.210000000000036,1.8559999999999943,1,10.0
90,20s,6,53,11.048000000000002,1.82000000000005,1,10.0
90,20s,6,54,10.941999999999894,1.6920000000000073,1,10.0
90,20s,6,55,10.622000000000073,2.3719999999999573,1,10.0
90,20s,6,56,9.344000000000053,0.0319999999999254,0,10.0
90,20s,6,58,12.048000000000002,1.6620000000000346,1,10.0
90,20s,6,59,10.361999999999966,1.6720000000000257,1,10.0
90,20s,6,60,11.769999999999982,2.377999999999929,1,10.0
90,20s,6,61,10.43600000000015,2.19399999999996,1,10.0
90,20s,6,62,8.993999999999915,20.365999999999985,0,10.0
90,20s,6,63,11.458000000000084,1.6159999999999854,1,10.0
90,20s,6,64,9.614000000000033,20.307999999999993,0,10.0
90,20s,6,65,12.660000000000082,1.5939999999998236,1,10.0
90,20s,6,66,8.61200000000008,20.615999999999985,0,10.0
90,20s,6,67,10.412000000000036,1.7819999999999254,1,10.0
90,20s,6,68,1.77800000000002,0.0360000000000582,0,10.0
90,20s,6,70,10.961999999999987,2.244000000000142,1,10.0
90,20s,6,71,10.16599999999994,1.9259999999999309,1,10.0
90,20s,6,72,10.970000000000027,2.463999999999942,1,10.0
90,20s,6,73,11.700000000000044,2.009999999999991,1,10.0
90,20s,6,74,10.837999999999964,1.956000000000131,1,10.0
90,20s,6,75,11.515999999999847,1.8759999999999764,1,10.0
90,20s,6,76,10.162000000000036,2.382000000000062,1,10.0
90,20s,6,77,10.615999999999984,2.1620000000000346,1,10.0
90,20s,6,78,11.385999999999967,1.8679999999999384,1,10.0
90,20s,6,79,10.798000000000002,1.8940000000000057,1,10.0
90,20s,6,80,11.201999999999998,2.4139999999999873,1,10.0
90,20s,6,81,11.02800000000002,1.844000000000051,1,10.0
90,20s,6,82,11.998000000000047,1.7539999999999054,1,10.0
90,20s,6,83,12.148000000000138,2.5939999999998236,1,10.0
90,20s,6,84,10.114000000000033,3.673999999999978,1,10.0
90,20s,6,85,11.618000000000166,2.4299999999998363,1,10.0
90,20s,6,86,9.762000000000173,21.745999999999867,0,10.0
90,20s,6,87,11.337999999999964,1.7699999999999818,1,10.0
90,20s,6,88,13.628000000000156,1.7439999999999145,1,10.0
90,20s,6,89,11.938000000000102,1.737999999999829,1,10.0
90,20s,6,90,10.820000000000164,2.2519999999999527,1,10.0
90,20s,6,91,10.355999999999996,2.1240000000000236,1,10.0
90,20s,6,92,11.511999999999944,6.102000000000089,1,10.0
90,20s,6,93,10.875999999999976,1.4919999999999618,1,10.0
90,20s,6,94,11.251999999999953,2.7380000000000564,1,10.0
90,20s,6,95,12.655999999999947,2.5340000000001055,1,10.0
90,20s,6,96,12.073999999999842,2.816000000000031,1,10.0
90,20s,6,97,12.272000000000162,1.667999999999893,1,10.0
90,20s,6,98,11.730000000000018,1.5679999999999836,1,10.0
90,20s,6,99,11.554000000000087,2.758000000000038,1,10.0
90,20s,6,100,10.789999999999964,3.019999999999982,1,10.0
90,20s,6,101,12.39799999999991,5.8840000000000146,1,10.0
90,20s,6,102,10.826000000000022,1.627999999999929,1,10.0
90,20s,6,103,12.458000000000084,2.481999999999971,1,10.0
90,20s,6,104,10.576000000000022,0.1220000000000709,1,10.0
90,20s,6,105,0.2359999999998763,21.40000000000009,0,10.0
90,20s,6,106,8.405999999999949,0.1720000000000254,0,10.0
90,20s,6,108,11.91599999999994,2.464000000000169,1,10.0
90,20s,6,109,10.251999999999953,,1,10.0
92,20s,1,1,5.9879999999999995,22.396,0,10.0
92,20s,1,2,8.254000000000005,25.27199999999999,0,10.0
92,20s,1,3,5.706000000000003,26.173999999999992,0,10.0
92,20s,1,4,7.921999999999997,0.1740000000000066,0,10.0
92,20s,1,6,5.986000000000018,0.1839999999999975,0,10.0
92,20s,1,8,6.834000000000003,0.1280000000000143,0,10.0
92,20s,1,10,0.1800000000000068,24.21799999999999,0,10.0
92,20s,1,11,4.2520000000000095,0.0960000000000036,0,10.0
92,20s,1,13,5.951999999999998,0.0339999999999918,0,10.0
92,20s,1,15,7.977999999999952,0.0680000000000404,0,10.0
92,20s,1,17,8.557999999999993,0.0579999999999927,0,10.0
92,20s,1,19,10.28200000000004,0.0539999999999736,1,10.0
92,20s,1,20,0.2880000000000109,20.677999999999997,0,10.0
92,20s,1,21,9.442000000000007,0.1639999999999872,0,10.0
92,20s,1,23,10.156000000000006,0.0500000000000113,1,10.0
92,20s,1,24,0.5499999999999545,21.466000000000008,0,10.0
92,20s,1,25,8.838000000000022,0.1359999999999672,0,10.0
92,20s,1,27,5.4839999999999804,0.1519999999999868,0,10.0
92,20s,1,29,8.001999999999953,0.1340000000000145,0,10.0
92,20s,1,31,8.491999999999962,0.0520000000000209,0,10.0
92,20s,1,33,8.937999999999988,0.0639999999999645,0,10.0
92,20s,1,35,10.274,0.0879999999999654,1,10.0
92,20s,1,36,0.3160000000000309,20.49199999999996,0,10.0
92,20s,1,37,12.24599999999998,0.0739999999999554,1,10.0
92,20s,1,38,0.1840000000000827,20.49599999999998,0,10.0
92,20s,1,39,6.52800000000002,0.0819999999999936,0,10.0
92,20s,1,41,9.063999999999965,0.0660000000000309,0,10.0
92,20s,1,43,10.024,0.0480000000000018,1,10.0
92,20s,1,44,0.7980000000000018,20.416000000000057,0,10.0
92,20s,1,45,9.497999999999934,0.0520000000000209,0,10.0
92,20s,1,47,12.260000000000105,0.0919999999999845,1,10.0
92,20s,1,48,0.099999999999909,22.87200000000007,0,10.0
92,20s,1,49,6.432000000000016,0.0439999999999827,0,10.0
92,20s,1,51,9.710000000000036,20.576000000000025,0,10.0
92,20s,1,52,7.945999999999913,0.1140000000000327,0,10.0
92,20s,1,54,11.340000000000032,0.0439999999999827,1,10.0
92,20s,1,55,0.6140000000000327,20.66599999999994,0,10.0
92,20s,1,56,10.460000000000036,0.1080000000000609,1,10.0
92,20s,1,57,0.0919999999999845,20.831999999999994,0,10.0
92,20s,1,58,8.216000000000008,21.09999999999991,0,10.0
92,20s,1,59,8.677999999999997,0.1480000000000245,0,10.0
92,20s,1,61,7.567999999999984,0.0779999999999745,0,10.0
92,20s,1,63,8.533999999999878,0.1280000000001564,0,10.0
92,20s,1,65,7.361999999999853,0.0779999999999745,0,10.0
92,20s,1,67,9.173999999999978,0.1140000000000327,0,10.0
92,20s,1,69,10.009999999999993,0.0480000000000018,1,10.0
92,20s,1,70,0.1779999999998835,22.014000000000124,0,10.0
92,20s,1,71,9.846000000000004,0.1459999999999581,0,10.0
92,20s,1,73,9.253999999999904,0.1099999999998999,0,10.0
92,20s,1,75,11.051999999999907,0.0320000000001527,1,10.0
92,20s,1,76,0.183999999999969,20.692000000000007,0,10.0
92,20s,1,77,10.107999999999947,0.1320000000000618,1,10.0
92,20s,1,78,0.1240000000000236,20.457999999999856,0,10.0
92,20s,1,79,0.0320000000001527,0.0879999999999654,0,10.0
92,20s,1,81,9.725999999999884,0.05600000000004,0,10.0
92,20s,1,83,10.844000000000053,0.1039999999998144,1,10.0
92,20s,1,84,0.7720000000001619,20.465999999999894,0,10.0
92,20s,1,85,11.072000000000116,0.0480000000000018,1,10.0
92,20s,1,86,0.2539999999999054,20.539999999999964,0,10.0
92,20s,1,87,12.3900000000001,0.515999999999849,1,10.0
92,20s,1,88,0.0760000000000218,0.1059999999999945,0,10.0
92,20s,1,90,7.495999999999867,0.1420000000000527,0,10.0
92,20s,1,92,8.494000000000142,0.1459999999999581,0,10.0
92,20s,1,94,7.289999999999964,0.1340000000000145,0,10.0
92,20s,1,96,8.985999999999876,0.0880000000001928,0,10.0
92,20s,1,98,8.980000000000018,0.1759999999999308,0,10.0
92,20s,1,100,10.771999999999936,0.0860000000000127,1,10.0
92,20s,1,101,0.1220000000000709,20.970000000000027,0,10.0
92,20s,1,102,10.305999999999813,0.1340000000000145,1,10.0
92,20s,1,103,0.2300000000000182,20.634000000000015,0,10.0
92,20s,1,104,9.981999999999973,22.608000000000175,0,10.0
92,20s,1,105,7.937999999999875,0.127999999999929,0,10.0
92,20s,1,107,9.167999999999893,0.1359999999999672,0,10.0
92,20s,1,109,10.259999999999993,0.0520000000001346,1,10.0
92,20s,1,110,0.6219999999998436,20.610000000000127,0,10.0
92,20s,1,111,9.02800000000002,0.0579999999999927,0,10.0
92,20s,1,114,10.259999999999993,1.566000000000031,1,10.0
92,20s,1,115,9.087999999999964,21.307999999999993,0,10.0
92,20s,1,116,10.13000000000011,0.1119999999998526,1,10.0
92,20s,1,117,0.7980000000000018,20.913999999999987,0,10.0
92,20s,1,118,13.410000000000082,0.05600000000004,1,10.0
92,20s,1,119,0.1579999999999017,20.48400000000015,0,10.0
92,20s,1,120,8.269999999999982,21.273999999999887,0,10.0
92,20s,1,121,10.153999999999996,0.3600000000001273,1,10.0
92,20s,1,122,0.3559999999999945,20.773999999999887,0,10.0
92,20s,1,123,9.398000000000138,0.1379999999999199,0,10.0
92,20s,1,125,10.228000000000064,0.2599999999999909,1,10.0
92,20s,1,126,0.6800000000000637,21.06600000000003,0,10.0
92,20s,1,127,10.076000000000022,0.0819999999998799,1,10.0
92,20s,1,128,0.0979999999999563,0.1019999999998617,0,10.0
92,20s,1,130,0.4400000000000545,0.0619999999998981,0,10.0
92,20s,1,132,12.53399999999965,0.05600000000004,1,10.0
92,20s,1,133,0.5080000000002656,21.51800000000003,0,10.0
92,20s,1,134,9.501999999999953,0.1239999999997962,0,10.0
92,20s,1,136,15.759999999999764,0.2699999999999818,1,10.0
92,20s,1,137,0.4600000000000364,21.672000000000025,0,10.0
92,20s,1,138,8.518000000000029,0.0540000000000873,0,10.0
92,20s,1,140,7.730000000000018,20.777999999999793,0,10.0
92,20s,1,141,7.226000000000113,0.1480000000001382,0,10.0
92,20s,1,143,11.927999999999884,,1,10.0
92,20s,2,1,0.152000000000001,0.0479999999999982,0,10.0
92,20s,2,3,6.219999999999999,22.374,0,10.0
92,20s,2,4,9.028000000000006,20.97999999999999,0,10.0
92,20s,2,5,6.094000000000008,0.1199999999999903,0,10.0
92,20s,2,7,7.374000000000024,21.18599999999998,0,10.0
92,20s,2,8,11.195999999999998,0.3980000000000245,1,10.0
92,20s,2,9,0.2620000000000004,20.557999999999993,0,10.0
92,20s,2,10,9.388000000000003,20.49799999999999,0,10.0
92,20s,2,11,7.722000000000008,0.1379999999999768,0,10.0
92,20s,2,13,9.74599999999998,22.18599999999998,0,10.0
92,20s,2,14,7.616000000000042,0.1139999999999759,0,10.0
92,20s,2,16,10.505999999999972,0.0579999999999927,1,10.0
92,20s,2,17,0.5740000000000123,20.744000000000028,0,10.0
92,20s,2,18,8.925999999999988,0.1119999999999663,0,10.0
92,20s,2,20,8.551999999999964,20.976,0,10.0
92,20s,2,21,8.870000000000005,20.862000000000023,0,10.0
92,20s,2,22,9.21999999999997,21.50200000000001,0,10.0
92,20s,2,23,9.605999999999996,22.912000000000035,0,10.0
92,20s,2,24,9.769999999999982,0.1239999999999668,0,10.0
92,20s,2,26,9.966000000000008,0.0439999999999827,0,10.0
92,20s,2,28,15.668000000000006,0.1299999999999954,1,10.0
92,20s,2,29,0.0739999999999554,0.1180000000000518,0,10.0
92,20s,2,31,11.005999999999972,0.0600000000000591,1,10.0
92,20s,2,32,0.6159999999999854,23.53200000000004,0,10.0
92,20s,2,33,12.427999999999995,0.1480000000000245,1,10.0
92,20s,2,34,0.1159999999999854,20.493999999999915,0,10.0
92,20s,2,35,10.879999999999995,0.08400000000006,1,10.0
92,20s,2,36,0.1760000000000445,0.1039999999999281,0,10.0
92,20s,2,38,8.657999999999902,20.724000000000046,0,10.0
92,20s,2,39,8.966000000000008,20.480000000000015,0,10.0
92,20s,2,40,9.371999999999955,21.452,0,10.0
92,20s,2,41,9.509999999999993,20.610000000000017,0,10.0
92,20s,2,42,10.122000000000073,2.075999999999908,1,10.0
92,20s,2,43,6.98599999999999,0.0540000000000873,0,10.0
92,20s,2,46,8.666000000000054,0.0979999999999563,0,10.0
92,20s,2,48,8.998000000000047,21.331999999999994,0,10.0
92,20s,2,49,8.783999999999992,0.1259999999999763,0,10.0
92,20s,2,51,10.091999999999985,2.1920000000000073,1,10.0
92,20s,2,52,9.144000000000004,0.0739999999999554,0,10.0
92,20s,2,54,6.961999999999989,0.1440000000000054,0,10.0
92,20s,2,56,9.648000000000025,20.663999999999987,0,10.0
92,20s,2,57,8.940000000000055,20.720000000000027,0,10.0
92,20s,2,58,7.317999999999984,20.64599999999996,0,10.0
92,20s,2,59,9.067999999999984,20.798,0,10.0
92,20s,2,60,8.097999999999956,20.761999999999944,0,10.0
92,20s,2,61,8.980000000000018,0.1179999999999381,0,10.0
92,20s,2,63,11.54600000000005,3.326000000000022,1,10.0
92,20s,2,64,9.551999999999907,0.0520000000001346,0,10.0
92,20s,2,66,10.114000000000033,3.063999999999851,1,10.0
92,20s,2,67,8.0,20.656000000000176,0,10.0
92,20s,2,68,9.0,21.67599999999993,0,10.0
92,20s,2,69,9.347999999999956,20.455999999999904,0,10.0
92,20s,2,70,0.1660000000001673,21.207999999999856,0,10.0
92,20s,2,71,8.238000000000056,20.460000000000036,0,10.0
92,20s,2,72,0.0440000000000964,0.1299999999998817,0,10.0
92,20s,2,74,10.142000000000053,2.2920000000001437,1,10.0
92,20s,2,75,8.645999999999958,20.39599999999996,0,10.0
92,20s,2,76,10.412000000000036,2.117999999999938,1,10.0
92,20s,2,77,9.311999999999898,20.298,0,10.0
92,20s,2,78,10.236000000000104,1.9220000000000257,1,10.0
92,20s,2,79,7.201999999999998,20.501999999999953,0,10.0
92,20s,2,80,8.403999999999996,20.526000000000067,0,10.0
92,20s,2,81,8.733999999999924,20.66800000000012,0,10.0
92,20s,2,82,9.99799999999982,21.438000000000105,0,10.0
92,20s,2,83,7.720000000000027,0.0679999999999836,0,10.0
92,20s,2,85,10.652000000000044,0.0900000000001455,1,10.0
92,20s,2,86,0.2539999999999054,20.54600000000005,0,10.0
92,20s,2,87,9.67599999999993,20.46199999999999,0,10.0
92,20s,2,88,8.478000000000065,0.1059999999999945,0,10.0
92,20s,2,90,8.809999999999945,0.1399999999998726,0,10.0
92,20s,2,92,11.534000000000106,1.5079999999998108,1,10.0
92,20s,2,93,8.896000000000186,20.473999999999933,0,10.0
92,20s,2,94,11.321999999999887,0.0660000000000309,1,10.0
92,20s,2,95,0.1080000000001746,20.373999999999796,0,10.0
92,20s,2,96,9.940000000000056,20.836000000000013,0,10.0
92,20s,2,97,8.913999999999987,20.388000000000147,0,10.0
92,20s,2,98,8.16599999999994,20.548,0,10.0
92,20s,2,99,9.041999999999916,20.43599999999992,0,10.0
92,20s,2,100,8.504000000000133,20.38799999999992,0,10.0
92,20s,2,101,8.596000000000004,20.40800000000013,0,10.0
92,20s,2,102,8.781999999999925,0.0619999999998981,0,10.0
92,20s,2,104,14.483999999999924,2.1660000000001673,1,10.0
92,20s,2,105,9.788000000000013,20.382000000000065,0,10.0
92,20s,2,106,8.399999999999636,20.48199999999997,0,10.0
92,20s,2,107,8.794000000000324,0.1179999999999381,0,10.0
92,20s,2,109,12.115999999999984,0.5419999999999163,1,10.0
92,20s,2,110,0.3240000000000691,20.509999999999764,0,10.0
92,20s,2,111,11.010000000000218,0.1459999999997308,1,10.0
92,20s,2,112,0.0920000000000982,20.412000000000265,0,10.0
92,20s,2,113,11.835999999999784,0.0900000000001455,1,10.0
92,20s,2,114,0.1639999999997599,20.498000000000047,0,10.0
92,20s,2,115,11.262000000000173,2.099999999999909,1,10.0
92,20s,2,116,10.68600000000015,0.5299999999997453,1,10.0
92,20s,2,117,0.4200000000000727,21.18000000000029,0,10.0
92,20s,2,118,7.949999999999818,20.51200000000017,0,10.0
92,20s,2,119,8.817999999999756,20.307999999999993,0,10.0
92,20s,2,120,8.470000000000255,0.1019999999998617,0,10.0
92,20s,2,122,10.206000000000133,0.3600000000001273,1,10.0
92,20s,2,123,0.6059999999997672,20.494000000000145,0,10.0
92,20s,2,124,0.1820000000002437,0.0699999999997089,0,10.0
92,20s,3,1,0.8260000000000005,0.2000000000000028,0,10.0
92,20s,3,3,8.018,20.458,0,10.0
92,20s,3,4,6.436000000000007,0.0579999999999927,0,10.0
92,20s,3,6,6.2520000000000095,0.0720000000000027,0,10.0
92,20s,3,8,9.105999999999996,21.903999999999996,0,10.0
92,20s,3,9,7.665999999999997,20.421999999999997,0,10.0
92,20s,3,10,8.544000000000011,0.157999999999987,0,10.0
92,20s,3,12,10.598000000000011,2.2179999999999893,1,10.0
92,20s,3,13,8.352000000000004,0.0600000000000022,0,10.0
92,20s,3,16,10.074000000000012,2.7239999999999895,1,10.0
92,20s,3,17,6.6580000000000155,21.612000000000023,0,10.0
92,20s,3,18,10.893999999999949,0.0600000000000022,1,10.0
92,20s,3,19,0.9360000000000356,20.420000000000016,0,10.0
92,20s,3,20,9.299999999999956,0.0699999999999931,0,10.0
92,20s,3,22,10.913999999999987,0.3979999999999677,1,10.0
92,20s,3,23,0.6860000000000355,20.452,0,10.0
92,20s,3,24,9.329999999999984,20.403999999999996,0,10.0
92,20s,3,25,0.117999999999995,0.0559999999999831,0,10.0
92,20s,3,27,9.328000000000031,20.47399999999999,0,10.0
92,20s,3,28,11.718000000000018,1.9780000000000089,1,10.0
92,20s,3,29,9.120000000000005,20.44799999999992,0,10.0
92,20s,3,30,9.844000000000053,20.484000000000037,0,10.0
92,20s,3,31,9.171999999999912,20.406000000000063,0,10.0
92,20s,3,32,10.55600000000004,0.47199999999998,1,10.0
92,20s,3,33,1.0699999999999363,0.1299999999999954,0,10.0
92,20s,3,35,10.033999999999992,2.6059999999999945,1,10.0
92,20s,3,36,10.336000000000013,4.75,1,10.0
92,20s,3,37,11.24599999999998,0.8020000000000209,1,10.0
92,20s,3,38,0.2140000000000554,21.827999999999975,0,10.0
92,20s,3,39,9.726,20.331999999999994,0,10.0
92,20s,3,40,9.343999999999935,20.27800000000002,0,10.0
92,20s,3,41,0.0919999999999845,20.388000000000034,0,10.0
92,20s,3,42,10.740000000000007,1.566000000000031,1,10.0
92,20s,3,43,9.309999999999944,20.33400000000006,0,10.0
92,20s,3,44,9.279999999999973,0.0439999999999827,0,10.0
92,20s,3,46,8.550000000000068,21.573999999999955,0,10.0
92,20s,3,47,7.368000000000052,0.1219999999999572,0,10.0
92,20s,3,49,11.591999999999985,0.51400000000001,1,10.0
92,20s,3,50,0.3479999999999563,20.427999999999997,0,10.0
92,20s,3,51,9.624000000000024,20.49000000000001,0,10.0
92,20s,3,52,9.144000000000004,20.367999999999935,0,10.0
92,20s,3,53,11.855999999999996,0.5620000000000118,1,10.0
92,20s,3,54,0.2720000000000482,20.505999999999972,0,10.0
92,20s,3,55,10.984000000000036,0.1179999999999381,1,10.0
92,20s,3,56,0.0920000000000982,20.329999999999927,0,10.0
92,20s,3,57,11.91599999999994,0.2560000000000855,1,10.0
92,20s,3,58,0.47199999999998,20.632000000000065,0,10.0
92,20s,3,59,10.781999999999924,0.6059999999999945,1,10.0
92,20s,3,60,0.3820000000000618,20.365999999999985,0,10.0
92,20s,3,61,10.761999999999944,2.244000000000142,1,10.0
92,20s,3,62,10.899999999999864,0.2400000000000091,1,10.0
92,20s,3,63,0.5640000000000782,20.447999999999865,0,10.0
92,20s,3,64,11.077999999999976,2.3920000000000528,1,10.0
92,20s,3,65,10.984000000000153,0.5539999999998599,1,10.0
92,20s,3,66,0.3079999999999927,20.385999999999967,0,10.0
92,20s,3,67,8.656000000000176,0.127999999999929,0,10.0
92,20s,3,69,9.80399999999986,20.403999999999996,0,10.0
92,20s,3,70,8.336000000000013,0.1500000000000909,0,10.0
92,20s,3,72,9.077999999999976,20.386000000000195,0,10.0
92,20s,3,73,10.601999999999862,1.66800000000012,1,10.0
92,20s,3,74,10.379999999999882,0.4860000000001037,1,10.0
92,20s,3,75,0.5219999999999345,20.605999999999995,0,10.0
92,20s,3,76,8.605999999999995,20.422000000000025,0,10.0
92,20s,3,77,11.124000000000024,4.261999999999944,1,10.0
92,20s,3,78,10.288000000000013,2.1259999999999764,1,10.0
92,20s,3,79,9.706000000000133,20.357999999999947,0,10.0
92,20s,3,80,8.639999999999873,20.552000000000135,0,10.0
92,20s,3,81,10.940000000000056,1.655999999999949,1,10.0
92,20s,3,82,11.261999999999944,2.122000000000071,1,10.0
92,20s,3,83,12.977999999999838,0.568000000000211,1,10.0
92,20s,3,84,0.3819999999998344,20.511999999999944,0,10.0
92,20s,3,85,9.836000000000013,20.75800000000004,0,10.0
92,20s,3,86,10.420000000000073,1.905999999999949,1,10.0
92,20s,3,87,10.586000000000013,0.2880000000000109,1,10.0
92,20s,3,88,0.5419999999999163,20.406000000000176,0,10.0
92,20s,3,89,9.631999999999834,0.1620000000000345,0,10.0
92,20s,3,91,10.67599999999993,0.1059999999999945,1,10.0
92,20s,3,92,0.1539999999999963,0.0940000000000509,0,10.0
92,20s,3,94,11.314000000000078,2.3759999999999764,1,10.0
92,20s,3,95,12.905999999999947,2.117999999999938,1,10.0
92,20s,3,96,11.394000000000004,0.5920000000000982,1,10.0
92,20s,3,97,0.83199999999988,20.406000000000176,0,10.0
92,20s,3,98,0.265999999999849,0.0299999999999727,0,10.0
92,20s,3,100,10.886000000000196,2.3859999999999673,1,10.0
92,20s,3,101,10.947999999999864,0.5099999999999909,1,10.0
92,20s,3,102,0.4940000000001419,20.403999999999996,0,10.0
92,20s,3,103,13.885999999999967,2.508000000000038,1,10.0
92,20s,3,104,7.765999999999849,20.432000000000016,0,10.0
92,20s,3,105,11.494000000000142,1.4679999999998472,1,10.0
92,20s,3,106,11.72199999999998,0.2980000000000018,1,10.0
92,20s,3,107,0.5540000000000873,20.445999999999913,0,10.0
92,20s,3,108,8.266000000000076,0.1040000000000418,0,10.0
92,20s,3,110,10.5300000000002,1.44399999999996,1,10.0
92,20s,3,111,11.781999999999924,0.2539999999999054,1,10.0
92,20s,3,112,0.6560000000001764,20.385999999999967,0,10.0
92,20s,3,113,10.367999999999938,0.1539999999999963,1,10.0
92,20s,3,114,0.0579999999999927,20.51800000000003,0,10.0
92,20s,3,115,10.238000000000056,1.6820000000000164,1,10.0
92,20s,3,116,9.611999999999853,20.55600000000004,0,10.0
92,20s,3,117,13.8900000000001,,1,10.0
92,20s,4,1,0.1739999999999995,0.1259999999999976,0,10.0
92,20s,4,3,0.3460000000000036,0.0919999999999987,0,10.0
92,20s,4,5,7.366,20.403999999999996,0,10.0
92,20s,4,6,7.5859999999999985,0.0740000000000122,0,10.0
92,20s,4,8,8.389999999999986,0.068000000000012,0,10.0
92,20s,4,10,8.22799999999998,0.0580000000000211,0,10.0
92,20s,4,12,7.705999999999989,0.0620000000000118,0,10.0
92,20s,4,14,7.889999999999986,0.0860000000000127,0,10.0
92,20s,4,16,10.259999999999993,0.0700000000000216,1,10.0
92,20s,4,17,0.065999999999974,20.385999999999996,0,10.0
92,20s,4,18,6.978000000000009,0.0780000000000313,0,10.0
92,20s,4,20,9.427999999999995,20.72399999999999,0,10.0
92,20s,4,21,11.170000000000016,2.286000000000002,1,10.0
92,20s,4,22,7.325999999999965,20.696000000000023,0,10.0
92,20s,4,23,5.836000000000013,0.0899999999999749,0,10.0
92,20s,4,25,0.2160000000000081,22.323999999999955,0,10.0
92,20s,4,26,1.9700000000000273,0.1259999999999763,0,10.0
92,20s,4,28,8.346000000000004,20.901999999999987,0,10.0
92,20s,4,29,8.855999999999995,21.48399999999998,0,10.0
92,20s,4,30,7.439999999999998,0.0399999999999636,0,10.0
92,20s,4,32,8.169999999999959,20.35400000000004,0,10.0
92,20s,4,33,8.635999999999967,0.1100000000000136,0,10.0
92,20s,4,35,12.723999999999933,1.95799999999997,1,10.0
92,20s,4,36,8.23599999999999,20.53800000000001,0,10.0
92,20s,4,37,11.960000000000036,0.5499999999999545,1,10.0
92,20s,4,38,0.2820000000000391,20.519999999999985,0,10.0
92,20s,4,39,9.803999999999974,20.412000000000035,0,10.0
92,20s,4,40,8.388000000000034,20.932000000000016,0,10.0
92,20s,4,41,12.209999999999924,2.810000000000059,1,10.0
92,20s,4,42,6.95799999999997,21.187999999999988,0,10.0
92,20s,4,43,0.0400000000000773,0.0799999999999272,0,10.0
92,20s,4,45,10.384000000000016,1.8799999999999957,1,10.0
92,20s,4,46,0.1179999999999381,0.0660000000000309,0,10.0
92,20s,4,48,9.395999999999958,20.378000000000043,0,10.0
92,20s,4,49,0.3619999999999663,0.0679999999999836,0,10.0
92,20s,4,51,9.139999999999986,20.74199999999996,0,10.0
92,20s,4,52,9.08000000000004,20.40199999999993,0,10.0
92,20s,4,53,11.132000000000062,1.197999999999979,1,10.0
92,20s,4,54,1.2300000000000182,0.0699999999999363,0,10.0
92,20s,4,56,10.354000000000042,1.69399999999996,1,10.0
92,20s,4,57,0.5760000000000218,0.0620000000000118,0,10.0
92,20s,4,59,6.395999999999958,0.0819999999999936,0,10.0
92,20s,4,61,5.988000000000056,20.61999999999989,0,10.0
92,20s,4,62,8.357999999999947,21.072000000000116,0,10.0
92,20s,4,63,8.849999999999909,20.713999999999945,0,10.0
92,20s,4,64,6.222000000000207,20.261999999999944,0,10.0
92,20s,4,65,0.0760000000000218,0.0699999999999363,0,10.0
92,20s,4,67,9.977999999999838,0.1500000000000909,0,10.0
92,20s,4,69,14.837999999999964,1.7539999999999054,1,10.0
92,20s,4,70,2.132000000000062,20.867999999999935,0,10.0
92,20s,4,71,9.75200000000018,20.75999999999999,0,10.0
92,20s,4,72,9.809999999999944,20.723999999999933,0,10.0
92,20s,4,73,9.392000000000053,20.50999999999999,0,10.0
92,20s,4,74,5.705999999999904,0.0440000000000964,0,10.0
92,20s,4,76,14.273999999999887,2.436000000000149,1,10.0
92,20s,4,77,5.316000000000031,20.263999999999896,0,10.0
92,20s,4,78,14.375999999999976,1.9519999999999984,1,10.0
92,20s,4,79,0.0240000000001145,0.0419999999999163,0,10.0
92,20s,4,81,0.0420000000001437,0.0659999999998035,0,10.0
92,20s,4,83,8.929999999999836,20.476000000000113,0,10.0
92,20s,4,84,10.038000000000013,2.1920000000000073,1,10.0
92,20s,4,85,7.957999999999856,20.38000000000011,0,10.0
92,20s,4,86,9.413999999999987,20.218000000000075,0,10.0
92,20s,4,87,0.043999999999869,0.0720000000001164,0,10.0
92,20s,4,89,8.631999999999834,20.506000000000085,0,10.0
92,20s,4,90,10.748000000000047,2.02599999999984,1,10.0
92,20s,4,91,0.0860000000000127,0.0879999999999654,0,10.0
92,20s,4,93,10.041999999999916,0.4600000000000364,1,10.0
92,20s,4,94,0.2200000000000272,20.452,0,10.0
92,20s,4,95,10.096000000000004,1.7159999999998945,1,10.0
92,20s,4,96,0.650000000000091,0.0380000000000109,0,10.0
92,20s,4,99,8.894000000000005,20.62000000000012,0,10.0
92,20s,4,100,9.30399999999986,20.256000000000085,0,10.0
92,20s,4,101,0.2159999999998945,0.0440000000000964,0,10.0
92,20s,4,103,8.923999999999978,20.365999999999985,0,10.0
92,20s,4,104,8.592000000000098,20.621999999999844,0,10.0
92,20s,4,105,5.976000000000113,20.75999999999999,0,10.0
92,20s,4,106,8.213999999999942,20.58400000000006,0,10.0
92,20s,4,107,7.344000000000051,20.596000000000004,0,10.0
92,20s,4,108,8.857999999999947,20.58400000000006,0,10.0
92,20s,4,109,10.255999999999858,2.7740000000001146,1,10.0
92,20s,4,110,6.951999999999998,20.597999999999956,0,10.0
92,20s,4,111,9.463999999999942,0.0620000000001255,0,10.0
92,20s,4,113,10.317999999999984,2.1520000000000437,1,10.0
92,20s,4,114,7.261999999999944,20.403999999999996,0,10.0
92,20s,4,115,9.909999999999854,20.340000000000146,0,10.0
92,20s,4,116,10.396000000000186,2.2899999999999636,1,10.0
92,20s,4,117,3.645999999999731,0.1280000000001564,0,10.0
92,20s,4,119,10.318000000000213,2.7839999999996508,1,10.0
92,20s,4,120,6.660000000000309,22.33199999999988,0,10.0
92,20s,4,121,10.333999999999833,3.196000000000367,1,10.0
92,20s,4,122,10.117999999999938,4.609999999999673,1,10.0
92,20s,4,123,10.028000000000247,3.761999999999716,1,10.0
92,20s,4,124,10.228000000000064,3.2719999999999345,1,10.0
92,20s,4,125,7.846000000000004,20.33600000000024,0,10.0
92,20s,4,126,9.06399999999985,20.56800000000021,0,10.0
92,20s,4,127,10.261999999999716,2.2460000000000946,1,10.0
92,20s,4,128,8.30600000000004,20.289999999999964,0,10.0
92,20s,4,129,9.88799999999992,20.60400000000027,0,10.0
92,20s,4,130,1.7399999999997815,0.099999999999909,0,10.0
92,20s,5,1,8.320000000000004,20.756,0,10.0
92,20s,5,2,13.901999999999994,1.7240000000000038,1,10.0
92,20s,5,3,9.348,0.0619999999999976,0,10.0
92,20s,5,5,8.634,0.0619999999999976,0,10.0
92,20s,5,7,12.329999999999984,0.2800000000000011,1,10.0
92,20s,5,8,0.5740000000000123,20.5,0,10.0
92,20s,5,9,10.22999999999999,2.1740000000000066,1,10.0
92,20s,5,10,9.695999999999998,20.927999999999997,0,10.0
92,20s,5,11,10.919999999999987,2.536000000000002,1,10.0
92,20s,5,12,0.0400000000000204,0.1219999999999856,0,10.0
92,20s,5,14,7.9059999999999775,20.383999999999983,0,10.0
92,20s,5,15,6.862000000000023,20.372000000000018,0,10.0
92,20s,5,16,7.415999999999997,0.0819999999999936,0,10.0
92,20s,5,18,9.512,20.394000000000005,0,10.0
92,20s,5,19,8.271999999999991,0.1280000000000427,0,10.0
92,20s,5,21,8.302000000000021,20.42199999999997,0,10.0
92,20s,5,22,0.0400000000000204,0.0860000000000127,0,10.0
92,20s,5,24,4.057999999999993,20.376000000000033,0,10.0
92,20s,5,25,8.141999999999996,20.375999999999976,0,10.0
92,20s,5,26,10.192000000000007,1.0720000000000027,1,10.0
92,20s,5,27,11.349999999999966,2.080000000000041,1,10.0
92,20s,5,28,10.138000000000034,0.4399999999999409,1,10.0
92,20s,5,29,1.0679999999999836,20.452,0,10.0
92,20s,5,30,7.456000000000017,20.418000000000006,0,10.0
92,20s,5,31,11.403999999999996,2.1119999999999663,1,10.0
92,20s,5,32,8.634000000000015,20.456000000000017,0,10.0
92,20s,5,33,10.906000000000065,2.1919999999998936,1,10.0
92,20s,5,34,8.08800000000008,20.48199999999997,0,10.0
92,20s,5,35,10.33000000000004,1.8899999999999864,1,10.0
92,20s,5,36,9.259999999999993,20.398000000000025,0,10.0
92,20s,5,37,6.847999999999956,20.25800000000004,0,10.0
92,20s,5,38,8.723999999999933,20.365999999999985,0,10.0
92,20s,5,39,9.872000000000073,20.298,0,10.0
92,20s,5,40,9.45799999999997,20.403999999999996,0,10.0
92,20s,5,41,11.990000000000007,2.1140000000000327,1,10.0
92,20s,5,42,9.445999999999913,20.340000000000032,0,10.0
92,20s,5,43,10.162000000000036,2.8039999999999736,1,10.0
92,20s,5,44,7.182000000000016,20.48599999999999,0,10.0
92,20s,5,45,10.33400000000006,2.963999999999942,1,10.0
92,20s,5,46,12.687999999999988,2.6960000000000264,1,10.0
92,20s,5,47,0.5879999999999654,0.1100000000000136,0,10.0
92,20s,5,49,0.0640000000000782,0.1399999999999863,0,10.0
92,20s,5,51,6.896000000000072,20.269999999999985,0,10.0
92,20s,5,52,7.6720000000000255,20.437999999999988,0,10.0
92,20s,5,53,8.874000000000024,20.43799999999987,0,10.0
92,20s,5,54,6.94600000000014,21.361999999999853,0,10.0
92,20s,5,55,0.8880000000001473,20.483999999999924,0,10.0
92,20s,5,56,11.980000000000018,2.0979999999999563,1,10.0
92,20s,5,57,10.769999999999982,1.94600000000014,1,10.0
92,20s,5,58,11.433999999999967,0.4359999999999218,1,10.0
92,20s,5,59,0.1159999999999854,20.264000000000124,0,10.0
92,20s,5,60,11.093999999999824,0.1100000000001273,1,10.0
92,20s,5,61,0.1479999999999108,20.228000000000065,0,10.0
92,20s,5,62,10.653999999999996,3.2280000000000655,1,10.0
92,20s,5,63,11.679999999999836,0.2699999999999818,1,10.0
92,20s,5,64,0.9580000000000836,21.173999999999975,0,10.0
92,20s,5,65,1.127999999999929,0.0640000000000782,0,10.0
92,20s,5,67,0.0399999999999636,0.0839999999998326,0,10.0
92,20s,5,69,9.874000000000024,20.688000000000105,0,10.0
92,20s,5,70,10.38799999999992,2.038000000000011,1,10.0
92,20s,5,71,8.008000000000038,20.389999999999873,0,10.0
92,20s,5,72,10.230000000000018,0.4380000000001018,1,10.0
92,20s,5,73,0.4739999999999327,20.41000000000008,0,10.0
92,20s,5,74,12.83199999999988,0.5240000000001146,1,10.0
92,20s,5,75,0.3619999999998526,20.524000000000115,0,10.0
92,20s,5,76,11.738000000000056,4.583999999999833,1,10.0
92,20s,5,77,11.984000000000153,0.4139999999999872,1,10.0
92,20s,5,78,0.1259999999999763,20.273999999999887,0,10.0
92,20s,5,79,13.210000000000036,2.188000000000102,1,10.0
92,20s,5,80,12.92599999999993,2.6980000000000928,1,10.0
92,20s,5,81,11.763999999999896,1.9980000000000473,1,10.0
92,20s,5,82,12.488000000000056,0.5099999999999909,1,10.0
92,20s,5,83,0.0779999999999745,20.15599999999995,0,10.0
92,20s,5,84,0.0860000000000127,0.05600000000004,0,10.0
92,20s,5,86,10.52599999999984,1.6720000000000257,1,10.0
92,20s,5,87,12.038000000000013,2.8780000000001564,1,10.0
92,20s,5,88,10.485999999999876,0.1200000000001182,1,10.0
92,20s,5,89,0.0939999999998235,20.244000000000145,0,10.0
92,20s,5,90,9.455999999999904,20.452,0,10.0
92,20s,5,91,10.02800000000002,2.5260000000000673,1,10.0
92,20s,5,92,12.255999999999858,0.5700000000001637,1,10.0
92,20s,5,93,0.0359999999998308,20.730000000000015,0,10.0
92,20s,5,94,7.776000000000067,20.867999999999935,0,10.0
92,20s,5,95,9.632000000000062,20.766000000000076,0,10.0
92,20s,5,96,10.902000000000044,1.987999999999829,1,10.0
92,20s,5,97,0.1359999999999672,0.0780000000002019,0,10.0
92,20s,5,99,11.052000000000136,1.0559999999998126,1,10.0
92,20s,5,100,0.3940000000000054,0.1240000000000236,0,10.0
92,20s,5,102,10.422000000000024,0.1240000000000236,1,10.0
92,20s,5,103,0.1459999999999581,20.286000000000055,0,10.0
92,20s,5,104,12.61999999999989,1.8759999999999764,1,10.0
92,20s,5,105,8.882000000000062,20.195999999999913,0,10.0
92,20s,5,106,8.173999999999978,20.317999999999984,0,10.0
92,20s,5,107,10.346000000000004,1.8580000000001744,1,10.0
92,20s,5,108,8.215999999999894,20.3900000000001,0,10.0
92,20s,5,109,0.2339999999999236,0.1179999999999381,0,10.0
92,20s,5,111,8.25,20.228000000000065,0,10.0
92,20s,5,112,8.039999999999964,20.64599999999996,0,10.0
92,20s,5,113,10.097999999999956,1.5620000000003529,1,10.0
92,20s,5,114,0.3959999999997308,0.0579999999999927,0,10.0
92,20s,6,1,1.120000000000001,20.994,0,10.0
92,20s,6,2,8.176000000000002,20.268,0,10.0
92,20s,6,3,8.453999999999994,20.476,0,10.0
92,20s,6,4,11.042000000000002,1.5060000000000002,1,10.0
92,20s,6,5,9.455999999999989,20.30800000000002,0,10.0
92,20s,6,6,2.319999999999993,0.0519999999999925,0,10.0
92,20s,6,8,14.676000000000016,1.96599999999998,1,10.0
92,20s,6,9,8.704000000000008,20.342000000000013,0,10.0
92,20s,6,10,11.171999999999995,2.569999999999993,1,10.0
92,20s,6,11,0.0879999999999938,0.0440000000000111,0,10.0
92,20s,6,13,9.370000000000005,20.77600000000001,0,10.0
92,20s,6,14,9.397999999999968,20.27600000000001,0,10.0
92,20s,6,15,12.232000000000028,1.6259999999999764,1,10.0
92,20s,6,16,9.75799999999998,20.29200000000003,0,10.0
92,20s,6,17,11.961999999999987,1.5459999999999925,1,10.0
92,20s,6,18,9.20999999999998,20.440000000000055,0,10.0
92,20s,6,19,9.861999999999966,20.307999999999993,0,10.0
92,20s,6,20,9.177999999999995,20.28800000000001,0,10.0
92,20s,6,21,10.850000000000025,1.9799999999999611,1,10.0
92,20s,6,22,0.3260000000000218,0.1279999999999859,0,10.0
92,20s,6,24,9.600000000000025,20.629999999999995,0,10.0
92,20s,6,25,8.384000000000015,20.227999999999952,0,10.0
92,20s,6,26,9.474000000000046,20.30600000000004,0,10.0
92,20s,6,27,10.1099999999999,0.1500000000000909,1,10.0
92,20s,6,28,0.113999999999919,20.384000000000015,0,10.0
92,20s,6,29,13.024,0.5,1,10.0
92,20s,6,30,0.6480000000000246,20.25,0,10.0
92,20s,6,31,13.307999999999993,0.3940000000000054,1,10.0
92,20s,6,32,0.5299999999999727,20.336000000000013,0,10.0
92,20s,6,33,0.0779999999999745,0.0579999999999927,0,10.0
92,20s,6,35,0.1240000000000236,0.0640000000000782,0,10.0
92,20s,6,37,1.2139999999999418,0.0520000000000209,0,10.0
92,20s,6,39,7.206000000000017,22.22199999999998,0,10.0
92,20s,6,40,9.163999999999987,20.478000000000065,0,10.0
92,20s,6,41,8.063999999999965,20.98199999999997,0,10.0
92,20s,6,42,9.83800000000008,20.237999999999943,0,10.0
92,20s,6,43,9.895999999999958,20.368000000000052,0,10.0
92,20s,6,44,12.525999999999954,2.2340000000000373,1,10.0
92,20s,6,45,10.446000000000026,2.3759999999999764,1,10.0
92,20s,6,46,0.6760000000000446,0.0620000000000118,0,10.0
92,20s,6,48,12.586000000000013,2.0400000000000773,1,10.0
92,20s,6,49,9.847999999999956,20.351999999999975,0,10.0
92,20s,6,50,10.142000000000053,2.048000000000002,1,10.0
92,20s,6,51,8.610000000000014,21.111999999999853,0,10.0
92,20s,6,52,8.480000000000018,20.292000000000144,0,10.0
92,20s,6,53,9.405999999999947,20.65599999999995,0,10.0
92,20s,6,54,9.332000000000107,0.0619999999998981,0,10.0
92,20s,6,56,9.814000000000078,20.27800000000002,0,10.0
92,20s,6,57,10.59199999999987,1.832000000000107,1,10.0
92,20s,6,58,12.995999999999867,2.1720000000000255,1,10.0
92,20s,6,59,12.052000000000136,3.1079999999999472,1,10.0
92,20s,6,60,0.0640000000000782,0.0559999999998126,0,10.0
92,20s,6,62,11.395999999999958,1.8900000000001,1,10.0
92,20s,6,63,9.629999999999882,20.53800000000001,0,10.0
92,20s,6,64,12.148000000000138,1.737999999999829,1,10.0
92,20s,6,65,9.922000000000024,20.337999999999965,0,10.0
92,20s,6,66,9.456000000000133,20.27800000000002,0,10.0
92,20s,6,67,11.172000000000024,2.0739999999998417,1,10.0
92,20s,6,68,9.200000000000044,20.332000000000107,0,10.0
92,20s,6,69,10.125999999999976,2.2799999999999727,1,10.0
92,20s,6,70,0.1679999999998926,0.0760000000000218,0,10.0
92,20s,6,72,8.95399999999995,20.445999999999913,0,10.0
92,20s,6,73,10.322000000000116,2.453999999999951,1,10.0
92,20s,6,74,0.1880000000001018,0.0619999999998981,0,10.0
92,20s,6,76,10.765999999999847,2.3940000000000055,1,10.0
92,20s,6,77,9.269999999999982,20.294000000000096,0,10.0
92,20s,6,78,9.019999999999982,20.663999999999987,0,10.0
92,20s,6,79,7.511999999999944,20.42800000000011,0,10.0
92,20s,6,80,8.586000000000013,20.235999999999876,0,10.0
92,20s,6,81,7.488000000000056,20.45399999999995,0,10.0
92,20s,6,82,8.142000000000053,20.60400000000004,0,10.0
92,20s,6,83,10.58400000000006,1.8460000000000036,1,10.0
92,20s,6,84,7.689999999999827,20.298,0,10.0
92,20s,6,85,9.85200000000009,20.85400000000004,0,10.0
92,20s,6,86,9.713999999999942,20.281999999999925,0,10.0
92,20s,6,87,9.348000000000184,20.23199999999997,0,10.0
92,20s,6,88,9.715999999999894,20.22400000000016,0,10.0
92,20s,6,89,12.19399999999996,2.481999999999971,1,10.0
92,20s,6,90,9.523999999999887,20.340000000000146,0,10.0
92,20s,6,91,9.253999999999904,20.332000000000107,0,10.0
92,20s,6,92,8.735999999999876,20.67800000000011,0,10.0
92,20s,6,93,8.853999999999814,20.162000000000035,0,10.0
92,20s,6,94,7.3840000000000146,0.1180000000001655,0,10.0
92,20s,6,96,10.029999999999973,2.268000000000029,1,10.0
92,20s,6,97,11.312000000000126,2.1779999999998836,1,10.0
92,20s,6,98,13.642000000000053,2.372000000000071,1,10.0
92,20s,6,99,12.337999999999964,2.5579999999999927,1,10.0
92,20s,6,100,0.3199999999999363,0.1099999999998999,0,10.0
92,20s,6,102,0.1700000000000727,0.0499999999997271,0,10.0
92,20s,6,104,10.912000000000262,2.3739999999997963,1,10.0
92,20s,6,105,8.412000000000262,20.346000000000004,0,10.0
92,20s,6,106,9.53399999999965,20.274000000000346,0,10.0
92,20s,6,107,10.755999999999858,2.217999999999847,1,10.0
92,20s,6,108,8.300000000000182,20.672000000000025,0,10.0
92,20s,6,109,9.766000000000076,20.613999999999574,0,10.0
92,20s,6,110,8.958000000000084,20.258000000000266,0,10.0
92,20s,6,111,1.538000000000011,0.1099999999996725,0,10.0
92,20s,6,113,7.7280000000000655,20.322000000000116,0,10.0
92,20s,6,114,9.259999999999764,20.31600000000026,0,10.0
92,20s,6,115,0.2339999999999236,0.0360000000000582,0,10.0
105,20s,1,1,0.7699999999999996,0.0139999999999993,0,10.0
105,20s,1,3,0.314,0.0579999999999998,0,10.0
105,20s,1,5,7.872,20.286,0,10.0
105,20s,1,6,7.802000000000007,20.931999999999988,0,10.0
105,20s,1,7,0.1020000000000038,0.1740000000000066,0,10.0
105,20s,1,9,4.042000000000002,20.494,0,10.0
105,20s,1,10,1.6580000000000157,20.23599999999999,0,10.0
105,20s,1,11,0.9919999999999902,21.370000000000005,0,10.0
105,20s,1,12,0.7019999999999982,21.123999999999995,0,10.0
105,20s,1,13,0.7259999999999991,22.29000000000002,0,10.0
105,20s,1,14,0.5960000000000036,20.43199999999996,0,10.0
105,20s,1,15,0.8240000000000123,20.19999999999999,0,10.0
105,20s,1,16,1.9160000000000537,20.305999999999983,0,10.0
105,20s,1,17,0.4680000000000177,0.023999999999944,0,10.0
105,20s,1,19,0.839999999999975,20.317999999999984,0,10.0
105,20s,1,20,1.0600000000000025,0.02800000000002,0,10.0
105,20s,1,22,2.055999999999983,21.73399999999998,0,10.0
105,20s,1,23,1.05600000000004,0.0339999999999918,0,10.0
105,20s,1,25,0.5880000000000223,0.0539999999999736,0,10.0
105,20s,1,27,0.9800000000000182,20.585999999999956,0,10.0
105,20s,1,28,3.136000000000024,20.352000000000032,0,10.0
105,20s,1,29,3.8500000000000223,20.979999999999905,0,10.0
105,20s,1,30,3.4780000000000655,20.757999999999925,0,10.0
105,20s,1,31,4.236000000000104,21.463999999999945,0,10.0
105,20s,1,32,4.234000000000037,20.399999999999977,0,10.0
105,20s,1,33,7.375999999999976,21.658000000000015,0,10.0
105,20s,1,34,6.7859999999999445,0.1240000000000236,0,10.0
105,20s,1,36,10.340000000000032,2.6720000000000255,1,10.0
105,20s,1,37,10.375999999999976,3.846000000000003,1,10.0
105,20s,1,38,2.437999999999988,20.31000000000006,0,10.0
105,20s,1,39,6.692000000000007,20.381999999999948,0,10.0
105,20s,1,40,8.557999999999993,21.14599999999996,0,10.0
105,20s,1,41,6.98599999999999,20.658000000000015,0,10.0
105,20s,1,42,21.56400000000008,2.5159999999999627,1,10.0
105,20s,1,43,9.79600000000005,20.18599999999992,0,10.0
105,20s,1,44,0.1499999999999772,0.0320000000000391,0,10.0
105,20s,1,46,11.51400000000001,2.3419999999999845,1,10.0
105,20s,1,47,6.994000000000028,20.3359999999999,0,10.0
105,20s,1,48,18.33000000000004,0.0159999999999627,1,10.0
105,20s,1,49,0.3540000000000418,20.186000000000035,0,10.0
105,20s,1,50,5.079999999999927,0.0260000000000673,0,10.0
105,20s,1,52,15.855999999999996,1.697999999999979,1,10.0
105,20s,1,53,6.08400000000006,21.24599999999998,0,10.0
105,20s,1,54,15.013999999999896,3.150000000000091,1,10.0
105,20s,1,55,12.52800000000002,2.397999999999911,1,10.0
105,20s,1,56,11.204000000000178,3.6639999999999873,1,10.0
105,20s,1,57,13.983999999999924,2.8920000000000528,1,10.0
105,20s,1,58,1.268000000000029,21.99000000000001,0,10.0
105,20s,1,59,14.767999999999802,0.0640000000000782,1,10.0
105,20s,1,60,0.1079999999999472,20.430000000000064,0,10.0
105,20s,1,61,17.531999999999925,1.900000000000091,1,10.0
105,20s,1,62,13.816000000000033,2.935999999999922,1,10.0
105,20s,1,63,9.309999999999944,20.282000000000153,0,10.0
105,20s,1,64,14.851999999999862,3.046000000000049,1,10.0
105,20s,1,65,1.678000000000111,20.355999999999995,0,10.0
105,20s,1,66,12.268000000000027,2.933999999999969,1,10.0
105,20s,1,67,4.627999999999929,20.246000000000095,0,10.0
105,20s,1,68,0.0380000000000109,0.0199999999999818,0,10.0
105,20s,1,70,0.7639999999998963,0.0640000000000782,0,10.0
105,20s,1,72,11.259999999999993,1.5199999999999818,1,10.0
105,20s,1,73,1.8099999999999457,21.054000000000087,0,10.0
105,20s,1,74,8.853999999999814,0.0500000000001819,0,10.0
105,20s,1,76,9.61200000000008,0.0519999999999072,0,10.0
105,20s,1,78,9.922000000000024,21.30600000000004,0,10.0
105,20s,1,79,11.25,7.55600000000004,1,10.0
105,20s,1,80,5.503999999999905,20.4820000000002,0,10.0
105,20s,1,81,11.977999999999838,2.1900000000000546,1,10.0
105,20s,1,82,9.36200000000008,20.699999999999815,0,10.0
105,20s,1,83,17.33400000000006,2.3420000000000982,1,10.0
105,20s,1,84,0.1879999999998745,0.0540000000000873,0,10.0
105,20s,1,86,0.0579999999999927,0.0120000000001709,0,10.0
105,20s,1,88,10.663999999999987,0.2179999999998472,1,10.0
105,20s,1,89,0.2420000000001891,20.333999999999833,0,10.0
105,20s,1,90,12.138000000000147,2.2739999999998872,1,10.0
105,20s,1,91,0.2940000000000964,0.043999999999869,0,10.0
105,20s,1,93,9.092000000000098,20.29600000000005,0,10.0
105,20s,1,94,18.96199999999999,2.451999999999998,1,10.0
105,20s,1,95,8.473999999999933,20.299999999999955,0,10.0
105,20s,1,96,16.590000000000146,2.321999999999889,1,10.0
105,20s,1,97,0.211999999999989,0.0699999999999363,0,10.0
105,20s,1,99,13.378000000000156,2.269999999999982,1,10.0
105,20s,1,100,0.2880000000000109,0.0179999999998017,0,10.0
105,20s,1,102,0.0380000000000109,0.0019999999999527,0,10.0
105,20s,1,103,0.2599999999999909,21.504000000000133,0,10.0
105,20s,1,104,7.83199999999988,21.16000000000008,0,10.0
105,20s,1,105,8.900000000000091,0.0319999999999254,0,10.0
105,20s,1,107,0.9919999999999618,21.519999999999985,0,10.0
105,20s,1,108,14.122000000000073,1.9020000000000437,1,10.0
105,20s,1,109,6.925999999999931,0.127999999999929,0,10.0
105,20s,1,111,6.9500000000000455,0.1059999999999945,0,10.0
105,20s,1,113,21.251999999999953,3.438000000000102,1,10.0
105,20s,1,114,9.907999999999902,20.182000000000244,0,10.0
105,20s,1,115,0.7419999999997344,0.1539999999999963,0,10.0
105,20s,1,117,8.06399999999985,20.215999999999894,0,10.0
105,20s,1,118,11.858000000000176,3.5,1,10.0
105,20s,1,119,6.197999999999865,20.235999999999876,0,10.0
105,20s,1,120,9.50400000000036,20.329999999999927,0,10.0
105,20s,1,121,12.788000000000013,2.585999999999786,1,10.0
105,20s,1,122,5.1020000000003165,20.29399999999987,0,10.0
105,20s,1,123,1.4039999999999964,20.72400000000016,0,10.0
105,20s,1,124,6.473999999999705,0.099999999999909,0,10.0
105,20s,2,1,0.7059999999999995,0.0440000000000004,0,10.0
105,20s,2,3,1.6439999999999984,20.414,0,10.0
105,20s,2,4,24.732,0.1599999999999966,1,10.0
105,20s,2,5,0.1839999999999975,20.348,0,10.0
105,20s,2,6,3.858000000000004,0.0259999999999962,0,10.0
105,20s,2,8,0.9860000000000184,0.143999999999977,0,10.0
105,20s,2,10,1.3739999999999952,20.50200000000001,0,10.0
105,20s,2,11,1.587999999999994,0.0619999999999834,0,10.0
105,20s,2,13,0.7139999999999986,20.596000000000004,0,10.0
105,20s,2,14,1.8859999999999957,20.99599999999998,0,10.0
105,20s,2,15,6.738000000000028,0.1099999999999568,0,10.0
105,20s,2,17,9.139999999999986,20.572000000000003,0,10.0
105,20s,2,18,12.648000000000025,4.432000000000016,1,10.0
105,20s,2,19,7.293999999999983,21.798,0,10.0
105,20s,2,20,7.77800000000002,0.1599999999999681,0,10.0
105,20s,2,22,9.817999999999984,20.26600000000002,0,10.0
105,20s,2,23,8.103999999999985,0.211999999999989,0,10.0
105,20s,2,25,9.741999999999962,20.442000000000007,0,10.0
105,20s,2,26,10.701999999999998,1.924000000000035,1,10.0
105,20s,2,27,8.877999999999986,20.71199999999999,0,10.0
105,20s,2,28,13.961999999999987,1.9640000000000557,1,10.0
105,20s,2,29,1.024000000000001,0.0499999999999545,0,10.0
105,20s,2,31,6.94399999999996,0.1680000000000063,0,10.0
105,20s,2,33,1.1800000000000637,0.0339999999999918,0,10.0
105,20s,2,35,0.3020000000000209,0.02800000000002,0,10.0
105,20s,2,37,0.1639999999999872,0.0220000000000482,0,10.0
105,20s,2,39,10.298000000000002,0.4600000000000364,1,10.0
105,20s,2,40,0.1820000000000163,20.23599999999999,0,10.0
105,20s,2,41,10.78200000000004,2.949999999999932,1,10.0
105,20s,2,42,8.153999999999996,0.1840000000000827,0,10.0
105,20s,2,44,8.089999999999918,0.1640000000001009,0,10.0
105,20s,2,46,10.470000000000027,2.4220000000000255,1,10.0
105,20s,2,47,6.87399999999991,0.0439999999999827,0,10.0
105,20s,2,49,7.425999999999931,20.412000000000035,0,10.0
105,20s,2,50,11.779999999999973,1.4440000000000737,1,10.0
105,20s,2,51,7.839999999999918,0.0740000000000691,0,10.0
105,20s,2,53,11.533999999999992,6.344000000000051,1,10.0
105,20s,2,54,6.494000000000028,20.521999999999935,0,10.0
105,20s,2,55,13.611999999999966,2.990000000000009,1,10.0
105,20s,2,56,0.2800000000000864,0.0259999999999536,0,10.0
105,20s,2,58,13.879999999999995,1.6359999999999673,1,10.0
105,20s,2,59,12.596000000000004,1.5760000000000218,1,10.0
105,20s,2,60,12.752000000000066,1.3999999999999773,1,10.0
105,20s,2,61,1.5939999999999372,0.1760000000000445,0,10.0
105,20s,2,63,9.864000000000033,0.1720000000000254,0,10.0
105,20s,2,65,13.259999999999993,2.3099999999999454,1,10.0
105,20s,2,66,0.3760000000002037,0.0239999999998872,0,10.0
105,20s,2,69,10.891999999999824,1.622000000000071,1,10.0
105,20s,2,70,2.730000000000018,0.1220000000000709,0,10.0
105,20s,2,72,6.663999999999987,20.8280000000002,0,10.0
105,20s,2,73,14.117999999999938,0.2639999999998963,1,10.0
105,20s,2,74,0.0640000000000782,20.33999999999992,0,10.0
105,20s,2,75,12.138000000000147,2.6259999999999764,1,10.0
105,20s,2,76,2.5860000000000127,20.625999999999976,0,10.0
105,20s,2,77,0.3240000000000691,0.0359999999998308,0,10.0
105,20s,2,79,1.054000000000087,20.761999999999944,0,10.0
105,20s,2,80,11.073999999999842,1.80600000000004,1,10.0
105,20s,2,81,8.412000000000035,20.208000000000084,0,10.0
105,20s,2,82,10.539999999999964,1.900000000000091,1,10.0
105,20s,2,83,2.091999999999871,0.11200000000008,0,10.0
105,20s,2,85,1.339999999999918,0.0220000000001618,0,10.0
105,20s,2,87,8.94399999999996,0.2899999999999636,0,10.0
105,20s,2,89,1.2580000000000382,20.399999999999864,0,10.0
105,20s,2,90,9.754000000000133,0.043999999999869,0,10.0
105,20s,2,92,16.395999999999958,0.3720000000000709,1,10.0
105,20s,2,93,0.0219999999999345,20.57400000000007,0,10.0
105,20s,2,94,11.101999999999862,1.6140000000000327,1,10.0
105,20s,2,95,3.158000000000129,0.1319999999998344,0,10.0
105,20s,2,97,0.0860000000000127,0.02800000000002,0,10.0
105,20s,2,99,15.895999999999958,1.768000000000029,1,10.0
105,20s,2,100,2.33400000000006,0.1759999999999308,0,10.0
105,20s,2,102,17.132000000000062,2.063999999999851,1,10.0
105,20s,2,103,2.7840000000001055,0.0960000000000036,0,10.0
105,20s,2,105,17.634000000000015,2.1240000000000236,1,10.0
105,20s,2,106,2.4139999999999873,20.350000000000136,0,10.0
105,20s,2,107,23.672000000000025,1.699999999999818,1,10.0
105,20s,2,108,3.2380000000000564,0.2419999999999618,0,10.0
105,20s,2,110,13.200000000000044,1.4580000000000837,1,10.0
105,20s,2,111,1.6879999999998745,0.1059999999999945,0,10.0
105,20s,2,113,23.086000000000013,1.6980000000000928,1,10.0
105,20s,2,114,10.659999999999854,2.262000000000171,1,10.0
105,20s,2,115,9.19399999999996,20.28399999999988,0,10.0
105,20s,2,116,1.1400000000001,0.0219999999999345,0,10.0
105,20s,2,118,15.266000000000076,1.7519999999999527,1,10.0
105,20s,2,119,1.788000000000011,0.2000000000000454,0,10.0
105,20s,2,121,12.061999999999898,2.8360000000000127,1,10.0
105,20s,2,122,9.55600000000004,21.039999999999964,0,10.0
105,20s,2,123,10.42599999999993,1.6080000000001746,1,10.0
105,20s,2,124,3.0299999999999727,20.26599999999985,0,10.0
105,20s,2,125,14.509999999999993,1.7660000000000764,1,10.0
105,20s,2,126,14.445999999999913,1.8380000000001928,1,10.0
105,20s,2,127,12.836000000000013,2.6079999999999472,1,10.0
105,20s,2,128,1.22199999999998,0.2000000000000454,0,10.0
105,20s,2,130,14.163999999999987,1.622000000000071,1,10.0
105,20s,2,131,9.653999999999996,20.429999999999836,0,10.0
105,20s,2,132,13.568000000000213,1.9699999999998,1,10.0
105,20s,2,133,10.940000000000056,0.1860000000001491,1,10.0
105,20s,2,134,0.043999999999869,20.322000000000116,0,10.0
105,20s,2,135,12.889999999999873,1.3640000000000327,1,10.0
105,20s,2,136,1.889999999999873,0.2200000000002546,0,10.0
105,20s,3,1,6.586000000000002,0.0439999999999969,0,10.0
105,20s,3,3,0.8159999999999954,0.0220000000000055,0,10.0
105,20s,3,5,6.430000000000007,20.96799999999999,0,10.0
105,20s,3,6,7.146000000000001,20.396000000000015,0,10.0
105,20s,3,7,7.841999999999984,20.348000000000013,0,10.0
105,20s,3,8,12.298000000000002,1.525999999999982,1,10.0
105,20s,3,9,2.694000000000017,0.171999999999997,0,10.0
105,20s,3,11,11.990000000000007,2.079999999999984,1,10.0
105,20s,3,12,6.2620000000000005,0.1380000000000052,0,10.0
105,20s,3,14,12.71599999999998,1.474000000000018,1,10.0
105,20s,3,15,10.774,0.2400000000000091,1,10.0
105,20s,3,16,0.0459999999999922,20.303999999999977,0,10.0
105,20s,3,17,15.288000000000013,0.2180000000000177,1,10.0
105,20s,3,18,0.0279999999999631,20.194000000000017,0,10.0
105,20s,3,19,1.0020000000000095,0.0219999999999913,0,10.0
105,20s,3,22,12.230000000000018,1.6480000000000246,1,10.0
105,20s,3,23,0.8319999999999936,21.295999999999992,0,10.0
105,20s,3,24,15.238,1.5,1,10.0
105,20s,3,25,7.490000000000009,21.113999999999976,0,10.0
105,20s,3,26,11.494000000000028,1.7559999999999718,1,10.0
105,20s,3,27,0.9300000000000068,20.329999999999984,0,10.0
105,20s,3,28,11.216000000000008,1.6399999999999864,1,10.0
105,20s,3,29,15.141999999999996,1.9639999999999984,1,10.0
105,20s,3,30,1.0860000000000127,0.1360000000000241,0,10.0
105,20s,3,32,11.209999999999924,1.58400000000006,1,10.0
105,20s,3,33,13.89799999999991,1.9200000000000728,1,10.0
105,20s,3,34,1.8719999999999573,0.0660000000000309,0,10.0
105,20s,3,36,18.16000000000008,2.451999999999998,1,10.0
105,20s,3,37,1.0919999999999843,0.1119999999999663,0,10.0
105,20s,3,39,15.903999999999996,3.6680000000000064,1,10.0
105,20s,3,40,8.529999999999973,0.0579999999999927,0,10.0
105,20s,3,42,14.816000000000033,2.2099999999999227,1,10.0
105,20s,3,43,1.1420000000000528,0.0240000000000009,0,10.0
105,20s,3,45,12.211999999999987,1.8700000000000043,1,10.0
105,20s,3,46,18.870000000000005,0.0480000000000018,1,10.0
105,20s,3,47,0.1219999999999572,20.331999999999994,0,10.0
105,20s,3,48,20.0,3.2140000000000555,1,10.0
105,20s,3,49,0.9919999999999618,0.1159999999999854,0,10.0
105,20s,3,51,14.436000000000035,2.0879999999999654,1,10.0
105,20s,3,52,1.2899999999999636,0.1040000000000418,0,10.0
105,20s,3,54,18.173999999999975,1.725999999999999,1,10.0
105,20s,3,55,1.3659999999999854,21.091999999999985,0,10.0
105,20s,3,56,18.998000000000047,1.8959999999999584,1,10.0
105,20s,3,57,2.57000000000005,0.1359999999999672,0,10.0
105,20s,3,59,14.846000000000004,1.76400000000001,1,10.0
105,20s,3,60,1.9360000000000357,0.1039999999999281,0,10.0
105,20s,3,62,13.039999999999964,2.6000000000000227,1,10.0
105,20s,3,63,14.087999999999964,5.12600000000009,1,10.0
105,20s,3,64,0.7799999999999727,0.0339999999999918,0,10.0
105,20s,3,66,11.100000000000025,1.683999999999969,1,10.0
105,20s,3,67,9.86399999999992,21.860000000000127,0,10.0
105,20s,3,68,12.413999999999987,1.8859999999999673,1,10.0
105,20s,3,69,11.259999999999993,2.3900000000001,1,10.0
105,20s,3,70,11.417999999999893,2.201999999999998,1,10.0
105,20s,3,71,9.354000000000042,20.170000000000073,0,10.0
105,20s,3,72,0.0860000000000127,0.0219999999999345,0,10.0
105,20s,3,74,12.001999999999953,1.7380000000000564,1,10.0
105,20s,3,75,2.19399999999996,0.1520000000000436,0,10.0
105,20s,3,77,11.08400000000006,1.4880000000000564,1,10.0
105,20s,3,78,3.4559999999999036,0.1420000000000527,0,10.0
105,20s,3,80,8.791999999999916,20.384000000000015,0,10.0
105,20s,3,81,12.292000000000144,0.2739999999998872,1,10.0
105,20s,3,82,0.0440000000000964,21.06600000000003,0,10.0
105,20s,3,83,11.163999999999987,1.3099999999999454,1,10.0
105,20s,3,84,4.725999999999885,0.0960000000000036,0,10.0
105,20s,3,86,9.009999999999993,0.0239999999998872,0,10.0
105,20s,3,89,10.649999999999864,1.6360000000001946,1,10.0
105,20s,3,90,6.341999999999871,20.624000000000024,0,10.0
105,20s,3,91,7.933999999999969,21.12799999999993,0,10.0
105,20s,3,92,9.234000000000153,20.35199999999986,0,10.0
105,20s,3,93,8.066000000000031,20.498000000000047,0,10.0
105,20s,3,94,9.968000000000076,0.1059999999999945,0,10.0
105,20s,3,96,17.98799999999983,1.80600000000004,1,10.0
105,20s,3,97,4.048000000000002,0.1159999999999854,0,10.0
105,20s,3,99,2.522000000000162,0.015999999999849,0,10.0
105,20s,3,101,10.793999999999867,1.804000000000087,1,10.0
105,20s,3,102,11.153999999999996,1.9519999999999984,1,10.0
105,20s,3,103,9.85200000000009,21.923999999999975,0,10.0
105,20s,3,104,10.655999999999947,2.8840000000000146,1,10.0
105,20s,3,105,1.55399999999986,0.0100000000002182,0,10.0
105,20s,3,106,0.5479999999997744,20.756000000000085,0,10.0
105,20s,3,107,6.966000000000122,20.49000000000001,0,10.0
105,20s,3,108,11.281999999999924,1.8559999999999943,1,10.0
105,20s,3,109,9.86999999999989,21.00999999999999,0,10.0
105,20s,3,110,13.142000000000053,1.9480000000000928,1,10.0
105,20s,3,111,11.299999999999956,0.0419999999999163,1,10.0
105,20s,3,112,1.4920000000001892,0.1339999999997871,0,10.0
105,20s,3,114,12.199999999999818,1.994000000000142,1,10.0
105,20s,3,115,13.884000000000016,1.917999999999893,1,10.0
105,20s,3,116,12.438000000000102,2.33400000000006,1,10.0
105,20s,3,117,7.799999999999955,0.1340000000000145,0,10.0
105,20s,3,119,10.243999999999916,1.7059999999999036,1,10.0
105,20s,3,120,11.358000000000176,2.0799999999999272,1,10.0
105,20s,3,121,9.64799999999991,0.0480000000000018,0,10.0
105,20s,3,123,9.20399999999995,20.62799999999993,0,10.0
105,20s,3,124,10.00200000000018,0.2779999999997926,1,10.0
105,20s,3,125,0.0260000000000673,20.28800000000001,0,10.0
105,20s,3,126,9.422000000000024,22.587999999999965,0,10.0
105,20s,3,127,10.47199999999998,0.2580000000000382,1,10.0
105,20s,3,128,0.0299999999999727,20.19399999999996,0,10.0
105,20s,3,129,11.286000000000286,,1,10.0
105,20s,4,1,13.912,1.7779999999999987,1,10.0
105,20s,4,2,1.426000000000002,0.0780000000000029,0,10.0
105,20s,4,4,12.379999999999995,5.837999999999994,1,10.0
105,20s,4,5,13.152,0.073999999999998,1,10.0
105,20s,4,6,0.1800000000000068,20.44,0,10.0
105,20s,4,7,11.876000000000005,1.837999999999994,1,10.0
105,20s,4,8,3.7719999999999914,0.0160000000000195,0,10.0
105,20s,4,10,9.602000000000004,0.1799999999999784,0,10.0
105,20s,4,12,8.777999999999992,20.52600000000001,0,10.0
105,20s,4,13,10.99799999999999,0.4420000000000073,1,10.0
105,20s,4,14,0.1620000000000061,20.359999999999985,0,10.0
105,20s,4,15,1.4800000000000182,0.0240000000000009,0,10.0
105,20s,4,17,10.97399999999999,1.433999999999969,1,10.0
105,20s,4,18,11.738,0.2760000000000104,1,10.0
105,20s,4,19,0.0860000000000127,20.55000000000001,0,10.0
105,20s,4,20,10.370000000000005,0.3639999999999759,1,10.0
105,20s,4,21,0.26400000000001,20.360000000000017,0,10.0
105,20s,4,22,15.262,0.2319999999999709,1,10.0
105,20s,4,23,0.079999999999984,20.75,0,10.0
105,20s,4,24,1.3520000000000325,0.01400000000001,0,10.0
105,20s,4,26,15.19799999999998,2.132000000000005,1,10.0
105,20s,4,27,12.884000000000016,1.2980000000000018,1,10.0
105,20s,4,28,2.312000000000012,20.27800000000002,0,10.0
105,20s,4,29,14.527999999999963,1.3179999999999836,1,10.0
105,20s,4,30,9.004000000000019,0.2139999999999986,0,10.0
105,20s,4,32,14.147999999999968,1.6840000000000828,1,10.0
105,20s,4,33,12.783999999999992,1.7939999999999827,1,10.0
105,20s,4,34,2.758000000000038,0.1359999999999672,0,10.0
105,20s,4,36,1.2180000000000746,0.0419999999999163,0,10.0
105,20s,4,38,1.3579999999999472,0.1940000000000736,0,10.0
105,20s,4,40,0.75,0.0019999999999527,0,10.0
105,20s,4,41,1.01400000000001,19.25,0,10.0
105,20s,4,42,14.015999999999964,0.1879999999999881,1,10.0
105,20s,4,43,0.1080000000000609,20.388000000000034,0,10.0
105,20s,4,44,15.110000000000014,0.0039999999999054,1,10.0
105,20s,4,45,0.211999999999989,20.578000000000088,0,10.0
105,20s,4,46,14.63799999999992,0.2560000000000855,1,10.0
105,20s,4,47,0.0799999999999272,20.51400000000001,0,10.0
105,20s,4,48,18.019999999999985,0.2340000000000373,1,10.0
105,20s,4,49,0.0639999999999645,20.639999999999983,0,10.0
105,20s,4,50,0.1280000000000427,0.0520000000000209,0,10.0
105,20s,4,52,16.29600000000005,3.2759999999999536,1,10.0
105,20s,4,53,13.714000000000055,0.5539999999999736,1,10.0
105,20s,4,54,0.1399999999999863,21.23599999999999,0,10.0
105,20s,4,55,14.244000000000028,0.1280000000000427,1,10.0
105,20s,4,56,0.0599999999999454,0.0720000000000027,0,10.0
105,20s,4,58,0.0500000000000682,0.0459999999999354,0,10.0
105,20s,4,60,11.05200000000002,1.4879999999999427,1,10.0
105,20s,4,61,8.774000000000001,20.47199999999998,0,10.0
105,20s,4,62,14.33400000000006,1.6059999999999943,1,10.0
105,20s,4,63,3.9220000000000255,0.1680000000000063,0,10.0
105,20s,4,65,13.481999999999973,1.6399999999999864,1,10.0
105,20s,4,66,14.470000000000027,1.3659999999999854,1,10.0
105,20s,4,67,5.206000000000017,0.02800000000002,0,10.0
105,20s,4,69,12.877999999999927,0.2560000000000855,1,10.0
105,20s,4,70,0.0499999999999545,20.27800000000002,0,10.0
105,20s,4,71,16.013999999999896,0.2340000000001509,1,10.0
105,20s,4,72,0.0480000000000018,20.28599999999983,0,10.0
105,20s,4,73,12.860000000000127,0.1179999999999381,1,10.0
105,20s,4,74,0.1539999999999963,20.582000000000107,0,10.0
105,20s,4,75,13.717999999999847,1.259999999999991,1,10.0
105,20s,4,76,10.976000000000113,0.1479999999999108,1,10.0
105,20s,4,77,0.1739999999999781,21.282000000000153,0,10.0
105,20s,4,78,18.153999999999996,1.7079999999998563,1,10.0
105,20s,4,79,9.512000000000173,0.0039999999999054,0,10.0
105,20s,4,80,0.3199999999999363,19.968000000000075,0,10.0
105,20s,4,81,16.807999999999993,1.7439999999999145,1,10.0
105,20s,4,82,14.678000000000113,1.4279999999998836,1,10.0
105,20s,4,83,13.554000000000087,3.8320000000001073,1,10.0
105,20s,4,84,14.83199999999988,2.2280000000000655,1,10.0
105,20s,4,85,17.54600000000005,1.695999999999913,1,10.0
105,20s,4,86,2.043999999999869,0.1020000000000891,0,10.0
105,20s,4,88,19.355999999999995,1.3900000000001,1,10.0
105,20s,4,89,16.354000000000042,2.7480000000000473,1,10.0
105,20s,4,90,5.475999999999885,0.0099999999999909,0,10.0
105,20s,4,91,0.6959999999999127,19.77000000000021,0,10.0
105,20s,4,92,19.253999999999905,2.1259999999999764,1,10.0
105,20s,4,93,14.902000000000044,2.6119999999998527,1,10.0
105,20s,4,94,18.67600000000016,2.467999999999847,1,10.0
105,20s,4,95,18.912000000000035,3.1180000000001655,1,10.0
105,20s,4,96,16.50799999999981,2.6660000000001673,1,10.0
105,20s,4,97,6.55399999999986,0.1920000000000072,0,10.0
105,20s,4,99,14.86999999999989,2.2940000000000964,1,10.0
105,20s,4,100,13.645999999999958,2.071999999999889,1,10.0
105,20s,4,101,13.662000000000036,0.0540000000000873,1,10.0
105,20s,4,102,0.2480000000000473,20.955999999999904,0,10.0
105,20s,4,103,23.163999999999987,1.91800000000012,1,10.0
105,20s,4,104,15.2199999999998,2.3920000000000528,1,10.0
105,20s,4,105,16.536000000000058,2.7799999999999727,1,10.0
105,20s,4,106,0.2819999999999254,0.0340000000001055,0,10.0
105,20s,4,108,25.429999999999836,3.75,1,10.0
105,20s,4,109,0.0700000000001637,0.0899999999999181,0,10.0
105,20s,4,111,19.61200000000008,1.389999999999873,1,10.0
105,20s,4,112,13.192000000000007,2.2740000000001146,1,10.0
105,20s,4,113,11.223999999999933,2.6140000000000327,1,10.0
105,20s,4,114,15.657999999999902,2.711999999999989,1,10.0
105,20s,4,115,4.032000000000153,0.0380000000000109,0,10.0
105,20s,4,117,2.7919999999999163,20.52800000000002,0,10.0
105,20s,4,118,11.20399999999995,2.0779999999999745,1,10.0
105,20s,4,119,11.840000000000146,2.7819999999999254,1,10.0
105,20s,4,120,12.566000000000033,2.5779999999999745,1,10.0
105,20s,4,121,12.105999999999996,3.395999999999958,1,10.0
105,20s,4,122,15.58400000000006,,1,10.0
105,20s,5,1,7.9460000000000015,20.52999999999999,0,10.0
105,20s,5,2,10.531999999999996,1.490000000000009,1,10.0
105,20s,5,3,4.090000000000003,0.1199999999999903,0,10.0
105,20s,5,5,0.0780000000000029,0.0439999999999969,0,10.0
105,20s,5,7,1.1879999999999882,0.0480000000000018,0,10.0
105,20s,5,9,10.232,0.2720000000000198,1,10.0
105,20s,5,10,0.1119999999999947,21.090000000000003,0,10.0
105,20s,5,11,11.381999999999977,0.318000000000012,1,10.0
105,20s,5,12,0.0440000000000111,20.409999999999997,0,10.0
105,20s,5,13,13.711999999999987,1.6800000000000068,1,10.0
105,20s,5,14,17.150000000000006,1.489999999999981,1,10.0
105,20s,5,15,14.830000000000013,2.0720000000000027,1,10.0
105,20s,5,16,2.3259999999999934,0.1479999999999961,0,10.0
105,20s,5,18,3.435999999999978,0.0199999999999818,0,10.0
105,20s,5,20,11.476,1.504000000000019,1,10.0
105,20s,5,21,13.395999999999958,1.9260000000000448,1,10.0
105,20s,5,22,14.159999999999968,1.646000000000015,1,10.0
105,20s,5,23,10.490000000000007,2.7199999999999704,1,10.0
105,20s,5,24,16.124000000000024,2.288000000000011,1,10.0
105,20s,5,25,15.461999999999987,2.4039999999999964,1,10.0
105,20s,5,26,8.053999999999974,0.1140000000000327,0,10.0
105,20s,5,28,14.163999999999987,1.9680000000000175,1,10.0
105,20s,5,29,3.2280000000000086,0.0840000000000031,0,10.0
105,20s,5,31,17.28000000000003,1.9420000000000073,1,10.0
105,20s,5,32,17.5,1.7899999999999636,1,10.0
105,20s,5,33,15.132000000000062,0.0299999999999727,1,10.0
105,20s,5,34,0.1939999999999599,21.168000000000006,0,10.0
105,20s,5,35,1.994000000000028,0.0199999999999818,0,10.0
105,20s,5,37,0.0480000000000018,0.0079999999999245,0,10.0
105,20s,5,38,0.7839999999999918,19.632000000000065,0,10.0
105,20s,5,39,14.601999999999975,1.3179999999999836,1,10.0
105,20s,5,40,13.550000000000068,2.061999999999898,1,10.0
105,20s,5,41,3.854000000000042,20.327999999999975,0,10.0
105,20s,5,42,14.423999999999978,1.3920000000000528,1,10.0
105,20s,5,43,13.659999999999968,2.024000000000001,1,10.0
105,20s,5,44,11.61200000000008,2.3199999999999363,1,10.0
105,20s,5,45,12.566000000000033,4.19399999999996,1,10.0
105,20s,5,46,18.090000000000032,2.07000000000005,1,10.0
105,20s,5,47,3.323999999999955,0.2379999999999427,0,10.0
105,20s,5,49,1.9680000000000744,0.0240000000000009,0,10.0
105,20s,5,51,17.223999999999933,2.352000000000089,1,10.0
105,20s,5,52,13.185999999999922,2.5120000000000573,1,10.0
105,20s,5,53,9.976,20.747999999999937,0,10.0
105,20s,5,54,11.408000000000015,1.8659999999999857,1,10.0
105,20s,5,55,10.629999999999995,1.86200000000008,1,10.0
105,20s,5,56,10.615999999999984,2.655999999999949,1,10.0
105,20s,5,57,9.378000000000045,20.5,0,10.0
105,20s,5,58,11.727999999999952,1.8700000000000043,1,10.0
105,20s,5,59,14.870000000000005,2.254000000000019,1,10.0
105,20s,5,60,12.456000000000016,2.213999999999942,1,10.0
105,20s,5,61,11.105999999999996,2.352000000000089,1,10.0
105,20s,5,62,12.605999999999996,3.4460000000000264,1,10.0
105,20s,5,63,12.603999999999928,3.0539999999999736,1,10.0
105,20s,5,64,13.724000000000046,2.868000000000052,1,10.0
105,20s,5,65,15.331999999999994,2.669999999999959,1,10.0
105,20s,5,66,15.969999999999914,2.5779999999999745,1,10.0
105,20s,5,67,11.370000000000118,2.7999999999999545,1,10.0
105,20s,5,68,11.751999999999953,3.3880000000001473,1,10.0
105,20s,5,69,0.349999999999909,0.0520000000001346,0,10.0
105,20s,5,71,11.307999999999993,3.689999999999827,1,10.0
105,20s,5,72,7.886000000000195,0.1079999999999472,0,10.0
105,20s,5,74,8.771999999999935,0.2160000000001218,0,10.0
105,20s,5,76,12.39799999999991,3.040000000000191,1,10.0
105,20s,5,77,10.099999999999907,3.3740000000000236,1,10.0
105,20s,5,78,3.4479999999998654,0.1940000000001873,0,10.0
105,20s,5,80,5.440000000000055,0.2039999999999509,0,10.0
105,20s,5,82,0.0820000000001073,0.0239999999998872,0,10.0
105,20s,5,84,11.384000000000016,1.5199999999999818,1,10.0
105,20s,5,85,8.422000000000025,20.42600000000016,0,10.0
105,20s,5,86,12.692000000000007,1.3840000000000146,1,10.0
105,20s,5,87,10.9699999999998,1.4300000000000637,1,10.0
105,20s,5,88,12.557999999999993,2.1000000000001364,1,10.0
105,20s,5,89,12.745999999999867,3.1480000000001382,1,10.0
105,20s,5,90,12.981999999999973,2.2619999999999436,1,10.0
105,20s,5,91,9.576000000000022,0.1079999999999472,0,10.0
105,20s,5,93,14.759999999999993,1.9020000000000437,1,10.0
105,20s,5,94,11.72199999999998,2.839999999999918,1,10.0
105,20s,5,95,12.673999999999978,3.1420000000000528,1,10.0
105,20s,5,96,1.8940000000000057,20.246000000000095,0,10.0
105,20s,5,97,15.375999999999976,1.811999999999898,1,10.0
105,20s,5,98,13.016000000000076,3.2799999999999727,1,10.0
105,20s,5,99,13.587999999999964,2.6579999999999018,1,10.0
105,20s,5,100,11.222000000000207,1.8719999999998436,1,10.0
105,20s,5,101,8.231999999999971,20.27200000000016,0,10.0
105,20s,5,102,8.77800000000002,0.2239999999999327,0,10.0
105,20s,5,104,15.509999999999993,1.543999999999869,1,10.0
105,20s,5,105,10.762000000000173,2.0499999999999545,1,10.0
105,20s,5,106,11.503999999999904,2.964000000000169,1,10.0
105,20s,5,107,11.038000000000013,3.1799999999998363,1,10.0
105,20s,5,108,9.395999999999958,20.336000000000013,0,10.0
105,20s,5,109,16.198000000000093,2.880000000000109,1,10.0
105,20s,5,110,14.579999999999927,3.099999999999909,1,10.0
105,20s,5,111,9.878000000000156,20.73199999999997,0,10.0
105,20s,5,112,14.935999999999922,3.5119999999999436,1,10.0
105,20s,5,113,1.8020000000001344,0.1159999999999854,0,10.0
105,20s,5,115,11.144000000000004,2.0039999999999054,1,10.0
105,20s,5,116,13.951999999999998,2.622000000000071,1,10.0
105,20s,5,117,11.439999999999827,2.9580000000000837,1,10.0
105,20s,5,118,1.1200000000001182,0.0319999999999254,0,10.0
105,20s,5,120,12.95399999999995,2.8379999999999654,1,10.0
105,20s,5,121,11.508000000000038,,1,10.0
105,20s,6,1,3.355999999999998,21.046,0,10.0
105,20s,6,2,9.844000000000008,20.34399999999999,0,10.0
105,20s,6,3,11.820000000000007,1.597999999999999,1,10.0
105,20s,6,4,10.953999999999994,1.3140000000000072,1,10.0
105,20s,6,5,14.449999999999989,1.5820000000000078,1,10.0
105,20s,6,6,1.4699999999999989,20.301999999999992,0,10.0
105,20s,6,7,13.524,1.9720000000000084,1,10.0
105,20s,6,8,2.337999999999994,21.140000000000015,0,10.0
105,20s,6,9,11.145999999999988,1.4159999999999968,1,10.0
105,20s,6,10,11.402000000000015,1.7339999999999804,1,10.0
105,20s,6,11,10.51400000000001,1.9300000000000068,1,10.0
105,20s,6,12,1.921999999999997,20.97399999999999,0,10.0
105,20s,6,13,10.53600000000003,0.1239999999999668,1,10.0
105,20s,6,14,0.04200000000003,20.317999999999984,0,10.0
105,20s,6,15,8.887999999999977,21.124000000000024,0,10.0
105,20s,6,16,0.3519999999999754,0.0120000000000004,0,10.0
105,20s,6,18,10.837999999999964,1.1720000000000257,1,10.0
105,20s,6,19,8.349999999999966,20.612000000000023,0,10.0
105,20s,6,20,9.177999999999995,20.19,0,10.0
105,20s,6,21,8.52600000000001,0.0639999999999645,0,10.0
105,20s,6,23,10.94599999999997,1.504000000000019,1,10.0
105,20s,6,24,3.551999999999964,20.418000000000006,0,10.0
105,20s,6,25,11.240000000000007,1.76400000000001,1,10.0
105,20s,6,26,8.079999999999984,20.295999999999992,0,10.0
105,20s,6,27,11.433999999999967,1.34800000000007,1,10.0
105,20s,6,28,9.299999999999956,0.1280000000000427,0,10.0
105,20s,6,30,12.597999999999956,1.711999999999989,1,10.0
105,20s,6,31,9.244000000000028,20.331999999999994,0,10.0
105,20s,6,32,7.961999999999989,0.0380000000000109,0,10.0
105,20s,6,34,14.491999999999962,1.344000000000051,1,10.0
105,20s,6,35,12.097999999999956,1.84800000000007,1,10.0
105,20s,6,36,12.017999999999915,2.0120000000000573,1,10.0
105,20s,6,37,12.230000000000018,1.966000000000008,1,10.0
105,20s,6,38,7.945999999999913,20.200000000000045,0,10.0
105,20s,6,39,12.159999999999968,1.622000000000071,1,10.0
105,20s,6,40,9.381999999999948,20.166000000000057,0,10.0
105,20s,6,41,3.5879999999999654,0.0620000000000118,0,10.0
105,20s,6,43,9.199999999999932,0.1240000000000236,0,10.0
105,20s,6,45,11.519999999999982,1.44399999999996,1,10.0
105,20s,6,46,12.765999999999964,1.2280000000000657,1,10.0
105,20s,6,47,10.283999999999992,1.4460000000000264,1,10.0
105,20s,6,48,3.19399999999996,0.0960000000000036,0,10.0
105,20s,6,50,12.587999999999964,1.5299999999999727,1,10.0
105,20s,6,51,14.375999999999976,1.6760000000000446,1,10.0
105,20s,6,52,9.970000000000027,0.0839999999999463,0,10.0
105,20s,6,54,12.0,1.6739999999999782,1,10.0
105,20s,6,55,13.487999999999944,1.6660000000000537,1,10.0
105,20s,6,56,8.283999999999992,20.69799999999998,0,10.0
105,20s,6,57,14.846000000000004,0.0260000000000673,1,10.0
105,20s,6,58,0.1539999999999963,20.58999999999992,0,10.0
105,20s,6,59,15.302000000000136,1.33199999999988,1,10.0
105,20s,6,60,14.019999999999982,1.716000000000122,1,10.0
105,20s,6,61,7.435999999999922,0.11200000000008,0,10.0
105,20s,6,63,14.720000000000027,1.2960000000000491,1,10.0
105,20s,6,64,11.627999999999927,4.94399999999996,1,10.0
105,20s,6,65,0.3360000000000127,21.218000000000075,0,10.0
105,20s,6,66,11.27800000000002,1.38799999999992,1,10.0
105,20s,6,67,13.096000000000004,3.0860000000000127,1,10.0
105,20s,6,68,3.5799999999999272,20.251999999999953,0,10.0
105,20s,6,69,9.784000000000106,0.0419999999999163,0,10.0
105,20s,6,71,10.451999999999998,1.231999999999971,1,10.0
105,20s,6,72,12.544000000000096,1.5639999999998508,1,10.0
105,20s,6,73,10.562000000000126,1.6700000000000728,1,10.0
105,20s,6,74,9.77800000000002,20.169999999999845,0,10.0
105,20s,6,75,3.52800000000002,20.223999999999933,0,10.0
105,20s,6,76,12.052000000000136,1.417999999999893,1,10.0
105,20s,6,77,16.913999999999987,1.9540000000001785,1,10.0
105,20s,6,78,16.083999999999833,1.554000000000087,1,10.0
105,20s,6,79,17.927999999999884,1.7560000000000855,1,10.0
105,20s,6,80,3.768000000000029,20.319999999999936,0,10.0
105,20s,6,81,0.1300000000001091,0.0059999999998581,0,10.0
105,20s,6,82,0.7560000000000855,19.511999999999944,0,10.0
105,20s,6,83,15.836000000000013,1.4839999999999236,1,10.0
105,20s,6,84,17.256000000000085,2.3420000000000982,1,10.0
105,20s,6,85,14.0,0.3559999999999945,1,10.0
105,20s,6,86,0.2639999999998963,21.153999999999996,0,10.0
105,20s,6,87,13.309999999999944,1.2300000000000182,1,10.0
105,20s,6,88,12.238000000000056,1.4919999999999618,1,10.0
105,20s,6,89,10.582000000000107,0.0979999999999563,1,10.0
105,20s,6,90,0.1020000000000891,20.523999999999887,0,10.0
105,20s,6,91,10.576000000000022,1.2940000000000964,1,10.0
105,20s,6,92,15.873999999999796,2.5800000000001546,1,10.0
105,20s,6,93,10.210000000000036,3.2239999999999327,1,10.0
105,20s,6,94,1.2539999999999054,0.0640000000000782,0,10.0
105,20s,6,96,4.432000000000016,0.0080000000000381,0,10.0
105,20s,6,97,0.6240000000000236,19.892000000000053,0,10.0
105,20s,6,98,11.973999999999933,2.548000000000002,1,10.0
105,20s,6,99,11.347999999999956,1.7820000000001528,1,10.0
105,20s,6,100,13.861999999999853,1.7460000000000946,1,10.0
105,20s,6,101,4.298000000000002,0.0979999999999563,0,10.0
105,20s,6,103,14.144000000000004,1.5600000000001728,1,10.0
105,20s,6,104,11.885999999999967,3.8579999999999472,1,10.0
105,20s,6,105,12.829999999999927,9.542000000000144,1,10.0
105,20s,6,106,12.19399999999996,3.1499999999998636,1,10.0
105,20s,6,107,9.040000000000193,20.79399999999987,0,10.0
105,20s,6,108,9.35200000000009,20.192000000000007,0,10.0
105,20s,6,109,9.642000000000053,20.189999999999827,0,10.0
105,20s,6,110,0.0800000000001546,0.0119999999999436,0,10.0
105,20s,6,112,11.738000000000056,1.7699999999999818,1,10.0
105,20s,6,113,11.135999999999967,1.9540000000001785,1,10.0
105,20s,6,114,9.463999999999942,20.266000000000076,0,10.0
105,20s,6,115,10.661999999999807,,1,10.0
106,20s,1,1,0.8179999999999978,21.58600000000001,0,10.0
106,20s,1,2,0.4159999999999968,21.933999999999997,0,10.0
106,20s,1,3,1.7960000000000065,0.0720000000000027,0,10.0
106,20s,1,6,1.3260000000000076,0.1559999999999917,0,10.0
106,20s,1,11,0.769999999999996,21.251999999999995,0,10.0
106,20s,1,12,0.1980000000000075,22.24799999999999,0,10.0
106,20s,1,13,0.4000000000000057,0.4459999999999979,0,10.0
106,20s,1,15,0.1740000000000066,0.0579999999999927,0,10.0
106,20s,1,17,0.3179999999999836,0.0380000000000109,0,10.0
106,20s,1,19,0.5459999999999923,21.958000000000027,0,10.0
106,20s,1,20,0.3059999999999832,23.394000000000005,0,10.0
106,20s,1,21,0.6719999999999686,35.96800000000002,0,10.0
106,20s,1,22,0.2620000000000004,22.646000000000015,0,10.0
106,20s,1,23,0.1440000000000054,0.0859999999999558,0,10.0
106,20s,1,25,3.6719999999999686,0.0840000000000031,0,10.0
106,20s,1,29,1.1659999999999968,0.1040000000000418,0,10.0
106,20s,1,31,3.4259999999999877,0.0439999999999827,0,10.0
106,20s,1,33,1.1340000000000146,26.372000000000018,0,10.0
106,20s,1,34,4.937999999999988,0.1000000000000227,0,10.0
106,20s,1,36,2.2060000000000173,0.0699999999999931,0,10.0
106,20s,1,38,8.634000000000015,0.0380000000000109,0,10.0
106,20s,1,40,7.3799999999999955,22.85400000000004,0,10.0
106,20s,1,41,0.4700000000000273,0.0179999999999154,0,10.0
106,20s,1,43,4.081999999999994,0.0539999999999736,0,10.0
106,20s,1,45,6.344000000000051,21.89599999999996,0,10.0
106,20s,1,46,4.717999999999961,0.1280000000000427,0,10.0
106,20s,1,48,9.648000000000025,0.0960000000000036,0,10.0
106,20s,1,50,0.2420000000000755,0.0599999999999454,0,10.0
106,20s,1,52,3.7519999999999527,0.0900000000000318,0,10.0
106,20s,1,54,5.70799999999997,0.0660000000000309,0,10.0
106,20s,1,56,5.4360000000000355,0.1219999999999572,0,10.0
106,20s,1,58,1.3279999999999743,0.0640000000000782,0,10.0
106,20s,1,60,0.1899999999999408,0.0439999999999827,0,10.0
106,20s,1,63,3.86200000000008,37.81599999999992,0,10.0
106,20s,1,64,8.780000000000086,24.65599999999995,0,10.0
106,20s,1,65,10.139999999999986,6.638000000000034,1,10.0
106,20s,1,66,2.009999999999991,22.39799999999991,0,10.0
106,20s,1,67,10.644000000000004,4.02800000000002,1,10.0
106,20s,1,68,4.100000000000136,0.1219999999998435,0,10.0
106,20s,1,70,3.4580000000000837,20.855999999999995,0,10.0
106,20s,1,71,5.480000000000018,24.455999999999904,0,10.0
106,20s,1,72,3.625999999999976,22.59400000000005,0,10.0
106,20s,1,73,0.8160000000000309,0.1020000000000891,0,10.0
106,20s,1,75,3.3479999999999563,20.968000000000075,0,10.0
106,20s,1,76,3.794000000000096,0.0519999999999072,0,10.0
106,20s,1,78,3.3619999999998527,0.0260000000000673,0,10.0
106,20s,1,80,6.564000000000078,20.697999999999865,0,10.0
106,20s,1,81,1.5340000000001055,0.0199999999999818,0,10.0
106,20s,1,83,2.88799999999992,22.932000000000016,0,10.0
106,20s,1,84,3.6959999999999127,21.098000000000184,0,10.0
106,20s,1,85,0.8079999999999927,0.1059999999999945,0,10.0
106,20s,1,87,3.3920000000000528,23.192000000000007,0,10.0
106,20s,1,88,5.625999999999976,20.88000000000011,0,10.0
106,20s,1,89,3.759999999999991,22.281999999999925,0,10.0
106,20s,1,90,0.47199999999998,0.0640000000000782,0,10.0
106,20s,1,92,1.3840000000000146,20.697999999999865,0,10.0
106,20s,1,93,3.4500000000000455,22.294000000000096,0,10.0
106,20s,1,94,0.3840000000000145,0.08400000000006,0,10.0
106,20s,1,96,0.4000000000000909,0.0699999999999363,0,10.0
106,20s,1,98,3.0579999999999927,20.83400000000006,0,10.0
106,20s,1,99,0.5219999999999345,0.043999999999869,0,10.0
106,20s,1,101,4.788000000000011,0.1440000000000054,0,10.0
106,20s,1,103,6.829999999999927,23.462000000000216,0,10.0
106,20s,1,104,8.179999999999836,26.986000000000104,0,10.0
106,20s,1,105,0.2419999999999618,0.0699999999999363,0,10.0
106,20s,1,107,1.594000000000051,24.06600000000003,0,10.0
106,20s,1,108,0.2799999999999727,0.0399999999999636,0,10.0
106,20s,1,110,0.36200000000008,0.0360000000000582,0,10.0
106,20s,1,112,3.688000000000102,0.0940000000000509,0,10.0
106,20s,1,114,4.598000000000184,0.043999999999869,0,10.0
106,20s,1,116,1.5260000000000673,0.0900000000001455,0,10.0
106,20s,1,118,1.344000000000051,0.0480000000000018,0,10.0
106,20s,1,120,3.509999999999991,0.1579999999999017,0,10.0
106,20s,1,122,3.3040000000000873,22.853999999999814,0,10.0
106,20s,1,123,1.106000000000222,0.0839999999998326,0,10.0
106,20s,1,125,0.2880000000000109,0.0540000000000873,0,10.0
106,20s,1,127,4.526000000000295,50.88599999999997,0,10.0
106,20s,1,128,0.5499999999997272,58.13999999999987,0,10.0
106,20s,1,129,4.3080000000004475,0.1359999999999672,0,10.0
106,20s,1,131,3.953999999999723,0.1539999999999963,0,10.0
106,20s,1,133,6.710000000000036,0.1399999999998726,0,10.0
106,20s,1,135,1.6179999999999382,0.0419999999999163,0,10.0
106,20s,1,137,0.7579999999998108,0.0640000000003055,0,10.0
106,20s,1,139,1.8380000000001928,0.043999999999869,0,10.0
106,20s,1,141,4.951999999999771,50.42399999999998,0,10.0
106,20s,1,142,0.8600000000001273,0.11200000000008,0,10.0
106,20s,1,144,1.38799999999992,0.0720000000001164,0,10.0
106,20s,1,146,0.7599999999997635,,0,10.0
106,20s,2,1,1.5699999999999932,0.0420000000000015,0,10.0
106,20s,2,3,12.794000000000004,0.0639999999999929,1,10.0
106,20s,2,4,0.6380000000000052,21.123999999999995,0,10.0
106,20s,2,5,1.3059999999999974,0.0460000000000064,0,10.0
106,20s,2,7,0.1700000000000017,23.117999999999995,0,10.0
106,20s,2,8,5.909999999999997,0.0879999999999938,0,10.0
106,20s,2,10,4.563999999999993,0.0060000000000002,0,10.0
106,20s,2,11,0.5679999999999836,20.152000000000015,0,10.0
106,20s,2,12,1.2719999999999914,0.0300000000000011,0,10.0
106,20s,2,14,0.3659999999999854,0.0600000000000022,0,10.0
106,20s,2,16,0.9279999999999972,0.0600000000000022,0,10.0
106,20s,2,18,3.5979999999999563,0.0579999999999927,0,10.0
106,20s,2,20,0.6720000000000255,0.0860000000000127,0,10.0
106,20s,2,22,0.6599999999999682,0.0480000000000018,0,10.0
106,20s,2,24,2.94399999999996,0.0699999999999931,0,10.0
106,20s,2,26,2.5679999999999836,0.093999999999994,0,10.0
106,20s,2,28,6.328000000000031,0.0419999999999731,0,10.0
106,20s,2,30,0.825999999999965,0.0720000000000027,0,10.0
106,20s,2,32,1.0839999999999463,0.0200000000000954,0,10.0
106,20s,2,34,0.87399999999991,0.07000000000005,0,10.0
106,20s,2,36,2.3279999999999745,0.04200000000003,0,10.0
106,20s,2,38,1.5640000000000782,0.0699999999999363,0,10.0
106,20s,2,40,0.3360000000000127,0.1119999999999663,0,10.0
106,20s,2,42,5.118000000000052,0.1200000000000045,0,10.0
106,20s,2,44,3.69399999999996,0.0360000000000582,0,10.0
106,20s,2,46,8.586000000000013,0.0339999999999918,0,10.0
106,20s,2,48,0.1599999999999681,0.0439999999999827,0,10.0
106,20s,2,50,1.26400000000001,0.0360000000000582,0,10.0
106,20s,2,52,0.2699999999999818,0.0880000000000791,0,10.0
106,20s,2,54,10.08000000000004,4.669999999999959,1,10.0
106,20s,2,55,1.1920000000000073,0.0360000000000582,0,10.0
106,20s,2,57,5.375999999999976,21.040000000000077,0,10.0
106,20s,2,58,1.51400000000001,0.0779999999999745,0,10.0
106,20s,2,60,5.480000000000018,20.765999999999963,0,10.0
106,20s,2,61,0.7860000000000582,0.0559999999999263,0,10.0
106,20s,2,63,3.6099999999999,0.2320000000000845,0,10.0
106,20s,2,65,4.9220000000000255,0.0380000000000109,0,10.0
106,20s,2,67,8.998000000000047,22.875999999999976,0,10.0
106,20s,2,68,0.6720000000000255,0.0579999999999927,0,10.0
106,20s,2,70,3.1039999999998145,0.0480000000000018,0,10.0
106,20s,2,72,0.6539999999999964,0.0399999999999636,0,10.0
106,20s,2,74,4.657999999999902,51.809999999999945,0,10.0
106,20s,2,75,1.1180000000001655,0.0419999999999163,0,10.0
106,20s,2,77,1.9019999999998165,0.0879999999999654,0,10.0
106,20s,2,79,0.4839999999999236,0.0399999999999636,0,10.0
106,20s,2,81,2.259999999999991,0.1259999999999763,0,10.0
106,20s,2,83,5.201999999999998,22.57400000000007,0,10.0
106,20s,2,84,5.107999999999947,21.463999999999945,0,10.0
106,20s,2,85,0.3199999999999363,0.0600000000001728,0,10.0
106,20s,2,87,7.163999999999987,20.96199999999999,0,10.0
106,20s,2,88,1.0160000000000764,0.05600000000004,0,10.0
106,20s,2,90,8.985999999999876,20.998000000000047,0,10.0
106,20s,2,91,2.1920000000000073,0.1259999999999763,0,10.0
106,20s,2,93,12.289999999999964,0.0319999999999254,1,10.0
106,20s,2,94,0.3420000000000982,21.448000000000093,0,10.0
106,20s,2,95,2.935999999999922,0.183999999999969,0,10.0
106,20s,2,97,0.1040000000000418,0.0480000000000018,0,10.0
106,20s,2,99,11.240000000000007,2.6140000000000327,1,10.0
106,20s,2,100,1.8799999999998815,0.0760000000000218,0,10.0
106,20s,2,102,9.61200000000008,20.807999999999993,0,10.0
106,20s,2,103,0.2019999999999981,0.0340000000001055,0,10.0
106,20s,2,105,9.491999999999962,20.76599999999985,0,10.0
106,20s,2,106,2.754000000000133,0.0519999999999072,0,10.0
106,20s,2,108,7.263999999999896,0.1059999999999945,0,10.0
106,20s,2,110,0.1759999999999308,0.0340000000001055,0,10.0
106,20s,2,112,10.488000000000056,2.86200000000008,1,10.0
106,20s,2,113,3.561999999999898,0.0760000000000218,0,10.0
106,20s,2,115,5.748000000000047,20.855999999999995,0,10.0
106,20s,2,116,16.95399999999995,2.5679999999999836,1,10.0
106,20s,2,117,6.819999999999936,20.817999999999984,0,10.0
106,20s,2,118,4.282000000000153,0.0399999999999636,0,10.0
106,20s,2,120,1.1320000000000618,0.0440000000000964,0,10.0
106,20s,2,122,11.162000000000036,2.1639999999999873,1,10.0
106,20s,2,123,1.0119999999999436,0.0480000000000018,0,10.0
106,20s,2,125,10.407999999999902,2.4420000000000073,1,10.0
106,20s,2,126,9.586000000000013,21.799999999999955,0,10.0
106,20s,2,127,3.738000000000056,22.468000000000075,0,10.0
106,20s,2,128,15.061999999999898,2.0860000000000127,1,10.0
106,20s,2,129,6.128000000000156,21.827999999999975,0,10.0
106,20s,2,130,10.465999999999894,2.08400000000006,1,10.0
106,20s,2,131,14.543999999999867,2.5540000000000873,1,10.0
106,20s,2,132,3.3899999999998727,0.1759999999999308,0,10.0
106,20s,2,134,6.089999999999691,20.98199999999997,0,10.0
106,20s,2,135,4.47400000000016,20.829999999999927,0,10.0
106,20s,2,136,6.192000000000007,0.0300000000002,0,10.0
106,20s,2,138,10.029999999999744,1.968000000000302,1,10.0
106,20s,2,139,2.7779999999997926,0.0920000000000982,0,10.0
106,20s,2,141,6.322000000000116,21.208000000000084,0,10.0
106,20s,2,142,8.851999999999862,20.799999999999727,0,10.0
106,20s,2,143,3.7840000000001055,0.068000000000211,0,10.0
106,20s,2,145,8.849999999999909,21.273999999999887,0,10.0
106,20s,2,146,8.908000000000357,20.9079999999999,0,10.0
106,20s,2,147,12.269999999999982,2.36200000000008,1,10.0
106,20s,2,148,9.516000000000076,20.949999999999815,0,10.0
106,20s,2,149,8.217999999999847,21.208000000000084,0,10.0
106,20s,2,150,1.389999999999873,0.0620000000003528,0,10.0
106,20s,2,152,8.94399999999996,0.1020000000003165,0,10.0
106,20s,2,154,5.38799999999992,20.827999999999975,0,10.0
106,20s,2,155,11.481999999999973,2.548000000000229,1,10.0
106,20s,2,156,4.779999999999745,0.0920000000000982,0,10.0
106,20s,2,158,7.059999999999945,0.1340000000000145,0,10.0
106,20s,3,1,3.776,0.1019999999999967,0,10.0
106,20s,3,3,0.456000000000003,0.0219999999999984,0,10.0
106,20s,3,5,1.6939999999999884,0.0420000000000015,0,10.0
106,20s,3,7,0.2560000000000002,0.0120000000000004,0,10.0
106,20s,3,9,2.6580000000000013,0.0459999999999922,0,10.0
106,20s,3,11,1.509999999999991,0.0420000000000015,0,10.0
106,20s,3,13,3.9899999999999807,0.0460000000000206,0,10.0
106,20s,3,15,0.039999999999992,0.0200000000000102,0,10.0
106,20s,3,17,8.430000000000007,20.924000000000007,0,10.0
106,20s,3,18,1.8959999999999584,0.07000000000005,0,10.0
106,20s,3,21,2.786000000000002,0.0380000000000109,0,10.0
106,20s,3,23,7.418000000000006,0.0260000000000104,0,10.0
106,20s,3,25,2.0,0.0360000000000013,0,10.0
106,20s,3,27,5.5919999999999845,0.04200000000003,0,10.0
106,20s,3,29,0.1399999999999863,22.78200000000004,0,10.0
106,20s,3,30,0.3379999999999654,0.0339999999999918,0,10.0
106,20s,3,32,11.775999999999954,4.0160000000000196,1,10.0
106,20s,3,33,0.7040000000000077,0.1599999999999681,0,10.0
106,20s,3,35,4.711999999999989,20.99000000000001,0,10.0
106,20s,3,36,3.4220000000000255,0.0699999999999363,0,10.0
106,20s,3,38,0.0619999999998981,0.0380000000000109,0,10.0
106,20s,3,40,5.8559999999999945,0.1440000000000054,0,10.0
106,20s,3,42,3.6980000000000928,0.0439999999999827,0,10.0
106,20s,3,44,0.2180000000000745,0.0939999999999372,0,10.0
106,20s,3,46,0.1739999999999781,0.04200000000003,0,10.0
106,20s,3,48,5.685999999999922,21.00999999999999,0,10.0
106,20s,3,49,10.840000000000032,2.6240000000000236,1,10.0
106,20s,3,50,3.1359999999999673,0.0760000000000218,0,10.0
106,20s,3,52,0.45799999999997,0.02800000000002,0,10.0
106,20s,3,54,6.289999999999964,21.05200000000002,0,10.0
106,20s,3,55,7.127999999999929,22.55600000000004,0,10.0
106,20s,3,56,5.676000000000045,22.013999999999896,0,10.0
106,20s,3,57,9.424000000000092,20.841999999999985,0,10.0
106,20s,3,58,2.024000000000001,0.0319999999999254,0,10.0
106,20s,3,60,9.100000000000025,21.00400000000002,0,10.0
106,20s,3,61,7.789999999999964,20.861999999999966,0,10.0
106,20s,3,62,9.676000000000045,0.0220000000000482,0,10.0
106,20s,3,64,11.72199999999998,2.79200000000003,1,10.0
106,20s,3,65,9.418000000000006,20.817999999999984,0,10.0
106,20s,3,66,0.4460000000000264,0.02800000000002,0,10.0
106,20s,3,68,10.238000000000056,4.195999999999913,1,10.0
106,20s,3,69,9.951999999999998,21.105999999999995,0,10.0
106,20s,3,70,0.3460000000000036,0.0380000000000109,0,10.0
106,20s,3,72,8.319999999999936,21.743999999999915,0,10.0
106,20s,3,73,0.1380000000001473,0.0459999999998217,0,10.0
106,20s,3,75,6.440000000000055,20.85199999999986,0,10.0
106,20s,3,76,9.626000000000204,22.929999999999836,0,10.0
106,20s,3,77,0.5260000000000673,0.0380000000000109,0,10.0
106,20s,3,79,11.772000000000162,2.22199999999998,1,10.0
106,20s,3,80,1.8260000000000216,0.0259999999998399,0,10.0
106,20s,3,82,7.710000000000036,21.279999999999973,0,10.0
106,20s,3,83,0.1859999999999217,0.0240000000001145,0,10.0
106,20s,3,85,10.700000000000044,2.55600000000004,1,10.0
106,20s,3,86,2.1799999999998363,0.0779999999999745,0,10.0
106,20s,3,88,10.60200000000009,2.816000000000031,1,10.0
106,20s,3,89,9.149999999999864,21.202,0,10.0
106,20s,3,90,11.614000000000033,1.981999999999971,1,10.0
106,20s,3,91,9.480000000000018,20.605999999999995,0,10.0
106,20s,3,92,4.038000000000011,0.0199999999999818,0,10.0
106,20s,3,94,8.864000000000033,21.357999999999947,0,10.0
106,20s,3,95,3.5540000000000873,0.0099999999999909,0,10.0
106,20s,3,96,0.1859999999999217,20.304000000000087,0,10.0
106,20s,3,97,9.877999999999927,20.494000000000145,0,10.0
106,20s,3,98,4.073999999999842,0.0760000000000218,0,10.0
106,20s,3,100,11.718000000000076,3.1159999999999854,1,10.0
106,20s,3,101,10.468000000000076,2.341999999999871,1,10.0
106,20s,3,102,9.85200000000009,20.427999999999884,0,10.0
106,20s,3,103,0.1259999999999763,0.0980000000001837,0,10.0
106,20s,3,105,1.8920000000000528,0.05600000000004,0,10.0
106,20s,3,107,3.0860000000000127,0.05600000000004,0,10.0
106,20s,3,109,6.980000000000018,0.0080000000000381,0,10.0
106,20s,3,110,0.5519999999999072,20.34400000000005,0,10.0
106,20s,3,111,8.798000000000002,20.993999999999915,0,10.0
106,20s,3,112,8.94600000000014,20.60199999999986,0,10.0
106,20s,3,113,1.1400000000001,0.0399999999999636,0,10.0
106,20s,3,115,9.736000000000104,20.801999999999907,0,10.0
106,20s,3,116,10.44399999999996,2.75200000000018,1,10.0
106,20s,3,117,11.634000000000016,2.58199999999988,1,10.0
106,20s,3,118,9.624000000000024,0.0480000000000018,0,10.0
106,20s,3,120,14.30600000000004,2.2940000000000964,1,10.0
106,20s,3,121,11.945999999999913,2.4860000000001037,1,10.0
106,20s,3,122,0.6759999999999309,0.0499999999999545,0,10.0
106,20s,3,124,0.9519999999999982,0.0399999999999636,0,10.0
106,20s,3,126,0.4579999999998563,0.0220000000001618,0,10.0
106,20s,3,128,9.708000000000084,20.521999999999935,0,10.0
106,20s,3,129,5.175999999999931,0.0299999999999727,0,10.0
106,20s,3,131,10.66000000000031,2.30199999999968,1,10.0
106,20s,3,132,8.816000000000258,20.615999999999985,0,10.0
106,20s,3,133,11.31399999999985,0.0979999999999563,1,10.0
106,20s,3,134,0.6900000000000546,20.608000000000175,0,10.0
106,20s,3,135,12.047999999999774,2.394000000000233,1,10.0
106,20s,3,136,8.945999999999913,21.6279999999997,0,10.0
106,20s,3,137,13.0,1.7560000000003129,1,10.0
106,20s,3,138,0.1999999999998181,0.068000000000211,0,10.0
106,20s,3,140,12.63799999999992,3.518000000000029,1,10.0
106,20s,3,141,2.6660000000001673,0.0479999999997744,0,10.0
106,20s,3,143,9.08600000000024,20.447999999999865,0,10.0
106,20s,3,144,10.784000000000106,2.1799999999998363,1,10.0
106,20s,3,145,11.190000000000056,1.961999999999989,1,10.0
106,20s,3,146,12.288000000000013,2.326000000000022,1,10.0
106,20s,3,147,0.5419999999999163,0.0320000000001527,0,10.0
106,20s,3,149,10.304000000000087,,1,10.0
106,20s,4,1,8.061999999999998,0.0859999999999985,0,10.0
106,20s,4,3,1.014000000000003,0.0379999999999967,0,10.0
106,20s,4,5,0.6839999999999975,0.0480000000000018,0,10.0
106,20s,4,7,2.1980000000000075,0.0859999999999985,0,10.0
106,20s,4,9,5.061999999999983,20.960000000000008,0,10.0
106,20s,4,10,5.861999999999995,0.039999999999992,0,10.0
106,20s,4,12,9.956000000000016,22.358000000000004,0,10.0
106,20s,4,13,15.819999999999991,2.9579999999999984,1,10.0
106,20s,4,14,1.990000000000009,0.1319999999999765,0,10.0
106,20s,4,16,0.1200000000000045,0.0380000000000109,0,10.0
106,20s,4,18,2.2040000000000077,0.0540000000000304,0,10.0
106,20s,4,20,3.5919999999999845,0.0819999999999936,0,10.0
106,20s,4,22,1.858000000000004,0.0640000000000213,0,10.0
106,20s,4,24,8.448000000000036,0.0339999999999918,0,10.0
106,20s,4,26,10.686000000000035,2.2239999999999895,1,10.0
106,20s,4,27,5.713999999999999,0.0240000000000009,0,10.0
106,20s,4,29,1.589999999999975,0.0760000000000218,0,10.0
106,20s,4,31,1.909999999999968,0.0780000000000313,0,10.0
106,20s,4,33,2.019999999999982,0.0980000000000131,0,10.0
106,20s,4,35,10.600000000000025,3.5219999999999914,1,10.0
106,20s,4,36,9.781999999999982,0.1200000000000045,0,10.0
106,20s,4,38,10.706000000000016,2.3460000000000036,1,10.0
106,20s,4,39,10.44799999999998,2.076000000000022,1,10.0
106,20s,4,40,10.638000000000034,2.197999999999979,1,10.0
106,20s,4,41,0.9239999999999782,0.0360000000000582,0,10.0
106,20s,4,43,0.5620000000000118,0.0639999999999645,0,10.0
106,20s,4,45,9.374000000000024,20.92999999999995,0,10.0
106,20s,4,46,0.0800000000000409,0.0299999999999727,0,10.0
106,20s,4,48,9.183999999999967,21.742000000000075,0,10.0
106,20s,4,49,3.669999999999959,0.0720000000000027,0,10.0
106,20s,4,51,1.7859999999999443,0.04200000000003,0,10.0
106,20s,4,53,1.108000000000061,0.0339999999999918,0,10.0
106,20s,4,55,13.978000000000064,2.383999999999901,1,10.0
106,20s,4,56,4.608000000000061,0.0639999999999645,0,10.0
106,20s,4,58,2.3159999999999172,0.1220000000000709,0,10.0
106,20s,4,60,4.254000000000019,0.0460000000000491,0,10.0
106,20s,4,62,2.259999999999991,0.0360000000000582,0,10.0
106,20s,4,64,0.1080000000000609,0.1159999999999854,0,10.0
106,20s,4,66,0.7740000000000009,0.02800000000002,0,10.0
106,20s,4,68,0.1380000000000336,0.1879999999999881,0,10.0
106,20s,4,70,9.91999999999996,21.166000000000057,0,10.0
106,20s,4,71,0.9639999999999418,0.0360000000000582,0,10.0
106,20s,4,73,0.6860000000000355,0.02800000000002,0,10.0
106,20s,4,75,11.261999999999944,2.5920000000000982,1,10.0
106,20s,4,76,0.0679999999999836,0.1659999999999399,0,10.0
106,20s,4,78,0.1380000000001473,21.289999999999964,0,10.0
106,20s,4,79,7.58199999999988,0.1200000000001182,0,10.0
106,20s,4,81,4.574000000000069,21.261999999999944,0,10.0
106,20s,4,82,7.427999999999884,0.0240000000001145,0,10.0
106,20s,4,84,0.2719999999999345,0.1079999999999472,0,10.0
106,20s,4,86,3.349999999999909,0.1020000000000891,0,10.0
106,20s,4,88,10.379999999999882,2.2280000000000655,1,10.0
106,20s,4,89,4.3659999999999854,0.0380000000000109,0,10.0
106,20s,4,91,10.14799999999991,0.1100000000001273,1,10.0
106,20s,4,92,0.1479999999999108,21.04600000000005,0,10.0
106,20s,4,93,8.738000000000056,21.003999999999905,0,10.0
106,20s,4,94,9.846000000000004,21.17599999999993,0,10.0
106,20s,4,95,0.5420000000001437,0.0579999999999927,0,10.0
106,20s,4,97,10.830000000000156,2.69399999999996,1,10.0
106,20s,4,98,2.1959999999999127,0.02800000000002,0,10.0
106,20s,4,100,11.627999999999927,2.3200000000001637,1,10.0
106,20s,4,101,12.74799999999982,2.8040000000000873,1,10.0
106,20s,4,102,12.761999999999944,2.25200000000018,1,10.0
106,20s,4,103,2.883999999999787,0.0660000000000309,0,10.0
106,20s,4,105,0.6040000000000418,0.0219999999999345,0,10.0
106,20s,4,107,8.615999999999985,20.649999999999864,0,10.0
106,20s,4,108,0.1480000000001382,0.0699999999999363,0,10.0
106,20s,4,110,0.0639999999998508,20.68399999999997,0,10.0
106,20s,4,111,5.982000000000198,0.0299999999999727,0,10.0
106,20s,4,113,1.72199999999998,0.0480000000000018,0,10.0
106,20s,4,115,18.254000000000133,2.3759999999999764,1,10.0
106,20s,4,116,2.1520000000000437,0.0359999999998308,0,10.0
106,20s,4,118,0.1159999999999854,0.1040000000000418,0,10.0
106,20s,4,120,17.76800000000003,2.2660000000000764,1,10.0
106,20s,4,121,12.298000000000002,2.731999999999971,1,10.0
106,20s,4,122,10.583999999999833,2.8360000000000127,1,10.0
106,20s,4,123,1.262000000000171,0.0939999999998235,0,10.0
106,20s,4,125,1.9480000000000928,0.0760000000000218,0,10.0
106,20s,4,127,10.45399999999995,2.4480000000000928,1,10.0
106,20s,4,128,9.33400000000006,20.715999999999894,0,10.0
106,20s,4,129,0.4100000000000818,0.02800000000002,0,10.0
106,20s,4,131,13.17599999999993,0.1100000000001273,1,10.0
106,20s,4,132,0.0539999999998599,20.5920000000001,0,10.0
106,20s,4,133,9.183999999999967,20.610000000000127,0,10.0
106,20s,4,134,2.171999999999798,0.0260000000000673,0,10.0
106,20s,4,136,11.223999999999933,2.4020000000000437,1,10.0
106,20s,4,137,1.22199999999998,0.02800000000002,0,10.0
106,20s,4,139,10.68600000000015,2.6879999999998745,1,10.0
106,20s,4,140,14.162000000000036,0.1300000000001091,1,10.0
106,20s,4,141,0.0779999999999745,20.95399999999995,0,10.0
106,20s,4,142,0.2660000000000764,0.0519999999999072,0,10.0
106,20s,4,144,1.4839999999999236,0.0780000000002019,0,10.0
106,20s,4,146,7.183999999999969,20.810000000000173,0,10.0
106,20s,4,147,9.149999999999636,20.508000000000266,0,10.0
106,20s,4,148,10.945999999999913,1.9960000000000944,1,10.0
106,20s,4,149,2.30600000000004,0.031999999999698,0,10.0
106,20s,4,151,10.576000000000022,2.506000000000313,1,10.0
106,20s,4,152,0.1799999999998363,0.0279999999997926,0,10.0
106,20s,4,154,6.829999999999927,0.0419999999999163,0,10.0
106,20s,4,156,8.121999999999844,,0,10.0
106,20s,5,1,0.3760000000000012,21.020000000000003,0,10.0
106,20s,5,2,0.1939999999999955,20.598,0,10.0
106,20s,5,3,0.5580000000000069,0.1760000000000019,0,10.0
106,20s,5,5,0.4500000000000028,0.093999999999994,0,10.0
106,20s,5,7,0.8520000000000039,22.83,0,10.0
106,20s,5,8,10.153999999999996,2.4380000000000166,1,10.0
106,20s,5,9,0.6099999999999852,0.0420000000000015,0,10.0
106,20s,5,11,4.0020000000000095,20.78800000000001,0,10.0
106,20s,5,12,0.4479999999999791,0.0360000000000013,0,10.0
106,20s,5,14,1.5360000000000014,0.0120000000000004,0,10.0
106,20s,5,16,1.211999999999989,0.0300000000000011,0,10.0
106,20s,5,18,0.2019999999999981,0.0360000000000013,0,10.0
106,20s,5,20,3.1440000000000055,0.1200000000000045,0,10.0
106,20s,5,22,6.20799999999997,20.79000000000002,0,10.0
106,20s,5,23,8.921999999999969,20.56400000000002,0,10.0
106,20s,5,24,1.8000000000000114,0.051999999999964,0,10.0
106,20s,5,26,0.1580000000000154,21.50799999999998,0,10.0
106,20s,5,27,0.8900000000000432,0.0279999999999631,0,10.0
106,20s,5,29,8.262,21.230000000000015,0,10.0
106,20s,5,30,0.0480000000000018,0.0999999999999659,0,10.0
106,20s,5,32,0.9920000000000186,0.0319999999999822,0,10.0
106,20s,5,34,7.699999999999989,36.44200000000001,0,10.0
106,20s,5,35,2.204000000000065,0.0380000000000109,0,10.0
106,20s,5,37,8.173999999999978,25.680000000000064,0,10.0
106,20s,5,38,0.6179999999999382,0.0320000000000391,0,10.0
106,20s,5,40,1.77800000000002,0.0639999999999645,0,10.0
106,20s,5,42,0.7880000000000109,0.0459999999999354,0,10.0
106,20s,5,44,13.364000000000033,2.863999999999919,1,10.0
106,20s,5,45,0.1860000000000354,0.0860000000000127,0,10.0
106,20s,5,47,10.853999999999928,2.4400000000000546,1,10.0
106,20s,5,48,0.94399999999996,0.0380000000000109,0,10.0
106,20s,5,50,0.127999999999929,0.0340000000001055,0,10.0
106,20s,5,52,8.885999999999967,21.128000000000043,0,10.0
106,20s,5,53,0.7659999999999627,0.0499999999999545,0,10.0
106,20s,5,55,0.1480000000000245,0.0159999999999627,0,10.0
106,20s,5,57,0.9819999999999708,0.0300000000000864,0,10.0
106,20s,5,59,1.4420000000000073,0.0480000000000018,0,10.0
106,20s,5,61,0.0399999999999636,0.0660000000000309,0,10.0
106,20s,5,63,0.23599999999999,0.1000000000000227,0,10.0
106,20s,5,65,8.79200000000003,22.255999999999972,0,10.0
106,20s,5,66,7.522000000000048,20.5,0,10.0
106,20s,5,67,2.254000000000019,0.0439999999999827,0,10.0
106,20s,5,69,0.2419999999999618,0.0360000000000582,0,10.0
106,20s,5,71,8.64799999999991,20.74199999999996,0,10.0
106,20s,5,72,0.7540000000001328,0.0960000000000036,0,10.0
106,20s,5,74,1.6699999999998454,0.0520000000001346,0,10.0
106,20s,5,76,0.1900000000000545,0.0740000000000691,0,10.0
106,20s,5,78,1.7980000000000018,0.0399999999999636,0,10.0
106,20s,5,80,1.6980000000000928,0.0359999999998308,0,10.0
106,20s,5,82,8.91599999999994,20.800000000000185,0,10.0
106,20s,5,83,0.1419999999998253,21.46600000000012,0,10.0
106,20s,5,84,10.013999999999896,4.5779999999999745,1,10.0
106,20s,5,85,0.4360000000001491,0.0419999999999163,0,10.0
106,20s,5,87,2.895999999999958,0.0360000000000582,0,10.0
106,20s,5,89,0.2239999999999327,20.856000000000225,0,10.0
106,20s,5,90,0.7459999999998672,0.0360000000000582,0,10.0
106,20s,5,92,0.2999999999999545,0.0340000000001055,0,10.0
106,20s,5,94,8.57400000000007,20.88799999999992,0,10.0
106,20s,5,95,0.5099999999999909,0.0260000000000673,0,10.0
106,20s,5,97,0.2759999999998399,0.0440000000000964,0,10.0
106,20s,5,99,7.798000000000002,20.920000000000073,0,10.0
106,20s,5,100,0.9619999999999892,0.11200000000008,0,10.0
106,20s,5,102,2.6979999999998654,0.0440000000000964,0,10.0
106,20s,5,104,1.1479999999999109,0.0360000000000582,0,10.0
106,20s,5,106,9.576000000000022,21.68599999999992,0,10.0
106,20s,5,107,2.3940000000000055,0.0660000000000309,0,10.0
106,20s,5,109,0.5380000000000109,0.0380000000000109,0,10.0
106,20s,5,111,3.509999999999991,0.0240000000001145,0,10.0
106,20s,5,113,12.830000000000156,4.9939999999999145,1,10.0
106,20s,5,114,0.0879999999999654,0.1140000000000327,0,10.0
106,20s,5,116,11.041999999999916,2.546000000000049,1,10.0
106,20s,5,117,0.0640000000000782,0.0979999999999563,0,10.0
106,20s,5,119,0.1820000000000163,0.05600000000004,0,10.0
106,20s,5,121,10.783999999999878,2.6900000000000546,1,10.0
106,20s,5,122,9.079999999999927,20.45399999999995,0,10.0
106,20s,5,123,0.3140000000000782,0.02800000000002,0,10.0
106,20s,5,125,1.9360000000001492,0.0299999999999727,0,10.0
106,20s,5,127,0.7139999999999418,0.0620000000001255,0,10.0
106,20s,5,129,10.0300000000002,2.8859999999999673,1,10.0
106,20s,5,130,13.015999999999847,3.1000000000001364,1,10.0
106,20s,5,131,0.6479999999999109,0.1420000000000527,0,10.0
106,20s,5,133,8.051999999999907,20.692000000000007,0,10.0
106,20s,5,134,0.9480000000000928,0.0299999999999727,0,10.0
106,20s,5,136,0.0360000000000582,0.0380000000000109,0,10.0
106,20s,5,138,2.2640000000001237,0.0419999999999163,0,10.0
106,20s,5,140,9.993999999999916,0.0140000000001236,0,10.0
106,20s,5,142,9.364000000000033,20.524000000000115,0,10.0
106,20s,5,143,9.347999999999956,20.48799999999983,0,10.0
106,20s,5,144,3.0300000000002,0.0819999999998799,0,10.0
106,20s,5,146,4.628000000000156,0.0360000000000582,0,10.0
106,20s,5,148,0.4600000000000364,0.0360000000000582,0,10.0
106,20s,5,150,2.644000000000233,0.0699999999997089,0,10.0
106,20s,5,152,1.1579999999999018,0.0819999999998799,0,10.0
106,20s,5,154,7.435999999999694,0.0940000000000509,0,10.0
106,20s,5,156,3.630000000000109,0.0339999999996507,0,10.0
106,20s,5,158,1.77599999999984,0.0280000000002473,0,10.0
106,20s,5,160,7.294000000000324,22.373999999999796,0,10.0
106,20s,5,161,3.8900000000003274,22.93199999999979,0,10.0
106,20s,5,162,8.222000000000207,20.713999999999945,0,10.0
106,20s,5,163,10.315999999999804,,1,10.0
106,20s,6,1,8.222000000000005,20.461999999999996,0,10.0
106,20s,6,2,1.0399999999999991,0.0279999999999986,0,10.0
106,20s,6,4,0.3119999999999976,0.034000000000006,0,10.0
106,20s,6,6,0.9399999999999976,0.1039999999999992,0,10.0
106,20s,6,8,9.239999999999997,21.106000000000023,0,10.0
106,20s,6,9,1.785999999999973,0.0600000000000022,0,10.0
106,20s,6,11,0.0559999999999831,0.0519999999999925,0,10.0
106,20s,6,13,0.2779999999999916,0.0420000000000015,0,10.0
106,20s,6,15,9.163999999999987,21.28400000000002,0,10.0
106,20s,6,16,9.801999999999964,20.772000000000048,0,10.0
106,20s,6,17,6.783999999999992,0.0020000000000095,0,10.0
106,20s,6,18,1.22199999999998,19.673999999999975,0,10.0
106,20s,6,19,12.84200000000004,3.805999999999983,1,10.0
106,20s,6,20,1.849999999999966,0.02800000000002,0,10.0
106,20s,6,22,1.3659999999999854,0.0419999999999731,0,10.0
106,20s,6,24,2.7379999999999995,0.0880000000000222,0,10.0
106,20s,6,26,1.0439999999999827,0.0220000000000482,0,10.0
106,20s,6,28,10.188000000000043,2.4879999999999995,1,10.0
106,20s,6,29,10.585999999999956,0.1380000000000336,1,10.0
106,20s,6,30,0.0439999999999827,20.71199999999999,0,10.0
106,20s,6,31,8.208000000000027,20.863999999999976,0,10.0
106,20s,6,32,0.079999999999984,0.04200000000003,0,10.0
106,20s,6,34,7.217999999999961,20.76800000000003,0,10.0
106,20s,6,35,9.22199999999998,20.864000000000033,0,10.0
106,20s,6,36,9.139999999999986,20.75800000000004,0,10.0
106,20s,6,37,12.41999999999996,2.5160000000000764,1,10.0
106,20s,6,38,0.7619999999999436,0.1280000000000427,0,10.0
106,20s,6,40,0.0879999999999654,0.0919999999999845,0,10.0
106,20s,6,42,10.75,2.351999999999975,1,10.0
106,20s,6,43,2.6299999999999955,0.0500000000000682,0,10.0
106,20s,6,45,10.341999999999985,2.4920000000000755,1,10.0
106,20s,6,46,5.41599999999994,0.1040000000000418,0,10.0
106,20s,6,48,1.8719999999999573,0.0480000000000018,0,10.0
106,20s,6,50,8.798000000000002,20.702,0,10.0
106,20s,6,51,8.724000000000046,0.1340000000000145,0,10.0
106,20s,6,53,8.096000000000004,20.774,0,10.0
106,20s,6,54,8.10200000000009,20.757999999999925,0,10.0
106,20s,6,55,0.0320000000000391,0.0539999999999736,0,10.0
106,20s,6,57,8.716000000000008,21.255999999999972,0,10.0
106,20s,6,58,0.6520000000000437,0.0539999999999736,0,10.0
106,20s,6,60,9.788000000000013,20.909999999999968,0,10.0
106,20s,6,61,10.814000000000078,3.7519999999999527,1,10.0
106,20s,6,62,2.1359999999999673,0.1020000000000891,0,10.0
106,20s,6,64,8.823999999999955,21.87600000000009,0,10.0
106,20s,6,65,1.0519999999999072,0.0460000000000491,0,10.0
106,20s,6,67,1.009999999999991,0.0460000000000491,0,10.0
106,20s,6,69,1.3420000000000982,0.0399999999999636,0,10.0
106,20s,6,71,7.1440000000000055,20.615999999999985,0,10.0
106,20s,6,72,4.0499999999999545,0.0240000000001145,0,10.0
106,20s,6,74,1.1159999999999854,0.0540000000000873,0,10.0
106,20s,6,76,7.419999999999845,20.913999999999987,0,10.0
106,20s,6,77,0.1580000000001291,0.02800000000002,0,10.0
106,20s,6,79,1.3579999999999472,0.0460000000000491,0,10.0
106,20s,6,81,8.101999999999862,20.738000000000056,0,10.0
106,20s,6,82,0.4939999999999145,0.0300000000002,0,10.0
106,20s,6,84,0.0820000000001073,0.0799999999999272,0,10.0
106,20s,6,86,0.3279999999999745,0.0180000000000291,0,10.0
106,20s,6,88,1.6380000000001471,0.0259999999998399,0,10.0
106,20s,6,90,10.516000000000076,2.7740000000001146,1,10.0
106,20s,6,91,9.44399999999996,21.124000000000024,0,10.0
106,20s,6,92,0.2100000000000363,0.0339999999998781,0,10.0
106,20s,6,94,2.1980000000000928,0.0380000000000109,0,10.0
106,20s,6,96,2.0799999999999272,0.0499999999999545,0,10.0
106,20s,6,98,8.975999999999885,20.514000000000124,0,10.0
106,20s,6,99,9.59199999999987,20.801999999999907,0,10.0
106,20s,6,100,1.9620000000002165,0.0399999999999636,0,10.0
106,20s,6,102,3.625999999999976,0.0180000000000291,0,10.0
106,20s,6,104,6.996000000000095,21.455999999999904,0,10.0
106,20s,6,105,1.97199999999998,0.0440000000000964,0,10.0
106,20s,6,107,1.5679999999999836,0.0539999999998599,0,10.0
106,20s,6,109,1.3940000000000057,0.0260000000000673,0,10.0
106,20s,6,111,1.066000000000031,20.745999999999867,0,10.0
106,20s,6,112,6.714000000000169,0.0579999999999927,0,10.0
106,20s,6,114,8.029999999999973,21.006000000000085,0,10.0
106,20s,6,115,1.05600000000004,0.0799999999999272,0,10.0
106,20s,6,117,9.447999999999864,20.809999999999945,0,10.0
106,20s,6,118,0.9800000000000182,0.0440000000000964,0,10.0
106,20s,6,120,9.336000000000013,20.644000000000005,0,10.0
106,20s,6,121,1.400000000000091,0.0480000000000018,0,10.0
106,20s,6,123,0.3200000000001637,20.67599999999993,0,10.0
106,20s,6,124,10.142000000000053,2.83199999999988,1,10.0
106,20s,6,125,0.8920000000000528,0.0579999999999927,0,10.0
106,20s,6,127,0.0699999999999363,20.84400000000005,0,10.0
106,20s,6,128,8.730000000000018,20.93599999999992,0,10.0
106,20s,6,129,7.375999999999976,20.809999999999945,0,10.0
106,20s,6,130,8.57600000000025,22.567999999999756,0,10.0
106,20s,6,131,7.076000000000022,20.744000000000145,0,10.0
106,20s,6,132,1.293999999999869,0.0360000000000582,0,10.0
106,20s,6,134,0.0700000000001637,0.0940000000000509,0,10.0
106,20s,6,136,11.197999999999864,2.655999999999949,1,10.0
106,20s,6,137,1.6640000000002146,0.0799999999999272,0,10.0
106,20s,6,139,8.86200000000008,20.391999999999825,0,10.0
106,20s,6,140,0.0520000000001346,0.1480000000001382,0,10.0
106,20s,6,142,2.117999999999938,0.0979999999999563,0,10.0
106,20s,6,144,2.368000000000393,0.0239999999998872,0,10.0
106,20s,6,146,9.427999999999884,22.16399999999976,0,10.0
106,20s,6,147,0.1100000000001273,0.1019999999998617,0,10.0
106,20s,6,149,1.1300000000001091,0.043999999999869,0,10.0
106,20s,6,151,8.340000000000146,20.746000000000095,0,10.0
106,20s,6,152,8.456000000000131,23.467999999999847,0,10.0
106,20s,6,153,0.8279999999999745,0.1080000000001746,0,10.0
108,20s,1,1,0.911999999999999,0.0659999999999989,0,10.0
108,20s,1,3,1.6139999999999972,21.59800000000001,0,10.0
108,20s,1,4,0.0319999999999964,0.0519999999999925,0,10.0
108,20s,1,6,1.2620000000000005,20.459999999999994,0,10.0
108,20s,1,7,1.3880000000000052,20.378,0,10.0
108,20s,1,8,1.3559999999999943,20.31,0,10.0
108,20s,1,9,1.4399999999999975,23.628000000000014,0,10.0
108,20s,1,10,0.9959999999999808,20.53200000000001,0,10.0
108,20s,1,11,0.7620000000000005,0.0380000000000109,0,10.0
108,20s,1,13,1.087999999999994,20.318000000000012,0,10.0
108,20s,1,14,1.3599999999999852,20.80800000000002,0,10.0
108,20s,1,15,1.367999999999995,20.476,0,10.0
108,20s,1,16,1.5620000000000118,23.029999999999973,0,10.0
108,20s,1,17,1.3079999999999927,20.446000000000023,0,10.0
108,20s,1,18,1.2679999999999725,20.49600000000004,0,10.0
108,20s,1,19,1.5219999999999914,20.277999999999963,0,10.0
108,20s,1,20,1.2760000000000105,20.718000000000018,0,10.0
108,20s,1,21,0.8919999999999959,0.079999999999984,0,10.0
108,20s,1,23,1.1940000000000168,22.831999999999994,0,10.0
108,20s,1,24,1.25,21.45999999999998,0,10.0
108,20s,1,25,0.5819999999999936,0.0480000000000018,0,10.0
108,20s,1,27,1.29200000000003,21.99399999999997,0,10.0
108,20s,1,28,1.1259999999999764,23.00800000000004,0,10.0
108,20s,1,29,0.9020000000000435,21.501999999999953,0,10.0
108,20s,1,30,1.3260000000000218,21.89599999999996,0,10.0
108,20s,1,31,1.5539999999999736,21.04200000000003,0,10.0
108,20s,1,32,1.9180000000000064,22.420000000000073,0,10.0
108,20s,1,33,1.641999999999939,20.512000000000057,0,10.0
108,20s,1,34,2.863999999999919,0.0240000000000009,0,10.0
108,20s,1,36,2.052000000000021,0.1620000000000345,0,10.0
108,20s,1,38,0.55600000000004,0.1219999999999572,0,10.0
108,20s,1,40,1.2480000000000473,22.46199999999999,0,10.0
108,20s,1,41,2.26400000000001,22.881999999999948,0,10.0
108,20s,1,42,1.3579999999999472,21.800000000000068,0,10.0
108,20s,1,43,1.6899999999999409,49.096,0,10.0
108,20s,1,44,5.286000000000058,0.0760000000000218,0,10.0
108,20s,1,47,12.389999999999986,6.998000000000047,1,10.0
108,20s,1,48,8.843999999999937,0.1220000000000709,0,10.0
108,20s,1,50,2.426000000000045,0.0499999999999545,0,10.0
108,20s,1,53,3.6399999999999864,20.371999999999957,0,10.0
108,20s,1,54,0.0299999999999727,20.690000000000055,0,10.0
108,20s,1,55,2.5259999999999536,20.326000000000136,0,10.0
108,20s,1,56,1.699999999999818,0.1000000000001364,0,10.0
108,20s,1,58,3.5699999999999363,0.0699999999999363,0,10.0
108,20s,1,60,1.2960000000000491,20.159999999999854,0,10.0
108,20s,1,61,1.4720000000002074,20.819999999999936,0,10.0
108,20s,1,62,0.8920000000000528,21.73199999999997,0,10.0
108,20s,1,63,1.2019999999999982,20.68799999999987,0,10.0
108,20s,1,64,1.5800000000001546,21.22199999999998,0,10.0
108,20s,1,65,2.785999999999831,20.24000000000001,0,10.0
108,20s,1,66,0.1560000000001764,0.0380000000000109,0,10.0
108,20s,1,68,1.150000000000091,20.960000000000036,0,10.0
108,20s,1,69,1.3339999999998329,20.2320000000002,0,10.0
108,20s,1,70,1.709999999999809,21.782000000000153,0,10.0
108,20s,1,71,1.349999999999909,22.298,0,10.0
108,20s,1,72,0.1380000000001473,0.1079999999999472,0,10.0
108,20s,1,74,1.832000000000107,21.281999999999925,0,10.0
108,20s,1,75,1.6560000000001764,20.298,0,10.0
108,20s,1,76,1.6599999999998545,21.423999999999975,0,10.0
108,20s,1,77,0.0960000000000036,0.0960000000000036,0,10.0
108,20s,1,80,2.509999999999991,21.5,0,10.0
108,20s,1,81,1.4859999999998763,20.51800000000003,0,10.0
108,20s,1,82,2.1240000000000236,21.92599999999993,0,10.0
108,20s,1,83,3.740000000000009,0.1180000000001655,0,10.0
108,20s,1,85,2.94600000000014,20.31600000000003,0,10.0
108,20s,1,86,4.375999999999976,20.289999999999964,0,10.0
108,20s,1,87,0.1739999999999781,0.0380000000000109,0,10.0
108,20s,1,91,7.004000000000133,0.0879999999999654,0,10.0
108,20s,1,93,2.433999999999969,21.327999999999975,0,10.0
108,20s,1,94,2.990000000000009,0.1240000000000236,0,10.0
108,20s,1,96,1.7200000000000273,20.682000000000016,0,10.0
108,20s,1,97,5.092000000000098,20.336000000000013,0,10.0
108,20s,1,98,1.8659999999999857,20.215999999999894,0,10.0
108,20s,1,99,4.135999999999967,21.56400000000008,0,10.0
108,20s,1,100,4.018000000000029,0.0419999999999163,0,10.0
108,20s,1,102,0.6459999999999582,25.117999999999935,0,10.0
108,20s,1,103,1.7360000000001037,22.84999999999991,0,10.0
108,20s,1,104,3.6620000000000346,0.0860000000000127,0,10.0
108,20s,1,106,3.349999999999909,20.337999999999965,0,10.0
108,20s,1,107,2.9260000000001583,0.0860000000000127,0,10.0
108,20s,1,109,1.41599999999994,21.35400000000004,0,10.0
108,20s,1,110,2.0160000000000764,22.18199999999979,0,10.0
108,20s,1,111,1.7640000000001237,21.70399999999995,0,10.0
108,20s,1,112,1.650000000000091,0.1099999999998999,0,10.0
108,20s,1,114,6.330000000000155,0.0860000000000127,0,10.0
108,20s,1,116,2.509999999999991,20.358000000000175,0,10.0
108,20s,1,117,2.3739999999997963,116.10199999999986,0,10.0
108,20s,1,118,4.018000000000029,0.0920000000000982,0,10.0
108,20s,1,120,4.592000000000098,0.0839999999998326,0,10.0
108,20s,1,122,6.344000000000051,0.1140000000000327,0,10.0
108,20s,1,124,3.6159999999999854,21.519999999999985,0,10.0
108,20s,1,125,5.10799999999972,0.1080000000001746,0,10.0
108,20s,1,127,2.16399999999976,0.1720000000000254,0,10.0
108,20s,1,129,1.1579999999999018,0.1860000000001491,0,10.0
108,20s,1,131,8.292000000000371,23.29599999999982,0,10.0
108,20s,1,132,4.411999999999807,24.23600000000033,0,10.0
108,20s,1,133,4.803999999999633,0.0900000000001455,0,10.0
108,20s,1,135,5.688000000000102,0.0899999999996907,0,10.0
108,20s,1,137,3.042000000000371,0.0979999999999563,0,10.0
108,20s,1,139,6.456000000000131,,0,10.0
108,20s,2,1,0.2879999999999967,0.0480000000000018,0,10.0
108,20s,2,3,2.1799999999999997,20.289999999999992,0,10.0
108,20s,2,4,3.0160000000000053,0.108000000000004,0,10.0
108,20s,2,6,6.677999999999997,21.22799999999999,0,10.0
108,20s,2,7,4.51400000000001,21.042,0,10.0
108,20s,2,8,2.0180000000000007,20.20599999999999,0,10.0
108,20s,2,9,3.1340000000000146,0.1299999999999954,0,10.0
108,20s,2,11,4.400000000000006,22.09999999999999,0,10.0
108,20s,2,12,1.51400000000001,20.73999999999998,0,10.0
108,20s,2,13,5.878000000000014,0.0840000000000031,0,10.0
108,20s,2,15,4.254000000000019,0.1139999999999759,0,10.0
108,20s,2,17,4.199999999999989,0.1040000000000418,0,10.0
108,20s,2,19,6.358000000000004,20.837999999999965,0,10.0
108,20s,2,20,7.950000000000045,0.0679999999999836,0,10.0
108,20s,2,22,1.2539999999999625,0.1280000000000427,0,10.0
108,20s,2,24,0.9619999999999892,0.1040000000000418,0,10.0
108,20s,2,26,6.189999999999998,0.093999999999994,0,10.0
108,20s,2,28,6.858000000000004,0.0679999999999836,0,10.0
108,20s,2,30,8.52600000000001,0.1120000000000231,0,10.0
108,20s,2,32,19.55200000000002,2.0579999999999927,1,10.0
108,20s,2,33,8.343999999999937,21.680000000000064,0,10.0
108,20s,2,34,8.162000000000035,20.289999999999964,0,10.0
108,20s,2,35,10.673999999999978,1.669999999999959,1,10.0
108,20s,2,36,3.164000000000101,0.1179999999999381,0,10.0
108,20s,2,38,10.315999999999915,2.15400000000011,1,10.0
108,20s,2,39,4.303999999999974,20.43599999999992,0,10.0
108,20s,2,40,8.35200000000009,20.17999999999995,0,10.0
108,20s,2,41,9.676000000000045,20.423999999999975,0,10.0
108,20s,2,42,6.755999999999972,20.298,0,10.0
108,20s,2,43,3.730000000000018,0.0460000000000491,0,10.0
108,20s,2,45,6.966000000000008,23.360000000000017,0,10.0
108,20s,2,46,7.01400000000001,20.206000000000017,0,10.0
108,20s,2,47,10.469999999999914,1.532000000000039,1,10.0
108,20s,2,48,8.549999999999955,20.58800000000008,0,10.0
108,20s,2,49,10.855999999999996,1.509999999999991,1,10.0
108,20s,2,50,10.350000000000025,1.5879999999999654,1,10.0
108,20s,2,51,9.067999999999984,20.31600000000003,0,10.0
108,20s,2,52,8.709999999999923,20.774,0,10.0
108,20s,2,53,7.450000000000045,21.350000000000023,0,10.0
108,20s,2,54,9.831999999999994,22.016000000000076,0,10.0
108,20s,2,55,9.94399999999996,20.43799999999987,0,10.0
108,20s,2,56,11.590000000000146,1.8199999999999363,1,10.0
108,20s,2,57,11.604000000000042,1.639999999999873,1,10.0
108,20s,2,58,9.676000000000158,20.409999999999854,0,10.0
108,20s,2,59,13.118000000000166,1.3460000000000036,1,10.0
108,20s,2,60,11.86999999999989,2.428000000000111,1,10.0
108,20s,2,61,0.9519999999999982,0.0939999999998235,0,10.0
108,20s,2,63,1.6760000000001585,0.0339999999998781,0,10.0
108,20s,2,65,9.129999999999882,22.430000000000064,0,10.0
108,20s,2,66,7.0499999999999545,20.28800000000001,0,10.0
108,20s,2,67,8.978000000000065,20.273999999999887,0,10.0
108,20s,2,68,9.990000000000007,20.452,0,10.0
108,20s,2,69,8.47199999999998,21.840000000000146,0,10.0
108,20s,2,70,8.319999999999936,20.18599999999992,0,10.0
108,20s,2,71,9.166000000000167,20.261999999999944,0,10.0
108,20s,2,72,0.5640000000000782,0.0419999999999163,0,10.0
108,20s,2,74,0.2339999999999236,0.02800000000002,0,10.0
108,20s,2,76,9.52800000000002,20.521999999999935,0,10.0
108,20s,2,77,9.582000000000107,20.644000000000005,0,10.0
108,20s,2,78,12.09199999999987,1.610000000000127,1,10.0
108,20s,2,79,10.83199999999988,1.6479999999999109,1,10.0
108,20s,2,80,11.264000000000124,1.8099999999999457,1,10.0
108,20s,2,81,11.092000000000098,1.8419999999998709,1,10.0
108,20s,2,82,12.75,1.961999999999989,1,10.0
108,20s,2,83,11.160000000000082,1.4980000000000473,1,10.0
108,20s,2,84,11.009999999999993,2.3920000000000528,1,10.0
108,20s,2,85,10.491999999999962,2.491999999999962,1,10.0
108,20s,2,86,1.6199999999998909,0.1140000000000327,0,10.0
108,20s,2,88,0.1099999999998999,0.0360000000000582,0,10.0
108,20s,2,90,9.422000000000024,20.3599999999999,0,10.0
108,20s,2,91,9.625999999999976,20.44399999999996,0,10.0
108,20s,2,92,10.122000000000073,1.2799999999999727,1,10.0
108,20s,2,93,4.261999999999944,20.656000000000176,0,10.0
108,20s,2,94,11.33199999999988,1.3420000000000982,1,10.0
108,20s,2,95,11.347999999999956,1.4300000000000637,1,10.0
108,20s,2,96,3.874000000000024,20.25799999999981,0,10.0
108,20s,2,97,10.360000000000127,1.4139999999999873,1,10.0
108,20s,2,98,12.653999999999996,1.377999999999929,1,10.0
108,20s,2,99,10.740000000000007,1.5720000000001164,1,10.0
108,20s,2,100,12.365999999999984,1.7699999999999818,1,10.0
108,20s,2,101,11.19399999999996,0.0619999999998981,1,10.0
108,20s,2,102,0.1880000000001018,20.54600000000005,0,10.0
108,20s,2,103,11.013999999999896,1.3199999999999363,1,10.0
108,20s,2,104,2.9720000000002074,20.39799999999991,0,10.0
108,20s,2,105,10.844000000000053,1.1799999999998363,1,10.0
108,20s,2,106,10.994000000000142,1.566000000000031,1,10.0
108,20s,2,107,11.281999999999924,1.961999999999989,1,10.0
108,20s,2,108,2.4559999999999036,20.50200000000018,0,10.0
108,20s,2,109,4.3599999999999,20.39800000000014,0,10.0
108,20s,2,110,10.58199999999988,1.2360000000001037,1,10.0
108,20s,2,111,9.339999999999918,20.19399999999996,0,10.0
108,20s,2,112,10.774000000000116,1.4039999999999964,1,10.0
108,20s,2,113,12.377999999999702,2.0460000000002765,1,10.0
108,20s,2,114,2.8220000000001164,20.397999999999683,0,10.0
108,20s,2,115,11.342000000000098,3.088000000000193,1,10.0
108,20s,2,116,11.003999999999904,2.5039999999999054,1,10.0
108,20s,2,117,11.226000000000113,2.5219999999999345,1,10.0
108,20s,2,118,11.211999999999987,3.2719999999999345,1,10.0
108,20s,2,119,10.927999999999884,3.6920000000000073,1,10.0
108,20s,2,120,10.464000000000397,,1,10.0
108,20s,3,1,6.796000000000003,0.1000000000000014,0,10.0
108,20s,3,3,8.739999999999995,20.27200000000001,0,10.0
108,20s,3,4,8.965999999999994,20.332000000000008,0,10.0
108,20s,3,5,8.11999999999999,0.0940000000000083,0,10.0
108,20s,3,7,2.994,0.1299999999999954,0,10.0
108,20s,3,9,0.4020000000000152,0.0499999999999829,0,10.0
108,20s,3,11,2.46599999999998,0.0700000000000216,0,10.0
108,20s,3,14,1.0720000000000027,20.388000000000005,0,10.0
108,20s,3,15,7.277999999999992,0.054000000000002,0,10.0
108,20s,3,17,0.2980000000000018,0.1519999999999868,0,10.0
108,20s,3,19,0.183999999999969,0.0480000000000018,0,10.0
108,20s,3,21,2.1159999999999854,0.0880000000000222,0,10.0
108,20s,3,24,1.6219999999999573,0.2700000000000386,0,10.0
108,20s,3,26,2.5,20.549999999999955,0,10.0
108,20s,3,27,1.3420000000000414,22.70999999999998,0,10.0
108,20s,3,28,1.0760000000000218,0.1099999999999568,0,10.0
108,20s,3,30,0.5879999999999654,20.27199999999999,0,10.0
108,20s,3,31,1.5120000000000005,20.99000000000001,0,10.0
108,20s,3,32,1.475999999999999,27.958000000000027,0,10.0
108,20s,3,33,0.7539999999999623,0.1060000000000513,0,10.0
108,20s,3,35,0.8780000000000427,0.0739999999999554,0,10.0
108,20s,3,37,0.9519999999999982,26.93399999999997,0,10.0
108,20s,3,38,6.447999999999979,22.59400000000005,0,10.0
108,20s,3,39,0.8339999999999463,0.1119999999999663,0,10.0
108,20s,3,41,2.5919999999999845,0.1079999999999472,0,10.0
108,20s,3,43,9.073999999999955,20.224000000000046,0,10.0
108,20s,3,44,6.747999999999934,0.11200000000008,0,10.0
108,20s,3,46,9.94799999999998,0.0880000000000791,0,10.0
108,20s,3,48,2.189999999999941,0.0460000000000491,0,10.0
108,20s,3,50,9.228000000000064,0.0919999999999845,0,10.0
108,20s,3,52,9.44799999999998,21.214000000000055,0,10.0
108,20s,3,53,3.254000000000019,0.0939999999999372,0,10.0
108,20s,3,55,0.6560000000000628,0.0899999999999181,0,10.0
108,20s,3,57,6.844000000000051,20.367999999999935,0,10.0
108,20s,3,58,5.628000000000043,0.0579999999999927,0,10.0
108,20s,3,60,2.080000000000041,21.487999999999943,0,10.0
108,20s,3,61,0.5720000000000027,0.0940000000000509,0,10.0
108,20s,3,63,6.041999999999916,20.22400000000016,0,10.0
108,20s,3,64,13.215999999999894,1.8679999999999384,1,10.0
108,20s,3,65,7.816000000000031,22.85400000000004,0,10.0
108,20s,3,66,6.3840000000000146,20.21199999999999,0,10.0
108,20s,3,67,0.4780000000000655,0.0360000000000582,0,10.0
108,20s,3,69,8.094000000000051,20.243999999999915,0,10.0
108,20s,3,70,0.1900000000000545,0.0299999999999727,0,10.0
108,20s,3,72,5.529999999999973,20.577999999999975,0,10.0
108,20s,3,73,10.571999999999887,1.5700000000001637,1,10.0
108,20s,3,74,9.88799999999992,20.215999999999894,0,10.0
108,20s,3,75,4.070000000000164,20.23799999999983,0,10.0
108,20s,3,76,1.3660000000002128,0.1119999999998526,0,10.0
108,20s,3,78,5.127999999999929,20.587999999999965,0,10.0
108,20s,3,79,0.9700000000000272,0.1400000000001,0,10.0
108,20s,3,81,8.663999999999987,20.22199999999998,0,10.0
108,20s,3,82,9.365999999999984,20.46199999999999,0,10.0
108,20s,3,83,5.0620000000001255,20.41599999999994,0,10.0
108,20s,3,84,9.942000000000007,20.230000000000015,0,10.0
108,20s,3,85,8.83199999999988,21.088000000000193,0,10.0
108,20s,3,86,2.811999999999898,0.0820000000001073,0,10.0
108,20s,3,88,10.912000000000036,1.3460000000000036,1,10.0
108,20s,3,89,11.5,1.4540000000001785,1,10.0
108,20s,3,90,13.015999999999847,1.7180000000000746,1,10.0
108,20s,3,91,10.955999999999904,1.788000000000011,1,10.0
108,20s,3,92,10.804000000000087,2.9880000000000564,1,10.0
108,20s,3,93,10.407999999999902,2.27800000000002,1,10.0
108,20s,3,94,7.475999999999885,20.20600000000013,0,10.0
108,20s,3,95,14.5,1.55600000000004,1,10.0
108,20s,3,96,10.121999999999844,3.0420000000001437,1,10.0
108,20s,3,97,10.018000000000027,2.6539999999999964,1,10.0
108,20s,3,98,0.1599999999998544,0.1159999999999854,0,10.0
108,20s,3,100,8.705999999999904,20.902000000000044,0,10.0
108,20s,3,101,4.41800000000012,0.1419999999998253,0,10.0
108,20s,3,103,10.349999999999907,2.008000000000038,1,10.0
108,20s,3,104,7.930000000000064,20.17599999999993,0,10.0
108,20s,3,105,10.125999999999976,3.314000000000078,1,10.0
108,20s,3,106,9.996000000000096,20.24000000000001,0,10.0
108,20s,3,107,11.817999999999984,1.6259999999999764,1,10.0
108,20s,3,108,11.55600000000004,3.089999999999918,1,10.0
108,20s,3,109,8.04600000000005,20.551999999999907,0,10.0
108,20s,3,110,11.6400000000001,1.4519999999999982,1,10.0
108,20s,3,111,11.805999999999813,1.772000000000162,1,10.0
108,20s,3,112,12.710000000000036,2.4379999999998745,1,10.0
108,20s,3,113,10.473999999999933,2.990000000000009,1,10.0
108,20s,3,114,10.244000000000142,5.019999999999982,1,10.0
108,20s,3,115,11.463999999999942,2.4860000000001037,1,10.0
108,20s,3,116,10.569999999999936,3.091999999999871,1,10.0
108,20s,3,117,10.378000000000156,1.7200000000000273,1,10.0
108,20s,3,118,9.711999999999987,20.548,0,10.0
108,20s,3,119,10.018000000000027,1.6199999999998909,1,10.0
108,20s,3,120,12.990000000000007,1.9200000000000728,1,10.0
108,20s,3,121,10.63799999999992,2.1340000000000146,1,10.0
108,20s,3,122,10.19399999999996,2.7080000000000837,1,10.0
108,20s,3,123,8.403999999999996,20.269999999999985,0,10.0
108,20s,3,124,10.326000000000022,1.6199999999998909,1,10.0
108,20s,3,125,11.318000000000213,3.463999999999942,1,10.0
108,20s,3,126,1.6579999999999018,0.0880000000001928,0,10.0
108,20s,3,128,11.938000000000102,1.9119999999998072,1,10.0
108,20s,3,129,10.293999999999867,2.4100000000003092,1,10.0
108,20s,3,130,0.4939999999996871,0.0760000000000218,0,10.0
108,20s,3,132,0.0740000000000691,0.05600000000004,0,10.0
108,20s,3,135,11.2800000000002,1.4039999999999964,1,10.0
108,20s,3,136,9.92599999999993,,0,10.0
108,20s,4,1,3.8759999999999977,20.292,0,10.0
108,20s,4,2,6.064,0.1060000000000016,0,10.0
108,20s,4,4,0.1540000000000105,0.0480000000000018,0,10.0
108,20s,4,6,7.033999999999992,20.555999999999997,0,10.0
108,20s,4,7,10.06400000000002,1.3959999999999866,1,10.0
108,20s,4,8,11.355999999999996,1.4440000000000168,1,10.0
108,20s,4,9,3.4139999999999873,0.0780000000000029,0,10.0
108,20s,4,11,8.115999999999985,20.318000000000012,0,10.0
108,20s,4,12,11.599999999999994,1.3479999999999848,1,10.0
108,20s,4,13,10.668000000000006,2.4480000000000075,1,10.0
108,20s,4,14,10.311999999999983,1.6140000000000043,1,10.0
108,20s,4,15,11.292000000000002,2.8160000000000025,1,10.0
108,20s,4,16,8.980000000000018,20.49199999999996,0,10.0
108,20s,4,17,11.54200000000003,1.2339999999999804,1,10.0
108,20s,4,18,9.798000000000002,20.624000000000024,0,10.0
108,20s,4,19,10.569999999999991,1.274000000000001,1,10.0
108,20s,4,20,11.255999999999972,0.1280000000000427,1,10.0
108,20s,4,21,0.20799999999997,20.413999999999987,0,10.0
108,20s,4,22,11.608000000000004,1.225999999999999,1,10.0
108,20s,4,23,11.168000000000006,0.4220000000000254,1,10.0
108,20s,4,24,0.2559999999999718,20.427999999999997,0,10.0
108,20s,4,25,11.238,1.1899999999999975,1,10.0
108,20s,4,26,2.236000000000047,0.0859999999999558,0,10.0
108,20s,4,28,1.7099999999999795,0.1020000000000322,0,10.0
108,20s,4,30,0.0240000000000009,0.1340000000000145,0,10.0
108,20s,4,32,9.610000000000014,20.370000000000005,0,10.0
108,20s,4,33,11.731999999999973,1.1879999999999882,1,10.0
108,20s,4,34,13.166000000000054,2.381999999999948,1,10.0
108,20s,4,35,12.076000000000022,3.32000000000005,1,10.0
108,20s,4,36,12.24599999999998,1.3400000000000318,1,10.0
108,20s,4,37,11.173999999999978,3.1219999999999573,1,10.0
108,20s,4,38,11.474000000000046,3.2859999999999445,1,10.0
108,20s,4,39,10.218000000000076,3.019999999999982,1,10.0
108,20s,4,40,11.639999999999986,0.3339999999999463,1,10.0
108,20s,4,41,0.0900000000000318,20.399999999999977,0,10.0
108,20s,4,42,10.966000000000008,0.0380000000000109,1,10.0
108,20s,4,43,0.5380000000000109,20.16999999999996,0,10.0
108,20s,4,44,0.0640000000000782,20.42999999999995,0,10.0
108,20s,4,45,9.817999999999984,20.37200000000007,0,10.0
108,20s,4,46,20.699999999999932,0.2340000000000373,1,10.0
108,20s,4,47,0.2580000000000382,20.653999999999996,0,10.0
108,20s,4,48,16.25999999999999,0.2319999999999709,1,10.0
108,20s,4,49,0.3360000000000127,20.313999999999965,0,10.0
108,20s,4,50,16.153999999999996,0.1860000000000354,1,10.0
108,20s,4,51,0.3980000000000245,0.0539999999999736,0,10.0
108,20s,4,53,17.48599999999999,0.3460000000000036,1,10.0
108,20s,4,54,9.30600000000004,20.662000000000035,0,10.0
108,20s,4,55,18.527999999999903,1.7940000000000964,1,10.0
108,20s,4,56,14.240000000000007,8.327999999999975,1,10.0
108,20s,4,57,12.747999999999934,0.3300000000000409,1,10.0
108,20s,4,58,0.0940000000000509,22.777999999999903,0,10.0
108,20s,4,59,9.280000000000086,20.399999999999977,0,10.0
108,20s,4,60,15.76400000000001,2.269999999999982,1,10.0
108,20s,4,61,13.450000000000044,0.0460000000000491,1,10.0
108,20s,4,62,0.2799999999999727,20.307999999999993,0,10.0
108,20s,4,63,15.509999999999993,1.8959999999999584,1,10.0
108,20s,4,64,13.177999999999884,3.0579999999999927,1,10.0
108,20s,4,65,10.850000000000136,3.6399999999998727,1,10.0
108,20s,4,66,11.874000000000024,1.3140000000000782,1,10.0
108,20s,4,67,10.973999999999933,3.130000000000109,1,10.0
108,20s,4,68,3.5679999999999836,20.163999999999987,0,10.0
108,20s,4,69,15.493999999999916,1.956000000000131,1,10.0
108,20s,4,70,9.913999999999987,21.10199999999986,0,10.0
108,20s,4,71,16.364000000000033,1.5860000000000127,1,10.0
108,20s,4,72,13.326000000000022,1.7539999999999054,1,10.0
108,20s,4,73,13.220000000000027,2.7840000000001055,1,10.0
108,20s,4,74,12.076000000000022,3.2999999999999545,1,10.0
108,20s,4,75,10.377999999999927,2.990000000000009,1,10.0
108,20s,4,76,11.461999999999987,3.97199999999998,1,10.0
108,20s,4,77,10.884000000000016,3.3079999999999927,1,10.0
108,20s,4,78,11.810000000000173,2.869999999999891,1,10.0
108,20s,4,79,11.958000000000084,3.341999999999871,1,10.0
108,20s,4,80,9.226000000000113,22.511999999999944,0,10.0
108,20s,4,81,11.726000000000113,2.477999999999838,1,10.0
108,20s,4,82,12.19600000000014,3.6720000000000255,1,10.0
108,20s,4,83,12.245999999999867,3.933999999999969,1,10.0
108,20s,4,84,10.711999999999987,2.358000000000174,1,10.0
108,20s,4,85,11.707999999999856,3.902000000000044,1,10.0
108,20s,4,86,10.779999999999973,3.428000000000111,1,10.0
108,20s,4,87,9.963999999999942,20.223999999999933,0,10.0
108,20s,4,88,13.367999999999938,1.688000000000102,1,10.0
108,20s,4,89,14.54600000000005,2.3659999999999854,1,10.0
108,20s,4,90,11.884000000000016,1.6979999999998654,1,10.0
108,20s,4,91,11.355999999999996,3.102000000000089,1,10.0
108,20s,4,92,11.205999999999904,2.77800000000002,1,10.0
108,20s,4,93,11.676000000000158,2.0960000000000036,1,10.0
108,20s,4,94,9.309999999999944,20.337999999999965,0,10.0
108,20s,4,95,12.958000000000084,3.995999999999867,1,10.0
108,20s,4,96,6.660000000000082,0.071999999999889,0,10.0
108,20s,4,98,11.254000000000133,0.27800000000002,1,10.0
108,20s,4,99,0.2200000000000272,20.38199999999983,0,10.0
108,20s,4,100,11.966000000000122,1.1979999999998654,1,10.0
108,20s,4,101,12.704000000000178,3.41599999999994,1,10.0
108,20s,4,102,12.783999999999878,1.8240000000000691,1,10.0
108,20s,4,103,1.5579999999999927,0.0199999999999818,0,10.0
108,20s,4,105,0.3920000000000527,20.182000000000016,0,10.0
108,20s,4,106,14.445999999999913,2.4580000000000837,1,10.0
108,20s,4,107,13.884000000000016,3.6019999999998618,1,10.0
108,20s,4,108,4.7000000000000455,0.0819999999998799,0,10.0
108,20s,4,110,14.97999999999979,,1,10.0
108,20s,5,1,6.916000000000004,20.47,0,10.0
108,20s,5,2,10.965999999999994,1.8440000000000083,1,10.0
108,20s,5,3,12.177999999999995,3.5759999999999934,1,10.0
108,20s,5,4,12.40400000000001,2.878,1,10.0
108,20s,5,5,12.201999999999998,3.6239999999999952,1,10.0
108,20s,5,6,9.519999999999996,20.58799999999999,0,10.0
108,20s,5,7,0.0500000000000113,0.0579999999999927,0,10.0
108,20s,5,9,14.801999999999992,2.6980000000000075,1,10.0
108,20s,5,10,13.756,1.75,1,10.0
108,20s,5,11,1.981999999999999,0.0999999999999943,0,10.0
108,20s,5,13,12.378000000000014,2.109999999999985,1,10.0
108,20s,5,14,14.886000000000024,2.19999999999996,1,10.0
108,20s,5,15,9.694000000000017,20.99799999999999,0,10.0
108,20s,5,16,15.31800000000004,2.165999999999997,1,10.0
108,20s,5,17,13.18199999999996,2.730000000000018,1,10.0
108,20s,5,18,11.324000000000012,1.2040000000000075,1,10.0
108,20s,5,19,11.391999999999996,3.363999999999976,1,10.0
108,20s,5,20,10.972000000000037,2.7679999999999723,1,10.0
108,20s,5,21,5.391999999999996,0.0579999999999927,0,10.0
108,20s,5,24,13.858000000000004,1.3700000000000043,1,10.0
108,20s,5,25,13.629999999999995,1.2339999999999804,1,10.0
108,20s,5,26,14.08000000000004,1.7339999999999804,1,10.0
108,20s,5,27,10.43599999999998,2.2660000000000196,1,10.0
108,20s,5,28,11.865999999999984,0.3299999999999841,1,10.0
108,20s,5,29,0.0800000000000409,0.0380000000000109,0,10.0
108,20s,5,31,11.22199999999998,2.1779999999999973,1,10.0
108,20s,5,32,11.812000000000012,1.5400000000000205,1,10.0
108,20s,5,33,9.824000000000012,20.303999999999977,0,10.0
108,20s,5,34,11.153999999999996,3.2759999999999536,1,10.0
108,20s,5,35,2.372000000000071,0.0860000000000127,0,10.0
108,20s,5,37,11.168000000000006,1.1660000000000537,1,10.0
108,20s,5,38,11.977999999999952,1.22199999999998,1,10.0
108,20s,5,39,0.0400000000000773,0.02800000000002,0,10.0
108,20s,5,41,11.933999999999967,1.1040000000000418,1,10.0
108,20s,5,42,13.591999999999985,1.9639999999999416,1,10.0
108,20s,5,43,11.568000000000096,1.1539999999999964,1,10.0
108,20s,5,44,5.233999999999924,20.172000000000025,0,10.0
108,20s,5,45,12.333999999999946,1.2160000000000082,1,10.0
108,20s,5,46,12.62600000000009,1.3059999999999263,1,10.0
108,20s,5,47,9.392000000000053,20.24599999999998,0,10.0
108,20s,5,48,9.508000000000038,20.88799999999992,0,10.0
108,20s,5,49,10.656000000000065,1.1820000000000164,1,10.0
108,20s,5,50,11.69399999999996,2.426000000000045,1,10.0
108,20s,5,51,9.037999999999895,20.684000000000083,0,10.0
108,20s,5,52,10.76400000000001,1.5339999999999918,1,10.0
108,20s,5,53,11.655999999999947,2.0299999999999727,1,10.0
108,20s,5,54,8.478000000000065,20.24199999999996,0,10.0
108,20s,5,55,2.08400000000006,20.74000000000001,0,10.0
108,20s,5,56,9.779999999999973,20.427999999999997,0,10.0
108,20s,5,57,11.03200000000004,1.325999999999908,1,10.0
108,20s,5,58,9.804000000000087,21.048,0,10.0
108,20s,5,59,12.513999999999896,1.2340000000000373,1,10.0
108,20s,5,60,12.662000000000036,1.5499999999999543,1,10.0
108,20s,5,61,11.026000000000067,2.203999999999951,1,10.0
108,20s,5,62,3.398000000000025,20.182000000000016,0,10.0
108,20s,5,63,10.142000000000053,1.1579999999999018,1,10.0
108,20s,5,64,12.374000000000024,2.19399999999996,1,10.0
108,20s,5,65,9.014000000000124,20.29399999999987,0,10.0
108,20s,5,66,9.711999999999987,20.524000000000115,0,10.0
108,20s,5,67,9.333999999999833,20.403999999999996,0,10.0
108,20s,5,68,10.932000000000016,1.8200000000001637,1,10.0
108,20s,5,69,10.389999999999873,1.2039999999999509,1,10.0
108,20s,5,70,10.052000000000136,1.3940000000000057,1,10.0
108,20s,5,71,11.071999999999887,1.7580000000000382,1,10.0
108,20s,5,72,10.086000000000013,1.2480000000000473,1,10.0
108,20s,5,73,9.301999999999907,20.286000000000055,0,10.0
108,20s,5,74,10.470000000000027,1.183999999999969,1,10.0
108,20s,5,75,10.993999999999916,1.7380000000000564,1,10.0
108,20s,5,76,10.268000000000027,1.6579999999999018,1,10.0
108,20s,5,77,10.274000000000116,1.9800000000000184,1,10.0
108,20s,5,78,9.490000000000007,20.457999999999856,0,10.0
108,20s,5,79,9.900000000000093,20.271999999999935,0,10.0
108,20s,5,80,11.488000000000056,1.7360000000001037,1,10.0
108,20s,5,81,9.765999999999847,20.17800000000011,0,10.0
108,20s,5,82,12.127999999999927,1.5160000000000764,1,10.0
108,20s,5,83,10.201999999999998,1.4039999999999964,1,10.0
108,20s,5,84,11.185999999999922,1.7200000000000273,1,10.0
108,20s,5,85,10.928000000000113,1.4420000000000073,1,10.0
108,20s,5,86,11.309999999999944,2.1159999999999854,1,10.0
108,20s,5,87,10.375999999999976,1.55600000000004,1,10.0
108,20s,5,88,10.566000000000033,2.8339999999998327,1,10.0
108,20s,5,89,1.5960000000000036,0.0600000000001728,0,10.0
108,20s,5,91,10.501999999999953,1.4379999999998745,1,10.0
108,20s,5,92,10.982000000000198,6.983999999999924,1,10.0
108,20s,5,93,9.940000000000056,20.269999999999985,0,10.0
108,20s,5,94,12.402000000000044,1.3279999999999743,1,10.0
108,20s,5,95,12.907999999999902,1.7760000000000673,1,10.0
108,20s,5,96,11.039999999999964,1.933999999999969,1,10.0
108,20s,5,97,11.13799999999992,6.630000000000109,1,10.0
108,20s,5,98,11.347999999999956,2.4860000000001037,1,10.0
108,20s,5,99,10.27599999999984,3.4600000000000364,1,10.0
108,20s,5,100,8.846000000000004,20.27800000000002,0,10.0
108,20s,5,101,0.9739999999999328,0.0500000000001819,0,10.0
108,20s,5,103,14.511999999999944,1.0860000000000127,1,10.0
108,20s,5,104,12.032000000000153,2.1679999999998927,1,10.0
108,20s,5,105,12.894000000000004,1.6820000000000164,1,10.0
108,20s,5,106,9.610000000000127,20.697999999999865,0,10.0
108,20s,5,107,9.688000000000102,20.587999999999965,0,10.0
108,20s,5,108,11.551999999999907,1.1380000000001471,1,10.0
108,20s,5,109,12.231999999999973,,1,10.0
108,20s,6,1,8.995999999999999,20.18,0,10.0
108,20s,6,2,12.062000000000005,1.475999999999999,1,10.0
108,20s,6,3,11.069999999999991,1.39200000000001,1,10.0
108,20s,6,4,0.059999999999988,0.1340000000000003,0,10.0
108,20s,6,6,10.354000000000012,1.461999999999989,1,10.0
108,20s,6,7,12.763999999999996,2.5160000000000196,1,10.0
108,20s,6,8,10.641999999999996,1.75,1,10.0
108,20s,6,9,3.180000000000007,0.093999999999994,0,10.0
108,20s,6,11,0.1379999999999768,0.0220000000000197,0,10.0
108,20s,6,13,13.364000000000004,1.1099999999999852,1,10.0
108,20s,6,14,11.650000000000006,1.1999999999999886,1,10.0
108,20s,6,15,11.218000000000018,1.299999999999983,1,10.0
108,20s,6,16,9.738,21.652000000000015,0,10.0
108,20s,6,17,9.421999999999969,21.74600000000004,0,10.0
108,20s,6,18,11.243999999999971,1.3260000000000218,1,10.0
108,20s,6,19,10.543999999999984,1.660000000000025,1,10.0
108,20s,6,20,11.331999999999994,1.589999999999975,1,10.0
108,20s,6,21,10.894000000000004,1.6299999999999957,1,10.0
108,20s,6,22,11.060000000000002,2.812000000000012,1,10.0
108,20s,6,23,10.338000000000022,1.3899999999999864,1,10.0
108,20s,6,24,2.245999999999981,0.0500000000000113,0,10.0
108,20s,6,26,10.988,1.641999999999996,1,10.0
108,20s,6,27,11.97199999999998,2.272000000000048,1,10.0
108,20s,6,28,10.779999999999973,1.5179999999999725,1,10.0
108,20s,6,29,11.076000000000022,1.5900000000000318,1,10.0
108,20s,6,30,11.109999999999957,2.6240000000000236,1,10.0
108,20s,6,31,8.701999999999998,20.180000000000007,0,10.0
108,20s,6,32,9.658000000000015,20.244000000000028,0,10.0
108,20s,6,33,10.847999999999956,1.3239999999999554,1,10.0
108,20s,6,34,9.550000000000068,20.572000000000003,0,10.0
108,20s,6,35,9.683999999999967,20.624000000000024,0,10.0
108,20s,6,36,10.644000000000004,1.1639999999999873,1,10.0
108,20s,6,37,12.398000000000025,1.4919999999999618,1,10.0
108,20s,6,38,12.509999999999993,1.5779999999999743,1,10.0
108,20s,6,39,10.865999999999984,1.6020000000000891,1,10.0
108,20s,6,40,12.377999999999927,1.2900000000000773,1,10.0
108,20s,6,41,9.64199999999994,20.45799999999997,0,10.0
108,20s,6,42,0.4300000000000636,0.0839999999999463,0,10.0
108,20s,6,44,12.14199999999994,1.3920000000000528,1,10.0
108,20s,6,45,10.991999999999962,1.3419999999999843,1,10.0
108,20s,6,46,11.259999999999993,1.1399999999999864,1,10.0
108,20s,6,47,12.008000000000038,1.2519999999999527,1,10.0
108,20s,6,48,12.270000000000095,1.5799999999999272,1,10.0
108,20s,6,49,11.851999999999975,1.3520000000000891,1,10.0
108,20s,6,50,10.40199999999993,1.73599999999999,1,10.0
108,20s,6,51,10.29200000000003,2.9460000000000264,1,10.0
108,20s,6,52,10.566000000000033,1.641999999999939,1,10.0
108,20s,6,53,10.656000000000065,2.467999999999961,1,10.0
108,20s,6,54,8.158000000000015,20.265999999999963,0,10.0
108,20s,6,55,0.7140000000000555,0.0620000000000118,0,10.0
108,20s,6,57,11.724000000000046,1.2440000000000282,1,10.0
108,20s,6,58,0.0319999999999254,0.0360000000000582,0,10.0
108,20s,6,60,10.78200000000004,2.0119999999999436,1,10.0
108,20s,6,61,10.590000000000032,1.433999999999969,1,10.0
108,20s,6,62,10.172000000000024,1.254000000000019,1,10.0
108,20s,6,63,3.5879999999999654,0.0639999999999645,0,10.0
108,20s,6,65,9.903999999999996,20.337999999999965,0,10.0
108,20s,6,66,11.308000000000106,1.391999999999939,1,10.0
108,20s,6,67,10.00400000000002,1.1520000000000437,1,10.0
108,20s,6,68,8.907999999999902,20.340000000000146,0,10.0
108,20s,6,69,12.167999999999893,1.240000000000009,1,10.0
108,20s,6,70,11.355999999999996,1.1459999999999582,1,10.0
108,20s,6,71,10.286000000000058,1.5860000000000127,1,10.0
108,20s,6,72,9.682000000000016,22.18599999999992,0,10.0
108,20s,6,73,10.367999999999938,1.3500000000001364,1,10.0
108,20s,6,74,10.379999999999882,5.214000000000169,1,10.0
108,20s,6,75,0.6199999999998909,0.0620000000001255,0,10.0
108,20s,6,77,0.8220000000001164,21.215999999999894,0,10.0
108,20s,6,78,0.7380000000000564,0.1159999999999854,0,10.0
108,20s,6,80,10.600000000000136,1.066000000000031,1,10.0
108,20s,6,81,9.909999999999854,20.18600000000015,0,10.0
108,20s,6,82,13.548000000000002,1.1539999999999964,1,10.0
108,20s,6,83,11.346000000000004,1.2619999999999436,1,10.0
108,20s,6,84,11.730000000000018,1.981999999999971,1,10.0
108,20s,6,85,11.758000000000038,1.3299999999999272,1,10.0
108,20s,6,86,10.228000000000064,2.3339999999998327,1,10.0
108,20s,6,87,11.248000000000047,1.4500000000000457,1,10.0
108,20s,6,88,11.069999999999936,5.385999999999967,1,10.0
108,20s,6,89,0.8400000000001455,20.153999999999996,0,10.0
108,20s,6,90,10.786000000000058,1.259999999999991,1,10.0
108,20s,6,91,11.151999999999816,1.3480000000001835,1,10.0
108,20s,6,92,11.597999999999956,1.4400000000000546,1,10.0
108,20s,6,93,10.411999999999807,2.3760000000002037,1,10.0
108,20s,6,94,2.8299999999999272,20.423999999999975,0,10.0
108,20s,6,95,10.402000000000044,1.2039999999999509,1,10.0
108,20s,6,96,2.6259999999999764,20.33400000000006,0,10.0
108,20s,6,97,0.8640000000000327,20.31399999999985,0,10.0
108,20s,6,98,12.582000000000107,1.3740000000000236,1,10.0
108,20s,6,99,10.019999999999982,1.58400000000006,1,10.0
108,20s,6,100,10.06399999999985,0.4120000000000345,1,10.0
108,20s,6,101,0.0660000000000309,20.152000000000044,0,10.0
108,20s,6,102,11.571999999999887,1.211999999999989,1,10.0
108,20s,6,103,11.258000000000038,2.2840000000001055,1,10.0
108,20s,6,104,11.374000000000024,2.7239999999999327,1,10.0
108,20s,6,105,8.594000000000051,20.365999999999985,0,10.0
108,20s,6,106,10.077999999999976,1.1440000000000057,1,10.0
108,20s,6,107,9.105999999999996,20.299999999999955,0,10.0
108,20s,6,108,10.008000000000038,1.1879999999998745,1,10.0
108,20s,6,109,10.012000000000173,1.3519999999998618,1,10.0
108,20s,6,110,10.615999999999984,,1,10.0
109,20s,1,1,0.2860000000000013,0.0859999999999985,0,10.0
109,20s,1,3,1.225999999999999,0.0799999999999983,0,10.0
109,20s,1,5,0.3500000000000085,0.0819999999999936,0,10.0
109,20s,1,7,7.772000000000006,24.401999999999987,0,10.0
109,20s,1,8,3.8840000000000146,0.103999999999985,0,10.0
109,20s,1,10,12.26400000000001,6.460000000000008,1,10.0
109,20s,1,11,1.775999999999982,0.0580000000000211,0,10.0
109,20s,1,13,11.598000000000011,7.681999999999988,1,10.0
109,20s,1,14,8.242000000000019,20.855999999999995,0,10.0
109,20s,1,15,9.964,20.867999999999995,0,10.0
109,20s,1,16,0.0480000000000018,0.0299999999999727,0,10.0
109,20s,1,18,0.8980000000000246,0.1479999999999677,0,10.0
109,20s,1,20,10.65799999999996,6.834000000000003,1,10.0
109,20s,1,21,8.490000000000009,22.307999999999993,0,10.0
109,20s,1,22,7.5160000000000196,20.908000000000015,0,10.0
109,20s,1,23,9.613999999999976,21.20999999999998,0,10.0
109,20s,1,24,9.550000000000011,21.50200000000001,0,10.0
109,20s,1,25,9.490000000000007,23.20999999999998,0,10.0
109,20s,1,26,8.302000000000021,23.25600000000003,0,10.0
109,20s,1,27,10.563999999999965,4.293999999999983,1,10.0
109,20s,1,28,1.580000000000041,0.1639999999999872,0,10.0
109,20s,1,30,5.45799999999997,0.0739999999999554,0,10.0
109,20s,1,32,7.0499999999999545,30.159999999999968,0,10.0
109,20s,1,33,9.05200000000002,21.702,0,10.0
109,20s,1,34,0.1480000000000245,43.19399999999996,0,10.0
109,20s,1,35,10.1640000000001,4.91599999999994,1,10.0
109,20s,1,36,6.840000000000032,22.615999999999985,0,10.0
109,20s,1,37,11.083999999999946,4.684000000000083,1,10.0
109,20s,1,38,6.347999999999956,23.096000000000004,0,10.0
109,20s,1,39,6.225999999999999,20.868000000000052,0,10.0
109,20s,1,40,6.641999999999939,23.05200000000002,0,10.0
109,20s,1,41,5.847999999999956,20.687999999999988,0,10.0
109,20s,1,42,1.3260000000000218,0.0500000000000682,0,10.0
109,20s,1,44,7.516000000000076,22.70799999999997,0,10.0
109,20s,1,45,6.418000000000006,21.807999999999993,0,10.0
109,20s,1,46,2.92999999999995,0.1059999999999945,0,10.0
109,20s,1,48,6.6200000000000045,25.742000000000075,0,10.0
109,20s,1,49,7.523999999999887,20.69600000000014,0,10.0
109,20s,1,50,9.723999999999933,28.80600000000004,0,10.0
109,20s,1,51,0.2539999999999054,0.1000000000001364,0,10.0
109,20s,1,53,10.401999999999816,4.186000000000149,1,10.0
109,20s,1,54,7.203999999999951,26.670000000000073,0,10.0
109,20s,1,55,9.167999999999893,23.198000000000093,0,10.0
109,20s,1,56,7.652000000000044,22.651999999999816,0,10.0
109,20s,1,57,8.990000000000009,21.44600000000014,0,10.0
109,20s,1,58,8.801999999999907,21.698000000000093,0,10.0
109,20s,1,59,9.207999999999856,21.53800000000001,0,10.0
109,20s,1,60,8.900000000000091,34.30400000000009,0,10.0
109,20s,1,61,9.70399999999995,23.01800000000003,0,10.0
109,20s,1,62,9.029999999999973,21.365999999999985,0,10.0
109,20s,1,63,11.409999999999854,5.358000000000175,1,10.0
109,20s,1,64,8.823999999999842,20.550000000000185,0,10.0
109,20s,1,65,12.473999999999933,4.094000000000051,1,10.0
109,20s,1,66,0.1679999999998926,22.559999999999945,0,10.0
109,20s,1,67,10.118000000000166,4.961999999999989,1,10.0
109,20s,1,68,0.7639999999998963,0.0720000000001164,0,10.0
109,20s,1,70,9.508000000000038,22.33199999999988,0,10.0
109,20s,1,71,8.832000000000107,20.440000000000055,0,10.0
109,20s,1,72,9.959999999999807,23.036000000000055,0,10.0
109,20s,1,73,6.986000000000104,26.4079999999999,0,10.0
109,20s,1,74,10.107999999999947,5.158000000000129,1,10.0
109,20s,1,75,8.111999999999853,22.82400000000007,0,10.0
109,20s,1,76,7.127999999999929,21.44600000000014,0,10.0
109,20s,1,77,9.761999999999944,42.14599999999996,0,10.0
109,20s,1,78,7.438000000000102,31.903999999999996,0,10.0
109,20s,1,79,2.0799999999999272,25.336000000000013,0,10.0
109,20s,1,80,11.11200000000008,15.61999999999989,1,10.0
109,20s,1,81,7.988000000000056,20.60200000000009,0,10.0
109,20s,1,82,8.789999999999964,21.20399999999995,0,10.0
109,20s,1,83,1.8520000000000891,0.0199999999999818,0,10.0
109,20s,1,85,8.185999999999922,29.286000000000055,0,10.0
109,20s,1,86,7.769999999999982,21.420000000000073,0,10.0
109,20s,1,87,9.995999999999867,22.04599999999982,0,10.0
109,20s,1,88,10.972000000000207,4.25,1,10.0
109,20s,1,89,9.27599999999984,21.672000000000025,0,10.0
109,20s,1,90,8.144000000000233,20.639999999999873,0,10.0
109,20s,1,91,5.980000000000018,0.0199999999999818,0,10.0
109,20s,1,93,9.657999999999902,24.664000000000215,0,10.0
109,20s,1,94,7.993999999999687,20.809999999999945,0,10.0
109,20s,1,95,9.269999999999982,21.18000000000029,0,10.0
109,20s,1,96,11.153999999999996,3.905999999999949,1,10.0
109,20s,1,97,10.773999999999887,4.597999999999956,1,10.0
109,20s,1,98,10.516000000000076,7.128000000000156,1,10.0
109,20s,1,99,9.487999999999827,30.096000000000004,0,10.0
109,20s,1,100,8.566000000000258,20.80199999999968,0,10.0
109,20s,1,101,10.367999999999938,5.3100000000004,1,10.0
109,20s,1,102,7.651999999999589,20.72400000000016,0,10.0
109,20s,1,103,1.5219999999999343,0.0760000000000218,0,10.0
109,20s,1,105,10.706000000000133,2.849999999999909,1,10.0
109,20s,1,106,9.50799999999981,20.87400000000025,0,10.0
109,20s,1,107,9.346000000000004,20.79599999999982,0,10.0
109,20s,1,108,9.038000000000013,21.07400000000007,0,10.0
109,20s,1,109,10.079999999999927,3.8020000000001346,1,10.0
109,20s,1,110,11.16399999999976,3.711999999999989,1,10.0
109,20s,1,111,10.155999999999947,3.542000000000371,1,10.0
109,20s,1,112,9.942000000000007,20.6899999999996,0,10.0
109,20s,1,113,10.118000000000391,4.029999999999745,1,10.0
109,20s,1,114,7.233999999999924,28.146000000000186,0,10.0
109,20s,1,115,7.498000000000047,21.402000000000044,0,10.0
109,20s,1,116,11.621999999999844,,1,10.0
109,20s,2,1,0.1159999999999996,0.096,0,10.0
109,20s,2,3,5.920000000000002,21.410000000000004,0,10.0
109,20s,2,4,7.646000000000001,20.513999999999996,0,10.0
109,20s,2,5,0.8580000000000041,20.698000000000008,0,10.0
109,20s,2,6,6.789999999999992,0.0300000000000011,0,10.0
109,20s,2,8,9.332000000000022,21.262,0,10.0
109,20s,2,9,7.651999999999987,20.830000000000013,0,10.0
109,20s,2,10,9.875999999999976,20.608000000000004,0,10.0
109,20s,2,11,9.894000000000034,20.873999999999967,0,10.0
109,20s,2,12,10.346000000000004,4.004000000000019,1,10.0
109,20s,2,13,8.117999999999995,21.02199999999999,0,10.0
109,20s,2,14,8.951999999999998,20.692000000000007,0,10.0
109,20s,2,15,8.439999999999998,21.077999999999975,0,10.0
109,20s,2,16,1.424000000000035,0.0620000000000118,0,10.0
109,20s,2,18,10.295999999999992,2.768000000000029,1,10.0
109,20s,2,19,8.060000000000002,20.65600000000001,0,10.0
109,20s,2,20,9.77600000000001,22.859999999999957,0,10.0
109,20s,2,21,7.232000000000028,20.692000000000007,0,10.0
109,20s,2,22,8.769999999999982,20.422000000000025,0,10.0
109,20s,2,23,9.096000000000004,20.548,0,10.0
109,20s,2,24,9.16599999999994,20.864000000000033,0,10.0
109,20s,2,25,10.168000000000006,2.477999999999952,1,10.0
109,20s,2,26,9.508000000000038,20.799999999999955,0,10.0
109,20s,2,27,9.3660000000001,20.94799999999998,0,10.0
109,20s,2,28,9.518000000000027,20.84599999999989,0,10.0
109,20s,2,29,11.212000000000105,3.613999999999919,1,10.0
109,20s,2,30,7.966000000000008,20.57400000000007,0,10.0
109,20s,2,31,10.509999999999993,4.663999999999987,1,10.0
109,20s,2,32,9.009999999999993,20.78800000000001,0,10.0
109,20s,2,33,0.3659999999999854,0.0240000000000009,0,10.0
109,20s,2,35,8.785999999999945,23.422000000000025,0,10.0
109,20s,2,36,8.340000000000032,22.931999999999903,0,10.0
109,20s,2,37,8.472000000000094,20.51400000000001,0,10.0
109,20s,2,38,9.313999999999965,22.572000000000003,0,10.0
109,20s,2,39,7.461999999999989,20.59400000000005,0,10.0
109,20s,2,40,11.639999999999986,2.851999999999975,1,10.0
109,20s,2,41,7.648000000000025,21.001999999999953,0,10.0
109,20s,2,42,6.926000000000045,21.984000000000037,0,10.0
109,20s,2,43,8.455999999999904,21.988000000000056,0,10.0
109,20s,2,44,8.571999999999889,20.5920000000001,0,10.0
109,20s,2,45,10.701999999999998,3.9759999999998854,1,10.0
109,20s,2,46,0.3320000000001073,0.155999999999949,0,10.0
109,20s,2,48,9.896000000000186,20.49000000000001,0,10.0
109,20s,2,49,9.183999999999967,22.238000000000056,0,10.0
109,20s,2,50,5.8259999999997945,0.02800000000002,0,10.0
109,20s,2,52,8.881999999999834,20.420000000000073,0,10.0
109,20s,2,53,4.19399999999996,0.0440000000000964,0,10.0
109,20s,2,55,8.97199999999998,20.707999999999856,0,10.0
109,20s,2,56,7.701999999999998,20.586000000000013,0,10.0
109,20s,2,57,3.1700000000000728,0.02800000000002,0,10.0
109,20s,2,59,10.086000000000013,3.2919999999999163,1,10.0
109,20s,2,60,8.271999999999935,20.809999999999945,0,10.0
109,20s,2,61,6.906000000000176,20.98799999999983,0,10.0
109,20s,2,62,8.504000000000133,20.551999999999907,0,10.0
109,20s,2,63,8.894000000000005,20.557999999999993,0,10.0
109,20s,2,64,8.898000000000138,20.59199999999987,0,10.0
109,20s,2,65,7.66599999999994,20.598000000000184,0,10.0
109,20s,2,66,7.066000000000031,20.483999999999924,0,10.0
109,20s,2,67,8.769999999999982,20.480000000000015,0,10.0
109,20s,2,68,10.36999999999989,4.096000000000004,1,10.0
109,20s,2,69,7.788000000000011,20.708000000000084,0,10.0
109,20s,2,70,10.66599999999994,3.0599999999999454,1,10.0
109,20s,2,71,0.08400000000006,20.56200000000013,0,10.0
109,20s,2,72,8.77800000000002,20.385999999999967,0,10.0
109,20s,2,73,7.959999999999809,20.422000000000025,0,10.0
109,20s,2,74,7.762000000000171,20.503999999999905,0,10.0
109,20s,2,75,9.268000000000027,20.836000000000013,0,10.0
109,20s,2,76,9.55600000000004,20.371999999999844,0,10.0
109,20s,2,77,9.682000000000016,20.486000000000104,0,10.0
109,20s,2,78,9.273999999999887,20.663999999999987,0,10.0
109,20s,2,79,9.578000000000202,21.005999999999855,0,10.0
109,20s,2,80,0.6040000000000418,0.0920000000000982,0,10.0
109,20s,2,82,8.875999999999976,20.32400000000007,0,10.0
109,20s,2,83,9.995999999999867,20.50999999999999,0,10.0
109,20s,2,84,8.298000000000002,20.542000000000144,0,10.0
109,20s,2,85,10.407999999999902,4.076000000000022,1,10.0
109,20s,2,86,8.201999999999998,20.58999999999992,0,10.0
109,20s,2,87,9.197999999999864,20.470000000000255,0,10.0
109,20s,2,88,11.347999999999956,3.6159999999999854,1,10.0
109,20s,2,89,3.411999999999807,0.0720000000001164,0,10.0
109,20s,2,91,8.875999999999749,20.44399999999996,0,10.0
109,20s,2,92,11.47400000000016,5.066000000000258,1,10.0
109,20s,2,93,10.27599999999984,0.181999999999789,1,10.0
109,20s,2,94,0.0300000000002,20.858000000000175,0,10.0
109,20s,2,95,10.793999999999867,3.617999999999938,1,10.0
109,20s,2,96,10.567999999999756,4.8840000000000146,1,10.0
109,20s,2,97,7.044000000000324,20.85199999999986,0,10.0
109,20s,2,98,9.244000000000142,20.692000000000007,0,10.0
109,20s,2,99,8.85799999999972,20.546000000000276,0,10.0
109,20s,2,100,8.132000000000062,20.455999999999676,0,10.0
109,20s,2,101,9.200000000000273,20.44399999999996,0,10.0
109,20s,2,102,10.753999999999904,4.5219999999999345,1,10.0
109,20s,2,103,9.501999999999953,20.64200000000028,0,10.0
109,20s,2,104,12.233999999999924,3.9739999999997058,1,10.0
109,20s,2,105,9.106000000000222,20.802000000000135,0,10.0
109,20s,2,106,10.415999999999713,3.394000000000233,1,10.0
109,20s,2,107,10.655999999999947,3.3479999999999563,1,10.0
109,20s,2,108,10.088000000000193,5.3979999999996835,1,10.0
109,20s,2,109,9.858000000000176,20.447999999999865,0,10.0
109,20s,2,110,11.061999999999898,,1,10.0
109,20s,3,1,7.443999999999999,22.822000000000003,0,10.0
109,20s,3,2,7.561999999999998,20.504000000000005,0,10.0
109,20s,3,3,9.563999999999991,20.421999999999997,0,10.0
109,20s,3,4,3.4180000000000064,0.1039999999999992,0,10.0
109,20s,3,6,9.177999999999995,0.0460000000000206,0,10.0
109,20s,3,8,10.027999999999992,4.286000000000001,1,10.0
109,20s,3,9,0.1239999999999952,0.1340000000000145,0,10.0
109,20s,3,12,10.569999999999991,3.7760000000000105,1,10.0
109,20s,3,13,0.2220000000000084,0.108000000000004,0,10.0
109,20s,3,15,9.771999999999991,20.626000000000033,0,10.0
109,20s,3,16,10.69599999999997,2.3179999999999836,1,10.0
109,20s,3,17,10.918000000000006,3.286000000000002,1,10.0
109,20s,3,18,0.2259999999999991,0.1140000000000327,0,10.0
109,20s,3,20,0.5160000000000196,0.0319999999999822,0,10.0
109,20s,3,22,9.886000000000024,20.543999999999983,0,10.0
109,20s,3,23,7.662000000000035,20.988,0,10.0
109,20s,3,24,9.381999999999948,20.708000000000027,0,10.0
109,20s,3,25,9.51400000000001,20.543999999999983,0,10.0
109,20s,3,26,13.665999999999997,3.4279999999999973,1,10.0
109,20s,3,27,12.220000000000027,3.461999999999989,1,10.0
109,20s,3,28,8.72399999999999,20.78799999999995,0,10.0
109,20s,3,29,0.1340000000000145,20.82400000000007,0,10.0
109,20s,3,30,1.2419999999999618,0.0439999999999827,0,10.0
109,20s,3,32,12.444000000000074,2.9560000000000173,1,10.0
109,20s,3,33,4.421999999999912,0.0500000000000682,0,10.0
109,20s,3,35,14.288000000000013,3.145999999999958,1,10.0
109,20s,3,36,11.214000000000055,3.9279999999999977,1,10.0
109,20s,3,37,9.533999999999992,20.427999999999997,0,10.0
109,20s,3,38,12.976,0.1259999999999763,1,10.0
109,20s,3,39,0.0380000000000109,21.10400000000004,0,10.0
109,20s,3,40,12.355999999999996,3.453999999999951,1,10.0
109,20s,3,41,11.06000000000006,6.557999999999993,1,10.0
109,20s,3,42,0.4679999999999609,0.0220000000000482,0,10.0
109,20s,3,44,10.087999999999964,3.286000000000058,1,10.0
109,20s,3,45,10.951999999999998,3.3360000000000127,1,10.0
109,20s,3,46,10.879999999999995,3.363999999999919,1,10.0
109,20s,3,47,9.632000000000062,20.899999999999977,0,10.0
109,20s,3,48,9.701999999999998,20.621999999999957,0,10.0
109,20s,3,49,10.226,2.730000000000018,1,10.0
109,20s,3,50,0.2960000000000491,0.1019999999999754,0,10.0
109,20s,3,52,0.2999999999999545,20.478000000000065,0,10.0
109,20s,3,53,12.41599999999994,3.0299999999999727,1,10.0
109,20s,3,54,9.090000000000032,20.505999999999972,0,10.0
109,20s,3,55,11.518000000000027,3.5960000000000036,1,10.0
109,20s,3,56,10.121999999999955,9.836000000000013,1,10.0
109,20s,3,57,10.172000000000024,2.9740000000000464,1,10.0
109,20s,3,58,12.627999999999927,6.132000000000062,1,10.0
109,20s,3,59,11.639999999999873,4.110000000000127,1,10.0
109,20s,3,60,10.167999999999893,7.772000000000162,1,10.0
109,20s,3,61,12.605999999999996,3.8799999999998818,1,10.0
109,20s,3,62,11.07400000000007,3.6159999999999854,1,10.0
109,20s,3,63,2.0779999999999745,0.0319999999999254,0,10.0
109,20s,3,65,12.692000000000007,3.984000000000151,1,10.0
109,20s,3,66,11.490000000000007,3.451999999999998,1,10.0
109,20s,3,67,12.745999999999867,3.6400000000001,1,10.0
109,20s,3,68,13.061999999999898,6.104000000000042,1,10.0
109,20s,3,69,1.36200000000008,0.0239999999998872,0,10.0
109,20s,3,71,1.8520000000000891,0.0299999999999727,0,10.0
109,20s,3,73,14.155999999999947,3.94600000000014,1,10.0
109,20s,3,74,8.200000000000045,0.0219999999999345,0,10.0
109,20s,3,76,12.423999999999978,6.458000000000084,1,10.0
109,20s,3,77,9.30600000000004,20.468000000000075,0,10.0
109,20s,3,78,12.551999999999907,5.7280000000000655,1,10.0
109,20s,3,79,11.167999999999893,6.1720000000000255,1,10.0
109,20s,3,80,12.544000000000096,4.347999999999956,1,10.0
109,20s,3,81,10.259999999999993,4.495999999999867,1,10.0
109,20s,3,82,12.986000000000104,4.286000000000058,1,10.0
109,20s,3,83,0.1379999999999199,0.1520000000000436,0,10.0
109,20s,3,85,9.192000000000007,20.392000000000053,0,10.0
109,20s,3,86,13.329999999999927,3.711999999999989,1,10.0
109,20s,3,87,10.940000000000056,3.1400000000001,1,10.0
109,20s,3,88,11.69399999999996,7.208000000000084,1,10.0
109,20s,3,89,13.705999999999904,2.826000000000022,1,10.0
109,20s,3,90,11.10200000000009,5.001999999999953,1,10.0
109,20s,3,91,0.2419999999999618,20.3599999999999,0,10.0
109,20s,3,92,1.4680000000000746,0.0360000000000582,0,10.0
109,20s,3,94,9.645999999999958,20.940000000000055,0,10.0
109,20s,3,95,10.33199999999988,5.938000000000102,1,10.0
109,20s,3,96,11.986000000000104,4.233999999999924,1,10.0
109,20s,3,97,10.293999999999867,3.4780000000000655,1,10.0
109,20s,3,98,10.942000000000007,4.958000000000084,1,10.0
109,20s,3,99,12.135999999999967,3.847999999999956,1,10.0
109,20s,3,100,2.5060000000000855,0.0760000000000218,0,10.0
109,20s,3,102,12.605999999999996,2.3320000000001073,1,10.0
109,20s,3,103,10.230000000000018,5.735999999999876,1,10.0
109,20s,3,104,12.622000000000073,4.872000000000071,1,10.0
109,20s,3,105,14.44399999999996,3.30399999999986,1,10.0
109,20s,3,106,3.684000000000197,0.0899999999999181,0,10.0
109,20s,3,108,15.617999999999938,3.5799999999999272,1,10.0
109,20s,3,109,10.47199999999998,6.664000000000215,1,10.0
109,20s,3,110,1.0599999999999454,0.0359999999998308,0,10.0
109,20s,3,112,14.617999999999938,2.9760000000001128,1,10.0
109,20s,3,113,0.2539999999999054,0.0960000000000036,0,10.0
109,20s,3,115,13.201999999999998,6.097999999999956,1,10.0
109,20s,3,116,11.129999999999882,4.220000000000027,1,10.0
109,20s,3,117,2.701999999999998,0.0340000000001055,0,10.0
109,20s,3,119,15.688000000000102,3.5139999999998963,1,10.0
109,20s,3,120,10.650000000000093,3.3859999999999673,1,10.0
109,20s,3,121,11.412000000000036,3.619999999999891,1,10.0
109,20s,3,122,14.188000000000102,,1,10.0
109,20s,4,1,0.3780000000000001,0.0799999999999983,0,10.0
109,20s,4,3,11.046,3.814,1,10.0
109,20s,4,4,9.384,20.564000000000007,0,10.0
109,20s,4,5,8.756,20.33,0,10.0
109,20s,4,6,3.6259999999999906,0.0519999999999925,0,10.0
109,20s,4,9,3.930000000000007,0.0260000000000104,0,10.0
109,20s,4,11,8.289999999999992,20.41200000000001,0,10.0
109,20s,4,12,10.018,2.2299999999999898,1,10.0
109,20s,4,13,9.75800000000001,21.90600000000001,0,10.0
109,20s,4,14,9.810000000000002,20.74599999999998,0,10.0
109,20s,4,15,11.105999999999996,2.0219999999999914,1,10.0
109,20s,4,16,0.5160000000000196,0.0480000000000018,0,10.0
109,20s,4,18,9.168000000000006,20.427999999999997,0,10.0
109,20s,4,19,6.742000000000019,20.385999999999967,0,10.0
109,20s,4,20,0.4039999999999963,0.0260000000000104,0,10.0
109,20s,4,22,9.089999999999977,20.353999999999985,0,10.0
109,20s,4,23,0.2060000000000172,0.0240000000000009,0,10.0
109,20s,4,25,10.158000000000015,2.562000000000012,1,10.0
109,20s,4,26,12.70999999999998,4.150000000000034,1,10.0
109,20s,4,27,6.993999999999971,0.0500000000000113,0,10.0
109,20s,4,29,11.795999999999992,3.3240000000000123,1,10.0
109,20s,4,30,10.372000000000014,2.8460000000000036,1,10.0
109,20s,4,31,10.97199999999998,3.48599999999999,1,10.0
109,20s,4,32,11.553999999999974,3.8360000000000127,1,10.0
109,20s,4,33,2.038000000000011,0.0219999999999345,0,10.0
109,20s,4,35,10.336000000000013,4.124000000000024,1,10.0
109,20s,4,36,10.716000000000008,3.117999999999938,1,10.0
109,20s,4,37,12.920000000000073,3.1100000000000136,1,10.0
109,20s,4,38,11.381999999999948,3.830000000000041,1,10.0
109,20s,4,39,10.445999999999913,3.454000000000065,1,10.0
109,20s,4,40,7.843999999999937,0.0480000000000018,0,10.0
109,20s,4,42,12.10800000000006,5.051999999999907,1,10.0
109,20s,4,43,5.710000000000036,0.0339999999999918,0,10.0
109,20s,4,45,11.673999999999978,3.024000000000001,1,10.0
109,20s,4,46,11.426000000000045,2.783999999999992,1,10.0
109,20s,4,47,0.6879999999999882,0.0480000000000018,0,10.0
109,20s,4,49,10.496000000000096,3.2339999999999236,1,10.0
109,20s,4,50,13.022000000000048,10.187999999999988,1,10.0
109,20s,4,51,9.976,22.659999999999968,0,10.0
109,20s,4,52,13.115999999999984,5.338000000000079,1,10.0
109,20s,4,53,0.0699999999999363,20.351999999999975,0,10.0
109,20s,4,54,10.696000000000026,3.288000000000011,1,10.0
109,20s,4,55,14.389999999999986,2.608000000000061,1,10.0
109,20s,4,56,11.42599999999993,4.522000000000048,1,10.0
109,20s,4,57,0.4460000000000264,0.0960000000000036,0,10.0
109,20s,4,59,12.456000000000016,2.97199999999998,1,10.0
109,20s,4,60,13.781999999999924,2.6140000000000327,1,10.0
109,20s,4,61,0.3740000000000236,20.535999999999945,0,10.0
109,20s,4,62,1.0480000000000018,20.656000000000063,0,10.0
109,20s,4,63,9.879999999999882,20.560000000000173,0,10.0
109,20s,4,64,10.511999999999944,3.395999999999958,1,10.0
109,20s,4,65,12.708000000000084,3.7719999999999345,1,10.0
109,20s,4,66,12.152000000000044,2.7259999999998854,1,10.0
109,20s,4,67,11.262000000000173,3.5019999999999527,1,10.0
109,20s,4,68,11.907999999999902,3.048000000000002,1,10.0
109,20s,4,69,12.998000000000047,6.114000000000033,1,10.0
109,20s,4,70,13.125999999999976,3.4480000000000928,1,10.0
109,20s,4,71,14.829999999999927,3.622000000000071,1,10.0
109,20s,4,72,13.291999999999916,3.701999999999998,1,10.0
109,20s,4,73,1.38799999999992,0.0420000000001437,0,10.0
109,20s,4,75,12.907999999999902,3.3920000000000528,1,10.0
109,20s,4,76,15.761999999999944,4.526000000000067,1,10.0
109,20s,4,77,13.087999999999964,3.0699999999999363,1,10.0
109,20s,4,78,13.206000000000133,4.599999999999909,1,10.0
109,20s,4,79,1.240000000000009,20.549999999999955,0,10.0
109,20s,4,80,14.090000000000146,3.6079999999999472,1,10.0
109,20s,4,81,12.854000000000042,3.3079999999999927,1,10.0
109,20s,4,82,9.02800000000002,20.60400000000004,0,10.0
109,20s,4,83,0.2439999999999145,20.42599999999993,0,10.0
109,20s,4,84,8.923999999999978,20.54600000000005,0,10.0
109,20s,4,85,11.286000000000058,2.8379999999999654,1,10.0
109,20s,4,86,0.6479999999999109,0.1400000000001,0,10.0
109,20s,4,88,11.8599999999999,2.910000000000082,1,10.0
109,20s,4,89,13.503999999999904,2.8600000000001273,1,10.0
109,20s,4,90,9.867999999999938,20.346000000000004,0,10.0
109,20s,4,91,13.32400000000007,4.05600000000004,1,10.0
109,20s,4,92,0.4179999999998927,0.1099999999998999,0,10.0
109,20s,4,94,11.798000000000002,3.5860000000000127,1,10.0
109,20s,4,95,11.30600000000004,4.16599999999994,1,10.0
109,20s,4,96,10.710000000000036,3.624000000000024,1,10.0
109,20s,4,97,14.092000000000098,4.379999999999882,1,10.0
109,20s,4,98,13.426000000000158,3.967999999999847,1,10.0
109,20s,4,99,15.122000000000073,3.183999999999969,1,10.0
109,20s,4,100,12.827999999999976,2.9039999999999964,1,10.0
109,20s,4,101,0.1179999999999381,0.0660000000000309,0,10.0
109,20s,4,103,12.096000000000004,2.5879999999999654,1,10.0
109,20s,4,104,13.192000000000007,3.679999999999836,1,10.0
109,20s,4,105,10.807999999999993,5.254000000000133,1,10.0
109,20s,4,106,11.402000000000044,3.9079999999999018,1,10.0
109,20s,4,107,10.645999999999958,8.682000000000016,1,10.0
109,20s,4,108,11.872000000000073,3.619999999999891,1,10.0
109,20s,4,109,9.662000000000036,20.458000000000084,0,10.0
109,20s,4,110,14.051999999999907,2.574000000000069,1,10.0
109,20s,4,111,12.726000000000113,6.669999999999845,1,10.0
109,20s,4,112,9.930000000000064,20.85400000000004,0,10.0
109,20s,4,113,0.2300000000000182,20.995999999999867,0,10.0
109,20s,4,114,9.198000000000093,20.498000000000047,0,10.0
109,20s,4,115,9.823999999999842,20.567999999999984,0,10.0
109,20s,4,116,10.958000000000084,2.599999999999909,1,10.0
109,20s,4,117,9.838000000000193,,0,10.0
109,20s,5,1,0.0560000000000009,0.0680000000000013,0,10.0
109,20s,5,3,8.228000000000002,20.473999999999997,0,10.0
109,20s,5,4,11.439999999999998,2.6200000000000045,1,10.0
109,20s,5,5,9.938000000000002,20.84599999999999,0,10.0
109,20s,5,6,9.586000000000013,20.46599999999998,0,10.0
109,20s,5,7,11.312000000000012,2.896000000000015,1,10.0
109,20s,5,8,1.9359999999999784,0.0400000000000204,0,10.0
109,20s,5,10,0.1839999999999975,0.0840000000000031,0,10.0
109,20s,5,12,11.265999999999991,3.5080000000000098,1,10.0
109,20s,5,13,13.081999999999994,2.367999999999995,1,10.0
109,20s,5,14,13.084000000000032,2.637999999999977,1,10.0
109,20s,5,15,13.093999999999994,3.038000000000011,1,10.0
109,20s,5,16,0.9879999999999995,0.1100000000000136,0,10.0
109,20s,5,18,10.647999999999968,3.4700000000000273,1,10.0
109,20s,5,19,12.545999999999992,2.0400000000000205,1,10.0
109,20s,5,20,12.367999999999997,3.343999999999994,1,10.0
109,20s,5,21,14.065999999999974,3.862000000000023,1,10.0
109,20s,5,22,12.168000000000006,2.923999999999978,1,10.0
109,20s,5,23,10.77600000000001,5.7520000000000095,1,10.0
109,20s,5,24,8.43199999999996,0.0400000000000204,0,10.0
109,20s,5,26,0.0399999999999636,20.396000000000015,0,10.0
109,20s,5,27,9.798000000000002,20.341999999999985,0,10.0
109,20s,5,28,10.25400000000002,1.8340000000000032,1,10.0
109,20s,5,29,11.053999999999974,1.8900000000000432,1,10.0
109,20s,5,30,10.897999999999968,2.6720000000000255,1,10.0
109,20s,5,31,11.013999999999951,3.005999999999972,1,10.0
109,20s,5,32,11.748000000000047,2.830000000000041,1,10.0
109,20s,5,33,6.933999999999969,20.269999999999985,0,10.0
109,20s,5,34,0.0399999999999636,0.1180000000000518,0,10.0
109,20s,5,36,11.427999999999995,1.877999999999929,1,10.0
109,20s,5,37,12.908000000000015,2.4120000000000346,1,10.0
109,20s,5,38,11.726,4.180000000000064,1,10.0
109,20s,5,39,12.115999999999984,3.740000000000009,1,10.0
109,20s,5,40,13.644000000000004,3.0819999999999936,1,10.0
109,20s,5,41,13.325999999999908,3.546000000000049,1,10.0
109,20s,5,42,3.629999999999995,20.620000000000005,0,10.0
109,20s,5,43,15.234000000000036,2.575999999999908,1,10.0
109,20s,5,44,14.382000000000062,3.710000000000037,1,10.0
109,20s,5,45,10.257999999999925,4.98599999999999,1,10.0
109,20s,5,46,7.858000000000061,0.0180000000000291,0,10.0
109,20s,5,48,11.895999999999958,3.3220000000000027,1,10.0
109,20s,5,49,12.727999999999952,3.080000000000041,1,10.0
109,20s,5,50,10.515999999999964,2.240000000000009,1,10.0
109,20s,5,51,9.666000000000054,21.101999999999975,0,10.0
109,20s,5,52,12.913999999999987,3.0579999999999927,1,10.0
109,20s,5,53,11.80600000000004,3.155999999999949,1,10.0
109,20s,5,54,11.252000000000066,4.611999999999966,1,10.0
109,20s,5,55,9.867999999999938,20.668000000000006,0,10.0
109,20s,5,56,11.522000000000048,2.590000000000032,1,10.0
109,20s,5,57,11.0,3.524000000000001,1,10.0
109,20s,5,58,10.51400000000001,3.955999999999904,1,10.0
109,20s,5,59,0.3860000000000809,0.1539999999999963,0,10.0
109,20s,5,61,12.535999999999945,3.620000000000005,1,10.0
109,20s,5,62,10.332000000000107,3.293999999999869,1,10.0
109,20s,5,63,9.807999999999993,23.08400000000006,0,10.0
109,20s,5,64,11.837999999999964,4.413999999999987,1,10.0
109,20s,5,65,12.832000000000107,2.8079999999999927,1,10.0
109,20s,5,66,11.422000000000024,10.28599999999983,1,10.0
109,20s,5,67,13.88000000000011,5.851999999999862,1,10.0
109,20s,5,68,12.30600000000004,2.7000000000000455,1,10.0
109,20s,5,69,11.688000000000102,4.041999999999916,1,10.0
109,20s,5,70,11.63000000000011,5.153999999999996,1,10.0
109,20s,5,71,0.4639999999999418,0.1320000000000618,0,10.0
109,20s,5,73,13.097999999999956,4.763999999999896,1,10.0
109,20s,5,74,12.289999999999964,2.6140000000000327,1,10.0
109,20s,5,75,9.206000000000133,20.47199999999998,0,10.0
109,20s,5,76,13.235999999999876,2.990000000000009,1,10.0
109,20s,5,77,11.653999999999996,4.742000000000189,1,10.0
109,20s,5,78,10.107999999999947,5.385999999999967,1,10.0
109,20s,5,79,9.541999999999916,23.644000000000005,0,10.0
109,20s,5,80,12.860000000000127,5.579999999999927,1,10.0
109,20s,5,81,10.758000000000038,5.963999999999942,1,10.0
109,20s,5,82,12.857999999999947,11.576000000000022,1,10.0
109,20s,5,83,13.718000000000076,2.9859999999998763,1,10.0
109,20s,5,84,11.804000000000087,11.240000000000007,1,10.0
109,20s,5,85,2.5720000000001164,20.57599999999979,0,10.0
109,20s,5,86,11.60200000000009,7.102000000000089,1,10.0
109,20s,5,87,12.131999999999834,3.480000000000018,1,10.0
109,20s,5,88,10.108000000000176,5.111999999999853,1,10.0
109,20s,5,89,12.708000000000084,7.567999999999984,1,10.0
109,20s,5,90,9.003999999999905,20.60200000000009,0,10.0
109,20s,5,91,10.377999999999927,3.286000000000058,1,10.0
109,20s,5,92,10.884000000000016,3.064000000000078,1,10.0
109,20s,5,93,10.427999999999884,4.011999999999944,1,10.0
109,20s,5,94,8.698000000000093,33.00999999999999,0,10.0
109,20s,5,95,12.001999999999953,3.3120000000001255,1,10.0
109,20s,5,96,10.30399999999986,9.261999999999944,1,10.0
109,20s,5,97,9.940000000000056,20.680000000000064,0,10.0
109,20s,5,98,0.5960000000000036,20.50800000000004,0,10.0
109,20s,5,99,13.231999999999973,3.354000000000042,1,10.0
109,20s,5,100,12.34199999999987,3.77800000000002,1,10.0
109,20s,5,101,10.764000000000124,5.769999999999982,1,10.0
109,20s,5,102,11.089999999999918,4.695999999999913,1,10.0
109,20s,5,103,12.336000000000013,5.413999999999987,1,10.0
109,20s,5,104,12.7800000000002,9.323999999999842,1,10.0
109,20s,5,105,11.650000000000093,3.4400000000000546,1,10.0
109,20s,5,106,8.107999999999947,20.89799999999991,0,10.0
109,20s,5,107,10.004000000000133,2.8719999999998436,1,10.0
109,20s,5,108,10.594000000000053,6.1059999999999945,1,10.0
109,20s,5,109,11.25,,1,10.0
109,20s,6,1,8.43,20.844,0,10.0
109,20s,6,2,7.997999999999997,20.376000000000005,0,10.0
109,20s,6,3,1.0840000000000032,0.1219999999999998,0,10.0
109,20s,6,5,8.870000000000005,20.325999999999993,0,10.0
109,20s,6,6,8.586000000000013,20.313999999999993,0,10.0
109,20s,6,7,11.057999999999993,3.5260000000000105,1,10.0
109,20s,6,8,10.145999999999988,5.800000000000011,1,10.0
109,20s,6,9,11.304000000000002,4.569999999999993,1,10.0
109,20s,6,10,11.97399999999999,2.530000000000001,1,10.0
109,20s,6,11,9.910000000000023,0.0959999999999752,0,10.0
109,20s,6,13,0.9979999999999905,0.0720000000000027,0,10.0
109,20s,6,15,8.933999999999969,20.49799999999999,0,10.0
109,20s,6,16,11.226,2.4420000000000073,1,10.0
109,20s,6,17,12.79000000000002,2.2280000000000086,1,10.0
109,20s,6,18,10.44599999999997,3.7200000000000273,1,10.0
109,20s,6,19,1.5779999999999743,0.0360000000000013,0,10.0
109,20s,6,21,11.132000000000003,3.5160000000000196,1,10.0
109,20s,6,22,10.226,3.45799999999997,1,10.0
109,20s,6,23,9.454000000000008,20.531999999999982,0,10.0
109,20s,6,24,9.05200000000002,20.476,0,10.0
109,20s,6,25,11.641999999999996,2.1960000000000264,1,10.0
109,20s,6,26,9.649999999999975,20.408000000000015,0,10.0
109,20s,6,27,11.589999999999977,3.1800000000000637,1,10.0
109,20s,6,28,10.955999999999904,3.2060000000000173,1,10.0
109,20s,6,29,9.364000000000033,21.115999999999985,0,10.0
109,20s,6,30,0.6499999999999773,20.644000000000005,0,10.0
109,20s,6,31,9.27800000000002,20.639999999999983,0,10.0
109,20s,6,32,0.1599999999999681,0.0300000000000864,0,10.0
109,20s,6,34,10.059999999999944,2.30600000000004,1,10.0
109,20s,6,35,8.830000000000041,20.374000000000024,0,10.0
109,20s,6,36,9.103999999999928,20.505999999999972,0,10.0
109,20s,6,37,9.760000000000105,20.441999999999897,0,10.0
109,20s,6,38,9.918000000000006,20.548,0,10.0
109,20s,6,39,11.416000000000054,2.145999999999958,1,10.0
109,20s,6,40,0.5380000000000109,0.0800000000000409,0,10.0
109,20s,6,42,0.1460000000000718,0.0339999999999918,0,10.0
109,20s,6,44,14.731999999999973,3.1059999999999945,1,10.0
109,20s,6,45,10.142000000000053,4.051999999999907,1,10.0
109,20s,6,46,8.85200000000009,20.755999999999972,0,10.0
109,20s,6,47,12.41599999999994,2.82000000000005,1,10.0
109,20s,6,48,13.538000000000013,6.231999999999971,1,10.0
109,20s,6,49,11.488000000000056,2.8360000000000127,1,10.0
109,20s,6,50,0.5639999999999645,0.0939999999999372,0,10.0
109,20s,6,52,11.756000000000084,3.641999999999939,1,10.0
109,20s,6,53,2.7200000000000273,0.0259999999999536,0,10.0
109,20s,6,55,11.59800000000007,3.2939999999999827,1,10.0
109,20s,6,56,8.91599999999994,34.190000000000055,0,10.0
109,20s,6,57,10.231999999999973,2.9600000000000364,1,10.0
109,20s,6,58,9.685999999999922,20.35200000000009,0,10.0
109,20s,6,59,10.97199999999998,5.8599999999999,1,10.0
109,20s,6,60,10.875999999999976,3.9440000000001874,1,10.0
109,20s,6,61,9.874000000000024,21.527999999999793,0,10.0
109,20s,6,62,8.86200000000008,20.48199999999997,0,10.0
109,20s,6,63,11.006000000000084,2.8579999999999472,1,10.0
109,20s,6,64,0.8440000000000509,0.0860000000000127,0,10.0
109,20s,6,66,1.6059999999999943,0.0360000000000582,0,10.0
109,20s,6,68,10.557999999999993,3.9199999999998454,1,10.0
109,20s,6,69,9.711999999999987,20.470000000000027,0,10.0
109,20s,6,70,10.847999999999956,3.3500000000001364,1,10.0
109,20s,6,71,9.758000000000038,20.391999999999825,0,10.0
109,20s,6,72,10.552000000000136,2.7899999999999636,1,10.0
109,20s,6,73,10.33199999999988,4.532000000000153,1,10.0
109,20s,6,74,12.894000000000004,3.80600000000004,1,10.0
109,20s,6,75,10.437999999999874,4.63799999999992,1,10.0
109,20s,6,76,10.976000000000113,5.516000000000076,1,10.0
109,20s,6,77,10.69399999999996,5.599999999999909,1,10.0
109,20s,6,78,11.086000000000013,3.5260000000000673,1,10.0
109,20s,6,79,11.551999999999907,3.012000000000171,1,10.0
109,20s,6,80,9.571999999999887,20.458000000000084,0,10.0
109,20s,6,81,11.033999999999878,3.594000000000051,1,10.0
109,20s,6,82,12.342000000000098,3.3739999999997963,1,10.0
109,20s,6,83,10.896000000000186,8.28599999999983,1,10.0
109,20s,6,84,11.230000000000018,5.180000000000064,1,10.0
109,20s,6,85,11.596000000000004,3.571999999999889,1,10.0
109,20s,6,86,1.4260000000001585,20.5,0,10.0
109,20s,6,87,10.200000000000044,2.813999999999851,1,10.0
109,20s,6,88,12.082000000000107,3.05600000000004,1,10.0
109,20s,6,89,1.2199999999998,20.56800000000021,0,10.0
109,20s,6,90,11.607999999999947,3.4980000000000473,1,10.0
109,20s,6,91,10.579999999999927,4.147999999999911,1,10.0
109,20s,6,92,12.266000000000076,3.5679999999999836,1,10.0
109,20s,6,93,11.839999999999918,4.22199999999998,1,10.0
109,20s,6,94,11.022000000000162,3.8859999999999673,1,10.0
109,20s,6,95,11.450000000000044,3.5399999999999636,1,10.0
109,20s,6,96,10.768000000000027,3.6579999999999018,1,10.0
109,20s,6,97,9.548000000000002,20.554000000000087,0,10.0
109,20s,6,98,14.407999999999902,3.3460000000000036,1,10.0
109,20s,6,99,0.1800000000000636,0.0380000000000109,0,10.0
109,20s,6,101,13.642000000000053,2.953999999999951,1,10.0
109,20s,6,102,13.586000000000013,4.611999999999853,1,10.0
109,20s,6,103,15.120000000000118,4.9500000000000455,1,10.0
109,20s,6,104,0.1119999999998526,0.1100000000001273,0,10.0
109,20s,6,106,11.211999999999987,2.4079999999999018,1,10.0
109,20s,6,107,11.900000000000093,2.703999999999951,1,10.0
109,20s,6,108,12.057999999999993,5.653999999999996,1,10.0
109,20s,6,109,8.276000000000067,20.447999999999865,0,10.0
109,20s,6,110,10.076000000000022,4.204000000000178,1,10.0
109,20s,6,111,9.907999999999902,20.336000000000013,0,10.0
109,20s,6,112,13.288000000000013,2.8559999999999945,1,10.0
109,20s,6,113,11.177999999999884,,1,10.0
111,20s,1,1,0.7139999999999986,21.275999999999996,0,0.0
111,20s,1,2,0.152000000000001,21.840000000000003,0,0.0
111,20s,1,3,1.0759999999999934,30.554,0,0.0
111,20s,1,4,0.8719999999999999,0.1580000000000012,0,0.0
111,20s,1,6,0.5,0.0719999999999743,0,0.0
111,20s,1,8,0.6899999999999977,20.562000000000012,0,0.0
111,20s,1,9,0.5500000000000114,20.738,0,0.0
111,20s,1,10,0.2259999999999991,0.0660000000000025,0,0.0
111,20s,1,12,0.1299999999999954,20.50800000000001,0,0.0
111,20s,1,13,0.3179999999999836,20.96199999999999,0,0.0
111,20s,1,14,0.5240000000000009,23.402000000000044,0,0.0
111,20s,1,15,0.4659999999999513,20.424000000000035,0,0.0
111,20s,1,16,0.2579999999999813,22.317999999999984,0,0.0
111,20s,1,17,0.6299999999999955,20.376000000000033,0,0.0
111,20s,1,18,0.4619999999999891,21.726,0,0.0
111,20s,1,19,0.6120000000000232,0.0639999999999645,0,0.0
111,20s,1,21,0.5940000000000509,1279.928,0,0.0
111,20s,1,22,0.900000000000091,0.0380000000000109,0,0.0
111,20s,2,1,0.1020000000000003,21.006,0,0.0
111,20s,2,2,1.0579999999999998,21.308000000000007,0,0.0
111,20s,2,3,1.3739999999999952,0.0400000000000062,0,0.0
111,20s,2,5,0.4959999999999951,0.2700000000000102,0,0.0
111,20s,2,7,0.304000000000002,0.0259999999999962,0,0.0
111,20s,2,9,0.3479999999999847,0.0180000000000006,0,0.0
111,20s,2,11,0.6800000000000068,23.096000000000004,0,0.0
111,20s,2,12,0.1920000000000072,25.787999999999982,0,0.0
111,20s,2,13,0.4380000000000166,63.073999999999984,0,0.0
111,20s,2,14,1.6260000000000332,44.93199999999996,0,0.0
111,20s,2,15,0.6059999999999945,0.0500000000000113,0,0.0
111,20s,2,17,0.4279999999999972,24.557999999999993,0,0.0
111,20s,2,18,2.2480000000000473,24.360000000000017,0,0.0
111,20s,2,19,0.6019999999999754,624.456,0,0.0
111,20s,2,20,0.7760000000000673,26.329999999999927,0,0.0
111,20s,2,21,0.2899999999999636,23.68599999999992,0,0.0
111,20s,2,22,1.41800000000012,22.98199999999997,0,0.0
111,20s,2,23,0.7000000000000455,0.0819999999998799,0,0.0
111,20s,2,25,1.1459999999999582,284.82400000000007,0,0.0
111,20s,2,26,0.4800000000000182,663.6619999999998,0,0.0
111,20s,2,27,0.4819999999999709,,0,0.0
111,20s,3,1,1.0279999999999987,22.994,0,0.0
111,20s,3,2,0.4140000000000015,22.138000000000005,0,0.0
111,20s,3,3,0.3900000000000005,0.0219999999999913,0,0.0
111,20s,3,6,0.5259999999999962,20.616,0,0.0
111,20s,3,7,0.3100000000000023,0.1260000000000047,0,0.0
111,20s,3,9,2.6779999999999973,21.51400000000001,0,0.0
111,20s,3,10,1.1379999999999768,22.358000000000004,0,0.0
111,20s,3,11,0.0879999999999938,40.024,0,0.0
111,20s,3,12,0.6140000000000043,22.226,0,0.0
111,20s,3,13,0.5019999999999811,131.29400000000004,0,0.0
111,20s,3,14,3.73599999999999,260.08,0,0.0
111,20s,3,15,0.183999999999969,293.45400000000006,0,0.0
111,20s,3,16,0.7279999999999518,23.464000000000055,0,0.0
111,20s,3,17,0.3399999999999181,0.1320000000000618,0,0.0
111,20s,3,19,0.1879999999999881,355.9380000000001,0,0.0
111,20s,3,20,0.515999999999849,887.4620000000002,0,0.0
111,20s,3,21,0.2739999999998872,0.043999999999869,0,0.0
111,20s,3,23,1.0160000000000764,0.1640000000002146,0,0.0
111,20s,3,25,0.6179999999999382,276.942,0,0.0
111,20s,3,26,2.132000000000062,,0,0.0
111,20s,4,1,1.1159999999999997,0.2379999999999995,0,0.0
111,20s,4,3,0.7119999999999962,21.642000000000003,0,0.0
111,20s,4,4,0.8100000000000023,0.2519999999999953,0,0.0
111,20s,4,6,0.6800000000000068,24.584000000000003,0,0.0
111,20s,4,7,0.563999999999993,54.140000000000015,0,0.0
111,20s,4,8,1.1599999999999966,29.458,0,0.0
111,20s,4,9,2.8419999999999845,23.574000000000012,0,0.0
111,20s,4,10,0.632000000000005,43.75599999999997,0,0.0
111,20s,4,11,0.4320000000000163,23.576000000000025,0,0.0
111,20s,4,12,0.5919999999999845,0.0480000000000018,0,0.0
111,20s,4,14,0.7139999999999986,0.0960000000000036,0,0.0
111,20s,4,16,0.5419999999999732,132.99000000000007,0,0.0
111,20s,4,17,0.4239999999999781,0.0480000000000018,0,0.0
111,20s,4,19,1.2519999999999527,0.1200000000000045,0,0.0
111,20s,4,21,0.5600000000000591,82.72199999999998,0,0.0
111,20s,4,22,1.67999999999995,22.83400000000006,0,0.0
111,20s,4,23,0.6179999999999382,28.851999999999975,0,0.0
111,20s,4,24,0.6340000000000146,545.56,0,0.0
111,20s,4,25,0.4100000000000818,824.5319999999999,0,0.0
111,20s,4,26,0.5199999999999818,156.884,0,0.0
111,20s,4,27,0.5840000000002874,,0,0.0
111,20s,5,1,0.7160000000000011,32.56399999999999,0,0.0
111,20s,5,2,0.269999999999996,20.418000000000006,0,0.0
111,20s,5,3,0.4200000000000017,22.037999999999997,0,0.0
111,20s,5,4,0.1299999999999954,0.0280000000000057,0,0.0
111,20s,5,6,0.6820000000000164,29.74199999999999,0,0.0
111,20s,5,7,0.4320000000000163,53.22199999999998,0,0.0
111,20s,5,8,0.4540000000000077,21.372000000000018,0,0.0
111,20s,5,9,0.4699999999999988,46.06399999999999,0,0.0
111,20s,5,10,0.4759999999999991,313.71599999999995,0,0.0
111,20s,5,11,0.4039999999999963,534.0220000000002,0,0.0
111,20s,5,12,2.3099999999999454,0.0619999999998981,0,0.0
111,20s,5,14,0.3520000000000891,542.0260000000001,0,0.0
111,20s,5,15,0.7400000000000091,,0,0.0
111,20s,6,1,0.4760000000000133,1033.784,0,0.0
111,20s,6,2,0.4659999999998945,128.57799999999995,0,0.0
111,20s,6,3,0.3440000000000509,1001.8939999999998,0,0.0
111,20s,6,4,0.4480000000003201,641.308,0,0.0
111,20s,6,5,0.1779999999998835,,0,0.0
113,20s,1,1,0.0600000000000022,0.0420000000000015,0,10.0
113,20s,1,4,0.1039999999999992,22.025999999999996,0,10.0
113,20s,1,5,0.1020000000000038,0.0900000000000034,0,10.0
113,20s,1,7,0.2319999999999993,0.0679999999999978,0,10.0
113,20s,1,9,0.2079999999999984,20.982,0,10.0
113,20s,1,10,0.146000000000015,0.0199999999999818,0,10.0
113,20s,1,16,0.0459999999999922,23.98599999999999,0,10.0
113,20s,1,17,0.2400000000000091,21.847999999999985,0,10.0
113,20s,1,18,0.2420000000000186,27.885999999999996,0,10.0
113,20s,1,19,0.4499999999999886,29.653999999999996,0,10.0
113,20s,1,20,0.5120000000000005,21.762,0,10.0
113,20s,1,21,0.05600000000004,0.1099999999999568,0,10.0
113,20s,1,24,0.5900000000000318,0.0860000000000127,0,10.0
113,20s,1,26,1.9739999999999895,0.1520000000000436,0,10.0
113,20s,1,28,0.8220000000000027,0.0879999999999654,0,10.0
113,20s,1,30,0.1220000000000141,21.97199999999998,0,10.0
113,20s,1,31,4.140000000000043,0.1099999999999568,0,10.0
113,20s,1,33,1.377999999999986,22.238,0,10.0
113,20s,1,34,0.8160000000000309,0.0339999999999918,0,10.0
113,20s,1,36,0.3120000000000118,22.105999999999938,0,10.0
113,20s,1,37,0.30600000000004,32.922000000000025,0,10.0
113,20s,1,38,3.870000000000005,21.635999999999967,0,10.0
113,20s,1,39,10.01400000000001,4.997999999999934,1,10.0
113,20s,1,40,0.6800000000000637,0.0459999999999354,0,10.0
113,20s,1,43,0.6539999999999964,0.0760000000000218,0,10.0
113,20s,1,45,7.8139999999999645,21.790000000000077,0,10.0
113,20s,1,46,28.587999999999965,3.244000000000028,1,10.0
113,20s,1,47,8.947999999999979,20.99000000000001,0,10.0
113,20s,1,48,0.1799999999999499,0.1020000000000891,0,10.0
113,20s,1,50,19.199999999999932,2.0120000000000573,1,10.0
113,20s,1,51,0.2619999999999436,21.998000000000047,0,10.0
113,20s,1,52,20.432000000000016,2.2239999999999327,1,10.0
113,20s,1,53,3.958000000000084,0.0579999999999927,0,10.0
113,20s,1,55,0.07000000000005,0.1620000000000345,0,10.0
113,20s,1,57,5.399999999999977,0.0199999999999818,0,10.0
113,20s,1,60,10.578000000000088,3.2379999999999427,1,10.0
113,20s,1,61,9.077999999999976,20.818000000000097,0,10.0
113,20s,1,62,0.0419999999999163,20.31600000000003,0,10.0
113,20s,1,63,0.0639999999999645,0.1340000000000145,0,10.0
113,20s,1,65,8.019999999999982,20.85400000000004,0,10.0
113,20s,1,66,0.0299999999999727,21.996000000000095,0,10.0
113,20s,1,67,7.885999999999967,23.53800000000001,0,10.0
113,20s,1,68,1.1599999999998545,0.0500000000001819,0,10.0
113,20s,1,70,0.0860000000000127,30.412000000000035,0,10.0
113,20s,1,71,7.569999999999936,21.913999999999987,0,10.0
113,20s,1,72,9.097999999999956,22.298,0,10.0
113,20s,1,73,6.572000000000116,22.615999999999985,0,10.0
113,20s,1,74,11.685999999999922,4.586000000000013,1,10.0
113,20s,1,75,9.789999999999964,21.20399999999995,0,10.0
113,20s,1,76,14.098000000000184,5.223999999999933,1,10.0
113,20s,1,77,11.543999999999867,4.374000000000024,1,10.0
113,20s,1,78,16.557999999999993,3.300000000000182,1,10.0
113,20s,1,79,12.245999999999867,3.4120000000000346,1,10.0
113,20s,1,80,11.655999999999947,3.19600000000014,1,10.0
113,20s,1,81,13.071999999999887,3.326000000000022,1,10.0
113,20s,1,82,8.88000000000011,21.04399999999987,0,10.0
113,20s,1,83,0.1000000000001364,20.779999999999973,0,10.0
113,20s,1,84,0.4379999999998745,20.534000000000106,0,10.0
113,20s,1,85,0.05600000000004,0.1440000000000054,0,10.0
113,20s,1,87,9.208000000000084,21.124000000000024,0,10.0
113,20s,1,88,0.1019999999998617,0.0360000000000582,0,10.0
113,20s,1,90,0.8739999999997963,0.0600000000001728,0,10.0
113,20s,1,92,11.732000000000198,3.675999999999931,1,10.0
113,20s,1,93,9.475999999999884,21.577999999999975,0,10.0
113,20s,1,94,11.116000000000213,4.3539999999998145,1,10.0
113,20s,1,95,10.286000000000058,3.97199999999998,1,10.0
113,20s,1,96,13.292000000000144,3.5519999999999072,1,10.0
113,20s,1,97,12.917999999999893,2.798000000000002,1,10.0
113,20s,1,98,9.748000000000047,20.244000000000145,0,10.0
113,20s,1,99,0.0380000000000109,20.299999999999955,0,10.0
113,20s,1,100,0.1140000000000327,21.57199999999989,0,10.0
113,20s,1,101,0.72199999999998,0.0319999999999254,0,10.0
113,20s,1,103,2.9379999999998745,0.0120000000001709,0,10.0
113,20s,1,105,12.978000000000064,3.5060000000000855,1,10.0
113,20s,1,106,10.087999999999964,3.491999999999962,1,10.0
113,20s,1,107,10.261999999999944,4.498000000000047,1,10.0
113,20s,1,108,11.692000000000007,3.548000000000002,1,10.0
113,20s,1,109,10.207999999999856,2.910000000000082,1,10.0
113,20s,1,110,12.39799999999991,3.314000000000078,1,10.0
113,20s,1,111,0.1040000000000418,0.127999999999929,0,10.0
113,20s,1,113,0.6839999999999691,0.0320000000001527,0,10.0
113,20s,1,115,0.1500000000000909,0.02800000000002,0,10.0
113,20s,1,117,10.692000000000007,2.490000000000009,1,10.0
113,20s,1,118,11.64799999999991,2.9559999999999036,1,10.0
113,20s,1,119,12.2800000000002,3.421999999999798,1,10.0
113,20s,1,120,0.6740000000002055,0.015999999999849,0,10.0
113,20s,1,122,0.2799999999999727,0.0940000000000509,0,10.0
113,20s,1,124,0.1920000000000072,21.27800000000002,0,10.0
113,20s,1,125,12.80399999999986,2.0720000000001164,1,10.0
113,20s,1,126,0.3659999999999854,0.1859999999999217,0,10.0
113,20s,1,128,13.365999999999984,2.005999999999858,1,10.0
113,20s,1,129,11.460000000000036,4.538000000000011,1,10.0
113,20s,1,130,11.69399999999996,2.164000000000214,1,10.0
113,20s,1,131,13.422000000000024,3.5679999999997563,1,10.0
113,20s,1,132,15.682000000000244,1.981999999999971,1,10.0
113,20s,1,133,23.39599999999973,2.200000000000273,1,10.0
113,20s,1,134,14.299999999999727,4.135999999999967,1,10.0
113,20s,1,135,9.644000000000233,20.672000000000025,0,10.0
113,20s,1,136,16.255999999999858,3.1840000000001965,1,10.0
113,20s,1,137,7.576000000000022,0.0139999999996689,0,10.0
113,20s,2,1,0.3120000000000047,0.1679999999999992,0,10.0
113,20s,2,3,10.1,3.3320000000000007,1,10.0
113,20s,2,4,8.328000000000003,21.568,0,10.0
113,20s,2,5,0.9359999999999928,0.0300000000000011,0,10.0
113,20s,2,7,9.147999999999996,20.682,0,10.0
113,20s,2,8,8.716000000000008,20.415999999999997,0,10.0
113,20s,2,9,0.2399999999999806,21.594000000000023,0,10.0
113,20s,2,10,12.391999999999996,2.6140000000000043,1,10.0
113,20s,2,11,8.357999999999976,0.0940000000000225,0,10.0
113,20s,2,13,10.28,2.7379999999999995,1,10.0
113,20s,2,14,8.75200000000001,22.327999999999975,0,10.0
113,20s,2,15,9.838000000000022,20.69599999999997,0,10.0
113,20s,2,16,0.8660000000000423,0.0299999999999727,0,10.0
113,20s,2,18,5.948000000000036,0.0819999999999936,0,10.0
113,20s,2,20,1.585999999999956,0.0360000000000013,0,10.0
113,20s,2,22,3.4259999999999877,0.0279999999999631,0,10.0
113,20s,2,24,11.077999999999976,2.314000000000022,1,10.0
113,20s,2,25,9.464,20.77800000000002,0,10.0
113,20s,2,26,0.6159999999999854,0.0480000000000018,0,10.0
113,20s,2,28,11.612000000000023,2.659999999999968,1,10.0
113,20s,2,29,9.136000000000024,20.80600000000004,0,10.0
113,20s,2,30,11.381999999999948,2.080000000000041,1,10.0
113,20s,2,31,2.5259999999999536,0.0180000000000291,0,10.0
113,20s,2,33,0.9759999999999992,0.0439999999999827,0,10.0
113,20s,2,36,10.597999999999956,1.82000000000005,1,10.0
113,20s,2,37,13.966000000000008,1.966000000000008,1,10.0
113,20s,2,38,10.657999999999902,1.9180000000000064,1,10.0
113,20s,2,39,0.4320000000000163,21.596000000000004,0,10.0
113,20s,2,40,0.5600000000000591,0.1539999999999963,0,10.0
113,20s,2,42,13.60800000000006,3.3659999999999854,1,10.0
113,20s,2,43,0.4120000000000345,0.0979999999999563,0,10.0
113,20s,2,45,11.24599999999998,2.052000000000021,1,10.0
113,20s,2,46,11.187999999999988,2.1380000000000337,1,10.0
113,20s,2,47,14.355999999999996,2.5,1,10.0
113,20s,2,48,0.7980000000000018,0.0339999999999918,0,10.0
113,20s,2,50,13.48599999999999,3.552000000000021,1,10.0
113,20s,2,51,9.105999999999996,20.341999999999985,0,10.0
113,20s,2,52,0.0439999999999827,21.47199999999998,0,10.0
113,20s,2,53,11.5,2.4880000000000564,1,10.0
113,20s,2,54,11.233999999999924,3.1539999999999964,1,10.0
113,20s,2,55,12.268000000000027,2.3079999999999927,1,10.0
113,20s,2,56,10.56000000000006,3.395999999999958,1,10.0
113,20s,2,57,11.666000000000054,2.171999999999912,1,10.0
113,20s,2,58,9.02800000000002,20.676000000000045,0,10.0
113,20s,2,59,0.1119999999999663,0.1760000000000445,0,10.0
113,20s,2,61,0.3580000000000609,0.0639999999999645,0,10.0
113,20s,2,63,0.8999999999999773,22.85800000000006,0,10.0
113,20s,2,64,0.1779999999999972,20.497999999999937,0,10.0
113,20s,2,65,8.900000000000091,20.529999999999973,0,10.0
113,20s,2,66,11.233999999999924,1.8659999999999857,1,10.0
113,20s,2,67,11.8900000000001,4.541999999999916,1,10.0
113,20s,2,68,0.7640000000001237,0.0559999999998126,0,10.0
113,20s,2,70,0.4079999999999018,21.504000000000133,0,10.0
113,20s,2,71,0.4339999999999691,0.0139999999998963,0,10.0
113,20s,2,73,0.1940000000001873,0.0879999999999654,0,10.0
113,20s,2,75,0.33400000000006,0.1359999999999672,0,10.0
113,20s,2,77,9.798000000000002,22.06600000000003,0,10.0
113,20s,2,78,0.1620000000000345,20.452,0,10.0
113,20s,2,79,1.3079999999999927,21.273999999999887,0,10.0
113,20s,2,80,1.1040000000000418,21.152000000000044,0,10.0
113,20s,2,81,3.741999999999962,20.40599999999995,0,10.0
113,20s,2,82,0.4260000000001582,20.614000000000033,0,10.0
113,20s,2,83,0.0659999999998035,21.27800000000002,0,10.0
113,20s,2,84,9.340000000000146,21.24199999999996,0,10.0
113,20s,2,85,11.07400000000007,2.0979999999999563,1,10.0
113,20s,2,86,0.5899999999999181,0.0199999999999818,0,10.0
113,20s,2,88,10.513999999999896,2.734000000000151,1,10.0
113,20s,2,89,10.251999999999953,3.0039999999999054,1,10.0
113,20s,2,90,11.672000000000024,2.3900000000001,1,10.0
113,20s,2,91,11.104000000000042,4.391999999999825,1,10.0
113,20s,2,92,9.258000000000038,21.62000000000012,0,10.0
113,20s,2,93,10.624000000000024,2.1519999999998163,1,10.0
113,20s,2,94,11.910000000000082,2.905999999999949,1,10.0
113,20s,2,95,11.70399999999995,3.08400000000006,1,10.0
113,20s,2,96,4.223999999999933,0.0440000000000964,0,10.0
113,20s,2,98,9.375999999999976,20.608000000000175,0,10.0
113,20s,2,99,8.894000000000005,20.503999999999905,0,10.0
113,20s,2,100,0.5039999999999054,0.0380000000000109,0,10.0
113,20s,2,102,7.930000000000064,20.503999999999905,0,10.0
113,20s,2,103,0.0740000000000691,0.0939999999998235,0,10.0
113,20s,2,105,12.08199999999988,1.7940000000000964,1,10.0
113,20s,2,106,11.758000000000038,2.1359999999999673,1,10.0
113,20s,2,107,11.773999999999887,1.9980000000000473,1,10.0
113,20s,2,108,11.52800000000002,3.2080000000000837,1,10.0
113,20s,2,109,10.801999999999907,3.877999999999929,1,10.0
113,20s,2,110,11.008000000000038,3.0720000000001164,1,10.0
113,20s,2,111,11.043999999999867,2.316000000000031,1,10.0
113,20s,2,112,10.716000000000122,3.4839999999999236,1,10.0
113,20s,2,113,10.162000000000036,3.4179999999998927,1,10.0
113,20s,2,114,9.385999999999967,20.68600000000015,0,10.0
113,20s,2,115,4.031999999999925,0.0180000000000291,0,10.0
113,20s,2,117,0.3679999999999381,0.0360000000000582,0,10.0
113,20s,2,119,0.2319999999999709,0.0739999999998417,0,10.0
113,20s,2,121,8.819999999999936,20.511999999999944,0,10.0
113,20s,2,122,9.860000000000127,21.769999999999985,0,10.0
113,20s,2,123,11.069999999999936,2.461999999999989,1,10.0
113,20s,2,124,11.470000000000027,1.8759999999999764,1,10.0
113,20s,2,125,11.895999999999958,2.886000000000194,1,10.0
113,20s,2,126,10.957999999999856,2.1399999999998727,1,10.0
113,20s,2,127,10.39200000000028,,1,10.0
113,20s,3,1,0.8900000000000006,22.114000000000004,0,10.0
113,20s,3,2,1.323999999999998,0.0279999999999986,0,10.0
113,20s,3,4,1.5419999999999874,0.0260000000000104,0,10.0
113,20s,3,6,10.301999999999992,2.0940000000000083,1,10.0
113,20s,3,7,10.203999999999994,3.1899999999999977,1,10.0
113,20s,3,8,5.819999999999993,0.0520000000000209,0,10.0
113,20s,3,10,9.145999999999988,21.20599999999999,0,10.0
113,20s,3,11,0.0980000000000131,0.0660000000000025,0,10.0
113,20s,3,13,10.587999999999994,2.353999999999985,1,10.0
113,20s,3,14,1.910000000000025,20.553999999999977,0,10.0
113,20s,3,15,0.1160000000000138,20.524,0,10.0
113,20s,3,16,12.050000000000011,1.9499999999999889,1,10.0
113,20s,3,17,11.113999999999976,1.8140000000000216,1,10.0
113,20s,3,18,8.053999999999974,20.29000000000002,0,10.0
113,20s,3,19,13.27600000000001,2.5319999999999823,1,10.0
113,20s,3,20,13.192000000000007,2.826000000000022,1,10.0
113,20s,3,21,12.120000000000005,3.2299999999999613,1,10.0
113,20s,3,22,10.838000000000022,2.5860000000000127,1,10.0
113,20s,3,23,11.243999999999971,3.5500000000000114,1,10.0
113,20s,3,24,3.398000000000025,0.0579999999999927,0,10.0
113,20s,3,26,0.7839999999999918,0.0520000000000209,0,10.0
113,20s,3,28,10.057999999999993,1.5219999999999914,1,10.0
113,20s,3,29,12.165999999999997,2.7460000000000377,1,10.0
113,20s,3,30,2.283999999999992,0.065999999999974,0,10.0
113,20s,3,32,5.055999999999983,0.0480000000000018,0,10.0
113,20s,3,34,8.923999999999978,20.370000000000005,0,10.0
113,20s,3,35,0.1680000000000063,20.42599999999993,0,10.0
113,20s,3,36,14.774,2.0120000000000573,1,10.0
113,20s,3,37,8.847999999999956,22.022000000000048,0,10.0
113,20s,3,38,8.677999999999997,20.487999999999943,0,10.0
113,20s,3,39,11.066000000000033,2.8659999999999854,1,10.0
113,20s,3,40,9.83800000000008,20.809999999999945,0,10.0
113,20s,3,41,0.1480000000000245,0.169999999999959,0,10.0
113,20s,3,43,0.8880000000000337,0.05600000000004,0,10.0
113,20s,3,45,9.097999999999956,20.944000000000074,0,10.0
113,20s,3,46,10.288000000000013,2.5699999999999363,1,10.0
113,20s,3,47,0.1860000000000354,0.0800000000000409,0,10.0
113,20s,3,49,14.963999999999942,3.060000000000059,1,10.0
113,20s,3,50,9.841999999999985,21.46199999999999,0,10.0
113,20s,3,51,0.2820000000000391,0.1099999999998999,0,10.0
113,20s,3,53,12.110000000000014,2.8940000000000055,1,10.0
113,20s,3,54,10.295999999999935,1.8540000000000416,1,10.0
113,20s,3,55,0.0960000000000036,21.45399999999995,0,10.0
113,20s,3,56,6.0340000000001055,0.0379999999998972,0,10.0
113,20s,3,58,0.3079999999999927,20.99000000000001,0,10.0
113,20s,3,59,10.19399999999996,2.352000000000089,1,10.0
113,20s,3,60,9.487999999999944,20.590000000000032,0,10.0
113,20s,3,61,0.5679999999999836,0.0339999999999918,0,10.0
113,20s,3,63,10.013999999999896,3.203999999999951,1,10.0
113,20s,3,64,10.440000000000056,2.981999999999971,1,10.0
113,20s,3,65,0.0599999999999454,0.1460000000001855,0,10.0
113,20s,3,67,1.8820000000000616,20.62999999999988,0,10.0
113,20s,3,68,0.1140000000000327,0.1159999999999854,0,10.0
113,20s,3,70,0.6820000000000164,20.384000000000015,0,10.0
113,20s,3,71,0.9500000000000456,20.90599999999995,0,10.0
113,20s,3,72,9.155999999999947,20.13000000000011,0,10.0
113,20s,3,73,0.0960000000000036,20.422000000000025,0,10.0
113,20s,3,74,1.0219999999999343,0.0640000000000782,0,10.0
113,20s,3,76,12.906000000000176,2.91599999999994,1,10.0
113,20s,3,77,0.1679999999998926,0.0540000000000873,0,10.0
113,20s,3,79,0.2079999999998563,0.0540000000000873,0,10.0
113,20s,3,81,0.0779999999999745,0.1059999999999945,0,10.0
113,20s,3,83,1.6980000000000928,0.0399999999999636,0,10.0
113,20s,3,86,0.0899999999999181,0.0220000000001618,0,10.0
113,20s,3,89,11.767999999999802,2.550000000000182,1,10.0
113,20s,3,90,0.1539999999999963,0.0319999999999254,0,10.0
113,20s,3,92,12.367999999999938,2.810000000000173,1,10.0
113,20s,3,93,10.451999999999998,2.713999999999942,1,10.0
113,20s,3,94,11.697999999999864,2.754000000000133,1,10.0
113,20s,3,95,0.6019999999998618,20.892000000000053,0,10.0
113,20s,3,96,10.481999999999973,2.6420000000000528,1,10.0
113,20s,3,97,11.920000000000073,3.3999999999998636,1,10.0
113,20s,3,98,2.8360000000000127,0.1059999999999945,0,10.0
113,20s,3,100,0.8079999999999927,0.1099999999998999,0,10.0
113,20s,3,102,10.865999999999984,2.16800000000012,1,10.0
113,20s,3,103,12.267999999999802,1.956000000000131,1,10.0
113,20s,3,104,10.991999999999962,2.9580000000000837,1,10.0
113,20s,3,105,11.1099999999999,2.0979999999999563,1,10.0
113,20s,3,106,11.451999999999998,2.012000000000171,1,10.0
113,20s,3,107,0.2459999999998672,20.867999999999935,0,10.0
113,20s,3,108,0.984000000000151,0.0219999999999345,0,10.0
113,20s,3,110,2.099999999999909,0.0380000000000109,0,10.0
113,20s,3,112,12.615999999999984,2.4120000000000346,1,10.0
113,20s,3,113,13.64799999999991,1.4120000000000346,1,10.0
113,20s,3,114,13.917999999999893,2.8880000000001473,1,10.0
113,20s,3,115,11.377999999999927,1.6159999999999854,1,10.0
113,20s,3,116,0.3400000000001455,21.809999999999945,0,10.0
113,20s,3,117,0.1140000000000327,0.0419999999999163,0,10.0
113,20s,3,119,15.433999999999967,1.8260000000000216,1,10.0
113,20s,3,120,11.596000000000004,3.3420000000000982,1,10.0
113,20s,3,121,10.115999999999984,2.7180000000000746,1,10.0
113,20s,3,122,16.97199999999998,2.145999999999958,1,10.0
113,20s,3,123,9.501999999999953,21.049999999999955,0,10.0
113,20s,3,124,11.024000000000116,1.3419999999998709,1,10.0
113,20s,3,125,11.802000000000136,3.0799999999999272,1,10.0
113,20s,3,126,1.3279999999999743,0.0979999999999563,0,10.0
113,20s,3,128,0.5940000000000509,0.0320000000001527,0,10.0
113,20s,3,130,9.8900000000001,20.61999999999989,0,10.0
113,20s,3,131,10.374000000000024,2.3360000000000127,1,10.0
113,20s,3,132,10.980000000000018,,1,10.0
113,20s,4,1,8.648,20.486000000000004,0,10.0
113,20s,4,2,0.6319999999999979,0.0619999999999976,0,10.0
113,20s,4,4,11.549999999999995,2.406000000000006,1,10.0
113,20s,4,5,11.586,2.685999999999993,1,10.0
113,20s,4,6,11.114000000000004,3.1700000000000017,1,10.0
113,20s,4,7,10.091999999999985,2.0960000000000036,1,10.0
113,20s,4,8,12.346000000000004,0.5080000000000098,1,10.0
113,20s,4,9,0.3299999999999841,20.982,0,10.0
113,20s,4,10,0.7680000000000007,0.0900000000000034,0,10.0
113,20s,4,12,0.0420000000000015,0.1620000000000061,0,10.0
113,20s,4,14,11.132000000000003,1.7439999999999998,1,10.0
113,20s,4,15,10.103999999999983,3.3739999999999952,1,10.0
113,20s,4,16,12.096000000000004,2.0039999999999907,1,10.0
113,20s,4,17,12.126000000000005,1.6639999999999873,1,10.0
113,20s,4,18,12.512,1.54200000000003,1,10.0
113,20s,4,19,3.4699999999999704,0.0620000000000118,0,10.0
113,20s,4,22,12.661999999999978,1.410000000000025,1,10.0
113,20s,4,23,10.779999999999973,3.636000000000024,1,10.0
113,20s,4,24,0.3659999999999854,20.488,0,10.0
113,20s,4,25,11.677999999999995,1.73599999999999,1,10.0
113,20s,4,26,1.2560000000000286,0.0559999999999831,0,10.0
113,20s,4,29,13.005999999999972,1.6380000000000337,1,10.0
113,20s,4,30,12.048000000000002,1.9919999999999616,1,10.0
113,20s,4,31,12.841999999999985,2.30600000000004,1,10.0
113,20s,4,32,11.853999999999983,2.494000000000028,1,10.0
113,20s,4,33,13.271999999999991,3.085999999999956,1,10.0
113,20s,4,34,11.948000000000036,3.3240000000000123,1,10.0
113,20s,4,35,0.1399999999999863,21.432000000000016,0,10.0
113,20s,4,36,0.7459999999999809,0.0219999999999913,0,10.0
113,20s,4,38,11.844000000000053,2.187999999999988,1,10.0
113,20s,4,39,0.2100000000000363,0.0539999999999736,0,10.0
113,20s,4,41,11.694000000000074,1.6459999999999582,1,10.0
113,20s,4,42,16.129999999999995,1.54200000000003,1,10.0
113,20s,4,43,12.861999999999966,3.618000000000052,1,10.0
113,20s,4,44,12.827999999999976,1.9600000000000364,1,10.0
113,20s,4,45,12.981999999999973,2.433999999999969,1,10.0
113,20s,4,46,15.553999999999974,2.27800000000002,1,10.0
113,20s,4,47,2.1000000000000227,0.0579999999999927,0,10.0
113,20s,4,49,0.5259999999999536,0.0439999999999827,0,10.0
113,20s,4,51,12.451999999999998,1.7279999999999518,1,10.0
113,20s,4,52,14.826000000000022,1.7440000000000282,1,10.0
113,20s,4,53,15.549999999999956,2.524000000000001,1,10.0
113,20s,4,54,19.333999999999943,3.1680000000000064,1,10.0
113,20s,4,55,12.742000000000075,2.6440000000000055,1,10.0
113,20s,4,56,12.855999999999996,2.683999999999969,1,10.0
113,20s,4,57,9.262000000000056,0.0879999999999654,0,10.0
113,20s,4,59,1.4139999999999873,0.0960000000000036,0,10.0
113,20s,4,61,0.0699999999999363,20.25400000000002,0,10.0
113,20s,4,62,0.0600000000000591,0.0179999999999154,0,10.0
113,20s,4,64,0.2980000000000018,0.0960000000000036,0,10.0
113,20s,4,66,11.484000000000036,2.225999999999999,1,10.0
113,20s,4,67,14.029999999999973,1.9639999999999416,1,10.0
113,20s,4,68,2.451999999999998,0.0240000000000009,0,10.0
113,20s,4,70,1.4279999999999973,0.0439999999999827,0,10.0
113,20s,4,72,13.790000000000076,1.8859999999999673,1,10.0
113,20s,4,73,10.355999999999996,1.711999999999989,1,10.0
113,20s,4,74,11.398000000000025,2.5779999999999745,1,10.0
113,20s,4,75,8.685999999999922,21.769999999999985,0,10.0
113,20s,4,76,13.2800000000002,2.9099999999998545,1,10.0
113,20s,4,77,12.708000000000084,3.4400000000000546,1,10.0
113,20s,4,78,11.230000000000018,2.27599999999984,1,10.0
113,20s,4,79,11.758000000000038,2.9420000000000073,1,10.0
113,20s,4,80,12.034000000000106,3.119999999999891,1,10.0
113,20s,4,81,8.892000000000053,20.885999999999967,0,10.0
113,20s,4,82,0.9759999999998854,0.0320000000001527,0,10.0
113,20s,4,84,11.043999999999867,2.6340000000000146,1,10.0
113,20s,4,85,10.71400000000017,2.863999999999806,1,10.0
113,20s,4,86,9.578000000000202,22.202,0,10.0
113,20s,4,87,14.86999999999989,3.0399999999999636,1,10.0
113,20s,4,88,10.364000000000033,2.52800000000002,1,10.0
113,20s,4,89,11.731999999999973,4.059999999999945,1,10.0
113,20s,4,90,10.264000000000124,2.961999999999989,1,10.0
113,20s,4,91,7.791999999999916,21.014000000000124,0,10.0
113,20s,4,92,0.1920000000000072,0.043999999999869,0,10.0
113,20s,4,94,11.518000000000027,1.6720000000000257,1,10.0
113,20s,4,95,12.723999999999933,3.4760000000001128,1,10.0
113,20s,4,96,10.409999999999854,3.1140000000000327,1,10.0
113,20s,4,97,10.13000000000011,3.1259999999999764,1,10.0
113,20s,4,98,10.932000000000016,3.935999999999922,1,10.0
113,20s,4,99,11.008000000000038,5.261999999999944,1,10.0
113,20s,4,100,10.730000000000018,3.456000000000131,1,10.0
113,20s,4,101,10.601999999999862,3.117999999999938,1,10.0
113,20s,4,102,12.272000000000162,2.1140000000000327,1,10.0
113,20s,4,103,11.957999999999856,2.786000000000058,1,10.0
113,20s,4,104,12.905999999999947,3.0340000000001055,1,10.0
113,20s,4,105,10.399999999999864,2.910000000000082,1,10.0
113,20s,4,106,9.667999999999893,21.052000000000135,0,10.0
113,20s,4,107,10.701999999999998,2.6059999999999945,1,10.0
113,20s,4,108,9.435999999999922,20.682000000000016,0,10.0
113,20s,4,109,8.854000000000042,20.24199999999996,0,10.0
113,20s,4,110,10.895999999999958,2.410000000000082,1,10.0
113,20s,4,111,10.235999999999876,2.6420000000000528,1,10.0
113,20s,4,112,13.22199999999998,2.7460000000000946,1,10.0
113,20s,4,113,8.067999999999984,20.228000000000065,0,10.0
113,20s,4,114,13.149999999999864,1.800000000000182,1,10.0
113,20s,4,115,11.529999999999973,1.7919999999999163,1,10.0
113,20s,4,116,10.407999999999902,3.8040000000000873,1,10.0
113,20s,4,117,8.54600000000005,22.29600000000005,0,10.0
113,20s,4,118,2.0559999999998126,0.0260000000000673,0,10.0
113,20s,4,120,10.100000000000136,,1,10.0
113,20s,5,1,0.1640000000000014,0.0579999999999998,0,10.0
113,20s,5,3,8.346000000000004,20.321999999999996,0,10.0
113,20s,5,4,0.5580000000000069,0.0139999999999957,0,10.0
113,20s,5,7,10.079999999999998,2.25,1,10.0
113,20s,5,8,10.366,1.9959999999999951,1,10.0
113,20s,5,9,1.1539999999999964,0.0259999999999962,0,10.0
113,20s,5,11,1.3380000000000225,0.079999999999984,0,10.0
113,20s,5,13,11.525999999999982,2.754000000000019,1,10.0
113,20s,5,14,4.871999999999986,0.0200000000000102,0,10.0
113,20s,5,16,0.0460000000000206,0.0360000000000013,0,10.0
113,20s,5,18,9.961999999999987,20.75400000000002,0,10.0
113,20s,5,19,0.2099999999999795,20.25200000000001,0,10.0
113,20s,5,20,9.45999999999998,21.586000000000013,0,10.0
113,20s,5,21,10.600000000000025,2.42999999999995,1,10.0
113,20s,5,22,9.424000000000037,20.279999999999973,0,10.0
113,20s,5,23,11.378000000000045,2.4079999999999586,1,10.0
113,20s,5,24,10.210000000000036,2.2999999999999545,1,10.0
113,20s,5,25,5.340000000000032,0.117999999999995,0,10.0
113,20s,5,27,13.644000000000004,2.3840000000000146,1,10.0
113,20s,5,28,8.925999999999988,20.838000000000022,0,10.0
113,20s,5,29,14.031999999999982,1.8859999999999673,1,10.0
113,20s,5,30,13.692000000000007,2.2959999999999923,1,10.0
113,20s,5,31,11.696000000000026,2.680000000000007,1,10.0
113,20s,5,32,11.682000000000016,2.7519999999999527,1,10.0
113,20s,5,33,8.512000000000057,20.567999999999984,0,10.0
113,20s,5,34,9.97199999999998,22.76800000000003,0,10.0
113,20s,5,35,12.312000000000012,3.0699999999999363,1,10.0
113,20s,5,36,11.101999999999975,3.0120000000000573,1,10.0
113,20s,5,37,10.596000000000004,2.6119999999999663,1,10.0
113,20s,5,38,2.3500000000000227,0.0320000000000391,0,10.0
113,20s,5,40,12.206000000000016,1.5960000000000036,1,10.0
113,20s,5,41,11.341999999999985,1.627999999999929,1,10.0
113,20s,5,42,0.197999999999979,21.228000000000065,0,10.0
113,20s,5,43,10.120000000000005,2.538000000000011,1,10.0
113,20s,5,44,13.423999999999978,1.683999999999969,1,10.0
113,20s,5,45,13.687999999999988,2.83400000000006,1,10.0
113,20s,5,46,3.005999999999972,0.0399999999999636,0,10.0
113,20s,5,48,0.2300000000000182,0.01400000000001,0,10.0
113,20s,5,50,0.211999999999989,0.0900000000000318,0,10.0
113,20s,5,52,0.3759999999999763,0.0380000000000109,0,10.0
113,20s,5,54,9.413999999999987,20.474000000000046,0,10.0
113,20s,5,55,1.0779999999999743,0.0480000000000018,0,10.0
113,20s,5,57,13.963999999999942,1.538000000000011,1,10.0
113,20s,5,58,12.200000000000044,3.1359999999999673,1,10.0
113,20s,5,59,13.105999999999996,2.0259999999999536,1,10.0
113,20s,5,60,11.646000000000072,1.8019999999999072,1,10.0
113,20s,5,61,11.498000000000047,1.5220000000000482,1,10.0
113,20s,5,62,13.211999999999987,1.6440000000000057,1,10.0
113,20s,5,63,9.771999999999936,21.480000000000015,0,10.0
113,20s,5,64,11.067999999999984,1.5160000000000764,1,10.0
113,20s,5,65,13.30600000000004,1.8840000000000143,1,10.0
113,20s,5,66,12.295999999999822,4.120000000000118,1,10.0
113,20s,5,67,10.83400000000006,2.4139999999999873,1,10.0
113,20s,5,68,9.445999999999913,21.493999999999915,0,10.0
113,20s,5,69,1.1920000000000073,0.02800000000002,0,10.0
113,20s,5,71,15.13799999999992,2.6340000000000146,1,10.0
113,20s,5,72,11.680000000000064,1.711999999999989,1,10.0
113,20s,5,73,11.77599999999984,2.451999999999998,1,10.0
113,20s,5,74,10.43600000000015,2.0679999999999836,1,10.0
113,20s,5,75,13.577999999999976,2.453999999999951,1,10.0
113,20s,5,76,10.807999999999993,3.4700000000000273,1,10.0
113,20s,5,77,9.554000000000087,20.367999999999935,0,10.0
113,20s,5,78,0.1600000000000818,0.1059999999999945,0,10.0
113,20s,5,80,10.66800000000012,0.0899999999999181,1,10.0
113,20s,5,81,0.3940000000000054,21.846000000000004,0,10.0
113,20s,5,82,1.089999999999918,0.0620000000001255,0,10.0
113,20s,5,84,12.81399999999985,2.4980000000000473,1,10.0
113,20s,5,85,12.064000000000078,1.9839999999999236,1,10.0
113,20s,5,86,8.973999999999933,20.726000000000113,0,10.0
113,20s,5,87,10.587999999999964,2.004000000000133,1,10.0
113,20s,5,88,0.3399999999999181,20.529999999999973,0,10.0
113,20s,5,89,0.4100000000000818,0.0459999999998217,0,10.0
113,20s,5,91,0.6739999999999782,0.071999999999889,0,10.0
113,20s,5,93,10.293999999999867,1.8179999999999836,1,10.0
113,20s,5,94,11.680000000000064,2.768000000000029,1,10.0
113,20s,5,95,10.258000000000038,3.048000000000002,1,10.0
113,20s,5,96,8.58400000000006,20.309999999999945,0,10.0
113,20s,5,97,1.6240000000000236,23.086000000000013,0,10.0
113,20s,5,98,7.807999999999993,20.40599999999995,0,10.0
113,20s,5,99,3.4179999999998927,20.52800000000002,0,10.0
113,20s,5,100,11.810000000000173,2.0579999999999927,1,10.0
113,20s,5,101,9.655999999999947,20.245999999999867,0,10.0
113,20s,5,102,1.332000000000107,0.0380000000000109,0,10.0
113,20s,5,104,0.47199999999998,0.1019999999998617,0,10.0
113,20s,5,106,0.2000000000000454,0.1379999999999199,0,10.0
113,20s,5,108,0.1259999999999763,0.2019999999999981,0,10.0
113,20s,5,110,0.4639999999999418,0.0620000000001255,0,10.0
113,20s,5,112,8.873999999999796,21.284000000000106,0,10.0
113,20s,5,113,10.364000000000033,2.1240000000000236,1,10.0
113,20s,5,114,10.548000000000002,1.5760000000000218,1,10.0
113,20s,5,115,10.16599999999994,3.344000000000051,1,10.0
113,20s,5,116,9.895999999999958,20.49199999999996,0,10.0
113,20s,5,117,8.559999999999945,20.394000000000005,0,10.0
113,20s,5,118,7.430000000000064,21.233999999999924,0,10.0
113,20s,5,119,6.604000000000042,20.514000000000124,0,10.0
113,20s,5,120,9.0,21.677999999999884,0,10.0
113,20s,5,121,0.1379999999999199,0.02800000000002,0,10.0
113,20s,5,123,9.506000000000084,22.417999999999893,0,10.0
113,20s,5,124,0.290000000000191,0.0499999999999545,0,10.0
113,20s,5,126,0.3440000000000509,,0,10.0
113,20s,6,1,1.184000000000001,0.0619999999999976,0,10.0
113,20s,6,3,12.589999999999996,1.8500000000000083,1,10.0
113,20s,6,4,1.2419999999999902,0.132000000000005,0,10.0
113,20s,6,6,0.0799999999999983,0.0400000000000062,0,10.0
113,20s,6,8,0.0999999999999943,0.0919999999999987,0,10.0
113,20s,6,11,10.849999999999994,1.5060000000000002,1,10.0
113,20s,6,12,16.063999999999993,2.6779999999999973,1,10.0
113,20s,6,13,8.789999999999992,20.28200000000001,0,10.0
113,20s,6,14,1.6500000000000057,21.22800000000001,0,10.0
113,20s,6,15,9.069999999999991,20.537999999999982,0,10.0
113,20s,6,16,0.421999999999997,21.102000000000004,0,10.0
113,20s,6,17,0.3220000000000027,0.0620000000000118,0,10.0
113,20s,6,20,10.418000000000006,2.1399999999999864,1,10.0
113,20s,6,21,0.3140000000000214,0.0199999999999818,0,10.0
113,20s,6,24,0.1099999999999568,0.0219999999999913,0,10.0
113,20s,6,26,9.660000000000023,20.42199999999997,0,10.0
113,20s,6,27,0.1580000000000154,0.1200000000000045,0,10.0
113,20s,6,29,0.3319999999999936,0.0759999999999649,0,10.0
113,20s,6,31,9.834000000000003,20.341999999999985,0,10.0
113,20s,6,32,0.1879999999999881,0.0380000000000109,0,10.0
113,20s,6,34,14.146000000000017,1.990000000000009,1,10.0
113,20s,6,35,10.817999999999984,2.5060000000000286,1,10.0
113,20s,6,36,12.627999999999986,3.1200000000000045,1,10.0
113,20s,6,37,10.866000000000042,2.70799999999997,1,10.0
113,20s,6,38,11.360000000000014,2.425999999999931,1,10.0
113,20s,6,39,11.146000000000072,3.490000000000009,1,10.0
113,20s,6,40,1.51400000000001,0.1099999999998999,0,10.0
113,20s,6,42,0.0439999999999827,0.0120000000000572,0,10.0
113,20s,6,44,12.969999999999914,3.636000000000081,1,10.0
113,20s,6,45,10.79200000000003,4.983999999999924,1,10.0
113,20s,6,46,0.0520000000000209,0.1259999999999763,0,10.0
113,20s,6,48,11.843999999999935,1.58400000000006,1,10.0
113,20s,6,49,2.480000000000018,0.04200000000003,0,10.0
113,20s,6,51,0.1159999999999854,0.0839999999999463,0,10.0
113,20s,6,53,11.622000000000073,3.227999999999952,1,10.0
113,20s,6,54,7.77800000000002,21.09400000000005,0,10.0
113,20s,6,55,9.267999999999915,21.340000000000032,0,10.0
113,20s,6,56,10.827999999999976,3.148000000000025,1,10.0
113,20s,6,57,10.519999999999982,4.1200000000000045,1,10.0
113,20s,6,58,0.1000000000000227,0.05600000000004,0,10.0
113,20s,6,60,11.864000000000033,1.745999999999981,1,10.0
113,20s,6,61,13.58400000000006,2.433999999999969,1,10.0
113,20s,6,62,2.01400000000001,0.01400000000001,0,10.0
113,20s,6,64,11.672000000000024,3.349999999999909,1,10.0
113,20s,6,65,10.666000000000054,3.7340000000000377,1,10.0
113,20s,6,66,11.251999999999953,3.740000000000009,1,10.0
113,20s,6,67,11.134000000000016,3.870000000000005,1,10.0
113,20s,6,68,11.081999999999994,3.759999999999991,1,10.0
113,20s,6,69,9.95799999999997,20.49599999999998,0,10.0
113,20s,6,70,9.960000000000036,20.262000000000057,0,10.0
113,20s,6,71,8.885999999999967,21.8900000000001,0,10.0
113,20s,6,72,8.72999999999979,20.590000000000146,0,10.0
113,20s,6,73,0.6720000000000255,0.0299999999999727,0,10.0
113,20s,6,75,10.456000000000133,2.3819999999998345,1,10.0
113,20s,6,76,1.66800000000012,0.0039999999999054,0,10.0
113,20s,6,77,0.25,20.00999999999999,0,10.0
113,20s,6,78,11.448000000000093,2.826000000000022,1,10.0
113,20s,6,79,11.071999999999887,4.0620000000001255,1,10.0
113,20s,6,80,9.699999999999818,21.394000000000005,0,10.0
113,20s,6,81,9.540000000000193,20.375999999999976,0,10.0
113,20s,6,82,10.135999999999967,2.7660000000000764,1,10.0
113,20s,6,83,10.945999999999913,2.0960000000000036,1,10.0
113,20s,6,84,10.018000000000027,3.4199999999998454,1,10.0
113,20s,6,85,8.282000000000153,21.705999999999904,0,10.0
113,20s,6,86,0.3320000000001073,0.099999999999909,0,10.0
113,20s,6,88,0.4440000000001873,0.0339999999998781,0,10.0
113,20s,6,90,9.821999999999887,21.550000000000185,0,10.0
113,20s,6,91,9.105999999999996,21.03800000000001,0,10.0
113,20s,6,92,1.3819999999998345,0.1660000000001673,0,10.0
113,20s,6,94,0.52800000000002,0.1059999999999945,0,10.0
113,20s,6,96,0.0619999999998981,0.0340000000001055,0,10.0
113,20s,6,98,9.419999999999844,21.358000000000175,0,10.0
113,20s,6,99,10.44399999999996,2.423999999999978,1,10.0
113,20s,6,100,9.336000000000013,20.279999999999973,0,10.0
113,20s,6,101,0.2840000000001055,0.0799999999999272,0,10.0
113,20s,6,103,11.008000000000038,2.8920000000000528,1,10.0
113,20s,6,104,1.461999999999989,0.0419999999999163,0,10.0
113,20s,6,106,10.846000000000004,2.1820000000000164,1,10.0
113,20s,6,107,8.600000000000136,20.305999999999813,0,10.0
113,20s,6,108,11.3900000000001,3.064000000000078,1,10.0
113,20s,6,109,10.685999999999922,3.2200000000000273,1,10.0
113,20s,6,110,10.513999999999896,3.6620000000000346,1,10.0
113,20s,6,111,8.231999999999971,20.307999999999993,0,10.0
113,20s,6,112,0.0520000000001346,20.455999999999904,0,10.0
113,20s,6,113,10.384000000000016,2.2840000000001055,1,10.0
113,20s,6,114,10.241999999999962,2.6979999999998654,1,10.0
113,20s,6,115,10.488000000000056,3.0399999999999636,1,10.0
113,20s,6,116,0.994000000000142,0.0799999999999272,0,10.0
113,20s,6,118,10.807999999999993,2.686000000000149,1,10.0
113,20s,6,119,4.629999999999882,0.0320000000001527,0,10.0
113,20s,6,121,10.292000000000144,1.6820000000000164,1,10.0
113,20s,6,122,10.295999999999822,3.240000000000009,1,10.0
113,20s,6,123,10.570000000000164,3.0559999999998126,1,10.0
113,20s,6,124,9.442000000000007,20.92800000000011,0,10.0
113,20s,6,125,0.5660000000000309,0.099999999999909,0,10.0
113,20s,6,127,11.8900000000001,2.9179999999998927,1,10.0
113,20s,6,128,2.127999999999929,0.0720000000001164,0,10.0
113,20s,6,130,0.9080000000001291,0.0979999999999563,0,10.0
113,20s,6,132,10.826000000000022,1.8179999999999836,1,10.0
113,20s,6,133,10.448000000000093,1.8420000000000984,1,10.0
113,20s,6,134,9.367999999999938,,0,10.0
114,20s,1,1,0.3680000000000021,20.822000000000003,0,10.0
114,20s,1,2,3.6639999999999944,20.805999999999997,0,10.0
114,20s,1,3,0.936000000000007,20.58,0,10.0
114,20s,1,4,2.549999999999997,21.060000000000016,0,10.0
114,20s,1,5,1.6119999999999948,27.382000000000005,0,10.0
114,20s,1,6,1.667999999999978,21.366000000000017,0,10.0
114,20s,1,7,1.7580000000000098,0.0519999999999925,0,10.0
114,20s,1,9,0.9000000000000057,20.575999999999993,0,10.0
114,20s,1,10,0.8079999999999927,20.792,0,10.0
114,20s,1,11,1.2940000000000111,21.413999999999987,0,10.0
114,20s,1,12,1.1480000000000246,20.68199999999996,0,10.0
114,20s,1,13,1.2700000000000389,20.777999999999963,0,10.0
114,20s,1,14,0.8760000000000332,20.555999999999983,0,10.0
114,20s,1,15,1.2959999999999925,23.360000000000017,0,10.0
114,20s,1,16,1.8380000000000225,20.69999999999999,0,10.0
114,20s,1,17,0.4359999999999786,22.912000000000035,0,10.0
114,20s,1,18,0.7339999999999804,24.70999999999998,0,10.0
114,20s,1,19,1.4120000000000346,21.863999999999976,0,10.0
114,20s,1,20,0.3659999999999854,21.426000000000045,0,10.0
114,20s,1,21,1.4879999999999995,22.115999999999985,0,10.0
114,20s,1,22,1.2539999999999625,20.728000000000065,0,10.0
114,20s,1,23,1.3559999999999943,21.74199999999996,0,10.0
114,20s,1,24,1.094000000000051,21.409999999999968,0,10.0
114,20s,1,25,1.1680000000000064,21.605999999999995,0,10.0
114,20s,1,26,2.5539999999999736,21.676000000000045,0,10.0
114,20s,1,27,0.6639999999999873,21.14599999999996,0,10.0
114,20s,1,28,0.2880000000000109,0.0720000000000027,0,10.0
114,20s,1,30,2.164000000000101,26.477999999999952,0,10.0
114,20s,1,31,1.9139999999999873,23.452,0,10.0
114,20s,1,32,1.9460000000000264,22.879999999999995,0,10.0
114,20s,1,33,2.8740000000000236,21.791999999999916,0,10.0
114,20s,1,34,2.1900000000000546,24.51800000000003,0,10.0
114,20s,1,35,1.6200000000000043,23.033999999999992,0,10.0
114,20s,1,36,1.1499999999999773,0.1100000000000136,0,10.0
114,20s,1,38,0.4400000000000545,22.336000000000013,0,10.0
114,20s,1,39,2.6340000000000146,24.247999999999937,0,10.0
114,20s,1,40,2.4460000000000264,22.583999999999943,0,10.0
114,20s,1,41,2.4180000000000064,23.248000000000047,0,10.0
114,20s,1,42,3.22199999999998,25.573999999999955,0,10.0
114,20s,1,43,0.6779999999999973,26.170000000000073,0,10.0
114,20s,1,44,3.6359999999999673,38.32599999999991,0,10.0
114,20s,1,45,0.9020000000000435,37.048,0,10.0
114,20s,1,46,2.7640000000001237,29.493999999999915,0,10.0
114,20s,1,47,3.4580000000000837,23.617999999999935,0,10.0
114,20s,1,48,5.099999999999909,23.626000000000204,0,10.0
114,20s,1,49,4.7719999999999345,21.29600000000005,0,10.0
114,20s,1,50,0.6159999999999854,24.375999999999976,0,10.0
114,20s,1,51,4.847999999999956,21.096000000000004,0,10.0
114,20s,1,52,13.958000000000084,4.113999999999805,1,10.0
114,20s,1,53,2.550000000000182,21.167999999999893,0,10.0
114,20s,1,54,6.574000000000069,22.327999999999975,0,10.0
114,20s,1,55,7.162000000000035,20.511999999999944,0,10.0
114,20s,1,56,11.266000000000076,8.877999999999929,1,10.0
114,20s,1,57,11.45399999999995,3.282000000000153,1,10.0
114,20s,1,58,0.4459999999999127,20.36999999999989,0,10.0
114,20s,1,59,0.5900000000001455,22.391999999999825,0,10.0
114,20s,1,60,8.498000000000047,20.37000000000012,0,10.0
114,20s,1,61,11.06399999999985,3.5720000000001164,1,10.0
114,20s,1,62,0.1720000000000254,20.29600000000005,0,10.0
114,20s,1,63,8.653999999999996,0.0399999999999636,0,10.0
114,20s,1,65,10.026000000000067,3.130000000000109,1,10.0
114,20s,1,66,0.155999999999949,21.996000000000095,0,10.0
114,20s,1,67,9.461999999999987,20.335999999999785,0,10.0
114,20s,1,68,8.416000000000167,20.579999999999927,0,10.0
114,20s,1,69,8.317999999999984,20.450000000000045,0,10.0
114,20s,1,70,9.544000000000096,20.891999999999825,0,10.0
114,20s,1,71,1.494000000000142,0.1019999999998617,0,10.0
114,20s,1,74,10.711999999999987,13.398000000000138,1,10.0
114,20s,1,75,9.857999999999947,20.355999999999995,0,10.0
114,20s,1,76,11.173999999999978,3.730000000000018,1,10.0
114,20s,1,77,0.1140000000000327,23.5,0,10.0
114,20s,1,78,3.467999999999847,21.91000000000008,0,10.0
114,20s,1,79,3.16599999999994,20.24000000000001,0,10.0
114,20s,1,80,9.577999999999976,21.067999999999984,0,10.0
114,20s,1,81,7.310000000000173,20.263999999999896,0,10.0
114,20s,1,82,9.902000000000044,22.36999999999989,0,10.0
114,20s,1,83,0.5220000000001619,21.662000000000035,0,10.0
114,20s,1,84,9.825999999999794,20.817999999999984,0,10.0
114,20s,1,85,9.800000000000182,21.679999999999836,0,10.0
114,20s,1,86,8.774000000000115,22.238000000000056,0,10.0
114,20s,1,87,11.89799999999991,4.457999999999856,1,10.0
114,20s,1,88,0.6260000000002037,21.172000000000025,0,10.0
114,20s,1,89,9.233999999999924,20.360000000000127,0,10.0
114,20s,1,90,8.953999999999724,22.856000000000225,0,10.0
114,20s,1,91,9.299999999999727,20.74200000000019,0,10.0
114,20s,1,92,5.766000000000076,0.1199999999998908,0,10.0
114,20s,1,95,10.566000000000258,3.8619999999996257,1,10.0
114,20s,1,96,1.300000000000182,22.494000000000145,0,10.0
114,20s,1,97,8.695999999999913,22.519999999999985,0,10.0
114,20s,1,98,10.039999999999964,4.699999999999818,1,10.0
114,20s,1,99,0.75,21.15000000000009,0,10.0
114,20s,1,100,7.445999999999913,20.376000000000204,0,10.0
114,20s,1,101,11.483999999999924,7.690000000000055,1,10.0
114,20s,1,102,0.1720000000000254,20.909999999999854,0,10.0
114,20s,1,103,5.820000000000164,22.659999999999854,0,10.0
114,20s,1,104,12.36200000000008,12.346000000000004,1,10.0
114,20s,1,105,0.2880000000000109,22.159999999999854,0,10.0
114,20s,1,106,1.1720000000000257,20.539999999999964,0,10.0
114,20s,1,107,11.026000000000296,6.617999999999938,1,10.0
114,20s,1,108,1.0,,0,10.0
114,20s,2,1,1.610000000000003,21.522,0,10.0
114,20s,2,2,0.75,0.0459999999999993,0,10.0
114,20s,2,4,3.463999999999998,0.0420000000000015,0,10.0
114,20s,2,6,4.823999999999998,21.22,0,10.0
114,20s,2,7,9.195999999999984,0.0620000000000118,0,10.0
114,20s,2,9,11.28,8.073999999999984,1,10.0
114,20s,2,10,10.598000000000011,3.919999999999987,1,10.0
114,20s,2,11,0.160000000000025,20.549999999999983,0,10.0
114,20s,2,12,10.090000000000003,4.389999999999986,1,10.0
114,20s,2,13,0.2020000000000266,20.417999999999974,0,10.0
114,20s,2,14,7.52000000000001,20.354000000000013,0,10.0
114,20s,2,15,10.337999999999964,0.2040000000000077,1,10.0
114,20s,2,16,0.0660000000000309,20.267999999999972,0,10.0
114,20s,2,17,13.174000000000037,10.803999999999974,1,10.0
114,20s,2,18,11.427999999999995,0.0760000000000218,1,10.0
114,20s,2,19,0.1139999999999759,20.56,0,10.0
114,20s,2,20,11.081999999999994,2.79200000000003,1,10.0
114,20s,2,21,1.3479999999999563,22.952,0,10.0
114,20s,2,22,16.154000000000053,10.769999999999982,1,10.0
114,20s,2,23,13.728000000000009,2.9499999999999886,1,10.0
114,20s,2,24,12.885999999999967,4.050000000000011,1,10.0
114,20s,2,25,12.139999999999986,4.050000000000011,1,10.0
114,20s,2,26,0.3160000000000309,0.0240000000000009,0,10.0
114,20s,2,28,12.604000000000042,4.325999999999965,1,10.0
114,20s,2,29,16.913999999999987,3.574000000000069,1,10.0
114,20s,2,30,12.437999999999988,3.381999999999948,1,10.0
114,20s,2,31,14.540000000000076,0.1200000000000045,1,10.0
114,20s,2,32,0.2039999999999509,0.1000000000000227,0,10.0
114,20s,2,34,2.066000000000031,20.653999999999996,0,10.0
114,20s,2,35,11.347999999999956,3.2519999999999527,1,10.0
114,20s,2,36,10.738000000000056,0.4199999999999591,1,10.0
114,20s,2,37,0.0339999999999918,20.884000000000015,0,10.0
114,20s,2,38,10.062000000000012,2.659999999999968,1,10.0
114,20s,2,39,0.1200000000000045,20.550000000000068,0,10.0
114,20s,2,40,10.529999999999973,0.0860000000000127,1,10.0
114,20s,2,41,0.1820000000000163,20.610000000000017,0,10.0
114,20s,2,42,0.5839999999999463,20.553999999999977,0,10.0
114,20s,2,43,9.930000000000064,0.0159999999999627,0,10.0
114,20s,2,45,10.115999999999984,3.8379999999999654,1,10.0
114,20s,2,46,13.316000000000033,0.1299999999999954,1,10.0
114,20s,2,47,0.0660000000000309,0.099999999999909,0,10.0
114,20s,2,49,14.468000000000076,3.6819999999999022,1,10.0
114,20s,2,50,10.412000000000036,2.9840000000000373,1,10.0
114,20s,2,51,0.2259999999999991,20.409999999999968,0,10.0
114,20s,2,52,14.289999999999964,5.132000000000062,1,10.0
114,20s,2,53,10.268000000000027,3.3019999999999072,1,10.0
114,20s,2,54,11.068000000000096,3.5319999999999254,1,10.0
114,20s,2,55,13.406000000000065,3.4699999999999136,1,10.0
114,20s,2,56,0.2180000000000745,20.795999999999935,0,10.0
114,20s,2,57,12.544000000000096,3.0939999999999372,1,10.0
114,20s,2,58,0.0639999999999645,21.246000000000095,0,10.0
114,20s,2,59,7.789999999999964,21.16199999999992,0,10.0
114,20s,2,60,13.624000000000024,3.3880000000001473,1,10.0
114,20s,2,61,0.1939999999999599,21.245999999999867,0,10.0
114,20s,2,62,1.7840000000001055,20.903999999999996,0,10.0
114,20s,2,63,11.973999999999933,3.1059999999999945,1,10.0
114,20s,2,64,18.392000000000053,3.963999999999942,1,10.0
114,20s,2,65,10.683999999999967,0.0460000000000491,1,10.0
114,20s,2,66,0.16800000000012,20.519999999999985,0,10.0
114,20s,2,67,18.45399999999995,3.3199999999999363,1,10.0
114,20s,2,68,12.206000000000133,2.395999999999958,1,10.0
114,20s,2,69,0.1979999999998654,20.358000000000175,0,10.0
114,20s,2,70,17.105999999999995,2.2899999999999636,1,10.0
114,20s,2,71,14.586000000000013,2.2000000000000455,1,10.0
114,20s,2,72,0.2859999999998308,21.166000000000167,0,10.0
114,20s,2,73,14.9699999999998,3.1900000000000546,1,10.0
114,20s,2,74,12.864000000000033,4.968000000000075,1,10.0
114,20s,2,75,13.407999999999902,4.1340000000000146,1,10.0
114,20s,2,76,11.182000000000016,0.1980000000000927,1,10.0
114,20s,2,77,0.0579999999999927,20.401999999999816,0,10.0
114,20s,2,78,12.38000000000011,0.0819999999998799,1,10.0
114,20s,2,79,0.3020000000001346,20.899999999999864,0,10.0
114,20s,2,80,11.398000000000138,2.8199999999999363,1,10.0
114,20s,2,81,15.079999999999927,3.6460000000001855,1,10.0
114,20s,2,82,0.3819999999998344,0.0420000000001437,0,10.0
114,20s,2,84,11.636000000000196,3.2619999999999436,1,10.0
114,20s,2,85,15.557999999999993,3.11200000000008,1,10.0
114,20s,2,86,12.793999999999867,0.211999999999989,1,10.0
114,20s,2,87,0.2080000000000836,21.26599999999985,0,10.0
114,20s,2,88,1.5200000000002092,0.0879999999999654,0,10.0
114,20s,2,90,12.947999999999864,2.018000000000029,1,10.0
114,20s,2,91,0.1100000000001273,0.0960000000000036,0,10.0
114,20s,2,93,0.3479999999999563,0.02800000000002,0,10.0
114,20s,2,95,8.457999999999856,20.988000000000056,0,10.0
114,20s,2,96,15.342000000000098,2.594000000000051,1,10.0
114,20s,2,97,13.548000000000002,3.3059999999998126,1,10.0
114,20s,2,98,13.344000000000053,6.038000000000011,1,10.0
114,20s,2,99,0.5419999999999163,0.0640000000000782,0,10.0
114,20s,2,101,2.1820000000000164,20.720000000000027,0,10.0
114,20s,2,102,13.740000000000007,0.0779999999999745,1,10.0
114,20s,2,103,0.1579999999999017,20.847999999999956,0,10.0
114,20s,2,104,17.860000000000127,4.251999999999953,1,10.0
114,20s,2,105,19.41000000000008,2.661999999999807,1,10.0
114,20s,2,106,13.844000000000053,3.5,1,10.0
114,20s,2,107,0.2560000000000855,20.39599999999996,0,10.0
114,20s,2,108,18.63799999999992,2.02800000000002,1,10.0
114,20s,2,109,4.210000000000036,0.0820000000001073,0,10.0
114,20s,2,111,11.65800000000013,3.6299999999998818,1,10.0
114,20s,2,112,14.460000000000036,5.653999999999996,1,10.0
114,20s,2,113,12.018000000000027,,1,10.0
114,20s,3,1,11.28,0.0919999999999987,1,10.0
114,20s,3,2,0.0600000000000022,22.185999999999993,0,10.0
114,20s,3,3,16.274,5.172000000000011,1,10.0
114,20s,3,4,0.347999999999999,0.0819999999999936,0,10.0
114,20s,3,6,12.405999999999992,0.1020000000000038,1,10.0
114,20s,3,7,0.1500000000000056,21.232,0,10.0
114,20s,3,8,9.25799999999998,0.1240000000000236,0,10.0
114,20s,3,10,0.4739999999999895,21.860000000000017,0,10.0
114,20s,3,11,9.383999999999986,21.141999999999996,0,10.0
114,20s,3,12,13.304000000000002,2.8499999999999943,1,10.0
114,20s,3,13,8.844000000000023,0.0999999999999943,0,10.0
114,20s,3,15,9.06400000000002,20.94799999999998,0,10.0
114,20s,3,16,9.090000000000032,0.1519999999999868,0,10.0
114,20s,3,18,10.127999999999986,0.1139999999999759,1,10.0
114,20s,3,19,0.0880000000000222,22.574000000000012,0,10.0
114,20s,3,20,8.937999999999988,20.423999999999975,0,10.0
114,20s,3,21,9.662000000000036,20.789999999999964,0,10.0
114,20s,3,22,11.388000000000034,2.5720000000000027,1,10.0
114,20s,3,23,11.889999999999986,2.774000000000001,1,10.0
114,20s,3,24,9.812000000000012,20.34999999999997,0,10.0
114,20s,3,25,2.6539999999999964,0.0500000000000113,0,10.0
114,20s,3,27,14.624000000000024,2.994000000000028,1,10.0
114,20s,3,28,10.355999999999996,5.0779999999999745,1,10.0
114,20s,3,29,10.67999999999995,4.398000000000025,1,10.0
114,20s,3,30,10.062000000000012,2.9980000000000473,1,10.0
114,20s,3,31,0.3419999999999845,0.0520000000000209,0,10.0
114,20s,3,33,15.398000000000025,0.1340000000000145,1,10.0
114,20s,3,34,0.1619999999999208,21.926000000000045,0,10.0
114,20s,3,35,14.72199999999998,2.7340000000000373,1,10.0
114,20s,3,36,0.0960000000000036,21.069999999999936,0,10.0
114,20s,3,37,11.081999999999994,4.344000000000051,1,10.0
114,20s,3,38,12.50400000000002,3.5979999999999563,1,10.0
114,20s,3,39,15.33800000000008,3.245999999999981,1,10.0
114,20s,3,40,0.5539999999999736,0.1000000000000227,0,10.0
114,20s,3,42,15.158000000000015,0.1299999999999954,1,10.0
114,20s,3,43,0.3260000000000218,21.822000000000003,0,10.0
114,20s,3,44,16.274,0.0480000000000018,1,10.0
114,20s,3,45,0.2839999999999918,21.94399999999996,0,10.0
114,20s,3,46,15.740000000000007,4.3419999999999845,1,10.0
114,20s,3,47,0.3440000000000509,0.0819999999999936,0,10.0
114,20s,3,49,11.223999999999933,3.7939999999999823,1,10.0
114,20s,3,50,0.0500000000000682,21.16599999999994,0,10.0
114,20s,3,51,11.776000000000067,3.7819999999999254,1,10.0
114,20s,3,52,11.236000000000104,3.717999999999961,1,10.0
114,20s,3,53,12.942000000000007,3.625999999999976,1,10.0
114,20s,3,54,11.350000000000025,0.1319999999999481,1,10.0
114,20s,3,55,0.1420000000000527,20.673999999999975,0,10.0
114,20s,3,56,11.860000000000014,0.0839999999999463,1,10.0
114,20s,3,57,0.0800000000000409,22.142000000000053,0,10.0
114,20s,3,58,11.41599999999994,0.2060000000000172,1,10.0
114,20s,3,59,0.0979999999999563,21.607999999999947,0,10.0
114,20s,3,60,11.090000000000146,3.5039999999999054,1,10.0
114,20s,3,61,11.144000000000004,4.610000000000127,1,10.0
114,20s,3,62,11.89799999999991,3.4179999999998927,1,10.0
114,20s,3,63,12.160000000000082,4.326000000000022,1,10.0
114,20s,3,64,12.13000000000011,0.2719999999999345,1,10.0
114,20s,3,65,0.1459999999999581,21.31400000000008,0,10.0
114,20s,3,66,0.1939999999999599,0.0339999999998781,0,10.0
114,20s,3,68,10.099999999999907,0.0360000000000582,1,10.0
114,20s,3,69,0.8540000000000418,21.483999999999924,0,10.0
114,20s,3,70,12.120000000000118,0.2539999999999054,1,10.0
114,20s,3,71,0.0660000000000309,20.94399999999996,0,10.0
114,20s,3,72,10.907999999999902,3.75200000000018,1,10.0
114,20s,3,73,0.4539999999999509,0.0319999999999254,0,10.0
114,20s,3,75,11.800000000000182,3.675999999999931,1,10.0
114,20s,3,76,12.518000000000027,3.467999999999847,1,10.0
114,20s,3,77,13.014000000000124,2.9880000000000564,1,10.0
114,20s,3,78,11.66599999999994,0.2819999999999254,1,10.0
114,20s,3,79,0.1720000000000254,0.0960000000000036,0,10.0
114,20s,3,81,11.35200000000009,4.354000000000042,1,10.0
114,20s,3,82,11.382000000000062,4.451999999999998,1,10.0
114,20s,3,83,11.107999999999947,3.269999999999982,1,10.0
114,20s,3,84,11.773999999999887,5.268000000000029,1,10.0
114,20s,3,85,11.970000000000027,2.480000000000018,1,10.0
114,20s,3,86,13.829999999999927,3.9480000000000928,1,10.0
114,20s,3,87,11.951999999999998,4.0779999999999745,1,10.0
114,20s,3,88,11.955999999999904,4.5900000000001455,1,10.0
114,20s,3,89,11.47199999999998,6.195999999999913,1,10.0
114,20s,3,90,11.516000000000076,4.766000000000076,1,10.0
114,20s,3,91,11.377999999999927,4.91599999999994,1,10.0
114,20s,3,92,11.432000000000016,3.66599999999994,1,10.0
114,20s,3,93,11.148000000000138,3.8599999999999,1,10.0
114,20s,3,94,10.95399999999995,4.600000000000136,1,10.0
114,20s,3,95,11.523999999999887,4.150000000000091,1,10.0
114,20s,3,96,11.210000000000036,4.086000000000013,1,10.0
114,20s,3,97,11.793999999999867,3.6760000000001583,1,10.0
114,20s,3,98,10.315999999999804,3.3760000000002037,1,10.0
114,20s,3,99,10.907999999999902,4.3599999999999,1,10.0
114,20s,3,100,12.105999999999996,7.382000000000062,1,10.0
114,20s,3,101,11.508000000000038,3.5920000000000982,1,10.0
114,20s,3,102,11.559999999999944,4.817999999999984,1,10.0
114,20s,3,103,10.536000000000058,4.5499999999999545,1,10.0
114,20s,3,104,10.576000000000022,3.854000000000042,1,10.0
114,20s,3,105,11.038000000000013,3.548000000000002,1,10.0
114,20s,3,106,0.1539999999999963,22.03399999999988,0,10.0
114,20s,3,107,7.980000000000018,20.42599999999993,0,10.0
114,20s,3,108,12.490000000000007,3.4780000000000655,1,10.0
114,20s,3,109,11.907999999999902,3.6440000000000055,1,10.0
114,20s,3,110,11.622000000000073,5.190000000000055,1,10.0
114,20s,3,111,11.549999999999956,,1,10.0
114,20s,4,1,0.9819999999999992,24.677999999999997,0,10.0
114,20s,4,2,1.352000000000004,25.440000000000005,0,10.0
114,20s,4,3,2.185999999999993,0.0619999999999976,0,10.0
114,20s,4,5,0.5760000000000076,23.814000000000007,0,10.0
114,20s,4,6,15.269999999999982,4.436000000000007,1,10.0
114,20s,4,7,10.00200000000001,0.103999999999985,1,10.0
114,20s,4,8,0.2239999999999895,21.380000000000024,0,10.0
114,20s,4,9,14.811999999999983,3.1520000000000152,1,10.0
114,20s,4,10,0.1899999999999977,21.102000000000004,0,10.0
114,20s,4,11,11.043999999999984,2.451999999999998,1,10.0
114,20s,4,12,0.1040000000000134,21.023999999999972,0,10.0
114,20s,4,13,11.962000000000046,4.283999999999992,1,10.0
114,20s,4,14,10.677999999999995,0.0840000000000031,1,10.0
114,20s,4,15,0.1459999999999581,21.82000000000005,0,10.0
114,20s,4,16,13.41999999999996,3.2100000000000364,1,10.0
114,20s,4,17,12.132000000000003,4.339999999999975,1,10.0
114,20s,4,18,10.908000000000015,4.3940000000000055,1,10.0
114,20s,4,19,14.153999999999996,4.055999999999983,1,10.0
114,20s,4,20,11.755999999999972,4.340000000000032,1,10.0
114,20s,4,21,11.409999999999968,3.286000000000002,1,10.0
114,20s,4,22,0.6100000000000136,0.093999999999994,0,10.0
114,20s,4,24,12.036,2.3899999999999864,1,10.0
114,20s,4,25,0.146000000000015,22.149999999999977,0,10.0
114,20s,4,26,10.258000000000038,2.9839999999999804,1,10.0
114,20s,4,27,11.079999999999984,4.096000000000004,1,10.0
114,20s,4,28,10.900000000000034,4.536000000000001,1,10.0
114,20s,4,29,13.066000000000033,3.2639999999998963,1,10.0
114,20s,4,30,12.403999999999996,3.882000000000062,1,10.0
114,20s,4,31,11.827999999999976,3.5960000000000036,1,10.0
114,20s,4,32,11.505999999999972,4.526000000000067,1,10.0
114,20s,4,33,11.399999999999975,4.587999999999965,1,10.0
114,20s,4,34,11.28200000000004,4.288000000000011,1,10.0
114,20s,4,35,10.755999999999972,5.015999999999963,1,10.0
114,20s,4,36,10.274,3.9160000000000537,1,10.0
114,20s,4,37,11.857999999999947,3.903999999999997,1,10.0
114,20s,4,38,11.148000000000025,3.0860000000000127,1,10.0
114,20s,4,39,0.8580000000000609,21.989999999999895,0,10.0
114,20s,4,40,11.776000000000067,3.625999999999976,1,10.0
114,20s,4,41,12.077999999999976,0.25,1,10.0
114,20s,4,42,0.0860000000000127,21.307999999999993,0,10.0
114,20s,4,43,11.57400000000007,2.95799999999997,1,10.0
114,20s,4,44,11.682000000000016,2.8099999999999454,1,10.0
114,20s,4,45,11.344000000000053,3.4139999999999873,1,10.0
114,20s,4,46,11.418000000000006,0.2540000000000191,1,10.0
114,20s,4,47,0.2339999999999236,21.322000000000003,0,10.0
114,20s,4,48,12.906000000000065,3.451999999999998,1,10.0
114,20s,4,49,0.3880000000000336,0.0359999999999445,0,10.0
114,20s,4,51,11.597999999999956,2.324000000000069,1,10.0
114,20s,4,52,12.019999999999982,7.0359999999999445,1,10.0
114,20s,4,53,11.60200000000009,3.6219999999999577,1,10.0
114,20s,4,54,11.878000000000045,3.9180000000000064,1,10.0
114,20s,4,55,13.327999999999976,3.5219999999999345,1,10.0
114,20s,4,56,13.83000000000004,4.081999999999994,1,10.0
114,20s,4,57,11.79600000000005,4.1099999999999,1,10.0
114,20s,4,58,0.0820000000001073,0.1019999999999754,0,10.0
114,20s,4,60,11.068000000000096,3.6779999999999977,1,10.0
114,20s,4,61,12.271999999999936,3.802000000000021,1,10.0
114,20s,4,62,11.82000000000005,3.491999999999962,1,10.0
114,20s,4,63,11.996000000000096,3.227999999999838,1,10.0
114,20s,4,64,12.456000000000133,4.490000000000009,1,10.0
114,20s,4,65,12.455999999999904,5.440000000000055,1,10.0
114,20s,4,66,12.344000000000053,5.487999999999829,1,10.0
114,20s,4,67,12.264000000000124,0.1599999999998544,1,10.0
114,20s,4,68,0.1220000000000709,0.11200000000008,0,10.0
114,20s,4,70,11.039999999999964,4.339999999999918,1,10.0
114,20s,4,71,11.470000000000027,3.2760000000000673,1,10.0
114,20s,4,72,11.814000000000078,5.505999999999858,1,10.0
114,20s,4,73,11.592000000000098,6.119999999999891,1,10.0
114,20s,4,74,11.682000000000016,4.542000000000144,1,10.0
114,20s,4,75,10.77599999999984,4.128000000000156,1,10.0
114,20s,4,76,12.295999999999822,4.5060000000000855,1,10.0
114,20s,4,77,12.627999999999927,5.038000000000011,1,10.0
114,20s,4,78,11.406000000000176,5.745999999999867,1,10.0
114,20s,4,79,11.956000000000133,6.0379999999997835,1,10.0
114,20s,4,80,12.69600000000014,4.8840000000000146,1,10.0
114,20s,4,81,11.38799999999992,7.1159999999999854,1,10.0
114,20s,4,82,10.77800000000002,4.220000000000027,1,10.0
114,20s,4,83,11.230000000000018,3.3479999999999563,1,10.0
114,20s,4,84,12.451999999999998,5.614000000000033,1,10.0
114,20s,4,85,12.440000000000056,0.2359999999998763,1,10.0
114,20s,4,86,0.1459999999999581,22.162000000000035,0,10.0
114,20s,4,87,12.958000000000084,3.3279999999999745,1,10.0
114,20s,4,88,10.610000000000127,3.7539999999999054,1,10.0
114,20s,4,89,12.029999999999973,4.683999999999969,1,10.0
114,20s,4,90,11.292000000000144,5.183999999999969,1,10.0
114,20s,4,91,12.061999999999898,8.220000000000027,1,10.0
114,20s,4,92,11.200000000000044,4.038000000000011,1,10.0
114,20s,4,93,11.407999999999902,4.961999999999989,1,10.0
114,20s,4,94,11.734000000000153,8.159999999999854,1,10.0
114,20s,4,95,11.761999999999944,5.036000000000058,1,10.0
114,20s,4,96,11.55600000000004,4.663999999999987,1,10.0
114,20s,4,97,13.104000000000042,0.3360000000000127,1,10.0
114,20s,4,98,0.1019999999998617,21.920000000000073,0,10.0
114,20s,4,99,0.8920000000000528,0.0919999999998708,0,10.0
114,20s,4,101,10.75,3.6079999999999472,1,10.0
114,20s,4,102,11.372000000000073,4.657999999999902,1,10.0
114,20s,4,103,11.983999999999924,4.330000000000155,1,10.0
114,20s,4,104,11.55399999999986,3.3920000000000528,1,10.0
114,20s,4,105,11.625999999999976,5.230000000000018,1,10.0
114,20s,4,106,11.758000000000038,,1,10.0
114,20s,5,1,11.271999999999998,3.3059999999999974,1,10.0
114,20s,5,2,9.642000000000005,21.464,0,10.0
114,20s,5,3,9.098,20.73400000000001,0,10.0
114,20s,5,4,0.039999999999992,20.716000000000008,0,10.0
114,20s,5,5,11.132000000000003,3.283999999999992,1,10.0
114,20s,5,6,12.611999999999997,4.542000000000002,1,10.0
114,20s,5,7,11.114000000000004,4.710000000000008,1,10.0
114,20s,5,8,9.931999999999988,0.1500000000000056,0,10.0
114,20s,5,10,12.097999999999985,2.8460000000000036,1,10.0
114,20s,5,11,8.374000000000024,22.829999999999984,0,10.0
114,20s,5,12,11.288000000000013,3.339999999999975,1,10.0
114,20s,5,13,10.160000000000023,5.46999999999997,1,10.0
114,20s,5,14,13.902000000000044,3.433999999999969,1,10.0
114,20s,5,15,11.148000000000025,3.4119999999999777,1,10.0
114,20s,5,16,10.800000000000011,4.1159999999999854,1,10.0
114,20s,5,17,10.605999999999996,4.080000000000041,1,10.0
114,20s,5,18,12.603999999999983,4.257999999999981,1,10.0
114,20s,5,19,10.379999999999995,4.0919999999999845,1,10.0
114,20s,5,20,10.632000000000003,0.0980000000000131,1,10.0
114,20s,5,21,0.3079999999999927,21.069999999999993,0,10.0
114,20s,5,22,9.986000000000049,0.1359999999999672,0,10.0
114,20s,5,24,9.259999999999993,21.0,0,10.0
114,20s,5,25,9.736000000000049,20.897999999999968,0,10.0
114,20s,5,26,12.343999999999994,2.798000000000002,1,10.0
114,20s,5,27,12.05200000000002,5.162000000000035,1,10.0
114,20s,5,28,11.255999999999972,3.727999999999952,1,10.0
114,20s,5,29,11.888000000000034,3.3920000000000528,1,10.0
114,20s,5,30,10.569999999999936,3.608000000000061,1,10.0
114,20s,5,31,11.431999999999904,2.494000000000028,1,10.0
114,20s,5,32,11.026000000000067,3.367999999999938,1,10.0
114,20s,5,33,10.408000000000015,3.4220000000000255,1,10.0
114,20s,5,34,11.937999999999988,4.717999999999961,1,10.0
114,20s,5,35,10.840000000000032,4.052000000000021,1,10.0
114,20s,5,36,10.668000000000006,4.048000000000002,1,10.0
114,20s,5,37,11.687999999999988,4.475999999999999,1,10.0
114,20s,5,38,10.427999999999995,2.697999999999979,1,10.0
114,20s,5,39,11.073999999999955,4.696000000000026,1,10.0
114,20s,5,40,10.634000000000016,5.538000000000011,1,10.0
114,20s,5,41,11.658000000000015,3.5119999999999436,1,10.0
114,20s,5,42,11.884000000000016,5.062000000000012,1,10.0
114,20s,5,43,0.8700000000000045,0.0779999999999745,0,10.0
114,20s,5,45,9.771999999999936,21.596000000000004,0,10.0
114,20s,5,46,11.375999999999976,2.5300000000000864,1,10.0
114,20s,5,47,10.024,3.3840000000000146,1,10.0
114,20s,5,48,9.933999999999967,21.49599999999998,0,10.0
114,20s,5,49,14.755999999999972,3.975999999999999,1,10.0
114,20s,5,50,10.276000000000067,3.813999999999965,1,10.0
114,20s,5,51,10.638000000000034,3.467999999999961,1,10.0
114,20s,5,52,11.134000000000016,5.1059999999999945,1,10.0
114,20s,5,53,3.0939999999999372,20.734000000000037,0,10.0
114,20s,5,54,13.730000000000018,0.0779999999999745,1,10.0
114,20s,5,55,0.0400000000000773,0.4459999999999127,0,10.0
114,20s,5,56,0.0380000000000109,21.33800000000008,0,10.0
114,20s,5,57,10.339999999999918,3.187999999999988,1,10.0
114,20s,5,58,12.632000000000062,2.863999999999919,1,10.0
114,20s,5,59,13.711999999999987,3.2640000000001237,1,10.0
114,20s,5,60,11.061999999999898,4.740000000000009,1,10.0
114,20s,5,61,11.019999999999982,4.135999999999967,1,10.0
114,20s,5,62,10.320000000000164,4.515999999999849,1,10.0
114,20s,5,63,11.374000000000024,3.211999999999989,1,10.0
114,20s,5,64,10.354000000000042,0.27800000000002,1,10.0
114,20s,5,65,0.1659999999999399,21.248000000000047,0,10.0
114,20s,5,66,10.458000000000084,3.897999999999911,1,10.0
114,20s,5,67,11.913999999999987,5.350000000000136,1,10.0
114,20s,5,68,10.861999999999853,4.703999999999951,1,10.0
114,20s,5,69,11.014000000000124,7.041999999999916,1,10.0
114,20s,5,70,10.960000000000036,4.210000000000036,1,10.0
114,20s,5,71,10.5,3.8940000000000055,1,10.0
114,20s,5,72,11.289999999999964,3.3940000000000055,1,10.0
114,20s,5,73,9.723999999999933,0.1059999999999945,0,10.0
114,20s,5,75,13.38799999999992,0.3040000000000873,1,10.0
114,20s,5,76,0.1159999999999854,21.539999999999964,0,10.0
114,20s,5,77,11.211999999999987,3.4760000000001128,1,10.0
114,20s,5,78,10.77800000000002,6.167999999999893,1,10.0
114,20s,5,79,10.57400000000007,4.490000000000009,1,10.0
114,20s,5,80,11.669999999999844,3.2840000000001055,1,10.0
114,20s,5,81,11.018000000000027,3.2899999999999636,1,10.0
114,20s,5,82,11.281999999999924,0.3040000000000873,1,10.0
114,20s,5,83,0.3460000000000036,20.786000000000055,0,10.0
114,20s,5,84,12.707999999999856,0.2319999999999709,1,10.0
114,20s,5,85,0.0780000000002019,21.43799999999987,0,10.0
114,20s,5,86,8.88799999999992,0.0620000000001255,0,10.0
114,20s,5,88,9.001999999999953,21.09199999999987,0,10.0
114,20s,5,89,15.832000000000107,3.119999999999891,1,10.0
114,20s,5,90,9.865999999999984,20.83400000000006,0,10.0
114,20s,5,91,12.094000000000053,0.2639999999998963,1,10.0
114,20s,5,92,0.05600000000004,21.413999999999987,0,10.0
114,20s,5,93,11.461999999999987,0.0779999999999745,1,10.0
114,20s,5,94,0.3120000000001255,20.672000000000025,0,10.0
114,20s,5,95,14.385999999999967,2.241999999999962,1,10.0
114,20s,5,96,10.364000000000033,3.5440000000000964,1,10.0
114,20s,5,97,11.08199999999988,2.8179999999999836,1,10.0
114,20s,5,98,11.105999999999996,3.744000000000142,1,10.0
114,20s,5,99,10.837999999999964,5.4379999999998745,1,10.0
114,20s,5,100,9.47400000000016,0.1099999999998999,0,10.0
114,20s,5,102,9.042000000000144,0.0419999999999163,0,10.0
114,20s,5,104,11.036000000000058,0.0960000000000036,1,10.0
114,20s,5,105,0.0319999999999254,20.73400000000015,0,10.0
114,20s,5,106,15.289999999999964,2.1639999999999873,1,10.0
114,20s,5,107,0.1359999999999672,21.432000000000016,0,10.0
114,20s,5,108,8.104000000000042,0.071999999999889,0,10.0
114,20s,6,1,14.848,0.1120000000000018,1,10.0
114,20s,6,2,0.1920000000000001,21.238000000000007,0,10.0
114,20s,6,3,7.305999999999997,21.08,0,10.0
114,20s,6,4,9.932000000000002,21.36999999999999,0,10.0
114,20s,6,5,7.909999999999997,20.896000000000015,0,10.0
114,20s,6,6,13.352000000000004,3.8160000000000025,1,10.0
114,20s,6,7,12.047999999999972,3.828000000000003,1,10.0
114,20s,6,8,15.490000000000007,3.455999999999989,1,10.0
114,20s,6,9,0.3940000000000054,0.1020000000000038,0,10.0
114,20s,6,11,11.982000000000028,2.783999999999992,1,10.0
114,20s,6,12,13.347999999999985,3.77800000000002,1,10.0
114,20s,6,13,9.865999999999984,0.1220000000000141,0,10.0
114,20s,6,15,16.26600000000002,3.433999999999969,1,10.0
114,20s,6,16,9.401999999999989,20.352000000000032,0,10.0
114,20s,6,17,10.677999999999995,4.168000000000006,1,10.0
114,20s,6,18,12.077999999999976,3.646000000000015,1,10.0
114,20s,6,19,15.370000000000005,3.187999999999988,1,10.0
114,20s,6,20,12.103999999999983,3.903999999999997,1,10.0
114,20s,6,21,11.284000000000049,3.613999999999976,1,10.0
114,20s,6,22,12.02600000000001,4.754000000000019,1,10.0
114,20s,6,23,10.321999999999946,3.7560000000000286,1,10.0
114,20s,6,24,0.1399999999999863,0.04200000000003,0,10.0
114,20s,6,26,11.105999999999996,0.0800000000000409,1,10.0
114,20s,6,27,0.42999999999995,20.902000000000044,0,10.0
114,20s,6,28,9.27600000000001,0.0960000000000036,0,10.0
114,20s,6,30,11.019999999999982,0.0739999999999554,1,10.0
114,20s,6,31,0.169999999999959,20.5,0,10.0
114,20s,6,32,9.451999999999998,21.234000000000037,0,10.0
114,20s,6,33,11.98599999999999,3.6059999999999945,1,10.0
114,20s,6,34,13.03200000000004,3.0879999999999654,1,10.0
114,20s,6,35,12.27800000000002,2.9560000000000173,1,10.0
114,20s,6,36,9.902000000000044,21.3839999999999,0,10.0
114,20s,6,37,0.1920000000000072,0.04200000000003,0,10.0
114,20s,6,39,9.812000000000012,20.596000000000004,0,10.0
114,20s,6,40,12.69399999999996,0.0480000000000018,1,10.0
114,20s,6,41,0.2259999999999991,20.964000000000055,0,10.0
114,20s,6,42,9.505999999999972,21.17999999999995,0,10.0
114,20s,6,43,12.766000000000076,4.2579999999999245,1,10.0
114,20s,6,44,10.27800000000002,3.6620000000000346,1,10.0
114,20s,6,45,11.131999999999948,4.62600000000009,1,10.0
114,20s,6,46,10.263999999999896,3.4060000000000628,1,10.0
114,20s,6,47,13.337999999999964,0.0760000000000218,1,10.0
114,20s,6,48,0.2000000000000454,20.40599999999995,0,10.0
114,20s,6,49,9.851999999999975,21.134000000000015,0,10.0
114,20s,6,50,10.204000000000065,0.0419999999999163,1,10.0
114,20s,6,51,0.0220000000000482,0.0259999999999536,0,10.0
114,20s,6,52,0.4360000000000354,21.190000000000055,0,10.0
114,20s,6,53,10.261999999999944,0.0860000000000127,1,10.0
114,20s,6,54,0.2759999999999536,20.398000000000025,0,10.0
114,20s,6,55,11.847999999999956,4.048000000000002,1,10.0
114,20s,6,56,0.3720000000000709,0.0679999999999836,0,10.0
114,20s,6,58,9.019999999999982,0.0060000000000854,0,10.0
114,20s,6,59,0.2000000000000454,20.791999999999916,0,10.0
114,20s,6,60,9.746000000000096,20.551999999999907,0,10.0
114,20s,6,61,8.905999999999949,22.557999999999993,0,10.0
114,20s,6,62,14.476000000000113,3.6099999999999,1,10.0
114,20s,6,63,14.210000000000036,3.7560000000000855,1,10.0
114,20s,6,64,12.268000000000027,4.2439999999999145,1,10.0
114,20s,6,65,9.801999999999907,20.830000000000155,0,10.0
114,20s,6,66,10.951999999999998,4.689999999999827,1,10.0
114,20s,6,67,12.776000000000067,3.8640000000000327,1,10.0
114,20s,6,68,10.624000000000024,4.347999999999956,1,10.0
114,20s,6,69,0.1700000000000727,0.0940000000000509,0,10.0
114,20s,6,71,10.837999999999964,3.75,1,10.0
114,20s,6,72,12.819999999999936,0.0760000000000218,1,10.0
114,20s,6,73,0.1140000000000327,21.413999999999987,0,10.0
114,20s,6,74,10.183999999999967,0.25,1,10.0
114,20s,6,75,0.0540000000000873,21.273999999999887,0,10.0
114,20s,6,76,10.756000000000084,2.7539999999999054,1,10.0
114,20s,6,77,10.857999999999947,4.680000000000064,1,10.0
114,20s,6,78,12.458000000000084,3.3460000000000036,1,10.0
114,20s,6,79,16.41599999999994,4.738000000000056,1,10.0
114,20s,6,80,11.223999999999933,5.067999999999984,1,10.0
114,20s,6,81,10.940000000000056,3.38799999999992,1,10.0
114,20s,6,82,10.400000000000093,3.543999999999869,1,10.0
114,20s,6,83,12.066000000000033,3.2799999999999727,1,10.0
114,20s,6,84,10.440000000000056,3.627999999999929,1,10.0
114,20s,6,85,11.022000000000162,3.7539999999999054,1,10.0
114,20s,6,86,12.16800000000012,4.341999999999871,1,10.0
114,20s,6,87,10.733999999999924,4.204000000000178,1,10.0
114,20s,6,88,10.470000000000027,3.847999999999956,1,10.0
114,20s,6,89,11.687999999999874,4.080000000000155,1,10.0
114,20s,6,90,10.195999999999913,4.683999999999969,1,10.0
114,20s,6,91,10.63799999999992,4.614000000000033,1,10.0
114,20s,6,92,10.666000000000167,3.240000000000009,1,10.0
114,20s,6,93,11.659999999999854,5.58400000000006,1,10.0
114,20s,6,94,10.283999999999878,4.158000000000129,1,10.0
114,20s,6,95,11.29600000000005,0.2919999999999163,1,10.0
114,20s,6,96,0.0779999999999745,23.8900000000001,0,10.0
114,20s,6,97,9.645999999999958,0.099999999999909,0,10.0
114,20s,6,99,12.44600000000014,3.265999999999849,1,10.0
114,20s,6,100,10.100000000000136,5.071999999999889,1,10.0
114,20s,6,101,12.176000000000158,0.1939999999999599,1,10.0
114,20s,6,102,0.1659999999999399,22.427999999999884,0,10.0
114,20s,6,103,10.04600000000005,3.1420000000000528,1,10.0
114,20s,6,104,9.85200000000009,0.1159999999999854,0,10.0
114,20s,6,106,9.857999999999947,0.08400000000006,0,10.0
114,20s,6,108,9.793999999999867,20.93399999999997,0,10.0
114,20s,6,109,10.178000000000113,3.461999999999989,1,10.0
114,20s,6,110,8.491999999999962,21.432000000000016,0,10.0
114,20s,6,111,8.917999999999893,0.1440000000000054,0,10.0
114,20s,6,113,9.114000000000033,,0,10.0
115,20s,1,1,0.0780000000000029,21.71,0,10.0
115,20s,1,2,0.1679999999999992,20.815999999999995,0,10.0
115,20s,1,3,0.2300000000000039,23.694000000000003,0,10.0
115,20s,1,4,0.1580000000000012,20.798,0,10.0
115,20s,1,5,3.815999999999988,23.63799999999999,0,10.0
115,20s,1,6,0.2580000000000098,0.0740000000000122,0,10.0
115,20s,1,8,0.143999999999977,25.098000000000013,0,10.0
115,20s,1,9,11.02000000000001,2.837999999999994,1,10.0
115,20s,1,10,12.97199999999998,2.298000000000002,1,10.0
115,20s,1,11,0.2880000000000109,25.49799999999999,0,10.0
115,20s,1,12,11.05200000000002,4.6340000000000146,1,10.0
115,20s,1,13,11.401999999999989,2.3360000000000127,1,10.0
115,20s,1,14,8.651999999999987,20.73399999999998,0,10.0
115,20s,1,15,9.192000000000007,21.706000000000017,0,10.0
115,20s,1,16,6.961999999999989,21.382000000000005,0,10.0
115,20s,1,17,23.03800000000001,2.731999999999971,1,10.0
115,20s,1,18,1.353999999999985,20.50400000000002,0,10.0
115,20s,1,19,18.94999999999999,2.584000000000003,1,10.0
115,20s,1,20,11.377999999999986,7.230000000000018,1,10.0
115,20s,1,21,0.2719999999999913,0.0400000000000204,0,10.0
115,20s,1,23,0.1480000000000245,0.1579999999999586,0,10.0
115,20s,1,25,19.340000000000032,2.9139999999999873,1,10.0
115,20s,1,26,15.573999999999955,3.090000000000032,1,10.0
115,20s,1,27,10.653999999999996,3.02800000000002,1,10.0
115,20s,1,28,0.9320000000000164,21.551999999999907,0,10.0
115,20s,1,29,10.543999999999984,2.8840000000000146,1,10.0
115,20s,1,30,11.889999999999986,2.1860000000000355,1,10.0
115,20s,1,31,17.54200000000003,2.9460000000000264,1,10.0
115,20s,1,32,21.511999999999944,2.4840000000000373,1,10.0
115,20s,1,33,15.648000000000025,4.7579999999999245,1,10.0
115,20s,1,34,16.478000000000065,2.8299999999999272,1,10.0
115,20s,1,35,17.926000000000045,0.0579999999999927,1,10.0
115,20s,1,36,0.2039999999999509,20.222000000000097,0,10.0
115,20s,1,37,0.0399999999999636,20.713999999999945,0,10.0
115,20s,1,38,17.304000000000087,2.1440000000000055,1,10.0
115,20s,1,39,11.75,2.0879999999999654,1,10.0
115,20s,1,40,15.586000000000013,2.419999999999959,1,10.0
115,20s,1,41,14.518000000000027,3.3139999999999645,1,10.0
115,20s,1,42,10.790000000000076,3.70799999999997,1,10.0
115,20s,1,43,11.110000000000014,4.5,1,10.0
115,20s,1,44,1.9080000000000157,0.1299999999999954,0,10.0
115,20s,1,46,10.364000000000033,0.2799999999999727,1,10.0
115,20s,1,47,0.1219999999999572,24.49599999999998,0,10.0
115,20s,1,48,15.034000000000106,1.7559999999999718,1,10.0
115,20s,1,49,10.494000000000028,1.909999999999968,1,10.0
115,20s,1,50,16.21799999999996,2.8759999999999764,1,10.0
115,20s,1,51,7.526000000000067,21.389999999999983,0,10.0
115,20s,1,52,0.1280000000000427,21.50999999999999,0,10.0
115,20s,1,53,11.051999999999907,2.298000000000002,1,10.0
115,20s,1,54,14.166000000000054,2.5060000000000855,1,10.0
115,20s,1,55,9.155999999999947,23.01800000000003,0,10.0
115,20s,1,56,0.1019999999998617,23.85400000000004,0,10.0
115,20s,1,57,13.531999999999924,2.4320000000000164,1,10.0
115,20s,1,58,14.614000000000033,2.1400000000001,1,10.0
115,20s,1,59,16.33400000000006,2.8019999999999072,1,10.0
115,20s,1,60,19.68599999999992,5.788000000000011,1,10.0
115,20s,1,61,18.72400000000016,6.507999999999811,1,10.0
115,20s,1,62,11.522000000000162,3.741999999999962,1,10.0
115,20s,1,63,11.781999999999924,3.33400000000006,1,10.0
115,20s,1,64,10.009999999999993,2.0699999999999363,1,10.0
115,20s,1,65,9.286000000000058,22.17599999999993,0,10.0
115,20s,1,66,11.501999999999953,2.4480000000000928,1,10.0
115,20s,1,67,11.423999999999978,2.0060000000000855,1,10.0
115,20s,1,68,14.614000000000033,3.624000000000024,1,10.0
115,20s,1,69,7.49799999999982,21.597999999999956,0,10.0
115,20s,1,70,10.354000000000042,1.9200000000000728,1,10.0
115,20s,1,71,11.885999999999967,2.6259999999999764,1,10.0
115,20s,1,72,15.706000000000133,2.3479999999999563,1,10.0
115,20s,1,73,17.021999999999935,2.213999999999942,1,10.0
115,20s,1,74,12.138000000000147,5.351999999999862,1,10.0
115,20s,1,75,11.350000000000136,3.47199999999998,1,10.0
115,20s,1,76,16.1579999999999,3.400000000000091,1,10.0
115,20s,1,77,12.617999999999938,3.408000000000129,1,10.0
115,20s,1,78,8.821999999999889,21.952,0,10.0
115,20s,1,79,13.498000000000047,1.9880000000000564,1,10.0
115,20s,1,80,14.009999999999993,2.44399999999996,1,10.0
115,20s,1,81,15.04600000000005,2.839999999999918,1,10.0
115,20s,1,82,14.657999999999902,2.816000000000031,1,10.0
115,20s,1,83,0.6660000000001673,23.511999999999944,0,10.0
115,20s,1,84,0.7699999999999818,25.445999999999913,0,10.0
115,20s,1,85,7.958000000000084,25.557999999999993,0,10.0
115,20s,1,86,13.417999999999893,5.342000000000098,1,10.0
115,20s,1,87,0.5319999999999254,0.0860000000000127,0,10.0
115,20s,1,89,13.622000000000073,2.175999999999931,1,10.0
115,20s,1,90,0.3640000000000327,21.67800000000011,0,10.0
115,20s,1,91,11.649999999999864,3.8079999999999927,1,10.0
115,20s,1,92,16.134000000000015,3.3859999999999673,1,10.0
115,20s,1,93,18.642000000000053,3.5,1,10.0
115,20s,1,94,6.655999999999949,22.746000000000095,0,10.0
115,20s,1,95,11.652000000000044,1.97199999999998,1,10.0
115,20s,1,96,10.295999999999822,5.248000000000047,1,10.0
115,20s,1,97,10.47199999999998,5.022000000000162,1,10.0
115,20s,1,98,14.19399999999996,2.533999999999878,1,10.0
115,20s,1,99,11.450000000000044,3.1380000000001473,1,10.0
115,20s,1,100,13.577999999999976,4.015999999999849,1,10.0
115,20s,1,101,11.52800000000002,1.994000000000142,1,10.0
115,20s,1,102,11.353999999999814,2.961999999999989,1,10.0
115,20s,1,103,9.876000000000204,22.04599999999982,0,10.0
115,20s,1,104,0.0800000000001546,47.82600000000002,0,10.0
115,20s,1,105,16.55199999999968,,1,10.0
115,20s,2,1,0.064,21.762000000000004,0,10.0
115,20s,2,2,13.670000000000002,3.2819999999999965,1,10.0
115,20s,2,3,13.555999999999996,5.043999999999997,1,10.0
115,20s,2,4,11.488,3.7280000000000086,1,10.0
115,20s,2,5,10.866,4.140000000000001,1,10.0
115,20s,2,6,11.802000000000008,4.899999999999977,1,10.0
115,20s,2,7,10.234000000000009,4.358000000000004,1,10.0
115,20s,2,8,16.24799999999999,4.195999999999998,1,10.0
115,20s,2,9,15.098000000000011,3.7700000000000102,1,10.0
115,20s,2,10,16.561999999999983,2.2319999999999993,1,10.0
115,20s,2,11,1.996000000000009,0.1620000000000061,0,10.0
115,20s,2,13,0.2560000000000002,21.078000000000003,0,10.0
115,20s,2,14,9.464,20.220000000000027,0,10.0
115,20s,2,15,0.3639999999999759,0.1059999999999945,0,10.0
115,20s,2,17,8.828000000000031,20.26600000000002,0,10.0
115,20s,2,18,0.3999999999999772,23.730000000000015,0,10.0
115,20s,2,19,0.1339999999999577,0.0680000000000404,0,10.0
115,20s,2,21,0.2740000000000009,23.629999999999995,0,10.0
115,20s,2,22,17.69599999999997,2.4840000000000373,1,10.0
115,20s,2,23,15.240000000000007,2.2679999999999723,1,10.0
115,20s,2,24,18.602000000000032,3.6059999999999945,1,10.0
115,20s,2,25,21.23599999999999,3.788000000000011,1,10.0
115,20s,2,26,24.603999999999985,3.136000000000024,1,10.0
115,20s,2,27,18.437999999999988,2.4460000000000264,1,10.0
115,20s,2,28,18.073999999999955,5.389999999999986,1,10.0
115,20s,2,29,17.783999999999992,1.8940000000000057,1,10.0
115,20s,2,30,22.409999999999968,3.75,1,10.0
115,20s,2,31,12.01400000000001,0.0960000000000036,1,10.0
115,20s,2,32,0.0540000000000873,21.441999999999897,0,10.0
115,20s,2,33,15.950000000000044,1.5679999999999836,1,10.0
115,20s,2,34,18.036000000000055,2.339999999999918,1,10.0
115,20s,2,35,10.578000000000088,2.7899999999999636,1,10.0
115,20s,2,36,15.392000000000053,2.65199999999993,1,10.0
115,20s,2,37,17.84800000000007,3.603999999999928,1,10.0
115,20s,2,38,15.909999999999968,4.016000000000076,1,10.0
115,20s,2,39,17.836000000000013,2.5679999999999836,1,10.0
115,20s,2,40,15.377999999999927,4.666000000000054,1,10.0
115,20s,2,41,23.251999999999953,3.652000000000044,1,10.0
115,20s,2,42,14.905999999999947,3.62600000000009,1,10.0
115,20s,2,43,11.491999999999962,3.080000000000041,1,10.0
115,20s,2,44,15.298000000000002,3.711999999999989,1,10.0
115,20s,2,45,0.2880000000000109,0.0359999999999445,0,10.0
115,20s,2,47,1.4180000000000064,0.1660000000000536,0,10.0
115,20s,2,49,0.5920000000000982,0.1519999999999299,0,10.0
115,20s,2,51,15.581999999999994,2.7060000000000173,1,10.0
115,20s,2,52,16.370000000000005,2.0960000000000036,1,10.0
115,20s,2,53,11.99599999999998,7.361999999999966,1,10.0
115,20s,2,54,0.3380000000000791,0.1779999999999972,0,10.0
115,20s,2,56,0.1240000000000236,0.0679999999999836,0,10.0
115,20s,2,58,9.25799999999981,20.376000000000204,0,10.0
115,20s,2,59,0.3399999999999181,20.367999999999935,0,10.0
115,20s,2,60,0.4280000000001109,22.521999999999935,0,10.0
115,20s,2,61,1.61200000000008,20.576000000000025,0,10.0
115,20s,2,62,0.3460000000000036,21.98999999999978,0,10.0
115,20s,2,63,15.892000000000053,1.69600000000014,1,10.0
115,20s,2,64,16.57399999999984,2.576000000000022,1,10.0
115,20s,2,65,2.1520000000000437,0.0899999999999181,0,10.0
115,20s,2,67,0.41599999999994,20.289999999999964,0,10.0
115,20s,2,68,0.5480000000000018,20.2320000000002,0,10.0
115,20s,2,69,0.4199999999998454,20.26800000000003,0,10.0
115,20s,2,70,0.6220000000000709,0.1059999999999945,0,10.0
115,20s,2,72,17.8420000000001,2.074000000000069,1,10.0
115,20s,2,73,1.8179999999999836,20.639999999999873,0,10.0
115,20s,2,74,2.008000000000038,0.1739999999999781,0,10.0
115,20s,2,76,0.33400000000006,20.29599999999982,0,10.0
115,20s,2,77,0.36200000000008,20.864000000000033,0,10.0
115,20s,2,78,17.827999999999975,2.2899999999999636,1,10.0
115,20s,2,79,1.6259999999999764,23.17600000000016,0,10.0
115,20s,2,80,0.6879999999998745,0.1140000000000327,0,10.0
115,20s,2,82,0.0599999999999454,0.1320000000000618,0,10.0
115,20s,2,84,22.49199999999996,4.272000000000162,1,10.0
115,20s,2,85,4.073999999999842,0.0220000000001618,0,10.0
115,20s,2,87,0.3820000000000618,22.88799999999992,0,10.0
115,20s,2,88,1.25,20.340000000000146,0,10.0
115,20s,2,89,0.4220000000000254,21.365999999999985,0,10.0
115,20s,2,90,0.5119999999999436,23.62200000000007,0,10.0
115,20s,2,91,0.377999999999929,23.644000000000005,0,10.0
115,20s,2,92,1.0519999999999072,0.1359999999999672,0,10.0
115,20s,2,94,0.7000000000000455,22.289999999999964,0,10.0
115,20s,2,95,1.2560000000000855,0.1199999999998908,0,10.0
115,20s,2,97,18.384000000000015,2.828000000000202,1,10.0
115,20s,2,98,1.0399999999999636,0.1159999999999854,0,10.0
115,20s,2,100,13.697999999999864,2.0420000000001437,1,10.0
115,20s,2,101,1.7059999999999036,21.382000000000065,0,10.0
115,20s,2,102,0.2480000000000473,23.38199999999983,0,10.0
115,20s,2,103,13.320000000000164,3.259999999999991,1,10.0
115,20s,2,104,17.32199999999989,1.8179999999999836,1,10.0
115,20s,2,105,12.08400000000006,3.630000000000109,1,10.0
115,20s,2,106,19.14599999999996,3.237999999999829,1,10.0
115,20s,2,107,0.6400000000001,20.748000000000047,0,10.0
115,20s,2,108,13.52800000000002,2.1059999999999945,1,10.0
115,20s,2,109,2.2480000000000473,21.641999999999825,0,10.0
115,20s,2,110,0.4860000000001037,22.134000000000015,0,10.0
115,20s,2,111,0.4079999999999018,21.67600000000016,0,10.0
115,20s,2,112,15.433999999999967,0.0459999999998217,1,10.0
115,20s,2,113,0.0180000000000291,1.5760000000000218,0,10.0
115,20s,2,114,1.5760000000000218,22.37799999999993,0,10.0
115,20s,2,115,17.08199999999988,2.354000000000269,1,10.0
115,20s,2,116,11.68600000000015,1.981999999999971,1,10.0
115,20s,2,117,15.015999999999622,2.488000000000284,1,10.0
115,20s,2,118,15.840000000000146,,1,10.0
115,20s,3,1,0.1639999999999979,20.89,0,10.0
115,20s,3,2,19.825999999999993,3.446000000000012,1,10.0
115,20s,3,3,6.913999999999987,20.786,0,10.0
115,20s,3,4,17.552000000000007,1.852000000000004,1,10.0
115,20s,3,5,1.2399999999999949,21.147999999999996,0,10.0
115,20s,3,6,17.174000000000007,2.4679999999999893,1,10.0
115,20s,3,7,22.902000000000015,2.244,1,10.0
115,20s,3,8,20.25,4.281999999999982,1,10.0
115,20s,3,9,16.204000000000008,3.1640000000000157,1,10.0
115,20s,3,10,0.2439999999999997,21.365999999999985,0,10.0
115,20s,3,11,15.327999999999976,1.9040000000000532,1,10.0
115,20s,3,12,14.683999999999967,4.798000000000002,1,10.0
115,20s,3,13,11.675999999999988,2.8940000000000055,1,10.0
115,20s,3,14,2.759999999999991,20.700000000000045,0,10.0
115,20s,3,15,13.738,2.0839999999999463,1,10.0
115,20s,3,16,11.448000000000036,2.22199999999998,1,10.0
115,20s,3,17,6.713999999999999,21.444000000000017,0,10.0
115,20s,3,18,15.259999999999993,2.5300000000000296,1,10.0
115,20s,3,19,13.937999999999988,2.6259999999999764,1,10.0
115,20s,3,20,12.978000000000009,2.458000000000027,1,10.0
115,20s,3,21,0.4019999999999868,22.793999999999983,0,10.0
115,20s,3,22,0.3659999999999854,21.548,0,10.0
115,20s,3,23,15.680000000000009,2.1720000000000255,1,10.0
115,20s,3,24,13.374000000000024,3.381999999999948,1,10.0
115,20s,3,25,14.97199999999998,3.29200000000003,1,10.0
115,20s,3,26,1.977999999999952,0.1420000000000527,0,10.0
115,20s,3,28,15.672000000000024,2.4180000000000064,1,10.0
115,20s,3,29,10.90199999999993,2.0260000000000673,1,10.0
115,20s,3,30,0.5819999999999936,0.1059999999999945,0,10.0
115,20s,3,32,0.48599999999999,20.55200000000002,0,10.0
115,20s,3,33,16.482000000000085,1.5259999999999536,1,10.0
115,20s,3,34,15.871999999999955,2.7380000000000564,1,10.0
115,20s,3,35,15.799999999999956,3.8079999999999927,1,10.0
115,20s,3,36,10.894000000000004,1.8240000000000691,1,10.0
115,20s,3,37,15.757999999999925,1.910000000000082,1,10.0
115,20s,3,38,11.561999999999898,3.504000000000019,1,10.0
115,20s,3,39,2.4640000000000555,21.473999999999933,0,10.0
115,20s,3,40,14.596000000000004,2.29200000000003,1,10.0
115,20s,3,41,3.5779999999999745,20.684000000000083,0,10.0
115,20s,3,42,15.435999999999922,3.0020000000000664,1,10.0
115,20s,3,43,9.961999999999987,21.65599999999995,0,10.0
115,20s,3,44,17.557999999999993,2.0860000000000127,1,10.0
115,20s,3,45,13.596000000000004,4.600000000000023,1,10.0
115,20s,3,46,13.408000000000015,2.5699999999999363,1,10.0
115,20s,3,47,14.410000000000082,2.045999999999935,1,10.0
115,20s,3,48,3.4080000000000155,20.336000000000013,0,10.0
115,20s,3,49,0.4139999999999872,20.286000000000055,0,10.0
115,20s,3,50,0.9639999999999418,20.522000000000048,0,10.0
115,20s,3,51,17.548000000000002,2.7999999999999545,1,10.0
115,20s,3,52,16.403999999999996,2.745999999999981,1,10.0
115,20s,3,53,2.7180000000000746,22.475999999999885,0,10.0
115,20s,3,54,17.274000000000115,1.9919999999999616,1,10.0
115,20s,3,55,13.150000000000093,4.0,1,10.0
115,20s,3,56,1.6440000000000057,20.541999999999916,0,10.0
115,20s,3,57,15.026000000000067,3.477999999999838,1,10.0
115,20s,3,58,1.4800000000000182,22.46400000000017,0,10.0
115,20s,3,59,13.855999999999996,1.7980000000000018,1,10.0
115,20s,3,60,15.927999999999884,2.72199999999998,1,10.0
115,20s,3,61,2.5599999999999454,21.913999999999987,0,10.0
115,20s,3,62,17.838000000000193,2.538000000000011,1,10.0
115,20s,3,63,10.279999999999973,3.298000000000002,1,10.0
115,20s,3,64,14.435999999999922,2.4120000000000346,1,10.0
115,20s,3,65,0.2919999999999163,0.0679999999999836,0,10.0
115,20s,3,67,14.506000000000084,2.602000000000089,1,10.0
115,20s,3,68,12.566000000000033,2.0299999999999727,1,10.0
115,20s,3,69,12.273999999999887,2.4480000000000928,1,10.0
115,20s,3,70,11.077999999999976,2.9179999999998927,1,10.0
115,20s,3,71,12.779999999999973,3.9480000000000928,1,10.0
115,20s,3,72,12.907999999999902,3.908000000000129,1,10.0
115,20s,3,73,16.960000000000036,3.367999999999938,1,10.0
115,20s,3,74,13.561999999999898,3.2040000000001783,1,10.0
115,20s,3,75,13.319999999999936,7.498000000000047,1,10.0
115,20s,3,76,9.114000000000033,22.884000000000015,0,10.0
115,20s,3,77,13.00799999999981,3.846000000000003,1,10.0
115,20s,3,78,8.906000000000176,21.353999999999814,0,10.0
115,20s,3,79,17.662000000000035,2.5019999999999527,1,10.0
115,20s,3,80,12.498000000000047,2.740000000000009,1,10.0
115,20s,3,81,15.468000000000076,3.185999999999922,1,10.0
115,20s,3,82,15.004000000000133,3.321999999999889,1,10.0
115,20s,3,83,15.644000000000004,3.576000000000022,1,10.0
115,20s,3,84,0.3040000000000873,0.1019999999998617,0,10.0
115,20s,3,86,13.150000000000093,2.2940000000000964,1,10.0
115,20s,3,87,10.401999999999816,1.7080000000000837,1,10.0
115,20s,3,88,14.240000000000007,3.2339999999999236,1,10.0
115,20s,3,89,0.4280000000001109,0.11200000000008,0,10.0
115,20s,3,91,16.089999999999918,1.832000000000107,1,10.0
115,20s,3,92,13.42599999999993,1.77800000000002,1,10.0
115,20s,3,93,12.294000000000096,3.3159999999998035,1,10.0
115,20s,3,94,2.938000000000102,20.988000000000056,0,10.0
115,20s,3,95,17.083999999999833,3.408000000000129,1,10.0
115,20s,3,96,14.150000000000093,3.019999999999982,1,10.0
115,20s,3,97,9.567999999999984,21.24000000000001,0,10.0
115,20s,3,98,13.875999999999976,3.3339999999998327,1,10.0
115,20s,3,99,16.826000000000022,0.0380000000000109,1,10.0
115,20s,3,100,1.9780000000000657,0.1099999999998999,0,10.0
115,20s,3,102,16.326000000000022,1.94600000000014,1,10.0
115,20s,3,103,13.17599999999993,2.16800000000012,1,10.0
115,20s,3,104,0.321999999999889,0.0579999999999927,0,10.0
115,20s,3,106,17.311999999999898,4.622000000000071,1,10.0
115,20s,3,107,13.442000000000007,,1,10.0
115,20s,4,1,0.7959999999999994,0.1340000000000003,0,10.0
115,20s,4,3,15.995999999999997,2.201999999999998,1,10.0
115,20s,4,4,10.094000000000008,0.4440000000000026,1,10.0
115,20s,4,5,7.675999999999988,20.456000000000003,0,10.0
115,20s,4,6,0.2999999999999971,20.385999999999996,0,10.0
115,20s,4,7,22.610000000000017,2.9240000000000066,1,10.0
115,20s,4,8,14.293999999999984,2.1980000000000075,1,10.0
115,20s,4,9,17.445999999999998,1.8900000000000148,1,10.0
115,20s,4,10,16.159999999999997,6.5519999999999925,1,10.0
115,20s,4,11,19.28800000000001,3.2179999999999893,1,10.0
115,20s,4,12,14.668000000000006,1.554000000000002,1,10.0
115,20s,4,13,16.48599999999999,2.740000000000009,1,10.0
115,20s,4,14,15.029999999999973,2.890000000000043,1,10.0
115,20s,4,15,16.593999999999994,2.4879999999999995,1,10.0
115,20s,4,16,11.555999999999983,2.348000000000013,1,10.0
115,20s,4,17,10.593999999999994,3.947999999999979,1,10.0
115,20s,4,18,12.262,3.562000000000012,1,10.0
115,20s,4,19,0.7839999999999918,0.1000000000000227,0,10.0
115,20s,4,21,0.1679999999999495,0.1400000000000432,0,10.0
115,20s,4,23,12.716000000000008,2.3600000000000136,1,10.0
115,20s,4,24,8.98599999999999,20.420000000000016,0,10.0
115,20s,4,25,13.23599999999999,2.4399999999999977,1,10.0
115,20s,4,26,11.865999999999984,2.1160000000000423,1,10.0
115,20s,4,27,11.22399999999999,2.0679999999999836,1,10.0
115,20s,4,28,11.160000000000023,3.825999999999965,1,10.0
115,20s,4,29,11.199999999999989,3.3120000000000687,1,10.0
115,20s,4,30,8.767999999999915,24.242000000000075,0,10.0
115,20s,4,31,11.477999999999952,2.052000000000021,1,10.0
115,20s,4,32,13.30200000000002,2.2339999999999236,1,10.0
115,20s,4,33,9.704000000000065,20.611999999999966,0,10.0
115,20s,4,34,13.44399999999996,1.7700000000000955,1,10.0
115,20s,4,35,9.261999999999944,20.300000000000068,0,10.0
115,20s,4,36,16.0,1.38799999999992,1,10.0
115,20s,4,37,15.194000000000074,2.0299999999999727,1,10.0
115,20s,4,38,2.3700000000000045,20.446000000000023,0,10.0
115,20s,4,39,13.16599999999994,1.6259999999999764,1,10.0
115,20s,4,40,0.4500000000000455,0.1000000000000227,0,10.0
115,20s,4,42,13.279999999999973,0.1380000000000336,1,10.0
115,20s,4,43,1.2839999999999918,20.75,0,10.0
115,20s,4,44,1.1159999999999854,0.0960000000000036,0,10.0
115,20s,4,47,14.015999999999964,2.062000000000012,1,10.0
115,20s,4,48,2.6059999999999945,21.988000000000056,0,10.0
115,20s,4,49,9.97199999999998,22.15599999999995,0,10.0
115,20s,4,50,20.05600000000004,0.0480000000000018,1,10.0
115,20s,4,51,0.0219999999999345,2.9620000000001028,0,10.0
115,20s,4,52,13.620000000000005,1.089999999999918,1,10.0
115,20s,4,53,0.4800000000000182,0.0539999999999736,0,10.0
115,20s,4,55,13.591999999999985,4.11200000000008,1,10.0
115,20s,4,56,13.699999999999932,2.5720000000000027,1,10.0
115,20s,4,57,10.118000000000052,1.8640000000000327,1,10.0
115,20s,4,58,14.681999999999904,1.566000000000031,1,10.0
115,20s,4,59,2.231999999999971,0.1200000000000045,0,10.0
115,20s,4,62,1.254000000000019,0.0460000000000491,0,10.0
115,20s,4,65,12.599999999999907,1.6020000000000891,1,10.0
115,20s,4,66,13.77599999999984,1.740000000000009,1,10.0
115,20s,4,67,1.5579999999999927,21.248000000000047,0,10.0
115,20s,4,68,11.978000000000064,3.1979999999998654,1,10.0
115,20s,4,69,13.008000000000038,1.6639999999999873,1,10.0
115,20s,4,70,13.29600000000005,3.1900000000000546,1,10.0
115,20s,4,71,2.77800000000002,20.337999999999965,0,10.0
115,20s,4,72,14.433999999999967,2.5579999999999927,1,10.0
115,20s,4,73,17.423999999999978,1.9760000000001128,1,10.0
115,20s,4,74,10.539999999999964,5.559999999999945,1,10.0
115,20s,4,75,0.0499999999999545,0.1560000000001764,0,10.0
115,20s,4,77,10.41800000000012,1.481999999999971,1,10.0
115,20s,4,78,10.13000000000011,2.8519999999998618,1,10.0
115,20s,4,79,9.466000000000122,20.28599999999983,0,10.0
115,20s,4,80,12.355999999999996,2.0579999999999927,1,10.0
115,20s,4,81,10.460000000000036,2.754000000000133,1,10.0
115,20s,4,82,10.549999999999956,2.094000000000051,1,10.0
115,20s,4,83,9.751999999999953,20.917999999999893,0,10.0
115,20s,4,84,10.262000000000173,1.5219999999999343,1,10.0
115,20s,4,85,9.766000000000076,22.08199999999988,0,10.0
115,20s,4,86,13.928000000000113,3.6440000000000055,1,10.0
115,20s,4,87,15.579999999999927,2.316000000000031,1,10.0
115,20s,4,88,15.094000000000053,2.8859999999999673,1,10.0
115,20s,4,89,11.259999999999993,3.679999999999836,1,10.0
115,20s,4,90,10.206000000000133,1.7960000000000491,1,10.0
115,20s,4,91,12.521999999999936,2.6059999999999945,1,10.0
115,20s,4,92,3.425999999999931,23.026000000000067,0,10.0
115,20s,4,93,13.577999999999976,2.066000000000031,1,10.0
115,20s,4,94,11.442000000000007,3.2760000000000673,1,10.0
115,20s,4,95,11.394000000000004,3.5179999999998017,1,10.0
115,20s,4,96,11.060000000000173,3.4739999999999327,1,10.0
115,20s,4,97,9.566000000000033,23.17599999999993,0,10.0
115,20s,4,98,15.410000000000082,1.69399999999996,1,10.0
115,20s,4,99,16.5920000000001,4.177999999999884,1,10.0
115,20s,4,100,11.966000000000122,2.8099999999999454,1,10.0
115,20s,4,101,14.281999999999924,3.3700000000001182,1,10.0
115,20s,4,102,12.653999999999996,3.8659999999999854,1,10.0
115,20s,4,103,10.793999999999867,2.548000000000002,1,10.0
115,20s,4,104,10.910000000000082,3.3579999999999472,1,10.0
115,20s,4,105,10.021999999999936,2.048000000000002,1,10.0
115,20s,4,106,11.092000000000098,4.119999999999891,1,10.0
115,20s,4,107,8.128000000000156,21.200000000000045,0,10.0
115,20s,4,108,14.539999999999964,1.683999999999969,1,10.0
115,20s,4,109,18.864000000000033,2.5459999999998217,1,10.0
115,20s,4,110,13.114000000000033,2.895999999999958,1,10.0
115,20s,4,111,12.828000000000202,3.076000000000022,1,10.0
115,20s,4,112,10.503999999999904,2.6399999999998727,1,10.0
115,20s,4,113,17.754000000000133,,1,10.0
115,20s,5,1,10.660000000000004,2.686,1,10.0
115,20s,5,2,10.007999999999996,2.152000000000001,1,10.0
115,20s,5,3,10.096000000000004,3.73599999999999,1,10.0
115,20s,5,4,7.628,20.63600000000001,0,10.0
115,20s,5,5,14.38199999999999,2.834000000000003,1,10.0
115,20s,5,6,15.592,2.1059999999999945,1,10.0
115,20s,5,7,12.464,3.530000000000001,1,10.0
115,20s,5,8,13.204000000000008,1.646000000000015,1,10.0
115,20s,5,9,15.295999999999992,3.5319999999999823,1,10.0
115,20s,5,10,12.072000000000005,3.01400000000001,1,10.0
115,20s,5,11,13.931999999999988,3.213999999999998,1,10.0
115,20s,5,12,15.588000000000022,2.073999999999984,1,10.0
115,20s,5,13,11.108000000000004,1.7019999999999982,1,10.0
115,20s,5,14,12.182000000000016,1.608000000000004,1,10.0
115,20s,5,15,11.50799999999998,2.1759999999999877,1,10.0
115,20s,5,16,12.79200000000003,2.97199999999998,1,10.0
115,20s,5,17,9.69799999999998,20.420000000000016,0,10.0
115,20s,5,18,13.578000000000031,2.2819999999999823,1,10.0
115,20s,5,19,13.326000000000022,2.665999999999997,1,10.0
115,20s,5,20,13.70999999999998,2.5539999999999736,1,10.0
115,20s,5,21,13.344000000000053,2.075999999999965,1,10.0
115,20s,5,22,14.75400000000002,2.151999999999987,1,10.0
115,20s,5,23,12.189999999999998,3.569999999999993,1,10.0
115,20s,5,24,11.388000000000034,1.5399999999999636,1,10.0
115,20s,5,25,11.972000000000037,2.461999999999989,1,10.0
115,20s,5,26,6.317999999999984,20.579999999999984,0,10.0
115,20s,5,27,14.336000000000013,1.3659999999999854,1,10.0
115,20s,5,28,11.732000000000028,3.1920000000000073,1,10.0
115,20s,5,29,9.726,21.301999999999964,0,10.0
115,20s,5,30,10.34800000000007,2.1359999999999673,1,10.0
115,20s,5,31,10.009999999999993,1.7419999999999618,1,10.0
115,20s,5,32,10.80200000000002,3.1900000000000546,1,10.0
115,20s,5,33,5.155999999999949,0.1480000000000245,0,10.0
115,20s,5,35,14.057999999999993,2.074000000000069,1,10.0
115,20s,5,36,7.027999999999906,22.276000000000067,0,10.0
115,20s,5,37,13.315999999999915,1.4620000000001028,1,10.0
115,20s,5,38,12.021999999999936,1.54200000000003,1,10.0
115,20s,5,39,14.490000000000007,4.053999999999974,1,10.0
115,20s,5,40,11.118000000000052,2.2379999999999427,1,10.0
115,20s,5,41,10.714000000000055,2.1819999999999027,1,10.0
115,20s,5,42,10.992000000000075,1.8279999999999743,1,10.0
115,20s,5,43,10.607999999999947,2.15400000000011,1,10.0
115,20s,5,44,9.511999999999944,20.629999999999995,0,10.0
115,20s,5,45,13.738000000000056,1.8579999999999472,1,10.0
115,20s,5,46,10.177999999999995,3.296000000000049,1,10.0
115,20s,5,47,10.539999999999964,2.437999999999988,1,10.0
115,20s,5,48,10.45399999999995,2.4340000000000828,1,10.0
115,20s,5,49,9.959999999999924,20.488000000000056,0,10.0
115,20s,5,50,0.1539999999999963,21.289999999999964,0,10.0
115,20s,5,51,12.916000000000054,2.1720000000000255,1,10.0
115,20s,5,52,10.73599999999999,2.4279999999999973,1,10.0
115,20s,5,53,13.469999999999914,2.2420000000000755,1,10.0
115,20s,5,54,0.1440000000000054,0.1100000000000136,0,10.0
115,20s,5,56,9.96799999999996,21.152000000000044,0,10.0
115,20s,5,57,13.933999999999967,1.5439999999999827,1,10.0
115,20s,5,58,13.331999999999994,3.447999999999979,1,10.0
115,20s,5,59,8.594000000000051,0.1879999999999881,0,10.0
115,20s,5,61,12.710000000000036,2.931999999999789,1,10.0
115,20s,5,62,0.3960000000001855,0.1079999999999472,0,10.0
115,20s,5,64,12.485999999999876,2.0140000000001237,1,10.0
115,20s,5,65,10.317999999999984,2.88799999999992,1,10.0
115,20s,5,66,8.748000000000047,20.586000000000013,0,10.0
115,20s,5,67,0.2999999999999545,20.572000000000116,0,10.0
115,20s,5,68,13.124000000000024,2.6639999999999873,1,10.0
115,20s,5,69,8.83199999999988,20.440000000000055,0,10.0
115,20s,5,70,9.615999999999984,20.261999999999944,0,10.0
115,20s,5,71,12.63000000000011,0.8840000000000146,1,10.0
115,20s,5,72,1.2139999999999418,0.0460000000000491,0,10.0
115,20s,5,75,13.329999999999927,2.0779999999999745,1,10.0
115,20s,5,76,10.414000000000216,2.0839999999998327,1,10.0
115,20s,5,77,11.15800000000013,2.439999999999827,1,10.0
115,20s,5,78,9.951999999999998,20.702,0,10.0
115,20s,5,79,9.5,20.374000000000024,0,10.0
115,20s,5,80,9.923999999999978,21.37200000000007,0,10.0
115,20s,5,81,9.034000000000106,20.389999999999873,0,10.0
115,20s,5,82,15.292000000000144,2.3099999999999454,1,10.0
115,20s,5,83,16.557999999999993,9.281999999999924,1,10.0
115,20s,5,84,16.920000000000073,2.8640000000000327,1,10.0
115,20s,5,85,2.0239999999998872,21.807999999999993,0,10.0
115,20s,5,86,13.054000000000087,2.0879999999999654,1,10.0
115,20s,5,87,17.104000000000042,1.9139999999999873,1,10.0
115,20s,5,88,11.45399999999995,6.614000000000033,1,10.0
115,20s,5,89,13.524000000000116,3.0019999999999527,1,10.0
115,20s,5,90,9.69399999999996,22.11999999999989,0,10.0
115,20s,5,91,12.509999999999993,4.6180000000001655,1,10.0
115,20s,5,92,13.705999999999904,4.913999999999987,1,10.0
115,20s,5,93,9.789999999999964,20.375999999999976,0,10.0
115,20s,5,94,14.482000000000198,2.119999999999891,1,10.0
115,20s,5,95,15.788000000000013,1.832000000000107,1,10.0
115,20s,5,96,13.527999999999793,6.456000000000131,1,10.0
115,20s,5,97,16.730000000000018,5.779999999999973,1,10.0
115,20s,5,98,10.211999999999987,3.9120000000000346,1,10.0
115,20s,5,99,10.36999999999989,2.532000000000153,1,10.0
115,20s,5,100,12.048000000000002,2.3059999999998126,1,10.0
115,20s,5,101,10.384000000000016,3.0820000000001073,1,10.0
115,20s,5,102,10.162000000000036,8.057999999999993,1,10.0
115,20s,5,103,9.539999999999964,22.238000000000056,0,10.0
115,20s,5,104,10.323999999999842,4.266000000000076,1,10.0
115,20s,5,105,9.326000000000022,20.63799999999992,0,10.0
115,20s,5,106,11.858000000000176,,1,10.0
115,20s,6,1,5.115999999999996,20.35,0,10.0
115,20s,6,2,13.938000000000002,2.587999999999994,1,10.0
115,20s,6,3,9.912000000000006,20.444000000000003,0,10.0
115,20s,6,4,13.677999999999995,2.6380000000000052,1,10.0
115,20s,6,5,16.447999999999993,2.7220000000000084,1,10.0
115,20s,6,6,14.091999999999985,2.1779999999999973,1,10.0
115,20s,6,7,13.524,2.51400000000001,1,10.0
115,20s,6,8,15.036,3.6440000000000055,1,10.0
115,20s,6,9,15.054000000000002,1.8859999999999957,1,10.0
115,20s,6,10,11.159999999999997,2.837999999999994,1,10.0
115,20s,6,11,10.644000000000004,3.73599999999999,1,10.0
115,20s,6,12,11.165999999999997,1.9860000000000184,1,10.0
115,20s,6,13,11.346000000000004,2.923999999999978,1,10.0
115,20s,6,14,9.646000000000017,20.677999999999997,0,10.0
115,20s,6,15,11.896000000000017,2.1399999999999864,1,10.0
115,20s,6,16,9.524,20.613999999999976,0,10.0
115,20s,6,17,0.1000000000000227,20.49200000000002,0,10.0
115,20s,6,18,19.976,2.0579999999999927,1,10.0
115,20s,6,19,12.379999999999995,4.159999999999968,1,10.0
115,20s,6,20,12.584000000000003,3.4039999999999964,1,10.0
115,20s,6,21,10.692000000000007,1.77800000000002,1,10.0
115,20s,6,22,9.781999999999982,20.672000000000025,0,10.0
115,20s,6,23,12.661999999999978,2.584000000000003,1,10.0
115,20s,6,24,13.081999999999994,1.3420000000000414,1,10.0
115,20s,6,25,12.015999999999964,4.3940000000000055,1,10.0
115,20s,6,26,10.668000000000006,2.9640000000000555,1,10.0
115,20s,6,27,6.663999999999987,20.653999999999996,0,10.0
115,20s,6,28,0.1920000000000072,20.66999999999996,0,10.0
115,20s,6,29,12.508000000000038,1.4119999999999209,1,10.0
115,20s,6,30,3.896000000000072,0.1239999999999099,0,10.0
115,20s,6,32,0.0199999999999818,20.24000000000001,0,10.0
115,20s,6,33,12.511999999999944,2.25,1,10.0
115,20s,6,34,8.04200000000003,20.28800000000001,0,10.0
115,20s,6,35,12.446000000000026,1.5339999999999918,1,10.0
115,20s,6,36,8.172000000000025,20.293999999999983,0,10.0
115,20s,6,37,16.24000000000001,3.5539999999999736,1,10.0
115,20s,6,38,19.615999999999985,1.75,1,10.0
115,20s,6,39,19.382000000000065,3.391999999999939,1,10.0
115,20s,6,40,13.610000000000014,2.4980000000000473,1,10.0
115,20s,6,41,10.427999999999995,1.87399999999991,1,10.0
115,20s,6,42,9.846000000000004,20.322000000000003,0,10.0
115,20s,6,43,10.274,0.0679999999999836,1,10.0
115,20s,6,44,0.1040000000000418,22.153999999999996,0,10.0
115,20s,6,45,12.903999999999996,1.594000000000051,1,10.0
115,20s,6,46,11.289999999999964,2.70799999999997,1,10.0
115,20s,6,47,12.910000000000082,1.7399999999998954,1,10.0
115,20s,6,48,17.262000000000057,3.076000000000022,1,10.0
115,20s,6,49,10.477999999999952,2.0579999999999927,1,10.0
115,20s,6,50,11.494000000000028,3.3899999999999864,1,10.0
115,20s,6,51,9.844000000000053,20.452,0,10.0
115,20s,6,52,0.2819999999999254,20.307999999999993,0,10.0
115,20s,6,53,18.300000000000068,1.683999999999969,1,10.0
115,20s,6,54,12.498000000000047,3.4500000000000455,1,10.0
115,20s,6,55,13.429999999999836,2.201999999999998,1,10.0
115,20s,6,56,13.198000000000093,6.039999999999964,1,10.0
115,20s,6,57,11.481999999999973,4.33400000000006,1,10.0
115,20s,6,58,12.008000000000038,1.5119999999999436,1,10.0
115,20s,6,59,9.450000000000044,20.847999999999956,0,10.0
115,20s,6,60,12.082000000000107,1.6219999999998436,1,10.0
115,20s,6,61,14.258000000000038,0.0699999999999363,1,10.0
115,20s,6,62,0.2699999999999818,21.40000000000009,0,10.0
115,20s,6,63,17.3420000000001,1.3740000000000236,1,10.0
115,20s,6,64,13.015999999999847,1.7180000000000746,1,10.0
115,20s,6,65,13.91599999999994,3.0599999999999454,1,10.0
115,20s,6,66,15.266000000000076,1.72199999999998,1,10.0
115,20s,6,67,10.748000000000047,2.1059999999999945,1,10.0
115,20s,6,68,12.963999999999942,2.461999999999989,1,10.0
115,20s,6,69,8.874000000000024,21.519999999999985,0,10.0
115,20s,6,70,12.798000000000002,2.8500000000001364,1,10.0
115,20s,6,71,11.733999999999924,1.9680000000000744,1,10.0
115,20s,6,72,15.09199999999987,5.326000000000022,1,10.0
115,20s,6,73,12.534000000000106,2.6259999999999764,1,10.0
115,20s,6,74,8.56399999999985,20.432000000000016,0,10.0
115,20s,6,75,13.182000000000016,1.304000000000087,1,10.0
115,20s,6,76,11.134000000000016,1.9659999999998945,1,10.0
115,20s,6,77,14.368000000000166,3.9739999999999327,1,10.0
115,20s,6,78,13.663999999999987,1.7280000000000657,1,10.0
115,20s,6,79,10.011999999999944,2.844000000000051,1,10.0
115,20s,6,80,9.483999999999924,23.195999999999913,0,10.0
115,20s,6,81,10.16800000000012,2.6340000000000146,1,10.0
115,20s,6,82,11.864000000000033,2.1319999999998345,1,10.0
115,20s,6,83,10.246000000000096,2.8859999999999673,1,10.0
115,20s,6,84,10.731999999999973,2.908000000000129,1,10.0
115,20s,6,85,9.861999999999853,20.496000000000095,0,10.0
115,20s,6,86,10.39799999999991,2.5720000000001164,1,10.0
115,20s,6,87,10.145999999999958,3.018000000000029,1,10.0
115,20s,6,88,15.473999999999933,1.788000000000011,1,10.0
115,20s,6,89,14.29600000000005,2.0879999999999654,1,10.0
115,20s,6,90,10.392000000000053,1.7539999999999054,1,10.0
115,20s,6,91,0.0920000000000982,0.1179999999999381,0,10.0
115,20s,6,93,14.773999999999887,2.814000000000078,1,10.0
115,20s,6,94,1.759999999999991,20.340000000000146,0,10.0
115,20s,6,95,14.261999999999944,2.283999999999878,1,10.0
115,20s,6,96,15.792000000000144,2.8740000000000236,1,10.0
115,20s,6,97,13.907999999999902,4.125999999999976,1,10.0
115,20s,6,98,8.524000000000115,20.33199999999988,0,10.0
115,20s,6,99,10.586000000000013,1.816000000000031,1,10.0
115,20s,6,100,20.46199999999999,1.5340000000001055,1,10.0
115,20s,6,101,16.783999999999878,2.1639999999999873,1,10.0
115,20s,6,102,13.329999999999927,,1,10.0
