rat,group,session,trial,duration,iti,reinforced,criterion
87,20_LONG,1,1,8.835999999999999,0.012000000000000455,0,10.0
87,20_LONG,1,3,2.264000000000003,20.726,0,10.0
87,20_LONG,1,4,9.801999999999992,0.030000000000001137,0,10.0
87,20_LONG,1,6,22.555999999999997,2.225999999999999,1,10.0
87,20_LONG,1,7,1.391999999999996,0.0519999999999925,0,10.0
87,20_LONG,1,9,9.388000000000005,0.04400000000001114,0,10.0
87,20_LONG,1,11,0.41799999999997794,0.06200000000001182,0,10.0
87,20_LONG,1,13,26.807999999999993,1.7680000000000007,1,10.0
87,20_LONG,1,14,10.018,1.406000000000006,1,10.0
87,20_LONG,1,15,11.413999999999987,1.7200000000000273,1,10.0
87,20_LONG,1,16,10.21999999999997,0.06999999999999318,1,10.0
87,20_LONG,1,17,0.14200000000005275,21.251999999999953,0,10.0
87,20_LONG,1,18,17.593999999999994,3.230000000000018,1,10.0
87,20_LONG,1,19,0.057999999999992724,0.040000000000020464,0,10.0
87,20_LONG,1,21,13.504000000000019,1.7860000000000014,1,10.0
87,20_LONG,1,22,14.242000000000019,1.2419999999999618,1,10.0
87,20_LONG,1,23,13.760000000000048,1.2639999999999532,1,10.0
87,20_LONG,1,24,15.412000000000035,0.8519999999999754,1,10.0
87,20_LONG,1,25,16.33000000000004,1.2959999999999923,1,10.0
87,20_LONG,1,26,17.41999999999996,1.4879999999999995,1,10.0
87,20_LONG,1,27,13.78000000000003,1.2579999999999814,1,10.0
87,20_LONG,1,28,14.018000000000029,1.45799999999997,1,10.0
87,20_LONG,1,29,14.98599999999999,1.150000000000034,1,10.0
87,20_LONG,1,30,17.675999999999988,1.1020000000000323,1,10.0
87,20_LONG,1,31,14.086000000000013,6.3659999999999854,1,10.0
87,20_LONG,1,32,29.255999999999972,1.3640000000000327,1,10.0
87,20_LONG,1,33,9.894000000000005,26.801999999999907,0,10.0
87,20_LONG,1,34,15.772000000000048,2.08400000000006,1,10.0
87,20_LONG,1,35,14.761999999999944,1.1399999999999864,1,10.0
87,20_LONG,1,36,11.836000000000013,1.1900000000000546,1,10.0
87,20_LONG,1,37,15.121999999999957,1.1580000000000155,1,10.0
87,20_LONG,1,38,10.067999999999984,1.1219999999999573,1,10.0
87,20_LONG,1,39,12.980000000000018,0.04800000000000182,1,10.0
87,20_LONG,1,40,0.2680000000000291,20.966000000000008,0,10.0
87,20_LONG,1,41,15.341999999999985,1.3439999999999372,1,10.0
87,20_LONG,1,42,10.746000000000095,1.211999999999989,1,10.0
87,20_LONG,1,43,11.413999999999987,1.552000000000021,1,10.0
87,20_LONG,1,44,13.865999999999985,1.4220000000000255,1,10.0
87,20_LONG,1,45,11.17599999999993,1.622000000000071,1,10.0
87,20_LONG,1,46,12.111999999999966,1.3260000000000218,1,10.0
87,20_LONG,1,47,9.563999999999965,0.10400000000004184,0,10.0
87,20_LONG,1,49,13.632000000000062,1.2839999999999918,1,10.0
87,20_LONG,1,50,21.271999999999935,1.4420000000000073,1,10.0
87,20_LONG,1,51,13.608000000000061,1.3899999999999864,1,10.0
87,20_LONG,1,52,15.548000000000002,1.3500000000000227,1,10.0
87,20_LONG,1,53,15.149999999999977,1.22199999999998,1,10.0
87,20_LONG,1,54,15.875999999999976,1.3559999999999945,1,10.0
87,20_LONG,1,55,13.672000000000025,1.3799999999999955,1,10.0
87,20_LONG,1,56,0.053999999999973625,0.10000000000002274,0,10.0
87,20_LONG,1,58,0.08799999999996544,0.038000000000010914,0,10.0
87,20_LONG,1,60,17.43399999999997,1.3600000000000136,1,10.0
87,20_LONG,1,61,16.65199999999993,0.04399999999998272,1,10.0
87,20_LONG,1,62,0.39800000000002456,20.701999999999998,0,10.0
87,20_LONG,1,63,14.63000000000011,1.7439999999999145,1,10.0
87,20_LONG,1,64,17.798000000000002,2.3320000000001073,1,10.0
87,20_LONG,1,65,15.493999999999915,1.2860000000000582,1,10.0
87,20_LONG,1,66,15.153999999999996,1.0639999999998508,1,10.0
87,20_LONG,1,67,18.52800000000002,1.4039999999999964,1,10.0
87,20_LONG,1,68,22.812000000000126,1.2419999999999618,1,10.0
87,20_LONG,1,69,11.95399999999995,1.3579999999999472,1,10.0
87,20_LONG,1,70,14.172000000000025,2.1240000000000236,1,10.0
87,20_LONG,1,71,17.067999999999984,1.4519999999999982,1,10.0
87,20_LONG,1,72,15.347999999999956,1.8759999999999764,1,10.0
87,20_LONG,1,73,9.938000000000102,20.774000000000115,0,10.0
87,20_LONG,1,74,11.835999999999785,1.7280000000000655,1,10.0
87,20_LONG,1,75,14.110000000000127,1.4839999999999236,1,10.0
87,20_LONG,1,76,12.8900000000001,1.8679999999999382,1,10.0
87,20_LONG,1,77,11.039999999999964,2.5319999999999254,1,10.0
87,20_LONG,1,78,11.708000000000084,1.83199999999988,1,10.0
87,20_LONG,1,79,13.774000000000115,1.6539999999999964,1,10.0
87,20_LONG,1,80,12.071999999999889,1.4420000000000073,1,10.0
87,20_LONG,1,81,11.674000000000206,1.4559999999999036,1,10.0
87,20_LONG,1,82,12.27800000000002,2.2819999999999254,1,10.0
87,20_LONG,1,83,8.761999999999944,22.104000000000042,0,10.0
87,20_LONG,1,84,7.448000000000093,20.319999999999936,0,10.0
87,20_LONG,1,85,13.685999999999922,1.5920000000000982,1,10.0
87,20_LONG,1,86,15.45399999999995,0.03600000000005821,1,10.0
87,20_LONG,1,87,0.08200000000010732,1.1879999999998745,0,10.0
87,20_LONG,1,88,13.107999999999947,1.3379999999999654,1,10.0
87,20_LONG,1,89,14.605999999999995,1.8580000000001746,1,10.0
87,20_LONG,1,90,18.819999999999936,1.5640000000000782,1,10.0
87,20_LONG,1,91,14.577999999999975,1.5619999999998981,1,10.0
87,20_LONG,1,92,18.932000000000016,1.27800000000002,1,10.0
87,20_LONG,1,93,17.615999999999985,1.7360000000001037,1,10.0
87,20_LONG,1,94,21.20999999999981,1.6520000000000437,1,10.0
87,20_LONG,1,95,12.624000000000024,1.7480000000000473,1,10.0
87,20_LONG,1,96,15.64799999999991,1.3940000000000055,1,10.0
87,20_LONG,1,97,16.236000000000104,1.5779999999999745,1,10.0
87,20_LONG,1,98,17.25,1.3520000000000891,1,10.0
87,20_LONG,1,99,16.597999999999956,1.6040000000000418,1,10.0
87,20_LONG,1,100,13.3599999999999,1.5620000000001255,1,10.0
87,20_LONG,1,101,20.559999999999945,1.3659999999999854,1,10.0
87,20_LONG,1,102,15.720000000000027,1.759999999999991,1,10.0
87,20_LONG,1,103,21.645999999999958,1.3859999999999673,1,10.0
87,20_LONG,1,104,17.299999999999955,1.7019999999999982,1,10.0
87,20_LONG,1,105,19.88000000000011,1.6959999999999127,1,10.0
87,20_LONG,1,106,25.180000000000064,1.7739999999998872,1,10.0
87,20_LONG,1,107,18.080000000000155,1.711999999999989,1,10.0
87,20_LONG,1,108,19.412000000000035,1.5059999999998581,1,10.0
87,20_LONG,1,109,6.888000000000147,0.11799999999993815,0,10.0
87,20_LONG,1,111,15.54600000000005,,1,10.0
87,20_LONG,2,1,4.380000000000003,0.03200000000000358,0,10.0
87,20_LONG,2,3,1.5720000000000027,20.227999999999994,0,10.0
87,20_LONG,2,4,0.0660000000000025,0.006000000000000227,0,10.0
87,20_LONG,2,5,0.08799999999999386,0.0660000000000025,0,10.0
87,20_LONG,2,7,0.24799999999999045,0.13000000000000966,0,10.0
87,20_LONG,2,9,1.3859999999999957,21.572000000000017,0,10.0
87,20_LONG,2,10,2.4979999999999905,21.614000000000004,0,10.0
87,20_LONG,2,11,6.018000000000001,24.126000000000005,0,10.0
87,20_LONG,2,12,0.3100000000000023,0.04999999999998295,0,10.0
87,20_LONG,2,14,7.926000000000016,24.79600000000002,0,10.0
87,20_LONG,2,15,6.131999999999948,0.006000000000028649,0,10.0
87,20_LONG,2,16,0.23399999999998045,21.196000000000026,0,10.0
87,20_LONG,2,17,1.288000000000011,0.06999999999999318,0,10.0
87,20_LONG,2,19,0.3199999999999932,0.08999999999997499,0,10.0
87,20_LONG,2,21,1.3620000000000232,20.255999999999972,0,10.0
87,20_LONG,2,22,0.10400000000004184,0.06999999999999318,0,10.0
87,20_LONG,2,24,25.853999999999985,3.4639999999999986,1,10.0
87,20_LONG,2,25,22.52600000000001,2.6960000000000264,1,10.0
87,20_LONG,2,26,14.937999999999988,1.2860000000000014,1,10.0
87,20_LONG,2,27,12.899999999999977,1.3900000000000432,1,10.0
87,20_LONG,2,28,15.003999999999962,1.3740000000000236,1,10.0
87,20_LONG,2,29,16.94399999999996,1.740000000000009,1,10.0
87,20_LONG,2,30,12.268000000000029,1.170000000000016,1,10.0
87,20_LONG,2,31,11.007999999999925,1.4380000000001019,1,10.0
87,20_LONG,2,32,11.261999999999944,1.2759999999999536,1,10.0
87,20_LONG,2,33,8.198000000000093,0.10999999999989996,0,10.0
87,20_LONG,2,35,19.8660000000001,2.437999999999988,1,10.0
87,20_LONG,2,36,16.50999999999999,2.0799999999999272,1,10.0
87,20_LONG,2,37,13.009999999999991,1.8280000000000882,1,10.0
87,20_LONG,2,38,15.367999999999938,1.5299999999999727,1,10.0
87,20_LONG,2,39,17.068000000000097,1.4359999999999218,1,10.0
87,20_LONG,2,40,18.466000000000008,2.036000000000058,1,10.0
87,20_LONG,2,41,14.339999999999918,1.5500000000000682,1,10.0
87,20_LONG,2,42,14.696000000000026,1.2059999999999036,1,10.0
87,20_LONG,2,43,15.886000000000081,1.5119999999999436,1,10.0
87,20_LONG,2,44,21.374000000000024,1.3079999999999927,1,10.0
87,20_LONG,2,45,18.529999999999973,1.54200000000003,1,10.0
87,20_LONG,2,46,22.625999999999976,1.886000000000081,1,10.0
87,20_LONG,2,47,14.798000000000002,2.183999999999969,1,10.0
87,20_LONG,2,48,19.172000000000025,1.6459999999999582,1,10.0
87,20_LONG,2,49,17.751999999999953,1.2420000000000755,1,10.0
87,20_LONG,2,50,15.713999999999942,1.6140000000000327,1,10.0
87,20_LONG,2,51,18.908000000000015,1.641999999999939,1,10.0
87,20_LONG,2,52,18.63600000000008,1.69399999999996,1,10.0
87,20_LONG,2,53,24.460000000000036,1.76400000000001,1,10.0
87,20_LONG,2,54,0.14999999999997726,0.02800000000002001,0,10.0
87,20_LONG,2,56,27.83000000000004,0.05200000000002092,1,10.0
87,20_LONG,2,57,0.09600000000000364,27.755999999999972,0,10.0
87,20_LONG,2,58,29.680000000000064,1.849999999999909,1,10.0
87,20_LONG,2,59,2.880000000000109,20.235999999999876,0,10.0
87,20_LONG,2,60,10.251999999999953,2.258000000000038,1,10.0
87,20_LONG,2,61,21.076000000000022,1.5879999999999654,1,10.0
87,20_LONG,2,62,20.71199999999999,1.8520000000000891,1,10.0
87,20_LONG,2,63,22.87799999999993,2.122000000000071,1,10.0
87,20_LONG,2,64,18.299999999999955,1.2699999999999818,1,10.0
87,20_LONG,2,65,21.65000000000009,1.6859999999999218,1,10.0
87,20_LONG,2,66,15.04600000000005,1.4859999999998763,1,10.0
87,20_LONG,2,67,22.552000000000135,1.3299999999999272,1,10.0
87,20_LONG,2,68,25.276000000000067,1.627999999999929,1,10.0
87,20_LONG,2,69,19.17800000000011,2.27599999999984,1,10.0
87,20_LONG,2,70,0.18200000000001637,0.07400000000006912,0,10.0
87,20_LONG,2,72,27.392000000000053,2.589999999999918,1,10.0
87,20_LONG,2,73,22.475999999999885,1.9240000000002055,1,10.0
87,20_LONG,2,74,34.84999999999991,1.1900000000000546,1,10.0
87,20_LONG,2,75,19.843999999999824,1.7420000000001892,1,10.0
87,20_LONG,2,76,17.874000000000024,2.0939999999998236,1,10.0
87,20_LONG,2,77,12.865999999999985,1.30600000000004,1,10.0
87,20_LONG,2,78,16.06600000000003,1.4580000000000837,1,10.0
87,20_LONG,2,79,16.029999999999973,1.4700000000000273,1,10.0
87,20_LONG,2,80,17.975999999999885,1.4980000000000473,1,10.0
87,20_LONG,2,81,19.837999999999965,1.5720000000001164,1,10.0
87,20_LONG,2,82,25.861999999999853,0.06400000000007822,1,10.0
87,20_LONG,2,83,0.05600000000004002,20.223999999999933,0,10.0
87,20_LONG,2,84,0.041999999999916326,0.05400000000008731,0,10.0
87,20_LONG,2,86,25.375999999999976,1.4580000000000837,1,10.0
87,20_LONG,2,87,26.52800000000002,3.1800000000000637,1,10.0
87,20_LONG,2,88,24.579999999999927,1.5080000000000382,1,10.0
87,20_LONG,2,89,18.957999999999856,1.6720000000000255,1,10.0
87,20_LONG,2,90,20.557999999999993,1.316000000000031,1,10.0
87,20_LONG,2,91,14.473999999999933,1.6160000000002128,1,10.0
87,20_LONG,2,92,23.579999999999927,2.41599999999994,1,10.0
87,20_LONG,2,93,18.173999999999978,0.08600000000001273,1,10.0
87,20_LONG,2,94,0.05999999999994543,20.451999999999998,0,10.0
87,20_LONG,2,95,0.07600000000002183,0.08600000000001273,0,10.0
87,20_LONG,2,97,30.309999999999945,1.8179999999999836,1,10.0
87,20_LONG,2,98,21.059999999999945,1.518000000000029,1,10.0
87,20_LONG,2,99,17.748000000000047,1.36200000000008,1,10.0
87,20_LONG,2,100,14.9699999999998,0.06200000000012551,1,10.0
87,20_LONG,2,101,0.06600000000003092,21.27800000000002,0,10.0
87,20_LONG,2,102,23.567999999999984,1.5460000000000491,1,10.0
87,20_LONG,2,103,24.163999999999987,1.4079999999999018,1,10.0
87,20_LONG,2,104,19.930000000000064,1.5239999999998872,1,10.0
87,20_LONG,2,105,21.64800000000014,2.009999999999991,1,10.0
87,20_LONG,2,106,19.187999999999874,1.9080000000001291,1,10.0
87,20_LONG,2,107,14.983999999999924,1.7300000000000182,1,10.0
87,20_LONG,2,108,16.355999999999767,1.518000000000029,1,10.0
87,20_LONG,2,109,18.0,1.8200000000001637,1,10.0
87,20_LONG,2,110,19.59400000000005,2.2280000000000655,1,10.0
87,20_LONG,2,111,27.221999999999753,1.5620000000003529,1,10.0
87,20_LONG,2,112,0.3979999999996835,0.016000000000076398,0,10.0
87,20_LONG,2,114,28.291999999999916,1.4839999999999236,1,10.0
87,20_LONG,2,115,37.297999999999774,,1,10.0
87,20_LONG,3,1,14.389999999999997,2.3640000000000043,1,10.0
87,20_LONG,3,2,12.613999999999997,1.8740000000000023,1,10.0
87,20_LONG,3,3,12.393999999999998,2.147999999999996,1,10.0
87,20_LONG,3,4,10.100000000000009,3.3559999999999945,1,10.0
87,20_LONG,3,5,9.475999999999999,20.174000000000007,0,10.0
87,20_LONG,3,6,14.315999999999988,2.2040000000000077,1,10.0
87,20_LONG,3,7,10.816000000000003,1.6680000000000064,1,10.0
87,20_LONG,3,8,9.858000000000004,23.591999999999985,0,10.0
87,20_LONG,3,9,11.653999999999996,1.8900000000000148,1,10.0
87,20_LONG,3,10,13.635999999999996,1.431999999999988,1,10.0
87,20_LONG,3,11,0.8720000000000141,0.015999999999991132,0,10.0
87,20_LONG,3,13,16.445999999999998,1.7420000000000186,1,10.0
87,20_LONG,3,14,18.75399999999999,1.920000000000016,1,10.0
87,20_LONG,3,15,13.407999999999959,1.3880000000000337,1,10.0
87,20_LONG,3,16,17.017999999999972,1.7340000000000373,1,10.0
87,20_LONG,3,17,11.699999999999989,1.2819999999999823,1,10.0
87,20_LONG,3,18,15.072000000000003,1.7440000000000282,1,10.0
87,20_LONG,3,19,10.192000000000007,7.371999999999957,1,10.0
87,20_LONG,3,20,16.069999999999993,1.8780000000000427,1,10.0
87,20_LONG,3,21,13.125999999999976,2.132000000000005,1,10.0
87,20_LONG,3,22,16.005999999999972,1.914000000000044,1,10.0
87,20_LONG,3,23,14.990000000000009,2.5459999999999923,1,10.0
87,20_LONG,3,24,13.435999999999979,1.6000000000000227,1,10.0
87,20_LONG,3,25,12.013999999999953,3.8460000000000036,1,10.0
87,20_LONG,3,26,15.475999999999999,1.400000000000034,1,10.0
87,20_LONG,3,27,16.783999999999992,1.6759999999999877,1,10.0
87,20_LONG,3,28,15.701999999999998,1.4580000000000268,1,10.0
87,20_LONG,3,29,25.64199999999994,0.05200000000002092,1,10.0
87,20_LONG,3,30,0.15200000000004366,20.192000000000007,0,10.0
87,20_LONG,3,31,17.533999999999992,2.0219999999999345,1,10.0
87,20_LONG,3,32,14.328000000000088,1.495999999999981,1,10.0
87,20_LONG,3,33,12.829999999999927,1.566000000000031,1,10.0
87,20_LONG,3,34,12.108000000000061,1.4739999999999327,1,10.0
87,20_LONG,3,35,12.710000000000036,1.19399999999996,1,10.0
87,20_LONG,3,36,12.994000000000028,1.3840000000000146,1,10.0
87,20_LONG,3,37,17.30200000000002,1.9099999999999682,1,10.0
87,20_LONG,3,38,11.658000000000015,1.5059999999999718,1,10.0
87,20_LONG,3,39,11.577999999999975,4.128000000000043,1,10.0
87,20_LONG,3,40,13.874000000000024,1.5839999999999463,1,10.0
87,20_LONG,3,41,15.317999999999984,1.8120000000000118,1,10.0
87,20_LONG,3,42,14.110000000000014,1.433999999999969,1,10.0
87,20_LONG,3,43,11.08800000000008,1.3999999999999773,1,10.0
87,20_LONG,3,44,11.701999999999998,1.29200000000003,1,10.0
87,20_LONG,3,45,8.519999999999982,20.355999999999995,0,10.0
87,20_LONG,3,46,11.980000000000018,1.9379999999999882,1,10.0
87,20_LONG,3,47,15.922000000000025,1.3619999999999663,1,10.0
87,20_LONG,3,48,14.758000000000038,2.2859999999999445,1,10.0
87,20_LONG,3,49,13.927999999999997,1.4039999999999964,1,10.0
87,20_LONG,3,50,0.21199999999998909,0.06799999999998363,0,10.0
87,20_LONG,3,52,0.31799999999998363,0.03199999999992542,0,10.0
87,20_LONG,3,55,13.399999999999977,1.9060000000000628,1,10.0
87,20_LONG,3,56,14.505999999999972,1.183999999999969,1,10.0
87,20_LONG,3,57,9.164000000000101,17.421999999999912,0,10.0
87,20_LONG,3,59,12.011999999999944,2.1400000000001,1,10.0
87,20_LONG,3,60,14.809999999999945,2.2519999999999527,1,10.0
87,20_LONG,3,61,15.8900000000001,2.421999999999912,1,10.0
87,20_LONG,3,62,16.92599999999993,1.4020000000000437,1,10.0
87,20_LONG,3,63,12.662000000000035,1.7980000000000018,1,10.0
87,20_LONG,3,64,16.124000000000024,0.049999999999954525,1,10.0
87,20_LONG,3,65,0.11400000000003274,20.6400000000001,0,10.0
87,20_LONG,3,66,17.48199999999997,1.5359999999998308,1,10.0
87,20_LONG,3,67,15.768000000000029,0.06600000000003092,1,10.0
87,20_LONG,3,68,0.08799999999996544,21.938000000000102,0,10.0
87,20_LONG,3,69,17.195999999999913,0.03999999999996362,1,10.0
87,20_LONG,3,70,0.17600000000015825,21.47199999999998,0,10.0
87,20_LONG,3,71,21.950000000000045,2.1779999999998836,1,10.0
87,20_LONG,3,72,18.572000000000116,1.6519999999998163,1,10.0
87,20_LONG,3,73,17.014000000000124,1.4300000000000637,1,10.0
87,20_LONG,3,74,18.3599999999999,1.5899999999999181,1,10.0
87,20_LONG,3,75,17.23400000000015,1.55600000000004,1,10.0
87,20_LONG,3,76,11.505999999999858,1.52800000000002,1,10.0
87,20_LONG,3,77,19.124000000000024,1.9220000000000255,1,10.0
87,20_LONG,3,78,10.066000000000031,1.6159999999999854,1,10.0
87,20_LONG,3,79,10.483999999999924,2.269999999999982,1,10.0
87,20_LONG,3,80,17.96400000000017,1.5639999999998508,1,10.0
87,20_LONG,3,81,12.812000000000126,1.7019999999999982,1,10.0
87,20_LONG,3,82,15.230000000000018,4.481999999999971,1,10.0
87,20_LONG,3,83,17.283999999999878,1.86200000000008,1,10.0
87,20_LONG,3,84,9.435999999999922,21.986000000000104,0,10.0
87,20_LONG,3,85,16.874000000000024,1.5119999999999436,1,10.0
87,20_LONG,3,86,15.145999999999958,0.11400000000003274,1,10.0
87,20_LONG,3,87,0.08400000000006003,21.182000000000016,0,10.0
87,20_LONG,3,88,18.753999999999905,1.5119999999999436,1,10.0
87,20_LONG,3,89,18.638000000000147,2.1059999999999945,1,10.0
87,20_LONG,3,90,19.069999999999936,2.0920000000000982,1,10.0
87,20_LONG,3,91,16.213999999999942,1.3599999999999,1,10.0
87,20_LONG,3,92,18.190000000000055,1.3279999999999745,1,10.0
87,20_LONG,3,93,14.029999999999973,1.8859999999999673,1,10.0
87,20_LONG,3,94,13.279999999999973,0.04600000000004911,1,10.0
87,20_LONG,3,95,0.13800000000014734,20.71199999999999,0,10.0
87,20_LONG,3,96,17.945999999999913,2.104000000000042,1,10.0
87,20_LONG,3,97,20.31600000000003,1.4939999999999145,1,10.0
87,20_LONG,3,98,14.144000000000005,1.6579999999999018,1,10.0
87,20_LONG,3,99,13.484000000000151,1.4839999999999236,1,10.0
87,20_LONG,3,100,13.642000000000053,1.69399999999996,1,10.0
87,20_LONG,3,101,11.004000000000133,1.9099999999998545,1,10.0
87,20_LONG,3,102,11.670000000000073,1.6340000000000146,1,10.0
87,20_LONG,3,103,15.031999999999925,1.9320000000000164,1,10.0
87,20_LONG,3,104,13.942000000000007,1.7799999999999727,1,10.0
87,20_LONG,3,105,16.223999999999933,,1,10.0
87,20_LONG,4,1,6.554000000000002,23.605999999999995,0,10.0
87,20_LONG,4,2,10.281999999999996,2.162000000000006,1,10.0
87,20_LONG,4,3,9.835999999999999,21.245999999999995,0,10.0
87,20_LONG,4,4,16.938000000000002,1.9220000000000113,1,10.0
87,20_LONG,4,5,10.367999999999995,1.8460000000000036,1,10.0
87,20_LONG,4,6,16.162000000000006,1.6399999999999864,1,10.0
87,20_LONG,4,7,12.97399999999999,1.2379999999999995,1,10.0
87,20_LONG,4,8,12.358000000000004,1.302000000000021,1,10.0
87,20_LONG,4,9,9.009999999999991,0.06399999999999295,0,10.0
87,20_LONG,4,11,10.919999999999987,1.1760000000000161,1,10.0
87,20_LONG,4,12,13.685999999999979,1.3880000000000052,1,10.0
87,20_LONG,4,13,14.201999999999998,1.4440000000000168,1,10.0
87,20_LONG,4,14,14.663999999999987,1.288000000000011,1,10.0
87,20_LONG,4,15,14.019999999999982,1.4159999999999968,1,10.0
87,20_LONG,4,16,13.545999999999992,1.55600000000004,1,10.0
87,20_LONG,4,17,18.851999999999975,1.0559999999999832,1,10.0
87,20_LONG,4,18,13.060000000000002,1.136000000000024,1,10.0
87,20_LONG,4,19,12.29000000000002,1.4419999999999504,1,10.0
87,20_LONG,4,20,9.620000000000005,21.97800000000001,0,10.0
87,20_LONG,4,21,11.886000000000024,2.027999999999963,1,10.0
87,20_LONG,4,22,4.938000000000045,21.117999999999995,0,10.0
87,20_LONG,4,23,12.555999999999983,1.5299999999999727,1,10.0
87,20_LONG,4,24,15.462000000000046,1.343999999999994,1,10.0
87,20_LONG,4,25,11.824000000000012,1.5019999999999527,1,10.0
87,20_LONG,4,26,13.474000000000046,1.4319999999999595,1,10.0
87,20_LONG,4,27,14.948000000000036,2.0679999999999836,1,10.0
87,20_LONG,4,28,13.860000000000014,1.7059999999999604,1,10.0
87,20_LONG,4,29,11.002000000000066,1.3700000000000045,1,10.0
87,20_LONG,4,30,15.635999999999967,1.891999999999939,1,10.0
87,20_LONG,4,31,12.184000000000083,0.05999999999994543,1,10.0
87,20_LONG,4,32,0.07200000000000273,21.145999999999958,0,10.0
87,20_LONG,4,33,15.590000000000032,1.8559999999999945,1,10.0
87,20_LONG,4,34,11.245999999999981,1.5480000000000018,1,10.0
87,20_LONG,4,35,11.974000000000046,0.022000000000048203,1,10.0
87,20_LONG,4,36,0.03999999999996362,1.9399999999999409,0,10.0
87,20_LONG,4,37,20.88600000000008,1.3679999999999382,1,10.0
87,20_LONG,4,38,13.314000000000078,1.225999999999999,1,10.0
87,20_LONG,4,39,14.649999999999977,0.10399999999992815,1,10.0
87,20_LONG,4,40,0.12400000000002365,20.687999999999988,0,10.0
87,20_LONG,4,41,14.232000000000085,1.3119999999998981,1,10.0
87,20_LONG,4,42,13.148000000000025,1.51400000000001,1,10.0
87,20_LONG,4,43,16.80200000000002,1.8339999999999463,1,10.0
87,20_LONG,4,44,15.176000000000045,1.254000000000019,1,10.0
87,20_LONG,4,45,10.43999999999994,0.05600000000004002,1,10.0
87,20_LONG,4,46,0.12999999999999545,20.812000000000012,0,10.0
87,20_LONG,4,47,13.966000000000008,1.2440000000000282,1,10.0
87,20_LONG,4,48,15.405999999999949,0.04800000000000182,1,10.0
87,20_LONG,4,49,0.20600000000001728,21.19799999999998,0,10.0
87,20_LONG,4,50,9.632000000000062,20.671999999999912,0,10.0
87,20_LONG,4,51,7.283999999999992,20.946000000000026,0,10.0
87,20_LONG,4,52,16.976,0.038000000000010914,1,10.0
87,20_LONG,4,53,0.12999999999999545,0.15399999999999636,0,10.0
87,20_LONG,4,55,25.100000000000023,1.7699999999999818,1,10.0
87,20_LONG,4,56,19.305999999999926,1.4340000000000828,1,10.0
87,20_LONG,4,57,17.88799999999992,1.4940000000000282,1,10.0
87,20_LONG,4,58,17.307999999999993,1.3859999999999673,1,10.0
87,20_LONG,4,59,16.750000000000114,1.4559999999999036,1,10.0
87,20_LONG,4,60,15.034000000000106,1.2439999999999145,1,10.0
87,20_LONG,4,61,14.938000000000102,1.8079999999999927,1,10.0
87,20_LONG,4,62,16.391999999999825,1.22199999999998,1,10.0
87,20_LONG,4,63,16.076000000000022,2.05600000000004,1,10.0
87,20_LONG,4,64,22.44600000000014,1.288000000000011,1,10.0
87,20_LONG,4,65,18.281999999999925,1.293999999999869,1,10.0
87,20_LONG,4,66,13.96400000000017,1.4139999999999873,1,10.0
87,20_LONG,4,67,18.233999999999924,1.5140000000001237,1,10.0
87,20_LONG,4,68,20.74000000000001,1.0319999999999254,1,10.0
87,20_LONG,4,69,20.41599999999994,1.127999999999929,1,10.0
87,20_LONG,4,70,15.222000000000207,2.1039999999998145,1,10.0
87,20_LONG,4,71,17.8420000000001,1.7039999999999509,1,10.0
87,20_LONG,4,72,23.698000000000093,1.3640000000000327,1,10.0
87,20_LONG,4,73,14.579999999999927,1.44399999999996,1,10.0
87,20_LONG,4,74,0.5140000000001237,0.03799999999978354,0,10.0
87,20_LONG,4,76,10.55600000000004,1.2360000000001037,1,10.0
87,20_LONG,4,77,17.634000000000015,1.8899999999998727,1,10.0
87,20_LONG,4,78,16.864000000000033,1.6900000000000546,1,10.0
87,20_LONG,4,79,12.342000000000098,1.5939999999998236,1,10.0
87,20_LONG,4,80,17.597999999999956,1.300000000000182,1,10.0
87,20_LONG,4,81,0.14199999999982538,0.040000000000190994,0,10.0
87,20_LONG,4,83,8.77800000000002,20.355999999999995,0,10.0
87,20_LONG,4,84,18.104000000000042,1.5240000000001146,1,10.0
87,20_LONG,4,85,17.311999999999898,0.0340000000001055,1,10.0
87,20_LONG,4,86,0.08999999999991815,0.05199999999990723,0,10.0
87,20_LONG,4,89,17.980000000000018,1.1720000000000255,1,10.0
87,20_LONG,4,90,17.67599999999993,1.5160000000000764,1,10.0
87,20_LONG,4,91,25.357999999999947,1.5879999999999654,1,10.0
87,20_LONG,4,92,20.478000000000065,1.316000000000031,1,10.0
87,20_LONG,4,93,18.87999999999988,1.3940000000000055,1,10.0
87,20_LONG,4,94,21.003999999999905,1.8920000000000528,1,10.0
87,20_LONG,4,95,15.420000000000073,1.1199999999998909,1,10.0
87,20_LONG,4,96,18.438000000000102,1.3959999999999582,1,10.0
87,20_LONG,4,97,22.483999999999924,0.08000000000015461,1,10.0
87,20_LONG,4,98,0.2580000000000382,20.82199999999989,0,10.0
87,20_LONG,4,99,13.720000000000027,1.36200000000008,1,10.0
87,20_LONG,4,100,22.021999999999935,1.0879999999999654,1,10.0
87,20_LONG,4,101,22.279999999999973,2.504000000000133,1,10.0
87,20_LONG,4,102,23.326000000000022,0.07999999999992724,1,10.0
87,20_LONG,4,103,0.07600000000002183,21.51800000000003,0,10.0
87,20_LONG,4,104,11.874000000000024,1.293999999999869,1,10.0
87,20_LONG,4,105,18.284000000000106,1.24799999999982,1,10.0
87,20_LONG,4,106,13.934000000000196,1.6119999999998527,1,10.0
87,20_LONG,4,107,15.413999999999987,,1,10.0
87,20_LONG,5,1,0.30600000000000094,20.872,0,10.0
87,20_LONG,5,2,8.938000000000002,20.741999999999997,0,10.0
87,20_LONG,5,3,15.662000000000006,1.563999999999993,1,10.0
87,20_LONG,5,4,9.944000000000003,0.20199999999999818,0,10.0
87,20_LONG,5,6,10.924000000000007,1.6059999999999945,1,10.0
87,20_LONG,5,7,11.068000000000012,1.843999999999994,1,10.0
87,20_LONG,5,8,10.307999999999993,1.274000000000001,1,10.0
87,20_LONG,5,9,12.638000000000005,1.5560000000000116,1,10.0
87,20_LONG,5,10,12.211999999999989,1.3600000000000136,1,10.0
87,20_LONG,5,11,0.10999999999998522,0.014000000000010004,0,10.0
87,20_LONG,5,13,8.368000000000023,22.21599999999998,0,10.0
87,20_LONG,5,14,12.636000000000024,1.9119999999999777,1,10.0
87,20_LONG,5,15,8.446000000000026,20.47199999999998,0,10.0
87,20_LONG,5,16,11.565999999999974,1.6020000000000323,1,10.0
87,20_LONG,5,17,12.725999999999999,1.6680000000000064,1,10.0
87,20_LONG,5,18,21.99599999999998,1.6620000000000346,1,10.0
87,20_LONG,5,19,10.993999999999971,1.4920000000000186,1,10.0
87,20_LONG,5,20,14.01400000000001,1.4399999999999977,1,10.0
87,20_LONG,5,21,12.935999999999979,1.4839999999999804,1,10.0
87,20_LONG,5,22,14.626000000000033,1.103999999999985,1,10.0
87,20_LONG,5,23,13.99799999999999,0.04599999999999227,1,10.0
87,20_LONG,5,24,0.07200000000000273,1.2479999999999905,0,10.0
87,20_LONG,5,25,14.230000000000018,1.22199999999998,1,10.0
87,20_LONG,5,26,10.30400000000003,1.5500000000000114,1,10.0
87,20_LONG,5,27,11.48399999999998,2.5060000000000286,1,10.0
87,20_LONG,5,28,14.315999999999974,1.1440000000000055,1,10.0
87,20_LONG,5,29,10.620000000000005,1.627999999999986,1,10.0
87,20_LONG,5,30,15.072000000000003,1.3419999999999845,1,10.0
87,20_LONG,5,31,12.01600000000002,2.5260000000000105,1,10.0
87,20_LONG,5,32,12.269999999999982,1.3999999999999773,1,10.0
87,20_LONG,5,33,12.290000000000077,0.06599999999991724,1,10.0
87,20_LONG,5,34,0.14200000000005275,20.20399999999995,0,10.0
87,20_LONG,5,35,0.05000000000006821,0.08799999999996544,0,10.0
87,20_LONG,5,37,11.009999999999991,1.3220000000000027,1,10.0
87,20_LONG,5,38,13.355999999999995,1.1520000000000437,1,10.0
87,20_LONG,5,39,16.607999999999947,3.32000000000005,1,10.0
87,20_LONG,5,40,17.72199999999998,1.2559999999999718,1,10.0
87,20_LONG,5,41,3.6720000000000255,0.005999999999971806,0,10.0
87,20_LONG,5,42,0.6879999999999882,19.408000000000015,0,10.0
87,20_LONG,5,43,0.11800000000005184,0.053999999999973625,0,10.0
87,20_LONG,5,45,13.933999999999969,1.122000000000071,1,10.0
87,20_LONG,5,46,14.521999999999935,1.1900000000000546,1,10.0
87,20_LONG,5,47,22.43999999999994,1.6820000000000164,1,10.0
87,20_LONG,5,48,11.732000000000085,0.06599999999991724,1,10.0
87,20_LONG,5,49,0.08199999999999363,21.340000000000032,0,10.0
87,20_LONG,5,50,0.10000000000002274,0.009999999999990905,0,10.0
87,20_LONG,5,51,0.2820000000000391,20.041999999999916,0,10.0
87,20_LONG,5,52,17.392000000000053,1.254000000000019,1,10.0
87,20_LONG,5,53,26.079999999999927,1.4820000000000846,1,10.0
87,20_LONG,5,54,24.44399999999996,1.6760000000000446,1,10.0
87,20_LONG,5,55,16.517999999999915,1.5460000000000491,1,10.0
87,20_LONG,5,56,16.761999999999944,1.9360000000000355,1,10.0
87,20_LONG,5,57,15.392000000000053,1.3799999999999955,1,10.0
87,20_LONG,5,58,14.319999999999936,1.3400000000000318,1,10.0
87,20_LONG,5,59,19.92599999999993,1.7120000000001028,1,10.0
87,20_LONG,5,60,14.103999999999928,1.61200000000008,1,10.0
87,20_LONG,5,61,16.34599999999989,1.7180000000000746,1,10.0
87,20_LONG,5,62,14.323999999999955,0.06400000000007822,1,10.0
87,20_LONG,5,63,0.11999999999989086,20.309999999999945,0,10.0
87,20_LONG,5,64,17.300000000000182,0.035999999999830834,1,10.0
87,20_LONG,5,65,0.11200000000008004,21.16599999999994,0,10.0
87,20_LONG,5,66,13.592000000000098,1.61200000000008,1,10.0
87,20_LONG,5,67,13.185999999999922,1.3559999999999945,1,10.0
87,20_LONG,5,68,9.605999999999995,0.09600000000000364,0,10.0
87,20_LONG,5,70,15.83199999999988,1.2300000000000182,1,10.0
87,20_LONG,5,71,17.5,1.9300000000000637,1,10.0
87,20_LONG,5,72,15.940000000000055,0.09999999999990905,1,10.0
87,20_LONG,5,73,0.044000000000096406,20.995999999999867,0,10.0
87,20_LONG,5,74,16.857999999999947,1.3520000000000891,1,10.0
87,20_LONG,5,75,15.117999999999938,1.30600000000004,1,10.0
87,20_LONG,5,76,14.054000000000087,1.7039999999999509,1,10.0
87,20_LONG,5,77,20.051999999999907,1.3740000000000236,1,10.0
87,20_LONG,5,78,18.846000000000004,1.9320000000000164,1,10.0
87,20_LONG,5,79,16.743999999999915,1.66800000000012,1,10.0
87,20_LONG,5,80,10.867999999999938,1.4800000000000182,1,10.0
87,20_LONG,5,81,18.48199999999997,1.36200000000008,1,10.0
87,20_LONG,5,82,13.92599999999993,1.4980000000000473,1,10.0
87,20_LONG,5,83,15.226000000000113,1.7399999999997817,1,10.0
87,20_LONG,5,84,15.626000000000204,1.9639999999999418,1,10.0
87,20_LONG,5,85,16.771999999999935,1.4519999999999982,1,10.0
87,20_LONG,5,86,16.142000000000053,1.4780000000000655,1,10.0
87,20_LONG,5,87,19.559999999999945,1.0619999999998981,1,10.0
87,20_LONG,5,88,15.25,1.4519999999999982,1,10.0
87,20_LONG,5,89,24.53800000000001,1.3940000000000055,1,10.0
87,20_LONG,5,90,18.83400000000006,1.6179999999999382,1,10.0
87,20_LONG,5,91,22.840000000000146,1.4079999999999018,1,10.0
87,20_LONG,5,92,16.93399999999997,1.3379999999999654,1,10.0
87,20_LONG,5,93,18.210000000000036,1.5240000000001146,1,10.0
87,20_LONG,5,94,20.6579999999999,0.08200000000010732,1,10.0
87,20_LONG,5,95,0.04800000000000182,20.241999999999962,0,10.0
87,20_LONG,5,96,14.731999999999971,1.4800000000000182,1,10.0
87,20_LONG,5,97,14.107999999999947,1.97199999999998,1,10.0
87,20_LONG,5,98,21.090000000000146,1.9459999999999127,1,10.0
87,20_LONG,5,99,20.392000000000053,1.5419999999999163,1,10.0
87,20_LONG,5,100,21.087999999999965,1.5160000000000764,1,10.0
87,20_LONG,5,101,15.55399999999986,1.6740000000002055,1,10.0
87,20_LONG,5,102,14.52599999999984,2.1259999999999764,1,10.0
87,20_LONG,5,103,17.364000000000033,1.5019999999999527,1,10.0
87,20_LONG,5,104,16.656000000000176,1.9959999999998672,1,10.0
87,20_LONG,5,105,18.432000000000016,1.8400000000001455,1,10.0
87,20_LONG,5,106,13.577999999999975,1.5339999999998781,1,10.0
87,20_LONG,5,107,16.312000000000126,1.66599999999994,1,10.0
87,20_LONG,5,108,16.201999999999998,,1,10.0
87,20_LONG,6,1,4.849999999999998,22.020000000000003,0,10.0
87,20_LONG,6,2,7.260000000000005,21.10799999999999,0,10.0
87,20_LONG,6,3,13.408000000000001,1.8299999999999983,1,10.0
87,20_LONG,6,4,11.38600000000001,1.3900000000000006,1,10.0
87,20_LONG,6,5,9.117999999999995,20.281999999999996,0,10.0
87,20_LONG,6,6,10.057999999999993,1.4039999999999964,1,10.0
87,20_LONG,6,7,10.958000000000027,1.3199999999999932,1,10.0
87,20_LONG,6,8,11.73599999999999,1.5480000000000018,1,10.0
87,20_LONG,6,9,10.346000000000004,1.4379999999999882,1,10.0
87,20_LONG,6,10,8.117999999999995,20.28,0,10.0
87,20_LONG,6,11,0.2960000000000207,0.009999999999990905,0,10.0
87,20_LONG,6,12,0.056000000000011596,0.08400000000000318,0,10.0
87,20_LONG,6,14,0.25200000000000955,0.06799999999998363,0,10.0
87,20_LONG,6,16,10.430000000000007,1.5219999999999914,1,10.0
87,20_LONG,6,17,10.365999999999985,2.127999999999986,1,10.0
87,20_LONG,6,18,11.708000000000027,1.45799999999997,1,10.0
87,20_LONG,6,19,10.403999999999996,1.2800000000000296,1,10.0
87,20_LONG,6,20,11.072000000000003,1.4180000000000064,1,10.0
87,20_LONG,6,21,10.74799999999999,1.73599999999999,1,10.0
87,20_LONG,6,22,15.771999999999991,1.302000000000021,1,10.0
87,20_LONG,6,23,11.20799999999997,0.16200000000003456,1,10.0
87,20_LONG,6,24,0.07999999999998408,21.055999999999983,0,10.0
87,20_LONG,6,25,13.838000000000022,3.930000000000007,1,10.0
87,20_LONG,6,26,11.45999999999998,3.98599999999999,1,10.0
87,20_LONG,6,27,11.286000000000001,1.670000000000016,1,10.0
87,20_LONG,6,28,8.626000000000033,0.07999999999998408,0,10.0
87,20_LONG,6,30,8.647999999999968,20.25200000000001,0,10.0
87,20_LONG,6,31,10.177999999999997,1.1539999999999964,1,10.0
87,20_LONG,6,32,9.5,20.216000000000008,0,10.0
87,20_LONG,6,33,12.680000000000064,1.48599999999999,1,10.0
87,20_LONG,6,34,12.918000000000006,1.3139999999999645,1,10.0
87,20_LONG,6,35,16.168000000000006,1.532000000000039,1,10.0
87,20_LONG,6,36,12.801999999999907,0.04399999999998272,1,10.0
87,20_LONG,6,37,0.16000000000008185,20.847999999999956,0,10.0
87,20_LONG,6,38,14.361999999999966,1.6060000000001082,1,10.0
87,20_LONG,6,39,14.323999999999955,1.774000000000001,1,10.0
87,20_LONG,6,40,14.524000000000001,1.316000000000031,1,10.0
87,20_LONG,6,41,15.539999999999964,1.6539999999999964,1,10.0
87,20_LONG,6,42,14.30600000000004,1.4599999999999227,1,10.0
87,20_LONG,6,43,12.639999999999986,1.2700000000000955,1,10.0
87,20_LONG,6,44,14.66199999999992,1.5439999999999827,1,10.0
87,20_LONG,6,45,11.442000000000007,1.6960000000000264,1,10.0
87,20_LONG,6,46,12.912000000000035,1.3079999999999927,1,10.0
87,20_LONG,6,47,12.857999999999947,1.518000000000029,1,10.0
87,20_LONG,6,48,14.392000000000053,2.953999999999951,1,10.0
87,20_LONG,6,49,17.663999999999987,1.2300000000000182,1,10.0
87,20_LONG,6,50,12.206000000000017,0.11400000000003274,1,10.0
87,20_LONG,6,51,0.08199999999999363,20.333999999999946,0,10.0
87,20_LONG,6,52,16.536000000000058,1.349999999999909,1,10.0
87,20_LONG,6,53,17.80600000000004,1.1480000000000246,1,10.0
87,20_LONG,6,54,18.186000000000035,1.9179999999998927,1,10.0
87,20_LONG,6,55,18.522000000000048,1.4239999999999782,1,10.0
87,20_LONG,6,56,15.190000000000055,1.975999999999999,1,10.0
87,20_LONG,6,57,16.75400000000002,1.627999999999929,1,10.0
87,20_LONG,6,58,13.704000000000065,2.481999999999971,1,10.0
87,20_LONG,6,59,14.405999999999949,1.5400000000000773,1,10.0
87,20_LONG,6,60,17.803999999999974,1.641999999999939,1,10.0
87,20_LONG,6,61,15.618000000000052,1.302000000000021,1,10.0
87,20_LONG,6,62,12.91199999999992,1.3099999999999454,1,10.0
87,20_LONG,6,63,18.850000000000136,1.344000000000051,1,10.0
87,20_LONG,6,64,15.023999999999887,1.6800000000000637,1,10.0
87,20_LONG,6,65,17.692000000000007,1.8740000000000236,1,10.0
87,20_LONG,6,66,18.977999999999838,1.4080000000001291,1,10.0
87,20_LONG,6,67,19.29600000000005,1.5779999999999745,1,10.0
87,20_LONG,6,68,13.179999999999836,1.2920000000001437,1,10.0
87,20_LONG,6,69,13.677999999999884,1.3100000000001728,1,10.0
87,20_LONG,6,70,19.50799999999981,1.3360000000000127,1,10.0
87,20_LONG,6,71,14.302000000000135,1.47199999999998,1,10.0
87,20_LONG,6,72,17.86999999999989,2.1140000000000327,1,10.0
87,20_LONG,6,73,17.894000000000005,1.3579999999999472,1,10.0
87,20_LONG,6,74,18.036000000000058,1.8020000000001346,1,10.0
87,20_LONG,6,75,14.323999999999842,2.69600000000014,1,10.0
87,20_LONG,6,76,15.705999999999904,1.8700000000001182,1,10.0
87,20_LONG,6,77,15.957999999999856,1.91599999999994,1,10.0
87,20_LONG,6,78,0.11200000000008004,0.07799999999997453,0,10.0
87,20_LONG,6,80,14.406000000000176,3.487999999999829,1,10.0
87,20_LONG,6,81,16.326000000000022,1.52800000000002,1,10.0
87,20_LONG,6,82,19.65800000000013,1.211999999999989,1,10.0
87,20_LONG,6,83,17.419999999999845,1.4300000000000637,1,10.0
87,20_LONG,6,84,21.423999999999978,1.7080000000000837,1,10.0
87,20_LONG,6,85,20.357999999999947,1.8140000000000782,1,10.0
87,20_LONG,6,86,18.152000000000044,1.3079999999999927,1,10.0
87,20_LONG,6,87,18.199999999999818,1.3640000000000327,1,10.0
87,20_LONG,6,88,14.400000000000091,1.9220000000000255,1,10.0
87,20_LONG,6,89,13.152000000000044,1.27599999999984,1,10.0
87,20_LONG,6,90,14.246000000000095,1.4559999999999036,1,10.0
87,20_LONG,6,91,16.587999999999965,1.4139999999999873,1,10.0
87,20_LONG,6,92,11.120000000000118,2.2059999999999036,1,10.0
87,20_LONG,6,93,17.0,1.7920000000001437,1,10.0
87,20_LONG,6,94,17.048000000000002,1.4639999999999418,1,10.0
87,20_LONG,6,95,12.827999999999975,1.9259999999999309,1,10.0
87,20_LONG,6,96,17.60200000000009,1.678000000000111,1,10.0
87,20_LONG,6,97,13.995999999999867,1.5579999999999927,1,10.0
87,20_LONG,6,98,15.816000000000031,1.5319999999999254,1,10.0
87,20_LONG,6,99,14.756000000000085,2.1340000000000146,1,10.0
87,20_LONG,6,100,18.644000000000005,1.4800000000000182,1,10.0
87,20_LONG,6,101,16.587999999999965,1.9839999999999236,1,10.0
87,20_LONG,6,102,19.758000000000038,1.55600000000004,1,10.0
87,20_LONG,6,103,15.08199999999988,1.5920000000000982,1,10.0
87,20_LONG,6,104,13.461999999999989,1.2419999999999618,1,10.0
87,20_LONG,6,105,14.468000000000075,,1,10.0
88,20_LONG,1,1,0.21799999999999997,24.676000000000002,0,10.0
88,20_LONG,1,2,0.39000000000000057,23.659999999999997,0,10.0
88,20_LONG,1,3,0.4240000000000066,20.628,0,10.0
88,20_LONG,1,4,0.3719999999999999,22.32799999999999,0,10.0
88,20_LONG,1,5,0.5740000000000123,20.83399999999999,0,10.0
88,20_LONG,1,6,0.5300000000000011,21.412000000000006,0,10.0
88,20_LONG,1,7,0.6980000000000075,22.232,0,10.0
88,20_LONG,1,8,0.563999999999993,21.02000000000001,0,10.0
88,20_LONG,1,9,0.5999999999999943,22.204000000000008,0,10.0
88,20_LONG,1,10,0.7179999999999893,21.96599999999998,0,10.0
88,20_LONG,1,11,0.5880000000000223,20.906000000000006,0,10.0
88,20_LONG,1,12,0.39400000000000546,20.793999999999983,0,10.0
88,20_LONG,1,13,2.329999999999984,23.52199999999999,0,10.0
88,20_LONG,1,14,1.0480000000000018,22.444000000000017,0,10.0
88,20_LONG,1,15,0.8160000000000309,27.253999999999962,0,10.0
88,20_LONG,1,16,0.6580000000000155,20.988,0,10.0
88,20_LONG,1,17,1.3319999999999936,21.22199999999998,0,10.0
88,20_LONG,1,18,1.1860000000000355,1.6159999999999854,0,10.0
88,20_LONG,1,20,0.8859999999999673,21.398000000000025,0,10.0
88,20_LONG,1,21,1.1479999999999677,20.83000000000004,0,10.0
88,20_LONG,1,22,1.683999999999969,20.49599999999998,0,10.0
88,20_LONG,1,23,1.3600000000000136,20.932000000000016,0,10.0
88,20_LONG,1,24,1.2939999999999827,22.134000000000015,0,10.0
88,20_LONG,1,25,2.17999999999995,23.224000000000046,0,10.0
88,20_LONG,1,26,1.268000000000029,21.30200000000002,0,10.0
88,20_LONG,1,27,1.509999999999991,20.809999999999945,0,10.0
88,20_LONG,1,28,2.3719999999999573,20.75400000000002,0,10.0
88,20_LONG,1,29,1.608000000000061,0.09399999999993724,0,10.0
88,20_LONG,1,31,0.9600000000000364,0.16399999999998727,0,10.0
88,20_LONG,1,33,1.2419999999999618,21.26800000000003,0,10.0
88,20_LONG,1,34,1.5019999999999527,22.519999999999982,0,10.0
88,20_LONG,1,35,1.9600000000000364,25.442000000000007,0,10.0
88,20_LONG,1,36,1.4260000000000446,21.59999999999991,0,10.0
88,20_LONG,1,37,1.3660000000000991,21.287999999999897,0,10.0
88,20_LONG,1,38,3.30600000000004,20.706000000000017,0,10.0
88,20_LONG,1,39,4.01400000000001,20.91599999999994,0,10.0
88,20_LONG,1,40,2.201999999999998,20.564000000000078,0,10.0
88,20_LONG,1,41,1.274000000000001,21.483999999999924,0,10.0
88,20_LONG,1,42,1.2839999999999918,21.208000000000084,0,10.0
88,20_LONG,1,43,1.211999999999989,43.379999999999995,0,10.0
88,20_LONG,1,44,3.076000000000022,22.774,0,10.0
88,20_LONG,1,45,1.5339999999999918,21.125999999999976,0,10.0
88,20_LONG,1,46,1.4079999999999018,29.192000000000007,0,10.0
88,20_LONG,1,47,1.1820000000000164,29.587999999999965,0,10.0
88,20_LONG,1,48,2.3020000000001346,0.13400000000001455,0,10.0
88,20_LONG,1,50,1.2719999999999345,20.822000000000116,0,10.0
88,20_LONG,1,51,1.759999999999991,39.34999999999991,0,10.0
88,20_LONG,1,52,1.9220000000000255,21.42800000000011,0,10.0
88,20_LONG,1,53,1.6859999999999218,23.791999999999916,0,10.0
88,20_LONG,1,54,1.6820000000000164,20.79600000000005,0,10.0
88,20_LONG,1,55,0.9400000000000546,21.87999999999988,0,10.0
88,20_LONG,1,56,2.282000000000153,21.81399999999985,0,10.0
88,20_LONG,1,57,0.5460000000000491,21.470000000000027,0,10.0
88,20_LONG,1,58,0.6399999999998727,21.356000000000222,0,10.0
88,20_LONG,1,59,0.6399999999998727,20.801999999999907,0,10.0
88,20_LONG,1,60,1.150000000000091,24.188000000000102,0,10.0
88,20_LONG,1,61,1.5839999999998327,22.58400000000006,0,10.0
88,20_LONG,1,62,0.5679999999999836,58.59400000000005,0,10.0
88,20_LONG,1,63,1.86200000000008,45.847999999999956,0,10.0
88,20_LONG,1,64,3.091999999999871,22.51800000000003,0,10.0
88,20_LONG,1,65,1.1240000000000236,36.62799999999993,0,10.0
88,20_LONG,1,66,4.382000000000062,20.99000000000001,0,10.0
88,20_LONG,1,67,0.7680000000000291,23.723999999999933,0,10.0
88,20_LONG,1,68,0.9060000000001764,74.1719999999998,0,10.0
88,20_LONG,1,69,1.4139999999999873,0.17600000000015825,0,10.0
88,20_LONG,1,71,0.928000000000111,0.08399999999983265,0,10.0
88,20_LONG,1,73,2.6359999999999673,21.99000000000001,0,10.0
88,20_LONG,1,74,0.46400000000016917,20.643999999999778,0,10.0
88,20_LONG,1,75,3.4680000000000746,21.35200000000009,0,10.0
88,20_LONG,1,76,0.9779999999998381,21.216000000000122,0,10.0
88,20_LONG,1,77,1.3179999999999836,21.6579999999999,0,10.0
88,20_LONG,1,78,0.6280000000001564,103.15599999999995,0,10.0
88,20_LONG,1,79,0.5760000000000218,25.854000000000042,0,10.0
88,20_LONG,1,80,0.7680000000000291,21.384000000000015,0,10.0
88,20_LONG,1,81,2.4299999999998363,0.12800000000015643,0,10.0
88,20_LONG,1,83,0.31999999999970896,0.10400000000026921,0,10.0
88,20_LONG,1,85,0.6199999999998909,38.38799999999992,0,10.0
88,20_LONG,1,86,1.1440000000002328,21.58199999999988,0,10.0
88,20_LONG,1,87,0.5900000000001455,61.86799999999994,0,10.0
88,20_LONG,1,88,0.6159999999999854,21.5920000000001,0,10.0
88,20_LONG,1,89,0.33399999999983265,36.988000000000284,0,10.0
88,20_LONG,1,90,3.4459999999999127,0.1679999999996653,0,10.0
88,20_LONG,1,92,0.6359999999999673,0.0860000000002401,0,10.0
88,20_LONG,1,94,1.05600000000004,0.07399999999961437,0,10.0
88,20_LONG,1,96,0.38999999999987267,0.19400000000041473,0,10.0
88,20_LONG,1,98,0.2719999999999345,20.572000000000116,0,10.0
88,20_LONG,1,99,3.150000000000091,20.50799999999981,0,10.0
88,20_LONG,1,100,1.3980000000001382,36.39399999999978,0,10.0
88,20_LONG,1,101,0.9920000000001892,21.902000000000044,0,10.0
88,20_LONG,1,102,1.9679999999998472,0.010000000000218279,0,10.0
88,20_LONG,1,103,0.26199999999971624,25.60400000000027,0,10.0
88,20_LONG,1,104,4.541999999999916,46.53600000000006,0,10.0
88,20_LONG,1,105,1.8019999999996799,22.384000000000015,0,10.0
88,20_LONG,1,106,8.99200000000019,20.66399999999976,0,10.0
88,20_LONG,1,107,1.5080000000002656,0.032000000000152795,0,10.0
88,20_LONG,1,109,3.55600000000004,21.97400000000016,0,10.0
88,20_LONG,1,110,14.25799999999981,3.8659999999999854,1,10.0
88,20_LONG,1,111,12.470000000000255,5.2599999999997635,1,10.0
88,20_LONG,1,112,12.472000000000207,3.3640000000000327,1,10.0
88,20_LONG,1,113,14.17599999999993,4.875999999999749,1,10.0
88,20_LONG,1,114,0.2680000000000291,0.07400000000006912,0,10.0
88,20_LONG,2,1,0.1700000000000017,0.0259999999999998,0,10.0
88,20_LONG,2,4,0.2959999999999994,0.08800000000000097,0,10.0
88,20_LONG,2,6,2.0760000000000076,0.22399999999998954,0,10.0
88,20_LONG,2,8,1.3960000000000008,20.71199999999999,0,10.0
88,20_LONG,2,9,2.1260000000000048,23.494,0,10.0
88,20_LONG,2,10,9.00800000000001,25.26599999999999,0,10.0
88,20_LONG,2,11,10.075999999999993,2.4620000000000175,1,10.0
88,20_LONG,2,12,12.425999999999988,5.204000000000008,1,10.0
88,20_LONG,2,13,0.3719999999999857,20.51600000000002,0,10.0
88,20_LONG,2,14,10.840000000000003,2.75,1,10.0
88,20_LONG,2,15,11.268,2.97199999999998,1,10.0
88,20_LONG,2,16,12.896000000000015,2.5539999999999736,1,10.0
88,20_LONG,2,17,13.006000000000029,4.843999999999994,1,10.0
88,20_LONG,2,18,0.4440000000000168,0.03999999999996362,0,10.0
88,20_LONG,2,20,9.816000000000031,21.911999999999978,0,10.0
88,20_LONG,2,21,10.132000000000005,1.839999999999975,1,10.0
88,20_LONG,2,22,2.0819999999999936,0.016000000000019554,0,10.0
88,20_LONG,2,24,10.902000000000044,2.505999999999972,1,10.0
88,20_LONG,2,25,12.913999999999987,2.160000000000025,1,10.0
88,20_LONG,2,26,13.211999999999989,3.8380000000000223,1,10.0
88,20_LONG,2,27,0.16999999999995907,0.09600000000000364,0,10.0
88,20_LONG,2,29,1.4120000000000346,0.013999999999953161,0,10.0
88,20_LONG,2,31,1.8759999999999764,21.312000000000012,0,10.0
88,20_LONG,2,32,12.293999999999983,1.9840000000000373,1,10.0
88,20_LONG,2,33,1.9599999999999795,0.12599999999997635,0,10.0
88,20_LONG,2,35,12.114000000000033,1.7659999999999627,1,10.0
88,20_LONG,2,36,13.885999999999967,2.562000000000012,1,10.0
88,20_LONG,2,37,13.120000000000005,2.7060000000000173,1,10.0
88,20_LONG,2,38,13.186000000000035,3.024000000000001,1,10.0
88,20_LONG,2,39,12.715999999999894,2.8780000000000427,1,10.0
88,20_LONG,2,40,12.658000000000015,2.8840000000000146,1,10.0
88,20_LONG,2,41,13.846000000000004,2.5259999999999536,1,10.0
88,20_LONG,2,42,0.5620000000000118,22.861999999999966,0,10.0
88,20_LONG,2,43,9.576000000000022,22.436000000000035,0,10.0
88,20_LONG,2,44,9.533999999999992,22.20799999999997,0,10.0
88,20_LONG,2,45,11.040000000000077,1.8179999999999836,1,10.0
88,20_LONG,2,46,5.467999999999961,0.07200000000000273,0,10.0
88,20_LONG,2,48,13.152000000000044,1.9400000000000546,1,10.0
88,20_LONG,2,49,0.5199999999999818,0.057999999999992724,0,10.0
88,20_LONG,2,52,13.798000000000002,2.189999999999941,1,10.0
88,20_LONG,2,53,0.8880000000000337,0.11400000000003274,0,10.0
88,20_LONG,2,55,11.076000000000022,2.324000000000069,1,10.0
88,20_LONG,2,56,0.6779999999999973,0.05599999999992633,0,10.0
88,20_LONG,2,58,1.0480000000000018,0.11400000000003274,0,10.0
88,20_LONG,2,60,11.265999999999963,2.368000000000052,1,10.0
88,20_LONG,2,61,12.673999999999978,2.255999999999972,1,10.0
88,20_LONG,2,62,10.502000000000066,2.6219999999999573,1,10.0
88,20_LONG,2,63,6.875999999999976,22.132000000000062,0,10.0
88,20_LONG,2,64,10.375999999999976,2.65199999999993,1,10.0
88,20_LONG,2,65,12.706000000000017,2.6200000000000045,1,10.0
88,20_LONG,2,66,13.974000000000046,2.1779999999999973,1,10.0
88,20_LONG,2,67,14.906000000000063,3.4859999999998763,1,10.0
88,20_LONG,2,68,11.484000000000151,2.981999999999971,1,10.0
88,20_LONG,2,69,13.53599999999983,4.2560000000000855,1,10.0
88,20_LONG,2,70,12.817999999999984,2.8360000000000127,1,10.0
88,20_LONG,2,71,10.115999999999985,4.059999999999945,1,10.0
88,20_LONG,2,72,9.786000000000058,22.57400000000007,0,10.0
88,20_LONG,2,73,5.235999999999876,23.218000000000075,0,10.0
88,20_LONG,2,74,0.43800000000010186,0.03999999999996362,0,10.0
88,20_LONG,2,76,1.6499999999998636,0.012000000000170985,0,10.0
88,20_LONG,2,78,11.177999999999884,2.895999999999958,1,10.0
88,20_LONG,2,79,11.966000000000122,1.9639999999999418,1,10.0
88,20_LONG,2,80,9.879999999999882,21.468000000000075,0,10.0
88,20_LONG,2,81,10.728000000000065,2.3840000000000146,1,10.0
88,20_LONG,2,82,11.92599999999993,2.788000000000011,1,10.0
88,20_LONG,2,83,11.779999999999973,3.2180000000000746,1,10.0
88,20_LONG,2,84,10.6099999999999,3.1620000000000346,1,10.0
88,20_LONG,2,85,11.577999999999975,6.203999999999951,1,10.0
88,20_LONG,2,86,12.872000000000071,3.3120000000001255,1,10.0
88,20_LONG,2,87,11.933999999999969,2.839999999999918,1,10.0
88,20_LONG,2,88,5.0779999999999745,0.0420000000001437,0,10.0
88,20_LONG,2,90,10.472000000000207,2.3739999999997963,1,10.0
88,20_LONG,2,91,0.4680000000000746,0.08799999999996544,0,10.0
88,20_LONG,2,93,10.317999999999984,1.8099999999999454,1,10.0
88,20_LONG,2,94,9.984000000000151,20.827999999999975,0,10.0
88,20_LONG,2,95,10.399999999999864,1.5860000000000127,1,10.0
88,20_LONG,2,96,10.172000000000025,4.216000000000122,1,10.0
88,20_LONG,2,97,9.773999999999887,20.516000000000076,0,10.0
88,20_LONG,2,98,9.19399999999996,21.051999999999907,0,10.0
88,20_LONG,2,99,8.86200000000008,23.40800000000013,0,10.0
88,20_LONG,2,100,0.9739999999999327,0.08799999999996544,0,10.0
88,20_LONG,2,102,10.611999999999853,1.6580000000001291,1,10.0
88,20_LONG,2,103,9.511999999999944,20.458000000000084,0,10.0
88,20_LONG,2,104,0.8779999999999291,0.03600000000005821,0,10.0
88,20_LONG,2,106,0.7419999999999618,0.0420000000001437,0,10.0
88,20_LONG,2,108,11.679999999999836,1.9800000000000182,1,10.0
88,20_LONG,2,109,7.3400000000001455,20.577999999999975,0,10.0
88,20_LONG,2,110,8.779999999999973,21.927999999999884,0,10.0
88,20_LONG,2,111,7.9220000000000255,20.3420000000001,0,10.0
88,20_LONG,2,112,8.730000000000018,20.458000000000084,0,10.0
88,20_LONG,2,113,7.88799999999992,20.700000000000045,0,10.0
88,20_LONG,2,114,9.265999999999849,20.350000000000136,0,10.0
88,20_LONG,2,115,11.740000000000009,1.6099999999999,1,10.0
88,20_LONG,2,116,13.3900000000001,6.689999999999827,1,10.0
88,20_LONG,2,117,8.759999999999991,21.850000000000136,0,10.0
88,20_LONG,2,118,0.2139999999999418,0.026000000000067303,0,10.0
88,20_LONG,2,120,11.913999999999987,3.83199999999988,1,10.0
88,20_LONG,2,121,12.072000000000116,4.723999999999933,1,10.0
88,20_LONG,2,122,10.029999999999973,3.788000000000011,1,10.0
88,20_LONG,2,123,0.16200000000003456,,0,10.0
88,20_LONG,3,1,0.2539999999999978,0.0660000000000025,0,10.0
88,20_LONG,3,3,8.438000000000002,21.793999999999997,0,10.0
88,20_LONG,3,4,0.35999999999999943,0.02599999999999625,0,10.0
88,20_LONG,3,6,8.570000000000007,21.554000000000002,0,10.0
88,20_LONG,3,7,2.132000000000005,0.018000000000000682,0,10.0
88,20_LONG,3,9,13.457999999999998,1.8559999999999945,1,10.0
88,20_LONG,3,10,13.818000000000012,1.5919999999999845,1,10.0
88,20_LONG,3,11,12.891999999999996,2.490000000000009,1,10.0
88,20_LONG,3,12,15.02600000000001,1.975999999999999,1,10.0
88,20_LONG,3,13,13.299999999999983,2.6740000000000066,1,10.0
88,20_LONG,3,14,0.4519999999999982,0.04200000000000159,0,10.0
88,20_LONG,3,16,11.870000000000005,3.353999999999985,1,10.0
88,20_LONG,3,17,13.259999999999991,1.8700000000000045,1,10.0
88,20_LONG,3,18,14.086000000000013,3.240000000000009,1,10.0
88,20_LONG,3,19,0.6099999999999568,0.10400000000004184,0,10.0
88,20_LONG,3,21,11.122000000000014,2.103999999999985,1,10.0
88,20_LONG,3,22,15.850000000000023,2.584000000000003,1,10.0
88,20_LONG,3,23,2.108000000000004,21.855999999999995,0,10.0
88,20_LONG,3,24,9.633999999999958,21.048000000000002,0,10.0
88,20_LONG,3,25,11.426000000000045,1.45799999999997,1,10.0
88,20_LONG,3,26,11.163999999999987,2.25,1,10.0
88,20_LONG,3,27,0.06999999999999318,0.06400000000002137,0,10.0
88,20_LONG,3,29,13.227999999999952,3.6440000000000055,1,10.0
88,20_LONG,3,30,13.426000000000045,2.8139999999999645,1,10.0
88,20_LONG,3,31,14.72399999999999,3.268000000000029,1,10.0
88,20_LONG,3,32,0.34600000000000364,21.899999999999977,0,10.0
88,20_LONG,3,33,3.268000000000029,21.138000000000034,0,10.0
88,20_LONG,3,34,13.051999999999907,2.1100000000000136,1,10.0
88,20_LONG,3,35,13.961999999999989,2.225999999999999,1,10.0
88,20_LONG,3,36,14.194000000000074,3.5399999999999636,1,10.0
88,20_LONG,3,37,13.461999999999989,3.7480000000000473,1,10.0
88,20_LONG,3,38,9.75,22.185999999999922,0,10.0
88,20_LONG,3,39,12.06000000000006,3.3759999999999764,1,10.0
88,20_LONG,3,40,12.080000000000041,4.141999999999939,1,10.0
88,20_LONG,3,41,12.766000000000076,4.135999999999967,1,10.0
88,20_LONG,3,42,9.745999999999981,21.536000000000058,0,10.0
88,20_LONG,3,43,11.461999999999989,3.0399999999999636,1,10.0
88,20_LONG,3,44,12.44399999999996,3.201999999999998,1,10.0
88,20_LONG,3,45,11.51400000000001,4.874000000000024,1,10.0
88,20_LONG,3,46,11.241999999999962,2.9260000000000446,1,10.0
88,20_LONG,3,47,12.841999999999985,3.9260000000000446,1,10.0
88,20_LONG,3,48,11.469999999999914,3.6680000000000064,1,10.0
88,20_LONG,3,49,11.83400000000006,4.039999999999964,1,10.0
88,20_LONG,3,50,2.104000000000042,0.11799999999993815,0,10.0
88,20_LONG,3,52,12.388000000000034,3.524000000000001,1,10.0
88,20_LONG,3,53,11.711999999999989,3.282000000000039,1,10.0
88,20_LONG,3,54,9.653999999999996,21.51400000000001,0,10.0
88,20_LONG,3,55,9.811999999999898,22.262000000000057,0,10.0
88,20_LONG,3,56,10.049999999999955,3.094000000000051,1,10.0
88,20_LONG,3,57,11.096000000000004,2.994000000000028,1,10.0
88,20_LONG,3,58,9.899999999999977,21.635999999999967,0,10.0
88,20_LONG,3,59,13.403999999999996,3.877999999999929,1,10.0
88,20_LONG,3,60,10.690000000000055,4.1440000000000055,1,10.0
88,20_LONG,3,61,9.82400000000007,22.960000000000036,0,10.0
88,20_LONG,3,62,13.967999999999847,3.5440000000000964,1,10.0
88,20_LONG,3,63,10.20399999999995,3.0779999999999745,1,10.0
88,20_LONG,3,64,11.392000000000053,3.713999999999942,1,10.0
88,20_LONG,3,65,6.354000000000042,0.0340000000001055,0,10.0
88,20_LONG,3,67,12.898000000000138,2.9079999999999018,1,10.0
88,20_LONG,3,68,9.403999999999996,21.475999999999885,0,10.0
88,20_LONG,3,69,12.132000000000062,4.378000000000156,1,10.0
88,20_LONG,3,70,8.605999999999995,22.867999999999938,0,10.0
88,20_LONG,3,71,10.645999999999958,3.6240000000000236,1,10.0
88,20_LONG,3,72,8.816000000000031,21.336000000000013,0,10.0
88,20_LONG,3,73,0.20199999999999818,0.021999999999934516,0,10.0
88,20_LONG,3,75,12.276000000000067,3.4020000000000437,1,10.0
88,20_LONG,3,76,0.3079999999999927,0.03199999999992542,0,10.0
88,20_LONG,3,78,11.347999999999956,2.8899999999998727,1,10.0
88,20_LONG,3,79,9.332000000000107,21.993999999999915,0,10.0
88,20_LONG,3,80,10.682000000000016,4.156000000000176,1,10.0
88,20_LONG,3,81,10.613999999999805,3.7360000000001037,1,10.0
88,20_LONG,3,82,8.605999999999995,21.832000000000107,0,10.0
88,20_LONG,3,83,11.113999999999805,4.2560000000000855,1,10.0
88,20_LONG,3,84,10.266000000000076,3.4579999999998563,1,10.0
88,20_LONG,3,85,9.680000000000064,21.223999999999933,0,10.0
88,20_LONG,3,86,10.894000000000005,3.244000000000142,1,10.0
88,20_LONG,3,87,9.663999999999987,21.291999999999916,0,10.0
88,20_LONG,3,88,9.928000000000111,22.327999999999975,0,10.0
88,20_LONG,3,89,11.268000000000029,2.9299999999998363,1,10.0
88,20_LONG,3,90,8.180000000000064,21.973999999999933,0,10.0
88,20_LONG,3,91,10.100000000000136,3.487999999999829,1,10.0
88,20_LONG,3,92,7.428000000000111,21.718000000000075,0,10.0
88,20_LONG,3,93,10.661999999999807,4.008000000000038,1,10.0
88,20_LONG,3,94,0.4619999999999891,0.044000000000096406,0,10.0
88,20_LONG,3,96,11.25,4.087999999999965,1,10.0
88,20_LONG,3,97,9.127999999999929,21.394000000000005,0,10.0
88,20_LONG,3,98,9.940000000000055,21.68600000000015,0,10.0
88,20_LONG,3,99,10.47999999999979,3.214000000000169,1,10.0
88,20_LONG,3,100,9.826000000000022,22.375999999999976,0,10.0
88,20_LONG,3,101,10.11999999999989,2.75,1,10.0
88,20_LONG,3,102,8.88000000000011,21.114000000000033,0,10.0
88,20_LONG,3,103,9.78599999999983,21.12000000000012,0,10.0
88,20_LONG,3,104,8.748000000000047,21.096000000000004,0,10.0
88,20_LONG,3,105,10.17599999999993,4.02800000000002,1,10.0
88,20_LONG,3,106,9.364000000000033,21.169999999999845,0,10.0
88,20_LONG,3,107,8.004000000000133,21.645999999999958,0,10.0
88,20_LONG,3,108,9.728000000000065,23.382000000000062,0,10.0
88,20_LONG,3,109,8.99599999999964,21.524000000000342,0,10.0
88,20_LONG,3,110,9.170000000000073,21.585999999999785,0,10.0
88,20_LONG,3,111,8.327999999999975,,0,10.0
88,20_LONG,4,1,10.030000000000001,1.6139999999999972,1,10.0
88,20_LONG,4,2,11.503999999999998,1.7260000000000062,1,10.0
88,20_LONG,4,3,8.075999999999993,20.99000000000001,0,10.0
88,20_LONG,4,4,9.175999999999988,21.63000000000001,0,10.0
88,20_LONG,4,5,10.501999999999995,1.9860000000000042,1,10.0
88,20_LONG,4,6,0.10199999999998965,0.054000000000002046,0,10.0
88,20_LONG,4,8,0.25200000000000955,0.054000000000002046,0,10.0
88,20_LONG,4,10,10.043999999999983,2.3000000000000114,1,10.0
88,20_LONG,4,11,4.00800000000001,0.0519999999999925,0,10.0
88,20_LONG,4,13,10.956000000000017,1.3879999999999768,1,10.0
88,20_LONG,4,14,13.064000000000021,2.2419999999999902,1,10.0
88,20_LONG,4,15,13.539999999999992,2.4320000000000164,1,10.0
88,20_LONG,4,16,13.828000000000003,3.0360000000000014,1,10.0
88,20_LONG,4,17,12.289999999999964,5.288000000000011,1,10.0
88,20_LONG,4,18,10.374000000000024,0.033999999999991815,1,10.0
88,20_LONG,4,19,0.46399999999999864,21.25400000000002,0,10.0
88,20_LONG,4,20,11.24799999999999,3.1719999999999686,1,10.0
88,20_LONG,4,21,14.062000000000012,2.829999999999984,1,10.0
88,20_LONG,4,22,11.963999999999999,3.022000000000048,1,10.0
88,20_LONG,4,23,0.4300000000000068,0.03999999999996362,0,10.0
88,20_LONG,4,25,0.7239999999999895,0.07999999999998408,0,10.0
88,20_LONG,4,27,11.033999999999992,1.8179999999999836,1,10.0
88,20_LONG,4,28,12.836000000000013,2.8100000000000023,1,10.0
88,20_LONG,4,29,10.839999999999975,5.340000000000032,1,10.0
88,20_LONG,4,30,0.9019999999999868,0.06999999999999318,0,10.0
88,20_LONG,4,32,11.199999999999989,3.0260000000000105,1,10.0
88,20_LONG,4,33,13.155999999999949,2.951999999999998,1,10.0
88,20_LONG,4,34,11.388000000000034,3.283999999999992,1,10.0
88,20_LONG,4,35,13.467999999999961,2.7060000000000173,1,10.0
88,20_LONG,4,36,11.532000000000039,2.173999999999978,1,10.0
88,20_LONG,4,37,11.870000000000005,3.509999999999991,1,10.0
88,20_LONG,4,38,10.388000000000034,6.937999999999988,1,10.0
88,20_LONG,4,39,12.309999999999945,3.9840000000000373,1,10.0
88,20_LONG,4,40,9.861999999999966,21.182000000000016,0,10.0
88,20_LONG,4,41,11.374000000000024,2.6440000000000055,1,10.0
88,20_LONG,4,42,11.392000000000053,3.7919999999999163,1,10.0
88,20_LONG,4,43,11.816000000000031,3.3859999999999673,1,10.0
88,20_LONG,4,44,13.826000000000022,3.4980000000000473,1,10.0
88,20_LONG,4,45,12.115999999999985,3.197999999999979,1,10.0
88,20_LONG,4,46,11.83400000000006,4.519999999999982,1,10.0
88,20_LONG,4,47,5.477999999999952,0.10199999999997544,0,10.0
88,20_LONG,4,49,10.878000000000043,4.1059999999999945,1,10.0
88,20_LONG,4,50,13.44399999999996,6.793999999999983,1,10.0
88,20_LONG,4,51,14.803999999999974,4.1059999999999945,1,10.0
88,20_LONG,4,52,11.822000000000003,3.4139999999999873,1,10.0
88,20_LONG,4,53,13.386000000000081,2.8999999999999773,1,10.0
88,20_LONG,4,54,10.090000000000032,4.259999999999991,1,10.0
88,20_LONG,4,55,0.6179999999999382,0.03600000000005821,0,10.0
88,20_LONG,4,57,0.9619999999999891,0.033999999999991815,0,10.0
88,20_LONG,4,59,9.524000000000001,21.50999999999999,0,10.0
88,20_LONG,4,60,9.011999999999944,21.091999999999985,0,10.0
88,20_LONG,4,61,10.276000000000067,1.4399999999999409,1,10.0
88,20_LONG,4,62,11.211999999999989,4.540000000000077,1,10.0
88,20_LONG,4,63,12.225999999999999,3.8319999999999936,1,10.0
88,20_LONG,4,64,13.183999999999969,5.949999999999932,1,10.0
88,20_LONG,4,65,0.8260000000000218,0.06799999999998363,0,10.0
88,20_LONG,4,67,14.220000000000027,4.2000000000000455,1,10.0
88,20_LONG,4,68,13.307999999999993,3.740000000000009,1,10.0
88,20_LONG,4,69,5.923999999999978,0.041999999999916326,0,10.0
88,20_LONG,4,71,14.152000000000044,3.4020000000000437,1,10.0
88,20_LONG,4,72,12.150000000000091,3.895999999999958,1,10.0
88,20_LONG,4,73,5.336000000000013,0.03999999999996362,0,10.0
88,20_LONG,4,75,12.30600000000004,3.6259999999999764,1,10.0
88,20_LONG,4,76,11.605999999999995,4.031999999999925,1,10.0
88,20_LONG,4,77,0.7380000000000564,0.08200000000010732,0,10.0
88,20_LONG,4,79,11.781999999999925,3.47199999999998,1,10.0
88,20_LONG,4,80,13.466000000000122,3.7959999999998217,1,10.0
88,20_LONG,4,81,10.586000000000013,3.50200000000018,1,10.0
88,20_LONG,4,82,11.230000000000018,4.2199999999998,1,10.0
88,20_LONG,4,83,11.230000000000018,6.374000000000024,1,10.0
88,20_LONG,4,84,12.286000000000058,3.5979999999999563,1,10.0
88,20_LONG,4,85,0.39200000000005275,0.02800000000002001,0,10.0
88,20_LONG,4,87,14.258000000000038,5.912000000000035,1,10.0
88,20_LONG,4,88,11.639999999999873,5.039999999999964,1,10.0
88,20_LONG,4,89,13.472000000000207,4.833999999999833,1,10.0
88,20_LONG,4,90,10.710000000000036,4.456000000000131,1,10.0
88,20_LONG,4,91,1.477999999999838,20.960000000000036,0,10.0
88,20_LONG,4,92,9.178000000000111,21.805999999999813,0,10.0
88,20_LONG,4,93,9.966000000000122,21.40599999999995,0,10.0
88,20_LONG,4,94,9.228000000000065,22.34199999999987,0,10.0
88,20_LONG,4,95,0.5380000000000109,0.057999999999992724,0,10.0
88,20_LONG,4,97,12.801999999999907,3.560000000000173,1,10.0
88,20_LONG,4,98,13.027999999999793,4.204000000000178,1,10.0
88,20_LONG,4,99,10.567999999999984,4.286000000000058,1,10.0
88,20_LONG,4,100,0.12999999999988177,21.10200000000009,0,10.0
88,20_LONG,4,101,11.826000000000022,3.783999999999878,1,10.0
88,20_LONG,4,102,10.52800000000002,4.288000000000011,1,10.0
88,20_LONG,4,103,11.670000000000073,5.877999999999929,1,10.0
88,20_LONG,4,104,10.725999999999885,3.5440000000000964,1,10.0
88,20_LONG,4,105,0.6639999999999873,0.07600000000002183,0,10.0
88,20_LONG,4,107,11.594000000000051,1.844000000000051,1,10.0
88,20_LONG,4,108,12.395999999999958,4.425999999999931,1,10.0
88,20_LONG,4,109,11.036000000000058,5.596000000000004,1,10.0
88,20_LONG,4,110,10.3900000000001,3.0860000000000127,1,10.0
88,20_LONG,4,111,11.725999999999885,4.163999999999987,1,10.0
88,20_LONG,4,112,1.8299999999999272,21.22400000000016,0,10.0
88,20_LONG,4,113,10.875999999999976,4.046000000000049,1,10.0
88,20_LONG,4,114,10.78599999999983,9.970000000000027,1,10.0
88,20_LONG,4,115,9.070000000000164,21.205999999999904,0,10.0
88,20_LONG,4,116,11.673999999999978,,1,10.0
88,20_LONG,5,1,11.274000000000001,1.8659999999999997,1,10.0
88,20_LONG,5,2,4.256,0.02400000000000091,0,10.0
88,20_LONG,5,4,12.206000000000003,1.543999999999997,1,10.0
88,20_LONG,5,5,13.816000000000003,1.2099999999999937,1,10.0
88,20_LONG,5,6,12.808000000000007,7.429999999999993,1,10.0
88,20_LONG,5,7,11.50200000000001,1.2059999999999889,1,10.0
88,20_LONG,5,8,5.060000000000002,0.04200000000000159,0,10.0
88,20_LONG,5,10,9.617999999999995,22.03,0,10.0
88,20_LONG,5,11,9.204000000000008,20.762,0,10.0
88,20_LONG,5,12,10.807999999999993,1.4159999999999968,1,10.0
88,20_LONG,5,13,12.27800000000002,4.157999999999987,1,10.0
88,20_LONG,5,14,13.667999999999978,6.784000000000049,1,10.0
88,20_LONG,5,15,13.97399999999999,4.954000000000008,1,10.0
88,20_LONG,5,16,12.731999999999971,5.132000000000005,1,10.0
88,20_LONG,5,17,13.363999999999976,3.4220000000000255,1,10.0
88,20_LONG,5,18,13.315999999999974,4.346000000000004,1,10.0
88,20_LONG,5,19,8.004000000000019,0.02600000000001046,0,10.0
88,20_LONG,5,21,12.956000000000017,5.697999999999979,1,10.0
88,20_LONG,5,22,10.339999999999975,5.098000000000013,1,10.0
88,20_LONG,5,23,0.9239999999999782,21.486000000000047,0,10.0
88,20_LONG,5,24,10.265999999999963,4.258000000000038,1,10.0
88,20_LONG,5,25,14.651999999999987,4.189999999999998,1,10.0
88,20_LONG,5,26,7.901999999999987,0.02600000000001046,0,10.0
88,20_LONG,5,28,11.089999999999975,3.296000000000049,1,10.0
88,20_LONG,5,29,12.083999999999946,3.97199999999998,1,10.0
88,20_LONG,5,30,11.868000000000052,3.966000000000008,1,10.0
88,20_LONG,5,31,12.905999999999949,3.296000000000049,1,10.0
88,20_LONG,5,32,12.244000000000028,3.911999999999921,1,10.0
88,20_LONG,5,33,0.40399999999999636,0.04200000000003001,0,10.0
88,20_LONG,5,35,12.077999999999975,3.2659999999999627,1,10.0
88,20_LONG,5,36,13.94399999999996,4.2000000000000455,1,10.0
88,20_LONG,5,37,13.532000000000039,2.867999999999938,1,10.0
88,20_LONG,5,38,1.3360000000000127,0.18600000000003547,0,10.0
88,20_LONG,5,40,11.002000000000066,4.860000000000014,1,10.0
88,20_LONG,5,41,11.379999999999995,3.5499999999999545,1,10.0
88,20_LONG,5,42,12.686000000000035,5.562000000000012,1,10.0
88,20_LONG,5,43,10.70399999999995,4.302000000000021,1,10.0
88,20_LONG,5,44,13.004000000000019,4.240000000000009,1,10.0
88,20_LONG,5,45,11.237999999999943,4.37600000000009,1,10.0
88,20_LONG,5,46,2.1639999999999873,0.14599999999995816,0,10.0
88,20_LONG,5,48,11.447999999999979,4.910000000000082,1,10.0
88,20_LONG,5,49,9.841999999999985,22.275999999999954,0,10.0
88,20_LONG,5,50,9.06000000000006,21.949999999999932,0,10.0
88,20_LONG,5,51,8.426000000000045,21.381999999999948,0,10.0
88,20_LONG,5,52,9.800000000000068,22.057999999999993,0,10.0
88,20_LONG,5,53,9.405999999999949,0.17600000000004457,0,10.0
88,20_LONG,5,55,10.391999999999939,3.7340000000000373,1,10.0
88,20_LONG,5,56,11.557999999999993,5.194000000000074,1,10.0
88,20_LONG,5,57,8.177999999999997,0.017999999999915417,0,10.0
88,20_LONG,5,59,11.802000000000135,4.8159999999998035,1,10.0
88,20_LONG,5,60,11.538000000000011,3.734000000000151,1,10.0
88,20_LONG,5,61,13.343999999999824,3.8580000000001746,1,10.0
88,20_LONG,5,62,12.495999999999867,23.564000000000078,1,10.0
88,20_LONG,5,63,0.86200000000008,0.06199999999989814,0,10.0
88,20_LONG,5,65,0.22199999999998,20.827999999999975,0,10.0
88,20_LONG,5,66,8.740000000000009,20.973999999999933,0,10.0
88,20_LONG,5,67,10.618000000000166,4.485999999999876,1,10.0
88,20_LONG,5,68,8.895999999999958,21.636000000000195,0,10.0
88,20_LONG,5,69,8.903999999999996,21.15599999999995,0,10.0
88,20_LONG,5,70,9.91599999999994,21.980000000000018,0,10.0
88,20_LONG,5,71,9.544000000000096,20.51599999999985,0,10.0
88,20_LONG,5,72,9.375999999999976,22.088000000000193,0,10.0
88,20_LONG,5,73,9.061999999999898,21.32400000000007,0,10.0
88,20_LONG,5,74,10.596000000000004,3.6240000000000236,1,10.0
88,20_LONG,5,75,1.69399999999996,0.023999999999887223,0,10.0
88,20_LONG,5,77,9.10200000000009,38.113999999999805,0,10.0
88,20_LONG,5,78,11.942000000000007,4.226000000000113,1,10.0
88,20_LONG,5,79,10.298000000000002,2.9580000000000837,1,10.0
88,20_LONG,5,80,10.157999999999902,4.379999999999882,1,10.0
88,20_LONG,5,81,10.61200000000008,4.903999999999996,1,10.0
88,20_LONG,5,82,9.02800000000002,21.62200000000007,0,10.0
88,20_LONG,5,83,9.057999999999993,22.05600000000004,0,10.0
88,20_LONG,5,84,9.457999999999856,20.830000000000155,0,10.0
88,20_LONG,5,85,7.461999999999989,21.395999999999958,0,10.0
88,20_LONG,5,86,9.711999999999989,22.84199999999987,0,10.0
88,20_LONG,5,87,11.266000000000076,3.8420000000000982,1,10.0
88,20_LONG,5,88,12.715999999999894,3.435999999999922,1,10.0
88,20_LONG,5,89,7.864000000000033,21.307999999999993,0,10.0
88,20_LONG,5,90,10.554000000000087,5.076000000000022,1,10.0
88,20_LONG,5,91,11.349999999999909,4.347999999999956,1,10.0
88,20_LONG,5,92,0.3380000000001928,0.041999999999916326,0,10.0
88,20_LONG,5,94,10.837999999999965,4.208000000000084,1,10.0
88,20_LONG,5,95,0.7100000000000364,0.015999999999849024,0,10.0
88,20_LONG,5,97,9.291999999999916,27.117999999999938,0,10.0
88,20_LONG,5,98,2.536000000000058,0.01999999999998181,0,10.0
88,20_LONG,5,100,11.096000000000004,8.077999999999975,1,10.0
88,20_LONG,5,101,9.896000000000186,21.717999999999847,0,10.0
88,20_LONG,5,102,8.720000000000027,21.364000000000033,0,10.0
88,20_LONG,5,103,10.564000000000078,4.6039999999998145,1,10.0
88,20_LONG,5,104,11.560000000000173,8.375999999999976,1,10.0
88,20_LONG,5,105,10.682000000000016,5.329999999999927,1,10.0
88,20_LONG,5,106,10.874000000000024,5.392000000000053,1,10.0
88,20_LONG,5,107,9.67599999999993,25.561999999999898,0,10.0
88,20_LONG,5,108,10.485999999999876,4.180000000000291,1,10.0
88,20_LONG,5,109,7.045999999999822,22.526000000000295,0,10.0
88,20_LONG,5,110,8.64599999999973,21.35400000000027,0,10.0
88,20_LONG,5,111,11.11999999999989,3.480000000000018,1,10.0
88,20_LONG,5,112,5.313999999999851,0.09799999999995634,0,10.0
88,20_LONG,5,114,11.958000000000084,3.1799999999998363,1,10.0
88,20_LONG,5,115,1.16800000000012,0.15599999999994907,0,10.0
88,20_LONG,6,1,7.698,21.840000000000003,0,10.0
88,20_LONG,6,2,10.027999999999999,1.5759999999999934,1,10.0
88,20_LONG,6,3,4.740000000000009,0.031999999999996476,0,10.0
88,20_LONG,6,5,13.525999999999996,1.1640000000000015,1,10.0
88,20_LONG,6,6,12.319999999999993,1.4720000000000084,1,10.0
88,20_LONG,6,7,13.245999999999995,5.180000000000007,1,10.0
88,20_LONG,6,8,13.621999999999986,16.53800000000001,1,10.0
88,20_LONG,6,9,14.870000000000005,5.007999999999981,1,10.0
88,20_LONG,6,10,15.346000000000004,4.454000000000008,1,10.0
88,20_LONG,6,11,16.039999999999992,6.968000000000018,1,10.0
88,20_LONG,6,12,0.24199999999999022,0.033999999999991815,0,10.0
88,20_LONG,6,14,12.098000000000013,7.036000000000001,1,10.0
88,20_LONG,6,15,12.739999999999952,3.9080000000000155,1,10.0
88,20_LONG,6,16,11.617999999999995,3.259999999999991,1,10.0
88,20_LONG,6,17,1.024000000000001,0.09200000000004138,0,10.0
88,20_LONG,6,19,1.066000000000031,0.06399999999996453,0,10.0
88,20_LONG,6,21,11.0,1.217999999999961,1,10.0
88,20_LONG,6,22,12.418000000000006,1.8340000000000032,1,10.0
88,20_LONG,6,23,13.338000000000022,3.0960000000000036,1,10.0
88,20_LONG,6,24,11.611999999999966,3.951999999999998,1,10.0
88,20_LONG,6,25,0.8640000000000327,0.07200000000000273,0,10.0
88,20_LONG,6,27,11.854000000000042,4.8659999999999854,1,10.0
88,20_LONG,6,28,0.9080000000000155,0.07599999999996498,0,10.0
88,20_LONG,6,30,1.518000000000029,21.206000000000017,0,10.0
88,20_LONG,6,31,11.45599999999996,3.0160000000000196,1,10.0
88,20_LONG,6,32,13.737999999999943,3.216000000000008,1,10.0
88,20_LONG,6,33,10.492000000000075,2.481999999999971,1,10.0
88,20_LONG,6,34,8.984000000000037,0.14999999999997726,0,10.0
88,20_LONG,6,36,9.860000000000014,22.283999999999992,0,10.0
88,20_LONG,6,37,9.807999999999993,21.091999999999985,0,10.0
88,20_LONG,6,38,10.458000000000084,1.2759999999999536,1,10.0
88,20_LONG,6,39,1.9180000000000064,21.166000000000054,0,10.0
88,20_LONG,6,40,12.519999999999982,3.8460000000000036,1,10.0
88,20_LONG,6,41,12.803999999999974,4.597999999999956,1,10.0
88,20_LONG,6,42,11.456000000000017,4.432000000000016,1,10.0
88,20_LONG,6,43,10.587999999999965,8.758000000000038,1,10.0
88,20_LONG,6,44,11.491999999999962,4.494000000000028,1,10.0
88,20_LONG,6,45,13.04200000000003,3.2659999999999627,1,10.0
88,20_LONG,6,46,0.9360000000000355,0.10000000000002274,0,10.0
88,20_LONG,6,48,13.774000000000001,2.8700000000000045,1,10.0
88,20_LONG,6,49,12.388000000000034,2.5259999999999536,1,10.0
88,20_LONG,6,50,13.029999999999973,4.177999999999997,1,10.0
88,20_LONG,6,51,12.258000000000038,3.4460000000000264,1,10.0
88,20_LONG,6,52,0.5320000000000391,0.03999999999996362,0,10.0
88,20_LONG,6,54,13.644000000000005,3.4599999999999227,1,10.0
88,20_LONG,6,55,12.475999999999999,4.448000000000093,1,10.0
88,20_LONG,6,56,12.527999999999906,3.6720000000000255,1,10.0
88,20_LONG,6,57,12.580000000000041,3.7719999999999345,1,10.0
88,20_LONG,6,58,8.807999999999993,22.148000000000025,0,10.0
88,20_LONG,6,59,12.144000000000005,3.8740000000000236,1,10.0
88,20_LONG,6,60,0.7279999999999518,0.04600000000004911,0,10.0
88,20_LONG,6,62,12.201999999999998,1.8859999999999673,1,10.0
88,20_LONG,6,63,11.456000000000131,2.758000000000038,1,10.0
88,20_LONG,6,64,12.199999999999818,2.0700000000001637,1,10.0
88,20_LONG,6,65,7.645999999999958,21.135999999999967,0,10.0
88,20_LONG,6,66,12.480000000000018,3.490000000000009,1,10.0
88,20_LONG,6,67,11.337999999999965,4.216000000000122,1,10.0
88,20_LONG,6,68,10.201999999999998,4.351999999999862,1,10.0
88,20_LONG,6,69,12.652000000000044,2.9680000000000746,1,10.0
88,20_LONG,6,70,13.261999999999944,3.6979999999998654,1,10.0
88,20_LONG,6,71,1.5800000000001546,0.041999999999916326,0,10.0
88,20_LONG,6,73,15.253999999999905,3.2899999999999636,1,10.0
88,20_LONG,6,74,12.89799999999991,3.5240000000001146,1,10.0
88,20_LONG,6,75,12.365999999999985,2.0060000000000855,1,10.0
88,20_LONG,6,76,1.3959999999999582,0.10599999999999454,0,10.0
88,20_LONG,6,78,10.91599999999994,4.908000000000129,1,10.0
88,20_LONG,6,79,13.305999999999813,2.068000000000211,1,10.0
88,20_LONG,6,80,11.94399999999996,3.785999999999831,1,10.0
88,20_LONG,6,81,10.822000000000116,5.0219999999999345,1,10.0
88,20_LONG,6,82,13.330000000000155,4.63799999999992,1,10.0
88,20_LONG,6,83,10.814000000000078,3.367999999999938,1,10.0
88,20_LONG,6,84,9.983999999999924,0.09400000000005093,0,10.0
88,20_LONG,6,86,10.826000000000022,4.096000000000004,1,10.0
88,20_LONG,6,87,13.529999999999973,3.984000000000151,1,10.0
88,20_LONG,6,88,9.58199999999988,21.65599999999995,0,10.0
88,20_LONG,6,89,12.036000000000058,3.1280000000001564,1,10.0
88,20_LONG,6,90,14.473999999999933,5.142000000000053,1,10.0
88,20_LONG,6,91,10.94399999999996,3.7100000000000364,1,10.0
88,20_LONG,6,92,0.6559999999999491,0.057999999999992724,0,10.0
88,20_LONG,6,94,11.17599999999993,3.4739999999999327,1,10.0
88,20_LONG,6,95,11.652000000000044,4.804000000000087,1,10.0
88,20_LONG,6,96,12.583999999999833,3.2760000000000673,1,10.0
88,20_LONG,6,97,12.051999999999907,3.8480000000001837,1,10.0
88,20_LONG,6,98,11.00799999999981,4.1720000000000255,1,10.0
88,20_LONG,6,99,0.5180000000000291,0.08000000000015461,0,10.0
88,20_LONG,6,101,10.478000000000065,3.1879999999998745,1,10.0
88,20_LONG,6,102,11.718000000000075,0.17599999999993088,1,10.0
88,20_LONG,6,103,0.10200000000008913,21.695999999999913,0,10.0
88,20_LONG,6,104,10.65800000000013,2.2899999999999636,1,10.0
88,20_LONG,6,105,10.776000000000067,3.5399999999999636,1,10.0
88,20_LONG,6,106,9.57400000000007,21.40599999999995,0,10.0
88,20_LONG,6,107,10.200000000000045,3.995999999999867,1,10.0
88,20_LONG,6,108,9.716000000000122,24.28800000000001,0,10.0
88,20_LONG,6,109,10.843999999999824,3.824000000000069,1,10.0
88,20_LONG,6,110,12.188000000000102,4.257999999999811,1,10.0
88,20_LONG,6,111,0.44400000000018736,0.09199999999987085,0,10.0
88,20_LONG,6,113,10.496000000000095,3.382000000000062,1,10.0
88,20_LONG,6,114,12.669999999999845,4.156000000000176,1,10.0
88,20_LONG,6,115,10.913999999999987,1.9679999999998472,1,10.0
88,20_LONG,6,116,11.148000000000138,,1,10.0
89,20_LONG,1,1,0.18599999999999994,0.05000000000000071,0,10.0
89,20_LONG,1,3,10.108000000000004,1.931999999999995,1,10.0
89,20_LONG,1,4,7.927999999999997,24.504000000000005,0,10.0
89,20_LONG,1,5,8.465999999999994,21.080000000000013,0,10.0
89,20_LONG,1,6,0.12199999999999989,0.0759999999999934,0,10.0
89,20_LONG,1,8,0.11600000000001387,21.20599999999999,0,10.0
89,20_LONG,1,9,5.424000000000007,0.02199999999999136,0,10.0
89,20_LONG,1,11,0.32200000000000273,0.054000000000002046,0,10.0
89,20_LONG,1,13,0.43200000000001637,21.147999999999996,0,10.0
89,20_LONG,1,14,10.097999999999985,2.171999999999997,1,10.0
89,20_LONG,1,15,12.271999999999991,2.598000000000013,1,10.0
89,20_LONG,1,16,8.566000000000031,25.265999999999963,0,10.0
89,20_LONG,1,17,10.538000000000011,2.1580000000000155,1,10.0
89,20_LONG,1,18,12.665999999999997,2.1859999999999786,1,10.0
89,20_LONG,1,19,13.317999999999984,3.834000000000003,1,10.0
89,20_LONG,1,20,9.716000000000008,20.47800000000001,0,10.0
89,20_LONG,1,21,9.208000000000027,21.911999999999978,0,10.0
89,20_LONG,1,22,8.521999999999991,21.579999999999984,0,10.0
89,20_LONG,1,23,8.494000000000028,20.317999999999984,0,10.0
89,20_LONG,1,24,8.74799999999999,0.016000000000019554,0,10.0
89,20_LONG,1,26,0.1419999999999959,0.04599999999999227,0,10.0
89,20_LONG,1,28,12.26400000000001,2.6059999999999945,1,10.0
89,20_LONG,1,29,10.504000000000019,3.0019999999999527,1,10.0
89,20_LONG,1,30,8.201999999999998,20.258000000000038,0,10.0
89,20_LONG,1,31,9.57000000000005,23.227999999999952,0,10.0
89,20_LONG,1,32,0.20799999999997,0.17799999999999727,0,10.0
89,20_LONG,1,34,11.312000000000012,3.1159999999999854,1,10.0
89,20_LONG,1,35,8.170000000000073,21.20799999999997,0,10.0
89,20_LONG,1,36,0.5760000000000218,0.07200000000000273,0,10.0
89,20_LONG,1,38,10.463999999999942,2.23599999999999,1,10.0
89,20_LONG,1,39,7.104000000000042,20.511999999999944,0,10.0
89,20_LONG,1,40,9.744000000000028,21.648000000000025,0,10.0
89,20_LONG,1,41,11.67999999999995,3.1159999999999854,1,10.0
89,20_LONG,1,42,6.798000000000002,20.728000000000065,0,10.0
89,20_LONG,1,43,11.855999999999995,2.3139999999999645,1,10.0
89,20_LONG,1,44,9.629999999999995,20.454000000000065,0,10.0
89,20_LONG,1,45,12.377999999999929,3.6440000000000055,1,10.0
89,20_LONG,1,46,9.77800000000002,21.666000000000054,0,10.0
89,20_LONG,1,47,0.2199999999999136,0.20800000000008367,0,10.0
89,20_LONG,1,49,1.6460000000000719,0.041999999999916326,0,10.0
89,20_LONG,1,51,8.437999999999988,20.283999999999992,0,10.0
89,20_LONG,1,52,11.408000000000015,2.2340000000000373,1,10.0
89,20_LONG,1,53,10.67999999999995,2.453999999999951,1,10.0
89,20_LONG,1,54,0.17200000000002547,20.557999999999993,0,10.0
89,20_LONG,1,55,14.870000000000005,2.7260000000001128,1,10.0
89,20_LONG,1,56,10.25799999999981,3.7100000000000364,1,10.0
89,20_LONG,1,57,9.096000000000004,20.991999999999962,0,10.0
89,20_LONG,1,58,8.092000000000098,0.018000000000029104,0,10.0
89,20_LONG,1,60,7.982000000000198,20.298000000000002,0,10.0
89,20_LONG,1,61,10.615999999999985,2.288000000000011,1,10.0
89,20_LONG,1,62,9.065999999999804,24.388000000000147,0,10.0
89,20_LONG,1,63,10.594000000000051,1.9239999999999782,1,10.0
89,20_LONG,1,64,9.261999999999944,20.884000000000015,0,10.0
89,20_LONG,1,65,1.8119999999998981,0.10400000000004184,0,10.0
89,20_LONG,1,67,1.009999999999991,0.2319999999999709,0,10.0
89,20_LONG,1,69,3.2480000000000473,20.319999999999936,0,10.0
89,20_LONG,1,70,0.35200000000008913,20.264000000000124,0,10.0
89,20_LONG,1,71,9.393999999999778,20.856000000000222,0,10.0
89,20_LONG,1,72,11.69199999999978,2.900000000000091,1,10.0
89,20_LONG,1,73,9.490000000000009,21.83400000000006,0,10.0
89,20_LONG,1,74,10.475999999999885,2.481999999999971,1,10.0
89,20_LONG,1,75,9.718000000000075,20.660000000000082,0,10.0
89,20_LONG,1,76,0.15599999999994907,0.04800000000000182,0,10.0
89,20_LONG,1,78,7.324000000000069,20.837999999999965,0,10.0
89,20_LONG,1,79,9.877999999999929,22.125999999999976,0,10.0
89,20_LONG,1,80,9.188000000000102,22.021999999999935,0,10.0
89,20_LONG,1,81,10.16599999999994,2.352000000000089,1,10.0
89,20_LONG,1,82,7.63799999999992,20.282000000000153,0,10.0
89,20_LONG,1,83,11.135999999999967,3.5860000000000127,1,10.0
89,20_LONG,1,84,9.725999999999885,20.246000000000095,0,10.0
89,20_LONG,1,85,8.83199999999988,20.567999999999984,0,10.0
89,20_LONG,1,86,0.5579999999999927,21.12200000000007,0,10.0
89,20_LONG,1,87,10.07400000000007,3.2819999999999254,1,10.0
89,20_LONG,1,88,7.442000000000007,20.284000000000106,0,10.0
89,20_LONG,1,89,9.066000000000031,20.38799999999992,0,10.0
89,20_LONG,1,90,8.316000000000031,0.009999999999990905,0,10.0
89,20_LONG,1,91,0.35199999999986176,20.476000000000113,0,10.0
89,20_LONG,1,92,10.10200000000009,2.759999999999991,1,10.0
89,20_LONG,1,93,9.701999999999998,20.54599999999982,0,10.0
89,20_LONG,1,94,11.865999999999985,2.8659999999999854,1,10.0
89,20_LONG,1,95,8.66800000000012,20.266000000000076,0,10.0
89,20_LONG,1,96,8.349999999999909,21.705999999999904,0,10.0
89,20_LONG,1,97,6.814000000000078,41.384000000000015,0,10.0
89,20_LONG,1,98,7.266000000000076,46.27800000000002,0,10.0
89,20_LONG,1,99,7.673999999999978,20.485999999999876,0,10.0
89,20_LONG,1,100,8.97199999999998,20.814000000000078,0,10.0
89,20_LONG,1,101,9.103999999999814,22.426000000000386,0,10.0
89,20_LONG,1,102,8.695999999999913,20.286000000000058,0,10.0
89,20_LONG,1,103,7.655999999999949,20.79399999999987,0,10.0
89,20_LONG,1,104,7.97400000000016,21.971999999999753,0,10.0
89,20_LONG,1,105,1.2699999999999818,0.04400000000032378,0,10.0
89,20_LONG,1,107,7.8659999999999854,20.36200000000008,0,10.0
89,20_LONG,1,108,7.7039999999997235,20.326000000000022,0,10.0
89,20_LONG,1,109,11.213999999999942,3.6080000000001746,1,10.0
89,20_LONG,1,110,7.86200000000008,20.677999999999884,0,10.0
89,20_LONG,1,111,0.11799999999993815,20.253999999999905,0,10.0
89,20_LONG,1,112,6.824000000000069,21.5300000000002,0,10.0
89,20_LONG,1,113,7.549999999999727,23.044000000000324,0,10.0
89,20_LONG,1,114,7.669999999999618,22.472000000000207,0,10.0
89,20_LONG,1,115,8.344000000000051,21.179999999999836,0,10.0
89,20_LONG,1,116,10.148000000000138,,1,10.0
89,20_LONG,2,1,8.684000000000005,20.141999999999996,0,10.0
89,20_LONG,2,2,9.169999999999995,20.754000000000005,0,10.0
89,20_LONG,2,3,1.4440000000000026,0.03999999999999204,0,10.0
89,20_LONG,2,5,7.364000000000004,20.897999999999996,0,10.0
89,20_LONG,2,6,0.6220000000000141,0.11400000000000432,0,10.0
89,20_LONG,2,8,11.176000000000016,2.579999999999984,1,10.0
89,20_LONG,2,9,10.036000000000001,0.012000000000000455,1,10.0
89,20_LONG,2,10,0.40399999999999636,26.310000000000002,0,10.0
89,20_LONG,2,11,11.27000000000001,2.7239999999999895,1,10.0
89,20_LONG,2,12,7.676000000000016,0.06399999999999295,0,10.0
89,20_LONG,2,14,5.923999999999978,20.34200000000004,0,10.0
89,20_LONG,2,15,4.807999999999993,0.07200000000000273,0,10.0
89,20_LONG,2,17,4.581999999999994,0.014000000000010004,0,10.0
89,20_LONG,2,19,8.066000000000031,21.848000000000013,0,10.0
89,20_LONG,2,20,9.563999999999965,21.620000000000005,0,10.0
89,20_LONG,2,21,10.855999999999995,0.008000000000038199,1,10.0
89,20_LONG,2,22,0.08599999999995589,1.9300000000000068,0,10.0
89,20_LONG,2,23,10.05400000000003,3.240000000000009,1,10.0
89,20_LONG,2,24,9.977999999999952,20.212000000000046,0,10.0
89,20_LONG,2,25,12.560000000000002,2.4699999999999704,1,10.0
89,20_LONG,2,26,11.475999999999999,2.0600000000000023,1,10.0
89,20_LONG,2,27,2.0060000000000286,0.09799999999995634,0,10.0
89,20_LONG,2,30,11.584000000000003,2.005999999999972,1,10.0
89,20_LONG,2,31,9.557999999999993,20.81000000000006,0,10.0
89,20_LONG,2,32,6.043999999999983,0.02400000000000091,0,10.0
89,20_LONG,2,34,9.227999999999952,20.317999999999984,0,10.0
89,20_LONG,2,35,8.464000000000055,20.20799999999997,0,10.0
89,20_LONG,2,36,0.13999999999998636,0.01999999999998181,0,10.0
89,20_LONG,2,40,0.8959999999999582,0.10000000000002274,0,10.0
89,20_LONG,2,42,9.211999999999989,4.2280000000000655,0,10.0
89,20_LONG,2,44,0.25,0.07800000000008822,0,10.0
89,20_LONG,2,46,5.505999999999972,20.236000000000104,0,10.0
89,20_LONG,2,47,8.923999999999978,20.343999999999937,0,10.0
89,20_LONG,2,48,9.638000000000034,20.186000000000035,0,10.0
89,20_LONG,2,49,10.743999999999915,4.798000000000002,1,10.0
89,20_LONG,2,50,8.653999999999996,20.110000000000014,0,10.0
89,20_LONG,2,51,0.13400000000001455,0.06000000000005912,0,10.0
89,20_LONG,2,53,9.164000000000101,9.025999999999954,0,10.0
89,20_LONG,2,55,7.909999999999968,21.01400000000001,0,10.0
89,20_LONG,2,56,8.846000000000004,0.029999999999972715,0,10.0
89,20_LONG,2,59,9.101999999999975,21.1640000000001,0,10.0
89,20_LONG,2,60,10.18999999999994,2.2759999999999536,1,10.0
89,20_LONG,2,61,9.076000000000022,20.881999999999948,0,10.0
89,20_LONG,2,62,0.22800000000006548,21.837999999999965,0,10.0
89,20_LONG,2,63,8.367999999999938,20.19600000000014,0,10.0
89,20_LONG,2,64,8.816000000000031,20.541999999999916,0,10.0
89,20_LONG,2,65,8.978000000000065,20.243999999999915,0,10.0
89,20_LONG,2,66,9.532000000000153,20.217999999999847,0,10.0
89,20_LONG,2,67,9.900000000000091,20.192000000000007,0,10.0
89,20_LONG,2,68,10.268000000000029,3.0879999999999654,1,10.0
89,20_LONG,2,69,9.967999999999847,0.10000000000013642,0,10.0
89,20_LONG,2,71,12.950000000000045,2.9020000000000437,1,10.0
89,20_LONG,2,72,7.8940000000000055,21.161999999999807,0,10.0
89,20_LONG,2,73,0.22400000000016007,21.79599999999982,0,10.0
89,20_LONG,2,74,10.476000000000113,2.1079999999999472,1,10.0
89,20_LONG,2,75,9.506000000000085,21.299999999999955,0,10.0
89,20_LONG,2,76,9.228000000000065,21.57399999999984,0,10.0
89,20_LONG,2,77,7.346000000000004,20.24200000000019,0,10.0
89,20_LONG,2,78,0.035999999999830834,0.004000000000132786,0,10.0
89,20_LONG,2,79,0.2639999999998963,20.11200000000008,0,10.0
89,20_LONG,2,80,1.7019999999999982,0.10199999999986176,0,10.0
89,20_LONG,2,82,1.0960000000000036,20.218000000000075,0,10.0
89,20_LONG,2,83,9.420000000000073,20.927999999999884,0,10.0
89,20_LONG,2,84,1.4420000000000073,0.07200000000011642,0,10.0
89,20_LONG,2,86,7.314000000000078,20.22199999999998,0,10.0
89,20_LONG,2,87,9.134000000000015,20.201999999999998,0,10.0
89,20_LONG,2,88,8.438000000000102,20.197999999999865,0,10.0
89,20_LONG,2,89,1.7180000000000746,0.07600000000002183,0,10.0
89,20_LONG,2,91,8.32400000000007,20.867999999999938,0,10.0
89,20_LONG,2,92,8.846000000000004,20.395999999999958,0,10.0
89,20_LONG,2,93,11.865999999999985,3.5060000000000855,1,10.0
89,20_LONG,2,94,11.048000000000002,2.9739999999999327,1,10.0
89,20_LONG,2,95,11.432000000000016,5.518000000000029,1,10.0
89,20_LONG,2,96,10.349999999999909,5.516000000000076,1,10.0
89,20_LONG,2,97,10.048000000000002,4.2280000000000655,1,10.0
89,20_LONG,2,98,10.131999999999834,2.9200000000000728,1,10.0
89,20_LONG,2,99,10.182000000000016,7.5,1,10.0
89,20_LONG,2,100,9.304000000000087,21.061999999999898,0,10.0
89,20_LONG,2,101,8.64799999999991,21.01000000000022,0,10.0
89,20_LONG,2,102,9.959999999999809,20.784000000000106,0,10.0
89,20_LONG,2,103,9.518000000000029,20.273999999999887,0,10.0
89,20_LONG,2,104,12.04600000000005,1.928000000000111,1,10.0
89,20_LONG,2,105,12.153999999999996,2.0499999999999545,1,10.0
89,20_LONG,2,106,7.557999999999993,20.24000000000001,0,10.0
89,20_LONG,2,107,11.463999999999942,2.961999999999989,1,10.0
89,20_LONG,2,108,11.208000000000084,3.1920000000000073,1,10.0
89,20_LONG,2,109,9.189999999999827,12.836000000000013,0,10.0
89,20_LONG,2,111,10.236000000000104,2.83199999999988,1,10.0
89,20_LONG,2,112,10.528000000000247,1.7859999999996035,1,10.0
89,20_LONG,2,113,11.692000000000007,4.153999999999996,1,10.0
89,20_LONG,2,114,9.844000000000051,16.782000000000153,0,10.0
89,20_LONG,2,116,8.7800000000002,20.577999999999975,0,10.0
89,20_LONG,2,117,9.049999999999727,20.876000000000204,0,10.0
89,20_LONG,2,118,9.911999999999807,20.222000000000207,0,10.0
89,20_LONG,2,119,8.900000000000091,20.547999999999774,0,10.0
89,20_LONG,2,120,1.1779999999998836,0.06400000000030559,0,10.0
89,20_LONG,2,122,8.652000000000044,20.373999999999796,0,10.0
89,20_LONG,2,123,11.170000000000073,1.900000000000091,1,10.0
89,20_LONG,2,124,7.192000000000007,20.365999999999985,0,10.0
89,20_LONG,2,125,8.389999999999873,21.269999999999982,0,10.0
89,20_LONG,2,126,9.208000000000084,21.20400000000018,0,10.0
89,20_LONG,2,127,7.727999999999611,,0,10.0
89,20_LONG,3,1,10.452000000000002,0.007999999999995566,1,10.0
89,20_LONG,3,2,0.10600000000000165,1.466000000000001,0,10.0
89,20_LONG,3,3,8.724000000000004,19.14999999999999,0,10.0
89,20_LONG,3,5,9.914000000000001,5.507999999999996,0,10.0
89,20_LONG,3,7,9.887999999999991,20.268000000000015,0,10.0
89,20_LONG,3,8,9.316000000000003,12.060000000000002,0,10.0
89,20_LONG,3,10,0.21000000000000796,0.07200000000000273,0,10.0
89,20_LONG,3,13,0.08599999999998431,0.04599999999999227,0,10.0
89,20_LONG,3,15,8.292000000000002,10.671999999999997,0,10.0
89,20_LONG,3,17,10.902000000000015,1.382000000000005,1,10.0
89,20_LONG,3,18,10.267999999999972,1.4580000000000268,1,10.0
89,20_LONG,3,19,10.003999999999962,2.6240000000000236,1,10.0
89,20_LONG,3,20,9.401999999999987,20.201999999999998,0,10.0
89,20_LONG,3,21,9.828000000000031,7.147999999999968,0,10.0
89,20_LONG,3,23,10.517999999999972,1.5980000000000132,1,10.0
89,20_LONG,3,24,2.5539999999999736,0.04200000000003001,0,10.0
89,20_LONG,3,26,9.877999999999986,11.682000000000016,0,10.0
89,20_LONG,3,28,7.391999999999996,20.265999999999963,0,10.0
89,20_LONG,3,29,7.650000000000034,11.225999999999999,0,10.0
89,20_LONG,3,31,1.0480000000000018,0.038000000000010914,0,10.0
89,20_LONG,3,34,6.930000000000007,20.44599999999997,0,10.0
89,20_LONG,3,35,8.868000000000052,20.21599999999995,0,10.0
89,20_LONG,3,36,8.474000000000046,21.177999999999997,0,10.0
89,20_LONG,3,37,8.185999999999922,20.530000000000086,0,10.0
89,20_LONG,3,38,8.831999999999994,20.244000000000028,0,10.0
89,20_LONG,3,39,0.9259999999999309,0.04600000000004911,0,10.0
89,20_LONG,3,41,10.73599999999999,2.324000000000069,1,10.0
89,20_LONG,3,42,9.199999999999932,21.128000000000043,0,10.0
89,20_LONG,3,43,12.20399999999995,1.6440000000000055,1,10.0
89,20_LONG,3,44,10.622000000000071,1.7939999999999827,1,10.0
89,20_LONG,3,45,12.757999999999925,1.9039999999999964,1,10.0
89,20_LONG,3,46,12.734000000000037,2.29200000000003,1,10.0
89,20_LONG,3,47,9.807999999999993,0.049999999999954525,0,10.0
89,20_LONG,3,50,9.097999999999956,14.669999999999959,0,10.0
89,20_LONG,3,52,10.813999999999965,1.9420000000000073,1,10.0
89,20_LONG,3,53,9.312000000000012,9.350000000000023,0,10.0
89,20_LONG,3,57,8.950000000000045,10.032000000000039,0,10.0
89,20_LONG,3,60,0.11799999999993815,8.358000000000061,0,10.0
89,20_LONG,3,62,8.09800000000007,18.65199999999993,0,10.0
89,20_LONG,3,64,10.799999999999955,2.094000000000051,1,10.0
89,20_LONG,3,65,9.067999999999984,20.360000000000014,0,10.0
89,20_LONG,3,66,10.025999999999954,2.240000000000009,1,10.0
89,20_LONG,3,67,9.162000000000035,20.451999999999998,0,10.0
89,20_LONG,3,68,0.05200000000002092,20.733999999999924,0,10.0
89,20_LONG,3,69,9.347999999999956,20.208000000000084,0,10.0
89,20_LONG,3,70,9.748000000000047,13.269999999999982,0,10.0
89,20_LONG,3,72,10.565999999999804,2.11200000000008,1,10.0
89,20_LONG,3,73,9.95399999999995,14.672000000000025,0,10.0
89,20_LONG,3,75,10.898000000000138,1.8399999999999181,1,10.0
89,20_LONG,3,76,10.559999999999945,2.173999999999978,1,10.0
89,20_LONG,3,77,12.486000000000104,2.2439999999999145,1,10.0
89,20_LONG,3,78,12.394000000000005,1.8460000000000036,1,10.0
89,20_LONG,3,79,14.302000000000135,3.3819999999998345,1,10.0
89,20_LONG,3,80,3.602000000000089,0.02800000000002001,0,10.0
89,20_LONG,3,82,11.867999999999938,2.0219999999999345,1,10.0
89,20_LONG,3,83,1.6600000000000819,0.06799999999998363,0,10.0
89,20_LONG,3,85,11.487999999999829,1.8600000000001273,1,10.0
89,20_LONG,3,86,12.079999999999927,2.2380000000000564,1,10.0
89,20_LONG,3,87,10.653999999999996,2.3659999999999854,1,10.0
89,20_LONG,3,88,13.089999999999918,3.6000000000001364,1,10.0
89,20_LONG,3,89,9.771999999999935,20.19399999999996,0,10.0
89,20_LONG,3,90,10.68600000000015,1.6139999999998054,1,10.0
89,20_LONG,3,91,10.33400000000006,2.436000000000149,1,10.0
89,20_LONG,3,92,9.597999999999956,20.687999999999874,0,10.0
89,20_LONG,3,93,9.682000000000016,20.66599999999994,0,10.0
89,20_LONG,3,94,11.66800000000012,2.4559999999999036,1,10.0
89,20_LONG,3,95,10.688000000000102,1.9639999999999418,1,10.0
89,20_LONG,3,96,11.10200000000009,2.008000000000038,1,10.0
89,20_LONG,3,97,12.048000000000002,2.7679999999998017,1,10.0
89,20_LONG,3,98,0.3200000000001637,0.08600000000001273,0,10.0
89,20_LONG,3,100,11.403999999999996,2.0419999999999163,1,10.0
89,20_LONG,3,101,10.282000000000153,4.433999999999969,1,10.0
89,20_LONG,3,102,12.001999999999953,3.935999999999922,1,10.0
89,20_LONG,3,103,8.65800000000013,19.957999999999856,0,10.0
89,20_LONG,3,107,8.538000000000011,20.188000000000102,0,10.0
89,20_LONG,3,108,11.38799999999992,2.155999999999949,1,10.0
89,20_LONG,3,109,11.026000000000067,3.490000000000009,1,10.0
89,20_LONG,3,110,10.105999999999995,2.1400000000001,1,10.0
89,20_LONG,3,111,12.596000000000004,2.265999999999849,1,10.0
89,20_LONG,3,112,8.054000000000087,20.299999999999955,0,10.0
89,20_LONG,3,113,9.458000000000084,15.566000000000031,0,10.0
89,20_LONG,3,116,12.473999999999933,2.4739999999999327,1,10.0
89,20_LONG,3,117,8.860000000000127,12.549999999999955,0,10.0
89,20_LONG,3,119,10.457999999999856,2.0019999999999527,1,10.0
89,20_LONG,3,120,10.420000000000073,2.673999999999978,1,10.0
89,20_LONG,3,121,8.496000000000095,20.213999999999942,0,10.0
89,20_LONG,3,122,10.190000000000055,1.7100000000000364,1,10.0
89,20_LONG,3,123,11.02599999999984,2.050000000000182,1,10.0
89,20_LONG,3,124,10.759999999999991,2.66599999999994,1,10.0
89,20_LONG,3,125,8.814000000000078,20.21199999999999,0,10.0
89,20_LONG,3,126,9.923999999999978,15.533999999999878,0,10.0
89,20_LONG,3,129,10.367999999999938,1.9360000000001492,1,10.0
89,20_LONG,3,130,12.429999999999836,0.17000000000007276,1,10.0
89,20_LONG,3,131,0.09799999999995634,15.344000000000051,0,10.0
89,20_LONG,3,134,9.3599999999999,17.97400000000016,0,10.0
89,20_LONG,3,136,9.36999999999989,10.577999999999975,0,10.0
89,20_LONG,3,139,8.481999999999744,20.184000000000196,0,10.0
89,20_LONG,3,140,8.208000000000084,6.398000000000138,0,10.0
89,20_LONG,3,142,0.09200000000009823,20.228000000000065,0,10.0
89,20_LONG,3,143,8.740000000000236,,0,10.0
89,20_LONG,4,1,10.36,1.6920000000000002,1,10.0
89,20_LONG,4,2,7.853999999999999,8.380000000000003,0,10.0
89,20_LONG,4,7,2.7759999999999962,0.01999999999999602,0,10.0
89,20_LONG,4,9,7.6299999999999955,21.092,0,10.0
89,20_LONG,4,10,8.903999999999996,20.238,0,10.0
89,20_LONG,4,11,4.861999999999995,10.818000000000012,0,10.0
89,20_LONG,4,14,8.28400000000002,20.19999999999999,0,10.0
89,20_LONG,4,15,9.602000000000004,20.336000000000013,0,10.0
89,20_LONG,4,16,0.025999999999982037,0.036000000000001364,0,10.0
89,20_LONG,4,19,8.281999999999982,13.23599999999999,0,10.0
89,20_LONG,4,21,8.254000000000019,20.20799999999997,0,10.0
89,20_LONG,4,22,7.519999999999982,20.28800000000001,0,10.0
89,20_LONG,4,23,9.346000000000004,21.04200000000003,0,10.0
89,20_LONG,4,24,8.769999999999982,21.262,0,10.0
89,20_LONG,4,25,6.9839999999999804,22.175999999999988,0,10.0
89,20_LONG,4,26,9.490000000000009,21.436000000000035,0,10.0
89,20_LONG,4,27,11.20799999999997,1.8500000000000227,1,10.0
89,20_LONG,4,28,9.129999999999995,20.27600000000001,0,10.0
89,20_LONG,4,29,10.641999999999939,1.30600000000004,1,10.0
89,20_LONG,4,30,0.033999999999991815,0.08600000000001273,0,10.0
89,20_LONG,4,32,9.908000000000015,20.177999999999997,0,10.0
89,20_LONG,4,33,10.094000000000051,2.23599999999999,1,10.0
89,20_LONG,4,34,5.933999999999969,20.158000000000015,0,10.0
89,20_LONG,4,35,8.107999999999947,7.074000000000069,0,10.0
89,20_LONG,4,37,8.594000000000051,18.069999999999936,0,10.0
89,20_LONG,4,39,9.840000000000032,15.892000000000053,0,10.0
89,20_LONG,4,41,0.21400000000005548,20.40599999999995,0,10.0
89,20_LONG,4,42,0.12800000000004275,20.50999999999999,0,10.0
89,20_LONG,4,43,8.148000000000025,18.505999999999972,0,10.0
89,20_LONG,4,45,8.276000000000067,20.173999999999978,0,10.0
89,20_LONG,4,46,10.470000000000027,2.005999999999972,1,10.0
89,20_LONG,4,47,8.196000000000026,21.096000000000004,0,10.0
89,20_LONG,4,48,7.98599999999999,20.216000000000008,0,10.0
89,20_LONG,4,49,7.531999999999925,9.418000000000006,0,10.0
89,20_LONG,4,51,8.526000000000067,12.573999999999955,0,10.0
89,20_LONG,4,53,9.218000000000075,20.375999999999976,0,10.0
89,20_LONG,4,54,0.2279999999999518,20.196000000000026,0,10.0
89,20_LONG,4,55,8.836000000000013,20.210000000000036,0,10.0
89,20_LONG,4,56,9.70799999999997,20.214000000000055,0,10.0
89,20_LONG,4,57,9.783999999999878,0.008000000000038199,0,10.0
89,20_LONG,4,58,0.10000000000013642,20.201999999999998,0,10.0
89,20_LONG,4,59,9.83199999999988,22.98199999999997,0,10.0
89,20_LONG,4,60,9.276000000000067,20.417999999999893,0,10.0
89,20_LONG,4,61,8.636000000000195,20.6579999999999,0,10.0
89,20_LONG,4,62,8.445999999999913,20.152000000000044,0,10.0
89,20_LONG,4,63,9.867999999999938,20.19600000000014,0,10.0
89,20_LONG,4,64,10.445999999999913,1.7460000000000946,1,10.0
89,20_LONG,4,65,9.25,20.21199999999999,0,10.0
89,20_LONG,4,66,9.346000000000004,20.289999999999964,0,10.0
89,20_LONG,4,67,0.3079999999999927,20.205999999999904,0,10.0
89,20_LONG,4,68,8.336000000000013,20.188000000000102,0,10.0
89,20_LONG,4,69,10.17599999999993,2.494000000000142,1,10.0
89,20_LONG,4,70,9.34199999999987,18.95399999999995,0,10.0
89,20_LONG,4,72,7.535999999999831,20.190000000000055,0,10.0
89,20_LONG,4,73,8.690000000000055,20.197999999999865,0,10.0
89,20_LONG,4,74,10.105999999999995,1.3980000000001382,1,10.0
89,20_LONG,4,75,6.488000000000056,20.47999999999979,0,10.0
89,20_LONG,4,76,9.172000000000025,20.201999999999998,0,10.0
89,20_LONG,4,77,11.812000000000126,1.9959999999998672,1,10.0
89,20_LONG,4,78,10.11200000000008,2.064000000000078,1,10.0
89,20_LONG,4,79,10.301999999999907,1.788000000000011,1,10.0
89,20_LONG,4,80,9.842000000000098,20.187999999999874,0,10.0
89,20_LONG,4,81,9.440000000000055,21.615999999999985,0,10.0
89,20_LONG,4,82,8.991999999999962,20.19600000000014,0,10.0
89,20_LONG,4,83,13.357999999999947,2.4939999999999145,1,10.0
89,20_LONG,4,84,9.13000000000011,20.355999999999995,0,10.0
89,20_LONG,4,85,0.08199999999987995,21.46199999999999,0,10.0
89,20_LONG,4,86,9.72400000000016,20.58199999999988,0,10.0
89,20_LONG,4,87,9.210000000000036,20.395999999999958,0,10.0
89,20_LONG,4,88,9.152000000000044,12.455999999999904,0,10.0
89,20_LONG,4,90,14.538000000000011,1.4639999999999418,1,10.0
89,20_LONG,4,91,10.566000000000031,2.6720000000000255,1,10.0
89,20_LONG,4,92,9.243999999999915,1.7419999999999618,0,10.0
89,20_LONG,4,94,8.38799999999992,20.394000000000005,0,10.0
89,20_LONG,4,95,8.8900000000001,20.201999999999998,0,10.0
89,20_LONG,4,96,10.567999999999984,1.9600000000000364,1,10.0
89,20_LONG,4,97,12.286000000000058,2.145999999999958,1,10.0
89,20_LONG,4,98,12.018000000000029,1.6319999999998345,1,10.0
89,20_LONG,4,99,0.8240000000000691,0.03199999999992542,0,10.0
89,20_LONG,4,101,10.087999999999965,1.33400000000006,1,10.0
89,20_LONG,4,102,11.451999999999998,2.788000000000011,1,10.0
89,20_LONG,4,103,9.22199999999998,0.06199999999989814,0,10.0
89,20_LONG,4,105,9.092000000000098,20.451999999999998,0,10.0
89,20_LONG,4,106,10.145999999999958,3.150000000000091,1,10.0
89,20_LONG,4,107,8.766000000000076,20.25,0,10.0
89,20_LONG,4,108,10.036000000000058,1.6279999999997017,1,10.0
89,20_LONG,4,109,4.526000000000295,0.03599999999960346,0,10.0
89,20_LONG,4,111,10.16399999999976,1.7260000000001128,1,10.0
89,20_LONG,4,112,10.423999999999978,2.311999999999898,1,10.0
89,20_LONG,4,113,9.559999999999945,20.390000000000327,0,10.0
89,20_LONG,4,114,8.795999999999822,20.2199999999998,0,10.0
89,20_LONG,4,115,9.038000000000011,20.190000000000055,0,10.0
89,20_LONG,4,116,10.054000000000087,2.2220000000002074,1,10.0
89,20_LONG,4,117,9.131999999999607,20.220000000000255,0,10.0
89,20_LONG,4,118,10.11200000000008,2.1520000000000437,1,10.0
89,20_LONG,4,119,8.2199999999998,20.199999999999818,0,10.0
89,20_LONG,4,120,11.402000000000044,0.038000000000010914,1,10.0
89,20_LONG,4,121,0.20600000000013097,20.21199999999999,0,10.0
89,20_LONG,4,122,11.766000000000076,0.10800000000017462,1,10.0
89,20_LONG,4,123,0.04599999999982174,20.878000000000156,0,10.0
89,20_LONG,4,124,9.643999999999778,,0,10.0
89,20_LONG,5,1,7.287999999999997,16.222,0,0.0
89,20_LONG,5,5,10.718000000000004,2.6599999999999966,1,0.0
89,20_LONG,5,6,9.774000000000001,12.262,0,0.0
89,20_LONG,5,8,0.5120000000000005,20.191999999999993,0,0.0
89,20_LONG,5,9,7.849999999999994,17.844000000000023,0,0.0
89,20_LONG,5,11,8.024000000000001,21.726,0,0.0
89,20_LONG,5,12,10.298000000000002,2.0619999999999834,1,0.0
89,20_LONG,5,13,8.78400000000002,20.208,0,0.0
89,20_LONG,5,14,0.907999999999987,0.038000000000010914,0,0.0
89,20_LONG,5,16,2.9399999999999977,0.018000000000000682,0,0.0
89,20_LONG,5,20,8.70399999999995,20.234000000000037,0,0.0
89,20_LONG,5,21,0.44399999999996,4.486000000000047,0,0.0
89,20_LONG,5,26,9.656000000000006,15.663999999999987,0,0.0
89,20_LONG,5,28,9.640000000000043,20.50999999999999,0,0.0
89,20_LONG,5,29,7.524000000000001,20.19999999999999,0,0.0
89,20_LONG,5,30,8.326000000000022,0.22999999999996135,0,0.0
89,20_LONG,5,33,8.489999999999952,20.620000000000005,0,0.0
89,20_LONG,5,34,8.53000000000003,0.12000000000000455,0,0.0
89,20_LONG,5,37,13.891999999999939,1.5300000000000864,1,0.0
89,20_LONG,5,38,11.466000000000008,1.1219999999999573,1,0.0
89,20_LONG,5,39,11.378000000000043,1.7099999999999227,1,0.0
89,20_LONG,5,40,11.398000000000025,2.6960000000000264,1,0.0
89,20_LONG,5,41,9.860000000000014,0.09199999999998454,0,0.0
89,20_LONG,5,43,8.237999999999943,20.194000000000074,0,0.0
89,20_LONG,5,44,10.41599999999994,1.2660000000000764,1,0.0
89,20_LONG,5,45,0.5679999999999836,0.01999999999998181,0,0.0
89,20_LONG,5,47,9.552000000000021,20.149999999999977,0,0.0
89,20_LONG,5,48,2.937999999999988,19.734000000000037,0,0.0
89,20_LONG,5,50,8.908000000000015,19.76800000000003,0,0.0
89,20_LONG,5,52,8.576000000000022,15.293999999999983,0,0.0
89,20_LONG,5,56,9.26400000000001,15.874000000000024,0,0.0
89,20_LONG,5,59,7.974000000000046,13.600000000000023,0,0.0
89,20_LONG,5,61,9.680000000000064,20.19399999999996,0,0.0
89,20_LONG,5,62,10.29600000000005,2.0860000000000127,1,0.0
89,20_LONG,5,63,9.97199999999998,20.389999999999986,0,0.0
89,20_LONG,5,64,10.057999999999993,1.8600000000000136,1,0.0
89,20_LONG,5,65,9.361999999999966,0.08799999999996544,0,0.0
89,20_LONG,5,68,11.395999999999958,1.2899999999999636,1,0.0
89,20_LONG,5,69,9.625999999999976,20.460000000000036,0,0.0
89,20_LONG,5,70,11.187999999999988,1.8960000000000719,1,0.0
89,20_LONG,5,71,8.408000000000015,20.203999999999837,0,0.0
89,20_LONG,5,72,8.096000000000004,20.153999999999996,0,0.0
89,20_LONG,5,73,10.394000000000005,2.9500000000000455,1,0.0
89,20_LONG,5,74,9.711999999999989,19.200000000000045,0,0.0
89,20_LONG,5,76,8.529999999999973,0.2179999999998472,0,0.0
89,20_LONG,5,80,9.322000000000116,13.323999999999842,0,0.0
89,20_LONG,5,82,8.731999999999971,11.705999999999904,0,0.0
89,20_LONG,5,87,10.181999999999789,1.41800000000012,1,0.0
89,20_LONG,5,88,10.347999999999956,2.6380000000001473,1,0.0
89,20_LONG,5,89,10.255999999999858,2.048000000000002,1,0.0
89,20_LONG,5,90,8.192000000000007,20.198000000000093,0,0.0
89,20_LONG,5,91,8.843999999999824,20.51200000000017,0,0.0
89,20_LONG,5,92,12.503999999999905,1.25,1,0.0
89,20_LONG,5,93,11.69399999999996,1.984000000000151,1,0.0
89,20_LONG,5,94,2.963999999999942,0.04600000000004911,0,0.0
89,20_LONG,5,96,10.228000000000065,2.9680000000000746,1,0.0
89,20_LONG,5,97,10.705999999999904,2.6980000000000928,1,0.0
89,20_LONG,5,98,10.475999999999885,1.75,1,0.0
89,20_LONG,5,99,11.034000000000106,1.7239999999999327,1,0.0
89,20_LONG,5,100,9.542000000000144,19.201999999999998,0,0.0
89,20_LONG,5,102,0.057999999999992724,0.014000000000123691,0,0.0
89,20_LONG,5,106,9.05600000000004,20.200000000000045,0,0.0
89,20_LONG,5,107,10.77599999999984,2.5980000000001837,1,0.0
89,20_LONG,5,108,11.847999999999956,2.7480000000000473,1,0.0
89,20_LONG,5,109,14.291999999999916,3.400000000000091,1,0.0
89,20_LONG,5,110,10.951999999999998,1.711999999999989,1,0.0
89,20_LONG,5,111,11.627999999999929,2.571999999999889,1,0.0
89,20_LONG,5,112,0.2940000000000964,0.06799999999998363,0,0.0
89,20_LONG,5,114,10.097999999999956,2.650000000000091,1,0.0
89,20_LONG,5,115,10.823999999999842,4.524000000000115,1,0.0
89,20_LONG,5,116,12.983999999999924,1.4919999999999618,1,0.0
89,20_LONG,5,117,10.75,2.3120000000001255,1,0.0
89,20_LONG,5,118,9.463999999999942,20.213999999999942,0,0.0
89,20_LONG,5,119,9.779999999999973,14.660000000000082,0,0.0
89,20_LONG,5,123,0.265999999999849,20.190000000000055,0,0.0
89,20_LONG,5,124,11.592000000000098,1.477999999999838,1,0.0
89,20_LONG,5,125,9.90800000000013,20.220000000000027,0,0.0
89,20_LONG,5,126,10.559999999999945,2.0139999999998963,1,0.0
89,20_LONG,5,127,9.832000000000107,20.223999999999933,0,0.0
89,20_LONG,5,128,9.372000000000071,14.523999999999887,0,0.0
89,20_LONG,5,130,10.590000000000146,2.1140000000000327,1,0.0
89,20_LONG,5,131,11.689999999999827,1.7280000000000655,1,0.0
89,20_LONG,5,132,10.577999999999975,1.6900000000000546,1,0.0
89,20_LONG,5,133,11.268000000000029,3.0219999999999345,1,0.0
89,20_LONG,5,134,10.117999999999938,2.066000000000031,1,0.0
89,20_LONG,5,135,11.135999999999967,1.9540000000001783,1,0.0
89,20_LONG,5,136,10.19199999999978,1.5900000000001455,1,0.0
89,20_LONG,5,137,10.105999999999995,3.4179999999998927,1,0.0
89,20_LONG,5,138,7.731999999999971,0.14600000000018554,0,0.0
89,20_LONG,5,140,0.14000000000010004,0.013999999999896318,0,0.0
89,20_LONG,5,142,9.817999999999984,20.200000000000045,0,0.0
89,20_LONG,5,143,12.433999999999969,1.2040000000001783,1,0.0
89,20_LONG,5,144,6.423999999999978,0.038000000000010914,0,0.0
89,20_LONG,5,146,12.409999999999854,1.4459999999999127,1,0.0
89,20_LONG,5,147,10.860000000000127,1.7359999999998763,1,0.0
89,20_LONG,5,148,9.482000000000426,11.717999999999847,0,0.0
89,20_LONG,5,151,10.557999999999993,,1,0.0
89,20_LONG,6,1,12.042000000000002,1.436,1,10.0
89,20_LONG,6,2,12.722000000000001,2.8159999999999954,1,10.0
89,20_LONG,6,3,11.074000000000005,2.867999999999995,1,10.0
89,20_LONG,6,4,10.150000000000006,1.6039999999999992,1,10.0
89,20_LONG,6,5,11.067999999999998,2.4939999999999998,1,10.0
89,20_LONG,6,6,0.804000000000002,0.027999999999991587,0,10.0
89,20_LONG,6,8,10.25,2.073999999999984,1,10.0
89,20_LONG,6,9,10.630000000000024,1.2239999999999895,1,10.0
89,20_LONG,6,10,10.419999999999987,1.5160000000000196,1,10.0
89,20_LONG,6,11,7.927999999999997,19.72999999999999,0,10.0
89,20_LONG,6,13,10.307999999999993,1.9579999999999984,1,10.0
89,20_LONG,6,14,0.09600000000000364,0.04999999999998295,0,10.0
89,20_LONG,6,18,10.043999999999983,1.7620000000000005,1,10.0
89,20_LONG,6,19,10.694000000000017,1.5519999999999925,1,10.0
89,20_LONG,6,20,11.711999999999989,1.3140000000000214,1,10.0
89,20_LONG,6,21,11.127999999999986,1.9119999999999777,1,10.0
89,20_LONG,6,22,10.5,1.8100000000000023,1,10.0
89,20_LONG,6,23,10.394000000000005,1.5020000000000095,1,10.0
89,20_LONG,6,24,8.367999999999995,0.10200000000003229,0,10.0
89,20_LONG,6,26,9.699999999999989,15.521999999999991,0,10.0
89,20_LONG,6,29,10.519999999999982,1.2560000000000286,1,10.0
89,20_LONG,6,30,4.651999999999987,0.057999999999992724,0,10.0
89,20_LONG,6,32,8.978000000000009,11.739999999999952,0,10.0
89,20_LONG,6,35,0.42200000000002547,0.004000000000019099,0,10.0
89,20_LONG,6,36,0.053999999999973625,0.05000000000001137,0,10.0
89,20_LONG,6,41,9.427999999999997,18.060000000000002,0,10.0
89,20_LONG,6,43,8.862000000000023,0.117999999999995,0,10.0
89,20_LONG,6,47,11.238,1.448000000000036,1,10.0
89,20_LONG,6,48,10.013999999999953,1.7660000000000764,1,10.0
89,20_LONG,6,49,10.829999999999927,0.04200000000003001,1,10.0
89,20_LONG,6,50,0.4740000000000464,20.5,0,10.0
89,20_LONG,6,51,0.053999999999973625,0.07200000000000273,0,10.0
89,20_LONG,6,53,9.587999999999965,19.081999999999994,0,10.0
89,20_LONG,6,55,0.10599999999999454,0.01599999999996271,0,10.0
89,20_LONG,6,60,9.841999999999985,17.364000000000033,0,10.0
89,20_LONG,6,62,10.970000000000027,0.01599999999996271,1,10.0
89,20_LONG,6,63,0.2599999999999909,20.412000000000035,0,10.0
89,20_LONG,6,64,12.885999999999967,1.6680000000000064,1,10.0
89,20_LONG,6,65,4.937999999999988,0.10200000000008913,0,10.0
89,20_LONG,6,67,11.738000000000056,1.4519999999999982,1,10.0
89,20_LONG,6,68,9.333999999999946,20.190000000000055,0,10.0
89,20_LONG,6,69,11.826000000000022,1.2939999999999827,1,10.0
89,20_LONG,6,70,12.48599999999999,1.7559999999999718,1,10.0
89,20_LONG,6,71,0.2420000000000755,0.06200000000001182,0,10.0
89,20_LONG,6,74,10.096000000000004,1.3099999999999454,1,10.0
89,20_LONG,6,75,11.872000000000071,1.3659999999999854,1,10.0
89,20_LONG,6,76,9.081999999999994,20.19399999999996,0,10.0
89,20_LONG,6,77,11.846000000000004,1.2980000000000018,1,10.0
89,20_LONG,6,78,10.830000000000041,1.433999999999969,1,10.0
89,20_LONG,6,79,8.567999999999984,0.03200000000003911,0,10.0
89,20_LONG,6,83,10.519999999999982,1.4099999999999682,1,10.0
89,20_LONG,6,84,12.201999999999998,2.3559999999999945,1,10.0
89,20_LONG,6,85,4.472000000000094,20.17599999999993,0,10.0
89,20_LONG,6,86,10.879999999999995,1.3220000000000027,1,10.0
89,20_LONG,6,87,11.545999999999935,1.3079999999999927,1,10.0
89,20_LONG,6,88,10.019999999999982,1.6000000000001364,1,10.0
89,20_LONG,6,89,9.64799999999991,18.246000000000095,0,10.0
89,20_LONG,6,91,9.91800000000012,12.1099999999999,0,10.0
89,20_LONG,6,95,11.488000000000056,1.2100000000000364,1,10.0
89,20_LONG,6,96,11.170000000000073,1.7519999999999527,1,10.0
89,20_LONG,6,97,12.725999999999885,1.8559999999999945,1,10.0
89,20_LONG,6,98,12.22400000000016,1.9759999999998854,1,10.0
89,20_LONG,6,99,12.076000000000022,1.8019999999999072,1,10.0
89,20_LONG,6,100,13.360000000000127,3.018000000000029,1,10.0
89,20_LONG,6,101,0.36199999999985266,0.0500000000001819,0,10.0
89,20_LONG,6,105,9.844000000000051,15.582000000000107,0,10.0
89,20_LONG,6,107,13.44600000000014,1.1720000000000255,1,10.0
89,20_LONG,6,108,12.395999999999958,0.01999999999998181,1,10.0
89,20_LONG,6,109,0.08999999999991815,1.9960000000000946,0,10.0
89,20_LONG,6,110,10.92599999999993,1.5,1,10.0
89,20_LONG,6,111,13.748000000000047,1.4919999999999618,1,10.0
89,20_LONG,6,112,9.635999999999967,20.605999999999995,0,10.0
89,20_LONG,6,113,13.741999999999962,2.3400000000001455,1,10.0
89,20_LONG,6,114,1.4839999999999236,0.026000000000067303,0,10.0
89,20_LONG,6,116,11.235999999999876,1.41800000000012,1,10.0
89,20_LONG,6,117,7.08199999999988,0.01999999999998181,0,10.0
89,20_LONG,6,119,11.577999999999975,1.655999999999949,1,10.0
89,20_LONG,6,120,10.605999999999995,0.9700000000000273,1,10.0
89,20_LONG,6,121,9.634000000000015,20.180000000000064,0,10.0
89,20_LONG,6,122,8.983999999999924,20.216000000000122,0,10.0
89,20_LONG,6,123,11.357999999999947,1.8920000000000528,1,10.0
89,20_LONG,6,124,0.4839999999999236,0.021999999999934516,0,10.0
89,20_LONG,6,126,9.389999999999873,20.42800000000011,0,10.0
89,20_LONG,6,127,10.569999999999936,1.5420000000001437,1,10.0
89,20_LONG,6,128,9.7199999999998,20.192000000000007,0,10.0
89,20_LONG,6,129,11.652000000000044,0.18000000000006366,1,10.0
89,20_LONG,6,130,0.04800000000000182,20.180000000000064,0,10.0
89,20_LONG,6,131,11.139999999999873,0.2400000000000091,1,10.0
89,20_LONG,6,132,0.04600000000004911,20.172000000000025,0,10.0
89,20_LONG,6,133,9.827999999999975,20.46199999999999,0,10.0
89,20_LONG,6,134,8.579999999999927,15.922000000000025,0,10.0
89,20_LONG,6,136,2.9440000000001874,20.189999999999827,0,10.0
89,20_LONG,6,137,9.892000000000053,20.448000000000093,0,10.0
89,20_LONG,6,138,11.215999999999894,1.3379999999999654,1,10.0
89,20_LONG,6,139,14.822000000000116,1.38799999999992,1,10.0
89,20_LONG,6,140,14.319999999999936,1.5040000000001328,1,10.0
89,20_LONG,6,141,13.720000000000027,1.8959999999999582,1,10.0
89,20_LONG,6,142,13.533999999999878,2.1620000000000346,1,10.0
89,20_LONG,6,143,13.00200000000018,2.8239999999998417,1,10.0
89,20_LONG,6,144,12.700000000000045,0.029999999999972715,1,10.0
89,20_LONG,6,145,0.32600000000002183,0.05999999999994543,0,10.0
90,20_LONG,1,1,1.5779999999999959,0.12600000000000477,0,10.0
90,20_LONG,1,3,11.101999999999997,1.652000000000001,1,10.0
90,20_LONG,1,4,10.079999999999998,2.068000000000012,1,10.0
90,20_LONG,1,5,9.641999999999996,20.423999999999992,0,10.0
90,20_LONG,1,6,9.792000000000002,0.11599999999999966,0,10.0
90,20_LONG,1,8,7.337999999999994,0.036000000000001364,0,10.0
90,20_LONG,1,10,10.363999999999976,1.5120000000000005,1,10.0
90,20_LONG,1,11,9.792000000000002,24.908000000000015,0,10.0
90,20_LONG,1,12,9.713999999999999,21.060000000000002,0,10.0
90,20_LONG,1,13,9.643999999999977,0.10000000000002274,0,10.0
90,20_LONG,1,15,10.159999999999968,2.0459999999999923,1,10.0
90,20_LONG,1,16,9.458000000000027,29.336000000000013,0,10.0
90,20_LONG,1,17,9.503999999999962,0.12800000000004275,0,10.0
90,20_LONG,1,19,8.479999999999961,22.586000000000013,0,10.0
90,20_LONG,1,20,9.360000000000014,20.849999999999966,0,10.0
90,20_LONG,1,21,8.378000000000043,20.46799999999996,0,10.0
90,20_LONG,1,22,9.352000000000032,25.283999999999992,0,10.0
90,20_LONG,1,23,11.343999999999994,3.1340000000000146,1,10.0
90,20_LONG,1,24,10.814000000000021,1.9279999999999973,1,10.0
90,20_LONG,1,25,13.099999999999909,3.116000000000099,1,10.0
90,20_LONG,1,26,13.261999999999944,2.23599999999999,1,10.0
90,20_LONG,1,27,2.9260000000000446,0.038000000000010914,0,10.0
90,20_LONG,1,29,11.768000000000029,0.07000000000005002,1,10.0
90,20_LONG,1,30,0.2239999999999327,22.5,0,10.0
90,20_LONG,1,31,9.26400000000001,22.234000000000037,0,10.0
90,20_LONG,1,32,10.285999999999945,2.564000000000078,1,10.0
90,20_LONG,1,33,10.467999999999961,2.2340000000000373,1,10.0
90,20_LONG,1,34,11.052000000000021,1.8479999999999563,1,10.0
90,20_LONG,1,35,10.885999999999967,4.038000000000011,1,10.0
90,20_LONG,1,36,11.29600000000005,3.367999999999938,1,10.0
90,20_LONG,1,37,11.128000000000043,3.5459999999999354,1,10.0
90,20_LONG,1,38,9.886000000000081,20.573999999999955,0,10.0
90,20_LONG,1,39,11.97199999999998,0.09600000000000364,1,10.0
90,20_LONG,1,40,0.3160000000000309,20.53800000000001,0,10.0
90,20_LONG,1,41,10.148000000000025,2.0879999999999654,1,10.0
90,20_LONG,1,42,11.111999999999966,1.9480000000000928,1,10.0
90,20_LONG,1,43,11.093999999999937,3.0019999999999527,1,10.0
90,20_LONG,1,44,10.534000000000106,0.18199999999990268,1,10.0
90,20_LONG,1,45,0.17200000000002547,21.572000000000003,0,10.0
90,20_LONG,1,46,13.375999999999976,2.2320000000000846,1,10.0
90,20_LONG,1,47,10.463999999999942,3.04200000000003,1,10.0
90,20_LONG,1,48,11.833999999999946,2.7800000000000864,1,10.0
90,20_LONG,1,49,10.351999999999975,4.8279999999999745,1,10.0
90,20_LONG,1,50,11.317999999999984,0.04600000000004911,1,10.0
90,20_LONG,1,51,0.17799999999999727,24.144000000000005,0,10.0
90,20_LONG,1,52,9.384000000000015,24.765999999999963,0,10.0
90,20_LONG,1,53,12.223999999999933,0.08200000000010732,1,10.0
90,20_LONG,1,54,0.18399999999996908,22.299999999999955,0,10.0
90,20_LONG,1,55,9.58400000000006,0.12599999999997635,0,10.0
90,20_LONG,1,57,11.05399999999986,0.17600000000015825,1,10.0
90,20_LONG,1,58,0.08799999999996544,20.42599999999993,0,10.0
90,20_LONG,1,59,0.17800000000011096,23.123999999999796,0,10.0
90,20_LONG,1,60,12.0,2.5,1,10.0
90,20_LONG,1,61,13.672000000000025,3.3420000000000982,1,10.0
90,20_LONG,1,62,12.1400000000001,3.5759999999997945,1,10.0
90,20_LONG,1,63,12.448000000000093,2.731999999999971,1,10.0
90,20_LONG,1,64,12.170000000000073,2.4839999999999236,1,10.0
90,20_LONG,1,65,11.860000000000127,2.259999999999991,1,10.0
90,20_LONG,1,66,9.874000000000024,21.49799999999982,0,10.0
90,20_LONG,1,67,11.75200000000018,2.9299999999998363,1,10.0
90,20_LONG,1,68,10.522000000000162,3.1519999999998163,1,10.0
90,20_LONG,1,69,9.504000000000133,20.374000000000024,0,10.0
90,20_LONG,1,70,2.2999999999999545,0.07199999999988904,0,10.0
90,20_LONG,1,72,1.6420000000000528,23.160000000000082,0,10.0
90,20_LONG,1,73,10.495999999999867,2.242000000000189,1,10.0
90,20_LONG,1,74,10.837999999999965,2.8759999999999764,1,10.0
90,20_LONG,1,75,11.225999999999885,3.5820000000001073,1,10.0
90,20_LONG,1,76,11.599999999999909,3.4500000000000455,1,10.0
90,20_LONG,1,77,11.536000000000058,3.1240000000000236,1,10.0
90,20_LONG,1,78,13.05600000000004,2.7619999999999436,1,10.0
90,20_LONG,1,79,10.935999999999922,2.877999999999929,1,10.0
90,20_LONG,1,80,10.264000000000124,2.6140000000000327,1,10.0
90,20_LONG,1,81,11.72199999999998,2.16599999999994,1,10.0
90,20_LONG,1,82,10.711999999999989,3.0699999999999363,1,10.0
90,20_LONG,1,83,12.358000000000175,3.1959999999999127,1,10.0
90,20_LONG,1,84,11.238000000000056,3.4579999999998563,1,10.0
90,20_LONG,1,85,9.940000000000055,0.10000000000013642,0,10.0
90,20_LONG,1,87,10.38799999999992,1.61200000000008,1,10.0
90,20_LONG,1,88,11.230000000000018,2.5979999999999563,1,10.0
90,20_LONG,1,89,11.594000000000051,2.9400000000000546,1,10.0
90,20_LONG,1,90,11.651999999999816,2.7740000000001146,1,10.0
90,20_LONG,1,91,10.059999999999945,2.158000000000129,1,10.0
90,20_LONG,1,92,10.78599999999983,3.6000000000001364,1,10.0
90,20_LONG,1,93,10.086000000000013,0.04800000000000182,1,10.0
90,20_LONG,1,94,0.2139999999999418,21.698000000000093,0,10.0
90,20_LONG,1,95,11.679999999999836,0.15399999999999636,1,10.0
90,20_LONG,1,96,0.15000000000009095,29.642000000000053,0,10.0
90,20_LONG,1,97,10.833999999999833,0.16000000000008185,1,10.0
90,20_LONG,1,98,0.4780000000000655,20.480000000000018,0,10.0
90,20_LONG,1,99,7.695999999999913,0.09799999999995634,0,10.0
90,20_LONG,1,101,11.019999999999982,0.07399999999984175,1,10.0
90,20_LONG,1,102,0.15000000000009095,20.799999999999955,0,10.0
90,20_LONG,1,103,9.942000000000007,0.04800000000000182,0,10.0
90,20_LONG,1,105,10.372000000000071,0.07199999999988904,1,10.0
90,20_LONG,1,106,0.22000000000002728,22.216000000000122,0,10.0
90,20_LONG,1,107,11.945999999999913,2.5960000000000036,1,10.0
90,20_LONG,1,108,11.961999999999989,45.559999999999945,1,10.0
90,20_LONG,1,109,10.567999999999984,9.08400000000006,1,10.0
90,20_LONG,1,110,13.577999999999975,3.4020000000000437,1,10.0
90,20_LONG,1,111,12.844000000000051,,1,10.0
90,20_LONG,2,1,8.160000000000004,20.336,0,10.0
90,20_LONG,2,2,0.902000000000001,20.726,0,10.0
90,20_LONG,2,3,10.075999999999993,2.180000000000007,1,10.0
90,20_LONG,2,4,8.475999999999999,21.334000000000003,0,10.0
90,20_LONG,2,5,9.027999999999992,22.069999999999993,0,10.0
90,20_LONG,2,6,10.392000000000024,1.73599999999999,1,10.0
90,20_LONG,2,7,11.22999999999999,2.2860000000000014,1,10.0
90,20_LONG,2,8,10.486000000000018,5.869999999999976,1,10.0
90,20_LONG,2,9,11.304000000000002,0.4519999999999982,1,10.0
90,20_LONG,2,10,0.04600000000002069,22.655999999999977,0,10.0
90,20_LONG,2,11,8.544000000000011,0.033999999999991815,0,10.0
90,20_LONG,2,13,9.072000000000003,20.603999999999985,0,10.0
90,20_LONG,2,14,9.506000000000029,0.17199999999996862,0,10.0
90,20_LONG,2,16,9.317999999999984,21.100000000000023,0,10.0
90,20_LONG,2,17,2.3240000000000123,0.1139999999999759,0,10.0
90,20_LONG,2,19,9.948000000000036,20.563999999999965,0,10.0
90,20_LONG,2,20,2.076000000000022,0.1239999999999668,0,10.0
90,20_LONG,2,22,9.163999999999987,21.408000000000015,0,10.0
90,20_LONG,2,23,10.340000000000032,3.67999999999995,1,10.0
90,20_LONG,2,24,11.906000000000006,3.5,1,10.0
90,20_LONG,2,25,11.932000000000016,2.8240000000000123,1,10.0
90,20_LONG,2,26,10.874000000000024,2.2899999999999636,1,10.0
90,20_LONG,2,27,10.494000000000028,2.8740000000000236,1,10.0
90,20_LONG,2,28,10.515999999999963,2.1480000000000246,1,10.0
90,20_LONG,2,29,12.004000000000019,2.099999999999909,1,10.0
90,20_LONG,2,30,10.283999999999992,1.7460000000000946,1,10.0
90,20_LONG,2,31,9.569999999999936,20.48599999999999,0,10.0
90,20_LONG,2,32,9.091999999999985,0.10000000000002274,0,10.0
90,20_LONG,2,34,8.204000000000065,20.64199999999994,0,10.0
90,20_LONG,2,35,11.187999999999988,2.6240000000000236,1,10.0
90,20_LONG,2,36,11.786000000000058,1.9239999999999782,1,10.0
90,20_LONG,2,37,11.41199999999992,0.11200000000008004,1,10.0
90,20_LONG,2,38,0.10199999999997544,21.812000000000012,0,10.0
90,20_LONG,2,39,11.65199999999993,2.08400000000006,1,10.0
90,20_LONG,2,40,10.45799999999997,2.048000000000002,1,10.0
90,20_LONG,2,41,11.269999999999982,2.538000000000011,1,10.0
90,20_LONG,2,42,10.76400000000001,3.23599999999999,1,10.0
90,20_LONG,2,43,10.984000000000037,2.245999999999981,1,10.0
90,20_LONG,2,44,11.347999999999956,2.58400000000006,1,10.0
90,20_LONG,2,45,11.716000000000008,2.0779999999999745,1,10.0
90,20_LONG,2,46,10.730000000000018,2.5639999999999645,1,10.0
90,20_LONG,2,47,10.742000000000075,1.87399999999991,1,10.0
90,20_LONG,2,48,11.566000000000031,4.145999999999958,1,10.0
90,20_LONG,2,49,11.662000000000035,3.57000000000005,1,10.0
90,20_LONG,2,50,8.956000000000017,20.395999999999958,0,10.0
90,20_LONG,2,51,10.553999999999974,2.0539999999999736,1,10.0
90,20_LONG,2,52,12.462000000000103,2.8719999999999573,1,10.0
90,20_LONG,2,53,11.524000000000001,1.9259999999999309,1,10.0
90,20_LONG,2,54,11.475999999999999,2.2700000000000955,1,10.0
90,20_LONG,2,55,9.37399999999991,20.37200000000007,0,10.0
90,20_LONG,2,56,2.216000000000008,22.408000000000015,0,10.0
90,20_LONG,2,57,0.18199999999990268,0.026000000000067303,0,10.0
90,20_LONG,2,59,10.614000000000033,2.189999999999827,1,10.0
90,20_LONG,2,60,12.490000000000009,2.1359999999999673,1,10.0
90,20_LONG,2,61,11.060000000000173,2.1599999999998545,1,10.0
90,20_LONG,2,62,10.090000000000146,2.048000000000002,1,10.0
90,20_LONG,2,63,10.19399999999996,2.0239999999998872,1,10.0
90,20_LONG,2,64,12.142000000000053,3.1700000000000728,1,10.0
90,20_LONG,2,65,12.071999999999889,6.413999999999987,1,10.0
90,20_LONG,2,66,10.994000000000142,7.6340000000000146,1,10.0
90,20_LONG,2,67,12.307999999999993,3.015999999999849,1,10.0
90,20_LONG,2,68,11.342000000000098,1.6600000000000819,1,10.0
90,20_LONG,2,69,9.339999999999918,21.5,0,10.0
90,20_LONG,2,70,8.993999999999915,0.0420000000001437,0,10.0
90,20_LONG,2,72,8.881999999999834,20.386000000000195,0,10.0
90,20_LONG,2,73,10.096000000000004,2.925999999999931,1,10.0
90,20_LONG,2,74,10.41599999999994,2.397999999999911,1,10.0
90,20_LONG,2,75,12.114000000000033,2.282000000000153,1,10.0
90,20_LONG,2,76,12.283999999999878,2.0420000000001437,1,10.0
90,20_LONG,2,77,11.323999999999842,3.4300000000000637,1,10.0
90,20_LONG,2,78,11.20399999999995,2.673999999999978,1,10.0
90,20_LONG,2,79,11.754000000000133,2.1579999999999018,1,10.0
90,20_LONG,2,80,10.044000000000096,0.15799999999990177,1,10.0
90,20_LONG,2,81,0.038000000000010914,21.92800000000011,0,10.0
90,20_LONG,2,82,12.263999999999896,2.6980000000000928,1,10.0
90,20_LONG,2,83,11.343999999999824,1.788000000000011,1,10.0
90,20_LONG,2,84,9.774000000000115,22.817999999999984,0,10.0
90,20_LONG,2,85,13.884000000000015,1.8599999999999,1,10.0
90,20_LONG,2,86,10.110000000000127,4.569999999999936,1,10.0
90,20_LONG,2,87,12.17599999999993,4.470000000000027,1,10.0
90,20_LONG,2,88,12.19399999999996,4.088000000000193,1,10.0
90,20_LONG,2,89,11.27599999999984,0.029999999999972715,1,10.0
90,20_LONG,2,90,0.14600000000018554,20.317999999999984,0,10.0
90,20_LONG,2,91,12.230000000000018,1.7259999999998854,1,10.0
90,20_LONG,2,92,10.364000000000033,1.8479999999999563,1,10.0
90,20_LONG,2,93,1.4380000000001019,0.14199999999982538,0,10.0
90,20_LONG,2,95,13.264000000000124,3.4980000000000473,1,10.0
90,20_LONG,2,96,10.485999999999876,4.186000000000149,1,10.0
90,20_LONG,2,97,11.533999999999878,3.8700000000001182,1,10.0
90,20_LONG,2,98,12.4699999999998,3.3840000000000146,1,10.0
90,20_LONG,2,99,12.368000000000166,2.5219999999999345,1,10.0
90,20_LONG,2,100,11.549999999999955,2.3600000000001273,1,10.0
90,20_LONG,2,101,10.645999999999958,2.1019999999998618,1,10.0
90,20_LONG,2,102,10.764000000000124,3.372000000000071,1,10.0
90,20_LONG,2,103,11.149999999999864,2.0599999999999454,1,10.0
90,20_LONG,2,104,10.43600000000015,0.057999999999992724,1,10.0
90,20_LONG,2,105,0.27599999999983993,28.934000000000196,0,10.0
90,20_LONG,2,106,10.394000000000005,2.599999999999909,1,10.0
90,20_LONG,2,107,9.85200000000009,20.53800000000001,0,10.0
90,20_LONG,2,108,10.987999999999829,,1,10.0
90,20_LONG,3,1,5.2940000000000005,0.045999999999999375,0,10.0
90,20_LONG,3,4,8.459999999999994,0.1360000000000099,0,10.0
90,20_LONG,3,6,12.036000000000001,0.03999999999999204,1,10.0
90,20_LONG,3,7,0.17800000000001148,20.646,0,10.0
90,20_LONG,3,8,10.397999999999996,0.06399999999999295,1,10.0
90,20_LONG,3,9,0.04400000000001114,1.5480000000000018,0,10.0
90,20_LONG,3,10,12.889999999999986,1.6440000000000055,1,10.0
90,20_LONG,3,11,2.0080000000000098,0.15799999999998704,0,10.0
90,20_LONG,3,13,11.687999999999988,0.06200000000001182,1,10.0
90,20_LONG,3,14,0.027999999999991587,1.7959999999999923,0,10.0
90,20_LONG,3,15,11.02000000000001,2.0320000000000107,1,10.0
90,20_LONG,3,16,10.123999999999995,2.328000000000003,1,10.0
90,20_LONG,3,17,9.379999999999995,20.744,0,10.0
90,20_LONG,3,18,10.437999999999988,2.1880000000000166,1,10.0
90,20_LONG,3,19,11.048000000000002,1.9519999999999982,1,10.0
90,20_LONG,3,20,11.22399999999999,4.307999999999993,1,10.0
90,20_LONG,3,21,10.728000000000009,3.6680000000000064,1,10.0
90,20_LONG,3,22,11.024000000000001,1.8380000000000223,1,10.0
90,20_LONG,3,23,11.909999999999968,2.2180000000000177,1,10.0
90,20_LONG,3,24,8.45999999999998,20.5,0,10.0
90,20_LONG,3,25,8.506000000000029,0.1139999999999759,0,10.0
90,20_LONG,3,27,8.77800000000002,22.70799999999997,0,10.0
90,20_LONG,3,28,8.638000000000034,23.103999999999985,0,10.0
90,20_LONG,3,29,7.9360000000000355,20.71599999999995,0,10.0
90,20_LONG,3,30,0.35599999999999454,21.04600000000005,0,10.0
90,20_LONG,3,31,9.611999999999966,21.902000000000044,0,10.0
90,20_LONG,3,32,13.449999999999932,1.83400000000006,1,10.0
90,20_LONG,3,33,9.740000000000009,21.855999999999995,0,10.0
90,20_LONG,3,34,10.213999999999942,3.3920000000000528,1,10.0
90,20_LONG,3,35,11.127999999999929,2.216000000000008,1,10.0
90,20_LONG,3,36,11.394000000000005,1.9100000000000819,1,10.0
90,20_LONG,3,37,11.549999999999955,3.1399999999999864,1,10.0
90,20_LONG,3,38,11.142000000000053,1.9919999999999618,1,10.0
90,20_LONG,3,39,14.456000000000017,3.3239999999999554,1,10.0
90,20_LONG,3,40,11.216000000000008,4.680000000000064,1,10.0
90,20_LONG,3,41,12.149999999999977,7.389999999999986,1,10.0
90,20_LONG,3,42,12.487999999999943,2.6140000000000327,1,10.0
90,20_LONG,3,43,4.786000000000058,21.543999999999983,0,10.0
90,20_LONG,3,44,9.699999999999932,22.03800000000001,0,10.0
90,20_LONG,3,45,10.230000000000018,1.9519999999999982,1,10.0
90,20_LONG,3,46,11.32400000000007,2.2439999999999145,1,10.0
90,20_LONG,3,47,12.162000000000035,0.07799999999997453,1,10.0
90,20_LONG,3,48,0.038000000000010914,0.06799999999998363,0,10.0
90,20_LONG,3,49,0.02400000000000091,21.75,0,10.0
90,20_LONG,3,50,11.680000000000064,1.8519999999999754,1,10.0
90,20_LONG,3,51,10.341999999999985,2.4400000000000546,1,10.0
90,20_LONG,3,52,11.555999999999926,2.0879999999999654,1,10.0
90,20_LONG,3,53,8.684000000000083,22.029999999999973,0,10.0
90,20_LONG,3,54,10.658000000000015,1.9379999999999882,1,10.0
90,20_LONG,3,55,11.389999999999986,2.6240000000000236,1,10.0
90,20_LONG,3,56,10.44399999999996,2.522000000000048,1,10.0
90,20_LONG,3,57,2.905999999999949,22.916000000000054,0,10.0
90,20_LONG,3,58,10.555999999999926,2.975999999999999,1,10.0
90,20_LONG,3,59,11.52800000000002,3.8360000000000127,1,10.0
90,20_LONG,3,60,0.9679999999999609,20.326000000000022,0,10.0
90,20_LONG,3,61,10.478000000000065,2.425999999999931,1,10.0
90,20_LONG,3,62,12.413999999999987,1.8800000000001091,1,10.0
90,20_LONG,3,63,11.973999999999933,11.519999999999982,1,10.0
90,20_LONG,3,64,14.784000000000106,1.8419999999998709,1,10.0
90,20_LONG,3,65,10.69399999999996,2.3480000000001837,1,10.0
90,20_LONG,3,66,9.69399999999996,20.491999999999962,0,10.0
90,20_LONG,3,67,9.961999999999989,20.445999999999913,0,10.0
90,20_LONG,3,68,9.19600000000014,20.583999999999833,0,10.0
90,20_LONG,3,69,9.222000000000207,21.389999999999873,0,10.0
90,20_LONG,3,70,8.854000000000042,20.586000000000013,0,10.0
90,20_LONG,3,71,11.240000000000009,1.7059999999999036,1,10.0
90,20_LONG,3,72,10.41800000000012,1.821999999999889,1,10.0
90,20_LONG,3,73,10.026000000000067,1.8119999999998981,1,10.0
90,20_LONG,3,74,12.840000000000146,1.7200000000000273,1,10.0
90,20_LONG,3,75,10.505999999999858,1.7940000000000964,1,10.0
90,20_LONG,3,76,10.134000000000015,2.6399999999998727,1,10.0
90,20_LONG,3,77,9.984000000000151,0.06999999999993634,0,10.0
90,20_LONG,3,79,11.405999999999949,3.2100000000000364,1,10.0
90,20_LONG,3,80,12.185999999999922,2.456000000000131,1,10.0
90,20_LONG,3,81,10.233999999999924,2.259999999999991,1,10.0
90,20_LONG,3,82,11.216000000000122,2.405999999999949,1,10.0
90,20_LONG,3,83,8.829999999999927,0.06999999999993634,0,10.0
90,20_LONG,3,85,10.680000000000064,1.6759999999999309,1,10.0
90,20_LONG,3,86,11.228000000000065,2.2359999999998763,1,10.0
90,20_LONG,3,87,11.817999999999984,3.5520000000001346,1,10.0
90,20_LONG,3,88,10.683999999999969,1.9919999999999618,1,10.0
90,20_LONG,3,89,11.791999999999916,2.8659999999999854,1,10.0
90,20_LONG,3,90,10.74200000000019,2.285999999999831,1,10.0
90,20_LONG,3,91,11.788000000000011,3.0820000000001073,1,10.0
90,20_LONG,3,92,11.033999999999878,2.1820000000000164,1,10.0
90,20_LONG,3,93,11.402000000000044,2.2239999999999327,1,10.0
90,20_LONG,3,94,10.80600000000004,3.3279999999999745,1,10.0
90,20_LONG,3,95,8.442000000000007,20.903999999999996,0,10.0
90,20_LONG,3,96,11.014000000000124,1.7980000000000018,1,10.0
90,20_LONG,3,97,10.781999999999925,2.701999999999998,1,10.0
90,20_LONG,3,98,11.442000000000007,2.5340000000001055,1,10.0
90,20_LONG,3,99,10.309999999999945,1.8979999999999109,1,10.0
90,20_LONG,3,100,10.592000000000098,0.057999999999992724,1,10.0
90,20_LONG,3,101,0.16799999999989268,20.402000000000044,0,10.0
90,20_LONG,3,102,11.049999999999955,1.7980000000000018,1,10.0
90,20_LONG,3,103,10.327999999999975,2.2000000000000455,1,10.0
90,20_LONG,3,104,10.432000000000016,2.688000000000102,1,10.0
90,20_LONG,3,105,4.543999999999869,20.327999999999975,0,10.0
90,20_LONG,3,106,2.4120000000000346,20.463999999999942,0,10.0
90,20_LONG,3,107,3.61200000000008,0.03999999999996362,0,10.0
90,20_LONG,3,109,9.874000000000024,0.15399999999999636,0,10.0
90,20_LONG,3,111,10.254000000000133,1.5760000000000218,1,10.0
90,20_LONG,3,112,11.401999999999816,,1,10.0
90,20_LONG,4,1,6.5319999999999965,20.984,0,10.0
90,20_LONG,4,2,8.552,21.132000000000005,0,10.0
90,20_LONG,4,3,6.429999999999993,21.00800000000001,0,10.0
90,20_LONG,4,4,8.265999999999991,20.933999999999997,0,10.0
90,20_LONG,4,5,11.744,0.146000000000015,1,10.0
90,20_LONG,4,6,0.0660000000000025,20.323999999999984,0,10.0
90,20_LONG,4,7,9.719999999999999,20.554000000000002,0,10.0
90,20_LONG,4,8,9.024000000000001,0.05000000000001137,0,10.0
90,20_LONG,4,10,8.626000000000005,0.10999999999998522,0,10.0
90,20_LONG,4,12,9.175999999999988,20.605999999999995,0,10.0
90,20_LONG,4,13,11.495999999999981,1.962000000000046,1,10.0
90,20_LONG,4,14,10.596000000000004,1.6119999999999663,1,10.0
90,20_LONG,4,15,3.0120000000000005,0.060000000000002274,0,10.0
90,20_LONG,4,18,1.0900000000000318,0.07200000000000273,0,10.0
90,20_LONG,4,20,9.552000000000021,30.109999999999957,0,10.0
90,20_LONG,4,21,10.412000000000035,1.863999999999976,1,10.0
90,20_LONG,4,22,10.802000000000021,4.325999999999965,1,10.0
90,20_LONG,4,23,4.55600000000004,0.04199999999997317,0,10.0
90,20_LONG,4,25,11.636000000000024,2.0579999999999927,1,10.0
90,20_LONG,4,26,11.979999999999961,2.122000000000014,1,10.0
90,20_LONG,4,27,11.208000000000027,1.9219999999999686,1,10.0
90,20_LONG,4,28,8.888000000000034,20.545999999999935,0,10.0
90,20_LONG,4,29,10.822000000000003,2.05600000000004,1,10.0
90,20_LONG,4,30,9.95399999999995,22.318000000000097,0,10.0
90,20_LONG,4,31,11.870000000000005,2.159999999999968,1,10.0
90,20_LONG,4,32,12.635999999999967,2.6760000000000446,1,10.0
90,20_LONG,4,33,12.839999999999918,2.1660000000000537,1,10.0
90,20_LONG,4,34,11.035999999999945,1.9360000000000355,1,10.0
90,20_LONG,4,35,11.822000000000003,2.08400000000006,1,10.0
90,20_LONG,4,36,9.725999999999999,0.027999999999906322,0,10.0
90,20_LONG,4,38,8.247999999999934,20.37600000000009,0,10.0
90,20_LONG,4,39,11.997999999999934,1.9060000000000628,1,10.0
90,20_LONG,4,40,10.45399999999995,1.72199999999998,1,10.0
90,20_LONG,4,41,11.433999999999969,2.328000000000088,1,10.0
90,20_LONG,4,42,10.423999999999978,1.8659999999999854,1,10.0
90,20_LONG,4,43,9.323999999999955,20.662000000000035,0,10.0
90,20_LONG,4,44,9.855999999999995,20.769999999999982,0,10.0
90,20_LONG,4,45,10.79600000000005,1.95799999999997,1,10.0
90,20_LONG,4,46,11.663999999999987,2.0720000000000027,1,10.0
90,20_LONG,4,47,8.800000000000068,20.529999999999973,0,10.0
90,20_LONG,4,48,9.173999999999978,20.370000000000005,0,10.0
90,20_LONG,4,49,11.740000000000009,2.1079999999999472,1,10.0
90,20_LONG,4,50,10.33800000000008,2.0399999999999636,1,10.0
90,20_LONG,4,51,11.087999999999965,2.300000000000068,1,10.0
90,20_LONG,4,52,11.312000000000012,2.6959999999999127,1,10.0
90,20_LONG,4,53,12.336000000000013,2.9440000000000737,1,10.0
90,20_LONG,4,54,11.621999999999957,1.961999999999989,1,10.0
90,20_LONG,4,55,11.83400000000006,2.395999999999958,1,10.0
90,20_LONG,4,56,11.591999999999985,2.1660000000000537,1,10.0
90,20_LONG,4,57,13.271999999999935,2.132000000000062,1,10.0
90,20_LONG,4,58,11.58400000000006,2.0799999999999272,1,10.0
90,20_LONG,4,59,10.917999999999893,5.22199999999998,1,10.0
90,20_LONG,4,60,12.484000000000151,2.269999999999982,1,10.0
90,20_LONG,4,61,13.460000000000036,2.5239999999998872,1,10.0
90,20_LONG,4,62,12.117999999999938,2.188000000000102,1,10.0
90,20_LONG,4,63,10.94399999999996,2.018000000000029,1,10.0
90,20_LONG,4,64,8.38799999999992,0.02800000000002001,0,10.0
90,20_LONG,4,66,11.442000000000007,2.9659999999998945,1,10.0
90,20_LONG,4,67,11.776000000000067,1.6019999999998618,1,10.0
90,20_LONG,4,68,11.402000000000044,2.3460000000000036,1,10.0
90,20_LONG,4,69,10.385999999999967,2.5720000000001164,1,10.0
90,20_LONG,4,70,10.811999999999898,3.536000000000058,1,10.0
90,20_LONG,4,71,10.927999999999884,3.30600000000004,1,10.0
90,20_LONG,4,72,11.220000000000027,1.3540000000000418,1,10.0
90,20_LONG,4,73,11.167999999999893,2.3179999999999836,1,10.0
90,20_LONG,4,74,11.466000000000122,1.8119999999998981,1,10.0
90,20_LONG,4,75,11.52800000000002,2.5340000000001055,1,10.0
90,20_LONG,4,76,10.649999999999864,22.292000000000144,1,10.0
90,20_LONG,4,77,5.645999999999958,20.417999999999893,0,10.0
90,20_LONG,4,78,8.704000000000178,21.73799999999983,0,10.0
90,20_LONG,4,79,10.216000000000122,1.8979999999999109,1,10.0
90,20_LONG,4,80,9.784000000000106,20.346000000000004,0,10.0
90,20_LONG,4,81,13.057999999999993,1.6159999999999854,1,10.0
90,20_LONG,4,82,10.461999999999989,2.099999999999909,1,10.0
90,20_LONG,4,83,10.532000000000153,3.9139999999999873,1,10.0
90,20_LONG,4,84,11.759999999999991,2.377999999999929,1,10.0
90,20_LONG,4,85,10.291999999999916,2.660000000000082,1,10.0
90,20_LONG,4,86,11.162000000000035,2.94399999999996,1,10.0
90,20_LONG,4,87,11.19600000000014,2.2779999999997926,1,10.0
90,20_LONG,4,88,12.976000000000113,2.509999999999991,1,10.0
90,20_LONG,4,89,11.372000000000071,1.7539999999999054,1,10.0
90,20_LONG,4,90,11.304000000000087,2.3759999999999764,1,10.0
90,20_LONG,4,91,11.95399999999995,3.1800000000000637,1,10.0
90,20_LONG,4,92,11.891999999999825,4.048000000000002,1,10.0
90,20_LONG,4,93,12.072000000000116,2.0239999999998872,1,10.0
90,20_LONG,4,94,11.1400000000001,1.91800000000012,1,10.0
90,20_LONG,4,95,11.861999999999853,5.870000000000118,1,10.0
90,20_LONG,4,96,10.583999999999833,1.7699999999999818,1,10.0
90,20_LONG,4,97,14.016000000000076,2.9939999999999145,1,10.0
90,20_LONG,4,98,8.688000000000102,0.03199999999992542,0,10.0
90,20_LONG,4,100,13.566000000000031,1.5499999999999545,1,10.0
90,20_LONG,4,101,8.690000000000055,20.445999999999913,0,10.0
90,20_LONG,4,102,11.916000000000167,1.7079999999998563,1,10.0
90,20_LONG,4,103,12.481999999999971,2.9240000000002055,1,10.0
90,20_LONG,4,104,13.36999999999989,2.0039999999999054,1,10.0
90,20_LONG,4,105,13.148000000000138,2.1019999999998618,1,10.0
90,20_LONG,4,106,11.132000000000062,2.8299999999999272,1,10.0
90,20_LONG,4,107,13.96400000000017,2.9079999999999018,1,10.0
90,20_LONG,4,108,12.456000000000131,4.013999999999896,1,10.0
90,20_LONG,4,109,13.8900000000001,,1,10.0
90,20_LONG,5,1,9.310000000000002,20.628,0,10.0
90,20_LONG,5,2,13.018,1.7219999999999942,1,10.0
90,20_LONG,5,3,12.647999999999996,2.152000000000001,1,10.0
90,20_LONG,5,4,11.734000000000009,2.0180000000000007,1,10.0
90,20_LONG,5,5,12.835999999999999,1.8100000000000023,1,10.0
90,20_LONG,5,6,11.341999999999985,1.210000000000008,1,10.0
90,20_LONG,5,7,12.216000000000008,1.461999999999989,1,10.0
90,20_LONG,5,8,12.896000000000015,2.0859999999999843,1,10.0
90,20_LONG,5,9,12.756,0.030000000000001137,1,10.0
90,20_LONG,5,10,0.563999999999993,0.04200000000000159,0,10.0
90,20_LONG,5,12,7.961999999999989,21.838000000000022,0,10.0
90,20_LONG,5,13,8.183999999999997,20.406000000000006,0,10.0
90,20_LONG,5,14,10.543999999999983,1.3840000000000146,1,10.0
90,20_LONG,5,15,14.062000000000012,2.0319999999999823,1,10.0
90,20_LONG,5,16,10.617999999999995,1.4839999999999804,1,10.0
90,20_LONG,5,17,8.212000000000046,20.879999999999995,0,10.0
90,20_LONG,5,18,10.593999999999994,1.8519999999999754,1,10.0
90,20_LONG,5,19,12.021999999999991,1.698000000000036,1,10.0
90,20_LONG,5,20,10.22399999999999,1.9519999999999982,1,10.0
90,20_LONG,5,21,9.132000000000005,21.673999999999978,0,10.0
90,20_LONG,5,22,11.488,1.7900000000000205,1,10.0
90,20_LONG,5,23,9.944000000000017,20.389999999999986,0,10.0
90,20_LONG,5,24,2.0260000000000105,0.1139999999999759,0,10.0
90,20_LONG,5,26,9.125999999999976,20.602000000000032,0,10.0
90,20_LONG,5,27,12.015999999999963,1.9660000000000082,1,10.0
90,20_LONG,5,28,9.084000000000003,21.807999999999993,0,10.0
90,20_LONG,5,29,9.388000000000034,20.723999999999933,0,10.0
90,20_LONG,5,30,9.166000000000054,20.476,0,10.0
90,20_LONG,5,31,8.69399999999996,20.658000000000015,0,10.0
90,20_LONG,5,32,9.656000000000063,20.431999999999903,0,10.0
90,20_LONG,5,33,9.1400000000001,0.033999999999991815,0,10.0
90,20_LONG,5,35,9.230000000000018,21.440000000000055,0,10.0
90,20_LONG,5,36,4.168000000000006,20.562000000000012,0,10.0
90,20_LONG,5,37,8.331999999999994,20.635999999999967,0,10.0
90,20_LONG,5,38,10.063999999999965,1.7160000000000082,1,10.0
90,20_LONG,5,39,7.6299999999999955,20.346000000000004,0,10.0
90,20_LONG,5,40,11.244000000000028,1.9840000000000373,1,10.0
90,20_LONG,5,41,12.465999999999894,2.122000000000071,1,10.0
90,20_LONG,5,42,9.244000000000028,21.421999999999912,0,10.0
90,20_LONG,5,43,13.550000000000068,1.6259999999999764,1,10.0
90,20_LONG,5,44,10.716000000000008,2.477999999999952,1,10.0
90,20_LONG,5,45,10.29600000000005,0.04399999999998272,1,10.0
90,20_LONG,5,46,0.06799999999998363,1.7480000000000473,0,10.0
90,20_LONG,5,47,11.244000000000028,2.169999999999959,1,10.0
90,20_LONG,5,48,12.798000000000002,2.7959999999999354,1,10.0
90,20_LONG,5,49,11.340000000000032,2.0779999999999745,1,10.0
90,20_LONG,5,50,12.412000000000035,3.3920000000000528,1,10.0
90,20_LONG,5,51,12.779999999999973,2.9180000000000064,1,10.0
90,20_LONG,5,52,11.47199999999998,2.169999999999959,1,10.0
90,20_LONG,5,53,10.594000000000051,3.3360000000000127,1,10.0
90,20_LONG,5,54,9.327999999999975,21.667999999999893,0,10.0
90,20_LONG,5,55,11.454000000000178,2.2619999999999436,1,10.0
90,20_LONG,5,56,9.632000000000062,22.30399999999986,0,10.0
90,20_LONG,5,57,9.567999999999984,20.53800000000001,0,10.0
90,20_LONG,5,58,11.900000000000091,2.1440000000000055,1,10.0
90,20_LONG,5,59,9.950000000000045,20.631999999999834,0,10.0
90,20_LONG,5,60,12.322000000000116,2.0219999999999345,1,10.0
90,20_LONG,5,61,14.576000000000022,3.019999999999982,1,10.0
90,20_LONG,5,62,10.682000000000016,2.104000000000042,1,10.0
90,20_LONG,5,63,9.741999999999962,21.02800000000002,0,10.0
90,20_LONG,5,64,12.092000000000098,1.990000000000009,1,10.0
90,20_LONG,5,65,11.59199999999987,1.9780000000000655,1,10.0
90,20_LONG,5,66,11.967999999999847,1.9440000000001874,1,10.0
90,20_LONG,5,67,11.220000000000027,1.9639999999999418,1,10.0
90,20_LONG,5,68,9.801999999999907,20.48199999999997,0,10.0
90,20_LONG,5,69,11.358000000000175,1.8739999999997963,1,10.0
90,20_LONG,5,70,12.070000000000164,1.8599999999999,1,10.0
90,20_LONG,5,71,11.021999999999935,2.754000000000133,1,10.0
90,20_LONG,5,72,9.988000000000056,20.423999999999978,0,10.0
90,20_LONG,5,73,12.059999999999945,2.0519999999999072,1,10.0
90,20_LONG,5,74,11.422000000000025,2.1000000000001364,1,10.0
90,20_LONG,5,75,10.401999999999816,2.3880000000001473,1,10.0
90,20_LONG,5,76,10.879999999999882,2.0620000000001255,1,10.0
90,20_LONG,5,77,10.361999999999853,0.0500000000001819,1,10.0
90,20_LONG,5,78,0.10799999999994725,20.5,0,10.0
90,20_LONG,5,79,10.649999999999864,1.5800000000001546,1,10.0
90,20_LONG,5,80,11.521999999999935,1.6859999999999218,1,10.0
90,20_LONG,5,81,10.83400000000006,2.5440000000000964,1,10.0
90,20_LONG,5,82,8.717999999999847,22.548000000000002,0,10.0
90,20_LONG,5,83,8.198000000000093,20.50999999999999,0,10.0
90,20_LONG,5,84,11.384000000000015,2.074000000000069,1,10.0
90,20_LONG,5,85,12.42599999999993,2.02800000000002,1,10.0
90,20_LONG,5,86,10.36999999999989,1.9100000000000819,1,10.0
90,20_LONG,5,87,11.289999999999964,6.316000000000031,1,10.0
90,20_LONG,5,88,11.617999999999938,2.0900000000001455,1,10.0
90,20_LONG,5,89,10.635999999999967,2.8920000000000528,1,10.0
90,20_LONG,5,90,11.107999999999947,4.998000000000047,1,10.0
90,20_LONG,5,91,11.432000000000016,2.1799999999998363,1,10.0
90,20_LONG,5,92,12.710000000000036,3.9500000000000455,1,10.0
90,20_LONG,5,93,11.723999999999933,3.2360000000001037,1,10.0
90,20_LONG,5,94,11.741999999999962,1.7999999999999545,1,10.0
90,20_LONG,5,95,11.483999999999924,2.816000000000031,1,10.0
90,20_LONG,5,96,12.148000000000138,2.41599999999994,1,10.0
90,20_LONG,5,97,12.743999999999915,1.990000000000009,1,10.0
90,20_LONG,5,98,11.792000000000144,2.321999999999889,1,10.0
90,20_LONG,5,99,10.794000000000096,2.1520000000000437,1,10.0
90,20_LONG,5,100,11.561999999999898,2.0219999999999345,1,10.0
90,20_LONG,5,101,13.004000000000133,2.1299999999998818,1,10.0
90,20_LONG,5,102,12.529999999999973,2.1000000000001364,1,10.0
90,20_LONG,5,103,12.467999999999847,3.9200000000000728,1,10.0
90,20_LONG,5,104,11.347999999999956,,1,10.0
90,20_LONG,6,1,6.966000000000001,22.427999999999997,0,10.0
90,20_LONG,6,2,8.659999999999997,20.534000000000006,0,10.0
90,20_LONG,6,3,10.206000000000003,0.09199999999999875,1,10.0
90,20_LONG,6,4,0.12999999999999545,20.650000000000006,0,10.0
90,20_LONG,6,5,1.617999999999995,0.0379999999999967,0,10.0
90,20_LONG,6,7,3.0759999999999934,20.69399999999999,0,10.0
90,20_LONG,6,8,7.2660000000000196,20.403999999999996,0,10.0
90,20_LONG,6,9,9.138000000000005,0.03599999999997294,0,10.0
90,20_LONG,6,11,10.48999999999998,1.9080000000000155,1,10.0
90,20_LONG,6,12,9.97399999999999,20.445999999999998,0,10.0
90,20_LONG,6,13,10.470000000000027,1.725999999999999,1,10.0
90,20_LONG,6,14,10.701999999999998,1.7899999999999636,1,10.0
90,20_LONG,6,15,11.066000000000031,1.5279999999999632,1,10.0
90,20_LONG,6,16,9.446000000000026,21.694000000000017,0,10.0
90,20_LONG,6,17,9.536000000000001,20.810000000000002,0,10.0
90,20_LONG,6,18,12.103999999999985,1.329999999999984,1,10.0
90,20_LONG,6,19,9.711999999999989,0.12800000000004275,0,10.0
90,20_LONG,6,21,11.269999999999982,1.782000000000039,1,10.0
90,20_LONG,6,22,9.063999999999965,20.876000000000033,0,10.0
90,20_LONG,6,23,11.45999999999998,0.04399999999998272,1,10.0
90,20_LONG,6,24,0.1640000000000441,20.527999999999963,0,10.0
90,20_LONG,6,25,8.912000000000035,20.383999999999958,0,10.0
90,20_LONG,6,26,0.7019999999999982,20.74000000000001,0,10.0
90,20_LONG,6,27,10.31000000000006,2.825999999999908,1,10.0
90,20_LONG,6,28,0.41600000000005366,0.03599999999994452,0,10.0
90,20_LONG,6,30,0.14799999999991087,20.374000000000024,0,10.0
90,20_LONG,6,31,9.19399999999996,0.038000000000010914,0,10.0
90,20_LONG,6,33,10.745999999999981,2.1140000000000327,1,10.0
90,20_LONG,6,34,12.02800000000002,2.5319999999999254,1,10.0
90,20_LONG,6,35,10.746000000000095,1.9039999999999964,1,10.0
90,20_LONG,6,36,12.065999999999917,3.07000000000005,1,10.0
90,20_LONG,6,37,10.668000000000006,0.03599999999994452,1,10.0
90,20_LONG,6,38,0.17799999999999727,20.3420000000001,0,10.0
90,20_LONG,6,39,9.67599999999993,20.519999999999982,0,10.0
90,20_LONG,6,40,8.62600000000009,20.503999999999905,0,10.0
90,20_LONG,6,41,11.590000000000032,1.6879999999999882,1,10.0
90,20_LONG,6,42,10.718000000000075,1.7019999999999982,1,10.0
90,20_LONG,6,43,11.41199999999992,1.636000000000081,1,10.0
90,20_LONG,6,44,9.467999999999961,0.15800000000001546,0,10.0
90,20_LONG,6,46,11.138000000000034,1.5659999999999172,1,10.0
90,20_LONG,6,47,11.460000000000036,0.10000000000002274,1,10.0
90,20_LONG,6,48,0.13999999999998636,21.398000000000025,0,10.0
90,20_LONG,6,49,11.115999999999985,1.7419999999999618,1,10.0
90,20_LONG,6,50,12.0,1.5260000000000673,1,10.0
90,20_LONG,6,51,11.521999999999935,1.76400000000001,1,10.0
90,20_LONG,6,52,13.210000000000036,1.8559999999999945,1,10.0
90,20_LONG,6,53,11.048000000000002,1.82000000000005,1,10.0
90,20_LONG,6,54,10.941999999999894,1.6920000000000073,1,10.0
90,20_LONG,6,55,10.622000000000071,2.3719999999999573,1,10.0
90,20_LONG,6,56,9.344000000000051,0.03199999999992542,0,10.0
90,20_LONG,6,58,12.048000000000002,1.6620000000000346,1,10.0
90,20_LONG,6,59,10.361999999999966,1.6720000000000255,1,10.0
90,20_LONG,6,60,11.769999999999982,2.377999999999929,1,10.0
90,20_LONG,6,61,10.43600000000015,2.19399999999996,1,10.0
90,20_LONG,6,62,8.993999999999915,20.365999999999985,0,10.0
90,20_LONG,6,63,11.458000000000084,1.6159999999999854,1,10.0
90,20_LONG,6,64,9.614000000000033,20.307999999999993,0,10.0
90,20_LONG,6,65,12.660000000000082,1.5939999999998236,1,10.0
90,20_LONG,6,66,8.61200000000008,20.615999999999985,0,10.0
90,20_LONG,6,67,10.412000000000035,1.7819999999999254,1,10.0
90,20_LONG,6,68,1.77800000000002,0.03600000000005821,0,10.0
90,20_LONG,6,70,10.961999999999989,2.244000000000142,1,10.0
90,20_LONG,6,71,10.16599999999994,1.9259999999999309,1,10.0
90,20_LONG,6,72,10.970000000000027,2.463999999999942,1,10.0
90,20_LONG,6,73,11.700000000000045,2.009999999999991,1,10.0
90,20_LONG,6,74,10.837999999999965,1.956000000000131,1,10.0
90,20_LONG,6,75,11.515999999999849,1.8759999999999764,1,10.0
90,20_LONG,6,76,10.162000000000035,2.382000000000062,1,10.0
90,20_LONG,6,77,10.615999999999985,2.1620000000000346,1,10.0
90,20_LONG,6,78,11.385999999999967,1.8679999999999382,1,10.0
90,20_LONG,6,79,10.798000000000002,1.8940000000000055,1,10.0
90,20_LONG,6,80,11.201999999999998,2.4139999999999873,1,10.0
90,20_LONG,6,81,11.02800000000002,1.844000000000051,1,10.0
90,20_LONG,6,82,11.998000000000047,1.7539999999999054,1,10.0
90,20_LONG,6,83,12.148000000000138,2.5939999999998236,1,10.0
90,20_LONG,6,84,10.114000000000033,3.673999999999978,1,10.0
90,20_LONG,6,85,11.618000000000166,2.4299999999998363,1,10.0
90,20_LONG,6,86,9.762000000000171,21.745999999999867,0,10.0
90,20_LONG,6,87,11.337999999999965,1.7699999999999818,1,10.0
90,20_LONG,6,88,13.628000000000156,1.7439999999999145,1,10.0
90,20_LONG,6,89,11.938000000000102,1.737999999999829,1,10.0
90,20_LONG,6,90,10.820000000000164,2.2519999999999527,1,10.0
90,20_LONG,6,91,10.355999999999995,2.1240000000000236,1,10.0
90,20_LONG,6,92,11.511999999999944,6.102000000000089,1,10.0
90,20_LONG,6,93,10.875999999999976,1.4919999999999618,1,10.0
90,20_LONG,6,94,11.251999999999953,2.7380000000000564,1,10.0
90,20_LONG,6,95,12.655999999999949,2.5340000000001055,1,10.0
90,20_LONG,6,96,12.073999999999842,2.816000000000031,1,10.0
90,20_LONG,6,97,12.272000000000162,1.6679999999998927,1,10.0
90,20_LONG,6,98,11.730000000000018,1.5679999999999836,1,10.0
90,20_LONG,6,99,11.554000000000087,2.758000000000038,1,10.0
90,20_LONG,6,100,10.789999999999964,3.019999999999982,1,10.0
90,20_LONG,6,101,12.39799999999991,5.8840000000000146,1,10.0
90,20_LONG,6,102,10.826000000000022,1.627999999999929,1,10.0
90,20_LONG,6,103,12.458000000000084,2.481999999999971,1,10.0
90,20_LONG,6,104,10.576000000000022,0.12200000000007094,1,10.0
90,20_LONG,6,105,0.2359999999998763,21.40000000000009,0,10.0
90,20_LONG,6,106,8.405999999999949,0.17200000000002547,0,10.0
90,20_LONG,6,108,11.91599999999994,2.464000000000169,1,10.0
90,20_LONG,6,109,10.251999999999953,,1,10.0
92,20_LONG,1,1,5.9879999999999995,22.396,0,10.0
92,20_LONG,1,2,8.254000000000005,25.27199999999999,0,10.0
92,20_LONG,1,3,5.706000000000003,26.173999999999992,0,10.0
92,20_LONG,1,4,7.921999999999997,0.1740000000000066,0,10.0
92,20_LONG,1,6,5.986000000000018,0.1839999999999975,0,10.0
92,20_LONG,1,8,6.834000000000003,0.12800000000001432,0,10.0
92,20_LONG,1,10,0.18000000000000682,24.21799999999999,0,10.0
92,20_LONG,1,11,4.2520000000000095,0.09600000000000364,0,10.0
92,20_LONG,1,13,5.951999999999998,0.033999999999991815,0,10.0
92,20_LONG,1,15,7.977999999999952,0.06800000000004047,0,10.0
92,20_LONG,1,17,8.557999999999993,0.057999999999992724,0,10.0
92,20_LONG,1,19,10.282000000000039,0.053999999999973625,1,10.0
92,20_LONG,1,20,0.2880000000000109,20.677999999999997,0,10.0
92,20_LONG,1,21,9.442000000000007,0.16399999999998727,0,10.0
92,20_LONG,1,23,10.156000000000006,0.05000000000001137,1,10.0
92,20_LONG,1,24,0.5499999999999545,21.466000000000008,0,10.0
92,20_LONG,1,25,8.838000000000022,0.13599999999996726,0,10.0
92,20_LONG,1,27,5.4839999999999804,0.1519999999999868,0,10.0
92,20_LONG,1,29,8.001999999999953,0.13400000000001455,0,10.0
92,20_LONG,1,31,8.491999999999962,0.05200000000002092,0,10.0
92,20_LONG,1,33,8.937999999999988,0.06399999999996453,0,10.0
92,20_LONG,1,35,10.274000000000001,0.08799999999996544,1,10.0
92,20_LONG,1,36,0.3160000000000309,20.491999999999962,0,10.0
92,20_LONG,1,37,12.245999999999981,0.07399999999995543,1,10.0
92,20_LONG,1,38,0.18400000000008276,20.49599999999998,0,10.0
92,20_LONG,1,39,6.52800000000002,0.08199999999999363,0,10.0
92,20_LONG,1,41,9.063999999999965,0.06600000000003092,0,10.0
92,20_LONG,1,43,10.024000000000001,0.04800000000000182,1,10.0
92,20_LONG,1,44,0.7980000000000018,20.416000000000054,0,10.0
92,20_LONG,1,45,9.497999999999934,0.05200000000002092,0,10.0
92,20_LONG,1,47,12.260000000000105,0.09199999999998454,1,10.0
92,20_LONG,1,48,0.09999999999990905,22.87200000000007,0,10.0
92,20_LONG,1,49,6.432000000000016,0.04399999999998272,0,10.0
92,20_LONG,1,51,9.710000000000036,20.576000000000022,0,10.0
92,20_LONG,1,52,7.945999999999913,0.11400000000003274,0,10.0
92,20_LONG,1,54,11.340000000000032,0.04399999999998272,1,10.0
92,20_LONG,1,55,0.6140000000000327,20.66599999999994,0,10.0
92,20_LONG,1,56,10.460000000000036,0.10800000000006094,1,10.0
92,20_LONG,1,57,0.09199999999998454,20.831999999999994,0,10.0
92,20_LONG,1,58,8.216000000000008,21.09999999999991,0,10.0
92,20_LONG,1,59,8.677999999999997,0.14800000000002456,0,10.0
92,20_LONG,1,61,7.567999999999984,0.07799999999997453,0,10.0
92,20_LONG,1,63,8.533999999999878,0.12800000000015643,0,10.0
92,20_LONG,1,65,7.361999999999853,0.07799999999997453,0,10.0
92,20_LONG,1,67,9.173999999999978,0.11400000000003274,0,10.0
92,20_LONG,1,69,10.009999999999991,0.04800000000000182,1,10.0
92,20_LONG,1,70,0.17799999999988358,22.014000000000124,0,10.0
92,20_LONG,1,71,9.846000000000004,0.14599999999995816,0,10.0
92,20_LONG,1,73,9.253999999999905,0.10999999999989996,0,10.0
92,20_LONG,1,75,11.051999999999907,0.032000000000152795,1,10.0
92,20_LONG,1,76,0.18399999999996908,20.692000000000007,0,10.0
92,20_LONG,1,77,10.107999999999947,0.13200000000006185,1,10.0
92,20_LONG,1,78,0.12400000000002365,20.457999999999856,0,10.0
92,20_LONG,1,79,0.032000000000152795,0.08799999999996544,0,10.0
92,20_LONG,1,81,9.725999999999885,0.05600000000004002,0,10.0
92,20_LONG,1,83,10.844000000000051,0.10399999999981446,1,10.0
92,20_LONG,1,84,0.7720000000001619,20.465999999999894,0,10.0
92,20_LONG,1,85,11.072000000000116,0.04800000000000182,1,10.0
92,20_LONG,1,86,0.2539999999999054,20.539999999999964,0,10.0
92,20_LONG,1,87,12.3900000000001,0.515999999999849,1,10.0
92,20_LONG,1,88,0.07600000000002183,0.10599999999999454,0,10.0
92,20_LONG,1,90,7.495999999999867,0.14200000000005275,0,10.0
92,20_LONG,1,92,8.494000000000142,0.14599999999995816,0,10.0
92,20_LONG,1,94,7.289999999999964,0.13400000000001455,0,10.0
92,20_LONG,1,96,8.985999999999876,0.08800000000019281,0,10.0
92,20_LONG,1,98,8.980000000000018,0.17599999999993088,0,10.0
92,20_LONG,1,100,10.771999999999935,0.08600000000001273,1,10.0
92,20_LONG,1,101,0.12200000000007094,20.970000000000027,0,10.0
92,20_LONG,1,102,10.305999999999813,0.13400000000001455,1,10.0
92,20_LONG,1,103,0.2300000000000182,20.634000000000015,0,10.0
92,20_LONG,1,104,9.981999999999971,22.608000000000175,0,10.0
92,20_LONG,1,105,7.9379999999998745,0.12799999999992906,0,10.0
92,20_LONG,1,107,9.167999999999893,0.13599999999996726,0,10.0
92,20_LONG,1,109,10.259999999999991,0.052000000000134605,1,10.0
92,20_LONG,1,110,0.6219999999998436,20.610000000000127,0,10.0
92,20_LONG,1,111,9.02800000000002,0.057999999999992724,0,10.0
92,20_LONG,1,114,10.259999999999991,1.566000000000031,1,10.0
92,20_LONG,1,115,9.087999999999965,21.307999999999993,0,10.0
92,20_LONG,1,116,10.13000000000011,0.11199999999985266,1,10.0
92,20_LONG,1,117,0.7980000000000018,20.913999999999987,0,10.0
92,20_LONG,1,118,13.410000000000082,0.05600000000004002,1,10.0
92,20_LONG,1,119,0.15799999999990177,20.48400000000015,0,10.0
92,20_LONG,1,120,8.269999999999982,21.273999999999887,0,10.0
92,20_LONG,1,121,10.153999999999996,0.36000000000012733,1,10.0
92,20_LONG,1,122,0.35599999999999454,20.773999999999887,0,10.0
92,20_LONG,1,123,9.398000000000138,0.13799999999991996,0,10.0
92,20_LONG,1,125,10.228000000000065,0.2599999999999909,1,10.0
92,20_LONG,1,126,0.6800000000000637,21.06600000000003,0,10.0
92,20_LONG,1,127,10.076000000000022,0.08199999999987995,1,10.0
92,20_LONG,1,128,0.09799999999995634,0.10199999999986176,0,10.0
92,20_LONG,1,130,0.44000000000005457,0.06199999999989814,0,10.0
92,20_LONG,1,132,12.53399999999965,0.05600000000004002,1,10.0
92,20_LONG,1,133,0.5080000000002656,21.51800000000003,0,10.0
92,20_LONG,1,134,9.501999999999953,0.12399999999979627,0,10.0
92,20_LONG,1,136,15.759999999999764,0.2699999999999818,1,10.0
92,20_LONG,1,137,0.4600000000000364,21.672000000000025,0,10.0
92,20_LONG,1,138,8.518000000000029,0.05400000000008731,0,10.0
92,20_LONG,1,140,7.730000000000018,20.777999999999793,0,10.0
92,20_LONG,1,141,7.226000000000113,0.14800000000013824,0,10.0
92,20_LONG,1,143,11.927999999999884,,1,10.0
92,20_LONG,2,1,0.15200000000000102,0.047999999999998266,0,10.0
92,20_LONG,2,3,6.219999999999999,22.374000000000002,0,10.0
92,20_LONG,2,4,9.028000000000006,20.97999999999999,0,10.0
92,20_LONG,2,5,6.094000000000008,0.11999999999999034,0,10.0
92,20_LONG,2,7,7.374000000000024,21.18599999999998,0,10.0
92,20_LONG,2,8,11.195999999999998,0.39800000000002456,1,10.0
92,20_LONG,2,9,0.26200000000000045,20.557999999999993,0,10.0
92,20_LONG,2,10,9.388000000000005,20.49799999999999,0,10.0
92,20_LONG,2,11,7.722000000000008,0.1379999999999768,0,10.0
92,20_LONG,2,13,9.745999999999981,22.18599999999998,0,10.0
92,20_LONG,2,14,7.616000000000042,0.1139999999999759,0,10.0
92,20_LONG,2,16,10.505999999999972,0.057999999999992724,1,10.0
92,20_LONG,2,17,0.5740000000000123,20.744000000000028,0,10.0
92,20_LONG,2,18,8.925999999999988,0.11199999999996635,0,10.0
92,20_LONG,2,20,8.551999999999964,20.976,0,10.0
92,20_LONG,2,21,8.870000000000005,20.862000000000023,0,10.0
92,20_LONG,2,22,9.21999999999997,21.50200000000001,0,10.0
92,20_LONG,2,23,9.605999999999995,22.912000000000035,0,10.0
92,20_LONG,2,24,9.769999999999982,0.1239999999999668,0,10.0
92,20_LONG,2,26,9.966000000000008,0.04399999999998272,0,10.0
92,20_LONG,2,28,15.668000000000006,0.12999999999999545,1,10.0
92,20_LONG,2,29,0.07399999999995543,0.11800000000005184,0,10.0
92,20_LONG,2,31,11.005999999999972,0.06000000000005912,1,10.0
92,20_LONG,2,32,0.6159999999999854,23.53200000000004,0,10.0
92,20_LONG,2,33,12.427999999999997,0.14800000000002456,1,10.0
92,20_LONG,2,34,0.11599999999998545,20.493999999999915,0,10.0
92,20_LONG,2,35,10.879999999999995,0.08400000000006003,1,10.0
92,20_LONG,2,36,0.17600000000004457,0.10399999999992815,0,10.0
92,20_LONG,2,38,8.657999999999902,20.724000000000046,0,10.0
92,20_LONG,2,39,8.966000000000008,20.480000000000018,0,10.0
92,20_LONG,2,40,9.371999999999957,21.451999999999998,0,10.0
92,20_LONG,2,41,9.509999999999991,20.610000000000014,0,10.0
92,20_LONG,2,42,10.122000000000071,2.075999999999908,1,10.0
92,20_LONG,2,43,6.98599999999999,0.05400000000008731,0,10.0
92,20_LONG,2,46,8.666000000000054,0.09799999999995634,0,10.0
92,20_LONG,2,48,8.998000000000047,21.331999999999994,0,10.0
92,20_LONG,2,49,8.783999999999992,0.12599999999997635,0,10.0
92,20_LONG,2,51,10.091999999999985,2.1920000000000073,1,10.0
92,20_LONG,2,52,9.144000000000005,0.07399999999995543,0,10.0
92,20_LONG,2,54,6.961999999999989,0.14400000000000546,0,10.0
92,20_LONG,2,56,9.648000000000025,20.663999999999987,0,10.0
92,20_LONG,2,57,8.940000000000055,20.720000000000027,0,10.0
92,20_LONG,2,58,7.317999999999984,20.645999999999958,0,10.0
92,20_LONG,2,59,9.067999999999984,20.798000000000002,0,10.0
92,20_LONG,2,60,8.097999999999956,20.761999999999944,0,10.0
92,20_LONG,2,61,8.980000000000018,0.11799999999993815,0,10.0
92,20_LONG,2,63,11.54600000000005,3.326000000000022,1,10.0
92,20_LONG,2,64,9.551999999999907,0.052000000000134605,0,10.0
92,20_LONG,2,66,10.114000000000033,3.063999999999851,1,10.0
92,20_LONG,2,67,8.0,20.656000000000176,0,10.0
92,20_LONG,2,68,9.0,21.67599999999993,0,10.0
92,20_LONG,2,69,9.347999999999956,20.455999999999904,0,10.0
92,20_LONG,2,70,0.16600000000016735,21.207999999999856,0,10.0
92,20_LONG,2,71,8.238000000000056,20.460000000000036,0,10.0
92,20_LONG,2,72,0.044000000000096406,0.12999999999988177,0,10.0
92,20_LONG,2,74,10.142000000000053,2.2920000000001437,1,10.0
92,20_LONG,2,75,8.645999999999958,20.395999999999958,0,10.0
92,20_LONG,2,76,10.412000000000035,2.117999999999938,1,10.0
92,20_LONG,2,77,9.311999999999898,20.298000000000002,0,10.0
92,20_LONG,2,78,10.236000000000104,1.9220000000000255,1,10.0
92,20_LONG,2,79,7.201999999999998,20.501999999999953,0,10.0
92,20_LONG,2,80,8.403999999999996,20.526000000000067,0,10.0
92,20_LONG,2,81,8.733999999999924,20.66800000000012,0,10.0
92,20_LONG,2,82,9.99799999999982,21.438000000000102,0,10.0
92,20_LONG,2,83,7.720000000000027,0.06799999999998363,0,10.0
92,20_LONG,2,85,10.652000000000044,0.09000000000014552,1,10.0
92,20_LONG,2,86,0.2539999999999054,20.54600000000005,0,10.0
92,20_LONG,2,87,9.67599999999993,20.46199999999999,0,10.0
92,20_LONG,2,88,8.478000000000065,0.10599999999999454,0,10.0
92,20_LONG,2,90,8.809999999999945,0.13999999999987267,0,10.0
92,20_LONG,2,92,11.534000000000106,1.5079999999998108,1,10.0
92,20_LONG,2,93,8.896000000000186,20.473999999999933,0,10.0
92,20_LONG,2,94,11.321999999999889,0.06600000000003092,1,10.0
92,20_LONG,2,95,0.10800000000017462,20.373999999999796,0,10.0
92,20_LONG,2,96,9.940000000000055,20.836000000000013,0,10.0
92,20_LONG,2,97,8.913999999999987,20.388000000000147,0,10.0
92,20_LONG,2,98,8.16599999999994,20.548000000000002,0,10.0
92,20_LONG,2,99,9.041999999999916,20.435999999999922,0,10.0
92,20_LONG,2,100,8.504000000000133,20.38799999999992,0,10.0
92,20_LONG,2,101,8.596000000000004,20.40800000000013,0,10.0
92,20_LONG,2,102,8.781999999999925,0.06199999999989814,0,10.0
92,20_LONG,2,104,14.483999999999924,2.1660000000001673,1,10.0
92,20_LONG,2,105,9.788000000000011,20.382000000000062,0,10.0
92,20_LONG,2,106,8.399999999999636,20.48199999999997,0,10.0
92,20_LONG,2,107,8.794000000000324,0.11799999999993815,0,10.0
92,20_LONG,2,109,12.115999999999985,0.5419999999999163,1,10.0
92,20_LONG,2,110,0.3240000000000691,20.509999999999764,0,10.0
92,20_LONG,2,111,11.010000000000218,0.1459999999997308,1,10.0
92,20_LONG,2,112,0.09200000000009823,20.412000000000262,0,10.0
92,20_LONG,2,113,11.835999999999785,0.09000000000014552,1,10.0
92,20_LONG,2,114,0.1639999999997599,20.498000000000047,0,10.0
92,20_LONG,2,115,11.262000000000171,2.099999999999909,1,10.0
92,20_LONG,2,116,10.68600000000015,0.5299999999997453,1,10.0
92,20_LONG,2,117,0.42000000000007276,21.18000000000029,0,10.0
92,20_LONG,2,118,7.949999999999818,20.51200000000017,0,10.0
92,20_LONG,2,119,8.817999999999756,20.307999999999993,0,10.0
92,20_LONG,2,120,8.470000000000255,0.10199999999986176,0,10.0
92,20_LONG,2,122,10.206000000000131,0.36000000000012733,1,10.0
92,20_LONG,2,123,0.6059999999997672,20.494000000000142,0,10.0
92,20_LONG,2,124,0.18200000000024374,0.06999999999970896,0,10.0
92,20_LONG,3,1,0.8260000000000005,0.20000000000000284,0,10.0
92,20_LONG,3,3,8.018,20.458,0,10.0
92,20_LONG,3,4,6.436000000000007,0.057999999999992724,0,10.0
92,20_LONG,3,6,6.2520000000000095,0.07200000000000273,0,10.0
92,20_LONG,3,8,9.105999999999995,21.903999999999996,0,10.0
92,20_LONG,3,9,7.665999999999997,20.421999999999997,0,10.0
92,20_LONG,3,10,8.544000000000011,0.15799999999998704,0,10.0
92,20_LONG,3,12,10.598000000000013,2.2179999999999893,1,10.0
92,20_LONG,3,13,8.352000000000004,0.060000000000002274,0,10.0
92,20_LONG,3,16,10.074000000000012,2.7239999999999895,1,10.0
92,20_LONG,3,17,6.6580000000000155,21.612000000000023,0,10.0
92,20_LONG,3,18,10.893999999999949,0.060000000000002274,1,10.0
92,20_LONG,3,19,0.9360000000000355,20.420000000000016,0,10.0
92,20_LONG,3,20,9.299999999999955,0.06999999999999318,0,10.0
92,20_LONG,3,22,10.913999999999987,0.3979999999999677,1,10.0
92,20_LONG,3,23,0.6860000000000355,20.451999999999998,0,10.0
92,20_LONG,3,24,9.329999999999984,20.403999999999996,0,10.0
92,20_LONG,3,25,0.117999999999995,0.055999999999983174,0,10.0
92,20_LONG,3,27,9.328000000000031,20.47399999999999,0,10.0
92,20_LONG,3,28,11.718000000000018,1.9780000000000086,1,10.0
92,20_LONG,3,29,9.120000000000005,20.447999999999922,0,10.0
92,20_LONG,3,30,9.844000000000051,20.484000000000037,0,10.0
92,20_LONG,3,31,9.171999999999912,20.406000000000063,0,10.0
92,20_LONG,3,32,10.55600000000004,0.47199999999998,1,10.0
92,20_LONG,3,33,1.0699999999999363,0.12999999999999545,0,10.0
92,20_LONG,3,35,10.033999999999992,2.6059999999999945,1,10.0
92,20_LONG,3,36,10.336000000000013,4.75,1,10.0
92,20_LONG,3,37,11.245999999999981,0.8020000000000209,1,10.0
92,20_LONG,3,38,0.21400000000005548,21.827999999999975,0,10.0
92,20_LONG,3,39,9.725999999999999,20.331999999999994,0,10.0
92,20_LONG,3,40,9.343999999999937,20.27800000000002,0,10.0
92,20_LONG,3,41,0.09199999999998454,20.388000000000034,0,10.0
92,20_LONG,3,42,10.740000000000009,1.566000000000031,1,10.0
92,20_LONG,3,43,9.309999999999945,20.33400000000006,0,10.0
92,20_LONG,3,44,9.279999999999973,0.04399999999998272,0,10.0
92,20_LONG,3,46,8.550000000000068,21.573999999999955,0,10.0
92,20_LONG,3,47,7.368000000000052,0.12199999999995725,0,10.0
92,20_LONG,3,49,11.591999999999985,0.51400000000001,1,10.0
92,20_LONG,3,50,0.34799999999995634,20.427999999999997,0,10.0
92,20_LONG,3,51,9.624000000000024,20.49000000000001,0,10.0
92,20_LONG,3,52,9.144000000000005,20.367999999999938,0,10.0
92,20_LONG,3,53,11.855999999999995,0.5620000000000118,1,10.0
92,20_LONG,3,54,0.2720000000000482,20.505999999999972,0,10.0
92,20_LONG,3,55,10.984000000000037,0.11799999999993815,1,10.0
92,20_LONG,3,56,0.09200000000009823,20.329999999999927,0,10.0
92,20_LONG,3,57,11.91599999999994,0.2560000000000855,1,10.0
92,20_LONG,3,58,0.47199999999998,20.632000000000062,0,10.0
92,20_LONG,3,59,10.781999999999925,0.6059999999999945,1,10.0
92,20_LONG,3,60,0.38200000000006185,20.365999999999985,0,10.0
92,20_LONG,3,61,10.761999999999944,2.244000000000142,1,10.0
92,20_LONG,3,62,10.899999999999864,0.2400000000000091,1,10.0
92,20_LONG,3,63,0.5640000000000782,20.447999999999865,0,10.0
92,20_LONG,3,64,11.077999999999975,2.3920000000000528,1,10.0
92,20_LONG,3,65,10.984000000000151,0.5539999999998599,1,10.0
92,20_LONG,3,66,0.3079999999999927,20.385999999999967,0,10.0
92,20_LONG,3,67,8.656000000000176,0.12799999999992906,0,10.0
92,20_LONG,3,69,9.80399999999986,20.403999999999996,0,10.0
92,20_LONG,3,70,8.336000000000013,0.15000000000009095,0,10.0
92,20_LONG,3,72,9.077999999999975,20.386000000000195,0,10.0
92,20_LONG,3,73,10.601999999999862,1.66800000000012,1,10.0
92,20_LONG,3,74,10.379999999999882,0.4860000000001037,1,10.0
92,20_LONG,3,75,0.5219999999999345,20.605999999999995,0,10.0
92,20_LONG,3,76,8.605999999999995,20.422000000000025,0,10.0
92,20_LONG,3,77,11.124000000000024,4.261999999999944,1,10.0
92,20_LONG,3,78,10.288000000000011,2.1259999999999764,1,10.0
92,20_LONG,3,79,9.706000000000131,20.357999999999947,0,10.0
92,20_LONG,3,80,8.639999999999873,20.552000000000135,0,10.0
92,20_LONG,3,81,10.940000000000055,1.655999999999949,1,10.0
92,20_LONG,3,82,11.261999999999944,2.122000000000071,1,10.0
92,20_LONG,3,83,12.977999999999838,0.568000000000211,1,10.0
92,20_LONG,3,84,0.38199999999983447,20.511999999999944,0,10.0
92,20_LONG,3,85,9.836000000000013,20.758000000000038,0,10.0
92,20_LONG,3,86,10.420000000000073,1.905999999999949,1,10.0
92,20_LONG,3,87,10.586000000000013,0.2880000000000109,1,10.0
92,20_LONG,3,88,0.5419999999999163,20.406000000000176,0,10.0
92,20_LONG,3,89,9.631999999999834,0.16200000000003456,0,10.0
92,20_LONG,3,91,10.67599999999993,0.10599999999999454,1,10.0
92,20_LONG,3,92,0.15399999999999636,0.09400000000005093,0,10.0
92,20_LONG,3,94,11.314000000000078,2.3759999999999764,1,10.0
92,20_LONG,3,95,12.905999999999949,2.117999999999938,1,10.0
92,20_LONG,3,96,11.394000000000005,0.5920000000000982,1,10.0
92,20_LONG,3,97,0.83199999999988,20.406000000000176,0,10.0
92,20_LONG,3,98,0.265999999999849,0.029999999999972715,0,10.0
92,20_LONG,3,100,10.886000000000195,2.3859999999999673,1,10.0
92,20_LONG,3,101,10.947999999999865,0.5099999999999909,1,10.0
92,20_LONG,3,102,0.4940000000001419,20.403999999999996,0,10.0
92,20_LONG,3,103,13.885999999999967,2.508000000000038,1,10.0
92,20_LONG,3,104,7.765999999999849,20.432000000000016,0,10.0
92,20_LONG,3,105,11.494000000000142,1.4679999999998472,1,10.0
92,20_LONG,3,106,11.72199999999998,0.2980000000000018,1,10.0
92,20_LONG,3,107,0.5540000000000873,20.445999999999913,0,10.0
92,20_LONG,3,108,8.266000000000076,0.10400000000004184,0,10.0
92,20_LONG,3,110,10.5300000000002,1.44399999999996,1,10.0
92,20_LONG,3,111,11.781999999999925,0.2539999999999054,1,10.0
92,20_LONG,3,112,0.6560000000001764,20.385999999999967,0,10.0
92,20_LONG,3,113,10.367999999999938,0.15399999999999636,1,10.0
92,20_LONG,3,114,0.057999999999992724,20.51800000000003,0,10.0
92,20_LONG,3,115,10.238000000000056,1.6820000000000164,1,10.0
92,20_LONG,3,116,9.611999999999853,20.55600000000004,0,10.0
92,20_LONG,3,117,13.8900000000001,,1,10.0
92,20_LONG,4,1,0.1739999999999995,0.12599999999999767,0,10.0
92,20_LONG,4,3,0.34600000000000364,0.09199999999999875,0,10.0
92,20_LONG,4,5,7.366,20.403999999999996,0,10.0
92,20_LONG,4,6,7.5859999999999985,0.07400000000001228,0,10.0
92,20_LONG,4,8,8.389999999999986,0.06800000000001205,0,10.0
92,20_LONG,4,10,8.22799999999998,0.058000000000021146,0,10.0
92,20_LONG,4,12,7.705999999999989,0.06200000000001182,0,10.0
92,20_LONG,4,14,7.889999999999986,0.08600000000001273,0,10.0
92,20_LONG,4,16,10.259999999999991,0.0700000000000216,1,10.0
92,20_LONG,4,17,0.06599999999997408,20.385999999999996,0,10.0
92,20_LONG,4,18,6.978000000000009,0.07800000000003138,0,10.0
92,20_LONG,4,20,9.427999999999997,20.72399999999999,0,10.0
92,20_LONG,4,21,11.170000000000016,2.2860000000000014,1,10.0
92,20_LONG,4,22,7.325999999999965,20.696000000000026,0,10.0
92,20_LONG,4,23,5.836000000000013,0.08999999999997499,0,10.0
92,20_LONG,4,25,0.21600000000000819,22.323999999999955,0,10.0
92,20_LONG,4,26,1.9700000000000273,0.12599999999997635,0,10.0
92,20_LONG,4,28,8.346000000000004,20.901999999999987,0,10.0
92,20_LONG,4,29,8.855999999999995,21.48399999999998,0,10.0
92,20_LONG,4,30,7.439999999999998,0.03999999999996362,0,10.0
92,20_LONG,4,32,8.169999999999959,20.354000000000042,0,10.0
92,20_LONG,4,33,8.635999999999967,0.11000000000001364,0,10.0
92,20_LONG,4,35,12.723999999999933,1.95799999999997,1,10.0
92,20_LONG,4,36,8.23599999999999,20.53800000000001,0,10.0
92,20_LONG,4,37,11.960000000000036,0.5499999999999545,1,10.0
92,20_LONG,4,38,0.2820000000000391,20.519999999999982,0,10.0
92,20_LONG,4,39,9.803999999999974,20.412000000000035,0,10.0
92,20_LONG,4,40,8.388000000000034,20.932000000000016,0,10.0
92,20_LONG,4,41,12.209999999999923,2.810000000000059,1,10.0
92,20_LONG,4,42,6.95799999999997,21.187999999999988,0,10.0
92,20_LONG,4,43,0.04000000000007731,0.07999999999992724,0,10.0
92,20_LONG,4,45,10.384000000000015,1.8799999999999955,1,10.0
92,20_LONG,4,46,0.11799999999993815,0.06600000000003092,0,10.0
92,20_LONG,4,48,9.395999999999958,20.378000000000043,0,10.0
92,20_LONG,4,49,0.36199999999996635,0.06799999999998363,0,10.0
92,20_LONG,4,51,9.139999999999986,20.741999999999962,0,10.0
92,20_LONG,4,52,9.080000000000041,20.40199999999993,0,10.0
92,20_LONG,4,53,11.132000000000062,1.197999999999979,1,10.0
92,20_LONG,4,54,1.2300000000000182,0.06999999999993634,0,10.0
92,20_LONG,4,56,10.354000000000042,1.69399999999996,1,10.0
92,20_LONG,4,57,0.5760000000000218,0.06200000000001182,0,10.0
92,20_LONG,4,59,6.395999999999958,0.08199999999999363,0,10.0
92,20_LONG,4,61,5.988000000000056,20.61999999999989,0,10.0
92,20_LONG,4,62,8.357999999999947,21.072000000000116,0,10.0
92,20_LONG,4,63,8.849999999999909,20.713999999999942,0,10.0
92,20_LONG,4,64,6.222000000000207,20.261999999999944,0,10.0
92,20_LONG,4,65,0.07600000000002183,0.06999999999993634,0,10.0
92,20_LONG,4,67,9.977999999999838,0.15000000000009095,0,10.0
92,20_LONG,4,69,14.837999999999965,1.7539999999999054,1,10.0
92,20_LONG,4,70,2.132000000000062,20.867999999999938,0,10.0
92,20_LONG,4,71,9.75200000000018,20.75999999999999,0,10.0
92,20_LONG,4,72,9.809999999999945,20.723999999999933,0,10.0
92,20_LONG,4,73,9.392000000000053,20.50999999999999,0,10.0
92,20_LONG,4,74,5.705999999999904,0.044000000000096406,0,10.0
92,20_LONG,4,76,14.273999999999887,2.436000000000149,1,10.0
92,20_LONG,4,77,5.316000000000031,20.263999999999896,0,10.0
92,20_LONG,4,78,14.375999999999976,1.9519999999999982,1,10.0
92,20_LONG,4,79,0.024000000000114596,0.041999999999916326,0,10.0
92,20_LONG,4,81,0.0420000000001437,0.06599999999980355,0,10.0
92,20_LONG,4,83,8.929999999999836,20.476000000000113,0,10.0
92,20_LONG,4,84,10.038000000000011,2.1920000000000073,1,10.0
92,20_LONG,4,85,7.957999999999856,20.38000000000011,0,10.0
92,20_LONG,4,86,9.413999999999987,20.218000000000075,0,10.0
92,20_LONG,4,87,0.04399999999986903,0.07200000000011642,0,10.0
92,20_LONG,4,89,8.631999999999834,20.506000000000085,0,10.0
92,20_LONG,4,90,10.748000000000047,2.02599999999984,1,10.0
92,20_LONG,4,91,0.08600000000001273,0.08799999999996544,0,10.0
92,20_LONG,4,93,10.041999999999916,0.4600000000000364,1,10.0
92,20_LONG,4,94,0.22000000000002728,20.451999999999998,0,10.0
92,20_LONG,4,95,10.096000000000004,1.7159999999998945,1,10.0
92,20_LONG,4,96,0.650000000000091,0.038000000000010914,0,10.0
92,20_LONG,4,99,8.894000000000005,20.62000000000012,0,10.0
92,20_LONG,4,100,9.30399999999986,20.256000000000085,0,10.0
92,20_LONG,4,101,0.2159999999998945,0.044000000000096406,0,10.0
92,20_LONG,4,103,8.923999999999978,20.365999999999985,0,10.0
92,20_LONG,4,104,8.592000000000098,20.621999999999844,0,10.0
92,20_LONG,4,105,5.976000000000113,20.75999999999999,0,10.0
92,20_LONG,4,106,8.213999999999942,20.58400000000006,0,10.0
92,20_LONG,4,107,7.344000000000051,20.596000000000004,0,10.0
92,20_LONG,4,108,8.857999999999947,20.58400000000006,0,10.0
92,20_LONG,4,109,10.255999999999858,2.7740000000001146,1,10.0
92,20_LONG,4,110,6.951999999999998,20.597999999999956,0,10.0
92,20_LONG,4,111,9.463999999999942,0.06200000000012551,0,10.0
92,20_LONG,4,113,10.317999999999984,2.1520000000000437,1,10.0
92,20_LONG,4,114,7.261999999999944,20.403999999999996,0,10.0
92,20_LONG,4,115,9.909999999999854,20.340000000000146,0,10.0
92,20_LONG,4,116,10.396000000000186,2.2899999999999636,1,10.0
92,20_LONG,4,117,3.645999999999731,0.12800000000015643,0,10.0
92,20_LONG,4,119,10.318000000000211,2.7839999999996508,1,10.0
92,20_LONG,4,120,6.660000000000309,22.33199999999988,0,10.0
92,20_LONG,4,121,10.333999999999833,3.1960000000003674,1,10.0
92,20_LONG,4,122,10.117999999999938,4.609999999999673,1,10.0
92,20_LONG,4,123,10.028000000000247,3.7619999999997162,1,10.0
92,20_LONG,4,124,10.228000000000065,3.2719999999999345,1,10.0
92,20_LONG,4,125,7.846000000000004,20.33600000000024,0,10.0
92,20_LONG,4,126,9.06399999999985,20.56800000000021,0,10.0
92,20_LONG,4,127,10.261999999999716,2.2460000000000946,1,10.0
92,20_LONG,4,128,8.30600000000004,20.289999999999964,0,10.0
92,20_LONG,4,129,9.88799999999992,20.60400000000027,0,10.0
92,20_LONG,4,130,1.7399999999997817,0.09999999999990905,0,10.0
92,20_LONG,5,1,8.320000000000004,20.756,0,10.0
92,20_LONG,5,2,13.901999999999994,1.7240000000000038,1,10.0
92,20_LONG,5,3,9.347999999999999,0.06199999999999761,0,10.0
92,20_LONG,5,5,8.634,0.06199999999999761,0,10.0
92,20_LONG,5,7,12.329999999999984,0.28000000000000114,1,10.0
92,20_LONG,5,8,0.5740000000000123,20.5,0,10.0
92,20_LONG,5,9,10.22999999999999,2.1740000000000066,1,10.0
92,20_LONG,5,10,9.695999999999998,20.927999999999997,0,10.0
92,20_LONG,5,11,10.919999999999987,2.5360000000000014,1,10.0
92,20_LONG,5,12,0.040000000000020464,0.12199999999998568,0,10.0
92,20_LONG,5,14,7.9059999999999775,20.383999999999986,0,10.0
92,20_LONG,5,15,6.862000000000023,20.372000000000014,0,10.0
92,20_LONG,5,16,7.415999999999997,0.08199999999999363,0,10.0
92,20_LONG,5,18,9.512,20.394000000000005,0,10.0
92,20_LONG,5,19,8.271999999999991,0.12800000000004275,0,10.0
92,20_LONG,5,21,8.302000000000021,20.42199999999997,0,10.0
92,20_LONG,5,22,0.040000000000020464,0.08600000000001273,0,10.0
92,20_LONG,5,24,4.057999999999993,20.376000000000033,0,10.0
92,20_LONG,5,25,8.141999999999996,20.375999999999976,0,10.0
92,20_LONG,5,26,10.192000000000007,1.0720000000000027,1,10.0
92,20_LONG,5,27,11.349999999999966,2.080000000000041,1,10.0
92,20_LONG,5,28,10.138000000000034,0.4399999999999409,1,10.0
92,20_LONG,5,29,1.0679999999999836,20.451999999999998,0,10.0
92,20_LONG,5,30,7.456000000000017,20.418000000000006,0,10.0
92,20_LONG,5,31,11.403999999999996,2.1119999999999663,1,10.0
92,20_LONG,5,32,8.634000000000015,20.456000000000017,0,10.0
92,20_LONG,5,33,10.906000000000063,2.1919999999998936,1,10.0
92,20_LONG,5,34,8.08800000000008,20.48199999999997,0,10.0
92,20_LONG,5,35,10.330000000000041,1.8899999999999864,1,10.0
92,20_LONG,5,36,9.259999999999991,20.398000000000025,0,10.0
92,20_LONG,5,37,6.847999999999956,20.258000000000038,0,10.0
92,20_LONG,5,38,8.723999999999933,20.365999999999985,0,10.0
92,20_LONG,5,39,9.872000000000071,20.298000000000002,0,10.0
92,20_LONG,5,40,9.45799999999997,20.403999999999996,0,10.0
92,20_LONG,5,41,11.990000000000009,2.1140000000000327,1,10.0
92,20_LONG,5,42,9.445999999999913,20.340000000000032,0,10.0
92,20_LONG,5,43,10.162000000000035,2.8039999999999736,1,10.0
92,20_LONG,5,44,7.182000000000016,20.48599999999999,0,10.0
92,20_LONG,5,45,10.33400000000006,2.963999999999942,1,10.0
92,20_LONG,5,46,12.687999999999988,2.6960000000000264,1,10.0
92,20_LONG,5,47,0.5879999999999654,0.11000000000001364,0,10.0
92,20_LONG,5,49,0.06400000000007822,0.13999999999998636,0,10.0
92,20_LONG,5,51,6.896000000000072,20.269999999999982,0,10.0
92,20_LONG,5,52,7.6720000000000255,20.437999999999988,0,10.0
92,20_LONG,5,53,8.874000000000024,20.437999999999874,0,10.0
92,20_LONG,5,54,6.94600000000014,21.361999999999853,0,10.0
92,20_LONG,5,55,0.8880000000001473,20.483999999999924,0,10.0
92,20_LONG,5,56,11.980000000000018,2.0979999999999563,1,10.0
92,20_LONG,5,57,10.769999999999982,1.94600000000014,1,10.0
92,20_LONG,5,58,11.433999999999969,0.4359999999999218,1,10.0
92,20_LONG,5,59,0.11599999999998545,20.264000000000124,0,10.0
92,20_LONG,5,60,11.093999999999824,0.11000000000012733,1,10.0
92,20_LONG,5,61,0.14799999999991087,20.228000000000065,0,10.0
92,20_LONG,5,62,10.653999999999996,3.2280000000000655,1,10.0
92,20_LONG,5,63,11.679999999999836,0.2699999999999818,1,10.0
92,20_LONG,5,64,0.9580000000000837,21.173999999999978,0,10.0
92,20_LONG,5,65,1.127999999999929,0.06400000000007822,0,10.0
92,20_LONG,5,67,0.03999999999996362,0.08399999999983265,0,10.0
92,20_LONG,5,69,9.874000000000024,20.688000000000102,0,10.0
92,20_LONG,5,70,10.38799999999992,2.038000000000011,1,10.0
92,20_LONG,5,71,8.008000000000038,20.389999999999873,0,10.0
92,20_LONG,5,72,10.230000000000018,0.43800000000010186,1,10.0
92,20_LONG,5,73,0.4739999999999327,20.410000000000082,0,10.0
92,20_LONG,5,74,12.83199999999988,0.5240000000001146,1,10.0
92,20_LONG,5,75,0.36199999999985266,20.524000000000115,0,10.0
92,20_LONG,5,76,11.738000000000056,4.583999999999833,1,10.0
92,20_LONG,5,77,11.984000000000151,0.41399999999998727,1,10.0
92,20_LONG,5,78,0.12599999999997635,20.273999999999887,0,10.0
92,20_LONG,5,79,13.210000000000036,2.188000000000102,1,10.0
92,20_LONG,5,80,12.92599999999993,2.6980000000000928,1,10.0
92,20_LONG,5,81,11.763999999999896,1.9980000000000473,1,10.0
92,20_LONG,5,82,12.488000000000056,0.5099999999999909,1,10.0
92,20_LONG,5,83,0.07799999999997453,20.15599999999995,0,10.0
92,20_LONG,5,84,0.08600000000001273,0.05600000000004002,0,10.0
92,20_LONG,5,86,10.52599999999984,1.6720000000000255,1,10.0
92,20_LONG,5,87,12.038000000000011,2.8780000000001564,1,10.0
92,20_LONG,5,88,10.485999999999876,0.12000000000011823,1,10.0
92,20_LONG,5,89,0.09399999999982356,20.244000000000142,0,10.0
92,20_LONG,5,90,9.455999999999904,20.451999999999998,0,10.0
92,20_LONG,5,91,10.02800000000002,2.5260000000000673,1,10.0
92,20_LONG,5,92,12.255999999999858,0.5700000000001637,1,10.0
92,20_LONG,5,93,0.035999999999830834,20.730000000000018,0,10.0
92,20_LONG,5,94,7.776000000000067,20.867999999999938,0,10.0
92,20_LONG,5,95,9.632000000000062,20.766000000000076,0,10.0
92,20_LONG,5,96,10.902000000000044,1.987999999999829,1,10.0
92,20_LONG,5,97,0.13599999999996726,0.07800000000020191,0,10.0
92,20_LONG,5,99,11.052000000000135,1.0559999999998126,1,10.0
92,20_LONG,5,100,0.39400000000000546,0.12400000000002365,0,10.0
92,20_LONG,5,102,10.422000000000025,0.12400000000002365,1,10.0
92,20_LONG,5,103,0.14599999999995816,20.286000000000058,0,10.0
92,20_LONG,5,104,12.61999999999989,1.8759999999999764,1,10.0
92,20_LONG,5,105,8.882000000000062,20.195999999999913,0,10.0
92,20_LONG,5,106,8.173999999999978,20.317999999999984,0,10.0
92,20_LONG,5,107,10.346000000000004,1.8580000000001746,1,10.0
92,20_LONG,5,108,8.215999999999894,20.3900000000001,0,10.0
92,20_LONG,5,109,0.2339999999999236,0.11799999999993815,0,10.0
92,20_LONG,5,111,8.25,20.228000000000065,0,10.0
92,20_LONG,5,112,8.039999999999964,20.645999999999958,0,10.0
92,20_LONG,5,113,10.097999999999956,1.5620000000003529,1,10.0
92,20_LONG,5,114,0.3959999999997308,0.057999999999992724,0,10.0
92,20_LONG,6,1,1.120000000000001,20.994,0,10.0
92,20_LONG,6,2,8.176000000000002,20.268,0,10.0
92,20_LONG,6,3,8.453999999999994,20.476,0,10.0
92,20_LONG,6,4,11.042000000000002,1.5060000000000002,1,10.0
92,20_LONG,6,5,9.455999999999989,20.30800000000002,0,10.0
92,20_LONG,6,6,2.319999999999993,0.0519999999999925,0,10.0
92,20_LONG,6,8,14.676000000000016,1.9659999999999798,1,10.0
92,20_LONG,6,9,8.704000000000008,20.342000000000013,0,10.0
92,20_LONG,6,10,11.171999999999997,2.569999999999993,1,10.0
92,20_LONG,6,11,0.08799999999999386,0.04400000000001114,0,10.0
92,20_LONG,6,13,9.370000000000005,20.77600000000001,0,10.0
92,20_LONG,6,14,9.397999999999968,20.27600000000001,0,10.0
92,20_LONG,6,15,12.232000000000028,1.6259999999999764,1,10.0
92,20_LONG,6,16,9.757999999999981,20.29200000000003,0,10.0
92,20_LONG,6,17,11.961999999999989,1.5459999999999923,1,10.0
92,20_LONG,6,18,9.20999999999998,20.440000000000055,0,10.0
92,20_LONG,6,19,9.861999999999966,20.307999999999993,0,10.0
92,20_LONG,6,20,9.177999999999997,20.28800000000001,0,10.0
92,20_LONG,6,21,10.850000000000023,1.9799999999999613,1,10.0
92,20_LONG,6,22,0.32600000000002183,0.1279999999999859,0,10.0
92,20_LONG,6,24,9.600000000000023,20.629999999999995,0,10.0
92,20_LONG,6,25,8.384000000000015,20.227999999999952,0,10.0
92,20_LONG,6,26,9.474000000000046,20.30600000000004,0,10.0
92,20_LONG,6,27,10.1099999999999,0.15000000000009095,1,10.0
92,20_LONG,6,28,0.11399999999991905,20.384000000000015,0,10.0
92,20_LONG,6,29,13.024000000000001,0.5,1,10.0
92,20_LONG,6,30,0.6480000000000246,20.25,0,10.0
92,20_LONG,6,31,13.307999999999993,0.39400000000000546,1,10.0
92,20_LONG,6,32,0.5299999999999727,20.336000000000013,0,10.0
92,20_LONG,6,33,0.07799999999997453,0.057999999999992724,0,10.0
92,20_LONG,6,35,0.12400000000002365,0.06400000000007822,0,10.0
92,20_LONG,6,37,1.2139999999999418,0.05200000000002092,0,10.0
92,20_LONG,6,39,7.206000000000017,22.22199999999998,0,10.0
92,20_LONG,6,40,9.163999999999987,20.478000000000065,0,10.0
92,20_LONG,6,41,8.063999999999965,20.98199999999997,0,10.0
92,20_LONG,6,42,9.83800000000008,20.237999999999943,0,10.0
92,20_LONG,6,43,9.895999999999958,20.368000000000052,0,10.0
92,20_LONG,6,44,12.525999999999954,2.2340000000000373,1,10.0
92,20_LONG,6,45,10.446000000000026,2.3759999999999764,1,10.0
92,20_LONG,6,46,0.6760000000000446,0.06200000000001182,0,10.0
92,20_LONG,6,48,12.586000000000013,2.0400000000000773,1,10.0
92,20_LONG,6,49,9.847999999999956,20.351999999999975,0,10.0
92,20_LONG,6,50,10.142000000000053,2.048000000000002,1,10.0
92,20_LONG,6,51,8.610000000000014,21.111999999999853,0,10.0
92,20_LONG,6,52,8.480000000000018,20.292000000000144,0,10.0
92,20_LONG,6,53,9.405999999999949,20.65599999999995,0,10.0
92,20_LONG,6,54,9.332000000000107,0.06199999999989814,0,10.0
92,20_LONG,6,56,9.814000000000078,20.27800000000002,0,10.0
92,20_LONG,6,57,10.59199999999987,1.8320000000001073,1,10.0
92,20_LONG,6,58,12.995999999999867,2.1720000000000255,1,10.0
92,20_LONG,6,59,12.052000000000135,3.1079999999999472,1,10.0
92,20_LONG,6,60,0.06400000000007822,0.055999999999812644,0,10.0
92,20_LONG,6,62,11.395999999999958,1.8900000000001,1,10.0
92,20_LONG,6,63,9.629999999999882,20.53800000000001,0,10.0
92,20_LONG,6,64,12.148000000000138,1.737999999999829,1,10.0
92,20_LONG,6,65,9.922000000000025,20.337999999999965,0,10.0
92,20_LONG,6,66,9.456000000000131,20.27800000000002,0,10.0
92,20_LONG,6,67,11.172000000000025,2.0739999999998417,1,10.0
92,20_LONG,6,68,9.200000000000045,20.332000000000107,0,10.0
92,20_LONG,6,69,10.125999999999976,2.2799999999999727,1,10.0
92,20_LONG,6,70,0.16799999999989268,0.07600000000002183,0,10.0
92,20_LONG,6,72,8.95399999999995,20.445999999999913,0,10.0
92,20_LONG,6,73,10.322000000000116,2.453999999999951,1,10.0
92,20_LONG,6,74,0.18800000000010186,0.06199999999989814,0,10.0
92,20_LONG,6,76,10.765999999999849,2.3940000000000055,1,10.0
92,20_LONG,6,77,9.269999999999982,20.294000000000096,0,10.0
92,20_LONG,6,78,9.019999999999982,20.663999999999987,0,10.0
92,20_LONG,6,79,7.511999999999944,20.42800000000011,0,10.0
92,20_LONG,6,80,8.586000000000013,20.235999999999876,0,10.0
92,20_LONG,6,81,7.488000000000056,20.45399999999995,0,10.0
92,20_LONG,6,82,8.142000000000053,20.604000000000042,0,10.0
92,20_LONG,6,83,10.58400000000006,1.8460000000000036,1,10.0
92,20_LONG,6,84,7.689999999999827,20.298000000000002,0,10.0
92,20_LONG,6,85,9.85200000000009,20.854000000000042,0,10.0
92,20_LONG,6,86,9.713999999999942,20.281999999999925,0,10.0
92,20_LONG,6,87,9.348000000000184,20.23199999999997,0,10.0
92,20_LONG,6,88,9.715999999999894,20.22400000000016,0,10.0
92,20_LONG,6,89,12.19399999999996,2.481999999999971,1,10.0
92,20_LONG,6,90,9.523999999999887,20.340000000000146,0,10.0
92,20_LONG,6,91,9.253999999999905,20.332000000000107,0,10.0
92,20_LONG,6,92,8.735999999999876,20.67800000000011,0,10.0
92,20_LONG,6,93,8.853999999999814,20.162000000000035,0,10.0
92,20_LONG,6,94,7.3840000000000146,0.11800000000016553,0,10.0
92,20_LONG,6,96,10.029999999999973,2.268000000000029,1,10.0
92,20_LONG,6,97,11.312000000000126,2.1779999999998836,1,10.0
92,20_LONG,6,98,13.642000000000053,2.372000000000071,1,10.0
92,20_LONG,6,99,12.337999999999965,2.5579999999999927,1,10.0
92,20_LONG,6,100,0.31999999999993634,0.10999999999989996,0,10.0
92,20_LONG,6,102,0.17000000000007276,0.04999999999972715,0,10.0
92,20_LONG,6,104,10.912000000000262,2.3739999999997963,1,10.0
92,20_LONG,6,105,8.412000000000262,20.346000000000004,0,10.0
92,20_LONG,6,106,9.53399999999965,20.274000000000342,0,10.0
92,20_LONG,6,107,10.755999999999858,2.217999999999847,1,10.0
92,20_LONG,6,108,8.300000000000182,20.672000000000025,0,10.0
92,20_LONG,6,109,9.766000000000076,20.613999999999578,0,10.0
92,20_LONG,6,110,8.958000000000084,20.258000000000266,0,10.0
92,20_LONG,6,111,1.538000000000011,0.10999999999967258,0,10.0
92,20_LONG,6,113,7.7280000000000655,20.322000000000116,0,10.0
92,20_LONG,6,114,9.259999999999764,20.31600000000026,0,10.0
92,20_LONG,6,115,0.2339999999999236,0.03600000000005821,0,10.0
