rat,group,session,trial,duration,iti,reinforced,criterion
105,random,1,1,0.23400000000000176,2.8619999999999948,0,0.5
105,random,1,2,0.41800000000000637,3.901999999999994,0,0.5
105,random,1,3,0.30000000000000426,4.448,0,0.5
105,random,1,4,0.402000000000001,2.7620000000000005,0,0.5
105,random,1,5,0.23199999999999932,4.029999999999994,0,0.5
105,random,1,6,0.23800000000000665,4.2039999999999935,0,0.5
105,random,1,7,0.3360000000000056,3.5219999999999985,0,0.5
105,random,1,8,0.4939999999999998,0.11399999999999721,0,0.5
105,random,1,10,0.6820000000000022,0.9959999999999951,1,0.5
105,random,1,11,0.36199999999999477,3.3419999999999987,0,0.5
105,random,1,12,0.43600000000000705,3.837999999999994,0,0.5
105,random,1,13,0.10200000000000387,0.04000000000000625,0,0.5
105,random,1,15,0.9220000000000113,3.1999999999999886,1,0.5
105,random,1,16,0.33800000000000807,4.456000000000003,0,0.5
105,random,1,17,0.3159999999999883,2.8160000000000025,0,0.5
105,random,1,18,0.25200000000000955,0.006000000000000227,0,0.5
105,random,1,19,0.2079999999999984,3.9919999999999902,0,0.5
105,random,1,20,0.6099999999999994,1.3900000000000006,1,0.5
105,random,1,21,0.36599999999999966,3.260000000000005,0,0.5
105,random,1,22,0.563999999999993,0.6200000000000045,1,0.5
105,random,1,23,0.8799999999999955,2.9680000000000035,1,0.5
105,random,1,24,0.7580000000000098,5.384,1,0.5
105,random,1,25,0.347999999999999,3.259999999999991,0,0.6
105,random,1,26,0.480000000000004,3.1359999999999957,0,0.6
105,random,1,27,0.6300000000000097,0.7219999999999942,1,0.6
105,random,1,28,0.4200000000000017,3.817999999999998,0,0.6
105,random,1,29,0.6340000000000003,0.06199999999999761,1,0.6
105,random,1,30,0.5400000000000063,0.18200000000000216,0,0.6
105,random,1,32,1.0900000000000034,1.6980000000000075,1,0.6
105,random,1,33,0.5479999999999734,2.6880000000000166,0,0.6
105,random,1,34,0.353999999999985,3.921999999999997,0,0.6
105,random,1,35,0.5660000000000025,4.148000000000025,0,0.6
105,random,1,36,0.4939999999999998,3.035999999999973,0,0.6
105,random,1,37,0.4800000000000182,3.4879999999999995,0,0.6
105,random,1,38,0.47399999999998954,0.21000000000000796,0,0.6
105,random,1,40,0.4399999999999977,4.015999999999991,0,0.6
105,random,1,41,0.4519999999999982,2.5600000000000023,0,0.6
105,random,1,42,0.1640000000000157,3.466000000000008,0,0.6
105,random,1,43,0.7779999999999916,2.4780000000000086,1,0.6
105,random,1,44,0.6799999999999784,0.08800000000002228,1,0.6
105,random,1,45,0.117999999999995,3.9399999999999977,0,0.6
105,random,1,46,0.9240000000000066,2.4799999999999898,1,0.6
105,random,1,47,0.5579999999999927,8.842000000000013,0,0.6
105,random,1,48,0.5219999999999914,4.349999999999994,0,0.6
105,random,1,49,0.23799999999999955,2.7560000000000002,0,0.6
105,random,1,50,0.4380000000000166,2.501999999999981,0,0.6
105,random,1,51,0.7600000000000193,0.32399999999998386,1,0.6
105,random,1,52,0.11199999999999477,0.1740000000000066,0,0.6
105,random,1,54,0.7579999999999814,2.1680000000000064,1,0.6
105,random,1,55,0.7659999999999911,6.53400000000002,1,0.6
105,random,1,56,0.5300000000000011,4.0379999999999825,0,0.6
105,random,1,57,0.5500000000000114,4.181999999999988,0,0.6
105,random,1,58,0.51400000000001,0.020000000000010232,0,0.6
105,random,1,60,1.2079999999999984,4.042000000000002,1,0.6
105,random,1,61,0.44599999999999795,2.5800000000000125,0,0.6
105,random,1,62,0.4900000000000091,3.1299999999999955,0,0.6
105,random,1,63,0.2879999999999825,0.06200000000001182,0,0.6
105,random,1,65,0.7059999999999889,1.9819999999999993,1,0.6
105,random,1,66,0.4800000000000182,2.6899999999999977,0,0.6
105,random,1,67,0.5559999999999832,4.300000000000011,0,0.6
105,random,1,68,0.26599999999999113,9.724000000000018,0,0.6
105,random,1,69,0.2540000000000191,3.495999999999981,0,0.6
105,random,1,70,0.35199999999997544,2.8940000000000055,0,0.6
105,random,1,71,0.41200000000003456,4.303999999999974,0,0.6
105,random,1,72,0.21800000000001774,3.1579999999999586,0,0.6
105,random,1,73,0.9560000000000173,1.7900000000000205,1,0.6
105,random,1,74,0.7040000000000077,1.7139999999999986,1,0.6
105,random,1,75,0.8580000000000041,1.6719999999999686,1,0.6
105,random,1,76,0.9960000000000377,1.339999999999975,1,0.7
105,random,1,77,1.197999999999979,1.6580000000000155,1,0.7
105,random,1,78,0.5819999999999936,2.519999999999982,0,0.7
105,random,1,79,1.532000000000039,1.3859999999999673,1,0.7
105,random,1,80,0.5760000000000218,2.312000000000012,0,0.7
105,random,1,81,0.7400000000000091,0.057999999999992724,1,0.7
105,random,1,82,0.06599999999997408,3.7280000000000086,0,0.7
105,random,1,83,0.4900000000000091,4.019999999999982,0,0.7
105,random,1,84,0.5060000000000286,14.49799999999999,0,0.7
105,random,1,85,0.34600000000000364,0.055999999999983174,0,0.7
105,random,1,87,0.6639999999999873,2.901999999999987,0,0.7
105,random,1,88,0.6000000000000227,3.4459999999999695,0,0.7
105,random,1,89,0.6440000000000055,2.358000000000004,0,0.7
105,random,1,90,0.5699999999999932,3.5100000000000477,0,0.7
105,random,1,91,0.5360000000000014,0.22199999999998,0,0.7
105,random,1,93,0.3100000000000023,0.08999999999997499,0,0.7
105,random,1,95,0.9220000000000255,2.5159999999999627,1,0.7
105,random,1,96,1.2000000000000455,1.2399999999999523,1,0.7
105,random,1,97,0.8020000000000209,2.0919999999999845,1,0.7
105,random,1,98,0.8919999999999959,1.9120000000000346,1,0.8
105,random,1,99,0.23599999999999,9.151999999999987,0,0.8
105,random,1,100,0.27199999999999136,3.4399999999999977,0,0.8
105,random,1,101,0.46800000000001774,2.7719999999999914,0,0.8
105,random,1,102,0.424000000000035,8.95399999999995,0,0.8
105,random,1,103,0.43600000000003547,10.717999999999961,0,0.8
105,random,1,104,0.27000000000003865,7.175999999999988,0,0.8
105,random,1,105,0.39400000000000546,3.9080000000000155,0,0.8
105,random,1,106,0.7519999999999527,9.612000000000023,0,0.8
105,random,1,107,0.3199999999999932,3.6720000000000255,0,0.8
105,random,1,108,0.3480000000000132,2.937999999999988,0,0.8
105,random,1,109,0.7199999999999704,2.5600000000000023,0,0.8
105,random,1,110,0.7719999999999914,0.1500000000000341,0,0.8
105,random,1,112,0.4379999999999882,0.1360000000000241,0,0.8
105,random,1,114,0.4259999999999877,3.160000000000025,0,0.8
105,random,1,115,1.3480000000000132,1.5259999999999536,1,0.8
105,random,1,116,0.6160000000000423,4.053999999999974,0,0.8
105,random,1,117,0.7479999999999905,3.3419999999999845,0,0.8
105,random,1,118,1.004000000000019,0.882000000000005,1,0.8
105,random,1,119,0.23799999999999955,4.47199999999998,0,0.8
105,random,1,120,0.7320000000000277,2.326000000000022,0,0.8
105,random,1,121,0.7419999999999618,0.1419999999999959,0,0.8
105,random,1,123,1.1779999999999973,0.7000000000000455,1,0.8
105,random,1,124,0.20799999999997,3.5500000000000114,0,0.8
105,random,1,125,0.5179999999999723,2.593999999999994,0,0.8
105,random,1,126,0.6200000000000045,2.608000000000004,0,0.8
105,random,1,127,0.6240000000000236,4.183999999999969,0,0.8
105,random,1,128,0.674000000000035,3.197999999999979,0,0.8
105,random,1,129,0.7800000000000296,3.9079999999999586,0,0.8
105,random,1,130,0.9960000000000377,2.0600000000000023,1,0.8
105,random,1,131,1.2139999999999986,2.669999999999959,1,0.8
105,random,1,132,1.0640000000000214,1.52800000000002,1,0.8
105,random,1,133,0.853999999999985,3.2799999999999727,0,0.9
105,random,1,134,0.6500000000000341,4.413999999999987,0,0.9
105,random,1,135,1.580000000000041,0.09199999999998454,1,0.9
105,random,1,136,0.3160000000000309,2.453999999999951,0,0.9
105,random,1,137,1.0900000000000318,1.759999999999991,1,0.9
105,random,1,138,1.211999999999989,1.6179999999999382,1,0.9
105,random,1,139,1.4500000000000455,1.6739999999999782,1,0.9
105,random,1,140,0.20600000000001728,3.759999999999991,0,1.0
105,random,1,141,0.5539999999999736,4.152000000000044,0,1.0
105,random,1,142,0.7619999999999436,3.1140000000000327,0,1.0
105,random,1,143,1.33400000000006,0.21600000000000819,1,1.0
105,random,1,144,0.2539999999999054,3.272000000000048,0,1.0
105,random,1,145,0.6559999999999491,3.4460000000000264,0,1.0
105,random,1,146,0.6380000000000337,2.8519999999999754,0,1.0
105,random,1,147,0.7960000000000491,3.641999999999939,0,1.0
105,random,1,148,0.95799999999997,3.9460000000000264,0,1.0
105,random,1,149,0.7300000000000182,0.11400000000003274,0,1.0
105,random,1,151,1.7659999999999627,2.90199999999993,1,1.0
105,random,1,152,0.6800000000000637,3.2999999999999545,0,1.0
105,random,1,153,0.7000000000000455,3.024000000000001,0,1.0
105,random,1,154,0.2179999999999609,0.08199999999999363,0,1.0
105,random,1,156,1.2040000000000646,0.25,1,1.0
105,random,1,157,0.32999999999992724,4.745999999999981,0,1.0
105,random,1,158,0.7440000000000282,14.860000000000014,0,1.0
105,random,1,159,0.94399999999996,4.456000000000017,0,1.0
105,random,1,160,0.34600000000000364,5.36200000000008,0,1.0
105,random,1,161,0.5619999999998981,3.146000000000072,0,1.0
105,random,1,162,0.8319999999999936,20.313999999999965,0,1.0
105,random,1,163,0.36599999999998545,3.4260000000000446,0,1.0
105,random,1,164,1.29200000000003,0.2719999999999345,1,1.0
105,random,1,165,0.16200000000003456,4.230000000000018,0,1.0
105,random,1,166,0.72199999999998,2.6399999999999864,0,1.0
105,random,1,167,1.6059999999999945,0.6560000000000628,1,1.0
105,random,1,168,0.13799999999991996,2.622000000000071,0,1.0
105,random,1,169,0.8199999999999363,3.1100000000000136,0,1.0
105,random,1,170,0.4900000000000091,4.440000000000055,0,1.0
105,random,1,171,1.5319999999999254,0.35400000000004184,1,1.0
105,random,1,172,0.21000000000003638,3.3379999999999654,0,1.0
105,random,1,173,0.7699999999999818,2.4260000000000446,0,1.0
105,random,1,174,0.7999999999999545,2.713999999999942,0,1.0
105,random,1,175,0.6040000000000418,2.7520000000000664,0,1.0
105,random,1,177,0.6219999999999573,4.871999999999957,0,1.0
105,random,1,178,1.0300000000000864,0.11399999999991905,1,1.0
105,random,1,179,0.36400000000003274,3.774000000000001,0,1.0
105,random,1,180,1.1520000000000437,0.2159999999998945,1,1.0
105,random,1,181,0.52800000000002,3.824000000000069,0,1.0
105,random,1,182,1.8179999999999836,0.23599999999999,1,1.0
105,random,1,183,0.35400000000004184,4.177999999999997,0,1.0
105,random,1,184,0.4519999999999982,4.2719999999999345,0,1.0
105,random,1,185,0.9560000000000173,4.268000000000029,0,1.0
105,random,1,186,0.9080000000000155,3.6920000000000073,0,1.0
105,random,1,187,0.92999999999995,4.216000000000008,0,1.0
105,random,1,188,0.8759999999999764,2.8859999999999673,0,1.0
105,random,1,189,0.6980000000000928,0.2199999999999136,0,1.0
105,random,1,191,1.6860000000000355,0.36799999999993815,1,1.0
105,random,1,192,0.19200000000000728,2.6159999999999854,0,1.0
105,random,1,193,0.98599999999999,3.6399999999999864,0,1.0
105,random,1,194,1.1380000000000337,0.18600000000003547,1,1.0
105,random,1,195,0.4819999999999709,2.254000000000019,0,1.0
105,random,1,196,0.9199999999999591,3.0400000000000773,0,1.0
105,random,1,197,0.8319999999999936,2.4699999999999136,0,1.0
105,random,1,198,0.7460000000000946,4.311999999999898,0,1.0
105,random,1,199,0.6000000000000227,0.022000000000048203,0,1.0
105,random,1,201,1.1760000000000446,0.37999999999999545,1,1.0
105,random,1,202,0.11199999999996635,3.967999999999961,0,1.0
105,random,1,203,1.4080000000000155,0.7880000000000109,1,1.0
105,random,1,204,0.30999999999994543,2.7360000000001037,0,1.0
105,random,1,205,0.8239999999999554,4.206000000000017,0,1.0
105,random,1,206,0.6079999999999472,7.451999999999998,0,1.0
105,random,1,207,0.5940000000000509,2.409999999999968,0,1.0
105,random,1,208,0.7419999999999618,0.02400000000000091,0,1.0
105,random,1,210,0.5480000000000018,3.5879999999999654,0,1.0
105,random,1,211,0.5059999999999718,3.4160000000000537,0,1.0
105,random,1,212,1.8899999999999864,0.14800000000002456,1,1.0
105,random,1,213,0.10000000000002274,2.8579999999999472,0,1.0
105,random,1,214,1.5919999999999845,2.1159999999999854,1,1.0
105,random,1,215,1.02800000000002,0.2699999999999818,1,1.0
105,random,1,216,0.19800000000009277,3.839999999999918,0,1.0
105,random,1,217,0.03200000000003911,0.03200000000003911,0,1.0
105,random,1,219,1.0620000000000118,0.2380000000000564,1,1.0
105,random,1,220,0.17799999999999727,3.826000000000022,0,1.0
105,random,1,221,0.8839999999999009,3.9080000000000155,0,1.0
105,random,1,222,1.9440000000000737,0.2319999999999709,1,1.0
105,random,1,223,0.15800000000001546,3.45799999999997,0,1.0
105,random,1,224,1.2240000000000464,1.9180000000000064,1,1.0
105,random,1,225,0.9639999999999418,4.25,0,1.0
105,random,1,226,1.5199999999999818,0.10800000000006094,1,1.0
105,random,1,227,0.36199999999996635,2.830000000000041,0,1.0
105,random,1,228,1.47199999999998,0.20199999999999818,1,1.0
105,random,1,229,0.17799999999999727,2.6299999999999955,0,1.0
105,random,1,230,1.2899999999999636,0.34800000000007003,1,1.0
105,random,1,231,0.2880000000000109,2.367999999999938,0,1.0
105,random,1,232,0.8619999999999663,5.430000000000064,0,1.0
105,random,1,233,0.6599999999999682,3.1539999999999964,0,1.0
105,random,1,234,1.04200000000003,0.2139999999999418,1,1.0
105,random,1,235,0.37200000000007094,4.1580000000000155,0,1.0
105,random,1,236,0.4699999999999136,2.6380000000000337,0,1.0
105,random,1,237,0.5480000000000018,3.524000000000001,0,1.0
105,random,1,238,1.052000000000021,0.2039999999999509,1,1.0
105,random,1,239,0.2620000000000573,3.740000000000009,0,1.0
105,random,1,240,0.8919999999999391,4.1440000000000055,0,1.0
105,random,1,241,1.225999999999999,0.6860000000000355,1,1.0
105,random,1,242,0.20799999999997,0.053999999999973625,0,1.0
105,random,1,244,1.1399999999999864,0.2440000000000282,1,1.0
105,random,1,245,0.3120000000000118,2.9560000000000173,0,1.0
105,random,1,246,0.9560000000000173,3.3299999999999272,0,1.0
105,random,1,247,0.7060000000000173,4.05600000000004,0,1.0
105,random,1,248,0.40999999999996817,2.6140000000000327,0,1.0
105,random,1,249,0.7060000000000173,5.019999999999982,0,1.0
105,random,1,250,0.9819999999999709,0.033999999999991815,0,1.0
105,random,1,253,0.8419999999999845,12.104000000000042,0,1.0
105,random,1,254,0.2059999999999036,3.1779999999999973,0,1.0
105,random,1,255,0.5600000000000591,5.98599999999999,0,1.0
105,random,1,256,1.288000000000011,0.2400000000000091,1,1.0
105,random,1,257,0.6059999999999945,4.322000000000003,0,1.0
105,random,1,258,1.54200000000003,2.1219999999999573,1,1.0
105,random,1,259,0.8980000000000246,4.223999999999933,0,1.0
105,random,1,260,1.7900000000000773,2.5799999999999272,1,1.0
105,random,1,261,1.0880000000000791,1.655999999999949,1,1.0
105,random,1,262,1.3859999999999673,0.2740000000000009,1,1.0
105,random,1,263,0.13800000000003365,3.3700000000000045,0,1.1
105,random,1,264,0.8780000000000427,2.395999999999958,0,1.1
105,random,1,265,0.7939999999999827,0.06600000000003092,0,1.1
105,random,1,267,0.9819999999999709,2.5739999999999554,0,1.1
105,random,1,268,1.3280000000000882,0.36599999999998545,1,1.1
105,random,1,269,0.14799999999991087,2.9060000000000628,0,1.1
105,random,1,270,0.9700000000000273,0.14400000000000546,0,1.1
105,random,1,272,0.70799999999997,2.76400000000001,0,1.1
105,random,1,273,0.8020000000000209,0.13800000000003365,0,1.1
105,random,1,275,0.7060000000000173,0.14600000000007185,0,1.1
105,random,1,277,0.1999999999999318,3.27800000000002,0,1.1
105,random,1,278,0.8000000000000682,3.048000000000002,0,1.1
105,random,1,279,0.7599999999999909,0.16999999999995907,0,1.1
105,random,1,281,0.41200000000003456,7.119999999999891,0,1.1
105,random,1,282,0.3320000000001073,2.311999999999898,0,1.1
105,random,1,283,0.43600000000014916,0.018000000000029104,0,1.1
105,random,1,285,0.9580000000000837,3.4739999999999327,0,1.1
105,random,1,286,0.8779999999999291,4.3900000000001,0,1.1
105,random,1,287,0.4659999999998945,11.966000000000122,0,1.1
105,random,1,288,1.1399999999998727,0.3040000000000873,1,1.1
105,random,1,289,0.20000000000004547,2.685999999999922,0,1.1
105,random,1,290,1.0579999999999927,2.9400000000000546,0,1.1
105,random,1,291,1.377999999999929,0.044000000000096406,1,1.1
105,random,1,292,0.35999999999989996,3.908000000000129,0,1.1
105,random,1,293,1.1820000000000164,0.04599999999982174,1,1.1
105,random,1,294,0.3580000000001746,4.121999999999844,0,1.1
105,random,1,295,0.8500000000001364,0.11999999999989086,0,1.1
105,random,1,297,0.9539999999999509,3.2239999999999327,0,1.1
105,random,1,298,1.5700000000001637,0.1719999999997981,1,1.1
105,random,1,299,0.2840000000001055,3.7740000000001146,0,1.1
105,random,1,300,1.0,0.055999999999812644,0,1.1
105,random,1,302,0.7360000000001037,0.08799999999996544,0,1.1
105,random,1,304,0.63799999999992,4.220000000000027,0,1.1
105,random,1,305,0.9659999999998945,4.366000000000213,0,1.1
105,random,1,306,0.6419999999998254,0.02200000000016189,0,1.1
105,random,1,308,0.8040000000000873,4.099999999999909,0,1.1
105,random,1,309,0.30199999999990723,4.060000000000173,0,1.1
105,random,1,310,0.5939999999998236,0.020000000000209184,0,1.1
105,random,1,312,0.08400000000006003,4.907999999999902,0,1.1
105,random,1,313,0.6020000000000891,0.16999999999984539,0,1.1
105,random,1,315,1.4780000000000655,0.4459999999999127,1,1.1
105,random,1,316,0.19200000000000728,2.91800000000012,0,1.1
105,random,1,317,0.08999999999991815,3.688000000000102,0,1.1
105,random,1,318,0.6219999999998436,0.018000000000029104,0,1.1
105,random,1,320,0.7480000000000473,0.02599999999983993,0,1.1
105,random,1,322,1.5979999999999563,0.6100000000001273,1,1.1
105,random,1,323,0.32999999999992724,3.1200000000001182,0,1.1
105,random,1,324,1.155999999999949,0.2339999999999236,1,1.1
105,random,1,325,0.34799999999995634,2.2480000000000473,0,1.1
105,random,1,326,1.3220000000001164,0.027999999999792635,1,1.1
105,random,1,327,0.34400000000005093,2.75,0,1.1
105,random,1,328,1.16800000000012,0.29399999999986903,1,1.1
105,random,1,329,0.14599999999995816,2.900000000000091,0,1.1
105,random,1,330,0.900000000000091,3.5459999999998217,0,1.1
105,random,1,331,0.7980000000000018,0.22800000000006548,0,1.1
105,random,1,333,1.0599999999999454,0.13400000000001455,0,1.1
105,random,1,335,0.5300000000002001,4.0779999999999745,0,1.1
105,random,1,336,0.4919999999999618,3.061999999999898,0,1.1
105,random,1,337,1.5360000000000582,0.7380000000000564,1,1.1
105,random,1,338,0.36999999999989086,4.163999999999987,0,1.1
105,random,1,339,0.04600000000004911,0.029999999999972715,0,1.1
105,random,1,341,0.9239999999999782,3.824000000000069,0,1.1
105,random,1,342,1.9700000000000273,0.09399999999982356,1,1.1
105,random,1,343,0.27800000000002,3.7460000000000946,0,1.1
105,random,1,344,1.4500000000000455,1.1820000000000164,1,1.1
105,random,1,345,0.17599999999993088,2.2480000000000473,0,1.1
105,random,1,346,0.9939999999999145,2.5779999999999745,0,1.1
105,random,1,347,0.6380000000001473,3.201999999999998,0,1.1
105,random,1,348,0.7759999999998399,3.762000000000171,0,1.1
105,random,1,349,1.1059999999999945,2.4279999999998836,1,1.1
105,random,1,350,1.3959999999999582,0.8700000000001182,1,1.1
105,random,1,351,0.25,3.5599999999999454,0,1.1
105,random,1,352,0.7400000000000091,2.5540000000000873,0,1.1
105,random,1,353,0.9220000000000255,2.9699999999998,0,1.1
105,random,1,354,1.3920000000000528,2.7740000000001146,1,1.1
105,random,1,355,1.1079999999999472,2.55600000000004,1,1.1
105,random,1,356,1.268000000000029,2.8919999999998254,1,1.1
105,random,1,357,0.44000000000005457,3.97199999999998,0,1.2
105,random,1,358,2.2619999999999436,2.4700000000000273,1,1.2
105,random,1,359,1.2040000000001783,2.5299999999999727,1,1.2
105,random,1,360,2.38799999999992,2.566000000000031,1,1.2
105,random,1,361,1.4179999999998927,4.302000000000135,1,1.2
105,random,1,362,0.057999999999992724,4.05600000000004,0,1.2
105,random,1,363,1.0879999999999654,4.392000000000053,0,1.2
105,random,1,364,1.7999999999999545,0.5259999999998399,1,1.2
105,random,1,365,0.09600000000000364,2.451999999999998,0,1.2
105,random,1,366,1.6580000000001291,2.046000000000049,1,1.2
105,random,1,367,0.9919999999999618,2.8920000000000528,0,1.2
105,random,1,368,0.9059999999999491,3.1259999999999764,0,1.2
105,random,1,369,0.9259999999999309,2.3220000000001164,0,1.2
105,random,1,370,1.0359999999998308,2.80600000000004,0,1.2
105,random,1,371,1.1660000000001673,5.2199999999998,0,1.2
105,random,1,372,0.6660000000001673,3.683999999999969,0,1.2
105,random,1,373,0.6399999999998727,7.173999999999978,0,1.2
105,random,1,374,0.41400000000021464,4.47199999999998,0,1.2
105,random,1,375,0.5659999999998035,5.798000000000002,0,1.2
105,random,1,376,0.45400000000017826,0.005999999999858119,0,1.2
105,random,1,377,0.20400000000017826,0.01799999999980173,0,1.2
105,random,1,380,0.16999999999984539,2.25,0,1.2
105,random,1,381,0.5800000000001546,0.05999999999994543,0,1.2
105,random,1,383,0.2899999999999636,3.713999999999942,0,1.2
105,random,1,384,0.6059999999999945,0.0060000000000854925,0,1.2
105,random,1,385,0.5599999999999454,2.7920000000001437,0,1.2
105,random,1,386,0.5539999999998599,16.552000000000135,0,1.2
105,random,1,387,0.6079999999999472,3.283999999999878,0,1.2
105,random,1,388,1.3360000000000127,0.026000000000067303,1,1.2
105,random,1,389,0.038000000000010914,6.024000000000115,0,1.2
105,random,1,390,0.9259999999999309,3.75,0,1.2
105,random,1,391,0.17399999999997817,0.013999999999896318,0,1.2
105,random,1,393,1.571999999999889,2.7360000000001037,1,1.2
105,random,1,394,0.35400000000004184,4.273999999999887,0,1.2
105,random,1,395,1.2160000000001219,0.03399999999987813,1,1.2
105,random,1,396,0.049999999999954525,3.75200000000018,0,1.2
105,random,1,397,1.5899999999999181,4.0060000000000855,1,1.2
105,random,1,398,1.1979999999998654,0.10799999999994725,0,1.2
105,random,1,400,0.9420000000000073,2.8919999999998254,0,1.2
105,random,1,401,1.2260000000001128,2.2059999999999036,1,1.2
105,random,1,402,1.4420000000000073,1.9580000000000837,1,1.2
105,random,1,403,0.6520000000000437,2.44399999999996,0,1.2
105,random,1,404,1.7419999999999618,1.5760000000000218,1,1.2
105,random,1,405,0.9459999999999127,2.9200000000000728,0,1.2
105,random,1,406,2.0,4.026000000000067,1,1.2
105,random,1,407,2.0579999999999927,6.2719999999999345,1,1.2
105,random,1,408,1.2439999999999145,1.6880000000001019,1,1.2
105,random,1,409,0.041999999999916326,3.759999999999991,0,1.2
105,random,1,410,0.6940000000001874,4.019999999999982,0,1.2
105,random,1,411,0.9079999999999018,2.713999999999942,0,1.2
105,random,1,412,0.7980000000000018,4.170000000000073,0,1.2
105,random,1,413,0.9960000000000946,4.4699999999998,0,1.2
105,random,1,414,0.7380000000000564,3.1200000000001182,0,1.2
105,random,1,415,1.2200000000000273,0.4299999999998363,1,1.2
105,random,1,416,0.24400000000014188,3.397999999999911,0,1.2
105,random,1,417,0.9619999999999891,3.5419999999999163,0,1.2
105,random,1,418,1.19600000000014,2.2660000000000764,0,1.2
105,random,1,419,1.3819999999998345,5.642000000000053,1,1.2
105,random,1,420,0.88799999999992,2.3659999999999854,0,1.2
105,random,1,421,0.9540000000001783,3.55399999999986,0,1.2
105,random,1,422,0.9880000000000564,3.981999999999971,0,1.2
105,random,1,423,0.5319999999999254,6.714000000000169,0,1.2
105,random,1,424,0.5019999999999527,2.7259999999998854,0,1.2
105,random,1,425,0.39000000000010004,4.066000000000031,0,1.2
105,random,1,426,1.1259999999999764,4.319999999999936,0,1.2
105,random,1,427,1.3040000000000873,2.094000000000051,1,1.2
105,random,1,428,1.3740000000000236,1.8699999999998909,1,1.2
105,random,1,429,1.1099999999999,3.130000000000109,0,1.2
105,random,1,430,1.2380000000000564,1.8840000000000146,1,1.2
105,random,1,431,1.3859999999999673,2.258000000000038,1,1.2
105,random,1,432,0.13599999999996726,2.717999999999847,0,1.2
105,random,1,433,1.372000000000071,2.2619999999999436,1,1.2
105,random,1,434,1.1539999999999964,2.9240000000002055,0,1.2
105,random,1,435,1.1519999999998163,3.86200000000008,0,1.2
105,random,1,436,2.104000000000042,2.5039999999999054,1,1.2
105,random,1,437,1.3600000000001273,2.1240000000000236,1,1.2
105,random,1,438,2.155999999999949,3.813999999999851,1,1.2
105,random,1,439,0.5540000000000873,4.4939999999999145,0,1.2
105,random,1,440,1.0700000000001637,3.495999999999867,0,1.2
105,random,1,441,1.2660000000000764,2.546000000000049,1,1.2
105,random,1,442,1.4379999999998745,1.83400000000006,1,1.2
105,random,1,443,1.3859999999999673,3.254000000000133,1,1.2
105,random,1,444,0.8539999999998145,2.2320000000001983,0,1.2
105,random,1,445,1.1119999999998527,3.3700000000001182,0,1.2
105,random,1,446,1.3659999999999854,1.9099999999998545,1,1.2
105,random,1,447,1.8540000000000418,1.8540000000000418,1,1.2
105,random,1,448,0.8640000000000327,3.7059999999999036,0,1.2
105,random,1,449,1.094000000000051,4.203999999999951,0,1.2
105,random,1,450,1.0640000000000782,3.9780000000000655,0,1.2
105,random,1,451,0.43200000000001637,2.785999999999831,0,1.2
105,random,1,452,0.6100000000001273,3.02800000000002,0,1.2
105,random,1,453,0.33799999999996544,2.895999999999958,0,1.2
105,random,1,454,0.6459999999999582,5.3279999999999745,0,1.2
105,random,1,455,0.956000000000131,11.417999999999893,0,1.2
105,random,1,456,1.0920000000000982,3.7480000000000473,0,1.2
105,random,1,457,1.0939999999998236,2.6340000000000146,0,1.2
105,random,1,458,1.2260000000001128,1.7139999999999418,1,1.2
105,random,1,459,0.9680000000000746,2.5579999999999927,0,1.2
105,random,1,460,1.5359999999998308,0.568000000000211,1,1.2
105,random,1,461,0.027999999999792635,3.9200000000000728,0,1.2
105,random,1,462,0.6220000000000709,3.127999999999929,0,1.2
105,random,1,463,1.3659999999999854,3.6240000000000236,1,1.2
105,random,1,464,1.2100000000000364,2.2899999999999636,1,1.2
105,random,1,465,0.9919999999999618,2.234000000000151,0,1.2
105,random,1,466,0.9339999999999691,4.531999999999925,0,1.2
105,random,1,467,0.9259999999999309,3.961999999999989,0,1.2
105,random,1,468,1.2920000000001437,2.3079999999999927,1,1.2
105,random,1,469,1.0059999999998581,3.4139999999999873,0,1.2
105,random,1,470,1.5880000000001928,1.9559999999999036,1,1.2
105,random,1,471,1.1980000000000928,3.3059999999998126,0,1.2
105,random,1,472,1.344000000000051,2.382000000000062,1,1.2
105,random,1,473,1.1600000000000819,2.439999999999827,0,1.2
105,random,1,474,1.7660000000000764,2.7239999999999327,1,1.2
105,random,1,475,0.8960000000001855,4.633999999999787,0,1.2
105,random,1,476,0.8660000000002128,2.88799999999992,0,1.2
105,random,1,477,1.372000000000071,2.467999999999847,1,1.2
105,random,1,478,1.400000000000091,0.4259999999999309,1,1.2
105,random,1,479,0.10000000000013642,2.7439999999999145,0,1.2
105,random,1,480,1.3979999999999109,1.8240000000000691,1,1.2
105,random,1,481,1.3040000000000873,4.661999999999807,1,1.2
105,random,1,482,1.3940000000000055,2.4260000000001583,1,1.2
105,random,1,483,0.9800000000000182,3.048000000000002,0,1.2
105,random,1,484,0.9079999999999018,3.3299999999999272,0,1.2
105,random,1,485,1.206000000000131,1.4759999999998854,1,1.2
105,random,1,486,1.7699999999999818,0.37800000000015643,1,1.2
105,random,1,487,0.035999999999830834,2.2560000000000855,0,1.2
105,random,1,488,2.52800000000002,0.47199999999998,1,1.2
105,random,1,489,0.12799999999992906,3.504000000000133,0,1.2
105,random,1,490,1.1440000000000055,3.9880000000000564,0,1.2
105,random,1,491,0.9979999999998199,3.908000000000129,0,1.2
105,random,1,492,1.52599999999984,1.8820000000000618,1,1.2
105,random,1,493,1.3260000000000218,2.814000000000078,1,1.2
105,random,1,494,0.8799999999998818,4.156000000000176,0,1.2
105,random,1,495,1.2799999999999727,1.7999999999999545,1,1.2
105,random,1,496,1.768000000000029,2.703999999999951,1,1.2
105,random,1,497,0.9639999999999418,3.617999999999938,0,1.2
105,random,1,498,1.1800000000000637,2.44600000000014,0,1.2
105,random,1,499,0.31399999999985084,0.0019999999999527063,0,1.2
105,random,1,500,0.8720000000000709,2.367999999999938,0,1.2
105,random,1,501,1.2260000000001128,4.124000000000024,1,1.2
105,random,1,502,1.349999999999909,2.966000000000122,1,1.2
105,random,1,503,2.7439999999999145,2.713999999999942,1,1.2
105,random,1,504,1.3980000000001382,3.1599999999998545,1,1.2
105,random,1,505,1.6900000000000546,4.614000000000033,1,1.2
105,random,1,506,0.7139999999999418,3.504000000000133,0,1.2
105,random,1,507,1.0899999999999181,3.935999999999922,0,1.2
105,random,1,508,1.0720000000001164,4.347999999999956,0,1.2
105,random,1,509,1.3859999999999673,1.9680000000000746,1,1.2
105,random,1,510,0.8199999999999363,3.104000000000042,0,1.2
105,random,1,511,1.1159999999999854,4.3559999999999945,0,1.2
105,random,1,512,0.7840000000001055,5.677999999999884,0,1.2
105,random,1,513,0.9800000000000182,2.3079999999999927,0,1.2
105,random,1,514,0.5760000000000218,7.259999999999991,0,1.2
105,random,1,515,1.1520000000000437,4.155999999999949,0,1.2
105,random,1,516,0.7300000000000182,4.281999999999925,0,1.2
105,random,1,517,1.1980000000000928,2.490000000000009,0,1.2
105,random,1,518,1.1319999999998345,3.80800000000022,0,1.2
105,random,1,519,1.099999999999909,2.741999999999962,0,1.2
105,random,1,520,1.6159999999999854,0.13599999999996726,1,1.2
105,random,1,521,0.11400000000003274,2.69600000000014,0,1.2
105,random,1,522,0.9839999999999236,3.3999999999998636,0,1.2
105,random,1,523,0.11800000000016553,3.4939999999999145,0,1.2
105,random,1,524,0.7980000000000018,6.410000000000082,0,1.2
105,random,1,525,1.3399999999999181,0.21600000000012187,1,1.2
105,random,1,526,0.22999999999979082,3.2840000000001055,0,1.2
105,random,1,527,1.1240000000000236,3.47199999999998,0,1.2
105,random,1,528,0.9639999999999418,9.740000000000009,0,1.2
105,random,1,529,0.8240000000000691,7.27800000000002,0,1.2
105,random,1,530,1.3899999999998727,1.6880000000001019,1,1.2
105,random,1,531,1.7439999999999145,1.7760000000000673,1,1.2
105,random,1,532,2.3420000000000982,5.741999999999962,1,1.2
105,random,1,533,0.9359999999999218,4.279999999999973,0,1.2
105,random,1,534,1.734000000000151,2.2159999999998945,1,1.2
105,random,1,535,1.816000000000031,0.3160000000000309,1,1.2
105,random,1,536,0.10400000000004184,3.2159999999998945,0,1.2
105,random,1,537,1.1059999999999945,2.36200000000008,0,1.2
105,random,1,538,0.83199999999988,3.1720000000000255,0,1.2
105,random,1,539,0.7680000000000291,0.10200000000008913,0,1.2
105,random,1,541,0.6639999999999873,0.09200000000009823,0,1.2
105,random,1,543,0.5039999999999054,0.06400000000030559,0,1.2
105,random,1,545,0.6600000000003092,10.485999999999876,0,1.2
105,random,1,546,0.5320000000001528,2.824000000000069,0,1.2
105,random,1,547,1.0399999999999636,2.699999999999818,0,1.2
105,random,1,548,0.8519999999998618,0.07600000000002183,0,1.2
105,random,1,550,0.9039999999999964,4.680000000000291,0,1.2
105,random,1,551,0.7179999999998472,11.599999999999909,0,1.2
105,random,1,552,1.1220000000002983,4.08199999999988,0,1.2
105,random,1,553,0.9079999999999018,2.3539999999998145,0,1.2
105,random,1,554,0.8540000000002692,5.511999999999716,0,1.2
105,random,1,555,0.7240000000001601,19.922000000000025,0,1.2
105,random,1,556,1.3800000000001091,0.15000000000009095,1,1.2
105,random,1,557,0.11599999999998545,2.455999999999676,0,1.2
105,random,1,558,1.5820000000003347,2.0159999999996217,1,1.2
105,random,1,559,1.0,3.2200000000002547,0,1.2
105,random,1,560,1.3200000000001637,2.2839999999996508,1,1.2
105,random,1,561,1.5219999999999345,2.068000000000211,1,1.2
105,random,1,562,1.7300000000000182,3.425999999999931,1,1.2
105,random,1,563,1.0720000000001164,3.7339999999999236,0,1.2
105,random,1,564,0.8899999999998727,3.6080000000001746,0,1.2
105,random,1,565,1.6660000000001673,2.1920000000000073,1,1.2
105,random,1,566,1.9479999999998654,2.105999999999767,1,1.2
105,random,1,567,1.1480000000001382,4.005999999999858,0,1.2
105,random,1,568,1.2080000000000837,2.3400000000001455,1,1.2
105,random,1,569,1.5419999999999163,1.5799999999999272,1,1.2
105,random,1,570,1.7980000000002292,2.2519999999999527,1,1.2
105,random,1,571,2.7799999999997453,3.3279999999999745,1,1.2
105,random,1,572,2.72400000000016,2.8659999999999854,1,1.2
105,random,1,573,1.3119999999998981,2.7660000000000764,1,1.2
105,random,1,574,1.6700000000000728,4.36200000000008,1,1.2
105,random,1,575,0.40200000000004366,3.987999999999829,0,1.2
105,random,1,576,0.40599999999994907,0.012000000000170985,0,1.2
105,random,1,578,0.8779999999997017,2.7700000000004366,0,1.2
105,random,1,579,1.6499999999996362,1.7899999999999636,1,1.2
105,random,1,580,1.1820000000002437,0.0019999999999527063,0,1.2
105,random,1,581,0.8220000000001164,2.2080000000000837,0,1.2
105,random,1,582,0.9139999999997599,3.02599999999984,0,1.2
105,random,1,583,0.8640000000000327,3.356000000000222,0,1.2
105,random,1,584,0.8959999999997308,3.7220000000002074,0,1.2
105,random,1,585,0.5419999999999163,4.650000000000091,0,1.2
105,random,1,586,0.5239999999998872,2.5100000000002183,0,1.2
105,random,1,587,1.1359999999999673,2.4479999999998654,0,1.2
105,random,1,588,1.2719999999999345,2.711999999999989,1,1.2
105,random,1,589,1.050000000000182,2.9899999999997817,0,1.2
105,random,1,590,0.9340000000001965,7.967999999999847,0,1.2
105,random,1,591,0.9800000000000182,3.382000000000062,0,1.2
105,random,1,592,0.8440000000000509,4.059999999999945,0,1.2
105,random,1,593,0.8640000000000327,5.237999999999829,0,1.2
105,random,1,594,1.0280000000002474,4.217999999999847,0,1.2
105,random,1,595,1.050000000000182,3.7359999999998763,0,1.2
105,random,1,596,0.7820000000001528,16.17599999999993,0,1.2
105,random,1,597,1.3040000000000873,2.813999999999851,1,1.2
105,random,1,598,1.0039999999999054,3.711999999999989,0,1.2
105,random,1,599,0.9459999999999127,3.8580000000001746,0,1.2
105,random,1,600,1.0960000000000036,10.014000000000124,0,1.2
105,random,1,601,0.9859999999998763,9.02599999999984,0,1.2
105,random,1,602,0.9720000000002074,14.347999999999956,0,1.2
105,random,1,603,0.8279999999999745,3.326000000000022,0,1.2
105,random,1,604,0.9679999999998472,22.789999999999964,0,1.2
105,random,1,605,1.0020000000004075,7.261999999999716,0,1.2
105,random,1,606,0.7519999999999527,0.12200000000029831,0,1.2
105,random,1,608,0.4960000000000946,4.358000000000175,0,1.2
105,random,1,609,1.38799999999992,5.5659999999998035,1,1.2
105,random,1,610,1.1080000000001746,3.3339999999998327,0,1.2
105,random,1,611,0.8140000000003056,8.771999999999935,0,1.2
105,random,1,612,0.5419999999999163,3.0720000000001164,0,1.2
105,random,1,613,1.181999999999789,54.978000000000065,0,1.2
105,random,1,614,1.6340000000000146,45.02799999999979,1,1.2
105,random,1,615,0.7660000000000764,22.326000000000022,0,1.2
105,random,1,616,1.1100000000001273,4.58199999999988,0,1.2
105,random,1,617,1.4679999999998472,3.4600000000000364,1,1.2
105,random,1,618,1.4720000000002074,2.2460000000000946,1,1.2
105,random,1,619,1.6419999999998254,2.2280000000000655,1,1.2
105,random,1,620,1.9020000000000437,1.6799999999998363,1,1.2
105,random,1,621,1.5280000000002474,2.0799999999999272,1,1.2
105,random,1,622,1.1859999999996944,2.8400000000001455,0,1.2
105,random,1,623,0.86200000000008,2.737999999999829,0,1.2
105,random,1,624,1.2600000000002183,2.0419999999999163,1,1.2
105,random,1,625,1.5839999999998327,1.7340000000003783,1,1.2
105,random,1,626,0.17599999999993088,0.11400000000003274,0,1.2
105,random,1,629,0.7199999999997999,2.4859999999998763,0,1.2
105,random,1,630,1.1640000000002146,2.181999999999789,0,1.2
105,random,1,631,1.3699999999998909,3.4540000000001783,1,1.2
105,random,1,632,1.4420000000000073,2.1700000000000728,1,1.2
105,random,1,633,0.8840000000000146,6.817999999999756,0,1.2
105,random,1,634,1.2220000000002074,2.150000000000091,1,1.2
105,random,1,635,0.9200000000000728,3.7899999999999636,0,1.2
105,random,1,636,0.9359999999996944,7.066000000000258,0,1.2
105,random,1,637,1.1539999999999964,7.592000000000098,0,1.2
105,random,1,638,0.07600000000002183,4.117999999999938,0,1.2
105,random,1,639,0.5499999999997272,12.396000000000186,0,1.2
105,random,1,640,0.18800000000010186,0.12599999999974898,0,1.2
105,random,1,642,1.0059999999998581,3.798000000000229,0,1.2
105,random,1,643,0.9939999999996871,7.880000000000109,0,1.2
105,random,1,644,1.4099999999998545,2.180000000000291,1,1.2
105,random,1,645,1.0360000000000582,3.1399999999998727,0,1.2
105,random,1,646,0.9239999999999782,2.744000000000142,0,1.2
105,random,1,647,1.1099999999996726,6.7020000000002256,0,1.2
105,random,1,648,0.14199999999982538,8.291999999999916,0,1.2
105,random,1,649,0.6720000000000255,0.022000000000389264,0,1.2
105,random,1,651,0.38799999999991996,0.0019999999999527063,0,1.2
105,random,1,652,1.0880000000001928,2.7959999999998217,0,1.2
105,random,1,653,1.1140000000000327,3.800000000000182,0,1.2
105,random,1,654,1.3279999999999745,1.91800000000012,1,1.2
105,random,1,655,1.9299999999998363,2.2840000000001055,1,1.2
105,random,1,656,1.2959999999998217,2.8339999999998327,1,1.2
105,random,1,657,1.5040000000003602,2.3840000000000146,1,1.2
105,random,1,658,1.83199999999988,2.036000000000058,1,1.2
105,random,1,659,1.3599999999996726,2.0820000000003347,1,1.2
105,random,1,660,2.1399999999998727,3.293999999999869,1,1.2
105,random,1,661,0.43600000000014916,2.3020000000001346,0,1.2
105,random,1,662,1.1199999999998909,3.536000000000058,0,1.2
105,random,1,663,1.2139999999999418,3.605999999999767,1,1.2
105,random,1,664,1.6980000000003201,3.16399999999976,1,1.2
105,random,1,665,1.655999999999949,3.2460000000000946,1,1.2
105,random,1,666,2.2220000000002074,5.769999999999982,1,1.2
105,random,1,667,0.7539999999999054,4.110000000000127,0,1.2
105,random,1,668,1.0199999999999818,4.389999999999873,0,1.2
105,random,1,669,1.3099999999999454,2.449999999999818,1,1.2
105,random,1,670,1.0600000000004002,3.0979999999999563,0,1.2
105,random,1,671,1.08199999999988,2.9079999999999018,0,1.2
105,random,1,672,0.9839999999999236,3.2340000000003783,0,1.2
105,random,1,673,1.08199999999988,12.942000000000007,0,1.2
105,random,1,674,1.625999999999749,1.6580000000003565,1,1.2
105,random,1,675,1.8959999999997308,7.050000000000182,1,1.2
105,random,1,676,1.1419999999998254,3.730000000000018,0,1.2
105,random,1,677,1.0160000000000764,3.9020000000000437,0,1.2
105,random,1,678,1.211999999999989,3.031999999999698,1,1.2
105,random,1,679,2.5260000000002947,2.4760000000001128,1,1.2
105,random,1,680,1.6539999999999964,5.623999999999796,1,1.2
105,random,1,681,0.2460000000000946,3.2399999999997817,0,1.2
105,random,1,682,1.0199999999999818,3.4900000000002365,0,1.2
105,random,1,683,1.3139999999998508,1.8920000000002801,1,1.2
105,random,1,684,2.7919999999999163,1.9479999999998654,1,1.2
105,random,1,685,2.869999999999891,3.6020000000003165,1,1.2
105,random,1,686,0.94399999999996,4.001999999999953,0,1.2
105,random,1,687,0.9859999999998763,2.3020000000001346,0,1.2
105,random,1,688,0.9559999999996762,4.132000000000062,0,1.2
105,random,1,689,0.8240000000000691,7.652000000000044,0,1.2
105,random,1,690,1.1219999999998436,2.97400000000016,0,1.2
105,random,1,691,1.1579999999999018,4.398000000000138,0,1.2
105,random,1,692,0.9279999999998836,2.8659999999999854,0,1.2
105,random,1,693,0.6520000000000437,3.8519999999998618,0,1.2
105,random,1,694,0.49000000000023647,3.91399999999976,0,1.2
105,random,1,695,0.5100000000002183,7.804000000000087,0,1.2
105,random,1,696,1.1359999999999673,7.3659999999999854,0,1.2
105,random,1,697,1.4079999999999018,2.3079999999999927,1,1.2
105,random,1,698,0.8440000000000509,4.4099999999998545,0,1.2
105,random,1,699,0.7200000000002547,5.076000000000022,0,1.2
105,random,1,700,0.9420000000000073,6.8279999999999745,0,1.2
105,random,1,701,0.5459999999998217,4.101999999999862,0,1.2
105,random,1,702,1.2980000000002292,3.231999999999971,1,1.2
105,random,1,703,1.2020000000002256,1.8739999999997963,1,1.2
105,random,1,704,1.6260000000002037,1.8999999999996362,1,1.2
105,random,1,705,1.3800000000001091,5.594000000000051,1,1.2
105,random,1,706,0.8440000000000509,3.0979999999999563,0,1.2
105,random,1,707,0.7480000000000473,3.1159999999999854,0,1.2
105,random,1,708,0.956000000000131,5.253999999999905,0,1.2
105,random,1,709,1.288000000000011,1.9639999999999418,1,1.2
105,random,1,710,2.206000000000131,2.6359999999999673,1,1.2
105,random,1,711,2.55199999999968,2.1100000000001273,1,1.2
105,random,1,712,2.8020000000001346,3.5579999999999927,1,1.2
105,random,1,713,0.8820000000000618,2.730000000000018,0,1.2
105,random,1,714,0.9600000000000364,3.8859999999999673,0,1.2
105,random,1,715,1.3559999999997672,2.0700000000001637,1,1.2
105,random,1,716,1.5639999999998508,6.039999999999964,1,1.2
105,random,1,717,0.34999999999990905,3.300000000000182,0,1.2
105,random,1,718,1.2779999999997926,5.832000000000335,1,1.2
105,random,1,719,0.42200000000002547,2.66399999999976,0,1.2
105,random,1,720,1.2020000000002256,2.3659999999999854,1,1.2
105,random,1,721,0.2579999999998108,3.594000000000051,0,1.2
105,random,1,722,1.0540000000000873,6.5659999999998035,0,1.2
105,random,1,723,1.6020000000003165,4.211999999999989,1,1.2
105,random,1,724,1.043999999999869,4.016000000000076,0,1.2
105,random,1,725,1.0740000000000691,4.085999999999785,0,1.2
105,random,1,726,1.0199999999999818,22.244000000000142,0,1.2
105,random,1,727,1.5899999999996908,2.2720000000003893,1,1.2
105,random,1,728,0.15599999999994907,0.10399999999981446,0,1.2
105,random,1,730,1.1380000000003747,4.343999999999596,0,1.2
105,random,1,731,1.1560000000004038,5.213999999999942,0,1.2
105,random,1,732,1.0960000000000036,12.023999999999887,0,1.2
105,random,1,733,1.3260000000000218,2.9200000000000728,1,1.2
105,random,1,734,1.737999999999829,9.594000000000051,1,1.2
105,random,1,735,0.9299999999998363,4.332000000000335,0,1.2
105,random,1,736,1.0919999999996435,14.91000000000031,0,1.2
105,random,1,737,1.1019999999998618,26.15000000000009,0,1.2
105,random,1,738,1.288000000000011,2.7840000000001055,1,1.2
105,random,1,739,1.3579999999997199,2.063999999999851,1,1.2
105,random,1,740,1.2540000000003602,5.75,1,1.2
105,random,1,741,0.26399999999966894,3.9720000000002074,0,1.2
105,random,1,742,1.0920000000000982,3.4420000000000073,0,1.2
105,random,1,743,0.7699999999999818,6.109999999999673,0,1.2
105,random,1,744,1.9520000000002256,1.8299999999999272,1,1.2
105,random,1,745,1.5080000000002656,1.94399999999996,1,1.2
105,random,1,746,2.0219999999999345,3.0219999999999345,1,1.2
105,random,1,747,2.55600000000004,2.0239999999998872,1,1.2
105,random,1,748,2.313999999999851,8.312000000000353,1,1.2
105,random,1,749,1.0039999999999054,3.411999999999807,0,1.2
105,random,1,750,1.2040000000001783,2.699999999999818,1,1.2
105,random,1,751,0.9720000000002074,3.6900000000000546,0,1.2
105,random,1,752,1.4980000000000473,1.9800000000000182,1,1.2
105,random,1,753,2.0539999999996326,2.19800000000032,1,1.2
105,random,1,754,2.8219999999996617,9.91000000000031,1,1.2
105,random,1,755,0.9639999999999418,2.438000000000102,0,1.2
105,random,1,756,1.4659999999998945,2.13799999999992,1,1.2
105,random,1,757,2.036000000000058,2.6100000000001273,1,1.2
105,random,1,758,1.1799999999998363,2.594000000000051,0,1.2
105,random,1,759,0.6599999999998545,3.854000000000269,0,1.2
105,random,1,760,1.3619999999996253,2.4280000000003383,1,1.2
105,random,1,761,2.423999999999978,2.074000000000069,1,1.2
105,random,1,762,0.17200000000002547,0.1519999999995889,0,1.2
105,random,1,764,1.0219999999999345,2.3519999999998618,0,1.2
105,random,1,765,1.1840000000001965,8.237999999999829,0,1.2
105,random,1,766,1.1860000000001492,4.733999999999924,0,1.2
105,random,1,767,0.9279999999998836,0.01999999999998181,0,1.2
105,random,1,769,1.2840000000001055,2.480000000000018,1,1.2
105,random,1,770,1.0559999999995853,3.8640000000000327,0,1.2
105,random,1,771,1.3420000000000982,1.6799999999998363,1,1.2
105,random,1,772,2.6960000000003674,2.2280000000000655,1,1.2
105,random,1,773,2.3519999999998618,3.9159999999997126,1,1.2
105,random,1,774,1.0780000000004293,3.961999999999989,0,1.2
105,random,1,775,1.3099999999999454,2.2359999999998763,1,1.2
105,random,1,776,0.3240000000000691,0.11599999999998545,0,1.2
105,random,1,778,2.02599999999984,5.86200000000008,1,1.2
105,random,1,779,0.5380000000000109,4.244000000000142,0,1.2
105,random,1,780,1.2539999999999054,6.576000000000022,1,1.2
105,random,1,781,0.5880000000001928,3.400000000000091,0,1.2
105,random,1,782,1.5659999999998035,2.293999999999869,1,1.2
105,random,1,783,2.0920000000000982,3.012000000000171,1,1.2
105,random,1,784,0.08399999999983265,4.023999999999887,0,1.2
105,random,1,785,0.9020000000000437,3.2200000000002547,0,1.2
105,random,1,786,1.087999999999738,2.2899999999999636,0,1.2
105,random,1,787,1.4920000000001892,2.7100000000000364,1,1.2
105,random,1,788,2.461999999999989,2.536000000000058,1,1.2
105,random,1,789,1.819999999999709,3.394000000000233,1,1.2
105,random,1,790,3.9479999999998654,5.476000000000113,1,1.2
105,random,1,791,0.6199999999998909,0.032000000000152795,0,1.2
105,random,1,793,1.2820000000001528,2.655999999999949,1,1.2
105,random,1,794,1.5399999999999636,10.760000000000218,1,1.2
105,random,1,795,1.0639999999998508,3.86200000000008,0,1.2
105,random,1,796,1.237999999999829,2.2100000000000364,1,1.2
105,random,1,797,3.2840000000001055,3.673999999999978,1,1.2
105,random,1,798,0.44399999999996,4.597999999999956,0,1.2
105,random,1,799,1.268000000000029,4.842000000000098,1,1.2
105,random,1,800,1.0799999999999272,3.9520000000002256,0,1.2
105,random,1,801,1.3359999999997854,12.039999999999964,1,1.2
105,random,1,802,0.7519999999999527,2.6140000000000327,0,1.2
105,random,1,803,1.1100000000001273,3.3099999999999454,0,1.2
105,random,1,804,1.7159999999998945,3.5340000000001055,1,1.2
105,random,1,805,1.0239999999998872,4.278000000000247,0,1.2
105,random,1,806,1.4559999999996762,6.048000000000229,1,1.2
105,random,1,807,0.16600000000016735,2.9079999999999018,0,1.2
105,random,1,808,1.150000000000091,4.237999999999829,0,1.2
105,random,1,809,0.5160000000000764,0.018000000000029104,0,1.2
105,random,1,811,1.0600000000004002,10.92199999999957,0,1.2
105,random,1,812,0.9040000000004511,0.013999999999668944,0,1.2
105,random,1,814,1.36200000000008,2.3159999999998035,1,1.2
105,random,1,815,1.3220000000001164,3.8919999999998254,1,1.2
105,random,1,816,1.25,5.867999999999938,1,1.2
105,random,1,817,0.4240000000004329,3.8359999999997854,0,1.2
105,random,1,818,1.3359999999997854,4.5460000000002765,1,1.2
105,random,1,819,0.7100000000000364,3.231999999999971,0,1.2
105,random,1,820,0.5499999999997272,3.6520000000000437,0,1.2
105,random,1,821,1.2100000000000364,2.2200000000002547,1,1.2
105,random,1,822,2.3539999999998145,4.322000000000116,1,1.2
105,random,1,823,0.8980000000001382,4.059999999999945,0,1.2
105,random,1,824,1.3099999999999454,3.9539999999997235,1,1.2
105,random,1,825,1.0620000000003529,2.66399999999976,0,1.2
105,random,1,826,0.9540000000001783,4.02599999999984,0,1.2
105,random,1,827,1.5140000000001237,4.476000000000113,1,1.2
105,random,1,828,0.6399999999998727,5.175999999999931,0,1.2
105,random,1,829,1.3840000000000146,2.938000000000102,1,1.2
105,random,1,830,0.9580000000000837,4.415999999999713,0,1.2
105,random,1,831,0.9039999999999964,5.231999999999971,0,1.2
105,random,1,832,1.4480000000003201,2.161999999999807,1,1.2
105,random,1,833,1.050000000000182,4.429999999999836,0,1.2
105,random,1,834,1.1860000000001492,5.303999999999633,0,1.2
105,random,1,835,0.86200000000008,3.912000000000262,0,1.2
105,random,1,836,1.0760000000000218,28.32400000000007,0,1.2
105,random,1,837,1.2999999999997272,0.15799999999990177,1,1.2
105,random,1,838,0.17800000000033833,12.769999999999982,0,1.2
105,random,1,839,0.9459999999999127,33.75599999999986,0,1.2
105,random,1,840,0.8440000000000509,3.4079999999999018,0,1.2
105,random,1,841,1.6460000000001855,2.5099999999997635,1,1.2
105,random,1,842,0.7719999999999345,3.700000000000273,0,1.2
105,random,1,843,1.3460000000000036,2.5299999999997453,1,1.2
105,random,1,844,1.481999999999971,4.084000000000287,1,1.2
105,random,1,845,0.4980000000000473,4.0340000000001055,0,1.2
105,random,1,846,0.9859999999998763,4.179999999999836,0,1.2
105,random,1,847,1.2980000000002292,2.155999999999949,1,1.2
105,random,1,848,0.29599999999982174,0.14200000000028012,0,1.2
105,random,1,850,1.2300000000000182,9.52599999999984,1,1.2
105,random,1,851,0.8540000000002692,4.381999999999607,0,1.2
105,random,1,852,0.7360000000003311,4.333999999999833,0,1.2
105,random,1,853,1.206000000000131,2.3659999999999854,1,1.2
105,random,1,854,0.9940000000001419,3.457999999999629,0,1.2
105,random,1,855,1.0640000000003056,365.45799999999963,0,1.2
105,random,1,856,1.3200000000006185,2.6920000000000073,1,1.2
105,random,1,857,0.8559999999997672,3.532000000000153,0,1.2
105,random,1,858,1.6019999999998618,2.2739999999994325,1,1.2
105,random,1,859,1.1040000000002692,2.6580000000003565,0,1.2
105,random,1,860,1.345999999999549,3.326000000000022,1,1.2
105,random,1,861,0.7640000000001237,2.981999999999971,0,1.2
105,random,1,862,1.2820000000001528,2.0799999999999272,1,1.2
105,random,1,863,0.30599999999958527,0.09000000000014552,0,1.2
105,random,1,865,1.8980000000001382,8.748000000000502,1,1.2
105,random,1,866,0.32600000000002183,322.1779999999999,0,1.2
105,random,1,867,1.4380000000001019,2.518000000000029,1,1.2
105,random,1,868,0.839999999999236,3.818000000000211,0,1.2
105,random,1,869,1.0960000000004584,4.286000000000058,0,1.2
105,random,1,870,0.8339999999998327,2.7119999999995343,0,1.2
105,random,1,871,1.731999999999971,2.1779999999998836,1,1.2
105,random,1,872,1.2840000000005602,,1,1.2
105,random,2,1,1.1699999999999946,4.162000000000006,0,1.2
105,random,2,2,1.141999999999996,2.7680000000000007,0,1.2
105,random,2,3,1.1839999999999975,3.1500000000000057,0,1.2
105,random,2,4,1.9979999999999976,2.088000000000001,1,1.2
105,random,2,5,1.3999999999999986,1.8399999999999963,1,1.2
105,random,2,6,1.534000000000006,1.9540000000000006,1,1.2
105,random,2,7,1.9899999999999949,2.3260000000000005,1,1.2
105,random,2,8,1.793999999999997,2.1680000000000064,1,1.2
105,random,2,9,1.1799999999999926,3.6680000000000064,0,1.2
105,random,2,10,1.1599999999999966,3.4819999999999993,0,1.2
105,random,2,11,1.2139999999999986,1.666000000000011,1,1.2
105,random,2,12,1.25,0.5719999999999885,1,1.2
105,random,2,13,0.10800000000000409,2.780000000000001,0,1.2
105,random,2,14,0.6400000000000006,0.04999999999999716,0,1.2
105,random,2,16,1.132000000000005,4.009999999999991,0,1.2
105,random,2,17,1.0260000000000105,4.006,0,1.2
105,random,2,18,0.7999999999999972,4.367999999999995,0,1.2
105,random,2,19,0.9120000000000061,6.063999999999993,0,1.2
105,random,2,20,0.2459999999999951,4.408000000000001,0,1.2
105,random,2,21,1.1920000000000073,4.646000000000001,0,1.2
105,random,2,22,0.17600000000000193,9.424000000000007,0,1.2
105,random,2,23,1.0079999999999814,9.140000000000015,0,1.2
105,random,2,24,1.0759999999999934,5.02000000000001,0,1.2
105,random,2,25,1.329999999999984,2.2560000000000002,1,1.2
105,random,2,26,1.2079999999999984,2.6640000000000157,1,1.2
105,random,2,27,1.3419999999999845,2.1880000000000166,1,1.2
105,random,2,28,1.0579999999999927,3.1299999999999955,0,1.2
105,random,2,29,1.343999999999994,1.77800000000002,1,1.2
105,random,2,30,1.4979999999999905,1.9780000000000086,1,1.2
105,random,2,31,1.3959999999999866,1.382000000000005,1,1.2
105,random,2,32,1.1479999999999961,6.430000000000007,0,1.2
105,random,2,33,1.0600000000000023,3.804000000000002,0,1.2
105,random,2,34,1.1539999999999964,3.7439999999999998,0,1.2
105,random,2,35,1.3880000000000052,1.9919999999999902,1,1.2
105,random,2,36,1.5519999999999925,0.5100000000000193,1,1.2
105,random,2,37,0.2599999999999909,3.9259999999999877,0,1.2
105,random,2,38,1.27800000000002,2.3619999999999948,1,1.2
105,random,2,39,1.7039999999999793,3.4000000000000057,1,1.2
105,random,2,40,0.671999999999997,4.826000000000022,0,1.2
105,random,2,41,1.3019999999999925,0.41800000000000637,1,1.2
105,random,2,42,0.20199999999999818,6.055999999999983,0,1.2
105,random,2,43,1.4579999999999984,1.9300000000000068,1,1.2
105,random,2,44,0.6779999999999973,0.13400000000001455,0,1.2
105,random,2,46,1.4819999999999993,2.584000000000003,1,1.2
105,random,2,47,1.445999999999998,4.138000000000005,1,1.2
105,random,2,48,1.3879999999999768,0.7259999999999991,1,1.2
105,random,2,49,1.2580000000000098,3.524000000000001,1,1.2
105,random,2,50,1.2620000000000005,3.7479999999999905,1,1.2
105,random,2,51,1.0320000000000107,3.530000000000001,0,1.2
105,random,2,52,1.0440000000000111,3.9619999999999607,0,1.2
105,random,2,53,1.1540000000000532,4.281999999999982,0,1.2
105,random,2,54,1.1200000000000045,5.8700000000000045,0,1.2
105,random,2,55,0.15799999999995862,2.7340000000000373,0,1.2
105,random,2,56,1.1299999999999955,2.387999999999977,0,1.2
105,random,2,57,1.4399999999999977,0.06600000000003092,1,1.2
105,random,2,58,0.02400000000000091,2.1259999999999764,0,1.2
105,random,2,59,1.5480000000000018,1.8179999999999836,1,1.2
105,random,2,60,1.6539999999999964,3.32000000000005,1,1.2
105,random,2,61,1.6619999999999777,3.065999999999974,1,1.2
105,random,2,62,0.7980000000000018,4.486000000000047,0,1.2
105,random,2,63,1.3959999999999582,3.090000000000032,1,1.2
105,random,2,64,1.0620000000000118,3.2620000000000005,0,1.2
105,random,2,65,1.1479999999999677,2.8220000000000027,0,1.2
105,random,2,66,1.197999999999979,7.858000000000004,0,1.2
105,random,2,67,0.8280000000000314,3.759999999999991,0,1.2
105,random,2,68,0.057999999999992724,2.8140000000000214,0,1.2
105,random,2,69,1.2299999999999613,2.1580000000000155,1,1.2
105,random,2,70,1.132000000000005,3.329999999999984,0,1.2
105,random,2,71,1.1520000000000437,5.4459999999999695,0,1.2
105,random,2,72,1.3319999999999936,1.7280000000000086,1,1.2
105,random,2,73,1.6999999999999886,2.3500000000000227,1,1.2
105,random,2,74,3.575999999999965,0.014000000000010004,1,1.2
105,random,2,75,0.08000000000004093,2.6119999999999663,0,1.2
105,random,2,76,1.900000000000034,2.259999999999991,1,1.2
105,random,2,77,1.5360000000000014,4.01400000000001,1,1.2
105,random,2,78,1.1539999999999964,4.0120000000000005,0,1.2
105,random,2,79,1.2980000000000018,0.44599999999996953,1,1.2
105,random,2,80,0.4159999999999968,4.225999999999999,0,1.2
105,random,2,81,1.225999999999999,4.646000000000015,1,1.2
105,random,2,82,0.21800000000001774,5.274000000000001,0,1.2
105,random,2,83,1.2099999999999795,2.505999999999972,1,1.2
105,random,2,84,2.0260000000000105,2.0260000000000105,1,1.2
105,random,2,85,2.934000000000026,1.0819999999999936,1,1.2
105,random,2,86,1.0399999999999636,3.240000000000009,0,1.2
105,random,2,87,1.184000000000026,0.051999999999964075,0,1.2
105,random,2,89,0.561999999999955,0.18600000000003547,0,1.2
105,random,2,91,1.2900000000000205,2.173999999999978,1,1.2
105,random,2,92,4.8700000000000045,1.9939999999999714,1,1.2
105,random,2,93,2.4080000000000155,3.617999999999995,1,1.2
105,random,2,94,0.9739999999999895,3.146000000000015,0,1.2
105,random,2,95,0.8319999999999936,0.02199999999999136,0,1.2
105,random,2,97,1.2779999999999632,2.4920000000000186,1,1.2
105,random,2,98,1.7839999999999918,3.343999999999994,1,1.2
105,random,2,99,2.2620000000000005,3.343999999999994,1,1.2
105,random,2,100,1.225999999999999,4.913999999999987,1,1.2
105,random,2,101,0.6260000000000332,2.853999999999985,0,1.2
105,random,2,102,1.211999999999989,3.5819999999999936,1,1.2
105,random,2,103,0.9080000000000155,3.7060000000000173,0,1.2
105,random,2,104,1.2139999999999986,2.961999999999989,1,1.2
105,random,2,105,1.5679999999999836,4.78000000000003,1,1.2
105,random,2,106,0.7740000000000009,4.361999999999966,0,1.2
105,random,2,107,1.1200000000000045,3.7460000000000377,0,1.2
105,random,2,108,0.31399999999996453,0.05000000000001137,0,1.2
105,random,2,110,1.622000000000014,4.2099999999999795,1,1.2
105,random,2,111,0.8980000000000246,0.021999999999934516,0,1.2
105,random,2,113,1.1680000000000064,3.326000000000022,0,1.2
105,random,2,114,1.3419999999999845,2.524000000000001,1,1.2
105,random,2,115,2.145999999999958,3.645999999999958,1,1.2
105,random,2,116,0.9220000000000255,4.0779999999999745,0,1.2
105,random,2,117,1.3740000000000236,2.4640000000000555,1,1.2
105,random,2,118,1.2679999999999154,3.424000000000092,1,1.2
105,random,2,119,0.5559999999999263,4.190000000000055,0,1.2
105,random,2,120,1.254000000000019,2.5299999999999727,1,1.2
105,random,2,121,2.0019999999999527,3.632000000000062,1,1.2
105,random,2,122,1.024000000000001,9.281999999999925,0,1.2
105,random,2,123,1.4640000000000555,2.477999999999952,1,1.2
105,random,2,124,1.2980000000000018,3.975999999999999,1,1.2
105,random,2,125,0.4759999999999991,3.5400000000000773,0,1.2
105,random,2,126,1.1079999999999472,4.518000000000029,0,1.2
105,random,2,127,0.7939999999999827,5.269999999999982,0,1.2
105,random,2,128,0.8160000000000309,0.011999999999943611,0,1.2
105,random,2,130,1.5600000000000591,2.8740000000000236,1,1.2
105,random,2,131,0.7279999999999518,3.8640000000000327,0,1.2
105,random,2,132,1.0639999999999645,4.216000000000008,0,1.2
105,random,2,133,1.018000000000029,5.710000000000036,0,1.2
105,random,2,134,0.70799999999997,0.11799999999993815,0,1.2
105,random,2,136,1.7060000000000173,2.3379999999999654,1,1.2
105,random,2,137,1.6480000000000246,2.9640000000000555,1,1.2
105,random,2,138,1.467999999999961,4.557999999999993,1,1.2
105,random,2,139,0.20199999999999818,4.038000000000011,0,1.2
105,random,2,140,1.04200000000003,5.067999999999984,0,1.2
105,random,2,141,1.5159999999999627,2.8139999999999645,1,1.2
105,random,2,142,0.8960000000000719,3.3559999999999945,0,1.2
105,random,2,143,1.5080000000000382,3.4139999999999873,1,1.2
105,random,2,144,1.2839999999999918,1.9939999999999145,1,1.2
105,random,2,145,2.4300000000000637,2.617999999999938,1,1.2
105,random,2,146,2.2420000000000755,2.7379999999999427,1,1.2
105,random,2,147,0.11000000000001364,0.06000000000005912,0,1.2
105,random,2,149,1.2699999999999818,3.9200000000000728,1,1.2
105,random,2,150,0.7839999999999918,3.717999999999961,0,1.2
105,random,2,151,0.98599999999999,0.05000000000006821,0,1.2
105,random,2,153,1.0539999999999736,5.138000000000034,0,1.2
105,random,2,154,0.9020000000000437,16.053999999999974,0,1.2
105,random,2,155,0.9819999999999709,5.475999999999999,0,1.2
105,random,2,156,1.0600000000000591,7.497999999999934,0,1.2
105,random,2,157,0.86200000000008,4.38799999999992,0,1.2
105,random,2,158,1.6320000000000618,2.048000000000002,1,1.2
105,random,2,159,1.1920000000000073,3.0079999999999245,0,1.2
105,random,2,160,1.3280000000000882,0.049999999999954525,1,1.2
105,random,2,161,0.06200000000001182,3.9360000000000355,0,1.2
105,random,2,162,0.8239999999999554,2.4600000000000364,0,1.2
105,random,2,163,0.7259999999999991,11.267999999999915,0,1.2
105,random,2,164,1.1980000000000928,3.395999999999958,0,1.2
105,random,2,165,0.5359999999999445,13.846000000000004,0,1.2
105,random,2,166,1.094000000000051,4.659999999999968,0,1.2
105,random,2,167,1.1340000000000146,0.04800000000000182,0,1.2
105,random,2,169,0.98599999999999,7.402000000000044,0,1.2
105,random,2,170,1.5079999999999245,0.06400000000007822,1,1.2
105,random,2,171,0.041999999999916326,2.3500000000000227,0,1.2
105,random,2,172,1.1119999999999663,3.725999999999999,0,1.2
105,random,2,173,1.11200000000008,4.16599999999994,0,1.2
105,random,2,174,1.5160000000000764,2.085999999999899,1,1.2
105,random,2,175,1.3040000000000873,2.8179999999999836,1,1.2
105,random,2,176,1.3559999999999945,8.227999999999952,1,1.2
105,random,2,177,1.1879999999999882,4.360000000000014,0,1.2
105,random,2,178,1.4980000000000473,2.3099999999999454,1,1.2
105,random,2,179,0.8980000000000246,2.3039999999999736,0,1.2
105,random,2,180,1.52800000000002,2.814000000000078,1,1.2
105,random,2,181,1.17999999999995,0.05999999999994543,0,1.2
105,random,2,183,1.0760000000000218,0.08199999999999363,0,1.2
105,random,2,185,1.5360000000000582,2.3980000000000246,1,1.2
105,random,2,186,1.3399999999999181,2.6440000000000055,1,1.2
105,random,2,187,0.2340000000000373,0.11799999999993815,0,1.2
105,random,2,189,0.4879999999999427,2.9340000000000828,0,1.2
105,random,2,190,0.09399999999993724,0.12199999999995725,0,1.2
105,random,2,192,1.0879999999999654,2.8040000000000873,0,1.2
105,random,2,193,1.69399999999996,3.4139999999999873,1,1.2
105,random,2,194,1.240000000000009,5.283999999999992,1,1.2
105,random,2,195,0.5839999999999463,3.358000000000061,0,1.2
105,random,2,196,0.26400000000001,6.529999999999973,0,1.2
105,random,2,197,1.7000000000000455,1.12399999999991,1,1.2
105,random,2,198,0.9100000000000819,4.3139999999999645,0,1.2
105,random,2,199,1.240000000000009,3.6440000000000055,1,1.2
105,random,2,200,0.8239999999999554,4.398000000000025,0,1.2
105,random,2,201,1.282000000000039,5.350000000000023,1,1.2
105,random,2,202,0.5459999999999354,4.1580000000000155,0,1.2
105,random,2,203,1.211999999999989,3.44399999999996,1,1.2
105,random,2,204,1.4160000000000537,6.162000000000035,1,1.2
105,random,2,205,0.8159999999999172,4.358000000000061,0,1.2
105,random,2,206,1.1019999999999754,2.5,0,1.2
105,random,2,207,1.782000000000039,2.461999999999989,1,1.2
105,random,2,208,3.187999999999988,4.562000000000012,1,1.2
105,random,2,209,1.19399999999996,3.211999999999989,0,1.2
105,random,2,210,1.2320000000000846,0.025999999999953616,1,1.2
105,random,2,211,0.03200000000003911,3.3159999999999172,0,1.2
105,random,2,212,1.58400000000006,1.3039999999999736,1,1.2
105,random,2,213,1.0,6.895999999999958,0,1.2
105,random,2,214,1.2000000000000455,4.272000000000048,0,1.2
105,random,2,215,0.835999999999899,4.30600000000004,0,1.2
105,random,2,216,1.30600000000004,2.713999999999942,1,1.2
105,random,2,217,2.7320000000000846,5.42999999999995,1,1.2
105,random,2,218,0.6499999999999773,0.04600000000004911,0,1.2
105,random,2,220,1.4120000000000346,0.06399999999996453,1,1.2
105,random,2,221,0.03600000000005821,3.2859999999999445,0,1.2
105,random,2,222,1.9540000000000646,6.907999999999902,1,1.2
105,random,2,223,1.288000000000011,9.463999999999942,1,1.2
105,random,2,224,1.0460000000000491,4.880000000000109,0,1.2
105,random,2,225,1.2839999999998781,0.0420000000001437,1,1.2
105,random,2,226,0.02800000000002001,5.3159999999998035,0,1.2
105,random,2,227,0.650000000000091,9.884000000000015,0,1.2
105,random,2,228,2.119999999999891,0.068000000000211,1,1.2
105,random,2,229,0.21199999999998909,9.329999999999927,0,1.2
105,random,2,230,1.4880000000000564,3.5679999999999836,1,1.2
105,random,2,231,0.11999999999989086,0.03999999999996362,0,1.2
105,random,2,233,1.4320000000000164,0.05999999999994543,1,1.2
105,random,2,234,0.024000000000114596,3.9039999999999964,0,1.2
105,random,2,235,0.43200000000001637,5.601999999999862,0,1.2
105,random,2,236,1.13799999999992,11.736000000000104,0,1.2
105,random,2,237,1.3240000000000691,3.563999999999851,1,1.2
105,random,2,238,0.6300000000001091,0.07400000000006912,0,1.2
105,random,2,240,1.3940000000000055,2.5399999999999636,1,1.2
105,random,2,241,3.5799999999999272,2.6100000000001273,1,1.2
105,random,2,242,2.713999999999942,0.08600000000001273,1,1.2
105,random,2,243,0.03600000000005821,10.097999999999956,0,1.2
105,random,2,244,1.1620000000000346,15.033999999999878,0,1.2
105,random,2,245,1.1359999999999673,3.234000000000151,0,1.2
105,random,2,246,1.6340000000000146,8.38799999999992,1,1.2
105,random,2,247,1.2100000000000364,4.046000000000049,1,1.2
105,random,2,248,1.1739999999999782,3.509999999999991,0,1.2
105,random,2,249,1.38799999999992,3.854000000000042,1,1.2
105,random,2,250,1.7359999999998763,3.882000000000062,1,1.2
105,random,2,251,1.759999999999991,5.548000000000002,1,1.2
105,random,2,252,1.288000000000011,9.655999999999949,1,1.2
105,random,2,253,0.7200000000000273,9.327999999999975,0,1.2
105,random,2,254,1.5520000000001346,4.785999999999831,1,1.2
105,random,2,255,1.3220000000001164,6.839999999999918,1,1.2
105,random,2,256,1.678000000000111,8.349999999999909,1,1.2
105,random,2,257,1.3360000000000127,0.09200000000009823,1,1.2
105,random,2,258,0.038000000000010914,10.889999999999873,0,1.2
105,random,2,259,1.7619999999999436,4.614000000000033,1,1.2
105,random,2,260,1.3200000000001637,8.723999999999933,1,1.2
105,random,2,261,1.2980000000000018,5.177999999999884,1,1.2
105,random,2,262,1.456000000000131,0.06999999999993634,1,1.2
105,random,2,263,0.041999999999916326,5.476000000000113,0,1.2
105,random,2,264,0.36999999999989086,0.07200000000011642,0,1.2
105,random,2,266,1.4039999999999964,5.766000000000076,1,1.2
105,random,2,267,0.7640000000001237,3.3639999999998054,0,1.2
105,random,2,268,0.15800000000012915,0.0039999999999054126,0,1.2
105,random,2,269,0.2380000000000564,3.961999999999989,0,1.2
105,random,2,270,1.3859999999999673,7.2999999999999545,1,1.2
105,random,2,271,1.0700000000001637,30.74000000000001,0,1.2
105,random,2,272,2.061999999999898,4.3840000000000146,1,1.2
105,random,2,273,1.0540000000000873,3.6159999999999854,0,1.2
105,random,2,274,1.3619999999998527,2.380000000000109,1,1.2
105,random,2,275,4.013999999999896,6.186000000000149,1,1.2
105,random,2,276,0.5879999999999654,3.925999999999931,0,1.2
105,random,2,277,1.2940000000000964,9.743999999999915,1,1.2
105,random,2,278,1.3759999999999764,5.3840000000000146,1,1.2
105,random,2,279,0.8040000000000873,4.046000000000049,0,1.2
105,random,2,280,1.4299999999998363,6.932000000000016,1,1.2
105,random,2,281,1.3020000000001346,15.131999999999834,1,1.2
105,random,2,282,1.9260000000001583,8.78599999999983,1,1.2
105,random,2,283,1.6940000000001874,6.869999999999891,1,1.2
105,random,2,284,0.2319999999999709,0.13400000000001455,0,1.2
105,random,2,286,1.2580000000000382,6.948000000000093,1,1.2
105,random,2,287,0.9379999999998745,3.701999999999998,0,1.2
105,random,2,288,1.3300000000001546,7.977999999999838,1,1.2
105,random,2,289,0.4920000000001892,3.1499999999998636,0,1.2
105,random,2,290,1.27800000000002,5.923999999999978,1,1.2
105,random,2,291,1.484000000000151,7.0659999999998035,1,1.2
105,random,2,292,1.234000000000151,8.355999999999995,1,1.2
105,random,2,293,1.7359999999998763,12.99200000000019,1,1.2
105,random,2,294,1.3239999999998417,0.057999999999992724,1,1.2
105,random,2,295,0.05400000000008731,8.624000000000024,0,1.2
105,random,2,296,1.3279999999999745,10.892000000000053,1,1.2
105,random,2,297,1.1920000000000073,3.535999999999831,0,1.2
105,random,2,298,1.711999999999989,7.022000000000162,1,1.2
105,random,2,299,0.4739999999999327,3.4680000000000746,0,1.2
105,random,2,300,0.32199999999988904,0.011999999999943611,0,1.2
105,random,2,302,1.3680000000001655,2.5039999999999054,1,1.2
105,random,2,303,0.11200000000008004,4.357999999999947,0,1.2
105,random,2,304,1.8599999999999,11.078000000000202,1,1.2
105,random,2,305,1.91599999999994,433.2739999999999,1,1.2
105,random,2,306,0.39600000000018554,686.25,0,1.2
105,random,2,307,1.5740000000000691,4.739999999999782,1,1.2
105,random,2,308,1.2480000000000473,3.1959999999999127,1,1.2
105,random,2,309,1.218000000000302,15.069999999999709,1,1.2
105,random,2,310,0.8119999999998981,3.8900000000003274,0,1.2
105,random,2,311,1.5360000000000582,3.1799999999998363,1,1.2
105,random,2,312,0.42000000000007276,703.6099999999997,0,1.2
105,random,2,313,0.6720000000000255,13.19399999999996,0,1.2
105,random,2,314,1.7340000000003783,9.123999999999796,1,1.2
105,random,2,315,1.6040000000002692,12.971999999999753,1,1.2
105,random,2,316,0.6140000000000327,21.903999999999996,0,1.2
105,random,2,317,0.8420000000000982,0.05600000000004002,0,1.2
105,random,2,319,0.7619999999997162,2.786000000000058,0,1.2
105,random,2,320,1.6100000000001273,2.938000000000102,1,1.2
105,random,2,321,2.019999999999982,5.498000000000047,1,1.2
105,random,2,322,0.32600000000002183,2.9980000000000473,0,1.2
105,random,2,323,1.41399999999976,14.385999999999967,1,1.2
105,random,2,324,1.7000000000002728,4.6720000000000255,1,1.2
105,random,2,325,0.5019999999999527,0.06999999999970896,0,1.2
105,random,2,327,0.8260000000000218,2.9020000000000437,0,1.2
105,random,2,328,1.1660000000001673,3.4919999999997344,0,1.2
105,random,2,329,1.5080000000002656,3.5099999999997635,1,1.2
105,random,2,330,0.6159999999999854,3.66800000000012,0,1.2
105,random,2,331,1.737999999999829,4.152000000000044,1,1.2
105,random,2,332,0.5960000000000036,7.630000000000109,0,1.2
105,random,2,333,1.5479999999997744,7.0,1,1.2
105,random,2,334,0.262000000000171,4.5,0,1.2
105,random,2,335,1.6979999999998654,21.100000000000364,1,1.2
105,random,2,336,1.1039999999998145,2.762000000000171,0,1.2
105,random,2,337,1.1399999999998727,3.6159999999999854,0,1.2
105,random,2,338,1.711999999999989,7.286000000000058,1,1.2
105,random,2,339,0.6900000000000546,2.5779999999999745,0,1.2
105,random,2,340,1.5499999999997272,8.077999999999975,1,1.2
105,random,2,341,0.9940000000001419,4.461999999999989,0,1.2
105,random,2,342,1.8220000000001164,2.5019999999999527,1,1.2
105,random,2,343,0.33599999999978536,3.2460000000000946,0,1.2
105,random,2,344,2.41800000000012,9.036000000000058,1,1.2
105,random,2,345,1.0520000000001346,0.03599999999960346,0,1.2
105,random,2,347,1.5,3.8099999999999454,1,1.2
105,random,2,348,1.7339999999999236,8.319999999999709,1,1.2
105,random,2,349,1.8520000000003165,246.16399999999976,1,1.2
105,random,2,350,0.9880000000002838,3.205999999999676,0,1.2
105,random,2,351,1.1280000000001564,3.813999999999851,0,1.2
105,random,2,352,1.7640000000001237,3.61200000000008,1,1.2
105,random,2,353,1.8859999999999673,3.8980000000001382,1,1.2
105,random,2,354,1.9800000000000182,11.748000000000047,1,1.2
105,random,2,355,1.337999999999738,8.414000000000215,1,1.2
105,random,2,356,1.2619999999997162,7.0900000000001455,1,1.2
105,random,2,357,0.5500000000001819,0.04999999999972715,0,1.2
105,random,2,359,1.1599999999998545,4.476000000000113,0,1.2
105,random,2,360,1.6179999999999382,7.653999999999996,1,1.2
105,random,2,361,1.3820000000000618,5.277999999999793,1,1.2
105,random,2,362,1.1660000000001673,4.0659999999998035,0,1.2
105,random,2,363,1.5880000000001928,2.4140000000002146,1,1.2
105,random,2,364,0.3939999999997781,3.588000000000193,0,1.2
105,random,2,365,1.7219999999997526,0.07000000000016371,1,1.2
105,random,2,366,0.05199999999967986,5.914000000000215,0,1.2
105,random,2,367,1.3380000000001928,6.937999999999647,1,1.2
105,random,2,368,1.3079999999999927,16.278000000000247,1,1.2
105,random,2,369,1.3779999999997017,6.166000000000167,1,1.2
105,random,2,370,1.58199999999988,3.6580000000003565,1,1.2
105,random,2,371,1.9699999999998,9.346000000000004,1,1.2
105,random,2,372,1.2579999999998108,8.135999999999967,1,1.2
105,random,2,373,0.5839999999998327,0.03800000000046566,0,1.2
105,random,2,375,1.0320000000001528,2.6539999999995416,0,1.2
105,random,2,376,1.475999999999658,4.332000000000335,1,1.2
105,random,2,377,1.7020000000002256,11.064000000000306,1,1.2
105,random,2,378,1.3319999999994252,12.293999999999869,1,1.2
105,random,2,379,1.9720000000006621,10.673999999999978,1,1.2
105,random,2,380,1.6979999999994106,14.650000000000546,1,1.2
105,random,2,381,0.12599999999929423,3.5880000000006476,0,1.2
105,random,2,382,1.7339999999994689,8.641999999999825,1,1.2
105,random,2,383,0.3600000000005821,3.38799999999992,0,1.2
105,random,2,384,1.293999999999869,9.261999999999716,1,1.2
105,random,2,385,1.08600000000024,3.326000000000022,0,1.2
105,random,2,386,1.4420000000000073,0.06599999999980355,1,1.2
105,random,2,387,0.03999999999996362,6.926000000000386,0,1.2
105,random,2,388,1.8419999999996435,0.07200000000011642,1,1.2
105,random,2,389,0.10800000000017462,496.6800000000003,0,1.2
105,random,2,390,0.657999999999447,4.003999999999905,0,1.2
105,random,2,391,1.2000000000007276,4.699999999999818,0,1.2
105,random,2,392,0.2739999999994325,0.06000000000040018,0,1.2
105,random,2,394,1.0839999999998327,3.4459999999999127,0,1.2
105,random,2,395,1.0060000000003129,0.03600000000005821,0,1.2
105,random,2,397,1.1520000000000437,0.04599999999936699,0,1.2
105,random,2,399,1.2860000000000582,,1,1.2
106,retract,1,1,0.2220000000000013,3.705999999999996,0,0.5
106,retract,1,2,0.20600000000000307,2.0559999999999974,0,0.5
106,retract,1,3,0.08599999999999852,0.09600000000000364,0,0.5
106,retract,1,5,0.1700000000000017,0.22999999999999687,0,0.5
106,retract,1,7,0.0899999999999963,0.04999999999999716,0,0.5
106,retract,1,9,0.12599999999999767,0.020000000000003126,0,0.5
106,retract,1,11,0.16599999999999682,0.018000000000000682,0,0.5
106,retract,1,13,0.2640000000000029,0.031999999999996476,0,0.5
106,retract,1,15,0.36999999999999744,0.0519999999999996,0,0.5
106,retract,1,18,0.028000000000005798,1.519999999999996,0,0.5
106,retract,1,19,0.0799999999999983,0.03399999999999892,0,0.5
106,retract,1,21,0.06800000000000495,1.1559999999999988,0,0.5
106,retract,1,22,0.04999999999999716,1.1720000000000041,0,0.5
106,retract,1,23,0.0899999999999963,0.07600000000000051,0,0.5
106,retract,1,25,0.2540000000000049,7.849999999999994,0,0.5
106,retract,1,26,0.04399999999999693,0.6800000000000068,0,0.5
106,retract,1,27,0.2219999999999942,0.7760000000000105,0,0.5
106,retract,1,28,0.2079999999999984,1.1239999999999952,0,0.5
106,retract,1,29,0.07800000000000296,0.8379999999999939,0,0.5
106,retract,1,30,0.08400000000000318,1.0919999999999987,0,0.5
106,retract,1,31,0.07600000000000762,0.07199999999998852,0,0.5
106,retract,1,33,0.18999999999999773,1.6700000000000017,0,0.5
106,retract,1,34,0.5720000000000027,0.04999999999999716,1,0.5
106,retract,1,35,0.07200000000000273,0.6500000000000057,0,0.5
106,retract,1,36,0.3219999999999885,0.09600000000000364,0,0.5
106,retract,1,38,0.11599999999999966,0.04000000000000625,0,0.5
106,retract,1,40,0.10600000000000875,0.10599999999999454,0,0.5
106,retract,1,42,0.3100000000000023,2.0060000000000002,0,0.5
106,retract,1,43,0.23199999999999932,0.10599999999999454,0,0.5
106,retract,1,45,0.1280000000000001,0.11400000000000432,0,0.5
106,retract,1,47,0.06800000000001205,0.027999999999991587,0,0.5
106,retract,1,49,0.055999999999997385,0.07800000000000296,0,0.5
106,retract,1,51,0.20800000000001262,0.19599999999999795,0,0.5
106,retract,1,53,0.25199999999999534,3.7480000000000047,0,0.5
106,retract,1,54,0.2179999999999893,1.725999999999999,0,0.5
106,retract,1,55,0.19599999999999795,0.6080000000000041,0,0.5
106,retract,1,56,0.14799999999999613,0.11400000000000432,0,0.5
106,retract,1,58,0.6919999999999931,0.04600000000000648,1,0.5
106,retract,1,59,0.08799999999999386,4.772000000000006,0,0.5
106,retract,1,60,0.16200000000000614,0.055999999999997385,0,0.5
106,retract,1,62,0.13400000000000034,2.064000000000007,0,0.5
106,retract,1,63,0.0899999999999892,0.08600000000001273,0,0.5
106,retract,1,65,0.1559999999999917,0.06800000000001205,0,0.5
106,retract,1,67,0.15399999999999636,0.6580000000000013,0,0.5
106,retract,1,68,0.21199999999998909,0.060000000000002274,0,0.5
106,retract,1,70,0.13400000000000034,0.054000000000002046,0,0.5
106,retract,1,72,0.2220000000000084,0.04999999999999716,0,0.5
106,retract,1,74,0.1039999999999992,0.0519999999999925,0,0.5
106,retract,1,76,0.21999999999999886,0.9740000000000038,0,0.5
106,retract,1,77,0.08400000000000318,1.5519999999999925,0,0.5
106,retract,1,78,0.18600000000000705,0.0660000000000025,0,0.5
106,retract,1,80,0.3400000000000034,1.1159999999999997,0,0.5
106,retract,1,81,0.08199999999999363,0.0660000000000025,0,0.5
106,retract,1,83,0.1360000000000241,0.03799999999998249,0,0.5
106,retract,1,85,0.11400000000000432,0.0619999999999834,0,0.5
106,retract,1,87,0.2259999999999991,1.0620000000000118,0,0.5
106,retract,1,88,0.07200000000000273,1.3520000000000039,0,0.5
106,retract,1,89,0.22799999999998022,0.06400000000002137,0,0.5
106,retract,1,91,0.17799999999999727,0.04200000000000159,0,0.5
106,retract,1,93,0.2920000000000016,0.9139999999999873,0,0.5
106,retract,1,94,0.07200000000000273,2.3240000000000123,0,0.5
106,retract,1,95,0.10599999999999454,1.156000000000006,0,0.5
106,retract,1,96,0.10800000000000409,0.030000000000001137,0,0.5
106,retract,1,98,0.24799999999999045,0.08600000000001273,0,0.5
106,retract,1,100,0.12600000000000477,6.590000000000003,0,0.5
106,retract,1,101,0.09800000000001319,3.151999999999987,0,0.5
106,retract,1,102,0.13400000000001455,0.04199999999997317,0,0.5
106,retract,1,104,0.08799999999999386,0.6939999999999884,0,0.5
106,retract,1,105,0.5840000000000032,0.19999999999998863,1,0.5
106,retract,1,106,0.2720000000000198,2.9579999999999984,0,0.5
106,retract,1,107,0.09799999999998477,2.092000000000013,0,0.5
106,retract,1,108,0.12399999999999523,0.02600000000001046,0,0.5
106,retract,1,110,0.38999999999998636,0.038000000000010914,0,0.5
106,retract,1,112,0.24800000000001887,0.054000000000002046,0,0.5
106,retract,1,115,0.2879999999999825,2.8780000000000143,0,0.5
106,retract,1,116,0.1599999999999966,2.5740000000000123,0,0.5
106,retract,1,117,0.3159999999999741,1.5740000000000123,0,0.5
106,retract,1,118,0.02600000000001046,1.211999999999989,0,0.5
106,retract,1,119,0.11199999999999477,8.170000000000016,0,0.5
106,retract,1,120,0.20199999999999818,1.4659999999999798,0,0.5
106,retract,1,121,0.20000000000001705,1.5720000000000027,0,0.5
106,retract,1,122,0.08799999999999386,0.027999999999991587,0,0.5
106,retract,1,124,0.15200000000001523,1.656000000000006,0,0.5
106,retract,1,125,0.060000000000002274,0.057999999999992724,0,0.5
106,retract,1,127,0.5060000000000002,0.3160000000000025,1,0.5
106,retract,1,128,0.04599999999999227,6.403999999999996,0,0.5
106,retract,1,129,0.11200000000002319,0.0619999999999834,0,0.5
106,retract,1,131,0.25200000000000955,0.018000000000000682,0,0.5
106,retract,1,134,0.1640000000000157,0.03799999999998249,0,0.5
106,retract,1,136,0.14799999999999613,0.056000000000011596,0,0.5
106,retract,1,138,0.19999999999998863,0.02600000000001046,0,0.5
106,retract,1,140,0.02600000000001046,0.06399999999999295,0,0.5
106,retract,1,143,0.5860000000000127,0.23799999999999955,1,0.5
106,retract,1,144,0.2459999999999809,5.298000000000002,0,0.5
106,retract,1,145,0.21399999999999864,0.8739999999999952,0,0.5
106,retract,1,146,0.2220000000000084,0.06399999999999295,0,0.5
106,retract,1,148,0.27600000000001046,1.6199999999999761,0,0.5
106,retract,1,149,0.16599999999999682,2.444000000000017,0,0.5
106,retract,1,150,0.1419999999999959,0.07400000000001228,0,0.5
106,retract,1,152,0.05000000000001137,0.06799999999998363,0,0.5
106,retract,1,154,0.04999999999998295,2.4639999999999986,0,0.5
106,retract,1,155,0.12800000000001432,0.015999999999991132,0,0.5
106,retract,1,157,0.09399999999999409,0.0800000000000125,0,0.5
106,retract,1,159,0.6359999999999957,4.3840000000000146,1,0.5
106,retract,1,160,0.11000000000001364,1.905999999999949,0,0.5
106,retract,1,161,0.39800000000002456,0.02800000000002001,0,0.5
106,retract,1,163,0.28000000000002956,0.029999999999972715,0,0.5
106,retract,1,165,0.1519999999999868,2.312000000000012,0,0.5
106,retract,1,166,0.29199999999997317,2.504000000000019,0,0.5
106,retract,1,167,0.10800000000000409,0.038000000000010914,0,0.5
106,retract,1,169,0.16800000000000637,1.1380000000000337,0,0.5
106,retract,1,170,1.1800000000000068,8.353999999999985,1,0.5
106,retract,1,171,0.031999999999982265,0.6279999999999859,0,0.5
106,retract,1,172,0.16800000000000637,0.040000000000020464,0,0.5
106,retract,1,174,0.5020000000000095,0.04399999999998272,1,0.5
106,retract,1,175,0.11200000000002319,0.04399999999998272,0,0.5
106,retract,1,177,1.3280000000000314,4.2520000000000095,1,0.5
106,retract,1,178,0.1419999999999959,0.11199999999996635,0,0.5
106,retract,1,180,0.4460000000000264,0.053999999999973625,0,0.5
106,retract,1,182,0.6839999999999691,0.35599999999999454,1,0.5
106,retract,1,183,0.11400000000003274,1.9919999999999618,0,0.5
106,retract,1,184,0.10000000000002274,0.033999999999991815,0,0.5
106,retract,1,186,0.23999999999995225,0.03200000000003911,0,0.5
106,retract,1,188,0.8999999999999773,0.11400000000003274,1,0.5
106,retract,1,189,0.09399999999999409,0.02800000000002001,0,0.5
106,retract,1,191,0.13800000000003365,0.9139999999999873,0,0.5
106,retract,1,192,0.21600000000000819,0.22999999999996135,0,0.5
106,retract,1,194,0.20799999999997,0.07999999999998408,0,0.5
106,retract,1,196,0.11400000000003274,1.9379999999999882,0,0.5
106,retract,1,197,0.9800000000000182,6.293999999999983,1,0.5
106,retract,1,198,0.18200000000001637,0.029999999999972715,0,0.5
106,retract,1,200,0.18000000000000682,0.6699999999999591,0,0.5
106,retract,1,201,0.7680000000000291,0.39999999999997726,1,0.5
106,retract,1,202,0.04200000000003001,3.475999999999999,0,0.5
106,retract,1,203,0.09800000000001319,3.9219999999999686,0,0.5
106,retract,1,204,0.04800000000000182,0.016000000000019554,0,0.5
106,retract,1,206,0.11400000000003274,0.8079999999999927,0,0.5
106,retract,1,207,0.3120000000000118,4.251999999999953,0,0.5
106,retract,1,208,0.17200000000002547,0.036000000000001364,0,0.5
106,retract,1,210,0.049999999999954525,0.060000000000002274,0,0.5
106,retract,1,212,0.23599999999999,0.8799999999999955,0,0.5
106,retract,1,213,0.3380000000000223,0.08600000000001273,0,0.5
106,retract,1,215,0.5840000000000032,3.3239999999999554,1,0.5
106,retract,1,216,0.12800000000004275,2.6579999999999586,0,0.5
106,retract,1,217,0.11400000000003274,0.036000000000001364,0,0.5
106,retract,1,220,0.08599999999995589,0.04599999999999227,0,0.5
106,retract,1,223,0.1279999999999859,2.711999999999989,0,0.5
106,retract,1,224,0.2300000000000182,0.08600000000001273,0,0.5
106,retract,1,226,0.19200000000000728,3.0860000000000127,0,0.5
106,retract,1,227,0.382000000000005,0.016000000000019554,0,0.5
106,retract,1,230,0.5020000000000095,0.04399999999998272,1,0.5
106,retract,1,231,0.07400000000001228,0.031999999999982265,0,0.5
106,retract,1,232,0.07800000000003138,2.1579999999999586,0,0.5
106,retract,1,233,0.30400000000003047,0.04599999999999227,0,0.5
106,retract,1,235,0.6139999999999759,0.17799999999999727,1,0.5
106,retract,1,236,0.12000000000000455,1.6800000000000068,0,0.5
106,retract,1,237,0.5339999999999918,0.057999999999992724,1,0.5
106,retract,1,238,0.031999999999982265,0.17000000000001592,0,0.5
106,retract,1,239,0.11200000000002319,6.729999999999961,0,0.5
106,retract,1,240,0.2580000000000382,3.769999999999982,0,0.5
106,retract,1,241,0.036000000000001364,0.07600000000002183,0,0.5
106,retract,1,243,0.18200000000001637,0.06799999999998363,0,0.5
106,retract,1,245,0.20400000000000773,0.060000000000002274,0,0.5
106,retract,1,247,0.06399999999996453,5.536000000000001,0,0.5
106,retract,1,248,0.132000000000005,0.016000000000019554,0,0.5
106,retract,1,250,0.09399999999999409,0.04600000000004911,0,0.5
106,retract,1,252,0.055999999999983174,0.06400000000002137,0,0.5
106,retract,1,254,0.23399999999998045,0.03999999999996362,0,0.5
106,retract,1,256,0.17599999999998772,2.1580000000000155,0,0.5
106,retract,1,257,0.17599999999998772,0.01599999999996271,0,0.5
106,retract,1,259,0.47800000000000864,2.009999999999991,0,0.5
106,retract,1,260,0.22800000000000864,1.037999999999954,0,0.5
106,retract,1,261,0.6620000000000346,21.373999999999967,1,0.5
106,retract,1,262,0.28000000000002956,1.3859999999999673,0,0.5
106,retract,1,263,0.14800000000002456,3.0079999999999814,0,0.5
106,retract,1,264,0.08199999999999363,0.02600000000001046,0,0.5
106,retract,1,266,0.36199999999996635,1.438000000000045,0,0.5
106,retract,1,267,0.19999999999998863,2.038000000000011,0,0.5
106,retract,1,268,0.8940000000000055,3.461999999999989,1,0.5
106,retract,1,269,0.3299999999999841,0.06200000000001182,0,0.5
106,retract,1,271,0.08800000000002228,1.6359999999999673,0,0.5
106,retract,1,272,0.14400000000000546,1.9320000000000164,0,0.5
106,retract,1,273,0.20999999999997954,3.0919999999999845,0,0.5
106,retract,1,274,0.5900000000000318,4.685999999999979,1,0.5
106,retract,1,275,1.225999999999999,0.09600000000000364,1,0.5
106,retract,1,276,0.20600000000001728,0.05000000000001137,0,0.5
106,retract,1,278,0.18199999999995953,1.108000000000004,0,0.5
106,retract,1,279,1.461999999999989,4.662000000000035,1,0.5
106,retract,1,280,0.11599999999998545,0.055999999999983174,0,0.5
106,retract,1,282,0.1220000000000141,0.05000000000001137,0,0.5
106,retract,1,284,0.22000000000002728,3.1819999999999595,0,0.5
106,retract,1,285,0.4440000000000168,3.8460000000000036,0,0.5
106,retract,1,286,0.73599999999999,4.0680000000000405,1,0.5
106,retract,1,287,0.6739999999999782,0.7819999999999823,1,0.5
106,retract,1,288,0.24799999999999045,0.15200000000004366,0,0.5
106,retract,1,290,0.3480000000000132,4.574000000000012,0,0.5
106,retract,1,291,0.08999999999997499,2.208000000000027,0,0.5
106,retract,1,292,0.6419999999999959,3.562000000000012,1,0.5
106,retract,1,293,0.41399999999998727,2.391999999999939,0,0.5
106,retract,1,294,0.61200000000008,4.038000000000011,1,0.5
106,retract,1,295,0.5919999999999845,2.788000000000011,1,0.5
106,retract,1,296,0.4739999999999327,1.1860000000000355,0,0.5
106,retract,1,297,0.38599999999996726,3.344000000000051,0,0.5
106,retract,1,298,0.4420000000000073,0.95799999999997,0,0.5
106,retract,1,299,0.7440000000000282,2.3319999999999936,1,0.5
106,retract,1,300,0.8039999999999736,4.3279999999999745,1,0.5
106,retract,1,301,1.2040000000000646,10.73599999999999,1,0.5
106,retract,1,302,0.2819999999999254,0.11200000000008004,0,0.6
106,retract,1,304,0.2400000000000091,0.02400000000000091,0,0.6
106,retract,1,306,0.18000000000006366,0.06199999999989814,0,0.6
106,retract,1,308,0.33400000000006,2.185999999999922,0,0.6
106,retract,1,309,0.7900000000000773,0.22199999999998,1,0.6
106,retract,1,310,0.19399999999995998,2.508000000000038,0,0.6
106,retract,1,311,0.36400000000003274,7.945999999999913,0,0.6
106,retract,1,312,0.31799999999998363,2.7180000000000746,0,0.6
106,retract,1,313,0.16999999999995907,0.053999999999973625,0,0.6
106,retract,1,315,0.05200000000002092,4.454000000000065,0,0.6
106,retract,1,316,0.4219999999999118,0.9660000000000082,0,0.6
106,retract,1,317,0.2740000000000009,1.5720000000000027,0,0.6
106,retract,1,318,0.18799999999998818,3.060000000000059,0,0.6
106,retract,1,319,0.17799999999999727,0.04399999999998272,0,0.6
106,retract,1,321,0.7279999999999518,5.0200000000000955,1,0.6
106,retract,1,322,0.14999999999997726,1.1019999999999754,0,0.6
106,retract,1,323,0.38400000000001455,6.288000000000011,0,0.6
106,retract,1,324,0.2419999999999618,0.08000000000004093,0,0.6
106,retract,1,326,0.2820000000000391,3.1019999999999754,0,0.6
106,retract,1,327,0.09000000000003183,0.07399999999995543,0,0.6
106,retract,1,329,0.19399999999995998,0.11200000000008004,0,0.6
106,retract,1,331,0.18999999999994088,0.044000000000096406,0,0.6
106,retract,1,333,1.1299999999999955,3.5139999999998963,1,0.6
106,retract,1,334,0.9940000000000282,2.3799999999999955,1,0.6
106,retract,1,335,1.3680000000000518,2.69399999999996,1,0.6
106,retract,1,336,0.8619999999999663,0.12999999999999545,1,0.7
106,retract,1,337,0.16600000000005366,4.42999999999995,0,0.7
106,retract,1,338,0.4600000000000364,1.2760000000000673,0,0.7
106,retract,1,339,0.97199999999998,5.937999999999988,1,0.7
106,retract,1,340,0.6100000000000136,4.9080000000000155,0,0.7
106,retract,1,341,0.8259999999999081,2.6639999999999873,1,0.7
106,retract,1,342,0.9160000000000537,3.25,1,0.7
106,retract,1,343,3.1420000000000528,0.2659999999999627,1,0.7
106,retract,1,344,0.09799999999995634,3.1779999999999973,0,0.8
106,retract,1,345,0.5199999999999818,1.038000000000011,0,0.8
106,retract,1,346,0.8700000000000045,0.11599999999998545,1,0.8
106,retract,1,347,0.17600000000004457,5.225999999999999,0,0.8
106,retract,1,348,0.6019999999999754,0.9600000000000364,0,0.8
106,retract,1,349,0.2799999999999727,2.4920000000000755,0,0.8
106,retract,1,350,0.7799999999999727,4.173999999999978,0,0.8
106,retract,1,351,0.16599999999993997,7.380000000000109,0,0.8
106,retract,1,352,1.0559999999999263,0.12000000000000455,1,0.8
106,retract,1,353,0.16800000000000637,4.754000000000019,0,0.8
106,retract,1,354,0.7039999999999509,0.06400000000007822,0,0.8
106,retract,1,357,0.2300000000000182,2.3319999999999936,0,0.8
106,retract,1,358,0.35000000000002274,2.466000000000008,0,0.8
106,retract,1,359,0.4399999999999409,0.022000000000048203,0,0.8
106,retract,1,361,0.35599999999999454,0.018000000000029104,0,0.8
106,retract,1,363,0.17799999999999727,0.01999999999998181,0,0.8
106,retract,1,365,0.19399999999995998,0.022000000000048203,0,0.8
106,retract,1,367,0.2999999999999545,1.5260000000000673,0,0.8
106,retract,1,368,0.17399999999997817,0.021999999999934516,0,0.8
106,retract,1,370,0.1959999999999127,0.11200000000008004,0,0.8
106,retract,1,372,0.5359999999999445,4.018000000000029,0,0.8
106,retract,1,373,0.2859999999999445,5.148000000000025,0,0.8
106,retract,1,374,0.7580000000000382,3.2519999999999527,0,0.8
106,retract,1,375,0.6580000000000155,0.04200000000003001,0,0.8
106,retract,1,377,0.06400000000007822,1.4319999999999027,0,0.8
106,retract,1,378,0.43200000000001637,0.04000000000007731,0,0.8
106,retract,1,381,0.69399999999996,4.346000000000004,0,0.8
106,retract,1,382,0.14200000000005275,11.45399999999995,0,0.8
106,retract,1,383,0.14600000000007185,0.21199999999998909,0,0.8
106,retract,1,385,0.11800000000005184,0.13599999999996726,0,0.8
106,retract,1,387,0.19799999999997908,0.012000000000057298,0,0.8
106,retract,1,389,0.37400000000002365,0.8500000000000227,0,0.8
106,retract,1,390,0.6620000000000346,0.038000000000010914,0,0.8
106,retract,1,392,0.9560000000000173,7.5779999999999745,1,0.8
106,retract,1,393,0.10199999999997544,3.4840000000000373,0,0.8
106,retract,1,394,0.15599999999994907,0.90400000000011,0,0.8
106,retract,1,395,0.4419999999998936,6.8799999999999955,0,0.8
106,retract,1,396,0.5060000000000855,0.053999999999973625,0,0.8
106,retract,1,399,0.8299999999999272,0.2420000000000755,1,0.8
106,retract,1,400,0.15399999999999636,4.423999999999978,0,0.8
106,retract,1,401,0.40599999999994907,4.451999999999998,0,0.8
106,retract,1,402,0.7540000000000191,0.06200000000001182,0,0.8
106,retract,1,404,0.37000000000000455,1.4279999999999973,0,0.8
106,retract,1,405,0.7580000000000382,1.5799999999999272,0,0.8
106,retract,1,406,0.9619999999999891,0.18400000000008276,1,0.8
106,retract,1,407,0.2099999999999227,3.6380000000000337,0,0.8
106,retract,1,408,0.19799999999997908,1.2160000000000082,0,0.8
106,retract,1,409,0.80600000000004,0.27800000000002,1,0.8
106,retract,1,410,0.08199999999999363,3.439999999999941,0,0.8
106,retract,1,411,0.8980000000000246,0.14199999999993906,1,0.8
106,retract,1,412,0.13800000000003365,3.97199999999998,0,0.8
106,retract,1,413,0.7180000000000746,0.8979999999999109,0,0.8
106,retract,1,414,0.7760000000000673,1.1240000000000236,0,0.8
106,retract,1,415,0.19799999999997908,3.1399999999999864,0,0.8
106,retract,1,416,0.51400000000001,0.08799999999996544,0,0.8
106,retract,1,418,0.19600000000002638,1.9939999999999145,0,0.8
106,retract,1,419,1.754000000000019,6.434000000000083,1,0.8
106,retract,1,420,0.8819999999999482,4.32000000000005,1,0.8
106,retract,1,421,0.5620000000000118,1.6319999999999482,0,0.8
106,retract,1,422,0.15200000000004366,4.741999999999962,0,0.8
106,retract,1,423,0.41599999999994,2.616000000000099,0,0.8
106,retract,1,424,0.10999999999989996,0.8740000000000236,0,0.8
106,retract,1,425,0.27800000000002,0.025999999999953616,0,0.8
106,retract,1,427,0.6940000000000737,1.0499999999999545,0,0.8
106,retract,1,428,0.12999999999999545,0.038000000000010914,0,0.8
106,retract,1,430,0.9560000000000173,0.05999999999994543,1,0.8
106,retract,1,431,0.07799999999997453,0.15399999999999636,0,0.8
106,retract,1,433,0.35599999999999454,0.02400000000000091,0,0.8
106,retract,1,435,0.51400000000001,0.9619999999999891,0,0.8
106,retract,1,436,0.2540000000000191,2.6299999999999955,0,0.8
106,retract,1,437,0.41800000000000637,1.5639999999999645,0,0.8
106,retract,1,438,0.10799999999994725,2.32000000000005,0,0.8
106,retract,1,439,1.4220000000000255,4.459999999999923,1,0.8
106,retract,1,440,0.44800000000009277,0.045999999999935426,0,0.8
106,retract,1,442,0.7820000000000391,4.687999999999988,0,0.8
106,retract,1,443,0.51400000000001,16.645999999999958,0,0.8
106,retract,1,444,0.9700000000000273,3.9180000000000064,1,0.8
106,retract,1,445,0.09199999999998454,1.975999999999999,0,0.8
106,retract,1,446,0.8759999999999764,0.16200000000003456,1,0.8
106,retract,1,447,0.06399999999996453,4.7140000000000555,0,0.8
106,retract,1,448,1.0059999999999718,4.412000000000035,1,0.8
106,retract,1,449,0.6680000000000064,1.1019999999999754,0,0.8
106,retract,1,450,1.967999999999961,5.567999999999984,1,0.8
106,retract,1,451,0.8180000000000973,0.10199999999997544,1,0.8
106,retract,1,452,0.34199999999998454,2.5439999999999827,0,0.8
106,retract,1,453,0.4519999999999982,3.368000000000052,0,0.8
106,retract,1,454,1.0939999999999372,5.748000000000047,1,0.8
106,retract,1,455,0.6100000000000136,1.0219999999999345,0,0.8
106,retract,1,456,1.316000000000031,0.08000000000004093,1,0.8
106,retract,1,457,0.09600000000000364,0.04399999999998272,0,0.8
106,retract,1,459,1.3519999999999754,30.08400000000006,1,0.8
106,retract,1,460,0.18399999999996908,1.2180000000000746,0,0.8
106,retract,1,461,0.35599999999999454,6.37399999999991,0,0.8
106,retract,1,462,0.5120000000000573,1.4800000000000182,0,0.8
106,retract,1,463,0.8679999999999382,3.650000000000091,1,0.8
106,retract,1,464,1.1479999999999109,6.6720000000000255,1,0.8
106,retract,1,465,1.0059999999999718,5.399999999999977,1,0.8
106,retract,1,466,0.8420000000000982,2.8379999999999654,0,0.9
106,retract,1,467,1.2300000000000182,2.0299999999999727,1,0.9
106,retract,1,468,1.1980000000000928,9.871999999999844,1,0.9
106,retract,1,469,0.2400000000000091,0.018000000000029104,0,0.9
106,retract,1,471,0.5339999999998781,1.0579999999999927,0,0.9
106,retract,1,472,0.21000000000003638,1.6140000000000327,0,0.9
106,retract,1,473,0.8559999999999945,1.0240000000001146,0,0.9
106,retract,1,474,1.5359999999998308,5.504000000000133,1,0.9
106,retract,1,475,0.2419999999999618,2.130000000000109,0,0.9
106,retract,1,476,0.8679999999999382,1.0919999999998709,0,0.9
106,retract,1,477,1.0240000000001146,52.89599999999996,1,0.9
106,retract,1,478,0.22800000000006548,1.127999999999929,0,0.9
106,retract,1,479,0.3040000000000873,2.8239999999998417,0,0.9
106,retract,1,480,0.18600000000014916,1.0059999999998581,0,0.9
106,retract,1,481,0.5600000000001728,0.9039999999999964,0,0.9
106,retract,1,482,0.5739999999998417,2.5399999999999636,0,0.9
106,retract,1,483,1.55600000000004,12.259999999999991,1,0.9
106,retract,1,484,0.09200000000009823,1.1739999999999782,0,0.9
106,retract,1,485,0.650000000000091,0.6959999999999127,0,0.9
106,retract,1,486,0.7739999999998872,0.0060000000000854925,0,0.9
106,retract,1,487,0.06600000000003092,0.88799999999992,0,0.9
106,retract,1,488,0.9220000000000255,4.259999999999991,1,0.9
106,retract,1,489,1.0540000000000873,0.15599999999994907,1,0.9
106,retract,1,490,0.13200000000006185,9.346000000000004,0,0.9
106,retract,1,491,0.8940000000000055,2.259999999999991,0,0.9
106,retract,1,492,0.6720000000000255,3.543999999999869,0,0.9
106,retract,1,493,0.11400000000003274,0.08999999999991815,0,0.9
106,retract,1,495,0.8179999999999836,1.05600000000004,0,0.9
106,retract,1,496,0.8940000000000055,1.7920000000001437,0,0.9
106,retract,1,497,0.16799999999989268,0.06600000000003092,0,0.9
106,retract,1,499,0.8220000000001164,0.14599999999995816,0,0.9
106,retract,1,501,0.9339999999999691,6.981999999999971,1,0.9
106,retract,1,502,1.2640000000001237,7.19399999999996,1,0.9
106,retract,1,503,0.40200000000004366,0.8299999999999272,0,0.9
106,retract,1,504,0.18599999999992178,0.07600000000002183,0,0.9
106,retract,1,506,0.6959999999999127,1.2080000000000837,0,0.9
106,retract,1,507,0.8179999999999836,1.4919999999999618,0,0.9
106,retract,1,508,0.9300000000000637,0.15599999999994907,1,0.9
106,retract,1,509,0.6040000000000418,1.1539999999999964,0,0.9
106,retract,1,510,0.4079999999999018,0.04800000000000182,0,0.9
106,retract,1,512,2.6159999999999854,0.10199999999986176,1,0.9
106,retract,1,513,0.37800000000015643,10.561999999999898,0,0.9
106,retract,1,514,0.5299999999999727,0.07000000000016371,0,0.9
106,retract,1,516,0.8239999999998417,5.942000000000007,0,0.9
106,retract,1,517,0.7640000000001237,2.19399999999996,0,0.9
106,retract,1,518,1.1579999999999018,6.1059999999999945,1,0.9
106,retract,1,519,1.1980000000000928,7.1059999999999945,1,0.9
106,retract,1,520,0.9300000000000637,7.05399999999986,1,0.9
106,retract,1,521,0.7000000000000455,1.0060000000000855,0,1.0
106,retract,1,522,0.33199999999987995,2.1620000000000346,0,1.0
106,retract,1,523,0.8920000000000528,3.2539999999999054,0,1.0
106,retract,1,524,5.69600000000014,3.6159999999999854,1,1.0
106,retract,1,525,0.5339999999998781,0.02200000000016189,0,1.0
106,retract,1,527,2.768000000000029,6.761999999999944,1,1.0
106,retract,1,528,0.3300000000001546,1.5199999999999818,0,1.0
106,retract,1,529,0.63799999999992,0.9139999999999873,0,1.0
106,retract,1,530,0.10200000000008913,0.03199999999992542,0,1.0
106,retract,1,532,0.8820000000000618,1.8379999999999654,0,1.0
106,retract,1,533,0.7719999999999345,0.11800000000016553,0,1.0
106,retract,1,535,0.2139999999999418,0.06200000000012551,0,1.0
106,retract,1,537,0.7000000000000455,1.7239999999999327,0,1.0
106,retract,1,538,0.543999999999869,5.104000000000042,0,1.0
106,retract,1,539,0.2519999999999527,1.4540000000001783,0,1.0
106,retract,1,540,0.37799999999992906,0.01999999999998181,0,1.0
106,retract,1,542,0.43200000000001637,0.8639999999998054,0,1.0
106,retract,1,543,0.318000000000211,1.3079999999999927,0,1.0
106,retract,1,544,0.2059999999999036,0.7580000000000382,0,1.0
106,retract,1,545,0.38599999999996726,24.78800000000001,0,1.0
106,retract,1,546,0.12999999999988177,0.9500000000000455,0,1.0
106,retract,1,547,0.18000000000006366,22.079999999999927,0,1.0
106,retract,1,548,0.36000000000012733,0.041999999999916326,0,1.0
106,retract,1,550,0.7699999999999818,3.0799999999999272,0,1.0
106,retract,1,551,2.201999999999998,0.09400000000005093,1,1.0
106,retract,1,552,0.86200000000008,6.08199999999988,0,1.0
106,retract,1,553,1.7200000000000273,6.734000000000151,1,1.0
106,retract,1,554,1.1499999999998636,6.564000000000078,1,1.0
106,retract,1,555,0.17799999999988358,0.5080000000000382,0,1.0
106,retract,1,558,0.9839999999999236,1.461999999999989,0,1.0
106,retract,1,559,2.1900000000000546,6.041999999999916,1,1.0
106,retract,1,560,1.1079999999999472,9.234000000000151,1,1.0
106,retract,1,561,0.14400000000000546,0.06799999999998363,0,1.0
106,retract,1,563,0.9420000000000073,1.05600000000004,0,1.0
106,retract,1,564,1.2899999999999636,8.450000000000045,1,1.0
106,retract,1,565,0.9519999999999982,3.574000000000069,0,1.0
106,retract,1,566,0.8779999999999291,1.6020000000000891,0,1.0
106,retract,1,567,1.0559999999998126,60.628000000000156,1,1.0
106,retract,1,568,2.061999999999898,6.350000000000136,1,1.0
106,retract,1,569,1.0419999999999163,7.311999999999898,1,1.0
106,retract,1,570,0.6360000000001946,1.433999999999969,0,1.1
106,retract,1,571,0.6799999999998363,1.2960000000000491,0,1.1
106,retract,1,572,0.7200000000000273,0.8900000000001,0,1.1
106,retract,1,573,0.9459999999999127,1.788000000000011,0,1.1
106,retract,1,574,2.296000000000049,5.779999999999973,1,1.1
106,retract,1,575,1.6019999999998618,0.07200000000011642,1,1.1
106,retract,1,576,0.15599999999994907,10.082000000000107,0,1.1
106,retract,1,577,0.12199999999984357,1.1020000000000891,0,1.1
106,retract,1,578,0.5540000000000873,0.9459999999999127,0,1.1
106,retract,1,579,0.7039999999999509,0.17800000000011096,0,1.1
106,retract,1,581,1.3079999999999927,6.690000000000055,1,1.1
106,retract,1,582,0.9919999999999618,60.74000000000001,0,1.1
106,retract,1,583,0.2760000000000673,1.0119999999999436,0,1.1
106,retract,1,584,0.36200000000008004,1.0160000000000764,0,1.1
106,retract,1,585,1.509999999999991,6.535999999999831,1,1.1
106,retract,1,586,1.8420000000000982,7.223999999999933,1,1.1
106,retract,1,587,1.9760000000001128,35.69200000000001,1,1.1
106,retract,1,588,1.4220000000000255,0.08799999999996544,1,1.2
106,retract,1,589,0.41399999999998727,8.153999999999996,0,1.2
106,retract,1,590,0.12199999999984357,1.068000000000211,0,1.2
106,retract,1,591,0.8179999999999836,2.043999999999869,0,1.2
106,retract,1,592,0.6340000000000146,1.627999999999929,0,1.2
106,retract,1,593,1.6880000000001019,8.539999999999964,1,1.2
106,retract,1,594,0.4900000000000091,0.8360000000000127,0,1.2
106,retract,1,595,1.1859999999999218,1.5820000000001073,0,1.2
106,retract,1,596,4.11200000000008,0.07999999999992724,1,1.2
106,retract,1,597,2.2200000000000273,58.47399999999993,1,1.2
106,retract,1,598,0.2919999999999163,2.880000000000109,0,1.2
106,retract,1,599,1.3079999999999927,6.3900000000001,1,1.2
106,retract,1,600,1.0139999999998963,1.4839999999999236,0,1.2
106,retract,1,601,1.9680000000000746,0.2159999999998945,1,1.2
106,retract,1,602,0.11000000000012733,7.069999999999936,0,1.2
106,retract,1,603,0.55600000000004,0.05999999999994543,0,1.2
106,retract,1,605,0.5800000000001546,1.0480000000000018,0,1.2
106,retract,1,606,1.6199999999998909,14.394000000000005,1,1.2
106,retract,1,607,1.5340000000001055,13.561999999999898,1,1.2
106,retract,1,608,0.22199999999998,1.0140000000001237,0,1.2
106,retract,1,609,0.4859999999998763,0.7740000000001146,0,1.2
106,retract,1,610,1.6620000000000346,9.31399999999985,1,1.2
106,retract,1,611,1.1240000000000236,1.1600000000000819,0,1.2
106,retract,1,612,2.7919999999999163,38.35400000000004,1,1.2
106,retract,1,613,1.08199999999988,0.9700000000000273,0,1.2
106,retract,1,614,1.5240000000001146,6.453999999999951,1,1.2
106,retract,1,615,0.88799999999992,1.290000000000191,0,1.2
106,retract,1,616,0.5480000000000018,1.0499999999999545,0,1.2
106,retract,1,617,1.0639999999998508,1.1040000000000418,0,1.2
106,retract,1,618,2.1800000000000637,7.096000000000004,1,1.2
106,retract,1,619,1.6340000000000146,8.157999999999902,1,1.2
106,retract,1,620,1.1059999999999945,1.5060000000000855,0,1.2
106,retract,1,621,1.5640000000000782,11.641999999999825,1,1.2
106,retract,1,622,2.158000000000129,9.153999999999996,1,1.2
106,retract,1,623,2.4139999999999873,15.14799999999991,1,1.2
106,retract,1,624,1.2200000000000273,0.06400000000007822,1,1.2
106,retract,1,625,0.44399999999996,29.39799999999991,0,1.2
106,retract,1,626,1.3659999999999854,9.860000000000127,1,1.2
106,retract,1,627,1.3479999999999563,6.8559999999999945,1,1.2
106,retract,1,628,0.10400000000004184,1.293999999999869,0,1.2
106,retract,1,629,0.2720000000001619,1.2459999999998672,0,1.2
106,retract,1,630,1.484000000000151,8.549999999999955,1,1.2
106,retract,1,631,1.1499999999998636,1.5720000000001164,0,1.2
106,retract,1,632,1.1179999999999382,1.5779999999999745,0,1.2
106,retract,1,633,1.0740000000000691,2.4960000000000946,0,1.2
106,retract,1,634,0.4479999999998654,64.0300000000002,0,1.2
106,retract,1,635,1.4079999999999018,9.255999999999858,1,1.2
106,retract,1,636,1.461999999999989,8.606000000000222,1,1.2
106,retract,1,637,3.673999999999978,60.621999999999844,1,1.2
106,retract,1,638,0.8220000000001164,2.9960000000000946,0,1.2
106,retract,1,639,2.349999999999909,7.737999999999829,1,1.2
106,retract,1,640,2.4580000000000837,11.237999999999829,1,1.2
106,retract,1,641,3.2600000000002183,10.215999999999894,1,1.2
106,retract,1,642,0.58199999999988,1.1100000000001273,0,1.2
106,retract,1,643,0.9479999999998654,1.0360000000000582,0,1.2
106,retract,1,644,1.6660000000001673,13.934000000000196,1,1.2
106,retract,1,645,0.9119999999998072,0.94399999999996,0,1.2
106,retract,1,646,1.2719999999999345,10.60400000000027,1,1.2
106,retract,1,647,1.1679999999996653,1.1340000000000146,0,1.2
106,retract,1,648,1.7339999999999236,14.538000000000011,1,1.2
106,retract,1,649,0.318000000000211,1.5360000000000582,0,1.2
106,retract,1,650,0.931999999999789,1.6420000000002801,0,1.2
106,retract,1,651,2.061999999999898,104.47199999999975,1,1.2
106,retract,1,652,0.44800000000032014,1.2539999999999054,0,1.2
106,retract,1,653,1.9079999999999018,3.400000000000091,1,1.2
106,retract,1,654,1.8820000000000618,6.679999999999836,1,1.2
106,retract,1,655,0.15799999999990177,80.41200000000026,0,1.2
106,retract,1,656,0.3420000000000982,1.55600000000004,0,1.2
106,retract,1,657,0.9639999999999418,2.299999999999727,0,1.2
106,retract,1,658,2.762000000000171,3.512000000000171,1,1.2
106,retract,1,659,2.931999999999789,298.134,1,1.2
106,retract,1,660,2.1019999999998618,4.936000000000149,1,1.2
106,retract,1,661,0.05400000000008731,1.1900000000000546,0,1.2
106,retract,1,662,1.2359999999998763,4.8159999999998035,1,1.2
106,retract,1,663,1.44399999999996,6.996000000000095,1,1.2
106,retract,1,664,0.43800000000010186,0.9479999999998654,0,1.2
106,retract,1,665,0.5660000000002583,1.0079999999998108,0,1.2
106,retract,1,666,1.6040000000002692,8.023999999999887,1,1.2
106,retract,1,667,1.0960000000000036,0.9299999999998363,0,1.2
106,retract,1,668,1.849999999999909,5.800000000000182,1,1.2
106,retract,1,669,2.2260000000001128,7.083999999999833,1,1.2
106,retract,1,670,1.2080000000000837,8.545999999999822,1,1.2
106,retract,1,671,0.6660000000001673,1.02599999999984,0,1.2
106,retract,1,672,2.13799999999992,0.15800000000035652,1,1.2
106,retract,1,673,0.33399999999983265,14.338000000000193,0,1.2
106,retract,1,674,0.8079999999999927,1.225999999999658,0,1.2
106,retract,1,675,1.5,22.908000000000357,1,1.2
106,retract,1,676,0.2880000000000109,1.6599999999998545,0,1.2
106,retract,1,677,0.15999999999985448,0.9819999999999709,0,1.2
106,retract,1,678,2.0140000000001237,19.496000000000095,1,1.2
106,retract,1,679,0.9380000000001019,161.99199999999973,0,1.2
106,retract,1,680,0.5779999999999745,1.1080000000001746,0,1.2
106,retract,1,681,2.10799999999972,68.70000000000027,1,1.2
106,retract,1,682,2.10799999999972,6.180000000000291,1,1.2
106,retract,1,683,1.8339999999998327,7.64200000000028,1,1.2
106,retract,1,684,1.4039999999999964,0.12399999999979627,1,1.2
106,retract,1,685,0.2319999999999709,13.461999999999989,0,1.2
106,retract,1,686,2.7400000000002365,45.233999999999924,1,1.2
106,retract,1,687,0.5760000000000218,0.9639999999999418,0,1.2
106,retract,1,688,0.9780000000000655,1.0479999999997744,0,1.2
106,retract,1,689,1.3139999999998508,10.730000000000018,1,1.2
106,retract,1,690,1.0220000000003893,1.2399999999997817,0,1.2
106,retract,1,691,1.08600000000024,1.069999999999709,0,1.2
106,retract,1,692,0.956000000000131,1.125999999999749,0,1.2
106,retract,1,693,0.30600000000004,7.468000000000302,0,1.2
106,retract,1,694,0.6739999999999782,1.013999999999669,0,1.2
106,retract,1,695,2.598000000000411,0.1639999999997599,1,1.2
106,retract,1,696,0.4420000000000073,12.097999999999956,0,1.2
106,retract,1,697,1.8299999999999272,14.963999999999942,1,1.2
106,retract,1,698,1.5579999999999927,9.378000000000156,1,1.2
106,retract,1,699,3.8220000000001164,9.351999999999862,1,1.2
106,retract,1,700,1.0460000000002765,1.7719999999999345,0,1.2
106,retract,1,701,0.6059999999997672,3.4580000000000837,0,1.2
106,retract,1,702,3.1799999999998363,13.178000000000338,1,1.2
106,retract,1,703,1.1119999999996253,0.8200000000001637,0,1.2
106,retract,1,704,1.9700000000002547,0.1459999999997308,1,1.2
106,retract,1,705,2.0799999999999272,15.726000000000113,1,1.2
106,retract,1,706,0.3240000000000691,1.0299999999997453,0,1.2
106,retract,1,707,1.136000000000422,1.1340000000000146,0,1.2
106,retract,1,708,0.10399999999981446,4.0479999999997744,0,1.2
106,retract,1,709,2.2260000000001128,10.85400000000027,1,1.2
106,retract,1,710,1.7959999999998217,9.998000000000047,1,1.2
106,retract,1,711,1.2399999999997817,123.68000000000029,1,1.2
106,retract,1,712,0.7280000000000655,3.687999999999647,0,1.2
106,retract,1,713,1.4520000000002256,11.865999999999985,1,1.2
106,retract,1,714,0.36400000000003274,0.987999999999829,0,1.2
106,retract,1,715,1.6539999999999964,17.208000000000084,1,1.2
106,retract,1,716,1.3659999999999854,13.976000000000113,1,1.2
106,retract,1,717,0.58199999999988,1.2800000000002,0,1.2
106,retract,1,718,1.0279999999997926,281.65200000000004,0,1.2
106,retract,1,719,0.7300000000000182,5.367999999999938,0,1.2
106,retract,1,720,1.300000000000182,8.021999999999935,1,1.2
106,retract,1,721,0.6039999999998145,0.9900000000002365,0,1.2
106,retract,1,722,1.043999999999869,0.931999999999789,0,1.2
106,retract,1,723,2.300000000000182,94.48799999999983,1,1.2
106,retract,1,724,0.057999999999992724,1.0220000000003893,0,1.2
106,retract,1,725,1.5960000000000036,15.141999999999825,1,1.2
106,retract,1,726,0.40200000000004366,3.5720000000001164,0,1.2
106,retract,1,727,1.0599999999999454,1.8699999999998909,0,1.2
106,retract,1,728,1.949999999999818,33.00600000000031,1,1.2
106,retract,1,729,0.9699999999997999,1.300000000000182,0,1.2
106,retract,1,730,1.3559999999997672,271.37400000000025,1,1.2
106,retract,1,731,0.3360000000002401,1.405999999999949,0,1.2
106,retract,1,732,0.40599999999994907,4.391999999999825,0,1.2
106,retract,1,733,0.8800000000001091,1.087999999999738,0,1.2
106,retract,1,734,1.2120000000004438,7.487999999999374,1,1.2
106,retract,1,735,0.057999999999992724,1.118000000000393,0,1.2
106,retract,1,736,1.6179999999994834,535.7240000000002,1,1.2
106,retract,1,737,1.042000000000371,1.2539999999999054,0,1.2
106,retract,1,738,0.6199999999998909,3.480000000000473,0,1.2
106,retract,1,739,0.683999999999287,1.1760000000003856,0,1.2
106,retract,1,740,2.33600000000024,5.925999999999476,1,1.2
106,retract,1,741,0.27599999999983993,0.9720000000006621,0,1.2
106,retract,1,742,1.207999999999629,5.083999999999833,1,1.2
106,retract,1,743,1.2640000000001237,5.600000000000364,1,1.2
106,retract,1,744,2.007999999999811,5.054000000000087,1,1.2
106,retract,1,745,1.3999999999996362,6.337999999999738,1,1.2
106,retract,1,746,0.49400000000059663,0.9179999999996653,0,1.2
106,retract,1,747,0.8600000000005821,0.9159999999992579,0,1.2
106,retract,1,748,1.61200000000008,9.311999999999898,1,1.2
106,retract,1,749,0.204000000000633,0.9740000000001601,0,1.2
106,retract,1,750,1.4659999999994398,7.42200000000048,1,1.2
106,retract,1,751,1.2879999999995562,7.529999999999745,1,1.2
106,retract,1,752,1.6880000000001019,5.088000000000648,1,1.2
106,retract,1,753,1.4799999999995634,8.265999999999622,1,1.2
106,retract,1,754,1.2440000000005966,7.713999999999942,1,1.2
106,retract,1,755,1.319999999999709,10.554000000000087,1,1.2
106,retract,1,756,1.3019999999996799,7.772000000000844,1,1.2
106,retract,1,757,0.9639999999999418,0.8959999999997308,0,1.2
106,retract,1,758,1.5159999999996217,11.456000000000131,1,1.2
106,retract,1,759,0.21000000000003638,1.5160000000005311,0,1.2
106,retract,1,760,0.725999999999658,1.0100000000002183,0,1.2
106,retract,1,761,1.4899999999997817,6.867999999999483,1,1.2
106,retract,1,762,0.8980000000001382,0.8380000000006476,0,1.2
106,retract,1,763,1.5279999999993379,6.798000000000684,1,1.2
106,retract,1,764,2.5919999999996435,0.1319999999996071,1,1.2
106,retract,1,765,0.4400000000005093,0.9139999999997599,0,1.2
106,retract,1,766,1.8640000000004875,17.93199999999979,1,1.2
106,retract,1,767,2.1179999999994834,6.802000000000589,1,1.2
106,retract,1,768,2.759999999999309,47.88000000000011,1,1.2
106,retract,1,769,0.25200000000040745,0.9700000000002547,0,1.2
106,retract,1,770,0.40599999999994907,0.8339999999998327,0,1.2
106,retract,1,771,1.2640000000001237,7.0919999999996435,1,1.2
106,retract,1,772,1.904000000000451,7.295999999999367,1,1.2
106,retract,1,773,1.5380000000004657,0.1639999999997599,1,1.2
106,retract,1,774,0.19400000000041473,20.94799999999941,0,1.2
106,retract,1,775,0.954000000000633,0.9879999999993743,0,1.2
106,retract,1,776,1.018000000000029,21.938000000000102,0,1.2
106,retract,1,777,0.18400000000019645,94.89999999999964,0,1.2
106,retract,1,778,1.5080000000007203,0.057999999999992724,1,1.2
106,retract,1,779,0.2539999999999054,7.923999999999978,0,1.2
106,retract,1,780,0.9179999999996653,0.9939999999996871,0,1.2
106,retract,1,781,2.222000000000662,9.960000000000036,1,1.2
106,retract,1,782,1.043999999999869,0.033999999999650754,0,1.2
106,retract,1,784,1.7579999999998108,26.014000000000124,1,1.2
106,retract,1,785,1.706000000000131,7.243999999999687,1,1.2
106,retract,1,786,1.8099999999994907,9.066000000000713,1,1.2
106,retract,1,787,1.9600000000000364,16.764000000000124,1,1.2
106,retract,1,788,1.5919999999996435,11.711999999999534,1,1.2
106,retract,1,789,1.3040000000000873,8.61200000000008,1,1.2
106,retract,1,790,0.8519999999998618,1.4520000000002256,0,1.2
106,retract,1,791,0.8940000000002328,1.0419999999994616,0,1.2
106,retract,1,792,1.456000000000131,13.392000000000735,1,1.2
106,retract,1,793,1.8919999999998254,7.019999999999527,1,1.2
106,retract,1,794,1.4180000000005748,5.076000000000022,1,1.2
106,retract,1,795,1.7799999999997453,7.731999999999971,1,1.2
106,retract,1,796,0.8419999999996435,0.998000000000502,0,1.2
106,retract,1,797,2.094000000000051,5.710000000000036,1,1.2
106,retract,1,798,1.6279999999997017,9.823999999999614,1,1.2
106,retract,1,799,1.7080000000005384,8.485999999999876,1,1.2
106,retract,1,800,4.960000000000036,11.97400000000016,1,1.2
106,retract,1,801,1.363999999999578,11.244000000000597,1,1.2
106,retract,1,802,0.39799999999922875,3.213999999999942,0,1.2
106,retract,1,803,1.042000000000371,16.520000000000437,0,1.2
106,retract,1,804,2.0039999999999054,6.13799999999992,1,1.2
106,retract,1,805,3.1979999999994106,0.12200000000029831,1,1.2
106,retract,1,806,2.8919999999998254,19.855999999999767,1,1.2
106,retract,1,807,1.33600000000024,7.931999999999789,1,1.2
106,retract,1,808,0.6400000000003274,1.0619999999998981,0,1.2
106,retract,1,809,1.1019999999998618,0.9459999999999127,0,1.2
106,retract,1,810,2.4140000000006694,13.018000000000029,1,1.2
106,retract,1,811,2.619999999999891,8.599999999999454,1,1.2
106,retract,1,812,1.1140000000004875,0.9899999999997817,0,1.2
106,retract,1,813,1.3079999999999927,7.47400000000016,1,1.2
106,retract,1,814,0.21000000000003638,0.7600000000002183,0,1.2
106,retract,1,815,1.613999999999578,9.398000000000138,1,1.2
106,retract,1,816,0.9840000000003783,0.9879999999993743,0,1.2
106,retract,1,817,1.47400000000016,17.202000000000226,1,1.2
106,retract,1,818,1.1599999999998545,1.1080000000001746,0,1.2
106,retract,1,819,1.9039999999995416,8.436000000000604,1,1.2
106,retract,1,820,2.1939999999995052,8.210000000000036,1,1.2
106,retract,1,821,2.355999999999767,18.470000000000255,1,1.2
106,retract,1,822,1.6500000000005457,5.35399999999936,1,1.2
106,retract,1,823,0.7640000000001237,0.8320000000003347,0,1.2
106,retract,1,824,1.9859999999998763,11.279999999999745,1,1.2
106,retract,1,825,1.524000000000342,39.9399999999996,1,1.2
106,retract,1,826,1.936000000000604,260.1759999999995,1,1.2
106,retract,1,827,0.7780000000002474,1.1499999999996362,0,1.2
106,retract,1,828,0.7380000000002838,0.8339999999998327,0,1.2
106,retract,1,829,0.5320000000001528,1.0720000000001164,0,1.2
106,retract,1,830,1.5320000000001528,38.529999999999745,1,1.2
106,retract,1,831,1.5379999999995562,268.28400000000056,1,1.2
106,retract,1,832,0.8899999999994179,457.15599999999995,0,1.2
106,retract,1,833,1.4920000000001892,,1,1.2
106,retract,2,1,0.3860000000000028,1.0779999999999994,0,0.0
106,retract,2,2,1.338000000000001,2.245999999999995,1,0.0
106,retract,2,3,1.1680000000000064,0.759999999999998,0,0.0
106,retract,2,4,0.955999999999996,0.33200000000000074,0,0.0
106,retract,2,6,0.7520000000000024,2.161999999999999,0,0.0
106,retract,2,7,1.3460000000000036,0.047999999999994714,1,0.0
106,retract,2,8,0.13800000000000523,1.833999999999996,0,0.0
106,retract,2,9,1.3620000000000019,2.4939999999999998,1,0.0
106,retract,2,10,1.1559999999999988,0.14399999999999835,0,0.0
106,retract,2,12,1.519999999999996,2.0720000000000027,1,0.0
106,retract,2,13,2.739999999999995,1.6840000000000046,1,0.0
106,retract,2,14,2.0019999999999953,3.5859999999999985,1,0.0
106,retract,2,15,1.1700000000000017,0.09600000000000364,0,0.0
106,retract,2,17,1.0019999999999953,2.868000000000009,0,0.0
106,retract,2,18,0.8659999999999997,0.6880000000000024,0,0.0
106,retract,2,19,1.5,0.0379999999999967,1,0.0
106,retract,2,20,0.12999999999999545,1.686000000000007,0,0.0
106,retract,2,21,1.1559999999999917,0.14400000000000546,0,0.0
106,retract,2,23,1.2339999999999947,2.676000000000002,1,0.0
106,retract,2,24,0.20600000000000307,0.031999999999996476,0,0.0
106,retract,2,26,1.5039999999999907,1.8659999999999997,1,0.0
106,retract,2,27,1.5660000000000025,2.5919999999999987,1,0.0
106,retract,2,28,3.3700000000000045,1.7240000000000038,1,0.0
106,retract,2,29,0.9260000000000019,0.8999999999999915,0,0.0
106,retract,2,30,2.3160000000000025,0.15200000000000102,1,0.0
106,retract,2,31,0.054000000000002046,1.5999999999999943,0,0.0
106,retract,2,32,2.0020000000000095,2.259999999999991,1,0.0
106,retract,2,33,0.31799999999999784,10.650000000000006,0,0.0
106,retract,2,34,0.7600000000000051,0.6659999999999968,0,0.0
106,retract,2,35,2.1959999999999837,1.7660000000000196,1,0.0
106,retract,2,36,1.5999999999999943,2.4259999999999877,1,0.0
106,retract,2,37,1.8260000000000218,0.10999999999998522,1,0.0
106,retract,2,38,0.10800000000000409,1.8379999999999939,0,0.0
106,retract,2,39,2.548000000000002,1.5879999999999939,1,0.0
106,retract,2,40,2.334000000000003,0.20000000000001705,1,0.0
106,retract,2,41,0.04999999999998295,2.254000000000019,0,0.0
106,retract,2,42,1.745999999999981,2.8640000000000043,1,0.0
106,retract,2,43,0.21999999999999886,0.6839999999999975,0,0.0
106,retract,2,44,1.2940000000000111,13.466000000000008,1,0.0
106,retract,2,45,0.5720000000000027,0.72199999999998,0,0.0
106,retract,2,46,0.578000000000003,0.6479999999999961,0,0.0
106,retract,2,47,1.8480000000000132,2.3119999999999834,1,0.0
106,retract,2,48,3.480000000000018,3.5900000000000034,1,0.0
106,retract,2,49,1.0919999999999845,0.9060000000000059,0,0.0
106,retract,2,50,1.3979999999999961,2.5600000000000023,1,0.0
106,retract,2,51,1.774000000000001,5.187999999999988,1,0.0
106,retract,2,52,1.1640000000000157,0.7439999999999998,0,0.0
106,retract,2,53,1.3700000000000045,2.7819999999999823,1,0.0
106,retract,2,54,2.219999999999999,0.18000000000000682,1,0.0
106,retract,2,55,0.25200000000000955,18.674000000000007,0,0.0
106,retract,2,56,0.35599999999999454,0.9339999999999975,0,0.0
106,retract,2,57,0.6459999999999866,1.2720000000000198,0,0.0
106,retract,2,58,1.1479999999999961,0.11199999999999477,0,0.0
106,retract,2,60,1.1440000000000055,1.0480000000000018,0,0.0
106,retract,2,61,1.509999999999991,0.17199999999999704,1,0.0
106,retract,2,62,0.4660000000000082,1.2920000000000016,0,0.0
106,retract,2,63,1.0819999999999936,0.11599999999998545,0,0.0
106,retract,2,65,1.1899999999999977,0.657999999999987,0,0.0
106,retract,2,66,1.200000000000017,29.081999999999994,0,0.0
106,retract,2,67,1.406000000000006,2.774000000000001,1,0.0
106,retract,2,68,1.8519999999999754,3.774000000000001,1,0.0
106,retract,2,69,0.13400000000001455,0.36000000000001364,0,0.0
106,retract,2,71,0.8020000000000209,0.15399999999999636,0,0.0
106,retract,2,73,1.065999999999974,0.04600000000004911,0,0.0
106,retract,2,75,3.075999999999965,1.8000000000000114,1,0.0
106,retract,2,76,0.4000000000000341,0.060000000000002274,0,0.0
106,retract,2,78,0.4519999999999982,0.010000000000047748,0,0.0
106,retract,2,79,1.4279999999999973,0.1239999999999668,0,0.0
106,retract,2,81,1.5179999999999723,4.1299999999999955,1,0.0
106,retract,2,82,0.9759999999999991,7.3700000000000045,0,0.0
106,retract,2,83,1.117999999999995,0.7139999999999986,0,0.0
106,retract,2,84,0.08400000000000318,0.06800000000004047,0,0.0
106,retract,2,86,0.9499999999999886,1.122000000000014,0,0.0
106,retract,2,87,1.461999999999989,0.22200000000003683,1,0.0
106,retract,2,88,0.18999999999999773,1.7579999999999814,0,0.0
106,retract,2,89,1.066000000000031,1.0559999999999832,0,0.0
106,retract,2,90,0.47199999999998,1.103999999999985,0,0.0
106,retract,2,91,1.382000000000005,2.646000000000015,1,0.0
106,retract,2,92,1.538000000000011,2.2239999999999895,1,0.0
106,retract,2,93,1.22199999999998,5.770000000000039,1,0.0
106,retract,2,94,0.9739999999999895,3.1059999999999945,0,0.0
106,retract,2,95,1.23599999999999,0.15800000000001546,1,0.0
106,retract,2,96,0.7040000000000077,0.9440000000000168,0,0.0
106,retract,2,97,0.7779999999999632,3.117999999999995,0,0.0
106,retract,2,98,2.7520000000000095,0.117999999999995,1,0.0
106,retract,2,99,1.566000000000031,5.803999999999974,1,0.0
106,retract,2,100,0.8319999999999936,4.210000000000036,0,0.0
106,retract,2,101,0.7999999999999545,0.06999999999999318,0,0.0
106,retract,2,104,2.4939999999999714,3.826000000000022,1,0.0
106,retract,2,105,0.9519999999999982,0.057999999999992724,0,0.0
106,retract,2,107,1.29200000000003,3.3039999999999736,1,0.0
106,retract,2,108,0.5840000000000032,0.6779999999999973,0,0.0
106,retract,2,109,1.3840000000000146,1.9440000000000168,1,0.0
106,retract,2,110,1.01400000000001,0.7319999999999709,0,0.0
106,retract,2,111,1.3380000000000223,4.213999999999999,1,0.0
106,retract,2,112,2.277999999999963,28.00600000000003,1,0.0
106,retract,2,113,1.382000000000005,2.343999999999994,1,0.0
106,retract,2,114,0.29599999999999227,0.2559999999999718,0,0.0
106,retract,2,116,1.650000000000034,1.8339999999999463,1,0.0
106,retract,2,117,1.316000000000031,2.437999999999988,1,0.0
106,retract,2,118,2.834000000000003,1.9920000000000186,1,0.0
106,retract,2,119,1.7299999999999613,4.596000000000004,1,0.0
106,retract,2,120,2.2560000000000286,2.849999999999966,1,0.0
106,retract,2,121,3.1520000000000437,2.9319999999999595,1,0.0
106,retract,2,122,2.4700000000000273,2.7479999999999905,1,0.0
106,retract,2,123,2.593999999999994,3.656000000000006,1,0.0
106,retract,2,124,1.410000000000025,0.029999999999972715,1,0.0
106,retract,2,125,0.17000000000001592,3.3999999999999773,0,0.0
106,retract,2,126,0.8659999999999854,0.8900000000000432,0,0.0
106,retract,2,127,1.315999999999974,5.151999999999987,1,0.0
106,retract,2,128,2.444000000000017,3.02800000000002,1,0.0
106,retract,2,129,1.8979999999999677,4.398000000000025,1,0.0
106,retract,2,130,4.293999999999983,0.11200000000002319,1,0.0
106,retract,2,131,0.08999999999997499,2.4640000000000555,0,0.0
106,retract,2,132,3.2999999999999545,3.4460000000000264,1,0.0
106,retract,2,133,2.6119999999999663,4.755999999999972,1,0.0
106,retract,2,134,1.1100000000000136,0.8559999999999945,0,0.0
106,retract,2,135,1.018000000000029,4.062000000000012,0,0.0
106,retract,2,136,1.0919999999999845,0.8179999999999836,0,0.0
106,retract,2,137,0.6639999999999873,0.7420000000000755,0,0.0
106,retract,2,138,1.4919999999999618,2.72199999999998,1,0.0
106,retract,2,139,3.074000000000069,35.6579999999999,1,0.0
106,retract,2,140,0.18400000000008276,0.033999999999991815,0,0.0
106,retract,2,142,0.20600000000001728,0.03200000000003911,0,0.0
106,retract,2,144,0.31399999999996453,0.7340000000000373,0,0.0
106,retract,2,145,1.0799999999999272,1.4660000000000082,0,0.0
106,retract,2,146,1.225999999999999,2.9080000000000155,1,0.0
106,retract,2,147,1.240000000000009,1.7580000000000382,1,0.0
106,retract,2,148,2.7999999999999545,3.0639999999999645,1,0.0
106,retract,2,149,2.076000000000022,0.038000000000010914,1,0.0
106,retract,2,150,0.04200000000003001,2.47199999999998,0,0.0
106,retract,2,151,1.981999999999971,2.8220000000000027,1,0.0
106,retract,2,152,2.282000000000039,0.12599999999997635,1,0.0
106,retract,2,153,1.0600000000000591,3.6820000000000164,0,0.0
106,retract,2,154,1.1599999999999682,2.259999999999991,0,0.0
106,retract,2,155,1.98599999999999,3.245999999999981,1,0.0
106,retract,2,156,1.8640000000000327,9.293999999999983,1,0.0
106,retract,2,157,1.5960000000000036,4.759999999999991,1,0.0
106,retract,2,158,1.3999999999999773,4.646000000000072,1,0.0
106,retract,2,159,1.697999999999979,0.10199999999997544,1,0.0
106,retract,2,160,0.11599999999998545,5.224000000000046,0,0.0
106,retract,2,161,0.8419999999999845,0.9339999999999691,0,0.0
106,retract,2,162,1.6180000000000518,3.38799999999992,1,0.0
106,retract,2,163,1.594000000000051,2.5299999999999727,1,0.0
106,retract,2,164,4.913999999999987,5.508000000000038,1,0.0
106,retract,2,165,0.8460000000000036,0.7319999999999709,0,0.0
106,retract,2,166,1.20799999999997,4.674000000000092,1,0.0
106,retract,2,167,1.4099999999999682,4.1720000000000255,1,0.0
106,retract,2,168,2.4699999999999136,5.136000000000081,1,0.0
106,retract,2,169,1.5539999999999736,24.02800000000002,1,0.0
106,retract,2,170,1.45799999999997,5.573999999999955,1,0.0
106,retract,2,171,2.118000000000052,6.418000000000006,1,0.0
106,retract,2,172,1.6639999999999873,4.912000000000035,1,0.0
106,retract,2,173,0.37799999999992906,0.8040000000000873,0,0.0
106,retract,2,174,1.5119999999999436,6.05600000000004,1,0.0
106,retract,2,175,1.5319999999999254,5.874000000000024,1,0.0
106,retract,2,176,1.3659999999999854,4.656000000000063,1,0.0
106,retract,2,177,2.0,0.09600000000000364,1,0.0
106,retract,2,178,0.69399999999996,0.11800000000005184,0,0.0
106,retract,2,180,0.9479999999999791,4.779999999999973,0,0.0
106,retract,2,181,1.872000000000071,5.685999999999922,1,0.0
106,retract,2,182,2.854000000000042,30.23599999999999,1,0.0
106,retract,2,183,1.8120000000000118,4.413999999999987,1,0.0
106,retract,2,184,0.7160000000000082,0.038000000000010914,0,0.0
106,retract,2,186,1.1619999999999209,2.4720000000000937,0,0.0
106,retract,2,187,1.2799999999999727,0.033999999999991815,1,0.0
106,retract,2,188,0.37400000000002365,6.946000000000026,0,0.0
106,retract,2,189,0.16199999999992087,0.11400000000003274,0,0.0
106,retract,2,191,1.5919999999999845,0.11599999999998545,1,0.0
106,retract,2,192,1.669999999999959,14.700000000000045,1,0.0
106,retract,2,193,2.4879999999999427,6.9500000000000455,1,0.0
106,retract,2,194,2.3079999999999927,0.16200000000003456,1,0.0
106,retract,2,195,0.041999999999916326,7.259999999999991,0,0.0
106,retract,2,196,3.6820000000000164,10.090000000000032,1,0.0
106,retract,2,197,2.5739999999999554,10.272000000000048,1,0.0
106,retract,2,198,0.9120000000000346,0.613999999999919,0,0.0
106,retract,2,199,1.05600000000004,0.11400000000003274,0,0.0
106,retract,2,201,1.9780000000000655,5.8799999999999955,1,0.0
106,retract,2,202,1.725999999999999,6.099999999999909,1,0.0
106,retract,2,203,1.1520000000000437,2.326000000000022,0,0.0
106,retract,2,204,1.8780000000000427,9.731999999999971,1,0.0
106,retract,2,205,0.7719999999999345,0.886000000000081,0,0.0
106,retract,2,206,1.1299999999999955,2.63799999999992,0,0.0
106,retract,2,207,1.9880000000000564,8.686000000000035,1,0.0
106,retract,2,208,1.1319999999999482,8.484000000000037,0,0.0
106,retract,2,209,1.25,6.8419999999999845,1,0.0
106,retract,2,210,0.12199999999995725,81.57600000000014,0,0.0
106,retract,2,211,1.2199999999998,4.848000000000184,1,0.0
106,retract,2,212,1.5079999999998108,3.814000000000078,1,0.0
106,retract,2,213,2.5599999999999454,49.82600000000002,1,0.0
106,retract,2,214,0.5440000000000964,0.17799999999988358,0,0.0
106,retract,2,216,0.8719999999998436,0.03999999999996362,0,0.0
106,retract,2,218,1.8299999999999272,6.910000000000082,1,0.0
106,retract,2,219,1.3259999999997945,5.748000000000047,1,0.0
106,retract,2,220,0.36800000000016553,0.9459999999999127,0,0.0
106,retract,2,221,1.5339999999998781,6.1400000000001,1,0.0
106,retract,2,222,1.740000000000009,8.016000000000076,1,0.0
106,retract,2,223,1.0419999999999163,0.8599999999999,0,0.0
106,retract,2,224,1.5540000000000873,4.720000000000027,1,0.0
106,retract,2,225,1.627999999999929,5.686000000000149,1,0.0
106,retract,2,226,3.2639999999998963,6.925999999999931,1,0.0
106,retract,2,227,1.481999999999971,12.578000000000202,1,0.0
106,retract,2,228,1.5339999999998781,12.769999999999982,1,0.0
106,retract,2,229,2.188000000000102,8.460000000000036,1,0.0
106,retract,2,230,2.961999999999989,12.947999999999865,1,0.0
106,retract,2,231,1.2380000000000564,0.19399999999995998,1,0.0
106,retract,2,232,0.25,12.279999999999973,0,0.0
106,retract,2,233,2.2080000000000837,9.605999999999995,1,0.0
106,retract,2,234,1.7259999999998854,23.3420000000001,1,0.0
106,retract,2,235,1.731999999999971,9.759999999999991,1,0.0
106,retract,2,236,1.8420000000000982,14.379999999999882,1,0.0
106,retract,2,237,1.3980000000001382,8.763999999999896,1,0.0
106,retract,2,238,2.1720000000000255,65.57799999999997,1,0.0
106,retract,2,239,1.961999999999989,4.928000000000111,1,0.0
106,retract,2,240,3.339999999999918,9.304000000000087,1,0.0
106,retract,2,241,1.7139999999999418,0.06799999999998363,1,0.0
106,retract,2,242,0.2799999999999727,64.81600000000003,0,0.0
106,retract,2,243,0.09999999999990905,24.718000000000075,0,0.0
106,retract,2,244,1.7539999999999054,0.0500000000001819,1,0.0
106,retract,2,245,0.04399999999986903,0.08799999999996544,0,0.0
106,retract,2,246,0.032000000000152795,4.867999999999938,0,0.0
106,retract,2,247,1.6959999999999127,4.226000000000113,1,0.0
106,retract,2,248,2.7719999999999345,0.07600000000002183,1,0.0
106,retract,2,249,0.34400000000005093,8.269999999999982,0,0.0
106,retract,2,250,1.8799999999998818,5.136000000000195,1,0.0
106,retract,2,251,1.9039999999999964,4.501999999999953,1,0.0
106,retract,2,252,1.1140000000000327,1.0080000000000382,0,0.0
106,retract,2,253,1.3759999999999764,7.427999999999884,1,0.0
106,retract,2,254,1.8920000000000528,9.629999999999882,1,0.0
106,retract,2,255,1.22400000000016,141.85400000000004,1,0.0
106,retract,2,256,1.0399999999999636,0.88799999999992,0,0.0
106,retract,2,257,1.3859999999999673,5.264000000000124,1,0.0
106,retract,2,258,2.3299999999999272,0.2919999999999163,1,0.0
106,retract,2,259,0.026000000000067303,71.38200000000006,0,0.0
106,retract,2,260,0.4459999999999127,0.9919999999999618,0,0.0
106,retract,2,261,1.0040000000001328,4.13799999999992,0,0.0
106,retract,2,262,1.7519999999999527,0.07000000000016371,1,0.0
106,retract,2,263,0.31999999999993634,4.755999999999858,0,0.0
106,retract,2,264,2.7080000000000837,7.6440000000000055,1,0.0
106,retract,2,265,2.185999999999922,8.098000000000184,1,0.0
106,retract,2,266,2.55399999999986,19.526000000000067,1,0.0
106,retract,2,267,2.046000000000049,0.13799999999991996,1,0.0
106,retract,2,268,0.9039999999999964,18.347999999999956,0,0.0
106,retract,2,269,2.3200000000001637,12.883999999999787,1,0.0
106,retract,2,270,1.762000000000171,25.889999999999873,1,0.0
106,retract,2,271,2.5979999999999563,16.44600000000014,1,0.0
106,retract,2,272,3.27800000000002,12.142000000000053,1,0.0
106,retract,2,273,3.19399999999996,24.162000000000035,1,0.0
106,retract,2,274,3.453999999999951,150.07600000000002,1,0.0
106,retract,2,275,1.7599999999997635,3.0720000000001164,1,0.0
106,retract,2,276,2.52599999999984,0.08800000000019281,1,0.0
106,retract,2,277,1.5599999999999454,9.003999999999905,1,0.0
106,retract,2,278,1.9540000000001783,21.804000000000087,1,0.0
106,retract,2,279,2.730000000000018,358.47599999999966,1,0.0
106,retract,2,280,1.8720000000002983,7.291999999999916,1,0.0
106,retract,2,281,1.8279999999999745,9.771999999999935,1,0.0
106,retract,2,282,0.9540000000001783,1.5720000000001164,0,0.0
106,retract,2,283,0.6499999999996362,252.3760000000002,0,0.0
106,retract,2,284,0.43800000000010186,0.9959999999996398,0,0.0
106,retract,2,285,1.2120000000004438,11.351999999999862,1,0.0
106,retract,2,286,2.119999999999891,6.682000000000244,1,0.0
106,retract,2,287,1.2839999999996508,17.95400000000018,1,0.0
106,retract,2,288,3.099999999999909,11.802000000000135,1,0.0
106,retract,2,289,2.9200000000000728,11.389999999999873,1,0.0
106,retract,2,290,1.7599999999997635,163.9760000000001,1,0.0
106,retract,2,291,1.6860000000001492,371.0140000000001,1,0.0
106,retract,2,292,0.8599999999996726,1.8220000000001164,0,0.0
106,retract,2,293,1.38799999999992,4.655999999999949,1,0.0
106,retract,2,294,4.398000000000138,10.05600000000004,1,0.0
106,retract,2,295,1.2420000000001892,469.692,1,0.0
106,retract,2,296,1.6079999999997199,0.36000000000012733,1,0.0
106,retract,2,297,0.07799999999997453,4.8400000000001455,0,0.0
106,retract,2,298,0.4600000000000364,0.9239999999999782,0,0.0
106,retract,2,299,2.117999999999938,9.7199999999998,1,0.0
106,retract,2,300,1.5080000000002656,12.811999999999898,1,0.0
106,retract,2,301,3.4600000000000364,13.127999999999702,1,0.0
106,retract,2,302,0.5480000000002292,1.0520000000001346,0,0.0
106,retract,2,303,1.58199999999988,15.596000000000004,1,0.0
106,retract,2,304,3.8299999999999272,9.820000000000164,1,0.0
106,retract,2,305,2.5,22.99599999999964,1,0.0
106,retract,2,306,3.1280000000001564,8.25799999999981,1,0.0
106,retract,2,307,2.6960000000003674,9.917999999999665,1,0.0
106,retract,2,308,2.774000000000342,12.10799999999972,1,0.0
106,retract,2,309,2.430000000000291,11.590000000000146,1,0.0
106,retract,2,310,1.4780000000000655,27.63799999999992,1,0.0
106,retract,2,311,2.0119999999997162,10.185999999999694,1,0.0
106,retract,2,312,2.3299999999999272,12.420000000000073,1,0.0
106,retract,2,313,8.503999999999905,20.184000000000196,1,0.0
106,retract,2,314,0.842000000000553,0.931999999999789,0,0.0
106,retract,2,315,0.3580000000001746,1.0859999999993306,0,0.0
106,retract,2,316,1.1280000000006112,2.050000000000182,0,0.0
106,retract,2,317,2.0,5.717999999999847,1,0.0
106,retract,2,318,2.795999999999367,131.2560000000003,1,0.0
106,retract,2,319,1.5659999999998035,463.35599999999977,1,0.0
106,retract,2,320,1.818000000000211,1358.0600000000004,1,0.0
106,retract,2,321,3.231999999999971,664.3279999999995,1,0.0
106,retract,2,322,0.8119999999998981,0.9960000000000946,0,0.0
106,retract,2,323,0.7460000000000946,156.55000000000018,0,0.0
106,retract,2,324,2.88799999999992,,1,0.0
107,no_timeout,1,1,0.3200000000000003,0.35200000000000387,0,0.5
107,no_timeout,1,2,0.11399999999999721,1.2439999999999998,0,0.5
107,no_timeout,1,3,0.5140000000000029,2.4080000000000013,1,0.5
107,no_timeout,1,4,0.14399999999999835,0.1180000000000021,0,0.5
107,no_timeout,1,5,0.21599999999999397,1.7080000000000055,0,0.5
107,no_timeout,1,6,0.1739999999999995,0.9799999999999969,0,0.5
107,no_timeout,1,7,0.25200000000000244,0.012000000000000455,0,0.5
107,no_timeout,1,8,0.2220000000000013,2.1879999999999953,0,0.5
107,no_timeout,1,9,0.07800000000000296,0.40399999999999636,0,0.5
107,no_timeout,1,10,0.4059999999999988,0.8900000000000006,0,0.5
107,no_timeout,1,11,0.24800000000000466,0.8260000000000005,0,0.5
107,no_timeout,1,12,0.3260000000000005,1.269999999999996,0,0.5
107,no_timeout,1,13,0.13000000000000256,0.04200000000000159,0,0.5
107,no_timeout,1,14,0.031999999999996476,0.021999999999998465,0,0.5
107,no_timeout,1,15,0.0519999999999996,0.33800000000000097,0,0.5
107,no_timeout,1,16,0.12600000000000477,0.10199999999999676,0,0.5
107,no_timeout,1,17,0.2539999999999978,0.014000000000002899,0,0.5
107,no_timeout,1,18,0.49799999999999756,0.13799999999999812,0,0.5
107,no_timeout,1,19,0.1700000000000017,1.564,0,0.5
107,no_timeout,1,20,0.6140000000000043,3.9299999999999997,1,0.5
107,no_timeout,1,21,0.5719999999999956,3.078000000000003,1,0.5
107,no_timeout,1,22,0.28999999999999915,0.02400000000000091,0,0.5
107,no_timeout,1,23,0.04399999999999693,0.030000000000001137,0,0.5
107,no_timeout,1,24,0.1460000000000008,4.225999999999999,0,0.5
107,no_timeout,1,25,0.28600000000000136,2.176000000000002,0,0.5
107,no_timeout,1,26,0.20999999999999375,1.3680000000000092,0,0.5
107,no_timeout,1,27,0.19599999999999795,1.804000000000002,0,0.5
107,no_timeout,1,28,0.43599999999999284,0.18200000000000216,0,0.5
107,no_timeout,1,29,0.055999999999997385,0.04600000000000648,0,0.5
107,no_timeout,1,30,0.5099999999999909,4.490000000000009,1,0.5
107,no_timeout,1,31,0.8859999999999957,7.456000000000003,1,0.5
107,no_timeout,1,32,0.13599999999999568,0.2879999999999967,0,0.5
107,no_timeout,1,33,0.17800000000001148,1.3759999999999906,0,0.5
107,no_timeout,1,34,0.19400000000000261,0.054000000000002046,0,0.5
107,no_timeout,1,35,0.26200000000000045,1.5679999999999978,0,0.5
107,no_timeout,1,36,0.24200000000000443,0.0899999999999892,0,0.5
107,no_timeout,1,37,0.3920000000000101,0.09799999999999898,0,0.5
107,no_timeout,1,38,0.3960000000000008,0.013999999999995794,0,0.5
107,no_timeout,1,39,0.3340000000000032,2.0619999999999976,0,0.5
107,no_timeout,1,40,0.27599999999999625,0.13400000000000034,0,0.5
107,no_timeout,1,41,0.4159999999999968,0.7980000000000018,0,0.5
107,no_timeout,1,42,0.19200000000000728,0.04999999999999716,0,0.5
107,no_timeout,1,43,0.33799999999999386,2.666000000000011,0,0.5
107,no_timeout,1,44,0.0379999999999967,0.04599999999999227,0,0.5
107,no_timeout,1,45,0.10200000000000387,0.6980000000000075,0,0.5
107,no_timeout,1,46,0.24399999999999977,0.18599999999999284,0,0.5
107,no_timeout,1,47,0.06799999999999784,0.3920000000000101,0,0.5
107,no_timeout,1,48,0.6099999999999994,0.09599999999998943,1,0.5
107,no_timeout,1,49,0.15200000000000102,1.9579999999999984,0,0.5
107,no_timeout,1,50,0.14400000000000546,2.4680000000000035,0,0.5
107,no_timeout,1,51,0.3259999999999934,2.108000000000004,0,0.5
107,no_timeout,1,52,0.39400000000000546,2.9779999999999944,0,0.5
107,no_timeout,1,53,0.4200000000000017,0.2839999999999918,0,0.5
107,no_timeout,1,54,0.4759999999999991,0.0940000000000083,0,0.5
107,no_timeout,1,55,0.26200000000000045,0.20000000000000284,0,0.5
107,no_timeout,1,56,0.14000000000000057,0.12199999999999989,0,0.5
107,no_timeout,1,57,0.3159999999999883,3.122,0,0.5
107,no_timeout,1,58,0.3020000000000067,0.8719999999999999,0,0.5
107,no_timeout,1,59,0.5939999999999941,2.038000000000011,1,0.5
107,no_timeout,1,60,0.4140000000000015,0.06599999999998829,0,0.5
107,no_timeout,1,61,0.5820000000000078,0.0379999999999967,1,0.5
107,no_timeout,1,62,0.3499999999999943,2.6140000000000043,0,0.5
107,no_timeout,1,63,0.945999999999998,2.1779999999999973,1,0.5
107,no_timeout,1,64,0.2360000000000042,1.8279999999999887,0,0.5
107,no_timeout,1,65,0.20400000000000773,0.0519999999999925,0,0.5
107,no_timeout,1,66,0.0700000000000216,1.7079999999999984,0,0.5
107,no_timeout,1,67,0.35599999999999454,1.563999999999993,0,0.5
107,no_timeout,1,68,0.5660000000000025,0.04400000000001114,1,0.5
107,no_timeout,1,69,0.04599999999999227,1.891999999999996,0,0.5
107,no_timeout,1,70,0.5740000000000123,2.205999999999989,1,0.5
107,no_timeout,1,71,0.13400000000001455,0.09599999999997522,0,0.5
107,no_timeout,1,72,0.28400000000002024,1.9000000000000057,0,0.5
107,no_timeout,1,73,0.4359999999999786,1.1539999999999964,0,0.5
107,no_timeout,1,74,0.10600000000002296,0.09399999999999409,0,0.5
107,no_timeout,1,75,0.26200000000000045,1.2439999999999998,0,0.5
107,no_timeout,1,76,0.47399999999998954,3.5600000000000023,0,0.5
107,no_timeout,1,77,0.12000000000000455,0.08799999999999386,0,0.5
107,no_timeout,1,78,0.1980000000000075,1.289999999999992,0,0.5
107,no_timeout,1,79,0.617999999999995,2.2180000000000177,1,0.5
107,no_timeout,1,80,0.28999999999999204,0.117999999999995,0,0.5
107,no_timeout,1,81,0.4200000000000159,0.060000000000002274,0,0.5
107,no_timeout,1,82,0.09799999999998477,2.4960000000000093,0,0.5
107,no_timeout,1,83,0.17799999999999727,1.0879999999999939,0,0.5
107,no_timeout,1,84,0.2580000000000098,1.975999999999999,0,0.5
107,no_timeout,1,85,0.6299999999999955,0.7779999999999916,1,0.5
107,no_timeout,1,86,0.2079999999999984,1.4699999999999989,0,0.5
107,no_timeout,1,87,0.6659999999999968,2.5500000000000114,1,0.5
107,no_timeout,1,88,0.42199999999999704,1.2680000000000007,0,0.5
107,no_timeout,1,89,0.4000000000000057,1.6659999999999968,0,0.5
107,no_timeout,1,90,0.8100000000000023,0.04200000000000159,1,0.5
107,no_timeout,1,91,0.132000000000005,0.09999999999999432,0,0.5
107,no_timeout,1,92,0.20599999999998886,2.7060000000000173,0,0.5
107,no_timeout,1,93,0.46399999999999864,0.031999999999982265,0,0.5
107,no_timeout,1,94,0.038000000000010914,2.0260000000000105,0,0.5
107,no_timeout,1,95,0.1599999999999966,0.2459999999999809,0,0.5
107,no_timeout,1,96,0.07800000000000296,0.28600000000000136,0,0.5
107,no_timeout,1,97,0.13800000000000523,0.04800000000000182,0,0.5
107,no_timeout,1,98,0.30000000000001137,0.813999999999993,0,0.5
107,no_timeout,1,99,0.060000000000002274,0.5120000000000005,0,0.5
107,no_timeout,1,100,0.5840000000000032,10.859999999999985,1,0.5
107,no_timeout,1,101,0.26200000000000045,1.2180000000000177,0,0.5
107,no_timeout,1,102,0.5619999999999834,1.6040000000000134,1,0.5
107,no_timeout,1,103,0.3199999999999932,0.054000000000002046,0,0.5
107,no_timeout,1,104,0.47999999999998977,2.015999999999991,0,0.5
107,no_timeout,1,105,0.30000000000001137,1.1939999999999884,0,0.5
107,no_timeout,1,106,0.41200000000000614,1.686000000000007,0,0.5
107,no_timeout,1,107,0.1980000000000075,1.0679999999999836,0,0.5
107,no_timeout,1,108,0.07200000000000273,0.04400000000001114,0,0.5
107,no_timeout,1,109,0.367999999999995,1.5660000000000025,0,0.5
107,no_timeout,1,110,0.39400000000000546,1.608000000000004,0,0.5
107,no_timeout,1,111,0.7519999999999811,2.176000000000016,1,0.5
107,no_timeout,1,112,0.6380000000000052,2.0060000000000002,1,0.5
107,no_timeout,1,113,0.14799999999999613,0.0759999999999934,0,0.5
107,no_timeout,1,114,0.2680000000000007,1.23599999999999,0,0.5
107,no_timeout,1,115,0.23400000000000887,0.09999999999999432,0,0.5
107,no_timeout,1,116,0.19999999999998863,2.3600000000000136,0,0.5
107,no_timeout,1,117,0.26599999999999113,0.02200000000001978,0,0.5
107,no_timeout,1,118,0.0519999999999925,0.8619999999999948,0,0.5
107,no_timeout,1,119,0.24199999999999022,2.038000000000011,0,0.5
107,no_timeout,1,120,0.5579999999999927,2.7420000000000186,1,0.5
107,no_timeout,1,121,0.2599999999999909,0.06200000000001182,0,0.5
107,no_timeout,1,122,0.1519999999999868,0.0519999999999925,0,0.5
107,no_timeout,1,123,0.13599999999999568,1.0840000000000032,0,0.5
107,no_timeout,1,124,0.2740000000000009,0.8840000000000146,0,0.5
107,no_timeout,1,125,0.27599999999998204,1.0160000000000196,0,0.5
107,no_timeout,1,126,0.6380000000000052,1.8059999999999832,1,0.5
107,no_timeout,1,127,0.056000000000011596,0.09199999999998454,0,0.5
107,no_timeout,1,128,0.17000000000001592,1.5339999999999918,0,0.5
107,no_timeout,1,129,0.2920000000000016,1.2239999999999895,0,0.5
107,no_timeout,1,130,0.4060000000000059,0.632000000000005,0,0.5
107,no_timeout,1,131,0.5560000000000116,4.6839999999999975,1,0.5
107,no_timeout,1,132,0.36599999999998545,4.800000000000011,0,0.5
107,no_timeout,1,133,0.20199999999999818,1.0519999999999925,0,0.5
107,no_timeout,1,134,0.2179999999999893,2.5320000000000107,0,0.5
107,no_timeout,1,135,0.3240000000000123,1.4819999999999993,0,0.5
107,no_timeout,1,136,0.2179999999999893,0.9399999999999977,0,0.5
107,no_timeout,1,137,0.146000000000015,0.09999999999999432,0,0.5
107,no_timeout,1,138,0.3119999999999834,0.6160000000000139,0,0.5
107,no_timeout,1,139,0.6099999999999852,5.7520000000000095,1,0.5
107,no_timeout,1,140,0.3480000000000132,1.2280000000000086,0,0.5
107,no_timeout,1,141,0.45599999999996044,0.6720000000000255,0,0.5
107,no_timeout,1,142,0.4300000000000068,2.3519999999999754,0,0.5
107,no_timeout,1,143,0.10800000000000409,0.117999999999995,0,0.5
107,no_timeout,1,144,0.08800000000002228,0.9359999999999786,0,0.5
107,no_timeout,1,145,0.05000000000001137,0.1360000000000241,0,0.5
107,no_timeout,1,146,0.1479999999999677,0.07600000000002183,0,0.5
107,no_timeout,1,147,0.6139999999999759,2.410000000000025,1,0.5
107,no_timeout,1,148,0.4759999999999991,0.11000000000001364,0,0.5
107,no_timeout,1,149,0.20199999999999818,3.905999999999949,0,0.5
107,no_timeout,1,150,0.25,0.3340000000000032,0,0.5
107,no_timeout,1,151,0.12800000000004275,0.04199999999997317,0,0.5
107,no_timeout,1,152,0.17399999999997817,0.038000000000010914,0,0.5
107,no_timeout,1,153,0.1419999999999959,1.0260000000000105,0,0.5
107,no_timeout,1,154,0.36400000000003274,1.825999999999965,0,0.5
107,no_timeout,1,155,0.1360000000000241,0.09800000000001319,0,0.5
107,no_timeout,1,156,0.06799999999998363,0.9939999999999714,0,0.5
107,no_timeout,1,157,0.5060000000000286,1.4259999999999877,1,0.5
107,no_timeout,1,158,0.6539999999999964,0.08400000000000318,1,0.5
107,no_timeout,1,159,0.11000000000001364,9.463999999999999,0,0.5
107,no_timeout,1,160,0.2740000000000009,1.1659999999999968,0,0.5
107,no_timeout,1,161,0.07999999999998408,0.08199999999999363,0,0.5
107,no_timeout,1,162,0.07400000000001228,1.3100000000000023,0,0.5
107,no_timeout,1,163,0.5520000000000209,1.7339999999999804,1,0.5
107,no_timeout,1,164,0.07600000000002183,0.03999999999996362,0,0.5
107,no_timeout,1,165,0.27800000000002,0.6379999999999768,0,0.5
107,no_timeout,1,166,0.37400000000002365,1.1340000000000146,0,0.5
107,no_timeout,1,167,0.45999999999997954,0.7579999999999814,0,0.5
107,no_timeout,1,168,0.10000000000002274,0.11200000000002319,0,0.5
107,no_timeout,1,169,0.05999999999994543,0.04800000000000182,0,0.5
107,no_timeout,1,170,0.44000000000005457,1.0959999999999468,0,0.5
107,no_timeout,1,171,0.13800000000003365,0.08199999999999363,0,0.5
107,no_timeout,1,172,0.21199999999998909,0.4420000000000073,0,0.5
107,no_timeout,1,173,0.2459999999999809,0.37400000000002365,0,0.5
107,no_timeout,1,174,0.7339999999999804,3.7460000000000377,1,0.5
107,no_timeout,1,175,0.08400000000000318,4.069999999999993,0,0.5
107,no_timeout,1,176,0.060000000000002274,0.3839999999999577,0,0.5
107,no_timeout,1,177,0.35000000000002274,0.05200000000002092,0,0.5
107,no_timeout,1,178,0.6759999999999877,2.8240000000000123,1,0.5
107,no_timeout,1,179,0.27799999999996317,0.5440000000000396,0,0.5
107,no_timeout,1,180,0.37999999999999545,3.901999999999987,0,0.5
107,no_timeout,1,181,0.41399999999998727,13.138000000000034,0,0.5
107,no_timeout,1,182,0.42399999999997817,0.6560000000000059,0,0.5
107,no_timeout,1,183,0.15800000000001546,0.09799999999995634,0,0.5
107,no_timeout,1,184,0.4060000000000059,0.7340000000000373,0,0.5
107,no_timeout,1,185,0.11199999999996635,0.10000000000002274,0,0.5
107,no_timeout,1,186,0.103999999999985,0.13999999999998636,0,0.5
107,no_timeout,1,187,0.09800000000001319,1.315999999999974,0,0.5
107,no_timeout,1,188,0.1640000000000441,0.10199999999997544,0,0.5
107,no_timeout,1,189,0.4560000000000173,1.8179999999999836,0,0.5
107,no_timeout,1,190,0.5079999999999814,2.7760000000000105,1,0.5
107,no_timeout,1,191,0.30000000000001137,1.6499999999999773,0,0.5
107,no_timeout,1,192,0.26600000000001955,8.456000000000017,0,0.5
107,no_timeout,1,193,0.132000000000005,1.3940000000000055,0,0.5
107,no_timeout,1,194,0.17399999999997817,1.697999999999979,0,0.5
107,no_timeout,1,195,0.18999999999999773,0.06400000000002137,0,0.5
107,no_timeout,1,196,0.20600000000001728,2.038000000000011,0,0.5
107,no_timeout,1,197,0.1239999999999668,0.12999999999999545,0,0.5
107,no_timeout,1,198,0.21199999999998909,1.268000000000029,0,0.5
107,no_timeout,1,199,0.06200000000001182,0.057999999999992724,0,0.5
107,no_timeout,1,200,0.26799999999997226,1.1899999999999977,0,0.5
107,no_timeout,1,201,0.05400000000003047,0.1479999999999677,0,0.5
107,no_timeout,1,202,0.1220000000000141,1.3360000000000127,0,0.5
107,no_timeout,1,203,0.08600000000001273,0.06799999999998363,0,0.5
107,no_timeout,1,204,0.1519999999999868,0.06600000000003092,0,0.5
107,no_timeout,1,205,0.33799999999996544,1.30600000000004,0,0.5
107,no_timeout,1,206,0.19799999999997908,0.053999999999973625,0,0.5
107,no_timeout,1,207,0.25200000000000955,8.884000000000015,0,0.5
107,no_timeout,1,208,0.46999999999997044,0.48600000000004684,0,0.5
107,no_timeout,1,209,0.1379999999999768,0.040000000000020464,0,0.5
107,no_timeout,1,210,0.117999999999995,0.9959999999999809,0,0.5
107,no_timeout,1,211,0.11000000000001364,0.21999999999997044,0,0.5
107,no_timeout,1,212,0.22400000000004638,0.06799999999998363,0,0.5
107,no_timeout,1,213,1.0260000000000105,2.3079999999999927,1,0.5
107,no_timeout,1,214,0.6499999999999773,6.701999999999998,1,0.5
107,no_timeout,1,215,0.3180000000000405,1.4499999999999886,0,0.5
107,no_timeout,1,216,0.5020000000000095,0.03999999999996362,1,0.5
107,no_timeout,1,217,0.033999999999991815,1.80600000000004,0,0.5
107,no_timeout,1,218,0.16399999999998727,1.6239999999999668,0,0.5
107,no_timeout,1,219,0.10600000000005139,0.47199999999998,0,0.5
107,no_timeout,1,220,0.3199999999999932,1.0840000000000032,0,0.5
107,no_timeout,1,221,0.7559999999999718,3.816000000000031,1,0.5
107,no_timeout,1,222,0.5099999999999909,2.1619999999999777,1,0.5
107,no_timeout,1,223,0.4500000000000455,2.1159999999999854,0,0.5
107,no_timeout,1,224,0.5740000000000123,0.7040000000000077,1,0.5
107,no_timeout,1,225,0.07799999999997453,0.46399999999999864,0,0.5
107,no_timeout,1,226,0.28000000000002956,0.9359999999999786,0,0.5
107,no_timeout,1,227,0.5500000000000114,5.807999999999993,1,0.5
107,no_timeout,1,228,0.06399999999996453,1.6620000000000346,0,0.5
107,no_timeout,1,229,0.09600000000000364,1.7819999999999823,0,0.5
107,no_timeout,1,230,0.6580000000000155,5.1580000000000155,1,0.5
107,no_timeout,1,231,0.16999999999995907,0.036000000000001364,0,0.5
107,no_timeout,1,232,0.038000000000010914,2.8240000000000123,0,0.5
107,no_timeout,1,233,0.13999999999998636,3.2139999999999986,0,0.5
107,no_timeout,1,234,0.1360000000000241,1.975999999999999,0,0.5
107,no_timeout,1,235,0.33799999999996544,1.4020000000000437,0,0.5
107,no_timeout,1,236,0.25799999999998136,0.04199999999997317,0,0.5
107,no_timeout,1,237,0.21600000000000819,0.8100000000000023,0,0.5
107,no_timeout,1,238,0.04599999999999227,0.05200000000002092,0,0.5
107,no_timeout,1,239,0.08800000000002228,0.03999999999996362,0,0.5
107,no_timeout,1,240,0.1279999999999859,0.13400000000001455,0,0.5
107,no_timeout,1,241,0.1260000000000332,0.14599999999995816,0,0.5
107,no_timeout,1,242,0.13800000000003365,1.7620000000000005,0,0.5
107,no_timeout,1,243,0.117999999999995,0.1220000000000141,0,0.5
107,no_timeout,1,244,0.1519999999999868,0.16999999999995907,0,0.5
107,no_timeout,1,245,0.10200000000003229,1.3500000000000227,0,0.5
107,no_timeout,1,246,0.26200000000000045,0.07599999999996498,0,0.5
107,no_timeout,1,247,0.1419999999999959,0.09600000000000364,0,0.5
107,no_timeout,1,248,0.2880000000000109,0.029999999999972715,0,0.5
107,no_timeout,1,249,0.2300000000000182,0.19999999999998863,0,0.5
107,no_timeout,1,250,0.15399999999999636,2.0440000000000396,0,0.5
107,no_timeout,1,251,0.575999999999965,6.54200000000003,1,0.5
107,no_timeout,1,252,0.20400000000000773,1.6879999999999882,0,0.5
107,no_timeout,1,253,0.5439999999999827,0.040000000000020464,1,0.5
107,no_timeout,1,254,0.03999999999996362,1.9680000000000177,0,0.5
107,no_timeout,1,255,0.13999999999998636,1.3120000000000118,0,0.5
107,no_timeout,1,256,0.05400000000003047,0.4339999999999691,0,0.5
107,no_timeout,1,257,0.26400000000001,1.6920000000000073,0,0.5
107,no_timeout,1,258,0.48799999999999955,0.08999999999997499,0,0.5
107,no_timeout,1,259,0.03200000000003911,1.1299999999999955,0,0.5
107,no_timeout,1,260,0.19999999999998863,1.4780000000000086,0,0.5
107,no_timeout,1,261,0.4359999999999786,1.8340000000000032,0,0.5
107,no_timeout,1,262,0.160000000000025,0.02400000000000091,0,0.5
107,no_timeout,1,263,0.1279999999999859,0.11199999999996635,0,0.5
107,no_timeout,1,264,0.20000000000004547,1.4379999999999882,0,0.5
107,no_timeout,1,265,0.38400000000001455,0.31399999999996453,0,0.5
107,no_timeout,1,266,0.25,0.24200000000001864,0,0.5
107,no_timeout,1,267,0.15399999999999636,1.211999999999989,0,0.5
107,no_timeout,1,268,0.4060000000000059,0.04399999999998272,0,0.5
107,no_timeout,1,269,0.07600000000002183,0.9340000000000259,0,0.5
107,no_timeout,1,270,0.07799999999997453,0.06999999999999318,0,0.5
107,no_timeout,1,271,0.7200000000000273,1.9079999999999586,1,0.5
107,no_timeout,1,272,0.8880000000000337,1.4780000000000086,1,0.5
107,no_timeout,1,273,1.1119999999999663,2.240000000000009,1,0.5
107,no_timeout,1,274,0.14800000000002456,0.8299999999999841,0,0.6
107,no_timeout,1,275,0.31799999999998363,1.343999999999994,0,0.6
107,no_timeout,1,276,0.5099999999999909,1.8940000000000055,0,0.6
107,no_timeout,1,277,0.3480000000000132,1.0079999999999814,0,0.6
107,no_timeout,1,278,0.42600000000004457,1.2839999999999918,0,0.6
107,no_timeout,1,279,0.04399999999998272,1.9639999999999986,0,0.6
107,no_timeout,1,280,0.2459999999999809,0.6000000000000227,0,0.6
107,no_timeout,1,281,0.29599999999999227,1.3380000000000223,0,0.6
107,no_timeout,1,282,0.2939999999999827,1.3100000000000023,0,0.6
107,no_timeout,1,283,0.6440000000000055,2.3740000000000236,1,0.6
107,no_timeout,1,284,0.5979999999999563,0.020000000000038654,0,0.6
107,no_timeout,1,285,0.051999999999964075,0.12000000000000455,0,0.6
107,no_timeout,1,286,0.29599999999999227,0.9720000000000368,0,0.6
107,no_timeout,1,287,0.46999999999997044,1.4979999999999905,0,0.6
107,no_timeout,1,288,0.6539999999999964,1.7560000000000286,1,0.6
107,no_timeout,1,289,0.6599999999999682,1.7320000000000277,1,0.6
107,no_timeout,1,290,0.4519999999999982,1.773999999999944,0,0.6
107,no_timeout,1,291,0.40200000000004366,1.302000000000021,0,0.6
107,no_timeout,1,292,0.7540000000000191,4.293999999999983,1,0.6
107,no_timeout,1,293,0.5359999999999445,0.7680000000000291,0,0.6
107,no_timeout,1,294,0.5460000000000491,0.9339999999999691,0,0.6
107,no_timeout,1,295,0.6660000000000537,2.7939999999999827,1,0.6
107,no_timeout,1,296,0.8799999999999955,2.1820000000000164,1,0.6
107,no_timeout,1,297,0.2379999999999427,1.94399999999996,0,0.6
107,no_timeout,1,298,0.7599999999999909,3.9580000000000837,1,0.6
107,no_timeout,1,299,0.053999999999973625,0.12199999999995725,0,0.6
107,no_timeout,1,300,0.54200000000003,1.0080000000000382,0,0.6
107,no_timeout,1,301,0.20799999999997,2.245999999999981,0,0.6
107,no_timeout,1,302,0.5720000000000027,1.316000000000031,0,0.6
107,no_timeout,1,303,0.43600000000003547,1.4499999999999318,0,0.6
107,no_timeout,1,304,0.6860000000000355,1.8579999999999472,1,0.6
107,no_timeout,1,305,1.02800000000002,3.9400000000000546,1,0.6
107,no_timeout,1,306,1.0459999999999354,1.461999999999989,1,0.6
107,no_timeout,1,307,0.5540000000000873,1.4219999999999118,0,0.7
107,no_timeout,1,308,0.6800000000000637,0.5779999999999745,0,0.7
107,no_timeout,1,309,0.12000000000000455,0.06600000000003092,0,0.7
107,no_timeout,1,310,0.2319999999999709,0.038000000000010914,0,0.7
107,no_timeout,1,311,0.38599999999996726,1.5360000000000582,0,0.7
107,no_timeout,1,312,0.7019999999999982,2.8199999999999363,1,0.7
107,no_timeout,1,313,0.7480000000000473,1.8379999999999654,1,0.7
107,no_timeout,1,314,0.7259999999999991,3.451999999999998,1,0.7
107,no_timeout,1,315,0.34000000000003183,1.3899999999999864,0,0.8
107,no_timeout,1,316,0.2340000000000373,1.0219999999999345,0,0.8
107,no_timeout,1,317,0.42399999999997817,0.07400000000006912,0,0.8
107,no_timeout,1,318,0.2440000000000282,0.69399999999996,0,0.8
107,no_timeout,1,319,0.2740000000000009,0.8819999999999482,0,0.8
107,no_timeout,1,320,0.044000000000096406,0.1919999999998936,0,0.8
107,no_timeout,1,321,0.39200000000005275,0.09799999999995634,0,0.8
107,no_timeout,1,322,0.12000000000000455,1.3700000000000045,0,0.8
107,no_timeout,1,323,0.8540000000000418,1.6159999999999854,1,0.8
107,no_timeout,1,324,1.052000000000021,1.6319999999999482,1,0.8
107,no_timeout,1,325,1.038000000000011,2.1340000000000146,1,0.8
107,no_timeout,1,326,0.6320000000000618,0.9759999999999991,0,0.9
107,no_timeout,1,327,0.6959999999999127,1.1800000000000637,0,0.9
107,no_timeout,1,328,0.7139999999999418,0.05200000000002092,0,0.9
107,no_timeout,1,329,0.03200000000003911,1.7919999999999163,0,0.9
107,no_timeout,1,330,0.11000000000001364,0.4660000000000082,0,0.9
107,no_timeout,1,331,0.38999999999998636,0.018000000000029104,0,0.9
107,no_timeout,1,332,0.34600000000000364,1.3959999999999582,0,0.9
107,no_timeout,1,333,0.8460000000000036,0.87600000000009,0,0.9
107,no_timeout,1,334,0.9759999999999991,3.3019999999999072,1,0.9
107,no_timeout,1,335,0.9100000000000819,2.062000000000012,1,0.9
107,no_timeout,1,336,0.5860000000000127,1.405999999999949,0,0.9
107,no_timeout,1,337,0.6019999999999754,1.6100000000000136,0,0.9
107,no_timeout,1,338,0.4640000000000555,0.10999999999989996,0,0.9
107,no_timeout,1,339,0.13800000000003365,0.05000000000006821,0,0.9
107,no_timeout,1,340,0.7039999999999509,1.5259999999999536,0,0.9
107,no_timeout,1,341,0.7380000000000564,1.6459999999999582,0,0.9
107,no_timeout,1,342,0.5720000000000027,1.1040000000000418,0,0.9
107,no_timeout,1,343,0.33600000000001273,0.053999999999973625,0,0.9
107,no_timeout,1,344,0.2999999999999545,1.3500000000000227,0,0.9
107,no_timeout,1,345,0.7300000000000182,1.1100000000000136,0,0.9
107,no_timeout,1,346,1.0620000000000118,6.885999999999967,1,0.9
107,no_timeout,1,347,0.4819999999999709,1.7000000000000455,0,0.9
107,no_timeout,1,348,0.38800000000003365,0.18799999999998818,0,0.9
107,no_timeout,1,349,0.39199999999993906,0.12999999999999545,0,0.9
107,no_timeout,1,350,0.06600000000003092,0.39599999999995816,0,0.9
107,no_timeout,1,351,0.7940000000000964,1.0399999999999636,0,0.9
107,no_timeout,1,352,0.6100000000000136,2.2659999999999627,0,0.9
107,no_timeout,1,353,0.39800000000002456,1.2160000000000082,0,0.9
107,no_timeout,1,354,1.4499999999999318,2.062000000000012,1,0.9
107,no_timeout,1,355,1.0080000000000382,5.673999999999978,1,0.9
107,no_timeout,1,356,0.34199999999998454,0.030000000000086402,0,0.9
107,no_timeout,1,357,0.038000000000010914,0.9479999999999791,0,0.9
107,no_timeout,1,358,0.6479999999999109,1.15400000000011,0,0.9
107,no_timeout,1,359,0.585999999999899,0.5339999999999918,0,0.9
107,no_timeout,1,360,0.2880000000000109,0.37000000000000455,0,0.9
107,no_timeout,1,361,0.06799999999998363,0.2700000000000955,0,0.9
107,no_timeout,1,362,0.6319999999999482,1.6359999999999673,0,0.9
107,no_timeout,1,363,0.8820000000000618,1.4460000000000264,0,0.9
107,no_timeout,1,364,0.7279999999999518,2.1380000000000337,0,0.9
107,no_timeout,1,365,0.06799999999998363,4.169999999999959,0,0.9
107,no_timeout,1,366,0.5460000000000491,0.7699999999999818,0,0.9
107,no_timeout,1,367,0.7960000000000491,1.75,0,0.9
107,no_timeout,1,368,0.37199999999995725,9.395999999999958,0,0.9
107,no_timeout,1,369,0.06000000000005912,2.8519999999999754,0,0.9
107,no_timeout,1,370,0.08600000000001273,0.14199999999993906,0,0.9
107,no_timeout,1,371,0.07600000000002183,0.9339999999999691,0,0.9
107,no_timeout,1,372,0.2860000000000582,0.2720000000000482,0,0.9
107,no_timeout,1,373,0.19799999999997908,0.7799999999999727,0,0.9
107,no_timeout,1,374,0.20000000000004547,1.1599999999999682,0,0.9
107,no_timeout,1,375,0.2680000000000291,1.2559999999999718,0,0.9
107,no_timeout,1,376,0.11000000000001364,0.08999999999991815,0,0.9
107,no_timeout,1,377,0.34800000000007003,0.9839999999999236,0,0.9
107,no_timeout,1,378,0.08800000000007913,0.08799999999996544,0,0.9
107,no_timeout,1,379,0.5819999999999936,1.3260000000000218,0,0.9
107,no_timeout,1,380,0.4460000000000264,0.05599999999992633,0,0.9
107,no_timeout,1,381,0.030000000000086402,0.9639999999999418,0,0.9
107,no_timeout,1,382,0.35800000000006094,0.06199999999989814,0,0.9
107,no_timeout,1,383,0.43200000000001637,0.21800000000007458,0,0.9
107,no_timeout,1,384,0.10399999999992815,0.8500000000000227,0,0.9
107,no_timeout,1,385,0.7459999999999809,1.47199999999998,0,0.9
107,no_timeout,1,386,1.1180000000000518,2.01400000000001,1,0.9
107,no_timeout,1,387,0.9519999999999982,2.9700000000000273,1,0.9
107,no_timeout,1,388,0.98599999999999,2.9460000000000264,1,0.9
107,no_timeout,1,389,0.11599999999998545,1.613999999999919,0,1.0
107,no_timeout,1,390,0.4600000000000364,1.20799999999997,0,1.0
107,no_timeout,1,391,0.2880000000000109,0.42600000000004457,0,1.0
107,no_timeout,1,392,0.053999999999973625,1.0879999999999654,0,1.0
107,no_timeout,1,393,0.7960000000000491,2.4020000000000437,0,1.0
107,no_timeout,1,394,0.12399999999990996,1.0339999999999918,0,1.0
107,no_timeout,1,395,0.2740000000000009,0.10000000000002274,0,1.0
107,no_timeout,1,396,0.18600000000003547,1.7240000000000464,0,1.0
107,no_timeout,1,397,0.8519999999999754,1.0539999999999736,0,1.0
107,no_timeout,1,398,0.2179999999999609,0.17399999999997817,0,1.0
107,no_timeout,1,399,0.10400000000004184,1.3260000000000218,0,1.0
107,no_timeout,1,400,0.9639999999999418,1.1800000000000637,0,1.0
107,no_timeout,1,401,2.0399999999999636,0.06799999999998363,1,1.0
107,no_timeout,1,402,0.36000000000001364,4.3559999999999945,0,1.0
107,no_timeout,1,403,1.0679999999999836,3.632000000000062,1,1.0
107,no_timeout,1,404,0.3120000000000118,1.9320000000000164,0,1.0
107,no_timeout,1,405,0.5219999999999345,1.731999999999971,0,1.0
107,no_timeout,1,406,0.6320000000000618,0.049999999999954525,0,1.0
107,no_timeout,1,407,0.04000000000007731,1.4879999999999427,0,1.0
107,no_timeout,1,408,1.27800000000002,0.06799999999998363,1,1.0
107,no_timeout,1,409,0.07000000000005002,2.963999999999942,0,1.0
107,no_timeout,1,410,0.33199999999999363,1.0299999999999727,0,1.0
107,no_timeout,1,411,0.4680000000000746,0.057999999999992724,0,1.0
107,no_timeout,1,412,0.033999999999991815,1.4840000000000373,0,1.0
107,no_timeout,1,413,0.4619999999999891,0.06200000000001182,0,1.0
107,no_timeout,1,414,0.17399999999997817,1.740000000000009,0,1.0
107,no_timeout,1,415,0.5439999999999827,0.38199999999994816,0,1.0
107,no_timeout,1,416,0.5360000000000582,1.5579999999999927,0,1.0
107,no_timeout,1,417,0.8899999999999864,1.2759999999999536,0,1.0
107,no_timeout,1,418,1.0080000000000382,1.6620000000000346,1,1.0
107,no_timeout,1,419,0.5799999999999272,1.1680000000000064,0,1.0
107,no_timeout,1,420,0.5300000000000864,1.0419999999999163,0,1.0
107,no_timeout,1,421,1.504000000000019,1.816000000000031,1,1.0
107,no_timeout,1,422,0.7599999999999909,2.7240000000000464,0,1.0
107,no_timeout,1,423,0.7099999999999227,1.76400000000001,0,1.0
107,no_timeout,1,424,1.0600000000000591,1.5219999999999345,1,1.0
107,no_timeout,1,425,1.25,4.33400000000006,1,1.0
107,no_timeout,1,426,0.5539999999999736,1.8260000000000218,0,1.0
107,no_timeout,1,427,0.7759999999999536,1.5860000000000127,0,1.0
107,no_timeout,1,428,0.7680000000000291,0.01999999999998181,0,1.0
107,no_timeout,1,429,0.12999999999999545,1.0679999999999836,0,1.0
107,no_timeout,1,430,0.9080000000000155,0.9980000000000473,0,1.0
107,no_timeout,1,431,1.6680000000000064,0.04799999999988813,1,1.0
107,no_timeout,1,432,0.15400000000011005,14.827999999999975,0,1.0
107,no_timeout,1,433,0.38199999999994816,0.018000000000029104,0,1.0
107,no_timeout,1,434,0.4740000000000464,1.5899999999999181,0,1.0
107,no_timeout,1,435,0.7960000000000491,1.481999999999971,0,1.0
107,no_timeout,1,436,0.6839999999999691,0.13999999999998636,0,1.0
107,no_timeout,1,437,0.10400000000004184,0.7300000000000182,0,1.0
107,no_timeout,1,438,1.4539999999999509,0.11600000000009913,1,1.0
107,no_timeout,1,439,0.025999999999953616,2.1779999999999973,0,1.0
107,no_timeout,1,440,0.94399999999996,0.01999999999998181,0,1.0
107,no_timeout,1,441,0.9640000000000555,1.0259999999999536,0,1.0
107,no_timeout,1,442,1.87600000000009,0.5240000000000009,1,1.0
107,no_timeout,1,443,0.033999999999991815,3.8659999999999854,0,1.0
107,no_timeout,1,444,0.07200000000000273,0.7859999999999445,0,1.0
107,no_timeout,1,445,0.32799999999997453,1.61200000000008,0,1.0
107,no_timeout,1,446,0.2379999999999427,1.5360000000000582,0,1.0
107,no_timeout,1,447,0.4119999999999209,0.21400000000005548,0,1.0
107,no_timeout,1,448,0.2759999999999536,0.09199999999998454,0,1.0
107,no_timeout,1,449,0.09400000000005093,1.6259999999999764,0,1.0
107,no_timeout,1,450,0.6539999999999964,0.11200000000008004,0,1.0
107,no_timeout,1,451,0.14199999999993906,0.6340000000000146,0,1.0
107,no_timeout,1,452,0.14999999999997726,1.6900000000000546,0,1.0
107,no_timeout,1,453,0.8579999999999472,1.4800000000000182,0,1.0
107,no_timeout,1,454,1.0199999999999818,2.6900000000000546,1,1.0
107,no_timeout,1,455,0.8479999999999563,0.05200000000002092,0,1.0
107,no_timeout,1,456,0.07200000000000273,1.066000000000031,0,1.0
107,no_timeout,1,457,1.2439999999999145,5.480000000000018,1,1.0
107,no_timeout,1,458,0.2459999999999809,1.7160000000000082,0,1.0
107,no_timeout,1,459,0.8600000000000136,0.8759999999999764,0,1.0
107,no_timeout,1,460,0.10400000000004184,0.08199999999999363,0,1.0
107,no_timeout,1,461,0.39200000000005275,0.2259999999999991,0,1.0
107,no_timeout,1,462,0.16199999999992087,0.13999999999998636,0,1.0
107,no_timeout,1,463,0.12400000000002365,1.2440000000000282,0,1.0
107,no_timeout,1,464,1.004000000000019,0.04399999999998272,1,1.0
107,no_timeout,1,465,0.16599999999993997,0.08800000000007913,0,1.0
107,no_timeout,1,466,0.15399999999999636,1.467999999999961,0,1.0
107,no_timeout,1,467,0.5320000000000391,0.053999999999973625,0,1.0
107,no_timeout,1,468,0.14200000000005275,1.0259999999999536,0,1.0
107,no_timeout,1,469,1.1520000000000437,7.483999999999924,1,1.0
107,no_timeout,1,470,0.08000000000004093,1.9560000000000173,0,1.0
107,no_timeout,1,471,0.1999999999999318,0.9340000000000828,0,1.0
107,no_timeout,1,472,0.7899999999999636,1.7279999999999518,0,1.0
107,no_timeout,1,473,0.36200000000008004,0.06799999999998363,0,1.0
107,no_timeout,1,474,0.23599999999999,1.1059999999999945,0,1.0
107,no_timeout,1,475,2.2759999999999536,0.2340000000000373,1,1.0
107,no_timeout,1,476,0.14800000000002456,2.1059999999999945,0,1.0
107,no_timeout,1,477,0.6059999999999945,0.3300000000000409,0,1.0
107,no_timeout,1,478,0.14199999999993906,0.8659999999999854,0,1.0
107,no_timeout,1,479,0.07000000000005002,0.04399999999998272,0,1.0
107,no_timeout,1,480,0.7039999999999509,1.4820000000000846,0,1.0
107,no_timeout,1,481,2.0079999999999245,0.014000000000010004,1,1.0
107,no_timeout,1,482,0.22800000000006548,1.7859999999999445,0,1.0
107,no_timeout,1,483,1.259999999999991,1.6440000000000055,1,1.0
107,no_timeout,1,484,0.9099999999999682,0.11200000000008004,0,1.0
107,no_timeout,1,485,0.36399999999991905,1.3100000000000591,0,1.0
107,no_timeout,1,486,0.44399999999996,0.012000000000057298,0,1.0
107,no_timeout,1,487,0.4660000000000082,1.113999999999919,0,1.0
107,no_timeout,1,488,0.4960000000000946,0.17999999999994998,0,1.0
107,no_timeout,1,489,0.14999999999997726,2.358000000000061,0,1.0
107,no_timeout,1,490,0.39599999999995816,0.03600000000005821,0,1.0
107,no_timeout,1,491,0.6979999999999791,0.029999999999972715,0,1.0
107,no_timeout,1,492,0.40399999999999636,1.1760000000000446,0,1.0
107,no_timeout,1,493,0.36599999999998545,0.049999999999954525,0,1.0
107,no_timeout,1,494,0.9099999999999682,0.40399999999999636,0,1.0
107,no_timeout,1,495,0.8240000000000691,1.1119999999999663,0,1.0
107,no_timeout,1,496,1.9020000000000437,12.918000000000006,1,1.0
107,no_timeout,1,497,0.41399999999998727,0.11000000000001364,0,1.0
107,no_timeout,1,498,0.2599999999999909,1.3419999999999845,0,1.0
107,no_timeout,1,499,0.6520000000000437,0.8779999999999291,0,1.0
107,no_timeout,1,500,0.2179999999999609,0.06800000000009732,0,1.0
107,no_timeout,1,501,0.2139999999999418,0.06200000000001182,0,1.0
107,no_timeout,1,502,0.6960000000000264,1.8319999999999936,0,1.0
107,no_timeout,1,503,0.2759999999999536,0.09199999999998454,0,1.0
107,no_timeout,1,504,0.9360000000000355,0.5120000000000573,0,1.0
107,no_timeout,1,505,0.10599999999999454,0.8940000000000055,0,1.0
107,no_timeout,1,506,0.2959999999999354,0.4679999999999609,0,1.0
107,no_timeout,1,507,1.2480000000000473,2.7240000000000464,1,1.0
107,no_timeout,1,508,0.40599999999994907,0.07400000000006912,0,1.0
107,no_timeout,1,509,0.2419999999999618,1.2999999999999545,0,1.0
107,no_timeout,1,510,0.6180000000000518,0.9639999999999418,0,1.0
107,no_timeout,1,511,1.282000000000039,1.97199999999998,1,1.0
107,no_timeout,1,512,0.9800000000000182,1.0159999999999627,0,1.0
107,no_timeout,1,513,2.04200000000003,2.2380000000000564,1,1.0
107,no_timeout,1,514,1.467999999999961,0.04399999999998272,1,1.0
107,no_timeout,1,515,0.6920000000000073,1.0119999999999436,0,1.0
107,no_timeout,1,516,0.6539999999999964,0.09200000000009823,0,1.0
107,no_timeout,1,517,0.045999999999935426,0.03200000000003911,0,1.0
107,no_timeout,1,518,0.17399999999997817,0.03200000000003911,0,1.0
107,no_timeout,1,519,0.11000000000001364,1.024000000000001,0,1.0
107,no_timeout,1,520,1.1459999999999582,3.55600000000004,1,1.0
107,no_timeout,1,521,0.88799999999992,0.7720000000000482,0,1.0
107,no_timeout,1,522,0.5019999999999527,1.8260000000000218,0,1.0
107,no_timeout,1,523,0.6280000000000427,0.7959999999999354,0,1.0
107,no_timeout,1,524,1.0900000000000318,2.9260000000000446,1,1.0
107,no_timeout,1,525,0.6099999999999,0.8980000000000246,0,1.0
107,no_timeout,1,526,0.6739999999999782,1.2700000000000955,0,1.0
107,no_timeout,1,527,0.8279999999999745,1.6580000000000155,0,1.0
107,no_timeout,1,528,1.0919999999999845,0.01999999999998181,1,1.0
107,no_timeout,1,529,0.4199999999999591,1.7019999999999982,0,1.0
107,no_timeout,1,530,1.2800000000000864,0.017999999999915417,1,1.0
107,no_timeout,1,531,0.2660000000000764,2.274000000000001,0,1.0
107,no_timeout,1,532,0.69399999999996,0.06600000000003092,0,1.0
107,no_timeout,1,533,0.12000000000000455,1.183999999999969,0,1.0
107,no_timeout,1,534,0.42399999999997817,0.026000000000067303,0,1.0
107,no_timeout,1,535,0.2419999999999618,0.9399999999999409,0,1.0
107,no_timeout,1,536,1.6240000000000236,3.230000000000018,1,1.0
107,no_timeout,1,537,0.75,0.13200000000006185,0,1.0
107,no_timeout,1,538,0.5899999999999181,1.3759999999999764,0,1.0
107,no_timeout,1,539,1.1680000000000064,0.022000000000048203,1,1.0
107,no_timeout,1,540,0.11400000000003274,2.90199999999993,0,1.0
107,no_timeout,1,541,1.30600000000004,0.14999999999997726,1,1.0
107,no_timeout,1,542,0.4640000000000555,1.8940000000000055,0,1.0
107,no_timeout,1,543,0.4819999999999709,0.5919999999999845,0,1.0
107,no_timeout,1,544,1.2620000000000573,2.2879999999998972,1,1.0
107,no_timeout,1,545,0.39600000000007185,0.9080000000000155,0,1.0
107,no_timeout,1,546,0.8799999999999955,2.977999999999952,0,1.0
107,no_timeout,1,547,0.6000000000000227,0.9120000000000346,0,1.0
107,no_timeout,1,548,0.5739999999999554,0.018000000000029104,0,1.0
107,no_timeout,1,549,0.7619999999999436,0.37599999999997635,0,1.0
107,no_timeout,1,550,0.10600000000010823,1.5659999999999172,0,1.0
107,no_timeout,1,551,0.10000000000002274,0.14999999999997726,0,1.0
107,no_timeout,1,552,0.07000000000005002,1.70799999999997,0,1.0
107,no_timeout,1,553,0.17200000000002547,0.021999999999934516,0,1.0
107,no_timeout,1,554,0.5300000000000864,3.48599999999999,0,1.0
107,no_timeout,1,555,0.1959999999999127,1.2080000000000837,0,1.0
107,no_timeout,1,556,0.9980000000000473,0.038000000000010914,0,1.0
107,no_timeout,1,557,0.8579999999999472,0.0039999999999054126,0,1.0
107,no_timeout,1,558,0.3120000000001255,0.13799999999991996,0,1.0
107,no_timeout,1,559,0.14799999999991087,0.13000000000010914,0,1.0
107,no_timeout,1,560,0.04800000000000182,0.8299999999999272,0,1.0
107,no_timeout,1,561,0.10400000000004184,0.66599999999994,0,1.0
107,no_timeout,1,562,0.2940000000000964,0.13799999999991996,0,1.0
107,no_timeout,1,563,0.0500000000001819,1.2539999999999054,0,1.0
107,no_timeout,1,564,0.36799999999993815,0.0340000000001055,0,1.0
107,no_timeout,1,565,1.6620000000000346,3.183999999999969,1,1.0
107,no_timeout,1,566,0.31199999999989814,0.5199999999999818,0,1.0
107,no_timeout,1,567,0.9160000000001673,0.7980000000000018,0,1.0
107,no_timeout,1,568,0.35199999999986176,0.16599999999993997,0,1.0
107,no_timeout,1,569,0.12800000000015643,0.793999999999869,0,1.0
107,no_timeout,1,570,1.594000000000051,2.0019999999999527,1,1.0
107,no_timeout,1,571,0.484000000000151,0.63799999999992,0,1.0
107,no_timeout,1,572,0.7639999999998963,0.14000000000010004,0,1.0
107,no_timeout,1,573,0.06999999999993634,1.7960000000000491,0,1.0
107,no_timeout,1,574,0.6400000000001,0.10999999999989996,0,1.0
107,no_timeout,1,575,0.19399999999995998,1.3900000000001,0,1.0
107,no_timeout,1,576,0.32600000000002183,0.023999999999887223,0,1.0
107,no_timeout,1,577,0.2880000000000109,0.008000000000038199,0,1.0
107,no_timeout,1,578,0.2359999999998763,0.024000000000114596,0,1.0
107,no_timeout,1,579,0.30600000000004,1.27800000000002,0,1.0
107,no_timeout,1,580,0.3079999999999927,0.013999999999896318,0,1.0
107,no_timeout,1,581,0.11599999999998545,0.004000000000132786,0,1.0
107,no_timeout,1,582,0.11999999999989086,0.0019999999999527063,0,1.0
107,no_timeout,1,583,0.9060000000001764,0.005999999999858119,0,1.0
107,no_timeout,1,584,0.2580000000000382,1.9400000000000546,0,1.0
107,no_timeout,1,585,0.40599999999994907,0.7660000000000764,0,1.0
107,no_timeout,1,586,0.18200000000001637,0.8260000000000218,0,1.0
107,no_timeout,1,587,0.6399999999998727,0.8920000000000528,0,1.0
107,no_timeout,1,588,0.16200000000003456,0.011999999999943611,0,1.0
107,no_timeout,1,589,0.4500000000000455,0.021999999999934516,0,1.0
107,no_timeout,1,590,0.6279999999999291,1.0679999999999836,0,1.0
107,no_timeout,1,591,1.0460000000000491,2.9039999999999964,1,1.0
107,no_timeout,1,592,0.5160000000000764,1.9519999999999982,0,1.0
107,no_timeout,1,593,0.35200000000008913,8.231999999999971,0,1.0
107,no_timeout,1,594,0.29599999999982174,0.37200000000007094,0,1.0
107,no_timeout,1,595,0.15000000000009095,0.09999999999990905,0,1.0
107,no_timeout,1,596,0.2719999999999345,1.3140000000000782,0,1.0
107,no_timeout,1,597,0.37200000000007094,0.03999999999996362,0,1.0
107,no_timeout,1,598,0.1959999999999127,7.796000000000049,0,1.0
107,no_timeout,1,599,0.35599999999999454,0.11799999999993815,0,1.0
107,no_timeout,1,600,0.12200000000007094,0.5519999999999072,0,1.0
107,no_timeout,1,601,1.1020000000000891,0.08200000000010732,1,1.0
107,no_timeout,1,602,0.69399999999996,0.6459999999999582,0,1.0
107,no_timeout,1,603,0.9819999999999709,0.5380000000000109,0,1.0
107,no_timeout,1,604,1.44399999999996,0.0420000000001437,1,1.0
107,no_timeout,1,605,1.30399999999986,0.21800000000007458,1,1.0
107,no_timeout,1,606,0.7839999999998781,10.868000000000166,0,1.0
107,no_timeout,1,607,0.15799999999990177,14.385999999999967,0,1.0
107,no_timeout,1,608,1.1860000000001492,0.029999999999972715,1,1.0
107,no_timeout,1,609,0.5860000000000127,3.1019999999998618,0,1.0
107,no_timeout,1,610,0.9619999999999891,0.044000000000096406,0,1.0
107,no_timeout,1,611,0.5360000000000582,0.09399999999982356,0,1.0
107,no_timeout,1,612,0.3760000000002037,0.6059999999999945,0,1.0
107,no_timeout,1,613,0.5359999999998308,0.012000000000170985,0,1.0
107,no_timeout,1,614,1.4639999999999418,3.265999999999849,1,1.0
107,no_timeout,1,615,0.068000000000211,0.029999999999972715,0,1.0
107,no_timeout,1,616,1.0459999999998217,3.4880000000000564,1,1.0
107,no_timeout,1,617,0.2640000000001237,1.0960000000000036,0,1.0
107,no_timeout,1,618,0.7919999999999163,1.377999999999929,0,1.0
107,no_timeout,1,619,0.20000000000004547,0.7280000000000655,0,1.0
107,no_timeout,1,620,0.8640000000000327,1.0699999999999363,0,1.0
107,no_timeout,1,621,0.3420000000000982,0.01799999999980173,0,1.0
107,no_timeout,1,622,0.55600000000004,1.1400000000001,0,1.0
107,no_timeout,1,623,2.4859999999998763,0.06400000000007822,1,1.0
107,no_timeout,1,624,0.4680000000000746,2.7079999999998563,0,1.0
107,no_timeout,1,625,1.0860000000000127,2.4480000000000928,1,1.0
107,no_timeout,1,626,1.1979999999998654,3.4540000000001783,1,1.0
107,no_timeout,1,627,0.7799999999999727,6.175999999999931,0,1.0
107,no_timeout,1,628,0.5099999999999909,0.06200000000012551,0,1.0
107,no_timeout,1,629,0.4219999999997981,1.2760000000000673,0,1.0
107,no_timeout,1,630,1.2100000000000364,0.5440000000000964,1,1.0
107,no_timeout,1,631,0.9299999999998363,0.7319999999999709,0,1.0
107,no_timeout,1,632,1.8360000000000127,3.3220000000001164,1,1.0
107,no_timeout,1,633,0.04399999999986903,0.06799999999998363,0,1.0
107,no_timeout,1,634,0.41400000000021464,2.1139999999998054,0,1.0
107,no_timeout,1,635,1.2840000000001055,1.6179999999999382,1,1.0
107,no_timeout,1,636,0.2419999999999618,0.41200000000003456,0,1.0
107,no_timeout,1,637,0.5660000000000309,2.8360000000000127,0,1.0
107,no_timeout,1,638,0.5540000000000873,0.58199999999988,0,1.0
107,no_timeout,1,639,0.4760000000001128,1.4299999999998363,0,1.0
107,no_timeout,1,640,0.7160000000001219,0.12200000000007094,0,1.0
107,no_timeout,1,641,0.04599999999982174,0.8000000000001819,0,1.0
107,no_timeout,1,642,1.6699999999998454,0.05600000000004002,1,1.0
107,no_timeout,1,643,0.31999999999993634,2.4160000000001673,0,1.0
107,no_timeout,1,644,0.8279999999999745,0.7519999999999527,0,1.0
107,no_timeout,1,645,0.4600000000000364,0.05399999999985994,0,1.0
107,no_timeout,1,646,0.6340000000000146,0.13800000000014734,0,1.0
107,no_timeout,1,647,0.16799999999989268,0.6759999999999309,0,1.0
107,no_timeout,1,648,1.8480000000001837,2.8259999999997945,1,1.0
107,no_timeout,1,649,1.6280000000001564,0.4959999999998672,1,1.0
107,no_timeout,1,650,0.8800000000001091,2.5,0,1.0
107,no_timeout,1,651,1.4200000000000728,0.09600000000000364,1,1.0
107,no_timeout,1,652,0.7519999999999527,0.43200000000001637,0,1.0
107,no_timeout,1,653,1.3699999999998909,4.470000000000027,1,1.0
107,no_timeout,1,654,1.0460000000000491,3.02800000000002,1,1.0
107,no_timeout,1,655,1.4020000000000437,2.8739999999997963,1,1.0
107,no_timeout,1,656,1.0080000000000382,2.9680000000000746,0,1.1
107,no_timeout,1,657,0.7380000000000564,0.2159999999998945,0,1.1
107,no_timeout,1,658,0.31799999999998363,0.5440000000000964,0,1.1
107,no_timeout,1,659,0.58199999999988,0.032000000000152795,0,1.1
107,no_timeout,1,660,0.2599999999999909,0.1879999999998745,0,1.1
107,no_timeout,1,661,1.2940000000000964,0.02800000000002001,1,1.1
107,no_timeout,1,662,0.35199999999986176,2.150000000000091,0,1.1
107,no_timeout,1,663,0.3140000000000782,0.08999999999991815,0,1.1
107,no_timeout,1,664,0.2680000000000291,1.1959999999999127,0,1.1
107,no_timeout,1,665,0.7980000000000018,1.7840000000001055,0,1.1
107,no_timeout,1,666,0.9420000000000073,1.8759999999999764,0,1.1
107,no_timeout,1,667,0.7400000000000091,0.06799999999998363,0,1.1
107,no_timeout,1,668,1.44399999999996,2.3840000000000146,1,1.1
107,no_timeout,1,669,0.6059999999999945,1.933999999999969,0,1.1
107,no_timeout,1,670,1.0240000000001146,0.08999999999991815,0,1.1
107,no_timeout,1,671,0.07200000000011642,1.5739999999998417,0,1.1
107,no_timeout,1,672,0.6920000000000073,0.016000000000076398,0,1.1
107,no_timeout,1,673,1.3820000000000618,0.959999999999809,1,1.1
107,no_timeout,1,674,0.8040000000000873,1.8579999999999472,0,1.1
107,no_timeout,1,675,0.5180000000000291,1.7799999999999727,0,1.1
107,no_timeout,1,676,0.6400000000001,0.7580000000000382,0,1.1
107,no_timeout,1,677,0.8439999999998236,1.6020000000000891,0,1.1
107,no_timeout,1,678,0.8699999999998909,0.09800000000018372,0,1.1
107,no_timeout,1,679,0.4399999999998272,0.8079999999999927,0,1.1
107,no_timeout,1,680,0.66800000000012,0.01999999999998181,0,1.1
107,no_timeout,1,681,0.2480000000000473,3.8759999999999764,0,1.1
107,no_timeout,1,682,0.43200000000001637,0.7359999999998763,0,1.1
107,no_timeout,1,683,1.4440000000001874,0.03999999999996362,1,1.1
107,no_timeout,1,684,0.36999999999989086,1.3300000000001546,0,1.1
107,no_timeout,1,685,1.2919999999999163,0.03600000000005821,1,1.1
107,no_timeout,1,686,0.1999999999998181,0.08400000000006003,0,1.1
107,no_timeout,1,687,0.08000000000015461,1.8179999999999836,0,1.1
107,no_timeout,1,688,2.507999999999811,2.230000000000018,1,1.1
107,no_timeout,1,689,1.650000000000091,3.150000000000091,1,1.1
107,no_timeout,1,690,0.4419999999997799,0.040000000000190994,0,1.1
107,no_timeout,1,691,0.16200000000003456,0.09399999999982356,0,1.1
107,no_timeout,1,692,0.03600000000005821,0.88799999999992,0,1.1
107,no_timeout,1,693,1.1020000000000891,1.8679999999999382,1,1.1
107,no_timeout,1,694,1.3740000000000236,3.5240000000001146,1,1.1
107,no_timeout,1,695,0.9619999999999891,1.0080000000000382,0,1.1
107,no_timeout,1,696,0.4939999999999145,0.05400000000008731,0,1.1
107,no_timeout,1,697,0.36999999999989086,0.06199999999989814,0,1.1
107,no_timeout,1,698,0.25,0.07400000000006912,0,1.1
107,no_timeout,1,699,0.14599999999995816,1.66800000000012,0,1.1
107,no_timeout,1,700,0.15599999999994907,0.05400000000008731,0,1.1
107,no_timeout,1,701,0.40399999999999636,0.25,0,1.1
107,no_timeout,1,702,0.10799999999994725,2.259999999999991,0,1.1
107,no_timeout,1,703,2.099999999999909,0.02800000000002001,1,1.1
107,no_timeout,1,704,0.35200000000008913,1.5360000000000582,0,1.1
107,no_timeout,1,705,0.36199999999985266,0.32600000000002183,0,1.1
107,no_timeout,1,706,0.044000000000096406,3.33199999999988,0,1.1
107,no_timeout,1,707,0.34799999999995634,0.026000000000067303,0,1.1
107,no_timeout,1,708,0.3020000000001346,1.1679999999998927,0,1.1
107,no_timeout,1,709,1.30600000000004,0.10999999999989996,1,1.1
107,no_timeout,1,710,0.35599999999999454,1.8940000000000055,0,1.1
107,no_timeout,1,711,0.5700000000001637,1.477999999999838,0,1.1
107,no_timeout,1,712,0.5040000000001328,0.04599999999982174,0,1.1
107,no_timeout,1,713,0.2380000000000564,1.5360000000000582,0,1.1
107,no_timeout,1,714,0.9020000000000437,0.06199999999989814,0,1.1
107,no_timeout,1,715,0.8800000000001091,0.12599999999997635,0,1.1
107,no_timeout,1,716,0.2079999999998563,0.9580000000000837,0,1.1
107,no_timeout,1,717,0.9020000000000437,0.06999999999993634,0,1.1
107,no_timeout,1,718,0.43200000000001637,0.8379999999999654,0,1.1
107,no_timeout,1,719,1.05600000000004,0.23600000000010368,0,1.1
107,no_timeout,1,720,2.230000000000018,2.41599999999994,1,1.1
107,no_timeout,1,721,1.33400000000006,3.6239999999997963,1,1.1
107,no_timeout,1,722,0.7720000000001619,1.1059999999999945,0,1.1
107,no_timeout,1,723,0.9479999999998654,1.1259999999999764,0,1.1
107,no_timeout,1,724,0.40399999999999636,0.8140000000000782,0,1.1
107,no_timeout,1,725,0.956000000000131,0.9959999999998672,0,1.1
107,no_timeout,1,726,0.8299999999999272,0.10000000000013642,0,1.1
107,no_timeout,1,727,0.34600000000000364,2.599999999999909,0,1.1
107,no_timeout,1,728,0.8479999999999563,0.15000000000009095,0,1.1
107,no_timeout,1,729,0.2139999999999418,0.06200000000012551,0,1.1
107,no_timeout,1,730,0.17599999999993088,0.7619999999999436,0,1.1
107,no_timeout,1,731,0.5740000000000691,0.041999999999916326,0,1.1
107,no_timeout,1,732,0.5240000000001146,1.7080000000000837,0,1.1
107,no_timeout,1,733,0.5019999999999527,0.11599999999998545,0,1.1
107,no_timeout,1,734,0.6019999999998618,0.5579999999999927,0,1.1
107,no_timeout,1,735,0.484000000000151,0.01999999999998181,0,1.1
107,no_timeout,1,736,0.42000000000007276,1.25,0,1.1
107,no_timeout,1,737,1.0919999999998709,1.1600000000000819,0,1.1
107,no_timeout,1,738,1.0519999999999072,0.07400000000006912,0,1.1
107,no_timeout,1,739,0.40200000000004366,1.6679999999998927,0,1.1
107,no_timeout,1,740,0.36799999999993815,0.01999999999998181,0,1.1
107,no_timeout,1,741,0.5420000000001437,0.013999999999896318,0,1.1
107,no_timeout,1,742,0.6180000000001655,0.011999999999943611,0,1.1
107,no_timeout,1,743,0.3160000000000309,5.791999999999916,0,1.1
107,no_timeout,1,744,0.5080000000000382,0.06999999999993634,0,1.1
107,no_timeout,1,745,1.3199999999999363,1.9500000000000455,1,1.1
107,no_timeout,1,746,0.2300000000000182,0.12400000000002365,0,1.1
107,no_timeout,1,747,0.5640000000000782,4.301999999999907,0,1.1
107,no_timeout,1,748,0.2519999999999527,14.307999999999993,0,1.1
107,no_timeout,1,749,0.42000000000007276,1.9300000000000637,0,1.1
107,no_timeout,1,750,0.8119999999998981,1.2300000000000182,0,1.1
107,no_timeout,1,751,0.7360000000001037,1.6240000000000236,0,1.1
107,no_timeout,1,752,0.6739999999999782,0.029999999999972715,0,1.1
107,no_timeout,1,753,0.15999999999985448,0.08200000000010732,0,1.1
107,no_timeout,1,754,0.11999999999989086,0.7100000000000364,0,1.1
107,no_timeout,1,755,0.7000000000000455,1.4919999999999618,0,1.1
107,no_timeout,1,756,0.7940000000000964,0.9359999999999218,0,1.1
107,no_timeout,1,757,1.0540000000000873,0.023999999999887223,0,1.1
107,no_timeout,1,758,0.20000000000004547,0.4539999999999509,0,1.1
107,no_timeout,1,759,0.36800000000016553,1.9639999999999418,0,1.1
107,no_timeout,1,760,2.798000000000002,0.11799999999993815,1,1.1
107,no_timeout,1,761,0.10799999999994725,2.5720000000001164,0,1.1
107,no_timeout,1,762,0.7580000000000382,1.22199999999998,0,1.1
107,no_timeout,1,763,0.6520000000000437,1.3859999999999673,0,1.1
107,no_timeout,1,764,1.69399999999996,1.6340000000000146,1,1.1
107,no_timeout,1,765,0.6420000000000528,0.07199999999988904,0,1.1
107,no_timeout,1,766,0.6559999999999491,0.029999999999972715,0,1.1
107,no_timeout,1,767,0.06799999999998363,1.316000000000031,0,1.1
107,no_timeout,1,768,0.3300000000001546,0.057999999999992724,0,1.1
107,no_timeout,1,769,0.23799999999982901,2.466000000000122,0,1.1
107,no_timeout,1,770,0.2580000000000382,0.021999999999934516,0,1.1
107,no_timeout,1,771,0.5640000000000782,0.8819999999998345,0,1.1
107,no_timeout,1,772,0.4519999999999982,0.014000000000123691,0,1.1
107,no_timeout,1,773,0.5299999999999727,0.17000000000007276,0,1.1
107,no_timeout,1,774,0.02800000000002001,1.8119999999998981,0,1.1
107,no_timeout,1,775,0.7159999999998945,0.83400000000006,0,1.1
107,no_timeout,1,776,0.37800000000015643,1.1159999999999854,0,1.1
107,no_timeout,1,777,0.12599999999997635,0.03399999999987813,0,1.1
107,no_timeout,1,778,0.6559999999999491,1.262000000000171,0,1.1
107,no_timeout,1,779,0.4739999999999327,1.2300000000000182,0,1.1
107,no_timeout,1,780,0.6879999999998745,1.6020000000000891,0,1.1
107,no_timeout,1,781,0.27800000000002,1.80600000000004,0,1.1
107,no_timeout,1,782,1.0860000000000127,0.91599999999994,0,1.1
107,no_timeout,1,783,0.9900000000000091,11.45399999999995,0,1.1
107,no_timeout,1,784,0.4500000000000455,0.11400000000003274,0,1.1
107,no_timeout,1,785,0.4859999999998763,2.288000000000011,0,1.1
107,no_timeout,1,786,0.19200000000000728,0.0340000000001055,0,1.1
107,no_timeout,1,787,0.15200000000004366,1.3179999999999836,0,1.1
107,no_timeout,1,788,0.88799999999992,1.3199999999999363,0,1.1
107,no_timeout,1,789,0.12800000000015643,0.04399999999986903,0,1.1
107,no_timeout,1,790,0.08799999999996544,0.3380000000001928,0,1.1
107,no_timeout,1,791,0.04399999999986903,0.40200000000004366,0,1.1
107,no_timeout,1,792,0.12999999999988177,0.41800000000012005,0,1.1
107,no_timeout,1,793,1.9420000000000073,2.8460000000000036,1,1.1
107,no_timeout,1,794,0.6140000000000327,1.8999999999998636,0,1.1
107,no_timeout,1,795,0.6159999999999854,1.5960000000000036,0,1.1
107,no_timeout,1,796,0.36599999999998545,3.4060000000001764,0,1.1
107,no_timeout,1,797,0.5919999999998709,1.2440000000001419,0,1.1
107,no_timeout,1,798,0.2300000000000182,0.10199999999986176,0,1.1
107,no_timeout,1,799,0.2540000000001328,0.08599999999978536,0,1.1
107,no_timeout,1,800,0.2640000000001237,0.016000000000076398,0,1.1
107,no_timeout,1,801,0.1879999999998745,0.16000000000008185,0,1.1
107,no_timeout,1,802,0.2519999999999527,0.14799999999991087,0,1.1
107,no_timeout,1,803,0.6800000000000637,,0,1.1
107,no_timeout,2,1,0.4440000000000026,0.47399999999999665,0,1.1
107,no_timeout,2,2,0.09600000000000364,1.0559999999999974,0,1.1
107,no_timeout,2,3,0.6700000000000017,1.0260000000000034,0,1.1
107,no_timeout,2,4,0.715999999999994,0.730000000000004,0,1.1
107,no_timeout,2,5,0.9840000000000018,1.186,0,1.1
107,no_timeout,2,6,1.3099999999999952,0.045999999999999375,1,1.1
107,no_timeout,2,7,0.23799999999999955,2.990000000000002,0,1.1
107,no_timeout,2,8,0.9239999999999995,0.7880000000000038,0,1.1
107,no_timeout,2,9,0.8339999999999961,0.15400000000000347,0,1.1
107,no_timeout,2,10,0.3219999999999956,0.8140000000000001,0,1.1
107,no_timeout,2,11,0.9100000000000037,1.0060000000000002,0,1.1
107,no_timeout,2,12,0.37599999999999767,0.8019999999999996,0,1.1
107,no_timeout,2,13,1.2139999999999986,0.07800000000000296,1,1.1
107,no_timeout,2,14,0.03999999999999915,1.6880000000000024,0,1.1
107,no_timeout,2,15,1.333999999999996,1.9040000000000035,1,1.1
107,no_timeout,2,16,1.4179999999999993,3.155999999999999,1,1.1
107,no_timeout,2,17,0.6319999999999979,0.7720000000000056,0,1.2
107,no_timeout,2,18,1.4500000000000028,1.9299999999999926,1,1.2
107,no_timeout,2,19,0.9440000000000026,0.5420000000000016,0,1.2
107,no_timeout,2,20,0.5079999999999956,1.0100000000000051,0,1.2
107,no_timeout,2,21,1.2719999999999914,1.1820000000000022,1,1.2
107,no_timeout,2,22,1.2800000000000011,1.8719999999999999,1,1.2
107,no_timeout,2,23,1.2199999999999989,1.5720000000000027,1,1.2
107,no_timeout,2,24,0.055999999999997385,0.028000000000005798,0,1.2
107,no_timeout,2,25,0.6559999999999917,0.020000000000010232,0,1.2
107,no_timeout,2,26,0.7319999999999993,1.0720000000000027,0,1.2
107,no_timeout,2,27,0.9939999999999998,0.6479999999999961,0,1.2
107,no_timeout,2,28,0.37999999999999545,0.7560000000000002,0,1.2
107,no_timeout,2,29,0.12399999999999523,0.1280000000000001,0,1.2
107,no_timeout,2,30,0.35200000000000387,0.08800000000000807,0,1.2
107,no_timeout,2,31,0.8859999999999957,0.8659999999999997,0,1.2
107,no_timeout,2,32,0.6080000000000041,0.4380000000000024,0,1.2
107,no_timeout,2,33,0.2779999999999916,0.04600000000000648,0,1.2
107,no_timeout,2,34,1.23599999999999,1.5799999999999983,1,1.2
107,no_timeout,2,35,0.08800000000000807,0.117999999999995,0,1.2
107,no_timeout,2,36,0.6300000000000097,0.1559999999999917,0,1.2
107,no_timeout,2,37,0.07399999999999807,1.676000000000002,0,1.2
107,no_timeout,2,38,0.04000000000000625,0.04200000000000159,0,1.2
107,no_timeout,2,39,0.37999999999999545,0.007999999999995566,0,1.2
107,no_timeout,2,40,0.6779999999999973,0.6080000000000041,0,1.2
107,no_timeout,2,41,0.5480000000000018,1.152000000000001,0,1.2
107,no_timeout,2,42,0.5259999999999962,0.710000000000008,0,1.2
107,no_timeout,2,43,0.367999999999995,5.313999999999993,0,1.2
107,no_timeout,2,44,0.41200000000000614,0.013999999999995794,0,1.2
107,no_timeout,2,45,0.6360000000000099,0.6199999999999903,0,1.2
107,no_timeout,2,46,1.0160000000000053,1.3719999999999999,0,1.2
107,no_timeout,2,47,0.3739999999999952,3.975999999999999,0,1.2
107,no_timeout,2,48,0.07600000000000762,1.206000000000003,0,1.2
107,no_timeout,2,49,0.8259999999999934,0.5799999999999983,0,1.2
107,no_timeout,2,50,0.960000000000008,1.1319999999999908,0,1.2
107,no_timeout,2,51,1.7040000000000077,1.7439999999999998,1,1.2
107,no_timeout,2,52,1.4059999999999917,3.3060000000000116,1,1.2
107,no_timeout,2,53,0.9539999999999935,0.0379999999999967,0,1.2
107,no_timeout,2,54,0.26600000000000534,0.08400000000000318,0,1.2
107,no_timeout,2,55,0.09599999999998943,0.9700000000000131,0,1.2
107,no_timeout,2,56,1.9979999999999905,0.027999999999991587,1,1.2
107,no_timeout,2,57,0.13400000000001455,2.549999999999983,0,1.2
107,no_timeout,2,58,1.0840000000000032,0.6980000000000075,0,1.2
107,no_timeout,2,59,0.9720000000000084,0.033999999999991815,0,1.2
107,no_timeout,2,60,0.23400000000000887,0.025999999999982037,0,1.2
107,no_timeout,2,61,0.11000000000001364,0.8599999999999852,0,1.2
107,no_timeout,2,62,0.632000000000005,1.0,0,1.2
107,no_timeout,2,63,0.9680000000000177,0.01999999999998181,0,1.2
107,no_timeout,2,64,0.9879999999999995,0.6560000000000059,0,1.2
107,no_timeout,2,65,1.078000000000003,0.18799999999998818,0,1.2
107,no_timeout,2,66,0.05200000000002092,0.5660000000000025,0,1.2
107,no_timeout,2,67,0.3919999999999959,0.31399999999999295,0,1.2
107,no_timeout,2,68,0.31800000000001205,0.1699999999999875,0,1.2
107,no_timeout,2,69,1.421999999999997,0.11199999999999477,1,1.2
107,no_timeout,2,70,0.03200000000001069,8.238,0,1.2
107,no_timeout,2,71,0.5,0.055999999999983174,0,1.2
107,no_timeout,2,72,0.6260000000000048,1.4300000000000068,0,1.2
107,no_timeout,2,73,0.4379999999999882,0.10200000000000387,0,1.2
107,no_timeout,2,74,0.7340000000000089,9.074000000000012,0,1.2
107,no_timeout,2,75,0.10599999999999454,0.10200000000000387,0,1.2
107,no_timeout,2,76,0.34600000000000364,0.018000000000000682,0,1.2
107,no_timeout,2,77,0.3199999999999932,0.5619999999999834,0,1.2
107,no_timeout,2,78,0.6440000000000055,0.7199999999999989,0,1.2
107,no_timeout,2,79,0.40399999999999636,0.006000000000000227,0,1.2
107,no_timeout,2,80,0.36199999999999477,0.2820000000000107,0,1.2
107,no_timeout,2,81,0.1980000000000075,0.0619999999999834,0,1.2
107,no_timeout,2,82,0.058000000000021146,0.04599999999999227,0,1.2
107,no_timeout,2,83,0.1980000000000075,0.8779999999999859,0,1.2
107,no_timeout,2,84,0.21600000000000819,0.054000000000002046,0,1.2
107,no_timeout,2,85,0.7239999999999895,0.6820000000000164,0,1.2
107,no_timeout,2,86,1.5519999999999925,3.5579999999999927,1,1.2
107,no_timeout,2,87,0.24600000000000932,6.371999999999986,0,1.2
107,no_timeout,2,88,0.6200000000000045,1.0339999999999918,0,1.2
107,no_timeout,2,89,0.6900000000000261,0.13199999999997658,0,1.2
107,no_timeout,2,90,0.29000000000002046,0.6239999999999952,0,1.2
107,no_timeout,2,91,0.06999999999999318,0.1980000000000075,0,1.2
107,no_timeout,2,92,0.09000000000000341,0.04800000000000182,0,1.2
107,no_timeout,2,93,0.41799999999997794,0.008000000000009777,0,1.2
107,no_timeout,2,94,0.36199999999999477,0.5040000000000191,0,1.2
107,no_timeout,2,95,1.0120000000000005,0.0479999999999734,0,1.2
107,no_timeout,2,96,0.24200000000001864,0.382000000000005,0,1.2
107,no_timeout,2,97,2.897999999999996,1.6459999999999866,1,1.2
107,no_timeout,2,98,2.1580000000000155,3.2039999999999793,1,1.2
107,no_timeout,2,99,1.5340000000000202,1.657999999999987,1,1.2
107,no_timeout,2,100,2.1200000000000045,2.6759999999999877,1,1.2
107,no_timeout,2,101,0.9340000000000259,6.387999999999977,0,1.2
107,no_timeout,2,102,0.6760000000000161,0.8919999999999959,0,1.2
107,no_timeout,2,103,0.11599999999998545,0.07800000000000296,0,1.2
107,no_timeout,2,104,0.08200000000002206,0.04399999999998272,0,1.2
107,no_timeout,2,105,0.7920000000000016,0.33199999999999363,0,1.2
107,no_timeout,2,106,0.21600000000000819,0.9780000000000086,0,1.2
107,no_timeout,2,107,0.17199999999999704,1.1759999999999877,0,1.2
107,no_timeout,2,108,2.0999999999999943,0.09800000000001319,1,1.2
107,no_timeout,2,109,0.03200000000001069,1.7659999999999911,0,1.2
107,no_timeout,2,110,1.789999999999992,2.3400000000000034,1,1.2
107,no_timeout,2,111,1.9939999999999998,0.06999999999999318,1,1.2
107,no_timeout,2,112,0.04400000000001114,2.8479999999999848,0,1.2
107,no_timeout,2,113,1.3660000000000139,0.008000000000009777,1,1.2
107,no_timeout,2,114,1.5379999999999825,2.342000000000013,1,1.2
107,no_timeout,2,115,2.2719999999999914,0.10200000000000387,1,1.2
107,no_timeout,2,116,0.09800000000001319,3.8179999999999836,0,1.2
107,no_timeout,2,117,1.1119999999999948,0.034000000000020236,0,1.2
107,no_timeout,2,118,0.17799999999999727,1.167999999999978,0,1.2
107,no_timeout,2,119,1.410000000000025,2.5319999999999823,1,1.2
107,no_timeout,2,120,1.4380000000000166,0.029999999999972715,1,1.2
107,no_timeout,2,121,0.14400000000000546,2.1580000000000155,0,1.2
107,no_timeout,2,122,0.8919999999999959,0.033999999999991815,0,1.2
107,no_timeout,2,123,0.41800000000000637,0.09199999999998454,0,1.2
107,no_timeout,2,124,0.11600000000004229,0.07599999999996498,0,1.2
107,no_timeout,2,125,0.20199999999999818,1.0919999999999845,0,1.2
107,no_timeout,2,126,1.0260000000000105,1.0260000000000105,0,1.2
107,no_timeout,2,127,2.112000000000023,1.9420000000000073,1,1.2
107,no_timeout,2,128,2.8239999999999554,0.11600000000004229,1,1.2
107,no_timeout,2,129,0.31799999999998363,1.490000000000009,0,1.2
107,no_timeout,2,130,0.7839999999999918,0.6399999999999864,0,1.2
107,no_timeout,2,131,1.650000000000034,2.089999999999975,1,1.2
107,no_timeout,2,132,1.23599999999999,2.298000000000002,1,1.2
107,no_timeout,2,133,0.6920000000000073,1.3519999999999754,0,1.2
107,no_timeout,2,134,1.1720000000000255,1.0459999999999923,0,1.2
107,no_timeout,2,135,0.4759999999999991,0.5579999999999927,0,1.2
107,no_timeout,2,136,1.6720000000000255,1.7579999999999814,1,1.2
107,no_timeout,2,137,0.5020000000000095,0.012000000000000455,0,1.2
107,no_timeout,2,138,0.4259999999999877,0.8740000000000236,0,1.2
107,no_timeout,2,139,1.0480000000000018,0.1279999999999859,0,1.2
107,no_timeout,2,140,0.22199999999998,0.6940000000000168,0,1.2
107,no_timeout,2,141,0.25600000000002865,0.06999999999999318,0,1.2
107,no_timeout,2,142,0.6639999999999873,0.08199999999999363,0,1.2
107,no_timeout,2,143,1.8840000000000146,0.20999999999997954,1,1.2
107,no_timeout,2,144,0.04200000000003001,0.10199999999997544,0,1.2
107,no_timeout,2,145,0.08400000000000318,2.1440000000000055,0,1.2
107,no_timeout,2,146,2.8940000000000055,2.6819999999999595,1,1.2
107,no_timeout,2,147,0.3800000000000523,0.48999999999995225,0,1.2
107,no_timeout,2,148,0.1419999999999959,0.05600000000004002,0,1.2
107,no_timeout,2,149,0.6459999999999582,0.06400000000002137,0,1.2
107,no_timeout,2,150,0.17000000000001592,1.683999999999969,0,1.2
107,no_timeout,2,151,0.10800000000000409,0.10000000000002274,0,1.2
107,no_timeout,2,152,0.20600000000001728,0.09199999999998454,0,1.2
107,no_timeout,2,153,0.3739999999999668,1.9940000000000282,0,1.2
107,no_timeout,2,154,0.7319999999999709,0.42799999999999727,0,1.2
107,no_timeout,2,155,0.33600000000001273,1.0980000000000132,0,1.2
107,no_timeout,2,156,1.1960000000000264,0.5600000000000023,0,1.2
107,no_timeout,2,157,0.055999999999983174,0.31799999999998363,0,1.2
107,no_timeout,2,158,0.5480000000000018,1.5780000000000314,0,1.2
107,no_timeout,2,159,0.6339999999999577,0.07600000000002183,0,1.2
107,no_timeout,2,160,0.2980000000000018,0.06200000000001182,0,1.2
107,no_timeout,2,161,0.21199999999998909,0.02400000000000091,0,1.2
107,no_timeout,2,162,1.1539999999999964,0.3720000000000141,0,1.2
107,no_timeout,2,163,1.0819999999999936,0.2559999999999718,0,1.2
107,no_timeout,2,164,0.11400000000003274,0.057999999999992724,0,1.2
107,no_timeout,2,165,0.7699999999999818,1.2760000000000105,0,1.2
107,no_timeout,2,166,0.12999999999999545,0.08400000000000318,0,1.2
107,no_timeout,2,167,0.103999999999985,0.018000000000029104,0,1.2
107,no_timeout,2,168,0.5639999999999645,0.20400000000000773,0,1.2
107,no_timeout,2,169,0.25600000000002865,1.1479999999999677,0,1.2
107,no_timeout,2,170,0.19800000000003593,0.17799999999999727,0,1.2
107,no_timeout,2,171,0.07799999999997453,0.05400000000003047,0,1.2
107,no_timeout,2,172,1.0059999999999718,0.07999999999998408,0,1.2
107,no_timeout,2,173,0.14400000000000546,7.192000000000007,0,1.2
107,no_timeout,2,174,0.22800000000000864,0.06599999999997408,0,1.2
107,no_timeout,2,175,0.2980000000000018,1.4540000000000077,0,1.2
107,no_timeout,2,176,0.5960000000000036,0.20199999999999818,0,1.2
107,no_timeout,2,177,0.7900000000000205,0.9320000000000164,0,1.2
107,no_timeout,2,178,1.4379999999999882,14.788000000000011,1,1.2
107,no_timeout,2,179,0.3159999999999741,0.09199999999998454,0,1.2
107,no_timeout,2,180,0.6040000000000418,6.9319999999999595,0,1.2
107,no_timeout,2,181,0.09000000000003183,0.13400000000001455,0,1.2
107,no_timeout,2,182,0.8139999999999645,0.1279999999999859,0,1.2
107,no_timeout,2,183,0.2540000000000191,0.038000000000010914,0,1.2
107,no_timeout,2,184,0.18999999999999773,1.2160000000000082,0,1.2
107,no_timeout,2,185,0.1519999999999868,0.04399999999998272,0,1.2
107,no_timeout,2,186,1.4700000000000273,0.053999999999973625,1,1.2
107,no_timeout,2,187,0.25200000000000955,1.603999999999985,0,1.2
107,no_timeout,2,188,1.6100000000000136,4.687999999999988,1,1.2
107,no_timeout,2,189,0.8559999999999945,1.2580000000000382,0,1.2
107,no_timeout,2,190,0.70799999999997,0.02600000000001046,0,1.2
107,no_timeout,2,191,0.03000000000002956,0.01599999999996271,0,1.2
107,no_timeout,2,192,0.29000000000002046,0.1139999999999759,0,1.2
107,no_timeout,2,193,0.4460000000000264,0.04599999999999227,0,1.2
107,no_timeout,2,194,0.3140000000000214,0.053999999999973625,0,1.2
107,no_timeout,2,195,0.6379999999999768,0.9120000000000346,0,1.2
107,no_timeout,2,196,1.9519999999999982,0.02600000000001046,1,1.2
107,no_timeout,2,197,0.3199999999999932,2.3039999999999736,0,1.2
107,no_timeout,2,198,2.0219999999999914,0.1560000000000059,1,1.2
107,no_timeout,2,199,0.1360000000000241,2.283999999999992,0,1.2
107,no_timeout,2,200,1.079999999999984,0.20000000000004547,0,1.2
107,no_timeout,2,201,1.0199999999999818,1.6719999999999686,0,1.2
107,no_timeout,2,202,0.6480000000000246,0.04599999999999227,0,1.2
107,no_timeout,2,203,0.1220000000000141,0.036000000000001364,0,1.2
107,no_timeout,2,204,0.37000000000000455,0.7939999999999827,0,1.2
107,no_timeout,2,205,2.8980000000000246,3.2339999999999804,1,1.2
107,no_timeout,2,206,1.0860000000000127,0.6719999999999686,0,1.2
107,no_timeout,2,207,1.372000000000014,3.6580000000000155,1,1.2
107,no_timeout,2,208,0.7740000000000009,1.391999999999996,0,1.2
107,no_timeout,2,209,0.5879999999999654,0.13400000000001455,0,1.2
107,no_timeout,2,210,0.48200000000002774,5.267999999999972,0,1.2
107,no_timeout,2,211,0.09600000000000364,0.20600000000001728,0,1.2
107,no_timeout,2,212,0.25,0.04800000000000182,0,1.2
107,no_timeout,2,213,0.038000000000010914,1.8319999999999936,0,1.2
107,no_timeout,2,214,1.47199999999998,0.09600000000000364,1,1.2
107,no_timeout,2,215,0.29599999999999227,2.0720000000000027,0,1.2
107,no_timeout,2,216,1.475999999999999,2.740000000000009,1,1.2
107,no_timeout,2,217,2.2520000000000095,0.057999999999992724,1,1.2
107,no_timeout,2,218,0.22399999999998954,2.216000000000008,0,1.2
107,no_timeout,2,219,1.5819999999999936,0.036000000000001364,1,1.2
107,no_timeout,2,220,0.15399999999999636,2.069999999999993,0,1.2
107,no_timeout,2,221,0.32600000000002183,0.12999999999999545,0,1.2
107,no_timeout,2,222,1.5600000000000023,2.548000000000002,1,1.2
107,no_timeout,2,223,0.26200000000000045,0.01799999999997226,0,1.2
107,no_timeout,2,224,0.7100000000000364,0.15399999999999636,0,1.2
107,no_timeout,2,225,0.16999999999995907,1.0120000000000005,0,1.2
107,no_timeout,2,226,1.0,0.1300000000000523,0,1.2
107,no_timeout,2,227,0.12199999999995725,0.8520000000000323,0,1.2
107,no_timeout,2,228,0.9879999999999995,0.8619999999999663,0,1.2
107,no_timeout,2,229,0.24600000000003774,0.049999999999954525,0,1.2
107,no_timeout,2,230,0.03000000000002956,1.052000000000021,0,1.2
107,no_timeout,2,231,2.155999999999949,2.504000000000019,1,1.2
107,no_timeout,2,232,0.3620000000000232,0.02400000000000091,0,1.2
107,no_timeout,2,233,0.7699999999999818,0.007999999999981355,0,1.2
107,no_timeout,2,234,0.8199999999999932,0.07400000000001228,0,1.2
107,no_timeout,2,235,0.04400000000003956,0.7679999999999723,0,1.2
107,no_timeout,2,236,1.0600000000000023,0.029999999999972715,0,1.2
107,no_timeout,2,237,0.09800000000001319,0.033999999999991815,0,1.2
107,no_timeout,2,238,0.17400000000003502,0.060000000000002274,0,1.2
107,no_timeout,2,239,0.3499999999999659,1.51400000000001,0,1.2
107,no_timeout,2,240,0.160000000000025,0.10199999999997544,0,1.2
107,no_timeout,2,241,0.27800000000002,0.07400000000001228,0,1.2
107,no_timeout,2,242,0.37199999999995725,0.057999999999992724,0,1.2
107,no_timeout,2,243,0.8080000000000496,1.7579999999999814,0,1.2
107,no_timeout,2,244,0.1139999999999759,0.02600000000001046,0,1.2
107,no_timeout,2,245,0.23599999999999,0.09000000000003183,0,1.2
107,no_timeout,2,246,0.11199999999996635,0.28400000000004866,0,1.2
107,no_timeout,2,247,2.103999999999985,0.060000000000002274,1,1.2
107,no_timeout,2,248,0.09600000000000364,2.0499999999999545,0,1.2
107,no_timeout,2,249,1.5300000000000296,2.4780000000000086,1,1.2
107,no_timeout,2,250,0.2659999999999627,0.03400000000004866,0,1.2
107,no_timeout,2,251,0.4339999999999691,0.018000000000029104,0,1.2
107,no_timeout,2,252,1.5819999999999936,0.02199999999999136,1,1.2
107,no_timeout,2,253,0.32799999999997453,3.1160000000000423,0,1.2
107,no_timeout,2,254,1.1099999999999568,0.04400000000003956,0,1.2
107,no_timeout,2,255,0.03999999999996362,1.156000000000006,0,1.2
107,no_timeout,2,256,1.3880000000000337,0.02199999999999136,1,1.2
107,no_timeout,2,257,0.21199999999998909,0.06799999999998363,0,1.2
107,no_timeout,2,258,0.5840000000000032,2.093999999999994,0,1.2
107,no_timeout,2,259,2.6620000000000346,5.421999999999969,1,1.2
107,no_timeout,2,260,0.7860000000000014,0.17599999999998772,0,1.2
107,no_timeout,2,261,0.6940000000000168,2.7620000000000005,0,1.2
107,no_timeout,2,262,0.3620000000000232,0.16800000000000637,0,1.2
107,no_timeout,2,263,0.13999999999998636,0.057999999999992724,0,1.2
107,no_timeout,2,264,0.1279999999999859,0.37400000000002365,0,1.2
107,no_timeout,2,265,1.4180000000000064,0.132000000000005,1,1.2
107,no_timeout,2,266,0.18599999999997863,3.0919999999999845,0,1.2
107,no_timeout,2,267,0.5900000000000318,0.029999999999972715,0,1.2
107,no_timeout,2,268,1.018000000000029,0.09399999999999409,0,1.2
107,no_timeout,2,269,0.3079999999999927,0.08199999999999363,0,1.2
107,no_timeout,2,270,0.6100000000000136,0.20999999999997954,0,1.2
107,no_timeout,2,271,0.08400000000000318,0.057999999999992724,0,1.2
107,no_timeout,2,272,0.3079999999999927,0.09399999999999409,0,1.2
107,no_timeout,2,273,0.2400000000000091,0.13800000000003365,0,1.2
107,no_timeout,2,274,0.12999999999999545,0.103999999999985,0,1.2
107,no_timeout,2,275,0.06400000000002137,2.183999999999969,0,1.2
107,no_timeout,2,276,1.3840000000000146,0.02800000000002001,1,1.2
107,no_timeout,2,277,0.15399999999999636,1.5439999999999827,0,1.2
107,no_timeout,2,278,2.0499999999999545,2.6000000000000227,1,1.2
107,no_timeout,2,279,2.447999999999979,2.660000000000082,1,1.2
107,no_timeout,2,280,1.6999999999999318,2.1900000000000546,1,1.2
107,no_timeout,2,281,0.4119999999999209,0.06000000000005912,0,1.2
107,no_timeout,2,282,2.533999999999992,2.7240000000000464,1,1.2
107,no_timeout,2,283,1.717999999999961,2.6860000000000355,1,1.2
107,no_timeout,2,284,0.8719999999999573,2.6299999999999955,0,1.2
107,no_timeout,2,285,0.37199999999995725,0.08199999999999363,0,1.2
107,no_timeout,2,286,0.18000000000006366,0.7419999999999618,0,1.2
107,no_timeout,2,287,0.2480000000000473,0.05999999999994543,0,1.2
107,no_timeout,2,288,1.7300000000000182,0.14600000000007185,1,1.2
107,no_timeout,2,289,0.18599999999992178,4.012000000000057,0,1.2
107,no_timeout,2,290,1.3099999999999454,4.382000000000062,1,1.2
107,no_timeout,2,291,1.7999999999999545,0.03999999999996362,1,1.2
107,no_timeout,2,292,0.2620000000000573,2.6860000000000355,0,1.2
107,no_timeout,2,293,0.4739999999999327,0.2300000000000182,0,1.2
107,no_timeout,2,294,0.14200000000005275,0.09399999999993724,0,1.2
107,no_timeout,2,295,0.2720000000000482,0.033999999999991815,0,1.2
107,no_timeout,2,296,0.10000000000002274,2.13799999999992,0,1.2
107,no_timeout,2,297,0.5240000000000009,0.07000000000005002,0,1.2
107,no_timeout,2,298,0.4959999999999809,0.03599999999994452,0,1.2
107,no_timeout,2,299,0.21400000000005548,1.197999999999979,0,1.2
107,no_timeout,2,300,1.6440000000000055,8.823999999999955,1,1.2
107,no_timeout,2,301,1.330000000000041,0.04800000000000182,1,1.2
107,no_timeout,2,302,0.2820000000000391,2.0019999999999527,0,1.2
107,no_timeout,2,303,1.0299999999999727,0.04600000000004911,0,1.2
107,no_timeout,2,304,1.07000000000005,2.6079999999999472,0,1.2
107,no_timeout,2,305,1.1000000000000227,0.04399999999998272,0,1.2
107,no_timeout,2,306,0.5499999999999545,1.7980000000000018,0,1.2
107,no_timeout,2,307,1.274000000000001,2.9680000000000746,1,1.2
107,no_timeout,2,308,0.65199999999993,1.4340000000000828,0,1.2
107,no_timeout,2,309,2.0299999999999727,1.9519999999999982,1,1.2
107,no_timeout,2,310,1.9360000000000355,2.1159999999999854,1,1.2
107,no_timeout,2,311,1.8139999999999645,4.8659999999999854,1,1.2
107,no_timeout,2,312,0.5739999999999554,1.0820000000001073,0,1.2
107,no_timeout,2,313,1.2899999999999636,2.877999999999929,1,1.2
107,no_timeout,2,314,0.9380000000001019,0.16800000000000637,0,1.2
107,no_timeout,2,315,0.06399999999996453,1.2939999999999827,0,1.2
107,no_timeout,2,316,2.2000000000000455,4.75,1,1.2
107,no_timeout,2,317,0.2799999999999727,0.038000000000010914,0,1.2
107,no_timeout,2,318,0.37400000000002365,1.4879999999999427,0,1.2
107,no_timeout,2,319,0.7279999999999518,0.02400000000000091,0,1.2
107,no_timeout,2,320,1.9320000000000164,0.08000000000004093,1,1.2
107,no_timeout,2,321,0.2580000000000382,2.25,0,1.2
107,no_timeout,2,322,1.8059999999999263,0.05000000000006821,1,1.2
107,no_timeout,2,323,0.03199999999992542,0.012000000000057298,0,1.2
107,no_timeout,2,324,0.23599999999999,1.77800000000002,0,1.2
107,no_timeout,2,325,2.1440000000000055,1.975999999999999,1,1.2
107,no_timeout,2,326,1.9259999999999309,2.8700000000000045,1,1.2
107,no_timeout,2,327,2.0400000000000773,2.967999999999961,1,1.2
107,no_timeout,2,328,1.67999999999995,2.018000000000029,1,1.2
107,no_timeout,2,329,1.97199999999998,2.2760000000000673,1,1.2
107,no_timeout,2,330,2.467999999999961,1.6660000000000537,1,1.2
107,no_timeout,2,331,1.9259999999999309,1.802000000000021,1,1.2
107,no_timeout,2,332,1.7000000000000455,2.1399999999999864,1,1.2
107,no_timeout,2,333,1.3179999999999836,2.0599999999999454,1,1.2
107,no_timeout,2,334,1.98599999999999,2.588000000000079,1,1.2
107,no_timeout,2,335,1.7939999999999827,2.201999999999998,1,1.2
107,no_timeout,2,336,1.4499999999999318,1.83400000000006,1,1.2
107,no_timeout,2,337,1.4519999999999982,2.6820000000000164,1,1.2
107,no_timeout,2,338,1.0459999999999354,1.82000000000005,0,1.2
107,no_timeout,2,339,1.009999999999991,0.2340000000000373,0,1.2
107,no_timeout,2,340,0.05999999999994543,0.11400000000003274,0,1.2
107,no_timeout,2,341,0.5359999999999445,0.038000000000010914,0,1.2
107,no_timeout,2,342,1.4060000000000628,0.08999999999991815,1,1.2
107,no_timeout,2,343,0.37200000000007094,1.6359999999999673,0,1.2
107,no_timeout,2,344,1.5900000000000318,2.04200000000003,1,1.2
107,no_timeout,2,345,1.3759999999999764,4.399999999999977,1,1.2
107,no_timeout,2,346,0.08600000000001273,0.14800000000002456,0,1.2
107,no_timeout,2,347,0.15199999999992997,0.9759999999999991,0,1.2
107,no_timeout,2,348,1.6739999999999782,3.0340000000001055,1,1.2
107,no_timeout,2,349,1.5079999999999245,2.0439999999999827,1,1.2
107,no_timeout,2,350,3.1680000000000064,0.05400000000008731,1,1.2
107,no_timeout,2,351,0.2259999999999991,1.6159999999999854,0,1.2
107,no_timeout,2,352,2.5499999999999545,1.7000000000000455,1,1.2
107,no_timeout,2,353,2.141999999999939,2.268000000000029,1,1.2
107,no_timeout,2,354,3.490000000000009,2.1140000000000327,1,1.2
107,no_timeout,2,355,1.481999999999971,2.0299999999999727,1,1.2
107,no_timeout,2,356,1.9220000000000255,2.395999999999958,1,1.2
107,no_timeout,2,357,2.3460000000000036,2.1720000000000255,1,1.2
107,no_timeout,2,358,1.6019999999999754,1.6240000000000236,1,1.2
107,no_timeout,2,359,1.754000000000019,2.1359999999999673,1,1.2
107,no_timeout,2,360,1.8959999999999582,2.1280000000000427,1,1.2
107,no_timeout,2,361,0.38999999999998636,0.8540000000000418,0,1.2
107,no_timeout,2,362,1.627999999999929,2.828000000000088,1,1.2
107,no_timeout,2,363,1.5059999999999718,3.4020000000000437,1,1.2
107,no_timeout,2,364,0.11999999999989086,1.36200000000008,0,1.2
107,no_timeout,2,365,1.0459999999999354,0.10000000000002274,0,1.2
107,no_timeout,2,366,0.39200000000005275,0.05599999999992633,0,1.2
107,no_timeout,2,367,0.03200000000003911,0.053999999999973625,0,1.2
107,no_timeout,2,368,1.018000000000029,0.04600000000004911,0,1.2
107,no_timeout,2,369,0.2139999999999418,0.01599999999996271,0,1.2
107,no_timeout,2,370,0.42400000000009186,1.0599999999999454,0,1.2
107,no_timeout,2,371,0.13400000000001455,0.045999999999935426,0,1.2
107,no_timeout,2,372,1.2260000000001128,0.023999999999887223,1,1.2
107,no_timeout,2,373,0.900000000000091,2.145999999999958,0,1.2
107,no_timeout,2,374,1.6440000000000055,1.7899999999999636,1,1.2
107,no_timeout,2,375,1.82000000000005,2.7859999999999445,1,1.2
107,no_timeout,2,376,1.608000000000061,1.5459999999999354,1,1.2
107,no_timeout,2,377,1.9060000000000628,1.5459999999999354,1,1.2
107,no_timeout,2,378,2.5020000000000664,1.7019999999999982,1,1.2
107,no_timeout,2,379,1.8500000000000227,4.227999999999952,1,1.2
107,no_timeout,2,380,1.538000000000011,2.0839999999999463,1,1.2
107,no_timeout,2,381,1.594000000000051,3.288000000000011,1,1.2
107,no_timeout,2,382,1.4980000000000473,0.041999999999916326,1,1.2
107,no_timeout,2,383,0.04399999999998272,1.1400000000001,0,1.2
107,no_timeout,2,384,2.0579999999999927,2.3439999999999372,1,1.2
107,no_timeout,2,385,1.9940000000000282,1.5819999999999936,1,1.2
107,no_timeout,2,386,2.1440000000000055,1.3659999999999854,1,1.2
107,no_timeout,2,387,2.1340000000000146,1.9700000000000273,1,1.2
107,no_timeout,2,388,2.41599999999994,1.725999999999999,1,1.2
107,no_timeout,2,389,1.9120000000000346,1.9080000000000155,1,1.2
107,no_timeout,2,390,1.7759999999999536,1.5879999999999654,1,1.2
107,no_timeout,2,391,1.2660000000000764,5.072000000000003,1,1.2
107,no_timeout,2,392,1.5159999999999627,0.04600000000004911,1,1.2
107,no_timeout,2,393,0.038000000000010914,3.0939999999999372,0,1.2
107,no_timeout,2,394,1.6019999999999754,2.466000000000008,1,1.2
107,no_timeout,2,395,1.782000000000039,0.03599999999994452,1,1.2
107,no_timeout,2,396,0.09200000000009823,1.8039999999999736,0,1.2
107,no_timeout,2,397,3.1000000000000227,2.1399999999999864,1,1.2
107,no_timeout,2,398,2.1219999999999573,2.6900000000000546,1,1.2
107,no_timeout,2,399,0.8859999999999673,0.5979999999999563,0,1.2
107,no_timeout,2,400,0.5940000000000509,1.3439999999999372,0,1.2
107,no_timeout,2,401,1.330000000000041,3.283999999999992,1,1.2
107,no_timeout,2,402,1.4279999999999973,1.9099999999999682,1,1.2
107,no_timeout,2,403,1.9840000000000373,0.03200000000003911,1,1.2
107,no_timeout,2,404,0.06999999999993634,1.7480000000000473,0,1.2
107,no_timeout,2,405,1.711999999999989,2.0779999999999745,1,1.2
107,no_timeout,2,406,2.1259999999999764,1.7440000000000282,1,1.2
107,no_timeout,2,407,2.008000000000038,3.0679999999999836,1,1.2
107,no_timeout,2,408,2.6019999999999754,1.9880000000000564,1,1.2
107,no_timeout,2,409,2.397999999999911,1.54200000000003,1,1.2
107,no_timeout,2,410,2.1960000000000264,3.703999999999951,1,1.2
107,no_timeout,2,411,1.3680000000000518,4.566000000000031,1,1.2
107,no_timeout,2,412,0.6059999999999945,1.1299999999999955,0,1.2
107,no_timeout,2,413,1.5620000000000118,0.01999999999998181,1,1.2
107,no_timeout,2,414,0.2719999999999345,2.1840000000000828,0,1.2
107,no_timeout,2,415,2.2779999999999063,4.240000000000009,1,1.2
107,no_timeout,2,416,1.7340000000000373,3.433999999999969,1,1.2
107,no_timeout,2,417,1.6900000000000546,3.0720000000000027,1,1.2
107,no_timeout,2,418,0.9919999999999618,1.6320000000000618,0,1.2
107,no_timeout,2,419,0.09600000000000364,0.033999999999991815,0,1.2
107,no_timeout,2,420,1.1159999999999854,0.01599999999996271,0,1.2
107,no_timeout,2,421,0.32000000000005,0.8239999999999554,0,1.2
107,no_timeout,2,422,1.9600000000000364,0.02800000000002001,1,1.2
107,no_timeout,2,423,0.4339999999999691,3.0159999999999627,0,1.2
107,no_timeout,2,424,2.310000000000059,2.2759999999999536,1,1.2
107,no_timeout,2,425,1.6459999999999582,1.8319999999999936,1,1.2
107,no_timeout,2,426,1.9940000000000282,2.0120000000000573,1,1.2
107,no_timeout,2,427,1.981999999999971,0.12800000000004275,1,1.2
107,no_timeout,2,428,0.18599999999992178,2.2900000000000773,0,1.2
107,no_timeout,2,429,2.617999999999938,1.6580000000000155,1,1.2
107,no_timeout,2,430,4.847999999999956,5.132000000000062,1,1.2
107,no_timeout,2,431,1.0439999999999827,0.8220000000000027,0,1.2
107,no_timeout,2,432,1.8339999999999463,3.4160000000000537,1,1.2
107,no_timeout,2,433,0.8959999999999582,0.6059999999999945,0,1.2
107,no_timeout,2,434,1.3460000000000036,0.016000000000076398,1,1.2
107,no_timeout,2,435,0.35199999999997544,2.159999999999968,0,1.2
107,no_timeout,2,436,1.7799999999999727,3.07000000000005,1,1.2
107,no_timeout,2,437,1.6599999999999682,1.6620000000000346,1,1.2
107,no_timeout,2,438,2.75,2.6860000000000355,1,1.2
107,no_timeout,2,439,1.6779999999999973,2.1639999999999873,1,1.2
107,no_timeout,2,440,1.8740000000000236,1.2059999999999036,1,1.2
107,no_timeout,2,441,1.9519999999999982,3.8160000000001446,1,1.2
107,no_timeout,2,442,0.23799999999982901,1.762000000000171,0,1.2
107,no_timeout,2,443,0.18399999999996908,0.23799999999982901,0,1.2
107,no_timeout,2,444,1.4880000000000564,2.5979999999999563,1,1.2
107,no_timeout,2,445,2.1280000000001564,2.3740000000000236,1,1.2
107,no_timeout,2,446,2.237999999999829,6.732000000000198,1,1.2
107,no_timeout,2,447,2.0679999999999836,2.4759999999998854,1,1.2
107,no_timeout,2,448,1.2999999999999545,3.3460000000000036,1,1.2
107,no_timeout,2,449,1.0440000000000964,1.3019999999999072,0,1.2
107,no_timeout,2,450,1.3360000000000127,2.018000000000029,1,1.2
107,no_timeout,2,451,2.5720000000001164,0.038000000000010914,1,1.2
107,no_timeout,2,452,1.1639999999999873,1.8999999999998636,0,1.2
107,no_timeout,2,453,2.0699999999999363,0.020000000000209184,1,1.2
107,no_timeout,2,454,0.4219999999997981,1.9540000000001783,0,1.2
107,no_timeout,2,455,1.977999999999838,2.214000000000169,1,1.2
107,no_timeout,2,456,1.6099999999999,1.6099999999999,1,1.2
107,no_timeout,2,457,2.568000000000211,1.7359999999998763,1,1.2
107,no_timeout,2,458,1.8320000000001073,1.8759999999999764,1,1.2
107,no_timeout,2,459,2.758000000000038,2.8559999999999945,1,1.2
107,no_timeout,2,460,2.8899999999998727,3.9760000000001128,1,1.2
107,no_timeout,2,461,1.9939999999999145,2.2999999999999545,1,1.2
107,no_timeout,2,462,1.7100000000000364,2.231999999999971,1,1.2
107,no_timeout,2,463,2.2180000000000746,2.8279999999999745,1,1.2
107,no_timeout,2,464,2.6620000000000346,2.895999999999958,1,1.2
107,no_timeout,2,465,1.6900000000000546,4.727999999999838,1,1.2
107,no_timeout,2,466,1.206000000000131,2.3559999999999945,1,1.2
107,no_timeout,2,467,1.3079999999999927,2.0139999999998963,1,1.2
107,no_timeout,2,468,1.8880000000001473,2.298000000000002,1,1.2
107,no_timeout,2,469,1.6099999999999,3.0679999999999836,1,1.2
107,no_timeout,2,470,0.6800000000000637,1.2980000000000018,0,1.2
107,no_timeout,2,471,1.9239999999999782,2.8099999999999454,1,1.2
107,no_timeout,2,472,2.032000000000153,2.49799999999982,1,1.2
107,no_timeout,2,473,2.548000000000002,21.508000000000038,1,1.2
107,no_timeout,2,474,0.6320000000000618,0.01999999999998181,0,1.2
107,no_timeout,2,475,0.7880000000000109,1.2260000000001128,0,1.2
107,no_timeout,2,476,1.6440000000000055,3.3859999999999673,1,1.2
107,no_timeout,2,477,1.3519999999998618,5.19600000000014,1,1.2
107,no_timeout,2,478,0.9539999999999509,1.9759999999998854,0,1.2
107,no_timeout,2,479,1.7080000000000837,4.238000000000056,1,1.2
107,no_timeout,2,480,1.7339999999999236,2.6920000000000073,1,1.2
107,no_timeout,2,481,1.490000000000009,16.246000000000095,1,1.2
107,no_timeout,2,482,1.0699999999999363,1.44399999999996,0,1.2
107,no_timeout,2,483,1.13799999999992,1.0679999999999836,0,1.2
107,no_timeout,2,484,1.038000000000011,0.016000000000076398,0,1.2
107,no_timeout,2,485,0.38000000000010914,12.105999999999995,0,1.2
107,no_timeout,2,486,1.3260000000000218,3.231999999999971,1,1.2
107,no_timeout,2,487,1.515999999999849,3.4220000000000255,1,1.2
107,no_timeout,2,488,1.0420000000001437,1.52599999999984,0,1.2
107,no_timeout,2,489,0.9640000000001692,1.6039999999998145,0,1.2
107,no_timeout,2,490,1.3020000000001346,2.2100000000000364,1,1.2
107,no_timeout,2,491,1.8059999999998126,1.7180000000000746,1,1.2
107,no_timeout,2,492,1.5820000000001073,2.08199999999988,1,1.2
107,no_timeout,2,493,1.7960000000000491,1.518000000000029,1,1.2
107,no_timeout,2,494,1.80600000000004,1.8740000000000236,1,1.2
107,no_timeout,2,495,1.7899999999999636,4.905999999999949,1,1.2
107,no_timeout,2,496,1.1879999999998745,0.7800000000002001,0,1.2
107,no_timeout,2,497,1.1779999999998836,1.9500000000000455,0,1.2
107,no_timeout,2,498,1.2699999999999818,0.05400000000008731,1,1.2
107,no_timeout,2,499,0.3079999999999927,1.3379999999999654,0,1.2
107,no_timeout,2,500,1.759999999999991,1.6040000000000418,1,1.2
107,no_timeout,2,501,2.043999999999869,1.734000000000151,1,1.2
107,no_timeout,2,502,1.8399999999999181,1.7560000000000855,1,1.2
107,no_timeout,2,503,2.0179999999998017,1.5900000000001455,1,1.2
107,no_timeout,2,504,2.543999999999869,2.9260000000001583,1,1.2
107,no_timeout,2,505,1.8239999999998417,3.548000000000002,1,1.2
107,no_timeout,2,506,2.158000000000129,0.02800000000002001,1,1.2
107,no_timeout,2,507,0.34399999999982356,1.8960000000001855,0,1.2
107,no_timeout,2,508,1.7539999999999054,1.4960000000000946,1,1.2
107,no_timeout,2,509,1.5979999999999563,2.25,1,1.2
107,no_timeout,2,510,0.7439999999999145,1.211999999999989,0,1.2
107,no_timeout,2,511,0.17200000000002547,1.6320000000000618,0,1.2
107,no_timeout,2,512,2.3079999999999927,0.12400000000002365,1,1.2
107,no_timeout,2,513,0.11199999999985266,2.2320000000001983,0,1.2
107,no_timeout,2,514,1.459999999999809,2.1240000000000236,1,1.2
107,no_timeout,2,515,1.509999999999991,1.7740000000001146,1,1.2
107,no_timeout,2,516,1.9980000000000473,2.826000000000022,1,1.2
107,no_timeout,2,517,1.9939999999999145,1.6520000000000437,1,1.2
107,no_timeout,2,518,1.7200000000000273,0.035999999999830834,1,1.2
107,no_timeout,2,519,0.12400000000002365,1.678000000000111,0,1.2
107,no_timeout,2,520,3.2380000000000564,2.5419999999999163,1,1.2
107,no_timeout,2,521,2.173999999999978,2.1900000000000546,1,1.2
107,no_timeout,2,522,1.94399999999996,2.536000000000058,1,1.2
107,no_timeout,2,523,2.6359999999999673,2.5119999999999436,1,1.2
107,no_timeout,2,524,1.6539999999999964,2.796000000000049,1,1.2
107,no_timeout,2,525,2.0260000000000673,1.88799999999992,1,1.2
107,no_timeout,2,526,2.811999999999898,2.0440000000000964,1,1.2
107,no_timeout,2,527,1.5499999999999545,1.7819999999999254,1,1.2
107,no_timeout,2,528,2.008000000000038,1.8900000000001,1,1.2
107,no_timeout,2,529,2.349999999999909,2.0979999999999563,1,1.2
107,no_timeout,2,530,1.818000000000211,1.6259999999999764,1,1.2
107,no_timeout,2,531,3.2439999999999145,8.433999999999969,1,1.2
107,no_timeout,2,532,1.456000000000131,2.97199999999998,1,1.2
107,no_timeout,2,533,1.518000000000029,2.0699999999999363,1,1.2
107,no_timeout,2,534,1.3299999999999272,2.2619999999999436,1,1.2
107,no_timeout,2,535,1.8460000000000036,3.538000000000011,1,1.2
107,no_timeout,2,536,1.3759999999999764,2.16800000000012,1,1.2
107,no_timeout,2,537,2.230000000000018,2.6539999999999964,1,1.2
107,no_timeout,2,538,2.1779999999998836,1.8759999999999764,1,1.2
107,no_timeout,2,539,2.3360000000000127,7.788000000000011,1,1.2
107,no_timeout,2,540,1.2640000000001237,5.703999999999951,1,1.2
107,no_timeout,2,541,0.9960000000000946,0.9119999999998072,0,1.2
107,no_timeout,2,542,1.5700000000001637,2.25,1,1.2
107,no_timeout,2,543,1.268000000000029,1.6440000000000055,1,1.2
107,no_timeout,2,544,2.3639999999998054,2.3020000000001346,1,1.2
107,no_timeout,2,545,1.5260000000000673,1.711999999999989,1,1.2
107,no_timeout,2,546,1.8799999999998818,1.8540000000000418,1,1.2
107,no_timeout,2,547,1.83199999999988,1.9100000000000819,1,1.2
107,no_timeout,2,548,3.0579999999999927,1.961999999999989,1,1.2
107,no_timeout,2,549,2.86200000000008,2.296000000000049,1,1.2
107,no_timeout,2,550,1.7439999999999145,1.655999999999949,1,1.2
107,no_timeout,2,551,2.6900000000000546,2.546000000000049,1,1.2
107,no_timeout,2,552,1.58199999999988,1.7080000000000837,1,1.2
107,no_timeout,2,553,2.2059999999999036,1.6580000000001291,1,1.2
107,no_timeout,2,554,2.258000000000038,1.9359999999999218,1,1.2
107,no_timeout,2,555,1.9300000000000637,2.821999999999889,1,1.2
107,no_timeout,2,556,2.6539999999999964,2.2619999999999436,1,1.2
107,no_timeout,2,557,2.234000000000151,2.4700000000000273,1,1.2
107,no_timeout,2,558,2.9379999999998745,2.258000000000038,1,1.2
107,no_timeout,2,559,1.0019999999999527,1.1280000000001564,0,1.2
107,no_timeout,2,560,1.6259999999999764,2.6820000000000164,1,1.2
107,no_timeout,2,561,2.9859999999998763,8.596000000000004,1,1.2
107,no_timeout,2,562,1.3179999999999836,3.36200000000008,1,1.2
107,no_timeout,2,563,1.4400000000000546,2.3899999999998727,1,1.2
107,no_timeout,2,564,2.05600000000004,2.740000000000009,1,1.2
107,no_timeout,2,565,1.8119999999998981,5.380000000000109,1,1.2
107,no_timeout,2,566,1.4139999999999873,4.425999999999931,1,1.2
107,no_timeout,2,567,1.7360000000001037,3.41599999999994,1,1.2
107,no_timeout,2,568,1.8599999999999,2.602000000000089,1,1.2
107,no_timeout,2,569,2.2100000000000364,5.163999999999987,1,1.2
107,no_timeout,2,570,1.5119999999999436,1.94600000000014,1,1.2
107,no_timeout,2,571,3.1099999999999,1.6900000000000546,1,1.2
107,no_timeout,2,572,3.6240000000000236,2.3859999999999673,1,1.2
107,no_timeout,2,573,1.9120000000000346,2.0860000000000127,1,1.2
107,no_timeout,2,574,1.8139999999998508,1.9800000000000182,1,1.2
107,no_timeout,2,575,3.490000000000009,7.819999999999936,1,1.2
107,no_timeout,2,576,1.4380000000001019,3.6539999999999964,1,1.2
107,no_timeout,2,577,1.0440000000000964,1.6920000000000073,0,1.2
107,no_timeout,2,578,0.041999999999916326,10.210000000000036,0,1.2
107,no_timeout,2,579,1.4220000000000255,2.3279999999999745,1,1.2
107,no_timeout,2,580,1.9880000000000564,1.8339999999998327,1,1.2
107,no_timeout,2,581,1.481999999999971,2.2740000000001146,1,1.2
107,no_timeout,2,582,1.38799999999992,2.796000000000049,1,1.2
107,no_timeout,2,583,1.1479999999999109,2.282000000000153,0,1.2
107,no_timeout,2,584,0.8799999999998818,1.6860000000001492,0,1.2
107,no_timeout,2,585,1.6739999999999782,12.099999999999909,1,1.2
107,no_timeout,2,586,1.3520000000000891,2.6599999999998545,1,1.2
107,no_timeout,2,587,2.1159999999999854,1.7640000000001237,1,1.2
107,no_timeout,2,588,2.1579999999999018,3.2760000000000673,1,1.2
107,no_timeout,2,589,0.38599999999996726,1.6920000000000073,0,1.2
107,no_timeout,2,590,1.268000000000029,2.0860000000000127,1,1.2
107,no_timeout,2,591,2.183999999999969,4.663999999999987,1,1.2
107,no_timeout,2,592,0.8199999999999363,1.711999999999989,0,1.2
107,no_timeout,2,593,1.1560000000001764,1.9739999999999327,0,1.2
107,no_timeout,2,594,1.2180000000000746,2.7719999999999345,1,1.2
107,no_timeout,2,595,2.339999999999918,10.868000000000166,1,1.2
107,no_timeout,2,596,0.9779999999998381,0.9600000000000364,0,1.2
107,no_timeout,2,597,1.1600000000000819,3.4139999999999873,0,1.2
107,no_timeout,2,598,1.490000000000009,4.182000000000016,1,1.2
107,no_timeout,2,599,1.0679999999999836,2.311999999999898,0,1.2
107,no_timeout,2,600,1.1920000000000073,0.9639999999999418,0,1.2
107,no_timeout,2,601,1.5480000000000018,1.9760000000001128,1,1.2
107,no_timeout,2,602,2.509999999999991,1.61200000000008,1,1.2
107,no_timeout,2,603,2.6059999999999945,7.439999999999827,1,1.2
107,no_timeout,2,604,1.4120000000000346,2.0160000000000764,1,1.2
107,no_timeout,2,605,1.788000000000011,1.6859999999999218,1,1.2
107,no_timeout,2,606,1.0520000000001346,5.295999999999822,0,1.2
107,no_timeout,2,607,1.1400000000001,2.1700000000000728,0,1.2
107,no_timeout,2,608,1.24799999999982,1.8820000000000618,1,1.2
107,no_timeout,2,609,1.8600000000001273,2.72199999999998,1,1.2
107,no_timeout,2,610,0.9859999999998763,1.1720000000000255,0,1.2
107,no_timeout,2,611,1.650000000000091,3.0599999999999454,1,1.2
107,no_timeout,2,612,1.5920000000000982,0.08799999999996544,1,1.2
107,no_timeout,2,613,0.12400000000002365,1.7980000000000018,0,1.2
107,no_timeout,2,614,3.1679999999998927,4.779999999999973,1,1.2
107,no_timeout,2,615,2.1259999999999764,5.448000000000093,1,1.2
107,no_timeout,2,616,2.4279999999998836,2.0779999999999745,1,1.2
107,no_timeout,2,617,2.3780000000001564,7.559999999999945,1,1.2
107,no_timeout,2,618,3.1980000000000928,4.403999999999996,1,1.2
107,no_timeout,2,619,1.5339999999998781,6.330000000000155,1,1.2
107,no_timeout,2,620,1.8599999999999,4.796000000000049,1,1.2
107,no_timeout,2,621,1.8399999999999181,3.08400000000006,1,1.2
107,no_timeout,2,622,1.1440000000000055,1.3240000000000691,0,1.2
107,no_timeout,2,623,1.5919999999998709,5.324000000000069,1,1.2
107,no_timeout,2,624,1.2960000000000491,6.933999999999969,1,1.2
107,no_timeout,2,625,0.543999999999869,2.032000000000153,0,1.2
107,no_timeout,2,626,1.2079999999998563,2.36200000000008,1,1.2
107,no_timeout,2,627,2.0519999999999072,2.0060000000000855,1,1.2
107,no_timeout,2,628,2.3379999999999654,2.602000000000089,1,1.2
107,no_timeout,2,629,2.9199999999998454,6.560000000000173,1,1.2
107,no_timeout,2,630,1.7259999999998854,5.370000000000118,1,1.2
107,no_timeout,2,631,2.453999999999951,5.149999999999864,1,1.2
107,no_timeout,2,632,1.7820000000001528,2.953999999999951,1,1.2
107,no_timeout,2,633,3.0860000000000127,6.296000000000049,1,1.2
107,no_timeout,2,634,1.22199999999998,6.475999999999885,1,1.2
107,no_timeout,2,635,1.8540000000000418,5.069999999999936,1,1.2
107,no_timeout,2,636,1.61200000000008,5.016000000000076,1,1.2
107,no_timeout,2,637,2.2919999999999163,7.5219999999999345,1,1.2
107,no_timeout,2,638,1.8659999999999854,8.206000000000131,1,1.2
107,no_timeout,2,639,2.1599999999998545,4.832000000000107,1,1.2
107,no_timeout,2,640,0.7940000000000964,1.821999999999889,0,1.2
107,no_timeout,2,641,2.9700000000000273,5.213999999999942,1,1.2
107,no_timeout,2,642,2.0520000000001346,5.427999999999884,1,1.2
107,no_timeout,2,643,1.6079999999999472,3.759999999999991,1,1.2
107,no_timeout,2,644,1.4020000000000437,2.6720000000000255,1,1.2
107,no_timeout,2,645,1.7380000000000564,5.001999999999953,1,1.2
107,no_timeout,2,646,0.6320000000000618,1.8260000000000218,0,1.2
107,no_timeout,2,647,1.4199999999998454,3.4880000000000564,1,1.2
107,no_timeout,2,648,2.4400000000000546,7.675999999999931,1,1.2
107,no_timeout,2,649,1.5960000000000036,4.3120000000001255,1,1.2
107,no_timeout,2,650,2.5279999999997926,8.27000000000021,1,1.2
107,no_timeout,2,651,2.117999999999938,4.94399999999996,1,1.2
107,no_timeout,2,652,1.7779999999997926,5.374000000000251,1,1.2
107,no_timeout,2,653,2.1100000000001273,30.34999999999991,1,1.2
107,no_timeout,2,654,0.2199999999997999,1.1520000000000437,0,1.2
107,no_timeout,2,655,0.38200000000006185,26.43600000000015,0,1.2
107,no_timeout,2,656,0.6140000000000327,24.89599999999973,0,1.2
107,no_timeout,2,657,1.1179999999999382,1.72400000000016,0,1.2
107,no_timeout,2,658,0.75,0.016000000000076398,0,1.2
107,no_timeout,2,659,1.9039999999999964,4.809999999999945,1,1.2
107,no_timeout,2,660,1.3659999999999854,3.0219999999999345,1,1.2
107,no_timeout,2,661,1.4459999999999127,0.03999999999996362,1,1.2
107,no_timeout,2,662,0.16000000000030923,1.7860000000000582,0,1.2
107,no_timeout,2,663,3.675999999999931,5.094000000000051,1,1.2
107,no_timeout,2,664,1.6720000000000255,10.023999999999887,1,1.2
107,no_timeout,2,665,0.9099999999998545,1.288000000000011,0,1.2
107,no_timeout,2,666,1.5760000000000218,2.3040000000000873,1,1.2
107,no_timeout,2,667,2.349999999999909,3.2080000000000837,1,1.2
107,no_timeout,2,668,1.88799999999992,3.6100000000001273,1,1.2
107,no_timeout,2,669,0.9699999999997999,1.4220000000000255,0,1.2
107,no_timeout,2,670,0.706000000000131,1.2280000000000655,0,1.2
107,no_timeout,2,671,1.5679999999997563,10.222000000000207,1,1.2
107,no_timeout,2,672,0.5019999999999527,1.30600000000004,0,1.2
107,no_timeout,2,673,2.1839999999997417,2.00400000000036,1,1.2
107,no_timeout,2,674,3.0859999999997854,2.043999999999869,1,1.2
107,no_timeout,2,675,2.742000000000189,2.52599999999984,1,1.2
107,no_timeout,2,676,9.984000000000378,4.579999999999927,1,1.2
107,no_timeout,2,677,2.25,2.518000000000029,1,1.2
107,no_timeout,2,678,2.27599999999984,11.039999999999964,1,1.2
107,no_timeout,2,679,1.33600000000024,3.8539999999998145,1,1.2
107,no_timeout,2,680,2.061999999999898,4.320000000000164,1,1.2
107,no_timeout,2,681,2.0099999999997635,2.794000000000324,1,1.2
107,no_timeout,2,682,1.8619999999996253,4.742000000000189,1,1.2
107,no_timeout,2,683,1.512000000000171,4.8840000000000146,1,1.2
107,no_timeout,2,684,1.5199999999999818,8.707999999999629,1,1.2
107,no_timeout,2,685,1.9780000000000655,4.928000000000338,1,1.2
107,no_timeout,2,686,1.6039999999998145,3.463999999999942,1,1.2
107,no_timeout,2,687,1.8200000000001637,8.973999999999705,1,1.2
107,no_timeout,2,688,1.5100000000002183,4.701999999999771,1,1.2
107,no_timeout,2,689,1.3220000000001164,10.822000000000116,1,1.2
107,no_timeout,2,690,1.4699999999998,5.242000000000189,1,1.2
107,no_timeout,2,691,1.2080000000000837,5.996000000000095,1,1.2
107,no_timeout,2,692,1.9839999999999236,4.7599999999997635,1,1.2
107,no_timeout,2,693,1.7420000000001892,8.38000000000011,1,1.2
107,no_timeout,2,694,1.7300000000000182,13.16399999999976,1,1.2
107,no_timeout,2,695,1.4839999999999236,4.6020000000003165,1,1.2
107,no_timeout,2,696,2.1299999999996544,8.950000000000273,1,1.2
107,no_timeout,2,697,1.7459999999996398,2.688000000000102,1,1.2
107,no_timeout,2,698,2.8580000000001746,5.2039999999997235,1,1.2
107,no_timeout,2,699,1.4440000000004147,2.451999999999771,1,1.2
107,no_timeout,2,700,2.5900000000001455,5.743999999999687,1,1.2
107,no_timeout,2,701,1.9320000000002437,6.16800000000012,1,1.2
107,no_timeout,2,702,1.8019999999996799,42.88000000000011,1,1.2
107,no_timeout,2,703,1.2660000000000764,3.043999999999869,1,1.2
107,no_timeout,2,704,0.7519999999999527,1.1320000000000618,0,1.2
107,no_timeout,2,705,1.3200000000001637,87.19599999999991,1,1.2
107,no_timeout,2,706,1.538000000000011,2.793999999999869,1,1.2
107,no_timeout,2,707,1.5579999999999927,1.8460000000000036,1,1.2
107,no_timeout,2,708,2.44399999999996,3.3700000000003456,1,1.2
107,no_timeout,2,709,1.6739999999999782,5.833999999999833,1,1.2
107,no_timeout,2,710,1.66800000000012,3.993999999999687,1,1.2
107,no_timeout,2,711,1.1320000000000618,1.3400000000001455,0,1.2
107,no_timeout,2,712,1.3359999999997854,1.9660000000003492,1,1.2
107,no_timeout,2,713,2.9359999999996944,17.596000000000004,1,1.2
107,no_timeout,2,714,1.155999999999949,1.6400000000003274,0,1.2
107,no_timeout,2,715,1.7579999999998108,0.09999999999990905,1,1.2
107,no_timeout,2,716,0.16000000000030923,1.643999999999778,0,1.2
107,no_timeout,2,717,4.039999999999964,2.298000000000229,1,1.2
107,no_timeout,2,718,2.324000000000069,4.7199999999998,1,1.2
107,no_timeout,2,719,1.6820000000002437,3.967999999999847,1,1.2
107,no_timeout,2,720,2.7460000000000946,1.9359999999996944,1,1.2
107,no_timeout,2,721,3.0,2.0979999999999563,1,1.2
107,no_timeout,2,722,2.686000000000149,1.7959999999998217,1,1.2
107,no_timeout,2,723,3.980000000000018,5.010000000000218,1,1.2
107,no_timeout,2,724,1.0859999999997854,1.8340000000002874,0,1.2
107,no_timeout,2,725,1.711999999999989,3.6279999999997017,1,1.2
107,no_timeout,2,726,2.6020000000003165,6.213999999999942,1,1.2
107,no_timeout,2,727,1.8519999999998618,1.856000000000222,1,1.2
107,no_timeout,2,728,3.255999999999858,6.036000000000058,1,1.2
107,no_timeout,2,729,0.08199999999987995,2.1660000000001673,0,1.2
107,no_timeout,2,730,1.6539999999999964,6.971999999999753,1,1.2
107,no_timeout,2,731,1.0660000000002583,1.9079999999999018,0,1.2
107,no_timeout,2,732,1.1840000000001965,1.16399999999976,0,1.2
107,no_timeout,2,733,1.9960000000000946,7.130000000000109,1,1.2
107,no_timeout,2,734,1.5499999999997272,5.211999999999989,1,1.2
107,no_timeout,2,735,1.4259999999999309,3.4200000000000728,1,1.2
107,no_timeout,2,736,3.0100000000002183,8.634000000000015,1,1.2
107,no_timeout,2,737,1.900000000000091,18.613999999999578,1,1.2
107,no_timeout,2,738,1.36200000000008,70.69000000000005,1,1.2
107,no_timeout,2,739,1.4380000000001019,10.585999999999785,1,1.2
107,no_timeout,2,740,1.6100000000001273,0.09000000000014552,1,1.2
107,no_timeout,2,741,0.07999999999992724,35.458000000000084,0,1.2
107,no_timeout,2,742,0.8739999999997963,0.0840000000002874,0,1.2
107,no_timeout,2,743,0.38999999999987267,2.117999999999938,0,1.2
107,no_timeout,2,744,4.246000000000095,0.07200000000011642,1,1.2
107,no_timeout,2,745,0.15999999999985448,3.375999999999749,0,1.2
107,no_timeout,2,746,1.30600000000004,16.06600000000026,1,1.2
107,no_timeout,2,747,0.9079999999999018,1.2420000000001892,0,1.2
107,no_timeout,2,748,0.9839999999999236,1.4359999999996944,0,1.2
107,no_timeout,2,749,2.7520000000004075,5.379999999999654,1,1.2
107,no_timeout,2,750,0.75,1.7160000000003492,0,1.2
107,no_timeout,2,751,1.2339999999999236,37.58799999999974,1,1.2
107,no_timeout,2,752,1.905999999999949,2.856000000000222,1,1.2
107,no_timeout,2,753,1.19399999999996,100.6840000000002,0,1.2
107,no_timeout,2,754,0.7919999999999163,298.2579999999998,0,1.2
107,no_timeout,2,755,1.550000000000182,6.2039999999997235,1,1.2
107,no_timeout,2,756,0.2580000000002656,2.576000000000022,0,1.2
107,no_timeout,2,757,1.3179999999997563,4.432000000000244,1,1.2
107,no_timeout,2,758,0.8159999999998035,34.021999999999935,0,1.2
107,no_timeout,2,759,1.9220000000000255,35.016000000000076,1,1.2
107,no_timeout,2,760,1.9580000000000837,9.516000000000076,1,1.2
107,no_timeout,2,761,2.2399999999997817,10.106000000000222,1,1.2
107,no_timeout,2,762,2.3899999999998727,6.695999999999913,1,1.2
107,no_timeout,2,763,1.94399999999996,32.072000000000116,1,1.2
107,no_timeout,2,764,1.3820000000000618,9.923999999999978,1,1.2
107,no_timeout,2,765,2.16800000000012,10.099999999999909,1,1.2
107,no_timeout,2,766,2.7840000000001055,28.748000000000047,1,1.2
107,no_timeout,2,767,1.3719999999998436,6.882000000000062,1,1.2
107,no_timeout,2,768,1.569999999999709,11.528000000000247,1,1.2
107,no_timeout,2,769,1.3719999999998436,16.43000000000029,1,1.2
107,no_timeout,2,770,1.6340000000000146,9.083999999999833,1,1.2
107,no_timeout,2,771,1.6199999999998909,8.197999999999865,1,1.2
107,no_timeout,2,772,1.4980000000000473,4.470000000000255,1,1.2
107,no_timeout,2,773,2.5459999999998217,9.653999999999996,1,1.2
107,no_timeout,2,774,1.6860000000001492,11.849999999999909,1,1.2
107,no_timeout,2,775,1.768000000000029,81.66600000000017,1,1.2
107,no_timeout,2,776,3.3479999999999563,19.07199999999966,1,1.2
107,no_timeout,2,777,0.6960000000003674,1.481999999999971,0,1.2
107,no_timeout,2,778,1.731999999999971,10.038000000000011,1,1.2
107,no_timeout,2,779,0.7919999999999163,4.869999999999891,0,1.2
107,no_timeout,2,780,2.6700000000000728,4.3840000000000146,1,1.2
107,no_timeout,2,781,1.344000000000051,25.784000000000106,1,1.2
107,no_timeout,2,782,1.0739999999996144,1.856000000000222,0,1.2
107,no_timeout,2,783,0.5039999999999054,2.0520000000001346,0,1.2
107,no_timeout,2,784,2.2779999999997926,23.422000000000025,1,1.2
107,no_timeout,2,785,1.9280000000003383,29.531999999999698,1,1.2
107,no_timeout,2,786,1.6040000000002692,2.6659999999997126,1,1.2
107,no_timeout,2,787,1.3520000000003165,2.625999999999749,1,1.2
107,no_timeout,2,788,1.412000000000262,27.24599999999964,1,1.2
107,no_timeout,2,789,1.75,6.538000000000011,1,1.2
107,no_timeout,2,790,1.968000000000302,32.460000000000036,1,1.2
107,no_timeout,2,791,1.8419999999996435,10.416000000000167,1,1.2
107,no_timeout,2,792,1.1700000000000728,2.6900000000000546,0,1.2
107,no_timeout,2,793,1.6179999999999382,7.248000000000047,1,1.2
107,no_timeout,2,794,1.4099999999998545,13.126000000000204,1,1.2
107,no_timeout,2,795,1.5399999999999636,9.059999999999945,1,1.2
107,no_timeout,2,796,0.6320000000000618,12.667999999999665,0,1.2
107,no_timeout,2,797,0.7360000000003311,5.24599999999964,0,1.2
107,no_timeout,2,798,1.1739999999999782,99.31800000000021,0,1.2
107,no_timeout,2,799,1.3739999999997963,668.0120000000006,1,1.2
107,no_timeout,2,800,0.9559999999992215,3.5640000000003056,0,1.2
107,no_timeout,2,801,0.8760000000002037,15.960000000000036,0,1.2
107,no_timeout,2,802,0.18800000000010186,0.6959999999999127,0,1.2
107,no_timeout,2,803,0.41200000000026193,1.1679999999996653,0,1.2
107,no_timeout,2,804,0.26199999999971624,30.01800000000003,0,1.2
107,no_timeout,2,805,0.6639999999997599,1312.772,0,1.2
107,no_timeout,2,806,1.9820000000008804,,1,1.2
108,random,1,1,0.3879999999999981,9.482,0,0.5
108,random,1,2,0.42600000000000193,3.6239999999999952,0,0.5
108,random,1,3,0.09200000000000585,3.7759999999999962,0,0.5
108,random,1,4,0.20600000000000307,3.2079999999999984,0,0.5
108,random,1,5,0.14399999999999835,8.497999999999998,0,0.5
108,random,1,6,0.2259999999999991,2.2700000000000102,0,0.5
108,random,1,7,0.22399999999998954,4.984000000000009,0,0.5
108,random,1,8,0.16799999999999216,4.284000000000006,0,0.5
108,random,1,9,0.539999999999992,0.24800000000000466,1,0.5
108,random,1,10,1.4879999999999995,5.140000000000001,1,0.5
108,random,1,11,0.9839999999999947,2.7439999999999998,1,0.5
108,random,1,12,0.480000000000004,2.817999999999998,0,0.6
108,random,1,13,0.3400000000000034,4.4680000000000035,0,0.6
108,random,1,14,0.18200000000000216,4.0519999999999925,0,0.6
108,random,1,15,0.19599999999999795,5.498000000000005,0,0.6
108,random,1,16,0.16200000000000614,5.893999999999991,0,0.6
108,random,1,17,0.6360000000000099,10.605999999999995,1,0.6
108,random,1,18,0.3499999999999943,2.593999999999994,0,0.6
108,random,1,19,0.5180000000000007,9.362000000000023,0,0.6
108,random,1,20,0.5719999999999743,4.076000000000022,0,0.6
108,random,1,21,0.32200000000000273,9.427999999999997,0,0.6
108,random,1,22,0.23399999999998045,5.996000000000009,0,0.6
108,random,1,23,0.21199999999998909,4.8440000000000225,0,0.6
108,random,1,24,1.1659999999999968,8.841999999999985,1,0.6
108,random,1,25,0.26400000000001,3.554000000000002,0,0.6
108,random,1,26,0.5799999999999841,2.6920000000000073,0,0.6
108,random,1,27,0.4380000000000166,0.05999999999997385,0,0.6
108,random,1,29,0.3580000000000041,3.225999999999999,0,0.6
108,random,1,30,0.4140000000000157,7.529999999999973,0,0.6
108,random,1,31,0.6980000000000075,4.824000000000012,1,0.6
108,random,1,32,0.5900000000000034,3.6639999999999873,0,0.6
108,random,1,33,0.36199999999999477,2.52200000000002,0,0.6
108,random,1,34,0.06599999999997408,3.2680000000000007,0,0.6
108,random,1,35,0.14000000000001478,4.876000000000005,0,0.6
108,random,1,36,0.1939999999999884,2.730000000000018,0,0.6
108,random,1,37,0.3299999999999841,7.74199999999999,0,0.6
108,random,1,38,0.20000000000001705,3.530000000000001,0,0.6
108,random,1,39,0.9720000000000084,0.10999999999998522,1,0.6
108,random,1,40,0.46399999999999864,7.415999999999997,0,0.6
108,random,1,41,0.09999999999999432,2.342000000000013,0,0.6
108,random,1,42,0.28000000000000114,3.515999999999991,0,0.6
108,random,1,43,0.24399999999999977,12.256000000000029,0,0.6
108,random,1,44,0.19599999999996953,3.1399999999999864,0,0.6
108,random,1,45,0.25200000000000955,3.532000000000039,0,0.6
108,random,1,46,0.2279999999999518,2.698000000000036,0,0.6
108,random,1,47,0.3039999999999736,7.656000000000006,0,0.6
108,random,1,48,0.4019999999999868,4.948000000000036,0,0.6
108,random,1,49,0.1139999999999759,2.3040000000000305,0,0.6
108,random,1,50,0.3039999999999736,4.913999999999987,0,0.6
108,random,1,51,0.4060000000000059,9.298000000000002,0,0.6
108,random,1,52,0.5679999999999836,7.080000000000041,0,0.6
108,random,1,53,0.09199999999998454,16.041999999999973,0,0.6
108,random,1,54,0.29000000000002046,5.156000000000006,0,0.6
108,random,1,55,0.7719999999999914,4.151999999999987,1,0.6
108,random,1,56,0.4000000000000341,3.099999999999966,0,0.6
108,random,1,57,0.160000000000025,8.954000000000008,0,0.6
108,random,1,58,0.7139999999999986,2.896000000000015,1,0.6
108,random,1,59,0.29599999999999227,4.609999999999957,0,0.6
108,random,1,60,0.5220000000000482,3.8239999999999554,0,0.6
108,random,1,61,0.5,2.451999999999998,0,0.6
108,random,1,62,0.7680000000000291,3.5860000000000127,1,0.6
108,random,1,63,0.14400000000000546,2.8279999999999745,0,0.6
108,random,1,64,0.2880000000000109,10.012,0,0.6
108,random,1,65,0.2899999999999636,3.3380000000000223,0,0.6
108,random,1,66,0.8899999999999864,0.25200000000000955,1,0.6
108,random,1,67,0.103999999999985,2.7760000000000105,0,0.6
108,random,1,68,0.23200000000002774,3.991999999999962,0,0.6
108,random,1,69,0.28000000000002956,0.1279999999999859,0,0.6
108,random,1,71,0.21200000000004593,2.245999999999981,0,0.6
108,random,1,72,0.3879999999999768,6.946000000000026,0,0.6
108,random,1,73,0.21800000000001774,4.559999999999945,0,0.6
108,random,1,74,0.4200000000000159,4.781999999999982,0,0.6
108,random,1,75,0.39400000000000546,2.5680000000000405,0,0.6
108,random,1,76,0.6859999999999786,4.5020000000000095,1,0.6
108,random,1,77,0.17000000000001592,3.055999999999983,0,0.6
108,random,1,78,0.4619999999999891,2.901999999999987,0,0.6
108,random,1,79,0.5480000000000018,3.1580000000000155,0,0.6
108,random,1,80,0.02800000000002001,0.025999999999953616,0,0.6
108,random,1,82,0.18799999999998818,0.029999999999972715,0,0.6
108,random,1,84,0.2999999999999545,0.010000000000047748,0,0.6
108,random,1,85,0.2039999999999509,0.05800000000004957,0,0.6
108,random,1,87,1.7100000000000364,3.585999999999956,1,0.6
108,random,1,88,0.6100000000000136,0.03000000000002956,1,0.6
108,random,1,89,0.1339999999999577,7.8040000000000305,0,0.6
108,random,1,90,0.12000000000000455,3.8999999999999773,0,0.6
108,random,1,91,0.18599999999997863,5.890000000000043,0,0.6
108,random,1,92,0.311999999999955,5.978000000000009,0,0.6
108,random,1,93,0.08400000000000318,2.3780000000000427,0,0.6
108,random,1,94,0.5120000000000005,4.389999999999986,0,0.6
108,random,1,95,0.1139999999999759,4.567999999999984,0,0.6
108,random,1,96,0.42200000000002547,5.767999999999972,0,0.6
108,random,1,97,0.75,0.05600000000004002,1,0.6
108,random,1,98,0.11199999999996635,0.07400000000001228,0,0.6
108,random,1,100,0.5200000000000387,3.3139999999999645,0,0.6
108,random,1,101,0.7100000000000364,0.17599999999998772,1,0.6
108,random,1,102,0.10199999999997544,0.03000000000002956,0,0.6
108,random,1,105,0.4959999999999809,3.062000000000012,0,0.6
108,random,1,106,0.7540000000000191,0.11799999999993815,1,0.6
108,random,1,107,0.2459999999999809,0.02800000000002001,0,0.6
108,random,1,109,0.5059999999999718,5.697999999999979,0,0.6
108,random,1,110,0.44000000000005457,3.977999999999952,0,0.6
108,random,1,111,0.2680000000000291,3.8099999999999454,0,0.6
108,random,1,112,0.5460000000000491,3.4879999999999427,0,0.6
108,random,1,113,0.7240000000000464,2.1720000000000255,1,0.6
108,random,1,114,0.5399999999999636,3.711999999999989,0,0.6
108,random,1,115,0.6159999999999854,2.0579999999999927,1,0.6
108,random,1,116,0.6320000000000618,2.467999999999961,1,0.6
108,random,1,117,0.6019999999999754,3.160000000000082,1,0.6
108,random,1,118,0.8539999999999281,1.7320000000000846,1,0.7
108,random,1,119,0.42999999999995,4.033999999999992,0,0.7
108,random,1,120,0.38800000000003365,4.27800000000002,0,0.7
108,random,1,121,0.15799999999990177,3.078000000000088,0,0.7
108,random,1,122,0.7279999999999518,0.08600000000001273,1,0.7
108,random,1,123,0.21000000000003638,3.8700000000000045,0,0.7
108,random,1,124,0.2519999999999527,4.8840000000000146,0,0.7
108,random,1,125,0.4379999999999882,4.307999999999993,0,0.7
108,random,1,126,0.6320000000000618,2.8599999999999,0,0.7
108,random,1,127,1.04200000000003,2.074000000000069,1,0.7
108,random,1,128,0.041999999999916326,0.026000000000067303,0,0.7
108,random,1,130,0.4699999999999136,2.8640000000000327,0,0.7
108,random,1,131,0.5579999999999927,0.06600000000003092,0,0.7
108,random,1,133,0.7400000000000091,2.20799999999997,1,0.7
108,random,1,134,0.52800000000002,3.744000000000028,0,0.7
108,random,1,135,0.09199999999998454,0.15599999999994907,0,0.7
108,random,1,137,0.31399999999996453,4.4220000000000255,0,0.7
108,random,1,138,0.5839999999999463,3.814000000000078,0,0.7
108,random,1,139,0.6059999999999945,4.719999999999914,0,0.7
108,random,1,140,0.5520000000000209,2.6499999999999773,0,0.7
108,random,1,141,0.5180000000000291,3.4840000000000373,0,0.7
108,random,1,142,0.4700000000000273,3.0219999999999345,0,0.7
108,random,1,143,0.9500000000000455,0.5159999999999627,1,0.7
108,random,1,144,0.2740000000000009,3.423999999999978,0,0.7
108,random,1,145,0.7800000000000864,0.2199999999999136,1,0.7
108,random,1,146,0.038000000000010914,3.8279999999999745,0,0.7
108,random,1,147,0.4960000000000946,6.487999999999943,0,0.7
108,random,1,148,0.20400000000006457,6.107999999999947,0,0.7
108,random,1,149,0.2380000000000564,6.697999999999979,0,0.7
108,random,1,150,0.31599999999991724,0.13600000000008095,0,0.7
108,random,1,152,0.47199999999998,2.97199999999998,0,0.7
108,random,1,153,0.43600000000003547,4.303999999999974,0,0.7
108,random,1,154,0.2659999999999627,2.854000000000042,0,0.7
108,random,1,155,0.6999999999999318,2.4440000000000737,0,0.7
108,random,1,156,0.5380000000000109,4.731999999999971,0,0.7
108,random,1,157,0.35400000000004184,4.3559999999999945,0,0.7
108,random,1,158,0.4199999999999591,2.269999999999982,0,0.7
108,random,1,159,0.5380000000000109,3.22199999999998,0,0.7
108,random,1,160,0.5339999999999918,4.29200000000003,0,0.7
108,random,1,161,0.2259999999999991,3.5739999999999554,0,0.7
108,random,1,162,0.18000000000006366,3.274000000000001,0,0.7
108,random,1,163,1.2699999999999818,0.12199999999995725,1,0.7
108,random,1,164,0.7000000000000455,0.2699999999999818,0,0.7
108,random,1,165,0.34400000000005093,4.939999999999941,0,0.7
108,random,1,166,0.5380000000000109,3.524000000000001,0,0.7
108,random,1,167,0.6040000000000418,4.0499999999999545,0,0.7
108,random,1,168,0.2880000000000109,2.741999999999962,0,0.7
108,random,1,169,0.44000000000005457,8.019999999999982,0,0.7
108,random,1,170,0.37000000000000455,2.631999999999948,0,0.7
108,random,1,171,0.37000000000000455,0.10599999999999454,0,0.7
108,random,1,173,0.6180000000000518,3.3859999999999673,0,0.7
108,random,1,174,0.2880000000000109,2.268000000000029,0,0.7
108,random,1,175,0.5179999999999154,8.81000000000006,0,0.7
108,random,1,176,0.35599999999999454,8.081999999999994,0,0.7
108,random,1,177,0.06399999999996453,4.554000000000087,0,0.7
108,random,1,178,0.4379999999999882,2.69399999999996,0,0.7
108,random,1,179,0.40200000000004366,2.92999999999995,0,0.7
108,random,1,180,0.4479999999999791,3.3880000000000337,0,0.7
108,random,1,181,0.44399999999996,7.774000000000001,0,0.7
108,random,1,182,0.12200000000007094,4.323999999999955,0,0.7
108,random,1,183,0.12999999999999545,3.4840000000000373,0,0.7
108,random,1,184,0.16399999999998727,5.110000000000014,0,0.7
108,random,1,185,0.2259999999999991,4.3940000000000055,0,0.7
108,random,1,186,0.2579999999999245,10.968000000000075,0,0.7
108,random,1,187,0.4839999999999236,5.048000000000002,0,0.7
108,random,1,188,0.10800000000006094,3.812000000000012,0,0.7
108,random,1,189,0.36599999999998545,6.419999999999959,0,0.7
108,random,1,190,0.6499999999999773,15.416000000000054,0,0.7
108,random,1,191,0.10599999999999454,9.498000000000047,0,0.7
108,random,1,192,0.38799999999991996,0.14800000000002456,0,0.7
108,random,1,194,0.33799999999996544,5.293999999999983,0,0.7
108,random,1,195,0.15600000000006276,6.269999999999982,0,0.7
108,random,1,196,0.13400000000001455,7.645999999999958,0,0.7
108,random,1,197,0.20600000000001728,4.086000000000013,0,0.7
108,random,1,198,0.32600000000002183,3.1259999999999764,0,0.7
108,random,1,199,0.5040000000000191,4.3559999999999945,0,0.7
108,random,1,200,0.6039999999999281,7.51400000000001,0,0.7
108,random,1,201,0.16200000000003456,2.8759999999999764,0,0.7
108,random,1,202,0.51400000000001,3.6399999999999864,0,0.7
108,random,1,203,0.10599999999999454,6.194000000000074,0,0.7
108,random,1,204,0.12399999999990996,2.800000000000068,0,0.7
108,random,1,205,0.2340000000000373,3.1639999999999873,0,0.7
108,random,1,206,0.34600000000000364,4.3419999999999845,0,0.7
108,random,1,207,0.36799999999993815,4.532000000000039,0,0.7
108,random,1,208,0.19799999999997908,14.706000000000017,0,0.7
108,random,1,209,0.21600000000000819,3.3840000000000146,0,0.7
108,random,1,210,0.08799999999996544,5.937999999999988,0,0.7
108,random,1,211,0.2820000000000391,9.677999999999997,0,0.7
108,random,1,212,1.967999999999961,0.08000000000004093,1,0.7
108,random,1,213,0.20199999999999818,4.346000000000004,0,0.7
108,random,1,214,0.5380000000000109,5.723999999999933,0,0.7
108,random,1,215,0.3020000000000209,3.622000000000071,0,0.7
108,random,1,216,0.11799999999993815,2.6800000000000637,0,0.7
108,random,1,217,0.5019999999999527,3.854000000000042,0,0.7
108,random,1,218,0.40599999999994907,2.8719999999999573,0,0.7
108,random,1,219,0.9700000000000273,0.37800000000004275,1,0.7
108,random,1,220,0.20199999999999818,2.953999999999951,0,0.7
108,random,1,221,0.21600000000000819,3.0499999999999545,0,0.7
108,random,1,222,0.4880000000000564,3.2480000000000473,0,0.7
108,random,1,223,0.4359999999999218,5.374000000000024,0,0.7
108,random,1,224,0.14400000000000546,9.057999999999993,0,0.7
108,random,1,225,0.5180000000000291,5.819999999999936,0,0.7
108,random,1,226,0.3500000000001364,3.6299999999998818,0,0.7
108,random,1,227,0.5399999999999636,3.8279999999999745,0,0.7
108,random,1,228,0.6159999999999854,0.14600000000018554,0,0.7
108,random,1,230,0.44399999999996,2.97400000000016,0,0.7
108,random,1,231,0.21199999999998909,3.5779999999999745,0,0.7
108,random,1,232,0.11799999999993815,4.0340000000001055,0,0.7
108,random,1,233,0.4379999999998745,7.001999999999953,0,0.7
108,random,1,234,0.38400000000001455,4.104000000000042,0,0.7
108,random,1,235,0.41599999999994,2.6760000000001583,0,0.7
108,random,1,236,0.2619999999999436,3.673999999999978,0,0.7
108,random,1,237,0.4739999999999327,4.357999999999947,0,0.7
108,random,1,238,0.13200000000006185,3.0420000000001437,0,0.7
108,random,1,239,0.6799999999998363,5.360000000000127,0,0.7
108,random,1,240,0.12400000000002365,4.209999999999809,0,0.7
108,random,1,241,0.08800000000019281,3.77800000000002,0,0.7
108,random,1,242,0.4379999999998745,4.948000000000093,0,0.7
108,random,1,243,0.15599999999994907,4.407999999999902,0,0.7
108,random,1,244,0.35400000000004184,3.4220000000000255,0,0.7
108,random,1,245,0.2059999999999036,0.3220000000001164,0,0.7
108,random,1,247,0.08999999999991815,7.032000000000153,0,0.7
108,random,1,248,0.6899999999998272,4.8279999999999745,0,0.7
108,random,1,249,0.3300000000001546,4.203999999999951,0,0.7
108,random,1,250,0.39000000000010004,4.3659999999999854,0,0.7
108,random,1,251,0.7019999999999982,2.5799999999999272,1,0.7
108,random,1,252,0.40000000000009095,2.433999999999969,0,0.7
108,random,1,253,0.37400000000002365,3.2259999999998854,0,0.7
108,random,1,254,0.16800000000012005,2.5859999999997854,0,0.7
108,random,1,255,0.33600000000001273,3.25,0,0.7
108,random,1,256,0.7920000000001437,0.37400000000002365,1,0.7
108,random,1,257,0.11400000000003274,3.5279999999997926,0,0.7
108,random,1,258,0.4800000000000182,2.6560000000001764,0,0.7
108,random,1,259,0.4559999999999036,3.740000000000009,0,0.7
108,random,1,260,0.4079999999999018,3.9020000000000437,0,0.7
108,random,1,261,0.4500000000000455,2.900000000000091,0,0.7
108,random,1,262,0.6639999999999873,2.5319999999999254,0,0.7
108,random,1,263,0.36200000000008004,3.9299999999998363,0,0.7
108,random,1,264,0.3020000000001346,0.15999999999985448,0,0.7
108,random,1,266,0.32600000000002183,2.4440000000001874,0,0.7
108,random,1,267,0.32999999999992724,2.731999999999971,0,0.7
108,random,1,268,0.23600000000010368,3.6599999999998545,0,0.7
108,random,1,269,0.19000000000005457,6.087999999999965,0,0.7
108,random,1,270,0.16000000000008185,7.157999999999902,0,0.7
108,random,1,271,0.41599999999994,3.2040000000001783,0,0.7
108,random,1,272,0.40399999999999636,3.4700000000000273,0,0.7
108,random,1,273,0.459999999999809,0.12000000000011823,0,0.7
108,random,1,275,0.7180000000000746,0.2860000000000582,1,0.7
108,random,1,276,0.2999999999999545,3.240000000000009,0,0.7
108,random,1,277,0.52800000000002,3.6259999999999764,0,0.7
108,random,1,278,0.31799999999998363,0.6179999999999382,0,0.7
108,random,1,280,0.41599999999994,2.8659999999999854,0,0.7
108,random,1,281,0.17000000000007276,2.3379999999999654,0,0.7
108,random,1,282,0.2400000000000091,5.673999999999978,0,0.7
108,random,1,283,0.1879999999998745,4.032000000000153,0,0.7
108,random,1,284,0.09600000000000364,3.8299999999999272,0,0.7
108,random,1,285,0.2999999999999545,0.17000000000007276,0,0.7
108,random,1,287,0.6739999999999782,0.13999999999987267,0,0.7
108,random,1,289,0.33799999999996544,2.9980000000000473,0,0.7
108,random,1,290,0.6440000000000055,0.15399999999999636,0,0.7
108,random,1,292,0.6879999999998745,3.3940000000000055,0,0.7
108,random,1,293,0.3020000000001346,3.0779999999999745,0,0.7
108,random,1,294,0.2880000000000109,3.5860000000000127,0,0.7
108,random,1,295,0.12199999999984357,5.836000000000013,0,0.7
108,random,1,296,0.10599999999999454,3.1480000000001382,0,0.7
108,random,1,297,0.30199999999990723,2.905999999999949,0,0.7
108,random,1,298,0.3280000000002019,3.9420000000000073,0,0.7
108,random,1,299,0.30199999999990723,0.16200000000003456,0,0.7
108,random,1,301,0.16200000000003456,2.4079999999999018,0,0.7
108,random,1,302,0.09400000000005093,6.152000000000044,0,0.7
108,random,1,303,0.43200000000001637,4.08199999999988,0,0.7
108,random,1,304,0.19600000000014006,7.7000000000000455,0,0.7
108,random,1,305,0.007999999999810825,4.25200000000018,0,0.7
108,random,1,306,0.36399999999980537,2.94600000000014,0,0.7
108,random,1,307,0.38599999999996726,3.4279999999998836,0,0.7
108,random,1,308,0.4500000000000455,3.5340000000001055,0,0.7
108,random,1,309,0.4420000000000073,3.094000000000051,0,0.7
108,random,1,310,0.8759999999999764,0.36999999999989086,1,0.7
108,random,1,311,0.20600000000013097,4.663999999999987,0,0.7
108,random,1,312,0.35199999999986176,2.5900000000001455,0,0.7
108,random,1,313,0.47199999999998,2.349999999999909,0,0.7
108,random,1,314,0.38400000000001455,0.11200000000008004,0,0.7
108,random,1,316,0.47199999999998,0.14000000000010004,0,0.7
108,random,1,318,0.2860000000000582,0.03600000000005821,0,0.7
108,random,1,320,0.2359999999998763,0.15800000000012915,0,0.7
108,random,1,322,0.35999999999989996,4.057999999999993,0,0.7
108,random,1,323,0.05400000000008731,0.05399999999985994,0,0.7
108,random,1,325,0.8700000000001182,0.5619999999998981,1,0.7
108,random,1,326,0.032000000000152795,0.07999999999992724,0,0.7
108,random,1,328,0.8440000000000509,0.4680000000000746,1,0.7
108,random,1,329,0.2459999999998672,0.12400000000002365,0,0.7
108,random,1,331,0.4839999999999236,3.6480000000001382,0,0.7
108,random,1,332,0.13200000000006185,3.977999999999838,0,0.7
108,random,1,333,0.2760000000000673,2.6700000000000728,0,0.7
108,random,1,334,0.33600000000001273,4.755999999999858,0,0.7
108,random,1,335,0.2300000000000182,3.2480000000000473,0,0.7
108,random,1,336,0.4900000000000091,6.738000000000056,0,0.7
108,random,1,337,0.2819999999999254,2.2539999999999054,0,0.7
108,random,1,338,0.4880000000000564,3.33400000000006,0,0.7
108,random,1,339,0.16799999999989268,3.298000000000002,0,0.7
108,random,1,340,0.44000000000005457,2.3900000000001,0,0.7
108,random,1,341,0.6579999999999018,3.602000000000089,0,0.7
108,random,1,342,1.0319999999999254,0.35200000000008913,1,0.7
108,random,1,343,0.34199999999987085,3.7920000000001437,0,0.7
108,random,1,344,0.2459999999998672,4.960000000000036,0,0.7
108,random,1,345,0.17200000000002547,4.064000000000078,0,0.7
108,random,1,346,0.31399999999985084,2.6520000000000437,0,0.7
108,random,1,347,0.571999999999889,2.8360000000000127,0,0.7
108,random,1,348,0.7280000000000655,0.36400000000003274,1,0.7
108,random,1,349,0.43800000000010186,0.15799999999990177,0,0.7
108,random,1,351,0.8979999999999109,2.6240000000000236,1,0.7
108,random,1,352,0.6759999999999309,3.4760000000001128,0,0.7
108,random,1,353,0.7759999999998399,1.8460000000000036,1,0.7
108,random,1,354,0.43600000000014916,3.008000000000038,0,0.7
108,random,1,355,0.049999999999954525,0.10599999999999454,0,0.7
108,random,1,357,0.5040000000001328,3.793999999999869,0,0.7
108,random,1,358,0.6180000000001655,4.011999999999944,0,0.7
108,random,1,359,0.650000000000091,4.597999999999956,0,0.7
108,random,1,360,0.37599999999997635,2.8559999999999945,0,0.7
108,random,1,361,0.41200000000003456,2.230000000000018,0,0.7
108,random,1,362,0.37799999999992906,2.5419999999999163,0,0.7
108,random,1,363,0.34400000000005093,3.923999999999978,0,0.7
108,random,1,364,0.2740000000001146,3.199999999999818,0,0.7
108,random,1,365,0.3140000000000782,3.380000000000109,0,0.7
108,random,1,366,0.03199999999992542,0.08400000000006003,0,0.7
108,random,1,368,1.599999999999909,0.0340000000001055,1,0.7
108,random,1,369,0.5380000000000109,4.059999999999945,0,0.7
108,random,1,370,0.7559999999998581,1.8820000000000618,1,0.7
108,random,1,371,0.6720000000000255,4.259999999999991,0,0.7
108,random,1,372,0.40599999999994907,0.07400000000006912,0,0.7
108,random,1,374,0.6159999999999854,2.6140000000000327,0,0.7
108,random,1,375,0.5879999999999654,2.7639999999998963,0,0.7
108,random,1,376,0.7380000000000564,0.3160000000000309,1,0.7
108,random,1,377,0.33400000000006,0.14199999999982538,0,0.7
108,random,1,379,0.9359999999999218,0.24400000000014188,1,0.7
108,random,1,380,0.2179999999998472,2.344000000000051,0,0.7
108,random,1,381,0.8740000000000236,0.34600000000000364,1,0.7
108,random,1,382,0.36400000000003274,0.16999999999984539,0,0.7
108,random,1,384,0.2919999999999163,3.0299999999999727,0,0.7
108,random,1,385,0.08799999999996544,2.9600000000000364,0,0.7
108,random,1,386,0.41599999999994,3.4160000000001673,0,0.7
108,random,1,387,0.34199999999987085,4.218000000000075,0,0.7
108,random,1,388,0.12400000000002365,0.05600000000004002,0,0.7
108,random,1,390,0.36000000000012733,2.2359999999998763,0,0.7
108,random,1,391,0.2999999999999545,3.186000000000149,0,0.7
108,random,1,392,0.2919999999999163,3.991999999999962,0,0.7
108,random,1,393,0.13200000000006185,4.849999999999909,0,0.7
108,random,1,394,0.5320000000001528,0.12599999999997635,0,0.7
108,random,1,396,0.2419999999999618,3.1400000000001,0,0.7
108,random,1,397,0.4079999999999018,3.5219999999999345,0,0.7
108,random,1,398,0.9580000000000837,0.04800000000000182,1,0.7
108,random,1,399,0.5860000000000127,3.923999999999978,0,0.7
108,random,1,400,2.188000000000102,6.155999999999949,1,0.7
108,random,1,401,0.2459999999998672,2.7280000000000655,0,0.7
108,random,1,402,0.5460000000000491,2.5119999999999436,0,0.7
108,random,1,403,0.3040000000000873,2.9079999999999018,0,0.7
108,random,1,404,0.2380000000000564,2.816000000000031,0,0.7
108,random,1,405,0.5360000000000582,4.3599999999999,0,0.7
108,random,1,406,0.18200000000001637,3.2719999999999345,0,0.7
108,random,1,407,0.6900000000000546,3.839999999999918,0,0.7
108,random,1,408,0.3100000000001728,5.763999999999896,0,0.7
108,random,1,409,0.4500000000000455,3.0960000000000036,0,0.7
108,random,1,410,0.08400000000006003,0.038000000000010914,0,0.7
108,random,1,412,0.23600000000010368,3.4480000000000928,0,0.7
108,random,1,413,1.3179999999999836,0.543999999999869,1,0.7
108,random,1,414,0.13599999999996726,2.286000000000058,0,0.7
108,random,1,415,0.9760000000001128,0.11999999999989086,1,0.7
108,random,1,416,0.40800000000012915,4.145999999999958,0,0.7
108,random,1,417,0.6040000000000418,0.03399999999987813,0,0.7
108,random,1,419,0.6059999999999945,3.1740000000002055,0,0.7
108,random,1,420,0.3919999999998254,0.14400000000000546,0,0.7
108,random,1,422,0.4600000000000364,2.9299999999998363,0,0.7
108,random,1,423,0.4980000000000473,0.13400000000001455,0,0.7
108,random,1,425,0.6040000000000418,4.317999999999984,0,0.7
108,random,1,426,0.36199999999985266,3.344000000000051,0,0.7
108,random,1,427,0.08000000000015461,0.021999999999934516,0,0.7
108,random,1,429,0.765999999999849,0.17000000000007276,1,0.7
108,random,1,430,0.44000000000005457,4.357999999999947,0,0.7
108,random,1,431,0.4639999999999418,0.14000000000010004,0,0.7
108,random,1,433,0.4659999999998945,6.182000000000016,0,0.7
108,random,1,434,0.2660000000000764,2.9039999999999964,0,0.7
108,random,1,435,0.34199999999987085,4.104000000000042,0,0.7
108,random,1,436,1.0340000000001055,0.7580000000000382,1,0.7
108,random,1,437,0.15599999999994907,5.039999999999964,0,0.7
108,random,1,438,0.13799999999991996,3.0720000000001164,0,0.7
108,random,1,439,0.2880000000000109,4.518000000000029,0,0.7
108,random,1,440,0.17799999999988358,3.5140000000001237,0,0.7
108,random,1,441,1.1139999999998054,2.4760000000001128,1,0.7
108,random,1,442,0.15000000000009095,9.075999999999794,0,0.7
108,random,1,443,0.17600000000015825,3.463999999999942,0,0.7
108,random,1,444,0.07400000000006912,3.6140000000000327,0,0.7
108,random,1,445,0.36599999999998545,0.13599999999996726,0,0.7
108,random,1,447,0.9420000000000073,2.173999999999978,1,0.7
108,random,1,448,0.6259999999999764,0.032000000000152795,0,0.7
108,random,1,450,0.8240000000000691,2.0019999999999527,1,0.7
108,random,1,451,0.3420000000000982,6.748000000000047,0,0.7
108,random,1,452,0.19399999999995998,2.2519999999999527,0,0.7
108,random,1,453,0.8779999999999291,3.94399999999996,1,0.7
108,random,1,454,0.2940000000000964,2.9700000000000273,0,0.7
108,random,1,455,0.37799999999992906,0.032000000000152795,0,0.7
108,random,1,457,0.08799999999996544,3.578000000000202,0,0.7
108,random,1,458,0.015999999999849024,7.990000000000009,0,0.7
108,random,1,459,0.18599999999992178,2.7760000000000673,0,0.7
108,random,1,460,0.36000000000012733,3.2359999999998763,0,0.7
108,random,1,461,1.1200000000001182,1.9420000000000073,1,0.7
108,random,1,462,0.6299999999998818,5.117999999999938,0,0.7
108,random,1,463,0.07400000000006912,4.223999999999933,0,0.7
108,random,1,464,0.09600000000000364,3.9120000000000346,0,0.7
108,random,1,465,0.6459999999999582,2.4220000000000255,0,0.7
108,random,1,466,0.05600000000004002,4.048000000000002,0,0.7
108,random,1,467,0.42000000000007276,4.367999999999938,0,0.7
108,random,1,468,0.42200000000002547,4.498000000000047,0,0.7
108,random,1,469,0.5019999999999527,0.15200000000004366,0,0.7
108,random,1,471,0.5519999999999072,3.046000000000049,0,0.7
108,random,1,472,1.1359999999999673,4.592000000000098,1,0.7
108,random,1,473,0.17599999999993088,4.877999999999929,0,0.7
108,random,1,474,0.318000000000211,4.245999999999867,0,0.7
108,random,1,475,0.2380000000000564,3.2539999999999054,0,0.7
108,random,1,476,0.38599999999996726,3.796000000000049,0,0.7
108,random,1,477,1.1700000000000728,2.2560000000000855,1,0.7
108,random,1,478,0.6899999999998272,2.244000000000142,0,0.7
108,random,1,479,0.4819999999999709,2.6019999999998618,0,0.7
108,random,1,480,0.8400000000001455,0.15200000000004366,1,0.7
108,random,1,481,0.13599999999996726,3.9039999999999964,0,0.7
108,random,1,482,0.5599999999999454,4.458000000000084,0,0.7
108,random,1,483,0.18399999999996908,2.7639999999998963,0,0.7
108,random,1,484,0.21800000000007458,0.12400000000002365,0,0.7
108,random,1,486,0.0500000000001819,0.03199999999992542,0,0.7
108,random,1,488,0.2480000000000473,3.3579999999999472,0,0.7
108,random,1,489,0.4919999999999618,4.5300000000002,0,0.7
108,random,1,490,0.11999999999989086,2.966000000000122,0,0.7
108,random,1,491,0.4979999999998199,0.13599999999996726,0,0.7
108,random,1,493,0.2980000000000018,2.6240000000000236,0,0.7
108,random,1,494,0.5219999999999345,0.11400000000003274,0,0.7
108,random,1,496,1.0879999999999654,1.8740000000000236,1,0.7
108,random,1,497,0.4800000000000182,4.662000000000035,0,0.7
108,random,1,498,0.2419999999999618,3.160000000000082,0,0.7
108,random,1,499,0.2179999999998472,3.5720000000001164,0,0.7
108,random,1,500,1.4039999999999964,2.0779999999999745,1,0.7
108,random,1,501,0.5499999999999545,2.30600000000004,0,0.7
108,random,1,502,0.4660000000001219,0.15399999999999636,0,0.7
108,random,1,504,0.8259999999997945,2.0160000000000764,1,0.7
108,random,1,505,0.7940000000000964,0.2980000000000018,1,0.7
108,random,1,506,0.16799999999989268,4.372000000000071,0,0.7
108,random,1,507,0.3999999999998636,4.296000000000049,0,0.7
108,random,1,508,0.2139999999999418,2.270000000000209,0,0.7
108,random,1,509,0.6719999999997981,0.15000000000009095,0,0.7
108,random,1,511,0.06400000000007822,2.9880000000000564,0,0.7
108,random,1,512,1.1639999999999873,1.9679999999998472,1,0.7
108,random,1,513,0.83400000000006,1.9500000000000455,1,0.7
108,random,1,514,1.38799999999992,0.06200000000012551,1,0.7
108,random,1,515,0.10199999999986176,3.286000000000058,0,0.7
108,random,1,516,1.0480000000000018,1.2280000000000655,1,0.8
108,random,1,517,0.4259999999999309,0.15799999999990177,0,0.8
108,random,1,519,0.9960000000000946,1.872000000000071,1,0.8
108,random,1,520,0.32199999999988904,3.6639999999999873,0,0.8
108,random,1,521,0.97199999999998,0.9880000000000564,1,0.8
108,random,1,522,0.36400000000003274,2.6920000000000073,0,0.8
108,random,1,523,1.227999999999838,1.762000000000171,1,0.8
108,random,1,524,0.5899999999999181,0.12799999999992906,0,0.8
108,random,1,526,0.8619999999998527,0.12799999999992906,1,0.8
108,random,1,527,0.24400000000014188,6.5,0,0.8
108,random,1,528,1.0,0.31999999999993634,1,0.8
108,random,1,529,0.15399999999999636,3.3199999999999363,0,0.8
108,random,1,530,0.5040000000001328,3.4039999999999964,0,0.8
108,random,1,531,0.7979999999997744,3.6380000000003747,0,0.8
108,random,1,532,0.23999999999978172,0.17599999999993088,0,0.8
108,random,1,534,1.1100000000001273,2.175999999999931,1,0.8
108,random,1,535,1.4980000000000473,0.3160000000002583,1,0.8
108,random,1,536,0.14399999999977808,4.856000000000222,0,0.8
108,random,1,537,0.2339999999999236,0.01999999999998181,0,0.8
108,random,1,539,0.7100000000000364,0.12599999999974898,0,0.8
108,random,1,541,0.4940000000001419,0.07400000000006912,0,0.8
108,random,1,543,0.14600000000018554,4.369999999999891,0,0.8
108,random,1,544,0.6759999999999309,4.320000000000164,0,0.8
108,random,1,545,0.181999999999789,0.13200000000006185,0,0.8
108,random,1,547,0.7880000000000109,0.0500000000001819,0,0.8
108,random,1,549,0.4619999999999891,3.7900000000004184,0,0.8
108,random,1,550,0.875999999999749,1.768000000000029,1,0.8
108,random,1,551,1.4900000000002365,0.4019999999995889,1,0.8
108,random,1,552,0.136000000000422,4.0659999999998035,0,0.8
108,random,1,553,0.40599999999994907,0.13200000000006185,0,0.8
108,random,1,555,0.543999999999869,0.14600000000018554,0,0.8
108,random,1,557,0.5880000000001928,0.06599999999980355,0,0.8
108,random,1,559,1.16399999999976,2.3400000000001455,1,0.8
108,random,1,560,1.13799999999992,2.405999999999949,1,0.8
108,random,1,561,0.20200000000022555,2.711999999999989,0,0.8
108,random,1,562,0.44399999999996,2.705999999999676,0,0.8
108,random,1,563,0.8880000000003747,0.06399999999985084,1,0.8
108,random,1,564,0.2699999999999818,4.106000000000222,0,0.8
108,random,1,565,0.35399999999981446,4.481999999999971,0,0.8
108,random,1,566,0.4780000000000655,3.6239999999997963,0,0.8
108,random,1,567,1.2840000000001055,2.1799999999998363,1,0.8
108,random,1,568,1.3320000000003347,0.31999999999970896,1,0.8
108,random,1,569,0.16000000000030923,3.4039999999999964,0,0.8
108,random,1,570,0.7300000000000182,2.923999999999978,0,0.8
108,random,1,571,0.4579999999996289,2.5100000000002183,0,0.8
108,random,1,572,0.007999999999810825,3.4980000000000473,0,0.8
108,random,1,573,0.7200000000002547,0.09200000000009823,0,0.8
108,random,1,575,0.6940000000004147,2.919999999999618,0,0.8
108,random,1,576,0.1020000000003165,0.07600000000002183,0,0.8
108,random,1,578,0.8960000000001855,4.673999999999978,1,0.8
108,random,1,579,0.08799999999973807,4.7840000000001055,0,0.8
108,random,1,580,0.2719999999999345,4.614000000000033,0,0.8
108,random,1,581,0.11599999999998545,4.30600000000004,0,0.8
108,random,1,582,0.46800000000030195,0.07199999999966167,0,0.8
108,random,1,584,0.17399999999997817,0.19399999999995998,0,0.8
108,random,1,586,1.0979999999999563,1.8699999999998909,1,0.8
108,random,1,587,1.2899999999999636,1.7520000000004075,1,0.8
108,random,1,588,1.5779999999999745,2.3079999999999927,1,0.8
108,random,1,589,1.3399999999996908,0.3920000000002801,1,0.9
108,random,1,590,0.1479999999996835,4.374000000000251,0,0.9
108,random,1,591,0.9639999999999418,2.574000000000069,1,0.9
108,random,1,592,1.2219999999997526,3.074000000000069,1,0.9
108,random,1,593,1.1759999999999309,3.9140000000002146,1,0.9
108,random,1,594,0.9459999999999127,4.139999999999873,0,1.0
108,random,1,595,0.3240000000000691,2.3760000000002037,0,1.0
108,random,1,596,0.44000000000005457,2.41399999999976,0,1.0
108,random,1,597,0.4920000000001892,0.11599999999998545,0,1.0
108,random,1,599,0.22599999999965803,2.9760000000001128,0,1.0
108,random,1,600,0.10400000000026921,3.143999999999778,0,1.0
108,random,1,601,0.17000000000007276,5.300000000000182,0,1.0
108,random,1,602,0.6619999999998072,4.128000000000156,0,1.0
108,random,1,603,0.8559999999997672,3.949999999999818,0,1.0
108,random,1,604,0.7580000000002656,2.61200000000008,0,1.0
108,random,1,605,0.8519999999998618,0.11400000000003274,0,1.0
108,random,1,607,0.5979999999999563,3.5039999999999054,0,1.0
108,random,1,608,0.543999999999869,0.13799999999991996,0,1.0
108,random,1,610,0.5659999999998035,3.467999999999847,0,1.0
108,random,1,611,0.680000000000291,0.09600000000000364,0,1.0
108,random,1,613,0.44800000000032014,5.833999999999833,0,1.0
108,random,1,614,0.818000000000211,2.7279999999996107,0,1.0
108,random,1,615,0.5160000000000764,10.021999999999935,0,1.0
108,random,1,616,0.12200000000029831,5.503999999999905,0,1.0
108,random,1,617,0.41600000000016735,3.763999999999669,0,1.0
108,random,1,618,0.330000000000382,31.09999999999991,0,1.0
108,random,1,619,0.3599999999996726,0.14800000000013824,0,1.0
108,random,1,621,1.1920000000000073,2.0039999999999054,1,1.0
108,random,1,622,0.63799999999992,4.510000000000218,0,1.0
108,random,1,623,0.1959999999999127,2.2780000000002474,0,1.0
108,random,1,624,0.6979999999998654,0.11000000000012733,0,1.0
108,random,1,626,0.27999999999974534,3.5660000000002583,0,1.0
108,random,1,627,0.1459999999997308,0.068000000000211,0,1.0
108,random,1,629,0.6720000000000255,4.86200000000008,0,1.0
108,random,1,630,0.34999999999990905,3.8780000000001564,0,1.0
108,random,1,631,0.07799999999997453,3.1359999999999673,0,1.0
108,random,1,632,0.24400000000014188,0.12799999999970169,0,1.0
108,random,1,634,0.2820000000001528,2.2339999999999236,0,1.0
108,random,1,635,0.6420000000002801,0.12799999999970169,0,1.0
108,random,1,637,1.9660000000003492,2.6219999999998436,1,1.0
108,random,1,638,1.050000000000182,0.2139999999999418,1,1.0
108,random,1,639,0.17399999999997817,3.5659999999998035,0,1.0
108,random,1,640,0.4940000000001419,3.8960000000001855,0,1.0
108,random,1,641,0.29999999999972715,3.130000000000109,0,1.0
108,random,1,642,0.6359999999999673,3.3220000000001164,0,1.0
108,random,1,643,1.3240000000000691,3.1239999999997963,1,1.0
108,random,1,644,0.2739999999998872,0.13799999999991996,0,1.0
108,random,1,646,0.13599999999996726,2.7539999999999054,0,1.0
108,random,1,647,0.16400000000021464,4.074000000000069,0,1.0
108,random,1,648,0.4859999999998763,4.13799999999992,0,1.0
108,random,1,649,0.7600000000002183,2.9099999999998545,0,1.0
108,random,1,650,0.07200000000011642,2.7280000000000655,0,1.0
108,random,1,651,1.013999999999669,1.6660000000001673,1,1.0
108,random,1,652,1.3040000000000873,0.12199999999984357,1,1.0
108,random,1,653,0.15599999999994907,2.9520000000002256,0,1.0
108,random,1,654,0.8959999999997308,0.14200000000028012,0,1.0
108,random,1,656,0.18200000000024374,0.09200000000009823,0,1.0
108,random,1,659,0.8640000000000327,0.07000000000016371,0,1.0
108,random,1,661,0.27599999999983993,4.178000000000338,0,1.0
108,random,1,662,0.2300000000000182,2.4220000000000255,0,1.0
108,random,1,663,0.04399999999986903,0.041999999999916326,0,1.0
108,random,1,665,0.30199999999967986,3.1480000000001382,0,1.0
108,random,1,666,0.20800000000008367,0.06599999999980355,0,1.0
108,random,1,668,0.8680000000003929,3.8460000000000036,0,1.0
108,random,1,669,1.3539999999998145,2.0599999999999454,1,1.0
108,random,1,670,2.3040000000000873,2.4960000000000946,1,1.0
108,random,1,671,2.0960000000000036,2.1399999999998727,1,1.0
108,random,1,672,1.16800000000012,4.467999999999847,1,1.1
108,random,1,673,1.1799999999998363,0.25600000000031287,1,1.1
108,random,1,674,0.07600000000002183,3.531999999999698,0,1.1
108,random,1,675,0.5039999999999054,0.11000000000012733,0,1.1
108,random,1,677,0.04399999999986903,6.364000000000033,0,1.1
108,random,1,678,0.4339999999997417,2.580000000000382,0,1.1
108,random,1,679,1.0079999999998108,2.3359999999997854,0,1.1
108,random,1,680,0.6720000000000255,0.08000000000038199,0,1.1
108,random,1,682,0.1959999999999127,3.3220000000001164,0,1.1
108,random,1,683,0.6499999999996362,0.12800000000015643,0,1.1
108,random,1,685,0.12799999999970169,4.980000000000018,0,1.1
108,random,1,686,0.6280000000001564,2.3400000000001455,0,1.1
108,random,1,687,0.20599999999967622,0.11400000000003274,0,1.1
108,random,1,689,0.20000000000027285,3.7779999999997926,0,1.1
108,random,1,690,0.11799999999993815,0.0660000000002583,0,1.1
108,random,1,692,0.8020000000001346,3.4919999999997344,0,1.1
108,random,1,693,0.11599999999998545,0.15799999999990177,0,1.1
108,random,1,695,0.5399999999999636,0.07400000000006912,0,1.1
108,random,1,697,0.5540000000000873,0.09799999999995634,0,1.1
108,random,1,699,0.8159999999998035,0.0860000000002401,0,1.1
108,random,1,701,0.14800000000013824,2.467999999999847,0,1.1
108,random,1,702,0.014000000000123691,0.009999999999763531,0,1.1
108,random,1,703,0.2480000000000473,2.58600000000024,0,1.1
108,random,1,704,0.4099999999998545,2.1979999999998654,0,1.1
108,random,1,705,0.8100000000004002,0.12599999999974898,0,1.1
108,random,1,707,0.9479999999998654,0.02400000000034197,0,1.1
108,random,1,709,1.150000000000091,2.143999999999778,1,1.1
108,random,1,710,0.793999999999869,2.9880000000002838,0,1.1
108,random,1,711,0.58199999999988,0.068000000000211,0,1.1
108,random,1,713,0.7860000000000582,0.04400000000032378,0,1.1
108,random,1,715,0.19200000000000728,0.12400000000025102,0,1.1
108,random,1,717,0.86200000000008,2.5100000000002183,0,1.1
108,random,1,718,0.8179999999997563,4.309999999999945,0,1.1
108,random,1,719,0.6779999999998836,0.062000000000352884,0,1.1
108,random,1,721,0.9339999999997417,3.3020000000001346,0,1.1
108,random,1,722,0.6239999999997963,0.08800000000019281,0,1.1
108,random,1,724,0.9720000000002074,0.041999999999916326,0,1.1
108,random,1,726,0.8699999999998909,5.579999999999927,0,1.1
108,random,1,727,0.20000000000027285,3.5720000000001164,0,1.1
108,random,1,728,0.1999999999998181,2.4459999999999127,0,1.1
108,random,1,729,0.008000000000265572,0.18799999999964712,0,1.1
108,random,1,731,0.36400000000003274,2.33199999999988,0,1.1
108,random,1,732,1.292000000000371,1.7199999999998,1,1.1
108,random,1,733,0.09000000000014552,0.11799999999993815,0,1.1
108,random,1,735,0.6179999999999382,0.07999999999992724,0,1.1
108,random,1,737,0.12600000000020373,0.13200000000006185,0,1.1
108,random,1,739,0.08599999999978536,4.068000000000211,0,1.1
108,random,1,740,1.3220000000001164,2.6299999999996544,1,1.1
108,random,1,741,1.2220000000002074,2.713999999999942,1,1.1
108,random,1,742,0.568000000000211,4.295999999999822,0,1.1
108,random,1,743,0.6080000000001746,0.11199999999962529,0,1.1
108,random,1,745,0.43200000000024374,0.10599999999976717,0,1.1
108,random,1,747,0.20800000000008367,4.255999999999858,0,1.1
108,random,1,748,0.38000000000010914,4.0900000000001455,0,1.1
108,random,1,749,0.9899999999997817,4.364000000000033,0,1.1
108,random,1,750,0.5219999999999345,0.10199999999986176,0,1.1
108,random,1,752,1.0,4.496000000000095,0,1.1
108,random,1,753,0.15399999999999636,2.7619999999997162,0,1.1
108,random,1,754,0.9880000000002838,0.1499999999996362,0,1.1
108,random,1,756,0.9160000000001673,14.009999999999764,0,1.1
108,random,1,757,0.3400000000001455,3.3980000000001382,0,1.1
108,random,1,758,0.22799999999961074,3.986000000000331,0,1.1
108,random,1,759,0.31399999999985084,0.10399999999981446,0,1.1
108,random,1,761,0.9280000000003383,3.569999999999709,0,1.1
108,random,1,762,0.5340000000001055,3.41800000000012,0,1.1
108,random,1,763,0.2539999999999054,2.731999999999971,0,1.1
108,random,1,764,0.75,0.04399999999986903,0,1.1
108,random,1,766,0.9200000000000728,3.0219999999999345,0,1.1
108,random,1,767,0.8840000000000146,0.0340000000001055,0,1.1
108,random,1,769,0.2199999999997999,4.106000000000222,0,1.1
108,random,1,770,1.1280000000001564,2.8099999999999454,1,1.1
108,random,1,771,0.3739999999997963,0.07600000000002183,0,1.1
108,random,1,773,0.34600000000000364,2.9899999999997817,0,1.1
108,random,1,774,1.150000000000091,1.518000000000029,1,1.1
108,random,1,775,2.3079999999999927,0.13000000000010914,1,1.1
108,random,1,776,0.19000000000005457,3.925999999999931,0,1.1
108,random,1,777,1.27599999999984,0.17799999999988358,1,1.1
108,random,1,778,0.11799999999993815,2.900000000000091,0,1.1
108,random,1,779,1.16800000000012,0.14600000000018554,1,1.1
108,random,1,780,0.13799999999991996,3.4839999999999236,0,1.1
108,random,1,781,1.2820000000001528,0.1659999999997126,1,1.1
108,random,1,782,0.16600000000016735,2.66800000000012,0,1.1
108,random,1,783,1.3279999999999745,4.149999999999636,1,1.1
108,random,1,784,0.2880000000000109,3.298000000000229,0,1.1
108,random,1,785,0.7260000000001128,2.9299999999998363,0,1.1
108,random,1,786,0.44399999999996,0.05400000000008731,0,1.1
108,random,1,788,0.7799999999997453,2.3220000000001164,0,1.1
108,random,1,789,0.6019999999998618,4.988000000000284,0,1.1
108,random,1,790,0.20800000000008367,3.9539999999997235,0,1.1
108,random,1,791,1.38799999999992,1.912000000000262,1,1.1
108,random,1,792,1.6579999999999018,2.217999999999847,1,1.1
108,random,1,793,2.5400000000004184,7.699999999999818,1,1.1
108,random,1,794,0.3420000000000982,4.221999999999753,0,1.2
108,random,1,795,0.8400000000001455,0.0500000000001819,0,1.2
108,random,1,797,0.41800000000012005,0.08599999999978536,0,1.2
108,random,1,799,0.5219999999999345,0.052000000000134605,0,1.2
108,random,1,801,0.9119999999998072,0.13200000000006185,0,1.2
108,random,1,803,1.2039999999997235,2.2280000000000655,1,1.2
108,random,1,804,1.3299999999999272,0.20800000000008367,1,1.2
108,random,1,805,0.15399999999999636,3.14200000000028,0,1.2
108,random,1,806,0.44399999999996,0.047999999999774445,0,1.2
108,random,1,808,0.4780000000000655,0.06799999999975626,0,1.2
108,random,1,810,0.31199999999989814,0.023999999999887223,0,1.2
108,random,1,812,0.26399999999966894,2.7260000000001128,0,1.2
108,random,1,813,0.5720000000001164,0.041999999999916326,0,1.2
108,random,1,815,1.018000000000029,2.30600000000004,0,1.2
108,random,1,816,0.9779999999996107,4.108000000000175,0,1.2
108,random,1,817,0.24400000000014188,3.625999999999749,0,1.2
108,random,1,818,1.412000000000262,1.9179999999996653,1,1.2
108,random,1,819,0.9120000000002619,0.07799999999997453,0,1.2
108,random,1,821,0.1459999999997308,0.028000000000247383,0,1.2
108,random,1,823,0.4459999999999127,0.03600000000005821,0,1.2
108,random,1,825,0.737999999999829,0.10600000000022192,0,1.2
108,random,1,827,0.6299999999996544,3.0520000000001346,0,1.2
108,random,1,828,1.4380000000001019,2.132000000000062,1,1.2
108,random,1,829,1.1479999999996835,3.5840000000002874,0,1.2
108,random,1,830,0.5199999999999818,0.0340000000001055,0,1.2
108,random,1,832,0.3680000000003929,0.11599999999998545,0,1.2
108,random,1,834,0.5119999999997162,0.046000000000276486,0,1.2
108,random,1,836,0.7440000000001419,4.073999999999614,0,1.2
108,random,1,837,1.136000000000422,4.281999999999698,0,1.2
108,random,1,838,1.0320000000001528,5.266000000000076,0,1.2
108,random,1,839,0.55600000000004,0.11400000000003274,0,1.2
108,random,1,841,0.07799999999997453,4.164000000000215,0,1.2
108,random,1,842,0.9600000000000364,14.402000000000044,0,1.2
108,random,1,843,0.5180000000000291,0.13599999999996726,0,1.2
108,random,1,845,0.80600000000004,6.849999999999909,0,1.2
108,random,1,846,0.5360000000000582,2.94399999999996,0,1.2
108,random,1,847,0.03000000000020009,3.7480000000000473,0,1.2
108,random,1,848,0.8919999999998254,3.61200000000008,0,1.2
108,random,1,849,0.4819999999999709,3.02599999999984,0,1.2
108,random,1,850,0.8659999999999854,4.1580000000003565,0,1.2
108,random,1,851,1.0659999999998035,0.13000000000010914,0,1.2
108,random,1,853,0.6039999999998145,0.09600000000000364,0,1.2
108,random,1,855,1.4660000000003492,4.045999999999822,1,1.2
108,random,1,856,1.19399999999996,3.012000000000171,0,1.2
108,random,1,857,0.80600000000004,0.07400000000006912,0,1.2
108,random,1,859,1.08600000000024,0.052000000000134605,0,1.2
108,random,1,861,1.1959999999999127,0.09799999999995634,0,1.2
108,random,1,863,1.1080000000001746,3.1019999999998618,0,1.2
108,random,1,864,0.6860000000001492,0.04399999999986903,0,1.2
108,random,1,866,0.2480000000000473,0.018000000000029104,0,1.2
108,random,1,868,1.1659999999997126,0.12200000000029831,0,1.2
108,random,1,870,1.5019999999999527,2.3960000000001855,1,1.2
108,random,1,871,1.6079999999997199,0.24000000000023647,1,1.2
108,random,1,872,0.15599999999994907,2.5399999999999636,0,1.2
108,random,1,873,1.1720000000000255,0.07600000000002183,0,1.2
108,random,1,875,0.17799999999988358,2.4459999999999127,0,1.2
108,random,1,876,0.83199999999988,3.0460000000002765,0,1.2
108,random,1,877,1.0239999999998872,3.2519999999999527,0,1.2
108,random,1,878,0.8460000000000036,0.07000000000016371,0,1.2
108,random,1,880,0.9360000000001492,0.10199999999986176,0,1.2
108,random,1,882,0.4920000000001892,3.701999999999771,0,1.2
108,random,1,883,1.2860000000000582,3.0960000000000036,1,1.2
108,random,1,884,0.6300000000001091,3.8739999999997963,0,1.2
108,random,1,885,0.9080000000003565,0.13599999999996726,0,1.2
108,random,1,887,0.11599999999998545,0.041999999999916326,0,1.2
108,random,1,889,0.12399999999979627,4.139999999999873,0,1.2
108,random,1,890,0.5020000000004075,0.04999999999972715,0,1.2
108,random,1,892,1.150000000000091,0.13000000000010914,0,1.2
108,random,1,894,0.7880000000000109,3.1700000000000728,0,1.2
108,random,1,895,0.023999999999887223,2.8420000000000982,0,1.2
108,random,1,896,0.487999999999829,4.36200000000008,0,1.2
108,random,1,897,0.9360000000001492,0.12399999999979627,0,1.2
108,random,1,899,0.9900000000002365,2.8739999999997963,0,1.2
108,random,1,900,0.3020000000001346,2.3979999999996835,0,1.2
108,random,1,901,0.66800000000012,4.425999999999931,0,1.2
108,random,1,902,0.7600000000002183,0.11799999999993815,0,1.2
108,random,1,904,1.2139999999999418,2.230000000000018,1,1.2
108,random,1,905,2.0419999999999163,0.07600000000002183,1,1.2
108,random,1,906,0.19399999999995998,2.7600000000002183,0,1.2
108,random,1,907,1.6539999999999964,2.061999999999898,1,1.2
108,random,1,908,1.8579999999997199,2.9420000000000073,1,1.2
108,random,1,909,1.7280000000000655,2.7220000000002074,1,1.2
108,random,1,910,0.8600000000001273,3.1239999999997963,0,1.2
108,random,1,911,0.4980000000000473,0.09200000000009823,0,1.2
108,random,1,913,0.7479999999995925,3.650000000000091,0,1.2
108,random,1,914,0.5219999999999345,0.10400000000026921,0,1.2
108,random,1,916,0.8760000000002037,0.05600000000004002,0,1.2
108,random,1,918,1.1739999999999782,4.347999999999956,0,1.2
108,random,1,919,0.9920000000001892,3.8799999999996544,0,1.2
108,random,1,920,0.4940000000001419,0.06199999999989814,0,1.2
108,random,1,922,0.16400000000021464,0.03999999999996362,0,1.2
108,random,1,924,0.8679999999999382,0.1160000000004402,0,1.2
108,random,1,926,0.4839999999999236,2.2800000000002,0,1.2
108,random,1,927,1.11200000000008,3.031999999999698,0,1.2
108,random,1,928,0.3560000000002219,0.0340000000001055,0,1.2
108,random,1,930,0.9459999999999127,0.14399999999977808,0,1.2
108,random,1,932,1.2280000000000655,2.4200000000000728,1,1.2
108,random,1,933,1.38799999999992,4.039999999999964,1,1.2
108,random,1,934,0.07600000000002183,3.438000000000102,0,1.2
108,random,1,935,0.4859999999998763,0.05600000000004002,0,1.2
108,random,1,937,0.7179999999998472,0.028000000000247383,0,1.2
108,random,1,939,0.45200000000022555,0.13200000000006185,0,1.2
108,random,1,941,0.849999999999909,0.057999999999992724,0,1.2
108,random,1,943,1.0419999999999163,2.6220000000002983,0,1.2
108,random,1,944,0.793999999999869,2.9320000000002437,0,1.2
108,random,1,945,0.8039999999996326,0.14600000000018554,0,1.2
108,random,1,947,0.91800000000012,0.033999999999650754,0,1.2
108,random,1,949,0.8859999999999673,0.09600000000000364,0,1.2
108,random,1,951,0.5540000000000873,2.5299999999997453,0,1.2
108,random,1,952,0.4619999999999891,0.032000000000152795,0,1.2
108,random,1,954,1.3240000000000691,0.16800000000012005,1,1.2
108,random,1,955,0.04599999999982174,3.543999999999869,0,1.2
108,random,1,956,0.10800000000017462,0.07600000000002183,0,1.2
108,random,1,958,0.33599999999978536,3.3659999999999854,0,1.2
108,random,1,959,0.2660000000000764,3.849999999999909,0,1.2
108,random,1,960,1.4520000000002256,2.175999999999931,1,1.2
108,random,1,961,1.0300000000002,0.12399999999979627,0,1.2
108,random,1,963,0.4940000000001419,0.03999999999996362,0,1.2
108,random,1,965,0.6679999999996653,0.07999999999992724,0,1.2
108,random,1,967,1.211999999999989,1.7779999999997926,1,1.2
108,random,1,968,0.1799999999998363,3.2340000000003783,0,1.2
108,random,1,969,0.8519999999998618,2.9720000000002074,0,1.2
108,random,1,970,0.20799999999962893,3.2200000000002547,0,1.2
108,random,1,971,0.06599999999980355,3.94399999999996,0,1.2
108,random,1,972,0.7400000000002365,,0,1.2
108,random,2,1,0.5820000000000007,2.665999999999997,0,1.2
108,random,2,2,1.1500000000000057,2.8739999999999952,0,1.2
108,random,2,3,1.4280000000000044,2.211999999999996,1,1.2
108,random,2,4,1.0840000000000032,3.088000000000001,0,1.2
108,random,2,5,1.0700000000000003,3.263999999999996,0,1.2
108,random,2,6,1.4059999999999988,2.094000000000001,1,1.2
108,random,2,7,1.0519999999999996,0.11200000000000188,0,1.2
108,random,2,9,0.30400000000000205,0.08800000000000097,0,1.2
108,random,2,11,0.2639999999999958,3.7960000000000065,0,1.2
108,random,2,12,0.22399999999998954,0.0940000000000083,0,1.2
108,random,2,14,1.3059999999999974,1.9159999999999968,1,1.2
108,random,2,15,0.6940000000000026,4.524000000000001,0,1.2
108,random,2,16,0.23999999999999488,0.12600000000000477,0,1.2
108,random,2,18,0.2259999999999991,2.592000000000013,0,1.2
108,random,2,19,0.333999999999989,0.1280000000000001,0,1.2
108,random,2,21,0.2680000000000007,3.631999999999991,0,1.2
108,random,2,22,0.13800000000000523,0.08599999999999852,0,1.2
108,random,2,24,0.4060000000000059,0.04399999999999693,0,1.2
108,random,2,26,0.3780000000000001,4.964000000000013,0,1.2
108,random,2,27,0.36999999999999034,4.391999999999996,0,1.2
108,random,2,28,0.45400000000000773,4.900000000000006,0,1.2
108,random,2,29,0.9979999999999905,4.025999999999996,0,1.2
108,random,2,30,0.16800000000000637,10.542000000000002,0,1.2
108,random,2,31,0.11199999999999477,0.1220000000000141,0,1.2
108,random,2,33,1.1420000000000243,3.2959999999999923,0,1.2
108,random,2,34,0.6920000000000073,0.10199999999997544,0,1.2
108,random,2,36,0.33600000000001273,3.563999999999993,0,1.2
108,random,2,37,0.9560000000000173,0.04399999999998272,0,1.2
108,random,2,39,0.382000000000005,2.695999999999998,0,1.2
108,random,2,40,1.1440000000000055,8.195999999999998,0,1.2
108,random,2,41,1.4339999999999975,2.289999999999992,1,1.2
108,random,2,42,2.4819999999999993,1.8940000000000055,1,1.2
108,random,2,43,1.7379999999999995,2.1740000000000066,1,1.2
108,random,2,44,1.5319999999999823,2.1899999999999977,1,1.2
108,random,2,45,1.372000000000014,0.09399999999999409,1,1.2
108,random,2,46,0.2079999999999984,3.352000000000004,0,1.2
108,random,2,47,1.1519999999999868,3.8440000000000225,0,1.2
108,random,2,48,0.32200000000000273,3.828000000000003,0,1.2
108,random,2,49,1.1239999999999952,4.873999999999995,0,1.2
108,random,2,50,1.0960000000000036,4.2620000000000005,0,1.2
108,random,2,51,0.8799999999999955,3.0579999999999927,0,1.2
108,random,2,52,0.8480000000000132,0.04999999999998295,0,1.2
108,random,2,54,0.6659999999999968,0.03200000000001069,0,1.2
108,random,2,56,0.6279999999999859,0.040000000000020464,0,1.2
108,random,2,58,1.4420000000000073,2.0679999999999836,1,1.2
108,random,2,59,1.4819999999999993,2.4540000000000077,1,1.2
108,random,2,60,2.2860000000000014,2.033999999999992,1,1.2
108,random,2,61,1.2460000000000093,0.103999999999985,1,1.2
108,random,2,62,0.18200000000001637,4.099999999999994,0,1.2
108,random,2,63,1.1340000000000146,3.1159999999999854,0,1.2
108,random,2,64,0.6380000000000052,0.03799999999998249,0,1.2
108,random,2,66,0.7460000000000093,3.6280000000000143,0,1.2
108,random,2,67,0.643999999999977,0.06799999999998363,0,1.2
108,random,2,69,1.829999999999984,1.8179999999999836,1,1.2
108,random,2,70,1.353999999999985,0.1500000000000341,1,1.2
108,random,2,71,0.15800000000001546,3.3039999999999736,0,1.2
108,random,2,72,1.495999999999981,1.1040000000000418,1,1.2
108,random,2,73,1.339999999999975,2.434000000000026,1,1.2
108,random,2,74,2.367999999999995,0.22999999999996135,1,1.2
108,random,2,75,0.14800000000002456,3.48599999999999,0,1.2
108,random,2,76,1.7300000000000182,0.1339999999999577,1,1.2
108,random,2,77,0.18000000000000682,3.744000000000028,0,1.2
108,random,2,78,2.255999999999972,0.15800000000001546,1,1.2
108,random,2,79,0.08199999999999363,3.466000000000008,0,1.2
108,random,2,80,1.5760000000000218,0.14599999999995816,1,1.2
108,random,2,81,0.08600000000001273,4.062000000000012,0,1.2
108,random,2,82,1.3659999999999854,0.1360000000000241,1,1.2
108,random,2,83,0.19799999999997908,2.348000000000013,0,1.2
108,random,2,84,1.1299999999999955,0.16800000000000637,0,1.2
108,random,2,86,1.1619999999999777,4.108000000000004,0,1.2
108,random,2,87,0.8559999999999945,0.13400000000001455,0,1.2
108,random,2,89,0.44399999999996,2.4360000000000355,0,1.2
108,random,2,90,0.05000000000001137,0.02400000000000091,0,1.2
108,random,2,92,1.6280000000000427,2.2959999999999923,1,1.2
108,random,2,93,1.8959999999999582,0.17200000000002547,1,1.2
108,random,2,94,0.15800000000001546,3.651999999999987,0,1.2
108,random,2,95,1.711999999999989,0.02400000000000091,1,1.2
108,random,2,96,0.14400000000000546,3.740000000000009,0,1.2
108,random,2,97,1.396000000000015,1.4739999999999895,1,1.2
108,random,2,98,0.05000000000001137,0.14999999999997726,0,1.2
108,random,2,100,0.7740000000000009,0.04800000000000182,0,1.2
108,random,2,102,1.405999999999949,1.788000000000011,1,1.2
108,random,2,103,1.5920000000000414,1.5879999999999654,1,1.2
108,random,2,104,2.3600000000000136,0.09800000000001319,1,1.2
108,random,2,105,0.12999999999999545,3.0740000000000123,0,1.2
108,random,2,106,1.7299999999999613,0.18999999999999773,1,1.2
108,random,2,107,0.13400000000001455,3.254000000000019,0,1.2
108,random,2,108,0.36199999999996635,0.060000000000002274,0,1.2
108,random,2,110,0.7579999999999814,2.4180000000000064,0,1.2
108,random,2,111,0.49600000000003774,0.07999999999998408,0,1.2
108,random,2,113,0.5120000000000005,0.04200000000003001,0,1.2
108,random,2,115,0.18799999999998818,3.906000000000006,0,1.2
108,random,2,116,0.9019999999999868,4.1580000000000155,0,1.2
108,random,2,117,0.7579999999999814,3.4839999999999804,0,1.2
108,random,2,118,0.18200000000001637,0.06200000000001182,0,1.2
108,random,2,120,1.2479999999999905,2.298000000000002,1,1.2
108,random,2,121,1.024000000000001,0.13599999999996726,0,1.2
108,random,2,123,0.924000000000035,0.1099999999999568,0,1.2
108,random,2,125,0.17400000000003502,0.014000000000010004,0,1.2
108,random,2,127,0.4119999999999777,0.02400000000000091,0,1.2
108,random,2,129,0.5320000000000391,2.5459999999999923,0,1.2
108,random,2,130,0.11000000000001364,0.057999999999992724,0,1.2
108,random,2,132,0.45400000000000773,2.674000000000035,0,1.2
108,random,2,133,1.6539999999999964,1.5819999999999936,1,1.2
108,random,2,134,1.8559999999999945,1.3419999999999845,1,1.2
108,random,2,135,1.3600000000000136,0.12000000000000455,1,1.2
108,random,2,136,0.17200000000002547,3.325999999999965,0,1.2
108,random,2,137,1.4639999999999986,0.11200000000002319,1,1.2
108,random,2,138,0.11599999999998545,3.896000000000015,0,1.2
108,random,2,139,1.051999999999964,0.10200000000003229,0,1.2
108,random,2,141,0.8460000000000036,3.4699999999999704,0,1.2
108,random,2,142,0.51400000000001,0.10800000000000409,0,1.2
108,random,2,144,0.5260000000000105,3.282000000000039,0,1.2
108,random,2,145,1.433999999999969,0.20999999999997954,1,1.2
108,random,2,146,0.2980000000000018,2.4260000000000446,0,1.2
108,random,2,147,1.5979999999999563,0.15200000000004366,1,1.2
108,random,2,148,0.0999999999999659,2.608000000000004,0,1.2
108,random,2,149,2.0120000000000005,0.16200000000003456,1,1.2
108,random,2,150,0.1099999999999568,3.444000000000017,0,1.2
108,random,2,151,0.6700000000000159,0.04199999999997317,0,1.2
108,random,2,153,0.047999999999944976,0.08800000000002228,0,1.2
108,random,2,155,1.4739999999999895,0.14999999999997726,1,1.2
108,random,2,156,0.1360000000000241,4.564000000000021,0,1.2
108,random,2,157,0.08599999999995589,5.088000000000022,0,1.2
108,random,2,158,0.8799999999999955,0.14800000000002456,0,1.2
108,random,2,160,1.4099999999999682,0.05000000000001137,1,1.2
108,random,2,161,0.19400000000001683,2.8419999999999845,0,1.2
108,random,2,162,1.3199999999999932,0.16800000000000637,1,1.2
108,random,2,163,0.117999999999995,3.4139999999999873,0,1.2
108,random,2,164,1.6720000000000255,1.7660000000000196,1,1.2
108,random,2,165,1.725999999999999,1.509999999999991,1,1.2
108,random,2,166,1.8120000000000118,0.18600000000003547,1,1.2
108,random,2,167,0.033999999999991815,2.439999999999941,0,1.2
108,random,2,168,1.9660000000000082,2.505999999999972,1,1.2
108,random,2,169,1.2900000000000773,1.6639999999999873,1,1.2
108,random,2,170,1.2999999999999545,2.30600000000004,1,1.2
108,random,2,171,1.0419999999999163,3.900000000000091,0,1.2
108,random,2,172,1.0860000000000127,0.06199999999989814,0,1.2
108,random,2,174,0.8319999999999936,0.16399999999998727,0,1.2
108,random,2,176,1.566000000000031,1.731999999999971,1,1.2
108,random,2,177,1.3959999999999582,0.09000000000003183,1,1.2
108,random,2,178,0.12000000000000455,4.515999999999963,0,1.2
108,random,2,179,0.6159999999999854,3.7320000000000846,0,1.2
108,random,2,180,1.3799999999999955,0.07600000000002183,1,1.2
108,random,2,181,0.09799999999995634,2.8659999999999854,0,1.2
108,random,2,182,1.155999999999949,2.2100000000000364,0,1.2
108,random,2,183,1.1320000000000618,2.6399999999999864,0,1.2
108,random,2,184,1.419999999999959,0.07799999999997453,1,1.2
108,random,2,185,0.17400000000009186,0.10999999999989996,0,1.2
108,random,2,187,1.1639999999999873,0.13200000000006185,0,1.2
108,random,2,189,1.2980000000000018,0.06000000000005912,1,1.2
108,random,2,190,0.18799999999998818,3.741999999999962,0,1.2
108,random,2,191,1.6200000000000045,1.316000000000031,1,1.2
108,random,2,192,1.2999999999999545,0.033999999999991815,1,1.2
108,random,2,193,0.08400000000006003,1.7619999999999436,0,1.2
108,random,2,194,1.4940000000000282,1.6240000000000236,1,1.2
108,random,2,195,1.9919999999999618,2.1620000000000346,1,1.2
108,random,2,196,1.967999999999961,2.6240000000000236,1,1.2
108,random,2,197,1.5839999999999463,3.283999999999992,1,1.2
108,random,2,198,1.636000000000081,1.7980000000000018,1,1.2
108,random,2,199,2.8740000000000236,2.25,1,1.2
108,random,2,200,2.6059999999999945,2.425999999999931,1,1.2
108,random,2,201,1.1879999999999882,2.5260000000000673,0,1.2
108,random,2,202,1.0799999999999272,2.4060000000000628,0,1.2
108,random,2,203,0.6619999999999209,2.5860000000000127,0,1.2
108,random,2,204,1.2860000000000582,0.35799999999994725,1,1.2
108,random,2,205,0.07200000000000273,3.0860000000000127,0,1.2
108,random,2,206,1.4060000000000628,1.3059999999999263,1,1.2
108,random,2,207,1.830000000000041,1.7139999999999418,1,1.2
108,random,2,208,2.1100000000000136,2.07000000000005,1,1.2
108,random,2,209,1.5059999999999718,2.2620000000000573,1,1.2
108,random,2,210,1.26400000000001,2.1779999999999973,1,1.2
108,random,2,211,2.685999999999922,2.201999999999998,1,1.2
108,random,2,212,0.84800000000007,3.3159999999999172,0,1.2
108,random,2,213,0.4780000000000655,0.13400000000001455,0,1.2
108,random,2,215,1.1560000000000628,4.159999999999968,0,1.2
108,random,2,216,0.5639999999999645,0.11599999999998545,0,1.2
108,random,2,218,0.38999999999998636,4.190000000000055,0,1.2
108,random,2,219,0.01999999999998181,0.06200000000001182,0,1.2
108,random,2,221,0.08600000000001273,2.717999999999961,0,1.2
108,random,2,222,0.8460000000000036,4.050000000000068,0,1.2
108,random,2,223,1.0779999999999745,5.648000000000025,0,1.2
108,random,2,224,0.8179999999999836,2.3079999999999927,0,1.2
108,random,2,225,1.1359999999999673,0.13999999999998636,0,1.2
108,random,2,227,1.211999999999989,0.37199999999995725,1,1.2
108,random,2,228,0.26400000000001,2.8559999999999945,0,1.2
108,random,2,229,1.0020000000000664,3.113999999999919,0,1.2
108,random,2,230,1.0300000000000864,0.14399999999989177,0,1.2
108,random,2,232,0.09400000000005093,3.9220000000000255,0,1.2
108,random,2,233,0.7699999999999818,3.5319999999999254,0,1.2
108,random,2,234,0.2900000000000773,0.07799999999997453,0,1.2
108,random,2,236,0.12400000000002365,0.03999999999996362,0,1.2
108,random,2,238,1.17999999999995,3.272000000000048,0,1.2
108,random,2,239,1.405999999999949,0.08799999999996544,1,1.2
108,random,2,240,0.21200000000010277,3.467999999999961,0,1.2
108,random,2,241,1.0459999999999354,3.0540000000000873,0,1.2
108,random,2,242,0.7299999999999045,6.836000000000013,0,1.2
108,random,2,243,0.8180000000000973,9.865999999999985,0,1.2
108,random,2,244,1.0759999999999081,3.7340000000000373,0,1.2
108,random,2,245,0.9600000000000364,6.648000000000025,0,1.2
108,random,2,246,1.7039999999999509,1.4120000000000346,1,1.2
108,random,2,247,1.7819999999999254,1.975999999999999,1,1.2
108,random,2,248,1.0460000000000491,2.6499999999999773,0,1.2
108,random,2,249,1.4880000000000564,1.461999999999989,1,1.2
108,random,2,250,1.8360000000000127,0.18399999999996908,1,1.2
108,random,2,251,0.08799999999996544,4.25,0,1.2
108,random,2,252,1.316000000000031,2.3099999999999454,1,1.2
108,random,2,253,1.3740000000000236,5.108000000000061,1,1.2
108,random,2,254,0.37199999999995725,4.245999999999981,0,1.2
108,random,2,255,1.5620000000000118,2.961999999999989,1,1.2
108,random,2,256,0.8440000000000509,2.23599999999999,0,1.2
108,random,2,257,1.0439999999999827,4.782000000000039,0,1.2
108,random,2,258,1.1580000000000155,2.6019999999999754,0,1.2
108,random,2,259,1.4499999999999318,1.9840000000000373,1,1.2
108,random,2,260,1.532000000000039,1.731999999999971,1,1.2
108,random,2,261,1.217999999999961,2.4060000000000628,1,1.2
108,random,2,262,1.5399999999999636,5.51400000000001,1,1.2
108,random,2,263,0.8659999999999854,2.8279999999999745,0,1.2
108,random,2,264,1.2160000000000082,1.4560000000000173,1,1.2
108,random,2,265,1.788000000000011,1.9260000000000446,1,1.2
108,random,2,266,1.4180000000000064,2.3719999999999573,1,1.2
108,random,2,267,0.7880000000000109,3.451999999999998,0,1.2
108,random,2,268,0.9180000000000064,0.13199999999994816,0,1.2
108,random,2,270,1.4519999999999982,3.2040000000000646,1,1.2
108,random,2,271,0.17999999999994998,3.632000000000062,0,1.2
108,random,2,272,0.9619999999999891,0.11599999999998545,0,1.2
108,random,2,274,0.9039999999999964,3.2379999999999427,0,1.2
108,random,2,275,1.1620000000000346,0.057999999999992724,0,1.2
108,random,2,277,1.7379999999999427,1.76400000000001,1,1.2
108,random,2,278,0.8820000000000618,3.447999999999979,0,1.2
108,random,2,279,0.7719999999999345,0.07200000000000273,0,1.2
108,random,2,281,0.7620000000000573,2.4039999999999964,0,1.2
108,random,2,282,1.1299999999999955,2.826000000000022,0,1.2
108,random,2,283,1.0459999999999354,3.1340000000000146,0,1.2
108,random,2,284,1.08400000000006,3.6399999999999864,0,1.2
108,random,2,285,1.217999999999961,1.9940000000000282,1,1.2
108,random,2,286,0.7759999999999536,3.826000000000022,0,1.2
108,random,2,287,1.0220000000000482,4.053999999999974,0,1.2
108,random,2,288,0.70799999999997,9.32400000000007,0,1.2
108,random,2,289,1.2039999999999509,0.11000000000001364,1,1.2
108,random,2,290,0.2659999999999627,3.324000000000069,0,1.2
108,random,2,291,1.0879999999999654,0.15200000000004366,0,1.2
108,random,2,293,0.8880000000000337,4.114000000000033,0,1.2
108,random,2,294,1.3659999999999854,0.2519999999999527,1,1.2
108,random,2,295,0.11800000000005184,2.8339999999999463,0,1.2
108,random,2,296,1.8079999999999927,0.2939999999999827,1,1.2
108,random,2,297,0.2400000000000091,3.1920000000000073,0,1.2
108,random,2,298,1.4139999999999873,2.160000000000082,1,1.2
108,random,2,299,0.17399999999997817,0.10000000000002274,0,1.2
108,random,2,301,1.0480000000000018,4.26400000000001,0,1.2
108,random,2,302,0.7980000000000018,2.47199999999998,0,1.2
108,random,2,303,0.6920000000000073,4.1059999999999945,0,1.2
108,random,2,304,0.80600000000004,3.1259999999999764,0,1.2
108,random,2,305,1.1000000000000227,4.097999999999956,0,1.2
108,random,2,306,0.9740000000000464,3.673999999999978,0,1.2
108,random,2,307,1.6319999999999482,1.61200000000008,1,1.2
108,random,2,308,1.0259999999999536,3.8479999999999563,0,1.2
108,random,2,309,1.5020000000000664,1.2580000000000382,1,1.2
108,random,2,310,1.45799999999997,1.8240000000000691,1,1.2
108,random,2,311,1.5739999999998417,2.0520000000001346,1,1.2
108,random,2,312,1.0299999999999727,3.4759999999998854,0,1.2
108,random,2,313,1.4580000000000837,1.5,1,1.2
108,random,2,314,1.4279999999998836,0.24400000000014188,1,1.2
108,random,2,315,0.05399999999985994,2.4340000000001965,0,1.2
108,random,2,316,1.4759999999998854,4.986000000000104,1,1.2
108,random,2,317,0.571999999999889,3.0299999999999727,0,1.2
108,random,2,318,1.2000000000000455,1.7439999999999145,0,1.2
108,random,2,319,1.6740000000002055,2.0299999999999727,1,1.2
108,random,2,320,1.5480000000000018,2.9659999999998945,1,1.2
108,random,2,321,1.3520000000000891,5.261999999999944,1,1.2
108,random,2,322,1.2819999999999254,2.9320000000000164,1,1.2
108,random,2,323,0.9080000000001291,3.980000000000018,0,1.2
108,random,2,324,1.3679999999999382,1.7919999999999163,1,1.2
108,random,2,325,1.8220000000001164,1.9980000000000473,1,1.2
108,random,2,326,1.8639999999998054,1.94600000000014,1,1.2
108,random,2,327,1.4939999999999145,1.9800000000000182,1,1.2
108,random,2,328,1.2619999999999436,2.296000000000049,1,1.2
108,random,2,329,1.844000000000051,2.3179999999999836,1,1.2
108,random,2,330,1.5860000000000127,2.981999999999971,1,1.2
108,random,2,331,0.9839999999999236,2.810000000000173,0,1.2
108,random,2,332,0.987999999999829,0.16000000000008185,0,1.2
108,random,2,334,0.6599999999998545,3.214000000000169,0,1.2
108,random,2,335,1.5139999999998963,2.324000000000069,1,1.2
108,random,2,336,1.72199999999998,2.0039999999999054,1,1.2
108,random,2,337,1.316000000000031,2.0520000000001346,1,1.2
108,random,2,338,1.2859999999998308,1.8540000000000418,1,1.2
108,random,2,339,1.4459999999999127,4.832000000000107,1,1.2
108,random,2,340,1.183999999999969,0.14400000000000546,0,1.2
108,random,2,342,1.2980000000000018,0.09199999999987085,1,1.2
108,random,2,343,0.16399999999998727,4.30600000000004,0,1.2
108,random,2,344,1.4420000000000073,1.4559999999999036,1,1.2
108,random,2,345,2.4420000000000073,2.2220000000002074,1,1.2
108,random,2,346,1.7039999999999509,3.1059999999999945,1,1.2
108,random,2,347,0.33799999999996544,2.6140000000000327,0,1.2
108,random,2,348,1.1900000000000546,2.905999999999949,0,1.2
108,random,2,349,1.4659999999998945,0.21600000000012187,1,1.2
108,random,2,350,0.02800000000002001,0.13999999999987267,0,1.2
108,random,2,352,1.2239999999999327,1.772000000000162,1,1.2
108,random,2,353,1.88799999999992,2.1900000000000546,1,1.2
108,random,2,354,1.268000000000029,2.6539999999999964,1,1.2
108,random,2,355,1.5,2.2239999999999327,1,1.2
108,random,2,356,1.2300000000000182,2.63799999999992,1,1.2
108,random,2,357,1.1000000000001364,3.30399999999986,0,1.2
108,random,2,358,0.7260000000001128,2.685999999999922,0,1.2
108,random,2,359,0.5260000000000673,3.2180000000000746,0,1.2
108,random,2,360,1.4579999999998563,1.5119999999999436,1,1.2
108,random,2,361,0.07600000000002183,0.12200000000007094,0,1.2
108,random,2,363,0.9139999999999873,3.8900000000001,0,1.2
108,random,2,364,0.8740000000000236,8.02800000000002,0,1.2
108,random,2,365,1.0679999999999836,4.669999999999845,0,1.2
108,random,2,366,1.272000000000162,2.061999999999898,1,1.2
108,random,2,367,0.8460000000000036,2.599999999999909,0,1.2
108,random,2,368,0.8380000000001928,3.6979999999998654,0,1.2
108,random,2,369,1.372000000000071,1.3959999999999582,1,1.2
108,random,2,370,1.30600000000004,1.6459999999999582,1,1.2
108,random,2,371,0.9100000000000819,2.4559999999999036,0,1.2
108,random,2,372,1.0760000000000218,3.0879999999999654,0,1.2
108,random,2,373,1.3420000000000982,1.6159999999999854,1,1.2
108,random,2,374,1.2739999999998872,1.9200000000000728,1,1.2
108,random,2,375,1.5339999999998781,2.33400000000006,1,1.2
108,random,2,376,1.538000000000011,2.16800000000012,1,1.2
108,random,2,377,0.8339999999998327,2.2100000000000364,0,1.2
108,random,2,378,1.2960000000000491,1.2980000000000018,1,1.2
108,random,2,379,1.5579999999999927,1.5219999999999345,1,1.2
108,random,2,380,1.7640000000001237,2.0579999999999927,1,1.2
108,random,2,381,2.311999999999898,3.7940000000000964,1,1.2
108,random,2,382,0.4199999999998454,2.9240000000002055,0,1.2
108,random,2,383,0.8399999999999181,2.685999999999922,0,1.2
108,random,2,384,1.1259999999999764,0.13600000000019463,0,1.2
108,random,2,386,1.1139999999998054,2.4480000000000928,0,1.2
108,random,2,387,1.5679999999999836,1.6240000000000236,1,1.2
108,random,2,388,1.481999999999971,2.211999999999989,1,1.2
108,random,2,389,1.7380000000000564,1.9939999999999145,1,1.2
108,random,2,390,1.768000000000029,2.938000000000102,1,1.2
108,random,2,391,0.7599999999999909,3.6599999999998545,0,1.2
108,random,2,392,1.2019999999999982,2.5060000000000855,1,1.2
108,random,2,393,0.4759999999998854,3.9580000000000837,0,1.2
108,random,2,394,0.9800000000000182,4.491999999999962,0,1.2
108,random,2,395,1.4880000000000564,1.6579999999999018,1,1.2
108,random,2,396,1.4480000000000928,1.6620000000000346,1,1.2
108,random,2,397,1.9320000000000164,2.0599999999999454,1,1.2
108,random,2,398,1.3479999999999563,3.3859999999999673,1,1.2
108,random,2,399,0.9760000000001128,4.097999999999956,0,1.2
108,random,2,400,1.490000000000009,2.4320000000000164,1,1.2
108,random,2,401,1.3179999999999836,2.05600000000004,1,1.2
108,random,2,402,1.599999999999909,2.3980000000001382,1,1.2
108,random,2,403,1.9800000000000182,3.8199999999999363,1,1.2
108,random,2,404,0.2839999999998781,4.304000000000087,0,1.2
108,random,2,405,1.7259999999998854,1.6900000000000546,1,1.2
108,random,2,406,2.4300000000000637,2.5119999999999436,1,1.2
108,random,2,407,1.3460000000000036,2.86200000000008,1,1.2
108,random,2,408,1.018000000000029,2.5799999999999272,0,1.2
108,random,2,409,1.2760000000000673,1.4220000000000255,1,1.2
108,random,2,410,2.0699999999999363,2.740000000000009,1,1.2
108,random,2,411,1.2100000000000364,3.3439999999998236,1,1.2
108,random,2,412,1.7920000000001437,6.155999999999949,1,1.2
108,random,2,413,0.8479999999999563,3.314000000000078,0,1.2
108,random,2,414,1.05600000000004,3.8239999999998417,0,1.2
108,random,2,415,2.078000000000202,2.3919999999998254,1,1.2
108,random,2,416,2.3079999999999927,3.3980000000001382,1,1.2
108,random,2,417,0.7859999999998308,2.2840000000001055,0,1.2
108,random,2,418,1.3520000000000891,1.6799999999998363,1,1.2
108,random,2,419,1.6159999999999854,3.0900000000001455,1,1.2
108,random,2,420,1.0919999999998709,2.550000000000182,0,1.2
108,random,2,421,1.2959999999998217,2.83400000000006,1,1.2
108,random,2,422,0.9100000000000819,0.06799999999998363,0,1.2
108,random,2,424,1.0720000000001164,3.435999999999922,0,1.2
108,random,2,425,0.8780000000001564,0.13399999999978718,0,1.2
108,random,2,427,0.37200000000007094,2.967999999999847,0,1.2
108,random,2,428,1.1639999999999873,4.02800000000002,0,1.2
108,random,2,429,1.772000000000162,3.24799999999982,1,1.2
108,random,2,430,0.9220000000000255,4.269999999999982,0,1.2
108,random,2,431,1.1480000000001382,4.286000000000058,0,1.2
108,random,2,432,1.0699999999999363,3.759999999999991,0,1.2
108,random,2,433,1.0579999999999927,3.2079999999998563,0,1.2
108,random,2,434,1.1860000000001492,2.9939999999999145,0,1.2
108,random,2,435,0.5320000000001528,13.211999999999989,0,1.2
108,random,2,436,0.8659999999999854,3.4220000000000255,0,1.2
108,random,2,437,1.5459999999998217,1.47400000000016,1,1.2
108,random,2,438,1.4519999999999982,2.1139999999998054,1,1.2
108,random,2,439,1.1260000000002037,3.627999999999929,0,1.2
108,random,2,440,1.1700000000000728,0.12399999999979627,0,1.2
108,random,2,442,1.3599999999999,1.8020000000001346,1,1.2
108,random,2,443,1.405999999999949,2.0879999999999654,1,1.2
108,random,2,444,1.8260000000000218,3.02800000000002,1,1.2
108,random,2,445,0.7539999999999054,2.5679999999999836,0,1.2
108,random,2,446,1.30600000000004,1.990000000000009,1,1.2
108,random,2,447,1.25,2.296000000000049,1,1.2
108,random,2,448,1.6299999999998818,2.2380000000000564,1,1.2
108,random,2,449,1.6380000000001473,6.1159999999999854,1,1.2
108,random,2,450,0.6759999999999309,4.079999999999927,0,1.2
108,random,2,451,1.1340000000000146,2.8640000000000327,0,1.2
108,random,2,452,1.6600000000000819,2.4420000000000073,1,1.2
108,random,2,453,1.0899999999999181,4.253999999999905,0,1.2
108,random,2,454,1.77800000000002,1.788000000000011,1,1.2
108,random,2,455,1.2980000000000018,2.7999999999999545,1,1.2
108,random,2,456,0.55600000000004,2.8859999999999673,0,1.2
108,random,2,457,1.1159999999999854,5.908000000000129,0,1.2
108,random,2,458,0.7059999999999036,0.12599999999997635,0,1.2
108,random,2,460,1.0620000000001255,2.2739999999998872,0,1.2
108,random,2,461,1.3740000000000236,1.5219999999999345,1,1.2
108,random,2,462,1.1880000000001019,3.3099999999999454,0,1.2
108,random,2,463,1.1620000000000346,0.12999999999988177,0,1.2
108,random,2,465,1.5579999999999927,1.3199999999999363,1,1.2
108,random,2,466,1.4240000000002055,1.671999999999798,1,1.2
108,random,2,467,1.8880000000001473,3.0260000000000673,1,1.2
108,random,2,468,1.6699999999998454,4.498000000000047,1,1.2
108,random,2,469,0.5460000000000491,3.731999999999971,0,1.2
108,random,2,470,1.0679999999999836,4.975999999999885,0,1.2
108,random,2,471,0.15000000000009095,4.082000000000107,0,1.2
108,random,2,472,1.1799999999998363,4.324000000000069,0,1.2
108,random,2,473,1.6459999999999582,3.3780000000001564,1,1.2
108,random,2,474,0.14599999999995816,2.869999999999891,0,1.2
108,random,2,475,1.3460000000000036,2.314000000000078,1,1.2
108,random,2,476,1.3699999999998909,1.5399999999999636,1,1.2
108,random,2,477,1.3820000000000618,3.1480000000001382,1,1.2
108,random,2,478,1.0519999999999072,2.798000000000002,0,1.2
108,random,2,479,0.7960000000000491,4.142000000000053,0,1.2
108,random,2,480,1.015999999999849,0.12599999999997635,0,1.2
108,random,2,482,1.1479999999999109,4.3120000000001255,0,1.2
108,random,2,483,0.8799999999998818,0.11599999999998545,0,1.2
108,random,2,485,1.58199999999988,2.1440000000000055,1,1.2
108,random,2,486,1.5799999999999272,2.578000000000202,1,1.2
108,random,2,487,0.7739999999998872,3.9079999999999018,0,1.2
108,random,2,488,1.1140000000000327,2.484000000000151,0,1.2
108,random,2,489,1.3079999999999927,2.0779999999999745,1,1.2
108,random,2,490,2.1259999999999764,3.08400000000006,1,1.2
108,random,2,491,0.487999999999829,3.762000000000171,0,1.2
108,random,2,492,0.7739999999998872,12.33400000000006,0,1.2
108,random,2,493,0.2319999999999709,0.12799999999992906,0,1.2
108,random,2,495,1.1880000000001019,2.4759999999998854,0,1.2
108,random,2,496,1.2840000000001055,2.6140000000000327,1,1.2
108,random,2,497,0.63799999999992,2.316000000000031,0,1.2
108,random,2,498,1.1920000000000073,5.385999999999967,0,1.2
108,random,2,499,0.38400000000001455,0.11799999999993815,0,1.2
108,random,2,501,0.01999999999998181,0.08799999999996544,0,1.2
108,random,2,503,0.956000000000131,0.14999999999986358,0,1.2
108,random,2,505,0.8719999999998436,51.05000000000018,0,1.2
108,random,2,506,0.9539999999999509,2.8999999999998636,0,1.2
108,random,2,507,1.0620000000001255,3.3379999999999654,0,1.2
108,random,2,508,1.3179999999999836,3.1340000000000146,1,1.2
108,random,2,509,0.8759999999999764,3.58400000000006,0,1.2
108,random,2,510,1.30600000000004,1.8559999999999945,1,1.2
108,random,2,511,1.8419999999998709,2.814000000000078,1,1.2
108,random,2,512,0.7739999999998872,3.6840000000001965,0,1.2
108,random,2,513,0.7519999999999527,3.7100000000000364,0,1.2
108,random,2,514,1.683999999999969,1.711999999999989,1,1.2
108,random,2,515,2.0419999999999163,3.9200000000000728,1,1.2
108,random,2,516,1.2339999999999236,2.2000000000000455,1,1.2
108,random,2,517,1.2799999999999727,5.796000000000049,1,1.2
108,random,2,518,0.7300000000000182,2.27800000000002,0,1.2
108,random,2,519,1.5039999999999054,0.12200000000007094,1,1.2
108,random,2,520,0.05199999999990723,3.3040000000000873,0,1.2
108,random,2,521,1.5399999999999636,3.895999999999958,1,1.2
108,random,2,522,0.2840000000001055,3.1219999999998436,0,1.2
108,random,2,523,1.2740000000001146,3.591999999999871,1,1.2
108,random,2,524,1.5480000000000018,5.588000000000193,1,1.2
108,random,2,525,1.3579999999999472,2.1159999999999854,1,1.2
108,random,2,526,1.122000000000071,3.99799999999982,0,1.2
108,random,2,527,1.47199999999998,1.7260000000001128,1,1.2
108,random,2,528,1.8520000000000891,1.7439999999999145,1,1.2
108,random,2,529,2.1980000000000928,2.8259999999997945,1,1.2
108,random,2,530,1.3220000000001164,2.741999999999962,1,1.2
108,random,2,531,1.2000000000000455,2.6800000000000637,0,1.2
108,random,2,532,2.0039999999999054,2.410000000000082,1,1.2
108,random,2,533,1.481999999999971,3.241999999999962,1,1.2
108,random,2,534,2.1440000000000055,6.6720000000000255,1,1.2
108,random,2,535,1.5599999999999454,2.2460000000000946,1,1.2
108,random,2,536,1.8299999999999272,3.405999999999949,1,1.2
108,random,2,537,2.117999999999938,2.2920000000001437,1,1.2
108,random,2,538,2.685999999999922,2.0720000000001164,1,1.2
108,random,2,539,2.5319999999999254,2.008000000000038,1,1.2
108,random,2,540,3.467999999999847,2.6980000000000928,1,1.2
108,random,2,541,2.935999999999922,1.8260000000000218,1,1.2
108,random,2,542,2.4580000000000837,4.069999999999936,1,1.2
108,random,2,543,0.6320000000000618,4.258000000000038,0,1.2
108,random,2,544,1.4780000000000655,2.479999999999791,1,1.2
108,random,2,545,1.711999999999989,1.5760000000000218,1,1.2
108,random,2,546,3.880000000000109,2.0399999999999636,1,1.2
108,random,2,547,3.453999999999951,4.880000000000109,1,1.2
108,random,2,548,1.5239999999998872,3.094000000000051,1,1.2
108,random,2,549,2.0679999999999836,2.953999999999951,1,1.2
108,random,2,550,1.816000000000031,3.5019999999999527,1,1.2
108,random,2,551,2.6159999999999854,3.756000000000313,1,1.2
108,random,2,552,2.0019999999999527,4.173999999999978,1,1.2
108,random,2,553,2.061999999999898,3.8359999999997854,1,1.2
108,random,2,554,1.8079999999999927,2.8960000000001855,1,1.2
108,random,2,555,3.175999999999931,3.2919999999999163,1,1.2
108,random,2,556,2.274000000000342,3.3899999999998727,1,1.2
108,random,2,557,1.9679999999998472,4.0779999999999745,1,1.2
108,random,2,558,1.9780000000000655,3.0920000000000982,1,1.2
108,random,2,559,3.8780000000001564,4.543999999999869,1,1.2
108,random,2,560,1.44399999999996,2.94399999999996,1,1.2
108,random,2,561,1.9699999999998,5.580000000000382,1,1.2
108,random,2,562,2.6239999999997963,9.155999999999949,1,1.2
108,random,2,563,1.63799999999992,3.3960000000001855,1,1.2
108,random,2,564,2.36200000000008,7.88799999999992,1,1.2
108,random,2,565,1.5219999999999345,3.0700000000001637,1,1.2
108,random,2,566,1.8240000000000691,3.9979999999995925,1,1.2
108,random,2,567,1.8020000000001346,4.104000000000269,1,1.2
108,random,2,568,0.4819999999999709,4.311999999999898,0,1.2
108,random,2,569,1.5360000000000582,3.643999999999778,1,1.2
108,random,2,570,2.1579999999999018,3.992000000000189,1,1.2
108,random,2,571,1.6979999999998654,4.162000000000262,1,1.2
108,random,2,572,1.731999999999971,13.565999999999804,1,1.2
108,random,2,573,4.738000000000284,479.7819999999997,1,1.2
108,random,2,574,1.1520000000000437,3.3079999999999927,0,1.2
108,random,2,575,1.22400000000016,3.6480000000001382,1,1.2
108,random,2,576,0.9079999999999018,2.931999999999789,0,1.2
108,random,2,577,0.23600000000033106,0.11999999999989086,0,1.2
108,random,2,580,1.9720000000002074,2.0100000000002183,1,1.2
108,random,2,581,0.7179999999998472,6.47400000000016,0,1.2
108,random,2,582,0.8799999999996544,3.4320000000002437,0,1.2
108,random,2,583,1.7619999999997162,2.50400000000036,1,1.2
108,random,2,584,2.0599999999999454,1.75,1,1.2
108,random,2,585,3.099999999999909,2.788000000000011,1,1.2
108,random,2,586,1.9580000000000837,6.917999999999665,1,1.2
108,random,2,587,1.3580000000001746,9.516000000000076,1,1.2
108,random,2,588,0.4800000000000182,4.161999999999807,0,1.2
108,random,2,589,1.1200000000003456,3.25,0,1.2
108,random,2,590,1.4839999999999236,12.165999999999713,1,1.2
108,random,2,591,2.2080000000000837,5.619999999999891,1,1.2
108,random,2,592,0.7600000000002183,3.38799999999992,0,1.2
108,random,2,593,0.66800000000012,0.10199999999986176,0,1.2
108,random,2,595,1.4020000000000437,36.87599999999975,1,1.2
108,random,2,596,1.0520000000001346,3.963999999999942,0,1.2
108,random,2,597,0.9639999999999418,4.057999999999993,0,1.2
108,random,2,598,1.5140000000001237,1.9420000000000073,1,1.2
108,random,2,599,2.480000000000018,2.91800000000012,1,1.2
108,random,2,600,2.5979999999999563,2.13799999999992,1,1.2
108,random,2,601,1.5479999999997744,2.200000000000273,1,1.2
108,random,2,602,1.288000000000011,1.8579999999997199,1,1.2
108,random,2,603,0.7340000000003783,2.4539999999997235,0,1.2
108,random,2,604,1.4760000000001128,1.6619999999998072,1,1.2
108,random,2,605,1.3920000000002801,1.7860000000000582,1,1.2
108,random,2,606,1.8559999999997672,1.83199999999988,1,1.2
108,random,2,607,1.0,3.80600000000004,0,1.2
108,random,2,608,1.1380000000003747,0.1619999999998072,0,1.2
108,random,2,610,1.6799999999998363,1.7840000000001055,1,1.2
108,random,2,611,0.9639999999999418,4.3400000000001455,0,1.2
108,random,2,612,1.6900000000000546,1.41399999999976,1,1.2
108,random,2,613,1.038000000000011,10.673999999999978,0,1.2
108,random,2,614,1.2860000000000582,1.6900000000000546,1,1.2
108,random,2,615,1.6300000000001091,1.4919999999997344,1,1.2
108,random,2,616,2.11200000000008,51.72400000000016,1,1.2
108,random,2,617,1.1779999999998836,2.769999999999982,0,1.2
108,random,2,618,1.8820000000000618,0.10199999999986176,1,1.2
108,random,2,619,0.07400000000006912,3.405999999999949,0,1.2
108,random,2,620,1.800000000000182,1.2899999999999636,1,1.2
108,random,2,621,2.6659999999997126,1.650000000000091,1,1.2
108,random,2,622,1.650000000000091,2.018000000000029,1,1.2
108,random,2,623,1.3760000000002037,2.16399999999976,1,1.2
108,random,2,624,0.8119999999998981,3.5779999999999745,0,1.2
108,random,2,625,1.0360000000000582,0.11400000000003274,0,1.2
108,random,2,627,1.461999999999989,143.76600000000008,1,1.2
108,random,2,628,1.0979999999999563,3.1340000000000146,0,1.2
108,random,2,629,2.074000000000069,1.1279999999997017,1,1.2
108,random,2,630,2.9600000000000364,2.19399999999996,1,1.2
108,random,2,631,0.8079999999999927,2.506000000000313,0,1.2
108,random,2,632,1.981999999999971,0.33999999999969077,1,1.2
108,random,2,633,0.05999999999994543,3.956000000000131,0,1.2
108,random,2,634,1.981999999999971,0.374000000000251,1,1.2
108,random,2,635,0.14199999999982538,4.1039999999998145,0,1.2
108,random,2,636,1.7480000000000473,0.21600000000034925,1,1.2
108,random,2,637,0.23799999999982901,0.08399999999983265,0,1.2
108,random,2,639,1.6520000000000437,2.293999999999869,1,1.2
108,random,2,640,0.3200000000001637,4.282000000000153,0,1.2
108,random,2,641,0.27999999999974534,0.05600000000004002,0,1.2
108,random,2,643,1.5340000000001055,1.599999999999909,1,1.2
108,random,2,644,1.6880000000001019,1.3020000000001346,1,1.2
108,random,2,645,1.6059999999997672,0.07200000000011642,1,1.2
108,random,2,646,0.08799999999973807,3.9640000000003965,0,1.2
108,random,2,647,1.9379999999996471,1.5960000000000036,1,1.2
108,random,2,648,1.012000000000171,0.09200000000009823,0,1.2
108,random,2,650,1.0579999999999927,0.1619999999998072,0,1.2
108,random,2,652,1.231999999999971,1.3359999999997854,1,1.2
108,random,2,653,2.1979999999998654,2.080000000000382,1,1.2
108,random,2,654,2.49599999999964,1.8659999999999854,1,1.2
108,random,2,655,1.5840000000002874,0.7919999999999163,1,1.2
108,random,2,656,2.3220000000001164,0.13400000000001455,1,1.2
108,random,2,657,0.047999999999774445,2.83600000000024,0,1.2
108,random,2,658,1.1759999999999309,4.130000000000109,0,1.2
108,random,2,659,2.5359999999996035,1.1980000000003201,1,1.2
108,random,2,660,2.561999999999898,2.737999999999829,1,1.2
108,random,2,661,0.7220000000002074,7.014000000000124,0,1.2
108,random,2,662,0.7139999999999418,2.730000000000018,0,1.2
108,random,2,663,2.0339999999996508,1.7520000000004075,1,1.2
108,random,2,664,1.9719999999997526,0.9980000000000473,1,1.2
108,random,2,665,1.6399999999998727,0.8160000000002583,1,1.2
108,random,2,666,1.33199999999988,0.11999999999989086,1,1.2
108,random,2,667,0.3020000000001346,3.3339999999998327,0,1.2
108,random,2,668,1.4880000000002838,2.2399999999997817,1,1.2
108,random,2,669,0.7739999999998872,28.347999999999956,0,1.2
108,random,2,670,0.3600000000005821,4.085999999999331,0,1.2
108,random,2,671,1.768000000000029,1.0700000000006185,1,1.2
108,random,2,672,2.0119999999997162,0.7139999999999418,1,1.2
108,random,2,673,0.05199999999967986,4.166000000000167,0,1.2
108,random,2,674,0.40200000000004366,49.04200000000037,0,1.2
108,random,2,675,1.2719999999999345,2.337999999999738,1,1.2
108,random,2,676,2.654000000000451,1.7159999999994398,1,1.2
108,random,2,677,0.8720000000002983,4.033999999999651,0,1.2
108,random,2,678,1.5640000000003056,1.2659999999996217,1,1.2
108,random,2,679,1.886000000000422,1.9979999999995925,1,1.2
108,random,2,680,0.3680000000003929,3.3840000000000146,0,1.2
108,random,2,681,2.32799999999952,1.0120000000006257,1,1.2
108,random,2,682,2.0659999999998035,1.9679999999998472,1,1.2
108,random,2,683,0.2860000000000582,4.33600000000024,0,1.2
108,random,2,684,1.1499999999996362,2.5579999999999927,0,1.2
108,random,2,685,0.8919999999998254,2.4020000000000437,0,1.2
108,random,2,686,2.5039999999999054,0.22400000000016007,1,1.2
108,random,2,687,0.1000000000003638,2.7280000000000655,0,1.2
108,random,2,688,2.206000000000131,71.61599999999999,1,1.2
108,random,2,689,2.8179999999993015,2.7760000000007494,1,1.2
108,random,2,690,1.3019999999996799,20.93000000000029,1,1.2
108,random,2,691,2.344000000000051,1.3719999999993888,1,1.2
108,random,2,692,1.2420000000001892,3.136000000000422,1,1.2
108,random,2,693,1.595999999999549,0.10599999999976717,1,1.2
108,random,2,694,0.05400000000008731,3.5460000000002765,0,1.2
108,random,2,695,1.524000000000342,1.1779999999998836,1,1.2
108,random,2,696,1.0540000000000873,3.337999999999738,0,1.2
108,random,2,697,2.1419999999998254,2.006000000000313,1,1.2
108,random,2,698,2.9859999999998763,2.4799999999995634,1,1.2
108,random,2,699,3.5960000000004584,1441.5900000000001,1,1.2
108,random,2,700,2.345999999999549,4.314000000000306,1,1.2
108,random,2,701,1.5519999999996799,3.2340000000003783,1,1.2
108,random,2,702,0.975999999999658,3.6679999999996653,0,1.2
108,random,2,703,1.2320000000008804,4.257999999999811,1,1.2
108,random,2,704,2.251999999999498,2.230000000000473,1,1.2
108,random,2,705,1.8699999999998909,,1,1.2
109,retract,1,1,0.3299999999999983,0.08800000000000097,0,0.0
109,retract,1,4,0.1839999999999975,1.9000000000000057,0,0.0
109,retract,1,5,0.19599999999999795,0.036000000000001364,0,0.0
109,retract,1,7,0.15200000000000102,1.5079999999999956,0,0.0
109,retract,1,8,0.34600000000000364,0.12999999999999545,0,0.0
109,retract,1,10,0.2839999999999989,2.6240000000000023,0,0.0
109,retract,1,11,0.259999999999998,0.921999999999997,0,0.0
109,retract,1,12,0.47000000000000597,3.8799999999999955,0,0.0
109,retract,1,13,0.3999999999999986,14.176000000000002,0,0.0
109,retract,1,14,1.7620000000000005,4.694000000000003,1,0.0
109,retract,1,15,1.191999999999993,4.7760000000000105,1,0.0
109,retract,1,16,0.30999999999998806,5.396000000000001,0,0.0
109,retract,1,17,0.9660000000000082,0.11599999999999966,1,0.0
109,retract,1,18,0.347999999999999,1.5280000000000058,0,0.0
109,retract,1,19,0.4239999999999924,3.4920000000000044,0,0.0
109,retract,1,20,0.18599999999999284,5.27000000000001,0,0.0
109,retract,1,21,0.6199999999999903,2.3659999999999997,1,0.0
109,retract,1,22,0.30400000000000205,3.9779999999999944,0,0.0
109,retract,1,23,0.22800000000000864,2.2279999999999944,0,0.0
109,retract,1,24,0.26200000000000045,2.2120000000000033,0,0.0
109,retract,1,25,0.5300000000000011,0.3100000000000023,1,0.0
109,retract,1,26,0.08400000000000318,1.1439999999999912,0,0.0
109,retract,1,27,0.5220000000000056,11.963999999999999,1,0.0
109,retract,1,28,0.09199999999999875,1.4500000000000028,0,0.0
109,retract,1,29,0.22999999999998977,1.5220000000000056,0,0.0
109,retract,1,30,0.22400000000000375,1.3160000000000025,0,0.0
109,retract,1,31,0.6059999999999945,0.13399999999998613,1,0.0
109,retract,1,32,0.09000000000000341,2.3300000000000125,0,0.0
109,retract,1,33,0.25200000000000955,0.0519999999999925,0,0.0
109,retract,1,35,0.1519999999999868,2.3780000000000143,0,0.0
109,retract,1,36,0.18199999999998795,2.171999999999997,0,0.0
109,retract,1,37,0.32200000000000273,1.6779999999999973,0,0.0
109,retract,1,38,0.17600000000001614,0.8119999999999834,0,0.0
109,retract,1,39,0.08799999999999386,2.274000000000001,0,0.0
109,retract,1,40,0.12000000000000455,1.990000000000009,0,0.0
109,retract,1,41,0.2920000000000016,1.6459999999999866,0,0.0
109,retract,1,42,0.1980000000000075,1.7419999999999902,0,0.0
109,retract,1,43,0.12000000000000455,2.147999999999996,0,0.0
109,retract,1,44,0.20400000000000773,3.0740000000000123,0,0.0
109,retract,1,45,0.49799999999999045,1.0600000000000023,0,0.0
109,retract,1,46,1.9439999999999884,16.088000000000022,1,0.0
109,retract,1,47,0.23599999999999,3.3220000000000027,0,0.0
109,retract,1,48,0.353999999999985,4.52800000000002,0,0.0
109,retract,1,49,0.4119999999999777,1.7700000000000102,0,0.0
109,retract,1,50,0.38400000000001455,0.9839999999999804,0,0.0
109,retract,1,51,0.4939999999999998,1.6599999999999966,0,0.0
109,retract,1,52,0.23199999999999932,0.04800000000000182,0,0.0
109,retract,1,54,1.4399999999999977,7.048000000000002,1,0.0
109,retract,1,55,0.3760000000000048,1.9139999999999873,0,0.0
109,retract,1,56,0.2920000000000016,4.274000000000001,0,0.0
109,retract,1,57,0.26400000000001,2.0379999999999825,0,0.0
109,retract,1,58,0.25,2.616000000000014,0,0.0
109,retract,1,59,0.353999999999985,0.695999999999998,0,0.0
109,retract,1,60,0.33799999999999386,0.7360000000000184,0,0.0
109,retract,1,61,0.12199999999998568,0.038000000000010914,0,0.0
109,retract,1,63,0.46000000000000796,4.834000000000003,0,0.0
109,retract,1,64,0.3299999999999841,1.054000000000002,0,0.0
109,retract,1,65,0.16599999999999682,1.7600000000000193,0,0.0
109,retract,1,66,0.6879999999999882,0.057999999999992724,1,0.0
109,retract,1,67,0.6840000000000259,3.4879999999999995,1,0.0
109,retract,1,68,0.14999999999997726,3.406000000000006,0,0.0
109,retract,1,69,0.35200000000000387,1.6620000000000061,0,0.0
109,retract,1,70,0.36199999999999477,0.02400000000000091,0,0.0
109,retract,1,72,0.6880000000000166,0.031999999999982265,1,0.0
109,retract,1,73,0.036000000000001364,5.4879999999999995,0,0.0
109,retract,1,74,0.41200000000000614,1.8300000000000125,0,0.0
109,retract,1,75,0.6079999999999757,3.308000000000021,1,0.0
109,retract,1,76,0.13399999999998613,0.804000000000002,0,0.0
109,retract,1,77,0.41200000000000614,2.6440000000000055,0,0.0
109,retract,1,78,0.2539999999999907,1.9039999999999964,0,0.0
109,retract,1,79,0.4159999999999968,0.6839999999999975,0,0.0
109,retract,1,80,1.1580000000000155,1.8059999999999832,1,0.0
109,retract,1,81,0.37400000000002365,3.801999999999964,0,0.0
109,retract,1,82,0.4600000000000364,0.8940000000000055,0,0.0
109,retract,1,83,0.3499999999999659,1.1860000000000355,0,0.0
109,retract,1,84,0.39599999999995816,1.7940000000000396,0,0.0
109,retract,1,85,0.22199999999998,0.7599999999999909,0,0.0
109,retract,1,86,0.5099999999999909,1.9980000000000473,1,0.0
109,retract,1,87,0.18199999999995953,2.2760000000000105,0,0.0
109,retract,1,88,0.8260000000000218,3.084000000000003,1,0.0
109,retract,1,89,0.339999999999975,1.627999999999986,0,0.0
109,retract,1,90,0.37999999999999545,0.02400000000000091,0,0.0
109,retract,1,92,0.3480000000000132,0.02600000000001046,0,0.0
109,retract,1,94,0.5260000000000105,2.4420000000000073,1,0.0
109,retract,1,95,0.3520000000000323,4.915999999999997,0,0.0
109,retract,1,96,0.1479999999999677,0.014000000000010004,0,0.0
109,retract,1,98,0.76400000000001,1.0960000000000036,1,0.0
109,retract,1,99,0.8919999999999959,1.2699999999999818,1,0.0
109,retract,1,100,0.6220000000000141,3.387999999999977,1,0.0
109,retract,1,101,0.4740000000000464,0.825999999999965,0,0.0
109,retract,1,102,0.30000000000001137,1.7520000000000095,0,0.0
109,retract,1,103,0.19399999999995998,0.9340000000000259,0,0.0
109,retract,1,104,0.339999999999975,2.4820000000000277,0,0.0
109,retract,1,105,0.18400000000002592,0.8499999999999659,0,0.0
109,retract,1,106,0.2599999999999909,0.03200000000003911,0,0.0
109,retract,1,108,1.0199999999999818,2.6620000000000346,1,0.0
109,retract,1,109,0.3299999999999841,1.75,0,0.0
109,retract,1,110,0.19799999999997908,0.04200000000003001,0,0.0
109,retract,1,112,0.47800000000000864,2.122000000000014,0,0.0
109,retract,1,113,0.23399999999998045,2.4360000000000355,0,0.0
109,retract,1,114,0.8179999999999836,2.2760000000000105,1,0.0
109,retract,1,115,0.7339999999999804,2.5679999999999836,1,0.0
109,retract,1,116,0.26400000000001,2.0640000000000214,0,0.0
109,retract,1,117,0.18399999999996908,0.9800000000000182,0,0.0
109,retract,1,118,0.14400000000000546,0.04800000000000182,0,0.0
109,retract,1,120,0.39599999999995816,0.038000000000010914,0,0.0
109,retract,1,122,0.7719999999999914,2.259999999999991,1,0.0
109,retract,1,123,0.5819999999999936,0.6019999999999754,0,0.0
109,retract,1,124,0.25,0.02400000000000091,0,0.0
109,retract,1,126,0.038000000000010914,0.027999999999963165,0,0.0
109,retract,1,128,0.13599999999996726,1.782000000000039,0,0.0
109,retract,1,129,0.17399999999997817,0.040000000000020464,0,0.0
109,retract,1,131,0.45799999999997,0.05400000000003047,0,0.0
109,retract,1,133,0.3059999999999832,3.2860000000000014,0,0.0
109,retract,1,134,0.27600000000001046,0.12599999999997635,0,0.0
109,retract,1,136,0.16999999999995907,2.1280000000000427,0,0.0
109,retract,1,137,0.2899999999999636,0.02800000000002001,0,0.0
109,retract,1,139,0.8899999999999864,2.3700000000000045,1,0.0
109,retract,1,140,0.2820000000000391,1.7919999999999732,0,0.0
109,retract,1,141,0.5620000000000118,0.036000000000001364,0,0.0
109,retract,1,143,0.05600000000004002,0.02600000000001046,0,0.0
109,retract,1,145,1.7139999999999986,0.6340000000000146,1,0.0
109,retract,1,146,1.1719999999999686,3.3360000000000127,1,0.0
109,retract,1,147,0.3100000000000023,0.9420000000000073,0,0.0
109,retract,1,148,0.2259999999999991,2.7099999999999795,0,0.0
109,retract,1,149,0.2740000000000009,1.5600000000000023,0,0.0
109,retract,1,150,0.3620000000000232,3.373999999999967,0,0.0
109,retract,1,151,0.18400000000002592,0.9679999999999609,0,0.0
109,retract,1,152,0.18000000000000682,3.1720000000000255,0,0.0
109,retract,1,153,0.27799999999996317,0.8920000000000528,0,0.0
109,retract,1,154,0.2599999999999909,0.8460000000000036,0,0.0
109,retract,1,155,0.29599999999999227,1.4399999999999977,0,0.0
109,retract,1,156,0.117999999999995,0.7919999999999732,0,0.0
109,retract,1,157,0.20800000000002683,0.040000000000020464,0,0.0
109,retract,1,159,0.45799999999997,0.03000000000002956,0,0.0
109,retract,1,161,0.14999999999997726,0.9580000000000268,0,0.0
109,retract,1,162,0.1419999999999959,3.319999999999993,0,0.0
109,retract,1,163,0.5459999999999923,0.04800000000000182,0,0.0
109,retract,1,165,0.14400000000000546,1.8519999999999754,0,0.0
109,retract,1,166,0.3120000000000118,0.01999999999998181,0,0.0
109,retract,1,168,0.3199999999999932,0.06999999999999318,0,0.0
109,retract,1,170,0.08400000000000318,0.040000000000020464,0,0.0
109,retract,1,172,0.4119999999999777,1.9560000000000173,0,0.0
109,retract,1,173,0.5159999999999627,1.4500000000000455,0,0.0
109,retract,1,174,0.1419999999999959,0.1099999999999568,0,0.0
109,retract,1,176,0.3079999999999927,0.09199999999998454,0,0.0
109,retract,1,178,0.5799999999999841,1.0539999999999736,0,0.0
109,retract,1,179,1.7980000000000018,14.132000000000005,1,0.0
109,retract,1,180,0.21600000000000819,0.03000000000002956,0,0.0
109,retract,1,182,0.40999999999996817,1.7200000000000273,0,0.0
109,retract,1,183,0.3879999999999768,2.1100000000000136,0,0.0
109,retract,1,184,0.20400000000000773,1.0919999999999845,0,0.0
109,retract,1,185,0.41399999999998727,0.6279999999999859,0,0.0
109,retract,1,186,0.1400000000000432,0.08400000000000318,0,0.0
109,retract,1,188,0.4600000000000364,0.8859999999999673,0,0.0
109,retract,1,189,0.7180000000000177,3.326000000000022,1,0.0
109,retract,1,190,0.3019999999999641,7.5120000000000005,0,0.0
109,retract,1,191,0.26600000000001955,0.08799999999996544,0,0.0
109,retract,1,193,0.2799999999999727,1.1779999999999973,0,0.0
109,retract,1,194,0.4519999999999982,1.2939999999999827,0,0.0
109,retract,1,195,0.8180000000000405,0.3739999999999668,1,0.0
109,retract,1,196,0.10400000000004184,4.411999999999978,0,0.0
109,retract,1,197,0.18599999999997863,0.15200000000004366,0,0.0
109,retract,1,199,0.36599999999998545,0.08400000000000318,0,0.0
109,retract,1,201,0.24799999999999045,0.07599999999996498,0,0.0
109,retract,1,203,0.7620000000000005,5.548000000000002,1,0.0
109,retract,1,204,0.11200000000002319,1.2639999999999532,0,0.0
109,retract,1,205,0.382000000000005,3.664000000000044,0,0.0
109,retract,1,206,0.17799999999999727,0.7879999999999541,0,0.0
109,retract,1,207,0.45800000000002683,0.009999999999990905,0,0.0
109,retract,1,208,0.16399999999998727,0.5339999999999918,0,0.0
109,retract,1,209,0.17400000000003502,0.02400000000000091,0,0.0
109,retract,1,211,0.19999999999998863,0.20400000000000773,0,0.0
109,retract,1,213,0.8039999999999736,0.26600000000001955,1,0.0
109,retract,1,214,0.39999999999997726,2.076000000000022,0,0.0
109,retract,1,215,0.5059999999999718,20.59400000000005,0,0.0
109,retract,1,216,0.09000000000003183,1.3279999999999745,0,0.0
109,retract,1,217,0.07600000000002183,0.12000000000000455,0,0.0
109,retract,1,219,0.2699999999999818,0.77800000000002,0,0.0
109,retract,1,220,0.7059999999999036,8.86200000000008,1,0.0
109,retract,1,221,0.12799999999992906,0.7480000000000473,0,0.0
109,retract,1,222,0.40200000000004366,0.05599999999992633,0,0.0
109,retract,1,224,0.9879999999999427,0.04800000000000182,1,0.0
109,retract,1,225,0.033999999999991815,2.744000000000028,0,0.0
109,retract,1,226,0.6280000000000427,2.0019999999999527,1,0.0
109,retract,1,227,0.18200000000001637,0.02800000000002001,0,0.0
109,retract,1,229,0.5,3.7280000000000655,0,0.0
109,retract,1,230,0.11999999999989086,3.2900000000000773,0,0.0
109,retract,1,231,0.38400000000001455,1.2279999999999518,0,0.0
109,retract,1,232,0.2519999999999527,0.7340000000000373,0,0.0
109,retract,1,233,1.2180000000000746,0.12399999999990996,1,0.0
109,retract,1,234,0.14200000000005275,2.9120000000000346,0,0.0
109,retract,1,235,3.15199999999993,7.508000000000038,1,0.0
109,retract,1,236,0.5319999999999254,3.0020000000000664,0,0.0
109,retract,1,237,0.15800000000001546,0.06200000000001182,0,0.0
109,retract,1,239,0.14999999999997726,0.08400000000006003,0,0.0
109,retract,1,241,0.5180000000000291,1.2860000000000582,0,0.0
109,retract,1,242,0.5599999999999454,4.6860000000000355,0,0.0
109,retract,1,243,0.12000000000000455,0.7300000000000182,0,0.0
109,retract,1,244,0.7160000000000082,10.611999999999966,1,0.0
109,retract,1,245,0.97199999999998,47.774,1,0.0
109,retract,1,246,0.2559999999999718,0.03600000000005821,0,0.0
109,retract,1,248,0.4539999999999509,2.8700000000000045,0,0.0
109,retract,1,249,0.3020000000000209,2.104000000000042,0,0.0
109,retract,1,250,0.4660000000000082,13.779999999999973,0,0.0
109,retract,1,251,0.18600000000003547,0.027999999999906322,0,0.0
109,retract,1,254,0.12200000000007094,1.2139999999999418,0,0.0
109,retract,1,255,0.05600000000004002,2.2060000000000173,0,0.0
109,retract,1,256,0.053999999999973625,0.7899999999999636,0,0.0
109,retract,1,257,1.0059999999999718,4.676000000000045,1,0.0
109,retract,1,258,0.2519999999999527,0.8840000000000146,0,0.0
109,retract,1,259,0.4500000000000455,1.6159999999999854,0,0.0
109,retract,1,260,0.31399999999996453,0.02800000000002001,0,0.0
109,retract,1,262,0.7880000000000109,0.3240000000000691,1,0.0
109,retract,1,263,0.31799999999998363,5.1440000000000055,0,0.0
109,retract,1,264,0.4359999999999218,2.230000000000018,0,0.0
109,retract,1,265,0.10000000000002274,0.7580000000000382,0,0.0
109,retract,1,266,0.9239999999999782,0.13199999999994816,1,0.0
109,retract,1,267,0.04600000000004911,1.9879999999999427,0,0.0
109,retract,1,268,0.17600000000004457,9.437999999999988,0,0.0
109,retract,1,269,0.07799999999997453,0.8759999999999764,0,0.0
109,retract,1,270,0.08400000000006003,0.04600000000004911,0,0.0
109,retract,1,272,0.8640000000000327,4.3559999999999945,1,0.0
109,retract,1,273,0.5219999999999345,2.814000000000078,0,0.0
109,retract,1,274,0.07799999999997453,0.057999999999992724,0,0.0
109,retract,1,276,0.8880000000000337,6.145999999999958,1,0.0
109,retract,1,277,0.2400000000000091,0.7700000000000955,0,0.0
109,retract,1,278,0.8059999999999263,3.4020000000000437,1,0.0
109,retract,1,279,0.5119999999999436,0.7280000000000655,0,0.0
109,retract,1,280,1.169999999999959,3.8279999999999745,1,0.0
109,retract,1,281,0.2860000000000582,0.7259999999999991,0,0.0
109,retract,1,282,0.9259999999999309,4.720000000000027,1,0.0
109,retract,1,283,0.13599999999996726,6.234000000000037,0,0.0
109,retract,1,284,0.06799999999998363,0.12999999999999545,0,0.0
109,retract,1,286,0.6700000000000728,3.919999999999959,1,0.0
109,retract,1,287,0.2980000000000018,2.155999999999949,0,0.0
109,retract,1,288,0.8460000000000036,0.11800000000005184,1,0.0
109,retract,1,289,0.03599999999994452,3.938000000000102,0,0.0
109,retract,1,290,0.38999999999998636,6.269999999999982,0,0.0
109,retract,1,291,0.14400000000000546,1.0900000000000318,0,0.0
109,retract,1,292,0.70799999999997,2.66599999999994,1,0.0
109,retract,1,293,0.21199999999998909,51.29200000000003,0,0.0
109,retract,1,294,0.20000000000004547,0.8619999999999663,0,0.0
109,retract,1,295,0.4199999999999591,1.886000000000081,0,0.0
109,retract,1,296,0.6959999999999127,0.03600000000005821,1,0.0
109,retract,1,297,0.42999999999995,4.11200000000008,0,0.0
109,retract,1,298,0.4699999999999136,1.79200000000003,0,0.0
109,retract,1,299,0.23599999999999,0.05000000000006821,0,0.0
109,retract,1,301,0.3380000000000791,0.18799999999998818,0,0.0
109,retract,1,303,0.05200000000002092,0.04200000000003001,0,0.0
109,retract,1,305,0.9240000000000919,2.8599999999999,1,0.0
109,retract,1,306,0.4640000000000555,35.24400000000003,0,0.0
109,retract,1,307,0.11799999999993815,2.018000000000029,0,0.0
109,retract,1,308,0.16800000000000637,0.04399999999998272,0,0.0
109,retract,1,310,0.9099999999999682,3.966000000000008,1,0.0
109,retract,1,311,0.19799999999997908,0.8460000000000036,0,0.0
109,retract,1,312,0.15800000000001546,0.03999999999996362,0,0.0
109,retract,1,314,0.42200000000002547,0.11199999999996635,0,0.0
109,retract,1,316,0.31599999999991724,1.04200000000003,0,0.0
109,retract,1,317,0.16800000000000637,0.01999999999998181,0,0.0
109,retract,1,319,0.7139999999999418,4.47199999999998,1,0.0
109,retract,1,320,0.11200000000008004,2.0179999999999154,0,0.0
109,retract,1,321,0.2980000000000018,0.9120000000000346,0,0.0
109,retract,1,322,0.4199999999999591,2.9300000000000637,0,0.0
109,retract,1,323,0.35399999999992815,0.8500000000000227,0,0.0
109,retract,1,324,0.8379999999999654,4.6860000000000355,1,0.0
109,retract,1,325,0.34600000000000364,0.9239999999999782,0,0.0
109,retract,1,326,0.36200000000008004,2.849999999999909,0,0.0
109,retract,1,327,0.2600000000001046,0.10999999999989996,0,0.0
109,retract,1,329,0.5519999999999072,1.2460000000000946,0,0.0
109,retract,1,330,0.35799999999994725,2.5159999999999627,0,0.0
109,retract,1,331,0.2480000000000473,0.08600000000001273,0,0.0
109,retract,1,333,0.5580000000001064,2.019999999999982,0,0.0
109,retract,1,334,0.16999999999995907,0.6960000000000264,0,0.0
109,retract,1,335,0.2039999999999509,0.8000000000000682,0,0.0
109,retract,1,336,0.38599999999996726,1.1599999999999682,0,0.0
109,retract,1,337,0.6280000000000427,6.343999999999937,1,0.0
109,retract,1,338,0.6680000000000064,8.04200000000003,1,0.0
109,retract,1,339,0.31799999999998363,0.9300000000000637,0,0.0
109,retract,1,340,0.6340000000000146,3.45799999999997,1,0.0
109,retract,1,341,0.20600000000001728,0.9959999999999809,0,0.0
109,retract,1,342,0.5539999999999736,1.8039999999999736,0,0.0
109,retract,1,343,0.2440000000000282,0.03200000000003911,0,0.0
109,retract,1,345,0.41599999999994,2.5200000000000955,0,0.0
109,retract,1,346,0.13999999999998636,0.7599999999999909,0,0.0
109,retract,1,347,0.7919999999999163,4.190000000000055,1,0.0
109,retract,1,348,0.7419999999999618,0.08199999999999363,1,0.0
109,retract,1,349,0.11000000000001364,3.872000000000071,0,0.0
109,retract,1,350,0.2619999999999436,0.8580000000000609,0,0.0
109,retract,1,351,0.65199999999993,4.07000000000005,1,0.0
109,retract,1,352,0.2859999999999445,0.05200000000002092,0,0.0
109,retract,1,354,0.9320000000000164,5.118000000000052,1,0.0
109,retract,1,355,0.2740000000000009,0.033999999999991815,0,0.0
109,retract,1,357,0.12400000000002365,0.025999999999953616,0,0.0
109,retract,1,359,1.0439999999999827,6.842000000000098,1,0.0
109,retract,1,360,0.18199999999990268,1.4200000000000728,0,0.0
109,retract,1,361,0.8819999999999482,4.8799999999999955,1,0.0
109,retract,1,362,0.21400000000005548,1.1580000000000155,0,0.0
109,retract,1,363,0.4420000000000073,3.7299999999999045,0,0.0
109,retract,1,364,0.5260000000000673,2.8719999999999573,0,0.0
109,retract,1,365,0.6539999999999964,6.5760000000001355,1,0.0
109,retract,1,366,1.7919999999999163,3.009999999999991,1,0.0
109,retract,1,367,0.5299999999999727,2.7999999999999545,0,0.0
109,retract,1,368,0.7519999999999527,4.786000000000058,1,0.0
109,retract,1,369,0.2740000000001146,3.8479999999999563,0,0.0
109,retract,1,370,0.2359999999998763,0.706000000000131,0,0.0
109,retract,1,371,0.8099999999999454,3.1620000000000346,1,0.0
109,retract,1,372,0.13799999999991996,0.17600000000015825,0,0.0
109,retract,1,374,0.6960000000001401,3.5239999999998872,1,0.0
109,retract,1,375,0.5080000000000382,0.09600000000000364,0,0.0
109,retract,1,377,0.04800000000000182,1.9320000000000164,0,0.0
109,retract,1,378,0.6459999999999582,3.94399999999996,1,0.0
109,retract,1,379,0.21600000000012187,4.167999999999893,0,0.0
109,retract,1,380,0.14200000000005275,1.1759999999999309,0,0.0
109,retract,1,381,0.32999999999992724,3.186000000000149,0,0.0
109,retract,1,382,0.4819999999999709,2.6679999999998927,0,0.0
109,retract,1,383,0.6560000000001764,2.951999999999998,1,0.0
109,retract,1,384,0.2899999999999636,0.7239999999999327,0,0.0
109,retract,1,385,0.38200000000006185,0.05999999999994543,0,0.0
109,retract,1,387,0.7660000000000764,2.8559999999999945,1,0.0
109,retract,1,388,0.58199999999988,2.16800000000012,0,0.0
109,retract,1,389,0.4739999999999327,1.0119999999999436,0,0.0
109,retract,1,390,0.4880000000000564,3.0799999999999272,0,0.0
109,retract,1,391,1.1420000000000528,5.097999999999956,1,0.0
109,retract,1,392,0.2920000000001437,3.535999999999831,0,0.0
109,retract,1,393,0.43200000000001637,0.8460000000000036,0,0.0
109,retract,1,394,0.5800000000001546,0.057999999999992724,0,0.0
109,retract,1,396,0.13599999999996726,0.10200000000008913,0,0.0
109,retract,1,398,0.6620000000000346,3.9459999999999127,1,0.0
109,retract,1,399,0.5340000000001055,1.7899999999999636,0,0.0
109,retract,1,400,0.7840000000001055,0.11799999999993815,1,0.0
109,retract,1,401,0.2599999999999909,12.251999999999953,0,0.0
109,retract,1,402,0.36599999999998545,2.594000000000051,0,0.0
109,retract,1,403,0.6440000000000055,4.3940000000000055,1,0.0
109,retract,1,404,0.5920000000000982,3.1119999999998527,0,0.0
109,retract,1,405,0.3200000000001637,2.7819999999999254,0,0.0
109,retract,1,406,0.4600000000000364,0.6759999999999309,0,0.0
109,retract,1,407,0.038000000000010914,0.06999999999993634,0,0.0
109,retract,1,410,0.9300000000000637,4.2719999999999345,1,0.0
109,retract,1,411,1.1820000000000164,15.569999999999936,1,0.0
109,retract,1,412,0.8559999999999945,7.772000000000162,1,0.0
109,retract,1,413,0.27599999999983993,0.7200000000000273,0,0.0
109,retract,1,414,0.7640000000001237,3.9039999999999964,1,0.0
109,retract,1,415,0.5779999999999745,2.5779999999999745,0,0.0
109,retract,1,416,0.2339999999999236,0.8300000000001546,0,0.0
109,retract,1,417,0.69399999999996,5.779999999999973,0,0.0
109,retract,1,418,0.7480000000000473,44.021999999999935,1,0.0
109,retract,1,419,0.4259999999999309,0.9100000000000819,0,0.0
109,retract,1,420,0.849999999999909,0.3040000000000873,1,0.0
109,retract,1,421,0.2519999999999527,3.1079999999999472,0,0.0
109,retract,1,422,0.6040000000000418,2.1259999999999764,0,0.0
109,retract,1,423,0.9440000000001874,0.25,1,0.0
109,retract,1,424,0.9679999999998472,5.234000000000151,1,0.0
109,retract,1,425,0.9279999999998836,4.127999999999929,1,0.0
109,retract,1,426,0.17000000000007276,3.0419999999999163,0,0.0
109,retract,1,427,0.8260000000000218,9.538000000000011,1,0.0
109,retract,1,428,0.8980000000001382,0.14999999999986358,1,0.0
109,retract,1,429,0.5820000000001073,4.425999999999931,0,0.0
109,retract,1,430,0.2619999999999436,0.8659999999999854,0,0.0
109,retract,1,431,0.7480000000000473,3.5720000000001164,0,0.0
109,retract,1,432,0.69399999999996,2.352000000000089,0,0.0
109,retract,1,433,0.5939999999998236,2.1340000000000146,0,0.0
109,retract,1,434,0.5180000000000291,0.706000000000131,0,0.0
109,retract,1,435,0.15999999999985448,0.7000000000000455,0,0.0
109,retract,1,436,0.52800000000002,3.673999999999978,0,0.0
109,retract,1,437,0.7059999999999036,1.0199999999999818,0,0.0
109,retract,1,438,0.7220000000002074,5.737999999999829,0,0.0
109,retract,1,439,0.42399999999997817,1.272000000000162,0,0.0
109,retract,1,440,0.4479999999998654,1.1440000000000055,0,0.0
109,retract,1,441,1.1040000000000418,8.07400000000007,1,0.0
109,retract,1,442,0.19200000000000728,1.1319999999998345,0,0.0
109,retract,1,443,0.4500000000000455,2.3940000000000055,0,0.0
109,retract,1,444,0.22000000000002728,0.7919999999999163,0,0.0
109,retract,1,445,0.8400000000001455,3.3079999999999927,1,0.0
109,retract,1,446,0.8360000000000127,3.533999999999878,1,0.0
109,retract,1,447,0.37200000000007094,2.127999999999929,0,0.0
109,retract,1,448,0.31799999999998363,0.08000000000015461,0,0.0
109,retract,1,450,0.6759999999999309,2.5039999999999054,0,0.0
109,retract,1,451,0.5980000000001837,1.599999999999909,0,0.0
109,retract,1,452,0.2880000000000109,0.6420000000000528,0,0.0
109,retract,1,453,0.8479999999999563,5.435999999999922,1,0.0
109,retract,1,454,0.44800000000009277,0.07400000000006912,0,0.0
109,retract,1,456,0.6280000000001564,1.72199999999998,0,0.0
109,retract,1,457,0.7799999999999727,1.8199999999999363,0,0.0
109,retract,1,458,1.08400000000006,3.7539999999999054,1,0.0
109,retract,1,459,1.8780000000001564,5.395999999999958,1,0.0
109,retract,1,460,0.4880000000000564,0.041999999999916326,0,0.0
109,retract,1,462,0.4739999999999327,2.3880000000001473,0,0.0
109,retract,1,463,0.35799999999994725,0.7119999999999891,0,0.0
109,retract,1,464,0.6520000000000437,0.16599999999993997,0,0.0
109,retract,1,466,0.6920000000000073,0.05399999999985994,0,0.0
109,retract,1,468,0.9859999999998763,0.17400000000020555,1,0.0
109,retract,1,469,0.05199999999990723,0.04600000000004911,0,0.0
109,retract,1,471,1.1880000000001019,0.05199999999990723,1,0.0
109,retract,1,472,0.6440000000000055,15.33400000000006,0,0.0
109,retract,1,473,0.2059999999999036,0.7220000000002074,0,0.0
109,retract,1,474,0.5319999999999254,0.11799999999993815,0,0.0
109,retract,1,476,0.6920000000000073,1.5760000000000218,0,0.0
109,retract,1,477,1.5579999999999927,3.6520000000000437,1,0.0
109,retract,1,478,0.4780000000000655,0.04800000000000182,0,0.0
109,retract,1,480,1.288000000000011,3.3360000000000127,1,0.0
109,retract,1,481,0.32399999999984175,1.91599999999994,0,0.0
109,retract,1,482,1.1080000000001746,3.2739999999998872,1,0.0
109,retract,1,483,1.1600000000000819,2.9279999999998836,1,0.0
109,retract,1,484,0.8420000000000982,11.30600000000004,1,0.0
109,retract,1,485,0.2799999999999727,0.7200000000000273,0,0.0
109,retract,1,486,0.10999999999989996,0.08400000000006003,0,0.0
109,retract,1,488,0.6639999999999873,2.1359999999999673,0,0.0
109,retract,1,489,0.61200000000008,1.9519999999999982,0,0.0
109,retract,1,490,0.6620000000000346,0.06600000000003092,0,0.0
109,retract,1,492,0.6220000000000709,1.8619999999998527,0,0.0
109,retract,1,493,0.21800000000007458,0.6779999999998836,0,0.0
109,retract,1,494,0.7360000000001037,1.009999999999991,0,0.0
109,retract,1,495,0.37200000000007094,3.5839999999998327,0,0.0
109,retract,1,496,0.6100000000001273,3.6499999999998636,0,0.0
109,retract,1,497,0.07200000000011642,0.08400000000006003,0,0.0
109,retract,1,499,2.0699999999999363,5.433999999999969,1,0.0
109,retract,1,500,0.2840000000001055,2.0399999999999636,0,0.0
109,retract,1,501,0.8659999999999854,0.029999999999972715,0,0.0
109,retract,1,503,0.2880000000000109,0.77800000000002,0,0.0
109,retract,1,504,0.5720000000001164,2.490000000000009,0,0.0
109,retract,1,505,0.2419999999999618,0.6420000000000528,0,0.0
109,retract,1,506,0.18399999999996908,0.05199999999990723,0,0.0
109,retract,1,508,0.9400000000000546,3.4459999999999127,1,0.0
109,retract,1,509,0.25,0.9200000000000728,0,0.0
109,retract,1,510,0.9539999999999509,1.8120000000001255,1,0.0
109,retract,1,511,0.19399999999995998,2.783999999999878,0,0.0
109,retract,1,512,0.35400000000004184,2.0019999999999527,0,0.0
109,retract,1,513,0.9080000000001291,3.8899999999998727,1,0.0
109,retract,1,514,0.6100000000001273,1.6859999999999218,0,0.0
109,retract,1,515,0.25,0.8859999999999673,0,0.0
109,retract,1,516,1.2140000000001692,3.627999999999929,1,0.0
109,retract,1,517,0.5399999999999636,0.7360000000001037,0,0.0
109,retract,1,518,0.32799999999997453,2.227999999999838,0,0.0
109,retract,1,519,0.13000000000010914,0.7560000000000855,0,0.0
109,retract,1,520,0.7079999999998563,3.754000000000133,0,0.0
109,retract,1,521,1.5359999999998308,4.536000000000058,1,0.0
109,retract,1,522,0.6580000000001291,1.8599999999999,0,0.0
109,retract,1,523,0.6839999999999691,0.15200000000004366,0,0.0
109,retract,1,525,1.4360000000001492,2.6979999999998654,1,0.0
109,retract,1,526,0.9080000000001291,3.326000000000022,1,0.0
109,retract,1,527,0.6059999999999945,0.8999999999998636,0,0.0
109,retract,1,528,0.9239999999999782,3.8079999999999927,1,0.0
109,retract,1,529,0.4660000000001219,3.1820000000000164,0,0.0
109,retract,1,530,0.18399999999996908,1.7960000000000491,0,0.0
109,retract,1,531,0.5519999999999072,0.9380000000001019,0,0.0
109,retract,1,532,0.5319999999999254,2.185999999999922,0,0.0
109,retract,1,533,0.09200000000009823,0.9539999999999509,0,0.0
109,retract,1,534,1.0620000000001255,4.031999999999925,1,0.0
109,retract,1,535,0.14799999999991087,0.9880000000000564,0,0.0
109,retract,1,536,1.3640000000000327,3.066000000000031,1,0.0
109,retract,1,537,0.5399999999999636,0.04600000000004911,0,0.0
109,retract,1,539,1.2380000000000564,3.821999999999889,1,0.0
109,retract,1,540,0.2519999999999527,31.134000000000015,0,0.0
109,retract,1,541,0.2139999999999418,1.5080000000000382,0,0.0
109,retract,1,542,0.5920000000000982,0.69399999999996,0,0.0
109,retract,1,543,0.08200000000010732,0.049999999999954525,0,0.0
109,retract,1,545,0.32600000000002183,0.8699999999998909,0,0.0
109,retract,1,546,0.6440000000000055,2.300000000000182,0,0.0
109,retract,1,547,0.34799999999995634,0.9020000000000437,0,0.0
109,retract,1,548,1.0939999999998236,0.34400000000005093,1,0.0
109,retract,1,549,1.1639999999999873,4.625999999999976,1,0.0
109,retract,1,550,0.36000000000012733,0.10999999999989996,0,0.0
109,retract,1,552,0.7459999999998672,1.768000000000029,0,0.0
109,retract,1,553,0.2920000000001437,0.06600000000003092,0,0.0
109,retract,1,555,0.11799999999993815,0.07799999999997453,0,0.0
109,retract,1,557,1.41599999999994,3.268000000000029,1,0.0
109,retract,1,558,1.4320000000000164,3.231999999999971,1,0.0
109,retract,1,559,1.1040000000000418,2.9700000000000273,1,0.0
109,retract,1,560,1.2359999999998763,3.8600000000001273,1,0.0
109,retract,1,561,1.4120000000000346,6.273999999999887,1,0.0
109,retract,1,562,0.2580000000000382,0.04800000000000182,0,0.0
109,retract,1,564,0.7480000000000473,2.213999999999942,0,0.0
109,retract,1,565,1.1759999999999309,3.796000000000049,1,0.0
109,retract,1,566,0.9300000000000637,2.451999999999998,0,0.0
109,retract,1,567,0.7919999999999163,0.0500000000001819,0,0.0
109,retract,1,569,1.3680000000001655,2.6319999999998345,1,0.0
109,retract,1,570,0.3100000000001728,0.08600000000001273,0,0.0
109,retract,1,572,1.58400000000006,3.0860000000000127,1,0.0
109,retract,1,573,0.6520000000000437,1.0299999999999727,0,0.0
109,retract,1,574,0.6199999999998909,2.7200000000000273,0,0.0
109,retract,1,575,0.8400000000001455,2.296000000000049,0,0.0
109,retract,1,576,0.16599999999993997,0.16799999999989268,0,0.0
109,retract,1,578,0.04600000000004911,0.041999999999916326,0,0.0
109,retract,1,580,1.1520000000000437,3.5839999999998327,1,0.0
109,retract,1,581,0.18000000000006366,0.03600000000005821,0,0.0
109,retract,1,583,1.13799999999992,0.19200000000000728,1,0.0
109,retract,1,584,0.25,2.9739999999999327,0,0.0
109,retract,1,585,0.6220000000000709,2.185999999999922,0,0.0
109,retract,1,586,0.7400000000000091,0.7660000000000764,0,0.0
109,retract,1,587,1.1320000000000618,2.0860000000000127,1,0.0
109,retract,1,588,0.7199999999997999,2.2100000000000364,0,0.0
109,retract,1,589,1.1420000000000528,3.963999999999942,1,0.0
109,retract,1,590,0.75,1.6059999999999945,0,0.0
109,retract,1,591,1.5960000000000036,4.046000000000049,1,0.0
109,retract,1,592,0.5499999999999545,1.0080000000000382,0,0.0
109,retract,1,593,1.5860000000000127,4.759999999999991,1,0.0
109,retract,1,594,2.0540000000000873,1.9539999999999509,1,0.0
109,retract,1,595,1.3019999999999072,6.746000000000095,1,0.0
109,retract,1,596,0.35799999999994725,0.984000000000151,0,0.0
109,retract,1,597,1.1219999999998436,2.91800000000012,1,0.0
109,retract,1,598,1.4859999999998763,2.758000000000038,1,0.0
109,retract,1,599,0.9539999999999509,0.83400000000006,0,0.0
109,retract,1,600,1.099999999999909,6.512000000000171,0,0.0
109,retract,1,601,0.8859999999999673,2.0239999999998872,0,0.0
109,retract,1,602,1.2040000000001783,1.8999999999998636,1,0.0
109,retract,1,603,0.5319999999999254,0.9780000000000655,0,0.0
109,retract,1,604,0.650000000000091,2.1779999999998836,0,0.0
109,retract,1,605,1.1000000000001364,3.951999999999998,0,0.0
109,retract,1,606,0.7580000000000382,1.3059999999998126,0,0.0
109,retract,1,607,0.31799999999998363,0.9340000000001965,0,0.0
109,retract,1,608,0.8739999999997963,1.9860000000001037,0,0.0
109,retract,1,609,0.13799999999991996,0.9139999999999873,0,0.0
109,retract,1,610,1.7580000000000382,2.7660000000000764,1,0.0
109,retract,1,611,0.7119999999999891,0.8640000000000327,0,0.0
109,retract,1,612,0.8999999999998636,4.764000000000124,0,0.0
109,retract,1,613,0.1959999999999127,3.244000000000142,0,0.0
109,retract,1,614,0.10599999999999454,0.7419999999999618,0,0.0
109,retract,1,615,1.0260000000000673,2.55399999999986,0,0.0
109,retract,1,616,0.58400000000006,0.03999999999996362,0,0.0
109,retract,1,618,0.2599999999999909,0.9839999999999236,0,0.0
109,retract,1,619,0.9260000000001583,1.8239999999998417,0,0.0
109,retract,1,620,0.7140000000001692,6.663999999999987,0,0.0
109,retract,1,621,0.7000000000000455,7.417999999999893,0,0.0
109,retract,1,622,0.8840000000000146,2.2719999999999345,0,0.0
109,retract,1,623,0.18000000000006366,0.8800000000001091,0,0.0
109,retract,1,624,0.7059999999999036,29.365999999999985,0,0.0
109,retract,1,625,0.7519999999999527,1.7480000000000473,0,0.0
109,retract,1,626,0.18000000000006366,0.04600000000004911,0,0.0
109,retract,1,628,0.7860000000000582,0.8599999999999,0,0.0
109,retract,1,629,0.8479999999999563,1.122000000000071,0,0.0
109,retract,1,630,0.7539999999999054,2.1639999999999873,0,0.0
109,retract,1,631,3.25200000000018,34.91799999999989,1,0.0
109,retract,1,632,0.11400000000003274,0.9020000000000437,0,0.0
109,retract,1,633,1.099999999999909,3.0860000000000127,0,0.0
109,retract,1,634,1.0620000000001255,0.041999999999916326,0,0.0
109,retract,1,636,0.7080000000000837,0.03600000000005821,0,0.0
109,retract,1,638,1.6259999999999764,6.861999999999853,1,0.0
109,retract,1,639,0.2580000000000382,3.240000000000009,0,0.0
109,retract,1,640,1.4200000000000728,6.083999999999833,1,0.0
109,retract,1,641,1.300000000000182,4.079999999999927,1,0.0
109,retract,1,642,0.22199999999998,0.8959999999999582,0,0.0
109,retract,1,643,0.9740000000001601,1.2579999999998108,0,0.0
109,retract,1,644,1.5679999999999836,4.436000000000149,1,0.0
109,retract,1,645,1.2000000000000455,0.2300000000000182,1,0.0
109,retract,1,646,0.12199999999984357,2.3740000000000236,0,0.0
109,retract,1,647,1.0440000000000964,0.8599999999999,0,0.0
109,retract,1,648,0.8640000000000327,1.8119999999998981,0,0.0
109,retract,1,649,1.3420000000000982,5.791999999999916,1,0.0
109,retract,1,650,0.36599999999998545,0.8740000000000236,0,0.0
109,retract,1,651,0.8020000000001346,1.9400000000000546,0,0.0
109,retract,1,652,1.5899999999999181,5.6099999999999,1,0.0
109,retract,1,653,0.2480000000000473,0.052000000000134605,0,0.0
109,retract,1,655,0.8220000000001164,2.1900000000000546,0,0.0
109,retract,1,656,0.8920000000000528,1.571999999999889,0,0.0
109,retract,1,657,1.1179999999999382,15.670000000000073,1,0.0
109,retract,1,658,0.6779999999998836,3.4580000000000837,0,0.0
109,retract,1,659,0.41200000000003456,1.5360000000000582,0,0.0
109,retract,1,660,1.3479999999999563,5.995999999999867,1,0.0
109,retract,1,661,0.7980000000000018,2.382000000000062,0,0.0
109,retract,1,662,1.0640000000000782,2.5879999999999654,0,0.0
109,retract,1,663,1.1219999999998436,3.2519999999999527,1,0.0
109,retract,1,664,0.91800000000012,2.2359999999998763,0,0.0
109,retract,1,665,1.4320000000002437,2.211999999999989,1,0.0
109,retract,1,666,1.0279999999997926,2.1700000000000728,0,0.0
109,retract,1,667,1.5840000000002874,2.4479999999998654,1,0.0
109,retract,1,668,0.7899999999999636,2.1480000000001382,0,0.0
109,retract,1,669,1.094000000000051,3.811999999999898,0,0.0
109,retract,1,670,0.849999999999909,2.650000000000091,0,0.0
109,retract,1,671,0.22800000000006548,3.005999999999858,0,0.0
109,retract,1,672,0.29799999999977445,4.122000000000298,0,0.0
109,retract,1,673,1.8119999999998981,7.635999999999967,1,0.0
109,retract,1,674,0.7080000000000837,0.17399999999997817,0,0.0
109,retract,1,676,0.8960000000001855,1.6039999999998145,0,0.0
109,retract,1,677,0.19399999999995998,0.8320000000003347,0,0.0
109,retract,1,678,0.9479999999998654,1.268000000000029,0,0.0
109,retract,1,679,0.7979999999997744,5.720000000000255,0,0.0
109,retract,1,680,0.22199999999975262,2.450000000000273,0,0.0
109,retract,1,681,0.7579999999998108,1.8220000000001164,0,0.0
109,retract,1,682,0.69399999999996,0.8800000000001091,0,0.0
109,retract,1,683,1.431999999999789,5.144000000000233,1,0.0
109,retract,1,684,0.11199999999962529,0.057999999999992724,0,0.0
109,retract,1,686,0.7680000000000291,1.5599999999999454,0,0.0
109,retract,1,687,1.1779999999998836,3.25400000000036,1,0.0
109,retract,1,688,1.1279999999997017,2.9420000000000073,1,0.0
109,retract,1,689,0.6600000000003092,2.707999999999629,0,0.0
109,retract,1,690,0.9700000000002547,1.8260000000000218,0,0.0
109,retract,1,691,0.1979999999998654,0.10600000000022192,0,0.0
109,retract,1,693,0.7139999999999418,3.813999999999851,0,0.0
109,retract,1,694,0.41000000000030923,2.8919999999998254,0,0.0
109,retract,1,695,0.12599999999974898,0.15200000000004366,0,0.0
109,retract,1,697,0.7579999999998108,0.7980000000002292,0,0.0
109,retract,1,698,1.38799999999992,4.153999999999996,1,0.0
109,retract,1,699,0.8920000000002801,2.319999999999709,0,0.0
109,retract,1,700,1.19399999999996,6.432000000000244,1,0.0
109,retract,1,701,0.7880000000000109,1.5059999999998581,0,0.0
109,retract,1,702,1.0100000000002183,1.38799999999992,0,0.0
109,retract,1,703,1.5199999999999818,11.471999999999753,1,0.0
109,retract,1,704,1.2300000000000182,12.222000000000207,1,0.0
109,retract,1,705,0.13999999999987267,0.9360000000001492,0,0.0
109,retract,1,706,0.900000000000091,1.538000000000011,0,0.0
109,retract,1,707,0.21199999999998909,0.8460000000000036,0,0.0
109,retract,1,708,0.6179999999999382,1.8479999999999563,0,0.0
109,retract,1,709,0.13400000000001455,1.6340000000000146,0,0.0
109,retract,1,710,0.9359999999996944,0.8420000000000982,0,0.0
109,retract,1,711,0.5500000000001819,1.3739999999997963,0,0.0
109,retract,1,712,0.18400000000019645,0.06599999999980355,0,0.0
109,retract,1,714,0.8220000000001164,0.9580000000000837,0,0.0
109,retract,1,715,0.681999999999789,3.4340000000001965,0,0.0
109,retract,1,716,0.6920000000000073,1.0459999999998217,0,0.0
109,retract,1,717,0.568000000000211,3.8420000000000982,0,0.0
109,retract,1,718,1.1399999999998727,5.614000000000033,1,0.0
109,retract,1,719,0.13799999999991996,0.8800000000001091,0,0.0
109,retract,1,720,1.143999999999778,6.423999999999978,1,0.0
109,retract,1,721,0.8659999999999854,1.4039999999999964,0,0.0
109,retract,1,722,1.1440000000002328,6.596000000000004,1,0.0
109,retract,1,723,0.5639999999998508,0.8679999999999382,0,0.0
109,retract,1,724,1.4320000000002437,4.233999999999924,1,0.0
109,retract,1,725,1.6880000000001019,11.41399999999976,1,0.0
109,retract,1,726,0.45000000000027285,0.9979999999995925,0,0.0
109,retract,1,727,1.0400000000004184,1.3099999999999454,0,0.0
109,retract,1,728,0.20799999999962893,0.03000000000020009,0,0.0
109,retract,1,730,0.6559999999999491,1.6000000000003638,0,0.0
109,retract,1,731,1.2280000000000655,7.819999999999709,1,0.0
109,retract,1,732,0.22600000000011278,0.0500000000001819,0,0.0
109,retract,1,734,1.1359999999999673,9.177999999999884,1,0.0
109,retract,1,735,0.5920000000000982,1.7899999999999636,0,0.0
109,retract,1,736,0.9220000000000255,1.2059999999996762,0,0.0
109,retract,1,737,1.094000000000051,1.3859999999999673,0,0.0
109,retract,1,738,1.3940000000002328,13.014000000000124,1,0.0
109,retract,1,739,0.17599999999993088,0.88799999999992,0,0.0
109,retract,1,740,0.9539999999997235,1.956000000000131,0,0.0
109,retract,1,741,0.7860000000000582,0.8560000000002219,0,0.0
109,retract,1,742,0.6319999999996071,1.106000000000222,0,0.0
109,retract,1,743,1.1660000000001673,5.359999999999673,1,0.0
109,retract,1,744,1.0760000000000218,1.8460000000000036,0,0.0
109,retract,1,745,0.7960000000002765,1.3919999999998254,0,0.0
109,retract,1,746,0.8420000000000982,2.05600000000004,0,0.0
109,retract,1,747,1.4179999999996653,11.010000000000218,1,0.0
109,retract,1,748,0.27799999999979264,0.7780000000002474,0,0.0
109,retract,1,749,1.0579999999999927,1.7519999999999527,0,0.0
109,retract,1,750,0.15200000000004366,0.05999999999994543,0,0.0
109,retract,1,752,1.0599999999999454,1.4400000000000546,0,0.0
109,retract,1,753,0.849999999999909,2.1260000000002037,0,0.0
109,retract,1,754,0.6900000000000546,3.44399999999996,0,0.0
109,retract,1,755,0.19000000000005457,0.7199999999997999,0,0.0
109,retract,1,756,0.6660000000001673,0.8539999999998145,0,0.0
109,retract,1,757,1.3020000000001346,5.425999999999931,1,0.0
109,retract,1,758,1.068000000000211,1.6119999999996253,0,0.0
109,retract,1,759,1.08600000000024,1.6480000000001382,0,0.0
109,retract,1,760,1.5899999999996908,3.0419999999999163,1,0.0
109,retract,1,761,0.8420000000000982,1.6420000000002801,0,0.0
109,retract,1,762,0.36599999999998545,0.15399999999999636,0,0.0
109,retract,1,764,0.8340000000002874,4.804000000000087,0,0.0
109,retract,1,765,0.12799999999970169,0.7699999999999818,0,0.0
109,retract,1,766,0.8160000000002583,2.0859999999997854,0,0.0
109,retract,1,767,0.3040000000000873,3.7539999999999054,0,0.0
109,retract,1,768,1.2860000000000582,11.114000000000033,1,0.0
109,retract,1,769,0.4679999999998472,1.3720000000002983,0,0.0
109,retract,1,770,0.975999999999658,0.8680000000003929,0,0.0
109,retract,1,771,0.5479999999997744,1.5459999999998217,0,0.0
109,retract,1,772,0.8540000000002692,0.15599999999994907,0,0.0
109,retract,1,774,1.33199999999988,11.364000000000033,1,0.0
109,retract,1,775,0.19200000000000728,0.13200000000006185,0,0.0
109,retract,1,777,0.7519999999999527,1.1799999999998363,0,0.0
109,retract,1,778,0.818000000000211,1.4299999999998363,0,0.0
109,retract,1,779,1.1019999999998618,3.824000000000069,1,0.0
109,retract,1,780,2.3840000000000146,4.119999999999891,1,0.0
109,retract,1,781,0.5640000000003056,4.94399999999996,0,0.0
109,retract,1,782,0.19399999999995998,1.0,0,0.0
109,retract,1,783,0.7699999999999818,2.994000000000142,0,0.0
109,retract,1,784,0.781999999999698,3.4420000000000073,0,0.0
109,retract,1,785,1.1480000000001382,8.565999999999804,1,0.0
109,retract,1,786,0.7340000000003783,0.8779999999997017,0,0.0
109,retract,1,787,0.6959999999999127,1.1780000000003383,0,0.0
109,retract,1,788,1.4339999999997417,4.416000000000167,1,0.0
109,retract,1,789,1.3519999999998618,6.690000000000055,1,0.0
109,retract,1,790,0.11200000000008004,1.018000000000029,0,0.0
109,retract,1,791,0.6959999999999127,1.900000000000091,0,0.0
109,retract,1,792,0.737999999999829,0.8279999999999745,0,0.0
109,retract,1,793,0.3720000000002983,1.4919999999997344,0,0.0
109,retract,1,794,1.6959999999999127,100.05200000000013,1,0.0
109,retract,1,795,0.5579999999999927,2.5080000000002656,0,0.0
109,retract,1,796,0.8399999999996908,2.506000000000313,0,0.0
109,retract,1,797,0.2359999999998763,0.6340000000000146,0,0.0
109,retract,1,798,1.0659999999998035,30.748000000000047,0,0.0
109,retract,1,799,0.42399999999997817,0.7820000000001528,0,0.0
109,retract,1,800,0.9159999999997126,2.794000000000324,0,0.0
109,retract,1,801,1.0899999999996908,1.1100000000001273,0,0.0
109,retract,1,802,1.1300000000001091,8.19399999999996,1,0.0
109,retract,1,803,0.9059999999999491,2.4720000000002074,0,0.0
109,retract,1,804,0.543999999999869,0.7559999999998581,0,0.0
109,retract,1,805,0.39800000000013824,1.1039999999998145,0,0.0
109,retract,1,806,0.49000000000023647,0.038000000000010914,0,0.0
109,retract,1,808,1.0979999999999563,2.1239999999997963,0,0.0
109,retract,1,809,1.2200000000002547,5.583999999999833,1,0.0
109,retract,1,810,0.9020000000000437,0.9900000000002365,0,0.0
109,retract,1,811,0.7779999999997926,2.9720000000002074,0,0.0
109,retract,1,812,1.2179999999998472,3.880000000000109,1,0.0
109,retract,1,813,1.9600000000000364,6.929999999999836,1,0.0
109,retract,1,814,0.6340000000000146,1.0459999999998217,0,0.0
109,retract,1,815,1.1920000000000073,7.58600000000024,1,0.0
109,retract,1,816,1.0419999999999163,1.0900000000001455,0,0.0
109,retract,1,817,1.1079999999997199,4.894000000000233,1,0.0
109,retract,1,818,1.6599999999998545,19.615999999999985,1,0.0
109,retract,1,819,0.4780000000000655,1.2280000000000655,0,0.0
109,retract,1,820,1.0019999999999527,1.88799999999992,0,0.0
109,retract,1,821,1.41800000000012,4.3659999999999854,1,0.0
109,retract,1,822,0.7699999999999818,0.11799999999993815,0,0.0
109,retract,1,824,0.7200000000002547,0.7339999999999236,0,0.0
109,retract,1,825,1.2300000000000182,3.13799999999992,1,0.0
109,retract,1,826,1.568000000000211,4.8659999999999854,1,0.0
109,retract,1,827,0.7059999999996762,2.124000000000251,0,0.0
109,retract,1,828,0.9939999999996871,1.2640000000001237,0,0.0
109,retract,1,829,0.7139999999999418,1.6400000000003274,0,0.0
109,retract,1,830,1.2479999999995925,4.72400000000016,1,0.0
109,retract,1,831,0.9619999999999891,0.09999999999990905,0,0.0
109,retract,1,833,1.0619999999998981,1.449999999999818,0,0.0
109,retract,1,834,0.5360000000000582,2.150000000000091,0,0.0
109,retract,1,835,1.1040000000002692,3.8539999999998145,1,0.0
109,retract,1,836,1.262000000000171,4.16399999999976,1,0.0
109,retract,1,837,1.2400000000002365,9.005999999999858,1,0.0
109,retract,1,838,0.17399999999997817,0.7280000000000655,0,0.0
109,retract,1,839,0.15999999999985448,0.038000000000010914,0,0.0
109,retract,1,841,0.7480000000000473,1.568000000000211,0,0.0
109,retract,1,842,0.8479999999999563,0.032000000000152795,0,0.0
109,retract,1,844,1.5760000000000218,2.3220000000001164,1,0.0
109,retract,1,845,1.3699999999998909,2.94399999999996,1,0.0
109,retract,1,846,1.4100000000003092,6.923999999999978,1,0.0
109,retract,1,847,0.7100000000000364,1.4679999999998472,0,0.0
109,retract,1,848,0.849999999999909,1.3800000000001091,0,0.0
109,retract,1,849,0.2519999999999527,0.04599999999982174,0,0.0
109,retract,1,851,0.7800000000002001,1.4299999999998363,0,0.0
109,retract,1,852,1.0,1.038000000000011,0,0.0
109,retract,1,853,0.900000000000091,2.5779999999999745,0,0.0
109,retract,1,854,1.0419999999999163,1.330000000000382,0,0.0
109,retract,1,855,0.38999999999987267,0.6839999999997417,0,0.0
109,retract,1,856,0.5980000000004111,37.715999999999894,0,0.0
109,retract,1,857,0.4119999999998072,2.69399999999996,0,0.0
109,retract,1,858,0.4580000000000837,0.737999999999829,0,0.0
109,retract,1,859,0.9060000000004038,1.288000000000011,0,0.0
109,retract,1,860,0.8819999999996071,1.6260000000002037,0,0.0
109,retract,1,861,1.1840000000001965,1.113999999999578,0,0.0
109,retract,1,862,1.0,0.9360000000001492,0,0.0
109,retract,1,863,1.4020000000000437,3.8400000000001455,1,0.0
109,retract,1,864,1.5119999999997162,0.0340000000001055,1,0.0
109,retract,1,865,0.13599999999996726,3.7200000000002547,0,0.0
109,retract,1,866,0.47599999999965803,0.706000000000131,0,0.0
109,retract,1,867,0.5259999999998399,0.8560000000002219,0,0.0
109,retract,1,868,0.22800000000006548,0.8379999999997381,0,0.0
109,retract,1,869,0.8400000000001455,1.6340000000000146,0,0.0
109,retract,1,870,0.7040000000001783,0.11799999999993815,0,0.0
109,retract,1,872,0.8980000000001382,3.550000000000182,0,0.0
109,retract,1,873,0.5599999999999454,1.9159999999997126,0,0.0
109,retract,1,874,0.8040000000000873,0.8859999999999673,0,0.0
109,retract,1,875,1.1320000000000618,3.2580000000002656,0,0.0
109,retract,1,876,0.12199999999984357,0.09799999999995634,0,0.0
109,retract,1,878,0.86200000000008,24.855999999999767,0,0.0
109,retract,1,879,0.36400000000003274,0.9619999999999891,0,0.0
109,retract,1,880,0.7480000000000473,2.1660000000001673,0,0.0
109,retract,1,881,2.1039999999998145,14.215999999999894,1,0.0
109,retract,1,882,0.75,1.2960000000002765,0,0.0
109,retract,1,883,0.88799999999992,1.4899999999997817,0,0.0
109,retract,1,884,1.1580000000003565,3.74599999999964,0,0.0
109,retract,1,885,0.5779999999999745,0.042000000000371074,0,0.0
109,retract,1,887,0.9720000000002074,5.755999999999858,0,0.0
109,retract,1,888,0.9520000000002256,1.569999999999709,0,0.0
109,retract,1,889,1.3659999999999854,0.1380000000003747,1,0.0
109,retract,1,890,0.2880000000000109,7.9979999999995925,0,0.0
109,retract,1,891,0.17800000000033833,1.2480000000000473,0,0.0
109,retract,1,892,0.6439999999997781,1.9920000000001892,0,0.0
109,retract,1,893,1.6759999999999309,2.5599999999999454,1,0.0
109,retract,1,894,1.7799999999997453,4.524000000000342,1,0.0
109,retract,1,895,0.44399999999996,1.08199999999988,0,0.0
109,retract,1,896,0.8020000000001346,2.1959999999999127,0,0.0
109,retract,1,897,0.8240000000000691,1.400000000000091,0,0.0
109,retract,1,898,0.4379999999996471,0.15800000000035652,0,0.0
109,retract,1,900,1.08199999999988,2.3020000000001346,0,0.0
109,retract,1,901,0.5340000000001055,0.053999999999632564,0,0.0
109,retract,1,903,0.25999999999976353,27.77200000000039,0,0.0
109,retract,1,904,0.7339999999999236,0.7480000000000473,0,0.0
109,retract,1,905,0.6959999999999127,0.931999999999789,0,0.0
109,retract,1,906,1.0080000000002656,0.8559999999997672,0,0.0
109,retract,1,907,1.9839999999999236,3.118000000000393,1,0.0
109,retract,1,908,0.9299999999998363,0.9740000000001601,0,0.0
109,retract,1,909,1.3959999999997308,8.751999999999953,1,0.0
109,retract,1,910,0.5340000000001055,1.3719999999998436,0,0.0
109,retract,1,911,0.30600000000004,0.9400000000000546,0,0.0
109,retract,1,912,0.30999999999994543,0.11599999999998545,0,0.0
109,retract,1,914,0.10199999999986176,0.07799999999997453,0,0.0
109,retract,1,916,0.7760000000002947,2.449999999999818,0,0.0
109,retract,1,917,1.5779999999999745,5.829999999999927,1,0.0
109,retract,1,918,0.5280000000002474,1.8179999999997563,0,0.0
109,retract,1,919,0.4079999999999018,0.042000000000371074,0,0.0
109,retract,1,921,0.8559999999997672,1.5040000000003602,0,0.0
109,retract,1,922,1.2619999999997162,10.684000000000196,1,0.0
109,retract,1,923,0.6419999999998254,9.722000000000207,0,0.0
109,retract,1,924,0.8820000000000618,1.3919999999998254,0,0.0
109,retract,1,925,0.9980000000000473,2.8539999999998145,0,0.0
109,retract,1,926,1.0300000000002,1.2899999999999636,0,0.0
109,retract,1,927,1.6159999999999854,,1,0.0
109,retract,2,1,0.6340000000000003,0.09199999999999875,0,1.2
109,retract,2,3,1.1140000000000043,3.0079999999999956,0,1.2
109,retract,2,4,2.2240000000000038,3.161999999999999,1,1.2
109,retract,2,5,1.064,1.2620000000000005,0,1.2
109,retract,2,6,2.165999999999997,38.308,1,1.2
109,retract,2,7,0.5739999999999981,1.152000000000001,0,1.2
109,retract,2,8,0.9140000000000015,1.6920000000000073,0,1.2
109,retract,2,9,1.1479999999999961,1.2379999999999995,0,1.2
109,retract,2,10,1.274000000000001,2.6340000000000003,1,1.2
109,retract,2,11,1.3079999999999927,2.7420000000000044,1,1.2
109,retract,2,12,1.0220000000000056,0.11199999999999477,0,1.2
109,retract,2,14,1.2619999999999862,1.9880000000000138,1,1.2
109,retract,2,15,0.6219999999999999,0.04599999999999227,0,1.2
109,retract,2,18,0.8819999999999908,1.0559999999999974,0,1.2
109,retract,2,19,2.298000000000002,2.1140000000000043,1,1.2
109,retract,2,20,0.5960000000000036,1.7439999999999998,0,1.2
109,retract,2,21,0.6199999999999903,0.030000000000001137,0,1.2
109,retract,2,23,1.1559999999999917,1.0900000000000034,0,1.2
109,retract,2,24,1.5660000000000025,2.0219999999999914,1,1.2
109,retract,2,25,1.7900000000000205,2.093999999999994,1,1.2
109,retract,2,26,1.4139999999999873,3.1839999999999975,1,1.2
109,retract,2,27,1.0160000000000196,0.09000000000000341,0,1.2
109,retract,2,29,0.832000000000022,0.1519999999999868,0,1.2
109,retract,2,31,1.1440000000000055,8.939999999999998,0,1.2
109,retract,2,32,0.8360000000000127,0.761999999999972,0,1.2
109,retract,2,33,0.75,1.1340000000000146,0,1.2
109,retract,2,34,1.1999999999999886,2.6260000000000048,0,1.2
109,retract,2,35,1.5519999999999925,1.8540000000000134,1,1.2
109,retract,2,36,1.117999999999995,0.76400000000001,0,1.2
109,retract,2,37,0.5699999999999932,0.6400000000000148,0,1.2
109,retract,2,38,0.15799999999998704,0.033999999999991815,0,1.2
109,retract,2,40,1.0759999999999934,5.7479999999999905,0,1.2
109,retract,2,41,0.2820000000000107,0.15399999999999636,0,1.2
109,retract,2,43,0.47399999999998954,2.975999999999999,0,1.2
109,retract,2,44,1.26400000000001,2.936000000000007,1,1.2
109,retract,2,45,0.7879999999999825,1.4800000000000182,0,1.2
109,retract,2,46,0.8919999999999959,1.108000000000004,0,1.2
109,retract,2,47,0.6099999999999852,2.7139999999999986,0,1.2
109,retract,2,48,0.20600000000001728,0.09799999999998477,0,1.2
109,retract,2,50,0.0619999999999834,0.6800000000000068,0,1.2
109,retract,2,51,1.2520000000000095,2.569999999999993,1,1.2
109,retract,2,52,0.5819999999999936,3.5400000000000205,0,1.2
109,retract,2,53,0.5079999999999814,0.7120000000000175,0,1.2
109,retract,2,54,1.079999999999984,1.0600000000000023,0,1.2
109,retract,2,55,1.0,3.366000000000014,0,1.2
109,retract,2,56,1.3059999999999832,9.593999999999994,1,1.2
109,retract,2,57,0.7259999999999991,0.9780000000000086,0,1.2
109,retract,2,58,1.436000000000007,3.0320000000000107,1,1.2
109,retract,2,59,0.2639999999999816,0.11000000000001364,0,1.2
109,retract,2,61,1.2719999999999914,2.0860000000000127,1,1.2
109,retract,2,62,0.7699999999999818,0.9720000000000084,0,1.2
109,retract,2,63,1.4099999999999966,1.8640000000000043,1,1.2
109,retract,2,64,0.8520000000000039,0.04800000000000182,0,1.2
109,retract,2,66,0.11199999999999477,0.04800000000000182,0,1.2
109,retract,2,69,0.04199999999997317,0.14400000000000546,0,1.2
109,retract,2,71,0.7719999999999914,1.7160000000000082,0,1.2
109,retract,2,72,1.391999999999996,2.4339999999999975,1,1.2
109,retract,2,73,0.4199999999999875,0.9519999999999982,0,1.2
109,retract,2,74,1.254000000000019,2.515999999999991,1,1.2
109,retract,2,75,1.4699999999999989,0.08199999999999363,1,1.2
109,retract,2,76,0.16200000000000614,1.9660000000000082,0,1.2
109,retract,2,77,0.21399999999999864,0.9919999999999902,0,1.2
109,retract,2,78,1.1020000000000039,2.7840000000000202,0,1.2
109,retract,2,79,1.4099999999999682,2.8520000000000323,1,1.2
109,retract,2,80,1.5620000000000118,10.671999999999969,1,1.2
109,retract,2,81,0.4460000000000264,0.0999999999999659,0,1.2
109,retract,2,83,0.9420000000000073,0.8979999999999677,0,1.2
109,retract,2,84,0.646000000000015,0.9639999999999986,0,1.2
109,retract,2,85,0.6480000000000246,1.9599999999999795,0,1.2
109,retract,2,86,0.4159999999999968,0.8880000000000337,0,1.2
109,retract,2,87,0.9539999999999509,2.994000000000028,0,1.2
109,retract,2,88,0.17599999999998772,0.8559999999999945,0,1.2
109,retract,2,89,1.1960000000000264,2.005999999999972,0,1.2
109,retract,2,90,0.2680000000000291,1.8619999999999663,0,1.2
109,retract,2,91,0.9480000000000359,0.6959999999999695,0,1.2
109,retract,2,92,0.424000000000035,2.774000000000001,0,1.2
109,retract,2,93,0.33799999999996544,1.2000000000000455,0,1.2
109,retract,2,94,0.21599999999995134,0.07200000000000273,0,1.2
109,retract,2,96,0.038000000000010914,1.2860000000000014,0,1.2
109,retract,2,97,1.961999999999989,6.492000000000019,1,1.2
109,retract,2,98,0.5039999999999623,1.188000000000045,0,1.2
109,retract,2,99,1.2799999999999727,2.6920000000000073,1,1.2
109,retract,2,100,1.5400000000000205,3.9139999999999873,1,1.2
109,retract,2,101,1.051999999999964,1.240000000000009,0,1.2
109,retract,2,102,1.406000000000006,3.0919999999999845,1,1.2
109,retract,2,103,1.438000000000045,1.608000000000004,1,1.2
109,retract,2,104,1.4219999999999686,2.843999999999994,1,1.2
109,retract,2,105,1.1000000000000227,0.8919999999999959,0,1.2
109,retract,2,106,0.9879999999999995,0.14400000000000546,0,1.2
109,retract,2,108,1.1159999999999854,38.355999999999995,0,1.2
109,retract,2,109,2.410000000000025,2.495999999999981,1,1.2
109,retract,2,110,1.2760000000000105,2.1019999999999754,1,1.2
109,retract,2,111,1.2719999999999914,3.1059999999999945,1,1.2
109,retract,2,112,0.9639999999999986,1.1140000000000327,0,1.2
109,retract,2,113,1.1859999999999786,1.1380000000000337,0,1.2
109,retract,2,114,0.8059999999999832,0.9519999999999982,0,1.2
109,retract,2,115,0.16599999999999682,0.036000000000001364,0,1.2
109,retract,2,117,0.4479999999999791,1.9039999999999964,0,1.2
109,retract,2,118,0.9920000000000186,0.9219999999999686,0,1.2
109,retract,2,119,1.8520000000000323,2.5319999999999823,1,1.2
109,retract,2,120,1.3039999999999736,2.316000000000031,1,1.2
109,retract,2,121,2.187999999999988,3.2959999999999923,1,1.2
109,retract,2,122,1.1120000000000232,7.201999999999998,0,1.2
109,retract,2,123,0.9399999999999977,0.7880000000000109,0,1.2
109,retract,2,124,0.22800000000000864,0.01799999999997226,0,1.2
109,retract,2,126,1.3659999999999854,2.617999999999995,1,1.2
109,retract,2,127,1.5840000000000032,4.336000000000013,1,1.2
109,retract,2,128,0.4959999999999809,0.7440000000000282,0,1.2
109,retract,2,129,1.4599999999999795,3.4920000000000186,1,1.2
109,retract,2,130,1.1659999999999968,2.1159999999999854,0,1.2
109,retract,2,131,1.2420000000000186,4.19399999999996,1,1.2
109,retract,2,132,1.2660000000000196,1.906000000000006,1,1.2
109,retract,2,133,0.5699999999999932,0.02600000000001046,0,1.2
109,retract,2,135,1.085999999999956,2.3800000000000523,0,1.2
109,retract,2,136,0.9659999999999513,0.80600000000004,0,1.2
109,retract,2,137,0.27199999999999136,0.02400000000000091,0,1.2
109,retract,2,139,0.14400000000000546,0.07200000000000273,0,1.2
109,retract,2,141,0.8580000000000041,0.8000000000000114,0,1.2
109,retract,2,142,1.593999999999994,0.19999999999998863,1,1.2
109,retract,2,143,0.07400000000001228,3.1720000000000255,0,1.2
109,retract,2,144,1.8100000000000023,3.3079999999999927,1,1.2
109,retract,2,145,0.9159999999999968,0.036000000000001364,0,1.2
109,retract,2,147,0.1419999999999959,1.7620000000000005,0,1.2
109,retract,2,148,1.1720000000000255,1.2159999999999513,0,1.2
109,retract,2,149,0.08400000000000318,0.03200000000003911,0,1.2
109,retract,2,151,1.2280000000000086,3.325999999999965,1,1.2
109,retract,2,152,1.593999999999994,2.966000000000008,1,1.2
109,retract,2,153,1.3940000000000055,2.538000000000011,1,1.2
109,retract,2,154,0.8640000000000327,1.0939999999999372,0,1.2
109,retract,2,155,0.10199999999997544,1.372000000000071,0,1.2
109,retract,2,156,1.4139999999999873,2.5979999999999563,1,1.2
109,retract,2,157,1.2180000000000746,2.2819999999999254,1,1.2
109,retract,2,158,0.7000000000000455,0.8479999999999563,0,1.2
109,retract,2,159,0.9420000000000073,2.1299999999999955,0,1.2
109,retract,2,160,1.858000000000061,9.039999999999964,1,1.2
109,retract,2,161,0.2440000000000282,1.0499999999999545,0,1.2
109,retract,2,162,1.0360000000000582,1.9939999999999145,0,1.2
109,retract,2,163,1.3220000000000027,1.9220000000000255,1,1.2
109,retract,2,164,0.9640000000000555,0.13799999999991996,0,1.2
109,retract,2,166,1.5900000000000318,0.03199999999992542,1,1.2
109,retract,2,167,0.07400000000006912,3.552000000000021,0,1.2
109,retract,2,168,0.9099999999999682,0.9360000000000355,0,1.2
109,retract,2,169,0.6999999999999318,0.7140000000000555,0,1.2
109,retract,2,170,0.8519999999999754,1.8640000000000327,0,1.2
109,retract,2,171,1.7279999999999518,2.5839999999999463,1,1.2
109,retract,2,172,0.37999999999999545,1.3380000000000791,0,1.2
109,retract,2,173,1.4399999999999409,4.05600000000004,1,1.2
109,retract,2,174,1.8500000000000227,2.995999999999981,1,1.2
109,retract,2,175,0.9919999999999618,0.09600000000000364,0,1.2
109,retract,2,177,0.8640000000000327,1.6620000000000346,0,1.2
109,retract,2,178,0.16399999999998727,0.08799999999996544,0,1.2
109,retract,2,180,0.7820000000000391,2.3239999999999554,0,1.2
109,retract,2,181,1.2240000000000464,2.0739999999999554,1,1.2
109,retract,2,182,1.4080000000000155,2.1499999999999773,1,1.2
109,retract,2,183,1.2839999999999918,2.6420000000000528,1,1.2
109,retract,2,184,1.1179999999999382,1.2160000000000082,0,1.2
109,retract,2,185,1.697999999999979,3.798000000000002,1,1.2
109,retract,2,186,1.0600000000000591,0.9260000000000446,0,1.2
109,retract,2,187,0.8699999999998909,16.724000000000046,0,1.2
109,retract,2,188,0.07200000000000273,0.03600000000005821,0,1.2
109,retract,2,190,0.25,0.11200000000008004,0,1.2
109,retract,2,192,1.0539999999999736,0.9759999999999991,0,1.2
109,retract,2,193,1.3999999999999773,2.5960000000000036,1,1.2
109,retract,2,194,1.6000000000000227,1.8840000000000146,1,1.2
109,retract,2,195,1.717999999999961,2.2280000000000655,1,1.2
109,retract,2,196,1.1619999999999209,0.9840000000000373,0,1.2
109,retract,2,197,1.2720000000000482,2.183999999999969,1,1.2
109,retract,2,198,1.8679999999999382,2.090000000000032,1,1.2
109,retract,2,199,1.8279999999999745,3.136000000000081,1,1.2
109,retract,2,200,1.524000000000001,0.12199999999995725,1,1.2
109,retract,2,201,0.09400000000005093,2.509999999999991,0,1.2
109,retract,2,202,1.240000000000009,0.09199999999998454,1,1.2
109,retract,2,203,0.17999999999994998,1.8880000000000337,0,1.2
109,retract,2,204,0.4959999999999809,0.75,0,1.2
109,retract,2,205,1.2380000000000564,4.099999999999909,1,1.2
109,retract,2,206,1.6040000000000418,3.1680000000000064,1,1.2
109,retract,2,207,1.1820000000000164,1.4739999999999327,0,1.2
109,retract,2,208,0.8920000000000528,0.7240000000000464,0,1.2
109,retract,2,209,0.03599999999994452,0.025999999999953616,0,1.2
109,retract,2,211,0.7960000000000491,1.7719999999999345,0,1.2
109,retract,2,212,1.27800000000002,4.47199999999998,1,1.2
109,retract,2,213,0.7760000000000673,1.8500000000000227,0,1.2
109,retract,2,214,0.2519999999999527,2.5779999999999745,0,1.2
109,retract,2,215,1.0500000000000682,1.504000000000019,0,1.2
109,retract,2,216,1.19399999999996,1.495999999999981,0,1.2
109,retract,2,217,0.8740000000000236,3.741999999999962,0,1.2
109,retract,2,218,1.2040000000000646,2.2959999999999354,1,1.2
109,retract,2,219,1.344000000000051,0.029999999999972715,1,1.2
109,retract,2,220,0.6860000000000355,1.7619999999999436,0,1.2
109,retract,2,221,1.2180000000000746,7.321999999999889,1,1.2
109,retract,2,222,0.8240000000000691,1.0960000000000036,0,1.2
109,retract,2,223,1.1680000000000064,1.217999999999961,0,1.2
109,retract,2,224,1.0679999999999836,1.330000000000041,0,1.2
109,retract,2,225,0.95799999999997,10.995999999999981,0,1.2
109,retract,2,226,0.6600000000000819,0.7039999999999509,0,1.2
109,retract,2,227,0.7820000000000391,1.8859999999999673,0,1.2
109,retract,2,228,0.9239999999999782,5.074000000000069,0,1.2
109,retract,2,229,1.0079999999999245,1.3419999999999845,0,1.2
109,retract,2,230,1.0920000000000982,3.7799999999999727,0,1.2
109,retract,2,231,1.8299999999999272,0.057999999999992724,1,1.2
109,retract,2,232,0.16800000000000637,4.972000000000094,0,1.2
109,retract,2,233,1.6339999999999009,2.548000000000002,1,1.2
109,retract,2,234,1.1520000000000437,0.7039999999999509,0,1.2
109,retract,2,235,0.10600000000010823,1.9079999999999018,0,1.2
109,retract,2,236,0.9300000000000637,3.3759999999999764,0,1.2
109,retract,2,237,0.8940000000000055,5.758000000000038,0,1.2
109,retract,2,238,1.3519999999999754,2.6119999999999663,1,1.2
109,retract,2,239,0.19400000000007367,0.10999999999989996,0,1.2
109,retract,2,241,0.7480000000000473,1.5159999999999627,0,1.2
109,retract,2,242,0.5,3.6520000000000437,0,1.2
109,retract,2,243,0.5119999999999436,0.8260000000000218,0,1.2
109,retract,2,244,1.1940000000000737,0.8119999999998981,0,1.2
109,retract,2,245,0.5080000000000382,0.11400000000003274,0,1.2
109,retract,2,247,0.9499999999999318,0.9099999999999682,0,1.2
109,retract,2,248,0.9660000000000082,1.7420000000000755,0,1.2
109,retract,2,249,0.6039999999999281,0.80600000000004,0,1.2
109,retract,2,250,1.1040000000000418,1.0039999999999054,0,1.2
109,retract,2,251,1.774000000000001,2.2280000000000655,1,1.2
109,retract,2,252,1.8139999999999645,16.134000000000015,1,1.2
109,retract,2,253,0.7519999999999527,0.6800000000000637,0,1.2
109,retract,2,254,1.5159999999999627,2.8360000000000127,1,1.2
109,retract,2,255,1.3859999999999673,2.7280000000000655,1,1.2
109,retract,2,256,2.145999999999958,2.0919999999999845,1,1.2
109,retract,2,257,1.316000000000031,2.17999999999995,1,1.2
109,retract,2,258,1.268000000000029,2.4680000000000746,1,1.2
109,retract,2,259,1.4319999999999027,2.3420000000000982,1,1.2
109,retract,2,260,1.524000000000001,3.0,1,1.2
109,retract,2,261,1.3700000000000045,3.6259999999999764,1,1.2
109,retract,2,262,1.67999999999995,2.2140000000000555,1,1.2
109,retract,2,263,1.6100000000000136,3.0319999999999254,1,1.2
109,retract,2,264,1.3319999999999936,2.466000000000008,1,1.2
109,retract,2,265,1.3619999999999663,1.9540000000000646,1,1.2
109,retract,2,266,1.4980000000000473,2.2799999999999727,1,1.2
109,retract,2,267,1.4239999999999782,2.6440000000000055,1,1.2
109,retract,2,268,1.4940000000000282,1.641999999999939,1,1.2
109,retract,2,269,1.8780000000000427,4.187999999999988,1,1.2
109,retract,2,270,1.2699999999999818,0.21000000000003638,1,1.2
109,retract,2,271,0.017999999999915417,1.7560000000000855,0,1.2
109,retract,2,272,2.0699999999999363,2.4060000000000628,1,1.2
109,retract,2,273,2.141999999999939,2.3220000000000027,1,1.2
109,retract,2,274,1.7660000000000764,3.199999999999932,1,1.2
109,retract,2,275,1.97199999999998,2.8799999999999955,1,1.2
109,retract,2,276,2.3180000000000973,2.8179999999999836,1,1.2
109,retract,2,277,1.6059999999999945,2.5879999999999654,1,1.2
109,retract,2,278,2.6119999999999663,3.7939999999999827,1,1.2
109,retract,2,279,1.0,0.9300000000000637,0,1.2
109,retract,2,280,1.0059999999999718,1.1560000000000628,0,1.2
109,retract,2,281,1.1440000000000055,0.09999999999990905,0,1.2
109,retract,2,283,0.9180000000000064,27.694000000000074,0,1.2
109,retract,2,284,1.1019999999999754,1.69399999999996,0,1.2
109,retract,2,285,0.7180000000000746,1.4219999999999118,0,1.2
109,retract,2,286,0.14200000000005275,0.7200000000000273,0,1.2
109,retract,2,287,0.8519999999999754,0.8640000000000327,0,1.2
109,retract,2,288,1.225999999999999,2.925999999999931,1,1.2
109,retract,2,289,1.330000000000041,0.20600000000001728,1,1.2
109,retract,2,290,0.17799999999999727,2.2519999999999527,0,1.2
109,retract,2,291,0.04399999999998272,0.10200000000008913,0,1.2
109,retract,2,293,0.34199999999998454,0.8680000000000518,0,1.2
109,retract,2,294,1.254000000000019,17.577999999999975,1,1.2
109,retract,2,295,0.7980000000000018,1.0620000000000118,0,1.2
109,retract,2,296,0.9679999999999609,0.7060000000000173,0,1.2
109,retract,2,297,0.2259999999999991,1.4239999999999782,0,1.2
109,retract,2,298,1.2659999999999627,2.9440000000000737,1,1.2
109,retract,2,299,1.5460000000000491,2.6299999999998818,1,1.2
109,retract,2,300,1.7580000000000382,2.2819999999999254,1,1.2
109,retract,2,301,1.734000000000151,8.467999999999847,1,1.2
109,retract,2,302,0.43800000000010186,1.071999999999889,0,1.2
109,retract,2,303,0.91800000000012,1.02800000000002,0,1.2
109,retract,2,304,0.8899999999998727,13.604000000000042,0,1.2
109,retract,2,305,0.6900000000000546,1.240000000000009,0,1.2
109,retract,2,306,0.88799999999992,0.9619999999999891,0,1.2
109,retract,2,307,1.183999999999969,1.9680000000000746,0,1.2
109,retract,2,308,1.2280000000000655,0.15200000000004366,1,1.2
109,retract,2,309,0.06399999999985084,2.160000000000082,0,1.2
109,retract,2,310,1.4239999999999782,9.30600000000004,1,1.2
109,retract,2,311,0.8299999999999272,0.8540000000000418,0,1.2
109,retract,2,312,1.2999999999999545,10.579999999999927,1,1.2
109,retract,2,313,0.6639999999999873,0.8240000000000691,0,1.2
109,retract,2,314,0.9940000000001419,0.7819999999999254,0,1.2
109,retract,2,315,1.2480000000000473,0.10799999999994725,1,1.2
109,retract,2,316,0.32799999999997453,1.6359999999999673,0,1.2
109,retract,2,317,2.145999999999958,2.2260000000001128,1,1.2
109,retract,2,318,1.7359999999998763,2.4880000000000564,1,1.2
109,retract,2,319,1.706000000000131,2.5179999999998017,1,1.2
109,retract,2,320,1.3360000000000127,2.5140000000001237,1,1.2
109,retract,2,321,1.6359999999999673,2.367999999999938,1,1.2
109,retract,2,322,1.7840000000001055,4.551999999999907,1,1.2
109,retract,2,323,2.3500000000001364,5.927999999999884,1,1.2
109,retract,2,324,1.481999999999971,3.19399999999996,1,1.2
109,retract,2,325,1.9320000000000164,2.75200000000018,1,1.2
109,retract,2,326,2.44399999999996,4.162000000000035,1,1.2
109,retract,2,327,1.5579999999999927,2.7239999999999327,1,1.2
109,retract,2,328,1.8179999999999836,2.849999999999909,1,1.2
109,retract,2,329,4.6840000000001965,2.19199999999978,1,1.2
109,retract,2,330,2.1840000000001965,2.9459999999999127,1,1.2
109,retract,2,331,2.5319999999999254,41.96600000000012,1,1.2
109,retract,2,332,0.7619999999999436,0.8559999999999945,0,1.2
109,retract,2,333,0.8079999999999927,0.08999999999991815,0,1.2
109,retract,2,335,1.33400000000006,3.8379999999999654,1,1.2
109,retract,2,336,0.484000000000151,0.10799999999994725,0,1.2
109,retract,2,338,0.6900000000000546,0.17599999999993088,0,1.2
109,retract,2,340,0.8679999999999382,0.09800000000018372,0,1.2
109,retract,2,342,1.622000000000071,2.0860000000000127,1,1.2
109,retract,2,343,1.8579999999999472,2.6380000000001473,1,1.2
109,retract,2,344,1.1159999999999854,0.8299999999999272,0,1.2
109,retract,2,345,1.5699999999999363,2.186000000000149,1,1.2
109,retract,2,346,1.2419999999999618,3.4320000000000164,1,1.2
109,retract,2,347,2.286000000000058,2.839999999999918,1,1.2
109,retract,2,348,1.1099999999999,2.714000000000169,0,1.2
109,retract,2,349,1.127999999999929,0.9359999999999218,0,1.2
109,retract,2,350,0.6459999999999582,0.9320000000000164,0,1.2
109,retract,2,351,1.1580000000001291,0.06799999999998363,0,1.2
109,retract,2,353,2.0160000000000764,3.505999999999858,1,1.2
109,retract,2,354,1.0820000000001073,0.8679999999999382,0,1.2
109,retract,2,355,0.9519999999999982,0.08999999999991815,0,1.2
109,retract,2,357,1.5640000000000782,8.27800000000002,1,1.2
109,retract,2,358,1.2239999999999327,2.854000000000042,1,1.2
109,retract,2,359,1.3399999999999181,3.4480000000000928,1,1.2
109,retract,2,360,1.377999999999929,0.10400000000004184,1,1.2
109,retract,2,361,0.5979999999999563,2.8740000000000236,0,1.2
109,retract,2,362,0.75,0.8920000000000528,0,1.2
109,retract,2,363,1.3959999999999582,5.330000000000155,1,1.2
109,retract,2,364,1.1619999999998072,3.050000000000182,0,1.2
109,retract,2,365,1.127999999999929,1.3179999999999836,0,1.2
109,retract,2,366,0.14799999999991087,0.8740000000000236,0,1.2
109,retract,2,367,1.0679999999999836,0.8440000000000509,0,1.2
109,retract,2,368,0.8679999999999382,0.06600000000003092,0,1.2
109,retract,2,370,0.09799999999995634,0.029999999999972715,0,1.2
109,retract,2,372,0.06400000000007822,0.08199999999987995,0,1.2
109,retract,2,374,0.6400000000001,0.7799999999999727,0,1.2
109,retract,2,375,1.3320000000001073,2.548000000000002,1,1.2
109,retract,2,376,1.49799999999982,3.86200000000008,1,1.2
109,retract,2,377,0.9480000000000928,0.07199999999988904,0,1.2
109,retract,2,379,1.0399999999999636,2.77800000000002,0,1.2
109,retract,2,380,1.2260000000001128,2.895999999999958,1,1.2
109,retract,2,381,2.1140000000000327,3.259999999999991,1,1.2
109,retract,2,382,2.2999999999999545,6.201999999999998,1,1.2
109,retract,2,383,1.27800000000002,3.127999999999929,1,1.2
109,retract,2,384,2.6720000000000255,8.430000000000064,1,1.2
109,retract,2,385,1.11200000000008,0.8379999999999654,0,1.2
109,retract,2,386,1.1259999999999764,1.0460000000000491,0,1.2
109,retract,2,387,0.9919999999999618,0.9139999999999873,0,1.2
109,retract,2,388,1.4379999999998745,2.7660000000000764,1,1.2
109,retract,2,389,2.2339999999999236,3.241999999999962,1,1.2
109,retract,2,390,1.0920000000000982,1.405999999999949,0,1.2
109,retract,2,391,1.594000000000051,3.0419999999999163,1,1.2
109,retract,2,392,2.956000000000131,5.683999999999969,1,1.2
109,retract,2,393,1.4860000000001037,2.798000000000002,1,1.2
109,retract,2,394,1.74799999999982,5.026000000000067,1,1.2
109,retract,2,395,0.22199999999998,0.86200000000008,0,1.2
109,retract,2,396,1.8840000000000146,3.4079999999999018,1,1.2
109,retract,2,397,2.211999999999989,8.996000000000095,1,1.2
109,retract,2,398,1.0760000000000218,0.9859999999998763,0,1.2
109,retract,2,399,1.3079999999999927,5.826000000000022,1,1.2
109,retract,2,400,0.8679999999999382,0.9380000000001019,0,1.2
109,retract,2,401,1.566000000000031,4.349999999999909,1,1.2
109,retract,2,402,0.4940000000001419,0.821999999999889,0,1.2
109,retract,2,403,1.3559999999999945,2.7380000000000564,1,1.2
109,retract,2,404,1.4659999999998945,5.798000000000002,1,1.2
109,retract,2,405,1.7440000000001419,0.2459999999998672,1,1.2
109,retract,2,406,0.20600000000013097,5.152000000000044,0,1.2
109,retract,2,407,0.3999999999998636,0.88799999999992,0,1.2
109,retract,2,408,0.6180000000001655,0.9299999999998363,0,1.2
109,retract,2,409,1.4760000000001128,4.152000000000044,1,1.2
109,retract,2,410,2.5960000000000036,5.725999999999885,1,1.2
109,retract,2,411,0.9680000000000746,4.155999999999949,0,1.2
109,retract,2,412,1.1700000000000728,0.7819999999999254,0,1.2
109,retract,2,413,1.3179999999999836,4.086000000000013,1,1.2
109,retract,2,414,1.900000000000091,36.440000000000055,1,1.2
109,retract,2,415,1.3099999999999454,8.1099999999999,1,1.2
109,retract,2,416,1.6100000000001273,3.4459999999999127,1,1.2
109,retract,2,417,2.2080000000000837,4.879999999999882,1,1.2
109,retract,2,418,1.0199999999999818,0.8600000000001273,0,1.2
109,retract,2,419,0.8540000000000418,0.7179999999998472,0,1.2
109,retract,2,420,1.2000000000000455,3.8460000000000036,0,1.2
109,retract,2,421,1.5260000000000673,3.6820000000000164,1,1.2
109,retract,2,422,2.563999999999851,6.128000000000156,1,1.2
109,retract,2,423,1.3099999999999454,6.813999999999851,1,1.2
109,retract,2,424,0.33600000000001273,0.8440000000000509,0,1.2
109,retract,2,425,0.9039999999999964,15.734000000000151,0,1.2
109,retract,2,426,1.5599999999999454,4.849999999999909,1,1.2
109,retract,2,427,1.2419999999999618,4.923999999999978,1,1.2
109,retract,2,428,0.38200000000006185,0.029999999999972715,0,1.2
109,retract,2,430,1.2100000000000364,3.2799999999999727,1,1.2
109,retract,2,431,3.0399999999999636,8.994000000000142,1,1.2
109,retract,2,432,0.7359999999998763,1.3380000000001928,0,1.2
109,retract,2,433,1.543999999999869,5.08400000000006,1,1.2
109,retract,2,434,0.7400000000000091,0.8460000000000036,0,1.2
109,retract,2,435,0.5940000000000509,3.798000000000002,0,1.2
109,retract,2,436,1.4579999999998563,11.484000000000151,1,1.2
109,retract,2,437,1.4359999999999218,4.0499999999999545,1,1.2
109,retract,2,438,1.0060000000000855,0.8699999999998909,0,1.2
109,retract,2,439,1.1459999999999582,1.7699999999999818,0,1.2
109,retract,2,440,1.4140000000002146,5.329999999999927,1,1.2
109,retract,2,441,1.3519999999998618,10.07400000000007,1,1.2
109,retract,2,442,0.7999999999999545,0.8580000000001746,0,1.2
109,retract,2,443,1.2819999999999254,4.807999999999993,1,1.2
109,retract,2,444,0.7699999999999818,0.8320000000001073,0,1.2
109,retract,2,445,0.931999999999789,2.3880000000001473,0,1.2
109,retract,2,446,1.0619999999998981,0.8460000000000036,0,1.2
109,retract,2,447,1.3099999999999454,4.040000000000191,1,1.2
109,retract,2,448,1.5559999999998126,4.6840000000001965,1,1.2
109,retract,2,449,0.5979999999999563,0.9639999999999418,0,1.2
109,retract,2,450,1.0340000000001055,124.37199999999984,0,1.2
109,retract,2,451,0.9860000000001037,0.7079999999998563,0,1.2
109,retract,2,452,1.02800000000002,0.9540000000001783,0,1.2
109,retract,2,453,0.9579999999998563,0.7999999999999545,0,1.2
109,retract,2,454,0.9800000000000182,2.160000000000082,0,1.2
109,retract,2,455,1.6240000000000236,4.1059999999999945,1,1.2
109,retract,2,456,1.16599999999994,0.7980000000000018,0,1.2
109,retract,2,457,1.1440000000000055,1.268000000000029,0,1.2
109,retract,2,458,0.9919999999999618,0.7719999999999345,0,1.2
109,retract,2,459,0.9340000000001965,1.3919999999998254,0,1.2
109,retract,2,460,1.3279999999999745,3.0800000000001546,1,1.2
109,retract,2,461,1.3940000000000055,3.97199999999998,1,1.2
109,retract,2,462,1.3419999999998709,6.214000000000169,1,1.2
109,retract,2,463,0.849999999999909,0.7680000000000291,0,1.2
109,retract,2,464,1.2280000000000655,4.326000000000022,1,1.2
109,retract,2,465,1.3679999999999382,5.16599999999994,1,1.2
109,retract,2,466,0.8220000000001164,0.7639999999998963,0,1.2
109,retract,2,467,0.8019999999999072,0.9540000000001783,0,1.2
109,retract,2,468,1.515999999999849,4.758000000000038,1,1.2
109,retract,2,469,0.4639999999999418,0.8760000000002037,0,1.2
109,retract,2,470,0.6339999999997872,0.8320000000001073,0,1.2
109,retract,2,471,1.071999999999889,1.0980000000001837,0,1.2
109,retract,2,472,0.9859999999998763,1.6400000000001,0,1.2
109,retract,2,473,1.27800000000002,4.463999999999942,1,1.2
109,retract,2,474,2.038000000000011,5.869999999999891,1,1.2
109,retract,2,475,1.6460000000001855,7.713999999999942,1,1.2
109,retract,2,476,1.3519999999998618,8.932000000000016,1,1.2
109,retract,2,477,0.7119999999999891,0.91800000000012,0,1.2
109,retract,2,478,0.75,0.07999999999992724,0,1.2
109,retract,2,480,0.19400000000018736,3.005999999999858,0,1.2
109,retract,2,481,1.0320000000001528,1.211999999999989,0,1.2
109,retract,2,482,1.2999999999999545,10.011999999999944,1,1.2
109,retract,2,483,0.8859999999999673,1.9360000000001492,0,1.2
109,retract,2,484,1.1399999999998727,1.9539999999999509,0,1.2
109,retract,2,485,0.8480000000001837,0.06999999999993634,0,1.2
109,retract,2,487,1.3579999999999472,4.370000000000118,1,1.2
109,retract,2,488,1.2639999999998963,0.032000000000152795,1,1.2
109,retract,2,489,0.4919999999999618,2.9600000000000364,0,1.2
109,retract,2,490,2.0519999999999072,3.7760000000000673,1,1.2
109,retract,2,491,2.147999999999911,7.011999999999944,1,1.2
109,retract,2,492,1.5720000000001164,35.733999999999924,1,1.2
109,retract,2,493,0.849999999999909,0.7920000000003711,0,1.2
109,retract,2,494,1.1839999999997417,2.230000000000018,0,1.2
109,retract,2,495,1.6340000000000146,4.992000000000189,1,1.2
109,retract,2,496,1.631999999999607,3.83600000000024,1,1.2
109,retract,2,497,1.0979999999999563,0.8079999999999927,0,1.2
109,retract,2,498,3.0239999999998872,4.222000000000207,1,1.2
109,retract,2,499,1.0019999999999527,0.8299999999999272,0,1.2
109,retract,2,500,1.0480000000002292,24.730000000000018,0,1.2
109,retract,2,501,1.3719999999998436,4.302000000000135,1,1.2
109,retract,2,502,1.711999999999989,3.0019999999999527,1,1.2
109,retract,2,503,1.8899999999998727,5.1599999999998545,1,1.2
109,retract,2,504,1.1640000000002146,0.9800000000000182,0,1.2
109,retract,2,505,0.9499999999998181,0.7300000000000182,0,1.2
109,retract,2,506,0.8640000000000327,0.8139999999998508,0,1.2
109,retract,2,507,0.9800000000000182,0.6920000000000073,0,1.2
109,retract,2,508,0.8240000000000691,4.039999999999964,0,1.2
109,retract,2,509,1.2960000000002765,3.849999999999909,1,1.2
109,retract,2,510,1.3400000000001455,2.4719999999997526,1,1.2
109,retract,2,511,1.9160000000001673,3.3859999999999673,1,1.2
109,retract,2,512,2.0579999999999927,24.420000000000073,1,1.2
109,retract,2,513,1.2979999999997744,2.536000000000058,1,1.2
109,retract,2,514,2.7260000000001128,4.16800000000012,1,1.2
109,retract,2,515,2.0299999999997453,5.436000000000149,1,1.2
109,retract,2,516,1.8539999999998145,45.74000000000024,1,1.2
109,retract,2,517,1.0619999999998981,0.7759999999998399,0,1.2
109,retract,2,518,0.7539999999999054,0.7860000000000582,0,1.2
109,retract,2,519,0.7940000000003238,0.8619999999996253,0,1.2
109,retract,2,520,1.1040000000002692,0.9279999999998836,0,1.2
109,retract,2,521,0.9839999999999236,0.8000000000001819,0,1.2
109,retract,2,522,0.4819999999999709,0.13200000000006185,0,1.2
109,retract,2,524,0.13200000000006185,26.990000000000236,0,1.2
109,retract,2,525,1.4259999999999309,3.869999999999891,1,1.2
109,retract,2,526,1.2420000000001892,3.569999999999709,1,1.2
109,retract,2,527,1.1780000000003383,0.9299999999998363,0,1.2
109,retract,2,528,0.6439999999997781,0.9460000000003674,0,1.2
109,retract,2,529,0.9779999999996107,0.8280000000004293,0,1.2
109,retract,2,530,1.1099999999996726,19.561999999999898,0,1.2
109,retract,2,531,1.8400000000001455,24.05600000000004,1,1.2
109,retract,2,532,0.9299999999998363,0.8600000000001273,0,1.2
109,retract,2,533,1.1080000000001746,0.9960000000000946,0,1.2
109,retract,2,534,0.9359999999996944,0.09600000000000364,0,1.2
109,retract,2,536,0.1160000000004402,50.677999999999884,0,1.2
109,retract,2,537,1.2300000000000182,5.3659999999999854,1,1.2
109,retract,2,538,0.5119999999997162,1.3960000000001855,0,1.2
109,retract,2,539,1.1199999999998909,1.08199999999988,0,1.2
109,retract,2,540,0.7120000000004438,39.077999999999975,0,1.2
109,retract,2,541,1.237999999999829,7.9220000000000255,1,1.2
109,retract,2,542,1.7999999999997272,4.66800000000012,1,1.2
109,retract,2,543,1.268000000000029,3.4200000000000728,1,1.2
109,retract,2,544,2.737999999999829,10.94800000000032,1,1.2
109,retract,2,545,1.4679999999998472,9.557999999999993,1,1.2
109,retract,2,546,1.2519999999999527,34.33800000000019,1,1.2
109,retract,2,547,1.1579999999999018,2.0019999999999527,0,1.2
109,retract,2,548,0.8679999999999382,2.456000000000131,0,1.2
109,retract,2,549,0.8400000000001455,0.7619999999997162,0,1.2
109,retract,2,550,1.768000000000029,0.27599999999983993,1,1.2
109,retract,2,551,0.7380000000002838,4.531999999999698,0,1.2
109,retract,2,552,1.424000000000433,2.7039999999997235,1,1.2
109,retract,2,553,0.2559999999998581,0.9200000000000728,0,1.2
109,retract,2,554,1.0740000000000691,20.54399999999987,0,1.2
109,retract,2,555,0.5840000000002874,0.8519999999998618,0,1.2
109,retract,2,556,1.2820000000001528,3.6579999999999018,1,1.2
109,retract,2,557,2.4400000000000546,4.221999999999753,1,1.2
109,retract,2,558,1.1660000000001673,1.8780000000001564,0,1.2
109,retract,2,559,1.3419999999996435,2.886000000000422,1,1.2
109,retract,2,560,1.5279999999997926,3.3339999999998327,1,1.2
109,retract,2,561,1.3420000000000982,4.842000000000098,1,1.2
109,retract,2,562,1.1419999999998254,1.1040000000002692,0,1.2
109,retract,2,563,1.1099999999996726,0.9120000000002619,0,1.2
109,retract,2,564,0.8640000000000327,0.6419999999998254,0,1.2
109,retract,2,565,0.15399999999999636,17.829999999999927,0,1.2
109,retract,2,566,0.874000000000251,0.7319999999999709,0,1.2
109,retract,2,567,1.0920000000000982,0.15799999999990177,0,1.2
109,retract,2,569,1.47400000000016,2.9580000000000837,1,1.2
109,retract,2,570,2.0019999999999527,3.4760000000001128,1,1.2
109,retract,2,571,1.625999999999749,5.038000000000011,1,1.2
109,retract,2,572,0.08199999999987995,26.00400000000036,0,1.2
109,retract,2,573,1.2199999999998,4.3960000000001855,1,1.2
109,retract,2,574,1.0399999999999636,0.6900000000000546,0,1.2
109,retract,2,575,1.4599999999995816,6.814000000000306,1,1.2
109,retract,2,576,0.8599999999996726,0.7540000000003602,0,1.2
109,retract,2,577,1.2280000000000655,3.9459999999999127,1,1.2
109,retract,2,578,1.9159999999997126,6.2960000000002765,1,1.2
109,retract,2,579,1.1179999999999382,1.5900000000001455,0,1.2
109,retract,2,580,1.0539999999996326,0.9480000000003201,0,1.2
109,retract,2,581,1.0019999999999527,1.0340000000001055,0,1.2
109,retract,2,582,1.0559999999995853,0.6440000000002328,0,1.2
109,retract,2,583,0.09200000000009823,2.1859999999996944,0,1.2
109,retract,2,584,0.8120000000003529,0.8599999999996726,0,1.2
109,retract,2,585,1.3479999999999563,4.08600000000024,1,1.2
109,retract,2,586,1.2440000000001419,19.40599999999995,1,1.2
109,retract,2,587,1.0340000000001055,1.2879999999995562,0,1.2
109,retract,2,588,1.4039999999999964,5.166000000000167,1,1.2
109,retract,2,589,1.3160000000002583,21.57199999999966,1,1.2
109,retract,2,590,0.9140000000002146,0.8099999999999454,0,1.2
109,retract,2,591,1.1140000000000327,1.0299999999997453,0,1.2
109,retract,2,592,0.874000000000251,0.9239999999999782,0,1.2
109,retract,2,593,1.2599999999997635,3.3040000000000873,1,1.2
109,retract,2,594,1.6300000000001091,7.697999999999865,1,1.2
109,retract,2,595,0.9880000000002838,3.4220000000000255,0,1.2
109,retract,2,596,0.9299999999998363,0.9160000000001673,0,1.2
109,retract,2,597,1.1479999999996835,0.968000000000302,0,1.2
109,retract,2,598,1.513999999999669,49.3420000000001,1,1.2
109,retract,2,599,1.5579999999999927,44.83600000000024,1,1.2
109,retract,2,600,1.1019999999998618,0.7660000000000764,0,1.2
109,retract,2,601,0.9899999999997817,0.69399999999996,0,1.2
109,retract,2,602,1.05600000000004,0.7200000000002547,0,1.2
109,retract,2,603,1.2019999999997708,5.468000000000302,1,1.2
109,retract,2,604,1.3279999999999745,7.031999999999698,1,1.2
109,retract,2,605,1.2440000000001419,26.670000000000073,1,1.2
109,retract,2,606,1.7399999999997817,4.69399999999996,1,1.2
109,retract,2,607,0.8500000000003638,0.781999999999698,0,1.2
109,retract,2,608,1.2600000000002183,3.9039999999999964,1,1.2
109,retract,2,609,1.9380000000001019,3.8359999999997854,1,1.2
109,retract,2,610,1.5960000000000036,8.650000000000091,1,1.2
109,retract,2,611,1.8739999999997963,10.47400000000016,1,1.2
109,retract,2,612,0.875999999999749,0.9160000000001673,0,1.2
109,retract,2,613,1.268000000000029,3.4420000000000073,1,1.2
109,retract,2,614,2.793999999999869,3.5799999999999272,1,1.2
109,retract,2,615,1.9640000000003965,31.22799999999961,1,1.2
109,retract,2,616,1.25,4.894000000000233,1,1.2
109,retract,2,617,1.050000000000182,0.8039999999996326,0,1.2
109,retract,2,618,0.9980000000000473,0.9380000000001019,0,1.2
109,retract,2,619,0.9520000000002256,2.0099999999997635,0,1.2
109,retract,2,620,1.1840000000001965,54.197999999999865,0,1.2
109,retract,2,621,1.0779999999999745,1.0360000000000582,0,1.2
109,retract,2,622,1.1279999999997017,3.124000000000251,0,1.2
109,retract,2,623,0.9479999999998654,0.8840000000000146,0,1.2
109,retract,2,624,1.1979999999998654,2.4320000000002437,0,1.2
109,retract,2,625,1.050000000000182,0.8139999999998508,0,1.2
109,retract,2,626,1.5740000000000691,7.143999999999778,1,1.2
109,retract,2,627,1.2640000000001237,7.266000000000076,1,1.2
109,retract,2,628,0.8260000000000218,1.0859999999997854,0,1.2
109,retract,2,629,1.0160000000000764,163.0279999999998,0,1.2
109,retract,2,630,1.0700000000001637,4.686000000000149,0,1.2
109,retract,2,631,1.531999999999698,3.7400000000002365,1,1.2
109,retract,2,632,0.9499999999998181,1.206000000000131,0,1.2
109,retract,2,633,1.4340000000001965,7.869999999999891,1,1.2
109,retract,2,634,1.2179999999998472,3.826000000000022,1,1.2
109,retract,2,635,1.1320000000000618,1.393999999999778,0,1.2
109,retract,2,636,2.292000000000371,18.699999999999818,1,1.2
109,retract,2,637,1.6900000000000546,5.6340000000000146,1,1.2
109,retract,2,638,6.1720000000000255,3.9760000000001128,1,1.2
109,retract,2,639,1.0499999999997272,1.7820000000001528,0,1.2
109,retract,2,640,1.155999999999949,0.9980000000000473,0,1.2
109,retract,2,641,1.0399999999999636,1.9519999999997708,0,1.2
109,retract,2,642,0.5080000000002656,1.7179999999998472,0,1.2
109,retract,2,643,1.4239999999999782,8.802000000000135,1,1.2
109,retract,2,644,2.269999999999982,8.52599999999984,1,1.2
109,retract,2,645,1.3580000000001746,5.179999999999836,1,1.2
109,retract,2,646,1.4520000000002256,5.355999999999767,1,1.2
109,retract,2,647,5.898000000000138,17.896000000000186,1,1.2
109,retract,2,648,0.44399999999996,1.4119999999998072,0,1.2
109,retract,2,649,1.038000000000011,60.58600000000024,0,1.2
109,retract,2,650,1.63799999999992,4.130000000000109,1,1.2
109,retract,2,651,1.7719999999999345,7.307999999999993,1,1.2
109,retract,2,652,1.3799999999996544,5.278000000000247,1,1.2
109,retract,2,653,1.262000000000171,40.9699999999998,1,1.2
109,retract,2,654,0.33399999999983265,0.18800000000010186,0,1.2
109,retract,2,656,1.043999999999869,2.36200000000008,0,1.2
109,retract,2,657,0.7979999999997744,1.2860000000000582,0,1.2
109,retract,2,658,0.8659999999999854,0.8479999999999563,0,1.2
109,retract,2,659,1.344000000000051,28.988000000000284,1,1.2
109,retract,2,660,1.143999999999778,0.7759999999998399,0,1.2
109,retract,2,661,0.8700000000003456,0.6879999999996471,0,1.2
109,retract,2,662,1.8040000000000873,6.334000000000287,1,1.2
109,retract,2,663,1.4339999999997417,6.510000000000218,1,1.2
109,retract,2,664,1.3040000000000873,9.325999999999567,1,1.2
109,retract,2,665,1.5620000000003529,57.121999999999844,1,1.2
109,retract,2,666,1.7080000000000837,100.09000000000015,1,1.2
109,retract,2,667,1.3679999999999382,9.516000000000076,1,1.2
109,retract,2,668,1.0359999999996035,5.518000000000029,0,1.2
109,retract,2,669,1.1340000000000146,0.8200000000001637,0,1.2
109,retract,2,670,0.8260000000000218,0.7660000000000764,0,1.2
109,retract,2,671,1.2100000000000364,6.867999999999938,1,1.2
109,retract,2,672,1.2699999999999818,0.05999999999994543,1,1.2
109,retract,2,673,0.03999999999996362,7.766000000000076,0,1.2
109,retract,2,674,1.3959999999997308,12.774000000000342,1,1.2
109,retract,2,675,0.9580000000000837,19.093999999999596,0,1.2
109,retract,2,676,1.4880000000002838,4.369999999999891,1,1.2
109,retract,2,677,1.762000000000171,5.7039999999997235,1,1.2
109,retract,2,678,2.188000000000102,8.69399999999996,1,1.2
109,retract,2,679,1.6440000000002328,6.705999999999676,1,1.2
109,retract,2,680,0.4639999999999418,0.818000000000211,0,1.2
109,retract,2,681,1.0059999999998581,1.97400000000016,0,1.2
109,retract,2,682,1.5039999999999054,5.374000000000251,1,1.2
109,retract,2,683,1.5619999999998981,7.173999999999978,1,1.2
109,retract,2,684,1.5579999999999927,6.293999999999869,1,1.2
109,retract,2,685,1.3299999999999272,32.932000000000244,1,1.2
109,retract,2,686,0.9679999999998472,0.7359999999998763,0,1.2
109,retract,2,687,1.6140000000000327,4.008000000000266,1,1.2
109,retract,2,688,1.5079999999998108,4.050000000000182,1,1.2
109,retract,2,689,1.5540000000000873,4.893999999999778,1,1.2
109,retract,2,690,2.538000000000011,29.016000000000076,1,1.2
109,retract,2,691,0.9400000000000546,0.7799999999997453,0,1.2
109,retract,2,692,1.1340000000000146,0.7300000000000182,0,1.2
109,retract,2,693,1.1199999999998909,1.0060000000003129,0,1.2
109,retract,2,694,1.2480000000000473,11.17599999999993,1,1.2
109,retract,2,695,1.2460000000000946,6.185999999999694,1,1.2
109,retract,2,696,1.405999999999949,4.314000000000306,1,1.2
109,retract,2,697,1.4099999999998545,6.907999999999902,1,1.2
109,retract,2,698,1.1840000000001965,0.9200000000000728,0,1.2
109,retract,2,699,0.08399999999983265,0.09000000000014552,0,1.2
109,retract,2,701,0.2760000000002947,0.987999999999829,0,1.2
109,retract,2,702,1.4540000000001783,9.031999999999698,1,1.2
109,retract,2,703,1.2100000000000364,7.8659999999999854,1,1.2
109,retract,2,704,1.4140000000002146,4.487999999999829,1,1.2
109,retract,2,705,2.368000000000393,7.167999999999665,1,1.2
109,retract,2,706,1.5960000000004584,9.069999999999709,1,1.2
109,retract,2,707,1.3940000000002328,4.8159999999998035,1,1.2
109,retract,2,708,2.131999999999607,6.829999999999927,1,1.2
109,retract,2,709,4.374000000000706,45.4399999999996,1,1.2
109,retract,2,710,1.1840000000001965,2.5119999999997162,0,1.2
109,retract,2,711,1.4020000000000437,5.877999999999702,1,1.2
109,retract,2,712,1.2860000000000582,5.680000000000291,1,1.2
109,retract,2,713,1.2179999999998472,4.5600000000004,1,1.2
109,retract,2,714,3.0039999999999054,80.39800000000014,1,1.2
109,retract,2,715,0.8739999999997963,0.8519999999998618,0,1.2
109,retract,2,716,0.7719999999999345,0.8559999999997672,0,1.2
109,retract,2,717,0.704000000000633,1.4259999999994761,0,1.2
109,retract,2,718,1.1320000000005166,0.7139999999999418,0,1.2
109,retract,2,719,2.11200000000008,3.9539999999997235,1,1.2
109,retract,2,720,2.569999999999709,9.372000000000298,1,1.2
109,retract,2,721,0.44800000000032014,0.8679999999994834,0,1.2
109,retract,2,722,0.7560000000003129,0.8400000000001455,0,1.2
109,retract,2,723,1.4399999999995998,3.550000000000182,1,1.2
109,retract,2,724,0.5339999999996508,0.8820000000005166,0,1.2
109,retract,2,725,2.501999999999498,7.376000000000204,1,1.2
109,retract,2,726,2.100000000000364,61.82999999999993,1,1.2
109,retract,2,727,1.1700000000000728,0.7779999999993379,0,1.2
109,retract,2,728,0.7160000000003492,0.9520000000002256,0,1.2
109,retract,2,729,1.231999999999971,15.675999999999476,1,1.2
109,retract,2,730,0.9400000000005093,0.7240000000001601,0,1.2
109,retract,2,731,1.2879999999995562,3.905999999999949,1,1.2
109,retract,2,732,2.11200000000008,8.88000000000011,1,1.2
109,retract,2,733,1.22400000000016,7.529999999999745,1,1.2
109,retract,2,734,1.412000000000262,87.39999999999964,1,1.2
109,retract,2,735,2.2960000000002765,100.34400000000005,1,1.2
109,retract,2,736,1.1300000000001091,0.8040000000000873,0,1.2
109,retract,2,737,0.8499999999994543,0.7460000000000946,0,1.2
109,retract,2,738,1.5479999999997744,3.2600000000002183,1,1.2
109,retract,2,739,2.8299999999999272,3.1900000000005093,1,1.2
109,retract,2,740,1.4780000000000655,6.421999999999571,1,1.2
109,retract,2,741,0.8299999999999272,0.7260000000005675,0,1.2
109,retract,2,742,1.2119999999995343,4.984000000000378,1,1.2
109,retract,2,743,2.217999999999847,177.6939999999995,1,1.2
109,retract,2,744,1.3479999999999563,0.22600000000056752,1,1.2
109,retract,2,745,0.04599999999936699,4.436000000000604,0,1.2
109,retract,2,746,1.1080000000001746,0.9359999999996944,0,1.2
109,retract,2,747,1.225999999999658,7.597999999999956,1,1.2
109,retract,2,748,1.5799999999999272,52.72400000000016,1,1.2
109,retract,2,749,0.8159999999998035,1.4440000000004147,0,1.2
109,retract,2,750,0.8440000000000509,0.8959999999997308,0,1.2
109,retract,2,751,1.118000000000393,0.8540000000002692,0,1.2
109,retract,2,752,1.2659999999996217,57.358000000000175,1,1.2
109,retract,2,753,1.4099999999998545,13.613999999999578,1,1.2
109,retract,2,754,0.8479999999999563,0.8540000000002692,0,1.2
109,retract,2,755,1.0100000000002183,0.7380000000002838,0,1.2
109,retract,2,756,1.4099999999998545,178.98999999999978,1,1.2
109,retract,2,757,1.087999999999738,0.7980000000006839,0,1.2
109,retract,2,758,0.11599999999998545,0.08799999999973807,0,1.2
109,retract,2,760,0.19400000000041473,0.12199999999938882,0,1.2
109,retract,2,762,1.2280000000000655,3.83600000000024,1,1.2
109,retract,2,763,1.5399999999999636,7.349999999999454,1,1.2
109,retract,2,764,1.2880000000004657,5.49199999999928,1,1.2
109,retract,2,765,1.3760000000002037,3.954000000000633,1,1.2
109,retract,2,766,2.2839999999996508,12.452000000000226,1,1.2
109,retract,2,767,1.2299999999995634,31.90400000000045,1,1.2
109,retract,2,768,1.1279999999997017,6.931999999999789,0,1.2
109,retract,2,769,1.9620000000004438,8.359999999999673,1,1.2
109,retract,2,770,0.9239999999999782,0.886000000000422,0,1.2
109,retract,2,771,1.6719999999995707,6.319999999999709,1,1.2
109,retract,2,772,1.5600000000004002,32.039999999999964,1,1.2
109,retract,2,773,2.11200000000008,6.985999999999876,1,1.2
109,retract,2,774,1.618000000000393,5.369999999999891,1,1.2
109,retract,2,775,1.501999999999498,13.561999999999898,1,1.2
109,retract,2,776,1.2400000000006912,5.30199999999968,1,1.2
109,retract,2,777,2.2039999999997235,9.155999999999949,1,1.2
109,retract,2,778,1.9340000000001965,49.503999999999905,1,1.2
109,retract,2,779,2.392000000000735,145.36399999999958,1,1.2
109,retract,2,780,1.9239999999999782,,1,1.2
110,no_timeout,1,1,0.17199999999999704,0.08200000000000074,0,0.5
110,no_timeout,1,2,0.1280000000000001,0.10000000000000142,0,0.5
110,no_timeout,1,3,0.1699999999999946,3.8200000000000003,0,0.5
110,no_timeout,1,4,0.4060000000000059,0.9859999999999971,0,0.5
110,no_timeout,1,5,1.2820000000000036,3.337999999999994,1,0.5
110,no_timeout,1,6,0.3260000000000005,9.324000000000005,0,0.5
110,no_timeout,1,7,0.21399999999999864,2.513999999999996,0,0.5
110,no_timeout,1,8,0.05799999999999983,2.7620000000000005,0,0.5
110,no_timeout,1,9,0.24200000000000443,1.9340000000000046,0,0.5
110,no_timeout,1,10,0.18199999999998795,0.18000000000000682,0,0.5
110,no_timeout,1,11,0.2740000000000009,3.5259999999999962,0,0.5
110,no_timeout,1,12,0.19400000000000261,0.4440000000000026,0,0.5
110,no_timeout,1,13,0.5819999999999936,2.6599999999999966,1,0.5
110,no_timeout,1,14,0.3060000000000116,2.11399999999999,0,0.5
110,no_timeout,1,15,0.31799999999999784,0.2880000000000109,0,0.5
110,no_timeout,1,16,0.1280000000000001,0.6400000000000006,0,0.5
110,no_timeout,1,17,0.7639999999999958,7.048000000000002,1,0.5
110,no_timeout,1,18,0.2560000000000002,11.635999999999996,0,0.5
110,no_timeout,1,19,0.39799999999999613,2.1480000000000103,0,0.5
110,no_timeout,1,20,0.2179999999999893,0.30400000000000205,0,0.5
110,no_timeout,1,21,0.1360000000000099,2.8419999999999987,0,0.5
110,no_timeout,1,22,0.1599999999999966,0.11199999999999477,0,0.5
110,no_timeout,1,23,0.08400000000000318,0.058000000000006935,0,0.5
110,no_timeout,1,24,0.011999999999986244,0.8380000000000081,0,0.5
110,no_timeout,1,25,0.29999999999999716,2.6200000000000045,0,0.5
110,no_timeout,1,26,0.269999999999996,0.0660000000000025,0,0.5
110,no_timeout,1,27,0.030000000000001137,1.5339999999999918,0,0.5
110,no_timeout,1,28,0.17800000000001148,0.12999999999999545,0,0.5
110,no_timeout,1,29,0.18999999999999773,0.07600000000000762,0,0.5
110,no_timeout,1,30,0.07199999999998852,0.07600000000000762,0,0.5
110,no_timeout,1,31,0.036000000000001364,0.07200000000000273,0,0.5
110,no_timeout,1,32,0.03999999999999204,0.0940000000000083,0,0.5
110,no_timeout,1,33,0.01799999999998647,0.0800000000000125,0,0.5
110,no_timeout,1,34,0.4239999999999924,4.418000000000006,0,0.5
110,no_timeout,1,35,0.2879999999999967,19.017999999999986,0,0.5
110,no_timeout,1,36,0.12600000000000477,1.7220000000000084,0,0.5
110,no_timeout,1,37,0.0759999999999934,0.0759999999999934,0,0.5
110,no_timeout,1,38,0.054000000000002046,1.960000000000008,0,0.5
110,no_timeout,1,39,0.38800000000000523,0.5279999999999916,0,0.5
110,no_timeout,1,40,0.4420000000000073,1.8100000000000023,0,0.5
110,no_timeout,1,41,0.19599999999999795,1.240000000000009,0,0.5
110,no_timeout,1,42,0.26599999999999113,13.882000000000005,0,0.5
110,no_timeout,1,43,0.6140000000000043,5.121999999999986,1,0.5
110,no_timeout,1,44,0.21399999999999864,5.1200000000000045,0,0.5
110,no_timeout,1,45,0.11599999999998545,0.12400000000002365,0,0.5
110,no_timeout,1,46,0.19599999999999795,0.08599999999998431,0,0.5
110,no_timeout,1,47,0.6119999999999948,5.926000000000016,1,0.5
110,no_timeout,1,48,0.22800000000000864,0.22199999999998,0,0.5
110,no_timeout,1,49,0.3020000000000209,2.4059999999999775,0,0.5
110,no_timeout,1,50,0.17199999999999704,0.0660000000000025,0,0.5
110,no_timeout,1,51,0.08600000000001273,1.509999999999991,0,0.5
110,no_timeout,1,52,0.10800000000000409,0.054000000000002046,0,0.5
110,no_timeout,1,53,0.15799999999998704,0.22800000000000864,0,0.5
110,no_timeout,1,54,0.15399999999999636,3.312000000000012,0,0.5
110,no_timeout,1,55,0.4579999999999984,0.5080000000000098,0,0.5
110,no_timeout,1,56,0.13199999999997658,0.6840000000000259,0,0.5
110,no_timeout,1,57,0.6519999999999868,3.2920000000000016,1,0.5
110,no_timeout,1,58,0.5020000000000095,3.7620000000000005,1,0.5
110,no_timeout,1,59,0.33199999999999363,2.334000000000003,0,0.5
110,no_timeout,1,60,0.04800000000000182,0.3879999999999768,0,0.5
110,no_timeout,1,61,0.27600000000001046,5.731999999999999,0,0.5
110,no_timeout,1,62,0.06399999999999295,1.3700000000000045,0,0.5
110,no_timeout,1,63,0.132000000000005,0.16200000000000614,0,0.5
110,no_timeout,1,64,0.49799999999999045,1.9519999999999982,0,0.5
110,no_timeout,1,65,0.17000000000001592,0.3739999999999952,0,0.5
110,no_timeout,1,66,0.12000000000000455,0.07399999999998386,0,0.5
110,no_timeout,1,67,0.21399999999999864,2.808000000000021,0,0.5
110,no_timeout,1,68,0.7299999999999898,0.036000000000001364,1,0.5
110,no_timeout,1,69,0.17199999999999704,5.401999999999987,0,0.5
110,no_timeout,1,70,0.21399999999999864,1.5440000000000111,0,0.5
110,no_timeout,1,71,0.4660000000000082,0.13399999999998613,0,0.5
110,no_timeout,1,72,0.04400000000001114,0.10800000000000409,0,0.5
110,no_timeout,1,73,0.4119999999999777,1.9580000000000268,0,0.5
110,no_timeout,1,74,0.17799999999999727,0.117999999999995,0,0.5
110,no_timeout,1,75,0.695999999999998,2.4439999999999884,1,0.5
110,no_timeout,1,76,1.141999999999996,4.812000000000012,1,0.5
110,no_timeout,1,77,0.29599999999999227,1.9579999999999984,0,0.5
110,no_timeout,1,78,0.37400000000002365,0.19599999999999795,0,0.5
110,no_timeout,1,79,0.5,4.8160000000000025,0,0.5
110,no_timeout,1,80,0.1519999999999868,0.17799999999999727,0,0.5
110,no_timeout,1,81,0.45599999999998886,2.0860000000000127,0,0.5
110,no_timeout,1,82,0.5039999999999907,2.420000000000016,1,0.5
110,no_timeout,1,83,0.13599999999999568,2.1059999999999945,0,0.5
110,no_timeout,1,84,0.8540000000000134,0.0619999999999834,1,0.5
110,no_timeout,1,85,0.13400000000001455,6.289999999999992,0,0.5
110,no_timeout,1,86,0.132000000000005,0.34799999999998477,0,0.5
110,no_timeout,1,87,1.0120000000000005,5.407999999999987,1,0.5
110,no_timeout,1,88,0.19400000000001683,0.367999999999995,0,0.5
110,no_timeout,1,89,0.6800000000000068,3.305999999999983,1,0.5
110,no_timeout,1,90,0.1500000000000341,6.346000000000004,0,0.5
110,no_timeout,1,91,0.033999999999991815,2.051999999999964,0,0.5
110,no_timeout,1,92,0.19000000000005457,0.055999999999983174,0,0.5
110,no_timeout,1,93,0.23799999999999955,2.981999999999971,0,0.5
110,no_timeout,1,94,0.674000000000035,4.673999999999978,1,0.5
110,no_timeout,1,95,0.27600000000001046,1.4519999999999982,0,0.5
110,no_timeout,1,96,0.09199999999998454,0.7599999999999909,0,0.5
110,no_timeout,1,97,0.022000000000048203,0.09399999999999409,0,0.5
110,no_timeout,1,98,0.08400000000000318,2.589999999999975,0,0.5
110,no_timeout,1,99,0.27800000000002,0.04800000000000182,0,0.5
110,no_timeout,1,100,0.07999999999998408,0.04800000000000182,0,0.5
110,no_timeout,1,101,0.09399999999999409,1.9920000000000186,0,0.5
110,no_timeout,1,102,0.12599999999997635,3.966000000000008,0,0.5
110,no_timeout,1,103,0.12599999999997635,0.04200000000003001,0,0.5
110,no_timeout,1,104,0.053999999999973625,0.7440000000000282,0,0.5
110,no_timeout,1,105,0.9180000000000064,0.09199999999998454,1,0.5
110,no_timeout,1,106,0.6059999999999945,13.824000000000012,1,0.5
110,no_timeout,1,107,0.18200000000001637,0.08799999999996544,0,0.5
110,no_timeout,1,108,0.10000000000002274,0.08199999999999363,0,0.5
110,no_timeout,1,109,0.1479999999999677,0.8140000000000214,0,0.5
110,no_timeout,1,110,0.19799999999997908,0.18600000000003547,0,0.5
110,no_timeout,1,111,0.34199999999998454,1.7019999999999982,0,0.5
110,no_timeout,1,112,0.4940000000000282,0.12199999999995725,0,0.5
110,no_timeout,1,113,0.3240000000000123,2.1440000000000055,0,0.5
110,no_timeout,1,114,0.9019999999999868,4.665999999999997,1,0.5
110,no_timeout,1,115,0.2599999999999909,4.330000000000041,0,0.5
110,no_timeout,1,116,0.06999999999999318,1.353999999999985,0,0.5
110,no_timeout,1,117,0.18200000000001637,1.740000000000009,0,0.5
110,no_timeout,1,118,2.019999999999982,9.02600000000001,1,0.5
110,no_timeout,1,119,0.6080000000000041,0.053999999999973625,1,0.5
110,no_timeout,1,120,0.12000000000000455,3.2340000000000373,0,0.5
110,no_timeout,1,121,0.27199999999999136,1.6459999999999582,0,0.5
110,no_timeout,1,122,0.3380000000000223,2.415999999999997,0,0.5
110,no_timeout,1,123,1.4259999999999877,8.872000000000014,1,0.5
110,no_timeout,1,124,0.12599999999997635,2.3880000000000337,0,0.5
110,no_timeout,1,125,0.9900000000000091,2.4799999999999613,1,0.5
110,no_timeout,1,126,0.19400000000001683,2.0579999999999927,0,0.5
110,no_timeout,1,127,0.4019999999999868,2.848000000000013,0,0.5
110,no_timeout,1,128,0.27000000000003865,2.155999999999949,0,0.5
110,no_timeout,1,129,0.17400000000003502,0.036000000000001364,0,0.5
110,no_timeout,1,130,0.27600000000001046,0.2319999999999709,0,0.5
110,no_timeout,1,131,1.1580000000000155,0.051999999999964075,1,0.5
110,no_timeout,1,132,0.02600000000001046,2.891999999999996,0,0.5
110,no_timeout,1,133,0.5800000000000409,1.9399999999999977,1,0.5
110,no_timeout,1,134,0.8059999999999832,7.968000000000018,1,0.5
110,no_timeout,1,135,0.3100000000000023,2.683999999999969,0,0.6
110,no_timeout,1,136,0.40399999999999636,18.80400000000003,0,0.6
110,no_timeout,1,137,0.1099999999999568,2.27800000000002,0,0.6
110,no_timeout,1,138,0.4259999999999877,1.9500000000000455,0,0.6
110,no_timeout,1,139,0.31399999999996453,4.256000000000029,0,0.6
110,no_timeout,1,140,0.2519999999999527,1.4160000000000537,0,0.6
110,no_timeout,1,141,0.20799999999997,0.25799999999998136,0,0.6
110,no_timeout,1,142,0.1560000000000059,0.16399999999998727,0,0.6
110,no_timeout,1,143,0.2400000000000091,2.636000000000024,0,0.6
110,no_timeout,1,144,0.9759999999999991,2.73599999999999,1,0.6
110,no_timeout,1,145,0.18200000000001637,0.05000000000001137,0,0.6
110,no_timeout,1,146,0.16800000000000637,1.9799999999999613,0,0.6
110,no_timeout,1,147,0.33199999999999363,0.09200000000004138,0,0.6
110,no_timeout,1,148,0.12599999999997635,19.238,0,0.6
110,no_timeout,1,149,0.20999999999997954,0.5660000000000309,0,0.6
110,no_timeout,1,150,0.4479999999999791,0.17400000000003502,0,0.6
110,no_timeout,1,151,0.036000000000001364,2.415999999999997,0,0.6
110,no_timeout,1,152,0.3019999999999641,0.04200000000003001,0,0.6
110,no_timeout,1,153,0.42399999999997817,1.934000000000026,0,0.6
110,no_timeout,1,154,0.2740000000000009,0.21599999999995134,0,0.6
110,no_timeout,1,155,0.6400000000000432,0.16800000000000637,1,0.6
110,no_timeout,1,156,1.0019999999999527,5.150000000000034,1,0.6
110,no_timeout,1,157,0.34199999999998454,0.7400000000000091,0,0.6
110,no_timeout,1,158,0.6019999999999754,3.930000000000007,1,0.6
110,no_timeout,1,159,0.18799999999998818,1.8040000000000305,0,0.6
110,no_timeout,1,160,0.1379999999999768,0.382000000000005,0,0.6
110,no_timeout,1,161,0.08400000000000318,0.20600000000001728,0,0.6
110,no_timeout,1,162,0.16599999999999682,1.7719999999999914,0,0.6
110,no_timeout,1,163,0.25600000000002865,0.06399999999996453,0,0.6
110,no_timeout,1,164,0.27199999999999136,0.47200000000003683,0,0.6
110,no_timeout,1,165,0.07599999999996498,0.17600000000004457,0,0.6
110,no_timeout,1,166,0.08399999999994634,2.7600000000000477,0,0.6
110,no_timeout,1,167,0.3159999999999741,0.2880000000000109,0,0.6
110,no_timeout,1,168,0.5500000000000114,0.029999999999972715,0,0.6
110,no_timeout,1,169,0.3580000000000041,0.05400000000003047,0,0.6
110,no_timeout,1,170,0.5059999999999718,0.5380000000000109,0,0.6
110,no_timeout,1,171,0.19200000000000728,2.1639999999999873,0,0.6
110,no_timeout,1,172,1.8659999999999854,2.990000000000009,1,0.6
110,no_timeout,1,173,1.2200000000000273,3.7759999999999536,1,0.6
110,no_timeout,1,174,0.35400000000004184,0.031999999999982265,0,0.6
110,no_timeout,1,175,1.4540000000000077,2.2520000000000095,1,0.6
110,no_timeout,1,176,0.19999999999998863,3.4359999999999786,0,0.6
110,no_timeout,1,177,0.48200000000002774,2.6479999999999677,0,0.6
110,no_timeout,1,178,0.27000000000003865,0.07799999999997453,0,0.6
110,no_timeout,1,179,0.18200000000001637,0.06799999999998363,0,0.6
110,no_timeout,1,180,0.5439999999999827,1.8000000000000682,0,0.6
110,no_timeout,1,181,0.2759999999999536,0.14999999999997726,0,0.6
110,no_timeout,1,182,0.026000000000067303,4.240000000000009,0,0.6
110,no_timeout,1,183,0.4359999999999218,0.18000000000006366,0,0.6
110,no_timeout,1,184,0.13400000000001455,0.21199999999998909,0,0.6
110,no_timeout,1,185,0.033999999999991815,0.6019999999999754,0,0.6
110,no_timeout,1,186,0.6620000000000346,2.8999999999999773,1,0.6
110,no_timeout,1,187,0.4339999999999691,0.04800000000000182,0,0.6
110,no_timeout,1,188,0.12400000000002365,1.7340000000000373,0,0.6
110,no_timeout,1,189,0.4779999999999518,2.522000000000048,0,0.6
110,no_timeout,1,190,0.7559999999999718,0.12199999999995725,1,0.6
110,no_timeout,1,191,0.2980000000000018,3.594000000000051,0,0.6
110,no_timeout,1,192,0.2479999999999336,0.9980000000000473,0,0.6
110,no_timeout,1,193,2.1499999999999773,7.918000000000006,1,0.6
110,no_timeout,1,194,0.45799999999997,0.97199999999998,0,0.6
110,no_timeout,1,195,0.9420000000000073,5.772000000000048,1,0.6
110,no_timeout,1,196,0.12199999999995725,3.480000000000018,0,0.6
110,no_timeout,1,197,0.07600000000002183,0.7820000000000391,0,0.6
110,no_timeout,1,198,0.5119999999999436,2.1399999999999864,0,0.6
110,no_timeout,1,199,0.79200000000003,0.04800000000000182,1,0.6
110,no_timeout,1,200,0.5720000000000027,0.11800000000005184,0,0.6
110,no_timeout,1,201,1.419999999999959,6.730000000000018,1,0.6
110,no_timeout,1,202,0.39400000000000546,0.057999999999992724,0,0.6
110,no_timeout,1,203,0.7799999999999727,0.07799999999997453,1,0.6
110,no_timeout,1,204,0.4540000000000646,0.05199999999990723,0,0.6
110,no_timeout,1,205,0.9860000000001037,6.421999999999912,1,0.6
110,no_timeout,1,206,0.3160000000000309,0.025999999999953616,0,0.6
110,no_timeout,1,207,0.32600000000002183,8.954000000000065,0,0.6
110,no_timeout,1,208,0.2659999999999627,0.11800000000005184,0,0.6
110,no_timeout,1,209,0.10999999999989996,1.9460000000000264,0,0.6
110,no_timeout,1,210,0.13599999999996726,0.07200000000000273,0,0.6
110,no_timeout,1,211,0.14800000000002456,0.6100000000000136,0,0.6
110,no_timeout,1,212,0.20799999999997,0.06200000000001182,0,0.6
110,no_timeout,1,213,0.5800000000000409,2.6100000000000136,0,0.6
110,no_timeout,1,214,1.0059999999999718,0.04200000000003001,1,0.6
110,no_timeout,1,215,0.6299999999999955,0.04200000000003001,0,0.6
110,no_timeout,1,216,0.029999999999972715,0.4519999999999982,0,0.6
110,no_timeout,1,217,0.2259999999999991,0.6399999999999864,0,0.6
110,no_timeout,1,218,0.35000000000002274,0.038000000000010914,0,0.6
110,no_timeout,1,219,0.5519999999999072,3.024000000000001,0,0.6
110,no_timeout,1,220,1.6000000000000227,8.08800000000008,1,0.6
110,no_timeout,1,221,0.18999999999994088,6.8659999999999854,0,0.6
110,no_timeout,1,222,0.2540000000000191,0.2659999999999627,0,0.6
110,no_timeout,1,223,0.44400000000007367,5.279999999999973,0,0.6
110,no_timeout,1,224,0.15599999999994907,0.9680000000000746,0,0.6
110,no_timeout,1,225,0.40599999999994907,10.152000000000044,0,0.6
110,no_timeout,1,226,2.3099999999999454,3.97199999999998,1,0.6
110,no_timeout,1,227,0.17000000000007276,1.933999999999969,0,0.6
110,no_timeout,1,228,0.5099999999999909,23.980000000000018,0,0.6
110,no_timeout,1,229,0.3079999999999927,4.145999999999958,0,0.6
110,no_timeout,1,230,0.3020000000000209,0.2420000000000755,0,0.6
110,no_timeout,1,231,0.18199999999990268,0.15399999999999636,0,0.6
110,no_timeout,1,232,0.38200000000006185,0.55600000000004,0,0.6
110,no_timeout,1,233,0.8799999999999955,7.0079999999999245,1,0.6
110,no_timeout,1,234,0.3100000000000591,0.35799999999994725,0,0.6
110,no_timeout,1,235,0.6220000000000709,6.725999999999999,1,0.6
110,no_timeout,1,236,0.09600000000000364,5.267999999999915,0,0.6
110,no_timeout,1,237,0.40600000000006276,0.12999999999999545,0,0.6
110,no_timeout,1,238,0.16200000000003456,7.301999999999907,0,0.6
110,no_timeout,1,239,0.40800000000001546,35.98400000000004,0,0.6
110,no_timeout,1,240,0.4339999999999691,0.20199999999999818,0,0.6
110,no_timeout,1,241,0.22199999999998,0.04800000000000182,0,0.6
110,no_timeout,1,242,0.19000000000005457,0.4519999999999982,0,0.6
110,no_timeout,1,243,0.6979999999999791,0.10800000000006094,1,0.6
110,no_timeout,1,244,0.41399999999998727,3.7799999999999727,0,0.6
110,no_timeout,1,245,0.34799999999995634,0.2540000000000191,0,0.6
110,no_timeout,1,246,0.4640000000000555,4.2859999999999445,0,0.6
110,no_timeout,1,247,1.0620000000000118,3.240000000000009,1,0.6
110,no_timeout,1,248,0.5299999999999727,2.447999999999979,0,0.6
110,no_timeout,1,249,1.024000000000001,0.06000000000005912,1,0.6
110,no_timeout,1,250,0.3079999999999927,0.12000000000000455,0,0.6
110,no_timeout,1,251,0.05200000000002092,5.255999999999972,0,0.6
110,no_timeout,1,252,2.3899999999999864,0.07399999999995543,1,0.6
110,no_timeout,1,253,0.5800000000000409,5.135999999999967,0,0.6
110,no_timeout,1,254,1.052000000000021,5.594000000000051,1,0.6
110,no_timeout,1,255,0.31999999999993634,0.23599999999999,0,0.6
110,no_timeout,1,256,0.04600000000004911,4.241999999999962,0,0.6
110,no_timeout,1,257,0.21199999999998909,0.09199999999998454,0,0.6
110,no_timeout,1,258,0.09200000000009823,0.97199999999998,0,0.6
110,no_timeout,1,259,0.18799999999998818,0.045999999999935426,0,0.6
110,no_timeout,1,260,0.5320000000000391,0.6760000000000446,0,0.6
110,no_timeout,1,261,0.4619999999999891,2.6399999999999864,0,0.6
110,no_timeout,1,262,1.1340000000000146,0.09399999999993724,1,0.6
110,no_timeout,1,263,1.0640000000000782,8.303999999999974,1,0.6
110,no_timeout,1,264,0.5919999999999845,0.20000000000004547,0,0.6
110,no_timeout,1,265,0.12599999999997635,4.100000000000023,0,0.6
110,no_timeout,1,266,0.2999999999999545,0.5180000000000291,0,0.6
110,no_timeout,1,267,2.23599999999999,0.08000000000004093,1,0.6
110,no_timeout,1,268,0.38799999999991996,7.350000000000023,0,0.6
110,no_timeout,1,269,0.6720000000000255,0.2039999999999509,1,0.6
110,no_timeout,1,270,0.12599999999997635,0.10200000000008913,0,0.6
110,no_timeout,1,271,0.18799999999998818,4.331999999999994,0,0.6
110,no_timeout,1,272,0.39400000000000546,2.768000000000029,0,0.6
110,no_timeout,1,273,1.5259999999999536,5.851999999999975,1,0.6
110,no_timeout,1,274,1.080000000000041,4.121999999999957,1,0.6
110,no_timeout,1,275,0.34600000000000364,0.053999999999973625,0,0.6
110,no_timeout,1,276,0.17600000000004457,0.17399999999997817,0,0.6
110,no_timeout,1,277,0.25,3.7659999999999627,0,0.6
110,no_timeout,1,278,0.2860000000000582,0.14999999999997726,0,0.6
110,no_timeout,1,279,0.7420000000000755,0.09399999999993724,1,0.6
110,no_timeout,1,280,0.2480000000000473,0.06200000000001182,0,0.6
110,no_timeout,1,281,0.17999999999994998,1.0,0,0.6
110,no_timeout,1,282,0.5720000000000027,5.772000000000048,0,0.6
110,no_timeout,1,283,0.34599999999988995,0.07200000000000273,0,0.6
110,no_timeout,1,284,0.09200000000009823,0.14199999999993906,0,0.6
110,no_timeout,1,285,1.8799999999999955,6.114000000000033,1,0.6
110,no_timeout,1,286,0.10799999999994725,0.3160000000000309,0,0.6
110,no_timeout,1,287,0.42399999999997817,4.364000000000033,0,0.6
110,no_timeout,1,288,0.73599999999999,0.053999999999973625,1,0.6
110,no_timeout,1,289,0.3380000000000791,7.1440000000000055,0,0.6
110,no_timeout,1,290,0.6499999999999773,0.045999999999935426,1,0.6
110,no_timeout,1,291,0.21000000000003638,3.562000000000012,0,0.6
110,no_timeout,1,292,0.43200000000001637,1.254000000000019,0,0.6
110,no_timeout,1,293,0.057999999999992724,0.7579999999999245,0,0.6
110,no_timeout,1,294,0.4700000000000273,2.8460000000000036,0,0.6
110,no_timeout,1,295,0.2419999999999618,0.7800000000000864,0,0.6
110,no_timeout,1,296,0.35199999999997544,0.30999999999994543,0,0.6
110,no_timeout,1,297,0.22800000000006548,2.17999999999995,0,0.6
110,no_timeout,1,298,0.9260000000000446,0.03999999999996362,1,0.6
110,no_timeout,1,299,0.7019999999999982,9.451999999999998,1,0.6
110,no_timeout,1,300,0.34199999999998454,0.15399999999999636,0,0.6
110,no_timeout,1,301,0.36400000000003274,2.3379999999999654,0,0.6
110,no_timeout,1,302,0.2340000000000373,0.04800000000000182,0,0.6
110,no_timeout,1,303,0.2759999999999536,0.6940000000000737,0,0.6
110,no_timeout,1,304,0.2540000000000191,0.027999999999906322,0,0.6
110,no_timeout,1,305,0.39000000000010004,1.3059999999999263,0,0.6
110,no_timeout,1,306,0.5080000000000382,18.449999999999932,0,0.6
110,no_timeout,1,307,0.886000000000081,5.837999999999965,1,0.6
110,no_timeout,1,308,0.08199999999999363,10.913999999999987,0,0.6
110,no_timeout,1,309,0.5500000000000682,10.229999999999905,0,0.6
110,no_timeout,1,310,0.04200000000003001,0.36000000000001364,0,0.6
110,no_timeout,1,311,0.9940000000000282,5.509999999999991,1,0.6
110,no_timeout,1,312,0.7479999999999336,0.11200000000008004,1,0.6
110,no_timeout,1,313,0.16399999999998727,4.963999999999942,0,0.6
110,no_timeout,1,314,0.057999999999992724,0.08400000000006003,0,0.6
110,no_timeout,1,315,0.09399999999993724,2.87600000000009,0,0.6
110,no_timeout,1,316,1.2160000000000082,3.6680000000000064,1,0.6
110,no_timeout,1,317,1.0960000000000036,5.531999999999925,1,0.6
110,no_timeout,1,318,0.9200000000000728,6.809999999999945,1,0.6
110,no_timeout,1,319,0.5199999999999818,0.8039999999999736,0,0.7
110,no_timeout,1,320,0.9980000000000473,10.553999999999974,1,0.7
110,no_timeout,1,321,0.6220000000000709,4.253999999999905,0,0.7
110,no_timeout,1,322,0.05200000000002092,0.053999999999973625,0,0.7
110,no_timeout,1,323,0.3320000000001073,2.3379999999999654,0,0.7
110,no_timeout,1,324,1.1920000000000073,5.754000000000019,1,0.7
110,no_timeout,1,325,0.7719999999999345,4.553999999999974,1,0.7
110,no_timeout,1,326,0.22200000000009368,6.701999999999998,0,0.7
110,no_timeout,1,327,0.58199999999988,0.6940000000001874,0,0.7
110,no_timeout,1,328,0.08999999999991815,0.31199999999989814,0,0.7
110,no_timeout,1,329,0.20199999999999818,0.08000000000015461,0,0.7
110,no_timeout,1,330,0.8619999999998527,3.484000000000151,1,0.7
110,no_timeout,1,331,0.66599999999994,3.6620000000000346,0,0.7
110,no_timeout,1,332,1.05600000000004,0.057999999999992724,1,0.7
110,no_timeout,1,333,0.2400000000000091,2.931999999999789,0,0.7
110,no_timeout,1,334,0.6360000000001946,0.2739999999998872,0,0.7
110,no_timeout,1,335,0.30600000000004,2.8640000000000327,0,0.7
110,no_timeout,1,336,0.16999999999984539,0.0500000000001819,0,0.7
110,no_timeout,1,337,0.36799999999993815,0.15799999999990177,0,0.7
110,no_timeout,1,338,1.2800000000002,0.4819999999999709,1,0.7
110,no_timeout,1,339,0.06999999999993634,3.9559999999999036,0,0.7
110,no_timeout,1,340,0.7740000000001146,5.3940000000000055,1,0.7
110,no_timeout,1,341,1.740000000000009,5.402000000000044,1,0.7
110,no_timeout,1,342,0.7779999999997926,5.822000000000116,1,0.7
110,no_timeout,1,343,1.9519999999999982,7.501999999999953,1,0.8
110,no_timeout,1,344,0.23400000000015098,0.05399999999985994,0,0.8
110,no_timeout,1,345,0.09400000000005093,1.0699999999999363,0,0.8
110,no_timeout,1,346,0.8679999999999382,3.6560000000001764,1,0.8
110,no_timeout,1,347,0.7439999999999145,0.599999999999909,0,0.8
110,no_timeout,1,348,0.6860000000001492,2.3619999999998527,0,0.8
110,no_timeout,1,349,0.09200000000009823,0.05999999999994543,0,0.8
110,no_timeout,1,350,0.13599999999996726,2.188000000000102,0,0.8
110,no_timeout,1,351,0.2819999999999254,0.026000000000067303,0,0.8
110,no_timeout,1,352,0.2760000000000673,0.2980000000000018,0,0.8
110,no_timeout,1,353,0.15999999999985448,0.2680000000000291,0,0.8
110,no_timeout,1,354,0.20000000000004547,2.3659999999999854,0,0.8
110,no_timeout,1,355,0.4780000000000655,0.11199999999985266,0,0.8
110,no_timeout,1,356,0.5360000000000582,1.0920000000000982,0,0.8
110,no_timeout,1,357,0.38400000000001455,0.09399999999982356,0,0.8
110,no_timeout,1,358,1.1440000000000055,4.520000000000209,1,0.8
110,no_timeout,1,359,0.03199999999992542,2.1959999999999127,0,0.8
110,no_timeout,1,360,0.4940000000001419,0.459999999999809,0,0.8
110,no_timeout,1,361,0.8760000000002037,0.06799999999998363,1,0.8
110,no_timeout,1,362,0.13999999999987267,5.347999999999956,0,0.8
110,no_timeout,1,363,0.6040000000000418,0.07400000000006912,0,0.8
110,no_timeout,1,364,0.026000000000067303,0.30399999999985994,0,0.8
110,no_timeout,1,365,0.18800000000010186,1.8840000000000146,0,0.8
110,no_timeout,1,366,0.15999999999985448,0.21199999999998909,0,0.8
110,no_timeout,1,367,0.20000000000004547,4.953999999999951,0,0.8
110,no_timeout,1,368,0.8260000000000218,6.264000000000124,1,0.8
110,no_timeout,1,369,0.5259999999998399,0.19000000000005457,0,0.8
110,no_timeout,1,370,0.3160000000000309,1.8900000000001,0,0.8
110,no_timeout,1,371,0.9619999999999891,4.071999999999889,1,0.8
110,no_timeout,1,372,0.7180000000000746,1.5879999999999654,0,0.8
110,no_timeout,1,373,1.5360000000000582,0.09400000000005093,1,0.8
110,no_timeout,1,374,0.049999999999954525,5.563999999999851,0,0.8
110,no_timeout,1,375,0.38800000000014734,0.18200000000001637,0,0.8
110,no_timeout,1,376,0.36400000000003274,0.03999999999996362,0,0.8
110,no_timeout,1,377,0.5519999999999072,0.33799999999996544,0,0.8
110,no_timeout,1,378,1.47400000000016,8.713999999999942,1,0.8
110,no_timeout,1,379,0.34999999999990905,6.130000000000109,0,0.8
110,no_timeout,1,380,0.11999999999989086,0.37200000000007094,0,0.8
110,no_timeout,1,381,0.07600000000002183,0.02800000000002001,0,0.8
110,no_timeout,1,382,0.6879999999998745,0.5740000000000691,0,0.8
110,no_timeout,1,383,0.6700000000000728,0.10399999999981446,0,0.8
110,no_timeout,1,384,0.6260000000002037,2.841999999999871,0,0.8
110,no_timeout,1,385,0.12799999999992906,4.380000000000109,0,0.8
110,no_timeout,1,386,0.4179999999998927,0.10400000000004184,0,0.8
110,no_timeout,1,387,0.22800000000006548,0.09600000000000364,0,0.8
110,no_timeout,1,388,0.37200000000007094,0.07399999999984175,0,0.8
110,no_timeout,1,389,0.05400000000008731,3.9859999999998763,0,0.8
110,no_timeout,1,390,0.08600000000001273,0.13600000000019463,0,0.8
110,no_timeout,1,391,0.7959999999998217,0.18399999999996908,0,0.8
110,no_timeout,1,392,0.3120000000001255,0.8599999999999,0,0.8
110,no_timeout,1,393,0.3320000000001073,2.147999999999911,0,0.8
110,no_timeout,1,394,0.2519999999999527,0.3300000000001546,0,0.8
110,no_timeout,1,395,0.5,0.31399999999985084,0,0.8
110,no_timeout,1,396,0.5740000000000691,7.162000000000035,0,0.8
110,no_timeout,1,397,0.4780000000000655,0.4339999999999691,0,0.8
110,no_timeout,1,398,0.2860000000000582,0.9079999999999018,0,0.8
110,no_timeout,1,399,0.4919999999999618,2.5219999999999345,0,0.8
110,no_timeout,1,400,0.8260000000000218,11.46400000000017,1,0.8
110,no_timeout,1,401,0.07999999999992724,0.026000000000067303,0,0.8
110,no_timeout,1,402,0.4859999999998763,0.6440000000000055,0,0.8
110,no_timeout,1,403,0.16000000000008185,3.7180000000000746,0,0.8
110,no_timeout,1,404,0.2459999999998672,1.0599999999999454,0,0.8
110,no_timeout,1,405,1.1100000000001273,15.371999999999844,1,0.8
110,no_timeout,1,406,0.7720000000001619,2.3179999999999836,0,0.8
110,no_timeout,1,407,0.4939999999999145,0.2799999999999727,0,0.8
110,no_timeout,1,408,1.6440000000000055,6.412000000000035,1,0.8
110,no_timeout,1,409,0.6620000000000346,4.491999999999962,0,0.8
110,no_timeout,1,410,0.06200000000012551,0.029999999999972715,0,0.8
110,no_timeout,1,411,0.8119999999998981,7.433999999999969,1,0.8
110,no_timeout,1,412,0.19200000000000728,0.22800000000006548,0,0.8
110,no_timeout,1,413,0.044000000000096406,0.055999999999812644,0,0.8
110,no_timeout,1,414,0.6220000000000709,0.7719999999999345,0,0.8
110,no_timeout,1,415,0.19600000000014006,0.30600000000004,0,0.8
110,no_timeout,1,416,0.4759999999998854,0.10400000000004184,0,0.8
110,no_timeout,1,417,0.22800000000006548,7.917999999999893,0,0.8
110,no_timeout,1,418,0.849999999999909,4.568000000000211,1,0.8
110,no_timeout,1,419,0.47199999999998,2.2519999999999527,0,0.8
110,no_timeout,1,420,0.8140000000000782,4.857999999999947,1,0.8
110,no_timeout,1,421,0.2799999999999727,0.9880000000000564,0,0.8
110,no_timeout,1,422,0.38999999999987267,0.03600000000005821,0,0.8
110,no_timeout,1,423,0.2960000000000491,8.70399999999995,0,0.8
110,no_timeout,1,424,1.0019999999999527,5.824000000000069,1,0.8
110,no_timeout,1,425,0.07999999999992724,0.038000000000010914,0,0.8
110,no_timeout,1,426,0.6880000000001019,0.5499999999999545,0,0.8
110,no_timeout,1,427,0.5260000000000673,0.06399999999985084,0,0.8
110,no_timeout,1,428,0.52800000000002,5.77800000000002,0,0.8
110,no_timeout,1,429,0.6679999999998927,0.06600000000003092,0,0.8
110,no_timeout,1,430,0.8020000000001346,24.069999999999936,1,0.8
110,no_timeout,1,431,0.4760000000001128,21.067999999999984,0,0.8
110,no_timeout,1,432,0.849999999999909,12.905999999999949,1,0.8
110,no_timeout,1,433,1.0019999999999527,3.316000000000031,1,0.8
110,no_timeout,1,434,0.40200000000004366,0.10599999999999454,0,0.8
110,no_timeout,1,435,0.2980000000000018,0.7100000000000364,0,0.8
110,no_timeout,1,436,0.9039999999999964,4.518000000000029,1,0.8
110,no_timeout,1,437,1.0579999999999927,4.6059999999999945,1,0.8
110,no_timeout,1,438,0.5679999999999836,0.4739999999999327,0,0.8
110,no_timeout,1,439,0.03999999999996362,0.0500000000001819,0,0.8
110,no_timeout,1,440,0.7279999999998381,1.2980000000000018,0,0.8
110,no_timeout,1,441,0.6340000000000146,4.481999999999971,0,0.8
110,no_timeout,1,442,0.33400000000006,0.057999999999992724,0,0.8
110,no_timeout,1,443,0.6759999999999309,0.4680000000000746,0,0.8
110,no_timeout,1,444,0.30600000000004,0.05400000000008731,0,0.8
110,no_timeout,1,445,0.6079999999999472,1.3299999999999272,0,0.8
110,no_timeout,1,446,0.4600000000000364,20.233999999999924,0,0.8
110,no_timeout,1,447,0.9760000000001128,1.240000000000009,1,0.8
110,no_timeout,1,448,0.7419999999999618,1.08199999999988,0,0.8
110,no_timeout,1,449,0.8640000000000327,6.348000000000184,1,0.8
110,no_timeout,1,450,0.32999999999992724,0.05999999999994543,0,0.8
110,no_timeout,1,451,0.7480000000000473,3.4420000000000073,0,0.8
110,no_timeout,1,452,0.7079999999998563,0.6020000000000891,0,0.8
110,no_timeout,1,453,0.37000000000011823,0.05199999999990723,0,0.8
110,no_timeout,1,454,0.2919999999999163,2.5060000000000855,0,0.8
110,no_timeout,1,455,0.9380000000001019,0.04800000000000182,1,0.8
110,no_timeout,1,456,0.4379999999998745,4.587999999999965,0,0.8
110,no_timeout,1,457,1.522000000000162,0.06799999999998363,1,0.8
110,no_timeout,1,458,0.2899999999999636,3.5319999999999254,0,0.8
110,no_timeout,1,459,2.466000000000122,0.055999999999812644,1,0.8
110,no_timeout,1,460,0.16800000000012005,5.682000000000016,0,0.8
110,no_timeout,1,461,0.8199999999999363,5.807999999999993,1,0.8
110,no_timeout,1,462,0.42200000000002547,0.2539999999999054,0,0.8
110,no_timeout,1,463,0.9540000000001783,7.27800000000002,1,0.8
110,no_timeout,1,464,1.043999999999869,6.014000000000124,1,0.8
110,no_timeout,1,465,0.35999999999989996,2.589999999999918,0,0.8
110,no_timeout,1,466,0.9039999999999964,5.8840000000000146,1,0.8
110,no_timeout,1,467,1.0620000000001255,6.629999999999882,1,0.8
110,no_timeout,1,468,0.2460000000000946,0.2819999999999254,0,0.8
110,no_timeout,1,469,0.05400000000008731,0.09400000000005093,0,0.8
110,no_timeout,1,470,0.4459999999999127,1.933999999999969,0,0.8
110,no_timeout,1,471,0.30199999999990723,1.818000000000211,0,0.8
110,no_timeout,1,472,0.7459999999998672,0.5699999999999363,0,0.8
110,no_timeout,1,473,0.3400000000001455,0.8119999999998981,0,0.8
110,no_timeout,1,474,0.35599999999999454,0.05600000000004002,0,0.8
110,no_timeout,1,475,0.39200000000005275,2.6879999999998745,0,0.8
110,no_timeout,1,476,0.3120000000001255,0.5579999999999927,0,0.8
110,no_timeout,1,477,0.4980000000000473,2.8819999999998345,0,0.8
110,no_timeout,1,478,1.1159999999999854,5.052000000000135,1,0.8
110,no_timeout,1,479,0.4600000000000364,0.35599999999999454,0,0.8
110,no_timeout,1,480,1.0979999999999563,5.83400000000006,1,0.8
110,no_timeout,1,481,0.37599999999997635,2.08400000000006,0,0.8
110,no_timeout,1,482,0.39799999999991087,0.6299999999998818,0,0.8
110,no_timeout,1,483,1.0320000000001528,6.4099999999998545,1,0.8
110,no_timeout,1,484,0.5780000000002019,4.907999999999902,0,0.8
110,no_timeout,1,485,0.63799999999992,0.6600000000000819,0,0.8
110,no_timeout,1,486,0.8699999999998909,5.970000000000027,1,0.8
110,no_timeout,1,487,1.1880000000001019,6.597999999999956,1,0.8
110,no_timeout,1,488,0.6720000000000255,1.3279999999999745,0,0.8
110,no_timeout,1,489,1.3079999999999927,6.072000000000116,1,0.8
110,no_timeout,1,490,0.37599999999997635,0.34199999999987085,0,0.8
110,no_timeout,1,491,0.6440000000000055,0.7080000000000837,0,0.8
110,no_timeout,1,492,0.43000000000006366,0.4459999999999127,0,0.8
110,no_timeout,1,493,0.03399999999987813,0.8700000000001182,0,0.8
110,no_timeout,1,494,0.9539999999999509,7.314000000000078,1,0.8
110,no_timeout,1,495,1.1800000000000637,6.151999999999816,1,0.8
110,no_timeout,1,496,1.538000000000011,9.326000000000022,1,0.8
110,no_timeout,1,497,0.5599999999999454,0.6160000000002128,0,0.9
110,no_timeout,1,498,0.22999999999979082,0.10400000000004184,0,0.9
110,no_timeout,1,499,0.2880000000000109,3.0240000000001146,0,0.9
110,no_timeout,1,500,0.987999999999829,11.15800000000013,1,0.9
110,no_timeout,1,501,1.3240000000000691,7.015999999999849,1,0.9
110,no_timeout,1,502,1.0060000000000855,8.973999999999933,1,0.9
110,no_timeout,1,503,0.72199999999998,3.564000000000078,0,1.0
110,no_timeout,1,504,0.34799999999995634,0.3160000000000309,0,1.0
110,no_timeout,1,505,1.08199999999988,4.266000000000076,1,1.0
110,no_timeout,1,506,0.6739999999999782,1.5820000000001073,0,1.0
110,no_timeout,1,507,0.7919999999999163,0.6480000000001382,0,1.0
110,no_timeout,1,508,0.6979999999998654,3.0160000000000764,0,1.0
110,no_timeout,1,509,1.5579999999999927,7.27800000000002,1,1.0
110,no_timeout,1,510,0.7139999999999418,0.06400000000007822,0,1.0
110,no_timeout,1,511,0.2699999999999818,3.5839999999998327,0,1.0
110,no_timeout,1,512,0.928000000000111,2.324000000000069,0,1.0
110,no_timeout,1,513,1.7359999999998763,5.016000000000076,1,1.0
110,no_timeout,1,514,1.0160000000000764,7.63799999999992,1,1.0
110,no_timeout,1,515,0.69399999999996,1.2899999999999636,0,1.0
110,no_timeout,1,516,0.8160000000000309,0.6279999999999291,0,1.0
110,no_timeout,1,517,0.052000000000134605,0.13999999999987267,0,1.0
110,no_timeout,1,518,0.58400000000006,2.8980000000001382,0,1.0
110,no_timeout,1,519,0.8599999999999,0.5940000000000509,0,1.0
110,no_timeout,1,520,0.4779999999998381,1.9200000000000728,0,1.0
110,no_timeout,1,521,0.3140000000000782,0.07399999999984175,0,1.0
110,no_timeout,1,522,1.272000000000162,5.8659999999999854,1,1.0
110,no_timeout,1,523,0.2239999999999327,1.1179999999999382,0,1.0
110,no_timeout,1,524,0.2540000000001328,0.10999999999989996,0,1.0
110,no_timeout,1,525,1.009999999999991,5.173999999999978,1,1.0
110,no_timeout,1,526,0.5,0.9239999999999782,0,1.0
110,no_timeout,1,527,0.2460000000000946,0.044000000000096406,0,1.0
110,no_timeout,1,528,0.25,0.4739999999999327,0,1.0
110,no_timeout,1,529,0.09999999999990905,0.13800000000014734,0,1.0
110,no_timeout,1,530,0.2999999999999545,2.4980000000000473,0,1.0
110,no_timeout,1,531,0.2819999999999254,0.4919999999999618,0,1.0
110,no_timeout,1,532,0.22600000000011278,0.08600000000001273,0,1.0
110,no_timeout,1,533,0.8119999999998981,0.7560000000000855,0,1.0
110,no_timeout,1,534,0.12400000000002365,0.02599999999983993,0,1.0
110,no_timeout,1,535,0.37400000000002365,2.6700000000000728,0,1.0
110,no_timeout,1,536,0.2719999999999345,0.19600000000014006,0,1.0
110,no_timeout,1,537,0.06399999999985084,0.0420000000001437,0,1.0
110,no_timeout,1,538,0.2819999999999254,3.5,0,1.0
110,no_timeout,1,539,1.7080000000000837,0.6399999999998727,1,1.0
110,no_timeout,1,540,0.97199999999998,0.08600000000001273,0,1.0
110,no_timeout,1,541,0.4420000000000073,20.346000000000004,0,1.0
110,no_timeout,1,542,0.33799999999996544,0.03600000000005821,0,1.0
110,no_timeout,1,543,0.4960000000000946,0.5459999999998217,0,1.0
110,no_timeout,1,544,0.6460000000001855,5.237999999999829,0,1.0
110,no_timeout,1,545,1.372000000000071,45.80799999999999,1,1.0
110,no_timeout,1,546,0.2480000000000473,6.089999999999918,0,1.0
110,no_timeout,1,547,0.14599999999995816,0.8540000000000418,0,1.0
110,no_timeout,1,548,0.2560000000000855,0.12799999999992906,0,1.0
110,no_timeout,1,549,0.08400000000006003,116.24800000000005,0,1.0
110,no_timeout,1,550,0.265999999999849,30.09400000000005,0,1.0
110,no_timeout,1,551,0.8140000000000782,0.4359999999999218,0,1.0
110,no_timeout,1,552,0.22199999999998,2.05600000000004,0,1.0
110,no_timeout,1,553,0.39400000000000546,0.02800000000002001,0,1.0
110,no_timeout,1,554,0.5879999999999654,59.87200000000007,0,1.0
110,no_timeout,1,555,0.5239999999998872,1.4960000000000946,0,1.0
110,no_timeout,1,556,0.4959999999998672,0.13400000000001455,0,1.0
110,no_timeout,1,557,0.10400000000004184,4.1440000000000055,0,1.0
110,no_timeout,1,558,0.69399999999996,0.4900000000000091,0,1.0
110,no_timeout,1,559,0.4500000000000455,7.9939999999999145,0,1.0
110,no_timeout,1,560,0.2660000000000764,0.47200000000020736,0,1.0
110,no_timeout,1,561,0.2179999999998472,0.07799999999997453,0,1.0
110,no_timeout,1,562,1.0199999999999818,7.242000000000189,1,1.0
110,no_timeout,1,563,0.35599999999976717,0.17000000000007276,0,1.0
110,no_timeout,1,564,0.5219999999999345,1.1739999999999782,0,1.0
110,no_timeout,1,565,0.69399999999996,2.1640000000002146,0,1.0
110,no_timeout,1,566,0.8460000000000036,1.893999999999778,0,1.0
110,no_timeout,1,567,0.7260000000001128,5.557999999999993,0,1.0
110,no_timeout,1,568,0.4079999999999018,0.49000000000023647,0,1.0
110,no_timeout,1,569,0.22599999999965803,52.072000000000116,0,1.0
110,no_timeout,1,570,0.5960000000000036,3.3960000000001855,0,1.0
110,no_timeout,1,571,0.31599999999980355,0.07200000000011642,0,1.0
110,no_timeout,1,572,0.15399999999999636,3.231999999999971,0,1.0
110,no_timeout,1,573,0.7559999999998581,4.05600000000004,0,1.0
110,no_timeout,1,574,0.762000000000171,0.7139999999999418,0,1.0
110,no_timeout,1,575,0.15399999999999636,0.03999999999996362,0,1.0
110,no_timeout,1,576,0.7240000000001601,2.0,0,1.0
110,no_timeout,1,577,0.17799999999988358,1.0300000000002,0,1.0
110,no_timeout,1,578,0.6319999999996071,2.600000000000364,0,1.0
110,no_timeout,1,579,0.7399999999997817,10.36200000000008,0,1.0
110,no_timeout,1,580,0.7979999999997744,12.256000000000313,0,1.0
110,no_timeout,1,581,0.40399999999999636,2.0019999999999527,0,1.0
110,no_timeout,1,582,0.041999999999916326,0.06599999999980355,0,1.0
110,no_timeout,1,583,0.6820000000002437,0.9659999999998945,0,1.0
110,no_timeout,1,584,1.038000000000011,10.670000000000073,1,1.0
110,no_timeout,1,585,0.31599999999980355,1.75,0,1.0
110,no_timeout,1,586,0.09600000000000364,0.04800000000022919,0,1.0
110,no_timeout,1,587,1.1320000000000618,10.355999999999767,1,1.0
110,no_timeout,1,588,0.2940000000003238,0.6739999999999782,0,1.0
110,no_timeout,1,589,0.9079999999999018,1.0039999999999054,0,1.0
110,no_timeout,1,590,0.6860000000001492,3.19399999999996,0,1.0
110,no_timeout,1,591,0.8179999999997563,0.5599999999999454,0,1.0
110,no_timeout,1,592,1.0,9.320000000000164,0,1.0
110,no_timeout,1,593,0.9540000000001783,0.9539999999997235,0,1.0
110,no_timeout,1,594,0.5880000000001928,2.6520000000000437,0,1.0
110,no_timeout,1,595,0.2739999999998872,0.4639999999999418,0,1.0
110,no_timeout,1,596,0.5480000000002292,0.58199999999988,0,1.0
110,no_timeout,1,597,0.2019999999997708,0.13000000000010914,0,1.0
110,no_timeout,1,598,0.5720000000001164,0.5479999999997744,0,1.0
110,no_timeout,1,599,0.9460000000003674,12.009999999999764,0,1.0
110,no_timeout,1,600,0.2300000000000182,0.5960000000000036,0,1.0
110,no_timeout,1,601,0.7179999999998472,0.9700000000002547,0,1.0
110,no_timeout,1,602,0.9380000000001019,3.8659999999999854,0,1.0
110,no_timeout,1,603,0.181999999999789,0.39600000000018554,0,1.0
110,no_timeout,1,604,1.268000000000029,5.1159999999999854,1,1.0
110,no_timeout,1,605,0.38599999999996726,1.4800000000000182,0,1.0
110,no_timeout,1,606,1.288000000000011,4.911999999999807,1,1.0
110,no_timeout,1,607,0.5219999999999345,1.8279999999999745,0,1.0
110,no_timeout,1,608,1.1640000000002146,0.06799999999975626,1,1.0
110,no_timeout,1,609,0.524000000000342,11.225999999999658,0,1.0
110,no_timeout,1,610,0.10400000000026921,0.13200000000006185,0,1.0
110,no_timeout,1,611,0.041999999999916326,0.052000000000134605,0,1.0
110,no_timeout,1,612,1.1039999999998145,13.547999999999774,1,1.0
110,no_timeout,1,613,0.11599999999998545,0.20800000000008367,0,1.0
110,no_timeout,1,614,0.7539999999999054,3.9540000000001783,0,1.0
110,no_timeout,1,615,0.2539999999999054,0.05999999999994543,0,1.0
110,no_timeout,1,616,0.7880000000000109,2.382000000000062,0,1.0
110,no_timeout,1,617,0.21000000000003638,0.0660000000002583,0,1.0
110,no_timeout,1,618,0.38799999999991996,0.9760000000001128,0,1.0
110,no_timeout,1,619,0.8359999999997854,0.8440000000000509,0,1.0
110,no_timeout,1,620,0.03600000000005821,0.03999999999996362,0,1.0
110,no_timeout,1,621,0.55600000000004,3.35799999999972,0,1.0
110,no_timeout,1,622,0.9220000000000255,1.2080000000000837,0,1.0
110,no_timeout,1,623,0.10400000000026921,5.869999999999891,0,1.0
110,no_timeout,1,624,0.1979999999998654,2.9980000000000473,0,1.0
110,no_timeout,1,625,0.91800000000012,0.4980000000000473,0,1.0
110,no_timeout,1,626,1.0,0.07600000000002183,0,1.0
110,no_timeout,1,627,0.9839999999999236,0.40000000000009095,0,1.0
110,no_timeout,1,628,0.32199999999966167,0.13000000000010914,0,1.0
110,no_timeout,1,629,0.07600000000002183,0.09000000000014552,0,1.0
110,no_timeout,1,630,0.6479999999996835,6.114000000000033,0,1.0
110,no_timeout,1,631,0.5440000000003238,2.9779999999996107,0,1.0
110,no_timeout,1,632,0.86200000000008,1.8780000000001564,0,1.0
110,no_timeout,1,633,0.6460000000001855,0.07399999999961437,0,1.0
110,no_timeout,1,634,0.330000000000382,0.7099999999995816,0,1.0
110,no_timeout,1,635,0.5340000000001055,2.5720000000001164,0,1.0
110,no_timeout,1,636,0.6359999999999673,0.3079999999999927,0,1.0
110,no_timeout,1,637,0.5839999999998327,6.772000000000389,0,1.0
110,no_timeout,1,638,0.6239999999997963,0.6779999999998836,0,1.0
110,no_timeout,1,639,1.1200000000003456,4.869999999999891,1,1.0
110,no_timeout,1,640,0.2699999999999818,1.5960000000000036,0,1.0
110,no_timeout,1,641,0.36599999999998545,3.7840000000001055,0,1.0
110,no_timeout,1,642,0.06399999999985084,0.38999999999987267,0,1.0
110,no_timeout,1,643,1.0019999999999527,4.675999999999931,1,1.0
110,no_timeout,1,644,1.2980000000002292,6.230000000000018,1,1.0
110,no_timeout,1,645,0.1459999999997308,0.0500000000001819,0,1.0
110,no_timeout,1,646,0.038000000000010914,0.04599999999982174,0,1.0
110,no_timeout,1,647,0.9100000000003092,2.3539999999998145,0,1.0
110,no_timeout,1,648,0.22000000000025466,0.033999999999650754,0,1.0
110,no_timeout,1,649,0.5860000000002401,5.587999999999738,0,1.0
110,no_timeout,1,650,0.16200000000026193,0.2559999999998581,0,1.0
110,no_timeout,1,651,0.2539999999999054,0.10600000000022192,0,1.0
110,no_timeout,1,652,1.1239999999997963,5.350000000000364,1,1.0
110,no_timeout,1,653,0.20599999999967622,0.3340000000002874,0,1.0
110,no_timeout,1,654,0.9959999999996398,2.30600000000004,0,1.0
110,no_timeout,1,655,0.32999999999992724,0.03600000000005821,0,1.0
110,no_timeout,1,656,0.7800000000002001,0.650000000000091,0,1.0
110,no_timeout,1,657,0.06799999999975626,0.01999999999998181,0,1.0
110,no_timeout,1,658,0.6759999999999309,2.038000000000011,0,1.0
110,no_timeout,1,659,0.7119999999999891,0.5900000000001455,0,1.0
110,no_timeout,1,660,0.0860000000002401,1.75,0,1.0
110,no_timeout,1,661,0.05600000000004002,0.17399999999997817,0,1.0
110,no_timeout,1,662,0.3439999999995962,3.7140000000003965,0,1.0
110,no_timeout,1,663,0.8719999999998436,0.706000000000131,0,1.0
110,no_timeout,1,664,1.0679999999997563,10.244000000000142,1,1.0
110,no_timeout,1,665,0.37800000000015643,0.4219999999995707,0,1.0
110,no_timeout,1,666,1.2340000000003783,3.5459999999998217,1,1.0
110,no_timeout,1,667,0.8560000000002219,0.15599999999994907,0,1.0
110,no_timeout,1,668,1.3039999999996326,2.9600000000000364,1,1.0
110,no_timeout,1,669,1.6200000000003456,4.268000000000029,1,1.0
110,no_timeout,1,670,0.4899999999997817,0.10600000000022192,0,1.0
110,no_timeout,1,671,1.143999999999778,6.010000000000218,1,1.0
110,no_timeout,1,672,0.28199999999969805,0.20600000000013097,0,1.0
110,no_timeout,1,673,0.06799999999975626,0.018000000000029104,0,1.0
110,no_timeout,1,674,0.7780000000002474,0.07799999999997453,0,1.0
110,no_timeout,1,675,0.6459999999997308,0.49000000000023647,0,1.0
110,no_timeout,1,676,1.7579999999998108,26.244000000000142,1,1.0
110,no_timeout,1,677,0.8339999999998327,0.8320000000003347,0,1.0
110,no_timeout,1,678,0.05199999999967986,0.12400000000025102,0,1.0
110,no_timeout,1,679,0.0340000000001055,0.08399999999983265,0,1.0
110,no_timeout,1,680,0.5300000000002001,3.7599999999997635,0,1.0
110,no_timeout,1,681,0.068000000000211,0.02999999999974534,0,1.0
110,no_timeout,1,682,1.5799999999999272,69.87000000000035,1,1.0
110,no_timeout,1,683,0.1299999999996544,0.0820000000003347,0,1.0
110,no_timeout,1,684,0.6639999999997599,0.599999999999909,0,1.0
110,no_timeout,1,685,0.5799999999999272,3.9900000000002365,0,1.0
110,no_timeout,1,686,0.5619999999998981,9.44399999999996,0,1.0
110,no_timeout,1,687,1.274000000000342,5.237999999999829,1,1.0
110,no_timeout,1,688,0.2739999999998872,0.1959999999999127,0,1.0
110,no_timeout,1,689,0.8160000000002583,0.6359999999999673,0,1.0
110,no_timeout,1,690,0.2719999999999345,0.03999999999996362,0,1.0
110,no_timeout,1,691,0.650000000000091,8.476000000000113,0,1.0
110,no_timeout,1,692,0.24199999999973443,0.34400000000005093,0,1.0
110,no_timeout,1,693,1.4920000000001892,6.101999999999862,1,1.0
110,no_timeout,1,694,0.3000000000001819,1.0679999999997563,0,1.0
110,no_timeout,1,695,0.6720000000000255,0.11599999999998545,0,1.0
110,no_timeout,1,696,0.14400000000023283,3.467999999999847,0,1.0
110,no_timeout,1,697,0.22800000000006548,0.2339999999999236,0,1.0
110,no_timeout,1,698,0.08800000000019281,0.02599999999983993,0,1.0
110,no_timeout,1,699,0.8679999999999382,0.3760000000002037,0,1.0
110,no_timeout,1,700,0.9779999999996107,0.7720000000003893,0,1.0
110,no_timeout,1,701,0.6199999999998909,7.824000000000069,0,1.0
110,no_timeout,1,702,0.6079999999997199,15.33600000000024,0,1.0
110,no_timeout,1,703,0.1619999999998072,4.213999999999942,0,1.0
110,no_timeout,1,704,0.05600000000004002,2.0920000000000982,0,1.0
110,no_timeout,1,705,0.4859999999998763,0.32999999999992724,0,1.0
110,no_timeout,1,706,0.2480000000000473,40.488000000000284,0,1.0
110,no_timeout,1,707,0.2860000000000582,1.6119999999996253,0,1.0
110,no_timeout,1,708,0.5140000000001237,5.635999999999967,0,1.0
110,no_timeout,1,709,1.1280000000001564,0.12799999999970169,1,1.0
110,no_timeout,1,710,0.012000000000170985,0.09799999999995634,0,1.0
110,no_timeout,1,711,0.18000000000029104,5.617999999999938,0,1.0
110,no_timeout,1,712,0.02999999999974534,0.1959999999999127,0,1.0
110,no_timeout,1,713,0.5400000000004184,1.151999999999589,0,1.0
110,no_timeout,1,714,0.25,3.3900000000003274,0,1.0
110,no_timeout,1,715,0.9819999999999709,0.33599999999978536,0,1.0
110,no_timeout,1,716,0.16600000000016735,0.7660000000000764,0,1.0
110,no_timeout,1,717,0.3040000000000873,0.03599999999960346,0,1.0
110,no_timeout,1,718,0.8440000000000509,2.4760000000001128,0,1.0
110,no_timeout,1,719,0.61200000000008,6.873999999999796,0,1.0
110,no_timeout,1,720,1.16800000000012,5.648000000000138,1,1.0
110,no_timeout,1,721,0.09799999999995634,0.375999999999749,0,1.0
110,no_timeout,1,722,0.15399999999999636,1.1280000000001564,0,1.0
110,no_timeout,1,723,0.2319999999999709,0.03999999999996362,0,1.0
110,no_timeout,1,724,1.038000000000011,4.682000000000244,1,1.0
110,no_timeout,1,725,0.5099999999997635,0.39400000000023283,0,1.0
110,no_timeout,1,726,1.094000000000051,4.6039999999998145,1,1.0
110,no_timeout,1,727,0.5079999999998108,0.8279999999999745,0,1.0
110,no_timeout,1,728,0.9840000000003783,3.1140000000000327,0,1.0
110,no_timeout,1,729,1.5779999999999745,9.255999999999858,1,1.0
110,no_timeout,1,730,2.4719999999997526,5.173999999999978,1,1.0
110,no_timeout,1,731,0.2600000000002183,0.58199999999988,0,1.0
110,no_timeout,1,732,0.06199999999989814,0.02400000000034197,0,1.0
110,no_timeout,1,733,1.3799999999996544,6.456000000000131,1,1.0
110,no_timeout,1,734,1.1359999999999673,10.010000000000218,1,1.0
110,no_timeout,1,735,0.8800000000001091,0.7119999999999891,0,1.0
110,no_timeout,1,736,2.031999999999698,6.316000000000258,1,1.0
110,no_timeout,1,737,0.29999999999972715,0.20600000000013097,0,1.0
110,no_timeout,1,738,0.681999999999789,0.6620000000002619,0,1.0
110,no_timeout,1,739,1.3640000000000327,5.02599999999984,1,1.0
110,no_timeout,1,740,0.6300000000001091,0.33799999999973807,0,1.0
110,no_timeout,1,741,0.09000000000014552,1.0779999999999745,0,1.0
110,no_timeout,1,742,0.23800000000028376,0.03599999999960346,0,1.0
110,no_timeout,1,743,1.1760000000003856,5.101999999999862,1,1.0
110,no_timeout,1,744,1.19399999999996,6.344000000000051,1,1.0
110,no_timeout,1,745,1.431999999999789,0.19200000000000728,1,1.0
110,no_timeout,1,746,0.6920000000000073,0.874000000000251,0,1.1
110,no_timeout,1,747,1.5219999999999345,12.61200000000008,1,1.1
110,no_timeout,1,748,0.05199999999967986,0.19800000000032014,0,1.1
110,no_timeout,1,749,0.8939999999997781,0.8020000000001346,0,1.1
110,no_timeout,1,750,0.08199999999987995,0.026000000000294676,0,1.1
110,no_timeout,1,751,1.0099999999997635,1.2440000000001419,0,1.1
110,no_timeout,1,752,1.018000000000029,4.981999999999971,0,1.1
110,no_timeout,1,753,1.199999999999818,1.0280000000002474,1,1.1
110,no_timeout,1,754,1.1759999999999309,10.38000000000011,1,1.1
110,no_timeout,1,755,0.1619999999998072,0.08800000000019281,0,1.1
110,no_timeout,1,756,0.08599999999978536,0.41600000000016735,0,1.1
110,no_timeout,1,757,0.14399999999977808,0.028000000000247383,0,1.1
110,no_timeout,1,758,0.6559999999999491,0.13799999999991996,0,1.1
110,no_timeout,1,759,0.11200000000008004,0.9639999999999418,0,1.1
110,no_timeout,1,760,0.17599999999993088,0.25,0,1.1
110,no_timeout,1,761,0.40200000000004366,2.257999999999811,0,1.1
110,no_timeout,1,762,0.23600000000033106,0.6759999999999309,0,1.1
110,no_timeout,1,763,1.0059999999998581,1.0880000000001928,0,1.1
110,no_timeout,1,764,1.2219999999997526,8.296000000000276,1,1.1
110,no_timeout,1,765,0.06799999999975626,0.041999999999916326,0,1.1
110,no_timeout,1,766,1.0140000000001237,1.2860000000000582,0,1.1
110,no_timeout,1,767,0.2519999999999527,4.105999999999767,0,1.1
110,no_timeout,1,768,0.3400000000001455,0.03000000000020009,0,1.1
110,no_timeout,1,769,0.8739999999997963,2.61200000000008,0,1.1
110,no_timeout,1,770,0.431999999999789,0.6620000000002619,0,1.1
110,no_timeout,1,771,0.2539999999999054,3.9140000000002146,0,1.1
110,no_timeout,1,772,1.2239999999997053,3.882000000000062,1,1.1
110,no_timeout,1,773,0.38400000000001455,0.36599999999998545,0,1.1
110,no_timeout,1,774,0.028000000000247383,0.1499999999996362,0,1.1
110,no_timeout,1,775,0.41800000000012005,0.052000000000134605,0,1.1
110,no_timeout,1,776,0.2339999999999236,0.9540000000001783,0,1.1
110,no_timeout,1,777,0.03199999999969805,0.21199999999998909,0,1.1
110,no_timeout,1,778,0.9080000000003565,1.863999999999578,0,1.1
110,no_timeout,1,779,0.032000000000152795,0.5180000000000291,0,1.1
110,no_timeout,1,780,0.2800000000002001,2.2039999999997235,0,1.1
110,no_timeout,1,781,1.0199999999999818,1.512000000000171,0,1.1
110,no_timeout,1,782,2.0839999999998327,11.358000000000175,1,1.1
110,no_timeout,1,783,0.3919999999998254,0.6980000000003201,0,1.1
110,no_timeout,1,784,0.7979999999997744,4.458000000000084,0,1.1
110,no_timeout,1,785,0.4760000000001128,1.83199999999988,0,1.1
110,no_timeout,1,786,0.38999999999987267,0.3020000000001346,0,1.1
110,no_timeout,1,787,0.7979999999997744,0.5740000000000691,0,1.1
110,no_timeout,1,788,1.1320000000000618,5.72400000000016,1,1.1
110,no_timeout,1,789,0.7399999999997817,0.8859999999999673,0,1.1
110,no_timeout,1,790,0.6720000000000255,0.0500000000001819,0,1.1
110,no_timeout,1,791,1.55600000000004,6.321999999999662,1,1.1
110,no_timeout,1,792,0.24200000000018917,0.2739999999998872,0,1.1
110,no_timeout,1,793,1.2260000000001128,0.11999999999989086,1,1.1
110,no_timeout,1,794,0.06400000000030559,5.6340000000000146,0,1.1
110,no_timeout,1,795,0.6559999999999491,0.4639999999999418,0,1.1
110,no_timeout,1,796,1.1419999999998254,4.326000000000022,1,1.1
110,no_timeout,1,797,0.5260000000002947,0.12399999999979627,0,1.1
110,no_timeout,1,798,0.34400000000005093,0.4139999999997599,0,1.1
110,no_timeout,1,799,0.8780000000001564,0.7400000000002365,0,1.1
110,no_timeout,1,800,0.9939999999996871,2.0720000000001164,0,1.1
110,no_timeout,1,801,1.2899999999999636,,1,1.1
110,no_timeout,2,1,0.18000000000000327,2.763999999999996,0,1.1
110,no_timeout,2,2,0.09800000000000608,2.763999999999996,0,1.1
110,no_timeout,2,3,1.0799999999999983,15.564,0,1.1
110,no_timeout,2,4,0.6039999999999992,3.2620000000000005,0,1.1
110,no_timeout,2,5,0.45000000000000284,7.918000000000006,0,1.1
110,no_timeout,2,6,1.3319999999999936,4.087999999999994,1,1.1
110,no_timeout,2,7,0.10999999999999943,0.04200000000000159,0,1.1
110,no_timeout,2,8,1.2980000000000018,4.8500000000000085,1,1.1
110,no_timeout,2,9,0.24399999999999977,0.07399999999999807,0,1.1
110,no_timeout,2,10,0.8400000000000034,0.657999999999987,0,1.1
110,no_timeout,2,11,2.538000000000011,0.367999999999995,1,1.1
110,no_timeout,2,12,0.19599999999999795,3.2660000000000053,0,1.1
110,no_timeout,2,13,2.381999999999991,3.2080000000000126,1,1.1
110,no_timeout,2,14,1.2999999999999972,0.0660000000000025,1,1.1
110,no_timeout,2,15,0.35599999999999454,3.128,0,1.1
110,no_timeout,2,16,0.27599999999999625,0.1460000000000008,0,1.1
110,no_timeout,2,17,1.1039999999999992,3.9399999999999977,1,1.1
110,no_timeout,2,18,0.3640000000000043,0.284000000000006,0,1.1
110,no_timeout,2,19,1.573999999999998,2.3460000000000036,1,1.1
110,no_timeout,2,20,0.2219999999999942,0.07200000000000273,0,1.1
110,no_timeout,2,21,1.2560000000000002,0.02599999999999625,1,1.1
110,no_timeout,2,22,0.16400000000000148,2.486000000000004,0,1.1
110,no_timeout,2,23,0.2680000000000007,0.24399999999999977,0,1.1
110,no_timeout,2,24,1.3979999999999961,3.2560000000000002,1,1.1
110,no_timeout,2,25,1.2039999999999935,4.75800000000001,1,1.1
110,no_timeout,2,26,0.9719999999999942,0.1979999999999933,0,1.1
110,no_timeout,2,27,0.4240000000000066,0.3259999999999934,0,1.1
110,no_timeout,2,28,0.9640000000000128,0.07799999999998875,0,1.1
110,no_timeout,2,29,0.1280000000000001,0.7520000000000095,0,1.1
110,no_timeout,2,30,0.9939999999999998,2.3880000000000052,0,1.1
110,no_timeout,2,31,0.6239999999999952,2.2299999999999898,0,1.1
110,no_timeout,2,32,0.056000000000011596,0.030000000000001137,0,1.1
110,no_timeout,2,33,0.8839999999999861,0.08400000000000318,0,1.1
110,no_timeout,2,34,0.2880000000000109,0.539999999999992,0,1.1
110,no_timeout,2,35,1.078000000000003,0.6299999999999955,0,1.1
110,no_timeout,2,36,0.8799999999999955,1.7060000000000173,0,1.1
110,no_timeout,2,37,1.0959999999999752,8.888000000000005,0,1.1
110,no_timeout,2,38,0.19400000000001683,0.057999999999992724,0,1.1
110,no_timeout,2,39,0.036000000000001364,0.04599999999999227,0,1.1
110,no_timeout,2,40,0.6280000000000143,0.04200000000000159,0,1.1
110,no_timeout,2,41,0.02400000000000091,0.025999999999982037,0,1.1
110,no_timeout,2,42,0.21000000000000796,0.353999999999985,0,1.1
110,no_timeout,2,43,1.0800000000000125,0.2079999999999984,0,1.1
110,no_timeout,2,44,0.5459999999999923,0.03200000000001069,0,1.1
110,no_timeout,2,45,0.12000000000000455,0.603999999999985,0,1.1
110,no_timeout,2,46,1.171999999999997,3.302000000000021,1,1.1
110,no_timeout,2,47,0.17799999999999727,0.20199999999999818,0,1.1
110,no_timeout,2,48,0.8559999999999945,0.5500000000000114,0,1.1
110,no_timeout,2,49,1.5420000000000016,4.705999999999989,1,1.1
110,no_timeout,2,50,0.29400000000001114,0.17399999999997817,0,1.1
110,no_timeout,2,51,0.8240000000000123,0.10800000000000409,0,1.1
110,no_timeout,2,52,0.9399999999999977,0.14599999999998658,0,1.1
110,no_timeout,2,53,0.3780000000000143,0.18999999999999773,0,1.1
110,no_timeout,2,54,1.5579999999999927,0.10200000000000387,1,1.1
110,no_timeout,2,55,0.16200000000000614,6.906000000000006,0,1.1
110,no_timeout,2,56,0.17199999999999704,0.7800000000000011,0,1.1
110,no_timeout,2,57,0.6440000000000055,0.10599999999999454,0,1.1
110,no_timeout,2,58,0.07999999999998408,1.8619999999999948,0,1.1
110,no_timeout,2,59,0.7560000000000002,0.2920000000000016,0,1.1
110,no_timeout,2,60,1.608000000000004,0.040000000000020464,1,1.1
110,no_timeout,2,61,0.25,4.031999999999982,0,1.1
110,no_timeout,2,62,0.45400000000000773,0.11199999999999477,0,1.1
110,no_timeout,2,63,0.03999999999999204,0.33200000000002206,0,1.1
110,no_timeout,2,64,0.9119999999999777,1.2160000000000082,0,1.1
110,no_timeout,2,65,0.960000000000008,0.18999999999999773,0,1.1
110,no_timeout,2,66,0.5,4.289999999999992,0,1.1
110,no_timeout,2,67,0.10800000000000409,0.09200000000001296,0,1.1
110,no_timeout,2,68,0.08399999999997476,0.06200000000001182,0,1.1
110,no_timeout,2,69,0.6100000000000136,3.9599999999999795,0,1.1
110,no_timeout,2,70,0.9860000000000184,0.030000000000001137,0,1.1
110,no_timeout,2,71,0.06399999999999295,0.030000000000001137,0,1.1
110,no_timeout,2,72,0.27599999999998204,0.5700000000000216,0,1.1
110,no_timeout,2,73,1.2059999999999889,11.801999999999992,1,1.1
110,no_timeout,2,74,0.33600000000001273,0.15399999999999636,0,1.1
110,no_timeout,2,75,0.11199999999999477,0.2740000000000009,0,1.1
110,no_timeout,2,76,0.7180000000000177,0.6919999999999789,0,1.1
110,no_timeout,2,77,1.0900000000000034,0.30400000000000205,0,1.1
110,no_timeout,2,78,0.7839999999999918,2.3840000000000146,0,1.1
110,no_timeout,2,79,1.9120000000000061,0.027999999999991587,1,1.1
110,no_timeout,2,80,0.2599999999999909,6.700000000000017,0,1.1
110,no_timeout,2,81,0.24199999999999022,0.25200000000000955,0,1.1
110,no_timeout,2,82,0.789999999999992,0.3199999999999932,0,1.1
110,no_timeout,2,83,0.3160000000000025,0.2839999999999918,0,1.1
110,no_timeout,2,84,1.024000000000001,0.51400000000001,0,1.1
110,no_timeout,2,85,1.4099999999999966,6.858000000000004,1,1.1
110,no_timeout,2,86,0.5279999999999916,0.12600000000000477,0,1.1
110,no_timeout,2,87,1.1260000000000048,0.12999999999999545,1,1.1
110,no_timeout,2,88,1.1239999999999952,3.415999999999997,1,1.1
110,no_timeout,2,89,0.4819999999999993,0.6480000000000246,0,1.1
110,no_timeout,2,90,1.0819999999999936,1.3959999999999866,0,1.1
110,no_timeout,2,91,0.3259999999999934,0.22800000000000864,0,1.1
110,no_timeout,2,92,1.3160000000000025,2.025999999999982,1,1.1
110,no_timeout,2,93,0.8720000000000141,0.2839999999999918,0,1.1
110,no_timeout,2,94,1.9920000000000186,0.07600000000002183,1,1.1
110,no_timeout,2,95,0.18599999999997863,2.9320000000000164,0,1.1
110,no_timeout,2,96,1.7199999999999704,0.040000000000020464,1,1.1
110,no_timeout,2,97,0.6680000000000064,0.6299999999999955,0,1.1
110,no_timeout,2,98,1.075999999999965,0.040000000000020464,0,1.1
110,no_timeout,2,99,0.2559999999999718,0.34400000000005093,0,1.1
110,no_timeout,2,100,1.0499999999999545,0.46399999999999864,0,1.1
110,no_timeout,2,101,0.17600000000004457,0.5319999999999823,0,1.1
110,no_timeout,2,102,2.4320000000000164,8.858000000000004,1,1.1
110,no_timeout,2,103,2.0539999999999736,5.351999999999975,1,1.1
110,no_timeout,2,104,0.8520000000000323,0.06599999999997408,0,1.1
110,no_timeout,2,105,0.09200000000004138,0.32200000000000273,0,1.1
110,no_timeout,2,106,0.7899999999999636,0.23599999999999,0,1.1
110,no_timeout,2,107,0.896000000000015,0.6000000000000227,0,1.1
110,no_timeout,2,108,1.8240000000000123,6.849999999999966,1,1.1
110,no_timeout,2,109,0.8640000000000327,0.3499999999999659,0,1.1
110,no_timeout,2,110,1.0740000000000123,0.3860000000000241,0,1.1
110,no_timeout,2,111,0.3219999999999459,1.782000000000039,0,1.1
110,no_timeout,2,112,1.1959999999999695,0.10200000000003229,1,1.1
110,no_timeout,2,113,0.21399999999999864,3.3840000000000146,0,1.1
110,no_timeout,2,114,0.22999999999996135,0.7800000000000296,0,1.1
110,no_timeout,2,115,0.7199999999999704,0.98599999999999,0,1.1
110,no_timeout,2,116,0.1400000000000432,0.42399999999997817,0,1.1
110,no_timeout,2,117,0.6080000000000041,4.286000000000001,0,1.1
110,no_timeout,2,118,0.12599999999997635,0.2440000000000282,0,1.1
110,no_timeout,2,119,0.20799999999997,0.410000000000025,0,1.1
110,no_timeout,2,120,0.6899999999999977,2.1999999999999886,0,1.1
110,no_timeout,2,121,0.20199999999999818,0.16599999999999682,0,1.1
110,no_timeout,2,122,0.08400000000000318,0.038000000000010914,0,1.1
110,no_timeout,2,123,0.37999999999999545,16.232000000000028,0,1.1
110,no_timeout,2,124,0.561999999999955,0.15399999999999636,0,1.1
110,no_timeout,2,125,1.04200000000003,0.07999999999998408,0,1.1
110,no_timeout,2,126,0.16599999999999682,0.8940000000000055,0,1.1
110,no_timeout,2,127,0.9200000000000159,0.25,0,1.1
110,no_timeout,2,128,0.13400000000001455,0.21199999999998909,0,1.1
110,no_timeout,2,129,1.0639999999999645,0.6500000000000341,0,1.1
110,no_timeout,2,130,0.5720000000000027,0.7299999999999613,0,1.1
110,no_timeout,2,131,0.5540000000000305,0.1479999999999677,0,1.1
110,no_timeout,2,132,0.32600000000002183,0.7280000000000086,0,1.1
110,no_timeout,2,133,1.3700000000000045,6.73599999999999,1,1.1
110,no_timeout,2,134,1.8500000000000227,4.084000000000003,1,1.1
110,no_timeout,2,135,2.0919999999999845,3.8999999999999773,1,1.1
110,no_timeout,2,136,3.4700000000000273,2.613999999999976,1,1.2
110,no_timeout,2,137,2.1340000000000146,12.343999999999994,1,1.2
110,no_timeout,2,138,1.0620000000000118,0.029999999999972715,0,1.2
110,no_timeout,2,139,1.5500000000000114,2.877999999999986,1,1.2
110,no_timeout,2,140,0.6840000000000259,0.2400000000000091,0,1.2
110,no_timeout,2,141,2.1359999999999673,1.617999999999995,1,1.2
110,no_timeout,2,142,4.156000000000006,0.06999999999999318,1,1.2
110,no_timeout,2,143,0.19400000000001683,3.406000000000006,0,1.2
110,no_timeout,2,144,1.2699999999999818,0.02800000000002001,1,1.2
110,no_timeout,2,145,0.2400000000000091,2.9080000000000155,0,1.2
110,no_timeout,2,146,1.335999999999956,0.1500000000000341,1,1.2
110,no_timeout,2,147,0.1519999999999868,2.6499999999999773,0,1.2
110,no_timeout,2,148,4.518000000000029,2.156000000000006,1,1.2
110,no_timeout,2,149,1.5559999999999832,3.504000000000019,1,1.2
110,no_timeout,2,150,3.9119999999999777,3.3799999999999955,1,1.2
110,no_timeout,2,151,1.396000000000015,0.05000000000001137,1,1.2
110,no_timeout,2,152,1.0059999999999718,3.4639999999999986,0,1.2
110,no_timeout,2,153,3.437999999999988,5.610000000000014,1,1.2
110,no_timeout,2,154,0.3720000000000141,0.08999999999997499,0,1.2
110,no_timeout,2,155,3.004000000000019,5.245999999999981,1,1.2
110,no_timeout,2,156,0.060000000000002274,0.4440000000000168,0,1.2
110,no_timeout,2,157,1.3000000000000114,6.7900000000000205,1,1.2
110,no_timeout,2,158,2.263999999999953,7.2660000000000196,1,1.2
110,no_timeout,2,159,1.3460000000000036,4.125999999999976,1,1.2
110,no_timeout,2,160,1.198000000000036,0.3779999999999859,0,1.2
110,no_timeout,2,161,0.7799999999999727,0.9940000000000282,0,1.2
110,no_timeout,2,162,1.315999999999974,0.07800000000003138,1,1.2
110,no_timeout,2,163,0.14999999999997726,4.334000000000003,0,1.2
110,no_timeout,2,164,2.533999999999992,5.114000000000033,1,1.2
110,no_timeout,2,165,0.18000000000000682,0.6959999999999695,0,1.2
110,no_timeout,2,166,0.8439999999999941,0.5160000000000196,0,1.2
110,no_timeout,2,167,1.6680000000000064,4.192000000000007,1,1.2
110,no_timeout,2,168,0.34799999999995634,0.1360000000000241,0,1.2
110,no_timeout,2,169,0.08999999999997499,0.24600000000003774,0,1.2
110,no_timeout,2,170,0.8559999999999945,0.12599999999997635,0,1.2
110,no_timeout,2,171,0.9800000000000182,5.643999999999949,0,1.2
110,no_timeout,2,172,0.5100000000001046,3.4839999999999236,0,1.2
110,no_timeout,2,173,0.2860000000000582,0.40800000000001546,0,1.2
110,no_timeout,2,174,0.5399999999999636,3.117999999999938,0,1.2
110,no_timeout,2,175,0.11400000000003274,0.31399999999996453,0,1.2
110,no_timeout,2,176,0.8600000000000136,0.7520000000000664,0,1.2
110,no_timeout,2,177,0.2880000000000109,0.09399999999993724,0,1.2
110,no_timeout,2,178,0.6460000000000719,12.531999999999925,0,1.2
110,no_timeout,2,179,0.4840000000000373,0.045999999999935426,0,1.2
110,no_timeout,2,180,0.08600000000001273,0.06600000000003092,0,1.2
110,no_timeout,2,181,1.9279999999999973,4.930000000000064,1,1.2
110,no_timeout,2,182,1.0619999999998981,0.17600000000004457,0,1.2
110,no_timeout,2,183,0.10199999999997544,0.4560000000000173,0,1.2
110,no_timeout,2,184,0.11599999999998545,0.01999999999998181,0,1.2
110,no_timeout,2,185,3.1860000000000355,5.1440000000000055,1,1.2
110,no_timeout,2,186,0.12800000000004275,0.20600000000001728,0,1.2
110,no_timeout,2,187,0.5019999999999527,0.09399999999993724,0,1.2
110,no_timeout,2,188,0.7160000000000082,0.14400000000000546,0,1.2
110,no_timeout,2,189,0.09400000000005093,0.44399999999996,0,1.2
110,no_timeout,2,190,1.4139999999999873,4.116000000000099,1,1.2
110,no_timeout,2,191,0.31799999999998363,0.62399999999991,0,1.2
110,no_timeout,2,192,0.21000000000003638,0.20199999999999818,0,1.2
110,no_timeout,2,193,0.6779999999999973,4.58400000000006,0,1.2
110,no_timeout,2,194,0.23599999999999,0.3020000000000209,0,1.2
110,no_timeout,2,195,0.5899999999999181,0.3240000000000691,0,1.2
110,no_timeout,2,196,0.049999999999954525,0.05200000000002092,0,1.2
110,no_timeout,2,197,0.8039999999999736,0.038000000000010914,0,1.2
110,no_timeout,2,198,0.5220000000000482,0.6419999999999391,0,1.2
110,no_timeout,2,199,0.4460000000000264,4.302000000000021,0,1.2
110,no_timeout,2,200,1.6680000000000064,0.35799999999994725,1,1.2
110,no_timeout,2,201,1.26400000000001,14.018000000000029,1,1.2
110,no_timeout,2,202,1.0359999999999445,0.16600000000005366,0,1.2
110,no_timeout,2,203,1.127999999999929,0.8660000000000991,0,1.2
110,no_timeout,2,204,1.3319999999999936,0.04399999999998272,1,1.2
110,no_timeout,2,205,0.72199999999998,0.5919999999999845,0,1.2
110,no_timeout,2,206,1.259999999999991,8.204000000000065,1,1.2
110,no_timeout,2,207,1.4079999999999018,9.416000000000054,1,1.2
110,no_timeout,2,208,1.0439999999999827,0.40399999999999636,0,1.2
110,no_timeout,2,209,1.2100000000000364,5.909999999999968,1,1.2
110,no_timeout,2,210,0.16800000000000637,0.5539999999999736,0,1.2
110,no_timeout,2,211,0.5480000000000018,0.7540000000000191,0,1.2
110,no_timeout,2,212,0.8220000000000027,0.5720000000000027,0,1.2
110,no_timeout,2,213,0.8780000000000427,17.559999999999945,0,1.2
110,no_timeout,2,214,0.04800000000000182,0.04200000000003001,0,1.2
110,no_timeout,2,215,0.8959999999999582,0.7340000000000373,0,1.2
110,no_timeout,2,216,1.0299999999999727,0.2400000000000091,0,1.2
110,no_timeout,2,217,0.17399999999997817,0.5400000000000773,0,1.2
110,no_timeout,2,218,0.07799999999997453,0.4779999999999518,0,1.2
110,no_timeout,2,219,0.5,6.614000000000033,0,1.2
110,no_timeout,2,220,0.7799999999999727,3.8920000000000528,0,1.2
110,no_timeout,2,221,0.17999999999994998,0.7240000000000464,0,1.2
110,no_timeout,2,222,0.18799999999998818,0.038000000000010914,0,1.2
110,no_timeout,2,223,1.3379999999999654,0.04600000000004911,1,1.2
110,no_timeout,2,224,0.21199999999998909,4.961999999999989,0,1.2
110,no_timeout,2,225,1.5919999999999845,0.04399999999998272,1,1.2
110,no_timeout,2,226,0.09400000000005093,6.837999999999965,0,1.2
110,no_timeout,2,227,0.6960000000000264,0.11000000000001364,0,1.2
110,no_timeout,2,228,0.92999999999995,1.1779999999999973,0,1.2
110,no_timeout,2,229,1.6040000000000418,0.3020000000000209,1,1.2
110,no_timeout,2,230,0.5439999999999827,0.5319999999999254,0,1.2
110,no_timeout,2,231,0.7040000000000646,1.8220000000000027,0,1.2
110,no_timeout,2,232,1.995999999999981,13.981999999999971,1,1.2
110,no_timeout,2,233,2.562000000000012,0.13999999999998636,1,1.2
110,no_timeout,2,234,0.34199999999998454,6.36200000000008,0,1.2
110,no_timeout,2,235,0.4219999999999118,0.19600000000002638,0,1.2
110,no_timeout,2,236,1.0159999999999627,0.4580000000000837,0,1.2
110,no_timeout,2,237,0.9039999999999964,0.2479999999999336,0,1.2
110,no_timeout,2,238,0.7980000000000018,0.6059999999999945,0,1.2
110,no_timeout,2,239,1.3100000000000591,13.021999999999935,1,1.2
110,no_timeout,2,240,1.0860000000000127,0.5660000000000309,0,1.2
110,no_timeout,2,241,0.11199999999996635,2.6639999999999873,0,1.2
110,no_timeout,2,242,0.33600000000001273,0.033999999999991815,0,1.2
110,no_timeout,2,243,3.788000000000011,15.804000000000087,1,1.2
110,no_timeout,2,244,1.8679999999999382,5.08400000000006,1,1.2
110,no_timeout,2,245,1.1119999999999663,0.21199999999998909,0,1.2
110,no_timeout,2,246,1.2999999999999545,20.512000000000057,1,1.2
110,no_timeout,2,247,1.2160000000000082,6.237999999999943,1,1.2
110,no_timeout,2,248,0.2300000000000182,0.13800000000003365,0,1.2
110,no_timeout,2,249,1.41599999999994,5.012000000000057,1,1.2
110,no_timeout,2,250,0.8239999999999554,1.1399999999999864,0,1.2
110,no_timeout,2,251,1.3180000000000973,4.613999999999919,1,1.2
110,no_timeout,2,252,0.11400000000003274,0.40399999999999636,0,1.2
110,no_timeout,2,253,0.19000000000005457,0.5599999999999454,0,1.2
110,no_timeout,2,254,0.40200000000004366,2.725999999999999,0,1.2
110,no_timeout,2,255,0.2599999999999909,0.05200000000002092,0,1.2
110,no_timeout,2,256,0.5240000000000009,0.37999999999999545,0,1.2
110,no_timeout,2,257,0.4319999999999027,3.0579999999999927,0,1.2
110,no_timeout,2,258,0.15800000000001546,0.038000000000010914,0,1.2
110,no_timeout,2,259,0.5360000000000582,1.8039999999999736,0,1.2
110,no_timeout,2,260,1.3519999999999754,0.39600000000007185,1,1.2
110,no_timeout,2,261,1.0219999999999345,9.447999999999979,0,1.2
110,no_timeout,2,262,1.0760000000000218,6.274000000000001,0,1.2
110,no_timeout,2,263,1.0979999999999563,0.6140000000000327,0,1.2
110,no_timeout,2,264,0.8039999999999736,3.8360000000000127,0,1.2
110,no_timeout,2,265,0.8300000000000409,0.06799999999998363,0,1.2
110,no_timeout,2,266,2.1440000000000055,6.711999999999989,1,1.2
110,no_timeout,2,267,0.22199999999998,0.07600000000002183,0,1.2
110,no_timeout,2,268,1.231999999999971,0.14800000000002456,1,1.2
110,no_timeout,2,269,0.35199999999997544,14.036000000000058,0,1.2
110,no_timeout,2,270,0.2999999999999545,0.5320000000000391,0,1.2
110,no_timeout,2,271,0.7999999999999545,0.11000000000001364,0,1.2
110,no_timeout,2,272,0.7559999999999718,0.6280000000000427,0,1.2
110,no_timeout,2,273,1.58400000000006,0.07799999999997453,1,1.2
110,no_timeout,2,274,0.06600000000003092,5.787999999999897,0,1.2
110,no_timeout,2,275,0.20000000000004547,0.19399999999995998,0,1.2
110,no_timeout,2,276,0.38800000000003365,0.2519999999999527,0,1.2
110,no_timeout,2,277,1.90400000000011,5.329999999999927,1,1.2
110,no_timeout,2,278,0.04399999999998272,0.11800000000005184,0,1.2
110,no_timeout,2,279,0.44399999999996,0.22800000000006548,0,1.2
110,no_timeout,2,280,0.7319999999999709,0.21000000000003638,0,1.2
110,no_timeout,2,281,2.3940000000000055,5.057999999999993,1,1.2
110,no_timeout,2,282,0.5159999999999627,0.16599999999993997,0,1.2
110,no_timeout,2,283,0.7600000000001046,0.10599999999999454,0,1.2
110,no_timeout,2,284,0.7259999999999991,0.4899999999998954,0,1.2
110,no_timeout,2,285,0.9500000000000455,2.6259999999999764,0,1.2
110,no_timeout,2,286,0.04800000000000182,0.11000000000001364,0,1.2
110,no_timeout,2,287,0.11800000000005184,0.045999999999935426,0,1.2
110,no_timeout,2,288,0.13800000000003365,0.025999999999953616,0,1.2
110,no_timeout,2,289,0.84800000000007,0.37199999999995725,0,1.2
110,no_timeout,2,290,1.1460000000000719,0.6019999999999754,0,1.2
110,no_timeout,2,291,2.3500000000000227,10.16199999999992,1,1.2
110,no_timeout,2,292,1.29200000000003,4.51400000000001,1,1.2
110,no_timeout,2,293,0.6299999999999955,0.15999999999996817,0,1.2
110,no_timeout,2,294,1.4980000000000473,4.997999999999934,1,1.2
110,no_timeout,2,295,0.82000000000005,0.11799999999993815,0,1.2
110,no_timeout,2,296,0.5600000000000591,0.05200000000002092,0,1.2
110,no_timeout,2,297,0.11000000000001364,0.31999999999993634,0,1.2
110,no_timeout,2,298,0.09199999999998454,0.06200000000001182,0,1.2
110,no_timeout,2,299,0.9800000000000182,0.33799999999996544,0,1.2
110,no_timeout,2,300,0.02800000000002001,0.08800000000007913,0,1.2
110,no_timeout,2,301,0.2959999999999354,1.7699999999999818,0,1.2
110,no_timeout,2,302,1.98599999999999,0.09000000000003183,1,1.2
110,no_timeout,2,303,0.9940000000000282,0.5119999999999436,0,1.2
110,no_timeout,2,304,1.5960000000000036,8.58800000000008,1,1.2
110,no_timeout,2,305,2.4319999999999027,7.932000000000016,1,1.2
110,no_timeout,2,306,1.2040000000000646,8.92999999999995,1,1.2
110,no_timeout,2,307,0.41800000000000637,0.18200000000001637,0,1.2
110,no_timeout,2,308,0.7000000000000455,0.5459999999999354,0,1.2
110,no_timeout,2,309,0.8619999999999663,0.35000000000002274,0,1.2
110,no_timeout,2,310,1.2180000000000746,5.37399999999991,1,1.2
110,no_timeout,2,311,1.2220000000000937,0.04399999999998272,1,1.2
110,no_timeout,2,312,0.4660000000000082,3.5359999999999445,0,1.2
110,no_timeout,2,313,0.4800000000000182,0.08399999999994634,0,1.2
110,no_timeout,2,314,0.22200000000009368,0.2059999999999036,0,1.2
110,no_timeout,2,315,0.07200000000000273,0.04000000000007731,0,1.2
110,no_timeout,2,316,0.8239999999999554,0.43200000000001637,0,1.2
110,no_timeout,2,317,0.7599999999999909,2.132000000000062,0,1.2
110,no_timeout,2,318,0.23599999999999,0.09199999999998454,0,1.2
110,no_timeout,2,319,0.37400000000002365,0.41399999999998727,0,1.2
110,no_timeout,2,320,0.8379999999999654,1.1760000000000446,0,1.2
110,no_timeout,2,321,1.2039999999999509,6.97199999999998,1,1.2
110,no_timeout,2,322,0.33799999999996544,0.05000000000006821,0,1.2
110,no_timeout,2,323,1.73599999999999,4.562000000000012,1,1.2
110,no_timeout,2,324,2.7899999999999636,0.05600000000004002,1,1.2
110,no_timeout,2,325,0.013999999999896318,4.428000000000111,0,1.2
110,no_timeout,2,326,0.6420000000000528,0.10599999999999454,0,1.2
110,no_timeout,2,327,0.10399999999981446,0.02800000000002001,0,1.2
110,no_timeout,2,328,1.022000000000162,0.5779999999999745,0,1.2
110,no_timeout,2,329,2.769999999999982,4.75,1,1.2
110,no_timeout,2,330,0.4539999999999509,0.05199999999990723,0,1.2
110,no_timeout,2,331,0.2640000000001237,0.09200000000009823,0,1.2
110,no_timeout,2,332,0.6759999999999309,0.765999999999849,0,1.2
110,no_timeout,2,333,1.7540000000001328,4.903999999999996,1,1.2
110,no_timeout,2,334,2.6059999999999945,7.374000000000024,1,1.2
110,no_timeout,2,335,1.038000000000011,4.461999999999989,0,1.2
110,no_timeout,2,336,2.3859999999999673,3.3420000000000982,1,1.2
110,no_timeout,2,337,0.6999999999998181,0.0420000000001437,0,1.2
110,no_timeout,2,338,1.4179999999998927,3.150000000000091,1,1.2
110,no_timeout,2,339,1.2719999999999345,0.09999999999990905,1,1.2
110,no_timeout,2,340,1.3580000000001746,8.323999999999842,1,1.2
110,no_timeout,2,341,0.17800000000011096,0.11200000000008004,0,1.2
110,no_timeout,2,342,0.9039999999999964,0.10999999999989996,0,1.2
110,no_timeout,2,343,1.1240000000000236,0.5180000000000291,0,1.2
110,no_timeout,2,344,1.2719999999999345,0.13599999999996726,1,1.2
110,no_timeout,2,345,0.8780000000001564,0.5979999999999563,0,1.2
110,no_timeout,2,346,1.2039999999999509,10.122000000000071,1,1.2
110,no_timeout,2,347,1.2619999999999436,0.10799999999994725,1,1.2
110,no_timeout,2,348,0.2940000000000964,6.769999999999982,0,1.2
110,no_timeout,2,349,0.2559999999998581,0.2599999999999909,0,1.2
110,no_timeout,2,350,0.03000000000020009,0.09799999999995634,0,1.2
110,no_timeout,2,351,1.1900000000000546,3.19399999999996,0,1.2
110,no_timeout,2,352,0.6459999999999582,0.029999999999972715,0,1.2
110,no_timeout,2,353,1.7739999999998872,6.2120000000002165,1,1.2
110,no_timeout,2,354,0.39799999999991087,0.09600000000000364,0,1.2
110,no_timeout,2,355,0.14799999999991087,0.15600000000017644,0,1.2
110,no_timeout,2,356,1.8239999999998417,0.10200000000008913,1,1.2
110,no_timeout,2,357,0.08600000000001273,5.461999999999989,0,1.2
110,no_timeout,2,358,0.2999999999999545,0.12400000000002365,0,1.2
110,no_timeout,2,359,0.6679999999998927,42.60400000000004,0,1.2
110,no_timeout,2,360,0.6380000000001473,0.17599999999993088,0,1.2
110,no_timeout,2,361,0.5539999999998599,0.8260000000000218,0,1.2
110,no_timeout,2,362,1.5160000000000764,6.236000000000104,1,1.2
110,no_timeout,2,363,1.0299999999999727,0.5619999999998981,0,1.2
110,no_timeout,2,364,0.049999999999954525,0.03600000000005821,0,1.2
110,no_timeout,2,365,1.372000000000071,4.33400000000006,1,1.2
110,no_timeout,2,366,0.15999999999985448,0.6259999999999764,0,1.2
110,no_timeout,2,367,1.961999999999989,5.266000000000076,1,1.2
110,no_timeout,2,368,0.18599999999992178,0.19000000000005457,0,1.2
110,no_timeout,2,369,0.06200000000012551,0.10199999999986176,0,1.2
110,no_timeout,2,370,0.2380000000000564,0.03399999999987813,0,1.2
110,no_timeout,2,371,1.2320000000001983,0.09399999999982356,1,1.2
110,no_timeout,2,372,0.05600000000004002,7.0,0,1.2
110,no_timeout,2,373,1.2580000000000382,9.162000000000035,1,1.2
110,no_timeout,2,374,0.9839999999999236,0.9059999999999491,0,1.2
110,no_timeout,2,375,0.9800000000000182,0.7140000000001692,0,1.2
110,no_timeout,2,376,1.240000000000009,9.777999999999793,1,1.2
110,no_timeout,2,377,1.1300000000001091,0.5039999999999054,0,1.2
110,no_timeout,2,378,1.0779999999999745,0.8920000000000528,0,1.2
110,no_timeout,2,379,0.6580000000001291,1.02800000000002,0,1.2
110,no_timeout,2,380,0.4559999999999036,4.301999999999907,0,1.2
110,no_timeout,2,381,0.4700000000000273,1.4960000000000946,0,1.2
110,no_timeout,2,382,1.3240000000000691,6.557999999999993,1,1.2
110,no_timeout,2,383,0.2259999999998854,0.5879999999999654,0,1.2
110,no_timeout,2,384,1.4519999999999982,6.364000000000033,1,1.2
110,no_timeout,2,385,1.7860000000000582,5.824000000000069,1,1.2
110,no_timeout,2,386,0.5499999999999545,0.06199999999989814,0,1.2
110,no_timeout,2,387,0.10200000000008913,0.34999999999990905,0,1.2
110,no_timeout,2,388,1.4260000000001583,11.777999999999793,1,1.2
110,no_timeout,2,389,0.24200000000018917,0.10399999999981446,0,1.2
110,no_timeout,2,390,0.04800000000000182,0.07200000000011642,0,1.2
110,no_timeout,2,391,1.2439999999999145,10.577999999999975,1,1.2
110,no_timeout,2,392,0.7080000000000837,0.7880000000000109,0,1.2
110,no_timeout,2,393,0.2300000000000182,0.2159999999998945,0,1.2
110,no_timeout,2,394,1.461999999999989,9.509999999999991,1,1.2
110,no_timeout,2,395,0.23600000000010368,0.22600000000011278,0,1.2
110,no_timeout,2,396,1.2679999999998017,7.8960000000001855,1,1.2
110,no_timeout,2,397,0.7459999999998672,0.13000000000010914,0,1.2
110,no_timeout,2,398,2.127999999999929,12.728000000000065,1,1.2
110,no_timeout,2,399,0.265999999999849,0.06400000000007822,0,1.2
110,no_timeout,2,400,0.2880000000000109,0.34999999999990905,0,1.2
110,no_timeout,2,401,1.3800000000001091,7.761999999999944,1,1.2
110,no_timeout,2,402,0.16200000000003456,0.2819999999999254,0,1.2
110,no_timeout,2,403,1.0700000000001637,0.91599999999994,0,1.2
110,no_timeout,2,404,1.5799999999999272,12.251999999999953,1,1.2
110,no_timeout,2,405,0.7240000000001601,0.15999999999985448,0,1.2
110,no_timeout,2,406,1.7760000000000673,9.20399999999995,1,1.2
110,no_timeout,2,407,0.7860000000000582,0.22199999999998,0,1.2
110,no_timeout,2,408,0.9320000000000164,0.5879999999999654,0,1.2
110,no_timeout,2,409,1.2980000000000018,0.2139999999999418,1,1.2
110,no_timeout,2,410,0.03600000000005821,8.559999999999945,0,1.2
110,no_timeout,2,411,2.8960000000001855,6.361999999999853,1,1.2
110,no_timeout,2,412,0.11200000000008004,0.4759999999998854,0,1.2
110,no_timeout,2,413,1.6340000000000146,11.403999999999996,1,1.2
110,no_timeout,2,414,0.5020000000001801,0.09999999999990905,0,1.2
110,no_timeout,2,415,0.9819999999999709,0.2460000000000946,0,1.2
110,no_timeout,2,416,0.6920000000000073,0.4199999999998454,0,1.2
110,no_timeout,2,417,0.9540000000001783,0.8119999999998981,0,1.2
110,no_timeout,2,418,1.7180000000000746,0.14599999999995816,1,1.2
110,no_timeout,2,419,0.08600000000001273,8.817999999999984,0,1.2
110,no_timeout,2,420,0.2459999999998672,0.17000000000007276,0,1.2
110,no_timeout,2,421,1.1639999999999873,0.6400000000001,0,1.2
110,no_timeout,2,422,1.19399999999996,0.69399999999996,0,1.2
110,no_timeout,2,423,1.0779999999999745,1.2300000000000182,0,1.2
110,no_timeout,2,424,0.5899999999999181,0.18400000000019645,0,1.2
110,no_timeout,2,425,0.72199999999998,2.5319999999999254,0,1.2
110,no_timeout,2,426,1.1980000000000928,0.6639999999999873,0,1.2
110,no_timeout,2,427,1.2739999999998872,8.326000000000022,1,1.2
110,no_timeout,2,428,0.14799999999991087,0.4980000000000473,0,1.2
110,no_timeout,2,429,0.8940000000000055,0.4600000000000364,0,1.2
110,no_timeout,2,430,1.1759999999999309,0.9239999999999782,0,1.2
110,no_timeout,2,431,1.4120000000000346,8.577999999999975,1,1.2
110,no_timeout,2,432,0.6520000000000437,0.13599999999996726,0,1.2
110,no_timeout,2,433,0.5940000000000509,0.30999999999994543,0,1.2
110,no_timeout,2,434,0.24400000000014188,0.9759999999998854,0,1.2
110,no_timeout,2,435,1.344000000000051,0.12000000000011823,1,1.2
110,no_timeout,2,436,0.13999999999987267,13.799999999999955,0,1.2
110,no_timeout,2,437,0.43800000000010186,0.09400000000005093,0,1.2
110,no_timeout,2,438,0.9699999999997999,0.8540000000000418,0,1.2
110,no_timeout,2,439,1.44600000000014,9.635999999999967,1,1.2
110,no_timeout,2,440,7.601999999999862,12.75,1,1.2
110,no_timeout,2,441,1.428000000000111,17.687999999999874,1,1.2
110,no_timeout,2,442,1.4300000000000637,11.35200000000009,1,1.2
110,no_timeout,2,443,0.63799999999992,0.4580000000000837,0,1.2
110,no_timeout,2,444,1.80399999999986,9.680000000000064,1,1.2
110,no_timeout,2,445,1.3920000000000528,11.049999999999955,1,1.2
110,no_timeout,2,446,0.16800000000012005,12.67599999999993,0,1.2
110,no_timeout,2,447,1.2039999999999509,10.44399999999996,1,1.2
110,no_timeout,2,448,1.4640000000001692,7.955999999999904,1,1.2
110,no_timeout,2,449,0.7899999999999636,0.08400000000006003,0,1.2
110,no_timeout,2,450,0.07199999999988904,0.10200000000008913,0,1.2
110,no_timeout,2,451,0.2799999999999727,0.16000000000008185,0,1.2
110,no_timeout,2,452,1.1019999999998618,0.08799999999996544,0,1.2
110,no_timeout,2,453,0.5040000000001328,0.5899999999999181,0,1.2
110,no_timeout,2,454,1.2660000000000764,7.769999999999982,1,1.2
110,no_timeout,2,455,0.7259999999998854,0.45200000000022555,0,1.2
110,no_timeout,2,456,1.6079999999999472,13.051999999999907,1,1.2
110,no_timeout,2,457,1.8040000000000873,8.11999999999989,1,1.2
110,no_timeout,2,458,1.009999999999991,0.10800000000017462,0,1.2
110,no_timeout,2,459,0.10799999999994725,0.2839999999998781,0,1.2
110,no_timeout,2,460,1.316000000000031,6.675999999999931,1,1.2
110,no_timeout,2,461,0.928000000000111,0.14200000000005275,0,1.2
110,no_timeout,2,462,0.7039999999999509,0.9900000000000091,0,1.2
110,no_timeout,2,463,1.4400000000000546,8.871999999999844,1,1.2
110,no_timeout,2,464,4.150000000000091,8.730000000000018,1,1.2
110,no_timeout,2,465,0.22800000000006548,4.717999999999847,0,1.2
110,no_timeout,2,466,1.1240000000000236,0.8360000000000127,0,1.2
110,no_timeout,2,467,1.6200000000001182,6.589999999999918,1,1.2
110,no_timeout,2,468,0.2519999999999527,0.10000000000013642,0,1.2
110,no_timeout,2,469,0.2459999999998672,0.2460000000000946,0,1.2
110,no_timeout,2,470,1.0419999999999163,2.7180000000000746,0,1.2
110,no_timeout,2,471,1.2059999999999036,7.5340000000001055,1,1.2
110,no_timeout,2,472,1.0779999999999745,0.13400000000001455,0,1.2
110,no_timeout,2,473,0.06799999999998363,0.03600000000005821,0,1.2
110,no_timeout,2,474,1.3159999999998035,8.332000000000107,1,1.2
110,no_timeout,2,475,0.8599999999999,0.10200000000008913,0,1.2
110,no_timeout,2,476,0.2699999999999818,0.42000000000007276,0,1.2
110,no_timeout,2,477,1.6420000000000528,9.929999999999836,1,1.2
110,no_timeout,2,478,1.33400000000006,0.11599999999998545,1,1.2
110,no_timeout,2,479,0.16399999999998727,13.076000000000022,0,1.2
110,no_timeout,2,480,0.2400000000000091,0.16200000000003456,0,1.2
110,no_timeout,2,481,1.1599999999998545,0.5820000000001073,0,1.2
110,no_timeout,2,482,1.8379999999999654,7.298000000000002,1,1.2
110,no_timeout,2,483,1.7740000000001146,12.725999999999885,1,1.2
110,no_timeout,2,484,0.2560000000000855,0.3999999999998636,0,1.2
110,no_timeout,2,485,0.13000000000010914,0.06999999999993634,0,1.2
110,no_timeout,2,486,1.2160000000001219,10.55399999999986,1,1.2
110,no_timeout,2,487,2.72199999999998,11.610000000000127,1,1.2
110,no_timeout,2,488,0.22000000000002728,0.35999999999989996,0,1.2
110,no_timeout,2,489,1.206000000000131,10.659999999999854,1,1.2
110,no_timeout,2,490,1.2339999999999236,8.774000000000115,1,1.2
110,no_timeout,2,491,0.38000000000010914,0.9059999999999491,0,1.2
110,no_timeout,2,492,1.4139999999999873,6.711999999999989,1,1.2
110,no_timeout,2,493,0.6179999999999382,112.38599999999997,0,1.2
110,no_timeout,2,494,0.9680000000000746,5.011999999999944,0,1.2
110,no_timeout,2,495,0.4739999999999327,0.11800000000016553,0,1.2
110,no_timeout,2,496,0.14599999999995816,3.071999999999889,0,1.2
110,no_timeout,2,497,1.5,7.038000000000011,1,1.2
110,no_timeout,2,498,0.13000000000010914,0.16000000000008185,0,1.2
110,no_timeout,2,499,0.08199999999987995,0.049999999999954525,0,1.2
110,no_timeout,2,500,1.27800000000002,27.67800000000011,1,1.2
110,no_timeout,2,501,1.3759999999999764,6.104000000000042,1,1.2
110,no_timeout,2,502,0.2059999999999036,0.2599999999999909,0,1.2
110,no_timeout,2,503,1.05600000000004,0.7819999999999254,0,1.2
110,no_timeout,2,504,1.7460000000000946,5.6059999999999945,1,1.2
110,no_timeout,2,505,0.7539999999999054,0.08000000000015461,0,1.2
110,no_timeout,2,506,1.9099999999998545,7.9500000000000455,1,1.2
110,no_timeout,2,507,0.8040000000000873,0.02800000000002001,0,1.2
110,no_timeout,2,508,1.1059999999999945,0.8599999999999,0,1.2
110,no_timeout,2,509,1.2639999999998963,6.97400000000016,1,1.2
110,no_timeout,2,510,1.1199999999998909,1.1760000000001583,0,1.2
110,no_timeout,2,511,1.0299999999999727,1.1699999999998454,0,1.2
110,no_timeout,2,512,1.0779999999999745,24.395999999999958,0,1.2
110,no_timeout,2,513,0.13799999999991996,0.08800000000019281,0,1.2
110,no_timeout,2,514,1.2159999999998945,92.44800000000032,1,1.2
110,no_timeout,2,515,1.7059999999996762,13.423999999999978,1,1.2
110,no_timeout,2,516,0.3500000000003638,0.057999999999992724,0,1.2
110,no_timeout,2,517,2.5159999999996217,0.12800000000015643,1,1.2
110,no_timeout,2,518,0.11400000000003274,11.271999999999935,0,1.2
110,no_timeout,2,519,0.8339999999998327,0.052000000000134605,0,1.2
110,no_timeout,2,520,2.0039999999999054,10.302000000000135,1,1.2
110,no_timeout,2,521,0.4600000000000364,0.12399999999979627,0,1.2
110,no_timeout,2,522,0.04400000000032378,0.36799999999993815,0,1.2
110,no_timeout,2,523,0.4459999999999127,0.04599999999982174,0,1.2
110,no_timeout,2,524,1.1860000000001492,0.8360000000002401,0,1.2
110,no_timeout,2,525,1.3579999999997199,35.47200000000021,1,1.2
110,no_timeout,2,526,2.0799999999999272,9.146000000000186,1,1.2
110,no_timeout,2,527,0.5239999999998872,0.07400000000006912,0,1.2
110,no_timeout,2,528,1.7419999999997344,8.63000000000011,1,1.2
110,no_timeout,2,529,0.5,0.38400000000001455,0,1.2
110,no_timeout,2,530,1.1140000000000327,1.0679999999997563,0,1.2
110,no_timeout,2,531,1.3320000000003347,10.233999999999924,1,1.2
110,no_timeout,2,532,0.7519999999999527,0.5619999999998981,0,1.2
110,no_timeout,2,533,1.7780000000002474,8.617999999999938,1,1.2
110,no_timeout,2,534,0.7139999999999418,0.2860000000000582,0,1.2
110,no_timeout,2,535,0.1839999999997417,0.2640000000001237,0,1.2
110,no_timeout,2,536,1.47400000000016,12.243999999999687,1,1.2
110,no_timeout,2,537,1.042000000000371,0.58199999999988,0,1.2
110,no_timeout,2,538,1.7779999999997926,15.192000000000007,1,1.2
110,no_timeout,2,539,0.5419999999999163,0.7440000000001419,0,1.2
110,no_timeout,2,540,0.3540000000002692,0.4279999999998836,0,1.2
110,no_timeout,2,541,1.3020000000001346,8.085999999999785,1,1.2
110,no_timeout,2,542,1.4420000000000073,0.08199999999987995,1,1.2
110,no_timeout,2,543,0.16000000000030923,12.725999999999658,0,1.2
110,no_timeout,2,544,1.8720000000002983,0.13200000000006185,1,1.2
110,no_timeout,2,545,0.2880000000000109,15.401999999999589,0,1.2
110,no_timeout,2,546,2.72400000000016,37.6840000000002,1,1.2
110,no_timeout,2,547,2.08199999999988,9.047999999999774,1,1.2
110,no_timeout,2,548,2.206000000000131,9.097999999999956,1,1.2
110,no_timeout,2,549,0.6220000000002983,0.1519999999995889,0,1.2
110,no_timeout,2,550,1.2200000000002547,220.88799999999992,1,1.2
110,no_timeout,2,551,0.7579999999998108,64.66800000000012,0,1.2
110,no_timeout,2,552,1.3980000000001382,11.858000000000175,1,1.2
110,no_timeout,2,553,0.363999999999578,8.878000000000156,0,1.2
110,no_timeout,2,554,1.262000000000171,16.52599999999984,1,1.2
110,no_timeout,2,555,0.9659999999998945,2.981999999999971,0,1.2
110,no_timeout,2,556,2.11200000000008,18.36200000000008,1,1.2
110,no_timeout,2,557,1.3719999999998436,12.640000000000327,1,1.2
110,no_timeout,2,558,1.1779999999998836,4.710000000000036,0,1.2
110,no_timeout,2,559,1.8400000000001455,0.28599999999960346,1,1.2
110,no_timeout,2,560,0.0860000000002401,964.2199999999998,0,1.2
110,no_timeout,2,561,1.4140000000002146,20.759999999999764,1,1.2
110,no_timeout,2,562,0.44800000000032014,0.08599999999978536,0,1.2
110,no_timeout,2,563,0.4079999999999018,0.3520000000003165,0,1.2
110,no_timeout,2,564,1.0339999999996508,3.2380000000002838,0,1.2
110,no_timeout,2,565,2.3279999999999745,15.632000000000062,1,1.2
110,no_timeout,2,566,0.8859999999999673,0.05999999999994543,0,1.2
110,no_timeout,2,567,0.17000000000007276,1.1340000000000146,0,1.2
110,no_timeout,2,568,0.9379999999996471,1.4520000000002256,0,1.2
110,no_timeout,2,569,1.5659999999998035,11.926000000000386,1,1.2
110,no_timeout,2,570,0.5539999999996326,0.3200000000001637,0,1.2
110,no_timeout,2,571,1.0859999999997854,14.182000000000244,0,1.2
110,no_timeout,2,572,1.6340000000000146,12.659999999999854,1,1.2
110,no_timeout,2,573,0.10800000000017462,0.42399999999997817,0,1.2
110,no_timeout,2,574,0.6639999999997599,1.3020000000001346,0,1.2
110,no_timeout,2,575,0.9960000000000946,0.07600000000002183,0,1.2
110,no_timeout,2,576,0.6079999999997199,8.964000000000397,0,1.2
110,no_timeout,2,577,0.4819999999999709,0.04599999999982174,0,1.2
110,no_timeout,2,578,0.7020000000002256,0.08199999999987995,0,1.2
110,no_timeout,2,579,0.9719999999997526,0.8720000000002983,0,1.2
110,no_timeout,2,580,2.4279999999998836,22.98799999999983,1,1.2
110,no_timeout,2,581,2.262000000000171,7.855999999999767,1,1.2
110,no_timeout,2,582,1.8400000000001455,27.023999999999887,1,1.2
110,no_timeout,2,583,1.7960000000002765,26.27599999999984,1,1.2
110,no_timeout,2,584,1.2080000000000837,10.36999999999989,1,1.2
110,no_timeout,2,585,2.4720000000002074,10.217999999999847,1,1.2
110,no_timeout,2,586,0.5520000000001346,0.2039999999997235,0,1.2
110,no_timeout,2,587,1.098000000000411,0.20799999999962893,0,1.2
110,no_timeout,2,588,0.9320000000002437,0.8779999999997017,0,1.2
110,no_timeout,2,589,0.10800000000017462,0.09400000000005093,0,1.2
110,no_timeout,2,590,1.8800000000001091,11.871999999999844,1,1.2
110,no_timeout,2,591,2.6840000000001965,11.983999999999924,1,1.2
110,no_timeout,2,592,0.13999999999987267,1.7699999999999818,0,1.2
110,no_timeout,2,593,0.44000000000005457,0.3580000000001746,0,1.2
110,no_timeout,2,594,0.08399999999983265,0.36200000000008004,0,1.2
110,no_timeout,2,595,1.6579999999999018,8.326000000000022,1,1.2
110,no_timeout,2,596,2.3919999999998254,15.559999999999945,1,1.2
110,no_timeout,2,597,1.5220000000003893,16.179999999999836,1,1.2
110,no_timeout,2,598,2.019999999999982,9.043999999999869,1,1.2
110,no_timeout,2,599,1.8859999999999673,10.438000000000102,1,1.2
110,no_timeout,2,600,0.680000000000291,0.14800000000013824,0,1.2
110,no_timeout,2,601,0.3819999999996071,0.6679999999996653,0,1.2
110,no_timeout,2,602,1.292000000000371,7.399999999999636,1,1.2
110,no_timeout,2,603,1.9180000000005748,8.737999999999374,1,1.2
110,no_timeout,2,604,2.6500000000005457,8.478000000000065,1,1.2
110,no_timeout,2,605,1.699999999999818,5.9780000000000655,1,1.2
110,no_timeout,2,606,2.1580000000003565,6.959999999999127,1,1.2
110,no_timeout,2,607,0.03600000000005821,0.3900000000003274,0,1.2
110,no_timeout,2,608,1.2600000000002183,11.497999999999593,1,1.2
110,no_timeout,2,609,0.5320000000001528,0.6279999999997017,0,1.2
110,no_timeout,2,610,0.6720000000004802,1.1880000000001019,0,1.2
110,no_timeout,2,611,1.6599999999998545,11.055999999999585,1,1.2
110,no_timeout,2,612,1.7719999999999345,6.372000000000298,1,1.2
110,no_timeout,2,613,0.5380000000004657,0.28399999999965075,0,1.2
110,no_timeout,2,614,1.4160000000001673,8.707999999999629,1,1.2
110,no_timeout,2,615,2.680000000000291,9.457999999999629,1,1.2
110,no_timeout,2,616,1.868000000000393,24.81999999999971,1,1.2
110,no_timeout,2,617,1.3659999999999854,11.064000000000306,1,1.2
110,no_timeout,2,618,0.6319999999996071,0.5880000000006476,0,1.2
110,no_timeout,2,619,1.4600000000000364,7.381999999999607,1,1.2
110,no_timeout,2,620,0.5900000000001455,0.033999999999650754,0,1.2
110,no_timeout,2,621,2.186000000000604,7.631999999999607,1,1.2
110,no_timeout,2,622,1.8519999999998618,7.5460000000002765,1,1.2
110,no_timeout,2,623,1.3800000000001091,11.22400000000016,1,1.2
110,no_timeout,2,624,0.5219999999999345,0.9600000000000364,0,1.2
110,no_timeout,2,625,1.7039999999997235,11.573999999999614,1,1.2
110,no_timeout,2,626,1.0080000000007203,15.213999999999942,0,1.2
110,no_timeout,2,627,2.231999999999971,8.329999999999927,1,1.2
110,no_timeout,2,628,2.1779999999998836,17.373999999999796,1,1.2
110,no_timeout,2,629,1.300000000000182,94.83199999999943,1,1.2
110,no_timeout,2,630,0.660000000000764,3.119999999999891,0,1.2
110,no_timeout,2,631,2.793999999999869,53.44200000000001,1,1.2
110,no_timeout,2,632,0.7319999999999709,1.9259999999994761,0,1.2
110,no_timeout,2,633,0.566000000000713,7.701999999999316,0,1.2
110,no_timeout,2,634,2.1080000000001746,78.16400000000067,1,1.2
110,no_timeout,2,635,1.6119999999991705,17.160000000000764,1,1.2
110,no_timeout,2,636,0.19799999999941065,20.184000000000196,0,1.2
110,no_timeout,2,637,0.25200000000040745,0.08399999999983265,0,1.2
110,no_timeout,2,638,0.9399999999995998,3.712000000000444,0,1.2
110,no_timeout,2,639,0.3999999999996362,0.06000000000040018,0,1.2
110,no_timeout,2,640,0.9600000000000364,0.4359999999996944,0,1.2
110,no_timeout,2,641,0.9219999999995707,22.892000000000735,0,1.2
110,no_timeout,2,642,1.2219999999997526,28.45600000000013,1,1.2
110,no_timeout,2,643,0.047999999999774445,25.899999999999636,0,1.2
110,no_timeout,2,644,0.15599999999994907,0.8040000000000873,0,1.2
110,no_timeout,2,645,0.9200000000000728,0.20800000000053842,0,1.2
110,no_timeout,2,646,1.3339999999998327,13.199999999999818,1,1.2
110,no_timeout,2,647,0.10400000000026921,0.057999999999992724,0,1.2
110,no_timeout,2,648,0.7280000000000655,0.17199999999957072,0,1.2
110,no_timeout,2,649,0.31199999999989814,4.194000000000415,0,1.2
110,no_timeout,2,650,2.9539999999997235,13.676000000000386,1,1.2
110,no_timeout,2,651,1.0540000000000873,0.10799999999926513,0,1.2
110,no_timeout,2,652,1.6640000000006694,1301.0559999999996,1,1.2
110,no_timeout,2,653,0.1959999999999127,125.63200000000052,0,1.2
110,no_timeout,2,654,1.6959999999999127,5.804000000000087,1,1.2
110,no_timeout,2,655,2.121999999999389,0.19800000000032014,1,1.2
110,no_timeout,2,656,0.06599999999980355,9.628000000000611,0,1.2
110,no_timeout,2,657,0.28799999999955617,0.042000000000371074,0,1.2
110,no_timeout,2,658,0.9739999999992506,3.6640000000006694,0,1.2
110,no_timeout,2,659,2.25,174.1880000000001,1,1.2
110,no_timeout,2,660,1.5679999999993015,220.76800000000003,1,1.2
110,no_timeout,2,661,0.07600000000002183,89.6820000000007,0,1.2
110,no_timeout,2,662,0.8999999999996362,103.01800000000003,0,1.2
110,no_timeout,2,663,0.9039999999995416,,0,1.2
111,random,1,1,0.2079999999999984,0.13400000000000034,0,0.5
111,random,1,3,0.26600000000000534,3.4639999999999986,0,0.5
111,random,1,4,0.22399999999999665,0.02200000000000557,0,0.5
111,random,1,6,0.1280000000000001,3.024000000000001,0,0.5
111,random,1,7,1.2180000000000035,3.3519999999999968,1,0.5
111,random,1,8,0.6700000000000017,2.75,1,0.5
111,random,1,9,0.3960000000000008,4.285999999999994,0,0.5
111,random,1,10,0.08600000000000563,0.01999999999999602,0,0.5
111,random,1,12,0.6300000000000097,2.343999999999994,1,0.5
111,random,1,13,0.3200000000000074,4.3999999999999915,0,0.5
111,random,1,14,0.23999999999999488,0.20600000000000307,0,0.5
111,random,1,16,0.4959999999999951,3.902000000000001,0,0.5
111,random,1,17,0.12400000000000944,3.024000000000001,0,0.5
111,random,1,18,0.055999999999997385,3.628,0,0.5
111,random,1,19,0.12999999999999545,4.346000000000004,0,0.5
111,random,1,20,0.08599999999999852,5.7180000000000035,0,0.5
111,random,1,21,0.5319999999999965,0.02200000000000557,1,0.5
111,random,1,22,1.5300000000000011,0.4159999999999968,1,0.5
111,random,1,23,0.12399999999999523,2.304000000000002,0,0.5
111,random,1,24,0.3299999999999983,3.8900000000000006,0,0.5
111,random,1,25,0.4939999999999998,0.016000000000005343,0,0.5
111,random,1,27,0.1980000000000075,8.823999999999998,0,0.5
111,random,1,28,0.12600000000000477,0.033999999999991815,0,0.5
111,random,1,30,0.4579999999999984,0.19600000000001216,0,0.5
111,random,1,32,0.16800000000000637,0.020000000000010232,0,0.5
111,random,1,34,0.17000000000001592,3.6799999999999784,0,0.5
111,random,1,35,0.6340000000000146,1.2680000000000007,1,0.5
111,random,1,36,0.07200000000000273,4.311999999999983,0,0.5
111,random,1,37,0.09800000000001319,0.18000000000000682,0,0.5
111,random,1,39,0.2740000000000009,0.020000000000010232,0,0.5
111,random,1,41,0.13999999999998636,0.02800000000002001,0,0.5
111,random,1,43,0.1980000000000075,0.07999999999998408,0,0.5
111,random,1,45,0.6040000000000134,0.45599999999998886,1,0.5
111,random,1,46,0.2680000000000007,9.527999999999992,0,0.5
111,random,1,47,0.17199999999999704,0.08600000000001273,0,0.5
111,random,1,49,0.22999999999998977,0.10800000000000409,0,0.5
111,random,1,52,0.2560000000000002,0.07200000000000273,0,0.5
111,random,1,54,0.24199999999999022,0.11400000000000432,0,0.5
111,random,1,56,0.4379999999999882,0.04800000000000182,0,0.5
111,random,1,58,0.6479999999999961,5.174000000000007,1,0.5
111,random,1,59,0.5699999999999932,0.03200000000001069,1,0.5
111,random,1,60,0.42199999999999704,3.444000000000017,0,0.5
111,random,1,61,0.21999999999999886,4.771999999999991,0,0.5
111,random,1,62,0.12399999999999523,0.04200000000000159,0,0.5
111,random,1,64,0.08799999999999386,0.036000000000001364,0,0.5
111,random,1,66,1.6939999999999884,0.07200000000000273,1,0.5
111,random,1,67,0.13599999999999568,2.6520000000000152,0,0.5
111,random,1,68,0.033999999999991815,0.0759999999999934,0,0.5
111,random,1,70,0.06399999999999295,3.382000000000005,0,0.5
111,random,1,71,0.46399999999999864,0.055999999999983174,0,0.5
111,random,1,73,0.3140000000000214,0.04999999999998295,0,0.5
111,random,1,75,0.27599999999998204,0.038000000000010914,0,0.5
111,random,1,77,0.1880000000000166,0.04399999999998272,0,0.5
111,random,1,79,0.2279999999999518,0.07800000000003138,0,0.5
111,random,1,81,0.08599999999995589,0.04599999999999227,0,0.5
111,random,1,83,1.0100000000000477,0.09799999999995634,1,0.5
111,random,1,84,0.20199999999999818,0.07000000000005002,0,0.5
111,random,1,86,0.8180000000000405,0.1239999999999668,1,0.5
111,random,1,87,0.3079999999999927,6.466000000000008,0,0.5
111,random,1,88,0.27199999999999136,0.10800000000000409,0,0.5
111,random,1,90,0.3120000000000118,3.6959999999999695,0,0.5
111,random,1,91,0.3300000000000409,0.12599999999997635,0,0.5
111,random,1,93,0.3599999999999568,0.03000000000002956,0,0.5
111,random,1,95,0.2839999999999918,0.05600000000004002,0,0.5
111,random,1,97,0.3020000000000209,6.324000000000012,0,0.5
111,random,1,98,0.08599999999995589,0.04599999999999227,0,0.5
111,random,1,100,0.21199999999998909,0.040000000000020464,0,0.5
111,random,1,102,0.37599999999997635,0.02600000000001046,0,0.5
111,random,1,104,0.9619999999999891,4.581999999999994,1,0.5
111,random,1,105,0.4060000000000059,0.06800000000004047,0,0.5
111,random,1,107,0.5999999999999659,1.240000000000009,1,0.5
111,random,1,108,0.20199999999999818,4.089999999999975,0,0.5
111,random,1,109,0.12400000000002365,3.8000000000000114,0,0.5
111,random,1,110,0.8419999999999845,0.20800000000002683,1,0.5
111,random,1,111,0.21399999999999864,8.391999999999996,0,0.5
111,random,1,112,0.12199999999995725,0.04200000000003001,0,0.5
111,random,1,114,0.1400000000000432,0.09600000000000364,0,0.5
111,random,1,116,0.2939999999999827,0.01999999999998181,0,0.5
111,random,1,119,0.28199999999998226,0.08999999999997499,0,0.5
111,random,1,121,0.06399999999996453,7.628000000000043,0,0.5
111,random,1,122,0.6959999999999695,0.10800000000000409,1,0.5
111,random,1,123,0.06599999999997408,0.21000000000003638,0,0.5
111,random,1,125,0.2980000000000018,0.07799999999997453,0,0.5
111,random,1,128,0.3140000000000214,4.533999999999992,0,0.5
111,random,1,129,0.15800000000001546,0.038000000000010914,0,0.5
111,random,1,131,0.25,6.0120000000000005,0,0.5
111,random,1,132,0.37599999999997635,0.040000000000020464,0,0.5
111,random,1,134,0.07400000000001228,0.10199999999997544,0,0.5
111,random,1,136,1.2779999999999632,0.4300000000000068,1,0.5
111,random,1,137,0.02400000000000091,0.07200000000000273,0,0.5
111,random,1,139,0.6519999999999868,0.051999999999964075,1,0.5
111,random,1,140,0.30800000000004957,4.359999999999957,0,0.5
111,random,1,141,0.7139999999999986,4.006000000000029,1,0.5
111,random,1,142,1.170000000000016,2.217999999999961,1,0.5
111,random,1,143,0.11599999999998545,0.07800000000003138,0,0.5
111,random,1,145,0.46399999999999864,3.1499999999999773,0,0.5
111,random,1,146,0.05000000000001137,0.21199999999998909,0,0.5
111,random,1,148,0.1479999999999677,3.4460000000000264,0,0.5
111,random,1,149,0.28600000000000136,4.427999999999997,0,0.5
111,random,1,150,0.19999999999998863,0.029999999999972715,0,0.5
111,random,1,152,0.4060000000000059,5.060000000000002,0,0.5
111,random,1,153,1.0720000000000027,0.031999999999982265,1,0.5
111,random,1,154,0.2259999999999991,8.541999999999973,0,0.5
111,random,1,155,0.23200000000008458,0.08399999999994634,0,0.5
111,random,1,157,0.3160000000000309,0.08599999999989905,0,0.5
111,random,1,159,0.15399999999999636,0.04399999999998272,0,0.5
111,random,1,162,0.2039999999999509,0.07600000000002183,0,0.5
111,random,1,164,0.8579999999999472,0.07600000000002183,1,0.5
111,random,1,165,0.17200000000002547,4.187999999999988,0,0.5
111,random,1,166,0.2239999999999327,3.05600000000004,0,0.5
111,random,1,167,0.09800000000007003,4.269999999999982,0,0.5
111,random,1,168,0.14199999999993906,0.19600000000002638,0,0.5
111,random,1,170,0.2300000000000182,0.030000000000086402,0,0.5
111,random,1,172,0.13200000000006185,0.021999999999934516,0,0.5
111,random,1,174,1.481999999999971,2.2479999999999336,1,0.5
111,random,1,175,0.8380000000000791,0.017999999999915417,1,0.5
111,random,1,176,0.8400000000000318,1.947999999999979,1,0.5
111,random,1,177,0.40800000000001546,0.21400000000005548,0,0.6
111,random,1,179,0.39200000000005275,3.1200000000000045,0,0.6
111,random,1,180,0.34399999999993724,4.080000000000041,0,0.6
111,random,1,181,0.5399999999999636,3.396000000000072,0,0.6
111,random,1,182,0.31799999999998363,0.12599999999997635,0,0.6
111,random,1,184,0.2259999999999991,0.017999999999915417,0,0.6
111,random,1,186,0.40599999999994907,0.07200000000000273,0,0.6
111,random,1,188,0.2719999999999345,7.614000000000033,0,0.6
111,random,1,189,0.37400000000002365,5.096000000000004,0,0.6
111,random,1,190,0.8899999999999864,4.269999999999982,1,0.6
111,random,1,191,0.6559999999999491,0.08000000000004093,1,0.6
111,random,1,192,0.5339999999999918,5.004000000000019,0,0.6
111,random,1,193,0.11199999999996635,3.76400000000001,0,0.6
111,random,1,194,0.3079999999999927,0.05200000000002092,0,0.6
111,random,1,197,0.2980000000000018,0.06000000000005912,0,0.6
111,random,1,199,0.4879999999999427,0.16200000000003456,0,0.6
111,random,1,201,0.2799999999999727,0.06600000000003092,0,0.6
111,random,1,203,0.57000000000005,4.90199999999993,0,0.6
111,random,1,204,0.7660000000000764,3.891999999999939,1,0.6
111,random,1,205,0.6580000000000155,0.05600000000004002,1,0.6
111,random,1,206,0.5099999999999909,3.024000000000001,0,0.6
111,random,1,207,0.15800000000001546,2.76400000000001,0,0.6
111,random,1,208,0.2740000000000009,5.653999999999996,0,0.6
111,random,1,209,0.38799999999991996,0.06000000000005912,0,0.6
111,random,1,211,0.22000000000002728,0.07599999999990814,0,0.6
111,random,1,213,0.4799999999999045,0.14600000000007185,0,0.6
111,random,1,215,0.2300000000000182,0.03600000000005821,0,0.6
111,random,1,217,0.34800000000007003,4.7859999999999445,0,0.6
111,random,1,218,0.11000000000001364,8.76400000000001,0,0.6
111,random,1,219,0.18799999999998818,0.014000000000010004,0,0.6
111,random,1,221,0.18799999999998818,5.789999999999964,0,0.6
111,random,1,222,0.2540000000000191,0.09400000000005093,0,0.6
111,random,1,224,0.07400000000006912,0.06599999999991724,0,0.6
111,random,1,226,0.35200000000008913,4.333999999999946,0,0.6
111,random,1,227,0.19399999999995998,0.07800000000008822,0,0.6
111,random,1,229,1.1040000000000418,0.07600000000002183,1,0.6
111,random,1,230,0.5419999999999163,3.1920000000000073,0,0.6
111,random,1,231,0.07799999999997453,4.168000000000006,0,0.6
111,random,1,232,1.1700000000000728,0.13799999999991996,1,0.6
111,random,1,233,0.32000000000005,4.043999999999983,0,0.6
111,random,1,234,0.2580000000000382,0.06200000000001182,0,0.6
111,random,1,236,0.4900000000000091,0.026000000000067303,0,0.6
111,random,1,238,0.2740000000000009,2.924000000000092,0,0.6
111,random,1,239,0.39400000000000546,4.5779999999999745,0,0.6
111,random,1,240,0.6259999999999764,0.17999999999994998,1,0.6
111,random,1,241,0.21199999999998909,3.240000000000009,0,0.6
111,random,1,242,0.38800000000003365,0.05200000000002092,0,0.6
111,random,1,244,0.05599999999992633,0.026000000000067303,0,0.6
111,random,1,246,0.16399999999998727,4.628000000000043,0,0.6
111,random,1,247,0.09399999999993724,6.624000000000024,0,0.6
111,random,1,248,0.8400000000000318,0.03999999999996362,1,0.6
111,random,1,249,0.08600000000001273,5.463999999999942,0,0.6
111,random,1,250,1.0200000000000955,0.5939999999999372,1,0.6
111,random,1,251,0.11800000000005184,4.593999999999937,0,0.6
111,random,1,252,0.7480000000000473,0.18200000000001637,1,0.6
111,random,1,253,0.03599999999994452,5.046000000000049,0,0.6
111,random,1,254,0.14799999999991087,3.6539999999999964,0,0.6
111,random,1,255,0.6140000000000327,2.396000000000072,1,0.6
111,random,1,256,0.33199999999999363,2.339999999999918,0,0.6
111,random,1,257,0.3240000000000691,0.06799999999998363,0,0.6
111,random,1,259,0.7100000000000364,0.4319999999999027,1,0.6
111,random,1,260,0.15399999999999636,3.09800000000007,0,0.6
111,random,1,261,0.2899999999999636,0.12199999999995725,0,0.6
111,random,1,263,0.2799999999999727,0.014000000000010004,0,0.6
111,random,1,265,0.20600000000001728,0.12999999999999545,0,0.6
111,random,1,267,0.17399999999997817,0.10800000000006094,0,0.6
111,random,1,269,0.4980000000000473,0.038000000000010914,0,0.6
111,random,1,271,0.4660000000000082,4.548000000000002,0,0.6
111,random,1,272,0.4940000000000282,0.009999999999990905,0,0.6
111,random,1,273,0.2139999999999418,4.366000000000099,0,0.6
111,random,1,274,0.36399999999991905,0.11800000000005184,0,0.6
111,random,1,276,0.37999999999999545,0.14200000000005275,0,0.6
111,random,1,278,0.10399999999992815,0.03200000000003911,0,0.6
111,random,1,280,0.6440000000000055,2.7919999999999163,1,0.6
111,random,1,281,0.6000000000000227,2.6779999999999973,0,0.6
111,random,1,282,1.0480000000000018,3.312000000000012,1,0.6
111,random,1,283,0.9400000000000546,2.6259999999999764,1,0.7
111,random,1,284,0.4819999999999709,2.6960000000000264,0,0.7
111,random,1,285,0.2519999999999527,3.924000000000092,0,0.7
111,random,1,286,0.8019999999999072,1.5860000000000127,1,0.7
111,random,1,287,0.9519999999999982,2.25,1,0.7
111,random,1,288,0.7160000000000082,2.6680000000000064,1,0.7
111,random,1,289,0.4540000000000646,7.649999999999977,0,0.8
111,random,1,290,0.9599999999999227,0.07200000000000273,1,0.8
111,random,1,291,0.09400000000005093,3.5979999999999563,0,0.8
111,random,1,292,0.8440000000000509,2.3179999999999836,1,0.8
111,random,1,293,0.34400000000005093,3.433999999999969,0,0.8
111,random,1,294,0.7440000000000282,5.543999999999983,0,0.8
111,random,1,295,0.40999999999996817,0.012000000000057298,0,0.8
111,random,1,297,0.22400000000004638,4.351999999999975,0,0.8
111,random,1,298,0.6359999999999673,0.029999999999972715,0,0.8
111,random,1,300,0.7400000000000091,0.049999999999954525,0,0.8
111,random,1,302,0.36599999999998545,0.02800000000002001,0,0.8
111,random,1,304,0.17600000000004457,4.543999999999983,0,0.8
111,random,1,305,0.7239999999999327,2.5020000000000664,0,0.8
111,random,1,306,0.4779999999999518,0.10200000000008913,0,0.8
111,random,1,308,0.7400000000000091,6.840000000000032,0,0.8
111,random,1,309,0.8719999999999573,3.23599999999999,1,0.8
111,random,1,310,0.9320000000000164,4.2000000000000455,1,0.8
111,random,1,311,0.5579999999999927,3.5319999999999254,0,0.8
111,random,1,312,0.2340000000000373,0.06399999999996453,0,0.8
111,random,1,314,0.21200000000010277,5.19399999999996,0,0.8
111,random,1,315,0.54200000000003,0.053999999999973625,0,0.8
111,random,1,317,0.32200000000000273,3.8319999999999936,0,0.8
111,random,1,318,0.2819999999999254,10.861999999999966,0,0.8
111,random,1,319,0.39400000000000546,4.800000000000182,0,0.8
111,random,1,320,0.6759999999999309,4.412000000000035,0,0.8
111,random,1,321,0.4199999999998454,3.5140000000001237,0,0.8
111,random,1,322,0.06799999999998363,2.990000000000009,0,0.8
111,random,1,323,0.1879999999998745,4.996000000000095,0,0.8
111,random,1,324,0.6679999999998927,5.574000000000069,0,0.8
111,random,1,325,0.37000000000011823,6.963999999999942,0,0.8
111,random,1,326,0.9020000000000437,2.189999999999827,1,0.8
111,random,1,327,0.4800000000000182,3.354000000000042,0,0.8
111,random,1,328,0.47199999999998,2.566000000000031,0,0.8
111,random,1,329,0.5180000000000291,5.107999999999947,0,0.8
111,random,1,330,0.94399999999996,3.0700000000001637,1,0.8
111,random,1,331,1.16599999999994,2.286000000000058,1,0.8
111,random,1,332,0.41399999999998727,5.241999999999962,0,0.8
111,random,1,333,0.97199999999998,1.9420000000000073,1,0.8
111,random,1,334,0.39400000000000546,0.05199999999990723,0,0.8
111,random,1,336,0.4939999999999145,5.364000000000033,0,0.8
111,random,1,337,1.0319999999999254,2.5520000000001346,1,0.8
111,random,1,338,0.8759999999999764,2.660000000000082,1,0.8
111,random,1,339,1.13799999999992,3.3420000000000982,1,0.8
111,random,1,340,0.6319999999998345,3.8099999999999454,0,0.9
111,random,1,341,0.8260000000000218,2.7260000000001128,0,0.9
111,random,1,342,0.35199999999986176,4.19600000000014,0,0.9
111,random,1,343,0.7000000000000455,0.04800000000000182,0,0.9
111,random,1,345,0.4459999999999127,6.548000000000002,0,0.9
111,random,1,346,0.6440000000000055,4.940000000000055,0,0.9
111,random,1,347,0.2580000000000382,7.1059999999999945,0,0.9
111,random,1,348,0.30600000000004,0.03199999999992542,0,0.9
111,random,1,350,0.6639999999999873,2.872000000000071,0,0.9
111,random,1,351,0.3240000000000691,3.2539999999999054,0,0.9
111,random,1,352,0.8360000000000127,3.9760000000001128,0,0.9
111,random,1,353,0.8460000000000036,0.19399999999995998,0,0.9
111,random,1,355,0.8200000000001637,7.0499999999999545,0,0.9
111,random,1,356,0.4259999999999309,8.836000000000013,0,0.9
111,random,1,357,0.4780000000000655,5.849999999999909,0,0.9
111,random,1,358,0.6980000000000928,4.773999999999887,0,0.9
111,random,1,359,0.4940000000001419,3.035999999999831,0,0.9
111,random,1,360,0.0420000000001437,5.953999999999951,0,0.9
111,random,1,361,0.6700000000000728,3.005999999999858,0,0.9
111,random,1,362,0.5019999999999527,0.004000000000132786,0,0.9
111,random,1,363,0.14400000000000546,6.985999999999876,0,0.9
111,random,1,364,0.2680000000000291,3.3680000000001655,0,0.9
111,random,1,365,0.32799999999997453,3.5960000000000036,0,0.9
111,random,1,366,0.10599999999999454,3.1879999999998745,0,0.9
111,random,1,367,1.1020000000000891,4.942000000000007,1,0.9
111,random,1,368,0.8199999999999363,3.8840000000000146,0,0.9
111,random,1,369,0.8299999999999272,2.6560000000001764,0,0.9
111,random,1,370,0.10599999999999454,0.01799999999980173,0,0.9
111,random,1,372,0.69399999999996,0.15200000000004366,0,0.9
111,random,1,374,0.7360000000001037,5.094000000000051,0,0.9
111,random,1,375,0.32999999999992724,3.9099999999998545,0,0.9
111,random,1,376,0.7100000000000364,6.968000000000075,0,0.9
111,random,1,377,0.9239999999999782,0.2560000000000855,1,0.9
111,random,1,378,0.2599999999999909,3.08400000000006,0,0.9
111,random,1,379,0.9959999999998672,3.2360000000001037,1,0.9
111,random,1,380,0.571999999999889,3.6259999999999764,0,0.9
111,random,1,381,0.4919999999999618,3.80600000000004,0,0.9
111,random,1,382,0.14200000000005275,5.8900000000001,0,0.9
111,random,1,383,0.9099999999998545,4.624000000000024,1,0.9
111,random,1,384,0.75,4.44399999999996,0,0.9
111,random,1,385,0.47400000000016007,3.5039999999999054,0,0.9
111,random,1,386,0.07999999999992724,2.7360000000001037,0,0.9
111,random,1,387,0.9379999999998745,0.4580000000000837,1,0.9
111,random,1,388,0.9039999999999964,1.961999999999989,1,0.9
111,random,1,389,0.9580000000000837,2.463999999999942,1,0.9
111,random,1,390,0.32199999999988904,3.5300000000002,0,1.0
111,random,1,391,0.2419999999999618,4.08199999999988,0,1.0
111,random,1,392,0.37000000000011823,0.07799999999997453,0,1.0
111,random,1,394,0.94399999999996,0.04399999999986903,0,1.0
111,random,1,396,0.6479999999999109,2.8940000000000055,0,1.0
111,random,1,397,0.540000000000191,4.035999999999831,0,1.0
111,random,1,398,0.5660000000000309,3.8579999999999472,0,1.0
111,random,1,399,0.05400000000008731,5.097999999999956,0,1.0
111,random,1,400,0.37000000000011823,4.281999999999925,0,1.0
111,random,1,401,0.4259999999999309,4.246000000000095,0,1.0
111,random,1,402,0.5319999999999254,3.1259999999999764,0,1.0
111,random,1,403,0.39200000000005275,6.44399999999996,0,1.0
111,random,1,404,0.7380000000000564,2.576000000000022,0,1.0
111,random,1,405,0.6839999999999691,2.880000000000109,0,1.0
111,random,1,406,0.6599999999998545,4.638000000000147,0,1.0
111,random,1,407,0.6459999999999582,0.14799999999991087,0,1.0
111,random,1,409,0.8119999999998981,4.019999999999982,0,1.0
111,random,1,410,0.2599999999999909,4.867999999999938,0,1.0
111,random,1,411,0.4660000000001219,3.8079999999999927,0,1.0
111,random,1,412,0.08199999999987995,0.009999999999990905,0,1.0
111,random,1,413,0.0500000000001819,8.63799999999992,0,1.0
111,random,1,414,0.4980000000000473,9.061999999999898,0,1.0
111,random,1,415,0.5360000000000582,0.07600000000002183,0,1.0
111,random,1,418,0.6459999999999582,4.811999999999898,0,1.0
111,random,1,419,0.8260000000000218,2.480000000000018,0,1.0
111,random,1,420,0.6580000000001291,3.367999999999938,0,1.0
111,random,1,421,0.2960000000000491,4.561999999999898,0,1.0
111,random,1,422,0.16399999999998727,6.132000000000062,0,1.0
111,random,1,423,0.5119999999999436,3.7080000000000837,0,1.0
111,random,1,424,0.821999999999889,3.7619999999999436,0,1.0
111,random,1,425,0.07400000000006912,3.872000000000071,0,1.0
111,random,1,426,0.2400000000000091,0.02800000000002001,0,1.0
111,random,1,428,1.22400000000016,0.07199999999988904,1,1.0
111,random,1,429,0.5040000000001328,0.12599999999997635,0,1.0
111,random,1,431,0.7959999999998217,2.8920000000000528,0,1.0
111,random,1,432,0.2139999999999418,3.066000000000031,0,1.0
111,random,1,433,0.6839999999999691,4.254000000000133,0,1.0
111,random,1,434,0.38799999999991996,5.072000000000116,0,1.0
111,random,1,435,0.1799999999998363,3.536000000000058,0,1.0
111,random,1,436,0.6700000000000728,3.1299999999998818,0,1.0
111,random,1,437,0.35599999999999454,3.3379999999999654,0,1.0
111,random,1,438,0.36200000000008004,11.309999999999945,0,1.0
111,random,1,439,0.72199999999998,5.622000000000071,0,1.0
111,random,1,440,0.7119999999999891,7.009999999999991,0,1.0
111,random,1,441,0.5019999999999527,4.072000000000116,0,1.0
111,random,1,442,0.4759999999998854,2.701999999999998,0,1.0
111,random,1,443,0.37800000000015643,0.12199999999984357,0,1.0
111,random,1,445,0.3080000000002201,3.1499999999998636,0,1.0
111,random,1,446,2.0219999999999345,0.6900000000000546,1,1.0
111,random,1,447,0.6240000000000236,0.07400000000006912,0,1.0
111,random,1,449,0.7899999999999636,4.08400000000006,0,1.0
111,random,1,450,0.61200000000008,4.285999999999831,0,1.0
111,random,1,451,0.7360000000001037,5.515999999999849,0,1.0
111,random,1,452,1.1700000000000728,0.12200000000007094,1,1.0
111,random,1,453,0.41399999999998727,3.759999999999991,0,1.0
111,random,1,454,1.4120000000000346,2.905999999999949,1,1.0
111,random,1,455,0.4639999999999418,3.0340000000001055,0,1.0
111,random,1,456,0.7459999999998672,4.1460000000001855,0,1.0
111,random,1,457,0.8079999999999927,2.6699999999998454,0,1.0
111,random,1,458,0.7000000000000455,4.710000000000036,0,1.0
111,random,1,459,0.7940000000000964,4.58199999999988,0,1.0
111,random,1,460,1.3279999999999745,3.566000000000031,1,1.0
111,random,1,461,1.150000000000091,3.0,1,1.0
111,random,1,462,0.4479999999998654,3.80600000000004,0,1.0
111,random,1,463,0.7200000000000273,3.2480000000000473,0,1.0
111,random,1,464,0.5259999999998399,5.1840000000001965,0,1.0
111,random,1,465,0.7779999999997926,3.1360000000001946,0,1.0
111,random,1,466,0.5879999999999654,7.685999999999922,0,1.0
111,random,1,467,0.9359999999999218,2.5420000000001437,0,1.0
111,random,1,468,1.0219999999999345,4.178000000000111,1,1.0
111,random,1,469,0.6679999999998927,4.13799999999992,0,1.0
111,random,1,470,1.734000000000151,3.3759999999999764,1,1.0
111,random,1,471,1.88799999999992,2.7100000000000364,1,1.0
111,random,1,472,0.5060000000000855,3.7259999999998854,0,1.0
111,random,1,473,0.4420000000000073,4.744000000000142,0,1.0
111,random,1,474,0.4399999999998272,0.06600000000003092,0,1.0
111,random,1,476,0.44000000000005457,4.08199999999988,0,1.0
111,random,1,477,0.8759999999999764,4.296000000000049,0,1.0
111,random,1,478,0.2300000000000182,3.269999999999982,0,1.0
111,random,1,479,1.8099999999999454,0.026000000000067303,1,1.0
111,random,1,480,0.10200000000008913,0.0019999999999527063,0,1.0
111,random,1,481,0.17399999999997817,2.5860000000000127,0,1.0
111,random,1,482,1.1639999999999873,2.377999999999929,1,1.0
111,random,1,483,1.1600000000000819,1.7300000000000182,1,1.0
111,random,1,484,1.0960000000000036,0.10599999999999454,1,1.0
111,random,1,485,0.16200000000003456,4.048000000000002,0,1.0
111,random,1,486,0.7599999999999909,2.6019999999998618,0,1.1
111,random,1,487,0.17600000000015825,2.9459999999999127,0,1.1
111,random,1,488,0.9980000000000473,3.3519999999998618,0,1.1
111,random,1,489,1.2080000000000837,0.0060000000000854925,1,1.1
111,random,1,490,0.10999999999989996,0.02800000000002001,0,1.1
111,random,1,491,0.17599999999993088,2.5679999999999836,0,1.1
111,random,1,492,1.3179999999999836,2.6360000000001946,1,1.1
111,random,1,493,1.8559999999999945,2.563999999999851,1,1.1
111,random,1,494,0.7319999999999709,3.8600000000001273,0,1.1
111,random,1,495,1.6459999999999582,3.0219999999999345,1,1.1
111,random,1,496,1.9540000000001783,0.06199999999989814,1,1.1
111,random,1,497,0.2860000000000582,4.094000000000051,0,1.1
111,random,1,498,1.7359999999998763,1.8460000000000036,1,1.1
111,random,1,499,1.4839999999999236,0.41000000000008185,1,1.1
111,random,1,500,0.4359999999999218,4.66800000000012,0,1.1
111,random,1,501,1.7419999999999618,0.2460000000000946,1,1.1
111,random,1,502,0.9259999999999309,3.1720000000000255,0,1.1
111,random,1,503,1.2100000000000364,0.16999999999984539,1,1.1
111,random,1,504,0.5399999999999636,2.856000000000222,0,1.1
111,random,1,505,1.1059999999999945,0.10599999999999454,1,1.1
111,random,1,506,0.40599999999994907,3.9759999999998854,0,1.1
111,random,1,507,0.262000000000171,3.9279999999998836,0,1.1
111,random,1,508,0.36799999999993815,5.190000000000055,0,1.1
111,random,1,509,1.0360000000000582,3.9700000000000273,0,1.1
111,random,1,510,0.7339999999999236,0.049999999999954525,0,1.1
111,random,1,512,1.1340000000000146,0.22199999999998,1,1.1
111,random,1,513,0.16000000000008185,0.03999999999996362,0,1.1
111,random,1,515,1.428000000000111,2.2639999999998963,1,1.1
111,random,1,516,0.6539999999999964,2.436000000000149,0,1.1
111,random,1,517,1.3019999999999072,0.07600000000002183,1,1.1
111,random,1,518,0.08400000000006003,2.52599999999984,0,1.1
111,random,1,519,1.3960000000001855,0.09600000000000364,1,1.1
111,random,1,520,0.4959999999998672,3.213999999999942,0,1.1
111,random,1,521,0.7200000000000273,0.08600000000001273,0,1.1
111,random,1,523,1.043999999999869,4.02800000000002,0,1.1
111,random,1,524,0.2460000000000946,0.07999999999992724,0,1.1
111,random,1,526,0.4359999999999218,0.06999999999993634,0,1.1
111,random,1,528,1.1359999999999673,0.18599999999992178,1,1.1
111,random,1,529,0.2400000000000091,3.956000000000131,0,1.1
111,random,1,530,2.561999999999898,1.8900000000001,1,1.1
111,random,1,531,1.816000000000031,0.12799999999992906,1,1.1
111,random,1,532,0.08999999999991815,0.06600000000003092,0,1.1
111,random,1,534,0.16799999999989268,3.617999999999938,0,1.1
111,random,1,535,1.27800000000002,0.8160000000000309,1,1.1
111,random,1,536,0.35799999999994725,3.1059999999999945,0,1.1
111,random,1,537,1.5900000000001455,0.09199999999987085,1,1.1
111,random,1,538,0.39400000000000546,3.8300000000001546,0,1.1
111,random,1,539,0.9259999999999309,3.938000000000102,0,1.1
111,random,1,540,0.8859999999999673,3.980000000000018,0,1.1
111,random,1,541,0.2599999999999909,4.621999999999844,0,1.1
111,random,1,542,1.1159999999999854,0.040000000000190994,1,1.1
111,random,1,543,0.5979999999999563,2.6539999999999964,0,1.1
111,random,1,544,0.5380000000000109,0.10199999999986176,0,1.1
111,random,1,546,1.1859999999999218,0.16000000000008185,1,1.1
111,random,1,547,0.4519999999999982,3.86200000000008,0,1.1
111,random,1,548,0.16999999999984539,3.410000000000082,0,1.1
111,random,1,549,2.150000000000091,11.771999999999935,1,1.1
111,random,1,550,0.33400000000006,2.5299999999999727,0,1.1
111,random,1,551,2.1259999999999764,1.83199999999988,1,1.1
111,random,1,552,0.40000000000009095,0.17200000000002547,0,1.1
111,random,1,554,1.0739999999998417,3.02800000000002,0,1.1
111,random,1,555,1.490000000000009,2.216000000000122,1,1.1
111,random,1,556,1.6159999999999854,2.286000000000058,1,1.1
111,random,1,557,1.0459999999998217,2.7260000000001128,0,1.1
111,random,1,558,1.9359999999999218,1.9519999999999982,1,1.1
111,random,1,559,1.566000000000031,1.7740000000001146,1,1.1
111,random,1,560,1.4099999999998545,1.5520000000001346,1,1.1
111,random,1,561,0.4519999999999982,0.03199999999992542,0,1.2
111,random,1,563,0.987999999999829,4.698000000000093,0,1.2
111,random,1,564,1.5199999999999818,0.12200000000007094,1,1.2
111,random,1,565,0.2899999999999636,9.07400000000007,0,1.2
111,random,1,566,1.183999999999969,2.6299999999998818,0,1.2
111,random,1,567,0.6400000000001,4.697999999999865,0,1.2
111,random,1,568,2.0060000000000855,0.5080000000000382,1,1.2
111,random,1,569,0.5119999999999436,3.2480000000000473,0,1.2
111,random,1,570,1.1759999999999309,3.3179999999999836,0,1.2
111,random,1,571,0.7000000000000455,0.19800000000009277,0,1.2
111,random,1,573,0.43200000000001637,0.03199999999992542,0,1.2
111,random,1,575,0.262000000000171,4.163999999999987,0,1.2
111,random,1,576,0.6359999999999673,4.076000000000022,0,1.2
111,random,1,577,0.06399999999985084,4.428000000000111,0,1.2
111,random,1,578,1.38799999999992,0.17800000000011096,1,1.2
111,random,1,579,0.3999999999998636,5.403999999999996,0,1.2
111,random,1,580,0.7480000000000473,2.7640000000001237,0,1.2
111,random,1,581,0.5759999999997945,2.9860000000001037,0,1.2
111,random,1,582,1.2000000000000455,0.4619999999999891,0,1.2
111,random,1,583,0.2419999999999618,3.963999999999942,0,1.2
111,random,1,584,0.6820000000002437,5.295999999999822,0,1.2
111,random,1,585,1.5839999999998327,0.0860000000002401,1,1.2
111,random,1,586,0.4600000000000364,2.2239999999997053,0,1.2
111,random,1,587,0.19600000000036744,5.435999999999694,0,1.2
111,random,1,588,1.1460000000001855,2.60799999999972,0,1.2
111,random,1,589,0.5840000000002874,5.286000000000058,0,1.2
111,random,1,590,0.6059999999997672,0.023999999999887223,0,1.2
111,random,1,592,1.36200000000008,2.0579999999999927,1,1.2
111,random,1,593,1.211999999999989,1.88799999999992,1,1.2
111,random,1,594,0.47200000000020736,0.06999999999970896,0,1.2
111,random,1,596,0.9620000000004438,3.1859999999996944,0,1.2
111,random,1,597,0.6440000000002328,0.033999999999650754,0,1.2
111,random,1,599,0.706000000000131,0.02999999999974534,0,1.2
111,random,1,601,1.8120000000003529,0.36400000000003274,1,1.2
111,random,1,602,0.669999999999618,4.61200000000008,0,1.2
111,random,1,603,1.512000000000171,0.19399999999995998,1,1.2
111,random,1,604,0.30600000000004,2.7399999999997817,0,1.2
111,random,1,605,1.0820000000003347,0.07599999999956708,0,1.2
111,random,1,607,0.9200000000000728,3.3539999999998145,0,1.2
111,random,1,608,1.7520000000004075,0.5679999999997563,1,1.2
111,random,1,609,0.8079999999999927,3.22400000000016,0,1.2
111,random,1,610,1.1659999999997126,3.2480000000000473,0,1.2
111,random,1,611,0.5199999999999818,4.2800000000002,0,1.2
111,random,1,612,0.5540000000000873,5.4539999999997235,0,1.2
111,random,1,613,1.0160000000000764,4.119999999999891,0,1.2
111,random,1,614,0.04800000000022919,0.027999999999792635,0,1.2
111,random,1,616,1.4520000000002256,2.673999999999978,1,1.2
111,random,1,617,0.8119999999998981,2.7600000000002183,0,1.2
111,random,1,618,0.31599999999980355,10.916000000000167,0,1.2
111,random,1,619,1.3159999999998035,0.22400000000016007,1,1.2
111,random,1,620,0.44399999999996,0.02999999999974534,0,1.2
111,random,1,622,2.2640000000001237,0.02599999999983993,1,1.2
111,random,1,623,0.24400000000014188,3.043999999999869,0,1.2
111,random,1,624,1.8519999999998618,2.038000000000011,1,1.2
111,random,1,625,2.519999999999982,1.961999999999989,1,1.2
111,random,1,626,2.2840000000001055,1.8099999999999454,1,1.2
111,random,1,627,1.4320000000002437,2.1019999999998618,1,1.2
111,random,1,628,0.4499999999998181,3.288000000000011,0,1.2
111,random,1,629,0.9380000000001019,2.538000000000011,0,1.2
111,random,1,630,0.5459999999998217,0.09200000000009823,0,1.2
111,random,1,632,1.3239999999996144,2.97400000000016,1,1.2
111,random,1,633,1.4679999999998472,0.40599999999994907,1,1.2
111,random,1,634,0.9500000000002728,4.9780000000000655,0,1.2
111,random,1,635,2.0299999999997453,1.9760000000001128,1,1.2
111,random,1,636,0.5579999999999927,0.09799999999995634,0,1.2
111,random,1,639,1.9020000000000437,0.03999999999996362,1,1.2
111,random,1,640,0.14800000000013824,3.919999999999618,0,1.2
111,random,1,641,0.7080000000000837,3.1640000000002146,0,1.2
111,random,1,642,0.8460000000000036,3.949999999999818,0,1.2
111,random,1,643,0.5180000000000291,0.032000000000152795,0,1.2
111,random,1,645,2.0140000000001237,0.4639999999999418,1,1.2
111,random,1,646,0.5080000000002656,3.9020000000000437,0,1.2
111,random,1,647,1.1399999999998727,4.069999999999709,0,1.2
111,random,1,648,0.9120000000002619,0.04599999999982174,0,1.2
111,random,1,650,1.487999999999829,2.25,1,1.2
111,random,1,651,1.58600000000024,1.893999999999778,1,1.2
111,random,1,652,0.5799999999999272,0.13400000000001455,0,1.2
111,random,1,654,0.8179999999997563,2.274000000000342,0,1.2
111,random,1,655,0.5139999999996689,0.02400000000034197,0,1.2
111,random,1,657,1.3600000000001273,0.17799999999988358,1,1.2
111,random,1,658,0.48800000000028376,4.699999999999818,0,1.2
111,random,1,659,2.211999999999989,0.21199999999998909,1,1.2
111,random,1,660,0.3079999999999927,2.7339999999999236,0,1.2
111,random,1,661,1.0320000000001528,3.9520000000002256,0,1.2
111,random,1,662,0.5019999999999527,3.895999999999731,0,1.2
111,random,1,663,1.0100000000002183,3.1979999999998654,0,1.2
111,random,1,664,0.7119999999999891,0.12800000000015643,0,1.2
111,random,1,666,1.1020000000003165,4.239999999999782,0,1.2
111,random,1,667,0.7100000000000364,6.483999999999924,0,1.2
111,random,1,668,1.038000000000011,0.0340000000001055,0,1.2
111,random,1,670,0.9740000000001601,4.311999999999898,0,1.2
111,random,1,671,1.1400000000003274,0.007999999999810825,0,1.2
111,random,1,672,0.20600000000013097,2.4960000000000946,0,1.2
111,random,1,673,1.1179999999999382,0.08399999999983265,0,1.2
111,random,1,675,1.02599999999984,2.6780000000003383,0,1.2
111,random,1,676,1.349999999999909,2.2660000000000764,1,1.2
111,random,1,677,0.4420000000000073,3.513999999999669,0,1.2
111,random,1,678,0.7160000000003492,3.631999999999607,0,1.2
111,random,1,679,0.524000000000342,0.07199999999966167,0,1.2
111,random,1,681,0.5579999999999927,5.153999999999996,0,1.2
111,random,1,682,0.5539999999996326,0.07799999999997453,0,1.2
111,random,1,684,2.963999999999942,2.0540000000000873,1,1.2
111,random,1,685,2.326000000000022,2.0720000000001164,1,1.2
111,random,1,686,2.6239999999997963,2.012000000000171,1,1.2
111,random,1,687,1.3579999999997199,1.856000000000222,1,1.2
111,random,1,688,1.3220000000001164,2.3279999999999745,1,1.2
111,random,1,689,0.04999999999972715,3.6920000000000073,0,1.2
111,random,1,690,1.0760000000000218,4.83600000000024,0,1.2
111,random,1,691,0.6579999999999018,2.6700000000000728,0,1.2
111,random,1,692,1.3479999999999563,0.19399999999995998,1,1.2
111,random,1,693,0.31199999999989814,3.6159999999999854,0,1.2
111,random,1,694,1.88799999999992,0.17399999999997817,1,1.2
111,random,1,695,0.21000000000003638,2.8479999999999563,0,1.2
111,random,1,696,1.1640000000002146,3.8040000000000873,0,1.2
111,random,1,697,0.1459999999997308,3.1820000000002437,0,1.2
111,random,1,698,1.7899999999999636,0.06599999999980355,1,1.2
111,random,1,699,0.2840000000001055,4.8840000000000146,0,1.2
111,random,1,700,1.9299999999998363,0.21600000000034925,1,1.2
111,random,1,701,0.36999999999989086,4.337999999999738,0,1.2
111,random,1,702,1.3400000000001455,0.07799999999997453,1,1.2
111,random,1,703,0.17200000000002547,4.083999999999833,0,1.2
111,random,1,704,1.8400000000001455,0.24000000000023647,1,1.2
111,random,1,705,0.29799999999977445,4.380000000000109,0,1.2
111,random,1,706,0.22400000000016007,2.4699999999998,0,1.2
111,random,1,707,0.9859999999998763,2.4079999999999018,0,1.2
111,random,1,708,1.0,0.08000000000038199,0,1.2
111,random,1,710,0.9200000000000728,0.09400000000005093,0,1.2
111,random,1,712,1.2959999999998217,0.2300000000000182,1,1.2
111,random,1,713,0.42200000000002547,2.968000000000302,0,1.2
111,random,1,714,0.9639999999999418,3.9079999999999018,0,1.2
111,random,1,715,0.7139999999999418,0.13000000000010914,0,1.2
111,random,1,717,2.455999999999676,2.3040000000000873,1,1.2
111,random,1,718,1.4780000000000655,2.449999999999818,1,1.2
111,random,1,719,1.4500000000002728,2.087999999999738,1,1.2
111,random,1,720,1.524000000000342,2.6859999999996944,1,1.2
111,random,1,721,1.7160000000003492,2.7159999999998945,1,1.2
111,random,1,722,0.4800000000000182,2.3299999999999272,0,1.2
111,random,1,723,1.5219999999999345,0.22200000000020736,1,1.2
111,random,1,724,0.6499999999996362,3.5100000000002183,0,1.2
111,random,1,725,2.038000000000011,0.09200000000009823,1,1.2
111,random,1,726,0.24399999999968713,2.6280000000001564,0,1.2
111,random,1,727,2.6640000000002146,0.05999999999994543,1,1.2
111,random,1,728,0.1639999999997599,2.8460000000000036,0,1.2
111,random,1,729,2.1100000000001273,0.08399999999983265,1,1.2
111,random,1,730,0.11400000000003274,3.6720000000000255,0,1.2
111,random,1,731,0.9079999999999018,4.054000000000087,0,1.2
111,random,1,732,1.69399999999996,0.24200000000018917,1,1.2
111,random,1,733,1.0619999999998981,3.088000000000193,0,1.2
111,random,1,734,1.069999999999709,0.046000000000276486,0,1.2
111,random,1,736,0.7260000000001128,2.869999999999891,0,1.2
111,random,1,737,1.4360000000001492,0.06399999999985084,1,1.2
111,random,1,738,0.05999999999994543,0.01999999999998181,0,1.2
111,random,1,740,1.461999999999989,0.02400000000034197,1,1.2
111,random,1,741,0.3739999999997963,5.380000000000109,0,1.2
111,random,1,742,0.8800000000001091,3.893999999999778,0,1.2
111,random,1,743,1.3539999999998145,0.10800000000017462,1,1.2
111,random,1,744,0.30999999999994543,0.04400000000032378,0,1.2
111,random,1,746,2.099999999999909,2.6340000000000146,1,1.2
111,random,1,747,1.3220000000001164,1.8859999999999673,1,1.2
111,random,1,748,1.449999999999818,0.09999999999990905,1,1.2
111,random,1,749,0.08000000000038199,2.9719999999997526,0,1.2
111,random,1,750,2.2159999999998945,2.7140000000003965,1,1.2
111,random,1,751,0.8239999999996144,4.432000000000244,0,1.2
111,random,1,752,0.7519999999999527,2.463999999999942,0,1.2
111,random,1,753,1.0239999999998872,5.010000000000218,0,1.2
111,random,1,754,1.5340000000001055,0.22599999999965803,1,1.2
111,random,1,755,0.2820000000001528,2.3760000000002037,0,1.2
111,random,1,756,2.1239999999997963,0.08199999999987995,1,1.2
111,random,1,757,0.09799999999995634,3.0640000000003056,0,1.2
111,random,1,758,0.8240000000000691,0.06599999999980355,0,1.2
111,random,1,760,1.1480000000001382,4.8659999999999854,0,1.2
111,random,1,761,0.5540000000000873,0.009999999999763531,0,1.2
111,random,1,762,0.19200000000000728,2.5419999999999163,0,1.2
111,random,1,763,0.5460000000002765,0.02999999999974534,0,1.2
111,random,1,765,1.6040000000002692,2.019999999999982,1,1.2
111,random,1,766,1.1979999999998654,3.9079999999999018,0,1.2
111,random,1,767,1.211999999999989,4.539999999999964,1,1.2
111,random,1,768,0.7460000000000946,5.351999999999862,0,1.2
111,random,1,769,1.0920000000000982,3.338000000000193,0,1.2
111,random,1,770,1.3139999999998508,0.027999999999792635,1,1.2
111,random,1,771,0.04800000000022919,0.1999999999998181,0,1.2
111,random,1,772,0.15200000000004366,3.494000000000142,0,1.2
111,random,1,773,1.844000000000051,0.2579999999998108,1,1.2
111,random,1,774,0.09999999999990905,3.8100000000004,0,1.2
111,random,1,775,1.513999999999669,1.8040000000000873,1,1.2
111,random,1,776,0.4459999999999127,0.062000000000352884,0,1.2
111,random,1,779,2.0419999999999163,1.900000000000091,1,1.2
111,random,1,780,1.6879999999996471,0.09600000000000364,1,1.2
111,random,1,781,0.1180000000003929,2.8359999999997854,0,1.2
111,random,1,782,1.5199999999999818,1.6100000000001273,1,1.2
111,random,1,783,2.395999999999731,2.288000000000011,1,1.2
111,random,1,784,2.4980000000000473,2.4880000000002838,1,1.2
111,random,1,785,2.899999999999636,2.8040000000000873,1,1.2
111,random,1,786,2.5799999999999272,3.3020000000001346,1,1.2
111,random,1,787,3.2480000000000473,7.139999999999873,1,1.2
111,random,1,788,1.3859999999999673,3.356000000000222,1,1.2
111,random,1,789,1.431999999999789,4.604000000000269,1,1.2
111,random,1,790,1.9919999999997344,4.746000000000095,1,1.2
111,random,1,791,4.054000000000087,2.5459999999998217,1,1.2
111,random,1,792,1.2580000000002656,6.337999999999738,1,1.2
111,random,1,793,2.0979999999999563,3.300000000000182,1,1.2
111,random,1,794,1.9360000000001492,3.6479999999996835,1,1.2
111,random,1,795,1.300000000000182,3.463999999999942,1,1.2
111,random,1,796,0.4580000000000837,2.650000000000091,0,1.2
111,random,1,797,0.9020000000000437,3.75,0,1.2
111,random,1,798,0.8099999999999454,0.016000000000076398,0,1.2
111,random,1,800,1.4259999999999309,2.5140000000001237,1,1.2
111,random,1,801,1.3079999999999927,0.09999999999990905,1,1.2
111,random,1,802,0.1619999999998072,2.6720000000000255,0,1.2
111,random,1,803,2.9659999999998945,2.068000000000211,1,1.2
111,random,1,804,0.4819999999999709,0.02599999999983993,0,1.2
111,random,1,806,1.3820000000000618,0.15399999999999636,1,1.2
111,random,1,807,0.19200000000000728,5.682000000000244,0,1.2
111,random,1,808,1.3999999999996362,0.17000000000007276,1,1.2
111,random,1,809,0.08800000000019281,2.4479999999998654,0,1.2
111,random,1,810,0.7919999999999163,0.0340000000001055,0,1.2
111,random,1,812,0.40000000000009095,3.925999999999931,0,1.2
111,random,1,813,0.6100000000001273,0.07199999999966167,0,1.2
111,random,1,815,1.5340000000001055,0.04599999999982174,1,1.2
111,random,1,816,0.34999999999990905,4.068000000000211,0,1.2
111,random,1,817,1.6340000000000146,2.286000000000058,1,1.2
111,random,1,818,0.6520000000000437,4.099999999999909,0,1.2
111,random,1,819,1.7440000000001419,0.047999999999774445,1,1.2
111,random,1,820,0.15799999999990177,2.231999999999971,0,1.2
111,random,1,821,1.1860000000001492,0.05999999999994543,0,1.2
111,random,1,823,1.9900000000002365,1.8519999999998618,1,1.2
111,random,1,824,1.3260000000000218,0.03999999999996362,1,1.2
111,random,1,825,0.7319999999999709,3.438000000000102,0,1.2
111,random,1,826,2.367999999999938,2.7899999999999636,1,1.2
111,random,1,827,1.8960000000001855,3.9539999999997235,1,1.2
111,random,1,828,0.4420000000000073,7.1840000000001965,0,1.2
111,random,1,829,0.45200000000022555,0.09600000000000364,0,1.2
111,random,1,831,1.5219999999999345,2.1700000000000728,1,1.2
111,random,1,832,2.16399999999976,0.07600000000002183,1,1.2
111,random,1,833,0.03600000000005821,1.7980000000002292,0,1.2
111,random,1,834,0.6219999999998436,2.755999999999858,0,1.2
111,random,1,835,1.1820000000002437,2.7199999999998,0,1.2
111,random,1,836,1.5140000000001237,0.11799999999993815,1,1.2
111,random,1,837,0.5019999999999527,3.61200000000008,0,1.2
111,random,1,838,1.5320000000001528,1.3600000000001273,1,1.2
111,random,1,839,0.4499999999998181,3.1660000000001673,0,1.2
111,random,1,840,1.5339999999996508,2.7160000000003492,1,1.2
111,random,1,841,1.3619999999996253,0.026000000000294676,1,1.2
111,random,1,842,0.4539999999997235,3.292000000000371,0,1.2
111,random,1,843,1.8219999999996617,0.09999999999990905,1,1.2
111,random,1,844,0.23600000000033106,2.4739999999997053,0,1.2
111,random,1,845,1.8940000000002328,0.09600000000000364,1,1.2
111,random,1,846,0.15200000000004366,4.545999999999822,0,1.2
111,random,1,847,1.162000000000262,3.4399999999996,0,1.2
111,random,1,848,1.206000000000131,1.9859999999998763,1,1.2
111,random,1,849,1.4640000000003965,1.94399999999996,1,1.2
111,random,1,850,1.8260000000000218,1.949999999999818,1,1.2
111,random,1,851,3.0300000000002,4.485999999999876,1,1.2
111,random,1,852,0.23799999999982901,3.713999999999942,0,1.2
111,random,1,853,1.3140000000003056,0.13400000000001455,1,1.2
111,random,1,854,0.6720000000000255,2.6039999999998145,0,1.2
111,random,1,855,0.8820000000000618,3.217999999999847,0,1.2
111,random,1,856,0.8679999999999382,0.014000000000123691,0,1.2
111,random,1,858,1.3079999999999927,2.173999999999978,1,1.2
111,random,1,859,0.900000000000091,4.256000000000313,0,1.2
111,random,1,860,1.7099999999995816,1.618000000000393,1,1.2
111,random,1,861,2.3279999999999745,0.04399999999986903,1,1.2
111,random,1,862,0.16800000000012005,4.335999999999785,0,1.2
111,random,1,863,1.4420000000000073,3.2200000000002547,1,1.2
111,random,1,864,0.9479999999998654,5.3159999999998035,0,1.2
111,random,1,865,1.6100000000001273,0.0340000000001055,1,1.2
111,random,1,866,0.11999999999989086,0.05999999999994543,0,1.2
111,random,1,868,1.7780000000002474,0.041999999999916326,1,1.2
111,random,1,869,0.12199999999984357,2.8220000000001164,0,1.2
111,random,1,870,1.4380000000001019,1.7999999999997272,1,1.2
111,random,1,871,3.8780000000001564,0.06599999999980355,1,1.2
111,random,1,872,0.07600000000002183,3.5340000000001055,0,1.2
111,random,1,873,2.481999999999971,0.026000000000294676,1,1.2
111,random,1,874,0.1679999999996653,3.961999999999989,0,1.2
111,random,1,875,2.11200000000008,3.5039999999999054,1,1.2
111,random,1,876,1.4520000000002256,5.119999999999891,1,1.2
111,random,1,877,0.7260000000001128,4.08199999999988,0,1.2
111,random,1,878,1.1920000000000073,0.1799999999998363,0,1.2
111,random,1,880,1.4459999999999127,0.10599999999976717,1,1.2
111,random,1,881,0.5620000000003529,2.9699999999998,0,1.2
111,random,1,882,2.038000000000011,1.987999999999829,1,1.2
111,random,1,883,1.2980000000002292,0.03000000000020009,1,1.2
111,random,1,884,0.30999999999994543,4.123999999999796,0,1.2
111,random,1,885,1.7339999999999236,1.8260000000000218,1,1.2
111,random,1,886,3.6100000000001273,3.7199999999998,1,1.2
111,random,1,887,3.036000000000058,7.849999999999909,1,1.2
111,random,1,888,0.5420000000003711,4.379999999999654,0,1.2
111,random,1,889,0.9480000000003201,3.181999999999789,0,1.2
111,random,1,890,1.3160000000002583,3.145999999999731,1,1.2
111,random,1,891,0.7359999999998763,0.07600000000002183,0,1.2
111,random,1,893,1.624000000000251,0.13599999999996726,1,1.2
111,random,1,894,0.4499999999998181,4.488000000000284,0,1.2
111,random,1,895,4.117999999999938,2.561999999999898,1,1.2
111,random,1,896,0.9760000000001128,5.711999999999989,0,1.2
111,random,1,897,0.4899999999997817,0.05600000000004002,0,1.2
111,random,1,899,0.7600000000002183,0.021999999999934516,0,1.2
111,random,1,901,0.24400000000014188,0.018000000000029104,0,1.2
111,random,1,903,0.32600000000002183,4.123999999999796,0,1.2
111,random,1,904,0.49000000000023647,3.8099999999999454,0,1.2
111,random,1,905,1.6359999999999673,1.8200000000001637,1,1.2
111,random,1,906,1.6599999999998545,2.1219999999998436,1,1.2
111,random,1,907,1.3340000000002874,1.7059999999996762,1,1.2
111,random,1,908,0.7840000000001055,0.03000000000020009,0,1.2
111,random,1,910,0.6460000000001855,4.346000000000004,0,1.2
111,random,1,911,0.6480000000001382,0.07799999999997453,0,1.2
111,random,1,913,0.34400000000005093,0.10199999999986176,0,1.2
111,random,1,915,0.6839999999997417,8.922000000000025,0,1.2
111,random,1,916,1.0039999999999054,4.372000000000298,0,1.2
111,random,1,917,0.8339999999998327,2.7080000000000837,0,1.2
111,random,1,918,0.9679999999998472,3.1920000000000073,0,1.2
111,random,1,919,2.088000000000193,1.8719999999998436,1,1.2
111,random,1,920,0.431999999999789,0.042000000000371074,0,1.2
111,random,1,922,1.2719999999999345,0.07999999999992724,1,1.2
111,random,1,923,0.14400000000023283,2.3200000000001637,0,1.2
111,random,1,924,1.0739999999996144,6.2800000000002,0,1.2
111,random,1,925,1.681999999999789,1.6520000000000437,1,1.2
111,random,1,926,2.0599999999999454,2.136000000000422,1,1.2
111,random,1,927,1.8039999999996326,2.4340000000001965,1,1.2
111,random,1,928,3.382000000000062,4.299999999999727,1,1.2
111,random,1,929,0.4760000000001128,3.356000000000222,0,1.2
111,random,1,930,0.08199999999987995,0.023999999999887223,0,1.2
111,random,1,932,1.9659999999998945,0.38599999999996726,1,1.2
111,random,1,933,0.2820000000001528,4.150000000000091,0,1.2
111,random,1,934,1.1339999999995598,3.380000000000109,0,1.2
111,random,1,935,1.8840000000000146,1.6140000000000327,1,1.2
111,random,1,936,2.7280000000000655,4.192000000000007,1,1.2
111,random,1,937,1.5639999999998508,2.594000000000051,1,1.2
111,random,1,938,4.916000000000167,2.19399999999996,1,1.2
111,random,1,939,4.958000000000084,4.473999999999705,1,1.2
111,random,1,940,2.074000000000069,3.6480000000001382,1,1.2
111,random,1,941,1.6739999999999782,2.788000000000011,1,1.2
111,random,1,942,3.061999999999898,4.704000000000178,1,1.2
111,random,1,943,4.7039999999997235,2.562000000000353,1,1.2
111,random,1,944,3.1019999999998618,3.2779999999997926,1,1.2
111,random,1,945,2.430000000000291,2.4739999999997053,1,1.2
111,random,1,946,2.8400000000001455,2.8519999999998618,1,1.2
111,random,1,947,3.8760000000002037,3.231999999999971,1,1.2
111,random,1,948,1.0219999999999345,3.7280000000000655,0,1.2
111,random,1,949,1.6759999999999309,2.9039999999999964,1,1.2
111,random,1,950,4.664000000000215,2.2779999999997926,1,1.2
111,random,1,951,4.851999999999862,4.682000000000244,1,1.2
111,random,1,952,3.4859999999998763,6.110000000000127,1,1.2
111,random,1,953,2.375999999999749,5.860000000000127,1,1.2
111,random,1,954,2.1480000000001382,3.0599999999999454,1,1.2
111,random,1,955,2.893999999999778,2.2380000000002838,1,1.2
111,random,1,956,6.438000000000102,3.7899999999999636,1,1.2
111,random,1,957,2.117999999999938,2.6700000000000728,1,1.2
111,random,1,958,2.905999999999949,2.4659999999998945,1,1.2
111,random,1,959,2.88799999999992,2.7800000000002,1,1.2
111,random,1,960,3.0399999999999636,2.675999999999931,1,1.2
111,random,1,961,3.574000000000069,4.554000000000087,1,1.2
111,random,1,962,1.0779999999999745,4.929999999999836,0,1.2
111,random,1,963,1.4259999999999309,1.7200000000002547,1,1.2
111,random,1,964,4.079999999999927,2.699999999999818,1,1.2
111,random,1,965,4.173999999999978,15.110000000000127,1,1.2
111,random,1,966,1.1320000000000618,2.35799999999972,0,1.2
111,random,1,967,1.30600000000004,0.22800000000006548,1,1.2
111,random,1,968,0.2460000000000946,3.5279999999997926,0,1.2
111,random,1,969,2.282000000000153,1.66800000000012,1,1.2
111,random,1,970,2.5160000000000764,2.1659999999997126,1,1.2
111,random,1,971,4.456000000000131,2.880000000000109,1,1.2
111,random,1,972,3.4839999999999236,2.0100000000002183,1,1.2
111,random,1,973,6.053999999999633,2.074000000000069,1,1.2
111,random,1,974,2.9960000000000946,1.8420000000000982,1,1.2
111,random,1,975,5.201999999999771,5.128000000000156,1,1.2
111,random,1,976,1.91800000000012,4.625999999999749,1,1.2
111,random,1,977,2.655999999999949,5.036000000000058,1,1.2
111,random,1,978,2.2359999999998763,2.1380000000003747,1,1.2
111,random,1,979,3.681999999999789,,1,1.2
111,random,2,1,0.37599999999999767,0.21400000000000574,0,1.2
111,random,2,3,0.33200000000000074,0.07200000000000273,0,1.2
111,random,2,5,0.8219999999999956,0.05000000000000426,0,1.2
111,random,2,7,1.740000000000002,0.21600000000000108,1,1.2
111,random,2,8,0.0379999999999967,3.716000000000001,0,1.2
111,random,2,9,1.5859999999999985,2.152000000000001,1,1.2
111,random,2,10,1.686,1.9040000000000035,1,1.2
111,random,2,11,1.8780000000000001,1.3879999999999981,1,1.2
111,random,2,12,2.131999999999998,1.4879999999999995,1,1.2
111,random,2,13,1.868000000000002,0.030000000000001137,1,1.2
111,random,2,14,0.2640000000000029,2.661999999999992,0,1.2
111,random,2,15,2.2960000000000065,0.01999999999999602,1,1.2
111,random,2,16,0.40399999999999636,4.062000000000012,0,1.2
111,random,2,17,1.7539999999999907,1.9080000000000013,1,1.2
111,random,2,18,1.4300000000000068,0.0759999999999934,1,1.2
111,random,2,19,0.08200000000000784,3.11399999999999,0,1.2
111,random,2,20,2.1260000000000048,0.21999999999999886,1,1.2
111,random,2,21,0.24800000000000466,3.437999999999988,0,1.2
111,random,2,22,1.3659999999999997,0.43200000000000216,1,1.2
111,random,2,23,0.12000000000000455,3.793999999999997,0,1.2
111,random,2,24,1.7560000000000002,0.2079999999999984,1,1.2
111,random,2,25,0.2580000000000098,4.215999999999994,0,1.2
111,random,2,26,2.010000000000005,0.060000000000002274,1,1.2
111,random,2,27,0.19599999999999795,4.7819999999999965,0,1.2
111,random,2,28,0.465999999999994,0.09000000000000341,0,1.2
111,random,2,30,1.7779999999999916,1.9440000000000026,1,1.2
111,random,2,31,2.195999999999998,1.6200000000000045,1,1.2
111,random,2,32,1.8799999999999955,0.08599999999999852,1,1.2
111,random,2,33,0.04600000000000648,3.0360000000000014,0,1.2
111,random,2,34,0.47400000000000375,0.011999999999986244,0,1.2
111,random,2,36,1.8760000000000048,0.10800000000000409,1,1.2
111,random,2,37,0.40799999999998704,4.682000000000016,0,1.2
111,random,2,38,0.10200000000000387,0.04200000000000159,0,1.2
111,random,2,40,2.0360000000000014,0.20199999999999818,1,1.2
111,random,2,41,0.2220000000000084,3.5519999999999925,0,1.2
111,random,2,42,1.6239999999999952,0.1220000000000141,1,1.2
111,random,2,43,0.4159999999999968,5.22999999999999,0,1.2
111,random,2,44,1.3619999999999948,1.3840000000000146,1,1.2
111,random,2,45,1.0740000000000123,0.015999999999991132,0,1.2
111,random,2,48,1.092000000000013,0.04999999999998295,0,1.2
111,random,2,50,2.165999999999997,0.18000000000000682,1,1.2
111,random,2,51,0.33199999999999363,2.5180000000000007,0,1.2
111,random,2,52,2.288000000000011,0.18000000000000682,1,1.2
111,random,2,53,0.1699999999999875,2.8600000000000136,0,1.2
111,random,2,54,2.1399999999999864,1.8079999999999927,1,1.2
111,random,2,55,2.312000000000012,0.10999999999998522,1,1.2
111,random,2,56,0.11800000000002342,3.0319999999999823,0,1.2
111,random,2,57,1.5320000000000107,0.02199999999999136,1,1.2
111,random,2,58,0.3060000000000116,0.027999999999991587,0,1.2
111,random,2,60,0.2300000000000182,3.3819999999999766,0,1.2
111,random,2,61,0.21600000000000819,5.671999999999997,0,1.2
111,random,2,62,1.1740000000000066,0.02600000000001046,0,1.2
111,random,2,64,0.7160000000000082,5.25,0,1.2
111,random,2,65,0.38800000000000523,0.013999999999981583,0,1.2
111,random,2,67,1.25,0.054000000000002046,1,1.2
111,random,2,68,0.7639999999999816,2.544000000000011,0,1.2
111,random,2,69,1.1519999999999868,3.920000000000016,0,1.2
111,random,2,70,1.789999999999992,0.14000000000001478,1,1.2
111,random,2,71,0.3059999999999832,2.6239999999999952,0,1.2
111,random,2,72,1.9380000000000166,0.10599999999999454,1,1.2
111,random,2,73,0.5879999999999939,3.9320000000000164,0,1.2
111,random,2,74,1.4299999999999784,0.2220000000000084,1,1.2
111,random,2,75,0.20199999999999818,3.0519999999999925,0,1.2
111,random,2,76,2.4540000000000077,0.0660000000000025,1,1.2
111,random,2,77,0.21000000000000796,3.1059999999999945,0,1.2
111,random,2,78,1.7379999999999995,1.5459999999999923,1,1.2
111,random,2,79,2.1180000000000234,1.889999999999958,1,1.2
111,random,2,80,3.274000000000001,0.14800000000002456,1,1.2
111,random,2,81,0.33600000000001273,2.73599999999999,0,1.2
111,random,2,82,3.7679999999999723,1.4440000000000168,1,1.2
111,random,2,83,0.06600000000003092,0.057999999999992724,0,1.2
111,random,2,85,4.067999999999984,0.16399999999998727,1,1.2
111,random,2,86,0.1379999999999768,4.504000000000019,0,1.2
111,random,2,87,0.5480000000000018,0.08400000000000318,0,1.2
111,random,2,89,1.3319999999999936,0.36000000000001364,1,1.2
111,random,2,90,0.13999999999998636,2.8940000000000055,0,1.2
111,random,2,91,2.1119999999999663,1.6440000000000055,1,1.2
111,random,2,92,2.2180000000000177,0.09600000000000364,1,1.2
111,random,2,93,0.25,3.6619999999999777,0,1.2
111,random,2,94,1.7959999999999923,0.08199999999999363,1,1.2
111,random,2,95,0.4399999999999977,2.730000000000018,0,1.2
111,random,2,96,1.3100000000000023,0.18000000000000682,1,1.2
111,random,2,97,0.6139999999999759,3.7000000000000455,0,1.2
111,random,2,98,2.0579999999999927,0.07599999999996498,1,1.2
111,random,2,99,0.2980000000000018,3.8500000000000227,0,1.2
111,random,2,100,0.5020000000000095,0.038000000000010914,0,1.2
111,random,2,102,2.0499999999999545,1.9660000000000082,1,1.2
111,random,2,103,1.891999999999996,0.06800000000004047,1,1.2
111,random,2,104,0.2839999999999918,0.029999999999972715,0,1.2
111,random,2,106,2.5400000000000205,2.085999999999956,1,1.2
111,random,2,107,3.688000000000045,0.057999999999992724,1,1.2
111,random,2,108,0.18199999999995953,3.8920000000000528,0,1.2
111,random,2,109,1.8059999999999832,0.055999999999983174,1,1.2
111,random,2,110,0.04200000000003001,0.07799999999997453,0,1.2
111,random,2,111,0.18599999999997863,2.451999999999998,0,1.2
111,random,2,112,2.108000000000004,1.9639999999999986,1,1.2
111,random,2,113,3.2860000000000014,2.0880000000000223,1,1.2
111,random,2,114,2.6340000000000146,1.5459999999999923,1,1.2
111,random,2,115,3.437999999999988,0.12400000000002365,1,1.2
111,random,2,116,0.27199999999999136,2.75,0,1.2
111,random,2,117,1.8079999999999927,0.02400000000000091,1,1.2
111,random,2,118,0.42399999999997817,3.066000000000031,0,1.2
111,random,2,119,2.548000000000002,0.14400000000000546,1,1.2
111,random,2,120,0.08599999999995589,3.326000000000022,0,1.2
111,random,2,121,2.048000000000002,0.07600000000002183,1,1.2
111,random,2,122,0.08199999999999363,3.8179999999999836,0,1.2
111,random,2,123,1.0559999999999832,0.07800000000003138,0,1.2
111,random,2,125,0.45400000000000773,0.060000000000002274,0,1.2
111,random,2,127,1.3880000000000337,2.093999999999994,1,1.2
111,random,2,128,1.6800000000000068,0.14999999999997726,1,1.2
111,random,2,129,0.2680000000000291,3.315999999999974,0,1.2
111,random,2,130,1.8799999999999955,0.012000000000000455,1,1.2
111,random,2,131,0.04400000000003956,0.012000000000000455,0,1.2
111,random,2,132,0.6879999999999882,3.325999999999965,0,1.2
111,random,2,133,2.7139999999999986,1.3680000000000518,1,1.2
111,random,2,134,2.6259999999999764,1.5620000000000118,1,1.2
111,random,2,135,3.6399999999999864,0.02400000000000091,1,1.2
111,random,2,136,0.17399999999997817,4.182000000000016,0,1.2
111,random,2,137,3.2060000000000173,0.05000000000001137,1,1.2
111,random,2,138,0.40999999999996817,3.2239999999999895,0,1.2
111,random,2,139,2.126000000000033,0.18799999999998818,1,1.2
111,random,2,140,0.30000000000001137,0.027999999999963165,0,1.2
111,random,2,142,2.7240000000000464,0.07799999999997453,1,1.2
111,random,2,143,0.42399999999997817,3.962000000000046,0,1.2
111,random,2,144,0.46399999999999864,3.829999999999984,0,1.2
111,random,2,145,1.1580000000000155,2.849999999999966,0,1.2
111,random,2,146,0.5520000000000209,4.171999999999969,0,1.2
111,random,2,147,0.8880000000000337,0.033999999999991815,0,1.2
111,random,2,149,1.7379999999999995,1.622000000000014,1,1.2
111,random,2,150,0.32399999999995543,3.0640000000000214,0,1.2
111,random,2,151,1.5219999999999914,0.014000000000010004,1,1.2
111,random,2,152,0.5400000000000205,2.269999999999982,0,1.2
111,random,2,153,2.0319999999999823,0.25200000000000955,1,1.2
111,random,2,154,0.16599999999999682,2.6680000000000064,0,1.2
111,random,2,155,2.187999999999988,0.11200000000002319,1,1.2
111,random,2,156,0.10199999999997544,3.725999999999999,0,1.2
111,random,2,157,2.708000000000027,1.7839999999999918,1,1.2
111,random,2,158,3.377999999999986,0.05000000000001137,1,1.2
111,random,2,159,0.19400000000001683,3.944000000000017,0,1.2
111,random,2,160,2.401999999999987,0.1239999999999668,1,1.2
111,random,2,161,0.10599999999999454,4.076000000000022,0,1.2
111,random,2,162,1.754000000000019,0.36799999999993815,1,1.2
111,random,2,163,0.22200000000009368,4.323999999999955,0,1.2
111,random,2,164,2.6720000000000255,3.1580000000000155,1,1.2
111,random,2,165,3.0319999999999254,0.09800000000007003,1,1.2
111,random,2,166,0.2999999999999545,2.94399999999996,0,1.2
111,random,2,167,2.852000000000089,1.8999999999999773,1,1.2
111,random,2,168,1.5900000000000318,0.033999999999991815,1,1.2
111,random,2,169,2.363999999999919,4.180000000000064,1,1.2
111,random,2,170,2.0860000000000127,2.367999999999938,1,1.2
111,random,2,171,4.762000000000057,0.06599999999991724,1,1.2
111,random,2,172,0.07200000000000273,4.442000000000007,0,1.2
111,random,2,173,2.674000000000092,0.5279999999999063,1,1.2
111,random,2,174,0.7480000000000473,4.331999999999994,0,1.2
111,random,2,175,0.9800000000000182,3.41599999999994,0,1.2
111,random,2,176,0.13400000000001455,3.3740000000000236,0,1.2
111,random,2,177,2.5979999999999563,0.044000000000096406,1,1.2
111,random,2,178,0.16999999999995907,3.47199999999998,0,1.2
111,random,2,179,1.7000000000000455,0.09399999999993724,1,1.2
111,random,2,180,1.6259999999999764,1.7380000000000564,1,1.2
111,random,2,181,1.9099999999999682,0.08600000000001273,1,1.2
111,random,2,182,0.42200000000002547,3.0599999999999454,0,1.2
111,random,2,183,1.774000000000001,0.08000000000004093,1,1.2
111,random,2,184,0.2259999999999991,4.727999999999952,0,1.2
111,random,2,185,2.254000000000019,0.05000000000006821,1,1.2
111,random,2,186,0.11799999999993815,3.02800000000002,0,1.2
111,random,2,187,2.1820000000000164,0.04200000000003001,1,1.2
111,random,2,188,0.10599999999999454,4.147999999999911,0,1.2
111,random,2,189,1.86200000000008,1.77800000000002,1,1.2
111,random,2,190,3.3019999999999072,0.04800000000000182,1,1.2
111,random,2,191,0.14800000000002456,3.990000000000009,0,1.2
111,random,2,192,1.740000000000009,2.2859999999999445,1,1.2
111,random,2,193,2.826000000000022,0.08400000000006003,1,1.2
111,random,2,194,0.4759999999999991,3.9739999999999327,0,1.2
111,random,2,195,1.788000000000011,2.6920000000000073,1,1.2
111,random,2,196,2.882000000000062,1.8859999999999673,1,1.2
111,random,2,197,4.812000000000012,0.04200000000003001,1,1.2
111,random,2,198,0.12999999999999545,3.349999999999909,0,1.2
111,random,2,199,1.8600000000000136,4.442000000000007,1,1.2
111,random,2,200,2.4540000000000646,2.51400000000001,1,1.2
111,random,2,201,2.6359999999999673,0.10799999999994725,1,1.2
111,random,2,202,0.18799999999998818,4.530000000000086,0,1.2
111,random,2,203,0.6399999999999864,0.014000000000010004,0,1.2
111,random,2,205,1.3339999999999463,0.004000000000019099,1,1.2
111,random,2,206,0.4880000000000564,4.661999999999921,0,1.2
111,random,2,207,2.009999999999991,2.6140000000000327,1,1.2
111,random,2,208,3.9840000000000373,3.0679999999999836,1,1.2
111,random,2,209,2.8640000000000327,4.548000000000002,1,1.2
111,random,2,210,1.7519999999999527,1.8840000000000146,1,1.2
111,random,2,211,0.5320000000000391,4.445999999999913,0,1.2
111,random,2,212,1.8640000000000327,0.02800000000002001,1,1.2
111,random,2,213,0.06399999999996453,2.048000000000002,0,1.2
111,random,2,214,2.788000000000011,0.11800000000005184,1,1.2
111,random,2,215,0.09399999999993724,3.4420000000000073,0,1.2
111,random,2,216,1.717999999999961,0.10200000000008913,1,1.2
111,random,2,217,0.2959999999999354,4.937999999999988,0,1.2
111,random,2,218,1.461999999999989,2.410000000000082,1,1.2
111,random,2,219,3.5699999999999363,4.8700000000000045,1,1.2
111,random,2,220,3.2200000000000273,0.05600000000004002,1,1.2
111,random,2,221,0.10999999999989996,5.730000000000018,0,1.2
111,random,2,222,1.594000000000051,4.244000000000028,1,1.2
111,random,2,223,1.7439999999999145,1.7320000000000846,1,1.2
111,random,2,224,3.44399999999996,2.3899999999999864,1,1.2
111,random,2,225,3.038000000000011,4.474000000000046,1,1.2
111,random,2,226,3.9879999999999427,4.774000000000001,1,1.2
111,random,2,227,3.8899999999999864,5.211999999999989,1,1.2
111,random,2,228,0.34000000000003183,5.087999999999965,0,1.2
111,random,2,229,1.1100000000000136,0.08800000000007913,0,1.2
111,random,2,231,1.5339999999999918,0.014000000000010004,1,1.2
111,random,2,232,0.40399999999999636,7.6299999999999955,0,1.2
111,random,2,233,2.183999999999969,2.3799999999999955,1,1.2
111,random,2,234,2.590000000000032,1.5679999999999836,1,1.2
111,random,2,235,3.7939999999999827,4.508000000000038,1,1.2
111,random,2,236,1.0639999999999645,4.289999999999964,0,1.2
111,random,2,237,1.7960000000000491,1.9360000000000355,1,1.2
111,random,2,238,4.435999999999922,0.02800000000002001,1,1.2
111,random,2,239,1.5720000000000027,0.06200000000001182,1,1.2
111,random,2,240,0.049999999999954525,2.4360000000000355,0,1.2
111,random,2,241,3.2340000000000373,8.244000000000028,1,1.2
111,random,2,242,2.2719999999999345,0.08799999999996544,1,1.2
111,random,2,243,0.19800000000009277,4.051999999999907,0,1.2
111,random,2,244,2.9700000000000273,1.7660000000000764,1,1.2
111,random,2,245,6.149999999999977,2.48599999999999,1,1.2
111,random,2,246,2.9560000000000173,0.011999999999943611,1,1.2
111,random,2,247,0.5320000000000391,5.5,0,1.2
111,random,2,248,2.5639999999999645,6.488000000000056,1,1.2
111,random,2,249,0.9900000000000091,4.895999999999958,0,1.2
111,random,2,250,2.288000000000011,3.990000000000009,1,1.2
111,random,2,251,1.9379999999999882,0.04399999999998272,1,1.2
111,random,2,252,0.06600000000003092,5.600000000000023,0,1.2
111,random,2,253,0.5539999999999736,3.0659999999999172,0,1.2
111,random,2,254,2.34800000000007,2.1079999999999472,1,1.2
111,random,2,255,4.745999999999981,3.0400000000000773,1,1.2
111,random,2,256,2.9139999999999873,0.04800000000000182,1,1.2
111,random,2,257,0.04200000000003001,5.315999999999917,0,1.2
111,random,2,258,3.494000000000028,5.433999999999969,1,1.2
111,random,2,259,0.4580000000000837,4.391999999999939,0,1.2
111,random,2,260,1.4440000000000737,0.06599999999991724,1,1.2
111,random,2,261,0.6399999999999864,4.0,0,1.2
111,random,2,262,1.608000000000061,1.67999999999995,1,1.2
111,random,2,263,3.966000000000008,2.590000000000032,1,1.2
111,random,2,264,4.587999999999965,2.730000000000018,1,1.2
111,random,2,265,4.926000000000045,3.477999999999952,1,1.2
111,random,2,266,2.475999999999999,0.05000000000006821,1,1.2
111,random,2,267,0.057999999999992724,3.0399999999999636,0,1.2
111,random,2,268,4.3700000000000045,0.10799999999994725,1,1.2
111,random,2,269,0.08000000000004093,5.153999999999996,0,1.2
111,random,2,270,2.3479999999999563,7.903999999999996,1,1.2
111,random,2,271,1.80600000000004,8.128000000000043,1,1.2
111,random,2,272,0.22199999999998,3.1680000000000064,0,1.2
111,random,2,273,1.566000000000031,3.183999999999969,1,1.2
111,random,2,274,3.230000000000018,5.218000000000075,1,1.2
111,random,2,275,3.2539999999999054,10.048000000000002,1,1.2
111,random,2,276,1.6779999999998836,1.518000000000029,1,1.2
111,random,2,277,4.180000000000064,1.9539999999999509,1,1.2
111,random,2,278,1.0720000000001164,7.096000000000004,0,1.2
111,random,2,279,0.10199999999986176,3.632000000000062,0,1.2
111,random,2,280,2.1340000000000146,1.7560000000000855,1,1.2
111,random,2,281,4.257999999999811,0.07600000000002183,1,1.2
111,random,2,282,0.5879999999999654,5.358000000000175,0,1.2
111,random,2,283,1.6759999999999309,5.870000000000118,1,1.2
111,random,2,284,2.341999999999871,2.5140000000001237,1,1.2
111,random,2,285,3.83199999999988,4.346000000000004,1,1.2
111,random,2,286,1.94399999999996,11.526000000000067,1,1.2
111,random,2,287,0.8240000000000691,0.005999999999858119,0,1.2
111,random,2,288,0.2660000000000764,3.7359999999998763,0,1.2
111,random,2,289,1.8580000000001746,3.268000000000029,1,1.2
111,random,2,290,2.2799999999999727,2.730000000000018,1,1.2
111,random,2,291,3.55399999999986,0.02800000000002001,1,1.2
111,random,2,292,0.4539999999999509,5.160000000000082,0,1.2
111,random,2,293,2.3840000000000146,8.59199999999987,1,1.2
111,random,2,294,0.3300000000001546,0.021999999999934516,0,1.2
111,random,2,296,1.6280000000001564,6.58199999999988,1,1.2
111,random,2,297,2.282000000000153,0.05199999999990723,1,1.2
111,random,2,298,0.03999999999996362,4.210000000000036,0,1.2
111,random,2,299,2.1920000000000073,4.923999999999978,1,1.2
111,random,2,300,1.8759999999999764,6.041999999999916,1,1.2
111,random,2,301,1.012000000000171,4.067999999999984,0,1.2
111,random,2,302,0.8940000000000055,0.13599999999996726,0,1.2
111,random,2,304,1.7920000000001437,1.4179999999998927,1,1.2
111,random,2,305,3.923999999999978,8.538000000000011,1,1.2
111,random,2,306,2.1660000000001673,2.821999999999889,1,1.2
111,random,2,307,4.346000000000004,4.902000000000044,1,1.2
111,random,2,308,1.69399999999996,2.675999999999931,1,1.2
111,random,2,309,4.461999999999989,3.731999999999971,1,1.2
111,random,2,310,2.1640000000002146,0.03399999999987813,1,1.2
111,random,2,311,0.4619999999999891,7.039999999999964,0,1.2
111,random,2,312,1.0740000000000691,0.03600000000005821,0,1.2
111,random,2,314,1.3940000000000055,1.6880000000001019,1,1.2
111,random,2,315,7.854000000000042,2.3559999999999945,1,1.2
111,random,2,316,5.309999999999945,0.12199999999984357,1,1.2
111,random,2,317,0.41600000000016735,0.038000000000010914,0,1.2
111,random,2,319,1.4780000000000655,1.9119999999998072,1,1.2
111,random,2,320,5.020000000000209,0.7479999999998199,1,1.2
111,random,2,321,1.6860000000001492,9.25,1,1.2
111,random,2,322,1.237999999999829,7.094000000000051,1,1.2
111,random,2,323,1.9980000000000473,10.200000000000045,1,1.2
111,random,2,324,1.7039999999999509,5.508000000000038,1,1.2
111,random,2,325,3.3640000000000327,3.967999999999847,1,1.2
111,random,2,326,2.4960000000000946,0.05199999999990723,1,1.2
111,random,2,327,0.16399999999998727,3.8900000000001,0,1.2
111,random,2,328,2.7000000000000455,6.1879999999998745,1,1.2
111,random,2,329,1.8880000000001473,0.02800000000002001,1,1.2
111,random,2,330,0.265999999999849,5.524000000000115,0,1.2
111,random,2,331,2.2480000000000473,8.932000000000016,1,1.2
111,random,2,332,1.8919999999998254,6.124000000000024,1,1.2
111,random,2,333,1.2940000000000964,0.0039999999999054126,1,1.2
111,random,2,334,0.39200000000005275,19.945999999999913,0,1.2
111,random,2,335,0.9640000000001692,3.487999999999829,0,1.2
111,random,2,336,1.4980000000000473,2.451999999999998,1,1.2
111,random,2,337,4.132000000000062,24.347999999999956,1,1.2
111,random,2,338,0.9420000000000073,3.5340000000001055,0,1.2
111,random,2,339,1.7059999999999036,1.6779999999998836,1,1.2
111,random,2,340,3.2040000000001783,5.124000000000024,1,1.2
111,random,2,341,2.421999999999798,36.92000000000007,1,1.2
111,random,2,342,1.2239999999999327,7.532000000000153,1,1.2
111,random,2,343,1.4980000000000473,11.159999999999854,1,1.2
111,random,2,344,2.6140000000000327,40.940000000000055,1,1.2
111,random,2,345,1.05399999999986,2.262000000000171,0,1.2
111,random,2,346,1.08199999999988,4.094000000000051,0,1.2
111,random,2,347,1.2080000000000837,2.571999999999889,1,1.2
111,random,2,348,4.3840000000000146,0.36200000000008004,1,1.2
111,random,2,349,0.2519999999999527,8.67599999999993,0,1.2
111,random,2,350,1.7740000000001146,14.669999999999845,1,1.2
111,random,2,351,1.8540000000000418,0.16399999999998727,1,1.2
111,random,2,352,0.14200000000005275,6.874000000000024,0,1.2
111,random,2,353,2.2940000000000964,2.939999999999827,1,1.2
111,random,2,354,4.604000000000042,6.097999999999956,1,1.2
111,random,2,355,1.678000000000111,7.251999999999953,1,1.2
111,random,2,356,2.4459999999999127,4.076000000000022,1,1.2
111,random,2,357,3.05600000000004,24.37000000000012,1,1.2
111,random,2,358,2.397999999999911,7.157999999999902,1,1.2
111,random,2,359,1.6740000000002055,7.939999999999827,1,1.2
111,random,2,360,2.268000000000029,6.908000000000129,1,1.2
111,random,2,361,0.18599999999992178,0.15200000000004366,0,1.2
111,random,2,363,1.0499999999999545,0.049999999999954525,0,1.2
111,random,2,365,2.0799999999999272,0.07400000000006912,1,1.2
111,random,2,366,0.35999999999989996,8.804000000000087,0,1.2
111,random,2,367,2.6340000000000146,4.4939999999999145,1,1.2
111,random,2,368,2.377999999999929,27.646000000000186,1,1.2
111,random,2,369,1.9179999999998927,6.314000000000078,1,1.2
111,random,2,370,1.6720000000000255,8.295999999999822,1,1.2
111,random,2,371,2.9160000000001673,10.529999999999973,1,1.2
111,random,2,372,1.22199999999998,19.965999999999894,1,1.2
111,random,2,373,1.2960000000000491,0.06600000000003092,1,1.2
111,random,2,374,0.2760000000000673,9.759999999999991,0,1.2
111,random,2,375,1.990000000000009,8.134000000000015,1,1.2
111,random,2,376,1.6579999999999018,7.466000000000122,1,1.2
111,random,2,377,1.7559999999998581,14.117999999999938,1,1.2
111,random,2,378,3.1480000000001382,16.75,1,1.2
111,random,2,379,2.8279999999999745,9.756000000000085,1,1.2
111,random,2,380,2.717999999999847,9.346000000000004,1,1.2
111,random,2,381,2.0900000000001455,48.37799999999993,1,1.2
111,random,2,382,1.4539999999999509,0.12000000000011823,1,1.2
111,random,2,383,0.13400000000001455,4.961999999999989,0,1.2
111,random,2,384,1.8419999999998709,0.07600000000002183,1,1.2
111,random,2,385,0.2580000000000382,5.298000000000002,0,1.2
111,random,2,386,2.923999999999978,0.10200000000008913,1,1.2
111,random,2,387,0.2339999999999236,9.427999999999884,0,1.2
111,random,2,388,1.6000000000001364,7.683999999999969,1,1.2
111,random,2,389,0.6720000000000255,3.9179999999998927,0,1.2
111,random,2,390,1.3820000000000618,0.02800000000002001,1,1.2
111,random,2,391,0.39000000000010004,5.013999999999896,0,1.2
111,random,2,392,3.349999999999909,0.08000000000015461,1,1.2
111,random,2,393,0.14400000000000546,10.505999999999858,0,1.2
111,random,2,394,1.0360000000000582,3.872000000000071,0,1.2
111,random,2,395,2.6539999999999964,7.207999999999856,1,1.2
111,random,2,396,1.5520000000001346,0.10599999999999454,1,1.2
111,random,2,397,0.12400000000002365,9.53599999999983,0,1.2
111,random,2,398,5.288000000000011,15.922000000000253,1,1.2
111,random,2,399,0.11999999999989086,23.90599999999995,0,1.2
111,random,2,400,1.2579999999998108,0.2580000000002656,1,1.2
111,random,2,401,0.8279999999999745,51.61200000000008,0,1.2
111,random,2,402,1.8899999999998727,0.068000000000211,1,1.2
111,random,2,403,0.2179999999998472,27.56399999999985,0,1.2
111,random,2,404,1.5840000000002874,0.1499999999996362,1,1.2
111,random,2,405,0.09600000000000364,191.06200000000035,0,1.2
111,random,2,406,0.7159999999998945,4.342000000000098,0,1.2
111,random,2,407,1.7659999999996217,4.604000000000269,1,1.2
111,random,2,408,0.3079999999999927,3.231999999999971,0,1.2
111,random,2,409,1.2040000000001783,9.341999999999643,1,1.2
111,random,2,410,2.012000000000171,0.11200000000008004,1,1.2
111,random,2,411,0.1679999999996653,81.54200000000037,0,1.2
111,random,2,412,1.3840000000000146,12.681999999999789,1,1.2
111,random,2,413,1.768000000000029,11.88799999999992,1,1.2
111,random,2,414,2.1820000000002437,0.08399999999983265,1,1.2
111,random,2,415,0.5979999999999563,15.338000000000193,0,1.2
111,random,2,416,2.7539999999999054,16.721999999999753,1,1.2
111,random,2,417,2.5080000000002656,151.51999999999998,1,1.2
111,random,2,418,0.875999999999749,0.06400000000030559,0,1.2
111,random,2,420,1.5059999999998581,0.05999999999994543,1,1.2
111,random,2,421,0.3420000000000982,9.445999999999913,0,1.2
111,random,2,422,2.456000000000131,7.3419999999996435,1,1.2
111,random,2,423,0.3720000000002983,43.552000000000135,0,1.2
111,random,2,424,1.631999999999607,8.55600000000004,1,1.2
111,random,2,425,1.874000000000251,482.6439999999998,1,1.2
111,random,2,426,2.3160000000002583,2.536000000000058,1,1.2
111,random,2,427,3.925999999999931,3.099999999999909,1,1.2
111,random,2,428,3.94399999999996,578.576,1,1.2
111,random,2,429,1.0160000000000764,3.02599999999984,0,1.2
111,random,2,430,1.61200000000008,0.02599999999983993,1,1.2
111,random,2,431,0.22000000000025466,7.099999999999909,0,1.2
111,random,2,432,2.1700000000000728,4.161999999999807,1,1.2
111,random,2,433,4.22400000000016,3.981999999999971,1,1.2
111,random,2,434,0.17399999999997817,3.742000000000189,0,1.2
111,random,2,435,2.5019999999999527,25.115999999999985,1,1.2
111,random,2,436,1.4800000000000182,0.09199999999964348,1,1.2
111,random,2,437,0.18400000000019645,7.190000000000055,0,1.2
111,random,2,438,1.9539999999997235,18.440000000000055,1,1.2
111,random,2,439,1.4540000000001783,0.08199999999987995,1,1.2
111,random,2,440,0.11000000000012733,5.94399999999996,0,1.2
111,random,2,441,1.7440000000001419,29.98799999999983,1,1.2
111,random,2,442,0.6140000000000327,2.7719999999999345,0,1.2
111,random,2,443,2.4960000000000946,7.960000000000036,1,1.2
111,random,2,444,2.3980000000001382,34.96399999999994,1,1.2
111,random,2,445,1.6399999999998727,38.33800000000019,1,1.2
111,random,2,446,1.5979999999999563,12.149999999999636,1,1.2
111,random,2,447,0.41800000000012005,4.492000000000189,0,1.2
111,random,2,448,1.6019999999998618,52.327999999999975,1,1.2
111,random,2,449,1.0619999999998981,0.03400000000056025,0,1.2
111,random,2,451,1.8319999999994252,19.720000000000255,1,1.2
111,random,2,452,1.1340000000000146,0.09799999999995634,0,1.2
111,random,2,454,1.8919999999998254,13.67200000000048,1,1.2
111,random,2,455,2.0319999999992433,189.02000000000044,1,1.2
111,random,2,456,0.774000000000342,3.759999999999309,0,1.2
111,random,2,457,1.0200000000004366,479.65999999999985,0,1.2
111,random,2,458,1.181999999999789,4.298000000000684,0,1.2
111,random,2,459,1.2119999999995343,0.02999999999974534,1,1.2
111,random,2,460,0.32999999999992724,677.9280000000008,0,1.2
111,random,2,461,1.2239999999992506,10.91400000000067,1,1.2
111,random,2,462,1.8779999999997017,714.9260000000004,1,1.2
111,random,2,463,1.5839999999998327,779.884,1,1.2
111,random,2,464,0.9699999999993452,2.686000000000604,0,1.2
111,random,2,465,1.405999999999949,8.438000000000102,1,1.2
111,random,2,466,1.8260000000000218,,1,1.2
112,retract,1,1,0.46399999999999864,7.152000000000001,0,0.0
112,retract,1,2,0.6180000000000021,2.323999999999998,1,0.0
112,retract,1,3,0.5039999999999978,2.314,1,0.0
112,retract,1,4,0.6960000000000051,2.945999999999998,1,0.0
112,retract,1,5,0.5859999999999985,2.8100000000000023,0,0.0
112,retract,1,6,0.3200000000000003,2.0060000000000002,0,0.0
112,retract,1,7,0.3159999999999954,1.7040000000000006,0,0.0
112,retract,1,8,0.4280000000000044,2.8939999999999984,0,0.0
112,retract,1,9,0.41799999999999926,2.2479999999999976,0,0.0
112,retract,1,10,0.18000000000000682,1.7439999999999998,0,0.0
112,retract,1,11,0.17399999999999238,0.031999999999996476,0,0.0
112,retract,1,14,0.8060000000000116,0.0239999999999867,1,0.0
112,retract,1,15,0.4340000000000117,2.6779999999999973,0,0.0
112,retract,1,16,0.8900000000000006,7.891999999999996,1,0.0
112,retract,1,17,0.32399999999999807,1.7340000000000089,0,0.0
112,retract,1,18,0.4159999999999968,1.2539999999999907,0,0.0
112,retract,1,19,0.39000000000000057,0.9560000000000031,0,0.0
112,retract,1,20,0.3200000000000074,1.9039999999999964,0,0.0
112,retract,1,21,0.5679999999999978,1.3960000000000008,0,0.0
112,retract,1,22,0.7120000000000033,0.9339999999999975,1,0.0
112,retract,1,23,0.4959999999999951,3.436000000000007,0,0.0
112,retract,1,24,0.060000000000002274,2.7139999999999986,0,0.0
112,retract,1,25,0.22999999999998977,1.51400000000001,0,0.0
112,retract,1,26,0.3299999999999983,2.4680000000000035,0,0.0
112,retract,1,27,0.2839999999999918,12.070000000000007,0,0.0
112,retract,1,28,0.0379999999999967,3.995999999999995,0,0.0
112,retract,1,29,0.42199999999999704,1.6920000000000073,0,0.0
112,retract,1,30,0.5960000000000036,1.269999999999996,0,0.0
112,retract,1,31,0.4899999999999949,3.5120000000000005,0,0.0
112,retract,1,32,0.32800000000001717,4.521999999999991,0,0.0
112,retract,1,33,0.33799999999999386,1.6939999999999884,0,0.0
112,retract,1,34,0.30400000000000205,0.7480000000000189,0,0.0
112,retract,1,35,0.0660000000000025,0.0619999999999834,0,0.0
112,retract,1,37,0.8220000000000027,7.168000000000006,1,0.0
112,retract,1,38,0.1419999999999959,9.806000000000012,0,0.0
112,retract,1,39,0.23399999999998045,2.3760000000000048,0,0.0
112,retract,1,40,0.15000000000000568,4.1980000000000075,0,0.0
112,retract,1,41,0.5379999999999825,1.4920000000000186,0,0.0
112,retract,1,42,0.44599999999999795,0.013999999999981583,0,0.0
112,retract,1,44,0.2079999999999984,4.9879999999999995,0,0.0
112,retract,1,45,0.2740000000000009,2.1359999999999957,0,0.0
112,retract,1,46,1.1020000000000039,2.5260000000000105,1,0.0
112,retract,1,47,0.5759999999999934,2.4399999999999977,0,0.0
112,retract,1,48,0.32800000000000296,2.593999999999994,0,0.0
112,retract,1,49,0.29000000000002046,1.47199999999998,0,0.0
112,retract,1,50,0.26600000000001955,1.5459999999999923,0,0.0
112,retract,1,51,0.3100000000000023,2.769999999999982,0,0.0
112,retract,1,52,0.06400000000002137,2.548000000000002,0,0.0
112,retract,1,53,0.2560000000000002,27.377999999999986,0,0.0
112,retract,1,54,0.6040000000000134,0.1559999999999775,1,0.0
112,retract,1,55,0.060000000000002274,3.2580000000000098,0,0.0
112,retract,1,56,0.18600000000000705,4.141999999999996,0,0.0
112,retract,1,57,0.3719999999999857,1.4920000000000186,0,0.0
112,retract,1,58,0.4420000000000073,2.1219999999999857,0,0.0
112,retract,1,59,0.38400000000001455,4.041999999999973,0,0.0
112,retract,1,60,0.160000000000025,2.5660000000000025,0,0.0
112,retract,1,61,0.38399999999998613,8.469999999999999,0,0.0
112,retract,1,62,0.51400000000001,0.04399999999998272,0,0.0
112,retract,1,64,0.2639999999999816,1.5460000000000207,0,0.0
112,retract,1,65,0.5240000000000009,1.9519999999999698,0,0.0
112,retract,1,66,0.7700000000000387,2.909999999999968,1,0.0
112,retract,1,67,0.38400000000001455,1.589999999999975,0,0.0
112,retract,1,68,0.40800000000001546,2.6999999999999886,0,0.0
112,retract,1,69,0.09399999999999409,1.7800000000000296,0,0.0
112,retract,1,70,0.4399999999999977,1.6999999999999886,0,0.0
112,retract,1,71,0.15800000000001546,2.0919999999999845,0,0.0
112,retract,1,72,1.4460000000000264,2.339999999999975,1,0.0
112,retract,1,73,1.1860000000000355,1.94399999999996,1,0.0
112,retract,1,74,0.6940000000000168,6.759999999999991,1,0.0
112,retract,1,75,0.057999999999992724,3.518000000000029,0,0.0
112,retract,1,76,0.5939999999999941,1.7899999999999636,0,0.0
112,retract,1,77,0.9480000000000359,2.409999999999968,1,0.0
112,retract,1,78,0.5380000000000109,0.9580000000000268,0,0.0
112,retract,1,79,0.28600000000000136,1.711999999999989,0,0.0
112,retract,1,80,0.8700000000000045,2.1359999999999673,1,0.0
112,retract,1,81,0.8160000000000309,1.863999999999976,1,0.0
112,retract,1,82,0.7599999999999909,1.886000000000024,1,0.0
112,retract,1,83,0.9800000000000182,3.863999999999976,1,0.0
112,retract,1,84,0.35000000000002274,2.5819999999999936,0,0.0
112,retract,1,85,0.49399999999997135,2.854000000000042,0,0.0
112,retract,1,86,0.3019999999999641,0.008000000000038199,0,0.0
112,retract,1,87,0.23799999999999955,4.395999999999958,0,0.0
112,retract,1,88,0.9120000000000346,0.14999999999997726,1,0.0
112,retract,1,89,0.1260000000000332,1.3339999999999463,0,0.0
112,retract,1,90,0.8220000000000027,1.8320000000000505,1,0.0
112,retract,1,91,0.2759999999999536,0.016000000000019554,0,0.0
112,retract,1,93,0.9139999999999873,1.4440000000000168,1,0.0
112,retract,1,94,0.9839999999999804,2.2420000000000186,1,0.0
112,retract,1,95,0.09399999999999409,0.1220000000000141,0,0.0
112,retract,1,97,0.42799999999999727,1.495999999999981,0,0.0
112,retract,1,98,0.8020000000000209,3.7339999999999804,1,0.0
112,retract,1,99,1.0319999999999823,2.9500000000000455,1,0.0
112,retract,1,100,0.7659999999999627,2.334000000000003,0,0.0
112,retract,1,101,0.09000000000003183,0.031999999999982265,0,0.0
112,retract,1,103,0.7860000000000014,1.6779999999999973,0,0.0
112,retract,1,104,0.8499999999999659,0.36000000000001364,1,0.0
112,retract,1,105,0.06799999999998363,2.4960000000000377,0,0.0
112,retract,1,106,0.6719999999999686,0.9960000000000377,0,0.0
112,retract,1,107,0.34199999999998454,1.6259999999999764,0,0.0
112,retract,1,108,0.7760000000000105,1.274000000000001,0,0.0
112,retract,1,109,0.5600000000000023,0.910000000000025,0,0.0
112,retract,1,110,0.3879999999999768,0.7400000000000091,0,0.0
112,retract,1,111,0.11000000000001364,5.641999999999996,0,0.0
112,retract,1,112,0.6979999999999791,2.2719999999999914,0,0.0
112,retract,1,113,0.7119999999999891,3.1059999999999945,0,0.0
112,retract,1,114,0.5300000000000296,1.7199999999999704,0,0.0
112,retract,1,115,0.6280000000000427,0.027999999999963165,0,0.0
112,retract,1,117,0.1339999999999577,2.4120000000000346,0,0.0
112,retract,1,118,0.325999999999965,4.316000000000031,0,0.0
112,retract,1,119,0.20199999999999818,1.5199999999999818,0,0.0
112,retract,1,120,0.5540000000000305,0.025999999999953616,0,0.0
112,retract,1,122,0.5500000000000114,14.075999999999965,0,0.0
112,retract,1,123,0.9460000000000264,4.286000000000001,1,0.0
112,retract,1,124,0.6499999999999773,1.0720000000000027,0,0.0
112,retract,1,125,0.48399999999998045,1.1820000000000164,0,0.0
112,retract,1,126,0.8340000000000032,2.4979999999999905,1,0.0
112,retract,1,127,0.45400000000000773,1.5339999999999918,0,0.0
112,retract,1,128,0.5459999999999923,1.0600000000000023,0,0.0
112,retract,1,129,0.5480000000000018,1.6659999999999968,0,0.0
112,retract,1,130,0.8160000000000309,3.6859999999999786,1,0.0
112,retract,1,131,0.7340000000000373,0.9979999999999905,0,0.0
112,retract,1,132,0.5919999999999845,1.2620000000000005,0,0.0
112,retract,1,133,1.9460000000000264,7.822000000000003,1,0.0
112,retract,1,134,0.23399999999998045,1.5720000000000027,0,0.0
112,retract,1,135,0.3439999999999941,1.4359999999999786,0,0.0
112,retract,1,136,0.6000000000000227,2.673999999999978,0,0.0
112,retract,1,137,0.9139999999999873,0.040000000000020464,1,0.0
112,retract,1,138,0.06600000000003092,5.009999999999991,0,0.0
112,retract,1,139,1.0559999999999832,1.6680000000000064,1,0.0
112,retract,1,140,0.4619999999999891,4.045999999999992,0,0.0
112,retract,1,141,0.396000000000015,1.6259999999999764,0,0.0
112,retract,1,142,1.0060000000000286,2.4699999999999704,1,0.0
112,retract,1,143,0.36000000000001364,2.6059999999999945,0,0.0
112,retract,1,144,0.5099999999999909,1.1400000000000432,0,0.0
112,retract,1,145,1.0020000000000095,0.1279999999999859,1,0.0
112,retract,1,146,0.25200000000000955,2.3460000000000036,0,0.0
112,retract,1,147,1.0179999999999723,6.055999999999983,1,0.0
112,retract,1,148,0.2880000000000109,2.466000000000008,0,0.0
112,retract,1,149,1.052000000000021,1.3739999999999668,1,0.0
112,retract,1,150,0.7880000000000109,1.2620000000000005,0,0.0
112,retract,1,151,0.8279999999999745,3.5740000000000123,1,0.0
112,retract,1,152,0.5840000000000032,0.9660000000000082,0,0.0
112,retract,1,153,0.7440000000000282,1.1219999999999573,0,0.0
112,retract,1,154,0.32600000000002183,1.7199999999999704,0,0.0
112,retract,1,155,0.7200000000000273,3.7759999999999536,0,0.0
112,retract,1,156,0.6080000000000609,1.711999999999989,0,0.0
112,retract,1,157,1.3579999999999472,2.1680000000000064,1,0.0
112,retract,1,158,0.5679999999999836,1.0680000000000973,0,0.0
112,retract,1,159,0.45799999999997,0.033999999999991815,0,0.0
112,retract,1,161,0.62399999999991,2.3460000000000036,0,0.0
112,retract,1,162,0.5180000000000291,0.6440000000000055,0,0.0
112,retract,1,163,0.5839999999999463,4.368000000000052,0,0.0
112,retract,1,164,0.18200000000001637,6.531999999999925,0,0.0
112,retract,1,165,0.43000000000006366,0.04200000000003001,0,0.0
112,retract,1,167,0.42600000000004457,3.7620000000000573,0,0.0
112,retract,1,168,0.835999999999899,9.242000000000075,1,0.0
112,retract,1,169,0.057999999999992724,1.627999999999929,0,0.0
112,retract,1,170,0.37400000000002365,2.018000000000029,0,0.0
112,retract,1,171,0.6639999999999873,1.1240000000000236,0,0.0
112,retract,1,172,1.018000000000029,0.08999999999991815,1,0.0
112,retract,1,173,0.17799999999999727,2.5720000000000027,0,0.0
112,retract,1,174,0.9920000000000755,1.6319999999999482,1,0.0
112,retract,1,175,1.7419999999999618,1.9220000000000255,1,0.0
112,retract,1,176,0.4420000000000073,2.259999999999991,0,0.0
112,retract,1,177,0.6019999999999754,1.5600000000000591,0,0.0
112,retract,1,178,0.5539999999999736,0.04000000000007731,0,0.0
112,retract,1,180,0.7279999999999518,1.3000000000000682,0,0.0
112,retract,1,181,0.66599999999994,0.10200000000008913,0,0.0
112,retract,1,183,0.5759999999999081,0.033999999999991815,0,0.0
112,retract,1,185,1.1880000000001019,1.8059999999999263,1,0.0
112,retract,1,186,0.8640000000000327,1.552000000000021,1,0.0
112,retract,1,187,0.4800000000000182,1.5339999999999918,0,0.0
112,retract,1,188,0.2899999999999636,3.758000000000038,0,0.0
112,retract,1,189,0.4339999999999691,0.09399999999993724,0,0.0
112,retract,1,191,0.7160000000000082,1.5199999999999818,0,0.0
112,retract,1,192,1.1660000000000537,2.0939999999999372,1,0.0
112,retract,1,193,1.3640000000000327,1.52800000000002,1,0.0
112,retract,1,194,1.1759999999999309,3.230000000000018,1,0.0
112,retract,1,195,0.84800000000007,1.3719999999999573,0,0.0
112,retract,1,196,0.8659999999999854,2.562000000000012,0,0.0
112,retract,1,197,1.4139999999999873,3.1420000000000528,1,0.0
112,retract,1,198,0.5259999999999536,1.433999999999969,0,0.0
112,retract,1,199,1.1000000000000227,1.538000000000011,1,0.0
112,retract,1,200,0.8500000000000227,1.4180000000000064,0,0.0
112,retract,1,201,1.0319999999999254,1.6300000000001091,1,0.0
112,retract,1,202,1.0179999999999154,1.7620000000000573,1,0.0
112,retract,1,203,0.7259999999999991,1.6739999999999782,0,0.0
112,retract,1,204,1.0819999999999936,1.740000000000009,1,0.0
112,retract,1,205,0.6219999999999573,2.858000000000061,0,0.0
112,retract,1,206,1.2659999999999627,1.8859999999999673,1,0.0
112,retract,1,207,0.8720000000000709,0.06399999999996453,0,0.0
112,retract,1,209,0.7139999999999418,1.774000000000001,0,0.0
112,retract,1,210,1.0960000000000036,1.2759999999999536,1,0.0
112,retract,1,211,0.8800000000001091,0.03799999999989723,0,0.0
112,retract,1,213,1.2779999999999063,1.4039999999999964,1,0.0
112,retract,1,214,1.0900000000000318,1.5220000000000482,1,0.0
112,retract,1,215,1.0599999999999454,0.04600000000004911,1,0.0
112,retract,1,216,0.09199999999998454,1.3959999999999582,0,0.0
112,retract,1,217,1.2620000000000573,4.9220000000000255,1,0.0
112,retract,1,218,0.16199999999992087,1.59800000000007,0,0.0
112,retract,1,219,0.7819999999999254,1.844000000000051,0,0.0
112,retract,1,220,0.3160000000000309,0.6179999999999382,0,0.0
112,retract,1,221,0.18799999999998818,1.2939999999999827,0,0.0
112,retract,1,222,0.36800000000005184,1.282000000000039,0,0.0
112,retract,1,223,0.9259999999999309,1.1580000000000155,0,0.0
112,retract,1,224,0.7759999999999536,0.05600000000004002,0,0.0
112,retract,1,226,0.5760000000000218,0.7119999999999891,0,0.0
112,retract,1,227,0.5439999999999827,0.8679999999999382,0,0.0
112,retract,1,228,0.8780000000000427,1.7019999999999982,0,0.0
112,retract,1,229,0.6399999999999864,7.05600000000004,0,0.0
112,retract,1,230,0.9279999999999973,0.02800000000002001,0,0.0
112,retract,1,232,0.98599999999999,1.5740000000000691,0,0.0
112,retract,1,233,0.8319999999999936,2.0539999999999736,0,0.0
112,retract,1,234,0.59800000000007,1.7979999999998881,0,0.0
112,retract,1,235,0.9020000000000437,1.5439999999999827,0,0.0
112,retract,1,236,0.40399999999999636,0.18000000000006366,0,0.0
112,retract,1,238,0.19000000000005457,0.06399999999996453,0,0.0
112,retract,1,240,0.9679999999999609,1.3339999999999463,0,0.0
112,retract,1,241,1.3240000000000691,0.9180000000000064,1,0.0
112,retract,1,242,0.4839999999999236,2.5960000000000036,0,0.0
112,retract,1,243,1.1059999999999945,5.36200000000008,1,0.0
112,retract,1,244,0.2659999999999627,1.7240000000000464,0,0.0
112,retract,1,245,0.8039999999999736,1.1179999999999382,0,0.0
112,retract,1,246,0.7180000000000746,0.029999999999972715,0,0.0
112,retract,1,248,1.3040000000000873,1.4799999999999045,1,0.0
112,retract,1,249,1.024000000000001,1.5780000000000882,1,0.0
112,retract,1,250,0.8679999999999382,0.02800000000002001,0,0.0
112,retract,1,252,0.8579999999999472,1.2720000000000482,0,0.0
112,retract,1,253,0.9359999999999218,1.5120000000000573,0,0.0
112,retract,1,254,1.1159999999999854,4.177999999999997,1,0.0
112,retract,1,255,0.41200000000003456,1.15199999999993,0,0.0
112,retract,1,256,0.5740000000000691,0.8400000000000318,0,0.0
112,retract,1,257,0.9180000000000064,0.04399999999998272,0,0.0
112,retract,1,259,0.7060000000000173,0.022000000000048203,0,0.0
112,retract,1,261,1.3199999999999363,2.76400000000001,1,0.0
112,retract,1,262,0.4779999999999518,1.1400000000001,0,0.0
112,retract,1,263,1.5259999999999536,5.850000000000023,1,0.0
112,retract,1,264,0.4599999999999227,1.0500000000000682,0,0.0
112,retract,1,265,0.9379999999999882,6.967999999999961,0,0.0
112,retract,1,266,0.42600000000004457,1.8220000000000027,0,0.0
112,retract,1,267,0.17999999999994998,2.36200000000008,0,0.0
112,retract,1,268,0.7019999999999982,1.0179999999999154,0,0.0
112,retract,1,269,1.1760000000000446,1.9940000000000282,1,0.0
112,retract,1,270,1.0439999999999827,2.44399999999996,1,0.0
112,retract,1,271,1.225999999999999,1.5779999999999745,1,0.0
112,retract,1,272,0.8799999999999955,1.4740000000000464,0,0.0
112,retract,1,273,0.39400000000000546,1.594000000000051,0,0.0
112,retract,1,274,0.9379999999999882,1.13799999999992,0,0.0
112,retract,1,275,0.8540000000000418,1.155999999999949,0,0.0
112,retract,1,276,1.5600000000000591,1.4260000000000446,1,0.0
112,retract,1,277,1.211999999999989,4.189999999999941,1,0.0
112,retract,1,278,0.5660000000000309,1.1860000000000355,0,0.0
112,retract,1,279,1.1459999999999582,8.323999999999955,1,0.0
112,retract,1,280,0.19000000000005457,2.1860000000000355,0,0.0
112,retract,1,281,0.42399999999997817,0.04399999999998272,0,0.0
112,retract,1,283,0.2319999999999709,1.052000000000021,0,0.0
112,retract,1,284,0.4779999999999518,1.4540000000000646,0,0.0
112,retract,1,285,0.7999999999999545,0.04600000000004911,0,0.0
112,retract,1,287,0.9800000000000182,2.8579999999999472,0,0.0
112,retract,1,288,1.1639999999999873,1.872000000000071,1,0.0
112,retract,1,289,0.038000000000010914,0.03199999999992542,0,0.0
112,retract,1,291,0.7339999999999236,0.8840000000000146,0,0.0
112,retract,1,292,0.8720000000000709,2.991999999999962,0,0.0
112,retract,1,293,0.7319999999999709,1.3619999999999663,0,0.0
112,retract,1,294,0.8580000000000609,1.3439999999999372,0,0.0
112,retract,1,295,2.018000000000029,2.8700000000000045,1,0.0
112,retract,1,296,0.4379999999999882,1.8920000000000528,0,0.0
112,retract,1,297,0.8279999999999745,1.4039999999999964,0,0.0
112,retract,1,298,0.6860000000000355,2.72199999999998,0,0.0
112,retract,1,299,0.5499999999999545,0.8899999999999864,0,0.0
112,retract,1,300,0.8799999999999955,0.9920000000000755,0,0.0
112,retract,1,301,0.2039999999999509,2.2480000000000473,0,0.0
112,retract,1,302,0.4940000000000282,1.2239999999999327,0,0.0
112,retract,1,303,0.2839999999999918,29.34400000000005,0,0.0
112,retract,1,304,0.40199999999992997,8.774000000000001,0,0.0
112,retract,1,305,0.7599999999999909,1.4840000000000373,0,0.0
112,retract,1,306,0.6480000000000246,1.566000000000031,0,0.0
112,retract,1,307,0.9199999999999591,1.0900000000000318,0,0.0
112,retract,1,308,1.1459999999999582,4.446000000000026,1,0.0
112,retract,1,309,1.0720000000000027,1.1899999999999409,0,0.0
112,retract,1,310,0.32200000000000273,0.9700000000000273,0,0.0
112,retract,1,311,0.22000000000002728,1.6159999999999854,0,0.0
112,retract,1,312,1.024000000000001,2.3039999999999736,0,0.0
112,retract,1,313,0.6059999999999945,0.8000000000000682,0,0.0
112,retract,1,314,0.38999999999998636,0.7719999999999345,0,0.0
112,retract,1,315,0.6399999999999864,0.04800000000000182,0,0.0
112,retract,1,317,1.0739999999999554,0.8360000000000127,0,0.0
112,retract,1,318,0.8580000000000609,0.9539999999999509,0,0.0
112,retract,1,319,0.21600000000000819,4.645999999999958,0,0.0
112,retract,1,320,0.15399999999999636,13.081999999999994,0,0.0
112,retract,1,321,1.07000000000005,0.04399999999998272,0,0.0
112,retract,1,323,0.8139999999999645,1.745999999999981,0,0.0
112,retract,1,324,0.9640000000000555,0.9660000000000082,0,0.0
112,retract,1,325,1.1639999999999873,1.9420000000000073,1,0.0
112,retract,1,326,0.9180000000000064,1.2039999999999509,0,0.0
112,retract,1,327,0.61200000000008,2.25,0,0.0
112,retract,1,328,1.0979999999999563,1.5960000000000036,0,0.0
112,retract,1,329,0.9360000000000355,0.7519999999999527,0,0.0
112,retract,1,330,0.51400000000001,1.1240000000000236,0,0.0
112,retract,1,331,0.9320000000000164,0.04800000000000182,0,0.0
112,retract,1,333,0.38600000000008095,1.524000000000001,0,0.0
112,retract,1,334,0.6719999999999118,6.138000000000034,0,0.0
112,retract,1,335,0.98599999999999,0.7900000000000773,0,0.0
112,retract,1,336,1.1920000000000073,2.7879999999998972,1,0.0
112,retract,1,337,1.094000000000051,11.865999999999985,0,0.0
112,retract,1,338,0.3300000000000409,1.0419999999999163,0,0.0
112,retract,1,339,0.75,0.7820000000000391,0,0.0
112,retract,1,340,0.9220000000000255,0.7160000000000082,0,0.0
112,retract,1,341,1.3120000000000118,11.67599999999993,1,0.0
112,retract,1,342,0.3140000000000782,1.66599999999994,0,0.0
112,retract,1,343,0.5060000000000855,2.673999999999978,0,0.0
112,retract,1,344,0.6279999999999291,0.0340000000001055,0,0.0
112,retract,1,346,0.94399999999996,1.0800000000001546,0,0.0
112,retract,1,347,1.518000000000029,11.617999999999938,1,0.0
112,retract,1,348,0.8740000000000236,1.6859999999999218,0,0.0
112,retract,1,349,1.0399999999999636,1.2080000000000837,0,0.0
112,retract,1,350,1.4459999999999127,2.9780000000000655,1,0.0
112,retract,1,351,0.9880000000000564,0.7719999999999345,0,0.0
112,retract,1,352,0.09600000000000364,0.03999999999996362,0,0.0
112,retract,1,354,0.9039999999999964,1.4179999999998927,0,0.0
112,retract,1,355,0.9940000000001419,1.4479999999998654,0,0.0
112,retract,1,356,0.8000000000001819,0.9099999999998545,0,0.0
112,retract,1,357,0.5180000000000291,1.2840000000001055,0,0.0
112,retract,1,358,1.1759999999999309,1.849999999999909,1,0.0
112,retract,1,359,1.050000000000182,1.2639999999998963,0,0.0
112,retract,1,360,1.1259999999999764,0.0340000000001055,1,0.0
112,retract,1,361,0.06399999999985084,3.408000000000129,0,0.0
112,retract,1,362,0.5679999999999836,0.8299999999999272,0,0.0
112,retract,1,363,0.7419999999999618,1.44399999999996,0,0.0
112,retract,1,364,0.5780000000002019,0.8699999999998909,0,0.0
112,retract,1,365,1.2180000000000746,2.2899999999999636,1,0.0
112,retract,1,366,0.8299999999999272,1.2660000000000764,0,0.0
112,retract,1,367,0.9559999999999036,2.206000000000131,0,0.0
112,retract,1,368,1.2539999999999054,0.024000000000114596,1,0.0
112,retract,1,369,0.11999999999989086,1.8320000000001073,0,0.0
112,retract,1,370,1.0239999999998872,0.04600000000004911,0,0.0
112,retract,1,372,0.8740000000000236,1.2459999999998672,0,0.0
112,retract,1,373,0.8760000000002037,1.49799999999982,0,0.0
112,retract,1,374,0.20199999999999818,0.7800000000002001,0,0.0
112,retract,1,375,1.5960000000000036,1.949999999999818,1,0.0
112,retract,1,376,1.1259999999999764,2.6140000000000327,1,0.0
112,retract,1,377,0.9640000000001692,1.6579999999999018,0,0.0
112,retract,1,378,0.91599999999994,1.3540000000000418,0,0.0
112,retract,1,379,1.268000000000029,2.019999999999982,1,0.0
112,retract,1,380,1.099999999999909,2.3860000000001946,0,0.0
112,retract,1,381,0.7119999999999891,0.038000000000010914,0,0.0
112,retract,1,383,1.122000000000071,3.0139999999998963,1,0.0
112,retract,1,384,0.61200000000008,1.05600000000004,0,0.0
112,retract,1,385,0.8179999999999836,0.9059999999999491,0,0.0
112,retract,1,386,1.2980000000000018,4.018000000000029,1,0.0
112,retract,1,387,0.7180000000000746,0.041999999999916326,0,0.0
112,retract,1,389,1.484000000000151,3.015999999999849,1,0.0
112,retract,1,390,0.7680000000000291,1.0820000000001073,0,0.0
112,retract,1,391,1.0519999999999072,0.8640000000000327,0,0.0
112,retract,1,392,0.8279999999999745,0.9100000000000819,0,0.0
112,retract,1,393,0.2059999999999036,0.8160000000000309,0,0.0
112,retract,1,394,1.150000000000091,2.1820000000000164,1,0.0
112,retract,1,395,1.2859999999998308,2.5900000000001455,1,0.0
112,retract,1,396,0.8659999999999854,1.0299999999999727,0,0.0
112,retract,1,397,0.9900000000000091,1.05600000000004,0,0.0
112,retract,1,398,0.97199999999998,1.4120000000000346,0,0.0
112,retract,1,399,1.1879999999998745,0.04800000000000182,1,0.0
112,retract,1,400,0.07600000000002183,1.8559999999999945,0,0.0
112,retract,1,401,1.2019999999999982,2.1400000000001,1,0.0
112,retract,1,402,1.4079999999999018,5.074000000000069,1,0.0
112,retract,1,403,0.6420000000000528,1.7199999999998,0,0.0
112,retract,1,404,0.7240000000001601,1.1820000000000164,0,0.0
112,retract,1,405,0.7639999999998963,0.7339999999999236,0,0.0
112,retract,1,406,0.8900000000001,2.0239999999998872,0,0.0
112,retract,1,407,0.12000000000011823,2.490000000000009,0,0.0
112,retract,1,408,1.1520000000000437,3.8559999999999945,1,0.0
112,retract,1,409,0.37599999999997635,1.461999999999989,0,0.0
112,retract,1,410,0.7999999999999545,1.3279999999999745,0,0.0
112,retract,1,411,1.1980000000000928,2.3199999999999363,1,0.0
112,retract,1,412,1.4079999999999018,2.078000000000202,1,0.0
112,retract,1,413,1.2980000000000018,2.397999999999911,1,0.0
112,retract,1,414,0.8779999999999291,1.461999999999989,0,0.0
112,retract,1,415,0.7980000000000018,1.4660000000001219,0,0.0
112,retract,1,416,1.5760000000000218,2.1820000000000164,1,0.0
112,retract,1,417,0.8679999999999382,1.711999999999989,0,0.0
112,retract,1,418,1.7259999999998854,0.48200000000019827,1,0.0
112,retract,1,419,0.31999999999993634,1.7860000000000582,0,0.0
112,retract,1,420,0.7819999999999254,1.2339999999999236,0,0.0
112,retract,1,421,0.8460000000000036,0.9339999999999691,0,0.0
112,retract,1,422,1.2380000000000564,1.7180000000000746,1,0.0
112,retract,1,423,1.2719999999999345,1.6440000000000055,1,0.0
112,retract,1,424,3.2840000000001055,3.0960000000000036,1,0.0
112,retract,1,425,1.449999999999818,3.19600000000014,1,0.0
112,retract,1,426,0.7680000000000291,1.77599999999984,0,0.0
112,retract,1,427,0.7160000000001219,0.69399999999996,0,0.0
112,retract,1,428,1.1259999999999764,0.9800000000000182,0,0.0
112,retract,1,429,1.1140000000000327,1.08199999999988,0,0.0
112,retract,1,430,1.0920000000000982,1.6880000000001019,0,0.0
112,retract,1,431,0.8579999999999472,0.9880000000000564,0,0.0
112,retract,1,432,2.005999999999858,0.07400000000006912,1,0.0
112,retract,1,433,0.16799999999989268,1.594000000000051,0,0.0
112,retract,1,434,1.2260000000001128,1.6399999999998727,1,0.0
112,retract,1,435,0.39000000000010004,1.1159999999999854,0,0.0
112,retract,1,436,0.03199999999992542,8.385999999999967,0,0.0
112,retract,1,437,0.5720000000001164,2.0799999999999272,0,0.0
112,retract,1,438,0.9480000000000928,1.1759999999999309,0,0.0
112,retract,1,439,0.5979999999999563,0.07799999999997453,0,0.0
112,retract,1,441,0.9179999999998927,0.044000000000096406,0,0.0
112,retract,1,443,0.9939999999999145,2.2360000000001037,0,0.0
112,retract,1,444,1.0619999999998981,2.2899999999999636,0,0.0
112,retract,1,445,1.2540000000001328,1.7819999999999254,1,0.0
112,retract,1,446,1.1720000000000255,1.5979999999999563,0,0.0
112,retract,1,447,1.0080000000000382,0.9980000000000473,0,0.0
112,retract,1,448,1.7860000000000582,1.6199999999998909,1,0.0
112,retract,1,449,1.1420000000000528,1.4120000000000346,0,0.0
112,retract,1,450,1.0799999999999272,0.10200000000008913,0,0.0
112,retract,1,452,1.6459999999999582,3.122000000000071,1,0.0
112,retract,1,453,0.44000000000005457,1.8640000000000327,0,0.0
112,retract,1,454,1.0799999999999272,1.4120000000000346,0,0.0
112,retract,1,455,0.7100000000000364,1.155999999999949,0,0.0
112,retract,1,456,0.8440000000000509,1.2779999999997926,0,0.0
112,retract,1,457,0.7920000000001437,1.0899999999999181,0,0.0
112,retract,1,458,1.4020000000000437,1.9539999999999509,1,0.0
112,retract,1,459,0.6739999999999782,2.0920000000000982,0,0.0
112,retract,1,460,0.5319999999999254,1.3360000000000127,0,0.0
112,retract,1,461,0.3240000000000691,0.09799999999995634,0,0.0
112,retract,1,463,0.6839999999999691,1.7000000000000455,0,0.0
112,retract,1,464,0.69399999999996,1.30600000000004,0,0.0
112,retract,1,465,0.5460000000000491,0.9279999999998836,0,0.0
112,retract,1,466,0.7580000000000382,0.08999999999991815,0,0.0
112,retract,1,468,0.40000000000009095,1.38799999999992,0,0.0
112,retract,1,469,0.5039999999999054,0.13600000000019463,0,0.0
112,retract,1,471,0.8280000000002019,1.1539999999999964,0,0.0
112,retract,1,472,0.83199999999988,0.044000000000096406,0,0.0
112,retract,1,474,0.5219999999999345,16.0920000000001,0,0.0
112,retract,1,475,0.5080000000000382,1.477999999999838,0,0.0
112,retract,1,476,0.5860000000000127,1.2100000000000364,0,0.0
112,retract,1,477,0.7300000000000182,1.3040000000000873,0,0.0
112,retract,1,478,0.6739999999999782,1.071999999999889,0,0.0
112,retract,1,479,0.9940000000001419,1.0639999999998508,0,0.0
112,retract,1,480,1.683999999999969,2.22400000000016,1,0.0
112,retract,1,481,0.8819999999998345,1.372000000000071,0,0.0
112,retract,1,482,1.4919999999999618,2.908000000000129,1,0.0
112,retract,1,483,0.5579999999999927,1.7980000000000018,0,0.0
112,retract,1,484,0.4959999999998672,5.110000000000127,0,0.0
112,retract,1,485,0.9339999999999691,0.041999999999916326,0,0.0
112,retract,1,487,1.1479999999999109,1.050000000000182,0,0.0
112,retract,1,488,1.1820000000000164,1.25,0,0.0
112,retract,1,489,1.1499999999998636,1.518000000000029,0,0.0
112,retract,1,490,1.1800000000000637,2.1019999999998618,0,0.0
112,retract,1,491,1.3759999999999764,2.1820000000000164,1,0.0
112,retract,1,492,1.75,3.72400000000016,1,0.0
112,retract,1,493,0.5039999999999054,1.0640000000000782,0,0.0
112,retract,1,494,1.1800000000000637,0.8419999999998709,0,0.0
112,retract,1,495,1.2260000000001128,0.08799999999996544,1,0.0
112,retract,1,496,0.2899999999999636,2.953999999999951,0,0.0
112,retract,1,497,0.5940000000000509,0.7319999999999709,0,0.0
112,retract,1,498,0.06999999999993634,0.052000000000134605,0,0.0
112,retract,1,500,0.1979999999998654,1.4700000000000273,0,0.0
112,retract,1,501,0.43000000000006366,1.8119999999998981,0,0.0
112,retract,1,502,1.3079999999999927,2.4480000000000928,1,0.0
112,retract,1,503,0.66599999999994,0.706000000000131,0,0.0
112,retract,1,504,0.04800000000000182,0.01999999999998181,0,0.0
112,retract,1,506,0.3320000000001073,1.0079999999998108,0,0.0
112,retract,1,507,0.7160000000001219,2.3360000000000127,0,0.0
112,retract,1,508,1.1440000000000055,1.2580000000000382,0,0.0
112,retract,1,509,0.97199999999998,0.029999999999972715,0,0.0
112,retract,1,512,1.0620000000001255,1.8279999999999745,0,0.0
112,retract,1,513,0.31999999999993634,0.7040000000001783,0,0.0
112,retract,1,514,1.2999999999999545,3.1140000000000327,1,0.0
112,retract,1,515,1.0759999999997945,1.2019999999999982,0,0.0
112,retract,1,516,0.40200000000004366,1.8460000000000036,0,0.0
112,retract,1,517,1.3100000000001728,3.9379999999998745,1,0.0
112,retract,1,518,0.4259999999999309,1.1820000000000164,0,0.0
112,retract,1,519,0.8980000000001382,1.3619999999998527,0,0.0
112,retract,1,520,0.6159999999999854,2.5980000000001837,0,0.0
112,retract,1,521,1.2079999999998563,2.7619999999999436,1,0.0
112,retract,1,522,0.9340000000001965,2.13799999999992,0,0.0
112,retract,1,523,1.1900000000000546,1.4020000000000437,0,0.0
112,retract,1,524,0.5799999999999272,0.011999999999943611,0,0.0
112,retract,1,527,0.7839999999998781,0.024000000000114596,0,0.0
112,retract,1,529,0.2660000000000764,0.13200000000006185,0,0.0
112,retract,1,531,1.683999999999969,5.864000000000033,1,0.0
112,retract,1,532,0.39200000000005275,1.0199999999999818,0,0.0
112,retract,1,533,0.6019999999998618,1.8600000000001273,0,0.0
112,retract,1,534,0.7079999999998563,1.5080000000000382,0,0.0
112,retract,1,535,0.9860000000001037,1.9459999999999127,0,0.0
112,retract,1,536,1.4100000000000819,1.768000000000029,1,0.0
112,retract,1,537,1.19399999999996,1.5599999999999454,0,0.0
112,retract,1,538,0.6040000000000418,0.049999999999954525,0,0.0
112,retract,1,540,1.41800000000012,1.8799999999998818,1,0.0
112,retract,1,541,1.0160000000000764,1.2960000000000491,0,0.0
112,retract,1,542,0.39599999999995816,0.83400000000006,0,0.0
112,retract,1,543,1.288000000000011,1.9539999999999509,1,0.0
112,retract,1,544,0.88799999999992,0.8820000000000618,0,0.0
112,retract,1,545,0.8599999999999,3.2740000000001146,0,0.0
112,retract,1,546,0.6499999999998636,1.1520000000000437,0,0.0
112,retract,1,547,1.2380000000000564,1.7380000000000564,1,0.0
112,retract,1,548,1.1340000000000146,1.5979999999999563,0,0.0
112,retract,1,549,1.1420000000000528,1.0619999999998981,0,0.0
112,retract,1,550,0.88799999999992,0.7980000000000018,0,0.0
112,retract,1,551,0.86200000000008,1.3299999999999272,0,0.0
112,retract,1,552,0.7800000000002001,1.4679999999998472,0,0.0
112,retract,1,553,0.6639999999999873,0.018000000000029104,0,0.0
112,retract,1,555,0.2719999999999345,1.5080000000000382,0,0.0
112,retract,1,556,0.8800000000001091,0.8419999999998709,0,0.0
112,retract,1,557,0.9519999999999982,1.8900000000001,0,0.0
112,retract,1,558,1.018000000000029,2.213999999999942,0,0.0
112,retract,1,559,1.5960000000000036,1.5960000000000036,1,0.0
112,retract,1,560,1.4859999999998763,6.792000000000144,1,0.0
112,retract,1,561,0.6820000000000164,0.8559999999999945,0,0.0
112,retract,1,562,0.7919999999999163,0.02800000000002001,0,0.0
112,retract,1,564,1.6440000000000055,1.8139999999998508,1,0.0
112,retract,1,565,1.5199999999999818,2.259999999999991,1,0.0
112,retract,1,566,1.3260000000000218,1.80600000000004,1,0.0
112,retract,1,567,1.6320000000000618,0.14400000000000546,1,0.0
112,retract,1,568,0.13599999999996726,1.8759999999999764,0,0.0
112,retract,1,569,1.5920000000000982,5.273999999999887,1,0.0
112,retract,1,570,0.37000000000011823,0.8419999999998709,0,0.0
112,retract,1,571,1.6340000000000146,3.352000000000089,1,0.0
112,retract,1,572,0.2719999999999345,1.0199999999999818,0,0.0
112,retract,1,573,0.97199999999998,1.5219999999999345,0,0.0
112,retract,1,574,0.678000000000111,0.01999999999998181,0,0.0
112,retract,1,576,1.2080000000000837,2.1980000000000928,1,0.0
112,retract,1,577,1.5019999999999527,3.326000000000022,1,0.0
112,retract,1,578,0.32399999999984175,7.774000000000115,0,0.0
112,retract,1,579,0.041999999999916326,1.1620000000000346,0,0.0
112,retract,1,580,0.9100000000000819,1.2719999999999345,0,0.0
112,retract,1,581,1.1520000000000437,1.8579999999999472,0,0.0
112,retract,1,582,1.0879999999999654,0.7860000000000582,0,0.0
112,retract,1,583,1.1420000000000528,2.033999999999878,0,0.0
112,retract,1,584,1.25200000000018,4.541999999999916,1,0.0
112,retract,1,585,0.9959999999998672,1.3920000000000528,0,0.0
112,retract,1,586,0.6900000000000546,0.9739999999999327,0,0.0
112,retract,1,587,1.2920000000001437,0.02599999999983993,1,0.0
112,retract,1,588,0.11599999999998545,1.844000000000051,0,0.0
112,retract,1,589,1.0720000000001164,0.013999999999896318,0,0.0
112,retract,1,591,1.4459999999999127,2.326000000000022,1,0.0
112,retract,1,592,1.3140000000000782,0.029999999999972715,1,0.0
112,retract,1,593,0.08999999999991815,2.3299999999999272,0,0.0
112,retract,1,594,1.484000000000151,4.145999999999958,1,0.0
112,retract,1,595,1.30399999999986,1.9800000000000182,1,0.0
112,retract,1,596,1.1700000000000728,1.1539999999999964,0,0.0
112,retract,1,597,0.8980000000001382,0.9859999999998763,0,0.0
112,retract,1,598,1.183999999999969,2.145999999999958,0,0.0
112,retract,1,599,0.5240000000001146,1.0740000000000691,0,0.0
112,retract,1,600,1.7999999999999545,2.6240000000000236,1,0.0
112,retract,1,601,1.0419999999999163,1.1859999999999218,0,0.0
112,retract,1,602,1.7540000000001328,1.9199999999998454,1,0.0
112,retract,1,603,1.288000000000011,1.490000000000009,1,0.0
112,retract,1,604,1.0980000000001837,2.1599999999998545,0,0.0
112,retract,1,605,1.094000000000051,0.05199999999990723,0,0.0
112,retract,1,607,1.1020000000000891,1.981999999999971,0,0.0
112,retract,1,608,0.8040000000000873,0.041999999999916326,0,0.0
112,retract,1,610,0.8160000000000309,0.03999999999996362,0,0.0
112,retract,1,612,1.571999999999889,2.0620000000001255,1,0.0
112,retract,1,613,0.9339999999999691,1.1199999999998909,0,0.0
112,retract,1,614,0.4580000000000837,0.8559999999999945,0,0.0
112,retract,1,615,0.4960000000000946,1.2059999999999036,0,0.0
112,retract,1,616,0.5740000000000691,0.7539999999999054,0,0.0
112,retract,1,617,0.07200000000011642,0.04399999999986903,0,0.0
112,retract,1,619,0.12600000000020373,0.12599999999997635,0,0.0
112,retract,1,621,0.38799999999991996,6.02800000000002,0,0.0
112,retract,1,622,1.52800000000002,5.178000000000111,1,0.0
112,retract,1,623,0.7359999999998763,1.490000000000009,0,0.0
112,retract,1,624,1.2820000000001528,1.72199999999998,1,0.0
112,retract,1,625,1.1779999999998836,1.3880000000001473,0,0.0
112,retract,1,626,0.8239999999998417,1.4300000000000637,0,0.0
112,retract,1,627,1.6079999999999472,1.6620000000000346,1,0.0
112,retract,1,628,1.2180000000000746,1.5760000000000218,1,0.0
112,retract,1,629,1.4320000000000164,2.0839999999998327,1,0.0
112,retract,1,630,1.0520000000001346,1.30600000000004,0,0.0
112,retract,1,631,1.1419999999998254,0.8279999999999745,0,0.0
112,retract,1,632,0.7740000000001146,1.11200000000008,0,0.0
112,retract,1,633,1.30399999999986,1.4220000000000255,1,0.0
112,retract,1,634,1.6340000000000146,3.5319999999999254,1,0.0
112,retract,1,635,1.4600000000000364,2.428000000000111,1,0.0
112,retract,1,636,1.4299999999998363,1.9700000000000273,1,0.0
112,retract,1,637,1.4260000000001583,3.867999999999938,1,0.0
112,retract,1,638,0.2599999999999909,1.231999999999971,0,0.0
112,retract,1,639,1.4480000000000928,9.03599999999983,1,0.0
112,retract,1,640,0.3200000000001637,1.2100000000000364,0,0.0
112,retract,1,641,0.7399999999997817,1.4940000000001419,0,0.0
112,retract,1,642,1.0480000000000018,1.0,0,0.0
112,retract,1,643,1.2860000000000582,1.8019999999999072,1,0.0
112,retract,1,644,1.6179999999999382,3.326000000000022,1,0.0
112,retract,1,645,1.2699999999999818,3.1000000000001364,1,0.0
112,retract,1,646,1.3979999999999109,2.44399999999996,1,0.0
112,retract,1,647,1.2580000000000382,1.9760000000001128,1,0.0
112,retract,1,648,1.08199999999988,1.8199999999999363,0,0.0
112,retract,1,649,0.6520000000000437,1.5240000000001146,0,0.0
112,retract,1,650,1.0799999999999272,1.1959999999999127,0,0.0
112,retract,1,651,1.706000000000131,2.4279999999998836,1,0.0
112,retract,1,652,1.1820000000000164,5.067999999999984,0,0.0
112,retract,1,653,0.7920000000001437,0.005999999999858119,0,0.0
112,retract,1,654,0.08799999999996544,0.9240000000002055,0,0.0
112,retract,1,655,1.0219999999999345,1.1320000000000618,0,0.0
112,retract,1,656,1.3819999999998345,2.6400000000001,1,0.0
112,retract,1,657,1.6299999999998818,1.9060000000001764,1,0.0
112,retract,1,658,1.3859999999999673,4.039999999999964,1,0.0
112,retract,1,659,0.8279999999999745,1.0219999999999345,0,0.0
112,retract,1,660,1.1080000000001746,1.1440000000000055,0,0.0
112,retract,1,661,1.0639999999998508,1.6380000000001473,0,0.0
112,retract,1,662,1.80399999999986,3.094000000000051,1,0.0
112,retract,1,663,1.433999999999969,3.2619999999999436,1,0.0
112,retract,1,664,0.2820000000001528,13.192000000000007,0,0.0
112,retract,1,665,1.4320000000000164,3.869999999999891,1,0.0
112,retract,1,666,0.6720000000000255,1.5060000000000855,0,0.0
112,retract,1,667,1.4199999999998454,8.642000000000053,1,0.0
112,retract,1,668,1.1600000000000819,2.189999999999827,0,0.0
112,retract,1,669,1.3680000000001655,3.0039999999999054,1,0.0
112,retract,1,670,2.0440000000000964,3.1779999999998836,1,0.0
112,retract,1,671,2.8479999999999563,26.057999999999993,1,0.0
112,retract,1,672,1.0540000000000873,5.051999999999907,0,0.0
112,retract,1,673,1.1440000000000055,1.1620000000000346,0,0.0
112,retract,1,674,1.19600000000014,2.1799999999998363,0,0.0
112,retract,1,675,1.5779999999999745,2.538000000000011,1,0.0
112,retract,1,676,2.1720000000000255,2.1059999999999945,1,0.0
112,retract,1,677,1.8559999999999945,10.996000000000095,1,0.0
112,retract,1,678,0.5899999999999181,1.3320000000001073,0,0.0
112,retract,1,679,1.071999999999889,2.66800000000012,0,0.0
112,retract,1,680,0.9179999999998927,1.4860000000001037,0,0.0
112,retract,1,681,0.8339999999998327,2.3500000000001364,0,0.0
112,retract,1,682,1.433999999999969,8.819999999999936,1,0.0
112,retract,1,683,0.9100000000000819,32.0920000000001,0,0.0
112,retract,1,684,0.03999999999996362,0.023999999999887223,0,0.0
112,retract,1,686,1.2459999999998672,2.8840000000000146,1,0.0
112,retract,1,687,1.2320000000001983,2.6219999999998436,1,0.0
112,retract,1,688,1.4360000000001492,1.8019999999999072,1,0.0
112,retract,1,689,1.0039999999999054,2.328000000000202,0,0.0
112,retract,1,690,1.1519999999998163,0.9200000000000728,0,0.0
112,retract,1,691,1.4939999999999145,1.9660000000001219,1,0.0
112,retract,1,692,1.727999999999838,1.4520000000002256,1,0.0
112,retract,1,693,1.793999999999869,2.1359999999999673,1,0.0
112,retract,1,694,0.8299999999999272,2.294000000000324,0,0.0
112,retract,1,695,1.5639999999998508,1.58199999999988,1,0.0
112,retract,1,696,1.1660000000001673,1.1219999999998436,0,0.0
112,retract,1,697,1.5760000000000218,2.8580000000001746,1,0.0
112,retract,1,698,0.9099999999998545,0.9619999999999891,0,0.0
112,retract,1,699,1.3679999999999382,2.0039999999999054,1,0.0
112,retract,1,700,1.4200000000000728,2.1579999999999018,1,0.0
112,retract,1,701,1.6440000000002328,3.1080000000001746,1,0.0
112,retract,1,702,1.6920000000000073,8.583999999999833,1,0.0
112,retract,1,703,1.3260000000000218,1.4859999999998763,1,0.0
112,retract,1,704,1.4960000000000946,0.038000000000010914,1,0.0
112,retract,1,705,0.09999999999990905,2.9340000000001965,0,0.0
112,retract,1,706,0.7660000000000764,1.4219999999995707,0,0.0
112,retract,1,707,0.9060000000004038,1.3659999999999854,0,0.0
112,retract,1,708,1.2199999999998,1.9039999999999964,1,0.0
112,retract,1,709,1.650000000000091,0.03600000000005821,1,0.0
112,retract,1,710,0.2199999999997999,6.242000000000189,0,0.0
112,retract,1,711,0.7840000000001055,1.3419999999996435,0,0.0
112,retract,1,712,0.9259999999999309,1.1900000000000546,0,0.0
112,retract,1,713,0.6739999999999782,0.016000000000076398,0,0.0
112,retract,1,715,1.2420000000001892,1.9079999999999018,1,0.0
112,retract,1,716,1.5799999999999272,2.6460000000001855,1,0.0
112,retract,1,717,1.2280000000000655,2.005999999999858,1,0.0
112,retract,1,718,1.5340000000001055,3.1039999999998145,1,0.0
112,retract,1,719,1.4220000000000255,3.480000000000018,1,0.0
112,retract,1,720,1.5960000000000036,3.048000000000229,1,0.0
112,retract,1,721,0.9639999999999418,2.0279999999997926,0,0.0
112,retract,1,722,1.6880000000001019,3.2359999999998763,1,0.0
112,retract,1,723,1.4160000000001673,2.0459999999998217,1,0.0
112,retract,1,724,1.6920000000000073,1.968000000000302,1,0.0
112,retract,1,725,1.0360000000000582,1.225999999999658,0,0.0
112,retract,1,726,0.9940000000001419,0.03000000000020009,0,0.0
112,retract,1,728,1.6440000000002328,16.503999999999905,1,0.0
112,retract,1,729,1.2860000000000582,3.6419999999998254,1,0.0
112,retract,1,730,0.8600000000001273,1.3899999999998727,0,0.0
112,retract,1,731,1.3840000000000146,2.5700000000001637,1,0.0
112,retract,1,732,1.7260000000001128,1.6359999999999673,1,0.0
112,retract,1,733,1.2860000000000582,5.239999999999782,1,0.0
112,retract,1,734,0.7899999999999636,0.9800000000000182,0,0.0
112,retract,1,735,1.6140000000000327,2.923999999999978,1,0.0
112,retract,1,736,0.7080000000000837,1.4980000000000473,0,0.0
112,retract,1,737,1.3980000000001382,2.9159999999997126,1,0.0
112,retract,1,738,1.2719999999999345,2.430000000000291,1,0.0
112,retract,1,739,2.1279999999997017,4.068000000000211,1,0.0
112,retract,1,740,1.0540000000000873,1.3159999999998035,0,0.0
112,retract,1,741,1.61200000000008,2.6280000000001564,1,0.0
112,retract,1,742,2.0119999999997162,1.9780000000000655,1,0.0
112,retract,1,743,1.6860000000001492,2.849999999999909,1,0.0
112,retract,1,744,1.2219999999997526,3.348000000000411,1,0.0
112,retract,1,745,1.2059999999996762,5.63799999999992,1,0.0
112,retract,1,746,1.1140000000000327,0.8420000000000982,0,0.0
112,retract,1,747,0.9239999999999782,1.1400000000003274,0,0.0
112,retract,1,748,1.4959999999996398,3.024000000000342,1,0.0
112,retract,1,749,1.6779999999998836,2.9359999999996944,1,0.0
112,retract,1,750,1.456000000000131,1.5219999999999345,1,0.0
112,retract,1,751,1.7899999999999636,2.69800000000032,1,0.0
112,retract,1,752,2.211999999999989,3.355999999999767,1,0.0
112,retract,1,753,2.4700000000002547,7.061999999999898,1,0.0
112,retract,1,754,0.5639999999998508,0.8900000000003274,0,0.0
112,retract,1,755,1.6739999999999782,1.711999999999989,1,0.0
112,retract,1,756,3.0019999999999527,4.440000000000055,1,0.0
112,retract,1,757,1.7219999999997526,5.463999999999942,1,0.0
112,retract,1,758,1.5599999999999454,3.3700000000003456,1,0.0
112,retract,1,759,1.707999999999629,4.538000000000011,1,0.0
112,retract,1,760,1.4020000000000437,7.269999999999982,1,0.0
112,retract,1,761,1.0360000000000582,0.8679999999999382,0,0.0
112,retract,1,762,1.4100000000003092,2.382000000000062,1,0.0
112,retract,1,763,1.7559999999998581,5.19399999999996,1,0.0
112,retract,1,764,1.5900000000001455,6.125999999999749,1,0.0
112,retract,1,765,0.75,1.1920000000000073,0,0.0
112,retract,1,766,1.538000000000011,2.6080000000001746,1,0.0
112,retract,1,767,2.3399999999996908,2.731999999999971,1,0.0
112,retract,1,768,1.8820000000000618,3.506000000000313,1,0.0
112,retract,1,769,1.4239999999999782,2.6579999999999018,1,0.0
112,retract,1,770,2.6480000000001382,2.4779999999996107,1,0.0
112,retract,1,771,1.3280000000004293,11.711999999999989,1,0.0
112,retract,1,772,0.6920000000000073,1.2359999999998763,0,0.0
112,retract,1,773,1.2480000000000473,3.52599999999984,1,0.0
112,retract,1,774,1.8519999999998618,3.3020000000001346,1,0.0
112,retract,1,775,0.9859999999998763,1.662000000000262,0,0.0
112,retract,1,776,1.4299999999998363,4.1460000000001855,1,0.0
112,retract,1,777,1.018000000000029,2.05199999999968,0,0.0
112,retract,1,778,1.16800000000012,1.6140000000000327,0,0.0
112,retract,1,779,1.7440000000001419,2.02599999999984,1,0.0
112,retract,1,780,1.7280000000000655,3.036000000000058,1,0.0
112,retract,1,781,1.5639999999998508,6.956000000000131,1,0.0
112,retract,1,782,0.9420000000000073,0.8840000000000146,0,0.0
112,retract,1,783,1.599999999999909,2.44399999999996,1,0.0
112,retract,1,784,2.0160000000000764,4.632000000000062,1,0.0
112,retract,1,785,0.6159999999999854,1.2280000000000655,0,0.0
112,retract,1,786,0.2359999999998763,1.3139999999998508,0,0.0
112,retract,1,787,1.08600000000024,1.0639999999998508,0,0.0
112,retract,1,788,0.9699999999997999,0.03600000000005821,0,0.0
112,retract,1,790,1.6159999999999854,2.2799999999997453,1,0.0
112,retract,1,791,1.3540000000002692,2.1219999999998436,1,0.0
112,retract,1,792,1.8119999999998981,2.218000000000302,1,0.0
112,retract,1,793,2.043999999999869,2.2919999999999163,1,0.0
112,retract,1,794,2.4980000000000473,2.762000000000171,1,0.0
112,retract,1,795,2.2159999999998945,6.364000000000033,1,0.0
112,retract,1,796,0.8939999999997781,0.8580000000001746,0,0.0
112,retract,1,797,1.5340000000001055,3.3219999999996617,1,0.0
112,retract,1,798,1.512000000000171,3.0720000000001164,1,0.0
112,retract,1,799,1.77599999999984,4.5340000000001055,1,0.0
112,retract,1,800,1.2979999999997744,6.057999999999993,1,0.0
112,retract,1,801,1.36200000000008,2.4600000000000364,1,0.0
112,retract,1,802,1.44399999999996,3.7220000000002074,1,0.0
112,retract,1,803,0.9279999999998836,1.6799999999998363,0,0.0
112,retract,1,804,0.6580000000003565,0.9499999999998181,0,0.0
112,retract,1,805,1.4220000000000255,3.0219999999999345,1,0.0
112,retract,1,806,1.5140000000001237,1.7739999999998872,1,0.0
112,retract,1,807,2.3919999999998254,2.6260000000002037,1,0.0
112,retract,1,808,1.4119999999998072,2.294000000000324,1,0.0
112,retract,1,809,1.1340000000000146,1.3559999999997672,0,0.0
112,retract,1,810,0.9619999999999891,1.0720000000001164,0,0.0
112,retract,1,811,1.6860000000001492,3.036000000000058,1,0.0
112,retract,1,812,0.9559999999996762,1.5720000000001164,0,0.0
112,retract,1,813,1.83199999999988,3.0019999999999527,1,0.0
112,retract,1,814,1.11200000000008,0.849999999999909,0,0.0
112,retract,1,815,0.48600000000033106,1.05600000000004,0,0.0
112,retract,1,816,1.9919999999997344,3.2719999999999345,1,0.0
112,retract,1,817,1.2339999999999236,4.711999999999989,1,0.0
112,retract,1,818,0.8460000000000036,0.8900000000003274,0,0.0
112,retract,1,819,1.7039999999997235,2.8640000000000327,1,0.0
112,retract,1,820,1.2480000000000473,6.932000000000244,1,0.0
112,retract,1,821,0.5180000000000291,0.7779999999997926,0,0.0
112,retract,1,822,1.0720000000001164,1.05600000000004,0,0.0
112,retract,1,823,1.1239999999997963,1.0080000000002656,0,0.0
112,retract,1,824,1.4239999999999782,1.75,1,0.0
112,retract,1,825,1.7899999999999636,1.7599999999997635,1,0.0
112,retract,1,826,2.3020000000001346,2.6359999999999673,1,0.0
112,retract,1,827,1.22400000000016,1.9239999999999782,1,0.0
112,retract,1,828,2.1479999999996835,2.956000000000131,1,0.0
112,retract,1,829,2.311999999999898,7.7840000000001055,1,0.0
112,retract,1,830,1.400000000000091,2.4659999999998945,1,0.0
112,retract,1,831,1.7660000000000764,0.2559999999998581,1,0.0
112,retract,1,832,0.08800000000019281,2.2719999999999345,0,0.0
112,retract,1,833,2.8899999999998727,2.0599999999999454,1,0.0
112,retract,1,834,2.538000000000011,12.028000000000247,1,0.0
112,retract,1,835,0.6159999999999854,0.9819999999999709,0,0.0
112,retract,1,836,1.3679999999999382,2.0700000000001637,1,0.0
112,retract,1,837,2.675999999999931,3.55600000000004,1,0.0
112,retract,1,838,1.1099999999996726,1.9340000000001965,0,0.0
112,retract,1,839,1.2820000000001528,2.069999999999709,1,0.0
112,retract,1,840,1.4760000000001128,4.445999999999913,1,0.0
112,retract,1,841,0.956000000000131,1.0279999999997926,0,0.0
112,retract,1,842,1.2100000000000364,3.0960000000000036,1,0.0
112,retract,1,843,1.6300000000001091,1.6480000000001382,1,0.0
112,retract,1,844,3.1159999999999854,10.333999999999833,1,0.0
112,retract,1,845,1.05600000000004,1.0619999999998981,0,0.0
112,retract,1,846,0.8380000000001928,0.9499999999998181,0,0.0
112,retract,1,847,1.7200000000002547,2.423999999999978,1,0.0
112,retract,1,848,2.369999999999891,3.6080000000001746,1,0.0
112,retract,1,849,1.4739999999997053,2.1720000000000255,1,0.0
112,retract,1,850,1.9839999999999236,2.768000000000029,1,0.0
112,retract,1,851,1.7160000000003492,9.697999999999865,1,0.0
112,retract,1,852,1.2019999999997708,6.012000000000171,1,0.0
112,retract,1,853,1.4839999999999236,5.1460000000001855,1,0.0
112,retract,1,854,0.956000000000131,1.6399999999998727,0,0.0
112,retract,1,855,1.288000000000011,4.309999999999945,1,0.0
112,retract,1,856,1.8719999999998436,1.8980000000001382,1,0.0
112,retract,1,857,2.7199999999998,6.5340000000001055,1,0.0
112,retract,1,858,1.3940000000002328,1.91399999999976,1,0.0
112,retract,1,859,4.293999999999869,6.5900000000001455,1,0.0
112,retract,1,860,1.237999999999829,3.006000000000313,1,0.0
112,retract,1,861,1.3980000000001382,5.185999999999694,1,0.0
112,retract,1,862,0.8400000000001455,1.3820000000000618,0,0.0
112,retract,1,863,1.44399999999996,6.880000000000109,1,0.0
112,retract,1,864,1.2859999999996035,1.8600000000001273,1,0.0
112,retract,1,865,1.930000000000291,2.673999999999978,1,0.0
112,retract,1,866,1.7479999999995925,7.600000000000364,1,0.0
112,retract,1,867,1.457999999999629,4.344000000000051,1,0.0
112,retract,1,868,0.9420000000000073,1.1880000000001019,0,0.0
112,retract,1,869,0.9239999999999782,,0,0.0
112,retract,2,1,1.1600000000000037,1.8859999999999957,0,1.2
112,retract,2,2,1.2659999999999982,3.1739999999999995,1,1.2
112,retract,2,3,1.1740000000000066,2.2039999999999935,0,1.2
112,retract,2,4,1.2560000000000002,1.4960000000000022,1,1.2
112,retract,2,5,1.3639999999999972,1.5920000000000059,1,1.2
112,retract,2,6,1.6639999999999944,7.3940000000000055,1,1.2
112,retract,2,7,0.6559999999999988,1.2980000000000018,0,1.2
112,retract,2,8,0.9759999999999991,5.179999999999993,0,1.2
112,retract,2,9,0.6880000000000024,1.0300000000000011,0,1.2
112,retract,2,10,0.9899999999999949,0.9260000000000019,0,1.2
112,retract,2,11,0.902000000000001,0.7360000000000042,0,1.2
112,retract,2,12,0.882000000000005,1.009999999999991,0,1.2
112,retract,2,13,1.1580000000000013,0.8680000000000092,0,1.2
112,retract,2,14,1.5159999999999911,1.4680000000000035,1,1.2
112,retract,2,15,1.6559999999999917,1.480000000000004,1,1.2
112,retract,2,16,1.882000000000005,1.3379999999999939,1,1.2
112,retract,2,17,1.6020000000000039,12.355999999999995,1,1.2
112,retract,2,18,0.9540000000000077,0.7420000000000044,0,1.2
112,retract,2,19,0.07199999999998852,0.04200000000000159,0,1.2
112,retract,2,21,0.4200000000000017,1.5360000000000014,0,1.2
112,retract,2,22,1.0960000000000036,0.8819999999999908,0,1.2
112,retract,2,23,1.3800000000000097,1.2639999999999958,1,1.2
112,retract,2,24,1.6239999999999952,5.702000000000012,1,1.2
112,retract,2,25,0.1799999999999926,2.774000000000001,0,1.2
112,retract,2,26,0.2459999999999951,15.114000000000019,0,1.2
112,retract,2,27,0.549999999999983,3.3739999999999952,0,1.2
112,retract,2,28,1.3080000000000211,2.3999999999999773,1,1.2
112,retract,2,29,0.1640000000000157,3.8079999999999927,0,1.2
112,retract,2,30,0.804000000000002,0.818000000000012,0,1.2
112,retract,2,31,0.9579999999999984,0.1519999999999868,0,1.2
112,retract,2,33,1.6160000000000139,2.251999999999981,1,1.2
112,retract,2,34,1.6820000000000164,1.524000000000001,1,1.2
112,retract,2,35,1.4299999999999784,1.2800000000000011,1,1.2
112,retract,2,36,3.132000000000005,2.3880000000000052,1,1.2
112,retract,2,37,1.5660000000000025,1.975999999999999,1,1.2
112,retract,2,38,1.554000000000002,3.26400000000001,1,1.2
112,retract,2,39,1.813999999999993,1.4259999999999877,1,1.2
112,retract,2,40,2.210000000000008,1.5020000000000095,1,1.2
112,retract,2,41,2.7179999999999893,2.695999999999998,1,1.2
112,retract,2,42,2.7139999999999986,3.3400000000000034,1,1.2
112,retract,2,43,1.6160000000000139,3.2539999999999907,1,1.2
112,retract,2,44,1.299999999999983,3.6240000000000236,1,1.2
112,retract,2,45,1.274000000000001,2.2920000000000016,1,1.2
112,retract,2,46,1.2079999999999984,13.304000000000002,1,1.2
112,retract,2,47,0.9519999999999982,0.018000000000000682,0,1.2
112,retract,2,49,1.5800000000000125,1.6299999999999955,1,1.2
112,retract,2,50,2.4139999999999873,1.8799999999999955,1,1.2
112,retract,2,51,2.598000000000013,1.5060000000000002,1,1.2
112,retract,2,52,2.265999999999991,6.480000000000018,1,1.2
112,retract,2,53,1.117999999999995,0.8439999999999941,0,1.2
112,retract,2,54,0.8940000000000055,0.013999999999981583,0,1.2
112,retract,2,56,1.9159999999999968,2.5320000000000107,1,1.2
112,retract,2,57,1.3419999999999845,1.3900000000000148,1,1.2
112,retract,2,58,1.495999999999981,2.0060000000000286,1,1.2
112,retract,2,59,2.291999999999973,4.992000000000019,1,1.2
112,retract,2,60,1.0539999999999736,1.2660000000000196,0,1.2
112,retract,2,61,0.9900000000000091,0.09600000000000364,0,1.2
112,retract,2,63,1.2479999999999905,1.6340000000000146,1,1.2
112,retract,2,64,2.151999999999987,1.5720000000000027,1,1.2
112,retract,2,65,1.9019999999999868,0.060000000000002274,1,1.2
112,retract,2,66,0.08199999999999363,1.5820000000000505,0,1.2
112,retract,2,67,2.325999999999965,1.8220000000000027,1,1.2
112,retract,2,68,1.9159999999999968,1.9019999999999868,1,1.2
112,retract,2,69,2.754000000000019,2.6999999999999886,1,1.2
112,retract,2,70,1.9720000000000368,5.5919999999999845,1,1.2
112,retract,2,71,1.0079999999999814,0.9300000000000068,0,1.2
112,retract,2,72,1.5780000000000314,2.109999999999957,1,1.2
112,retract,2,73,2.0260000000000105,24.602000000000032,1,1.2
112,retract,2,74,1.0599999999999454,0.7520000000000095,0,1.2
112,retract,2,75,1.0080000000000382,0.7899999999999636,0,1.2
112,retract,2,76,1.6539999999999964,1.8559999999999945,1,1.2
112,retract,2,77,2.0260000000000105,1.448000000000036,1,1.2
112,retract,2,78,1.7719999999999914,1.7699999999999818,1,1.2
112,retract,2,79,2.2620000000000005,3.3520000000000323,1,1.2
112,retract,2,80,2.4659999999999513,6.992000000000019,1,1.2
112,retract,2,81,0.7420000000000186,0.7559999999999718,0,1.2
112,retract,2,82,1.0960000000000036,0.8079999999999927,0,1.2
112,retract,2,83,1.8760000000000332,2.2899999999999636,1,1.2
112,retract,2,84,1.7360000000000468,4.835999999999956,1,1.2
112,retract,2,85,1.8520000000000323,3.20799999999997,1,1.2
112,retract,2,86,0.9900000000000091,0.7839999999999918,0,1.2
112,retract,2,87,1.3640000000000327,0.16199999999997772,1,1.2
112,retract,2,88,0.21399999999999864,1.4379999999999882,0,1.2
112,retract,2,89,3.2700000000000387,4.009999999999991,1,1.2
112,retract,2,90,1.093999999999994,1.0980000000000132,0,1.2
112,retract,2,91,1.0819999999999936,1.079999999999984,0,1.2
112,retract,2,92,1.5400000000000205,3.5979999999999563,1,1.2
112,retract,2,93,1.0720000000000027,18.706000000000017,0,1.2
112,retract,2,94,1.0960000000000036,4.5779999999999745,0,1.2
112,retract,2,95,0.04400000000003956,0.04800000000000182,0,1.2
112,retract,2,97,0.79200000000003,1.245999999999981,0,1.2
112,retract,2,98,1.079999999999984,0.7100000000000364,0,1.2
112,retract,2,99,1.0159999999999627,0.9519999999999982,0,1.2
112,retract,2,100,1.7760000000000105,1.872000000000014,1,1.2
112,retract,2,101,1.7939999999999827,3.316000000000031,1,1.2
112,retract,2,102,1.9779999999999518,6.4080000000000155,1,1.2
112,retract,2,103,1.0339999999999918,0.7959999999999923,0,1.2
112,retract,2,104,0.8560000000000514,3.4939999999999714,0,1.2
112,retract,2,105,1.0620000000000118,20.291999999999973,0,1.2
112,retract,2,106,1.8640000000000327,1.6599999999999682,1,1.2
112,retract,2,107,2.367999999999995,1.896000000000015,1,1.2
112,retract,2,108,2.0780000000000314,1.6879999999999313,1,1.2
112,retract,2,109,2.6980000000000928,1.697999999999979,1,1.2
112,retract,2,110,1.79200000000003,2.7639999999998963,1,1.2
112,retract,2,111,1.8240000000000691,1.9399999999999409,1,1.2
112,retract,2,112,2.024000000000001,2.9480000000000928,1,1.2
112,retract,2,113,1.4219999999999118,3.6580000000000155,1,1.2
112,retract,2,114,2.740000000000009,6.898000000000025,1,1.2
112,retract,2,115,1.3600000000000136,6.851999999999975,1,1.2
112,retract,2,116,1.1159999999999854,0.7659999999999627,0,1.2
112,retract,2,117,1.2140000000000555,6.019999999999982,1,1.2
112,retract,2,118,1.32000000000005,14.141999999999939,1,1.2
112,retract,2,119,1.0199999999999818,0.9060000000000628,0,1.2
112,retract,2,120,1.566000000000031,14.315999999999917,1,1.2
112,retract,2,121,1.504000000000019,3.6900000000000546,1,1.2
112,retract,2,122,1.8319999999999936,3.716000000000008,1,1.2
112,retract,2,123,1.2779999999999063,3.01400000000001,1,1.2
112,retract,2,124,2.08400000000006,3.5599999999999454,1,1.2
112,retract,2,125,1.4640000000000555,3.9420000000000073,1,1.2
112,retract,2,126,1.461999999999989,6.279999999999973,1,1.2
112,retract,2,127,1.3740000000000236,4.850000000000023,1,1.2
112,retract,2,128,1.0199999999999818,0.8859999999999673,0,1.2
112,retract,2,129,1.3460000000000036,4.004000000000019,1,1.2
112,retract,2,130,1.740000000000009,5.475999999999999,1,1.2
112,retract,2,131,1.461999999999989,5.2859999999999445,1,1.2
112,retract,2,132,1.914000000000101,5.655999999999949,1,1.2
112,retract,2,133,1.2100000000000364,13.70399999999995,1,1.2
112,retract,2,134,1.2860000000000582,7.669999999999959,1,1.2
112,retract,2,135,1.0779999999999745,0.8379999999999654,0,1.2
112,retract,2,136,0.9240000000000919,1.0019999999999527,0,1.2
112,retract,2,137,1.3980000000000246,4.783999999999992,1,1.2
112,retract,2,138,2.225999999999999,16.55200000000002,1,1.2
112,retract,2,139,1.0219999999999345,1.2620000000000573,0,1.2
112,retract,2,140,1.2980000000000018,4.4080000000000155,1,1.2
112,retract,2,141,1.3700000000000045,5.951999999999998,1,1.2
112,retract,2,142,1.1259999999999764,0.8659999999999854,0,1.2
112,retract,2,143,1.302000000000021,6.374000000000024,1,1.2
112,retract,2,144,1.2439999999999145,4.396000000000072,1,1.2
112,retract,2,145,1.5480000000000018,4.141999999999939,1,1.2
112,retract,2,146,0.9200000000000728,28.227999999999952,0,1.2
112,retract,2,147,0.5180000000000291,1.0359999999999445,0,1.2
112,retract,2,148,0.9700000000000273,0.9800000000000182,0,1.2
112,retract,2,149,1.2479999999999336,2.3700000000000045,1,1.2
112,retract,2,150,2.4340000000000828,6.26400000000001,1,1.2
112,retract,2,151,1.231999999999971,9.45399999999995,1,1.2
112,retract,2,152,0.7620000000000573,0.95799999999997,0,1.2
112,retract,2,153,1.6259999999999764,2.4220000000000255,1,1.2
112,retract,2,154,2.5439999999999827,2.830000000000041,1,1.2
112,retract,2,155,1.7479999999999336,9.614000000000033,1,1.2
112,retract,2,156,1.7980000000000018,4.9500000000000455,1,1.2
112,retract,2,157,0.5559999999999263,1.57000000000005,0,1.2
112,retract,2,158,0.8179999999999836,1.0199999999999818,0,1.2
112,retract,2,159,1.802000000000021,21.04600000000005,1,1.2
112,retract,2,160,1.481999999999971,29.25999999999999,1,1.2
112,retract,2,161,1.7340000000000373,11.451999999999998,1,1.2
112,retract,2,162,0.38599999999996726,0.8139999999999645,0,1.2
112,retract,2,163,1.1000000000000227,1.1779999999999973,0,1.2
112,retract,2,164,1.1860000000000355,3.0459999999999354,0,1.2
112,retract,2,165,1.6879999999999882,12.442000000000007,1,1.2
112,retract,2,166,1.1600000000000819,0.7519999999999527,0,1.2
112,retract,2,167,1.0900000000000318,0.9599999999999227,0,1.2
112,retract,2,168,0.6920000000000073,1.27800000000002,0,1.2
112,retract,2,169,1.3500000000000227,59.168000000000006,1,1.2
112,retract,2,170,3.0299999999999727,13.094000000000051,1,1.2
112,retract,2,171,2.0179999999999154,18.242000000000075,1,1.2
112,retract,2,172,1.6539999999999964,31.49000000000001,1,1.2
112,retract,2,173,1.6079999999999472,14.817999999999984,1,1.2
112,retract,2,174,1.4680000000000746,4.63799999999992,1,1.2
112,retract,2,175,1.683999999999969,4.546000000000049,1,1.2
112,retract,2,176,0.8940000000000055,1.5920000000000982,0,1.2
112,retract,2,177,1.0699999999999363,6.854000000000042,0,1.2
112,retract,2,178,2.0319999999999254,5.903999999999996,1,1.2
112,retract,2,179,1.7419999999999618,7.408000000000129,1,1.2
112,retract,2,180,0.8919999999998254,0.9940000000001419,0,1.2
112,retract,2,181,1.2100000000000364,5.25,1,1.2
112,retract,2,182,1.2739999999998872,26.617999999999938,1,1.2
112,retract,2,183,1.6700000000000728,12.018000000000029,1,1.2
112,retract,2,184,0.9800000000000182,1.0799999999999272,0,1.2
112,retract,2,185,1.5460000000000491,8.105999999999995,1,1.2
112,retract,2,186,1.627999999999929,5.488000000000056,1,1.2
112,retract,2,187,2.6720000000000255,86.54199999999992,1,1.2
112,retract,2,188,1.5040000000001328,16.789999999999964,1,1.2
112,retract,2,189,0.7880000000000109,1.2339999999999236,0,1.2
112,retract,2,190,1.5860000000000127,6.266000000000076,1,1.2
112,retract,2,191,2.0499999999999545,7.708000000000084,1,1.2
112,retract,2,192,1.8840000000000146,8.179999999999836,1,1.2
112,retract,2,193,1.6440000000000055,7.754000000000133,1,1.2
112,retract,2,194,1.6920000000000073,4.819999999999936,1,1.2
112,retract,2,195,1.4539999999999509,11.0,1,1.2
112,retract,2,196,1.4519999999999982,8.855999999999995,1,1.2
112,retract,2,197,1.1539999999999964,1.3079999999999927,0,1.2
112,retract,2,198,1.9239999999999782,98.15000000000009,1,1.2
112,retract,2,199,2.1539999999999964,13.011999999999944,1,1.2
112,retract,2,200,1.272000000000162,52.42399999999998,1,1.2
112,retract,2,201,1.66599999999994,8.364000000000033,1,1.2
112,retract,2,202,2.104000000000042,10.533999999999878,1,1.2
112,retract,2,203,0.8160000000000309,1.0480000000000018,0,1.2
112,retract,2,204,1.5199999999999818,4.990000000000009,1,1.2
112,retract,2,205,1.9300000000000637,22.333999999999833,1,1.2
112,retract,2,206,1.3960000000001855,3.2919999999999163,1,1.2
112,retract,2,207,1.038000000000011,1.5019999999999527,0,1.2
112,retract,2,208,0.21800000000007458,0.8119999999998981,0,1.2
112,retract,2,209,0.39599999999995816,2.0420000000001437,0,1.2
112,retract,2,210,1.009999999999991,9.844000000000051,0,1.2
112,retract,2,211,1.8519999999998618,4.923999999999978,1,1.2
112,retract,2,212,1.1600000000000819,0.8279999999999745,0,1.2
112,retract,2,213,1.6759999999999309,8.484000000000151,1,1.2
112,retract,2,214,1.1179999999999382,1.0219999999999345,0,1.2
112,retract,2,215,1.3100000000001728,6.995999999999867,1,1.2
112,retract,2,216,2.0820000000001073,8.422000000000025,1,1.2
112,retract,2,217,2.005999999999858,21.76800000000003,1,1.2
112,retract,2,218,1.566000000000031,4.324000000000069,1,1.2
112,retract,2,219,0.8119999999998981,17.88799999999992,0,1.2
112,retract,2,220,1.7980000000000018,7.176000000000158,1,1.2
112,retract,2,221,1.487999999999829,6.148000000000138,1,1.2
112,retract,2,222,0.5199999999999818,2.7539999999999054,0,1.2
112,retract,2,223,0.6400000000001,1.4039999999999964,0,1.2
112,retract,2,224,0.8799999999998818,0.8240000000000691,0,1.2
112,retract,2,225,1.5480000000000018,150.72399999999993,1,1.2
112,retract,2,226,1.3940000000000055,5.052000000000135,1,1.2
112,retract,2,227,1.3759999999999764,5.147999999999911,1,1.2
112,retract,2,228,1.3659999999999854,5.27800000000002,1,1.2
112,retract,2,229,1.1340000000000146,0.8959999999999582,0,1.2
112,retract,2,230,1.4160000000001673,12.657999999999902,1,1.2
112,retract,2,231,1.1639999999999873,0.9980000000000473,0,1.2
112,retract,2,232,1.4100000000000819,15.743999999999915,1,1.2
112,retract,2,233,1.3899999999998727,112.78600000000006,1,1.2
112,retract,2,234,0.9960000000000946,2.849999999999909,0,1.2
112,retract,2,235,0.91800000000012,3.094000000000051,0,1.2
112,retract,2,236,0.8640000000000327,30.527999999999793,0,1.2
112,retract,2,237,0.9920000000001892,1.3979999999996835,0,1.2
112,retract,2,238,1.1420000000002801,1.3559999999997672,0,1.2
112,retract,2,239,0.47000000000025466,1.0340000000001055,0,1.2
112,retract,2,240,1.3699999999998909,18.02599999999984,1,1.2
112,retract,2,241,0.30999999999994543,32.539999999999964,0,1.2
112,retract,2,242,1.7100000000000364,20.057999999999993,1,1.2
112,retract,2,243,1.7699999999999818,8.416000000000167,1,1.2
112,retract,2,244,1.5720000000001164,7.223999999999705,1,1.2
112,retract,2,245,1.7780000000002474,9.795999999999822,1,1.2
112,retract,2,246,1.7899999999999636,12.794000000000324,1,1.2
112,retract,2,247,1.9959999999996398,9.934000000000196,1,1.2
112,retract,2,248,1.900000000000091,10.217999999999847,1,1.2
112,retract,2,249,1.9420000000000073,10.70199999999977,1,1.2
112,retract,2,250,2.3280000000004293,33.24799999999959,1,1.2
112,retract,2,251,1.7160000000003492,7.981999999999971,1,1.2
112,retract,2,252,1.6959999999999127,287.4839999999999,1,1.2
112,retract,2,253,0.6260000000002037,7.324000000000069,0,1.2
112,retract,2,254,1.4659999999998945,13.58199999999988,1,1.2
112,retract,2,255,0.7820000000001528,189.8739999999998,0,1.2
112,retract,2,256,0.8440000000000509,0.9839999999999236,0,1.2
112,retract,2,257,1.4720000000002074,7.619999999999891,1,1.2
112,retract,2,258,1.19399999999996,1.0219999999999345,0,1.2
112,retract,2,259,1.844000000000051,7.898000000000138,1,1.2
112,retract,2,260,1.069999999999709,1.0520000000001346,0,1.2
112,retract,2,261,1.0700000000001637,1.2439999999996871,0,1.2
112,retract,2,262,1.1260000000002037,1.1700000000000728,0,1.2
112,retract,2,263,1.5160000000000764,8.433999999999742,1,1.2
112,retract,2,264,1.4659999999998945,14.430000000000291,1,1.2
112,retract,2,265,1.393999999999778,6.4780000000000655,1,1.2
112,retract,2,266,1.55600000000004,7.08600000000024,1,1.2
112,retract,2,267,1.4039999999999964,8.343999999999596,1,1.2
112,retract,2,268,1.5660000000002583,8.226000000000113,1,1.2
112,retract,2,269,1.9519999999997708,7.2400000000002365,1,1.2
112,retract,2,270,2.4339999999997417,6.410000000000309,1,1.2
112,retract,2,271,1.63799999999992,13.585999999999785,1,1.2
112,retract,2,272,1.5340000000001055,44.94200000000001,1,1.2
112,retract,2,273,1.41800000000012,11.649999999999636,1,1.2
112,retract,2,274,1.344000000000051,10.864000000000033,1,1.2
112,retract,2,275,1.3260000000000218,9.82400000000007,1,1.2
112,retract,2,276,1.8400000000001455,8.953999999999724,1,1.2
112,retract,2,277,2.19399999999996,20.644000000000233,1,1.2
112,retract,2,278,1.08199999999988,1.0960000000000036,0,1.2
112,retract,2,279,1.5059999999998581,6.276000000000295,1,1.2
112,retract,2,280,2.282000000000153,8.647999999999683,1,1.2
112,retract,2,281,2.688000000000102,5.766000000000076,1,1.2
112,retract,2,282,3.9459999999999127,10.911999999999807,1,1.2
112,retract,2,283,2.080000000000382,9.81399999999985,1,1.2
112,retract,2,284,2.6140000000000327,10.884000000000015,1,1.2
112,retract,2,285,2.673999999999978,71.21199999999999,1,1.2
112,retract,2,286,1.5299999999997453,8.374000000000251,1,1.2
112,retract,2,287,1.987999999999829,11.572000000000116,1,1.2
112,retract,2,288,1.6359999999999673,718.9120000000003,1,1.2
112,retract,2,289,0.7619999999997162,3.7220000000002074,0,1.2
112,retract,2,290,0.6419999999998254,2.1419999999998254,0,1.2
112,retract,2,291,1.4840000000003783,3.8719999999998436,1,1.2
112,retract,2,292,0.9760000000001128,1.5599999999999454,0,1.2
112,retract,2,293,0.6639999999997599,4.059999999999945,0,1.2
112,retract,2,294,0.8260000000000218,0.9860000000003311,0,1.2
112,retract,2,295,1.0160000000000764,0.987999999999829,0,1.2
112,retract,2,296,2.007999999999811,5.652000000000044,1,1.2
112,retract,2,297,2.44399999999996,7.22400000000016,1,1.2
112,retract,2,298,1.7599999999997635,7.7520000000004075,1,1.2
112,retract,2,299,0.793999999999869,5.395999999999731,0,1.2
112,retract,2,300,1.3900000000003274,6.157999999999902,1,1.2
112,retract,2,301,1.3380000000001928,5.169999999999618,1,1.2
112,retract,2,302,1.9140000000002146,6.3279999999999745,1,1.2
112,retract,2,303,1.63799999999992,5.800000000000182,1,1.2
112,retract,2,304,1.7460000000000946,15.965999999999894,1,1.2
112,retract,2,305,1.6019999999998618,9.416000000000167,1,1.2
112,retract,2,306,1.36200000000008,8.957999999999629,1,1.2
112,retract,2,307,1.41800000000012,8.06399999999985,1,1.2
112,retract,2,308,2.150000000000091,8.38799999999992,1,1.2
112,retract,2,309,1.3260000000000218,10.942000000000007,1,1.2
112,retract,2,310,1.47400000000016,6.382000000000062,1,1.2
112,retract,2,311,1.8159999999998035,10.622000000000298,1,1.2
112,retract,2,312,1.58600000000024,24.937999999999192,1,1.2
112,retract,2,313,0.6920000000000073,1.1500000000005457,0,1.2
112,retract,2,314,1.3159999999998035,5.260000000000218,1,1.2
112,retract,2,315,1.9359999999996944,7.234000000000378,1,1.2
112,retract,2,316,2.6920000000000073,5.911999999999352,1,1.2
112,retract,2,317,2.2580000000007203,11.845999999999549,1,1.2
112,retract,2,318,2.5200000000004366,297.5720000000001,1,1.2
112,retract,2,319,1.1479999999992287,1.1320000000005166,0,1.2
112,retract,2,320,1.0360000000000582,1.3099999999994907,0,1.2
112,retract,2,321,1.5320000000001528,6.279999999999745,1,1.2
112,retract,2,322,1.7080000000005384,10.573999999999614,1,1.2
112,retract,2,323,1.2899999999999636,14.744000000000597,1,1.2
112,retract,2,324,1.7100000000000364,8.819999999999709,1,1.2
112,retract,2,325,1.050000000000182,0.04199999999946158,0,1.2
112,retract,2,327,1.7960000000002765,7.557999999999993,1,1.2
112,retract,2,328,1.61200000000008,880.0879999999997,1,1.2
112,retract,2,329,1.5419999999994616,5.50800000000072,1,1.2
112,retract,2,330,1.1520000000000437,1.3159999999998035,0,1.2
112,retract,2,331,1.0819999999994252,1.022000000000844,0,1.2
112,retract,2,332,1.2859999999991487,10.576000000000022,1,1.2
112,retract,2,333,1.3260000000000218,6.444000000000415,1,1.2
112,retract,2,334,1.5919999999996435,5.057999999999993,1,1.2
112,retract,2,335,1.5280000000002474,6.190000000000509,1,1.2
112,retract,2,336,1.25,8.5,1,1.2
112,retract,2,337,1.3119999999998981,8.695999999999913,1,1.2
112,retract,2,338,1.0519999999996799,1.0540000000000873,0,1.2
112,retract,2,339,1.11200000000008,1.0419999999994616,0,1.2
112,retract,2,340,1.6920000000000073,9.764000000000124,1,1.2
112,retract,2,341,1.6340000000000146,11.702000000000226,1,1.2
112,retract,2,342,0.8599999999996726,1.2140000000008513,0,1.2
112,retract,2,343,1.41399999999976,13.989999999999782,1,1.2
112,retract,2,344,0.5720000000001164,77.65599999999995,0,1.2
112,retract,2,345,1.1499999999996362,1.1320000000005166,0,1.2
112,retract,2,346,1.2420000000001892,3.4119999999993524,1,1.2
112,retract,2,347,1.8140000000003056,0.06199999999989814,1,1.2
112,retract,2,348,0.1540000000004511,15.105999999999767,0,1.2
112,retract,2,349,1.0659999999998035,1.0479999999997744,0,1.2
112,retract,2,350,1.068000000000211,152.53999999999996,0,1.2
112,retract,2,351,1.2780000000002474,13.844000000000051,1,1.2
112,retract,2,352,1.6039999999993597,406.3100000000004,1,1.2
112,retract,2,353,0.7240000000001601,13.644000000000233,0,1.2
112,retract,2,354,1.0079999999998108,13.707999999999629,0,1.2
112,retract,2,355,0.4920000000001892,1.3239999999996144,0,1.2
112,retract,2,356,1.318000000000211,,1,1.2
113,no_timeout,1,1,0.05600000000000449,0.15200000000000102,0,0.5
113,no_timeout,1,2,0.08800000000000097,2.049999999999997,0,0.5
113,no_timeout,1,3,0.21000000000000085,0.35199999999999676,0,0.5
113,no_timeout,1,4,0.19400000000000261,0.26599999999999824,0,0.5
113,no_timeout,1,5,0.12000000000000455,1.9539999999999935,0,0.5
113,no_timeout,1,6,0.14400000000000546,0.12599999999999767,0,0.5
113,no_timeout,1,7,0.17600000000000193,1.7439999999999998,0,0.5
113,no_timeout,1,8,0.0940000000000012,0.4199999999999946,0,0.5
113,no_timeout,1,9,0.11200000000000188,0.0660000000000025,0,0.5
113,no_timeout,1,10,0.13400000000000034,1.2659999999999982,0,0.5
113,no_timeout,1,11,0.045999999999999375,0.027999999999998693,0,0.5
113,no_timeout,1,12,1.0519999999999996,3.7779999999999987,1,0.5
113,no_timeout,1,13,0.7460000000000022,2.5219999999999985,1,0.5
113,no_timeout,1,14,0.16799999999999926,2.4520000000000053,0,0.5
113,no_timeout,1,15,0.13599999999999568,0.16199999999999903,0,0.5
113,no_timeout,1,16,0.0660000000000025,2.2760000000000034,0,0.5
113,no_timeout,1,17,0.2079999999999984,0.1039999999999992,0,0.5
113,no_timeout,1,18,0.10799999999999699,1.348000000000006,0,0.5
113,no_timeout,1,19,0.1319999999999979,0.11599999999999966,0,0.5
113,no_timeout,1,20,0.06199999999999761,0.32399999999999807,0,0.5
113,no_timeout,1,21,0.03800000000000381,0.16799999999999926,0,0.5
113,no_timeout,1,22,0.10199999999999676,0.3340000000000032,0,0.5
113,no_timeout,1,23,0.392000000000003,0.041999999999994486,0,0.5
113,no_timeout,1,24,0.054000000000002046,1.6599999999999966,0,0.5
113,no_timeout,1,25,0.038000000000010914,0.25799999999999557,0,0.5
113,no_timeout,1,26,0.06199999999999761,0.7740000000000009,0,0.5
113,no_timeout,1,27,0.769999999999996,2.9240000000000066,1,0.5
113,no_timeout,1,28,0.04399999999999693,2.519999999999996,0,0.5
113,no_timeout,1,29,0.2079999999999984,0.02400000000000091,0,0.5
113,no_timeout,1,30,0.09000000000000341,3.564000000000007,0,0.5
113,no_timeout,1,31,0.43199999999998795,0.060000000000002274,0,0.5
113,no_timeout,1,32,0.17199999999999704,2.7560000000000002,0,0.5
113,no_timeout,1,33,0.1700000000000017,0.2680000000000007,0,0.5
113,no_timeout,1,34,0.20000000000000284,0.028000000000005798,0,0.5
113,no_timeout,1,35,0.5060000000000002,4.603999999999999,1,0.5
113,no_timeout,1,36,0.24799999999999045,0.3100000000000023,0,0.5
113,no_timeout,1,37,0.06400000000000716,3.122,0,0.5
113,no_timeout,1,38,0.2639999999999958,0.031999999999996476,0,0.5
113,no_timeout,1,39,0.04200000000000159,0.001999999999995339,0,0.5
113,no_timeout,1,40,0.12000000000000455,4.6640000000000015,0,0.5
113,no_timeout,1,41,0.284000000000006,0.033999999999991815,0,0.5
113,no_timeout,1,42,0.10000000000000853,0.031999999999996476,0,0.5
113,no_timeout,1,43,0.132000000000005,0.10199999999998965,0,0.5
113,no_timeout,1,44,0.1980000000000075,0.19199999999999307,0,0.5
113,no_timeout,1,45,0.2780000000000058,1.7839999999999918,0,0.5
113,no_timeout,1,46,0.10000000000000853,0.3780000000000001,0,0.5
113,no_timeout,1,47,1.0019999999999953,0.1700000000000017,1,0.5
113,no_timeout,1,48,0.25199999999999534,9.838000000000008,0,0.5
113,no_timeout,1,49,0.7119999999999891,3.8940000000000055,1,0.5
113,no_timeout,1,50,0.13400000000000034,2.510000000000005,0,0.5
113,no_timeout,1,51,0.055999999999997385,2.263999999999996,0,0.5
113,no_timeout,1,52,0.17199999999999704,2.26400000000001,0,0.5
113,no_timeout,1,53,0.0759999999999934,0.034000000000006025,0,0.5
113,no_timeout,1,54,0.41799999999999216,0.02600000000001046,0,0.5
113,no_timeout,1,55,0.31799999999999784,1.0219999999999914,0,0.5
113,no_timeout,1,56,1.1260000000000048,3.372,1,0.5
113,no_timeout,1,57,0.09999999999999432,2.2240000000000038,0,0.5
113,no_timeout,1,58,0.0660000000000025,0.16200000000000614,0,0.5
113,no_timeout,1,59,0.09199999999998454,0.16200000000000614,0,0.5
113,no_timeout,1,60,0.27199999999999136,2.2920000000000016,0,0.5
113,no_timeout,1,61,0.8740000000000236,1.711999999999989,1,0.5
113,no_timeout,1,62,0.14599999999998658,0.6280000000000143,0,0.5
113,no_timeout,1,63,0.13800000000000523,1.5360000000000014,0,0.5
113,no_timeout,1,64,0.11599999999998545,0.5279999999999916,0,0.5
113,no_timeout,1,65,0.30400000000000205,0.09800000000001319,0,0.5
113,no_timeout,1,66,0.1939999999999884,0.6539999999999964,0,0.5
113,no_timeout,1,67,0.3100000000000023,0.13400000000001455,0,0.5
113,no_timeout,1,68,0.09399999999999409,0.09000000000000341,0,0.5
113,no_timeout,1,69,1.6500000000000057,2.447999999999979,1,0.5
113,no_timeout,1,70,0.10800000000000409,1.1280000000000143,0,0.5
113,no_timeout,1,71,0.11400000000000432,0.16599999999999682,0,0.5
113,no_timeout,1,72,0.28199999999998226,0.060000000000002274,0,0.5
113,no_timeout,1,73,0.18200000000001637,0.19599999999999795,0,0.5
113,no_timeout,1,74,1.8479999999999848,3.062000000000012,1,0.5
113,no_timeout,1,75,0.06200000000001182,0.2799999999999727,0,0.5
113,no_timeout,1,76,0.8140000000000214,0.14400000000000546,1,0.5
113,no_timeout,1,77,0.5859999999999843,0.36000000000001364,1,0.5
113,no_timeout,1,78,0.04200000000000159,6.777999999999992,0,0.5
113,no_timeout,1,79,0.11199999999999477,0.09000000000000341,0,0.5
113,no_timeout,1,80,0.9199999999999875,0.30400000000000205,1,0.5
113,no_timeout,1,81,0.17199999999999704,3.280000000000001,0,0.5
113,no_timeout,1,82,0.34200000000001296,0.5519999999999925,0,0.5
113,no_timeout,1,83,0.44599999999999795,1.3799999999999955,0,0.5
113,no_timeout,1,84,0.2680000000000007,0.02600000000001046,0,0.5
113,no_timeout,1,85,0.117999999999995,0.7340000000000089,0,0.5
113,no_timeout,1,86,1.0699999999999932,3.554000000000002,1,0.5
113,no_timeout,1,87,0.5840000000000032,6.147999999999996,1,0.5
113,no_timeout,1,88,0.19999999999998863,2.386000000000024,0,0.5
113,no_timeout,1,89,0.20999999999997954,0.26600000000001955,0,0.5
113,no_timeout,1,90,0.21999999999999886,3.1759999999999877,0,0.5
113,no_timeout,1,91,0.3340000000000032,0.1740000000000066,0,0.5
113,no_timeout,1,92,0.13399999999998613,1.7800000000000011,0,0.5
113,no_timeout,1,93,0.13400000000001455,0.19999999999998863,0,0.5
113,no_timeout,1,94,0.21399999999999864,0.578000000000003,0,0.5
113,no_timeout,1,95,0.7379999999999995,0.28999999999999204,1,0.5
113,no_timeout,1,96,0.2600000000000193,1.049999999999983,0,0.5
113,no_timeout,1,97,0.1980000000000075,1.039999999999992,0,0.5
113,no_timeout,1,98,0.18999999999999773,9.484000000000009,0,0.5
113,no_timeout,1,99,0.9199999999999875,19.312000000000012,1,0.5
113,no_timeout,1,100,0.12999999999999545,0.08600000000001273,0,0.5
113,no_timeout,1,101,0.3340000000000032,1.9379999999999882,0,0.5
113,no_timeout,1,102,0.31399999999999295,0.12399999999999523,0,0.5
113,no_timeout,1,103,0.0660000000000025,1.858000000000004,0,0.5
113,no_timeout,1,104,0.7300000000000182,0.027999999999991587,1,0.5
113,no_timeout,1,105,0.0759999999999934,3.3840000000000146,0,0.5
113,no_timeout,1,106,0.33799999999999386,2.437999999999988,0,0.5
113,no_timeout,1,107,0.30800000000002115,2.415999999999997,0,0.5
113,no_timeout,1,108,0.24399999999999977,2.3419999999999845,0,0.5
113,no_timeout,1,109,0.12600000000000477,0.11000000000001364,0,0.5
113,no_timeout,1,110,0.20599999999998886,5.734000000000009,0,0.5
113,no_timeout,1,111,0.22799999999998022,0.28600000000000136,0,0.5
113,no_timeout,1,112,0.2600000000000193,1.5759999999999934,0,0.5
113,no_timeout,1,113,0.11599999999998545,0.3859999999999957,0,0.5
113,no_timeout,1,114,0.06800000000001205,0.056000000000011596,0,0.5
113,no_timeout,1,115,0.3580000000000041,0.04199999999997317,0,0.5
113,no_timeout,1,116,0.2740000000000009,0.02800000000002001,0,0.5
113,no_timeout,1,117,0.030000000000001137,2.2860000000000014,0,0.5
113,no_timeout,1,118,0.117999999999995,0.0759999999999934,0,0.5
113,no_timeout,1,119,0.2779999999999916,0.32800000000000296,0,0.5
113,no_timeout,1,120,0.6920000000000073,0.11199999999999477,1,0.5
113,no_timeout,1,121,0.13599999999999568,4.072000000000031,0,0.5
113,no_timeout,1,122,0.3299999999999841,3.079999999999984,0,0.5
113,no_timeout,1,123,0.06999999999999318,0.2259999999999991,0,0.5
113,no_timeout,1,124,0.41200000000003456,2.731999999999971,0,0.5
113,no_timeout,1,125,0.14400000000000546,0.4000000000000341,0,0.5
113,no_timeout,1,126,0.40399999999999636,0.013999999999953161,0,0.5
113,no_timeout,1,127,1.0340000000000487,3.3899999999999864,1,0.5
113,no_timeout,1,128,0.7299999999999613,0.5240000000000009,1,0.5
113,no_timeout,1,129,0.55600000000004,7.8139999999999645,1,0.5
113,no_timeout,1,130,0.23200000000002774,3.137999999999977,0,0.6
113,no_timeout,1,131,0.033999999999991815,0.4800000000000182,0,0.6
113,no_timeout,1,132,0.35000000000002274,0.7620000000000005,0,0.6
113,no_timeout,1,133,0.06599999999997408,3.0540000000000305,0,0.6
113,no_timeout,1,134,0.0999999999999659,0.040000000000020464,0,0.6
113,no_timeout,1,135,0.038000000000010914,0.8220000000000027,0,0.6
113,no_timeout,1,136,0.4060000000000059,0.06599999999997408,0,0.6
113,no_timeout,1,137,0.9259999999999877,2.665999999999997,1,0.6
113,no_timeout,1,138,0.8300000000000409,2.6019999999999754,1,0.6
113,no_timeout,1,139,0.18400000000002592,0.9939999999999714,0,0.6
113,no_timeout,1,140,0.09800000000001319,0.1279999999999859,0,0.6
113,no_timeout,1,141,0.27199999999999136,1.698000000000036,0,0.6
113,no_timeout,1,142,0.2659999999999627,2.0020000000000095,0,0.6
113,no_timeout,1,143,0.5840000000000032,0.39400000000000546,0,0.6
113,no_timeout,1,144,0.05000000000001137,2.0259999999999536,0,0.6
113,no_timeout,1,145,0.2720000000000482,0.44999999999998863,0,0.6
113,no_timeout,1,146,0.15800000000001546,0.08999999999997499,0,0.6
113,no_timeout,1,147,0.11200000000002319,0.21599999999995134,0,0.6
113,no_timeout,1,148,0.3760000000000332,2.4420000000000073,0,0.6
113,no_timeout,1,149,0.5279999999999632,0.4759999999999991,0,0.6
113,no_timeout,1,150,0.22800000000000864,2.79200000000003,0,0.6
113,no_timeout,1,151,0.4359999999999786,0.036000000000001364,0,0.6
113,no_timeout,1,152,0.5640000000000214,0.07799999999997453,0,0.6
113,no_timeout,1,153,0.132000000000005,3.1100000000000136,0,0.6
113,no_timeout,1,154,0.18999999999999773,0.15800000000001546,0,0.6
113,no_timeout,1,155,0.4779999999999518,0.012000000000000455,0,0.6
113,no_timeout,1,156,0.1400000000000432,2.051999999999964,0,0.6
113,no_timeout,1,157,0.17400000000003502,0.5079999999999814,0,0.6
113,no_timeout,1,158,0.39999999999997726,0.16200000000003456,0,0.6
113,no_timeout,1,159,0.3720000000000141,8.346000000000004,0,0.6
113,no_timeout,1,160,0.7619999999999436,12.756000000000029,1,0.6
113,no_timeout,1,161,0.036000000000001364,0.15399999999999636,0,0.6
113,no_timeout,1,162,0.053999999999973625,1.684000000000026,0,0.6
113,no_timeout,1,163,0.1560000000000059,0.009999999999990905,0,0.6
113,no_timeout,1,164,0.07200000000000273,3.316000000000031,0,0.6
113,no_timeout,1,165,0.7259999999999991,1.8879999999999768,1,0.6
113,no_timeout,1,166,0.7420000000000186,3.274000000000001,1,0.6
113,no_timeout,1,167,0.20999999999997954,0.41399999999998727,0,0.6
113,no_timeout,1,168,0.6999999999999886,2.772000000000048,1,0.6
113,no_timeout,1,169,0.3079999999999927,0.055999999999983174,0,0.6
113,no_timeout,1,170,0.06400000000002137,1.579999999999984,0,0.6
113,no_timeout,1,171,0.9139999999999873,2.637999999999977,1,0.6
113,no_timeout,1,172,1.2900000000000205,0.23399999999998045,1,0.6
113,no_timeout,1,173,0.08800000000002228,2.579999999999984,0,0.6
113,no_timeout,1,174,0.42200000000002547,2.430000000000007,0,0.6
113,no_timeout,1,175,0.4119999999999777,2.146000000000015,0,0.6
113,no_timeout,1,176,0.2799999999999727,0.016000000000019554,0,0.6
113,no_timeout,1,177,0.103999999999985,0.08000000000004093,0,0.6
113,no_timeout,1,178,0.21199999999998909,1.7199999999999704,0,0.6
113,no_timeout,1,179,0.29000000000002046,2.6999999999999886,0,0.6
113,no_timeout,1,180,0.04599999999999227,25.045999999999992,0,0.6
113,no_timeout,1,181,0.05200000000002092,0.05200000000002092,0,0.6
113,no_timeout,1,182,0.04399999999998272,2.156000000000006,0,0.6
113,no_timeout,1,183,0.2459999999999809,0.04800000000000182,0,0.6
113,no_timeout,1,184,0.09199999999998454,2.6280000000000427,0,0.6
113,no_timeout,1,185,0.2699999999999818,0.4940000000000282,0,0.6
113,no_timeout,1,186,0.07599999999996498,2.268000000000029,0,0.6
113,no_timeout,1,187,0.20999999999997954,0.5179999999999723,0,0.6
113,no_timeout,1,188,0.7880000000000109,12.665999999999997,1,0.6
113,no_timeout,1,189,0.6980000000000359,0.14999999999997726,1,0.6
113,no_timeout,1,190,0.040000000000020464,5.168000000000006,0,0.6
113,no_timeout,1,191,0.6920000000000073,7.869999999999948,1,0.6
113,no_timeout,1,192,0.34000000000003183,0.036000000000001364,0,0.6
113,no_timeout,1,193,1.0339999999999918,3.5539999999999736,1,0.6
113,no_timeout,1,194,0.05600000000004002,5.060000000000002,0,0.6
113,no_timeout,1,195,0.5819999999999936,3.6019999999999754,0,0.6
113,no_timeout,1,196,0.2740000000000009,0.03000000000002956,0,0.6
113,no_timeout,1,197,0.31799999999998363,3.4399999999999977,0,0.6
113,no_timeout,1,198,0.09800000000001319,1.4519999999999982,0,0.6
113,no_timeout,1,199,0.325999999999965,0.18000000000000682,0,0.6
113,no_timeout,1,200,0.05400000000003047,1.1639999999999873,0,0.6
113,no_timeout,1,201,0.5960000000000036,2.9119999999999777,0,0.6
113,no_timeout,1,202,0.3520000000000323,0.1279999999999859,0,0.6
113,no_timeout,1,203,1.2520000000000095,3.9639999999999986,1,0.6
113,no_timeout,1,204,0.49399999999997135,1.4940000000000282,0,0.6
113,no_timeout,1,205,0.15399999999999636,0.031999999999982265,0,0.6
113,no_timeout,1,206,0.040000000000020464,0.2400000000000091,0,0.6
113,no_timeout,1,207,0.09399999999999409,4.901999999999987,0,0.6
113,no_timeout,1,208,0.4379999999999882,0.5800000000000409,0,0.6
113,no_timeout,1,209,0.03999999999996362,1.0300000000000296,0,0.6
113,no_timeout,1,210,0.3079999999999927,0.04199999999997317,0,0.6
113,no_timeout,1,211,0.08000000000004093,2.3279999999999745,0,0.6
113,no_timeout,1,212,0.033999999999991815,0.3240000000000123,0,0.6
113,no_timeout,1,213,0.5,1.7099999999999795,0,0.6
113,no_timeout,1,214,0.2680000000000291,0.367999999999995,0,0.6
113,no_timeout,1,215,0.7559999999999718,0.02800000000002001,1,0.6
113,no_timeout,1,216,0.18999999999999773,1.9780000000000086,0,0.6
113,no_timeout,1,217,0.26400000000001,9.25200000000001,0,0.6
113,no_timeout,1,218,0.31399999999996453,4.5919999999999845,0,0.6
113,no_timeout,1,219,0.5900000000000318,1.4660000000000082,0,0.6
113,no_timeout,1,220,0.11000000000001364,0.0959999999999468,0,0.6
113,no_timeout,1,221,0.2300000000000182,1.136000000000024,0,0.6
113,no_timeout,1,222,0.103999999999985,0.031999999999982265,0,0.6
113,no_timeout,1,223,0.38800000000003365,2.1620000000000346,0,0.6
113,no_timeout,1,224,0.09199999999998454,0.37599999999997635,0,0.6
113,no_timeout,1,225,0.06999999999993634,3.966000000000008,0,0.6
113,no_timeout,1,226,0.15800000000001546,0.6860000000000355,0,0.6
113,no_timeout,1,227,0.25,0.06200000000001182,0,0.6
113,no_timeout,1,228,0.12999999999999545,0.038000000000010914,0,0.6
113,no_timeout,1,229,0.17399999999997817,0.2480000000000473,0,0.6
113,no_timeout,1,230,0.13399999999990087,2.066000000000031,0,0.6
113,no_timeout,1,231,0.057999999999992724,0.4940000000000282,0,0.6
113,no_timeout,1,232,0.06600000000003092,3.6920000000000073,0,0.6
113,no_timeout,1,233,0.09999999999990905,1.5579999999999927,0,0.6
113,no_timeout,1,234,0.10600000000010823,0.09399999999993724,0,0.6
113,no_timeout,1,235,0.44399999999996,0.06200000000001182,0,0.6
113,no_timeout,1,236,0.2720000000000482,30.309999999999945,0,0.6
113,no_timeout,1,237,0.2800000000000864,0.7339999999999236,0,0.6
113,no_timeout,1,238,0.13400000000001455,1.95799999999997,0,0.6
113,no_timeout,1,239,0.7220000000000937,0.9139999999999873,1,0.6
113,no_timeout,1,240,0.41599999999994,5.124000000000024,0,0.6
113,no_timeout,1,241,0.09400000000005093,3.0219999999999345,0,0.6
113,no_timeout,1,242,0.2400000000000091,1.981999999999971,0,0.6
113,no_timeout,1,243,0.18200000000001637,0.12200000000007094,0,0.6
113,no_timeout,1,244,0.4219999999999118,0.07200000000000273,0,0.6
113,no_timeout,1,245,0.5099999999999909,2.1620000000000346,0,0.6
113,no_timeout,1,246,0.07400000000006912,0.13999999999998636,0,0.6
113,no_timeout,1,247,0.5119999999999436,2.8659999999999854,0,0.6
113,no_timeout,1,248,0.14800000000002456,0.4679999999999609,0,0.6
113,no_timeout,1,249,0.2960000000000491,3.1399999999999864,0,0.6
113,no_timeout,1,250,0.2699999999999818,0.9139999999999873,0,0.6
113,no_timeout,1,251,0.19200000000000728,1.6739999999999782,0,0.6
113,no_timeout,1,252,0.6800000000000637,5.830000000000041,1,0.6
113,no_timeout,1,253,0.16799999999989268,0.05000000000006821,0,0.6
113,no_timeout,1,254,0.09600000000000364,0.12400000000002365,0,0.6
113,no_timeout,1,255,0.08600000000001273,9.145999999999958,0,0.6
113,no_timeout,1,256,0.038000000000010914,5.199999999999932,0,0.6
113,no_timeout,1,257,0.12999999999999545,2.2040000000000646,0,0.6
113,no_timeout,1,258,0.4560000000000173,3.4979999999999336,0,0.6
113,no_timeout,1,259,0.3079999999999927,0.11400000000003274,0,0.6
113,no_timeout,1,260,0.5940000000000509,13.253999999999905,0,0.6
113,no_timeout,1,261,0.16400000000010095,0.2799999999999727,0,0.6
113,no_timeout,1,262,0.40800000000001546,2.7439999999999145,0,0.6
113,no_timeout,1,263,0.35800000000006094,2.463999999999942,0,0.6
113,no_timeout,1,264,0.5500000000000682,0.045999999999935426,0,0.6
113,no_timeout,1,265,0.11000000000001364,0.04000000000007731,0,0.6
113,no_timeout,1,266,0.19799999999997908,0.12999999999999545,0,0.6
113,no_timeout,1,267,0.2759999999999536,2.1100000000000136,0,0.6
113,no_timeout,1,268,1.2060000000000173,2.8500000000000227,1,0.6
113,no_timeout,1,269,0.07799999999997453,1.1480000000000246,0,0.6
113,no_timeout,1,270,0.15199999999992997,0.2820000000000391,0,0.6
113,no_timeout,1,271,0.19399999999995998,4.398000000000025,0,0.6
113,no_timeout,1,272,0.5120000000000573,0.26400000000001,0,0.6
113,no_timeout,1,273,0.12599999999997635,3.8980000000000246,0,0.6
113,no_timeout,1,274,0.4379999999999882,0.20199999999999818,0,0.6
113,no_timeout,1,275,0.5819999999999936,3.3079999999999927,0,0.6
113,no_timeout,1,276,0.2400000000000091,1.42999999999995,0,0.6
113,no_timeout,1,277,0.5500000000000682,6.097999999999956,0,0.6
113,no_timeout,1,278,0.4339999999999691,0.12599999999997635,0,0.6
113,no_timeout,1,279,0.07800000000008822,4.747999999999934,0,0.6
113,no_timeout,1,280,0.16600000000005366,1.863999999999919,0,0.6
113,no_timeout,1,281,0.23200000000008458,0.029999999999972715,0,0.6
113,no_timeout,1,282,0.11599999999998545,4.6860000000000355,0,0.6
113,no_timeout,1,283,0.06799999999998363,0.7060000000000173,0,0.6
113,no_timeout,1,284,1.0,0.5660000000000309,1,0.6
113,no_timeout,1,285,0.2740000000000009,2.255999999999972,0,0.6
113,no_timeout,1,286,0.13199999999994816,0.14600000000007185,0,0.6
113,no_timeout,1,287,0.03999999999996362,0.10599999999999454,0,0.6
113,no_timeout,1,288,0.20199999999999818,0.07600000000002183,0,0.6
113,no_timeout,1,289,0.6699999999999591,5.504000000000019,1,0.6
113,no_timeout,1,290,0.13800000000003365,11.269999999999982,0,0.6
113,no_timeout,1,291,0.22199999999998,0.4779999999999518,0,0.6
113,no_timeout,1,292,0.58400000000006,0.15399999999999636,0,0.6
113,no_timeout,1,293,0.09199999999998454,2.118000000000052,0,0.6
113,no_timeout,1,294,0.12000000000000455,0.25,0,0.6
113,no_timeout,1,295,0.7179999999999609,7.371999999999957,1,0.6
113,no_timeout,1,296,0.3020000000000209,0.12400000000002365,0,0.6
113,no_timeout,1,297,0.045999999999935426,0.61200000000008,0,0.6
113,no_timeout,1,298,0.16599999999993997,0.02400000000000091,0,0.6
113,no_timeout,1,299,0.17600000000004457,0.033999999999991815,0,0.6
113,no_timeout,1,300,0.3160000000000309,2.5679999999999836,0,0.6
113,no_timeout,1,301,0.12400000000002365,0.9379999999999882,0,0.6
113,no_timeout,1,302,0.2559999999999718,0.038000000000010914,0,0.6
113,no_timeout,1,303,0.29200000000003,0.02400000000000091,0,0.6
113,no_timeout,1,304,0.4339999999999691,0.7899999999999636,0,0.6
113,no_timeout,1,305,0.16399999999998727,1.6860000000000355,0,0.6
113,no_timeout,1,306,0.07799999999997453,0.4660000000000082,0,0.6
113,no_timeout,1,307,0.22000000000002728,0.6559999999999491,0,0.6
113,no_timeout,1,308,0.09800000000007003,4.997999999999934,0,0.6
113,no_timeout,1,309,0.12000000000000455,0.8559999999999945,0,0.6
113,no_timeout,1,310,0.6180000000000518,5.141999999999939,1,0.6
113,no_timeout,1,311,0.20400000000006457,2.69399999999996,0,0.6
113,no_timeout,1,312,0.3100000000000591,5.515999999999963,0,0.6
113,no_timeout,1,313,0.11400000000003274,0.2419999999999618,0,0.6
113,no_timeout,1,314,0.37400000000002365,2.0739999999999554,0,0.6
113,no_timeout,1,315,0.7699999999999818,4.759999999999991,1,0.6
113,no_timeout,1,316,0.15400000000011005,7.445999999999913,0,0.6
113,no_timeout,1,317,0.11000000000001364,0.26400000000001,0,0.6
113,no_timeout,1,318,0.05200000000002092,0.6960000000000264,0,0.6
113,no_timeout,1,319,0.05599999999992633,28.618000000000052,0,0.6
113,no_timeout,1,320,0.2279999999999518,0.05400000000008731,0,0.6
113,no_timeout,1,321,0.6219999999999573,2.683999999999969,1,0.6
113,no_timeout,1,322,0.33199999999999363,1.7520000000000664,0,0.6
113,no_timeout,1,323,1.0919999999999845,8.733999999999924,1,0.6
113,no_timeout,1,324,0.2760000000000673,0.8980000000000246,0,0.6
113,no_timeout,1,325,0.08399999999994634,2.1140000000000327,0,0.6
113,no_timeout,1,326,0.4739999999999327,1.8400000000000318,0,0.6
113,no_timeout,1,327,1.4800000000000182,2.980000000000018,1,0.6
113,no_timeout,1,328,0.10199999999997544,0.2300000000000182,0,0.6
113,no_timeout,1,329,0.6499999999999773,7.518000000000029,1,0.6
113,no_timeout,1,330,0.10599999999999454,4.419999999999959,0,0.6
113,no_timeout,1,331,0.6259999999999764,5.974000000000046,1,0.6
113,no_timeout,1,332,0.4819999999999709,3.08400000000006,0,0.6
113,no_timeout,1,333,0.2540000000000191,1.92999999999995,0,0.6
113,no_timeout,1,334,0.15999999999996817,0.8120000000000118,0,0.6
113,no_timeout,1,335,0.9700000000000273,2.5599999999999454,1,0.6
113,no_timeout,1,336,0.5260000000000673,0.7319999999999709,0,0.6
113,no_timeout,1,337,0.3300000000000409,0.03599999999994452,0,0.6
113,no_timeout,1,338,0.2300000000000182,0.10800000000006094,0,0.6
113,no_timeout,1,339,0.053999999999973625,3.491999999999962,0,0.6
113,no_timeout,1,340,0.11599999999998545,1.509999999999991,0,0.6
113,no_timeout,1,341,0.40600000000006276,0.6559999999999491,0,0.6
113,no_timeout,1,342,0.21000000000003638,0.02400000000000091,0,0.6
113,no_timeout,1,343,0.17999999999994998,0.3120000000000118,0,0.6
113,no_timeout,1,344,1.1119999999999663,3.7380000000000564,1,0.6
113,no_timeout,1,345,0.049999999999954525,0.3100000000000591,0,0.6
113,no_timeout,1,346,0.17200000000002547,0.07599999999990814,0,0.6
113,no_timeout,1,347,0.2300000000000182,1.475999999999999,0,0.6
113,no_timeout,1,348,0.10400000000004184,3.298000000000002,0,0.6
113,no_timeout,1,349,0.2379999999999427,1.9260000000000446,0,0.6
113,no_timeout,1,350,0.20000000000004547,1.8579999999999472,0,0.6
113,no_timeout,1,351,0.06799999999998363,0.17200000000002547,0,0.6
113,no_timeout,1,352,0.3300000000000409,3.423999999999978,0,0.6
113,no_timeout,1,353,0.5099999999999909,0.11599999999998545,0,0.6
113,no_timeout,1,354,0.14200000000005275,3.6119999999999663,0,0.6
113,no_timeout,1,355,0.053999999999973625,0.11800000000005184,0,0.6
113,no_timeout,1,356,0.5019999999999527,0.04200000000003001,0,0.6
113,no_timeout,1,357,0.03199999999992542,0.016000000000076398,0,0.6
113,no_timeout,1,358,0.33600000000001273,0.20199999999999818,0,0.6
113,no_timeout,1,359,0.08199999999999363,0.33199999999999363,0,0.6
113,no_timeout,1,360,0.12599999999997635,0.02400000000000091,0,0.6
113,no_timeout,1,361,0.6019999999999754,2.6380000000000337,1,0.6
113,no_timeout,1,362,0.2559999999999718,0.21800000000007458,0,0.6
113,no_timeout,1,363,0.4399999999999409,1.6860000000000355,0,0.6
113,no_timeout,1,364,0.6999999999999318,0.21600000000000819,1,0.6
113,no_timeout,1,365,0.09800000000007003,0.12599999999997635,0,0.6
113,no_timeout,1,366,0.09399999999993724,5.5200000000000955,0,0.6
113,no_timeout,1,367,0.9319999999999027,4.972000000000094,1,0.6
113,no_timeout,1,368,0.17599999999993088,0.17399999999997817,0,0.6
113,no_timeout,1,369,0.2720000000000482,1.7960000000000491,0,0.6
113,no_timeout,1,370,0.36799999999993815,1.1159999999999854,0,0.6
113,no_timeout,1,371,0.21000000000003638,0.25,0,0.6
113,no_timeout,1,372,0.13800000000003365,0.2839999999999918,0,0.6
113,no_timeout,1,373,0.5059999999999718,0.045999999999935426,0,0.6
113,no_timeout,1,374,0.09400000000005093,0.03600000000005821,0,0.6
113,no_timeout,1,375,0.6639999999999873,2.3059999999999263,1,0.6
113,no_timeout,1,376,0.5240000000000009,0.9759999999999991,0,0.6
113,no_timeout,1,377,0.22199999999998,0.13800000000003365,0,0.6
113,no_timeout,1,378,0.26400000000001,0.6280000000000427,0,0.6
113,no_timeout,1,379,0.20600000000001728,0.30199999999990723,0,0.6
113,no_timeout,1,380,0.09000000000003183,1.8500000000000227,0,0.6
113,no_timeout,1,381,0.2939999999999827,0.15800000000001546,0,0.6
113,no_timeout,1,382,0.045999999999935426,1.1720000000000255,0,0.6
113,no_timeout,1,383,0.12000000000000455,0.12000000000000455,0,0.6
113,no_timeout,1,384,1.2480000000000473,0.01999999999998181,1,0.6
113,no_timeout,1,385,0.13400000000001455,0.13799999999991996,0,0.6
113,no_timeout,1,386,0.15600000000006276,3.298000000000002,0,0.6
113,no_timeout,1,387,0.18600000000003547,0.21199999999998909,0,0.6
113,no_timeout,1,388,0.37599999999997635,0.15599999999994907,0,0.6
113,no_timeout,1,389,0.7560000000000855,2.245999999999981,1,0.6
113,no_timeout,1,390,0.17999999999994998,0.08400000000006003,0,0.6
113,no_timeout,1,391,0.8339999999999463,4.1299999999999955,1,0.6
113,no_timeout,1,392,0.5579999999999927,1.3220000000000027,0,0.6
113,no_timeout,1,393,0.12999999999999545,0.17000000000007276,0,0.6
113,no_timeout,1,394,0.69399999999996,2.6960000000000264,1,0.6
113,no_timeout,1,395,0.08999999999991815,0.4540000000000646,0,0.6
113,no_timeout,1,396,0.38199999999994816,0.08600000000001273,0,0.6
113,no_timeout,1,397,0.03600000000005821,0.18799999999998818,0,0.6
113,no_timeout,1,398,0.13199999999994816,1.1440000000000055,0,0.6
113,no_timeout,1,399,0.06799999999998363,0.32600000000002183,0,0.6
113,no_timeout,1,400,0.6860000000000355,2.8099999999999454,1,0.6
113,no_timeout,1,401,0.12999999999999545,0.018000000000029104,0,0.6
113,no_timeout,1,402,0.41200000000003456,4.008000000000038,0,0.6
113,no_timeout,1,403,0.14399999999989177,0.36000000000001364,0,0.6
113,no_timeout,1,404,0.5900000000000318,0.19200000000000728,0,0.6
113,no_timeout,1,405,0.05600000000004002,2.2199999999999136,0,0.6
113,no_timeout,1,406,0.38800000000003365,1.5480000000000018,0,0.6
113,no_timeout,1,407,0.7140000000000555,0.13199999999994816,1,0.6
113,no_timeout,1,408,0.11000000000001364,0.11400000000003274,0,0.6
113,no_timeout,1,409,0.39199999999993906,2.038000000000011,0,0.6
113,no_timeout,1,410,0.11199999999996635,0.15000000000009095,0,0.6
113,no_timeout,1,411,0.4339999999999691,4.453999999999951,0,0.6
113,no_timeout,1,412,0.08000000000004093,0.09799999999995634,0,0.6
113,no_timeout,1,413,0.7140000000000555,3.1499999999999773,1,0.6
113,no_timeout,1,414,0.5879999999999654,6.990000000000009,0,0.6
113,no_timeout,1,415,1.0,3.1200000000000045,1,0.6
113,no_timeout,1,416,0.7740000000000009,0.12999999999999545,1,0.6
113,no_timeout,1,417,0.19000000000005457,2.7579999999999245,0,0.6
113,no_timeout,1,418,0.2300000000000182,0.033999999999991815,0,0.6
113,no_timeout,1,419,0.5300000000000864,2.009999999999991,0,0.6
113,no_timeout,1,420,0.07399999999995543,0.2699999999999818,0,0.6
113,no_timeout,1,421,0.40800000000001546,2.7240000000000464,0,0.6
113,no_timeout,1,422,0.07599999999990814,0.17600000000004457,0,0.6
113,no_timeout,1,423,0.15800000000001546,0.33799999999996544,0,0.6
113,no_timeout,1,424,0.18000000000006366,0.04800000000000182,0,0.6
113,no_timeout,1,425,0.2039999999999509,2.3640000000000327,0,0.6
113,no_timeout,1,426,0.10000000000002274,0.5899999999999181,0,0.6
113,no_timeout,1,427,0.12200000000007094,2.019999999999982,0,0.6
113,no_timeout,1,428,0.12000000000000455,0.19799999999997908,0,0.6
113,no_timeout,1,429,0.2999999999999545,0.04800000000000182,0,0.6
113,no_timeout,1,430,0.5540000000000873,6.555999999999926,0,0.6
113,no_timeout,1,431,0.14400000000000546,0.07600000000002183,0,0.6
113,no_timeout,1,432,0.18600000000003547,0.033999999999991815,0,0.6
113,no_timeout,1,433,0.32799999999997453,0.10599999999999454,0,0.6
113,no_timeout,1,434,0.2899999999999636,2.3180000000000973,0,0.6
113,no_timeout,1,435,0.029999999999972715,1.0760000000000218,0,0.6
113,no_timeout,1,436,0.05599999999992633,0.19799999999997908,0,0.6
113,no_timeout,1,437,0.3180000000000973,1.6680000000000064,0,0.6
113,no_timeout,1,438,0.6619999999999209,0.04200000000003001,1,0.6
113,no_timeout,1,439,0.08000000000004093,5.413999999999987,0,0.6
113,no_timeout,1,440,0.34600000000000364,0.5339999999999918,0,0.6
113,no_timeout,1,441,0.11599999999998545,0.09600000000000364,0,0.6
113,no_timeout,1,442,0.13400000000001455,0.033999999999991815,0,0.6
113,no_timeout,1,443,0.5520000000000209,3.5519999999999072,0,0.6
113,no_timeout,1,444,0.38400000000001455,0.8220000000000027,0,0.6
113,no_timeout,1,445,0.41600000000005366,0.021999999999934516,0,0.6
113,no_timeout,1,446,0.6000000000000227,3.1920000000000073,0,0.6
113,no_timeout,1,447,0.37599999999997635,1.8740000000000236,0,0.6
113,no_timeout,1,448,0.4660000000001219,0.005999999999858119,0,0.6
113,no_timeout,1,449,0.5799999999999272,1.2600000000002183,0,0.6
113,no_timeout,1,450,0.03799999999978354,0.38800000000014734,0,0.6
113,no_timeout,1,451,0.06999999999993634,0.40399999999999636,0,0.6
113,no_timeout,1,452,0.5060000000000855,1.6399999999998727,0,0.6
113,no_timeout,1,453,0.15800000000012915,0.12199999999984357,0,0.6
113,no_timeout,1,454,0.512000000000171,0.02599999999983993,0,0.6
113,no_timeout,1,455,0.12200000000007094,0.11400000000003274,0,0.6
113,no_timeout,1,456,0.2919999999999163,1.5860000000000127,0,0.6
113,no_timeout,1,457,0.2699999999999818,0.052000000000134605,0,0.6
113,no_timeout,1,458,0.42200000000002547,0.11199999999985266,0,0.6
113,no_timeout,1,459,0.37800000000015643,0.0039999999999054126,0,0.6
113,no_timeout,1,460,0.6340000000000146,14.652000000000044,1,0.6
113,no_timeout,1,461,0.18399999999996908,0.14400000000000546,0,0.6
113,no_timeout,1,462,0.31399999999985084,0.09200000000009823,0,0.6
113,no_timeout,1,463,0.4960000000000946,1.2699999999999818,0,0.6
113,no_timeout,1,464,0.14799999999991087,0.08200000000010732,0,0.6
113,no_timeout,1,465,0.8199999999999363,0.9500000000000455,1,0.6
113,no_timeout,1,466,0.35999999999989996,2.882000000000062,0,0.6
113,no_timeout,1,467,0.06199999999989814,0.6900000000000546,0,0.6
113,no_timeout,1,468,0.2540000000001328,0.015999999999849024,0,0.6
113,no_timeout,1,469,0.42000000000007276,9.30600000000004,0,0.6
113,no_timeout,1,470,0.1999999999998181,0.004000000000132786,0,0.6
113,no_timeout,1,471,0.16399999999998727,0.2519999999999527,0,0.6
113,no_timeout,1,472,0.10400000000004184,1.5679999999999836,0,0.6
113,no_timeout,1,473,0.34799999999995634,0.5240000000001146,0,0.6
113,no_timeout,1,474,0.10999999999989996,0.07200000000011642,0,0.6
113,no_timeout,1,475,0.06799999999998363,0.05399999999985994,0,0.6
113,no_timeout,1,476,0.06799999999998363,0.36599999999998545,0,0.6
113,no_timeout,1,477,0.2700000000002092,0.05399999999985994,0,0.6
113,no_timeout,1,478,0.09200000000009823,0.038000000000010914,0,0.6
113,no_timeout,1,479,0.08199999999987995,0.052000000000134605,0,0.6
113,no_timeout,1,480,0.2079999999998563,2.022000000000162,0,0.6
113,no_timeout,1,481,0.14799999999991087,1.7519999999999527,0,0.6
113,no_timeout,1,482,0.2599999999999909,0.40599999999994907,0,0.6
113,no_timeout,1,483,0.13800000000014734,0.02599999999983993,0,0.6
113,no_timeout,1,484,0.07400000000006912,0.03199999999992542,0,0.6
113,no_timeout,1,485,0.2740000000001146,1.8320000000001073,0,0.6
113,no_timeout,1,486,0.11599999999998545,0.7319999999999709,0,0.6
113,no_timeout,1,487,0.44399999999996,1.3360000000000127,0,0.6
113,no_timeout,1,488,0.34600000000000364,0.2819999999999254,0,0.6
113,no_timeout,1,489,0.5060000000000855,1.1219999999998436,0,0.6
113,no_timeout,1,490,0.15600000000017644,0.2919999999999163,0,0.6
113,no_timeout,1,491,0.12400000000002365,0.20800000000008367,0,0.6
113,no_timeout,1,492,0.2699999999999818,0.39599999999995816,0,0.6
113,no_timeout,1,493,0.18200000000001637,0.10599999999999454,0,0.6
113,no_timeout,1,494,1.4259999999999309,15.539999999999964,1,0.6
113,no_timeout,1,495,0.37800000000015643,0.057999999999992724,0,0.6
113,no_timeout,1,496,0.6119999999998527,2.6760000000001583,1,0.6
113,no_timeout,1,497,0.30599999999981264,3.7180000000000746,0,0.6
113,no_timeout,1,498,0.38799999999991996,0.009999999999990905,0,0.6
113,no_timeout,1,499,0.3160000000000309,0.14000000000010004,0,0.6
113,no_timeout,1,500,0.11400000000003274,3.4839999999999236,0,0.6
113,no_timeout,1,501,1.038000000000011,0.038000000000010914,1,0.6
113,no_timeout,1,502,0.41000000000008185,2.6959999999999127,0,0.6
113,no_timeout,1,503,0.15200000000004366,1.509999999999991,0,0.6
113,no_timeout,1,504,0.07999999999992724,1.5960000000000036,0,0.6
113,no_timeout,1,505,0.11000000000012733,0.4219999999997981,0,0.6
113,no_timeout,1,506,0.11400000000003274,1.6639999999999873,0,0.6
113,no_timeout,1,507,0.27800000000002,0.0340000000001055,0,0.6
113,no_timeout,1,508,0.36199999999985266,4.254000000000133,0,0.6
113,no_timeout,1,509,0.09999999999990905,4.597999999999956,0,0.6
113,no_timeout,1,510,0.10000000000013642,33.798,0,0.6
113,no_timeout,1,511,0.08199999999987995,2.338000000000193,0,0.6
113,no_timeout,1,512,0.12799999999992906,0.30399999999985994,0,0.6
113,no_timeout,1,513,0.08000000000015461,0.4659999999998945,0,0.6
113,no_timeout,1,514,0.2920000000001437,0.08399999999983265,0,0.6
113,no_timeout,1,515,0.9360000000001492,2.933999999999969,1,0.6
113,no_timeout,1,516,0.4559999999999036,1.4260000000001583,0,0.6
113,no_timeout,1,517,0.1879999999998745,0.07999999999992724,0,0.6
113,no_timeout,1,518,0.52800000000002,0.20600000000013097,0,0.6
113,no_timeout,1,519,0.4339999999999691,0.049999999999954525,0,0.6
113,no_timeout,1,520,0.07600000000002183,0.08999999999991815,0,0.6
113,no_timeout,1,521,0.09200000000009823,1.1479999999999109,0,0.6
113,no_timeout,1,522,0.2960000000000491,0.15800000000012915,0,0.6
113,no_timeout,1,523,0.9779999999998381,0.07600000000002183,1,0.6
113,no_timeout,1,524,0.38400000000001455,0.024000000000114596,0,0.6
113,no_timeout,1,525,0.6059999999999945,7.145999999999958,1,0.6
113,no_timeout,1,526,0.2380000000000564,0.01799999999980173,0,0.6
113,no_timeout,1,527,0.2300000000000182,0.024000000000114596,0,0.6
113,no_timeout,1,528,0.13400000000001455,0.10599999999999454,0,0.6
113,no_timeout,1,529,0.2639999999998963,1.1040000000000418,0,0.6
113,no_timeout,1,530,0.6240000000000236,0.11799999999993815,1,0.6
113,no_timeout,1,531,0.08000000000015461,3.3739999999997963,0,0.6
113,no_timeout,1,532,0.7040000000001783,6.323999999999842,1,0.6
113,no_timeout,1,533,0.07200000000011642,0.25,0,0.6
113,no_timeout,1,534,0.13200000000006185,0.07199999999988904,0,0.6
113,no_timeout,1,535,0.38799999999991996,8.176000000000158,0,0.6
113,no_timeout,1,536,0.17599999999993088,1.4760000000001128,0,0.6
113,no_timeout,1,537,0.33399999999983265,0.6580000000001291,0,0.6
113,no_timeout,1,538,0.5239999999998872,0.03600000000005821,0,0.6
113,no_timeout,1,539,0.15200000000004366,0.12400000000002365,0,0.6
113,no_timeout,1,540,0.23799999999982901,3.8740000000000236,0,0.6
113,no_timeout,1,541,0.18200000000001637,0.37599999999997635,0,0.6
113,no_timeout,1,542,0.2920000000001437,1.3979999999999109,0,0.6
113,no_timeout,1,543,0.31999999999993634,0.43400000000019645,0,0.6
113,no_timeout,1,544,0.4759999999998854,0.15399999999999636,0,0.6
113,no_timeout,1,545,0.20000000000004547,4.4659999999998945,0,0.6
113,no_timeout,1,546,0.2820000000001528,0.2339999999999236,0,0.6
113,no_timeout,1,547,0.650000000000091,0.03199999999992542,1,0.6
113,no_timeout,1,548,0.16200000000003456,3.563999999999851,0,0.6
113,no_timeout,1,549,0.21400000000016917,1.6059999999999945,0,0.6
113,no_timeout,1,550,0.34999999999990905,2.7100000000000364,0,0.6
113,no_timeout,1,551,0.32600000000002183,1.47199999999998,0,0.6
113,no_timeout,1,552,0.11799999999993815,0.17000000000007276,0,0.6
113,no_timeout,1,553,0.14999999999986358,0.52800000000002,0,0.6
113,no_timeout,1,554,0.14400000000000546,0.10200000000008913,0,0.6
113,no_timeout,1,555,0.36999999999989086,1.4580000000000837,0,0.6
113,no_timeout,1,556,0.13599999999996726,0.04600000000004911,0,0.6
113,no_timeout,1,557,0.7159999999998945,2.770000000000209,1,0.6
113,no_timeout,1,558,0.8819999999998345,2.622000000000071,1,0.6
113,no_timeout,1,559,0.03999999999996362,0.17399999999997817,0,0.6
113,no_timeout,1,560,0.13800000000014734,2.6599999999998545,0,0.6
113,no_timeout,1,561,0.4900000000000091,0.30999999999994543,0,0.6
113,no_timeout,1,562,0.14200000000005275,2.5440000000000964,0,0.6
113,no_timeout,1,563,0.08600000000001273,0.4939999999999145,0,0.6
113,no_timeout,1,564,0.18399999999996908,0.04600000000004911,0,0.6
113,no_timeout,1,565,0.5260000000000673,3.3599999999999,0,0.6
113,no_timeout,1,566,0.17599999999993088,0.3420000000000982,0,0.6
113,no_timeout,1,567,0.8279999999999745,4.480000000000018,1,0.6
113,no_timeout,1,568,0.12400000000002365,0.16200000000003456,0,0.6
113,no_timeout,1,569,0.35199999999986176,4.413999999999987,0,0.6
113,no_timeout,1,570,0.11400000000003274,3.769999999999982,0,0.6
113,no_timeout,1,571,0.2300000000000182,0.3040000000000873,0,0.6
113,no_timeout,1,572,0.05999999999994543,0.011999999999943611,0,0.6
113,no_timeout,1,573,0.0420000000001437,0.08199999999987995,0,0.6
113,no_timeout,1,574,0.55600000000004,3.6480000000001382,0,0.6
113,no_timeout,1,575,0.13599999999996726,3.005999999999858,0,0.6
113,no_timeout,1,576,0.5660000000000309,2.6059999999999945,0,0.6
113,no_timeout,1,577,0.4919999999999618,3.8400000000001455,0,0.6
113,no_timeout,1,578,0.28599999999983083,0.0420000000001437,0,0.6
113,no_timeout,1,579,0.9859999999998763,31.173999999999978,1,0.6
113,no_timeout,1,580,0.41200000000003456,0.018000000000029104,0,0.6
113,no_timeout,1,581,0.22800000000006548,5.241999999999962,0,0.6
113,no_timeout,1,582,0.39599999999995816,2.1900000000000546,0,0.6
113,no_timeout,1,583,0.7999999999999545,2.69600000000014,1,0.6
113,no_timeout,1,584,0.7119999999999891,2.6359999999999673,1,0.6
113,no_timeout,1,585,0.63799999999992,3.518000000000029,1,0.6
113,no_timeout,1,586,0.2480000000000473,0.09999999999990905,0,0.7
113,no_timeout,1,587,0.12599999999997635,0.9900000000000091,0,0.7
113,no_timeout,1,588,0.52800000000002,0.12599999999997635,0,0.7
113,no_timeout,1,589,0.2960000000000491,2.7840000000001055,0,0.7
113,no_timeout,1,590,0.06199999999989814,2.11200000000008,0,0.7
113,no_timeout,1,591,0.265999999999849,0.18399999999996908,0,0.7
113,no_timeout,1,592,0.14800000000013824,0.14200000000005275,0,0.7
113,no_timeout,1,593,0.7559999999998581,18.378000000000156,1,0.7
113,no_timeout,1,594,0.06799999999998363,0.12799999999992906,0,0.7
113,no_timeout,1,595,0.15799999999990177,0.07000000000016371,0,0.7
113,no_timeout,1,596,0.4199999999998454,1.6320000000000618,0,0.7
113,no_timeout,1,597,0.5240000000001146,3.038000000000011,0,0.7
113,no_timeout,1,598,0.6999999999998181,0.10000000000013642,0,0.7
113,no_timeout,1,599,0.32399999999984175,3.6400000000001,0,0.7
113,no_timeout,1,600,0.5360000000000582,0.10199999999986176,0,0.7
113,no_timeout,1,601,1.47199999999998,0.052000000000134605,1,0.7
113,no_timeout,1,602,0.03600000000005821,2.395999999999958,0,0.7
113,no_timeout,1,603,0.15599999999994907,0.08400000000006003,0,0.7
113,no_timeout,1,604,0.2039999999999509,2.213999999999942,0,0.7
113,no_timeout,1,605,0.03999999999996362,1.0,0,0.7
113,no_timeout,1,606,0.16800000000012005,0.06199999999989814,0,0.7
113,no_timeout,1,607,0.11400000000003274,0.10799999999994725,0,0.7
113,no_timeout,1,608,0.4420000000000073,0.044000000000096406,0,0.7
113,no_timeout,1,609,0.20800000000008367,0.02599999999983993,0,0.7
113,no_timeout,1,610,0.17399999999997817,1.3460000000000036,0,0.7
113,no_timeout,1,611,0.34400000000005093,0.10400000000004184,0,0.7
113,no_timeout,1,612,0.7059999999999036,0.13400000000001455,1,0.7
113,no_timeout,1,613,0.9980000000000473,4.296000000000049,1,0.7
113,no_timeout,1,614,0.7259999999998854,4.016000000000076,1,0.7
113,no_timeout,1,615,0.11799999999993815,0.14200000000005275,0,0.8
113,no_timeout,1,616,1.3479999999999563,7.1059999999999945,1,0.8
113,no_timeout,1,617,0.37200000000007094,0.0340000000001055,0,0.8
113,no_timeout,1,618,1.0459999999998217,4.264000000000124,1,0.8
113,no_timeout,1,619,0.5480000000000018,1.1340000000000146,0,0.8
113,no_timeout,1,620,0.08399999999983265,0.13000000000010914,0,0.8
113,no_timeout,1,621,0.21199999999998909,0.029999999999972715,0,0.8
113,no_timeout,1,622,0.33999999999991815,1.4540000000001783,0,0.8
113,no_timeout,1,623,0.1799999999998363,0.10800000000017462,0,0.8
113,no_timeout,1,624,0.34799999999995634,0.03399999999987813,0,0.8
113,no_timeout,1,625,0.13400000000001455,0.08400000000006003,0,0.8
113,no_timeout,1,626,0.30199999999990723,0.16800000000012005,0,0.8
113,no_timeout,1,627,0.2660000000000764,1.1779999999998836,0,0.8
113,no_timeout,1,628,0.05199999999990723,1.3860000000001946,0,0.8
113,no_timeout,1,629,0.18200000000001637,0.04599999999982174,0,0.8
113,no_timeout,1,630,0.8260000000000218,0.038000000000010914,1,0.8
113,no_timeout,1,631,0.08000000000015461,2.813999999999851,0,0.8
113,no_timeout,1,632,1.2840000000001055,2.433999999999969,1,0.8
113,no_timeout,1,633,0.12400000000002365,1.3640000000000327,0,0.8
113,no_timeout,1,634,0.487999999999829,0.7040000000001783,0,0.8
113,no_timeout,1,635,0.543999999999869,2.428000000000111,0,0.8
113,no_timeout,1,636,0.7719999999999345,2.897999999999911,0,0.8
113,no_timeout,1,637,0.14400000000000546,0.0500000000001819,0,0.8
113,no_timeout,1,638,0.31999999999993634,1.5,0,0.8
113,no_timeout,1,639,0.05199999999990723,0.6520000000000437,0,0.8
113,no_timeout,1,640,0.2699999999999818,0.05400000000008731,0,0.8
113,no_timeout,1,641,0.4399999999998272,1.5900000000001455,0,0.8
113,no_timeout,1,642,0.15200000000004366,0.049999999999954525,0,0.8
113,no_timeout,1,643,0.32600000000002183,0.10799999999994725,0,0.8
113,no_timeout,1,644,0.7239999999999327,0.060000000000172804,0,0.8
113,no_timeout,1,645,0.4299999999998363,1.4120000000000346,0,0.8
113,no_timeout,1,646,0.10200000000008913,0.2899999999999636,0,0.8
113,no_timeout,1,647,0.07199999999988904,0.052000000000134605,0,0.8
113,no_timeout,1,648,0.057999999999992724,0.09999999999990905,0,0.8
113,no_timeout,1,649,0.18000000000006366,0.10999999999989996,0,0.8
113,no_timeout,1,650,0.5500000000001819,0.04800000000000182,0,0.8
113,no_timeout,1,651,1.2059999999999036,2.183999999999969,1,0.8
113,no_timeout,1,652,0.2719999999999345,0.01999999999998181,0,0.8
113,no_timeout,1,653,0.4920000000001892,0.8759999999999764,0,0.8
113,no_timeout,1,654,0.14999999999986358,0.026000000000067303,0,0.8
113,no_timeout,1,655,0.16399999999998727,1.3540000000000418,0,0.8
113,no_timeout,1,656,0.5599999999999454,2.6820000000000164,0,0.8
113,no_timeout,1,657,0.16200000000003456,0.06999999999993634,0,0.8
113,no_timeout,1,658,0.4539999999999509,0.03600000000005821,0,0.8
113,no_timeout,1,659,0.5460000000000491,2.632000000000062,0,0.8
113,no_timeout,1,660,0.2339999999999236,0.03199999999992542,0,0.8
113,no_timeout,1,661,0.14000000000010004,0.02800000000002001,0,0.8
113,no_timeout,1,662,0.5199999999999818,1.1859999999999218,0,0.8
113,no_timeout,1,663,1.0460000000000491,0.22199999999998,1,0.8
113,no_timeout,1,664,0.06400000000007822,2.9600000000000364,0,0.8
113,no_timeout,1,665,0.37599999999997635,0.02800000000002001,0,0.8
113,no_timeout,1,666,0.66599999999994,1.8799999999998818,0,0.8
113,no_timeout,1,667,0.07400000000006912,0.38400000000001455,0,0.8
113,no_timeout,1,668,0.08799999999996544,0.5420000000001437,0,0.8
113,no_timeout,1,669,0.2339999999999236,0.03199999999992542,0,0.8
113,no_timeout,1,670,0.15599999999994907,0.04800000000000182,0,0.8
113,no_timeout,1,671,0.5220000000001619,0.9420000000000073,0,0.8
113,no_timeout,1,672,0.16599999999993997,0.18399999999996908,0,0.8
113,no_timeout,1,673,0.37400000000002365,0.07400000000006912,0,0.8
113,no_timeout,1,674,0.7479999999998199,0.19000000000005457,0,0.8
113,no_timeout,1,675,0.044000000000096406,0.7899999999999636,0,0.8
113,no_timeout,1,676,0.75,1.0060000000000855,0,0.8
113,no_timeout,1,677,0.2579999999998108,0.14200000000005275,0,0.8
113,no_timeout,1,678,0.40800000000012915,0.08600000000001273,0,0.8
113,no_timeout,1,679,0.4779999999998381,0.060000000000172804,0,0.8
113,no_timeout,1,680,0.35399999999981446,3.201999999999998,0,0.8
113,no_timeout,1,681,0.22600000000011278,0.06399999999985084,0,0.8
113,no_timeout,1,682,0.19200000000000728,0.10400000000004184,0,0.8
113,no_timeout,1,683,1.3780000000001564,4.685999999999922,1,0.8
113,no_timeout,1,684,0.18399999999996908,0.02800000000002001,0,0.8
113,no_timeout,1,685,0.2999999999999545,0.024000000000114596,0,0.8
113,no_timeout,1,686,0.09999999999990905,0.03999999999996362,0,0.8
113,no_timeout,1,687,0.6880000000001019,1.4359999999999218,0,0.8
113,no_timeout,1,688,0.20199999999999818,0.07200000000011642,0,0.8
113,no_timeout,1,689,0.4459999999999127,1.344000000000051,0,0.8
113,no_timeout,1,690,0.2359999999998763,0.05400000000008731,0,0.8
113,no_timeout,1,691,0.2460000000000946,0.03399999999987813,0,0.8
113,no_timeout,1,692,0.6880000000001019,0.02800000000002001,0,0.8
113,no_timeout,1,693,0.08599999999978536,1.6720000000000255,0,0.8
113,no_timeout,1,694,0.09400000000005093,0.05400000000008731,0,0.8
113,no_timeout,1,695,0.11199999999985266,0.0420000000001437,0,0.8
113,no_timeout,1,696,0.12599999999997635,0.02800000000002001,0,0.8
113,no_timeout,1,697,0.09199999999987085,0.01999999999998181,0,0.8
113,no_timeout,1,698,0.14400000000000546,0.10400000000004184,0,0.8
113,no_timeout,1,699,0.0340000000001055,0.08600000000001273,0,0.8
113,no_timeout,1,700,0.07600000000002183,0.4539999999999509,0,0.8
113,no_timeout,1,701,0.18399999999996908,1.8900000000001,0,0.8
113,no_timeout,1,702,0.2459999999998672,0.026000000000067303,0,0.8
113,no_timeout,1,703,0.7259999999998854,0.0340000000001055,0,0.8
113,no_timeout,1,704,0.09400000000005093,1.7639999999998963,0,0.8
113,no_timeout,1,705,0.07200000000011642,0.11199999999985266,0,0.8
113,no_timeout,1,706,0.12599999999997635,0.032000000000152795,0,0.8
113,no_timeout,1,707,0.4919999999999618,0.2860000000000582,0,0.8
113,no_timeout,1,708,0.06599999999980355,1.1800000000000637,0,0.8
113,no_timeout,1,709,0.38200000000006185,2.0160000000000764,0,0.8
113,no_timeout,1,710,0.5899999999999181,0.1979999999998654,0,0.8
113,no_timeout,1,711,0.12400000000002365,6.768000000000029,0,0.8
113,no_timeout,1,712,0.2740000000001146,0.12400000000002365,0,0.8
113,no_timeout,1,713,0.12599999999997635,2.0319999999999254,0,0.8
113,no_timeout,1,714,0.2760000000000673,0.05600000000004002,0,0.8
113,no_timeout,1,715,0.9119999999998072,5.072000000000116,1,0.8
113,no_timeout,1,716,0.12599999999997635,3.3559999999999945,0,0.8
113,no_timeout,1,717,0.09400000000005093,0.2400000000000091,0,0.8
113,no_timeout,1,718,0.05399999999985994,0.05400000000008731,0,0.8
113,no_timeout,1,719,0.13400000000001455,0.021999999999934516,0,0.8
113,no_timeout,1,720,0.12599999999997635,0.012000000000170985,0,0.8
113,no_timeout,1,721,0.8039999999998599,3.7840000000001055,0,0.8
113,no_timeout,1,722,0.1959999999999127,0.02800000000002001,0,0.8
113,no_timeout,1,723,0.40200000000004366,1.0760000000000218,0,0.8
113,no_timeout,1,724,0.2239999999999327,0.03999999999996362,0,0.8
113,no_timeout,1,725,0.6200000000001182,0.9839999999999236,0,0.8
113,no_timeout,1,726,0.5360000000000582,0.12199999999984357,0,0.8
113,no_timeout,1,727,0.3420000000000982,0.08999999999991815,0,0.8
113,no_timeout,1,728,0.37400000000002365,0.029999999999972715,0,0.8
113,no_timeout,1,729,0.5900000000001455,1.4600000000000364,0,0.8
113,no_timeout,1,730,0.09600000000000364,0.15799999999990177,0,0.8
113,no_timeout,1,731,0.8399999999999181,2.6460000000001855,1,0.8
113,no_timeout,1,732,0.2419999999999618,0.33799999999996544,0,0.8
113,no_timeout,1,733,0.3140000000000782,24.54399999999987,0,0.8
113,no_timeout,1,734,0.9259999999999309,2.9300000000000637,1,0.8
113,no_timeout,1,735,0.7860000000000582,1.155999999999949,0,0.8
113,no_timeout,1,736,1.316000000000031,2.1639999999999873,1,0.8
113,no_timeout,1,737,0.17200000000002547,0.04800000000000182,0,0.8
113,no_timeout,1,738,0.5099999999999909,1.5799999999999272,0,0.8
113,no_timeout,1,739,0.7520000000001801,0.9239999999999782,0,0.8
113,no_timeout,1,740,1.1199999999998909,1.7519999999999527,1,0.8
113,no_timeout,1,741,0.8700000000001182,2.783999999999878,1,0.8
113,no_timeout,1,742,0.8759999999999764,4.1340000000000146,1,0.8
113,no_timeout,1,743,1.2380000000000564,2.5440000000000964,1,0.9
113,no_timeout,1,744,0.6399999999998727,1.1520000000000437,0,0.9
113,no_timeout,1,745,0.7980000000000018,4.846000000000004,0,0.9
113,no_timeout,1,746,0.44800000000009277,0.12599999999997635,0,0.9
113,no_timeout,1,747,0.22000000000002728,1.8419999999998709,0,0.9
113,no_timeout,1,748,0.6320000000000618,1.1099999999999,0,0.9
113,no_timeout,1,749,0.25,0.02200000000016189,0,0.9
113,no_timeout,1,750,0.5639999999998508,5.0900000000001455,0,0.9
113,no_timeout,1,751,0.17599999999993088,0.6800000000000637,0,0.9
113,no_timeout,1,752,0.19399999999995998,1.183999999999969,0,0.9
113,no_timeout,1,753,0.7100000000000364,0.03999999999996362,0,0.9
113,no_timeout,1,754,0.38599999999996726,1.3980000000001382,0,0.9
113,no_timeout,1,755,0.09199999999987085,0.06600000000003092,0,0.9
113,no_timeout,1,756,0.18599999999992178,0.03999999999996362,0,0.9
113,no_timeout,1,757,0.21600000000012187,1.8979999999999109,0,0.9
113,no_timeout,1,758,0.12599999999997635,0.40800000000012915,0,0.9
113,no_timeout,1,759,0.9379999999998745,2.4200000000000728,1,0.9
113,no_timeout,1,760,0.09999999999990905,0.07400000000006912,0,0.9
113,no_timeout,1,761,0.5720000000001164,3.3439999999998236,0,0.9
113,no_timeout,1,762,0.6040000000000418,0.11599999999998545,0,0.9
113,no_timeout,1,763,0.2860000000000582,0.13200000000006185,0,0.9
113,no_timeout,1,764,0.36599999999998545,0.041999999999916326,0,0.9
113,no_timeout,1,765,0.39000000000010004,1.5619999999998981,0,0.9
113,no_timeout,1,766,0.14400000000000546,0.15000000000009095,0,0.9
113,no_timeout,1,767,0.4619999999999891,0.11999999999989086,0,0.9
113,no_timeout,1,768,0.13599999999996726,0.09000000000014552,0,0.9
113,no_timeout,1,769,0.5019999999999527,1.8220000000001164,0,0.9
113,no_timeout,1,770,0.08999999999991815,0.11200000000008004,0,0.9
113,no_timeout,1,771,0.36199999999985266,0.0420000000001437,0,0.9
113,no_timeout,1,772,0.37199999999984357,2.80600000000004,0,0.9
113,no_timeout,1,773,0.09999999999990905,0.10400000000004184,0,0.9
113,no_timeout,1,774,0.5679999999999836,2.438000000000102,0,0.9
113,no_timeout,1,775,0.16399999999998727,0.07600000000002183,0,0.9
113,no_timeout,1,776,0.08400000000006003,0.06599999999980355,0,0.9
113,no_timeout,1,777,0.03000000000020009,0.05999999999994543,0,0.9
113,no_timeout,1,778,0.08199999999987995,0.05400000000008731,0,0.9
113,no_timeout,1,779,0.17599999999993088,1.2100000000000364,0,0.9
113,no_timeout,1,780,0.12400000000002365,4.824000000000069,0,0.9
113,no_timeout,1,781,0.3160000000000309,0.5979999999999563,0,0.9
113,no_timeout,1,782,0.08799999999996544,0.05199999999990723,0,0.9
113,no_timeout,1,783,0.08200000000010732,0.16200000000003456,0,0.9
113,no_timeout,1,784,0.15799999999990177,1.5740000000000691,0,0.9
113,no_timeout,1,785,0.2899999999999636,0.5239999999998872,0,0.9
113,no_timeout,1,786,1.0100000000002183,3.55399999999986,1,0.9
113,no_timeout,1,787,0.2300000000000182,0.14599999999995816,0,0.9
113,no_timeout,1,788,0.2540000000001328,0.793999999999869,0,0.9
113,no_timeout,1,789,0.17800000000011096,0.049999999999954525,0,0.9
113,no_timeout,1,790,0.038000000000010914,0.14200000000005275,0,0.9
113,no_timeout,1,791,0.057999999999992724,0.2519999999999527,0,0.9
113,no_timeout,1,792,0.40200000000004366,0.035999999999830834,0,0.9
113,no_timeout,1,793,0.20600000000013097,0.05600000000004002,0,0.9
113,no_timeout,1,794,0.1899999999998272,0.8580000000001746,0,0.9
113,no_timeout,1,795,0.2639999999998963,0.12599999999997635,0,0.9
113,no_timeout,1,796,1.0119999999999436,3.1980000000000928,1,0.9
113,no_timeout,1,797,0.38400000000001455,0.19000000000005457,0,0.9
113,no_timeout,1,798,0.18200000000001637,1.4220000000000255,0,0.9
113,no_timeout,1,799,0.6299999999998818,0.049999999999954525,0,0.9
113,no_timeout,1,800,0.044000000000096406,1.1099999999999,0,0.9
113,no_timeout,1,801,0.5040000000001328,0.13400000000001455,0,0.9
113,no_timeout,1,802,0.2839999999998781,0.014000000000123691,0,0.9
113,no_timeout,1,803,0.5119999999999436,,0,0.9
113,no_timeout,2,1,0.06199999999999761,0.10999999999999943,0,0.9
113,no_timeout,2,2,0.5380000000000038,3.4439999999999955,0,0.9
113,no_timeout,2,3,0.1180000000000021,2.112000000000002,0,0.9
113,no_timeout,2,4,0.3719999999999999,0.036000000000001364,0,0.9
113,no_timeout,2,5,0.08200000000000074,1.5319999999999965,0,0.9
113,no_timeout,2,6,0.14800000000000324,2.192,0,0.9
113,no_timeout,2,7,0.3200000000000003,0.12199999999999989,0,0.9
113,no_timeout,2,8,0.7179999999999964,0.7860000000000014,0,0.9
113,no_timeout,2,9,0.597999999999999,0.0519999999999996,0,0.9
113,no_timeout,2,10,0.8639999999999972,0.034000000000006025,0,0.9
113,no_timeout,2,11,0.14799999999999613,0.0519999999999996,0,0.9
113,no_timeout,2,12,0.19400000000000261,1.8440000000000012,0,0.9
113,no_timeout,2,13,0.8279999999999959,7.572000000000003,0,0.9
113,no_timeout,2,14,0.20199999999999818,2.2180000000000035,0,0.9
113,no_timeout,2,15,0.13599999999999568,0.7719999999999985,0,0.9
113,no_timeout,2,16,0.15800000000000125,0.05000000000000426,0,0.9
113,no_timeout,2,17,0.33800000000000097,0.5619999999999976,0,0.9
113,no_timeout,2,18,0.16799999999999926,0.1460000000000008,0,0.9
113,no_timeout,2,19,0.1700000000000017,1.1219999999999999,0,0.9
113,no_timeout,2,20,0.2079999999999984,0.04800000000000182,0,0.9
113,no_timeout,2,21,0.16199999999999193,0.02600000000001046,0,0.9
113,no_timeout,2,22,0.30999999999998806,0.1460000000000008,0,0.9
113,no_timeout,2,23,0.0800000000000125,1.3279999999999887,0,0.9
113,no_timeout,2,24,0.0940000000000083,0.29999999999999716,0,0.9
113,no_timeout,2,25,0.10200000000000387,0.16599999999999682,0,0.9
113,no_timeout,2,26,0.35599999999999454,0.12000000000000455,0,0.9
113,no_timeout,2,27,0.44599999999999795,0.0940000000000083,0,0.9
113,no_timeout,2,28,0.11999999999999034,13.031999999999996,0,0.9
113,no_timeout,2,29,0.18600000000000705,0.01999999999999602,0,0.9
113,no_timeout,2,30,0.10800000000000409,0.09999999999999432,0,0.9
113,no_timeout,2,31,0.31800000000001205,0.1039999999999992,0,0.9
113,no_timeout,2,32,0.27599999999999625,13.781999999999996,0,0.9
113,no_timeout,2,33,0.11199999999999477,0.09200000000001296,0,0.9
113,no_timeout,2,34,0.04599999999999227,0.49200000000000443,0,0.9
113,no_timeout,2,35,0.12399999999999523,0.1280000000000001,0,0.9
113,no_timeout,2,36,0.06400000000000716,0.36599999999999966,0,0.9
113,no_timeout,2,37,0.09999999999999432,1.347999999999999,0,0.9
113,no_timeout,2,38,0.1039999999999992,0.2639999999999958,0,0.9
113,no_timeout,2,39,0.22800000000000864,1.1299999999999955,0,0.9
113,no_timeout,2,40,0.24200000000000443,0.03999999999999204,0,0.9
113,no_timeout,2,41,0.24800000000000466,0.07800000000000296,0,0.9
113,no_timeout,2,42,0.09600000000000364,1.4379999999999882,0,0.9
113,no_timeout,2,43,0.17600000000000193,0.04000000000000625,0,0.9
113,no_timeout,2,44,0.16799999999999216,0.038000000000010914,0,0.9
113,no_timeout,2,45,1.3359999999999985,4.319999999999993,1,0.9
113,no_timeout,2,46,0.945999999999998,12.75800000000001,1,0.9
113,no_timeout,2,47,0.39399999999999125,0.08599999999999852,0,0.9
113,no_timeout,2,48,0.1560000000000059,1.195999999999998,0,0.9
113,no_timeout,2,49,0.09199999999999875,0.11800000000000921,0,0.9
113,no_timeout,2,50,0.5759999999999934,0.10599999999999454,0,0.9
113,no_timeout,2,51,0.08800000000000807,1.1559999999999917,0,0.9
113,no_timeout,2,52,0.11400000000000432,0.3760000000000048,0,0.9
113,no_timeout,2,53,0.13799999999999102,0.016000000000005343,0,0.9
113,no_timeout,2,54,0.20199999999999818,0.17799999999999727,0,0.9
113,no_timeout,2,55,0.15800000000000125,0.813999999999993,0,0.9
113,no_timeout,2,56,1.4680000000000177,2.593999999999994,1,0.9
113,no_timeout,2,57,1.3880000000000052,1.8100000000000023,1,0.9
113,no_timeout,2,58,0.38399999999998613,0.06800000000001205,0,0.9
113,no_timeout,2,59,0.04999999999998295,0.13400000000001455,0,0.9
113,no_timeout,2,60,0.32800000000000296,0.07399999999998386,0,0.9
113,no_timeout,2,61,0.4480000000000075,2.681999999999988,0,0.9
113,no_timeout,2,62,0.6200000000000045,0.11600000000001387,0,0.9
113,no_timeout,2,63,0.1839999999999975,0.014000000000010004,0,0.9
113,no_timeout,2,64,0.4959999999999809,0.05000000000001137,0,0.9
113,no_timeout,2,65,0.42199999999999704,0.02600000000001046,0,0.9
113,no_timeout,2,66,0.11599999999998545,4.966000000000008,0,0.9
113,no_timeout,2,67,0.036000000000001364,7.2379999999999995,0,0.9
113,no_timeout,2,68,0.18799999999998818,0.07200000000000273,0,0.9
113,no_timeout,2,69,0.18200000000001637,0.06399999999999295,0,0.9
113,no_timeout,2,70,0.2920000000000016,1.0159999999999911,0,0.9
113,no_timeout,2,71,0.21999999999999886,0.11400000000000432,0,0.9
113,no_timeout,2,72,0.3259999999999934,0.15000000000000568,0,0.9
113,no_timeout,2,73,0.3300000000000125,0.01999999999998181,0,0.9
113,no_timeout,2,74,0.17000000000001592,0.033999999999991815,0,0.9
113,no_timeout,2,75,0.08599999999998431,0.04800000000000182,0,0.9
113,no_timeout,2,76,0.4620000000000175,2.3460000000000036,0,0.9
113,no_timeout,2,77,0.2879999999999825,0.06800000000001205,0,0.9
113,no_timeout,2,78,0.08799999999999386,0.13599999999999568,0,0.9
113,no_timeout,2,79,0.11600000000001387,0.9119999999999777,0,0.9
113,no_timeout,2,80,0.11000000000001364,0.828000000000003,0,0.9
113,no_timeout,2,81,0.382000000000005,0.07999999999998408,0,0.9
113,no_timeout,2,82,0.1599999999999966,0.036000000000001364,0,0.9
113,no_timeout,2,83,0.26600000000001955,0.9019999999999868,0,0.9
113,no_timeout,2,84,0.5660000000000025,0.14400000000000546,0,0.9
113,no_timeout,2,85,0.29599999999999227,2.7439999999999998,0,0.9
113,no_timeout,2,86,0.3120000000000118,0.2039999999999793,0,0.9
113,no_timeout,2,87,0.1360000000000241,0.13399999999998613,0,0.9
113,no_timeout,2,88,0.6599999999999966,0.2300000000000182,0,0.9
113,no_timeout,2,89,0.0719999999999743,3.2460000000000093,0,0.9
113,no_timeout,2,90,0.2220000000000084,0.0619999999999834,0,0.9
113,no_timeout,2,91,0.6980000000000075,0.08600000000001273,0,0.9
113,no_timeout,2,92,0.25799999999998136,1.0060000000000002,0,0.9
113,no_timeout,2,93,1.5300000000000011,0.10000000000002274,1,0.9
113,no_timeout,2,94,0.2739999999999725,3.328000000000003,0,0.9
113,no_timeout,2,95,0.7540000000000191,0.10999999999998522,0,0.9
113,no_timeout,2,96,0.054000000000002046,11.072000000000003,0,0.9
113,no_timeout,2,97,0.15399999999999636,1.0600000000000023,0,0.9
113,no_timeout,2,98,0.2980000000000018,0.0519999999999925,0,0.9
113,no_timeout,2,99,0.2120000000000175,0.10599999999999454,0,0.9
113,no_timeout,2,100,0.1699999999999875,1.372000000000014,0,0.9
113,no_timeout,2,101,0.28199999999998226,0.054000000000002046,0,0.9
113,no_timeout,2,102,0.16800000000000637,0.10200000000000387,0,0.9
113,no_timeout,2,103,0.030000000000001137,0.686000000000007,0,0.9
113,no_timeout,2,104,0.5060000000000002,0.12000000000000455,0,0.9
113,no_timeout,2,105,0.20199999999999818,0.09000000000000341,0,0.9
113,no_timeout,2,106,0.28599999999997294,0.03200000000001069,0,0.9
113,no_timeout,2,107,0.554000000000002,0.10599999999999454,0,0.9
113,no_timeout,2,108,0.15200000000001523,3.137999999999977,0,0.9
113,no_timeout,2,109,0.12400000000002365,0.030000000000001137,0,0.9
113,no_timeout,2,110,0.13199999999997658,0.14200000000002433,0,0.9
113,no_timeout,2,111,0.36599999999998545,37.74600000000001,0,0.9
113,no_timeout,2,112,0.10999999999998522,0.07200000000000273,0,0.9
113,no_timeout,2,113,0.060000000000002274,0.060000000000002274,0,0.9
113,no_timeout,2,114,0.7880000000000109,1.5039999999999907,0,0.9
113,no_timeout,2,115,0.25,1.092000000000013,0,0.9
113,no_timeout,2,116,0.1939999999999884,0.8959999999999866,0,0.9
113,no_timeout,2,117,0.5560000000000116,16.29000000000002,0,0.9
113,no_timeout,2,118,1.9799999999999613,3.9039999999999964,1,0.9
113,no_timeout,2,119,0.2820000000000391,0.18999999999999773,0,0.9
113,no_timeout,2,120,0.37199999999995725,0.038000000000010914,0,0.9
113,no_timeout,2,121,0.132000000000005,0.146000000000015,0,0.9
113,no_timeout,2,122,0.04399999999998272,1.2239999999999895,0,0.9
113,no_timeout,2,123,0.28400000000004866,0.033999999999991815,0,0.9
113,no_timeout,2,124,0.6859999999999786,0.4359999999999786,0,0.9
113,no_timeout,2,125,0.06200000000001182,0.6260000000000332,0,0.9
113,no_timeout,2,126,0.7799999999999727,2.6100000000000136,0,0.9
113,no_timeout,2,127,0.30000000000001137,0.16800000000000637,0,0.9
113,no_timeout,2,128,0.16399999999998727,2.2339999999999804,0,0.9
113,no_timeout,2,129,0.21000000000003638,0.01999999999998181,0,0.9
113,no_timeout,2,130,0.8159999999999741,58.488,0,0.9
113,no_timeout,2,131,0.54200000000003,0.03999999999996362,0,0.9
113,no_timeout,2,132,0.7080000000000268,1.8500000000000227,0,0.9
113,no_timeout,2,133,0.06199999999995498,0.23200000000002774,0,0.9
113,no_timeout,2,134,0.5020000000000095,0.03999999999996362,0,0.9
113,no_timeout,2,135,0.7900000000000205,1.7660000000000196,0,0.9
113,no_timeout,2,136,0.2999999999999545,0.10800000000000409,0,0.9
113,no_timeout,2,137,0.11200000000002319,0.103999999999985,0,0.9
113,no_timeout,2,138,0.07800000000003138,0.49799999999999045,0,0.9
113,no_timeout,2,139,1.632000000000005,6.189999999999998,1,0.9
113,no_timeout,2,140,0.09199999999998454,0.22800000000000864,0,0.9
113,no_timeout,2,141,0.5520000000000209,1.2939999999999827,0,0.9
113,no_timeout,2,142,0.1479999999999677,0.19600000000002638,0,0.9
113,no_timeout,2,143,0.9819999999999709,0.06800000000004047,1,0.9
113,no_timeout,2,144,0.3079999999999927,4.2239999999999895,0,0.9
113,no_timeout,2,145,0.5980000000000132,6.839999999999975,0,0.9
113,no_timeout,2,146,0.22800000000000864,0.04200000000003001,0,0.9
113,no_timeout,2,147,0.2319999999999709,0.14800000000002456,0,0.9
113,no_timeout,2,148,0.5739999999999554,0.13800000000003365,0,0.9
113,no_timeout,2,149,0.05000000000001137,0.053999999999973625,0,0.9
113,no_timeout,2,150,0.04800000000000182,0.7579999999999814,0,0.9
113,no_timeout,2,151,0.47200000000003683,2.3379999999999654,0,0.9
113,no_timeout,2,152,0.35000000000002274,0.12599999999997635,0,0.9
113,no_timeout,2,153,0.15200000000004366,1.343999999999994,0,0.9
113,no_timeout,2,154,0.2880000000000109,0.04599999999999227,0,0.9
113,no_timeout,2,155,1.141999999999996,9.375999999999976,1,0.9
113,no_timeout,2,156,0.05200000000002092,0.28600000000000136,0,0.9
113,no_timeout,2,157,0.18199999999995953,1.646000000000015,0,0.9
113,no_timeout,2,158,0.23599999999999,0.19800000000003593,0,0.9
113,no_timeout,2,159,0.05000000000001137,0.35199999999997544,0,0.9
113,no_timeout,2,160,0.036000000000001364,2.1440000000000055,0,0.9
113,no_timeout,2,161,0.24200000000001864,0.1339999999999577,0,0.9
113,no_timeout,2,162,0.09600000000000364,3.0200000000000387,0,0.9
113,no_timeout,2,163,0.2279999999999518,0.05600000000004002,0,0.9
113,no_timeout,2,164,0.20799999999997,0.05200000000002092,0,0.9
113,no_timeout,2,165,0.2899999999999636,1.3080000000000496,0,0.9
113,no_timeout,2,166,0.10599999999999454,0.2400000000000091,0,0.9
113,no_timeout,2,167,0.2039999999999509,1.8400000000000318,0,0.9
113,no_timeout,2,168,0.33799999999996544,0.22000000000002728,0,0.9
113,no_timeout,2,169,0.20800000000002683,1.065999999999974,0,0.9
113,no_timeout,2,170,1.0960000000000036,0.057999999999992724,1,0.9
113,no_timeout,2,171,0.28000000000002956,3.231999999999971,0,0.9
113,no_timeout,2,172,0.5720000000000027,0.7520000000000095,0,0.9
113,no_timeout,2,173,0.3120000000000118,1.6299999999999955,0,0.9
113,no_timeout,2,174,0.21600000000000819,5.621999999999957,0,0.9
113,no_timeout,2,175,0.5900000000000318,0.11199999999996635,0,0.9
113,no_timeout,2,176,0.14800000000002456,2.117999999999995,0,0.9
113,no_timeout,2,177,0.117999999999995,0.06200000000001182,0,0.9
113,no_timeout,2,178,1.2180000000000177,0.053999999999973625,1,0.9
113,no_timeout,2,179,0.47399999999998954,3.1920000000000073,0,0.9
113,no_timeout,2,180,0.06999999999999318,0.17000000000001592,0,0.9
113,no_timeout,2,181,0.8340000000000032,0.26799999999997226,0,0.9
113,no_timeout,2,182,0.25600000000002865,0.04199999999997317,0,0.9
113,no_timeout,2,183,0.3300000000000409,0.03799999999995407,0,0.9
113,no_timeout,2,184,0.22400000000004638,0.06799999999998363,0,0.9
113,no_timeout,2,185,0.2540000000000191,0.053999999999973625,0,0.9
113,no_timeout,2,186,0.3879999999999768,0.06800000000004047,0,0.9
113,no_timeout,2,187,0.15799999999995862,0.04400000000003956,0,0.9
113,no_timeout,2,188,0.027999999999963165,0.9980000000000473,0,0.9
113,no_timeout,2,189,0.67999999999995,0.05000000000001137,0,0.9
113,no_timeout,2,190,0.6159999999999854,0.05000000000001137,0,0.9
113,no_timeout,2,191,0.7900000000000205,1.2719999999999914,0,0.9
113,no_timeout,2,192,0.15800000000001546,0.036000000000001364,0,0.9
113,no_timeout,2,193,0.7179999999999609,2.6440000000000055,0,0.9
113,no_timeout,2,194,0.660000000000025,0.04199999999997317,0,0.9
113,no_timeout,2,195,0.19800000000003593,0.031999999999982265,0,0.9
113,no_timeout,2,196,0.19799999999997908,0.02400000000000091,0,0.9
113,no_timeout,2,197,0.7100000000000364,0.04800000000000182,0,0.9
113,no_timeout,2,198,0.20999999999997954,0.033999999999991815,0,0.9
113,no_timeout,2,199,0.1519999999999868,0.09600000000000364,0,0.9
113,no_timeout,2,200,0.04800000000000182,1.1659999999999968,0,0.9
113,no_timeout,2,201,0.29200000000003,0.09199999999998454,0,0.9
113,no_timeout,2,202,0.33600000000001273,2.137999999999977,0,0.9
113,no_timeout,2,203,2.2660000000000196,5.004000000000019,1,0.9
113,no_timeout,2,204,2.6859999999999786,5.636000000000024,1,0.9
113,no_timeout,2,205,0.03999999999996362,2.518000000000029,0,0.9
113,no_timeout,2,206,0.25399999999996226,0.06200000000001182,0,0.9
113,no_timeout,2,207,0.6480000000000246,0.04800000000000182,0,0.9
113,no_timeout,2,208,0.6139999999999759,0.6659999999999968,0,0.9
113,no_timeout,2,209,1.26400000000001,0.036000000000001364,1,0.9
113,no_timeout,2,210,0.46800000000001774,2.8859999999999673,0,0.9
113,no_timeout,2,211,0.5579999999999927,0.09200000000004138,0,0.9
113,no_timeout,2,212,0.811999999999955,0.06800000000004047,0,0.9
113,no_timeout,2,213,0.5439999999999827,0.8980000000000246,0,0.9
113,no_timeout,2,214,0.9899999999999523,3.2380000000000564,1,0.9
113,no_timeout,2,215,0.24399999999997135,0.3340000000000032,0,0.9
113,no_timeout,2,216,0.5079999999999814,0.11600000000004229,0,0.9
113,no_timeout,2,217,0.3079999999999927,1.891999999999996,0,0.9
113,no_timeout,2,218,0.36199999999996635,0.24799999999999045,0,0.9
113,no_timeout,2,219,0.21600000000000819,0.8660000000000423,0,0.9
113,no_timeout,2,220,0.17599999999998772,2.2379999999999995,0,0.9
113,no_timeout,2,221,0.08199999999999363,0.29199999999997317,0,0.9
113,no_timeout,2,222,0.8580000000000041,1.7420000000000186,0,0.9
113,no_timeout,2,223,0.12400000000002365,0.117999999999995,0,0.9
113,no_timeout,2,224,0.35599999999999454,1.8340000000000032,0,0.9
113,no_timeout,2,225,0.5020000000000095,0.04599999999999227,0,0.9
113,no_timeout,2,226,0.8079999999999927,0.7719999999999914,0,0.9
113,no_timeout,2,227,1.1820000000000164,2.6219999999999573,1,0.9
113,no_timeout,2,228,1.0020000000000095,0.06200000000001182,1,0.9
113,no_timeout,2,229,0.2680000000000291,2.259999999999991,0,0.9
113,no_timeout,2,230,1.2779999999999632,3.274000000000001,1,0.9
113,no_timeout,2,231,1.7200000000000273,3.1639999999999873,1,0.9
113,no_timeout,2,232,1.0300000000000296,2.0960000000000036,1,0.9
113,no_timeout,2,233,0.3219999999999459,0.7620000000000005,0,1.0
113,no_timeout,2,234,0.4600000000000364,0.80600000000004,0,1.0
113,no_timeout,2,235,0.38999999999998636,0.08999999999991815,0,1.0
113,no_timeout,2,236,0.18200000000001637,1.1680000000000064,0,1.0
113,no_timeout,2,237,0.11800000000005184,0.02400000000000091,0,1.0
113,no_timeout,2,238,0.2379999999999427,0.03600000000005821,0,1.0
113,no_timeout,2,239,0.6279999999999291,1.1380000000000337,0,1.0
113,no_timeout,2,240,0.18799999999998818,0.033999999999991815,0,1.0
113,no_timeout,2,241,0.16800000000000637,0.10800000000006094,0,1.0
113,no_timeout,2,242,0.16800000000000637,3.975999999999999,0,1.0
113,no_timeout,2,243,0.6359999999999673,0.03599999999994452,0,1.0
113,no_timeout,2,244,0.22800000000006548,0.7300000000000182,0,1.0
113,no_timeout,2,245,0.9539999999999509,1.5439999999999827,0,1.0
113,no_timeout,2,246,0.2860000000000582,0.06999999999993634,0,1.0
113,no_timeout,2,247,0.7520000000000664,0.4959999999999809,0,1.0
113,no_timeout,2,248,0.4959999999999809,0.07000000000005002,0,1.0
113,no_timeout,2,249,0.2399999999998954,1.4440000000000737,0,1.0
113,no_timeout,2,250,0.4499999999999318,0.6240000000000236,0,1.0
113,no_timeout,2,251,1.0260000000000673,0.053999999999973625,1,1.0
113,no_timeout,2,252,0.2759999999999536,3.1380000000000337,0,1.0
113,no_timeout,2,253,0.6879999999999882,0.14200000000005275,0,1.0
113,no_timeout,2,254,0.6839999999999691,0.15999999999996817,0,1.0
113,no_timeout,2,255,0.7660000000000764,0.07999999999992724,0,1.0
113,no_timeout,2,256,0.2839999999999918,1.622000000000071,0,1.0
113,no_timeout,2,257,0.13599999999996726,0.15800000000001546,0,1.0
113,no_timeout,2,258,0.08999999999991815,4.288000000000011,0,1.0
113,no_timeout,2,259,0.18000000000006366,0.7459999999999809,0,1.0
113,no_timeout,2,260,0.2799999999999727,0.13600000000008095,0,1.0
113,no_timeout,2,261,0.7179999999999609,0.05599999999992633,0,1.0
113,no_timeout,2,262,0.13600000000008095,0.73599999999999,0,1.0
113,no_timeout,2,263,0.77800000000002,0.033999999999991815,0,1.0
113,no_timeout,2,264,0.5579999999999927,0.033999999999991815,0,1.0
113,no_timeout,2,265,0.2540000000000191,0.033999999999991815,0,1.0
113,no_timeout,2,266,1.1259999999999764,3.258000000000038,1,1.0
113,no_timeout,2,267,0.18599999999992178,0.09000000000003183,0,1.0
113,no_timeout,2,268,0.20400000000006457,1.7299999999999045,0,1.0
113,no_timeout,2,269,0.11200000000008004,32.021999999999935,0,1.0
113,no_timeout,2,270,0.23599999999999,0.09600000000000364,0,1.0
113,no_timeout,2,271,0.15399999999999636,1.6539999999999964,0,1.0
113,no_timeout,2,272,0.04000000000007731,3.0960000000000036,0,1.0
113,no_timeout,2,273,0.06999999999993634,1.1660000000000537,0,1.0
113,no_timeout,2,274,0.2619999999999436,0.05000000000006821,0,1.0
113,no_timeout,2,275,1.0199999999999818,0.10599999999999454,1,1.0
113,no_timeout,2,276,0.2819999999999254,4.674000000000092,0,1.0
113,no_timeout,2,277,0.2039999999999509,0.2699999999999818,0,1.0
113,no_timeout,2,278,0.06799999999998363,1.3460000000000036,0,1.0
113,no_timeout,2,279,0.06000000000005912,1.3319999999999936,0,1.0
113,no_timeout,2,280,0.2980000000000018,1.9660000000000082,0,1.0
113,no_timeout,2,281,0.14800000000002456,0.12399999999990996,0,1.0
113,no_timeout,2,282,0.14200000000005275,0.6440000000000055,0,1.0
113,no_timeout,2,283,0.32200000000000273,0.2699999999999818,0,1.0
113,no_timeout,2,284,0.07799999999997453,1.2240000000000464,0,1.0
113,no_timeout,2,285,0.2400000000000091,0.16999999999995907,0,1.0
113,no_timeout,2,286,0.5199999999999818,1.8120000000000118,0,1.0
113,no_timeout,2,287,0.3300000000000409,0.29200000000003,0,1.0
113,no_timeout,2,288,0.2479999999999336,2.608000000000061,0,1.0
113,no_timeout,2,289,0.08399999999994634,0.8139999999999645,0,1.0
113,no_timeout,2,290,0.8400000000000318,0.04800000000000182,0,1.0
113,no_timeout,2,291,0.05600000000004002,0.16800000000000637,0,1.0
113,no_timeout,2,292,0.21199999999998909,1.641999999999939,0,1.0
113,no_timeout,2,293,0.7060000000000173,14.153999999999996,0,1.0
113,no_timeout,2,294,0.75,1.6720000000000255,0,1.0
113,no_timeout,2,295,0.8099999999999454,1.0160000000000764,0,1.0
113,no_timeout,2,296,0.9239999999999782,1.2699999999999818,0,1.0
113,no_timeout,2,297,0.31799999999998363,0.13999999999998636,0,1.0
113,no_timeout,2,298,0.2520000000000664,0.40800000000001546,0,1.0
113,no_timeout,2,299,0.5939999999999372,1.386000000000081,0,1.0
113,no_timeout,2,300,0.7479999999999336,4.244000000000028,0,1.0
113,no_timeout,2,301,0.2039999999999509,0.04399999999998272,0,1.0
113,no_timeout,2,302,0.7700000000000955,0.03599999999994452,0,1.0
113,no_timeout,2,303,0.17399999999997817,3.245999999999981,0,1.0
113,no_timeout,2,304,0.18600000000003547,0.2680000000000291,0,1.0
113,no_timeout,2,305,0.15399999999999636,0.053999999999973625,0,1.0
113,no_timeout,2,306,1.5080000000000382,4.677999999999997,1,1.0
113,no_timeout,2,307,0.06600000000003092,0.12799999999992906,0,1.0
113,no_timeout,2,308,0.16200000000003456,7.419999999999959,0,1.0
113,no_timeout,2,309,0.34400000000005093,0.36400000000003274,0,1.0
113,no_timeout,2,310,0.08199999999999363,0.04399999999998272,0,1.0
113,no_timeout,2,311,0.06200000000001182,0.04399999999998272,0,1.0
113,no_timeout,2,312,1.1999999999999318,6.1200000000000045,1,1.0
113,no_timeout,2,313,0.8920000000000528,0.04399999999998272,0,1.0
113,no_timeout,2,314,0.42600000000004457,4.63799999999992,0,1.0
113,no_timeout,2,315,0.18000000000006366,0.8600000000000136,0,1.0
113,no_timeout,2,316,1.225999999999999,0.06799999999998363,1,1.0
113,no_timeout,2,317,0.2579999999999245,4.458000000000084,0,1.0
113,no_timeout,2,318,0.863999999999919,2.3920000000000528,0,1.0
113,no_timeout,2,319,0.6100000000000136,0.053999999999973625,0,1.0
113,no_timeout,2,320,0.21199999999998909,3.8500000000000227,0,1.0
113,no_timeout,2,321,0.5839999999999463,0.8220000000000027,0,1.0
113,no_timeout,2,322,0.19200000000000728,0.40399999999999636,0,1.0
113,no_timeout,2,323,0.8640000000000327,1.04200000000003,0,1.0
113,no_timeout,2,324,0.25,0.10199999999997544,0,1.0
113,no_timeout,2,325,0.7060000000000173,0.06399999999996453,0,1.0
113,no_timeout,2,326,0.18000000000006366,1.4459999999999127,0,1.0
113,no_timeout,2,327,0.42799999999999727,0.06000000000005912,0,1.0
113,no_timeout,2,328,1.1019999999999754,0.029999999999972715,1,1.0
113,no_timeout,2,329,0.38200000000006185,3.716000000000008,0,1.0
113,no_timeout,2,330,0.8799999999999955,0.01599999999996271,0,1.0
113,no_timeout,2,331,0.33400000000006,0.09799999999995634,0,1.0
113,no_timeout,2,332,0.77800000000002,0.15399999999999636,0,1.0
113,no_timeout,2,333,0.2799999999999727,0.033999999999991815,0,1.0
113,no_timeout,2,334,0.09800000000007003,1.22199999999998,0,1.0
113,no_timeout,2,335,1.5760000000000218,14.763999999999896,1,1.0
113,no_timeout,2,336,1.004000000000019,3.4320000000000164,1,1.0
113,no_timeout,2,337,0.6820000000000164,0.09199999999998454,0,1.0
113,no_timeout,2,338,0.18399999999996908,2.1779999999999973,0,1.0
113,no_timeout,2,339,0.16200000000003456,0.01999999999998181,0,1.0
113,no_timeout,2,340,0.22199999999998,0.11600000000009913,0,1.0
113,no_timeout,2,341,0.4619999999999891,1.1999999999999318,0,1.0
113,no_timeout,2,342,0.6320000000000618,0.049999999999954525,0,1.0
113,no_timeout,2,343,0.9959999999999809,0.9400000000000546,0,1.0
113,no_timeout,2,344,1.6380000000000337,8.45799999999997,1,1.0
113,no_timeout,2,345,0.4339999999999691,1.5199999999999818,0,1.0
113,no_timeout,2,346,0.4759999999999991,0.10199999999997544,0,1.0
113,no_timeout,2,347,0.06600000000003092,0.038000000000010914,0,1.0
113,no_timeout,2,348,0.58400000000006,0.08599999999989905,0,1.0
113,no_timeout,2,349,0.6560000000000628,0.06799999999998363,0,1.0
113,no_timeout,2,350,0.9099999999999682,1.2860000000000582,0,1.0
113,no_timeout,2,351,0.22000000000002728,0.09999999999990905,0,1.0
113,no_timeout,2,352,0.2580000000000382,1.2200000000000273,0,1.0
113,no_timeout,2,353,0.38199999999994816,0.17399999999997817,0,1.0
113,no_timeout,2,354,0.16400000000010095,0.06599999999991724,0,1.0
113,no_timeout,2,355,0.6720000000000255,0.06799999999998363,0,1.0
113,no_timeout,2,356,0.4600000000000364,0.05600000000004002,0,1.0
113,no_timeout,2,357,0.7199999999999136,1.7620000000000573,0,1.0
113,no_timeout,2,358,1.3239999999999554,0.12599999999997635,1,1.0
113,no_timeout,2,359,0.19200000000000728,2.8220000000000027,0,1.0
113,no_timeout,2,360,1.302000000000021,3.533999999999992,1,1.0
113,no_timeout,2,361,1.5879999999999654,0.15800000000001546,1,1.0
113,no_timeout,2,362,0.07200000000000273,2.9120000000000346,0,1.0
113,no_timeout,2,363,0.2519999999999527,0.08800000000007913,0,1.0
113,no_timeout,2,364,0.8679999999999382,0.11200000000008004,0,1.0
113,no_timeout,2,365,0.32200000000000273,0.4499999999999318,0,1.0
113,no_timeout,2,366,0.2340000000000373,0.14199999999993906,0,1.0
113,no_timeout,2,367,0.12400000000002365,0.21000000000003638,0,1.0
113,no_timeout,2,368,0.057999999999992724,10.615999999999985,0,1.0
113,no_timeout,2,369,0.8339999999999463,0.8020000000000209,0,1.0
113,no_timeout,2,370,0.6539999999999964,0.06799999999998363,0,1.0
113,no_timeout,2,371,0.35400000000004184,2.1860000000000355,0,1.0
113,no_timeout,2,372,1.7819999999999254,2.810000000000059,1,1.0
113,no_timeout,2,373,0.7459999999999809,0.09000000000003183,0,1.0
113,no_timeout,2,374,0.17999999999994998,1.3319999999999936,0,1.0
113,no_timeout,2,375,0.636000000000081,1.155999999999949,0,1.0
113,no_timeout,2,376,0.6620000000000346,1.5480000000000018,0,1.0
113,no_timeout,2,377,0.39199999999993906,0.12000000000000455,0,1.0
113,no_timeout,2,378,0.2400000000000091,0.38599999999996726,0,1.0
113,no_timeout,2,379,0.6180000000000518,0.06600000000003092,0,1.0
113,no_timeout,2,380,0.863999999999919,0.6880000000001019,0,1.0
113,no_timeout,2,381,0.4519999999999982,0.15599999999994907,0,1.0
113,no_timeout,2,382,0.2279999999999518,1.3820000000000618,0,1.0
113,no_timeout,2,383,0.12999999999999545,0.08199999999999363,0,1.0
113,no_timeout,2,384,0.40599999999994907,0.10400000000004184,0,1.0
113,no_timeout,2,385,0.4779999999999518,0.11400000000003274,0,1.0
113,no_timeout,2,386,0.5160000000000764,0.029999999999972715,0,1.0
113,no_timeout,2,387,0.4759999999999991,0.8279999999999745,0,1.0
113,no_timeout,2,388,0.7019999999999982,0.14800000000002456,0,1.0
113,no_timeout,2,389,0.9119999999999209,1.09800000000007,0,1.0
113,no_timeout,2,390,0.5040000000000191,0.03999999999996362,0,1.0
113,no_timeout,2,391,0.10000000000002274,1.509999999999991,0,1.0
113,no_timeout,2,392,0.05200000000002092,0.17599999999993088,0,1.0
113,no_timeout,2,393,0.26400000000001,0.05200000000002092,0,1.0
113,no_timeout,2,394,0.6660000000000537,0.06199999999989814,0,1.0
113,no_timeout,2,395,0.10200000000008913,0.057999999999992724,0,1.0
113,no_timeout,2,396,1.7659999999999627,2.7280000000000655,1,1.0
113,no_timeout,2,397,1.6579999999999018,9.384000000000015,1,1.0
113,no_timeout,2,398,0.6040000000000418,1.475999999999999,0,1.0
113,no_timeout,2,399,0.8759999999999764,0.8840000000000146,0,1.0
113,no_timeout,2,400,0.34600000000000364,0.6720000000000255,0,1.0
113,no_timeout,2,401,0.6859999999999218,0.9640000000000555,0,1.0
113,no_timeout,2,402,0.9739999999999327,0.636000000000081,0,1.0
113,no_timeout,2,403,1.3479999999999563,3.3920000000000528,1,1.0
113,no_timeout,2,404,1.1119999999999663,10.299999999999955,1,1.0
113,no_timeout,2,405,0.6480000000000246,1.1340000000000146,0,1.0
113,no_timeout,2,406,0.41200000000003456,1.254000000000019,0,1.0
113,no_timeout,2,407,0.13999999999998636,1.3319999999999936,0,1.0
113,no_timeout,2,408,0.4819999999999709,0.05600000000004002,0,1.0
113,no_timeout,2,409,0.5299999999999727,0.17399999999997817,0,1.0
113,no_timeout,2,410,0.2480000000000473,2.0079999999999245,0,1.0
113,no_timeout,2,411,0.2480000000000473,0.05200000000002092,0,1.0
113,no_timeout,2,412,0.42799999999999727,0.9239999999999782,0,1.0
113,no_timeout,2,413,0.37000000000000455,0.04800000000000182,0,1.0
113,no_timeout,2,414,0.23599999999999,0.7319999999999709,0,1.0
113,no_timeout,2,415,0.5800000000000409,2.0119999999999436,0,1.0
113,no_timeout,2,416,0.5120000000000573,0.6219999999999573,0,1.0
113,no_timeout,2,417,0.6259999999999764,0.12000000000000455,0,1.0
113,no_timeout,2,418,0.08000000000004093,0.07799999999997453,0,1.0
113,no_timeout,2,419,0.2620000000000573,0.06600000000003092,0,1.0
113,no_timeout,2,420,0.23599999999999,0.7039999999999509,0,1.0
113,no_timeout,2,421,0.8559999999999945,0.018000000000029104,0,1.0
113,no_timeout,2,422,0.15399999999999636,0.045999999999935426,0,1.0
113,no_timeout,2,423,1.1340000000000146,3.314000000000078,1,1.0
113,no_timeout,2,424,1.4559999999999036,4.664000000000101,1,1.0
113,no_timeout,2,425,0.5639999999999645,0.06600000000003092,0,1.0
113,no_timeout,2,426,0.6119999999999663,2.005999999999972,0,1.0
113,no_timeout,2,427,0.3300000000000409,0.7119999999999891,0,1.0
113,no_timeout,2,428,0.5,0.04800000000000182,0,1.0
113,no_timeout,2,429,0.34399999999993724,0.044000000000096406,0,1.0
113,no_timeout,2,430,0.6959999999999127,1.05600000000004,0,1.0
113,no_timeout,2,431,0.4339999999999691,0.06400000000007822,0,1.0
113,no_timeout,2,432,0.5259999999999536,1.1240000000000236,0,1.0
113,no_timeout,2,433,0.2839999999999918,0.7859999999999445,0,1.0
113,no_timeout,2,434,0.4420000000000073,0.09000000000003183,0,1.0
113,no_timeout,2,435,0.08000000000004093,0.17999999999994998,0,1.0
113,no_timeout,2,436,0.2380000000000564,5.175999999999931,0,1.0
113,no_timeout,2,437,1.1420000000000528,2.716000000000008,1,1.0
113,no_timeout,2,438,1.5480000000000018,3.73599999999999,1,1.0
113,no_timeout,2,439,0.20799999999997,0.02800000000002001,0,1.0
113,no_timeout,2,440,0.2579999999999245,2.9560000000000173,0,1.0
113,no_timeout,2,441,0.22400000000004638,0.11400000000003274,0,1.0
113,no_timeout,2,442,0.15999999999996817,0.5119999999999436,0,1.0
113,no_timeout,2,443,0.51400000000001,4.344000000000051,0,1.0
113,no_timeout,2,444,0.5199999999999818,0.22199999999998,0,1.0
113,no_timeout,2,445,0.6080000000000609,2.7579999999999245,0,1.0
113,no_timeout,2,446,0.17799999999999727,0.05400000000008731,0,1.0
113,no_timeout,2,447,0.8999999999999773,1.3679999999999382,0,1.0
113,no_timeout,2,448,1.2580000000000382,2.9180000000000064,1,1.0
113,no_timeout,2,449,1.23599999999999,7.539999999999964,1,1.0
113,no_timeout,2,450,0.16000000000008185,0.2699999999999818,0,1.0
113,no_timeout,2,451,0.029999999999972715,3.27800000000002,0,1.0
113,no_timeout,2,452,0.22199999999998,2.17999999999995,0,1.0
113,no_timeout,2,453,0.2980000000000018,2.1580000000000155,0,1.0
113,no_timeout,2,454,0.38800000000003365,0.12999999999999545,0,1.0
113,no_timeout,2,455,0.6219999999999573,0.06000000000005912,0,1.0
113,no_timeout,2,456,0.17999999999994998,1.4700000000000273,0,1.0
113,no_timeout,2,457,0.14599999999995816,0.05000000000006821,0,1.0
113,no_timeout,2,458,1.0119999999999436,6.9080000000000155,1,1.0
113,no_timeout,2,459,0.5679999999999836,1.461999999999989,0,1.0
113,no_timeout,2,460,0.12600000000009004,0.05599999999992633,0,1.0
113,no_timeout,2,461,0.09199999999998454,1.7700000000000955,0,1.0
113,no_timeout,2,462,0.20199999999999818,0.12399999999990996,0,1.0
113,no_timeout,2,463,0.5120000000000573,1.0639999999999645,0,1.0
113,no_timeout,2,464,0.32000000000005,0.08399999999994634,0,1.0
113,no_timeout,2,465,0.43000000000006366,0.2799999999999727,0,1.0
113,no_timeout,2,466,1.0480000000000018,3.1219999999999573,1,1.0
113,no_timeout,2,467,0.13800000000003365,0.07000000000005002,0,1.0
113,no_timeout,2,468,0.15199999999992997,0.21600000000000819,0,1.0
113,no_timeout,2,469,0.20000000000004547,0.11599999999998545,0,1.0
113,no_timeout,2,470,0.17200000000002547,1.1440000000000055,0,1.0
113,no_timeout,2,471,0.10199999999997544,0.06200000000001182,0,1.0
113,no_timeout,2,472,0.05599999999992633,1.5819999999999936,0,1.0
113,no_timeout,2,473,0.2660000000000764,0.09799999999995634,0,1.0
113,no_timeout,2,474,0.2720000000000482,0.17999999999994998,0,1.0
113,no_timeout,2,475,0.22000000000002728,1.1599999999999682,0,1.0
113,no_timeout,2,476,0.3020000000000209,0.6420000000000528,0,1.0
113,no_timeout,2,477,0.35399999999992815,0.04600000000004911,0,1.0
113,no_timeout,2,478,0.5799999999999272,0.6639999999999873,0,1.0
113,no_timeout,2,479,0.8980000000000246,0.9980000000000473,0,1.0
113,no_timeout,2,480,0.14199999999993906,0.07600000000002183,0,1.0
113,no_timeout,2,481,0.6259999999999764,0.04200000000003001,0,1.0
113,no_timeout,2,482,0.12999999999999545,0.08799999999996544,0,1.0
113,no_timeout,2,483,0.2880000000000109,2.2460000000000946,0,1.0
113,no_timeout,2,484,0.5319999999999254,0.09600000000000364,0,1.0
113,no_timeout,2,485,1.20799999999997,2.7660000000000764,1,1.0
113,no_timeout,2,486,1.018000000000029,3.5119999999999436,1,1.0
113,no_timeout,2,487,0.05600000000004002,0.02400000000000091,0,1.0
113,no_timeout,2,488,0.7239999999999327,0.05600000000004002,0,1.0
113,no_timeout,2,489,0.9660000000000082,2.1399999999999864,0,1.0
113,no_timeout,2,490,1.4600000000000364,2.449999999999932,1,1.0
113,no_timeout,2,491,0.5679999999999836,1.3600000000000136,0,1.0
113,no_timeout,2,492,0.6100000000000136,0.06600000000003092,0,1.0
113,no_timeout,2,493,0.20600000000001728,1.37399999999991,0,1.0
113,no_timeout,2,494,0.7340000000000373,0.06200000000001182,0,1.0
113,no_timeout,2,495,0.17200000000002547,1.197999999999979,0,1.0
113,no_timeout,2,496,0.20199999999999818,0.08600000000001273,0,1.0
113,no_timeout,2,497,0.16999999999995907,0.51400000000001,0,1.0
113,no_timeout,2,498,0.5020000000000664,0.10999999999989996,0,1.0
113,no_timeout,2,499,0.10600000000010823,0.9099999999999682,0,1.0
113,no_timeout,2,500,1.1879999999999882,0.06399999999996453,1,1.0
113,no_timeout,2,501,0.42399999999997817,2.3460000000000036,0,1.0
113,no_timeout,2,502,0.2720000000000482,0.7939999999999827,0,1.0
113,no_timeout,2,503,0.6459999999999582,1.0499999999999545,0,1.0
113,no_timeout,2,504,0.4500000000000455,1.9700000000000273,0,1.0
113,no_timeout,2,505,0.13200000000006185,0.07600000000002183,0,1.0
113,no_timeout,2,506,0.2139999999999418,0.08400000000006003,0,1.0
113,no_timeout,2,507,0.21199999999998909,0.9099999999998545,0,1.0
113,no_timeout,2,508,1.0320000000001528,4.403999999999996,1,1.0
113,no_timeout,2,509,0.543999999999869,1.509999999999991,0,1.0
113,no_timeout,2,510,0.07600000000002183,0.07600000000002183,0,1.0
113,no_timeout,2,511,0.2599999999999909,0.011999999999943611,0,1.0
113,no_timeout,2,512,0.3200000000001637,1.0619999999998981,0,1.0
113,no_timeout,2,513,1.1539999999999964,0.049999999999954525,1,1.0
113,no_timeout,2,514,0.5660000000000309,0.7599999999999909,0,1.0
113,no_timeout,2,515,0.5900000000001455,0.07399999999984175,0,1.0
113,no_timeout,2,516,1.5880000000001928,2.9379999999998745,1,1.0
113,no_timeout,2,517,0.7400000000000091,1.2899999999999636,0,1.0
113,no_timeout,2,518,0.35200000000008913,1.3479999999999563,0,1.0
113,no_timeout,2,519,0.35799999999994725,1.4780000000000655,0,1.0
113,no_timeout,2,520,0.15399999999999636,4.63799999999992,0,1.0
113,no_timeout,2,521,0.2699999999999818,0.0500000000001819,0,1.0
113,no_timeout,2,522,0.18200000000001637,0.03999999999996362,0,1.0
113,no_timeout,2,523,0.4639999999999418,4.541999999999916,0,1.0
113,no_timeout,2,524,0.060000000000172804,0.16599999999993997,0,1.0
113,no_timeout,2,525,0.06999999999993634,9.983999999999924,0,1.0
113,no_timeout,2,526,0.2720000000001619,0.10199999999986176,0,1.0
113,no_timeout,2,527,0.2319999999999709,0.032000000000152795,0,1.0
113,no_timeout,2,528,0.35599999999999454,0.07999999999992724,0,1.0
113,no_timeout,2,529,0.3079999999999927,0.9880000000000564,0,1.0
113,no_timeout,2,530,0.15599999999994907,0.06600000000003092,0,1.0
113,no_timeout,2,531,0.16000000000008185,0.06199999999989814,0,1.0
113,no_timeout,2,532,0.21600000000012187,0.959999999999809,0,1.0
113,no_timeout,2,533,0.12400000000002365,1.509999999999991,0,1.0
113,no_timeout,2,534,0.4920000000001892,0.007999999999810825,0,1.0
113,no_timeout,2,535,0.7420000000001892,0.03399999999987813,0,1.0
113,no_timeout,2,536,0.21199999999998909,1.2480000000000473,0,1.0
113,no_timeout,2,537,0.12999999999988177,0.928000000000111,0,1.0
113,no_timeout,2,538,0.2159999999998945,0.040000000000190994,0,1.0
113,no_timeout,2,539,0.4799999999997908,0.04600000000004911,0,1.0
113,no_timeout,2,540,0.16600000000016735,0.035999999999830834,0,1.0
113,no_timeout,2,541,0.7180000000000746,1.7239999999999327,0,1.0
113,no_timeout,2,542,0.10000000000013642,0.06999999999993634,0,1.0
113,no_timeout,2,543,0.13799999999991996,0.0420000000001437,0,1.0
113,no_timeout,2,544,0.34799999999995634,0.06799999999998363,0,1.0
113,no_timeout,2,545,1.1539999999999964,17.69399999999996,1,1.0
113,no_timeout,2,546,0.3160000000000309,0.10999999999989996,0,1.0
113,no_timeout,2,547,0.3040000000000873,18.6400000000001,0,1.0
113,no_timeout,2,548,0.2839999999998781,0.16200000000003456,0,1.0
113,no_timeout,2,549,0.08400000000006003,1.0019999999999527,0,1.0
113,no_timeout,2,550,1.3119999999998981,4.3960000000001855,1,1.0
113,no_timeout,2,551,0.9339999999999691,0.055999999999812644,0,1.0
113,no_timeout,2,552,0.6820000000000164,0.12400000000002365,0,1.0
113,no_timeout,2,553,1.2940000000000964,3.13799999999992,1,1.0
113,no_timeout,2,554,1.2799999999999727,0.08400000000006003,1,1.0
113,no_timeout,2,555,0.2660000000000764,1.9099999999998545,0,1.0
113,no_timeout,2,556,0.19600000000014006,1.4559999999999036,0,1.0
113,no_timeout,2,557,0.16000000000008185,0.8479999999999563,0,1.0
113,no_timeout,2,558,0.42800000000011096,0.08199999999987995,0,1.0
113,no_timeout,2,559,0.66599999999994,1.0299999999999727,0,1.0
113,no_timeout,2,560,0.900000000000091,0.2760000000000673,0,1.0
113,no_timeout,2,561,0.08799999999996544,3.6779999999998836,0,1.0
113,no_timeout,2,562,0.7940000000000964,0.37599999999997635,0,1.0
113,no_timeout,2,563,0.5620000000001255,0.2239999999999327,0,1.0
113,no_timeout,2,564,0.7259999999998854,1.0299999999999727,0,1.0
113,no_timeout,2,565,0.6020000000000891,0.02800000000002001,0,1.0
113,no_timeout,2,566,1.0579999999999927,10.711999999999989,1,1.0
113,no_timeout,2,567,0.19399999999995998,0.08000000000015461,0,1.0
113,no_timeout,2,568,0.28599999999983083,0.6140000000000327,0,1.0
113,no_timeout,2,569,0.8440000000000509,1.5519999999999072,0,1.0
113,no_timeout,2,570,0.7300000000000182,0.09200000000009823,0,1.0
113,no_timeout,2,571,0.4639999999999418,0.18200000000001637,0,1.0
113,no_timeout,2,572,0.31199999999989814,0.04800000000000182,0,1.0
113,no_timeout,2,573,1.3360000000000127,4.180000000000064,1,1.0
113,no_timeout,2,574,0.7439999999999145,0.12800000000015643,0,1.0
113,no_timeout,2,575,0.6459999999999582,1.1240000000000236,0,1.0
113,no_timeout,2,576,1.58400000000006,3.49799999999982,1,1.0
113,no_timeout,2,577,2.1639999999999873,0.038000000000010914,1,1.0
113,no_timeout,2,578,0.17400000000020555,3.009999999999991,0,1.0
113,no_timeout,2,579,1.47199999999998,2.911999999999807,1,1.0
113,no_timeout,2,580,0.5520000000001346,0.03199999999992542,0,1.0
113,no_timeout,2,581,0.2940000000000964,0.10799999999994725,0,1.0
113,no_timeout,2,582,0.5679999999999836,0.06799999999998363,0,1.0
113,no_timeout,2,583,0.7319999999999709,0.032000000000152795,0,1.0
113,no_timeout,2,584,0.29399999999986903,0.029999999999972715,0,1.0
113,no_timeout,2,585,1.2799999999999727,3.564000000000078,1,1.0
113,no_timeout,2,586,0.8980000000001382,0.057999999999992724,0,1.0
113,no_timeout,2,587,0.5319999999999254,0.32999999999992724,0,1.0
113,no_timeout,2,588,0.049999999999954525,7.019999999999982,0,1.0
113,no_timeout,2,589,0.15000000000009095,0.2560000000000855,0,1.0
113,no_timeout,2,590,0.2059999999999036,1.2840000000001055,0,1.0
113,no_timeout,2,591,0.4819999999999709,0.08199999999987995,0,1.0
113,no_timeout,2,592,0.10000000000013642,0.05600000000004002,0,1.0
113,no_timeout,2,593,0.8659999999999854,1.25,0,1.0
113,no_timeout,2,594,0.11399999999980537,0.13200000000006185,0,1.0
113,no_timeout,2,595,0.13800000000014734,1.171999999999798,0,1.0
113,no_timeout,2,596,0.6080000000001746,0.07999999999992724,0,1.0
113,no_timeout,2,597,0.63799999999992,2.5620000000001255,0,1.0
113,no_timeout,2,598,0.6479999999999109,0.009999999999990905,0,1.0
113,no_timeout,2,599,0.16000000000008185,0.2739999999998872,0,1.0
113,no_timeout,2,600,0.038000000000010914,0.3500000000001364,0,1.0
113,no_timeout,2,601,1.27800000000002,4.317999999999984,1,1.0
113,no_timeout,2,602,0.6999999999998181,0.16400000000021464,0,1.0
113,no_timeout,2,603,0.13799999999991996,1.16599999999994,0,1.0
113,no_timeout,2,604,0.4700000000000273,0.05400000000008731,0,1.0
113,no_timeout,2,605,0.6299999999998818,2.4039999999999964,0,1.0
113,no_timeout,2,606,0.14000000000010004,0.11599999999998545,0,1.0
113,no_timeout,2,607,0.22000000000002728,0.07799999999997453,0,1.0
113,no_timeout,2,608,0.7100000000000364,1.740000000000009,0,1.0
113,no_timeout,2,609,0.8919999999998254,2.244000000000142,0,1.0
113,no_timeout,2,610,0.05399999999985994,0.018000000000029104,0,1.0
113,no_timeout,2,611,0.10599999999999454,0.14800000000013824,0,1.0
113,no_timeout,2,612,0.5039999999999054,0.11200000000008004,0,1.0
113,no_timeout,2,613,0.2539999999999054,0.05400000000008731,0,1.0
113,no_timeout,2,614,0.8199999999999363,1.05600000000004,0,1.0
113,no_timeout,2,615,0.18000000000006366,0.06599999999980355,0,1.0
113,no_timeout,2,616,0.6900000000000546,0.06999999999993634,0,1.0
113,no_timeout,2,617,0.22200000000020736,0.038000000000010914,0,1.0
113,no_timeout,2,618,0.03399999999987813,1.0960000000000036,0,1.0
113,no_timeout,2,619,0.2159999999998945,1.0700000000001637,0,1.0
113,no_timeout,2,620,1.1199999999998909,4.211999999999989,1,1.0
113,no_timeout,2,621,0.33400000000006,2.9600000000000364,0,1.0
113,no_timeout,2,622,0.9600000000000364,1.7300000000000182,0,1.0
113,no_timeout,2,623,0.29399999999986903,0.06600000000003092,0,1.0
113,no_timeout,2,624,0.6639999999999873,1.2660000000000764,0,1.0
113,no_timeout,2,625,0.1959999999999127,0.08200000000010732,0,1.0
113,no_timeout,2,626,0.2139999999999418,0.14799999999991087,0,1.0
113,no_timeout,2,627,0.17200000000002547,2.2619999999999436,0,1.0
113,no_timeout,2,628,0.9740000000001601,0.8740000000000236,0,1.0
113,no_timeout,2,629,0.8819999999998345,2.0440000000000964,0,1.0
113,no_timeout,2,630,0.18800000000010186,0.06399999999985084,0,1.0
113,no_timeout,2,631,0.12800000000015643,3.2619999999999436,0,1.0
113,no_timeout,2,632,3.0319999999999254,0.03600000000005821,1,1.0
113,no_timeout,2,633,0.5679999999999836,2.8940000000000055,0,1.0
113,no_timeout,2,634,1.0879999999999654,0.11200000000008004,1,1.0
113,no_timeout,2,635,0.1979999999998654,3.0820000000001073,0,1.0
113,no_timeout,2,636,0.4959999999998672,0.060000000000172804,0,1.0
113,no_timeout,2,637,1.6459999999999582,0.057999999999992724,1,1.0
113,no_timeout,2,638,0.4980000000000473,5.517999999999802,0,1.0
113,no_timeout,2,639,0.16200000000003456,0.6180000000001655,0,1.0
113,no_timeout,2,640,0.8619999999998527,1.8540000000000418,0,1.0
113,no_timeout,2,641,0.37799999999992906,0.09000000000014552,0,1.0
113,no_timeout,2,642,0.2480000000000473,0.25,0,1.0
113,no_timeout,2,643,0.04399999999986903,2.1920000000000073,0,1.0
113,no_timeout,2,644,0.5899999999999181,0.020000000000209184,0,1.0
113,no_timeout,2,645,0.34600000000000364,0.05999999999994543,0,1.0
113,no_timeout,2,646,0.265999999999849,0.038000000000010914,0,1.0
113,no_timeout,2,647,0.7100000000000364,1.1860000000001492,0,1.0
113,no_timeout,2,648,0.32999999999992724,0.03600000000005821,0,1.0
113,no_timeout,2,649,0.12599999999997635,0.05399999999985994,0,1.0
113,no_timeout,2,650,0.2680000000000291,1.6539999999999964,0,1.0
113,no_timeout,2,651,0.5440000000000964,0.05999999999994543,0,1.0
113,no_timeout,2,652,0.2819999999999254,2.0,0,1.0
113,no_timeout,2,653,0.91800000000012,0.11400000000003274,0,1.0
113,no_timeout,2,654,0.9579999999998563,0.07799999999997453,0,1.0
113,no_timeout,2,655,0.9260000000001583,2.2159999999998945,0,1.0
113,no_timeout,2,656,1.3900000000001,6.3599999999999,1,1.0
113,no_timeout,2,657,0.12000000000011823,0.04800000000000182,0,1.0
113,no_timeout,2,658,0.6099999999999,0.04600000000004911,0,1.0
113,no_timeout,2,659,0.7599999999999909,1.7560000000000855,0,1.0
113,no_timeout,2,660,0.04599999999982174,0.10400000000004184,0,1.0
113,no_timeout,2,661,0.09400000000005093,0.2239999999999327,0,1.0
113,no_timeout,2,662,1.8700000000001182,2.495999999999867,1,1.0
113,no_timeout,2,663,0.5399999999999636,1.27800000000002,0,1.0
113,no_timeout,2,664,0.4580000000000837,0.09999999999990905,0,1.0
113,no_timeout,2,665,0.9060000000001764,1.2459999999998672,0,1.0
113,no_timeout,2,666,0.3140000000000782,0.11200000000008004,0,1.0
113,no_timeout,2,667,0.2319999999999709,2.709999999999809,0,1.0
113,no_timeout,2,668,0.09600000000000364,0.11800000000016553,0,1.0
113,no_timeout,2,669,0.6599999999998545,2.269999999999982,0,1.0
113,no_timeout,2,670,0.2640000000001237,0.9600000000000364,0,1.0
113,no_timeout,2,671,0.09199999999987085,2.286000000000058,0,1.0
113,no_timeout,2,672,0.37599999999997635,0.0420000000001437,0,1.0
113,no_timeout,2,673,0.5119999999999436,0.09199999999987085,0,1.0
113,no_timeout,2,674,0.7660000000000764,2.188000000000102,0,1.0
113,no_timeout,2,675,0.8659999999999854,1.043999999999869,0,1.0
113,no_timeout,2,676,0.5140000000001237,0.04599999999982174,0,1.0
113,no_timeout,2,677,0.16800000000012005,0.8720000000000709,0,1.0
113,no_timeout,2,678,1.0039999999999054,4.768000000000029,1,1.0
113,no_timeout,2,679,0.7319999999999709,1.3640000000000327,0,1.0
113,no_timeout,2,680,1.1620000000000346,3.05399999999986,1,1.0
113,no_timeout,2,681,0.7880000000000109,0.5480000000000018,0,1.0
113,no_timeout,2,682,0.8740000000000236,1.9919999999999618,0,1.0
113,no_timeout,2,683,0.6200000000001182,0.04399999999986903,0,1.0
113,no_timeout,2,684,0.7660000000000764,4.430000000000064,0,1.0
113,no_timeout,2,685,0.36799999999993815,0.14200000000005275,0,1.0
113,no_timeout,2,686,0.2039999999999509,0.8659999999999854,0,1.0
113,no_timeout,2,687,0.9300000000000637,0.03999999999996362,0,1.0
113,no_timeout,2,688,1.0060000000000855,3.091999999999871,1,1.0
113,no_timeout,2,689,1.0960000000000036,4.072000000000116,1,1.0
113,no_timeout,2,690,1.1019999999998618,0.0340000000001055,1,1.0
113,no_timeout,2,691,0.15799999999990177,6.655999999999949,0,1.0
113,no_timeout,2,692,1.050000000000182,0.04800000000000182,0,1.1
113,no_timeout,2,693,0.30399999999985994,1.481999999999971,0,1.1
113,no_timeout,2,694,0.36000000000012733,0.03600000000005821,0,1.1
113,no_timeout,2,695,0.7319999999999709,0.9959999999998672,0,1.1
113,no_timeout,2,696,0.9780000000000655,1.1720000000000255,0,1.1
113,no_timeout,2,697,0.3999999999998636,0.014000000000123691,0,1.1
113,no_timeout,2,698,1.018000000000029,1.97199999999998,0,1.1
113,no_timeout,2,699,0.8959999999999582,3.5879999999999654,0,1.1
113,no_timeout,2,700,0.16600000000016735,0.8139999999998508,0,1.1
113,no_timeout,2,701,0.5620000000001255,0.05199999999990723,0,1.1
113,no_timeout,2,702,1.0679999999999836,0.026000000000067303,0,1.1
113,no_timeout,2,703,0.7179999999998472,1.8820000000000618,0,1.1
113,no_timeout,2,704,0.18200000000001637,0.13599999999996726,0,1.1
113,no_timeout,2,705,0.20800000000008367,1.0199999999999818,0,1.1
113,no_timeout,2,706,0.5080000000000382,0.8260000000000218,0,1.1
113,no_timeout,2,707,0.8339999999998327,7.524000000000115,0,1.1
113,no_timeout,2,708,0.07199999999988904,0.7599999999999909,0,1.1
113,no_timeout,2,709,0.052000000000134605,0.2159999999998945,0,1.1
113,no_timeout,2,710,0.6940000000001874,0.8799999999998818,0,1.1
113,no_timeout,2,711,0.3040000000000873,0.11999999999989086,0,1.1
113,no_timeout,2,712,0.09000000000014552,0.6519999999998163,0,1.1
113,no_timeout,2,713,0.9860000000001037,20.710000000000036,0,1.1
113,no_timeout,2,714,0.1899999999998272,13.912000000000035,0,1.1
113,no_timeout,2,715,0.22199999999998,1.9700000000000273,0,1.1
113,no_timeout,2,716,0.22400000000016007,0.05199999999990723,0,1.1
113,no_timeout,2,717,0.12200000000007094,0.7179999999998472,0,1.1
113,no_timeout,2,718,0.4880000000000564,1.4600000000000364,0,1.1
113,no_timeout,2,719,0.37599999999997635,0.03999999999996362,0,1.1
113,no_timeout,2,720,0.4880000000000564,12.344000000000051,0,1.1
113,no_timeout,2,721,0.2259999999998854,0.9740000000001601,0,1.1
113,no_timeout,2,722,0.11399999999980537,1.2920000000001437,0,1.1
113,no_timeout,2,723,0.29399999999986903,59.906000000000176,0,1.1
113,no_timeout,2,724,0.4379999999998745,0.07400000000006912,0,1.1
113,no_timeout,2,725,0.2999999999999545,3.7639999999998963,0,1.1
113,no_timeout,2,726,0.22400000000016007,0.05600000000004002,0,1.1
113,no_timeout,2,727,0.5119999999999436,0.19399999999995998,0,1.1
113,no_timeout,2,728,0.7139999999999418,0.05400000000008731,0,1.1
113,no_timeout,2,729,0.9639999999999418,3.928000000000111,0,1.1
113,no_timeout,2,730,0.9539999999999509,1.4880000000000564,0,1.1
113,no_timeout,2,731,1.2839999999998781,0.049999999999954525,1,1.1
113,no_timeout,2,732,0.37400000000002365,5.6159999999999854,0,1.1
113,no_timeout,2,733,0.22000000000002728,0.09200000000009823,0,1.1
113,no_timeout,2,734,1.0460000000000491,1.5579999999999927,0,1.1
113,no_timeout,2,735,0.5659999999998035,0.05600000000004002,0,1.1
113,no_timeout,2,736,0.8099999999999454,1.1320000000000618,0,1.1
113,no_timeout,2,737,0.12400000000002365,0.14400000000000546,0,1.1
113,no_timeout,2,738,0.20800000000008367,0.04399999999986903,0,1.1
113,no_timeout,2,739,0.2520000000001801,0.041999999999916326,0,1.1
113,no_timeout,2,740,0.4939999999999145,0.05400000000008731,0,1.1
113,no_timeout,2,741,0.9220000000000255,0.16399999999998727,0,1.1
113,no_timeout,2,742,0.7860000000000582,0.11399999999980537,0,1.1
113,no_timeout,2,743,1.7000000000000455,18.920000000000073,1,1.1
113,no_timeout,2,744,1.1579999999999018,7.2000000000000455,1,1.1
113,no_timeout,2,745,0.9359999999999218,2.4480000000000928,0,1.1
113,no_timeout,2,746,0.678000000000111,0.08399999999983265,0,1.1
113,no_timeout,2,747,0.11800000000016553,2.3759999999999764,0,1.1
113,no_timeout,2,748,0.7619999999999436,0.2760000000000673,0,1.1
113,no_timeout,2,749,0.9139999999999873,1.543999999999869,0,1.1
113,no_timeout,2,750,1.1720000000000255,4.826000000000022,1,1.1
113,no_timeout,2,751,0.22600000000011278,0.209999999999809,0,1.1
113,no_timeout,2,752,1.1880000000001019,3.9859999999998763,1,1.1
113,no_timeout,2,753,0.5160000000000764,2.7920000000001437,0,1.1
113,no_timeout,2,754,0.36799999999993815,0.8979999999999109,0,1.1
113,no_timeout,2,755,0.052000000000134605,1.759999999999991,0,1.1
113,no_timeout,2,756,0.6779999999998836,1.3659999999999854,0,1.1
113,no_timeout,2,757,0.2980000000000018,0.06200000000012551,0,1.1
113,no_timeout,2,758,0.5619999999998981,2.2280000000000655,0,1.1
113,no_timeout,2,759,0.18399999999996908,0.05600000000004002,0,1.1
113,no_timeout,2,760,0.9700000000000273,0.5899999999999181,0,1.1
113,no_timeout,2,761,0.3040000000000873,0.5180000000000291,0,1.1
113,no_timeout,2,762,1.1259999999999764,4.805999999999813,1,1.1
113,no_timeout,2,763,0.8100000000001728,0.543999999999869,0,1.1
113,no_timeout,2,764,0.22000000000002728,1.6159999999999854,0,1.1
113,no_timeout,2,765,1.0040000000001328,0.06399999999985084,0,1.1
113,no_timeout,2,766,0.5460000000000491,0.044000000000096406,0,1.1
113,no_timeout,2,767,0.21199999999998909,0.049999999999954525,0,1.1
113,no_timeout,2,768,0.19399999999995998,2.08400000000006,0,1.1
113,no_timeout,2,769,1.3559999999999945,5.399999999999864,1,1.1
113,no_timeout,2,770,0.40800000000012915,1.4099999999998545,0,1.1
113,no_timeout,2,771,0.09600000000000364,0.09000000000014552,0,1.1
113,no_timeout,2,772,0.42000000000007276,1.8479999999999563,0,1.1
113,no_timeout,2,773,0.2319999999999709,0.14799999999991087,0,1.1
113,no_timeout,2,774,0.16000000000008185,0.057999999999992724,0,1.1
113,no_timeout,2,775,0.2999999999999545,0.04800000000000182,0,1.1
113,no_timeout,2,776,0.706000000000131,2.3719999999998436,0,1.1
113,no_timeout,2,777,0.12000000000011823,0.08799999999996544,0,1.1
113,no_timeout,2,778,0.31799999999998363,3.1159999999999854,0,1.1
113,no_timeout,2,779,0.16000000000008185,0.05199999999990723,0,1.1
113,no_timeout,2,780,0.7080000000000837,2.3659999999999854,0,1.1
113,no_timeout,2,781,0.09799999999995634,0.06999999999993634,0,1.1
113,no_timeout,2,782,0.2980000000000018,0.06999999999993634,0,1.1
113,no_timeout,2,783,0.20000000000004547,0.08799999999996544,0,1.1
113,no_timeout,2,784,0.8220000000001164,1.0899999999999181,0,1.1
113,no_timeout,2,785,0.14800000000013824,0.057999999999992724,0,1.1
113,no_timeout,2,786,1.1299999999998818,4.082000000000107,1,1.1
113,no_timeout,2,787,1.1639999999999873,3.7539999999999054,1,1.1
113,no_timeout,2,788,0.7419999999999618,1.4760000000001128,0,1.1
113,no_timeout,2,789,0.6040000000000418,0.07600000000002183,0,1.1
113,no_timeout,2,790,0.6059999999999945,0.015999999999849024,0,1.1
113,no_timeout,2,791,0.5900000000001455,2.145999999999958,0,1.1
113,no_timeout,2,792,0.4739999999999327,1.0879999999999654,0,1.1
113,no_timeout,2,793,0.19200000000000728,0.8379999999999654,0,1.1
113,no_timeout,2,794,0.9780000000000655,1.58400000000006,0,1.1
113,no_timeout,2,795,0.12599999999997635,0.7159999999998945,0,1.1
113,no_timeout,2,796,0.5380000000000109,0.07600000000002183,0,1.1
113,no_timeout,2,797,0.6800000000000637,13.170000000000073,0,1.1
113,no_timeout,2,798,0.41200000000003456,0.035999999999830834,0,1.1
113,no_timeout,2,799,0.42399999999997817,2.2200000000000273,0,1.1
113,no_timeout,2,800,0.16399999999998727,,0,1.1
114,random,1,1,0.259999999999998,6.372,0,0.5
114,random,1,2,0.347999999999999,3.020000000000003,0,0.5
114,random,1,3,0.259999999999998,4.230000000000004,0,0.5
114,random,1,4,0.4759999999999991,5.8160000000000025,0,0.5
114,random,1,5,0.17999999999999972,2.793999999999997,0,0.5
114,random,1,6,0.661999999999999,3.2120000000000033,1,0.5
114,random,1,7,0.813999999999993,3.0660000000000025,1,0.5
114,random,1,8,0.3500000000000085,6.256,0,0.5
114,random,1,9,0.30999999999998806,4.6440000000000055,0,0.5
114,random,1,10,0.14799999999999613,2.980000000000004,0,0.5
114,random,1,11,0.3400000000000034,4.957999999999998,0,0.5
114,random,1,12,0.42600000000000193,4.188000000000002,0,0.5
114,random,1,13,0.12599999999999056,3.862000000000009,0,0.5
114,random,1,14,0.4339999999999975,4.093999999999994,0,0.5
114,random,1,15,0.09600000000000364,3.2099999999999937,0,0.5
114,random,1,16,2.528000000000006,3.3599999999999994,1,0.5
114,random,1,17,0.18200000000000216,15.203999999999994,0,0.5
114,random,1,18,0.26400000000001,5.587999999999994,0,0.5
114,random,1,19,0.29400000000001114,6.957999999999998,0,0.5
114,random,1,20,0.19599999999999795,8.877999999999986,0,0.5
114,random,1,21,0.28400000000002024,3.299999999999983,0,0.5
114,random,1,22,0.6680000000000064,1.4120000000000061,1,0.5
114,random,1,23,0.18199999999998795,7.186000000000007,0,0.5
114,random,1,24,0.5020000000000095,7.175999999999988,1,0.5
114,random,1,25,0.2820000000000107,0.1419999999999959,0,0.5
114,random,1,27,0.23600000000001842,11.774000000000001,0,0.5
114,random,1,28,0.06999999999999318,3.1239999999999952,0,0.5
114,random,1,29,0.19200000000000728,3.2779999999999916,0,0.5
114,random,1,30,0.10599999999999454,4.427999999999997,0,0.5
114,random,1,31,0.3300000000000125,3.319999999999993,0,0.5
114,random,1,32,0.23400000000000887,9.49199999999999,0,0.5
114,random,1,33,0.21600000000000819,0.15000000000000568,0,0.5
114,random,1,35,0.36599999999998545,11.678000000000026,0,0.5
114,random,1,36,0.09399999999999409,4.840000000000003,0,0.5
114,random,1,37,0.6979999999999791,5.126000000000005,1,0.5
114,random,1,38,0.921999999999997,0.14000000000001478,1,0.5
114,random,1,39,0.46599999999997976,5.096000000000004,0,0.5
114,random,1,40,0.09400000000002251,4.93799999999996,0,0.5
114,random,1,41,0.43600000000003547,0.7599999999999909,0,0.5
114,random,1,43,1.0579999999999927,5.622000000000014,1,0.5
114,random,1,44,0.5799999999999841,0.14800000000002456,1,0.5
114,random,1,45,0.25200000000000955,3.6719999999999686,0,0.5
114,random,1,46,0.22000000000002728,3.759999999999991,0,0.5
114,random,1,47,0.8100000000000023,0.8000000000000114,1,0.5
114,random,1,48,0.3499999999999659,6.746000000000038,0,0.5
114,random,1,49,0.4619999999999891,4.151999999999987,0,0.5
114,random,1,50,0.6899999999999977,6.329999999999984,1,0.5
114,random,1,51,0.2880000000000109,5.795999999999992,0,0.5
114,random,1,52,0.07400000000001228,5.1340000000000146,0,0.5
114,random,1,53,0.32799999999997453,3.774000000000001,0,0.5
114,random,1,54,0.018000000000029104,2.863999999999976,0,0.5
114,random,1,55,0.07400000000001228,2.9599999999999795,0,0.5
114,random,1,56,0.48599999999999,3.326000000000022,0,0.5
114,random,1,57,0.20199999999999818,3.5079999999999814,0,0.5
114,random,1,58,0.7019999999999982,0.438000000000045,1,0.5
114,random,1,59,0.561999999999955,4.689999999999998,1,0.5
114,random,1,60,1.4180000000000064,2.698000000000036,1,0.5
114,random,1,61,0.27199999999999136,3.825999999999965,0,0.6
114,random,1,62,0.5120000000000005,4.198000000000036,0,0.6
114,random,1,63,0.7459999999999809,3.5219999999999914,1,0.6
114,random,1,64,0.5720000000000027,3.02800000000002,0,0.6
114,random,1,65,0.3639999999999759,3.508000000000038,0,0.6
114,random,1,66,0.9639999999999986,0.3979999999999677,1,0.6
114,random,1,67,0.7839999999999918,3.708000000000027,1,0.6
114,random,1,68,0.73599999999999,2.7819999999999823,1,0.6
114,random,1,69,0.6200000000000045,3.6380000000000337,0,0.7
114,random,1,70,0.2740000000000009,0.1379999999999768,0,0.7
114,random,1,72,0.2699999999999818,2.377999999999986,0,0.7
114,random,1,73,0.41399999999998727,6.298000000000002,0,0.7
114,random,1,74,0.30000000000001137,4.3559999999999945,0,0.7
114,random,1,75,0.4940000000000282,2.7860000000000014,0,0.7
114,random,1,76,0.325999999999965,0.040000000000020464,0,0.7
114,random,1,78,0.5639999999999645,3.3520000000000323,0,0.7
114,random,1,79,0.3039999999999736,2.7460000000000377,0,0.7
114,random,1,80,0.561999999999955,3.344000000000051,0,0.7
114,random,1,81,0.8019999999999641,2.4320000000000164,1,0.7
114,random,1,82,0.7540000000000191,2.3239999999999554,1,0.7
114,random,1,83,0.4660000000000082,3.1059999999999945,0,0.7
114,random,1,84,0.48799999999999955,4.490000000000009,0,0.7
114,random,1,85,0.27000000000003865,2.3239999999999554,0,0.7
114,random,1,86,0.41800000000000637,3.9039999999999964,0,0.7
114,random,1,87,0.17400000000003502,4.287999999999954,0,0.7
114,random,1,88,0.8160000000000309,3.670000000000016,1,0.7
114,random,1,89,0.19399999999995998,2.665999999999997,0,0.7
114,random,1,90,0.6059999999999945,2.938000000000045,0,0.7
114,random,1,91,0.38999999999998636,0.1379999999999768,0,0.7
114,random,1,93,0.1419999999999959,4.490000000000009,0,0.7
114,random,1,94,0.6159999999999854,3.76400000000001,0,0.7
114,random,1,95,0.009999999999990905,0.02800000000002001,0,0.7
114,random,1,97,0.26600000000001955,3.48599999999999,0,0.7
114,random,1,98,0.07800000000003138,5.045999999999992,0,0.7
114,random,1,99,0.3639999999999759,3.5680000000000405,0,0.7
114,random,1,100,0.2259999999999991,3.909999999999968,0,0.7
114,random,1,101,0.4200000000000159,3.1820000000000164,0,0.7
114,random,1,102,0.34199999999998454,12.509999999999991,0,0.7
114,random,1,103,0.07999999999998408,4.598000000000013,0,0.7
114,random,1,104,0.6659999999999968,0.06799999999998363,0,0.7
114,random,1,106,0.25,21.037999999999954,0,0.7
114,random,1,107,0.17600000000004457,2.4880000000000564,0,0.7
114,random,1,108,0.8919999999999391,3.046000000000049,1,0.7
114,random,1,109,0.5439999999999827,4.02800000000002,0,0.7
114,random,1,110,0.5099999999999909,4.01400000000001,0,0.7
114,random,1,111,0.6099999999999,3.0100000000001046,0,0.7
114,random,1,112,0.37199999999995725,3.8940000000000055,0,0.7
114,random,1,113,0.6620000000000346,3.5779999999999745,0,0.7
114,random,1,114,0.36400000000003274,6.551999999999907,0,0.7
114,random,1,115,0.72199999999998,7.4780000000000655,1,0.7
114,random,1,116,0.7839999999999918,3.580000000000041,1,0.7
114,random,1,117,1.038000000000011,3.199999999999932,1,0.7
114,random,1,118,0.6040000000000418,4.072000000000003,0,0.8
114,random,1,119,0.20799999999997,3.3360000000000127,0,0.8
114,random,1,120,0.6680000000000064,4.317999999999984,0,0.8
114,random,1,121,0.3120000000000118,2.744000000000028,0,0.8
114,random,1,122,0.4459999999999127,12.594000000000051,0,0.8
114,random,1,123,0.9539999999999509,2.79200000000003,1,0.8
114,random,1,124,1.08400000000006,5.931999999999903,1,0.8
114,random,1,125,0.8520000000000891,0.15199999999992997,1,0.8
114,random,1,126,0.8280000000000882,5.149999999999977,0,0.9
114,random,1,127,0.7319999999999709,3.22199999999998,0,0.9
114,random,1,128,0.3039999999999736,0.13400000000001455,0,0.9
114,random,1,130,0.2259999999999991,5.765999999999963,0,0.9
114,random,1,131,0.22199999999998,17.620000000000005,0,0.9
114,random,1,132,0.6900000000000546,2.73599999999999,0,0.9
114,random,1,133,0.6159999999999854,4.740000000000009,0,0.9
114,random,1,134,0.36199999999996635,0.07200000000000273,0,0.9
114,random,1,136,0.32600000000002183,6.765999999999963,0,0.9
114,random,1,137,0.20600000000001728,7.646000000000072,0,0.9
114,random,1,138,0.5059999999999718,7.624000000000024,0,0.9
114,random,1,139,0.2959999999999354,19.346000000000004,0,0.9
114,random,1,140,0.13999999999998636,6.86200000000008,0,0.9
114,random,1,141,0.5239999999998872,3.4880000000000564,0,0.9
114,random,1,142,0.6639999999999873,5.351999999999975,0,0.9
114,random,1,143,0.4880000000000564,2.480000000000018,0,0.9
114,random,1,144,0.6820000000000164,0.13799999999991996,0,0.9
114,random,1,146,0.09199999999998454,0.04200000000003001,0,0.9
114,random,1,148,0.10399999999992815,3.296000000000049,0,0.9
114,random,1,149,0.80600000000004,2.9459999999999127,0,0.9
114,random,1,150,0.5160000000000764,3.4739999999999327,0,0.9
114,random,1,151,0.5020000000000664,4.0,0,0.9
114,random,1,152,0.9699999999999136,0.14200000000005275,1,0.9
114,random,1,153,0.06799999999998363,3.310000000000059,0,0.9
114,random,1,154,0.7479999999999336,5.183999999999969,0,0.9
114,random,1,155,1.27800000000002,3.6059999999999945,1,0.9
114,random,1,156,0.5460000000000491,3.576000000000022,0,0.9
114,random,1,157,0.057999999999992724,3.9420000000000073,0,0.9
114,random,1,158,0.5799999999999272,5.224000000000046,0,0.9
114,random,1,159,0.7019999999999982,4.213999999999942,0,0.9
114,random,1,160,1.1680000000000064,3.11200000000008,1,0.9
114,random,1,161,0.4379999999999882,3.711999999999989,0,0.9
114,random,1,162,0.08600000000001273,0.10399999999992815,0,0.9
114,random,1,164,0.886000000000081,4.219999999999914,0,0.9
114,random,1,165,0.38400000000001455,3.6680000000000064,0,0.9
114,random,1,166,0.6620000000000346,3.947999999999979,0,0.9
114,random,1,167,0.44000000000005457,3.6119999999999663,0,0.9
114,random,1,168,0.8899999999999864,3.8740000000000236,0,0.9
114,random,1,169,0.2719999999999345,3.9540000000000646,0,0.9
114,random,1,170,1.461999999999989,4.29200000000003,1,0.9
114,random,1,171,0.6879999999999882,4.317999999999984,0,0.9
114,random,1,172,0.7000000000000455,3.5739999999999554,0,0.9
114,random,1,173,0.4800000000000182,3.3940000000000055,0,0.9
114,random,1,174,0.6299999999999955,2.9700000000000273,0,0.9
114,random,1,175,0.13599999999996726,4.02800000000002,0,0.9
114,random,1,176,0.5439999999999827,3.533999999999992,0,0.9
114,random,1,177,0.39800000000002456,2.3479999999999563,0,0.9
114,random,1,178,0.2899999999999636,2.3640000000000327,0,0.9
114,random,1,179,0.009999999999990905,2.826000000000022,0,0.9
114,random,1,180,0.5739999999999554,4.268000000000029,0,0.9
114,random,1,181,0.25,0.15999999999996817,0,0.9
114,random,1,183,0.36399999999991905,0.14400000000000546,0,0.9
114,random,1,185,0.6580000000000155,3.1620000000000346,0,0.9
114,random,1,186,0.8479999999999563,3.6760000000000446,0,0.9
114,random,1,187,0.2679999999999154,4.139999999999986,0,0.9
114,random,1,188,0.37400000000002365,4.398000000000025,0,0.9
114,random,1,189,0.2459999999999809,7.966000000000008,0,0.9
114,random,1,190,0.39200000000005275,3.7679999999999154,0,0.9
114,random,1,191,0.37600000000009004,3.9939999999999145,0,0.9
114,random,1,192,0.4880000000000564,7.279999999999973,0,0.9
114,random,1,193,0.9700000000000273,2.881999999999948,1,0.9
114,random,1,194,1.3040000000000873,2.3319999999999936,1,0.9
114,random,1,195,0.4559999999999036,3.5300000000000864,0,0.9
114,random,1,196,0.4259999999999309,4.3659999999999854,0,0.9
114,random,1,197,0.5580000000001064,3.131999999999948,0,0.9
114,random,1,198,1.29200000000003,2.4699999999999136,1,0.9
114,random,1,199,1.0400000000000773,2.6539999999999964,1,0.9
114,random,1,200,0.9420000000000073,2.8619999999999663,1,0.9
114,random,1,201,0.9260000000000446,3.9320000000000164,0,1.0
114,random,1,202,0.6439999999998918,4.010000000000105,0,1.0
114,random,1,203,0.38999999999998636,2.2899999999999636,0,1.0
114,random,1,204,1.4139999999999873,3.3780000000000427,1,1.0
114,random,1,205,0.4660000000000082,2.921999999999912,0,1.0
114,random,1,206,0.9680000000000746,4.747999999999934,0,1.0
114,random,1,207,0.40399999999999636,2.8940000000000055,0,1.0
114,random,1,208,0.6539999999999964,3.7000000000000455,0,1.0
114,random,1,209,0.42200000000002547,2.463999999999942,0,1.0
114,random,1,210,0.30600000000004,3.5459999999999354,0,1.0
114,random,1,211,0.914000000000101,3.8339999999999463,0,1.0
114,random,1,212,0.35599999999999454,3.019999999999982,0,1.0
114,random,1,213,1.1280000000000427,4.322000000000003,1,1.0
114,random,1,214,0.6539999999999964,3.826000000000022,0,1.0
114,random,1,215,1.0899999999999181,1.7340000000000373,1,1.0
114,random,1,216,0.6280000000000427,4.564000000000078,0,1.0
114,random,1,217,0.5379999999997835,4.116000000000213,0,1.0
114,random,1,218,1.2719999999999345,1.1720000000000255,1,1.0
114,random,1,219,0.9539999999999509,5.4500000000000455,0,1.0
114,random,1,220,0.7739999999998872,0.038000000000010914,0,1.0
114,random,1,222,0.22800000000006548,3.4579999999998563,0,1.0
114,random,1,223,0.9600000000000364,4.407999999999902,0,1.0
114,random,1,224,0.30600000000004,4.244000000000142,0,1.0
114,random,1,225,0.3919999999998254,3.7740000000001146,0,1.0
114,random,1,226,1.5460000000000491,0.5919999999998709,1,1.0
114,random,1,227,0.9400000000000546,4.044000000000096,0,1.0
114,random,1,228,0.6079999999999472,3.491999999999962,0,1.0
114,random,1,229,0.8759999999999764,4.630000000000109,0,1.0
114,random,1,230,0.37400000000002365,3.3259999999997945,0,1.0
114,random,1,231,0.484000000000151,2.8940000000000055,0,1.0
114,random,1,232,0.7819999999999254,4.160000000000082,0,1.0
114,random,1,233,0.849999999999909,4.5219999999999345,0,1.0
114,random,1,234,0.6460000000001855,2.487999999999829,0,1.0
114,random,1,235,0.20600000000013097,0.14799999999991087,0,1.0
114,random,1,237,0.8679999999999382,4.895999999999958,0,1.0
114,random,1,238,0.4259999999999309,11.711999999999989,0,1.0
114,random,1,239,0.5320000000001528,2.293999999999869,0,1.0
114,random,1,240,0.2740000000001146,3.268000000000029,0,1.0
114,random,1,241,0.515999999999849,7.400000000000091,0,1.0
114,random,1,242,1.3140000000000782,7.055999999999813,1,1.0
114,random,1,243,0.9720000000002074,3.963999999999942,0,1.0
114,random,1,244,0.4880000000000564,3.8199999999999363,0,1.0
114,random,1,245,0.36199999999985266,6.238000000000056,0,1.0
114,random,1,246,0.6860000000001492,4.793999999999869,0,1.0
114,random,1,247,0.18399999999996908,3.410000000000082,0,1.0
114,random,1,248,0.41599999999994,3.7660000000000764,0,1.0
114,random,1,249,0.2839999999998781,6.550000000000182,0,1.0
114,random,1,250,1.405999999999949,2.6240000000000236,1,1.0
114,random,1,251,1.2159999999998945,2.905999999999949,1,1.0
114,random,1,252,0.6340000000000146,4.451999999999998,0,1.0
114,random,1,253,1.1400000000001,1.2580000000000382,1,1.0
114,random,1,254,1.0019999999999527,3.9379999999998745,1,1.0
114,random,1,255,1.2040000000001783,3.0219999999999345,1,1.0
114,random,1,256,0.9239999999999782,4.420000000000073,0,1.1
114,random,1,257,1.043999999999869,4.326000000000022,0,1.1
114,random,1,258,1.2160000000001219,0.6859999999999218,1,1.1
114,random,1,259,0.7699999999999818,3.9300000000000637,0,1.1
114,random,1,260,1.1820000000000164,1.7300000000000182,1,1.1
114,random,1,261,0.2739999999998872,3.30600000000004,0,1.1
114,random,1,262,0.9459999999999127,2.5620000000001255,0,1.1
114,random,1,263,0.9039999999999964,2.8799999999998818,0,1.1
114,random,1,264,1.2860000000000582,3.036000000000058,1,1.1
114,random,1,265,0.9459999999999127,3.009999999999991,0,1.1
114,random,1,266,1.6660000000001673,5.535999999999831,1,1.1
114,random,1,267,0.7380000000000564,3.622000000000071,0,1.1
114,random,1,268,0.19200000000000728,0.03199999999992542,0,1.1
114,random,1,270,0.7000000000000455,4.448000000000093,0,1.1
114,random,1,271,1.1340000000000146,1.765999999999849,1,1.1
114,random,1,272,0.5060000000000855,3.2640000000001237,0,1.1
114,random,1,273,0.8519999999998618,3.314000000000078,0,1.1
114,random,1,274,0.7599999999999909,2.8999999999998636,0,1.1
114,random,1,275,1.1860000000001492,2.495999999999867,1,1.1
114,random,1,276,0.9860000000001037,2.33400000000006,0,1.1
114,random,1,277,1.2539999999999054,0.27800000000002,1,1.1
114,random,1,278,0.2460000000000946,2.519999999999982,0,1.1
114,random,1,279,1.2919999999999163,4.188000000000102,1,1.1
114,random,1,280,1.211999999999989,3.463999999999942,1,1.1
114,random,1,281,0.2139999999999418,3.298000000000002,0,1.1
114,random,1,282,0.5620000000001255,3.591999999999871,0,1.1
114,random,1,283,0.849999999999909,3.8920000000000528,0,1.1
114,random,1,284,0.5380000000000109,4.692000000000007,0,1.1
114,random,1,285,1.1000000000001364,2.7739999999998872,0,1.1
114,random,1,286,0.8979999999999109,2.5900000000001455,0,1.1
114,random,1,287,1.2159999999998945,2.660000000000082,1,1.1
114,random,1,288,1.1800000000000637,1.8199999999999363,1,1.1
114,random,1,289,0.9359999999999218,0.10800000000017462,0,1.1
114,random,1,291,0.6539999999999964,3.2100000000000364,0,1.1
114,random,1,292,1.316000000000031,0.6059999999999945,1,1.1
114,random,1,293,0.5219999999999345,4.230000000000018,0,1.1
114,random,1,294,0.8700000000001182,5.045999999999822,0,1.1
114,random,1,295,0.8559999999999945,3.008000000000038,0,1.1
114,random,1,296,0.6259999999999764,3.6460000000001855,0,1.1
114,random,1,297,0.7679999999998017,3.242000000000189,0,1.1
114,random,1,298,0.8299999999999272,3.877999999999929,0,1.1
114,random,1,299,0.4919999999999618,3.382000000000062,0,1.1
114,random,1,300,0.8659999999999854,4.218000000000075,0,1.1
114,random,1,301,0.7159999999998945,4.436000000000149,0,1.1
114,random,1,302,0.7039999999999509,3.046000000000049,0,1.1
114,random,1,303,1.1579999999999018,2.673999999999978,1,1.1
114,random,1,304,1.288000000000011,0.10400000000004184,1,1.1
114,random,1,305,0.44399999999996,3.83400000000006,0,1.1
114,random,1,306,1.5779999999999745,4.130000000000109,1,1.1
114,random,1,307,1.0059999999998581,3.423999999999978,0,1.1
114,random,1,308,0.8140000000000782,0.11999999999989086,0,1.1
114,random,1,310,0.5740000000000691,2.981999999999971,0,1.1
114,random,1,311,0.2899999999999636,2.4300000000000637,0,1.1
114,random,1,312,0.737999999999829,3.788000000000011,0,1.1
114,random,1,313,0.83400000000006,2.8460000000000036,0,1.1
114,random,1,314,0.2660000000000764,0.035999999999830834,0,1.1
114,random,1,316,0.9919999999999618,5.801999999999907,0,1.1
114,random,1,317,0.9080000000001291,0.07999999999992724,0,1.1
114,random,1,319,1.2800000000002,2.3159999999998035,1,1.1
114,random,1,320,1.0160000000000764,4.039999999999964,0,1.1
114,random,1,321,0.3020000000001346,7.769999999999982,0,1.1
114,random,1,322,0.6499999999998636,0.052000000000134605,0,1.1
114,random,1,324,1.0919999999998709,0.02800000000002001,0,1.1
114,random,1,326,0.30199999999990723,4.3680000000001655,0,1.1
114,random,1,327,0.5399999999999636,5.211999999999989,0,1.1
114,random,1,328,1.08199999999988,5.4780000000000655,0,1.1
114,random,1,329,0.42000000000007276,6.069999999999936,0,1.1
114,random,1,330,0.2860000000000582,4.52599999999984,0,1.1
114,random,1,331,0.35200000000008913,10.688000000000102,0,1.1
114,random,1,332,1.1499999999998636,2.69399999999996,1,1.1
114,random,1,333,1.3460000000000036,0.21400000000016917,1,1.1
114,random,1,334,0.18599999999992178,2.4880000000000564,0,1.1
114,random,1,335,1.4079999999999018,2.754000000000133,1,1.1
114,random,1,336,1.4519999999999982,4.3539999999998145,1,1.1
114,random,1,337,1.3179999999999836,2.800000000000182,1,1.1
114,random,1,338,1.1039999999998145,2.8500000000001364,0,1.2
114,random,1,339,0.5299999999999727,4.498000000000047,0,1.2
114,random,1,340,1.0239999999998872,3.6240000000000236,0,1.2
114,random,1,341,1.7640000000001237,3.5960000000000036,1,1.2
114,random,1,342,1.41599999999994,2.8460000000000036,1,1.2
114,random,1,343,1.1320000000000618,2.867999999999938,0,1.2
114,random,1,344,1.0899999999999181,3.814000000000078,0,1.2
114,random,1,345,1.25,2.5139999999998963,1,1.2
114,random,1,346,1.1259999999999764,3.3920000000000528,0,1.2
114,random,1,347,0.8740000000000236,0.20000000000004547,0,1.2
114,random,1,349,0.31999999999993634,4.238000000000056,0,1.2
114,random,1,350,0.5779999999999745,3.52800000000002,0,1.2
114,random,1,351,1.0920000000000982,5.431999999999789,0,1.2
114,random,1,352,0.8600000000001273,3.9700000000000273,0,1.2
114,random,1,353,0.3999999999998636,3.4139999999999873,0,1.2
114,random,1,354,1.068000000000211,4.043999999999869,0,1.2
114,random,1,355,1.0419999999999163,4.61200000000008,0,1.2
114,random,1,356,0.83400000000006,4.149999999999864,0,1.2
114,random,1,357,0.7640000000001237,2.759999999999991,0,1.2
114,random,1,358,0.2960000000000491,5.66599999999994,0,1.2
114,random,1,359,0.8859999999999673,10.496000000000095,0,1.2
114,random,1,360,1.3859999999999673,3.286000000000058,1,1.2
114,random,1,361,0.6799999999998363,3.992000000000189,0,1.2
114,random,1,362,0.35399999999981446,9.178000000000111,0,1.2
114,random,1,363,0.9680000000000746,6.19199999999978,0,1.2
114,random,1,364,1.0980000000001837,6.069999999999936,0,1.2
114,random,1,365,0.7059999999999036,5.804000000000087,0,1.2
114,random,1,366,0.37599999999997635,5.019999999999982,0,1.2
114,random,1,367,0.18000000000006366,5.718000000000075,0,1.2
114,random,1,368,0.6279999999999291,4.508000000000038,0,1.2
114,random,1,369,0.4600000000000364,10.695999999999913,0,1.2
114,random,1,370,1.2019999999999982,3.6639999999999873,1,1.2
114,random,1,371,1.2339999999999236,3.1100000000001273,1,1.2
114,random,1,372,0.5360000000000582,2.869999999999891,0,1.2
114,random,1,373,0.9680000000000746,3.433999999999969,0,1.2
114,random,1,374,1.2019999999999982,3.05399999999986,1,1.2
114,random,1,375,1.316000000000031,2.211999999999989,1,1.2
114,random,1,376,0.5900000000001455,4.809999999999945,0,1.2
114,random,1,377,0.7139999999999418,4.496000000000095,0,1.2
114,random,1,378,0.9059999999999491,3.1800000000000637,0,1.2
114,random,1,379,0.8579999999999472,4.241999999999962,0,1.2
114,random,1,380,0.6720000000000255,13.468000000000075,0,1.2
114,random,1,381,0.6279999999999291,3.895999999999958,0,1.2
114,random,1,382,0.8880000000001473,2.949999999999818,0,1.2
114,random,1,383,0.8540000000000418,8.683999999999969,0,1.2
114,random,1,384,0.5600000000001728,3.591999999999871,0,1.2
114,random,1,385,0.72199999999998,8.173999999999978,0,1.2
114,random,1,386,0.17600000000015825,0.041999999999916326,0,1.2
114,random,1,388,0.6319999999998345,14.590000000000146,0,1.2
114,random,1,389,1.0,23.501999999999953,0,1.2
114,random,1,390,1.5720000000001164,4.507999999999811,1,1.2
114,random,1,391,0.734000000000151,2.326000000000022,0,1.2
114,random,1,392,0.6759999999999309,0.049999999999954525,0,1.2
114,random,1,394,0.3160000000000309,2.8920000000000528,0,1.2
114,random,1,395,0.18200000000001637,14.516000000000076,0,1.2
114,random,1,396,0.8959999999999582,9.423999999999978,0,1.2
114,random,1,397,1.61200000000008,24.59999999999991,1,1.2
114,random,1,398,0.4600000000000364,27.62999999999988,0,1.2
114,random,1,399,0.97199999999998,3.8880000000001473,0,1.2
114,random,1,400,1.1079999999999472,9.912000000000035,0,1.2
114,random,1,401,0.5960000000000036,57.659999999999854,0,1.2
114,random,1,402,0.678000000000111,3.3900000000001,0,1.2
114,random,1,403,0.8399999999999181,5.5499999999999545,0,1.2
114,random,1,404,0.8640000000000327,3.0800000000001546,0,1.2
114,random,1,405,0.4379999999996471,2.9460000000003674,0,1.2
114,random,1,406,0.9539999999997235,3.9200000000000728,0,1.2
114,random,1,407,0.33199999999987995,16.93000000000029,0,1.2
114,random,1,408,1.2239999999997053,3.0160000000000764,1,1.2
114,random,1,409,1.1280000000001564,4.435999999999694,0,1.2
114,random,1,410,1.4200000000000728,0.24200000000018917,1,1.2
114,random,1,411,0.12199999999984357,3.3580000000001746,0,1.2
114,random,1,412,0.8119999999998981,3.675999999999931,0,1.2
114,random,1,413,0.0500000000001819,0.02599999999983993,0,1.2
114,random,1,415,0.5239999999998872,4.188000000000102,0,1.2
114,random,1,416,1.1219999999998436,4.655999999999949,0,1.2
114,random,1,417,0.22400000000016007,6.545999999999822,0,1.2
114,random,1,418,1.2040000000001783,3.975999999999658,1,1.2
114,random,1,419,0.9460000000003674,2.5839999999998327,0,1.2
114,random,1,420,0.956000000000131,4.973999999999705,0,1.2
114,random,1,421,0.86200000000008,2.326000000000022,0,1.2
114,random,1,422,0.8580000000001746,5.574000000000069,0,1.2
114,random,1,423,1.3359999999997854,4.032000000000153,1,1.2
114,random,1,424,0.8579999999997199,3.106000000000222,0,1.2
114,random,1,425,1.1979999999998654,3.826000000000022,0,1.2
114,random,1,426,0.9619999999999891,3.994000000000142,0,1.2
114,random,1,427,0.22600000000011278,9.989999999999782,0,1.2
114,random,1,428,1.3260000000000218,6.074000000000069,1,1.2
114,random,1,429,1.0279999999997926,5.47400000000016,0,1.2
114,random,1,430,0.5419999999999163,8.30600000000004,0,1.2
114,random,1,431,1.3719999999998436,3.406000000000404,1,1.2
114,random,1,432,1.0119999999997162,4.519999999999982,0,1.2
114,random,1,433,1.4020000000000437,2.80600000000004,1,1.2
114,random,1,434,1.1159999999999854,3.3339999999998327,0,1.2
114,random,1,435,0.3680000000003929,6.503999999999905,0,1.2
114,random,1,436,0.63799999999992,9.012000000000171,0,1.2
114,random,1,437,0.681999999999789,6.110000000000127,0,1.2
114,random,1,438,1.1219999999998436,7.126000000000204,0,1.2
114,random,1,439,1.087999999999738,2.30600000000004,0,1.2
114,random,1,440,1.8780000000001564,2.9919999999997344,1,1.2
114,random,1,441,1.0019999999999527,2.7100000000000364,0,1.2
114,random,1,442,1.0480000000002292,3.463999999999942,0,1.2
114,random,1,443,1.5520000000001346,5.781999999999698,1,1.2
114,random,1,444,0.8320000000003347,2.8299999999999272,0,1.2
114,random,1,445,0.13599999999996726,0.023999999999887223,0,1.2
114,random,1,447,1.211999999999989,1.77599999999984,1,1.2
114,random,1,448,1.0460000000002765,3.763999999999669,0,1.2
114,random,1,449,0.3140000000003056,6.460000000000036,0,1.2
114,random,1,450,0.4339999999997417,3.9340000000001965,0,1.2
114,random,1,451,1.0859999999997854,3.854000000000269,0,1.2
114,random,1,452,1.0459999999998217,4.485999999999876,0,1.2
114,random,1,453,0.08800000000019281,5.849999999999909,0,1.2
114,random,1,454,1.5960000000000036,3.132000000000062,1,1.2
114,random,1,455,0.88799999999992,2.938000000000102,0,1.2
114,random,1,456,0.5279999999997926,4.653999999999996,0,1.2
114,random,1,457,0.6900000000000546,6.338000000000193,0,1.2
114,random,1,458,0.7239999999997053,7.644000000000233,0,1.2
114,random,1,459,0.706000000000131,8.811999999999898,0,1.2
114,random,1,460,0.8099999999999454,5.824000000000069,0,1.2
114,random,1,461,0.43800000000010186,3.4779999999996107,0,1.2
114,random,1,462,0.8659999999999854,4.072000000000116,0,1.2
114,random,1,463,0.6520000000000437,4.262000000000171,0,1.2
114,random,1,464,0.5779999999999745,4.460000000000036,0,1.2
114,random,1,465,0.543999999999869,4.264000000000124,0,1.2
114,random,1,466,0.06799999999975626,3.2640000000001237,0,1.2
114,random,1,467,0.7899999999999636,10.818000000000211,0,1.2
114,random,1,468,0.7059999999996762,5.769999999999982,0,1.2
114,random,1,469,0.8659999999999854,11.426000000000386,0,1.2
114,random,1,470,0.793999999999869,2.58199999999988,0,1.2
114,random,1,471,0.5280000000002474,10.945999999999913,0,1.2
114,random,1,472,0.7519999999999527,3.7899999999999636,0,1.2
114,random,1,473,0.6739999999999782,3.324000000000069,0,1.2
114,random,1,474,0.5399999999999636,10.353999999999814,0,1.2
114,random,1,475,0.6600000000003092,5.611999999999625,0,1.2
114,random,1,476,0.8380000000001928,5.552000000000135,0,1.2
114,random,1,477,0.4159999999997126,4.124000000000251,0,1.2
114,random,1,478,0.6419999999998254,12.454000000000178,0,1.2
114,random,1,479,1.069999999999709,7.528000000000247,0,1.2
114,random,1,480,1.4859999999998763,3.854000000000269,1,1.2
114,random,1,481,1.0779999999999745,7.268000000000029,0,1.2
114,random,1,482,0.3919999999998254,3.1239999999997963,0,1.2
114,random,1,483,0.7040000000001783,5.268000000000029,0,1.2
114,random,1,484,0.7899999999999636,13.840000000000146,0,1.2
114,random,1,485,0.737999999999829,13.737999999999829,0,1.2
114,random,1,486,0.6400000000003274,9.45199999999977,0,1.2
114,random,1,487,0.4619999999999891,4.152000000000044,0,1.2
114,random,1,488,1.58600000000024,9.001999999999953,1,1.2
114,random,1,489,1.0579999999999927,3.4839999999999236,0,1.2
114,random,1,490,0.5940000000000509,6.0219999999999345,0,1.2
114,random,1,491,1.0880000000001928,10.41399999999976,0,1.2
114,random,1,492,1.2220000000002074,3.4459999999999127,1,1.2
114,random,1,493,1.1839999999997417,0.11400000000003274,0,1.2
114,random,1,495,0.9239999999999782,3.9520000000002256,0,1.2
114,random,1,496,0.8479999999999563,0.02599999999983993,0,1.2
114,random,1,498,0.18800000000010186,2.5979999999999563,0,1.2
114,random,1,499,1.199999999999818,2.8020000000001346,0,1.2
114,random,1,500,1.6659999999997126,6.992000000000189,1,1.2
114,random,1,501,0.6599999999998545,2.9340000000001965,0,1.2
114,random,1,502,1.2420000000001892,5.2979999999997744,1,1.2
114,random,1,503,1.2400000000002365,3.617999999999938,1,1.2
114,random,1,504,0.8959999999997308,4.811999999999898,0,1.2
114,random,1,505,0.7300000000000182,4.3100000000004,0,1.2
114,random,1,506,1.2039999999997235,3.61200000000008,1,1.2
114,random,1,507,1.300000000000182,3.2419999999997344,1,1.2
114,random,1,508,1.1840000000001965,4.101999999999862,0,1.2
114,random,1,509,1.4679999999998472,2.905999999999949,1,1.2
114,random,1,510,1.5300000000002,2.824000000000069,1,1.2
114,random,1,511,1.0140000000001237,2.5739999999996144,0,1.2
114,random,1,512,0.45000000000027285,3.9539999999997235,0,1.2
114,random,1,513,1.711999999999989,3.0840000000002874,1,1.2
114,random,1,514,1.6019999999998618,2.8160000000002583,1,1.2
114,random,1,515,0.9600000000000364,4.479999999999563,0,1.2
114,random,1,516,0.8940000000002328,2.923999999999978,0,1.2
114,random,1,517,1.2800000000002,2.8739999999997963,1,1.2
114,random,1,518,1.050000000000182,3.5219999999999345,0,1.2
114,random,1,519,0.9639999999999418,2.911999999999807,0,1.2
114,random,1,520,0.22000000000025466,0.15000000000009095,0,1.2
114,random,1,522,0.4259999999999309,3.8919999999998254,0,1.2
114,random,1,523,1.1040000000002692,4.427999999999884,0,1.2
114,random,1,524,1.5659999999998035,3.0779999999999745,1,1.2
114,random,1,525,0.9540000000001783,4.844000000000051,0,1.2
114,random,1,526,0.375999999999749,3.4080000000003565,0,1.2
114,random,1,527,0.6779999999998836,3.262000000000171,0,1.2
114,random,1,528,1.0199999999999818,3.038000000000011,0,1.2
114,random,1,529,0.2019999999997708,0.04399999999986903,0,1.2
114,random,1,531,1.349999999999909,2.098000000000411,1,1.2
114,random,1,532,1.4459999999999127,2.8859999999999673,1,1.2
114,random,1,533,1.319999999999709,4.364000000000033,1,1.2
114,random,1,534,1.1159999999999854,3.6460000000001855,0,1.2
114,random,1,535,0.6660000000001673,2.7219999999997526,0,1.2
114,random,1,536,1.1460000000001855,2.701999999999771,0,1.2
114,random,1,537,1.3699999999998909,3.6960000000003674,1,1.2
114,random,1,538,0.9179999999996653,3.8340000000002874,0,1.2
114,random,1,539,0.7660000000000764,4.117999999999938,0,1.2
114,random,1,540,1.2439999999996871,3.604000000000269,1,1.2
114,random,1,541,1.3919999999998254,3.4839999999999236,1,1.2
114,random,1,542,1.3500000000003638,3.7779999999997926,1,1.2
114,random,1,543,1.731999999999971,3.686000000000149,1,1.2
114,random,1,544,1.7480000000000473,3.4039999999999964,1,1.2
114,random,1,545,1.52599999999984,3.38799999999992,1,1.2
114,random,1,546,1.3820000000000618,3.19399999999996,1,1.2
114,random,1,547,1.7339999999999236,4.001999999999953,1,1.2
114,random,1,548,1.0060000000003129,2.7260000000001128,0,1.2
114,random,1,549,1.6359999999999673,1.699999999999818,1,1.2
114,random,1,550,0.7019999999997708,4.054000000000087,0,1.2
114,random,1,551,1.1280000000001564,3.0979999999999563,0,1.2
114,random,1,552,1.0599999999999454,3.6640000000002146,0,1.2
114,random,1,553,1.125999999999749,4.2280000000000655,0,1.2
114,random,1,554,1.0599999999999454,4.322000000000116,0,1.2
114,random,1,555,2.231999999999971,3.800000000000182,1,1.2
114,random,1,556,0.9899999999997817,3.33199999999988,0,1.2
114,random,1,557,0.86200000000008,2.4540000000001783,0,1.2
114,random,1,558,1.1340000000000146,4.208000000000084,0,1.2
114,random,1,559,1.4959999999996398,3.155999999999949,1,1.2
114,random,1,560,1.0740000000000691,3.7580000000002656,0,1.2
114,random,1,561,1.4400000000000546,0.2179999999998472,1,1.2
114,random,1,562,0.07999999999992724,4.02599999999984,0,1.2
114,random,1,563,1.0960000000000036,3.14200000000028,0,1.2
114,random,1,564,1.0099999999997635,4.538000000000011,0,1.2
114,random,1,565,1.4940000000001419,4.597999999999956,1,1.2
114,random,1,566,2.3160000000002583,3.4159999999997126,1,1.2
114,random,1,567,1.3260000000000218,2.7260000000001128,1,1.2
114,random,1,568,0.8919999999998254,2.4720000000002074,0,1.2
114,random,1,569,1.4539999999997235,2.3100000000004,1,1.2
114,random,1,570,2.2099999999995816,2.9200000000000728,1,1.2
114,random,1,571,1.3240000000000691,3.7539999999999054,1,1.2
114,random,1,572,1.3500000000003638,3.076000000000022,1,1.2
114,random,1,573,1.281999999999698,3.430000000000291,1,1.2
114,random,1,574,1.4379999999996471,5.196000000000367,1,1.2
114,random,1,575,1.0599999999999454,4.27599999999984,0,1.2
114,random,1,576,1.1779999999998836,4.0900000000001455,0,1.2
114,random,1,577,0.7319999999999709,4.481999999999971,0,1.2
114,random,1,578,1.0760000000000218,4.289999999999964,0,1.2
114,random,1,579,1.16800000000012,3.2480000000000473,0,1.2
114,random,1,580,1.2059999999996762,2.8160000000002583,1,1.2
114,random,1,581,1.16800000000012,3.0339999999996508,0,1.2
114,random,1,582,1.3240000000000691,2.80600000000004,1,1.2
114,random,1,583,1.0979999999999563,3.5579999999999927,0,1.2
114,random,1,584,0.4980000000000473,2.4859999999998763,0,1.2
114,random,1,585,1.0140000000001237,3.481999999999971,0,1.2
114,random,1,586,1.6959999999999127,3.218000000000302,1,1.2
114,random,1,587,1.5639999999998508,3.30600000000004,1,1.2
114,random,1,588,1.2199999999998,3.3900000000003274,1,1.2
114,random,1,589,1.2599999999997635,5.5900000000001455,1,1.2
114,random,1,590,0.6439999999997781,2.7899999999999636,0,1.2
114,random,1,591,1.1560000000004038,3.781999999999698,0,1.2
114,random,1,592,1.1840000000001965,3.0540000000000873,0,1.2
114,random,1,593,0.9779999999996107,3.854000000000269,0,1.2
114,random,1,594,0.38200000000006185,0.027999999999792635,0,1.2
114,random,1,596,1.4580000000000837,3.9720000000002074,1,1.2
114,random,1,597,0.8159999999998035,4.088000000000193,0,1.2
114,random,1,598,1.0979999999999563,4.011999999999716,0,1.2
114,random,1,599,0.6840000000001965,0.01999999999998181,0,1.2
114,random,1,601,1.2840000000001055,2.7519999999999527,1,1.2
114,random,1,602,1.0799999999999272,2.293999999999869,0,1.2
114,random,1,603,0.5979999999999563,2.674000000000433,0,1.2
114,random,1,604,1.199999999999818,2.931999999999789,0,1.2
114,random,1,605,1.9640000000003965,2.705999999999676,1,1.2
114,random,1,606,1.5100000000002183,0.737999999999829,1,1.2
114,random,1,607,0.599999999999909,4.566000000000258,0,1.2
114,random,1,608,2.0679999999997563,3.7220000000002074,1,1.2
114,random,1,609,1.6419999999998254,2.824000000000069,1,1.2
114,random,1,610,1.2400000000002365,2.9299999999998363,1,1.2
114,random,1,611,0.9119999999998072,2.7200000000002547,0,1.2
114,random,1,612,0.83199999999988,4.135999999999967,0,1.2
114,random,1,613,0.6140000000000327,4.329999999999927,0,1.2
114,random,1,614,0.7300000000000182,4.416000000000167,0,1.2
114,random,1,615,0.8379999999997381,3.3340000000002874,0,1.2
114,random,1,616,1.181999999999789,2.4540000000001783,0,1.2
114,random,1,617,0.2919999999999163,0.0340000000001055,0,1.2
114,random,1,619,1.02599999999984,2.83600000000024,0,1.2
114,random,1,620,1.1359999999999673,3.5679999999997563,0,1.2
114,random,1,621,0.650000000000091,5.032000000000153,0,1.2
114,random,1,622,0.9619999999999891,4.423999999999978,0,1.2
114,random,1,623,0.9039999999999964,4.657999999999902,0,1.2
114,random,1,624,0.9679999999998472,4.318000000000211,0,1.2
114,random,1,625,1.0740000000000691,3.367999999999938,0,1.2
114,random,1,626,1.375999999999749,3.382000000000062,1,1.2
114,random,1,627,2.0460000000002765,3.355999999999767,1,1.2
114,random,1,628,1.3040000000000873,2.91800000000012,1,1.2
114,random,1,629,0.7319999999999709,3.0659999999998035,0,1.2
114,random,1,630,0.9619999999999891,3.3640000000000327,0,1.2
114,random,1,631,0.4800000000000182,2.4279999999998836,0,1.2
114,random,1,632,0.6920000000000073,2.5640000000003056,0,1.2
114,random,1,633,0.4579999999996289,5.0460000000002765,0,1.2
114,random,1,634,1.0279999999997926,7.966000000000349,0,1.2
114,random,1,635,1.531999999999698,4.157999999999902,1,1.2
114,random,1,636,1.461999999999989,3.6760000000003856,1,1.2
114,random,1,637,1.6219999999998436,3.125999999999749,1,1.2
114,random,1,638,0.04800000000022919,3.9459999999999127,0,1.2
114,random,1,639,0.9400000000000546,2.9099999999998545,0,1.2
114,random,1,640,1.2820000000001528,0.13400000000001455,1,1.2
114,random,1,641,0.12600000000020373,4.2979999999997744,0,1.2
114,random,1,642,1.788000000000011,3.900000000000091,1,1.2
114,random,1,643,1.9539999999997235,4.318000000000211,1,1.2
114,random,1,644,1.0659999999998035,2.673999999999978,0,1.2
114,random,1,645,0.21800000000030195,0.05199999999967986,0,1.2
114,random,1,647,1.2820000000001528,4.204000000000178,1,1.2
114,random,1,648,1.405999999999949,5.417999999999665,1,1.2
114,random,1,649,0.9580000000000837,4.175999999999931,0,1.2
114,random,1,650,1.6539999999999964,2.956000000000131,1,1.2
114,random,1,651,2.4960000000000946,3.36200000000008,1,1.2
114,random,1,652,1.8719999999998436,3.338000000000193,1,1.2
114,random,1,653,1.3640000000000327,4.69399999999996,1,1.2
114,random,1,654,1.6619999999998072,2.77599999999984,1,1.2
114,random,1,655,1.3820000000000618,2.16800000000012,1,1.2
114,random,1,656,1.0140000000001237,3.9179999999996653,0,1.2
114,random,1,657,1.568000000000211,3.717999999999847,1,1.2
114,random,1,658,1.5320000000001528,3.355999999999767,1,1.2
114,random,1,659,1.386000000000422,3.5159999999996217,1,1.2
114,random,1,660,2.494000000000142,3.4400000000000546,1,1.2
114,random,1,661,1.293999999999869,4.3279999999999745,1,1.2
114,random,1,662,1.5019999999999527,3.64200000000028,1,1.2
114,random,1,663,0.38000000000010914,0.08199999999987995,0,1.2
114,random,1,665,0.5619999999998981,3.599999999999909,0,1.2
114,random,1,666,1.5920000000000982,3.487999999999829,1,1.2
114,random,1,667,1.3859999999999673,3.7960000000002765,1,1.2
114,random,1,668,0.8559999999997672,3.6700000000000728,0,1.2
114,random,1,669,0.7559999999998581,3.9520000000002256,0,1.2
114,random,1,670,1.0659999999998035,4.155999999999949,0,1.2
114,random,1,671,0.7360000000003311,0.08799999999973807,0,1.2
114,random,1,673,1.262000000000171,3.131999999999607,1,1.2
114,random,1,674,1.4960000000000946,2.9200000000000728,1,1.2
114,random,1,675,1.1840000000001965,4.52599999999984,0,1.2
114,random,1,676,0.6920000000000073,4.367999999999938,0,1.2
114,random,1,677,1.1979999999998654,4.186000000000149,0,1.2
114,random,1,678,1.1820000000002437,5.8279999999999745,0,1.2
114,random,1,679,0.9479999999998654,2.9339999999997417,0,1.2
114,random,1,680,1.292000000000371,2.7719999999999345,1,1.2
114,random,1,681,1.9639999999999418,2.5299999999997453,1,1.2
114,random,1,682,1.80600000000004,2.8640000000000327,1,1.2
114,random,1,683,1.7280000000000655,3.5340000000001055,1,1.2
114,random,1,684,1.8119999999998981,3.1900000000000546,1,1.2
114,random,1,685,1.650000000000091,3.7640000000001237,1,1.2
114,random,1,686,2.0359999999996035,2.9760000000001128,1,1.2
114,random,1,687,1.2699999999999818,2.69800000000032,1,1.2
114,random,1,688,1.6039999999998145,0.2820000000001528,1,1.2
114,random,1,689,0.2559999999998581,3.41800000000012,0,1.2
114,random,1,690,1.6099999999996726,3.961999999999989,1,1.2
114,random,1,691,1.4020000000000437,4.814000000000306,1,1.2
114,random,1,692,1.1099999999996726,2.61200000000008,0,1.2
114,random,1,693,1.2820000000001528,3.6720000000000255,1,1.2
114,random,1,694,1.9039999999999964,2.905999999999949,1,1.2
114,random,1,695,1.2779999999997926,3.7519999999999527,1,1.2
114,random,1,696,1.6560000000004038,3.538000000000011,1,1.2
114,random,1,697,2.0219999999999345,4.3159999999998035,1,1.2
114,random,1,698,0.6100000000001273,8.288000000000011,0,1.2
114,random,1,699,1.0740000000000691,3.2979999999997744,0,1.2
114,random,1,700,0.9220000000000255,3.75,0,1.2
114,random,1,701,2.7480000000000473,0.11799999999993815,1,1.2
114,random,1,702,0.11599999999998545,4.128000000000156,0,1.2
114,random,1,703,1.4299999999998363,5.195999999999913,1,1.2
114,random,1,704,0.9540000000001783,4.304000000000087,0,1.2
114,random,1,705,0.28199999999969805,3.7600000000002183,0,1.2
114,random,1,706,1.405999999999949,3.699999999999818,1,1.2
114,random,1,707,0.8420000000000982,4.826000000000022,0,1.2
114,random,1,708,0.9960000000000946,3.175999999999931,0,1.2
114,random,1,709,2.018000000000029,3.130000000000109,1,1.2
114,random,1,710,1.19399999999996,3.0140000000001237,0,1.2
114,random,1,711,0.15799999999990177,0.016000000000076398,0,1.2
114,random,1,713,1.2440000000001419,2.992000000000189,1,1.2
114,random,1,714,1.5219999999999345,3.4539999999997235,1,1.2
114,random,1,715,1.4239999999999782,3.506000000000313,1,1.2
114,random,1,716,1.3479999999999563,3.3040000000000873,1,1.2
114,random,1,717,1.5760000000000218,3.4299999999998363,1,1.2
114,random,1,718,1.2899999999999636,5.2599999999997635,1,1.2
114,random,1,719,0.9660000000003492,3.4339999999997417,0,1.2
114,random,1,720,1.2380000000002838,2.769999999999982,1,1.2
114,random,1,721,1.793999999999869,3.8040000000000873,1,1.2
114,random,1,722,1.5360000000000582,2.8719999999998436,1,1.2
114,random,1,723,2.7480000000000473,4.326000000000022,1,1.2
114,random,1,724,0.4760000000001128,4.105999999999767,0,1.2
114,random,1,725,0.9120000000002619,3.2359999999998763,0,1.2
114,random,1,726,1.0979999999999563,2.711999999999989,0,1.2
114,random,1,727,1.8739999999997963,3.4320000000002437,1,1.2
114,random,1,728,1.961999999999989,3.5039999999999054,1,1.2
114,random,1,729,1.5219999999999345,4.1020000000003165,1,1.2
114,random,1,730,1.7299999999995634,3.7080000000000837,1,1.2
114,random,1,731,1.2260000000001128,3.826000000000022,1,1.2
114,random,1,732,2.411999999999807,4.076000000000022,1,1.2
114,random,1,733,1.844000000000051,3.7460000000000946,1,1.2
114,random,1,734,1.3260000000000218,3.788000000000011,1,1.2
114,random,1,735,1.0059999999998581,3.9420000000000073,0,1.2
114,random,1,736,1.1140000000000327,2.83199999999988,0,1.2
114,random,1,737,1.9840000000003783,3.217999999999847,1,1.2
114,random,1,738,1.7699999999999818,3.367999999999938,1,1.2
114,random,1,739,1.7200000000002547,3.993999999999687,1,1.2
114,random,1,740,1.5419999999999163,2.6200000000003456,1,1.2
114,random,1,741,1.513999999999669,6.832000000000335,1,1.2
114,random,1,742,2.119999999999891,0.3380000000001928,1,1.2
114,random,1,743,0.06199999999989814,4.117999999999938,0,1.2
114,random,1,744,1.4699999999998,3.6020000000003165,1,1.2
114,random,1,745,1.1659999999997126,10.942000000000007,0,1.2
114,random,1,746,0.8099999999999454,4.256000000000313,0,1.2
114,random,1,747,0.1859999999996944,0.01999999999998181,0,1.2
114,random,1,749,1.2220000000002074,0.04599999999982174,1,1.2
114,random,1,750,0.5,3.3040000000000873,0,1.2
114,random,1,751,2.7780000000002474,2.6579999999999018,1,1.2
114,random,1,752,1.9580000000000837,2.6279999999997017,1,1.2
114,random,1,753,1.3679999999999382,3.3279999999999745,1,1.2
114,random,1,754,1.4820000000004256,3.543999999999869,1,1.2
114,random,1,755,2.494000000000142,3.2859999999996035,1,1.2
114,random,1,756,1.2840000000001055,3.3720000000002983,1,1.2
114,random,1,757,2.4539999999997235,3.367999999999938,1,1.2
114,random,1,758,1.3380000000001928,3.1799999999998363,1,1.2
114,random,1,759,1.2960000000002765,9.94399999999996,1,1.2
114,random,1,760,0.543999999999869,3.8960000000001855,0,1.2
114,random,1,761,1.7039999999997235,3.5779999999999745,1,1.2
114,random,1,762,1.9079999999999018,4.7280000000000655,1,1.2
114,random,1,763,1.4160000000001673,3.4580000000000837,1,1.2
114,random,1,764,1.2439999999996871,0.6960000000003674,1,1.2
114,random,1,765,0.09600000000000364,3.268000000000029,0,1.2
114,random,1,766,2.319999999999709,4.854000000000269,1,1.2
114,random,1,767,1.5499999999997272,6.25,1,1.2
114,random,1,768,1.0779999999999745,2.769999999999982,0,1.2
114,random,1,769,1.400000000000091,4.019999999999982,1,1.2
114,random,1,770,2.162000000000262,3.6299999999996544,1,1.2
114,random,1,771,2.3200000000001637,2.650000000000091,1,1.2
114,random,1,772,1.6179999999999382,2.97400000000016,1,1.2
114,random,1,773,1.9919999999997344,3.882000000000062,1,1.2
114,random,1,774,1.7840000000001055,3.405999999999949,1,1.2
114,random,1,775,1.3179999999997563,5.562000000000353,1,1.2
114,random,1,776,1.344000000000051,3.8239999999996144,1,1.2
114,random,1,777,1.456000000000131,4.498000000000047,1,1.2
114,random,1,778,0.40200000000004366,3.6900000000000546,0,1.2
114,random,1,779,1.2799999999997453,5.026000000000295,1,1.2
114,random,1,780,1.5839999999998327,4.679999999999836,1,1.2
114,random,1,781,1.3120000000003529,6.069999999999709,1,1.2
114,random,1,782,1.5239999999998872,9.278000000000247,1,1.2
114,random,1,783,0.8460000000000036,3.938000000000102,0,1.2
114,random,1,784,1.1900000000000546,2.2659999999996217,0,1.2
114,random,1,785,2.5260000000002947,3.8539999999998145,1,1.2
114,random,1,786,1.4140000000002146,2.905999999999949,1,1.2
114,random,1,787,2.8640000000000327,4.460000000000036,1,1.2
114,random,1,788,2.60799999999972,0.4760000000001128,1,1.2
114,random,1,789,0.20400000000017826,4.385999999999967,0,1.2
114,random,1,790,1.2539999999999054,3.7219999999997526,1,1.2
114,random,1,791,1.8079999999999927,3.11600000000044,1,1.2
114,random,1,792,2.3659999999999854,3.3859999999999673,1,1.2
114,random,1,793,5.653999999999996,3.1140000000000327,1,1.2
114,random,1,794,1.513999999999669,5.346000000000004,1,1.2
114,random,1,795,1.3260000000000218,0.15399999999999636,1,1.2
114,random,1,796,0.318000000000211,2.9699999999998,0,1.2
114,random,1,797,1.3220000000001164,0.43400000000019645,1,1.2
114,random,1,798,0.1299999999996544,3.5979999999999563,0,1.2
114,random,1,799,2.5340000000001055,4.846000000000004,1,1.2
114,random,1,800,2.0979999999999563,5.470000000000255,1,1.2
114,random,1,801,0.9220000000000255,3.5919999999996435,0,1.2
114,random,1,802,1.3200000000001637,6.001999999999953,1,1.2
114,random,1,803,1.5080000000002656,4.833999999999833,1,1.2
114,random,1,804,1.30600000000004,3.4580000000000837,1,1.2
114,random,1,805,1.1859999999996944,3.100000000000364,0,1.2
114,random,1,806,1.538000000000011,3.319999999999709,1,1.2
114,random,1,807,3.0260000000002947,2.931999999999789,1,1.2
114,random,1,808,2.4039999999999964,4.675999999999931,1,1.2
114,random,1,809,1.3840000000000146,4.750000000000455,1,1.2
114,random,1,810,1.6879999999991924,4.038000000000466,1,1.2
114,random,1,811,1.9899999999997817,0.22800000000006548,1,1.2
114,random,1,812,0.30600000000049477,4.518000000000029,0,1.2
114,random,1,813,1.5039999999999054,4.717999999999847,1,1.2
114,random,1,814,1.2460000000000946,5.073999999999614,1,1.2
114,random,1,815,1.1599999999998545,3.731999999999971,0,1.2
114,random,1,816,1.048000000000684,4.869999999999891,0,1.2
114,random,1,817,1.25,3.826000000000022,1,1.2
114,random,1,818,1.519999999999527,5.5600000000004,1,1.2
114,random,1,819,1.61200000000008,0.2599999999993088,1,1.2
114,random,1,820,0.07000000000061846,4.197999999999411,0,1.2
114,random,1,821,1.3100000000004002,4.119999999999891,1,1.2
114,random,1,822,2.3919999999998254,5.588000000000648,1,1.2
114,random,1,823,2.405999999999949,5.719999999999345,1,1.2
114,random,1,824,1.6680000000005748,7.8840000000000146,1,1.2
114,random,1,825,0.9119999999993524,3.118000000000393,0,1.2
114,random,1,826,1.7659999999996217,0.14800000000013824,1,1.2
114,random,1,827,0.1999999999998181,4.852000000000771,0,1.2
114,random,1,828,2.3979999999992287,0.2920000000003711,1,1.2
114,random,1,829,0.7399999999997817,4.420000000000073,0,1.2
114,random,1,830,1.3840000000000146,2.9580000000005384,1,1.2
114,random,1,831,3.6439999999993233,3.104000000000269,1,1.2
114,random,1,832,1.7100000000000364,3.44800000000032,1,1.2
114,random,1,833,1.7399999999997817,3.9880000000002838,1,1.2
114,random,1,834,1.481999999999971,5.631999999999607,1,1.2
114,random,1,835,1.199999999999818,9.989999999999782,0,1.2
114,random,1,836,1.0540000000000873,3.6660000000001673,0,1.2
114,random,1,837,1.1599999999998545,4.351999999999862,0,1.2
114,random,1,838,1.686000000000604,4.225999999999658,1,1.2
114,random,1,839,1.6459999999997308,5.650000000000546,1,1.2
114,random,1,840,0.6199999999998909,3.068000000000211,0,1.2
114,random,1,841,1.3719999999993888,,1,1.2
114,random,2,1,0.2980000000000018,4.033999999999999,0,1.2
114,random,2,2,1.0899999999999963,4.3260000000000005,0,1.2
114,random,2,3,1.033999999999999,3.460000000000001,0,1.2
114,random,2,4,1.2520000000000024,3.5519999999999996,1,1.2
114,random,2,5,0.9059999999999988,3.4840000000000018,0,1.2
114,random,2,6,1.3599999999999994,4.022000000000006,1,1.2
114,random,2,7,1.5120000000000005,3.8159999999999883,1,1.2
114,random,2,8,2.2460000000000093,4.167999999999992,1,1.2
114,random,2,9,0.8900000000000006,10.072000000000003,0,1.2
114,random,2,10,0.2560000000000002,2.396000000000001,0,1.2
114,random,2,11,1.1820000000000022,3.671999999999997,0,1.2
114,random,2,12,0.06199999999999761,0.07800000000000296,0,1.2
114,random,2,14,1.2160000000000082,3.421999999999997,1,1.2
114,random,2,15,1.3119999999999976,3.6140000000000043,1,1.2
114,random,2,16,1.5480000000000018,3.25,1,1.2
114,random,2,17,1.843999999999994,3.378,1,1.2
114,random,2,18,0.847999999999999,9.024000000000001,0,1.2
114,random,2,19,0.539999999999992,6.141999999999996,0,1.2
114,random,2,20,0.4560000000000173,4.025999999999982,0,1.2
114,random,2,21,1.8340000000000032,3.867999999999995,1,1.2
114,random,2,22,2.048000000000002,4.236000000000018,1,1.2
114,random,2,23,1.8599999999999852,2.248000000000019,1,1.2
114,random,2,24,3.578000000000003,2.3219999999999743,1,1.2
114,random,2,25,2.6280000000000143,2.5679999999999836,1,1.2
114,random,2,26,2.808000000000021,3.859999999999985,1,1.2
114,random,2,27,1.9180000000000064,4.9199999999999875,1,1.2
114,random,2,28,0.646000000000015,3.0039999999999907,0,1.2
114,random,2,29,1.0480000000000018,3.740000000000009,0,1.2
114,random,2,30,1.8559999999999945,3.2520000000000095,1,1.2
114,random,2,31,2.524000000000001,4.871999999999986,1,1.2
114,random,2,32,1.1160000000000139,4.441999999999979,0,1.2
114,random,2,33,0.5940000000000225,4.713999999999999,0,1.2
114,random,2,34,1.603999999999985,3.298000000000002,1,1.2
114,random,2,35,0.32800000000000296,2.8739999999999952,0,1.2
114,random,2,36,1.26400000000001,4.777999999999992,1,1.2
114,random,2,37,0.7480000000000189,2.643999999999977,0,1.2
114,random,2,38,1.3600000000000136,4.0,1,1.2
114,random,2,39,1.103999999999985,3.9220000000000255,0,1.2
114,random,2,40,1.039999999999992,3.6219999999999857,0,1.2
114,random,2,41,0.3720000000000141,0.036000000000001364,0,1.2
114,random,2,44,0.34199999999998454,24.50999999999999,0,1.2
114,random,2,45,0.19600000000002638,3.6759999999999877,0,1.2
114,random,2,46,1.3400000000000318,2.8699999999999477,1,1.2
114,random,2,47,1.566000000000031,2.8500000000000227,1,1.2
114,random,2,48,1.6459999999999582,5.069999999999993,1,1.2
114,random,2,49,1.004000000000019,3.1340000000000146,0,1.2
114,random,2,50,1.2779999999999632,3.5500000000000114,1,1.2
114,random,2,51,1.6480000000000246,6.031999999999982,1,1.2
114,random,2,52,1.0900000000000318,2.7059999999999604,0,1.2
114,random,2,53,1.0080000000000382,3.933999999999969,0,1.2
114,random,2,54,1.5679999999999836,4.912000000000035,1,1.2
114,random,2,55,2.5179999999999723,3.7719999999999914,1,1.2
114,random,2,56,1.698000000000036,4.127999999999986,1,1.2
114,random,2,57,2.0540000000000305,4.060000000000002,1,1.2
114,random,2,58,1.7919999999999732,4.6299999999999955,1,1.2
114,random,2,59,1.6920000000000073,6.062000000000012,1,1.2
114,random,2,60,0.7719999999999914,4.0919999999999845,0,1.2
114,random,2,61,1.6680000000000064,4.451999999999998,1,1.2
114,random,2,62,3.151999999999987,4.521999999999991,1,1.2
114,random,2,63,1.1660000000000537,4.319999999999993,0,1.2
114,random,2,64,1.2959999999999923,4.4319999999999595,1,1.2
114,random,2,65,1.594000000000051,3.711999999999989,1,1.2
114,random,2,66,1.8079999999999927,3.697999999999979,1,1.2
114,random,2,67,1.52800000000002,3.8279999999999745,1,1.2
114,random,2,68,1.5300000000000296,4.293999999999983,1,1.2
114,random,2,69,0.21399999999999864,0.103999999999985,0,1.2
114,random,2,71,1.608000000000004,16.00999999999999,1,1.2
114,random,2,72,0.2839999999999918,3.9320000000000164,0,1.2
114,random,2,73,2.169999999999959,4.064000000000021,1,1.2
114,random,2,74,1.79200000000003,0.42799999999999727,1,1.2
114,random,2,75,0.5799999999999841,4.187999999999988,0,1.2
114,random,2,76,2.3100000000000023,4.646000000000015,1,1.2
114,random,2,77,1.7839999999999918,4.4599999999999795,1,1.2
114,random,2,78,1.2100000000000364,0.06999999999999318,1,1.2
114,random,2,79,0.1239999999999668,3.475999999999999,0,1.2
114,random,2,80,2.2200000000000273,0.7199999999999704,1,1.2
114,random,2,81,0.3900000000000432,3.3220000000000027,0,1.2
114,random,2,82,1.551999999999964,4.4080000000000155,1,1.2
114,random,2,83,1.079999999999984,2.8880000000000337,0,1.2
114,random,2,84,1.603999999999985,12.339999999999975,1,1.2
114,random,2,85,1.896000000000015,3.2819999999999823,1,1.2
114,random,2,86,3.2800000000000296,5.9319999999999595,1,1.2
114,random,2,87,0.42600000000004457,3.145999999999958,0,1.2
114,random,2,88,1.5199999999999818,2.9880000000000564,1,1.2
114,random,2,89,4.1720000000000255,9.005999999999972,1,1.2
114,random,2,90,1.7019999999999982,3.730000000000018,1,1.2
114,random,2,91,1.8500000000000227,0.6899999999999409,1,1.2
114,random,2,92,0.12999999999999545,3.6259999999999764,0,1.2
114,random,2,93,2.8940000000000055,4.413999999999987,1,1.2
114,random,2,94,0.2460000000000946,0.057999999999992724,0,1.2
114,random,2,96,1.9060000000000628,3.9560000000000173,1,1.2
114,random,2,97,3.9799999999999045,4.206000000000017,1,1.2
114,random,2,98,2.6380000000000337,6.354000000000042,1,1.2
114,random,2,99,1.8859999999999673,0.5900000000000318,1,1.2
114,random,2,100,0.07999999999992724,9.697999999999979,0,1.2
114,random,2,101,0.19000000000005457,4.139999999999986,0,1.2
114,random,2,102,1.3659999999999854,3.9060000000000628,1,1.2
114,random,2,103,2.3799999999999955,0.33999999999991815,1,1.2
114,random,2,104,1.1020000000000891,3.141999999999939,0,1.2
114,random,2,105,2.8220000000000027,5.48599999999999,1,1.2
114,random,2,106,2.20799999999997,0.44800000000009277,1,1.2
114,random,2,107,0.34999999999990905,3.9780000000000655,0,1.2
114,random,2,108,3.201999999999998,3.5219999999999345,1,1.2
114,random,2,109,2.5860000000000127,0.9300000000000637,1,1.2
114,random,2,110,0.13599999999996726,4.374000000000024,0,1.2
114,random,2,111,3.254000000000019,6.579999999999927,1,1.2
114,random,2,112,1.4220000000000255,0.5399999999999636,1,1.2
114,random,2,113,0.20600000000001728,3.09800000000007,0,1.2
114,random,2,114,1.7419999999999618,4.803999999999974,1,1.2
114,random,2,115,0.12800000000004275,2.509999999999991,0,1.2
114,random,2,116,1.6019999999999754,0.6820000000000164,1,1.2
114,random,2,117,0.2580000000000382,4.141999999999939,0,1.2
114,random,2,118,2.033999999999992,5.1860000000000355,1,1.2
114,random,2,119,2.5699999999999363,5.780000000000086,1,1.2
114,random,2,120,1.2519999999999527,9.108000000000061,1,1.2
114,random,2,121,0.9819999999999709,3.268000000000029,0,1.2
114,random,2,122,1.5539999999999736,4.559999999999945,1,1.2
114,random,2,123,1.36200000000008,4.97199999999998,1,1.2
114,random,2,124,2.2959999999999354,4.816000000000031,1,1.2
114,random,2,125,1.9500000000000455,4.685999999999922,1,1.2
114,random,2,126,1.4600000000000364,9.227999999999952,1,1.2
114,random,2,127,1.2720000000000482,0.2939999999999827,1,1.2
114,random,2,128,0.39600000000007185,4.255999999999972,0,1.2
114,random,2,129,1.6039999999999281,5.360000000000014,1,1.2
114,random,2,130,1.4500000000000455,0.4660000000000082,1,1.2
114,random,2,131,0.5520000000000209,6.447999999999979,0,1.2
114,random,2,132,0.37799999999992906,4.564000000000078,0,1.2
114,random,2,133,1.4779999999999518,27.422000000000025,1,1.2
114,random,2,134,2.1119999999999663,6.124000000000024,1,1.2
114,random,2,135,1.7559999999999718,1.580000000000041,1,1.2
114,random,2,136,0.40800000000001546,5.4080000000000155,0,1.2
114,random,2,137,2.4839999999999236,4.704000000000065,1,1.2
114,random,2,138,1.4259999999999309,7.322000000000003,1,1.2
114,random,2,139,0.10400000000004184,0.10799999999994725,0,1.2
114,random,2,141,1.9680000000000746,5.69399999999996,1,1.2
114,random,2,142,2.2659999999999627,22.09800000000007,1,1.2
114,random,2,143,1.2479999999999336,4.526000000000067,1,1.2
114,random,2,144,1.6399999999999864,5.364000000000033,1,1.2
114,random,2,145,1.5539999999999736,4.159999999999968,1,1.2
114,random,2,146,1.433999999999969,3.5860000000000127,1,1.2
114,random,2,147,2.6399999999999864,0.2960000000000491,1,1.2
114,random,2,148,0.2740000000000009,6.775999999999954,0,1.2
114,random,2,149,0.5800000000000409,2.33400000000006,0,1.2
114,random,2,150,1.8539999999999281,0.35800000000006094,1,1.2
114,random,2,151,0.5860000000000127,4.149999999999977,0,1.2
114,random,2,152,1.6599999999999682,3.754000000000019,1,1.2
114,random,2,153,2.3479999999999563,8.738000000000056,1,1.2
114,random,2,154,1.9259999999999309,0.3240000000000691,1,1.2
114,random,2,155,0.4379999999999882,5.303999999999974,0,1.2
114,random,2,156,1.8120000000000118,6.676000000000045,1,1.2
114,random,2,157,1.4639999999999418,7.0779999999999745,1,1.2
114,random,2,158,1.6560000000000628,5.073999999999955,1,1.2
114,random,2,159,1.2939999999999827,10.76400000000001,1,1.2
114,random,2,160,1.2300000000000182,6.888000000000034,1,1.2
114,random,2,161,1.8319999999999936,5.391999999999939,1,1.2
114,random,2,162,2.0260000000000673,20.30200000000002,1,1.2
114,random,2,163,0.19200000000000728,0.04799999999988813,0,1.2
114,random,2,166,1.5299999999999727,0.5319999999999254,1,1.2
114,random,2,167,0.08400000000006003,3.891999999999939,0,1.2
114,random,2,168,1.3240000000000691,5.631999999999948,1,1.2
114,random,2,169,1.4300000000000637,4.9780000000000655,1,1.2
114,random,2,170,2.171999999999798,6.02800000000002,1,1.2
114,random,2,171,1.3840000000000146,7.428000000000111,1,1.2
114,random,2,172,1.9379999999998745,3.992000000000189,1,1.2
114,random,2,173,0.38799999999991996,3.91599999999994,0,1.2
114,random,2,174,1.52800000000002,9.960000000000036,1,1.2
114,random,2,175,1.6320000000000618,7.321999999999889,1,1.2
114,random,2,176,2.0579999999999927,6.223999999999933,1,1.2
114,random,2,177,1.5440000000000964,5.9939999999999145,1,1.2
114,random,2,178,1.4100000000000819,5.425999999999931,1,1.2
114,random,2,179,1.6800000000000637,5.897999999999911,1,1.2
114,random,2,180,1.5300000000002,9.033999999999878,1,1.2
114,random,2,181,2.8120000000001255,6.723999999999933,1,1.2
114,random,2,182,1.4919999999999618,6.653999999999996,1,1.2
114,random,2,183,1.4760000000001128,4.663999999999987,1,1.2
114,random,2,184,1.9959999999998672,8.951999999999998,1,1.2
114,random,2,185,1.5860000000000127,5.7999999999999545,1,1.2
114,random,2,186,2.0860000000000127,10.076000000000022,1,1.2
114,random,2,187,0.7799999999999727,2.3320000000001073,0,1.2
114,random,2,188,2.839999999999918,8.496000000000095,1,1.2
114,random,2,189,1.30600000000004,6.2719999999999345,1,1.2
114,random,2,190,1.0260000000000673,3.0219999999999345,0,1.2
114,random,2,191,1.9580000000000837,5.455999999999904,1,1.2
114,random,2,192,2.6140000000000327,10.076000000000022,1,1.2
114,random,2,193,1.3719999999998436,6.97400000000016,1,1.2
114,random,2,194,1.1639999999999873,3.3239999999998417,0,1.2
114,random,2,195,1.1720000000000255,4.160000000000082,0,1.2
114,random,2,196,1.9700000000000273,5.779999999999973,1,1.2
114,random,2,197,1.3859999999999673,5.120000000000118,1,1.2
114,random,2,198,1.6639999999999873,8.172000000000025,1,1.2
114,random,2,199,0.8460000000000036,4.391999999999825,0,1.2
114,random,2,200,1.2920000000001437,5.311999999999898,1,1.2
114,random,2,201,1.6340000000000146,9.041999999999916,1,1.2
114,random,2,202,1.538000000000011,12.827999999999975,1,1.2
114,random,2,203,0.9620000000002165,2.711999999999989,0,1.2
114,random,2,204,1.5319999999999254,0.2699999999999818,1,1.2
114,random,2,205,0.13599999999996726,12.438000000000102,0,1.2
114,random,2,206,1.6399999999998727,6.9500000000000455,1,1.2
114,random,2,207,1.094000000000051,3.2280000000000655,0,1.2
114,random,2,208,1.5419999999999163,11.933999999999969,1,1.2
114,random,2,209,2.97199999999998,7.009999999999991,1,1.2
114,random,2,210,0.8600000000001273,3.6039999999998145,0,1.2
114,random,2,211,1.7360000000001037,7.220000000000027,1,1.2
114,random,2,212,1.5860000000000127,6.316000000000031,1,1.2
114,random,2,213,1.2539999999999054,5.476000000000113,1,1.2
114,random,2,214,1.2980000000000018,17.087999999999965,1,1.2
114,random,2,215,1.1799999999998363,2.754000000000133,0,1.2
114,random,2,216,2.0019999999999527,5.018000000000029,1,1.2
114,random,2,217,1.7039999999999509,5.928000000000111,1,1.2
114,random,2,218,2.367999999999938,6.713999999999942,1,1.2
114,random,2,219,1.0540000000000873,3.7439999999999145,0,1.2
114,random,2,220,1.622000000000071,8.627999999999929,1,1.2
114,random,2,221,1.2920000000001437,7.313999999999851,1,1.2
114,random,2,222,1.1860000000001492,4.183999999999969,0,1.2
114,random,2,223,2.091999999999871,8.176000000000158,1,1.2
114,random,2,224,1.2739999999998872,5.874000000000024,1,1.2
114,random,2,225,1.3399999999999181,9.236000000000104,1,1.2
114,random,2,226,1.6399999999998727,5.992000000000189,1,1.2
114,random,2,227,1.6579999999999018,6.83400000000006,1,1.2
114,random,2,228,0.8579999999999472,2.3420000000000982,0,1.2
114,random,2,229,1.52599999999984,7.662000000000035,1,1.2
114,random,2,230,2.4760000000001128,8.5,1,1.2
114,random,2,231,1.6459999999999582,5.0219999999999345,1,1.2
114,random,2,232,1.1739999999999782,3.451999999999998,0,1.2
114,random,2,233,1.8360000000000127,4.935999999999922,1,1.2
114,random,2,234,1.80600000000004,6.898000000000138,1,1.2
114,random,2,235,1.6859999999999218,7.928000000000111,1,1.2
114,random,2,236,1.49799999999982,7.398000000000138,1,1.2
114,random,2,237,1.52599999999984,7.3400000000001455,1,1.2
114,random,2,238,1.1459999999999582,3.0540000000000873,0,1.2
114,random,2,239,1.4639999999999418,8.455999999999904,1,1.2
114,random,2,240,0.6320000000000618,3.1579999999999018,0,1.2
114,random,2,241,1.1860000000001492,4.58199999999988,0,1.2
114,random,2,242,1.2980000000000018,4.423999999999978,1,1.2
114,random,2,243,2.088000000000193,6.811999999999898,1,1.2
114,random,2,244,1.3859999999999673,12.036000000000058,1,1.2
114,random,2,245,1.4559999999999036,24.42600000000016,1,1.2
114,random,2,246,1.0079999999998108,3.9420000000000073,0,1.2
114,random,2,247,1.50200000000018,7.925999999999931,1,1.2
114,random,2,248,1.8940000000000055,6.907999999999902,1,1.2
114,random,2,249,1.6400000000001,5.680000000000064,1,1.2
114,random,2,250,1.3759999999999764,6.789999999999964,1,1.2
114,random,2,251,1.6440000000000055,20.420000000000073,1,1.2
114,random,2,252,0.17399999999997817,4.374000000000024,0,1.2
114,random,2,253,1.793999999999869,7.559999999999945,1,1.2
114,random,2,254,1.2200000000000273,7.117999999999938,1,1.2
114,random,2,255,1.2260000000001128,6.875999999999976,1,1.2
114,random,2,256,1.7000000000000455,8.261999999999944,1,1.2
114,random,2,257,1.2460000000000946,6.419999999999845,1,1.2
114,random,2,258,1.400000000000091,6.824000000000069,1,1.2
114,random,2,259,1.6479999999999109,5.412000000000035,1,1.2
114,random,2,260,2.4079999999999018,5.710000000000036,1,1.2
114,random,2,261,0.18399999999996908,0.03600000000005821,0,1.2
114,random,2,263,1.69600000000014,5.039999999999964,1,1.2
114,random,2,264,1.0519999999999072,2.8640000000000327,0,1.2
114,random,2,265,1.428000000000111,3.5699999999999363,1,1.2
114,random,2,266,1.7039999999999509,6.930000000000064,1,1.2
114,random,2,267,0.05199999999990723,3.8320000000001073,0,1.2
114,random,2,268,1.5779999999999745,6.490000000000009,1,1.2
114,random,2,269,1.1920000000000073,3.8599999999999,0,1.2
114,random,2,270,2.00200000000018,6.223999999999933,1,1.2
114,random,2,271,1.3099999999999454,9.978000000000065,1,1.2
114,random,2,272,1.47199999999998,5.839999999999918,1,1.2
114,random,2,273,1.844000000000051,8.087999999999965,1,1.2
114,random,2,274,1.4760000000001128,8.02800000000002,1,1.2
114,random,2,275,1.7559999999998581,5.960000000000036,1,1.2
114,random,2,276,1.4700000000000273,7.796000000000049,1,1.2
114,random,2,277,1.58199999999988,6.1159999999999854,1,1.2
114,random,2,278,1.2740000000001146,5.594000000000051,1,1.2
114,random,2,279,1.1340000000000146,4.045999999999822,0,1.2
114,random,2,280,2.2460000000000946,8.357999999999947,1,1.2
114,random,2,281,1.8479999999999563,8.60200000000009,1,1.2
114,random,2,282,1.316000000000031,7.635999999999967,1,1.2
114,random,2,283,1.7660000000000764,11.079999999999927,1,1.2
114,random,2,284,1.1059999999999945,4.142000000000053,0,1.2
114,random,2,285,1.9500000000000455,7.343999999999824,1,1.2
114,random,2,286,1.2760000000000673,6.708000000000084,1,1.2
114,random,2,287,1.1859999999999218,3.1440000000000055,0,1.2
114,random,2,288,1.1959999999999127,4.466000000000122,0,1.2
114,random,2,289,1.765999999999849,5.480000000000018,1,1.2
114,random,2,290,1.8500000000001364,12.34199999999987,1,1.2
114,random,2,291,1.8420000000000982,13.104000000000042,1,1.2
114,random,2,292,1.2159999999998945,113.44200000000023,1,1.2
114,random,2,293,1.0159999999996217,3.912000000000262,0,1.2
114,random,2,294,1.3779999999997017,6.576000000000022,1,1.2
114,random,2,295,1.1480000000001382,2.72400000000016,0,1.2
114,random,2,296,2.19399999999996,10.55600000000004,1,1.2
114,random,2,297,0.7660000000000764,2.951999999999771,0,1.2
114,random,2,298,1.788000000000011,7.626000000000204,1,1.2
114,random,2,299,0.8219999999996617,3.4340000000001965,0,1.2
114,random,2,300,1.5540000000000873,228.19999999999982,1,1.2
114,random,2,301,1.288000000000011,9.539999999999964,1,1.2
114,random,2,302,1.568000000000211,551.6099999999997,1,1.2
114,random,2,303,0.8920000000002801,298.442,0,1.2
114,random,2,304,0.6419999999998254,9.988000000000284,0,1.2
114,random,2,305,1.2419999999997344,5.6840000000001965,1,1.2
114,random,2,306,0.6759999999999309,2.97400000000016,0,1.2
114,random,2,307,1.381999999999607,7.736000000000331,1,1.2
114,random,2,308,0.28399999999965075,3.606000000000222,0,1.2
114,random,2,309,1.3840000000000146,12.400000000000091,1,1.2
114,random,2,310,1.1900000000000546,3.826000000000022,0,1.2
114,random,2,311,1.1299999999996544,2.9880000000002838,0,1.2
114,random,2,312,2.3279999999999745,8.795999999999822,1,1.2
114,random,2,313,1.4200000000000728,18.014000000000124,1,1.2
114,random,2,314,1.0859999999997854,4.039999999999964,0,1.2
114,random,2,315,1.36200000000008,97.61200000000008,1,1.2
114,random,2,316,0.5779999999999745,5.150000000000091,0,1.2
114,random,2,317,1.2159999999998945,9.708000000000084,1,1.2
114,random,2,318,1.018000000000029,4.4659999999998945,0,1.2
114,random,2,319,1.2339999999999236,501.0920000000001,1,1.2
114,random,2,320,0.5140000000001237,5.27599999999984,0,1.2
114,random,2,321,0.8780000000001564,2.35799999999972,0,1.2
114,random,2,322,1.4400000000000546,7.8400000000001455,1,1.2
114,random,2,323,0.9980000000000473,3.0459999999998217,0,1.2
114,random,2,324,1.3380000000001928,17.121999999999844,1,1.2
114,random,2,325,0.9740000000001601,4.652000000000044,0,1.2
114,random,2,326,1.6720000000000255,8.613999999999578,1,1.2
114,random,2,327,1.1580000000003565,3.5779999999999745,0,1.2
114,random,2,328,1.7399999999997817,10.33600000000024,1,1.2
114,random,2,329,1.0920000000000982,4.257999999999811,0,1.2
114,random,2,330,0.6039999999998145,556.788,0,1.2
114,random,2,331,1.610000000000582,9.265999999999622,1,1.2
114,random,2,332,1.3859999999995125,9.96600000000035,1,1.2
114,random,2,333,1.2100000000000364,0.39400000000023283,1,1.2
114,random,2,334,0.49399999999968713,9.963999999999942,0,1.2
114,random,2,335,1.5820000000003347,13.05199999999968,1,1.2
114,random,2,336,1.8460000000004584,11.479999999999563,1,1.2
114,random,2,337,1.4580000000005384,0.6179999999994834,1,1.2
114,random,2,338,0.31599999999980355,9.608000000000175,0,1.2
114,random,2,339,1.412000000000262,28.1899999999996,1,1.2
114,random,2,340,2.048000000000684,13.377999999999702,1,1.2
114,random,2,341,1.3299999999999272,10.304000000000087,1,1.2
114,random,2,342,1.3499999999994543,0.47000000000025466,1,1.2
114,random,2,343,0.5399999999999636,43.9980000000005,0,1.2
114,random,2,344,1.5900000000001455,0.545999999999367,1,1.2
114,random,2,345,0.1320000000005166,9.431999999999789,0,1.2
114,random,2,346,1.4179999999996653,0.4679999999998472,1,1.2
114,random,2,347,0.910000000000764,4.061999999999898,0,1.2
114,random,2,348,1.1939999999995052,4.347999999999956,0,1.2
114,random,2,349,2.199999999999818,33.20800000000054,1,1.2
114,random,2,350,1.1260000000002037,2.688000000000102,0,1.2
114,random,2,351,1.6279999999997017,11.97400000000016,1,1.2
114,random,2,352,1.1179999999994834,2.7359999999998763,0,1.2
114,random,2,353,1.0280000000002474,3.423999999999978,0,1.2
114,random,2,354,2.162000000000262,9.087999999999738,1,1.2
114,random,2,355,0.9819999999999709,3.043999999999869,0,1.2
114,random,2,356,1.956000000000131,9.788000000000466,1,1.2
114,random,2,357,1.2799999999997453,10.435999999999694,1,1.2
114,random,2,358,1.2100000000000364,17.938000000000102,1,1.2
114,random,2,359,1.1580000000003565,3.949999999999818,0,1.2
114,random,2,360,1.58600000000024,16.217999999999847,1,1.2
114,random,2,361,1.3159999999998035,8.475999999999658,1,1.2
114,random,2,362,0.9320000000006985,4.4399999999996,0,1.2
114,random,2,363,1.6880000000001019,20.01000000000022,1,1.2
114,random,2,364,0.42599999999947613,3.0960000000004584,0,1.2
114,random,2,365,2.257999999999811,11.747999999999593,1,1.2
114,random,2,366,0.42400000000088767,3.25,0,1.2
114,random,2,367,1.251999999999498,13.710000000000036,1,1.2
114,random,2,368,1.2560000000003129,9.813999999999396,1,1.2
114,random,2,369,1.3220000000001164,1241.8339999999998,1,1.2
114,random,2,370,0.13799999999991996,4.036000000000058,0,1.2
114,random,2,371,1.1640000000006694,4.8840000000000146,0,1.2
114,random,2,372,0.7019999999993161,,0,1.2
115,retract,1,1,0.026000000000003354,0.1599999999999966,0,0.5
115,retract,1,3,0.02999999999999403,0.13400000000000034,0,0.5
115,retract,1,5,0.3400000000000034,2.975999999999999,0,0.5
115,retract,1,6,0.14999999999999858,0.6859999999999999,0,0.5
115,retract,1,7,0.14799999999999613,17.25200000000001,0,0.5
115,retract,1,8,0.13799999999999102,3.352000000000004,0,0.5
115,retract,1,9,0.2680000000000007,3.721999999999994,0,0.5
115,retract,1,10,0.008000000000009777,1.2299999999999898,0,0.5
115,retract,1,11,0.28000000000000114,0.0379999999999967,0,0.5
115,retract,1,14,0.14799999999999613,0.08599999999999852,0,0.5
115,retract,1,16,0.26599999999999113,9.540000000000006,0,0.5
115,retract,1,17,0.14400000000000546,4.701999999999998,0,0.5
115,retract,1,18,0.054000000000002046,0.04599999999999227,0,0.5
115,retract,1,20,0.07800000000000296,3.3760000000000048,0,0.5
115,retract,1,21,0.2219999999999942,0.16200000000000614,0,0.5
115,retract,1,23,0.18599999999999284,0.0379999999999967,0,0.5
115,retract,1,26,0.12600000000000477,1.1239999999999952,0,0.5
115,retract,1,27,0.24399999999999977,3.195999999999998,0,0.5
115,retract,1,28,0.1280000000000001,0.02400000000000091,0,0.5
115,retract,1,30,0.22799999999999443,6.89800000000001,0,0.5
115,retract,1,31,0.4299999999999926,0.01999999999999602,0,0.5
115,retract,1,33,0.0719999999999743,1.200000000000017,0,0.5
115,retract,1,34,0.47800000000000864,1.2179999999999893,0,0.5
115,retract,1,35,0.19999999999998863,18.24200000000002,0,0.5
115,retract,1,36,0.1559999999999775,0.146000000000015,0,0.5
115,retract,1,38,0.1519999999999868,1.1740000000000066,0,0.5
115,retract,1,39,0.18799999999998818,2.27800000000002,0,0.5
115,retract,1,40,0.12399999999999523,6.780000000000001,0,0.5
115,retract,1,41,0.19799999999997908,0.7820000000000107,0,0.5
115,retract,1,42,0.0800000000000125,1.039999999999992,0,0.5
115,retract,1,43,1.1020000000000039,25.75199999999998,1,0.5
115,retract,1,44,0.20600000000001728,1.353999999999985,0,0.5
115,retract,1,45,0.2820000000000107,3.9679999999999893,0,0.5
115,retract,1,46,0.18000000000000682,3.593999999999994,0,0.5
115,retract,1,47,0.12800000000001432,3.5519999999999925,0,0.5
115,retract,1,48,0.2220000000000084,3.8619999999999948,0,0.5
115,retract,1,49,0.2560000000000002,0.15399999999999636,0,0.5
115,retract,1,51,0.2599999999999909,0.09200000000001296,0,0.5
115,retract,1,53,0.24399999999999977,3.0439999999999827,0,0.5
115,retract,1,54,0.14000000000001478,4.044000000000011,0,0.5
115,retract,1,55,0.2459999999999809,4.6340000000000146,0,0.5
115,retract,1,56,0.2920000000000016,53.35400000000001,0,0.5
115,retract,1,57,0.25799999999998136,0.053999999999973625,0,0.5
115,retract,1,59,0.06799999999998363,0.132000000000005,0,0.5
115,retract,1,61,0.12999999999999545,4.5400000000000205,0,0.5
115,retract,1,62,0.3720000000000141,0.04599999999999227,0,0.5
115,retract,1,64,0.09399999999999409,0.7099999999999795,0,0.5
115,retract,1,65,0.031999999999982265,0.1360000000000241,0,0.5
115,retract,1,67,0.34000000000003183,0.09399999999999409,0,0.5
115,retract,1,69,0.07200000000000273,1.037999999999954,0,0.5
115,retract,1,70,1.948000000000036,1.3419999999999845,1,0.5
115,retract,1,71,0.39800000000002456,15.97399999999999,0,0.5
115,retract,1,72,0.4619999999999891,3.5960000000000036,0,0.5
115,retract,1,73,0.17199999999996862,4.344000000000051,0,0.5
115,retract,1,74,0.1199999999999477,1.6040000000000418,0,0.5
115,retract,1,75,0.44399999999996,7.966000000000008,0,0.5
115,retract,1,76,0.21800000000001774,3.2439999999999714,0,0.5
115,retract,1,77,0.4740000000000464,0.036000000000001364,0,0.5
115,retract,1,80,0.49399999999997135,3.1340000000000146,0,0.5
115,retract,1,81,0.5680000000000405,0.9759999999999991,1,0.5
115,retract,1,82,0.2839999999999918,7.141999999999996,0,0.5
115,retract,1,83,0.3340000000000032,6.241999999999962,0,0.5
115,retract,1,84,0.2300000000000182,4.305999999999983,0,0.5
115,retract,1,85,0.24600000000003774,3.805999999999983,0,0.5
115,retract,1,86,0.32200000000000273,5.072000000000003,0,0.5
115,retract,1,87,0.22800000000000864,3.7959999999999923,0,0.5
115,retract,1,88,0.7060000000000173,0.060000000000002274,1,0.5
115,retract,1,89,0.31399999999996453,5.886000000000024,0,0.5
115,retract,1,90,0.2559999999999718,6.110000000000014,0,0.5
115,retract,1,91,0.09800000000001319,8.824000000000012,0,0.5
115,retract,1,92,0.2699999999999818,5.541999999999973,0,0.5
115,retract,1,93,0.18400000000002592,3.22199999999998,0,0.5
115,retract,1,94,0.20199999999999818,3.29200000000003,0,0.5
115,retract,1,95,0.32200000000000273,14.406000000000006,0,0.5
115,retract,1,96,0.16599999999999682,0.08999999999997499,0,0.5
115,retract,1,98,0.48200000000002774,2.7799999999999727,0,0.5
115,retract,1,99,0.35199999999997544,2.9540000000000077,0,0.5
115,retract,1,100,0.16200000000003456,1.73599999999999,0,0.5
115,retract,1,101,0.3100000000000023,1.3079999999999927,0,0.5
115,retract,1,102,1.565999999999974,8.54200000000003,1,0.5
115,retract,1,103,0.19799999999997908,3.6380000000000337,0,0.5
115,retract,1,104,0.32399999999995543,0.040000000000020464,0,0.5
115,retract,1,106,0.6059999999999945,4.508000000000038,1,0.5
115,retract,1,107,0.1099999999999568,2.854000000000042,0,0.5
115,retract,1,108,0.0999999999999659,0.05000000000001137,0,0.5
115,retract,1,110,0.14800000000002456,0.03999999999996362,0,0.5
115,retract,1,112,0.20400000000000773,11.522000000000048,0,0.5
115,retract,1,113,0.17399999999997817,2.40199999999993,0,0.5
115,retract,1,114,0.07800000000008822,0.07599999999990814,0,0.5
115,retract,1,116,0.43200000000001637,1.3899999999999864,0,0.5
115,retract,1,117,0.09399999999993724,0.10800000000006094,0,0.5
115,retract,1,119,1.3059999999999263,6.088000000000079,1,0.5
115,retract,1,120,0.07599999999990814,3.4360000000000355,0,0.5
115,retract,1,121,0.07000000000005002,0.049999999999954525,0,0.5
115,retract,1,123,0.36199999999996635,3.9980000000000473,0,0.5
115,retract,1,124,0.2319999999999709,0.16200000000003456,0,0.5
115,retract,1,126,0.16000000000008185,0.05999999999994543,0,0.5
115,retract,1,128,0.6420000000000528,2.977999999999952,1,0.5
115,retract,1,129,1.1760000000000446,9.427999999999997,1,0.5
115,retract,1,130,0.3300000000000409,5.807999999999993,0,0.5
115,retract,1,131,0.7379999999999427,4.524000000000001,1,0.5
115,retract,1,132,0.12000000000000455,3.4560000000000173,0,0.5
115,retract,1,133,0.34400000000005093,2.3700000000000045,0,0.5
115,retract,1,134,0.6039999999999281,10.594000000000051,1,0.5
115,retract,1,135,0.2239999999999327,0.06000000000005912,0,0.5
115,retract,1,137,0.5299999999999727,3.9420000000000073,1,0.5
115,retract,1,138,0.4619999999999891,2.589999999999918,0,0.5
115,retract,1,139,0.35400000000004184,4.522000000000048,0,0.5
115,retract,1,140,0.36599999999998545,3.713999999999942,0,0.5
115,retract,1,141,0.12800000000004275,0.8440000000000509,0,0.5
115,retract,1,142,0.049999999999954525,0.06799999999998363,0,0.5
115,retract,1,145,0.11999999999989086,2.6000000000000227,0,0.5
115,retract,1,146,0.4519999999999982,0.05400000000008731,0,0.5
115,retract,1,148,0.2699999999999818,0.01999999999998181,0,0.5
115,retract,1,150,0.2899999999999636,0.025999999999953616,0,0.5
115,retract,1,152,0.4580000000000837,6.097999999999956,0,0.5
115,retract,1,153,0.39599999999995816,3.518000000000029,0,0.5
115,retract,1,154,0.17000000000007276,3.895999999999958,0,0.5
115,retract,1,155,0.2259999999999991,2.6100000000000136,0,0.5
115,retract,1,156,0.2440000000000282,0.041999999999916326,0,0.5
115,retract,1,158,0.19000000000005457,0.06399999999996453,0,0.5
115,retract,1,160,0.4519999999999982,5.504000000000019,0,0.5
115,retract,1,161,1.5299999999999727,4.552000000000021,1,0.5
115,retract,1,162,0.22000000000002728,4.011999999999944,0,0.5
115,retract,1,163,0.05000000000006821,0.06399999999996453,0,0.5
115,retract,1,165,0.16599999999993997,3.5860000000000127,0,0.5
115,retract,1,166,0.9400000000000546,4.26400000000001,1,0.5
115,retract,1,167,0.2479999999999336,1.5460000000000491,0,0.5
115,retract,1,168,0.14199999999993906,0.06799999999998363,0,0.5
115,retract,1,170,0.2540000000000191,2.51400000000001,0,0.5
115,retract,1,171,0.15399999999999636,0.057999999999992724,0,0.5
115,retract,1,173,0.67999999999995,3.701999999999998,1,0.5
115,retract,1,174,0.11200000000008004,7.889999999999986,0,0.5
115,retract,1,175,0.34000000000003183,2.3999999999999773,0,0.5
115,retract,1,176,0.19600000000002638,2.5919999999999845,0,0.5
115,retract,1,177,0.27800000000002,0.07599999999990814,0,0.5
115,retract,1,179,0.09600000000000364,0.02400000000000091,0,0.5
115,retract,1,181,0.41600000000005366,4.717999999999961,0,0.5
115,retract,1,182,0.52800000000002,7.015999999999963,1,0.5
115,retract,1,183,0.10400000000004184,2.6119999999999663,0,0.5
115,retract,1,184,0.18799999999998818,0.06799999999998363,0,0.5
115,retract,1,186,0.18600000000003547,0.8020000000000209,0,0.5
115,retract,1,187,0.2639999999998963,1.2100000000000364,0,0.5
115,retract,1,188,0.7620000000000573,3.4139999999999873,1,0.5
115,retract,1,189,0.13400000000001455,5.22199999999998,0,0.5
115,retract,1,190,0.39400000000000546,0.02800000000002001,0,0.5
115,retract,1,192,0.10800000000006094,0.04800000000000182,0,0.5
115,retract,1,194,0.2999999999999545,0.05000000000006821,0,0.5
115,retract,1,196,0.5180000000000291,0.04800000000000182,1,0.5
115,retract,1,197,1.183999999999969,0.04200000000003001,1,0.5
115,retract,1,198,0.01599999999996271,3.768000000000029,0,0.5
115,retract,1,199,0.97199999999998,5.405999999999949,1,0.5
115,retract,1,200,0.7000000000000455,12.648000000000025,1,0.6
115,retract,1,201,0.36799999999993815,2.6800000000000637,0,0.6
115,retract,1,202,0.09399999999993724,0.07600000000002183,0,0.6
115,retract,1,204,0.2259999999999991,0.038000000000010914,0,0.6
115,retract,1,206,1.038000000000011,3.4260000000000446,1,0.6
115,retract,1,207,0.07999999999992724,0.06000000000005912,0,0.6
115,retract,1,209,0.2680000000000291,2.1819999999999027,0,0.6
115,retract,1,210,0.17799999999999727,0.04600000000004911,0,0.6
115,retract,1,212,0.03200000000003911,1.3579999999999472,0,0.6
115,retract,1,213,0.2400000000000091,0.016000000000076398,0,0.6
115,retract,1,215,0.10799999999994725,0.057999999999992724,0,0.6
115,retract,1,218,0.09799999999995634,1.122000000000071,0,0.6
115,retract,1,219,0.4359999999999218,1.3360000000000127,0,0.6
115,retract,1,220,0.8540000000000418,5.241999999999962,1,0.6
115,retract,1,221,0.16999999999995907,1.9860000000001037,0,0.6
115,retract,1,222,0.16800000000000637,0.041999999999916326,0,0.6
115,retract,1,224,0.5539999999999736,3.4540000000000646,0,0.6
115,retract,1,225,0.2239999999999327,0.9780000000000655,0,0.6
115,retract,1,226,1.01400000000001,5.3419999999999845,1,0.6
115,retract,1,227,0.35199999999997544,2.80600000000004,0,0.6
115,retract,1,228,0.5019999999999527,0.10199999999997544,0,0.6
115,retract,1,230,0.21800000000007458,0.03999999999996362,0,0.6
115,retract,1,232,0.9239999999999782,3.1860000000000355,1,0.6
115,retract,1,233,0.5480000000000018,0.07000000000005002,0,0.6
115,retract,1,235,0.15599999999994907,0.13200000000006185,0,0.6
115,retract,1,237,0.20000000000004547,4.545999999999935,0,0.6
115,retract,1,238,0.18399999999996908,0.06600000000003092,0,0.6
115,retract,1,240,0.36799999999993815,4.159999999999968,0,0.6
115,retract,1,241,0.14600000000007185,0.76400000000001,0,0.6
115,retract,1,242,0.14199999999993906,0.06799999999998363,0,0.6
115,retract,1,244,0.18599999999992178,0.6840000000000828,0,0.6
115,retract,1,245,0.5039999999999054,1.0500000000000682,0,0.6
115,retract,1,246,0.5299999999999727,2.8379999999999654,0,0.6
115,retract,1,247,0.43000000000006366,1.6319999999999482,0,0.6
115,retract,1,248,0.04000000000007731,0.05599999999992633,0,0.6
115,retract,1,250,0.10199999999997544,0.04000000000007731,0,0.6
115,retract,1,252,0.5600000000000591,2.8419999999999845,0,0.6
115,retract,1,253,0.4119999999999209,0.6480000000000246,0,0.6
115,retract,1,254,0.21000000000003638,0.05599999999992633,0,0.6
115,retract,1,256,0.5480000000000018,7.240000000000009,0,0.6
115,retract,1,257,0.19799999999997908,0.021999999999934516,0,0.6
115,retract,1,259,0.5480000000000018,2.4080000000000155,0,0.6
115,retract,1,260,0.2719999999999345,0.06000000000005912,0,0.6
115,retract,1,262,0.2620000000000573,2.3199999999999363,0,0.6
115,retract,1,263,0.34600000000000364,0.8079999999999927,0,0.6
115,retract,1,264,0.14400000000000546,0.053999999999973625,0,0.6
115,retract,1,267,0.01999999999998181,0.03600000000005821,0,0.6
115,retract,1,270,0.5439999999999827,3.189999999999941,0,0.6
115,retract,1,271,0.10200000000008913,2.13799999999992,0,0.6
115,retract,1,272,0.38200000000006185,4.244000000000028,0,0.6
115,retract,1,273,0.2139999999999418,0.7100000000000364,0,0.6
115,retract,1,274,0.12599999999997635,0.053999999999973625,0,0.6
115,retract,1,276,0.47199999999998,4.8419999999999845,0,0.6
115,retract,1,277,0.5839999999999463,3.1380000000000337,0,0.6
115,retract,1,278,1.2019999999999982,3.201999999999998,1,0.6
115,retract,1,279,0.18600000000003547,3.3899999999999864,0,0.6
115,retract,1,280,0.4840000000000373,5.206000000000017,0,0.6
115,retract,1,281,0.17399999999997817,0.06999999999993634,0,0.6
115,retract,1,283,0.20199999999999818,12.422000000000025,0,0.6
115,retract,1,284,0.9739999999999327,4.580000000000041,1,0.6
115,retract,1,285,0.4420000000000073,3.6299999999999955,0,0.6
115,retract,1,286,0.11599999999998545,2.8360000000000127,0,0.6
115,retract,1,287,0.16800000000000637,1.3479999999999563,0,0.6
115,retract,1,288,0.25,0.018000000000029104,0,0.6
115,retract,1,290,0.13999999999998636,0.06200000000001182,0,0.6
115,retract,1,292,0.07600000000002183,0.033999999999991815,0,0.6
115,retract,1,294,0.09799999999995634,2.0160000000000764,0,0.6
115,retract,1,295,0.31599999999991724,2.424000000000092,0,0.6
115,retract,1,296,0.03999999999996362,0.75,0,0.6
115,retract,1,297,0.36199999999996635,5.892000000000053,0,0.6
115,retract,1,298,0.8479999999999563,6.197999999999979,1,0.6
115,retract,1,299,0.2940000000000964,2.849999999999909,0,0.6
115,retract,1,300,0.2259999999999991,9.355999999999995,0,0.6
115,retract,1,301,0.21199999999998909,0.057999999999992724,0,0.6
115,retract,1,303,0.6100000000001273,7.541999999999916,1,0.6
115,retract,1,304,0.12599999999997635,2.8579999999999472,0,0.6
115,retract,1,305,0.5140000000001237,5.907999999999902,0,0.6
115,retract,1,306,0.5960000000000036,2.2380000000000564,0,0.6
115,retract,1,307,0.14999999999986358,0.04800000000000182,0,0.6
115,retract,1,310,0.32600000000002183,3.673999999999978,0,0.6
115,retract,1,311,0.2039999999999509,3.36200000000008,0,0.6
115,retract,1,312,0.5019999999999527,3.155999999999949,0,0.6
115,retract,1,313,0.46400000000016917,3.769999999999982,0,0.6
115,retract,1,314,0.30599999999981264,2.5140000000001237,0,0.6
115,retract,1,315,0.16799999999989268,0.7240000000001601,0,0.6
115,retract,1,316,0.8840000000000146,4.543999999999869,1,0.6
115,retract,1,317,0.21000000000003638,2.344000000000051,0,0.6
115,retract,1,318,0.08199999999987995,0.15800000000012915,0,0.6
115,retract,1,320,0.5260000000000673,2.80399999999986,0,0.6
115,retract,1,321,0.12599999999997635,4.880000000000109,0,0.6
115,retract,1,322,0.15799999999990177,0.11200000000008004,0,0.6
115,retract,1,324,0.4519999999999982,3.326000000000022,0,0.6
115,retract,1,325,0.6959999999999127,6.990000000000009,1,0.6
115,retract,1,326,0.3320000000001073,1.0799999999999272,0,0.6
115,retract,1,327,0.029999999999972715,0.044000000000096406,0,0.6
115,retract,1,329,0.9020000000000437,0.10400000000004184,1,0.6
115,retract,1,330,0.18599999999992178,6.3599999999999,0,0.6
115,retract,1,331,0.22600000000011278,1.1720000000000255,0,0.6
115,retract,1,332,0.2799999999999727,3.369999999999891,0,0.6
115,retract,1,333,0.2480000000000473,2.456000000000131,0,0.6
115,retract,1,334,0.2980000000000018,4.149999999999864,0,0.6
115,retract,1,335,0.43800000000010186,0.18200000000001637,0,0.6
115,retract,1,337,0.2039999999999509,0.11200000000008004,0,0.6
115,retract,1,339,0.6320000000000618,0.2139999999999418,1,0.6
115,retract,1,340,0.33999999999991815,9.49200000000019,0,0.6
115,retract,1,341,0.4019999999998163,5.673999999999978,0,0.6
115,retract,1,342,0.80600000000004,4.3559999999999945,1,0.6
115,retract,1,343,0.2480000000000473,2.660000000000082,0,0.6
115,retract,1,344,0.18399999999996908,0.05600000000004002,0,0.6
115,retract,1,346,0.18200000000001637,0.07600000000002183,0,0.6
115,retract,1,348,0.7260000000001128,2.7739999999998872,1,0.6
115,retract,1,349,0.2580000000000382,3.0240000000001146,0,0.6
115,retract,1,350,0.181999999999789,0.040000000000190994,0,0.6
115,retract,1,352,0.58400000000006,1.1459999999999582,0,0.6
115,retract,1,353,0.2940000000000964,3.463999999999942,0,0.6
115,retract,1,354,0.9600000000000364,3.5119999999999436,1,0.6
115,retract,1,355,0.18000000000006366,0.8119999999998981,0,0.6
115,retract,1,356,0.07799999999997453,0.06600000000003092,0,0.6
115,retract,1,358,0.10599999999999454,0.6920000000000073,0,0.6
115,retract,1,359,0.5299999999999727,6.402000000000044,0,0.6
115,retract,1,360,0.13199999999983447,0.9400000000000546,0,0.6
115,retract,1,361,0.15599999999994907,1.234000000000151,0,0.6
115,retract,1,362,0.31799999999998363,1.6440000000000055,0,0.6
115,retract,1,363,0.11799999999993815,0.8279999999999745,0,0.6
115,retract,1,364,0.30999999999994543,5.2280000000000655,0,0.6
115,retract,1,365,0.2039999999999509,0.7540000000001328,0,0.6
115,retract,1,366,0.14999999999986358,0.029999999999972715,0,0.6
115,retract,1,368,0.34600000000000364,3.155999999999949,0,0.6
115,retract,1,369,0.4420000000000073,2.435999999999922,0,0.6
115,retract,1,370,0.9220000000000255,2.5160000000000764,1,0.6
115,retract,1,371,0.4519999999999982,0.07600000000002183,0,0.6
115,retract,1,374,0.11600000000021282,0.7599999999999909,0,0.6
115,retract,1,375,0.4639999999999418,3.5260000000000673,0,0.6
115,retract,1,376,0.2079999999998563,3.0879999999999654,0,0.6
115,retract,1,377,0.5640000000000782,3.58400000000006,0,0.6
115,retract,1,378,0.42200000000002547,2.6119999999998527,0,0.6
115,retract,1,379,0.19600000000014006,1.2980000000000018,0,0.6
115,retract,1,380,0.09799999999995634,1.7000000000000455,0,0.6
115,retract,1,381,0.4639999999999418,11.975999999999885,0,0.6
115,retract,1,382,0.24200000000018917,3.5779999999999745,0,0.6
115,retract,1,383,0.36799999999993815,1.8179999999999836,0,0.6
115,retract,1,384,0.5699999999999363,3.456000000000131,0,0.6
115,retract,1,385,0.2359999999998763,2.480000000000018,0,0.6
115,retract,1,386,0.2740000000001146,0.7400000000000091,0,0.6
115,retract,1,387,0.038000000000010914,0.05399999999985994,0,0.6
115,retract,1,389,0.37800000000015643,1.22199999999998,0,0.6
115,retract,1,390,0.08199999999987995,0.10200000000008913,0,0.6
115,retract,1,392,0.12000000000011823,0.6920000000000073,0,0.6
115,retract,1,393,0.09600000000000364,1.2380000000000564,0,0.6
115,retract,1,394,0.09199999999987085,0.04800000000000182,0,0.6
115,retract,1,396,0.6599999999998545,6.524000000000115,1,0.6
115,retract,1,397,0.21199999999998909,5.571999999999889,0,0.6
115,retract,1,398,0.3040000000000873,1.3040000000000873,0,0.6
115,retract,1,399,0.6279999999999291,5.092000000000098,1,0.6
115,retract,1,400,0.1619999999998072,1.3200000000001637,0,0.6
115,retract,1,401,0.4759999999998854,2.3980000000001382,0,0.6
115,retract,1,402,0.1879999999998745,0.018000000000029104,0,0.6
115,retract,1,404,0.31799999999998363,3.19399999999996,0,0.6
115,retract,1,405,0.4519999999999982,0.7039999999999509,0,0.6
115,retract,1,406,0.018000000000029104,0.032000000000152795,0,0.6
115,retract,1,408,0.10000000000013642,0.9780000000000655,0,0.6
115,retract,1,409,0.10599999999999454,0.11999999999989086,0,0.6
115,retract,1,411,0.41800000000012005,3.6419999999998254,0,0.6
115,retract,1,412,0.35200000000008913,1.1140000000000327,0,0.6
115,retract,1,413,0.15799999999990177,2.91800000000012,0,0.6
115,retract,1,414,0.42200000000002547,4.182000000000016,0,0.6
115,retract,1,415,0.33199999999987995,2.8199999999999363,0,0.6
115,retract,1,416,0.10800000000017462,0.041999999999916326,0,0.6
115,retract,1,418,0.34600000000000364,0.8420000000000982,0,0.6
115,retract,1,419,0.30399999999985994,2.1720000000000255,0,0.6
115,retract,1,420,0.19399999999995998,0.11000000000012733,0,0.6
115,retract,1,423,0.3140000000000782,3.7719999999999345,0,0.6
115,retract,1,424,0.3040000000000873,8.919999999999845,0,0.6
115,retract,1,425,0.43600000000014916,6.885999999999967,0,0.6
115,retract,1,426,0.057999999999992724,0.021999999999934516,0,0.6
115,retract,1,428,0.37799999999992906,1.1820000000000164,0,0.6
115,retract,1,429,0.16599999999993997,6.038000000000011,0,0.6
115,retract,1,430,0.08000000000015461,1.0019999999999527,0,0.6
115,retract,1,431,0.30199999999990723,3.0240000000001146,0,0.6
115,retract,1,432,0.15599999999994907,0.10599999999999454,0,0.6
115,retract,1,434,0.2699999999999818,0.8299999999999272,0,0.6
115,retract,1,435,0.09799999999995634,0.04600000000004911,0,0.6
115,retract,1,437,0.2639999999998963,4.33400000000006,0,0.6
115,retract,1,438,0.2559999999998581,0.7019999999999982,0,0.6
115,retract,1,439,0.44400000000018736,0.8439999999998236,0,0.6
115,retract,1,440,0.14000000000010004,0.04800000000000182,0,0.6
115,retract,1,442,0.08799999999996544,4.147999999999911,0,0.6
115,retract,1,443,0.6539999999999964,4.160000000000082,1,0.6
115,retract,1,444,0.4819999999999709,4.7000000000000455,0,0.6
115,retract,1,445,0.20199999999999818,2.6639999999999873,0,0.6
115,retract,1,446,0.44000000000005457,2.3579999999999472,0,0.6
115,retract,1,447,0.2460000000000946,0.01999999999998181,0,0.6
115,retract,1,449,0.09600000000000364,0.06400000000007822,0,0.6
115,retract,1,451,0.14799999999991087,0.06400000000007822,0,0.6
115,retract,1,453,0.5820000000001073,2.4960000000000946,0,0.6
115,retract,1,454,0.2339999999999236,1.0160000000000764,0,0.6
115,retract,1,455,0.209999999999809,0.08000000000015461,0,0.6
115,retract,1,457,0.4580000000000837,4.597999999999956,0,0.6
115,retract,1,458,0.06199999999989814,0.057999999999992724,0,0.6
115,retract,1,460,0.20800000000008367,2.313999999999851,0,0.6
115,retract,1,461,0.23400000000015098,0.12199999999984357,0,0.6
115,retract,1,463,0.9139999999999873,3.8279999999999745,1,0.6
115,retract,1,464,0.22400000000016007,3.8599999999999,0,0.6
115,retract,1,465,0.17000000000007276,5.483999999999924,0,0.6
115,retract,1,466,0.3040000000000873,2.3940000000000055,0,0.6
115,retract,1,467,0.6979999999998654,4.0900000000001455,1,0.6
115,retract,1,468,0.6279999999999291,27.329999999999927,1,0.6
115,retract,1,469,0.19000000000005457,2.685999999999922,0,0.6
115,retract,1,470,0.04600000000004911,5.448000000000093,0,0.6
115,retract,1,471,0.13799999999991996,0.06400000000007822,0,0.6
115,retract,1,473,0.35400000000004184,4.44399999999996,0,0.6
115,retract,1,474,0.02599999999983993,0.9519999999999982,0,0.6
115,retract,1,475,0.08200000000010732,2.7840000000001055,0,0.6
115,retract,1,476,0.28599999999983083,1.4500000000000455,0,0.6
115,retract,1,477,0.4619999999999891,5.539999999999964,0,0.6
115,retract,1,478,0.34400000000005093,3.9760000000001128,0,0.6
115,retract,1,479,0.4179999999998927,1.1140000000000327,0,0.6
115,retract,1,480,1.316000000000031,5.701999999999998,1,0.6
115,retract,1,481,0.10799999999994725,3.910000000000082,0,0.6
115,retract,1,482,0.6639999999999873,5.313999999999851,1,0.6
115,retract,1,483,1.3100000000001728,2.7679999999998017,1,0.6
115,retract,1,484,0.2740000000001146,3.0039999999999054,0,0.6
115,retract,1,485,0.5960000000000036,2.52800000000002,0,0.6
115,retract,1,486,1.0499999999999545,2.772000000000162,1,0.6
115,retract,1,487,1.6699999999998454,3.5820000000001073,1,0.6
115,retract,1,488,0.12999999999988177,4.0900000000001455,0,0.6
115,retract,1,489,1.1420000000000528,2.6019999999998618,1,0.6
115,retract,1,490,0.2039999999999509,0.9600000000000364,0,0.6
115,retract,1,491,0.4700000000000273,2.956000000000131,0,0.6
115,retract,1,492,0.4279999999998836,2.405999999999949,0,0.6
115,retract,1,493,0.37800000000015643,2.6319999999998345,0,0.6
115,retract,1,494,0.39000000000010004,0.9359999999999218,0,0.6
115,retract,1,495,0.2580000000000382,2.4480000000000928,0,0.6
115,retract,1,496,0.6340000000000146,0.09399999999982356,1,0.6
115,retract,1,497,0.32600000000002183,1.4120000000000346,0,0.6
115,retract,1,498,0.33799999999996544,2.44399999999996,0,0.6
115,retract,1,499,0.19400000000018736,0.9919999999999618,0,0.6
115,retract,1,500,0.7000000000000455,0.04800000000000182,1,0.6
115,retract,1,501,0.15999999999985448,2.576000000000022,0,0.6
115,retract,1,502,0.2380000000000564,3.599999999999909,0,0.6
115,retract,1,503,0.7019999999999982,5.254000000000133,1,0.6
115,retract,1,504,0.38799999999991996,0.8420000000000982,0,0.6
115,retract,1,505,1.2159999999998945,0.09400000000005093,1,0.6
115,retract,1,506,0.4780000000000655,4.237999999999829,0,0.6
115,retract,1,507,0.7100000000000364,0.09600000000000364,1,0.6
115,retract,1,508,0.24400000000014188,0.07199999999988904,0,0.6
115,retract,1,510,0.39000000000010004,0.038000000000010914,0,0.6
115,retract,1,512,0.14400000000000546,0.057999999999992724,0,0.6
115,retract,1,515,0.4739999999999327,0.05999999999994543,0,0.6
115,retract,1,517,0.5480000000000018,2.400000000000091,0,0.6
115,retract,1,518,0.5440000000000964,1.2259999999998854,0,0.6
115,retract,1,519,0.41399999999998727,0.14599999999995816,0,0.6
115,retract,1,521,0.16399999999998727,2.854000000000042,0,0.6
115,retract,1,522,0.14800000000013824,0.9839999999999236,0,0.6
115,retract,1,523,0.2300000000000182,2.844000000000051,0,0.6
115,retract,1,524,0.06399999999985084,0.10200000000008913,0,0.6
115,retract,1,526,0.13799999999991996,0.038000000000010914,0,0.6
115,retract,1,528,0.29399999999986903,0.91800000000012,0,0.6
115,retract,1,529,0.06199999999989814,3.0019999999999527,0,0.6
115,retract,1,530,0.19200000000000728,0.14200000000005275,0,0.6
115,retract,1,532,0.39599999999995816,0.09399999999982356,0,0.6
115,retract,1,534,0.41399999999998727,0.04800000000000182,0,0.6
115,retract,1,536,0.3500000000001364,2.491999999999962,0,0.6
115,retract,1,537,0.7259999999998854,6.6340000000000146,1,0.6
115,retract,1,538,0.5360000000000582,2.63799999999992,0,0.6
115,retract,1,539,0.19600000000014006,0.793999999999869,0,0.6
115,retract,1,540,0.8520000000000891,4.662000000000035,1,0.6
115,retract,1,541,0.5480000000000018,4.069999999999936,0,0.6
115,retract,1,542,0.5160000000000764,2.175999999999931,0,0.6
115,retract,1,543,0.6099999999999,4.298000000000002,1,0.6
115,retract,1,544,0.3380000000001928,0.13199999999983447,0,0.6
115,retract,1,546,1.08400000000006,2.4500000000000455,1,0.6
115,retract,1,547,0.43200000000001637,0.7100000000000364,0,0.6
115,retract,1,548,0.6079999999999472,2.9400000000000546,1,0.6
115,retract,1,549,0.34199999999987085,1.1040000000000418,0,0.6
115,retract,1,550,0.31799999999998363,0.16200000000003456,0,0.6
115,retract,1,552,0.41599999999994,2.546000000000049,0,0.6
115,retract,1,553,0.19200000000000728,0.8900000000001,0,0.6
115,retract,1,554,0.33600000000001273,0.04599999999982174,0,0.6
115,retract,1,556,1.0240000000001146,6.591999999999871,1,0.6
115,retract,1,557,0.3000000000001819,0.7100000000000364,0,0.6
115,retract,1,558,0.10799999999994725,0.05999999999994543,0,0.6
115,retract,1,561,0.14200000000005275,0.18599999999992178,0,0.6
115,retract,1,563,0.9020000000000437,3.0720000000001164,1,0.6
115,retract,1,564,0.32999999999992724,2.5979999999999563,0,0.6
115,retract,1,565,0.17600000000015825,0.08799999999996544,0,0.6
115,retract,1,567,0.9839999999999236,2.8780000000001564,1,0.6
115,retract,1,568,0.7839999999998781,3.4400000000000546,1,0.6
115,retract,1,569,0.4339999999999691,0.8379999999999654,0,0.6
115,retract,1,570,0.9420000000000073,2.9700000000000273,1,0.6
115,retract,1,571,0.77800000000002,5.309999999999945,1,0.6
115,retract,1,572,0.24200000000018917,1.05399999999986,0,0.6
115,retract,1,573,0.38799999999991996,2.796000000000049,0,0.6
115,retract,1,574,0.10799999999994725,0.7520000000001801,0,0.6
115,retract,1,575,0.5359999999998308,2.1620000000000346,0,0.6
115,retract,1,576,0.15800000000012915,0.737999999999829,0,0.6
115,retract,1,577,0.5480000000000018,3.5960000000000036,0,0.6
115,retract,1,578,0.20000000000004547,0.05600000000004002,0,0.6
115,retract,1,580,0.4940000000001419,0.023999999999887223,0,0.6
115,retract,1,582,1.0579999999999927,2.1440000000000055,1,0.6
115,retract,1,583,0.7880000000000109,11.258000000000038,1,0.6
115,retract,1,584,0.03999999999996362,3.19399999999996,0,0.6
115,retract,1,585,1.0740000000000691,3.4939999999999145,1,0.6
115,retract,1,586,0.23600000000010368,1.1020000000000891,0,0.6
115,retract,1,587,1.4420000000000073,3.655999999999949,1,0.6
115,retract,1,588,1.1440000000000055,2.6340000000000146,1,0.6
115,retract,1,589,1.3299999999999272,2.5679999999999836,1,0.6
115,retract,1,590,0.6099999999999,2.0540000000000873,0,0.7
115,retract,1,591,0.7200000000000273,2.1099999999999,1,0.7
115,retract,1,592,0.7980000000000018,2.6620000000000346,1,0.7
115,retract,1,593,0.8820000000000618,8.788000000000011,1,0.7
115,retract,1,594,0.33400000000006,3.548000000000002,0,0.8
115,retract,1,595,0.23799999999982901,1.1020000000000891,0,0.8
115,retract,1,596,0.7539999999999054,3.1440000000000055,0,0.8
115,retract,1,597,0.5020000000001801,2.69399999999996,0,0.8
115,retract,1,598,0.35799999999994725,0.7560000000000855,0,0.8
115,retract,1,599,0.38799999999991996,0.7899999999999636,0,0.8
115,retract,1,600,0.4339999999999691,1.25,0,0.8
115,retract,1,601,0.36000000000012733,2.30399999999986,0,0.8
115,retract,1,602,0.12000000000011823,0.77800000000002,0,0.8
115,retract,1,603,0.38400000000001455,7.55600000000004,0,0.8
115,retract,1,604,0.7799999999999727,3.0039999999999054,0,0.8
115,retract,1,605,0.44000000000005457,2.3859999999999673,0,0.8
115,retract,1,606,0.4619999999999891,4.940000000000055,0,0.8
115,retract,1,607,0.15799999999990177,0.6820000000000164,0,0.8
115,retract,1,608,0.44399999999996,0.6739999999999782,0,0.8
115,retract,1,609,0.3500000000001364,0.7919999999999163,0,0.8
115,retract,1,610,0.07200000000011642,0.04599999999982174,0,0.8
115,retract,1,612,0.09200000000009823,0.05399999999985994,0,0.8
115,retract,1,615,0.5,33.29599999999982,0,0.8
115,retract,1,616,0.3760000000002037,2.8579999999999472,0,0.8
115,retract,1,617,0.7680000000000291,2.033999999999878,0,0.8
115,retract,1,618,0.5940000000000509,2.3659999999999854,0,0.8
115,retract,1,619,0.07600000000002183,0.17399999999997817,0,0.8
115,retract,1,621,0.021999999999934516,1.0979999999999563,0,0.8
115,retract,1,622,0.19600000000014006,9.139999999999873,0,0.8
115,retract,1,623,0.7520000000001801,2.339999999999918,0,0.8
115,retract,1,624,0.9580000000000837,3.5299999999999727,1,0.8
115,retract,1,625,0.5960000000000036,2.8199999999999363,0,0.8
115,retract,1,626,0.821999999999889,2.3559999999999945,1,0.8
115,retract,1,627,1.2200000000000273,7.736000000000104,1,0.8
115,retract,1,628,0.17399999999997817,11.438000000000102,0,0.8
115,retract,1,629,0.38599999999996726,1.8139999999998508,0,0.8
115,retract,1,630,0.7599999999999909,1.8420000000000982,0,0.8
115,retract,1,631,1.0920000000000982,3.2159999999998945,1,0.8
115,retract,1,632,1.5599999999999454,2.576000000000022,1,0.8
115,retract,1,633,0.11000000000012733,2.2519999999999527,0,0.8
115,retract,1,634,0.2919999999999163,0.83400000000006,0,0.8
115,retract,1,635,0.7799999999999727,2.3640000000000327,0,0.8
115,retract,1,636,0.36599999999998545,1.6980000000000928,0,0.8
115,retract,1,637,0.5699999999999363,1.6259999999999764,0,0.8
115,retract,1,638,1.3299999999999272,2.1480000000001382,1,0.8
115,retract,1,639,1.3539999999998145,3.3580000000001746,1,0.8
115,retract,1,640,1.066000000000031,2.717999999999847,1,0.8
115,retract,1,641,1.5260000000000673,2.5160000000000764,1,0.9
115,retract,1,642,1.3619999999998527,2.27800000000002,1,0.9
115,retract,1,643,0.8820000000000618,6.248000000000047,0,0.9
115,retract,1,644,0.2300000000000182,0.7819999999999254,0,0.9
115,retract,1,645,0.4739999999999327,0.08799999999996544,0,0.9
115,retract,1,647,0.2880000000000109,0.06399999999985084,0,0.9
115,retract,1,649,0.4099999999998545,1.6000000000001364,0,0.9
115,retract,1,650,0.11400000000003274,1.8579999999999472,0,0.9
115,retract,1,651,0.6040000000000418,2.119999999999891,0,0.9
115,retract,1,652,0.6000000000001364,1.9199999999998454,0,0.9
115,retract,1,653,0.4479999999998654,0.930000000000291,0,0.9
115,retract,1,654,0.9039999999999964,2.4039999999999964,1,0.9
115,retract,1,655,1.0540000000000873,4.382000000000062,1,0.9
115,retract,1,656,1.0539999999996326,9.774000000000342,1,0.9
115,retract,1,657,1.225999999999658,2.7380000000002838,1,1.0
115,retract,1,658,0.7579999999998108,3.0419999999999163,0,1.0
115,retract,1,659,0.42200000000002547,1.9880000000002838,0,1.0
115,retract,1,660,0.4899999999997817,1.818000000000211,0,1.0
115,retract,1,661,0.6720000000000255,2.2599999999997635,0,1.0
115,retract,1,662,0.5860000000002401,0.8919999999998254,0,1.0
115,retract,1,663,0.2579999999998108,0.09200000000009823,0,1.0
115,retract,1,665,0.3500000000003638,1.9039999999999964,0,1.0
115,retract,1,666,0.5180000000000291,3.7159999999998945,0,1.0
115,retract,1,667,0.9200000000000728,2.1039999999998145,0,1.0
115,retract,1,668,0.599999999999909,0.8279999999999745,0,1.0
115,retract,1,669,0.8360000000002401,2.8899999999998727,0,1.0
115,retract,1,670,0.2680000000000291,0.69399999999996,0,1.0
115,retract,1,671,0.13000000000010914,0.047999999999774445,0,1.0
115,retract,1,673,0.047999999999774445,0.05999999999994543,0,1.0
115,retract,1,675,0.15200000000004366,2.2100000000000364,0,1.0
115,retract,1,676,0.1659999999997126,1.1980000000003201,0,1.0
115,retract,1,677,0.27599999999983993,0.05400000000008731,0,1.0
115,retract,1,679,0.11000000000012733,0.7000000000002728,0,1.0
115,retract,1,680,0.14399999999977808,0.08199999999987995,0,1.0
115,retract,1,682,0.4679999999998472,0.032000000000152795,0,1.0
115,retract,1,685,1.05600000000004,9.68600000000015,1,1.0
115,retract,1,686,0.69399999999996,2.8400000000001455,0,1.0
115,retract,1,687,0.487999999999829,1.5740000000000691,0,1.0
115,retract,1,688,0.5760000000000218,1.5679999999997563,0,1.0
115,retract,1,689,0.6900000000000546,2.0459999999998217,0,1.0
115,retract,1,690,1.1400000000003274,2.1659999999997126,1,1.0
115,retract,1,691,1.4980000000000473,2.3640000000000327,1,1.0
115,retract,1,692,0.21000000000003638,2.2719999999999345,0,1.0
115,retract,1,693,0.20800000000008367,0.7980000000002292,0,1.0
115,retract,1,694,0.9220000000000255,2.3399999999996908,0,1.0
115,retract,1,695,0.42399999999997817,2.374000000000251,0,1.0
115,retract,1,696,0.5119999999997162,1.8520000000003165,0,1.0
115,retract,1,697,1.1119999999996253,8.146000000000186,1,1.0
115,retract,1,698,0.7179999999998472,7.768000000000029,0,1.0
115,retract,1,699,0.22400000000016007,1.3960000000001855,0,1.0
115,retract,1,700,0.25,3.643999999999778,0,1.0
115,retract,1,701,0.1959999999999127,1.206000000000131,0,1.0
115,retract,1,702,0.32600000000002183,3.47400000000016,0,1.0
115,retract,1,703,0.28199999999969805,2.1100000000001273,0,1.0
115,retract,1,704,0.07799999999997453,2.8519999999998618,0,1.0
115,retract,1,705,0.3200000000001637,0.6900000000000546,0,1.0
115,retract,1,706,0.7199999999997999,3.8760000000002037,0,1.0
115,retract,1,707,0.7779999999997926,2.7539999999999054,0,1.0
115,retract,1,708,0.818000000000211,2.08600000000024,0,1.0
115,retract,1,709,0.4899999999997817,1.19399999999996,0,1.0
115,retract,1,710,0.45200000000022555,3.3079999999999927,0,1.0
115,retract,1,711,0.4579999999996289,2.1840000000001965,0,1.0
115,retract,1,712,1.0019999999999527,2.1159999999999854,1,1.0
115,retract,1,713,0.2559999999998581,1.981999999999971,0,1.0
115,retract,1,714,1.0960000000000036,1.9260000000003856,1,1.0
115,retract,1,715,1.094000000000051,4.087999999999738,1,1.0
115,retract,1,716,0.5920000000000982,2.3719999999998436,0,1.0
115,retract,1,717,0.36799999999993815,2.461999999999989,0,1.0
115,retract,1,718,0.8680000000003929,0.9739999999997053,0,1.0
115,retract,1,719,1.1820000000002437,11.779999999999745,1,1.0
115,retract,1,720,0.38599999999996726,1.550000000000182,0,1.0
115,retract,1,721,0.8519999999998618,1.5399999999999636,0,1.0
115,retract,1,722,0.45000000000027285,3.5299999999997453,0,1.0
115,retract,1,723,0.4079999999999018,1.3200000000001637,0,1.0
115,retract,1,724,0.7600000000002183,2.6579999999999018,0,1.0
115,retract,1,725,1.587999999999738,0.34799999999995634,1,1.0
115,retract,1,726,0.330000000000382,4.7159999999998945,0,1.0
115,retract,1,727,0.36799999999993815,2.036000000000058,0,1.0
115,retract,1,728,0.33399999999983265,0.7899999999999636,0,1.0
115,retract,1,729,0.8079999999999927,1.0019999999999527,0,1.0
115,retract,1,730,1.2040000000001783,5.5219999999999345,1,1.0
115,retract,1,731,0.21000000000003638,0.7840000000001055,0,1.0
115,retract,1,732,0.27599999999983993,0.7280000000000655,0,1.0
115,retract,1,733,0.318000000000211,1.8039999999996326,0,1.0
115,retract,1,734,0.7119999999999891,1.012000000000171,0,1.0
115,retract,1,735,0.6979999999998654,0.14000000000032742,0,1.0
115,retract,1,737,0.5820000000003347,2.0459999999998217,0,1.0
115,retract,1,738,0.18400000000019645,0.06399999999985084,0,1.0
115,retract,1,740,0.47400000000016007,3.211999999999989,0,1.0
115,retract,1,741,0.4639999999999418,2.4919999999997344,0,1.0
115,retract,1,742,0.07800000000042928,0.09599999999954889,0,1.0
115,retract,1,744,1.0600000000004002,3.431999999999789,1,1.0
115,retract,1,745,0.1799999999998363,0.038000000000010914,0,1.0
115,retract,1,747,0.17399999999997817,2.9760000000001128,0,1.0
115,retract,1,748,0.7300000000000182,2.5399999999999636,0,1.0
115,retract,1,749,1.0880000000001928,2.0899999999996908,1,1.0
115,retract,1,750,0.8079999999999927,1.8400000000001455,0,1.0
115,retract,1,751,0.41200000000026193,0.69399999999996,0,1.0
115,retract,1,752,0.03999999999996362,0.04399999999986903,0,1.0
115,retract,1,754,0.3919999999998254,1.8820000000000618,0,1.0
115,retract,1,755,0.4839999999999236,1.8420000000000982,0,1.0
115,retract,1,756,1.1100000000001273,1.9179999999996653,1,1.0
115,retract,1,757,1.7940000000003238,4.52599999999984,1,1.0
115,retract,1,758,0.5239999999998872,1.9540000000001783,0,1.0
115,retract,1,759,0.9960000000000946,0.8699999999998909,0,1.0
115,retract,1,760,0.9619999999999891,1.2959999999998217,0,1.0
115,retract,1,761,0.5320000000001528,0.80600000000004,0,1.0
115,retract,1,762,0.6019999999998618,0.9039999999999964,0,1.0
115,retract,1,763,1.2359999999998763,5.156000000000404,1,1.0
115,retract,1,764,0.4420000000000073,0.7039999999997235,0,1.0
115,retract,1,765,0.06199999999989814,0.0340000000001055,0,1.0
115,retract,1,767,0.4739999999997053,0.8000000000001819,0,1.0
115,retract,1,768,0.6619999999998072,2.6840000000001965,0,1.0
115,retract,1,769,0.7260000000001128,1.7699999999999818,0,1.0
115,retract,1,770,0.8359999999997854,2.675999999999931,0,1.0
115,retract,1,771,0.8520000000003165,1.7999999999997272,0,1.0
115,retract,1,772,0.7600000000002183,1.1920000000000073,0,1.0
115,retract,1,773,0.7599999999997635,0.6880000000001019,0,1.0
115,retract,1,774,0.2199999999997999,0.8460000000000036,0,1.0
115,retract,1,775,0.2760000000002947,0.03999999999996362,0,1.0
115,retract,1,777,0.6260000000002037,2.02599999999984,0,1.0
115,retract,1,778,1.0260000000002947,3.013999999999669,1,1.0
115,retract,1,779,0.4940000000001419,2.425999999999931,0,1.0
115,retract,1,780,0.13200000000006185,1.3040000000000873,0,1.0
115,retract,1,781,1.038000000000011,2.3779999999997017,1,1.0
115,retract,1,782,0.16200000000026193,0.8739999999997963,0,1.0
115,retract,1,783,0.36400000000003274,0.03600000000005821,0,1.0
115,retract,1,785,0.3919999999998254,2.4039999999999964,0,1.0
115,retract,1,786,0.2860000000000582,3.7519999999999527,0,1.0
115,retract,1,787,0.40399999999999636,0.9100000000003092,0,1.0
115,retract,1,788,1.018000000000029,6.097999999999956,1,1.0
115,retract,1,789,0.7799999999997453,1.3240000000000691,0,1.0
115,retract,1,790,0.8540000000002692,1.3599999999996726,0,1.0
115,retract,1,791,0.5480000000002292,1.6340000000000146,0,1.0
115,retract,1,792,0.35599999999976717,3.300000000000182,0,1.0
115,retract,1,793,0.37199999999984357,1.2139999999999418,0,1.0
115,retract,1,794,0.5080000000002656,1.6900000000000546,0,1.0
115,retract,1,795,0.47799999999961074,0.6840000000001965,0,1.0
115,retract,1,796,0.2300000000000182,0.06599999999980355,0,1.0
115,retract,1,798,0.9659999999998945,15.158000000000357,0,1.0
115,retract,1,799,0.038000000000010914,1.875999999999749,0,1.0
115,retract,1,800,0.66800000000012,2.036000000000058,0,1.0
115,retract,1,801,0.4479999999998654,1.1920000000000073,0,1.0
115,retract,1,802,0.6039999999998145,1.5960000000000036,0,1.0
115,retract,1,803,0.7200000000002547,1.8679999999999382,0,1.0
115,retract,1,804,0.20400000000017826,1.6099999999996726,0,1.0
115,retract,1,805,0.11000000000012733,2.2040000000001783,0,1.0
115,retract,1,806,0.28199999999969805,1.2940000000003238,0,1.0
115,retract,1,807,0.7179999999998472,0.9160000000001673,0,1.0
115,retract,1,808,0.6140000000000327,3.593999999999596,0,1.0
115,retract,1,809,0.27400000000034197,1.0459999999998217,0,1.0
115,retract,1,810,1.2660000000000764,2.5859999999997854,1,1.0
115,retract,1,811,0.32600000000002183,1.3920000000002801,0,1.0
115,retract,1,812,1.0899999999996908,6.414000000000215,1,1.0
115,retract,1,813,0.83199999999988,1.8580000000001746,0,1.0
115,retract,1,814,0.31999999999970896,0.7660000000000764,0,1.0
115,retract,1,815,0.9100000000003092,1.8539999999998145,0,1.0
115,retract,1,816,0.37800000000015643,1.094000000000051,0,1.0
115,retract,1,817,0.8840000000000146,1.0419999999999163,0,1.0
115,retract,1,818,0.36999999999989086,1.5300000000002,0,1.0
115,retract,1,819,0.7919999999999163,0.8240000000000691,0,1.0
115,retract,1,820,1.1579999999999018,2.3859999999999673,1,1.0
115,retract,1,821,1.2219999999997526,2.9760000000001128,1,1.0
115,retract,1,822,1.038000000000011,9.121999999999844,1,1.0
115,retract,1,823,0.7780000000002474,1.5979999999999563,0,1.1
115,retract,1,824,0.8859999999999673,1.800000000000182,0,1.1
115,retract,1,825,0.6999999999998181,1.08199999999988,0,1.1
115,retract,1,826,0.09400000000005093,0.10400000000026921,0,1.1
115,retract,1,828,0.27799999999979264,0.7460000000000946,0,1.1
115,retract,1,829,0.49399999999968713,0.02400000000034197,0,1.1
115,retract,1,831,0.12800000000015643,0.11599999999998545,0,1.1
115,retract,1,833,0.5160000000000764,2.0140000000001237,0,1.1
115,retract,1,834,0.43400000000019645,2.7859999999996035,0,1.1
115,retract,1,835,0.0820000000003347,2.563999999999851,0,1.1
115,retract,1,836,0.38200000000006185,0.8099999999999454,0,1.1
115,retract,1,837,0.9279999999998836,6.428000000000338,0,1.1
115,retract,1,838,0.5599999999999454,0.9200000000000728,0,1.1
115,retract,1,839,0.32999999999992724,0.10199999999986176,0,1.1
115,retract,1,841,0.21199999999998909,1.6959999999999127,0,1.1
115,retract,1,842,0.487999999999829,0.762000000000171,0,1.1
115,retract,1,843,1.0160000000000764,2.4960000000000946,0,1.1
115,retract,1,844,0.1619999999998072,1.1199999999998909,0,1.1
115,retract,1,845,0.15599999999994907,2.61200000000008,0,1.1
115,retract,1,846,0.4980000000000473,0.75,0,1.1
115,retract,1,847,0.8679999999999382,3.7960000000002765,0,1.1
115,retract,1,848,0.5799999999999272,5.4099999999998545,0,1.1
115,retract,1,849,0.29399999999986903,0.04400000000032378,0,1.1
115,retract,1,851,0.0860000000002401,0.057999999999992724,0,1.1
115,retract,1,853,0.3340000000002874,1.8079999999999927,0,1.1
115,retract,1,854,0.8599999999996726,1.8520000000003165,0,1.1
115,retract,1,855,0.11999999999989086,0.04999999999972715,0,1.1
115,retract,1,857,0.4479999999998654,0.10800000000017462,0,1.1
115,retract,1,859,0.2039999999997235,1.4900000000002365,0,1.1
115,retract,1,860,0.4139999999997599,2.231999999999971,0,1.1
115,retract,1,861,0.38599999999996726,1.9880000000002838,0,1.1
115,retract,1,862,1.1479999999996835,4.33600000000024,1,1.1
115,retract,1,863,0.22800000000006548,4.105999999999767,0,1.1
115,retract,1,864,0.5799999999999272,1.844000000000051,0,1.1
115,retract,1,865,0.40599999999994907,0.7840000000001055,0,1.1
115,retract,1,866,0.3520000000003165,1.6459999999997308,0,1.1
115,retract,1,867,0.4679999999998472,1.8100000000004002,0,1.1
115,retract,1,868,0.6199999999998909,1.9200000000000728,0,1.1
115,retract,1,869,0.9159999999997126,1.050000000000182,0,1.1
115,retract,1,870,0.6019999999998618,1.961999999999989,0,1.1
115,retract,1,871,0.4479999999998654,1.2580000000002656,0,1.1
115,retract,1,872,0.69399999999996,1.9360000000001492,0,1.1
115,retract,1,873,0.24399999999968713,1.7380000000002838,0,1.1
115,retract,1,874,0.1999999999998181,0.02599999999983993,0,1.1
115,retract,1,876,1.150000000000091,2.188000000000102,1,1.1
115,retract,1,877,1.9099999999998545,5.329999999999927,1,1.1
115,retract,1,878,0.46400000000039654,0.04999999999972715,0,1.1
115,retract,1,880,1.113999999999578,3.0540000000000873,1,1.1
115,retract,1,881,0.22000000000025466,0.7680000000000291,0,1.1
115,retract,1,882,0.8440000000000509,2.849999999999909,0,1.1
115,retract,1,883,0.8699999999998909,1.38799999999992,0,1.1
115,retract,1,884,0.5799999999999272,1.0060000000003129,0,1.1
115,retract,1,885,1.0760000000000218,1.6219999999998436,0,1.1
115,retract,1,886,1.3460000000000036,3.173999999999978,1,1.1
115,retract,1,887,0.38200000000006185,2.0920000000000982,0,1.1
115,retract,1,888,0.4619999999999891,0.6779999999998836,0,1.1
115,retract,1,889,0.02999999999974534,0.0340000000001055,0,1.1
115,retract,1,891,0.5159999999996217,1.9840000000003783,0,1.1
115,retract,1,892,0.4719999999997526,2.2800000000002,0,1.1
115,retract,1,893,0.1799999999998363,0.11999999999989086,0,1.1
115,retract,1,895,0.06400000000030559,0.01999999999998181,0,1.1
115,retract,1,897,0.7399999999997817,1.5040000000003602,0,1.1
115,retract,1,898,0.9079999999999018,1.6340000000000146,0,1.1
115,retract,1,899,1.1859999999996944,2.19399999999996,1,1.1
115,retract,1,900,0.47200000000020736,1.318000000000211,0,1.1
115,retract,1,901,0.5059999999998581,3.2919999999999163,0,1.1
115,retract,1,902,1.0540000000000873,1.849999999999909,0,1.1
115,retract,1,903,0.36599999999998545,1.1159999999999854,0,1.1
115,retract,1,904,1.0720000000001164,1.5140000000001237,0,1.1
115,retract,1,905,0.9339999999997417,1.1040000000002692,0,1.1
115,retract,1,906,0.29399999999986903,0.01999999999998181,0,1.1
115,retract,1,908,0.47000000000025466,1.2999999999997272,0,1.1
115,retract,1,909,0.43400000000019645,2.72400000000016,0,1.1
115,retract,1,910,0.6039999999998145,2.175999999999931,0,1.1
115,retract,1,911,0.2640000000001237,0.83199999999988,0,1.1
115,retract,1,912,0.2800000000002001,3.7859999999996035,0,1.1
115,retract,1,913,0.3000000000001819,29.190000000000055,0,1.1
115,retract,1,914,0.07400000000006912,1.3139999999998508,0,1.1
115,retract,1,915,0.43800000000010186,2.2799999999997453,0,1.1
115,retract,1,916,0.762000000000171,1.9420000000000073,0,1.1
115,retract,1,917,0.7280000000000655,1.3980000000001382,0,1.1
115,retract,1,918,0.1959999999999127,1.0979999999999563,0,1.1
115,retract,1,919,0.2159999999998945,1.8079999999999927,0,1.1
115,retract,1,920,0.36599999999998545,3.0419999999999163,0,1.1
115,retract,1,921,0.16200000000026193,0.8479999999999563,0,1.1
115,retract,1,922,0.7419999999997344,2.5140000000001237,0,1.1
115,retract,1,923,0.15399999999999636,1.9380000000001019,0,1.1
115,retract,1,924,0.2699999999999818,0.762000000000171,0,1.1
115,retract,1,925,0.38200000000006185,2.5099999999997635,0,1.1
115,retract,1,926,0.20400000000017826,0.7159999999998945,0,1.1
115,retract,1,927,1.0239999999998872,2.619999999999891,0,1.1
115,retract,1,928,0.2800000000002001,0.8279999999999745,0,1.1
115,retract,1,929,0.8600000000001273,2.4780000000000655,0,1.1
115,retract,1,930,0.6079999999997199,1.1880000000001019,0,1.1
115,retract,1,931,0.8699999999998909,2.298000000000229,0,1.1
115,retract,1,932,1.0479999999997744,1.2719999999999345,0,1.1
115,retract,1,933,0.07400000000006912,0.6359999999999673,0,1.1
115,retract,1,934,0.8960000000001855,0.03600000000005821,0,1.1
115,retract,1,936,0.11000000000012733,2.145999999999731,0,1.1
115,retract,1,937,0.9259999999999309,0.7460000000000946,0,1.1
115,retract,1,938,0.7660000000000764,2.4020000000000437,0,1.1
115,retract,1,939,0.34999999999990905,6.288000000000011,0,1.1
115,retract,1,940,0.66800000000012,3.619999999999891,0,1.1
115,retract,1,941,0.4619999999999891,1.8899999999998727,0,1.1
115,retract,1,942,0.7680000000000291,1.4920000000001892,0,1.1
115,retract,1,943,0.38200000000006185,1.3539999999998145,0,1.1
115,retract,1,944,0.36799999999993815,0.03000000000020009,0,1.1
115,retract,1,946,0.5059999999998581,3.1100000000001273,0,1.1
115,retract,1,947,0.3079999999999927,0.7979999999997744,0,1.1
115,retract,1,948,0.16600000000016735,1.16800000000012,0,1.1
115,retract,1,949,1.0799999999999272,2.5299999999997453,0,1.1
115,retract,1,950,0.44000000000005457,33.36400000000003,0,1.1
115,retract,1,951,0.4299999999998363,1.5020000000004075,0,1.1
115,retract,1,952,0.1999999999998181,135.54199999999992,0,1.1
115,retract,1,953,0.43200000000024374,1.3019999999996799,0,1.1
115,retract,1,954,0.8299999999999272,7.040000000000418,0,1.1
115,retract,1,955,0.4399999999995998,2.1539999999999964,0,1.1
115,retract,1,956,0.580000000000382,7.2719999999999345,0,1.1
115,retract,1,957,0.1479999999996835,1.7080000000000837,0,1.1
115,retract,1,958,0.20000000000027285,2.105999999999767,0,1.1
115,retract,1,959,0.22600000000011278,0.8559999999997672,0,1.1
115,retract,1,960,0.17200000000002547,0.19200000000000728,0,1.1
115,retract,1,962,0.7899999999999636,1.1399999999998727,0,1.1
115,retract,1,963,0.14400000000023283,1.3859999999999673,0,1.1
115,retract,1,964,0.1679999999996653,2.662000000000262,0,1.1
115,retract,1,965,1.0340000000001055,2.5539999999996326,0,1.1
115,retract,1,966,0.6840000000001965,1.6179999999999382,0,1.1
115,retract,1,967,1.1880000000001019,,1,1.1
115,retract,2,1,0.17799999999999727,0.1600000000000037,0,1.1
115,retract,2,3,0.016000000000005343,1.6199999999999974,0,1.1
115,retract,2,4,0.32200000000000273,0.16599999999999682,0,1.1
115,retract,2,6,0.8339999999999961,1.0679999999999978,0,1.1
115,retract,2,7,0.23200000000000642,4.349999999999994,0,1.1
115,retract,2,8,0.24200000000000443,0.11599999999999966,0,1.1
115,retract,2,10,0.018000000000000682,0.1180000000000021,0,1.1
115,retract,2,12,0.3260000000000005,2.0279999999999987,0,1.1
115,retract,2,13,0.990000000000002,1.7820000000000036,0,1.1
115,retract,2,14,1.1599999999999966,10.86,1,1.1
115,retract,2,15,0.06199999999999761,0.8260000000000076,0,1.1
115,retract,2,16,0.7519999999999953,1.465999999999994,0,1.1
115,retract,2,17,0.5240000000000009,0.05200000000000671,0,1.1
115,retract,2,19,0.9740000000000038,2.3499999999999943,0,1.1
115,retract,2,20,1.7680000000000007,3.117999999999995,1,1.1
115,retract,2,21,0.12000000000000455,0.031999999999996476,0,1.1
115,retract,2,23,0.8520000000000039,0.7800000000000011,0,1.1
115,retract,2,24,0.9479999999999933,1.2660000000000053,0,1.1
115,retract,2,25,1.7179999999999893,5.684000000000012,1,1.1
115,retract,2,26,0.1939999999999884,1.2600000000000051,0,1.1
115,retract,2,27,0.8460000000000036,2.0600000000000023,0,1.1
115,retract,2,28,0.06999999999999318,0.7379999999999995,0,1.1
115,retract,2,29,0.0660000000000025,0.11199999999999477,0,1.1
115,retract,2,31,0.45999999999999375,2.406000000000006,0,1.1
115,retract,2,32,0.931999999999988,2.9200000000000017,0,1.1
115,retract,2,33,1.108000000000004,2.200000000000003,1,1.1
115,retract,2,34,1.2000000000000028,0.2979999999999876,1,1.1
115,retract,2,35,0.362000000000009,2.817999999999998,0,1.1
115,retract,2,36,0.20600000000000307,0.9699999999999989,0,1.1
115,retract,2,37,0.7839999999999918,1.2580000000000098,0,1.1
115,retract,2,38,0.24199999999999022,0.6880000000000024,0,1.1
115,retract,2,39,0.07000000000000739,0.12399999999999523,0,1.1
115,retract,2,41,0.19600000000001216,0.8599999999999994,0,1.1
115,retract,2,42,1.4779999999999944,9.649999999999991,1,1.1
115,retract,2,43,0.9180000000000064,1.0440000000000111,0,1.1
115,retract,2,44,1.0600000000000023,2.475999999999999,0,1.1
115,retract,2,45,0.8479999999999848,1.2460000000000093,0,1.1
115,retract,2,46,0.21000000000000796,0.8319999999999936,0,1.1
115,retract,2,47,0.72199999999998,1.2439999999999998,0,1.1
115,retract,2,48,0.32200000000000273,0.034000000000020236,0,1.1
115,retract,2,50,1.2199999999999989,3.950000000000017,1,1.1
115,retract,2,51,0.7259999999999991,1.0379999999999825,0,1.1
115,retract,2,52,1.0660000000000025,0.7160000000000082,0,1.1
115,retract,2,53,1.0199999999999818,9.512,0,1.1
115,retract,2,54,0.11200000000002319,0.8379999999999939,0,1.1
115,retract,2,55,0.2740000000000009,0.8460000000000036,0,1.1
115,retract,2,56,1.2539999999999907,3.9739999999999895,1,1.1
115,retract,2,57,0.9800000000000182,1.0360000000000014,0,1.1
115,retract,2,58,0.3719999999999857,0.7439999999999998,0,1.1
115,retract,2,59,0.0800000000000125,0.055999999999983174,0,1.1
115,retract,2,61,0.9399999999999977,1.4540000000000077,0,1.1
115,retract,2,62,0.2079999999999984,0.04800000000000182,0,1.1
115,retract,2,64,0.09600000000000364,0.033999999999991815,0,1.1
115,retract,2,66,0.6239999999999952,3.8000000000000114,0,1.1
115,retract,2,67,0.8719999999999857,0.9020000000000152,0,1.1
115,retract,2,68,1.0660000000000025,1.0999999999999943,0,1.1
115,retract,2,69,0.7639999999999816,4.636000000000024,0,1.1
115,retract,2,70,0.45999999999997954,0.054000000000002046,0,1.1
115,retract,2,72,1.6219999999999857,1.8880000000000052,1,1.1
115,retract,2,73,0.7280000000000086,1.4439999999999884,0,1.1
115,retract,2,74,0.8260000000000218,1.0199999999999818,0,1.1
115,retract,2,75,0.8619999999999948,0.09000000000000341,0,1.1
115,retract,2,77,0.34799999999998477,0.11400000000000432,0,1.1
115,retract,2,79,0.04999999999998295,1.6900000000000261,0,1.1
115,retract,2,80,0.1559999999999775,5.1440000000000055,0,1.1
115,retract,2,81,1.6100000000000136,0.23799999999999955,1,1.1
115,retract,2,82,0.4899999999999807,2.2079999999999984,0,1.1
115,retract,2,83,1.0940000000000225,1.0339999999999918,0,1.1
115,retract,2,84,0.2580000000000098,1.274000000000001,0,1.1
115,retract,2,85,1.0559999999999832,0.9799999999999898,0,1.1
115,retract,2,86,1.7199999999999989,3.2320000000000277,1,1.1
115,retract,2,87,0.20599999999998886,0.7620000000000005,0,1.1
115,retract,2,88,0.7139999999999986,3.912000000000006,0,1.1
115,retract,2,89,1.299999999999983,8.77600000000001,1,1.1
115,retract,2,90,1.1459999999999866,2.475999999999999,1,1.1
115,retract,2,91,2.694000000000017,2.1859999999999786,1,1.1
115,retract,2,92,0.10400000000004184,2.505999999999972,0,1.2
115,retract,2,93,0.603999999999985,2.126000000000033,0,1.2
115,retract,2,94,0.27799999999996317,0.12999999999999545,0,1.2
115,retract,2,96,1.1539999999999964,1.4120000000000346,0,1.2
115,retract,2,97,1.1479999999999677,0.1519999999999868,0,1.2
115,retract,2,99,0.9939999999999714,1.6879999999999882,0,1.2
115,retract,2,100,0.7940000000000396,1.1919999999999504,0,1.2
115,retract,2,101,0.5920000000000414,0.8079999999999927,0,1.2
115,retract,2,102,1.1259999999999764,2.0880000000000223,0,1.2
115,retract,2,103,0.45400000000000773,0.8340000000000032,0,1.2
115,retract,2,104,0.13999999999998636,1.211999999999989,0,1.2
115,retract,2,105,0.07400000000001228,1.377999999999986,0,1.2
115,retract,2,106,1.1059999999999945,1.7440000000000282,0,1.2
115,retract,2,107,0.2740000000000009,0.94399999999996,0,1.2
115,retract,2,108,0.79200000000003,0.7019999999999982,0,1.2
115,retract,2,109,1.0480000000000018,0.8840000000000146,0,1.2
115,retract,2,110,1.1440000000000055,1.4099999999999682,0,1.2
115,retract,2,111,1.3620000000000232,2.2539999999999623,1,1.2
115,retract,2,112,0.3140000000000214,0.6619999999999777,0,1.2
115,retract,2,113,0.02400000000000091,0.8760000000000332,0,1.2
115,retract,2,114,0.08999999999997499,1.7080000000000268,0,1.2
115,retract,2,115,0.5099999999999909,1.2379999999999995,0,1.2
115,retract,2,116,0.4819999999999709,3.740000000000009,0,1.2
115,retract,2,117,0.1519999999999868,2.951999999999998,0,1.2
115,retract,2,118,0.9760000000000559,1.3859999999999673,0,1.2
115,retract,2,119,0.8179999999999836,0.9840000000000373,0,1.2
115,retract,2,120,0.9379999999999882,11.644000000000005,0,1.2
115,retract,2,121,0.057999999999992724,6.413999999999987,0,1.2
115,retract,2,122,0.25,0.06200000000001182,0,1.2
115,retract,2,124,0.7880000000000109,1.9259999999999877,0,1.2
115,retract,2,125,0.6739999999999782,1.79200000000003,0,1.2
115,retract,2,126,0.6779999999999973,0.9139999999999873,0,1.2
115,retract,2,127,1.0179999999999723,0.038000000000010914,0,1.2
115,retract,2,129,1.1800000000000068,0.8380000000000223,0,1.2
115,retract,2,130,1.0079999999999814,21.548000000000002,0,1.2
115,retract,2,131,1.2620000000000005,5.305999999999983,1,1.2
115,retract,2,132,0.19200000000000728,0.8180000000000405,0,1.2
115,retract,2,133,0.2839999999999918,0.8759999999999764,0,1.2
115,retract,2,134,0.9660000000000082,0.8040000000000305,0,1.2
115,retract,2,135,0.7939999999999827,1.740000000000009,0,1.2
115,retract,2,136,0.8519999999999754,0.9379999999999882,0,1.2
115,retract,2,137,0.37800000000004275,3.013999999999953,0,1.2
115,retract,2,138,0.16200000000003456,2.098000000000013,0,1.2
115,retract,2,139,0.5259999999999536,2.8880000000000337,0,1.2
115,retract,2,140,0.07599999999996498,0.03200000000003911,0,1.2
115,retract,2,142,0.8179999999999836,11.872000000000014,0,1.2
115,retract,2,143,0.6599999999999682,1.2900000000000205,0,1.2
115,retract,2,144,1.339999999999975,2.8559999999999945,1,1.2
115,retract,2,145,0.7420000000000186,1.0360000000000014,0,1.2
115,retract,2,146,1.2099999999999795,2.2280000000000086,1,1.2
115,retract,2,147,1.0060000000000286,1.1499999999999773,0,1.2
115,retract,2,148,1.2019999999999982,1.8319999999999936,1,1.2
115,retract,2,149,0.9720000000000368,0.8979999999999677,0,1.2
115,retract,2,150,0.40800000000001546,1.117999999999995,0,1.2
115,retract,2,151,1.113999999999976,1.7160000000000082,0,1.2
115,retract,2,152,0.23200000000002774,0.8439999999999941,0,1.2
115,retract,2,153,0.8899999999999864,1.2479999999999905,0,1.2
115,retract,2,154,0.938000000000045,2.231999999999971,0,1.2
115,retract,2,155,0.47199999999998,0.15399999999999636,0,1.2
115,retract,2,157,1.1440000000000055,1.9779999999999518,0,1.2
115,retract,2,158,0.29200000000003,0.7959999999999923,0,1.2
115,retract,2,159,2.7900000000000205,0.2699999999999818,1,1.2
115,retract,2,160,0.02400000000000091,2.52800000000002,0,1.2
115,retract,2,161,0.9959999999999809,2.495999999999981,0,1.2
115,retract,2,162,0.5640000000000214,2.6200000000000045,0,1.2
115,retract,2,163,1.113999999999976,2.198000000000036,0,1.2
115,retract,2,164,2.5159999999999627,0.23799999999999955,1,1.2
115,retract,2,165,0.40200000000004366,5.923999999999978,0,1.2
115,retract,2,166,0.2799999999999727,1.1260000000000332,0,1.2
115,retract,2,167,1.4300000000000068,2.363999999999976,1,1.2
115,retract,2,168,0.617999999999995,0.8840000000000146,0,1.2
115,retract,2,169,1.2439999999999714,7.8940000000000055,1,1.2
115,retract,2,170,0.9200000000000159,1.1240000000000236,0,1.2
115,retract,2,171,1.3799999999999955,4.657999999999959,1,1.2
115,retract,2,172,1.7720000000000482,3.8460000000000036,1,1.2
115,retract,2,173,0.4819999999999709,0.8020000000000209,0,1.2
115,retract,2,174,1.2239999999999895,3.584000000000003,1,1.2
115,retract,2,175,0.9979999999999905,2.055999999999983,0,1.2
115,retract,2,176,0.19800000000003593,0.06599999999997408,0,1.2
115,retract,2,178,1.1800000000000068,1.245999999999981,0,1.2
115,retract,2,179,1.1560000000000628,1.6459999999999582,0,1.2
115,retract,2,180,1.1079999999999472,0.8960000000000719,0,1.2
115,retract,2,181,1.268000000000029,5.451999999999998,1,1.2
115,retract,2,182,1.3319999999999936,3.538000000000011,1,1.2
115,retract,2,183,1.42999999999995,0.22400000000004638,1,1.2
115,retract,2,184,0.5919999999999845,4.871999999999957,0,1.2
115,retract,2,185,0.9640000000000555,0.7699999999999818,0,1.2
115,retract,2,186,1.52800000000002,1.849999999999909,1,1.2
115,retract,2,187,1.2100000000000364,7.621999999999957,1,1.2
115,retract,2,188,1.1340000000000146,1.802000000000021,0,1.2
115,retract,2,189,0.4420000000000073,0.8440000000000509,0,1.2
115,retract,2,190,0.6639999999999873,0.06999999999993634,0,1.2
115,retract,2,192,0.14599999999995816,4.040000000000077,0,1.2
115,retract,2,193,1.0779999999999745,2.004000000000019,0,1.2
115,retract,2,194,1.0079999999999245,1.9360000000000355,0,1.2
115,retract,2,195,0.09799999999995634,0.8300000000000409,0,1.2
115,retract,2,196,2.3659999999999854,0.05600000000004002,1,1.2
115,retract,2,197,0.05200000000002092,3.655999999999949,0,1.2
115,retract,2,198,2.230000000000018,0.09600000000000364,1,1.2
115,retract,2,199,0.08399999999994634,3.1779999999999973,0,1.2
115,retract,2,200,0.17200000000002547,0.9660000000000082,0,1.2
115,retract,2,201,0.9039999999999964,0.12800000000004275,0,1.2
115,retract,2,203,1.316000000000031,6.30600000000004,1,1.2
115,retract,2,204,0.12399999999990996,0.7940000000000964,0,1.2
115,retract,2,205,0.9900000000000091,1.1299999999999955,0,1.2
115,retract,2,206,0.2279999999999518,0.9519999999999982,0,1.2
115,retract,2,207,0.03200000000003911,3.2859999999999445,0,1.2
115,retract,2,208,1.1280000000000427,1.0480000000000018,0,1.2
115,retract,2,209,1.2279999999999518,2.7100000000000364,1,1.2
115,retract,2,210,0.2759999999999536,3.83400000000006,0,1.2
115,retract,2,211,1.391999999999939,3.5260000000000673,1,1.2
115,retract,2,212,0.9339999999999691,0.9819999999999709,0,1.2
115,retract,2,213,1.1900000000000546,1.052000000000021,0,1.2
115,retract,2,214,0.8779999999999291,1.9600000000000364,0,1.2
115,retract,2,215,1.217999999999961,8.701999999999998,1,1.2
115,retract,2,216,0.8720000000000709,1.1719999999999118,0,1.2
115,retract,2,217,1.0400000000000773,0.9599999999999227,0,1.2
115,retract,2,218,1.3360000000000127,2.61200000000008,1,1.2
115,retract,2,219,0.7559999999999718,2.16599999999994,0,1.2
115,retract,2,220,1.0960000000000036,4.780000000000086,0,1.2
115,retract,2,221,1.1299999999999955,1.1299999999999955,0,1.2
115,retract,2,222,0.08199999999999363,0.07200000000000273,0,1.2
115,retract,2,224,1.1359999999999673,1.2620000000000573,0,1.2
115,retract,2,225,0.5339999999999918,3.9279999999999973,0,1.2
115,retract,2,226,0.8220000000000027,0.05599999999992633,0,1.2
115,retract,2,228,0.5939999999999372,0.8920000000000528,0,1.2
115,retract,2,229,0.2259999999999991,0.77800000000002,0,1.2
115,retract,2,230,1.1079999999999472,0.9239999999999782,0,1.2
115,retract,2,231,1.3400000000000318,5.642000000000053,1,1.2
115,retract,2,232,0.6820000000000164,0.7759999999999536,0,1.2
115,retract,2,233,1.0960000000000036,1.2000000000000455,0,1.2
115,retract,2,234,0.07599999999990814,0.05400000000008731,0,1.2
115,retract,2,236,1.3959999999999582,0.05999999999994543,1,1.2
115,retract,2,237,0.2300000000000182,3.4920000000000755,0,1.2
115,retract,2,238,0.7039999999999509,1.0839999999999463,0,1.2
115,retract,2,239,0.18600000000003547,4.019999999999982,0,1.2
115,retract,2,240,1.3940000000000055,0.06799999999998363,1,1.2
115,retract,2,241,0.02800000000002001,0.5180000000000291,0,1.2
115,retract,2,242,0.2279999999999518,3.2100000000000364,0,1.2
115,retract,2,243,1.8179999999999836,6.80600000000004,1,1.2
115,retract,2,244,0.5819999999999936,0.049999999999954525,0,1.2
115,retract,2,246,1.0899999999999181,0.9120000000000346,0,1.2
115,retract,2,247,0.5380000000000109,1.1219999999999573,0,1.2
115,retract,2,248,1.1760000000000446,1.15199999999993,0,1.2
115,retract,2,249,0.8880000000000337,1.9940000000000282,0,1.2
115,retract,2,250,0.09199999999998454,0.9500000000000455,0,1.2
115,retract,2,251,0.7899999999999636,1.0879999999999654,0,1.2
115,retract,2,252,1.1440000000000055,4.100000000000023,0,1.2
115,retract,2,253,0.4539999999999509,5.502000000000066,0,1.2
115,retract,2,254,0.91599999999994,7.312000000000012,0,1.2
115,retract,2,255,0.16200000000003456,2.1059999999999945,0,1.2
115,retract,2,256,1.7559999999999718,5.851999999999975,1,1.2
115,retract,2,257,1.6779999999999973,2.5100000000001046,1,1.2
115,retract,2,258,0.8479999999999563,1.3179999999999836,0,1.2
115,retract,2,259,0.4780000000000655,0.9199999999999591,0,1.2
115,retract,2,260,1.2519999999999527,5.344000000000051,1,1.2
115,retract,2,261,1.0,2.005999999999972,0,1.2
115,retract,2,262,1.3000000000000682,0.09199999999998454,1,1.2
115,retract,2,263,0.4619999999999891,4.353999999999928,0,1.2
115,retract,2,264,2.009999999999991,2.4980000000000473,1,1.2
115,retract,2,265,1.481999999999971,5.176000000000045,1,1.2
115,retract,2,266,1.1459999999999582,1.4039999999999964,0,1.2
115,retract,2,267,1.461999999999989,7.2420000000000755,1,1.2
115,retract,2,268,0.2319999999999709,0.9980000000000473,0,1.2
115,retract,2,269,1.5199999999999818,0.03999999999996362,1,1.2
115,retract,2,270,0.22000000000002728,0.07200000000000273,0,1.2
115,retract,2,272,1.5459999999999354,8.300000000000068,1,1.2
115,retract,2,273,1.1039999999999281,0.9680000000000746,0,1.2
115,retract,2,274,1.23599999999999,4.987999999999943,1,1.2
115,retract,2,275,1.1639999999999873,1.2040000000000646,0,1.2
115,retract,2,276,0.5059999999999718,0.06399999999996453,0,1.2
115,retract,2,278,1.3880000000000337,2.2619999999999436,1,1.2
115,retract,2,279,1.1760000000000446,2.0359999999999445,0,1.2
115,retract,2,280,0.6580000000000155,2.5060000000000855,0,1.2
115,retract,2,281,2.189999999999941,6.1299999999999955,1,1.2
115,retract,2,282,1.6940000000000737,6.647999999999911,1,1.2
115,retract,2,283,1.1520000000000437,1.8400000000000318,0,1.2
115,retract,2,284,0.40599999999994907,0.8820000000000618,0,1.2
115,retract,2,285,0.6559999999999491,0.9900000000000091,0,1.2
115,retract,2,286,1.2160000000000082,6.3139999999999645,1,1.2
115,retract,2,287,1.330000000000041,2.5399999999999636,1,1.2
115,retract,2,288,1.745999999999981,3.522000000000048,1,1.2
115,retract,2,289,1.3439999999999372,0.11000000000001364,1,1.2
115,retract,2,290,0.10000000000002274,5.594000000000051,0,1.2
115,retract,2,291,1.1819999999999027,0.8960000000000719,0,1.2
115,retract,2,292,1.217999999999961,2.9880000000000564,1,1.2
115,retract,2,293,2.72199999999998,3.55600000000004,1,1.2
115,retract,2,294,0.7699999999999818,0.7759999999999536,0,1.2
115,retract,2,295,1.1040000000000418,0.9759999999999991,0,1.2
115,retract,2,296,2.1820000000000164,4.039999999999964,1,1.2
115,retract,2,297,2.2899999999999636,3.4400000000000546,1,1.2
115,retract,2,298,0.13400000000001455,1.2779999999999063,0,1.2
115,retract,2,299,1.08400000000006,0.8099999999999454,0,1.2
115,retract,2,300,0.5960000000000036,0.9500000000000455,0,1.2
115,retract,2,301,0.2659999999999627,1.3319999999999936,0,1.2
115,retract,2,302,1.5640000000000782,3.37399999999991,1,1.2
115,retract,2,303,0.9540000000000646,0.04399999999998272,0,1.2
115,retract,2,305,1.1899999999999409,0.8559999999999945,0,1.2
115,retract,2,306,1.414000000000101,5.371999999999957,1,1.2
115,retract,2,307,0.20199999999999818,1.330000000000041,0,1.2
115,retract,2,308,1.0559999999999263,0.8720000000000709,0,1.2
115,retract,2,309,1.3759999999999764,2.1059999999999945,1,1.2
115,retract,2,310,1.1240000000000236,2.3439999999999372,0,1.2
115,retract,2,311,0.3140000000000782,0.9539999999999509,0,1.2
115,retract,2,312,0.8160000000000309,1.9139999999999873,0,1.2
115,retract,2,313,1.1159999999999854,1.25,0,1.2
115,retract,2,314,0.6480000000000246,2.0919999999999845,0,1.2
115,retract,2,315,1.20799999999997,5.361999999999966,1,1.2
115,retract,2,316,0.7200000000000273,0.9279999999999973,0,1.2
115,retract,2,317,0.9400000000000546,2.2199999999999136,0,1.2
115,retract,2,318,1.2180000000000746,3.6580000000000155,1,1.2
115,retract,2,319,2.199999999999932,3.2800000000000864,1,1.2
115,retract,2,320,0.5739999999999554,0.9059999999999491,0,1.2
115,retract,2,321,0.8840000000000146,2.9300000000000637,0,1.2
115,retract,2,322,1.1440000000000055,1.0059999999999718,0,1.2
115,retract,2,323,1.2959999999999354,4.903999999999996,1,1.2
115,retract,2,324,1.2860000000000582,2.5639999999999645,1,1.2
115,retract,2,325,1.59800000000007,4.001999999999953,1,1.2
115,retract,2,326,0.47199999999998,1.1600000000000819,0,1.2
115,retract,2,327,0.5739999999999554,2.2100000000000364,0,1.2
115,retract,2,328,0.4799999999999045,1.6800000000000637,0,1.2
115,retract,2,329,0.5339999999999918,0.07000000000005002,0,1.2
115,retract,2,331,1.26400000000001,2.48599999999999,1,1.2
115,retract,2,332,0.34000000000003183,1.1059999999999945,0,1.2
115,retract,2,333,0.5679999999999836,0.9379999999999882,0,1.2
115,retract,2,334,1.5359999999999445,2.882000000000062,1,1.2
115,retract,2,335,1.1599999999999682,4.203999999999951,0,1.2
115,retract,2,336,1.3060000000001537,3.811999999999898,1,1.2
115,retract,2,337,1.0399999999999636,1.1100000000001273,0,1.2
115,retract,2,338,0.7259999999998854,2.25,0,1.2
115,retract,2,339,1.9800000000000182,2.9139999999999873,1,1.2
115,retract,2,340,0.4539999999999509,0.8700000000001182,0,1.2
115,retract,2,341,1.5119999999999436,4.844000000000051,1,1.2
115,retract,2,342,0.27800000000002,0.8599999999999,0,1.2
115,retract,2,343,1.1359999999999673,2.4400000000000546,0,1.2
115,retract,2,344,1.6800000000000637,10.11999999999989,1,1.2
115,retract,2,345,1.27800000000002,3.288000000000011,1,1.2
115,retract,2,346,0.9919999999999618,0.8780000000001564,0,1.2
115,retract,2,347,1.19399999999996,1.8859999999999673,0,1.2
115,retract,2,348,1.490000000000009,2.591999999999871,1,1.2
115,retract,2,349,1.6940000000001874,3.6099999999999,1,1.2
115,retract,2,350,0.80600000000004,1.316000000000031,0,1.2
115,retract,2,351,1.1019999999998618,13.738000000000056,0,1.2
115,retract,2,352,0.8160000000000309,1.5160000000000764,0,1.2
115,retract,2,353,1.0480000000000018,2.6019999999998618,0,1.2
115,retract,2,354,0.9160000000001673,0.8639999999998054,0,1.2
115,retract,2,355,0.9420000000000073,1.2799999999999727,0,1.2
115,retract,2,356,0.2820000000001528,0.9279999999998836,0,1.2
115,retract,2,357,0.14400000000000546,0.8640000000000327,0,1.2
115,retract,2,358,0.5340000000001055,2.759999999999991,0,1.2
115,retract,2,359,0.9839999999999236,4.736000000000104,0,1.2
115,retract,2,360,0.7439999999999145,2.377999999999929,0,1.2
115,retract,2,361,0.16000000000008185,2.3859999999999673,0,1.2
115,retract,2,362,0.33799999999996544,1.3400000000001455,0,1.2
115,retract,2,363,0.8699999999998909,1.0219999999999345,0,1.2
115,retract,2,364,1.0199999999999818,3.798000000000002,0,1.2
115,retract,2,365,0.5620000000001255,0.7819999999999254,0,1.2
115,retract,2,366,1.2180000000000746,2.27800000000002,1,1.2
115,retract,2,367,0.8260000000000218,1.433999999999969,0,1.2
115,retract,2,368,1.4739999999999327,3.132000000000062,1,1.2
115,retract,2,369,1.5339999999998781,2.826000000000022,1,1.2
115,retract,2,370,0.8720000000000709,2.038000000000011,0,1.2
115,retract,2,371,1.1059999999999945,2.127999999999929,0,1.2
115,retract,2,372,1.7540000000001328,5.847999999999956,1,1.2
115,retract,2,373,1.4959999999998672,4.364000000000033,1,1.2
115,retract,2,374,1.4380000000001019,8.3599999999999,1,1.2
115,retract,2,375,1.3859999999999673,3.504000000000133,1,1.2
115,retract,2,376,0.8899999999998727,0.8980000000001382,0,1.2
115,retract,2,377,0.9919999999999618,2.3179999999999836,0,1.2
115,retract,2,378,1.538000000000011,2.6159999999999854,1,1.2
115,retract,2,379,1.9039999999999964,6.367999999999938,1,1.2
115,retract,2,380,1.1359999999999673,5.878000000000156,0,1.2
115,retract,2,381,1.0760000000000218,0.987999999999829,0,1.2
115,retract,2,382,1.22400000000016,4.107999999999947,1,1.2
115,retract,2,383,1.316000000000031,3.3640000000000327,1,1.2
115,retract,2,384,2.1599999999998545,5.060000000000173,1,1.2
115,retract,2,385,0.8019999999999072,1.0219999999999345,0,1.2
115,retract,2,386,0.19000000000005457,4.0219999999999345,0,1.2
115,retract,2,387,0.22600000000011278,0.021999999999934516,0,1.2
115,retract,2,389,0.09199999999987085,1.0960000000000036,0,1.2
115,retract,2,390,0.2400000000000091,2.3360000000000127,0,1.2
115,retract,2,391,1.1920000000000073,1.33400000000006,0,1.2
115,retract,2,392,1.1739999999999782,0.9300000000000637,0,1.2
115,retract,2,393,1.30600000000004,3.737999999999829,1,1.2
115,retract,2,394,2.050000000000182,3.661999999999807,1,1.2
115,retract,2,395,0.5540000000000873,1.0820000000001073,0,1.2
115,retract,2,396,0.6759999999999309,0.8240000000000691,0,1.2
115,retract,2,397,1.4519999999999982,4.479999999999791,1,1.2
115,retract,2,398,0.2880000000000109,0.9060000000001764,0,1.2
115,retract,2,399,0.959999999999809,1.3240000000000691,0,1.2
115,retract,2,400,0.9700000000000273,0.9100000000000819,0,1.2
115,retract,2,401,1.5239999999998872,3.814000000000078,1,1.2
115,retract,2,402,1.0599999999999454,0.9239999999999782,0,1.2
115,retract,2,403,1.8040000000000873,2.905999999999949,1,1.2
115,retract,2,404,2.066000000000031,4.632000000000062,1,1.2
115,retract,2,405,0.2039999999999509,2.099999999999909,0,1.2
115,retract,2,406,1.3120000000001255,2.55600000000004,1,1.2
115,retract,2,407,2.765999999999849,5.686000000000149,1,1.2
115,retract,2,408,1.2879999999997835,2.964000000000169,1,1.2
115,retract,2,409,2.7619999999999436,6.7999999999999545,1,1.2
115,retract,2,410,0.8360000000000127,2.2999999999999545,0,1.2
115,retract,2,411,1.1520000000000437,1.2460000000000946,0,1.2
115,retract,2,412,1.1419999999998254,6.230000000000018,0,1.2
115,retract,2,413,1.5700000000001637,2.293999999999869,1,1.2
115,retract,2,414,1.4160000000001673,5.157999999999902,1,1.2
115,retract,2,415,1.2919999999999163,5.128000000000156,1,1.2
115,retract,2,416,1.0199999999999818,1.1079999999999472,0,1.2
115,retract,2,417,1.5239999999998872,4.1840000000001965,1,1.2
115,retract,2,418,1.3619999999998527,2.0540000000000873,1,1.2
115,retract,2,419,2.4400000000000546,3.953999999999951,1,1.2
115,retract,2,420,1.0579999999999927,0.9859999999998763,0,1.2
115,retract,2,421,1.0600000000001728,1.2179999999998472,0,1.2
115,retract,2,422,1.3740000000000236,2.1620000000000346,1,1.2
115,retract,2,423,2.758000000000038,2.3279999999999745,1,1.2
115,retract,2,424,1.8279999999999745,8.114000000000033,1,1.2
115,retract,2,425,1.316000000000031,33.327999999999975,1,1.2
115,retract,2,426,1.5499999999999545,4.66599999999994,1,1.2
115,retract,2,427,1.4760000000001128,4.30600000000004,1,1.2
115,retract,2,428,0.10999999999989996,0.9220000000000255,0,1.2
115,retract,2,429,1.5879999999999654,3.466000000000122,1,1.2
115,retract,2,430,1.3079999999999927,2.8379999999999654,1,1.2
115,retract,2,431,0.7119999999999891,1.5579999999999927,0,1.2
115,retract,2,432,0.8399999999999181,0.9239999999999782,0,1.2
115,retract,2,433,1.1980000000000928,0.9380000000001019,0,1.2
115,retract,2,434,1.8259999999997945,7.932000000000016,1,1.2
115,retract,2,435,0.7300000000000182,1.009999999999991,0,1.2
115,retract,2,436,1.3360000000000127,3.77800000000002,1,1.2
115,retract,2,437,1.3479999999999563,2.7000000000000455,1,1.2
115,retract,2,438,1.8379999999999654,11.346000000000004,1,1.2
115,retract,2,439,0.9080000000001291,1.0339999999998781,0,1.2
115,retract,2,440,0.21000000000003638,0.03999999999996362,0,1.2
115,retract,2,442,1.1860000000001492,4.531999999999925,0,1.2
115,retract,2,443,0.61200000000008,0.8919999999998254,0,1.2
115,retract,2,444,1.2160000000001219,2.2280000000000655,1,1.2
115,retract,2,445,2.5,2.5239999999998872,1,1.2
115,retract,2,446,1.1079999999999472,1.3360000000000127,0,1.2
115,retract,2,447,1.0060000000000855,0.80600000000004,0,1.2
115,retract,2,448,1.3479999999999563,3.826000000000022,1,1.2
115,retract,2,449,0.9039999999999964,0.9579999999998563,0,1.2
115,retract,2,450,1.4120000000000346,6.094000000000051,1,1.2
115,retract,2,451,1.3140000000000782,5.481999999999971,1,1.2
115,retract,2,452,2.1059999999999945,5.354000000000042,1,1.2
115,retract,2,453,1.9800000000000182,3.0579999999999927,1,1.2
115,retract,2,454,1.6059999999999945,10.951999999999998,1,1.2
115,retract,2,455,1.80399999999986,2.9120000000000346,1,1.2
115,retract,2,456,1.6539999999999964,4.903999999999996,1,1.2
115,retract,2,457,1.9780000000000655,3.7200000000000273,1,1.2
115,retract,2,458,1.5059999999998581,9.201999999999998,1,1.2
115,retract,2,459,0.9819999999999709,1.5080000000000382,0,1.2
115,retract,2,460,1.8040000000000873,4.402000000000044,1,1.2
115,retract,2,461,0.2880000000000109,1.6240000000000236,0,1.2
115,retract,2,462,1.1479999999999109,2.869999999999891,0,1.2
115,retract,2,463,1.2700000000002092,4.371999999999844,1,1.2
115,retract,2,464,0.9460000000001401,2.4859999999998763,0,1.2
115,retract,2,465,2.0019999999999527,1.8980000000001382,1,1.2
115,retract,2,466,2.3179999999999836,5.4939999999999145,1,1.2
115,retract,2,467,0.9320000000000164,0.8840000000000146,0,1.2
115,retract,2,468,2.122000000000071,2.8859999999999673,1,1.2
115,retract,2,469,2.599999999999909,7.898000000000138,1,1.2
115,retract,2,470,0.9259999999999309,0.7739999999998872,0,1.2
115,retract,2,471,1.4860000000001037,2.655999999999949,1,1.2
115,retract,2,472,1.3260000000000218,6.928000000000111,1,1.2
115,retract,2,473,0.7359999999998763,0.9460000000001401,0,1.2
115,retract,2,474,1.1759999999999309,1.1359999999999673,0,1.2
115,retract,2,475,1.2380000000000564,5.703999999999951,1,1.2
115,retract,2,476,1.1520000000000437,0.8460000000000036,0,1.2
115,retract,2,477,1.6520000000000437,4.509999999999991,1,1.2
115,retract,2,478,1.3679999999999382,9.849999999999909,1,1.2
115,retract,2,479,1.4500000000000455,7.354000000000042,1,1.2
115,retract,2,480,0.7480000000000473,0.9900000000000091,0,1.2
115,retract,2,481,0.8360000000000127,5.661999999999807,0,1.2
115,retract,2,482,1.75,5.218000000000075,1,1.2
115,retract,2,483,1.3959999999999582,5.451999999999998,1,1.2
115,retract,2,484,1.4680000000000746,7.652000000000044,1,1.2
115,retract,2,485,0.6420000000000528,1.5839999999998327,0,1.2
115,retract,2,486,1.5820000000001073,9.786000000000058,1,1.2
115,retract,2,487,1.4259999999999309,7.317999999999984,1,1.2
115,retract,2,488,1.33400000000006,9.333999999999833,1,1.2
115,retract,2,489,1.2760000000000673,4.796000000000049,1,1.2
115,retract,2,490,0.6779999999998836,1.6240000000000236,0,1.2
115,retract,2,491,1.3500000000001364,8.217999999999847,1,1.2
115,retract,2,492,1.6760000000001583,2.7079999999998563,1,1.2
115,retract,2,493,1.7820000000001528,42.74000000000001,1,1.2
115,retract,2,494,0.17799999999988358,3.1440000000000055,0,1.2
115,retract,2,495,2.2380000000000564,2.88799999999992,1,1.2
115,retract,2,496,2.8659999999999854,4.060000000000173,1,1.2
115,retract,2,497,1.1599999999998545,0.9120000000000346,0,1.2
115,retract,2,498,1.2819999999999254,4.02800000000002,1,1.2
115,retract,2,499,2.296000000000049,2.9120000000000346,1,1.2
115,retract,2,500,0.33199999999987995,1.2320000000001983,0,1.2
115,retract,2,501,1.5839999999998327,4.268000000000029,1,1.2
115,retract,2,502,0.6020000000000891,0.9479999999998654,0,1.2
115,retract,2,503,1.3020000000001346,4.793999999999869,1,1.2
115,retract,2,504,1.8580000000001746,6.633999999999787,1,1.2
115,retract,2,505,1.6360000000001946,7.480000000000018,1,1.2
115,retract,2,506,2.4559999999999036,17.483999999999924,1,1.2
115,retract,2,507,1.038000000000011,0.9740000000001601,0,1.2
115,retract,2,508,1.0039999999999054,97.87400000000002,0,1.2
115,retract,2,509,2.1579999999999018,4.210000000000036,1,1.2
115,retract,2,510,1.9639999999999418,4.642000000000053,1,1.2
115,retract,2,511,1.3220000000001164,4.533999999999878,1,1.2
115,retract,2,512,2.2999999999999545,3.9440000000001874,1,1.2
115,retract,2,513,0.8899999999998727,1.178000000000111,0,1.2
115,retract,2,514,0.5899999999999181,0.9680000000000746,0,1.2
115,retract,2,515,2.0419999999999163,8.299999999999955,1,1.2
115,retract,2,516,0.984000000000151,2.4139999999999873,0,1.2
115,retract,2,517,1.52800000000002,2.765999999999849,1,1.2
115,retract,2,518,2.8239999999998417,35.36000000000013,1,1.2
115,retract,2,519,0.07999999999992724,1.5779999999999745,0,1.2
115,retract,2,520,0.16600000000016735,4.8539999999998145,0,1.2
115,retract,2,521,0.7280000000000655,1.1340000000000146,0,1.2
115,retract,2,522,1.7560000000003129,2.819999999999709,1,1.2
115,retract,2,523,2.38799999999992,4.114000000000033,1,1.2
115,retract,2,524,1.930000000000291,4.3419999999996435,1,1.2
115,retract,2,525,3.019999999999982,3.782000000000153,1,1.2
115,retract,2,526,0.9140000000002146,0.05199999999967986,0,1.2
115,retract,2,528,1.61200000000008,6.5779999999999745,1,1.2
115,retract,2,529,1.5219999999999345,7.826000000000022,1,1.2
115,retract,2,530,1.80600000000004,9.397999999999683,1,1.2
115,retract,2,531,1.6320000000000618,6.5340000000001055,1,1.2
115,retract,2,532,1.5399999999999636,6.905999999999949,1,1.2
115,retract,2,533,1.22400000000016,117.48599999999988,1,1.2
115,retract,2,534,1.300000000000182,2.355999999999767,1,1.2
115,retract,2,535,2.0720000000001164,1.7820000000001528,1,1.2
115,retract,2,536,1.4899999999997817,11.028000000000247,1,1.2
115,retract,2,537,0.6079999999997199,0.849999999999909,0,1.2
115,retract,2,538,0.5080000000002656,1.0679999999997563,0,1.2
115,retract,2,539,0.9340000000001965,1.1779999999998836,0,1.2
115,retract,2,540,1.8720000000002983,60.197999999999865,1,1.2
115,retract,2,541,1.6599999999998545,5.970000000000255,1,1.2
115,retract,2,542,1.5359999999996035,5.4340000000001965,1,1.2
115,retract,2,543,0.9720000000002074,0.8719999999998436,0,1.2
115,retract,2,544,1.38799999999992,6.472000000000207,1,1.2
115,retract,2,545,1.893999999999778,6.032000000000153,1,1.2
115,retract,2,546,0.9960000000000946,0.8559999999997672,0,1.2
115,retract,2,547,1.949999999999818,6.208000000000084,1,1.2
115,retract,2,548,2.25,29.70400000000018,1,1.2
115,retract,2,549,2.1539999999999964,5.101999999999862,1,1.2
115,retract,2,550,1.6600000000003092,7.501999999999953,1,1.2
115,retract,2,551,2.1279999999997017,0.6359999999999673,1,1.2
115,retract,2,552,0.374000000000251,14.905999999999949,0,1.2
115,retract,2,553,1.731999999999971,31.096000000000004,1,1.2
115,retract,2,554,1.6059999999997672,235.4340000000002,1,1.2
115,retract,2,555,0.07600000000002183,1.1239999999997963,0,1.2
115,retract,2,556,1.4980000000000473,8.316000000000258,1,1.2
115,retract,2,557,1.793999999999869,7.217999999999847,1,1.2
115,retract,2,558,0.7319999999999709,0.9240000000004329,0,1.2
115,retract,2,559,1.8339999999998327,6.41800000000012,1,1.2
115,retract,2,560,2.319999999999709,192.30000000000018,1,1.2
115,retract,2,561,1.3579999999997199,7.126000000000204,1,1.2
115,retract,2,562,1.9360000000001492,1.5299999999997453,1,1.2
115,retract,2,563,0.12600000000020373,1.0920000000000982,0,1.2
115,retract,2,564,2.5779999999999745,11.243999999999687,1,1.2
115,retract,2,565,2.700000000000273,9.321999999999662,1,1.2
115,retract,2,566,1.8340000000002874,8.090000000000146,1,1.2
115,retract,2,567,1.2539999999999054,5.304000000000087,1,1.2
115,retract,2,568,1.6759999999999309,7.5219999999999345,1,1.2
115,retract,2,569,1.3919999999998254,12.364000000000033,1,1.2
115,retract,2,570,1.0080000000002656,0.8359999999997854,0,1.2
115,retract,2,571,2.33600000000024,9.759999999999764,1,1.2
115,retract,2,572,0.8560000000002219,0.8719999999998436,0,1.2
115,retract,2,573,1.2280000000000655,195.6279999999997,1,1.2
115,retract,2,574,1.2800000000002,9.626000000000204,1,1.2
115,retract,2,575,1.1799999999998363,0.8559999999997672,0,1.2
115,retract,2,576,2.0960000000000036,6.1159999999999854,1,1.2
115,retract,2,577,1.7000000000002728,10.623999999999796,1,1.2
115,retract,2,578,0.6300000000001091,0.9540000000001783,0,1.2
115,retract,2,579,1.5119999999997162,12.718000000000302,1,1.2
115,retract,2,580,1.957999999999629,9.714000000000397,1,1.2
115,retract,2,581,1.4259999999999309,718.8159999999998,1,1.2
115,retract,2,582,1.0760000000000218,1.0839999999998327,0,1.2
115,retract,2,583,1.2720000000003893,10.177999999999884,1,1.2
115,retract,2,584,0.66800000000012,0.819999999999709,0,1.2
115,retract,2,585,2.367999999999938,5.809999999999945,1,1.2
115,retract,2,586,1.5300000000002,7.230000000000018,1,1.2
115,retract,2,587,1.4039999999999964,10.246000000000095,1,1.2
115,retract,2,588,0.33599999999978536,0.9239999999999782,0,1.2
115,retract,2,589,1.3659999999999854,7.598000000000411,1,1.2
115,retract,2,590,1.11200000000008,0.793999999999869,0,1.2
115,retract,2,591,1.1459999999997308,1.4719999999997526,0,1.2
115,retract,2,592,1.524000000000342,6.242000000000189,1,1.2
115,retract,2,593,1.751999999999498,7.00800000000072,1,1.2
115,retract,2,594,2.007999999999811,6.826000000000022,1,1.2
115,retract,2,595,1.344000000000051,2.545999999999367,1,1.2
115,retract,2,596,1.956000000000131,19.833999999999833,1,1.2
115,retract,2,597,0.930000000000291,0.8440000000000509,0,1.2
115,retract,2,598,2.4520000000002256,5.957999999999629,1,1.2
115,retract,2,599,1.7600000000002183,1.47400000000016,1,1.2
115,retract,2,600,1.3760000000002037,15.555999999999585,1,1.2
115,retract,2,601,0.9239999999999782,1.1199999999998909,0,1.2
115,retract,2,602,0.9220000000004802,0.8459999999995489,0,1.2
115,retract,2,603,1.792000000000371,5.533999999999651,1,1.2
115,retract,2,604,0.3820000000005166,0.9039999999995416,0,1.2
115,retract,2,605,1.4480000000003201,11.665999999999258,1,1.2
115,retract,2,606,1.7560000000003129,7.426000000000386,1,1.2
115,retract,2,607,0.863999999999578,0.9600000000000364,0,1.2
115,retract,2,608,2.104000000000269,75.6279999999997,1,1.2
115,retract,2,609,1.231999999999971,3.9660000000003492,1,1.2
115,retract,2,610,0.2960000000002765,1.1239999999997963,0,1.2
115,retract,2,611,1.4879999999993743,4.847999999999956,1,1.2
115,retract,2,612,0.454000000000633,1.0559999999995853,0,1.2
115,retract,2,613,2.0380000000004657,5.171999999999571,1,1.2
115,retract,2,614,2.168000000000575,17.652000000000044,1,1.2
115,retract,2,615,0.3499999999994543,2.7799999999997453,0,1.2
115,retract,2,616,1.7580000000007203,4.85399999999936,1,1.2
115,retract,2,617,2.0799999999999272,18.210000000000036,1,1.2
115,retract,2,618,1.8500000000003638,9.344000000000051,1,1.2
115,retract,2,619,2.3320000000003347,14.305999999999585,1,1.2
115,retract,2,620,1.1719999999995707,0.818000000000211,0,1.2
115,retract,2,621,2.231999999999971,11.494000000000597,1,1.2
115,retract,2,622,1.5799999999999272,5.389999999999418,1,1.2
115,retract,2,623,1.680000000000291,5.957999999999629,1,1.2
115,retract,2,624,1.4320000000006985,10.11200000000008,1,1.2
115,retract,2,625,1.4179999999996653,9.63799999999992,1,1.2
115,retract,2,626,1.1760000000003856,0.8619999999991705,0,1.2
115,retract,2,627,1.8040000000000873,8.324000000000524,1,1.2
115,retract,2,628,0.9859999999998763,0.7920000000003711,0,1.2
115,retract,2,629,1.3599999999996726,10.753999999999905,1,1.2
115,retract,2,630,1.636000000000422,2.277999999999338,1,1.2
115,retract,2,631,1.2359999999998763,10.256000000000313,1,1.2
115,retract,2,632,1.2439999999996871,7.5600000000004,1,1.2
115,retract,2,633,1.318000000000211,8.86200000000008,1,1.2
115,retract,2,634,1.431999999999789,2.6859999999996944,1,1.2
115,retract,2,635,1.774000000000342,8.014000000000124,1,1.2
115,retract,2,636,0.7739999999994325,1.293999999999869,0,1.2
115,retract,2,637,1.2180000000007567,6.765999999999622,1,1.2
115,retract,2,638,1.9359999999996944,2.8520000000007713,1,1.2
115,retract,2,639,2.371999999999389,12.17200000000048,1,1.2
115,retract,2,640,1.183999999999287,0.9360000000006039,0,1.2
115,retract,2,641,1.58600000000024,6.369999999999891,1,1.2
115,retract,2,642,1.77599999999984,15.185999999999694,1,1.2
115,retract,2,643,1.868000000000393,5.131999999999607,1,1.2
115,retract,2,644,2.1480000000001382,6.619999999999891,1,1.2
115,retract,2,645,0.5860000000002401,0.04199999999946158,0,1.2
115,retract,2,647,1.094000000000051,0.7899999999999636,0,1.2
115,retract,2,648,1.1840000000001965,3.369999999999891,0,1.2
115,retract,2,649,0.5060000000003129,1.0219999999999345,0,1.2
115,retract,2,650,0.2179999999998472,13.345999999999549,0,1.2
115,retract,2,651,0.6280000000006112,3.731999999999971,0,1.2
115,retract,2,652,0.8840000000000146,1702.7039999999997,0,1.2
115,retract,2,653,0.0820000000003347,1.5059999999994034,0,1.2
115,retract,2,654,0.8920000000007349,0.9059999999999491,0,1.2
115,retract,2,655,0.6059999999997672,2.8919999999998254,0,1.2
115,retract,2,656,0.12600000000020373,5.931999999999789,0,1.2
115,retract,2,657,1.5740000000005239,8.897999999999229,1,1.2
115,retract,2,658,1.248000000000502,9.58600000000024,1,1.2
115,retract,2,659,0.9939999999996871,0.8840000000000146,0,1.2
115,retract,2,660,1.5659999999998035,12.934000000000196,1,1.2
115,retract,2,661,1.3479999999999563,6.617999999999483,1,1.2
115,retract,2,662,1.6340000000000146,15.930000000000291,1,1.2
115,retract,2,663,1.110000000000582,0.8679999999994834,0,1.2
115,retract,2,664,1.9960000000000946,12.00799999999981,1,1.2
115,retract,2,665,1.2840000000005602,9.460000000000036,1,1.2
115,retract,2,666,1.1479999999992287,1.118000000000393,0,1.2
115,retract,2,667,0.12600000000020373,0.033999999999650754,0,1.2
115,retract,2,669,2.4500000000007276,7.423999999999978,1,1.2
115,retract,2,670,0.9459999999999127,0.8559999999997672,0,1.2
115,retract,2,671,1.4719999999997526,5.369999999999891,1,1.2
115,retract,2,672,2.3200000000006185,10.849999999999454,1,1.2
115,retract,2,673,1.3519999999998618,9.416000000000167,1,1.2
115,retract,2,674,0.28000000000065484,1.0659999999998035,0,1.2
115,retract,2,675,1.5,6.5219999999999345,1,1.2
115,retract,2,676,0.6979999999994106,6.966000000000349,0,1.2
115,retract,2,677,1.1400000000003274,1.043999999999869,0,1.2
115,retract,2,678,1.550000000000182,5.5219999999999345,1,1.2
115,retract,2,679,0.8239999999996144,3.6140000000004875,0,1.2
115,retract,2,680,0.2599999999993088,0.886000000000422,0,1.2
115,retract,2,681,1.6340000000000146,4.0460000000002765,1,1.2
115,retract,2,682,2.037999999999556,9.67200000000048,1,1.2
115,retract,2,683,1.4199999999991633,8.574000000000524,1,1.2
115,retract,2,684,0.35599999999976717,118.20399999999972,0,1.2
115,retract,2,685,0.6900000000005093,3.7020000000002256,0,1.2
115,retract,2,686,0.09000000000014552,0.9359999999996944,0,1.2
115,retract,2,687,0.06999999999970896,2.38799999999992,0,1.2
115,retract,2,688,0.07000000000061846,3.009999999999309,0,1.2
115,retract,2,689,1.2160000000003492,5.731999999999971,1,1.2
115,retract,2,690,1.3100000000004002,6.505999999999403,1,1.2
115,retract,2,691,1.6480000000001382,4.960000000000036,1,1.2
115,retract,2,692,1.9859999999998763,3.6760000000003856,1,1.2
115,retract,2,693,1.1799999999993815,2.018000000000029,0,1.2
115,retract,2,694,1.6260000000002037,6.9539999999997235,1,1.2
115,retract,2,695,1.7899999999999636,15.640000000000327,1,1.2
115,retract,2,696,1.181999999999789,0.9400000000005093,0,1.2
115,retract,2,697,0.07999999999992724,1.5299999999997453,0,1.2
115,retract,2,698,0.5039999999999054,5.648000000000138,0,1.2
115,retract,2,699,1.9200000000000728,3.423999999999978,1,1.2
115,retract,2,700,0.8140000000003056,1.475999999999658,0,1.2
115,retract,2,701,0.5940000000000509,1.7340000000003783,0,1.2
115,retract,2,702,0.8599999999996726,0.8360000000002401,0,1.2
115,retract,2,703,1.9259999999994761,4.838000000000648,1,1.2
115,retract,2,704,1.1459999999997308,0.8779999999997017,0,1.2
115,retract,2,705,1.6959999999999127,15.101999999999862,1,1.2
115,retract,2,706,0.4600000000000364,0.12400000000070577,0,1.2
115,retract,2,708,1.5720000000001164,3.399999999999636,1,1.2
115,retract,2,709,2.1580000000003565,,1,1.2
116,no_timeout,1,1,0.1700000000000017,4.347999999999999,0,0.5
116,no_timeout,1,2,0.3119999999999976,0.5940000000000012,0,0.5
116,no_timeout,1,3,0.259999999999998,2.7760000000000034,0,0.5
116,no_timeout,1,4,0.3359999999999985,1.8620000000000019,0,0.5
116,no_timeout,1,5,0.7539999999999978,0.0899999999999963,1,0.5
116,no_timeout,1,6,0.15200000000000102,8.218000000000004,0,0.5
116,no_timeout,1,7,0.47800000000000153,13.076,0,0.5
116,no_timeout,1,8,0.2560000000000002,3.11399999999999,0,0.5
116,no_timeout,1,9,0.24399999999999977,0.44000000000001194,0,0.5
116,no_timeout,1,10,0.47999999999998977,3.2960000000000065,0,0.5
116,no_timeout,1,11,0.43599999999999284,0.05000000000001137,0,0.5
116,no_timeout,1,12,0.08199999999999363,0.29999999999999716,0,0.5
116,no_timeout,1,13,0.3920000000000101,1.8419999999999987,0,0.5
116,no_timeout,1,14,0.6159999999999997,0.34199999999999875,1,0.5
116,no_timeout,1,15,0.23399999999999466,0.08400000000000318,0,0.5
116,no_timeout,1,16,0.6979999999999933,0.6400000000000006,1,0.5
116,no_timeout,1,17,0.36599999999999966,7.6440000000000055,0,0.5
116,no_timeout,1,18,0.4819999999999993,4.994,0,0.5
116,no_timeout,1,19,0.42799999999999727,3.3419999999999987,0,0.5
116,no_timeout,1,20,0.3260000000000076,0.18200000000000216,0,0.5
116,no_timeout,1,21,0.48399999999999466,4.016000000000005,0,0.5
116,no_timeout,1,22,0.031999999999996476,0.3859999999999957,0,0.5
116,no_timeout,1,23,0.24200000000000443,2.3299999999999983,0,0.5
116,no_timeout,1,24,0.695999999999998,16.61800000000001,1,0.5
116,no_timeout,1,25,0.5979999999999848,2.8760000000000048,1,0.5
116,no_timeout,1,26,0.32200000000000273,1.961999999999989,0,0.5
116,no_timeout,1,27,1.0440000000000111,0.7400000000000091,1,0.5
116,no_timeout,1,28,0.10800000000000409,2.563999999999993,0,0.5
116,no_timeout,1,29,0.39400000000000546,0.5559999999999832,0,0.5
116,no_timeout,1,30,0.3499999999999943,2.6420000000000243,0,0.5
116,no_timeout,1,31,0.5139999999999816,0.06999999999999318,1,0.5
116,no_timeout,1,32,0.30400000000000205,4.5020000000000095,0,0.5
116,no_timeout,1,33,0.6779999999999973,0.3859999999999957,1,0.5
116,no_timeout,1,34,0.367999999999995,5.018000000000001,0,0.5
116,no_timeout,1,35,0.18999999999999773,1.974000000000018,0,0.5
116,no_timeout,1,36,0.3079999999999927,1.7620000000000005,0,0.5
116,no_timeout,1,37,0.0519999999999925,0.21800000000001774,0,0.5
116,no_timeout,1,38,0.3719999999999857,2.430000000000007,0,0.5
116,no_timeout,1,39,1.1040000000000134,12.957999999999998,1,0.5
116,no_timeout,1,40,0.3299999999999841,0.033999999999991815,0,0.5
116,no_timeout,1,41,0.40800000000001546,1.4960000000000093,0,0.5
116,no_timeout,1,42,0.14599999999998658,3.3319999999999936,0,0.5
116,no_timeout,1,43,0.15399999999999636,0.8220000000000027,0,0.5
116,no_timeout,1,44,0.26200000000000045,1.6620000000000061,0,0.5
116,no_timeout,1,45,0.6539999999999964,4.586000000000013,1,0.5
116,no_timeout,1,46,0.6200000000000045,3.0180000000000007,1,0.5
116,no_timeout,1,47,0.33199999999999363,3.015999999999991,0,0.5
116,no_timeout,1,48,0.24799999999999045,1.4440000000000168,0,0.5
116,no_timeout,1,49,0.4480000000000075,1.377999999999986,0,0.5
116,no_timeout,1,50,0.45599999999998886,0.5800000000000125,0,0.5
116,no_timeout,1,51,0.6879999999999882,0.40200000000001523,1,0.5
116,no_timeout,1,52,0.6899999999999977,5.536000000000001,1,0.5
116,no_timeout,1,53,0.24199999999999022,2.8060000000000116,0,0.5
116,no_timeout,1,54,0.32200000000000273,2.6140000000000043,0,0.5
116,no_timeout,1,55,0.9379999999999882,10.448000000000008,1,0.5
116,no_timeout,1,56,0.2699999999999818,1.6620000000000061,0,0.5
116,no_timeout,1,57,0.1740000000000066,0.6479999999999961,0,0.5
116,no_timeout,1,58,0.4720000000000084,0.8640000000000043,0,0.5
116,no_timeout,1,59,0.25799999999998136,2.4339999999999975,0,0.5
116,no_timeout,1,60,0.8440000000000225,16.045999999999992,1,0.5
116,no_timeout,1,61,0.6020000000000039,4.069999999999993,1,0.5
116,no_timeout,1,62,0.20400000000000773,2.5260000000000105,0,0.5
116,no_timeout,1,63,0.3979999999999677,3.5,0,0.5
116,no_timeout,1,64,0.6440000000000055,2.52800000000002,1,0.5
116,no_timeout,1,65,0.29599999999999227,1.4920000000000186,0,0.5
116,no_timeout,1,66,0.311999999999955,1.9600000000000364,0,0.5
116,no_timeout,1,67,0.7139999999999986,4.041999999999973,1,0.5
116,no_timeout,1,68,0.28000000000002956,1.759999999999991,0,0.5
116,no_timeout,1,69,0.8020000000000209,3.005999999999972,1,0.5
116,no_timeout,1,70,0.13999999999998636,1.7959999999999923,0,0.5
116,no_timeout,1,71,0.80600000000004,1.8139999999999645,1,0.5
116,no_timeout,1,72,0.25,1.0579999999999927,0,0.5
116,no_timeout,1,73,0.8900000000000432,3.075999999999965,1,0.5
116,no_timeout,1,74,0.29200000000003,0.4479999999999791,0,0.5
116,no_timeout,1,75,0.2300000000000182,2.1440000000000055,0,0.5
116,no_timeout,1,76,0.45999999999997954,1.4580000000000268,0,0.5
116,no_timeout,1,77,1.0459999999999923,3.5919999999999845,1,0.5
116,no_timeout,1,78,0.5740000000000123,9.437999999999988,1,0.5
116,no_timeout,1,79,0.5600000000000023,2.0880000000000223,1,0.5
116,no_timeout,1,80,0.21999999999997044,0.5720000000000027,0,0.6
116,no_timeout,1,81,0.5620000000000118,6.225999999999999,0,0.6
116,no_timeout,1,82,0.2939999999999827,4.757999999999981,0,0.6
116,no_timeout,1,83,0.23200000000002774,1.603999999999985,0,0.6
116,no_timeout,1,84,0.49799999999999045,0.7280000000000086,0,0.6
116,no_timeout,1,85,1.3079999999999927,0.6200000000000045,1,0.6
116,no_timeout,1,86,0.10800000000000409,1.3640000000000327,0,0.6
116,no_timeout,1,87,0.9099999999999682,4.234000000000037,1,0.6
116,no_timeout,1,88,0.3299999999999841,21.55000000000001,0,0.6
116,no_timeout,1,89,0.07799999999997453,0.32200000000000273,0,0.6
116,no_timeout,1,90,0.23200000000002774,1.2779999999999632,0,0.6
116,no_timeout,1,91,0.2599999999999909,0.7980000000000018,0,0.6
116,no_timeout,1,92,0.396000000000015,1.7620000000000005,0,0.6
116,no_timeout,1,93,0.2740000000000009,0.6220000000000141,0,0.6
116,no_timeout,1,94,0.07400000000001228,1.3899999999999864,0,0.6
116,no_timeout,1,95,0.9739999999999895,11.533999999999992,1,0.6
116,no_timeout,1,96,0.1260000000000332,1.377999999999986,0,0.6
116,no_timeout,1,97,0.34600000000000364,1.2239999999999895,0,0.6
116,no_timeout,1,98,0.4819999999999709,11.362000000000023,0,0.6
116,no_timeout,1,99,0.7440000000000282,15.893999999999949,1,0.6
116,no_timeout,1,100,0.32600000000002183,1.4599999999999795,0,0.6
116,no_timeout,1,101,0.40399999999999636,0.37800000000004275,0,0.6
116,no_timeout,1,102,0.8580000000000041,11.769999999999982,1,0.6
116,no_timeout,1,103,0.45400000000000773,13.420000000000016,0,0.6
116,no_timeout,1,104,0.103999999999985,1.8700000000000045,0,0.6
116,no_timeout,1,105,0.46999999999997044,2.7860000000000014,0,0.6
116,no_timeout,1,106,0.24600000000003774,0.9679999999999609,0,0.6
116,no_timeout,1,107,0.5400000000000205,0.6499999999999773,0,0.6
116,no_timeout,1,108,0.5939999999999941,3.4039999999999964,0,0.6
116,no_timeout,1,109,0.23200000000002774,1.73599999999999,0,0.6
116,no_timeout,1,110,0.5939999999999941,2.430000000000007,0,0.6
116,no_timeout,1,111,0.2599999999999909,1.0459999999999923,0,0.6
116,no_timeout,1,112,0.7259999999999991,7.8940000000000055,1,0.6
116,no_timeout,1,113,0.5440000000000396,2.024000000000001,0,0.6
116,no_timeout,1,114,0.25799999999998136,1.3600000000000136,0,0.6
116,no_timeout,1,115,0.6080000000000041,11.177999999999997,1,0.6
116,no_timeout,1,116,0.603999999999985,4.5260000000000105,1,0.6
116,no_timeout,1,117,0.36199999999996635,2.022000000000048,0,0.6
116,no_timeout,1,118,0.34799999999995634,0.6100000000000136,0,0.6
116,no_timeout,1,119,0.4119999999999777,1.32000000000005,0,0.6
116,no_timeout,1,120,0.6279999999999859,1.1059999999999945,1,0.6
116,no_timeout,1,121,0.7660000000000196,0.3199999999999932,1,0.6
116,no_timeout,1,122,0.29199999999997317,7.198000000000036,0,0.6
116,no_timeout,1,123,0.4259999999999877,3.1440000000000055,0,0.6
116,no_timeout,1,124,0.36199999999996635,1.5339999999999918,0,0.6
116,no_timeout,1,125,0.28400000000004866,0.42999999999995,0,0.6
116,no_timeout,1,126,0.19200000000000728,0.19600000000002638,0,0.6
116,no_timeout,1,127,0.4019999999999868,1.4820000000000277,0,0.6
116,no_timeout,1,128,0.7679999999999723,0.16800000000000637,1,0.6
116,no_timeout,1,129,0.39400000000000546,2.325999999999965,0,0.6
116,no_timeout,1,130,0.21000000000003638,0.7279999999999518,0,0.6
116,no_timeout,1,131,1.4300000000000637,0.32600000000002183,1,0.6
116,no_timeout,1,132,0.2899999999999636,6.840000000000032,0,0.6
116,no_timeout,1,133,0.4779999999999518,0.7259999999999991,0,0.6
116,no_timeout,1,134,0.25,1.6159999999999854,0,0.6
116,no_timeout,1,135,0.09600000000000364,0.41800000000000637,0,0.6
116,no_timeout,1,136,0.39999999999997726,2.3799999999999955,0,0.6
116,no_timeout,1,137,0.5480000000000018,0.35400000000004184,0,0.6
116,no_timeout,1,138,0.18600000000003547,1.3479999999999563,0,0.6
116,no_timeout,1,139,0.9560000000000173,3.066000000000031,1,0.6
116,no_timeout,1,140,0.30599999999992633,0.4920000000000755,0,0.6
116,no_timeout,1,141,0.8379999999999654,3.1440000000000055,1,0.6
116,no_timeout,1,142,0.34399999999993724,2.7940000000000964,0,0.6
116,no_timeout,1,143,0.33399999999994634,1.6459999999999582,0,0.6
116,no_timeout,1,144,0.2900000000000773,0.7699999999999818,0,0.6
116,no_timeout,1,145,0.80600000000004,2.47199999999998,1,0.6
116,no_timeout,1,146,0.35799999999994725,2.2240000000000464,0,0.6
116,no_timeout,1,147,0.12400000000002365,1.7859999999999445,0,0.6
116,no_timeout,1,148,0.40399999999999636,0.4379999999999882,0,0.6
116,no_timeout,1,149,0.7459999999999809,0.4560000000000173,1,0.6
116,no_timeout,1,150,0.8720000000000709,9.409999999999968,1,0.6
116,no_timeout,1,151,0.37999999999999545,0.6140000000000327,0,0.6
116,no_timeout,1,152,0.2419999999999618,0.20600000000001728,0,0.6
116,no_timeout,1,153,0.6440000000000055,4.067999999999984,1,0.6
116,no_timeout,1,154,0.08199999999999363,2.173999999999978,0,0.6
116,no_timeout,1,155,0.2400000000000091,0.4919999999999618,0,0.6
116,no_timeout,1,156,0.2960000000000491,0.30999999999994543,0,0.6
116,no_timeout,1,157,0.8540000000000418,2.882000000000062,1,0.6
116,no_timeout,1,158,0.7319999999999709,8.135999999999967,1,0.6
116,no_timeout,1,159,0.7559999999999718,0.04200000000003001,1,0.6
116,no_timeout,1,160,0.2899999999999636,1.1299999999999955,0,0.6
116,no_timeout,1,161,1.2160000000000082,2.5579999999999927,1,0.7
116,no_timeout,1,162,0.27800000000002,0.5679999999999836,0,0.7
116,no_timeout,1,163,0.5579999999999927,2.076000000000022,0,0.7
116,no_timeout,1,164,0.9460000000000264,0.40800000000001546,1,0.7
116,no_timeout,1,165,0.34799999999995634,0.05000000000006821,0,0.7
116,no_timeout,1,166,0.08600000000001273,3.5739999999999554,0,0.7
116,no_timeout,1,167,0.7580000000000382,2.5919999999999845,1,0.7
116,no_timeout,1,168,0.8479999999999563,8.800000000000068,1,0.7
116,no_timeout,1,169,0.47199999999998,1.363999999999919,0,0.7
116,no_timeout,1,170,0.2599999999999909,2.2480000000000473,0,0.7
116,no_timeout,1,171,0.5059999999999718,0.12400000000002365,0,0.7
116,no_timeout,1,172,0.4840000000000373,1.4259999999999309,0,0.7
116,no_timeout,1,173,0.6980000000000928,0.35999999999989996,0,0.7
116,no_timeout,1,174,0.19200000000000728,0.4960000000000946,0,0.7
116,no_timeout,1,175,0.5240000000000009,0.17199999999991178,0,0.7
116,no_timeout,1,176,0.3020000000000209,2.73599999999999,0,0.7
116,no_timeout,1,177,0.5579999999999927,1.245999999999981,0,0.7
116,no_timeout,1,178,0.2740000000000009,0.13800000000003365,0,0.7
116,no_timeout,1,179,0.03200000000003911,0.11400000000003274,0,0.7
116,no_timeout,1,180,0.4639999999999418,1.5579999999999927,0,0.7
116,no_timeout,1,181,0.33400000000006,1.1319999999999482,0,0.7
116,no_timeout,1,182,0.45799999999997,8.152000000000044,0,0.7
116,no_timeout,1,183,0.37400000000002365,1.8799999999999955,0,0.7
116,no_timeout,1,184,0.4460000000000264,0.5779999999999745,0,0.7
116,no_timeout,1,185,0.7139999999999418,5.974000000000046,1,0.7
116,no_timeout,1,186,0.13199999999994816,0.4940000000000282,0,0.7
116,no_timeout,1,187,0.8160000000000309,2.447999999999979,1,0.7
116,no_timeout,1,188,0.6019999999999754,1.5360000000000582,0,0.7
116,no_timeout,1,189,0.40999999999996817,2.0,0,0.7
116,no_timeout,1,190,0.6340000000000146,1.759999999999991,0,0.7
116,no_timeout,1,191,0.19200000000000728,1.3980000000000246,0,0.7
116,no_timeout,1,192,0.2980000000000018,0.6039999999999281,0,0.7
116,no_timeout,1,193,0.36200000000008004,1.38799999999992,0,0.7
116,no_timeout,1,194,0.35000000000002274,0.19799999999997908,0,0.7
116,no_timeout,1,195,1.1000000000000227,3.0499999999999545,1,0.7
116,no_timeout,1,196,1.1059999999999945,4.364000000000033,1,0.7
116,no_timeout,1,197,0.06799999999998363,2.008000000000038,0,0.7
116,no_timeout,1,198,0.2480000000000473,2.7959999999999354,0,0.7
116,no_timeout,1,199,0.8139999999999645,0.3020000000000209,1,0.7
116,no_timeout,1,200,0.54200000000003,0.07799999999997453,0,0.7
116,no_timeout,1,201,0.2720000000000482,6.004000000000019,0,0.7
116,no_timeout,1,202,0.2880000000000109,19.757999999999925,0,0.7
116,no_timeout,1,203,0.39999999999997726,1.108000000000061,0,0.7
116,no_timeout,1,204,0.3160000000000309,1.47199999999998,0,0.7
116,no_timeout,1,205,0.5,0.053999999999973625,0,0.7
116,no_timeout,1,206,0.7319999999999709,3.0720000000000027,1,0.7
116,no_timeout,1,207,0.9540000000000646,1.8159999999999172,1,0.7
116,no_timeout,1,208,0.5600000000000591,2.288000000000011,0,0.7
116,no_timeout,1,209,0.8479999999999563,3.1420000000000528,1,0.7
116,no_timeout,1,210,0.4699999999999136,0.5360000000000582,0,0.7
116,no_timeout,1,211,0.03999999999996362,1.61200000000008,0,0.7
116,no_timeout,1,212,0.37999999999999545,1.5279999999999063,0,0.7
116,no_timeout,1,213,0.35800000000006094,0.04800000000000182,0,0.7
116,no_timeout,1,214,0.35000000000002274,1.7939999999999827,0,0.7
116,no_timeout,1,215,0.5079999999999245,1.6980000000000928,0,0.7
116,no_timeout,1,216,0.2980000000000018,1.1319999999999482,0,0.7
116,no_timeout,1,217,0.4540000000000646,4.325999999999908,0,0.7
116,no_timeout,1,218,0.22200000000009368,1.0439999999999827,0,0.7
116,no_timeout,1,219,0.4660000000000082,1.41599999999994,0,0.7
116,no_timeout,1,220,0.40800000000001546,1.0779999999999745,0,0.7
116,no_timeout,1,221,0.4800000000000182,0.018000000000029104,0,0.7
116,no_timeout,1,222,0.9220000000000255,3.227999999999952,1,0.7
116,no_timeout,1,223,0.8279999999999745,3.9920000000000755,1,0.7
116,no_timeout,1,224,0.7579999999999245,2.27800000000002,1,0.7
116,no_timeout,1,225,0.5019999999999527,1.5020000000000664,0,0.8
116,no_timeout,1,226,1.66599999999994,2.8180000000000973,1,0.8
116,no_timeout,1,227,0.35399999999992815,0.83400000000006,0,0.8
116,no_timeout,1,228,0.38400000000001455,1.2139999999999418,0,0.8
116,no_timeout,1,229,0.77800000000002,0.08000000000004093,0,0.8
116,no_timeout,1,230,0.29799999999988813,1.4580000000000837,0,0.8
116,no_timeout,1,231,1.004000000000019,0.14799999999991087,1,0.8
116,no_timeout,1,232,0.07400000000006912,0.6039999999999281,0,0.8
116,no_timeout,1,233,1.0960000000000036,12.59800000000007,1,0.8
116,no_timeout,1,234,0.34799999999995634,1.1760000000000446,0,0.8
116,no_timeout,1,235,0.6699999999999591,5.32000000000005,0,0.8
116,no_timeout,1,236,0.25,0.7400000000000091,0,0.8
116,no_timeout,1,237,0.7419999999999618,2.4020000000000437,0,0.8
116,no_timeout,1,238,0.9179999999998927,0.42600000000004457,1,0.8
116,no_timeout,1,239,0.6620000000000346,2.94399999999996,0,0.8
116,no_timeout,1,240,0.22800000000006548,0.5659999999999172,0,0.8
116,no_timeout,1,241,1.3280000000000882,5.635999999999967,1,0.8
116,no_timeout,1,242,0.42799999999999727,1.4639999999999418,0,0.8
116,no_timeout,1,243,0.9080000000000155,0.06200000000001182,1,0.8
116,no_timeout,1,244,0.2400000000000091,5.331999999999994,0,0.8
116,no_timeout,1,245,0.4479999999999791,1.211999999999989,0,0.8
116,no_timeout,1,246,0.4640000000000555,0.8419999999999845,0,0.8
116,no_timeout,1,247,0.6539999999999964,1.3659999999999854,0,0.8
116,no_timeout,1,248,1.1440000000000055,0.7040000000000646,1,0.8
116,no_timeout,1,249,0.39399999999989177,2.216000000000008,0,0.8
116,no_timeout,1,250,0.6760000000000446,2.491999999999962,0,0.8
116,no_timeout,1,251,0.8540000000000418,0.12000000000000455,1,0.8
116,no_timeout,1,252,1.04200000000003,26.535999999999945,1,0.8
116,no_timeout,1,253,0.39999999999997726,0.4519999999999982,0,0.8
116,no_timeout,1,254,0.4759999999999991,0.5160000000000764,0,0.8
116,no_timeout,1,255,0.37999999999999545,0.43200000000001637,0,0.8
116,no_timeout,1,256,0.32599999999990814,0.39000000000010004,0,0.8
116,no_timeout,1,257,0.4499999999999318,0.18399999999996908,0,0.8
116,no_timeout,1,258,0.7259999999999991,0.9740000000000464,0,0.8
116,no_timeout,1,259,1.2620000000000573,4.565999999999917,1,0.8
116,no_timeout,1,260,0.59800000000007,2.0539999999999736,0,0.8
116,no_timeout,1,261,0.4959999999999809,0.32600000000002183,0,0.8
116,no_timeout,1,262,0.038000000000010914,0.12799999999992906,0,0.8
116,no_timeout,1,263,0.2440000000000282,1.0779999999999745,0,0.8
116,no_timeout,1,264,0.6420000000000528,2.1399999999999864,0,0.8
116,no_timeout,1,265,1.2699999999999818,0.34000000000003183,1,0.8
116,no_timeout,1,266,0.2939999999999827,1.0579999999999927,0,0.8
116,no_timeout,1,267,0.36000000000001364,0.6580000000000155,0,0.8
116,no_timeout,1,268,0.31799999999998363,2.5359999999999445,0,0.8
116,no_timeout,1,269,1.0120000000000573,0.09199999999998454,1,0.8
116,no_timeout,1,270,0.31399999999996453,5.224000000000046,0,0.8
116,no_timeout,1,271,0.7899999999999636,2.382000000000062,0,0.8
116,no_timeout,1,272,0.4460000000000264,0.5339999999999918,0,0.8
116,no_timeout,1,273,0.36599999999998545,0.17399999999997817,0,0.8
116,no_timeout,1,274,0.7519999999999527,1.725999999999999,0,0.8
116,no_timeout,1,275,0.3280000000000882,0.2959999999999354,0,0.8
116,no_timeout,1,276,1.2960000000000491,3.4599999999999227,1,0.8
116,no_timeout,1,277,0.14800000000002456,0.8000000000000682,0,0.8
116,no_timeout,1,278,0.23599999999999,0.15999999999996817,0,0.8
116,no_timeout,1,279,0.37400000000002365,2.312000000000012,0,0.8
116,no_timeout,1,280,0.7479999999999336,0.2620000000000573,0,0.8
116,no_timeout,1,281,0.11799999999993815,3.4200000000000728,0,0.8
116,no_timeout,1,282,0.5499999999999545,0.08600000000001273,0,0.8
116,no_timeout,1,283,0.08799999999996544,0.2340000000000373,0,0.8
116,no_timeout,1,284,0.2259999999999991,0.5480000000000018,0,0.8
116,no_timeout,1,285,1.0960000000000036,0.06399999999996453,1,0.8
116,no_timeout,1,286,0.7580000000000382,3.8039999999999736,0,0.8
116,no_timeout,1,287,1.4700000000000273,5.744000000000028,1,0.8
116,no_timeout,1,288,0.6099999999999,1.3260000000000218,0,0.8
116,no_timeout,1,289,0.19799999999997908,0.4740000000000464,0,0.8
116,no_timeout,1,290,0.2980000000000018,0.16999999999995907,0,0.8
116,no_timeout,1,291,0.43400000000008276,1.197999999999979,0,0.8
116,no_timeout,1,292,0.17799999999999727,1.0639999999999645,0,0.8
116,no_timeout,1,293,0.5480000000000018,0.34800000000007003,0,0.8
116,no_timeout,1,294,0.31599999999991724,1.8559999999999945,0,0.8
116,no_timeout,1,295,0.12800000000004275,0.4679999999999609,0,0.8
116,no_timeout,1,296,0.52800000000002,0.14400000000000546,0,0.8
116,no_timeout,1,297,0.2279999999999518,0.12800000000004275,0,0.8
116,no_timeout,1,298,0.10800000000006094,1.0519999999999072,0,0.8
116,no_timeout,1,299,1.330000000000041,3.69399999999996,1,0.8
116,no_timeout,1,300,0.7480000000000473,1.9379999999999882,0,0.8
116,no_timeout,1,301,1.3880000000000337,10.177999999999997,1,0.8
116,no_timeout,1,302,0.07999999999992724,0.44000000000005457,0,0.8
116,no_timeout,1,303,0.4980000000000473,3.147999999999911,0,0.8
116,no_timeout,1,304,0.13999999999998636,0.5060000000000855,0,0.8
116,no_timeout,1,305,1.2919999999999163,15.494000000000028,1,0.8
116,no_timeout,1,306,0.38200000000006185,0.6879999999999882,0,0.8
116,no_timeout,1,307,0.9879999999999427,4.122000000000071,1,0.8
116,no_timeout,1,308,0.6339999999999009,3.7220000000000937,0,0.8
116,no_timeout,1,309,1.5419999999999163,21.276000000000067,1,0.8
116,no_timeout,1,310,0.92999999999995,2.618000000000052,1,0.8
116,no_timeout,1,311,0.97199999999998,0.13800000000003365,1,0.8
116,no_timeout,1,312,0.7719999999999345,3.9220000000000255,0,0.9
116,no_timeout,1,313,0.5540000000000873,0.88799999999992,0,0.9
116,no_timeout,1,314,0.39400000000000546,0.5640000000000782,0,0.9
116,no_timeout,1,315,1.199999999999818,6.1460000000001855,1,0.9
116,no_timeout,1,316,1.5,14.135999999999967,1,0.9
116,no_timeout,1,317,0.08199999999987995,2.395999999999958,0,0.9
116,no_timeout,1,318,0.43800000000010186,0.41200000000003456,0,0.9
116,no_timeout,1,319,1.1620000000000346,10.697999999999865,1,0.9
116,no_timeout,1,320,0.38000000000010914,0.32799999999997453,0,0.9
116,no_timeout,1,321,0.9320000000000164,5.745999999999867,1,0.9
116,no_timeout,1,322,0.3420000000000982,1.6079999999999472,0,0.9
116,no_timeout,1,323,2.3680000000001655,3.5139999999998963,1,0.9
116,no_timeout,1,324,0.61200000000008,2.0979999999999563,0,0.9
116,no_timeout,1,325,0.5760000000000218,0.31199999999989814,0,0.9
116,no_timeout,1,326,0.9100000000000819,5.079999999999927,1,0.9
116,no_timeout,1,327,1.2180000000000746,7.346000000000004,1,0.9
116,no_timeout,1,328,0.5799999999999272,2.6539999999999964,0,0.9
116,no_timeout,1,329,0.4880000000000564,0.1879999999998745,0,0.9
116,no_timeout,1,330,0.8160000000000309,1.6359999999999673,0,0.9
116,no_timeout,1,331,0.790000000000191,1.5599999999999454,0,0.9
116,no_timeout,1,332,0.2619999999999436,0.5039999999999054,0,0.9
116,no_timeout,1,333,1.05600000000004,2.0260000000000673,1,0.9
116,no_timeout,1,334,1.3279999999999745,0.10400000000004184,1,0.9
116,no_timeout,1,335,0.15200000000004366,0.08799999999996544,0,0.9
116,no_timeout,1,336,0.32600000000002183,3.599999999999909,0,0.9
116,no_timeout,1,337,1.0119999999999436,1.4580000000000837,1,0.9
116,no_timeout,1,338,0.8379999999999654,3.3559999999999945,0,0.9
116,no_timeout,1,339,0.08600000000001273,2.5960000000000036,0,0.9
116,no_timeout,1,340,0.11400000000003274,22.45399999999995,0,0.9
116,no_timeout,1,341,0.38800000000014734,1.231999999999971,0,0.9
116,no_timeout,1,342,0.39599999999995816,0.19399999999995998,0,0.9
116,no_timeout,1,343,0.3420000000000982,1.3539999999998145,0,0.9
116,no_timeout,1,344,4.234000000000151,3.740000000000009,1,0.9
116,no_timeout,1,345,0.66599999999994,1.5960000000000036,0,0.9
116,no_timeout,1,346,1.7180000000000746,3.3479999999999563,1,0.9
116,no_timeout,1,347,1.4079999999999018,2.928000000000111,1,0.9
116,no_timeout,1,348,1.122000000000071,2.6440000000000055,1,0.9
116,no_timeout,1,349,0.7059999999999036,1.9500000000000455,0,1.0
116,no_timeout,1,350,0.9519999999999982,0.6459999999999582,0,1.0
116,no_timeout,1,351,0.4680000000000746,1.24799999999982,0,1.0
116,no_timeout,1,352,1.6560000000001764,4.211999999999989,1,1.0
116,no_timeout,1,353,0.6119999999998527,1.2440000000001419,0,1.0
116,no_timeout,1,354,1.6119999999998527,2.576000000000022,1,1.0
116,no_timeout,1,355,1.4360000000001492,5.923999999999978,1,1.0
116,no_timeout,1,356,1.2359999999998763,5.198000000000093,1,1.0
116,no_timeout,1,357,0.5860000000000127,1.1420000000000528,0,1.1
116,no_timeout,1,358,0.7479999999998199,2.0240000000001146,0,1.1
116,no_timeout,1,359,1.5599999999999454,2.0299999999999727,1,1.1
116,no_timeout,1,360,2.6420000000000528,4.22199999999998,1,1.1
116,no_timeout,1,361,1.622000000000071,0.40399999999999636,1,1.1
116,no_timeout,1,362,0.4939999999999145,4.332000000000107,0,1.2
116,no_timeout,1,363,2.5499999999999545,6.157999999999902,1,1.2
116,no_timeout,1,364,1.4880000000000564,0.041999999999916326,1,1.2
116,no_timeout,1,365,0.15600000000017644,2.8819999999998345,0,1.2
116,no_timeout,1,366,0.12000000000011823,0.5599999999999454,0,1.2
116,no_timeout,1,367,0.2960000000000491,0.03999999999996362,0,1.2
116,no_timeout,1,368,0.38599999999996726,1.4880000000000564,0,1.2
116,no_timeout,1,369,0.8160000000000309,2.1299999999998818,0,1.2
116,no_timeout,1,370,0.2699999999999818,0.7520000000001801,0,1.2
116,no_timeout,1,371,1.849999999999909,3.258000000000038,1,1.2
116,no_timeout,1,372,0.2819999999999254,0.22199999999998,0,1.2
116,no_timeout,1,373,1.288000000000011,6.468000000000075,1,1.2
116,no_timeout,1,374,2.089999999999918,2.7719999999999345,1,1.2
116,no_timeout,1,375,0.7100000000000364,2.5879999999999654,0,1.2
116,no_timeout,1,376,0.7360000000001037,1.4500000000000455,0,1.2
116,no_timeout,1,377,0.6859999999999218,1.3700000000001182,0,1.2
116,no_timeout,1,378,1.5119999999999436,3.316000000000031,1,1.2
116,no_timeout,1,379,0.8979999999999109,2.0920000000000982,0,1.2
116,no_timeout,1,380,1.4259999999999309,6.440000000000055,1,1.2
116,no_timeout,1,381,0.6119999999998527,0.8860000000001946,0,1.2
116,no_timeout,1,382,0.4559999999999036,1.8800000000001091,0,1.2
116,no_timeout,1,383,1.2899999999999636,0.5239999999998872,1,1.2
116,no_timeout,1,384,0.8740000000000236,3.2280000000000655,0,1.2
116,no_timeout,1,385,0.37799999999992906,10.960000000000036,0,1.2
116,no_timeout,1,386,0.10999999999989996,2.2560000000000855,0,1.2
116,no_timeout,1,387,1.0519999999999072,0.36400000000003274,0,1.2
116,no_timeout,1,388,0.80600000000004,1.7560000000000855,0,1.2
116,no_timeout,1,389,0.8479999999999563,2.009999999999991,0,1.2
116,no_timeout,1,390,1.22199999999998,4.3940000000000055,1,1.2
116,no_timeout,1,391,0.2539999999999054,3.52800000000002,0,1.2
116,no_timeout,1,392,0.7240000000001601,0.30399999999985994,0,1.2
116,no_timeout,1,393,0.3120000000001255,2.6679999999998927,0,1.2
116,no_timeout,1,394,0.37799999999992906,0.2820000000001528,0,1.2
116,no_timeout,1,395,0.40399999999999636,2.9320000000000164,0,1.2
116,no_timeout,1,396,1.821999999999889,3.4220000000000255,1,1.2
116,no_timeout,1,397,0.42200000000002547,0.7860000000000582,0,1.2
116,no_timeout,1,398,0.8379999999999654,1.8019999999999072,0,1.2
116,no_timeout,1,399,0.2480000000000473,0.7439999999999145,0,1.2
116,no_timeout,1,400,1.490000000000009,2.6840000000001965,1,1.2
116,no_timeout,1,401,0.057999999999992724,0.1799999999998363,0,1.2
116,no_timeout,1,402,1.00200000000018,2.02599999999984,0,1.2
116,no_timeout,1,403,1.3479999999999563,3.178000000000111,1,1.2
116,no_timeout,1,404,1.1539999999999964,1.6179999999999382,0,1.2
116,no_timeout,1,405,1.5720000000001164,4.970000000000027,1,1.2
116,no_timeout,1,406,0.09600000000000364,0.9079999999999018,0,1.2
116,no_timeout,1,407,0.8800000000001091,1.7439999999999145,0,1.2
116,no_timeout,1,408,0.4539999999999509,3.3700000000001182,0,1.2
116,no_timeout,1,409,0.13199999999983447,2.380000000000109,0,1.2
116,no_timeout,1,410,0.30399999999985994,0.3140000000000782,0,1.2
116,no_timeout,1,411,0.5899999999999181,9.02000000000021,0,1.2
116,no_timeout,1,412,0.5419999999999163,0.35200000000008913,0,1.2
116,no_timeout,1,413,0.06999999999993634,1.4120000000000346,0,1.2
116,no_timeout,1,414,1.69399999999996,3.258000000000038,1,1.2
116,no_timeout,1,415,1.1040000000000418,5.563999999999851,0,1.2
116,no_timeout,1,416,0.2380000000000564,1.622000000000071,0,1.2
116,no_timeout,1,417,1.1679999999998927,65.03999999999996,0,1.2
116,no_timeout,1,418,0.43800000000010186,0.2839999999998781,0,1.2
116,no_timeout,1,419,0.43200000000001637,2.08400000000006,0,1.2
116,no_timeout,1,420,0.5740000000000691,1.3019999999999072,0,1.2
116,no_timeout,1,421,0.5,4.349999999999909,0,1.2
116,no_timeout,1,422,0.8840000000000146,1.8100000000001728,0,1.2
116,no_timeout,1,423,0.36400000000003274,1.4019999999998163,0,1.2
116,no_timeout,1,424,0.38800000000014734,0.4600000000000364,0,1.2
116,no_timeout,1,425,1.0179999999998017,1.5160000000000764,0,1.2
116,no_timeout,1,426,1.2360000000001037,6.429999999999836,1,1.2
116,no_timeout,1,427,0.6880000000001019,7.5499999999999545,0,1.2
116,no_timeout,1,428,0.7740000000001146,0.4559999999999036,0,1.2
116,no_timeout,1,429,0.6739999999999782,1.0799999999999272,0,1.2
116,no_timeout,1,430,1.4580000000000837,5.175999999999931,1,1.2
116,no_timeout,1,431,1.3240000000000691,8.309999999999945,1,1.2
116,no_timeout,1,432,0.43000000000006366,5.240000000000009,0,1.2
116,no_timeout,1,433,0.821999999999889,2.72400000000016,0,1.2
116,no_timeout,1,434,1.6099999999999,3.0579999999999927,1,1.2
116,no_timeout,1,435,0.5940000000000509,1.4100000000000819,0,1.2
116,no_timeout,1,436,1.211999999999989,2.237999999999829,1,1.2
116,no_timeout,1,437,0.33600000000001273,0.038000000000010914,0,1.2
116,no_timeout,1,438,1.066000000000031,3.0520000000001346,0,1.2
116,no_timeout,1,439,0.36199999999985266,0.5380000000000109,0,1.2
116,no_timeout,1,440,1.5019999999999527,35.41800000000012,1,1.2
116,no_timeout,1,441,0.2560000000000855,1.3199999999999363,0,1.2
116,no_timeout,1,442,0.8360000000000127,1.2699999999999818,0,1.2
116,no_timeout,1,443,0.7960000000000491,1.7699999999999818,0,1.2
116,no_timeout,1,444,1.1979999999998654,1.1400000000001,0,1.2
116,no_timeout,1,445,1.2100000000000364,2.487999999999829,1,1.2
116,no_timeout,1,446,2.576000000000022,4.776000000000067,1,1.2
116,no_timeout,1,447,2.231999999999971,3.3479999999999563,1,1.2
116,no_timeout,1,448,2.076000000000022,0.07200000000011642,1,1.2
116,no_timeout,1,449,0.5099999999999909,5.91599999999994,0,1.2
116,no_timeout,1,450,0.7599999999999909,1.066000000000031,0,1.2
116,no_timeout,1,451,1.4459999999999127,3.77800000000002,1,1.2
116,no_timeout,1,452,1.0640000000000782,0.03399999999987813,0,1.2
116,no_timeout,1,453,0.5140000000001237,1.7699999999999818,0,1.2
116,no_timeout,1,454,2.089999999999918,5.536000000000058,1,1.2
116,no_timeout,1,455,0.7599999999999909,0.12599999999997635,0,1.2
116,no_timeout,1,456,1.2139999999999418,7.5300000000002,1,1.2
116,no_timeout,1,457,0.6859999999999218,2.0019999999999527,0,1.2
116,no_timeout,1,458,1.627999999999929,3.316000000000031,1,1.2
116,no_timeout,1,459,2.1420000000000528,5.5,1,1.2
116,no_timeout,1,460,1.5860000000000127,4.236000000000104,1,1.2
116,no_timeout,1,461,1.5339999999998781,1.63799999999992,1,1.2
116,no_timeout,1,462,0.44400000000018736,7.395999999999958,0,1.2
116,no_timeout,1,463,0.8899999999998727,0.03000000000020009,0,1.2
116,no_timeout,1,464,0.2359999999998763,2.2919999999999163,0,1.2
116,no_timeout,1,465,0.36400000000003274,1.19600000000014,0,1.2
116,no_timeout,1,466,1.16599999999994,0.43200000000001637,0,1.2
116,no_timeout,1,467,0.9639999999999418,2.546000000000049,0,1.2
116,no_timeout,1,468,0.5779999999999745,1.0319999999999254,0,1.2
116,no_timeout,1,469,1.5579999999999927,5.776000000000067,1,1.2
116,no_timeout,1,470,0.6440000000000055,1.4559999999999036,0,1.2
116,no_timeout,1,471,0.9039999999999964,1.078000000000202,0,1.2
116,no_timeout,1,472,1.259999999999991,5.889999999999873,1,1.2
116,no_timeout,1,473,1.5900000000001455,6.4099999999998545,1,1.2
116,no_timeout,1,474,0.5779999999999745,0.2319999999999709,0,1.2
116,no_timeout,1,475,1.5360000000000582,4.836000000000013,1,1.2
116,no_timeout,1,476,0.9839999999999236,2.6420000000000528,0,1.2
116,no_timeout,1,477,1.4600000000000364,5.1440000000000055,1,1.2
116,no_timeout,1,478,1.2200000000000273,5.301999999999907,1,1.2
116,no_timeout,1,479,1.5640000000000782,6.746000000000095,1,1.2
116,no_timeout,1,480,1.2819999999999254,14.134000000000015,1,1.2
116,no_timeout,1,481,1.0199999999999818,63.503999999999905,0,1.2
116,no_timeout,1,482,0.2760000000000673,2.4600000000000364,0,1.2
116,no_timeout,1,483,0.35799999999994725,1.19399999999996,0,1.2
116,no_timeout,1,484,0.5540000000000873,2.2919999999999163,0,1.2
116,no_timeout,1,485,1.1660000000001673,2.7519999999999527,0,1.2
116,no_timeout,1,486,0.6799999999998363,0.21800000000007458,0,1.2
116,no_timeout,1,487,0.6459999999999582,1.8780000000001564,0,1.2
116,no_timeout,1,488,1.5119999999999436,9.52800000000002,1,1.2
116,no_timeout,1,489,1.0360000000000582,2.005999999999858,0,1.2
116,no_timeout,1,490,0.25,0.038000000000010914,0,1.2
116,no_timeout,1,491,0.8820000000000618,2.536000000000058,0,1.2
116,no_timeout,1,492,0.7139999999999418,4.973999999999933,0,1.2
116,no_timeout,1,493,1.7460000000000946,3.8899999999998727,1,1.2
116,no_timeout,1,494,0.61200000000008,2.711999999999989,0,1.2
116,no_timeout,1,495,0.7660000000000764,1.7919999999999163,0,1.2
116,no_timeout,1,496,0.72199999999998,3.925999999999931,0,1.2
116,no_timeout,1,497,0.8960000000001855,0.4839999999999236,0,1.2
116,no_timeout,1,498,0.6020000000000891,1.7139999999999418,0,1.2
116,no_timeout,1,499,0.14999999999986358,0.11599999999998545,0,1.2
116,no_timeout,1,500,0.8000000000001819,0.37599999999997635,0,1.2
116,no_timeout,1,501,1.3079999999999927,0.21199999999998909,1,1.2
116,no_timeout,1,502,0.06399999999985084,0.09600000000000364,0,1.2
116,no_timeout,1,503,0.09800000000018372,5.301999999999907,0,1.2
116,no_timeout,1,504,0.9800000000000182,2.339999999999918,0,1.2
116,no_timeout,1,505,1.178000000000111,0.34400000000005093,0,1.2
116,no_timeout,1,506,0.2699999999999818,2.8819999999998345,0,1.2
116,no_timeout,1,507,1.7860000000000582,29.718000000000075,1,1.2
116,no_timeout,1,508,1.231999999999971,4.286000000000058,1,1.2
116,no_timeout,1,509,1.2960000000000491,3.5959999999997763,1,1.2
116,no_timeout,1,510,1.2040000000001783,3.288000000000011,1,1.2
116,no_timeout,1,511,1.8679999999999382,12.682000000000016,1,1.2
116,no_timeout,1,512,0.7960000000000491,1.3659999999999854,0,1.2
116,no_timeout,1,513,1.19399999999996,0.9639999999999418,0,1.2
116,no_timeout,1,514,0.16000000000008185,0.03999999999996362,0,1.2
116,no_timeout,1,515,1.0540000000000873,1.9959999999998672,0,1.2
116,no_timeout,1,516,0.9059999999999491,0.6860000000001492,0,1.2
116,no_timeout,1,517,0.6199999999998909,1.5640000000000782,0,1.2
116,no_timeout,1,518,0.31799999999998363,0.6220000000000709,0,1.2
116,no_timeout,1,519,1.3419999999998709,3.0799999999999272,1,1.2
116,no_timeout,1,520,1.6580000000001291,2.4559999999999036,1,1.2
116,no_timeout,1,521,0.8680000000001655,1.5559999999998126,0,1.2
116,no_timeout,1,522,1.30600000000004,2.980000000000018,1,1.2
116,no_timeout,1,523,2.354000000000042,3.5399999999999636,1,1.2
116,no_timeout,1,524,1.0779999999999745,0.0420000000001437,0,1.2
116,no_timeout,1,525,0.041999999999916326,1.8579999999999472,0,1.2
116,no_timeout,1,526,1.0320000000001528,2.25,0,1.2
116,no_timeout,1,527,0.32199999999988904,1.0260000000000673,0,1.2
116,no_timeout,1,528,0.9859999999998763,1.4980000000000473,0,1.2
116,no_timeout,1,529,1.4980000000000473,0.1879999999998745,1,1.2
116,no_timeout,1,530,0.4619999999999891,2.2380000000000564,0,1.2
116,no_timeout,1,531,0.2640000000001237,0.05600000000004002,0,1.2
116,no_timeout,1,532,1.3959999999999582,2.6359999999999673,1,1.2
116,no_timeout,1,533,0.63799999999992,0.15200000000004366,0,1.2
116,no_timeout,1,534,0.30199999999990723,0.09800000000018372,0,1.2
116,no_timeout,1,535,2.30399999999986,6.357999999999947,1,1.2
116,no_timeout,1,536,1.4880000000000564,3.3020000000001346,1,1.2
116,no_timeout,1,537,0.849999999999909,1.8959999999999582,0,1.2
116,no_timeout,1,538,1.1920000000000073,0.6700000000000728,0,1.2
116,no_timeout,1,539,0.91599999999994,2.8479999999999563,0,1.2
116,no_timeout,1,540,0.262000000000171,2.122000000000071,0,1.2
116,no_timeout,1,541,2.561999999999898,3.5,1,1.2
116,no_timeout,1,542,1.0160000000000764,7.1340000000000146,0,1.2
116,no_timeout,1,543,0.44399999999996,4.793999999999869,0,1.2
116,no_timeout,1,544,0.5859999999997854,18.64200000000028,0,1.2
116,no_timeout,1,545,0.7680000000000291,2.0119999999997162,0,1.2
116,no_timeout,1,546,0.27200000000038926,0.6959999999999127,0,1.2
116,no_timeout,1,547,0.9099999999998545,2.286000000000058,0,1.2
116,no_timeout,1,548,1.0520000000001346,1.2359999999998763,0,1.2
116,no_timeout,1,549,1.2019999999997708,3.4160000000001673,1,1.2
116,no_timeout,1,550,0.8479999999999563,0.15399999999999636,0,1.2
116,no_timeout,1,551,0.13999999999987267,5.878000000000156,0,1.2
116,no_timeout,1,552,0.8380000000001928,1.8099999999999454,0,1.2
116,no_timeout,1,553,0.20800000000008367,0.40200000000004366,0,1.2
116,no_timeout,1,554,0.22199999999975262,0.43200000000024374,0,1.2
116,no_timeout,1,555,0.18799999999964712,0.12000000000034561,0,1.2
116,no_timeout,1,556,0.6019999999998618,1.0019999999999527,0,1.2
116,no_timeout,1,557,1.1280000000001564,0.5940000000000509,0,1.2
116,no_timeout,1,558,1.599999999999909,2.931999999999789,1,1.2
116,no_timeout,1,559,1.1579999999999018,2.4900000000002365,0,1.2
116,no_timeout,1,560,0.9039999999999964,2.655999999999949,0,1.2
116,no_timeout,1,561,0.849999999999909,0.20400000000017826,0,1.2
116,no_timeout,1,562,0.12799999999970169,2.4400000000000546,0,1.2
116,no_timeout,1,563,0.16800000000012005,0.80600000000004,0,1.2
116,no_timeout,1,564,0.5940000000000509,0.12399999999979627,0,1.2
116,no_timeout,1,565,0.13400000000001455,1.0140000000001237,0,1.2
116,no_timeout,1,566,1.5459999999998217,3.2280000000000655,1,1.2
116,no_timeout,1,567,1.7000000000002728,4.27599999999984,1,1.2
116,no_timeout,1,568,1.288000000000011,4.690000000000055,1,1.2
116,no_timeout,1,569,0.38799999999991996,1.5160000000000764,0,1.2
116,no_timeout,1,570,0.8420000000000982,0.05999999999994543,0,1.2
116,no_timeout,1,571,0.018000000000029104,0.06399999999985084,0,1.2
116,no_timeout,1,572,0.06199999999989814,1.4980000000000473,0,1.2
116,no_timeout,1,573,1.038000000000011,11.972000000000207,0,1.2
116,no_timeout,1,574,0.11200000000008004,1.3579999999997199,0,1.2
116,no_timeout,1,575,3.6359999999999673,4.456000000000131,1,1.2
116,no_timeout,1,576,0.37800000000015643,0.7880000000000109,0,1.2
116,no_timeout,1,577,1.143999999999778,23.728000000000065,0,1.2
116,no_timeout,1,578,0.262000000000171,0.3779999999997017,0,1.2
116,no_timeout,1,579,0.09200000000009823,4.291999999999916,0,1.2
116,no_timeout,1,580,1.22400000000016,2.35799999999972,1,1.2
116,no_timeout,1,581,3.39200000000028,3.467999999999847,1,1.2
116,no_timeout,1,582,1.2719999999999345,2.3700000000003456,1,1.2
116,no_timeout,1,583,1.5919999999996435,4.706000000000131,1,1.2
116,no_timeout,1,584,0.7880000000000109,1.237999999999829,0,1.2
116,no_timeout,1,585,1.080000000000382,2.0839999999998327,0,1.2
116,no_timeout,1,586,1.94399999999996,11.610000000000127,1,1.2
116,no_timeout,1,587,0.36999999999989086,0.11400000000003274,0,1.2
116,no_timeout,1,588,1.6359999999999673,4.063999999999851,1,1.2
116,no_timeout,1,589,1.3079999999999927,2.7919999999999163,1,1.2
116,no_timeout,1,590,1.2220000000002074,2.467999999999847,1,1.2
116,no_timeout,1,591,3.155999999999949,18.064000000000306,1,1.2
116,no_timeout,1,592,0.4960000000000946,3.1839999999997417,0,1.2
116,no_timeout,1,593,1.012000000000171,1.33199999999988,0,1.2
116,no_timeout,1,594,1.012000000000171,1.8619999999996253,0,1.2
116,no_timeout,1,595,0.524000000000342,2.105999999999767,0,1.2
116,no_timeout,1,596,2.69399999999996,2.425999999999931,1,1.2
116,no_timeout,1,597,2.3320000000003347,3.768000000000029,1,1.2
116,no_timeout,1,598,0.9400000000000546,2.1239999999997963,0,1.2
116,no_timeout,1,599,1.2979999999997744,0.16000000000030923,1,1.2
116,no_timeout,1,600,0.13799999999991996,3.3980000000001382,0,1.2
116,no_timeout,1,601,1.0799999999999272,2.7779999999997926,0,1.2
116,no_timeout,1,602,1.0360000000000582,2.048000000000229,0,1.2
116,no_timeout,1,603,0.6179999999999382,2.1979999999998654,0,1.2
116,no_timeout,1,604,0.6300000000001091,1.94399999999996,0,1.2
116,no_timeout,1,605,0.8339999999998327,6.3400000000001455,0,1.2
116,no_timeout,1,606,2.3840000000000146,2.5659999999998035,1,1.2
116,no_timeout,1,607,3.0540000000000873,3.3340000000002874,1,1.2
116,no_timeout,1,608,1.0979999999999563,3.094000000000051,0,1.2
116,no_timeout,1,609,1.3279999999999745,3.3899999999998727,1,1.2
116,no_timeout,1,610,1.125999999999749,1.7280000000000655,0,1.2
116,no_timeout,1,611,0.36200000000008004,0.01999999999998181,0,1.2
116,no_timeout,1,612,0.69399999999996,2.294000000000324,0,1.2
116,no_timeout,1,613,1.3999999999996362,4.463999999999942,1,1.2
116,no_timeout,1,614,1.2140000000003965,3.55199999999968,1,1.2
116,no_timeout,1,615,2.0579999999999927,5.347999999999956,1,1.2
116,no_timeout,1,616,1.5779999999999745,3.7520000000004075,1,1.2
116,no_timeout,1,617,1.3219999999996617,3.2380000000002838,1,1.2
116,no_timeout,1,618,0.8640000000000327,2.005999999999858,0,1.2
116,no_timeout,1,619,1.3800000000001091,3.599999999999909,1,1.2
116,no_timeout,1,620,1.3400000000001455,0.033999999999650754,1,1.2
116,no_timeout,1,621,0.12800000000015643,4.614000000000033,0,1.2
116,no_timeout,1,622,0.987999999999829,3.5340000000001055,0,1.2
116,no_timeout,1,623,0.31199999999989814,0.07600000000002183,0,1.2
116,no_timeout,1,624,0.24000000000023647,0.07199999999966167,0,1.2
116,no_timeout,1,625,0.48400000000037835,1.587999999999738,0,1.2
116,no_timeout,1,626,1.11200000000008,1.293999999999869,0,1.2
116,no_timeout,1,627,1.162000000000262,1.1799999999998363,0,1.2
116,no_timeout,1,628,0.7860000000000582,4.27599999999984,0,1.2
116,no_timeout,1,629,0.6559999999999491,0.032000000000152795,0,1.2
116,no_timeout,1,630,1.262000000000171,5.735999999999876,1,1.2
116,no_timeout,1,631,1.1539999999999964,1.7199999999998,0,1.2
116,no_timeout,1,632,0.6140000000000327,0.5880000000001928,0,1.2
116,no_timeout,1,633,0.3000000000001819,0.6899999999995998,0,1.2
116,no_timeout,1,634,1.2640000000001237,2.538000000000011,1,1.2
116,no_timeout,1,635,1.4540000000001783,3.3840000000000146,1,1.2
116,no_timeout,1,636,1.4580000000000837,2.25,1,1.2
116,no_timeout,1,637,1.2159999999998945,4.458000000000084,1,1.2
116,no_timeout,1,638,1.1920000000000073,2.405999999999949,0,1.2
116,no_timeout,1,639,1.5079999999998108,3.7800000000002,1,1.2
116,no_timeout,1,640,1.4459999999999127,2.3460000000000036,1,1.2
116,no_timeout,1,641,2.3899999999998727,3.349999999999909,1,1.2
116,no_timeout,1,642,1.4360000000001492,3.05600000000004,1,1.2
116,no_timeout,1,643,1.0799999999999272,3.5459999999998217,0,1.2
116,no_timeout,1,644,1.6260000000002037,5.318000000000211,1,1.2
116,no_timeout,1,645,2.1679999999996653,3.9039999999999964,1,1.2
116,no_timeout,1,646,0.7780000000002474,1.5859999999997854,0,1.2
116,no_timeout,1,647,1.2100000000000364,2.867999999999938,1,1.2
116,no_timeout,1,648,1.2100000000000364,2.3580000000001746,1,1.2
116,no_timeout,1,649,2.0839999999998327,4.258000000000266,1,1.2
116,no_timeout,1,650,0.4559999999996762,5.150000000000091,0,1.2
116,no_timeout,1,651,1.0340000000001055,2.6280000000001564,0,1.2
116,no_timeout,1,652,1.5179999999995744,8.00400000000036,1,1.2
116,no_timeout,1,653,1.449999999999818,3.3160000000002583,1,1.2
116,no_timeout,1,654,0.1839999999997417,1.5880000000001928,0,1.2
116,no_timeout,1,655,1.2559999999998581,3.711999999999989,1,1.2
116,no_timeout,1,656,1.155999999999949,2.1260000000002037,0,1.2
116,no_timeout,1,657,0.6039999999998145,0.8479999999999563,0,1.2
116,no_timeout,1,658,0.5979999999999563,2.2040000000001783,0,1.2
116,no_timeout,1,659,1.0059999999998581,1.731999999999971,0,1.2
116,no_timeout,1,660,1.0219999999999345,0.12800000000015643,0,1.2
116,no_timeout,1,661,0.16800000000012005,5.031999999999698,0,1.2
116,no_timeout,1,662,0.9920000000001892,3.1599999999998545,0,1.2
116,no_timeout,1,663,1.4980000000000473,2.486000000000331,1,1.2
116,no_timeout,1,664,0.9119999999998072,2.5659999999998035,0,1.2
116,no_timeout,1,665,0.4800000000000182,0.774000000000342,0,1.2
116,no_timeout,1,666,0.9719999999997526,1.237999999999829,0,1.2
116,no_timeout,1,667,0.11200000000008004,0.12400000000025102,0,1.2
116,no_timeout,1,668,1.069999999999709,3.0140000000001237,0,1.2
116,no_timeout,1,669,1.9500000000002728,8.25,1,1.2
116,no_timeout,1,670,0.2019999999997708,0.03600000000005821,0,1.2
116,no_timeout,1,671,0.16600000000016735,2.9479999999998654,0,1.2
116,no_timeout,1,672,0.15000000000009095,0.03199999999969805,0,1.2
116,no_timeout,1,673,0.5940000000000509,2.5840000000002874,0,1.2
116,no_timeout,1,674,0.13599999999996726,0.6920000000000073,0,1.2
116,no_timeout,1,675,0.4919999999997344,2.6399999999998727,0,1.2
116,no_timeout,1,676,1.0660000000002583,1.13799999999992,0,1.2
116,no_timeout,1,677,1.699999999999818,73.06200000000035,1,1.2
116,no_timeout,1,678,0.22399999999970532,3.0219999999999345,0,1.2
116,no_timeout,1,679,0.36000000000012733,0.7400000000002365,0,1.2
116,no_timeout,1,680,1.3019999999996799,3.6159999999999854,1,1.2
116,no_timeout,1,681,1.5579999999999927,6.572000000000116,1,1.2
116,no_timeout,1,682,1.099999999999909,3.19800000000032,0,1.2
116,no_timeout,1,683,1.4559999999996762,4.885999999999967,1,1.2
116,no_timeout,1,684,0.874000000000251,2.1480000000001382,0,1.2
116,no_timeout,1,685,1.41399999999976,9.677999999999884,1,1.2
116,no_timeout,1,686,1.4880000000002838,3.7080000000000837,1,1.2
116,no_timeout,1,687,1.3659999999999854,3.1119999999996253,1,1.2
116,no_timeout,1,688,2.6080000000001746,23.13000000000011,1,1.2
116,no_timeout,1,689,2.173999999999978,6.11200000000008,1,1.2
116,no_timeout,1,690,0.7799999999997453,3.72400000000016,0,1.2
116,no_timeout,1,691,1.9239999999999782,3.0459999999998217,1,1.2
116,no_timeout,1,692,1.6420000000002801,5.023999999999887,1,1.2
116,no_timeout,1,693,2.5479999999997744,5.153999999999996,1,1.2
116,no_timeout,1,694,1.5880000000001928,4.583999999999833,1,1.2
116,no_timeout,1,695,1.7960000000002765,5.027999999999793,1,1.2
116,no_timeout,1,696,1.486000000000331,3.5239999999998872,1,1.2
116,no_timeout,1,697,1.2159999999998945,2.548000000000229,1,1.2
116,no_timeout,1,698,4.837999999999738,2.9220000000000255,1,1.2
116,no_timeout,1,699,2.91800000000012,5.9220000000000255,1,1.2
116,no_timeout,1,700,1.2159999999998945,7.105999999999767,1,1.2
116,no_timeout,1,701,1.2040000000001783,2.911999999999807,1,1.2
116,no_timeout,1,702,2.7040000000001783,3.494000000000142,1,1.2
116,no_timeout,1,703,2.673999999999978,6.329999999999927,1,1.2
116,no_timeout,1,704,0.9200000000000728,2.3719999999998436,0,1.2
116,no_timeout,1,705,0.20800000000008367,0.5479999999997744,0,1.2
116,no_timeout,1,706,0.75,1.83600000000024,0,1.2
116,no_timeout,1,707,1.7519999999999527,3.1280000000001564,1,1.2
116,no_timeout,1,708,0.793999999999869,1.7660000000000764,0,1.2
116,no_timeout,1,709,0.956000000000131,1.8679999999999382,0,1.2
116,no_timeout,1,710,1.7039999999997235,20.18000000000029,1,1.2
116,no_timeout,1,711,1.19399999999996,1.4899999999997817,0,1.2
116,no_timeout,1,712,1.3099999999999454,3.8700000000003456,1,1.2
116,no_timeout,1,713,2.155999999999949,2.087999999999738,1,1.2
116,no_timeout,1,714,2.4079999999999018,5.516000000000076,1,1.2
116,no_timeout,1,715,1.5019999999999527,3.956000000000131,1,1.2
116,no_timeout,1,716,1.788000000000011,3.9540000000001783,1,1.2
116,no_timeout,1,717,1.2959999999998217,10.184000000000196,1,1.2
116,no_timeout,1,718,0.8440000000000509,1.5099999999997635,0,1.2
116,no_timeout,1,719,1.7699999999999818,8.204000000000178,1,1.2
116,no_timeout,1,720,1.288000000000011,3.0459999999998217,1,1.2
116,no_timeout,1,721,1.3139999999998508,3.3079999999999927,1,1.2
116,no_timeout,1,722,2.106000000000222,3.3859999999999673,1,1.2
116,no_timeout,1,723,0.8600000000001273,1.7959999999998217,0,1.2
116,no_timeout,1,724,0.2640000000001237,0.7559999999998581,0,1.2
116,no_timeout,1,725,1.0920000000000982,2.4220000000000255,0,1.2
116,no_timeout,1,726,1.2280000000000655,0.17799999999988358,1,1.2
116,no_timeout,1,727,0.5760000000000218,2.3479999999999563,0,1.2
116,no_timeout,1,728,1.5480000000002292,7.901999999999589,1,1.2
116,no_timeout,1,729,0.9620000000004438,1.7539999999999054,0,1.2
116,no_timeout,1,730,1.4119999999998072,5.7800000000002,1,1.2
116,no_timeout,1,731,0.6859999999996944,4.858000000000175,0,1.2
116,no_timeout,1,732,1.3099999999999454,0.29399999999986903,1,1.2
116,no_timeout,1,733,0.10800000000017462,0.05400000000008731,0,1.2
116,no_timeout,1,734,0.03600000000005821,3.493999999999687,0,1.2
116,no_timeout,1,735,0.650000000000091,2.3840000000000146,0,1.2
116,no_timeout,1,736,1.0840000000002874,1.7579999999998108,0,1.2
116,no_timeout,1,737,0.9059999999999491,2.33199999999988,0,1.2
116,no_timeout,1,738,0.8640000000000327,0.17200000000002547,0,1.2
116,no_timeout,1,739,0.8360000000002401,2.211999999999989,0,1.2
116,no_timeout,1,740,0.05199999999967986,4.436000000000149,0,1.2
116,no_timeout,1,741,0.40399999999999636,0.4679999999998472,0,1.2
116,no_timeout,1,742,1.1780000000003383,2.7659999999996217,0,1.2
116,no_timeout,1,743,1.1220000000002983,0.07600000000002183,0,1.2
116,no_timeout,1,744,0.5940000000000509,2.1959999999999127,0,1.2
116,no_timeout,1,745,0.706000000000131,0.35399999999981446,0,1.2
116,no_timeout,1,746,0.20600000000013097,0.06799999999975626,0,1.2
116,no_timeout,1,747,0.7080000000000837,2.0100000000002183,0,1.2
116,no_timeout,1,748,0.7179999999998472,0.2919999999999163,0,1.2
116,no_timeout,1,749,0.9900000000002365,5.991999999999734,0,1.2
116,no_timeout,1,750,1.231999999999971,5.970000000000255,1,1.2
116,no_timeout,1,751,0.1679999999996653,3.08600000000024,0,1.2
116,no_timeout,1,752,0.11999999999989086,0.11799999999993815,0,1.2
116,no_timeout,1,753,1.0840000000002874,3.1899999999996,0,1.2
116,no_timeout,1,754,0.7600000000002183,0.12399999999979627,0,1.2
116,no_timeout,1,755,0.6460000000001855,2.731999999999971,0,1.2
116,no_timeout,1,756,0.6620000000002619,1.7159999999998945,0,1.2
116,no_timeout,1,757,1.3260000000000218,9.681999999999789,1,1.2
116,no_timeout,1,758,1.66800000000012,9.599999999999909,1,1.2
116,no_timeout,1,759,1.512000000000171,4.241999999999734,1,1.2
116,no_timeout,1,760,2.5779999999999745,0.09600000000000364,1,1.2
116,no_timeout,1,761,0.08800000000019281,7.91399999999976,0,1.2
116,no_timeout,1,762,2.5700000000001637,9.302000000000135,1,1.2
116,no_timeout,1,763,1.7339999999999236,6.143999999999778,1,1.2
116,no_timeout,1,764,1.7000000000002728,6.029999999999745,1,1.2
116,no_timeout,1,765,1.5100000000002183,18.4079999999999,1,1.2
116,no_timeout,1,766,1.0700000000001637,1.875999999999749,0,1.2
116,no_timeout,1,767,0.19000000000005457,0.0660000000002583,0,1.2
116,no_timeout,1,768,1.6279999999997017,7.854000000000269,1,1.2
116,no_timeout,1,769,2.3460000000000036,5.109999999999673,1,1.2
116,no_timeout,1,770,1.3920000000002801,4.7979999999997744,1,1.2
116,no_timeout,1,771,1.22400000000016,7.070000000000164,1,1.2
116,no_timeout,1,772,1.6159999999999854,4.455999999999676,1,1.2
116,no_timeout,1,773,2.380000000000109,6.900000000000091,1,1.2
116,no_timeout,1,774,1.0639999999998508,4.2840000000001055,0,1.2
116,no_timeout,1,775,1.318000000000211,4.55199999999968,1,1.2
116,no_timeout,1,776,1.6480000000001382,3.3919999999998254,1,1.2
116,no_timeout,1,777,1.3859999999999673,8.222000000000207,1,1.2
116,no_timeout,1,778,1.4719999999997526,4.33600000000024,1,1.2
116,no_timeout,1,779,1.1880000000001019,2.3539999999998145,0,1.2
116,no_timeout,1,780,0.6399999999998727,10.5,0,1.2
116,no_timeout,1,781,2.548000000000229,4.257999999999811,1,1.2
116,no_timeout,1,782,3.200000000000273,4.701999999999771,1,1.2
116,no_timeout,1,783,1.5340000000001055,7.210000000000036,1,1.2
116,no_timeout,1,784,0.3079999999999927,4.8840000000000146,0,1.2
116,no_timeout,1,785,1.4659999999998945,5.480000000000018,1,1.2
116,no_timeout,1,786,1.1399999999998727,1.9600000000000364,0,1.2
116,no_timeout,1,787,2.354000000000269,4.991999999999734,1,1.2
116,no_timeout,1,788,1.8820000000000618,2.4580000000000837,1,1.2
116,no_timeout,1,789,2.706000000000131,6.94399999999996,1,1.2
116,no_timeout,1,790,0.6599999999998545,1.6260000000002037,0,1.2
116,no_timeout,1,791,1.8359999999997854,4.653999999999996,1,1.2
116,no_timeout,1,792,0.9780000000000655,0.3420000000000982,0,1.2
116,no_timeout,1,793,0.6300000000001091,70.2239999999997,0,1.2
116,no_timeout,1,794,0.0500000000001819,0.21000000000003638,0,1.2
116,no_timeout,1,795,2.893999999999778,26.188000000000102,1,1.2
116,no_timeout,1,796,0.47400000000016007,0.30199999999967986,0,1.2
116,no_timeout,1,797,0.4780000000000655,1.6480000000001382,0,1.2
116,no_timeout,1,798,0.8519999999998618,1.3780000000001564,0,1.2
116,no_timeout,1,799,0.5960000000000036,1.1759999999999309,0,1.2
116,no_timeout,1,800,1.1140000000000327,,0,1.2
116,no_timeout,2,1,0.17200000000000415,1.4779999999999944,0,1.2
116,no_timeout,2,2,0.7460000000000022,0.06799999999999784,0,1.2
116,no_timeout,2,3,0.5140000000000029,3.4939999999999998,0,1.2
116,no_timeout,2,4,0.4339999999999975,1.6900000000000048,0,1.2
116,no_timeout,2,5,0.8819999999999979,1.554000000000002,0,1.2
116,no_timeout,2,6,1.2179999999999964,6.936,1,1.2
116,no_timeout,2,7,0.5100000000000051,0.1839999999999975,0,1.2
116,no_timeout,2,8,0.7800000000000011,2.9639999999999986,0,1.2
116,no_timeout,2,9,0.21399999999999864,2.1340000000000003,0,1.2
116,no_timeout,2,10,1.0320000000000036,2.229999999999997,0,1.2
116,no_timeout,2,11,0.3100000000000023,2.2519999999999953,0,1.2
116,no_timeout,2,12,0.23199999999999932,17.35000000000001,0,1.2
116,no_timeout,2,13,0.8239999999999981,1.2039999999999935,0,1.2
116,no_timeout,2,14,0.9060000000000059,3.5019999999999953,0,1.2
116,no_timeout,2,15,1.2819999999999965,3.298000000000002,1,1.2
116,no_timeout,2,16,0.8200000000000074,1.965999999999994,0,1.2
116,no_timeout,2,17,0.8460000000000036,1.0579999999999927,0,1.2
116,no_timeout,2,18,1.068000000000012,1.1019999999999897,0,1.2
116,no_timeout,2,19,1.3320000000000078,2.8699999999999903,1,1.2
116,no_timeout,2,20,1.9340000000000117,5.994,1,1.2
116,no_timeout,2,21,0.36199999999999477,1.9000000000000057,0,1.2
116,no_timeout,2,22,0.6099999999999994,0.031999999999996476,0,1.2
116,no_timeout,2,23,0.9879999999999995,0.9680000000000035,0,1.2
116,no_timeout,2,24,2.549999999999997,8.914000000000001,1,1.2
116,no_timeout,2,25,0.6020000000000039,17.394000000000005,0,1.2
116,no_timeout,2,26,0.681999999999988,0.8880000000000052,0,1.2
116,no_timeout,2,27,0.9420000000000073,2.2979999999999734,0,1.2
116,no_timeout,2,28,0.7980000000000018,2.794000000000011,0,1.2
116,no_timeout,2,29,1.0339999999999918,1.1880000000000166,0,1.2
116,no_timeout,2,30,1.4819999999999993,12.139999999999986,1,1.2
116,no_timeout,2,31,0.8880000000000052,0.4259999999999877,0,1.2
116,no_timeout,2,32,1.2700000000000102,5.3799999999999955,1,1.2
116,no_timeout,2,33,1.4159999999999968,2.8760000000000048,1,1.2
116,no_timeout,2,34,1.146000000000015,3.97799999999998,0,1.2
116,no_timeout,2,35,1.195999999999998,0.856000000000023,0,1.2
116,no_timeout,2,36,1.0759999999999934,1.2019999999999982,0,1.2
116,no_timeout,2,37,0.3859999999999957,2.539999999999992,0,1.2
116,no_timeout,2,38,1.7480000000000189,3.0519999999999925,1,1.2
116,no_timeout,2,39,1.8240000000000123,4.121999999999986,1,1.2
116,no_timeout,2,40,1.657999999999987,2.6240000000000236,1,1.2
116,no_timeout,2,41,1.9539999999999793,3.062000000000012,1,1.2
116,no_timeout,2,42,1.5279999999999916,4.216000000000008,1,1.2
116,no_timeout,2,43,1.054000000000002,2.6459999999999866,0,1.2
116,no_timeout,2,44,1.0800000000000125,1.2439999999999998,0,1.2
116,no_timeout,2,45,0.7119999999999891,2.754000000000019,0,1.2
116,no_timeout,2,46,0.34600000000000364,1.2739999999999725,0,1.2
116,no_timeout,2,47,0.3020000000000209,0.10599999999999454,0,1.2
116,no_timeout,2,48,0.6759999999999877,7.984000000000009,0,1.2
116,no_timeout,2,49,1.3160000000000025,9.931999999999988,1,1.2
116,no_timeout,2,50,0.9200000000000159,1.603999999999985,0,1.2
116,no_timeout,2,51,1.0879999999999939,1.3180000000000405,0,1.2
116,no_timeout,2,52,1.853999999999985,3.9139999999999873,1,1.2
116,no_timeout,2,53,1.2280000000000086,2.2799999999999727,1,1.2
116,no_timeout,2,54,1.3760000000000332,3.1100000000000136,1,1.2
116,no_timeout,2,55,1.6159999999999854,8.27600000000001,1,1.2
116,no_timeout,2,56,0.1239999999999668,0.882000000000005,0,1.2
116,no_timeout,2,57,0.9159999999999968,1.2320000000000277,0,1.2
116,no_timeout,2,58,0.8159999999999741,2.1759999999999877,0,1.2
116,no_timeout,2,59,1.3100000000000023,9.915999999999997,1,1.2
116,no_timeout,2,60,1.1520000000000437,1.085999999999956,0,1.2
116,no_timeout,2,61,1.406000000000006,5.426000000000045,1,1.2
116,no_timeout,2,62,1.6319999999999482,3.326000000000022,1,1.2
116,no_timeout,2,63,1.254000000000019,3.1119999999999663,1,1.2
116,no_timeout,2,64,1.29200000000003,2.991999999999962,1,1.2
116,no_timeout,2,65,1.7560000000000286,3.3799999999999955,1,1.2
116,no_timeout,2,66,1.386000000000024,3.5979999999999563,1,1.2
116,no_timeout,2,67,1.9600000000000364,2.9780000000000086,1,1.2
116,no_timeout,2,68,1.2839999999999918,3.4039999999999964,1,1.2
116,no_timeout,2,69,1.7939999999999827,6.271999999999991,1,1.2
116,no_timeout,2,70,1.0060000000000286,0.8619999999999663,0,1.2
116,no_timeout,2,71,2.0720000000000027,2.8799999999999955,1,1.2
116,no_timeout,2,72,2.2900000000000205,2.684000000000026,1,1.2
116,no_timeout,2,73,2.051999999999964,8.908000000000015,1,1.2
116,no_timeout,2,74,0.1479999999999677,0.21600000000000819,0,1.2
116,no_timeout,2,75,0.2839999999999918,1.0020000000000095,0,1.2
116,no_timeout,2,76,0.6020000000000323,0.05000000000001137,0,1.2
116,no_timeout,2,77,0.7199999999999704,1.3879999999999768,0,1.2
116,no_timeout,2,78,1.6020000000000323,6.093999999999994,1,1.2
116,no_timeout,2,79,2.098000000000013,4.039999999999964,1,1.2
116,no_timeout,2,80,1.4020000000000437,9.573999999999955,1,1.2
116,no_timeout,2,81,1.156000000000006,4.819999999999993,0,1.2
116,no_timeout,2,82,0.9020000000000437,1.156000000000006,0,1.2
116,no_timeout,2,83,1.8479999999999563,16.54200000000003,1,1.2
116,no_timeout,2,84,2.113999999999976,6.021999999999991,1,1.2
116,no_timeout,2,85,1.1720000000000255,1.5819999999999936,0,1.2
116,no_timeout,2,86,1.9839999999999804,3.6820000000000164,1,1.2
116,no_timeout,2,87,1.8120000000000118,4.805999999999983,1,1.2
116,no_timeout,2,88,1.5439999999999827,21.286,1,1.2
116,no_timeout,2,89,1.4040000000000532,5.811999999999955,1,1.2
116,no_timeout,2,90,1.26400000000001,4.2620000000000005,1,1.2
116,no_timeout,2,91,1.9379999999999882,0.16599999999999682,1,1.2
116,no_timeout,2,92,0.3320000000000505,5.901999999999987,0,1.2
116,no_timeout,2,93,1.4499999999999886,3.4920000000000186,1,1.2
116,no_timeout,2,94,1.9039999999999964,4.911999999999978,1,1.2
116,no_timeout,2,95,1.2860000000000014,4.045999999999992,1,1.2
116,no_timeout,2,96,1.5620000000000118,4.51400000000001,1,1.2
116,no_timeout,2,97,1.6359999999999673,7.29200000000003,1,1.2
116,no_timeout,2,98,0.6240000000000236,0.049999999999954525,0,1.2
116,no_timeout,2,99,0.40200000000004366,3.25,0,1.2
116,no_timeout,2,100,0.6859999999999218,0.07000000000005002,0,1.2
116,no_timeout,2,101,0.4420000000000073,0.7440000000000282,0,1.2
116,no_timeout,2,102,1.5199999999999818,4.557999999999993,1,1.2
116,no_timeout,2,103,2.0219999999999345,4.616000000000099,1,1.2
116,no_timeout,2,104,1.0699999999999363,2.58400000000006,0,1.2
116,no_timeout,2,105,1.25,9.843999999999937,1,1.2
116,no_timeout,2,106,0.5460000000000491,12.117999999999938,0,1.2
116,no_timeout,2,107,1.1600000000000819,0.9420000000000073,0,1.2
116,no_timeout,2,108,0.6299999999999955,1.3999999999999773,0,1.2
116,no_timeout,2,109,0.5659999999999172,3.316000000000031,0,1.2
116,no_timeout,2,110,1.76400000000001,4.026000000000067,1,1.2
116,no_timeout,2,111,1.2519999999999527,3.4879999999999427,1,1.2
116,no_timeout,2,112,1.400000000000091,3.562000000000012,1,1.2
116,no_timeout,2,113,1.0399999999999636,1.0860000000000127,0,1.2
116,no_timeout,2,114,0.98599999999999,3.3339999999999463,0,1.2
116,no_timeout,2,115,1.650000000000091,4.619999999999891,1,1.2
116,no_timeout,2,116,2.1680000000000064,4.668000000000006,1,1.2
116,no_timeout,2,117,1.1159999999999854,0.9880000000000564,0,1.2
116,no_timeout,2,118,0.4759999999999991,0.11000000000001364,0,1.2
116,no_timeout,2,119,0.41200000000003456,0.06399999999996453,0,1.2
116,no_timeout,2,120,0.4819999999999709,5.254000000000019,0,1.2
116,no_timeout,2,121,2.1340000000000146,5.888000000000034,1,1.2
116,no_timeout,2,122,1.975999999999999,2.8460000000000036,1,1.2
116,no_timeout,2,123,1.2099999999999227,0.038000000000010914,1,1.2
116,no_timeout,2,124,0.4780000000000655,5.0639999999999645,0,1.2
116,no_timeout,2,125,3.524000000000001,4.1059999999999945,1,1.2
116,no_timeout,2,126,2.2799999999999727,3.9120000000000346,1,1.2
116,no_timeout,2,127,0.15399999999999636,0.12199999999995725,0,1.2
116,no_timeout,2,128,1.3419999999999845,0.8280000000000882,1,1.2
116,no_timeout,2,129,1.1339999999999009,6.3840000000000146,0,1.2
116,no_timeout,2,130,0.5480000000000018,0.11800000000005184,0,1.2
116,no_timeout,2,131,1.183999999999969,5.022000000000048,0,1.2
116,no_timeout,2,132,0.13999999999998636,0.04399999999998272,0,1.2
116,no_timeout,2,133,1.774000000000001,3.3619999999999663,1,1.2
116,no_timeout,2,134,1.4420000000000073,3.840000000000032,1,1.2
116,no_timeout,2,135,1.30600000000004,6.97199999999998,1,1.2
116,no_timeout,2,136,0.9539999999999509,0.033999999999991815,0,1.2
116,no_timeout,2,137,0.9780000000000655,1.23599999999999,0,1.2
116,no_timeout,2,138,1.3159999999999172,4.86200000000008,1,1.2
116,no_timeout,2,139,1.4979999999999336,4.0200000000000955,1,1.2
116,no_timeout,2,140,1.113999999999919,0.41800000000000637,0,1.2
116,no_timeout,2,141,0.6580000000000155,4.265999999999963,0,1.2
116,no_timeout,2,142,0.09200000000009823,0.13799999999991996,0,1.2
116,no_timeout,2,143,1.54200000000003,18.799999999999955,1,1.2
116,no_timeout,2,144,0.8220000000000027,1.9360000000000355,0,1.2
116,no_timeout,2,145,1.7019999999999982,4.677999999999997,1,1.2
116,no_timeout,2,146,0.4619999999999891,0.04200000000003001,0,1.2
116,no_timeout,2,147,0.5359999999999445,1.1460000000000719,0,1.2
116,no_timeout,2,148,1.0960000000000036,0.09399999999993724,0,1.2
116,no_timeout,2,149,0.2420000000000755,2.935999999999922,0,1.2
116,no_timeout,2,150,0.8440000000000509,0.10399999999992815,0,1.2
116,no_timeout,2,151,0.06200000000001182,1.6960000000000264,0,1.2
116,no_timeout,2,152,0.9339999999999691,21.710000000000036,0,1.2
116,no_timeout,2,153,1.759999999999991,0.09199999999998454,1,1.2
116,no_timeout,2,154,0.19799999999997908,0.09600000000000364,0,1.2
116,no_timeout,2,155,0.2760000000000673,14.975999999999999,0,1.2
116,no_timeout,2,156,0.6000000000000227,2.3159999999999172,0,1.2
116,no_timeout,2,157,1.0819999999999936,2.9200000000000728,0,1.2
116,no_timeout,2,158,1.4539999999999509,7.29200000000003,1,1.2
116,no_timeout,2,159,1.7340000000000373,5.557999999999993,1,1.2
116,no_timeout,2,160,1.1459999999999582,1.19399999999996,0,1.2
116,no_timeout,2,161,1.79200000000003,6.159999999999968,1,1.2
116,no_timeout,2,162,2.924000000000092,8.42999999999995,1,1.2
116,no_timeout,2,163,1.6100000000000136,0.038000000000010914,1,1.2
116,no_timeout,2,164,0.4979999999999336,4.596000000000004,0,1.2
116,no_timeout,2,165,2.0400000000000773,5.230000000000018,1,1.2
116,no_timeout,2,166,1.9919999999999618,14.566000000000031,1,1.2
116,no_timeout,2,167,0.6059999999999945,0.033999999999991815,0,1.2
116,no_timeout,2,168,0.8779999999999291,3.548000000000002,0,1.2
116,no_timeout,2,169,1.9680000000000746,53.726,1,1.2
116,no_timeout,2,170,0.42399999999997817,0.14800000000002456,0,1.2
116,no_timeout,2,171,1.225999999999999,4.600000000000023,1,1.2
116,no_timeout,2,172,1.20799999999997,1.509999999999991,1,1.2
116,no_timeout,2,173,0.2139999999999418,9.11200000000008,0,1.2
116,no_timeout,2,174,0.9499999999999318,16.87200000000007,0,1.2
116,no_timeout,2,175,0.7719999999999345,0.3100000000000591,0,1.2
116,no_timeout,2,176,0.7139999999999418,2.1720000000000255,0,1.2
116,no_timeout,2,177,1.155999999999949,3.9700000000000273,0,1.2
116,no_timeout,2,178,1.9780000000000655,0.029999999999972715,1,1.2
116,no_timeout,2,179,0.3160000000000309,7.237999999999943,0,1.2
116,no_timeout,2,180,2.6059999999999945,5.604000000000042,1,1.2
116,no_timeout,2,181,1.6899999999999409,5.0919999999999845,1,1.2
116,no_timeout,2,182,1.9039999999999964,13.653999999999996,1,1.2
116,no_timeout,2,183,2.36200000000008,11.478000000000065,1,1.2
116,no_timeout,2,184,1.7619999999999436,15.39799999999991,1,1.2
116,no_timeout,2,185,1.2640000000001237,6.635999999999967,1,1.2
116,no_timeout,2,186,0.34999999999990905,1.3700000000001182,0,1.2
116,no_timeout,2,187,1.259999999999991,6.167999999999893,1,1.2
116,no_timeout,2,188,1.19600000000014,1.099999999999909,0,1.2
116,no_timeout,2,189,1.3940000000000055,3.701999999999998,1,1.2
116,no_timeout,2,190,2.094000000000051,14.015999999999849,1,1.2
116,no_timeout,2,191,1.72400000000016,3.048000000000002,1,1.2
116,no_timeout,2,192,1.4020000000000437,4.875999999999976,1,1.2
116,no_timeout,2,193,1.05399999999986,2.433999999999969,0,1.2
116,no_timeout,2,194,1.3420000000000982,22.738000000000056,1,1.2
116,no_timeout,2,195,0.33999999999991815,13.991999999999962,0,1.2
116,no_timeout,2,196,1.6720000000000255,5.259999999999991,1,1.2
116,no_timeout,2,197,1.0080000000000382,1.3740000000000236,0,1.2
116,no_timeout,2,198,0.4600000000000364,8.0,0,1.2
116,no_timeout,2,199,1.8299999999999272,12.114000000000033,1,1.2
116,no_timeout,2,200,0.41000000000008185,0.8899999999998727,0,1.2
116,no_timeout,2,201,1.4239999999999782,6.566000000000031,1,1.2
116,no_timeout,2,202,1.0419999999999163,1.344000000000051,0,1.2
116,no_timeout,2,203,1.0160000000000764,7.786000000000058,0,1.2
116,no_timeout,2,204,1.4839999999999236,22.195999999999913,1,1.2
116,no_timeout,2,205,2.4680000000000746,11.61200000000008,1,1.2
116,no_timeout,2,206,2.0559999999998126,7.782000000000153,1,1.2
116,no_timeout,2,207,0.8640000000000327,2.2619999999999436,0,1.2
116,no_timeout,2,208,0.8199999999999363,1.7300000000000182,0,1.2
116,no_timeout,2,209,0.35200000000008913,3.981999999999971,0,1.2
116,no_timeout,2,210,0.8820000000000618,1.155999999999949,0,1.2
116,no_timeout,2,211,0.91599999999994,4.3659999999999854,0,1.2
116,no_timeout,2,212,1.288000000000011,13.291999999999916,1,1.2
116,no_timeout,2,213,1.8580000000001746,9.74799999999982,1,1.2
116,no_timeout,2,214,6.686000000000149,14.864000000000033,1,1.2
116,no_timeout,2,215,1.768000000000029,10.433999999999969,1,1.2
116,no_timeout,2,216,3.4420000000000073,23.836000000000013,1,1.2
116,no_timeout,2,217,2.515999999999849,9.442000000000007,1,1.2
116,no_timeout,2,218,2.1159999999999854,8.600000000000136,1,1.2
116,no_timeout,2,219,0.543999999999869,0.23600000000010368,0,1.2
116,no_timeout,2,220,0.7079999999998563,1.9220000000000255,0,1.2
116,no_timeout,2,221,0.706000000000131,2.769999999999982,0,1.2
116,no_timeout,2,222,2.9279999999998836,22.756000000000085,1,1.2
116,no_timeout,2,223,3.3840000000000146,0.15000000000009095,1,1.2
116,no_timeout,2,224,0.15799999999990177,97.7059999999999,0,1.2
116,no_timeout,2,225,1.5520000000001346,6.407999999999902,1,1.2
116,no_timeout,2,226,0.8240000000000691,21.63799999999992,0,1.2
116,no_timeout,2,227,1.4039999999999964,8.594000000000051,1,1.2
116,no_timeout,2,228,1.1400000000001,1.7980000000000018,0,1.2
116,no_timeout,2,229,0.8019999999999072,0.6620000000000346,0,1.2
116,no_timeout,2,230,1.405999999999949,8.980000000000018,1,1.2
116,no_timeout,2,231,0.2619999999999436,1.9380000000001019,0,1.2
116,no_timeout,2,232,1.8999999999998636,3.1059999999999945,1,1.2
116,no_timeout,2,233,2.564000000000078,31.1400000000001,1,1.2
116,no_timeout,2,234,0.31399999999985084,0.9900000000000091,0,1.2
116,no_timeout,2,235,0.6839999999999691,3.4060000000001764,0,1.2
116,no_timeout,2,236,3.237999999999829,10.529999999999973,1,1.2
116,no_timeout,2,237,3.3460000000000036,0.10200000000008913,1,1.2
116,no_timeout,2,238,0.16000000000008185,9.614000000000033,0,1.2
116,no_timeout,2,239,2.230000000000018,8.81399999999985,1,1.2
116,no_timeout,2,240,0.5140000000001237,1.3559999999999945,0,1.2
116,no_timeout,2,241,1.9039999999999964,10.391999999999825,1,1.2
116,no_timeout,2,242,2.6760000000001583,6.97199999999998,1,1.2
116,no_timeout,2,243,2.091999999999871,15.759999999999991,1,1.2
116,no_timeout,2,244,1.6059999999999945,14.711999999999989,1,1.2
116,no_timeout,2,245,2.2840000000001055,10.054000000000087,1,1.2
116,no_timeout,2,246,2.55399999999986,8.346000000000004,1,1.2
116,no_timeout,2,247,4.8279999999999745,74.144,1,1.2
116,no_timeout,2,248,0.4420000000000073,0.8700000000001182,0,1.2
116,no_timeout,2,249,0.58400000000006,5.523999999999887,0,1.2
116,no_timeout,2,250,1.38799999999992,7.673999999999978,1,1.2
116,no_timeout,2,251,1.900000000000091,7.77800000000002,1,1.2
116,no_timeout,2,252,1.8799999999998818,14.440000000000055,1,1.2
116,no_timeout,2,253,1.6340000000000146,25.36200000000008,1,1.2
116,no_timeout,2,254,0.5979999999999563,18.07400000000007,0,1.2
116,no_timeout,2,255,1.9980000000000473,57.69599999999991,1,1.2
116,no_timeout,2,256,0.9839999999999236,43.12000000000012,0,1.2
116,no_timeout,2,257,0.23799999999982901,0.75,0,1.2
116,no_timeout,2,258,0.16800000000012005,2.19399999999996,0,1.2
116,no_timeout,2,259,1.206000000000131,7.091999999999871,1,1.2
116,no_timeout,2,260,1.6900000000000546,6.998000000000047,1,1.2
116,no_timeout,2,261,1.7159999999998945,5.809999999999945,1,1.2
116,no_timeout,2,262,2.074000000000069,6.766000000000076,1,1.2
116,no_timeout,2,263,1.5460000000000491,7.25,1,1.2
116,no_timeout,2,264,1.6799999999998363,26.768000000000256,1,1.2
116,no_timeout,2,265,2.1659999999997126,42.67599999999993,1,1.2
116,no_timeout,2,266,0.6840000000001965,10.66800000000012,0,1.2
116,no_timeout,2,267,1.0099999999997635,9.326000000000022,0,1.2
116,no_timeout,2,268,2.882000000000062,235.12199999999984,1,1.2
116,no_timeout,2,269,3.912000000000262,570.1419999999998,1,1.2
116,no_timeout,2,270,1.2719999999999345,12.059999999999945,1,1.2
116,no_timeout,2,271,0.2319999999999709,2.2020000000002256,0,1.2
116,no_timeout,2,272,1.6920000000000073,8.461999999999989,1,1.2
116,no_timeout,2,273,1.4079999999999018,20.37400000000025,1,1.2
116,no_timeout,2,274,1.3599999999996726,11.942000000000007,1,1.2
116,no_timeout,2,275,0.7820000000001528,15.632000000000062,0,1.2
116,no_timeout,2,276,0.2860000000000582,2452.7999999999997,0,1.2
116,no_timeout,2,277,1.456000000000131,10.176000000000386,1,1.2
116,no_timeout,2,278,2.6939999999995052,,1,1.2
