rat,group,session,trial,duration,iti,reinforced,criterion
117,ERROR_M,1,1,1.4420000000000002,0.04800000000000182,0,2.0
117,ERROR_M,1,2,0.27199999999999847,5.359999999999999,0,2.0
117,ERROR_M,1,3,1.911999999999999,6.128,0,2.0
117,ERROR_M,1,4,1.6640000000000015,2.2719999999999985,0,2.0
117,ERROR_M,1,5,2.4739999999999966,6.912000000000006,1,2.0
117,ERROR_M,1,6,0.031999999999996476,9.043999999999997,0,2.0
117,ERROR_M,1,7,1.0300000000000011,8.135999999999996,0,2.0
117,ERROR_M,1,8,3.25,5.7180000000000035,1,2.0
117,ERROR_M,1,9,2.4140000000000015,3.0460000000000065,1,2.0
117,ERROR_M,1,10,0.3819999999999908,0.008000000000009777,0,2.0
117,ERROR_M,1,11,0.4259999999999877,7.602000000000004,0,2.0
117,ERROR_M,1,12,2.2460000000000093,4.455999999999989,1,2.0
117,ERROR_M,1,13,0.5260000000000105,0.018000000000000682,0,2.0
117,ERROR_M,1,14,0.1939999999999884,8.694000000000003,0,2.0
117,ERROR_M,1,15,2.7680000000000007,6.408000000000001,1,2.0
117,ERROR_M,1,16,0.9759999999999991,0.007999999999995566,0,2.0
117,ERROR_M,1,17,0.2260000000000133,9.662000000000006,0,2.0
117,ERROR_M,1,18,0.117999999999995,0.006000000000000227,0,2.0
117,ERROR_M,1,19,0.20199999999999818,15.530000000000001,0,2.0
117,ERROR_M,1,20,0.9019999999999868,0.006000000000000227,0,2.0
117,ERROR_M,1,21,0.16800000000000637,6.3559999999999945,0,2.0
117,ERROR_M,1,22,3.3880000000000052,4.592000000000013,1,2.0
117,ERROR_M,1,23,2.7379999999999995,2.947999999999979,1,2.0
117,ERROR_M,1,24,3.436000000000007,3.412000000000006,1,2.0
117,ERROR_M,1,25,4.225999999999999,4.274000000000001,1,2.0
117,ERROR_M,1,26,3.216000000000008,5.5519999999999925,1,2.0
117,ERROR_M,1,27,6.072000000000003,2.917999999999978,1,2.0
117,ERROR_M,1,28,3.9520000000000266,2.6219999999999857,1,2.0
117,ERROR_M,1,29,3.4739999999999895,3.52800000000002,1,2.0
117,ERROR_M,1,30,3.401999999999987,5.980000000000018,1,2.0
117,ERROR_M,1,31,4.033999999999992,8.307999999999993,1,2.0
117,ERROR_M,1,32,3.4399999999999977,7.075999999999993,1,2.0
117,ERROR_M,1,33,2.8140000000000214,7.665999999999997,1,2.0
117,ERROR_M,1,34,0.2459999999999809,0.02600000000001046,0,2.0
117,ERROR_M,1,35,0.06599999999997408,0.018000000000029104,0,2.0
117,ERROR_M,1,36,0.15399999999999636,14.494000000000028,0,2.0
117,ERROR_M,1,37,0.21599999999995134,0.008000000000038199,0,2.0
117,ERROR_M,1,38,0.15999999999996817,12.738,0,2.0
117,ERROR_M,1,39,2.701999999999998,4.788000000000011,1,2.0
117,ERROR_M,1,40,2.066000000000031,3.5499999999999545,1,2.0
117,ERROR_M,1,41,1.4700000000000273,3.8600000000000136,0,2.0
117,ERROR_M,1,42,2.3419999999999845,5.004000000000019,1,2.0
117,ERROR_M,1,43,1.4639999999999986,4.509999999999991,0,2.0
117,ERROR_M,1,44,3.01400000000001,5.349999999999966,1,2.0
117,ERROR_M,1,45,1.6120000000000232,2.7479999999999905,0,2.0
117,ERROR_M,1,46,2.8999999999999773,6.682000000000016,1,2.0
117,ERROR_M,1,47,3.552000000000021,10.663999999999987,1,2.0
117,ERROR_M,1,48,1.8840000000000146,3.72199999999998,0,2.0
117,ERROR_M,1,49,2.7280000000000086,5.267999999999972,1,2.0
117,ERROR_M,1,50,2.30600000000004,5.779999999999973,1,2.0
117,ERROR_M,1,51,1.802000000000021,2.3859999999999673,0,2.0
117,ERROR_M,1,52,0.4660000000000082,0.0020000000000095497,0,2.0
117,ERROR_M,1,53,0.2300000000000182,17.47199999999998,0,2.0
117,ERROR_M,1,54,3.3899999999999864,9.470000000000027,1,2.0
117,ERROR_M,1,55,3.269999999999982,2.9780000000000086,1,2.0
117,ERROR_M,1,56,3.2379999999999995,3.4780000000000086,1,2.0
117,ERROR_M,1,57,2.2860000000000014,4.353999999999985,1,2.0
117,ERROR_M,1,58,2.843999999999994,4.536000000000001,1,2.0
117,ERROR_M,1,59,2.876000000000033,6.881999999999948,1,2.0
117,ERROR_M,1,60,3.0960000000000036,7.868000000000052,1,2.0
117,ERROR_M,1,61,2.3719999999999573,8.24799999999999,1,2.0
117,ERROR_M,1,62,3.160000000000025,6.822000000000003,1,2.0
117,ERROR_M,1,63,0.8940000000000055,0.04399999999998272,0,2.0
117,ERROR_M,1,64,0.12000000000000455,10.024000000000001,0,2.0
117,ERROR_M,1,65,2.6639999999999873,5.592000000000041,1,2.0
117,ERROR_M,1,66,2.113999999999976,5.553999999999974,1,2.0
117,ERROR_M,1,67,1.7160000000000082,6.128000000000043,0,2.0
117,ERROR_M,1,68,2.669999999999959,3.118000000000052,1,2.0
117,ERROR_M,1,69,2.716000000000008,4.099999999999909,1,2.0
117,ERROR_M,1,70,2.9640000000000555,8.080000000000041,1,2.0
117,ERROR_M,1,71,3.1059999999999945,7.607999999999947,1,2.0
117,ERROR_M,1,72,0.2440000000000282,0.014000000000010004,0,2.0
117,ERROR_M,1,73,0.2599999999999909,10.759999999999991,0,2.0
117,ERROR_M,1,74,2.717999999999961,2.9440000000000737,1,2.0
117,ERROR_M,1,75,1.8899999999999864,6.649999999999977,0,2.0
117,ERROR_M,1,76,2.8319999999999936,7.889999999999986,1,2.0
117,ERROR_M,1,77,4.097999999999956,4.968000000000075,1,2.0
117,ERROR_M,1,78,4.26400000000001,5.600000000000023,1,2.0
117,ERROR_M,1,79,3.5439999999999827,10.433999999999969,1,2.0
117,ERROR_M,1,80,3.7759999999999536,2.6960000000000264,1,2.0
117,ERROR_M,1,81,2.9500000000000455,8.757999999999925,1,2.0
117,ERROR_M,1,82,2.4440000000000737,0.045999999999935426,1,2.0
117,ERROR_M,1,83,0.16600000000005366,5.148000000000025,0,2.0
117,ERROR_M,1,84,2.689999999999941,3.2620000000000573,1,2.0
117,ERROR_M,1,85,2.8619999999999663,3.505999999999972,1,2.0
117,ERROR_M,1,86,3.3279999999999745,3.7800000000000864,1,2.0
117,ERROR_M,1,87,3.8519999999999754,6.225999999999999,1,2.0
117,ERROR_M,1,88,2.1480000000000246,0.08600000000001273,1,2.0
117,ERROR_M,1,89,0.38599999999996726,6.569999999999936,0,2.0
117,ERROR_M,1,90,2.774000000000001,9.012000000000057,1,2.0
117,ERROR_M,1,91,1.052000000000021,7.635999999999967,0,2.0
117,ERROR_M,1,92,1.9800000000000182,8.525999999999954,0,2.0
117,ERROR_M,1,93,2.259999999999991,7.588000000000079,1,2.0
117,ERROR_M,1,94,0.5799999999999272,6.980000000000018,0,2.0
117,ERROR_M,1,95,2.8880000000000337,253.81999999999994,1,2.0
117,ERROR_M,1,96,2.1700000000000728,3.2919999999999163,1,2.0
117,ERROR_M,1,97,2.632000000000062,4.244000000000028,1,2.0
117,ERROR_M,1,98,2.711999999999989,6.8840000000000146,1,2.0
117,ERROR_M,1,99,3.7719999999999345,7.509999999999991,1,2.0
117,ERROR_M,1,100,4.178000000000111,4.793999999999869,1,2.0
117,ERROR_M,1,101,6.11200000000008,7.80600000000004,1,2.0
117,ERROR_M,1,102,6.039999999999964,9.468000000000075,1,2.0
117,ERROR_M,1,103,2.9379999999998745,7.16599999999994,1,2.0
117,ERROR_M,1,104,3.731999999999971,8.336000000000013,1,2.0
117,ERROR_M,1,105,0.024000000000114596,4.417999999999893,0,2.0
117,ERROR_M,1,106,4.108000000000175,2.5179999999998017,1,2.0
117,ERROR_M,1,107,4.00200000000018,4.679999999999836,1,2.0
117,ERROR_M,1,108,2.240000000000009,5.7560000000000855,1,2.0
117,ERROR_M,1,109,2.3460000000000036,5.230000000000018,1,2.0
117,ERROR_M,1,110,0.049999999999954525,0.008000000000038199,0,2.0
117,ERROR_M,1,111,0.6240000000000236,9.965999999999894,0,2.0
117,ERROR_M,1,112,3.5920000000000982,3.854000000000042,1,2.0
117,ERROR_M,1,113,4.975999999999885,8.804000000000087,1,2.0
117,ERROR_M,1,114,1.8699999999998909,21.688000000000102,0,2.0
117,ERROR_M,1,115,1.5219999999999345,3.7000000000000455,0,2.0
117,ERROR_M,1,116,3.22199999999998,6.660000000000082,1,2.0
117,ERROR_M,1,117,2.7059999999999036,9.248000000000047,1,2.0
117,ERROR_M,1,118,2.8740000000000236,7.967999999999847,1,2.0
117,ERROR_M,1,119,3.660000000000082,4.1340000000000146,1,2.0
117,ERROR_M,1,120,5.127999999999929,2.731999999999971,1,2.0
117,ERROR_M,1,121,4.2800000000002,2.9019999999998163,1,2.0
117,ERROR_M,1,122,2.2000000000000455,0.11799999999993815,1,2.0
117,ERROR_M,1,123,0.06600000000003092,5.522000000000162,0,2.0
117,ERROR_M,1,124,3.7539999999999054,5.564000000000078,1,2.0
117,ERROR_M,1,125,0.1879999999998745,0.018000000000029104,0,2.0
117,ERROR_M,1,126,0.22600000000011278,6.563999999999851,0,2.0
117,ERROR_M,1,127,2.9680000000000746,4.11200000000008,1,2.0
117,ERROR_M,1,128,3.2919999999999163,4.629999999999882,1,2.0
117,ERROR_M,1,129,1.9700000000000273,5.5,0,2.0
117,ERROR_M,1,130,3.75200000000018,7.24799999999982,1,2.0
117,ERROR_M,1,131,1.538000000000011,0.024000000000114596,0,2.0
117,ERROR_M,1,132,0.18399999999996908,9.180000000000064,0,2.0
117,ERROR_M,1,133,4.0219999999999345,2.9420000000000073,1,2.0
117,ERROR_M,1,134,3.288000000000011,0.06799999999998363,1,2.0
117,ERROR_M,1,135,0.17000000000007276,10.135999999999967,0,2.0
117,ERROR_M,1,136,3.1539999999999964,3.3640000000000327,1,2.0
117,ERROR_M,1,137,3.740000000000009,16.423999999999978,1,2.0
117,ERROR_M,1,138,2.4839999999999236,5.930000000000064,1,2.0
117,ERROR_M,1,139,3.6639999999999873,6.02800000000002,1,2.0
117,ERROR_M,1,140,4.141999999999825,0.10800000000017462,1,2.0
117,ERROR_M,1,141,0.14400000000000546,6.879999999999882,0,2.0
117,ERROR_M,1,142,2.4860000000001037,8.485999999999876,1,2.0
117,ERROR_M,1,143,2.964000000000169,8.789999999999964,1,2.0
117,ERROR_M,1,144,3.9420000000000073,5.255999999999858,1,2.0
117,ERROR_M,1,145,2.4960000000000946,9.346000000000004,1,2.0
117,ERROR_M,1,146,2.4179999999998927,6.153999999999996,1,2.0
117,ERROR_M,1,147,2.3900000000001,4.043999999999869,1,2.0
117,ERROR_M,1,148,2.3320000000001073,5.857999999999947,1,2.0
117,ERROR_M,1,149,2.5900000000001455,4.985999999999876,1,2.0
117,ERROR_M,1,150,2.7180000000000746,7.5779999999999745,1,2.0
117,ERROR_M,1,151,1.9539999999999509,12.72199999999998,0,2.0
117,ERROR_M,1,152,1.9780000000000655,81.52199999999993,0,2.0
117,ERROR_M,1,153,1.1800000000000637,139.17200000000003,0,2.0
117,ERROR_M,1,154,2.2059999999999036,6.888000000000147,1,2.0
117,ERROR_M,1,155,2.6079999999999472,6.5,1,2.0
117,ERROR_M,1,156,1.3419999999998709,6.996000000000095,0,2.0
117,ERROR_M,1,157,2.6259999999999764,8.932000000000016,1,2.0
117,ERROR_M,1,158,1.7059999999999036,5.582000000000107,0,2.0
117,ERROR_M,1,159,0.19000000000005457,5.981999999999971,0,2.0
117,ERROR_M,1,160,0.19399999999995998,0.029999999999972715,0,2.0
117,ERROR_M,1,161,0.23600000000010368,2.8019999999999072,0,2.0
117,ERROR_M,1,162,4.494000000000142,5.7199999999998,1,2.0
117,ERROR_M,1,163,2.7380000000000564,6.956000000000131,1,2.0
117,ERROR_M,1,164,3.02599999999984,13.150000000000091,1,2.0
117,ERROR_M,1,165,3.293999999999869,8.30600000000004,1,2.0
117,ERROR_M,1,166,2.97400000000016,9.065999999999804,1,2.0
117,ERROR_M,1,167,4.130000000000109,8.177999999999884,1,2.0
117,ERROR_M,1,168,3.786000000000058,2.94399999999996,1,2.0
117,ERROR_M,1,169,3.094000000000051,11.145999999999958,1,2.0
117,ERROR_M,1,170,2.3320000000001073,4.309999999999945,1,2.0
117,ERROR_M,1,171,3.786000000000058,4.541999999999916,1,2.0
117,ERROR_M,1,172,2.8279999999999745,7.380000000000109,1,2.0
117,ERROR_M,1,173,0.52800000000002,0.0039999999999054126,0,2.0
117,ERROR_M,1,174,0.17800000000011096,5.912000000000035,0,2.0
117,ERROR_M,1,175,3.681999999999789,7.754000000000133,1,2.0
117,ERROR_M,1,176,3.2200000000000273,14.385999999999967,1,2.0
117,ERROR_M,1,177,1.94399999999996,5.044000000000096,0,2.0
117,ERROR_M,1,178,2.38799999999992,7.019999999999982,1,2.0
117,ERROR_M,1,179,2.2760000000000673,6.717999999999847,1,2.0
117,ERROR_M,1,180,2.300000000000182,8.08199999999988,1,2.0
117,ERROR_M,1,181,2.4760000000001128,9.03599999999983,1,2.0
117,ERROR_M,1,182,0.3040000000000873,9.038000000000011,0,2.0
117,ERROR_M,1,183,5.511999999999944,2.9680000000000746,1,2.0
117,ERROR_M,1,184,2.9500000000000455,4.405999999999949,1,2.0
117,ERROR_M,1,185,2.3360000000000127,5.321999999999889,1,2.0
117,ERROR_M,1,186,2.344000000000051,3.66800000000012,1,2.0
117,ERROR_M,1,187,1.69399999999996,5.473999999999933,0,2.0
117,ERROR_M,1,188,3.2660000000000764,7.036000000000058,1,2.0
117,ERROR_M,1,189,2.0019999999999527,4.63799999999992,1,2.0
117,ERROR_M,1,190,2.019999999999982,7.653999999999996,1,2.0
117,ERROR_M,1,191,2.268000000000029,5.958000000000084,1,2.0
117,ERROR_M,1,192,1.99799999999982,7.272000000000162,0,2.0
117,ERROR_M,1,193,3.1039999999998145,8.18600000000015,1,2.0
117,ERROR_M,1,194,1.8299999999999272,2.6579999999999018,0,2.0
117,ERROR_M,1,195,1.8460000000000036,4.120000000000346,0,2.0
117,ERROR_M,1,196,2.2539999999999054,5.813999999999851,1,2.0
117,ERROR_M,1,197,1.8540000000002692,6.241999999999734,0,2.0
117,ERROR_M,1,198,2.326000000000022,6.717999999999847,1,2.0
117,ERROR_M,1,199,2.08600000000024,6.847999999999956,1,2.0
117,ERROR_M,1,200,1.9659999999998945,7.592000000000098,0,2.0
117,ERROR_M,1,201,1.1920000000000073,7.235999999999876,0,2.0
117,ERROR_M,1,202,1.1579999999999018,,0,2.0
117,ERROR_M,2,1,1.846,8.304000000000002,0,2.0
117,ERROR_M,2,2,2.5700000000000003,8.725999999999999,1,2.0
117,ERROR_M,2,3,3.317999999999998,4.756,1,2.0
117,ERROR_M,2,4,3.1439999999999984,4.760000000000005,1,2.0
117,ERROR_M,2,5,3.3319999999999936,6.841999999999999,1,2.0
117,ERROR_M,2,6,1.7600000000000051,8.117999999999995,0,2.0
117,ERROR_M,2,7,1.76400000000001,3.339999999999989,0,2.0
117,ERROR_M,2,8,0.1880000000000024,0.0040000000000048885,0,2.0
117,ERROR_M,2,9,0.2740000000000009,4.048000000000002,0,2.0
117,ERROR_M,2,10,4.091999999999999,3.510000000000005,1,2.0
117,ERROR_M,2,11,0.02599999999999625,0.003999999999990678,0,2.0
117,ERROR_M,2,12,0.7860000000000014,8.478000000000009,0,2.0
117,ERROR_M,2,13,3.5859999999999985,3.6400000000000006,1,2.0
117,ERROR_M,2,14,1.8979999999999961,7.372,0,2.0
117,ERROR_M,2,15,2.180000000000007,4.217999999999989,1,2.0
117,ERROR_M,2,16,1.9680000000000177,5.617999999999995,0,2.0
117,ERROR_M,2,17,1.0199999999999818,0.012000000000000455,0,2.0
117,ERROR_M,2,18,0.1740000000000066,7.75,0,2.0
117,ERROR_M,2,19,2.7820000000000107,6.585999999999984,1,2.0
117,ERROR_M,2,20,3.1340000000000146,7.961999999999989,1,2.0
117,ERROR_M,2,21,2.1820000000000164,8.251999999999981,1,2.0
117,ERROR_M,2,22,1.6539999999999964,9.998000000000019,0,2.0
117,ERROR_M,2,23,2.0979999999999848,5.53400000000002,1,2.0
117,ERROR_M,2,24,0.18599999999997863,0.02600000000001046,0,2.0
117,ERROR_M,2,25,0.1980000000000075,11.099999999999994,0,2.0
117,ERROR_M,2,26,2.4259999999999877,7.086000000000013,1,2.0
117,ERROR_M,2,27,1.921999999999997,0.08199999999999363,0,2.0
117,ERROR_M,2,28,0.20600000000001728,7.373999999999995,0,2.0
117,ERROR_M,2,29,3.2039999999999793,8.902000000000015,1,2.0
117,ERROR_M,2,30,1.8400000000000034,2.9279999999999973,0,2.0
117,ERROR_M,2,31,2.7319999999999993,3.230000000000018,1,2.0
117,ERROR_M,2,32,2.0399999999999636,6.187999999999988,1,2.0
117,ERROR_M,2,33,1.4700000000000273,8.088000000000022,0,2.0
117,ERROR_M,2,34,2.665999999999997,9.168000000000006,1,2.0
117,ERROR_M,2,35,3.1759999999999877,9.324000000000012,1,2.0
117,ERROR_M,2,36,1.717999999999961,5.442000000000007,0,2.0
117,ERROR_M,2,37,4.334000000000003,3.2860000000000014,1,2.0
117,ERROR_M,2,38,3.3700000000000045,5.97199999999998,1,2.0
117,ERROR_M,2,39,2.170000000000016,4.475999999999999,1,2.0
117,ERROR_M,2,40,3.5740000000000123,5.788000000000011,1,2.0
117,ERROR_M,2,41,2.1200000000000045,5.287999999999954,1,2.0
117,ERROR_M,2,42,1.8500000000000227,5.2660000000000196,0,2.0
117,ERROR_M,2,43,4.387999999999977,5.744000000000028,1,2.0
117,ERROR_M,2,44,1.801999999999964,18.204000000000008,0,2.0
117,ERROR_M,2,45,1.7300000000000182,7.26400000000001,0,2.0
117,ERROR_M,2,46,1.72199999999998,8.175999999999988,0,2.0
117,ERROR_M,2,47,1.8899999999999864,5.996000000000038,0,2.0
117,ERROR_M,2,48,2.5679999999999836,15.185999999999979,1,2.0
117,ERROR_M,2,49,1.990000000000009,3.288000000000011,0,2.0
117,ERROR_M,2,50,2.0459999999999923,8.822000000000003,1,2.0
117,ERROR_M,2,51,1.8700000000000045,2.798000000000002,0,2.0
117,ERROR_M,2,52,3.5579999999999927,10.463999999999999,1,2.0
117,ERROR_M,2,53,1.858000000000004,3.891999999999996,0,2.0
117,ERROR_M,2,54,4.254000000000019,8.315999999999974,1,2.0
117,ERROR_M,2,55,0.6279999999999859,0.02400000000000091,0,2.0
117,ERROR_M,2,56,0.22800000000000864,6.242000000000019,0,2.0
117,ERROR_M,2,57,3.065999999999974,4.886000000000024,1,2.0
117,ERROR_M,2,58,1.5260000000000105,11.295999999999992,0,2.0
117,ERROR_M,2,59,2.805999999999983,4.153999999999996,1,2.0
117,ERROR_M,2,60,3.4220000000000255,4.812000000000012,1,2.0
117,ERROR_M,2,61,3.8759999999999764,6.762000000000057,1,2.0
117,ERROR_M,2,62,3.0219999999999345,5.173999999999978,1,2.0
117,ERROR_M,2,63,3.6960000000000264,8.166000000000054,1,2.0
117,ERROR_M,2,64,6.503999999999905,6.836000000000013,1,2.0
117,ERROR_M,2,65,3.225999999999999,34.180000000000064,1,2.0
117,ERROR_M,2,66,1.8419999999999845,7.067999999999984,0,2.0
117,ERROR_M,2,67,3.1019999999999754,7.580000000000041,1,2.0
117,ERROR_M,2,68,3.6299999999999955,7.8659999999999854,1,2.0
117,ERROR_M,2,69,3.159999999999968,4.1200000000000045,1,2.0
117,ERROR_M,2,70,0.9500000000000455,0.038000000000010914,0,2.0
117,ERROR_M,2,71,0.70799999999997,2.810000000000059,0,2.0
117,ERROR_M,2,72,7.351999999999975,8.586000000000013,1,2.0
117,ERROR_M,2,73,1.20799999999997,0.10599999999999454,0,2.0
117,ERROR_M,2,74,0.09600000000000364,8.963999999999942,0,2.0
117,ERROR_M,2,75,3.7340000000000373,11.841999999999985,1,2.0
117,ERROR_M,2,76,1.9239999999999782,5.340000000000032,0,2.0
117,ERROR_M,2,77,5.396000000000072,5.139999999999986,1,2.0
117,ERROR_M,2,78,0.94399999999996,7.851999999999975,0,2.0
117,ERROR_M,2,79,4.234000000000037,3.4039999999999964,1,2.0
117,ERROR_M,2,80,4.779999999999973,0.04200000000003001,1,2.0
117,ERROR_M,2,81,0.22199999999998,4.4500000000000455,0,2.0
117,ERROR_M,2,82,2.019999999999982,6.529999999999973,1,2.0
117,ERROR_M,2,83,2.269999999999982,6.51400000000001,1,2.0
117,ERROR_M,2,84,2.216000000000008,8.940000000000055,1,2.0
117,ERROR_M,2,85,1.9399999999999409,5.416000000000054,0,2.0
117,ERROR_M,2,86,3.22199999999998,4.076000000000022,1,2.0
117,ERROR_M,2,87,1.5899999999999181,9.642000000000053,0,2.0
117,ERROR_M,2,88,2.4460000000000264,7.086000000000013,1,2.0
117,ERROR_M,2,89,2.585999999999899,6.146000000000072,1,2.0
117,ERROR_M,2,90,2.203999999999951,6.58400000000006,1,2.0
117,ERROR_M,2,91,0.8840000000000146,0.033999999999991815,0,2.0
117,ERROR_M,2,92,0.5720000000000027,5.269999999999982,0,2.0
117,ERROR_M,2,93,2.245999999999981,8.083999999999946,1,2.0
117,ERROR_M,2,94,1.900000000000091,8.145999999999958,0,2.0
117,ERROR_M,2,95,1.9800000000000182,15.552000000000021,0,2.0
117,ERROR_M,2,96,1.4739999999999327,5.951999999999998,0,2.0
117,ERROR_M,2,97,1.225999999999999,10.697999999999979,0,2.0
117,ERROR_M,2,98,2.3640000000000327,8.960000000000036,1,2.0
117,ERROR_M,2,99,6.655999999999949,3.52800000000002,1,2.0
117,ERROR_M,2,100,2.1900000000000546,4.8659999999999854,1,2.0
117,ERROR_M,2,101,0.17599999999993088,0.08400000000006003,0,2.0
117,ERROR_M,2,102,0.09799999999995634,5.83400000000006,0,2.0
117,ERROR_M,2,103,0.08999999999991815,0.038000000000010914,0,2.0
117,ERROR_M,2,104,0.19400000000007367,13.240000000000009,0,2.0
117,ERROR_M,2,105,2.671999999999912,6.268000000000029,1,2.0
117,ERROR_M,2,106,2.57000000000005,3.2899999999999636,1,2.0
117,ERROR_M,2,107,1.7580000000000382,4.289999999999964,0,2.0
117,ERROR_M,2,108,2.990000000000009,5.29200000000003,1,2.0
117,ERROR_M,2,109,3.4879999999999427,8.774000000000001,1,2.0
117,ERROR_M,2,110,0.8120000000000118,15.096000000000004,0,2.0
117,ERROR_M,2,111,1.6040000000000418,6.1059999999999945,0,2.0
117,ERROR_M,2,112,0.053999999999973625,0.014000000000010004,0,2.0
117,ERROR_M,2,113,0.13599999999996726,6.529999999999973,0,2.0
117,ERROR_M,2,114,2.7420000000000755,7.73599999999999,1,2.0
117,ERROR_M,2,115,1.6299999999999955,0.10000000000002274,0,2.0
117,ERROR_M,2,116,0.40999999999996817,2.8740000000000236,0,2.0
117,ERROR_M,2,117,2.230000000000018,4.12399999999991,1,2.0
117,ERROR_M,2,118,1.0880000000000791,3.463999999999942,0,2.0
117,ERROR_M,2,119,1.22199999999998,4.220000000000027,0,2.0
117,ERROR_M,2,120,2.0860000000000127,8.006000000000085,1,2.0
117,ERROR_M,2,121,0.4779999999998381,8.416000000000167,0,2.0
117,ERROR_M,2,122,2.80399999999986,5.789999999999964,1,2.0
117,ERROR_M,2,123,0.5,8.557999999999993,0,2.0
117,ERROR_M,2,124,0.7960000000000491,0.05999999999994543,0,2.0
117,ERROR_M,2,125,0.20199999999999818,8.259999999999991,0,2.0
117,ERROR_M,2,126,0.43400000000019645,4.651999999999816,0,2.0
117,ERROR_M,2,127,3.3600000000001273,7.548000000000002,1,2.0
117,ERROR_M,2,128,3.05399999999986,9.728000000000065,1,2.0
117,ERROR_M,2,129,0.3020000000001346,6.0779999999999745,0,2.0
117,ERROR_M,2,130,1.0879999999999654,6.44399999999996,0,2.0
117,ERROR_M,2,131,1.655999999999949,4.951999999999998,0,2.0
117,ERROR_M,2,132,4.526000000000067,9.104000000000042,1,2.0
117,ERROR_M,2,133,1.8819999999998345,7.448000000000093,0,2.0
117,ERROR_M,2,134,3.8120000000001255,6.141999999999825,1,2.0
117,ERROR_M,2,135,5.428000000000111,10.811999999999898,1,2.0
117,ERROR_M,2,136,0.39200000000005275,0.021999999999934516,0,2.0
117,ERROR_M,2,137,0.08600000000001273,4.519999999999982,0,2.0
117,ERROR_M,2,138,1.8480000000001837,0.035999999999830834,0,2.0
117,ERROR_M,2,139,0.16600000000016735,3.0960000000000036,0,2.0
117,ERROR_M,2,140,3.7439999999999145,8.687999999999874,1,2.0
117,ERROR_M,2,141,2.188000000000102,6.094000000000051,1,2.0
117,ERROR_M,2,142,3.211999999999989,4.52800000000002,1,2.0
117,ERROR_M,2,143,2.1799999999998363,5.798000000000002,1,2.0
117,ERROR_M,2,144,2.0920000000000982,3.33400000000006,1,2.0
117,ERROR_M,2,145,2.0499999999999545,8.490000000000009,1,2.0
117,ERROR_M,2,146,0.5779999999999745,5.740000000000009,0,2.0
117,ERROR_M,2,147,2.811999999999898,6.8840000000000146,1,2.0
117,ERROR_M,2,148,2.632000000000062,7.860000000000127,1,2.0
117,ERROR_M,2,149,1.8279999999999745,8.644000000000005,0,2.0
117,ERROR_M,2,150,1.8940000000000055,8.669999999999845,0,2.0
117,ERROR_M,2,151,2.2080000000000837,6.829999999999927,1,2.0
117,ERROR_M,2,152,1.9760000000001128,2.701999999999998,0,2.0
117,ERROR_M,2,153,2.217999999999847,9.153999999999996,1,2.0
117,ERROR_M,2,154,2.550000000000182,8.523999999999887,1,2.0
117,ERROR_M,2,155,0.2480000000000473,0.023999999999887223,0,2.0
117,ERROR_M,2,156,0.19800000000009277,6.392000000000053,0,2.0
117,ERROR_M,2,157,1.2719999999999345,770.6879999999999,0,2.0
117,ERROR_M,2,158,1.2260000000001128,509.82400000000007,0,2.0
117,ERROR_M,2,159,1.7739999999998872,3.5399999999999636,0,2.0
117,ERROR_M,2,160,3.6820000000002437,4.129999999999654,1,2.0
117,ERROR_M,2,161,2.4760000000001128,0.09799999999995634,1,2.0
117,ERROR_M,2,162,0.11599999999998545,6.744000000000142,0,2.0
117,ERROR_M,2,163,0.7300000000000182,7.588000000000193,0,2.0
117,ERROR_M,2,164,1.0339999999996508,3.1020000000003165,0,2.0
117,ERROR_M,2,165,3.319999999999709,3.0960000000000036,1,2.0
117,ERROR_M,2,166,1.9160000000001673,23.467999999999847,0,2.0
117,ERROR_M,2,167,1.2300000000000182,5.550000000000182,0,2.0
117,ERROR_M,2,168,0.06599999999980355,0.041999999999916326,0,2.0
117,ERROR_M,2,169,0.24200000000018917,8.02599999999984,0,2.0
117,ERROR_M,2,170,8.122000000000298,9.00799999999981,1,2.0
117,ERROR_M,2,171,4.442000000000007,4.876000000000204,1,2.0
117,ERROR_M,2,172,0.9239999999999782,0.018000000000029104,0,2.0
117,ERROR_M,2,173,0.7999999999997272,5.436000000000149,0,2.0
117,ERROR_M,2,174,1.199999999999818,0.016000000000076398,0,2.0
117,ERROR_M,2,175,4.2840000000001055,7.557999999999993,0,2.0
117,ERROR_M,2,176,6.096000000000004,7.244000000000142,1,2.0
117,ERROR_M,2,177,4.9220000000000255,7.543999999999869,1,2.0
117,ERROR_M,2,178,4.13799999999992,5.043999999999869,1,2.0
117,ERROR_M,2,179,4.394000000000233,3.382000000000062,1,2.0
117,ERROR_M,2,180,4.589999999999691,5.039999999999964,1,2.0
117,ERROR_M,2,181,3.538000000000011,6.0779999999999745,1,2.0
117,ERROR_M,2,182,3.19800000000032,8.614000000000033,1,2.0
117,ERROR_M,2,183,2.755999999999858,9.115999999999985,1,2.0
117,ERROR_M,2,184,3.769999999999982,7.983999999999924,1,2.0
117,ERROR_M,2,185,3.798000000000229,5.629999999999654,1,2.0
117,ERROR_M,2,186,3.5220000000003893,4.741999999999734,1,2.0
117,ERROR_M,2,187,3.175999999999931,5.22400000000016,1,2.0
117,ERROR_M,2,188,3.713999999999942,2.5219999999999345,1,2.0
117,ERROR_M,2,189,4.88799999999992,5.522000000000389,1,2.0
117,ERROR_M,2,190,2.455999999999676,7.400000000000091,1,2.0
117,ERROR_M,2,191,2.08199999999988,3.2220000000002074,1,2.0
117,ERROR_M,2,192,2.8640000000000327,6.019999999999982,1,2.0
117,ERROR_M,2,193,0.7260000000001128,6.655999999999949,0,2.0
117,ERROR_M,2,194,7.447999999999865,8.36200000000008,1,2.0
117,ERROR_M,2,195,3.1359999999999673,9.061999999999898,1,2.0
117,ERROR_M,2,196,2.425999999999931,8.794000000000324,1,2.0
117,ERROR_M,2,197,1.9639999999999418,4.960000000000036,0,2.0
117,ERROR_M,2,198,0.07799999999997453,0.016000000000076398,0,2.0
117,ERROR_M,2,199,0.13799999999991996,3.955999999999676,0,2.0
117,ERROR_M,2,200,2.16800000000012,6.1840000000001965,1,2.0
117,ERROR_M,2,201,3.1539999999999964,6.7979999999997744,1,2.0
117,ERROR_M,2,202,1.7380000000002838,4.227999999999611,0,2.0
117,ERROR_M,2,203,2.150000000000091,5.1020000000003165,1,2.0
117,ERROR_M,2,204,2.30199999999968,,1,2.0
117,ERROR_M,3,1,1.5040000000000049,4.971999999999994,0,2.0
117,ERROR_M,3,2,0.03999999999999915,0.034000000000006025,0,2.0
117,ERROR_M,3,3,0.19200000000000017,3.7560000000000002,0,2.0
117,ERROR_M,3,4,4.221999999999994,4.878,1,2.0
117,ERROR_M,3,5,1.7480000000000047,6.231999999999999,0,2.0
117,ERROR_M,3,6,2.064,6.533999999999992,1,2.0
117,ERROR_M,3,7,3.734000000000009,3.0219999999999914,1,2.0
117,ERROR_M,3,8,4.856000000000009,2.721999999999994,1,2.0
117,ERROR_M,3,9,0.2600000000000051,0.010000000000005116,0,2.0
117,ERROR_M,3,10,0.2259999999999991,16.036,0,2.0
117,ERROR_M,3,11,2.9979999999999905,0.04399999999999693,1,2.0
117,ERROR_M,3,12,0.1700000000000017,7.960000000000008,0,2.0
117,ERROR_M,3,13,5.1499999999999915,3.7439999999999998,1,2.0
117,ERROR_M,3,14,3.5960000000000036,8.277999999999992,1,2.0
117,ERROR_M,3,15,2.5940000000000225,5.539999999999992,1,2.0
117,ERROR_M,3,16,0.055999999999983174,0.006000000000000227,0,2.0
117,ERROR_M,3,17,0.2540000000000191,6.181999999999988,0,2.0
117,ERROR_M,3,18,2.4480000000000075,4.111999999999995,1,2.0
117,ERROR_M,3,19,1.2760000000000105,4.307999999999993,0,2.0
117,ERROR_M,3,20,2.3739999999999952,0.060000000000002274,1,2.0
117,ERROR_M,3,21,0.12800000000001432,6.063999999999993,0,2.0
117,ERROR_M,3,22,1.8899999999999864,8.396000000000015,0,2.0
117,ERROR_M,3,23,2.1639999999999873,7.213999999999999,1,2.0
117,ERROR_M,3,24,2.9240000000000066,6.804000000000002,1,2.0
117,ERROR_M,3,25,1.8520000000000039,8.204000000000008,0,2.0
117,ERROR_M,3,26,1.8699999999999761,2.562000000000012,0,2.0
117,ERROR_M,3,27,2.451999999999998,8.102000000000004,1,2.0
117,ERROR_M,3,28,1.8479999999999848,8.436000000000007,0,2.0
117,ERROR_M,3,29,2.75,8.304000000000002,1,2.0
117,ERROR_M,3,30,1.9300000000000068,7.472000000000008,0,2.0
117,ERROR_M,3,31,2.030000000000001,6.472000000000008,1,2.0
117,ERROR_M,3,32,2.609999999999957,3.1340000000000146,1,2.0
117,ERROR_M,3,33,2.019999999999982,2.8360000000000127,1,2.0
117,ERROR_M,3,34,2.084000000000003,6.800000000000011,1,2.0
117,ERROR_M,3,35,0.04199999999997317,0.004000000000019099,0,2.0
117,ERROR_M,3,36,0.09800000000001319,4.435999999999979,0,2.0
117,ERROR_M,3,37,2.1140000000000327,4.8279999999999745,1,2.0
117,ERROR_M,3,38,2.466000000000008,5.564000000000021,1,2.0
117,ERROR_M,3,39,0.053999999999973625,0.009999999999990905,0,2.0
117,ERROR_M,3,40,0.2400000000000091,12.951999999999998,0,2.0
117,ERROR_M,3,41,1.4139999999999873,4.331999999999994,0,2.0
117,ERROR_M,3,42,2.6720000000000255,3.4039999999999964,1,2.0
117,ERROR_M,3,43,1.670000000000016,5.98599999999999,0,2.0
117,ERROR_M,3,44,2.3360000000000127,3.835999999999956,1,2.0
117,ERROR_M,3,45,2.7660000000000196,7.533999999999992,1,2.0
117,ERROR_M,3,46,2.2239999999999895,6.5260000000000105,1,2.0
117,ERROR_M,3,47,3.084000000000003,7.432000000000016,1,2.0
117,ERROR_M,3,48,0.5120000000000005,0.07600000000002183,0,2.0
117,ERROR_M,3,49,0.15599999999994907,11.148000000000025,0,2.0
117,ERROR_M,3,50,2.2320000000000277,0.13599999999996726,1,2.0
117,ERROR_M,3,51,0.057999999999992724,4.882000000000005,0,2.0
117,ERROR_M,3,52,1.9580000000000268,3.4399999999999977,0,2.0
117,ERROR_M,3,53,3.909999999999968,5.322000000000003,1,2.0
117,ERROR_M,3,54,4.312000000000012,6.994000000000028,1,2.0
117,ERROR_M,3,55,1.1899999999999977,6.401999999999987,0,2.0
117,ERROR_M,3,56,2.372000000000014,3.4139999999999873,1,2.0
117,ERROR_M,3,57,1.8659999999999854,4.903999999999996,0,2.0
117,ERROR_M,3,58,1.9279999999999973,6.463999999999999,0,2.0
117,ERROR_M,3,59,1.4580000000000268,9.123999999999967,0,2.0
117,ERROR_M,3,60,1.3620000000000232,2.9879999999999995,0,2.0
117,ERROR_M,3,61,2.5879999999999654,6.796000000000049,1,2.0
117,ERROR_M,3,62,2.005999999999972,2.6899999999999977,1,2.0
117,ERROR_M,3,63,2.711999999999989,4.498000000000047,1,2.0
117,ERROR_M,3,64,3.3279999999999745,7.274000000000001,1,2.0
117,ERROR_M,3,65,2.288000000000011,7.9839999999999804,1,2.0
117,ERROR_M,3,66,1.8220000000000027,8.069999999999993,0,2.0
117,ERROR_M,3,67,0.1360000000000241,0.038000000000010914,0,2.0
117,ERROR_M,3,68,0.21399999999999864,5.201999999999941,0,2.0
117,ERROR_M,3,69,2.87600000000009,5.817999999999984,1,2.0
117,ERROR_M,3,70,2.481999999999971,2.5819999999999936,1,2.0
117,ERROR_M,3,71,2.744000000000028,3.159999999999968,1,2.0
117,ERROR_M,3,72,2.0499999999999545,3.6420000000000528,1,2.0
117,ERROR_M,3,73,2.409999999999968,3.8600000000000136,1,2.0
117,ERROR_M,3,74,1.8039999999999736,4.402000000000044,0,2.0
117,ERROR_M,3,75,2.4740000000000464,7.343999999999937,1,2.0
117,ERROR_M,3,76,1.961999999999989,8.230000000000018,0,2.0
117,ERROR_M,3,77,3.905999999999949,4.124000000000024,1,2.0
117,ERROR_M,3,78,0.06799999999998363,0.004000000000019099,0,2.0
117,ERROR_M,3,79,0.2880000000000109,7.648000000000025,0,2.0
117,ERROR_M,3,80,0.9279999999999973,0.0019999999999527063,0,2.0
117,ERROR_M,3,81,0.16600000000005366,20.76800000000003,0,2.0
117,ERROR_M,3,82,1.8759999999999764,7.826000000000022,0,2.0
117,ERROR_M,3,83,2.5939999999999372,7.854000000000042,1,2.0
117,ERROR_M,3,84,1.475999999999999,5.375999999999976,0,2.0
117,ERROR_M,3,85,0.35000000000002274,4.461999999999989,0,2.0
117,ERROR_M,3,86,1.5119999999999436,8.33400000000006,0,2.0
117,ERROR_M,3,87,2.0359999999999445,10.906000000000063,1,2.0
117,ERROR_M,3,88,1.6039999999999281,6.490000000000009,0,2.0
117,ERROR_M,3,89,2.201999999999998,3.1800000000000637,1,2.0
117,ERROR_M,3,90,2.3619999999999663,6.05600000000004,1,2.0
117,ERROR_M,3,91,0.09000000000003183,0.013999999999896318,0,2.0
117,ERROR_M,3,92,0.2600000000001046,29.631999999999948,0,2.0
117,ERROR_M,3,93,2.3840000000000146,0.14199999999993906,1,2.0
117,ERROR_M,3,94,0.05400000000008731,4.8799999999999955,0,2.0
117,ERROR_M,3,95,2.1959999999999127,6.516000000000076,1,2.0
117,ERROR_M,3,96,2.9839999999999236,3.2940000000000964,1,2.0
117,ERROR_M,3,97,2.5419999999999163,4.02800000000002,1,2.0
117,ERROR_M,3,98,2.481999999999971,6.826000000000022,1,2.0
117,ERROR_M,3,99,1.98599999999999,7.402000000000044,0,2.0
117,ERROR_M,3,100,2.367999999999938,7.206000000000017,1,2.0
117,ERROR_M,3,101,1.6200000000000045,7.858000000000061,0,2.0
117,ERROR_M,3,102,2.48599999999999,8.144000000000005,1,2.0
117,ERROR_M,3,103,2.4420000000000073,5.076000000000022,1,2.0
117,ERROR_M,3,104,1.7719999999999345,10.262000000000057,0,2.0
117,ERROR_M,3,105,2.2399999999998954,5.79200000000003,1,2.0
117,ERROR_M,3,106,1.6560000000000628,4.427999999999997,0,2.0
117,ERROR_M,3,107,2.1079999999999472,4.128000000000043,1,2.0
117,ERROR_M,3,108,1.7519999999999527,5.772000000000048,0,2.0
117,ERROR_M,3,109,2.8419999999999845,2.6219999999999573,1,2.0
117,ERROR_M,3,110,2.636000000000081,6.903999999999996,1,2.0
117,ERROR_M,3,111,2.2439999999999145,4.4920000000000755,1,2.0
117,ERROR_M,3,112,1.92999999999995,7.716000000000008,0,2.0
117,ERROR_M,3,113,1.9420000000000073,4.491999999999962,0,2.0
117,ERROR_M,3,114,2.1620000000000346,5.008000000000038,1,2.0
117,ERROR_M,3,115,2.1200000000000045,5.649999999999977,1,2.0
117,ERROR_M,3,116,2.048000000000002,8.659999999999968,1,2.0
117,ERROR_M,3,117,2.1440000000000055,7.3940000000000055,1,2.0
117,ERROR_M,3,118,2.240000000000009,9.436000000000035,1,2.0
117,ERROR_M,3,119,1.2819999999999254,714.9140000000001,0,2.0
117,ERROR_M,3,120,1.3979999999999109,4.658000000000129,0,2.0
117,ERROR_M,3,121,1.949999999999818,8.372000000000071,0,2.0
117,ERROR_M,3,122,4.309999999999945,4.004000000000133,1,2.0
117,ERROR_M,3,123,2.3439999999998236,38.355999999999995,1,2.0
117,ERROR_M,3,124,2.538000000000011,5.1180000000001655,1,2.0
117,ERROR_M,3,125,2.5519999999999072,4.63799999999992,1,2.0
117,ERROR_M,3,126,2.3760000000002037,6.211999999999989,1,2.0
117,ERROR_M,3,127,2.27800000000002,7.017999999999802,1,2.0
117,ERROR_M,3,128,2.27800000000002,3.5540000000000873,1,2.0
117,ERROR_M,3,129,2.2899999999999636,4.8840000000000146,1,2.0
117,ERROR_M,3,130,1.2619999999999436,6.162000000000035,0,2.0
117,ERROR_M,3,131,2.213999999999942,431.00800000000027,1,2.0
117,ERROR_M,3,132,1.788000000000011,5.423999999999978,0,2.0
117,ERROR_M,3,133,1.844000000000051,4.9399999999996,0,2.0
117,ERROR_M,3,134,4.218000000000302,7.061999999999898,1,2.0
117,ERROR_M,3,135,2.786000000000058,3.213999999999942,1,2.0
117,ERROR_M,3,136,2.257999999999811,4.088000000000193,1,2.0
117,ERROR_M,3,137,1.5059999999998581,4.64200000000028,0,2.0
117,ERROR_M,3,138,2.826000000000022,3.855999999999767,1,2.0
117,ERROR_M,3,139,2.80600000000004,6.019999999999982,1,2.0
117,ERROR_M,3,140,1.9900000000002365,3.717999999999847,0,2.0
117,ERROR_M,3,141,1.8679999999999382,5.503999999999905,0,2.0
117,ERROR_M,3,142,2.644000000000233,7.187999999999647,1,2.0
117,ERROR_M,3,143,2.0100000000002183,8.648000000000138,1,2.0
117,ERROR_M,3,144,0.4420000000000073,,0,2.0
118,ERROR_M,1,1,0.1839999999999975,0.027999999999998693,0,2.0
118,ERROR_M,1,2,1.2360000000000042,0.7839999999999989,0,2.0
118,ERROR_M,1,3,0.7479999999999976,9.228000000000002,0,2.0
118,ERROR_M,1,4,3.402000000000001,4.898000000000003,1,2.0
118,ERROR_M,1,5,3.1799999999999997,6.589999999999996,1,2.0
118,ERROR_M,1,6,2.5520000000000067,7.353999999999999,1,2.0
118,ERROR_M,1,7,3.402000000000001,3.687999999999988,1,2.0
118,ERROR_M,1,8,2.4819999999999993,4.326000000000008,1,2.0
118,ERROR_M,1,9,3.165999999999997,0.02400000000000091,1,2.0
118,ERROR_M,1,10,0.23999999999999488,5.196000000000012,0,2.0
118,ERROR_M,1,11,2.823999999999998,7.444000000000003,1,2.0
118,ERROR_M,1,12,0.09999999999999432,27.02799999999999,0,2.0
118,ERROR_M,1,13,2.6980000000000075,4.430000000000007,1,2.0
118,ERROR_M,1,14,2.337999999999994,6.885999999999996,1,2.0
118,ERROR_M,1,15,0.11600000000001387,8.173999999999978,0,2.0
118,ERROR_M,1,16,0.13000000000002387,15.95399999999998,0,2.0
118,ERROR_M,1,17,2.004000000000019,3.283999999999992,1,2.0
118,ERROR_M,1,18,2.765999999999991,6.039999999999992,1,2.0
118,ERROR_M,1,19,2.194000000000017,6.288000000000011,1,2.0
118,ERROR_M,1,20,2.6399999999999864,8.466000000000008,1,2.0
118,ERROR_M,1,21,2.7719999999999914,8.632000000000005,1,2.0
118,ERROR_M,1,22,2.1999999999999886,5.201999999999998,1,2.0
118,ERROR_M,1,23,2.367999999999995,4.248000000000019,1,2.0
118,ERROR_M,1,24,2.6699999999999875,7.897999999999996,1,2.0
118,ERROR_M,1,25,2.332000000000022,5.643999999999977,1,2.0
118,ERROR_M,1,26,1.8400000000000034,6.996000000000009,0,2.0
118,ERROR_M,1,27,2.9560000000000173,3.0079999999999814,1,2.0
118,ERROR_M,1,28,0.19799999999997908,0.10800000000000409,0,2.0
118,ERROR_M,1,29,0.4440000000000168,9.112000000000023,0,2.0
118,ERROR_M,1,30,2.447999999999979,8.163999999999987,1,2.0
118,ERROR_M,1,31,3.201999999999998,8.401999999999987,1,2.0
118,ERROR_M,1,32,3.612000000000023,8.850000000000023,1,2.0
118,ERROR_M,1,33,4.060000000000002,5.3139999999999645,1,2.0
118,ERROR_M,1,34,2.7760000000000105,4.73599999999999,1,2.0
118,ERROR_M,1,35,0.3160000000000309,0.01999999999998181,0,2.0
118,ERROR_M,1,36,0.43200000000001637,7.421999999999969,0,2.0
118,ERROR_M,1,37,2.1960000000000264,3.363999999999976,1,2.0
118,ERROR_M,1,38,2.920000000000016,6.231999999999971,1,2.0
118,ERROR_M,1,39,2.3920000000000528,7.1059999999999945,1,2.0
118,ERROR_M,1,40,2.7939999999999827,5.149999999999977,1,2.0
118,ERROR_M,1,41,2.716000000000008,4.713999999999999,1,2.0
118,ERROR_M,1,42,2.6340000000000146,4.425999999999988,1,2.0
118,ERROR_M,1,43,2.8140000000000214,7.413999999999987,1,2.0
118,ERROR_M,1,44,2.8140000000000214,6.397999999999968,1,2.0
118,ERROR_M,1,45,2.343999999999994,4.0680000000000405,1,2.0
118,ERROR_M,1,46,0.10599999999999454,0.04399999999998272,0,2.0
118,ERROR_M,1,47,0.7540000000000191,13.975999999999999,0,2.0
118,ERROR_M,1,48,2.4839999999999804,7.1580000000000155,1,2.0
118,ERROR_M,1,49,2.1059999999999945,4.433999999999969,1,2.0
118,ERROR_M,1,50,0.08200000000005048,0.01999999999998181,0,2.0
118,ERROR_M,1,51,0.7599999999999909,8.196000000000026,0,2.0
118,ERROR_M,1,52,0.13599999999996726,0.02199999999999136,0,2.0
118,ERROR_M,1,53,0.5240000000000009,4.951999999999998,0,2.0
118,ERROR_M,1,54,2.948000000000036,3.3319999999999936,1,2.0
118,ERROR_M,1,55,2.6539999999999964,2.8179999999999836,1,2.0
118,ERROR_M,1,56,3.1340000000000146,6.1299999999999955,1,2.0
118,ERROR_M,1,57,1.7280000000000086,0.033999999999991815,0,2.0
118,ERROR_M,1,58,0.13999999999998636,6.696000000000026,0,2.0
118,ERROR_M,1,59,2.0020000000000095,7.111999999999966,1,2.0
118,ERROR_M,1,60,3.7099999999999795,3.9500000000000455,1,2.0
118,ERROR_M,1,61,2.9039999999999964,9.531999999999982,1,2.0
118,ERROR_M,1,62,2.2999999999999545,5.11200000000008,1,2.0
118,ERROR_M,1,63,1.8719999999999573,8.5,0,2.0
118,ERROR_M,1,64,2.6480000000000246,9.994000000000028,1,2.0
118,ERROR_M,1,65,1.9499999999999318,4.710000000000036,0,2.0
118,ERROR_M,1,66,0.18799999999998818,0.022000000000048203,0,2.0
118,ERROR_M,1,67,0.44399999999996,5.92999999999995,0,2.0
118,ERROR_M,1,68,2.372000000000071,3.4560000000000173,1,2.0
118,ERROR_M,1,69,2.75,4.3700000000000045,1,2.0
118,ERROR_M,1,70,1.641999999999939,3.740000000000009,0,2.0
118,ERROR_M,1,71,2.0979999999999563,4.512000000000057,1,2.0
118,ERROR_M,1,72,0.06999999999993634,0.11000000000001364,0,2.0
118,ERROR_M,1,73,0.48599999999999,12.740000000000009,0,2.0
118,ERROR_M,1,74,1.7860000000000582,5.043999999999983,0,2.0
118,ERROR_M,1,75,1.7039999999999509,2.616000000000099,0,2.0
118,ERROR_M,1,76,1.967999999999961,7.399999999999977,0,2.0
118,ERROR_M,1,77,2.368000000000052,5.671999999999912,1,2.0
118,ERROR_M,1,78,2.3220000000000027,5.720000000000027,1,2.0
118,ERROR_M,1,79,1.8139999999999645,6.9360000000000355,0,2.0
118,ERROR_M,1,80,2.033999999999992,7.2000000000000455,1,2.0
118,ERROR_M,1,81,1.8980000000000246,9.793999999999983,0,2.0
118,ERROR_M,1,82,1.9499999999999318,8.32400000000007,0,2.0
118,ERROR_M,1,83,2.490000000000009,8.553999999999974,1,2.0
118,ERROR_M,1,84,2.3780000000000427,8.281999999999925,1,2.0
118,ERROR_M,1,85,2.4200000000000728,6.205999999999904,1,2.0
118,ERROR_M,1,86,2.6820000000000164,7.72199999999998,1,2.0
118,ERROR_M,1,87,1.9240000000000919,2.8899999999999864,0,2.0
118,ERROR_M,1,88,1.8039999999999736,6.220000000000027,0,2.0
118,ERROR_M,1,89,1.967999999999961,4.192000000000007,0,2.0
118,ERROR_M,1,90,3.3880000000000337,2.6340000000000146,1,2.0
118,ERROR_M,1,91,3.2339999999999236,5.6580000000000155,1,2.0
118,ERROR_M,1,92,4.216000000000008,3.6440000000000055,1,2.0
118,ERROR_M,1,93,3.508000000000038,3.8159999999999172,1,2.0
118,ERROR_M,1,94,2.1520000000000437,9.285999999999945,1,2.0
118,ERROR_M,1,95,2.4180000000000064,8.192000000000007,1,2.0
118,ERROR_M,1,96,1.8360000000000127,9.522000000000048,0,2.0
118,ERROR_M,1,97,1.5579999999999927,6.888000000000034,0,2.0
118,ERROR_M,1,98,2.4039999999999964,5.847999999999956,1,2.0
118,ERROR_M,1,99,2.0979999999999563,3.07000000000005,1,2.0
118,ERROR_M,1,100,0.14400000000000546,0.038000000000010914,0,2.0
118,ERROR_M,1,101,0.5520000000000209,5.22199999999998,0,2.0
118,ERROR_M,1,102,1.4660000000000082,6.847999999999956,0,2.0
118,ERROR_M,1,103,2.0,4.567999999999984,0,2.0
118,ERROR_M,1,104,1.872000000000071,5.933999999999969,0,2.0
118,ERROR_M,1,105,1.9099999999999682,6.793999999999983,0,2.0
118,ERROR_M,1,106,2.8460000000000036,7.783999999999992,1,2.0
118,ERROR_M,1,107,1.7100000000000364,7.6860000000000355,0,2.0
118,ERROR_M,1,108,0.12999999999999545,0.03999999999996362,0,2.0
118,ERROR_M,1,109,0.5120000000000573,7.67999999999995,0,2.0
118,ERROR_M,1,110,1.3759999999999764,3.1399999999999864,0,2.0
118,ERROR_M,1,111,1.3600000000000136,7.208000000000084,0,2.0
118,ERROR_M,1,112,2.2379999999999427,3.481999999999971,1,2.0
118,ERROR_M,1,113,1.7019999999999982,8.522000000000048,0,2.0
118,ERROR_M,1,114,2.258000000000038,6.029999999999973,1,2.0
118,ERROR_M,1,115,0.11000000000001364,0.02400000000000091,0,2.0
118,ERROR_M,1,116,0.613999999999919,21.198000000000093,0,2.0
118,ERROR_M,1,117,1.8319999999999936,4.63799999999992,0,2.0
118,ERROR_M,1,118,2.25,5.4780000000000655,1,2.0
118,ERROR_M,1,119,0.09799999999995634,0.029999999999972715,0,2.0
118,ERROR_M,1,120,0.5180000000000291,4.125999999999976,0,2.0
118,ERROR_M,1,121,2.4160000000000537,2.769999999999982,1,2.0
118,ERROR_M,1,122,0.5839999999999463,0.04800000000000182,0,2.0
118,ERROR_M,1,123,0.9120000000000346,15.894000000000005,0,2.0
118,ERROR_M,1,124,2.2060000000000173,5.3700000000000045,1,2.0
118,ERROR_M,1,125,3.5459999999999354,0.02800000000002001,1,2.0
118,ERROR_M,1,126,0.20400000000006457,4.3940000000000055,0,2.0
118,ERROR_M,1,127,2.3099999999999454,5.966000000000008,1,2.0
118,ERROR_M,1,128,1.967999999999961,6.414000000000101,0,2.0
118,ERROR_M,1,129,3.2799999999999727,7.788000000000011,1,2.0
118,ERROR_M,1,130,2.867999999999938,8.238000000000056,1,2.0
118,ERROR_M,1,131,2.5419999999999163,4.628000000000156,1,2.0
118,ERROR_M,1,132,2.313999999999851,5.731999999999971,1,2.0
118,ERROR_M,1,133,2.324000000000069,6.02800000000002,1,2.0
118,ERROR_M,1,134,2.4880000000000564,7.463999999999942,1,2.0
118,ERROR_M,1,135,1.7539999999999054,3.9340000000001965,0,2.0
118,ERROR_M,1,136,2.731999999999971,5.0219999999999345,1,2.0
118,ERROR_M,1,137,1.7560000000000855,8.601999999999862,0,2.0
118,ERROR_M,1,138,2.3700000000001182,7.699999999999818,1,2.0
118,ERROR_M,1,139,1.900000000000091,4.1440000000000055,0,2.0
118,ERROR_M,1,140,2.1420000000000528,6.059999999999945,1,2.0
118,ERROR_M,1,141,0.15599999999994907,0.044000000000096406,0,2.0
118,ERROR_M,1,142,1.0579999999999927,5.69399999999996,0,2.0
118,ERROR_M,1,143,1.7699999999999818,6.8659999999999854,0,2.0
118,ERROR_M,1,144,1.9919999999999618,2.8020000000001346,0,2.0
118,ERROR_M,1,145,2.16599999999994,3.2719999999999345,1,2.0
118,ERROR_M,1,146,0.09000000000014552,0.049999999999954525,0,2.0
118,ERROR_M,1,147,0.4959999999998672,12.93600000000015,0,2.0
118,ERROR_M,1,148,2.1579999999999018,3.546000000000049,1,2.0
118,ERROR_M,1,149,1.9539999999999509,6.142000000000053,0,2.0
118,ERROR_M,1,150,2.0139999999998963,6.604000000000042,1,2.0
118,ERROR_M,1,151,2.2080000000000837,8.39799999999991,1,2.0
118,ERROR_M,1,152,2.074000000000069,3.6720000000000255,1,2.0
118,ERROR_M,1,153,0.03399999999987813,0.052000000000134605,0,2.0
118,ERROR_M,1,154,0.5760000000000218,15.977999999999838,0,2.0
118,ERROR_M,1,155,2.1100000000001273,6.2439999999999145,1,2.0
118,ERROR_M,1,156,1.5320000000001528,3.4379999999998745,0,2.0
118,ERROR_M,1,157,2.9320000000000164,5.602000000000089,1,2.0
118,ERROR_M,1,158,2.5399999999999636,6.233999999999924,1,2.0
118,ERROR_M,1,159,2.2080000000000837,8.029999999999973,1,2.0
118,ERROR_M,1,160,2.2919999999999163,8.286000000000058,1,2.0
118,ERROR_M,1,161,2.701999999999998,3.2940000000000964,1,2.0
118,ERROR_M,1,162,0.09199999999987085,0.06999999999993634,0,2.0
118,ERROR_M,1,163,0.3000000000001819,7.1319999999998345,0,2.0
118,ERROR_M,1,164,2.754000000000133,4.77800000000002,1,2.0
118,ERROR_M,1,165,2.02800000000002,3.990000000000009,1,2.0
118,ERROR_M,1,166,2.369999999999891,5.322000000000116,1,2.0
118,ERROR_M,1,167,2.6039999999998145,3.981999999999971,1,2.0
118,ERROR_M,1,168,0.07800000000020191,0.03399999999987813,0,2.0
118,ERROR_M,1,169,0.6620000000000346,6.099999999999909,0,2.0
118,ERROR_M,1,170,2.9760000000001128,6.892000000000053,1,2.0
118,ERROR_M,1,171,2.3759999999999764,7.701999999999998,1,2.0
118,ERROR_M,1,172,2.685999999999922,7.405999999999949,1,2.0
118,ERROR_M,1,173,2.0620000000001255,8.697999999999865,1,2.0
118,ERROR_M,1,174,1.6820000000000164,6.550000000000182,0,2.0
118,ERROR_M,1,175,1.8179999999999836,2.5860000000000127,0,2.0
118,ERROR_M,1,176,0.11599999999998545,0.023999999999887223,0,2.0
118,ERROR_M,1,177,0.88799999999992,3.742000000000189,0,2.0
118,ERROR_M,1,178,1.6779999999998836,3.731999999999971,0,2.0
118,ERROR_M,1,179,2.6480000000001382,5.669999999999845,1,2.0
118,ERROR_M,1,180,2.0160000000000764,8.33400000000006,1,2.0
118,ERROR_M,1,181,2.2159999999998945,4.7719999999999345,1,2.0
118,ERROR_M,1,182,2.076000000000022,6.920000000000073,1,2.0
118,ERROR_M,1,183,1.816000000000031,6.776000000000067,0,2.0
118,ERROR_M,1,184,0.13799999999991996,0.03199999999992542,0,2.0
118,ERROR_M,1,185,0.678000000000111,16.283999999999878,0,2.0
118,ERROR_M,1,186,1.7820000000001528,4.13799999999992,0,2.0
118,ERROR_M,1,187,2.2180000000000746,5.662000000000035,1,2.0
118,ERROR_M,1,188,2.2779999999997926,7.482000000000198,1,2.0
118,ERROR_M,1,189,1.737999999999829,3.461999999999989,0,2.0
118,ERROR_M,1,190,2.3940000000000055,9.368000000000166,1,2.0
118,ERROR_M,1,191,2.563999999999851,8.254000000000133,1,2.0
118,ERROR_M,1,192,1.8099999999999454,8.365999999999985,0,2.0
118,ERROR_M,1,193,2.8179999999999836,7.958000000000084,1,2.0
118,ERROR_M,1,194,2.5779999999999745,8.990000000000009,1,2.0
118,ERROR_M,1,195,2.127999999999929,5.269999999999982,1,2.0
118,ERROR_M,1,196,2.1539999999999964,4.248000000000047,1,2.0
118,ERROR_M,1,197,0.10400000000004184,0.023999999999887223,0,2.0
118,ERROR_M,1,198,0.6960000000001401,20.144000000000005,0,2.0
118,ERROR_M,1,199,2.5739999999998417,4.514000000000124,1,2.0
118,ERROR_M,1,200,0.08400000000006003,0.049999999999954525,0,2.0
118,ERROR_M,1,201,0.5679999999999836,28.56600000000003,0,2.0
118,ERROR_M,1,202,1.627999999999929,7.836000000000013,0,2.0
118,ERROR_M,1,203,1.8119999999998981,6.768000000000029,0,2.0
118,ERROR_M,1,204,2.0140000000001237,7.491999999999962,1,2.0
118,ERROR_M,1,205,1.97199999999998,4.900000000000091,0,2.0
118,ERROR_M,1,206,2.3859999999999673,7.6099999999999,1,2.0
118,ERROR_M,1,207,3.4760000000001128,3.0879999999999654,1,2.0
118,ERROR_M,1,208,2.9300000000000637,12.009999999999991,1,2.0
118,ERROR_M,1,209,1.8539999999998145,6.544000000000096,0,2.0
118,ERROR_M,1,210,2.3179999999999836,6.11200000000008,1,2.0
118,ERROR_M,1,211,2.0519999999999072,3.8859999999999673,1,2.0
118,ERROR_M,1,212,0.07600000000002183,0.038000000000010914,0,2.0
118,ERROR_M,1,213,0.7200000000000273,28.42599999999993,0,2.0
118,ERROR_M,1,214,1.8179999999999836,7.7560000000000855,0,2.0
118,ERROR_M,1,215,2.372000000000071,8.139999999999873,1,2.0
118,ERROR_M,1,216,1.91800000000012,2.785999999999831,0,2.0
118,ERROR_M,1,217,2.1920000000000073,5.990000000000009,1,2.0
118,ERROR_M,1,218,1.8680000000001655,6.326000000000022,0,2.0
118,ERROR_M,1,219,2.3639999999998054,4.248000000000047,1,2.0
118,ERROR_M,1,220,0.18200000000001637,0.018000000000029104,0,2.0
118,ERROR_M,1,221,0.7980000000000018,6.83400000000006,0,2.0
118,ERROR_M,1,222,2.1639999999999873,4.711999999999989,1,2.0
118,ERROR_M,1,223,1.9359999999999218,5.2000000000000455,0,2.0
118,ERROR_M,1,224,2.298000000000002,3.8940000000000055,1,2.0
118,ERROR_M,1,225,1.9420000000000073,6.135999999999967,0,2.0
118,ERROR_M,1,226,2.5060000000000855,7.587999999999965,1,2.0
118,ERROR_M,1,227,2.632000000000062,7.905999999999949,1,2.0
118,ERROR_M,1,228,2.6359999999999673,8.430000000000064,1,2.0
118,ERROR_M,1,229,2.6419999999998254,8.91800000000012,1,2.0
118,ERROR_M,1,230,2.02800000000002,9.407999999999902,1,2.0
118,ERROR_M,1,231,0.16000000000008185,0.03399999999987813,0,2.0
118,ERROR_M,1,232,0.7480000000000473,33.355999999999995,0,2.0
118,ERROR_M,1,233,1.5420000000001437,2.619999999999891,0,2.0
118,ERROR_M,1,234,0.09999999999990905,0.03000000000020009,0,2.0
118,ERROR_M,1,235,1.1259999999999764,22.33199999999988,0,2.0
118,ERROR_M,1,236,2.2999999999999545,6.600000000000136,1,2.0
118,ERROR_M,1,237,1.9420000000000073,4.975999999999885,0,2.0
118,ERROR_M,1,238,2.2920000000001437,7.257999999999811,1,2.0
118,ERROR_M,1,239,2.3960000000001855,4.0779999999999745,1,2.0
118,ERROR_M,1,240,2.33400000000006,2.931999999999789,1,2.0
118,ERROR_M,1,241,0.0340000000001055,0.023999999999887223,0,2.0
118,ERROR_M,1,242,0.8540000000000418,6.776000000000067,0,2.0
118,ERROR_M,1,243,2.3859999999999673,4.117999999999938,1,2.0
118,ERROR_M,1,244,2.0820000000001073,4.983999999999924,1,2.0
118,ERROR_M,1,245,3.4139999999999873,5.244000000000142,1,2.0
118,ERROR_M,1,246,1.9359999999999218,6.155999999999949,0,2.0
118,ERROR_M,1,247,2.4020000000000437,3.2740000000001146,1,2.0
118,ERROR_M,1,248,0.1879999999998745,0.021999999999934516,0,2.0
118,ERROR_M,1,249,1.1420000000000528,7.064000000000078,0,2.0
118,ERROR_M,1,250,2.1240000000000236,4.579999999999927,1,2.0
118,ERROR_M,1,251,2.1159999999999854,7.986000000000104,1,2.0
118,ERROR_M,1,252,1.8999999999998636,7.594000000000051,0,2.0
118,ERROR_M,1,253,2.5879999999999654,8.314000000000078,1,2.0
118,ERROR_M,1,254,2.4420000000000073,7.33400000000006,1,2.0
118,ERROR_M,1,255,1.8139999999998508,4.407999999999902,0,2.0
118,ERROR_M,1,256,2.038000000000011,5.652000000000044,1,2.0
118,ERROR_M,1,257,1.9459999999999127,5.876000000000204,0,2.0
118,ERROR_M,1,258,2.1140000000000327,6.7280000000000655,1,2.0
118,ERROR_M,1,259,1.5659999999998035,7.338000000000193,0,2.0
118,ERROR_M,1,260,0.19200000000000728,0.987999999999829,0,2.0
118,ERROR_M,1,261,2.0979999999999563,7.253999999999905,1,2.0
118,ERROR_M,1,262,1.8820000000000618,7.22400000000016,0,2.0
118,ERROR_M,1,263,1.8220000000001164,7.493999999999687,0,2.0
118,ERROR_M,1,264,2.2660000000000764,7.9520000000002256,1,2.0
118,ERROR_M,1,265,2.173999999999978,8.263999999999669,1,2.0
118,ERROR_M,1,266,2.2800000000002,4.985999999999876,1,2.0
118,ERROR_M,1,267,0.10400000000026921,0.03199999999969805,0,2.0
118,ERROR_M,1,268,0.7920000000003711,4.781999999999698,0,2.0
118,ERROR_M,1,269,2.3479999999999563,3.256000000000313,1,2.0
118,ERROR_M,1,270,2.3719999999998436,4.871999999999844,1,2.0
118,ERROR_M,1,271,2.3320000000003347,5.651999999999589,1,2.0
118,ERROR_M,1,272,0.24000000000023647,0.03999999999996362,0,2.0
118,ERROR_M,1,273,1.0160000000000764,5.625999999999749,0,2.0
118,ERROR_M,1,274,0.11400000000003274,0.03600000000005821,0,2.0
118,ERROR_M,1,275,0.8859999999999673,7.847999999999956,0,2.0
118,ERROR_M,1,276,2.05600000000004,5.4900000000002365,1,2.0
118,ERROR_M,1,277,2.173999999999978,8.683999999999742,1,2.0
118,ERROR_M,1,278,1.7640000000001237,13.57400000000007,0,2.0
118,ERROR_M,1,279,2.11200000000008,3.9220000000000255,1,2.0
118,ERROR_M,1,280,0.11599999999998545,0.02999999999974534,0,2.0
118,ERROR_M,1,281,0.650000000000091,39.01800000000003,0,2.0
118,ERROR_M,1,282,1.7860000000000582,6.583999999999833,0,2.0
118,ERROR_M,1,283,2.461999999999989,4.86200000000008,1,2.0
118,ERROR_M,1,284,1.8899999999998727,7.038000000000011,0,2.0
118,ERROR_M,1,285,0.11599999999998545,0.028000000000247383,0,2.0
118,ERROR_M,1,286,0.5320000000001528,13.179999999999836,0,2.0
118,ERROR_M,1,287,1.837999999999738,9.11600000000044,0,2.0
118,ERROR_M,1,288,2.349999999999909,11.223999999999705,1,2.0
118,ERROR_M,1,289,2.0160000000000764,4.260000000000218,1,2.0
118,ERROR_M,1,290,1.94399999999996,6.661999999999807,0,2.0
118,ERROR_M,1,291,2.0399999999999636,27.062000000000353,1,2.0
118,ERROR_M,1,292,2.4299999999998363,11.009999999999764,1,2.0
118,ERROR_M,1,293,2.076000000000022,3.042000000000371,1,2.0
118,ERROR_M,1,294,2.5539999999996326,3.050000000000182,1,2.0
118,ERROR_M,1,295,2.0920000000000982,12.761999999999716,1,2.0
118,ERROR_M,1,296,2.25400000000036,4.343999999999596,1,2.0
118,ERROR_M,1,297,0.16600000000016735,0.04399999999986903,0,2.0
118,ERROR_M,1,298,0.6180000000003929,7.299999999999727,0,2.0
118,ERROR_M,1,299,1.9520000000002256,5.507999999999811,0,2.0
118,ERROR_M,1,300,1.987999999999829,3.538000000000011,0,2.0
118,ERROR_M,1,301,0.09400000000005093,0.02400000000034197,0,2.0
118,ERROR_M,1,302,0.613999999999578,6.6460000000001855,0,2.0
118,ERROR_M,1,303,1.8899999999998727,4.41800000000012,0,2.0
118,ERROR_M,1,304,1.9220000000000255,5.77599999999984,0,2.0
118,ERROR_M,1,305,3.1020000000003165,6.803999999999633,1,2.0
118,ERROR_M,1,306,2.3320000000003347,10.059999999999945,1,2.0
118,ERROR_M,1,307,2.2519999999999527,4.389999999999873,1,2.0
118,ERROR_M,1,308,0.2600000000002183,0.03600000000005821,0,2.0
118,ERROR_M,1,309,0.6959999999999127,27.93600000000015,0,2.0
118,ERROR_M,1,310,1.8439999999995962,5.890000000000327,0,2.0
118,ERROR_M,1,311,2.0160000000000764,4.24599999999964,1,2.0
118,ERROR_M,1,312,2.0260000000002947,6.621999999999844,1,2.0
118,ERROR_M,1,313,1.6260000000002037,6.2039999999997235,0,2.0
118,ERROR_M,1,314,1.956000000000131,5.043999999999869,0,2.0
118,ERROR_M,1,315,1.8800000000001091,6.621999999999844,0,2.0
118,ERROR_M,1,316,2.0340000000001055,11.860000000000127,1,2.0
118,ERROR_M,1,317,2.0279999999997926,9.276000000000295,1,2.0
118,ERROR_M,1,318,2.2599999999997635,7.907999999999902,1,2.0
118,ERROR_M,1,319,2.326000000000022,6.463999999999942,1,2.0
118,ERROR_M,1,320,2.25400000000036,8.19399999999996,1,2.0
118,ERROR_M,1,321,0.17599999999993088,0.02999999999974534,0,2.0
118,ERROR_M,1,322,0.8120000000003529,7.6720000000000255,0,2.0
118,ERROR_M,1,323,0.24799999999959255,0.0500000000001819,0,2.0
118,ERROR_M,1,324,0.8919999999998254,18.72400000000016,0,2.0
118,ERROR_M,1,325,2.2260000000001128,3.8899999999998727,1,2.0
118,ERROR_M,1,326,0.03999999999996362,0.046000000000276486,0,2.0
118,ERROR_M,1,327,0.8379999999997381,9.597999999999956,0,2.0
118,ERROR_M,1,328,1.7760000000002947,3.6419999999998254,0,2.0
118,ERROR_M,1,329,2.3400000000001455,5.9780000000000655,1,2.0
118,ERROR_M,1,330,0.14199999999982538,0.041999999999916326,0,2.0
118,ERROR_M,1,331,0.5900000000001455,47.28800000000001,0,2.0
118,ERROR_M,1,332,1.8299999999999272,2.769999999999982,0,2.0
118,ERROR_M,1,333,2.1959999999999127,7.938000000000102,1,2.0
118,ERROR_M,1,334,1.7660000000000764,2.5540000000000873,0,2.0
118,ERROR_M,1,335,2.16399999999976,13.052000000000135,1,2.0
118,ERROR_M,1,336,2.0839999999998327,8.559999999999945,1,2.0
118,ERROR_M,1,337,2.1359999999999673,8.63000000000011,1,2.0
118,ERROR_M,1,338,0.07600000000002183,0.03000000000020009,0,2.0
118,ERROR_M,1,339,0.7899999999999636,9.78399999999965,0,2.0
118,ERROR_M,1,340,1.7820000000001528,4.552000000000135,0,2.0
118,ERROR_M,1,341,2.0279999999997926,14.0300000000002,1,2.0
118,ERROR_M,1,342,2.0239999999998872,4.842000000000098,1,2.0
118,ERROR_M,1,343,0.2739999999998872,0.05400000000008731,0,2.0
118,ERROR_M,1,344,0.8460000000000036,37.264000000000124,0,2.0
118,ERROR_M,1,345,1.91399999999976,3.6280000000001564,0,2.0
118,ERROR_M,1,346,2.119999999999891,10.91800000000012,1,2.0
118,ERROR_M,1,347,1.9039999999999964,6.61200000000008,0,2.0
118,ERROR_M,1,348,2.0,10.449999999999818,0,2.0
118,ERROR_M,1,349,2.1460000000001855,7.685999999999694,1,2.0
118,ERROR_M,1,350,1.7260000000001128,3.242000000000189,0,2.0
118,ERROR_M,1,351,2.0159999999996217,6.688000000000102,1,2.0
118,ERROR_M,1,352,2.2100000000000364,6.730000000000018,1,2.0
118,ERROR_M,1,353,2.213999999999942,4.788000000000011,1,2.0
118,ERROR_M,1,354,2.506000000000313,7.3279999999999745,1,2.0
118,ERROR_M,1,355,1.7179999999998472,3.1700000000000728,0,2.0
118,ERROR_M,1,356,0.07799999999997453,0.0340000000001055,0,2.0
118,ERROR_M,1,357,0.7799999999997453,12.036000000000058,0,2.0
118,ERROR_M,1,358,1.9239999999999782,2.8040000000000873,0,2.0
118,ERROR_M,1,359,2.5039999999999054,6.2719999999999345,1,2.0
118,ERROR_M,1,360,2.1220000000002983,10.561999999999898,1,2.0
118,ERROR_M,1,361,2.3539999999998145,,1,2.0
118,ERROR_M,2,1,2.1940000000000026,4.735999999999997,1,2.0
118,ERROR_M,2,2,2.2819999999999965,8.002000000000002,1,2.0
118,ERROR_M,2,3,2.314,8.258000000000003,1,2.0
118,ERROR_M,2,4,1.8179999999999978,8.431999999999995,0,2.0
118,ERROR_M,2,5,1.9300000000000068,7.591999999999999,0,2.0
118,ERROR_M,2,6,2.122,4.079999999999998,1,2.0
118,ERROR_M,2,7,2.3460000000000036,2.5759999999999934,1,2.0
118,ERROR_M,2,8,1.9120000000000061,5.299999999999997,0,2.0
118,ERROR_M,2,9,1.9699999999999989,6.540000000000006,0,2.0
118,ERROR_M,2,10,1.695999999999998,7.195999999999998,0,2.0
118,ERROR_M,2,11,1.9680000000000035,3.7079999999999984,0,2.0
118,ERROR_M,2,12,2.1400000000000006,5.569999999999993,1,2.0
118,ERROR_M,2,13,2.221999999999994,3.195999999999998,1,2.0
118,ERROR_M,2,14,2.3400000000000034,5.896000000000015,1,2.0
118,ERROR_M,2,15,1.828000000000003,4.840000000000003,0,2.0
118,ERROR_M,2,16,2.195999999999998,6.274000000000001,1,2.0
118,ERROR_M,2,17,2.0039999999999907,5.538000000000011,1,2.0
118,ERROR_M,2,18,1.9159999999999968,3.651999999999987,0,2.0
118,ERROR_M,2,19,2.7379999999999995,6.969999999999999,1,2.0
118,ERROR_M,2,20,2.004000000000019,2.941999999999979,1,2.0
118,ERROR_M,2,21,0.15200000000001523,12.049999999999983,0,2.0
118,ERROR_M,2,22,2.2960000000000207,4.189999999999998,1,2.0
118,ERROR_M,2,23,1.7239999999999895,8.675999999999988,0,2.0
118,ERROR_M,2,24,2.504000000000019,3.5039999999999907,1,2.0
118,ERROR_M,2,25,2.6359999999999957,3.640000000000015,1,2.0
118,ERROR_M,2,26,0.09199999999998454,0.036000000000001364,0,2.0
118,ERROR_M,2,27,0.2120000000000175,38.22799999999998,0,2.0
118,ERROR_M,2,28,0.06600000000003092,0.07999999999998408,0,2.0
118,ERROR_M,2,29,0.70799999999997,5.842000000000041,0,2.0
118,ERROR_M,2,30,2.1499999999999773,5.622000000000014,1,2.0
118,ERROR_M,2,31,2.9219999999999686,4.334000000000003,1,2.0
118,ERROR_M,2,32,2.7420000000000186,5.939999999999998,1,2.0
118,ERROR_M,2,33,2.137999999999977,6.754000000000019,1,2.0
118,ERROR_M,2,34,2.6620000000000346,6.935999999999979,1,2.0
118,ERROR_M,2,35,2.4839999999999804,3.25,1,2.0
118,ERROR_M,2,36,2.3880000000000337,4.993999999999971,1,2.0
118,ERROR_M,2,37,3.069999999999993,6.472000000000037,1,2.0
118,ERROR_M,2,38,3.137999999999977,7.0020000000000095,1,2.0
118,ERROR_M,2,39,3.0179999999999723,7.454000000000008,1,2.0
118,ERROR_M,2,40,2.7940000000000396,7.907999999999959,1,2.0
118,ERROR_M,2,41,2.5,4.456000000000017,1,2.0
118,ERROR_M,2,42,3.033999999999992,5.622000000000014,1,2.0
118,ERROR_M,2,43,0.11599999999998545,0.038000000000010914,0,2.0
118,ERROR_M,2,44,0.48799999999999955,3.990000000000009,0,2.0
118,ERROR_M,2,45,2.055999999999983,3.466000000000008,1,2.0
118,ERROR_M,2,46,2.3039999999999736,5.140000000000043,1,2.0
118,ERROR_M,2,47,2.569999999999993,6.289999999999964,1,2.0
118,ERROR_M,2,48,2.664000000000044,4.3940000000000055,1,2.0
118,ERROR_M,2,49,2.353999999999985,7.151999999999987,1,2.0
118,ERROR_M,2,50,0.04199999999997317,0.06200000000001182,0,2.0
118,ERROR_M,2,51,0.424000000000035,7.479999999999961,0,2.0
118,ERROR_M,2,52,2.1539999999999964,7.843999999999994,1,2.0
118,ERROR_M,2,53,2.098000000000013,8.343999999999994,1,2.0
118,ERROR_M,2,54,2.1960000000000264,7.7239999999999895,1,2.0
118,ERROR_M,2,55,2.2800000000000296,7.065999999999974,1,2.0
118,ERROR_M,2,56,1.8360000000000127,8.901999999999987,0,2.0
118,ERROR_M,2,57,2.165999999999997,7.420000000000016,1,2.0
118,ERROR_M,2,58,1.858000000000004,3.033999999999992,0,2.0
118,ERROR_M,2,59,0.029999999999972715,0.038000000000010914,0,2.0
118,ERROR_M,2,60,0.5300000000000296,7.325999999999965,0,2.0
118,ERROR_M,2,61,1.8940000000000055,5.099999999999966,0,2.0
118,ERROR_M,2,62,3.3079999999999927,6.132000000000062,1,2.0
118,ERROR_M,2,63,2.23599999999999,8.70799999999997,1,2.0
118,ERROR_M,2,64,2.6019999999999754,8.374000000000024,1,2.0
118,ERROR_M,2,65,2.4780000000000655,8.685999999999922,1,2.0
118,ERROR_M,2,66,1.87600000000009,4.525999999999954,0,2.0
118,ERROR_M,2,67,2.5399999999999636,8.605999999999995,1,2.0
118,ERROR_M,2,68,1.9180000000000064,3.660000000000082,0,2.0
118,ERROR_M,2,69,2.741999999999962,3.1499999999999773,1,2.0
118,ERROR_M,2,70,2.0919999999999845,5.2280000000000655,1,2.0
118,ERROR_M,2,71,2.217999999999961,4.8940000000000055,1,2.0
118,ERROR_M,2,72,3.0359999999999445,5.2140000000000555,1,2.0
118,ERROR_M,2,73,2.73599999999999,5.816000000000031,1,2.0
118,ERROR_M,2,74,2.7819999999999254,4.903999999999996,1,2.0
118,ERROR_M,2,75,2.8840000000000146,6.024000000000001,1,2.0
118,ERROR_M,2,76,1.4940000000000282,6.419999999999959,0,2.0
118,ERROR_M,2,77,2.451999999999998,6.650000000000091,1,2.0
118,ERROR_M,2,78,2.259999999999991,6.913999999999987,1,2.0
118,ERROR_M,2,79,1.7659999999999627,7.25,0,2.0
118,ERROR_M,2,80,2.1820000000000164,3.95799999999997,1,2.0
118,ERROR_M,2,81,2.2380000000000564,7.918000000000006,1,2.0
118,ERROR_M,2,82,1.745999999999981,3.8940000000000055,0,2.0
118,ERROR_M,2,83,2.225999999999999,3.755999999999972,1,2.0
118,ERROR_M,2,84,2.8319999999999936,5.138000000000034,1,2.0
118,ERROR_M,2,85,2.0819999999999936,5.42999999999995,1,2.0
118,ERROR_M,2,86,1.8840000000000146,3.3740000000000236,0,2.0
118,ERROR_M,2,87,2.6900000000000546,5.0079999999999245,1,2.0
118,ERROR_M,2,88,2.005999999999972,6.114000000000033,1,2.0
118,ERROR_M,2,89,2.048000000000002,6.22199999999998,1,2.0
118,ERROR_M,2,90,2.9880000000000564,6.687999999999988,1,2.0
118,ERROR_M,2,91,2.0879999999999654,4.1720000000000255,1,2.0
118,ERROR_M,2,92,2.0919999999999845,4.262000000000057,1,2.0
118,ERROR_M,2,93,2.175999999999931,5.872000000000071,1,2.0
118,ERROR_M,2,94,0.09399999999993724,0.026000000000067303,0,2.0
118,ERROR_M,2,95,0.7419999999999618,7.788000000000011,0,2.0
118,ERROR_M,2,96,2.0939999999999372,7.3559999999999945,1,2.0
118,ERROR_M,2,97,1.9120000000000346,5.1059999999999945,0,2.0
118,ERROR_M,2,98,0.10599999999999454,2.7200000000000273,0,2.0
118,ERROR_M,2,99,1.717999999999961,7.814000000000078,0,2.0
118,ERROR_M,2,100,2.0159999999999627,4.5359999999999445,1,2.0
118,ERROR_M,2,101,2.36200000000008,8.269999999999982,1,2.0
118,ERROR_M,2,102,0.19799999999997908,17.682000000000016,0,2.0
118,ERROR_M,2,103,0.025999999999953616,0.5680000000000973,0,2.0
118,ERROR_M,2,104,0.01999999999998181,11.524000000000001,0,2.0
118,ERROR_M,2,105,1.8940000000000055,4.371999999999957,0,2.0
118,ERROR_M,2,106,2.6399999999999864,6.288000000000011,1,2.0
118,ERROR_M,2,107,1.8540000000000418,4.201999999999998,0,2.0
118,ERROR_M,2,108,2.103999999999928,5.600000000000023,1,2.0
118,ERROR_M,2,109,2.6259999999999764,7.850000000000023,1,2.0
118,ERROR_M,2,110,1.745999999999981,8.07400000000007,0,2.0
118,ERROR_M,2,111,2.0919999999999845,8.775999999999954,1,2.0
118,ERROR_M,2,112,0.14200000000005275,4.0639999999999645,0,2.0
118,ERROR_M,2,113,1.5900000000000318,3.538000000000011,0,2.0
118,ERROR_M,2,114,2.3139999999999645,3.3319999999999936,1,2.0
118,ERROR_M,2,115,1.788000000000011,3.8980000000000246,0,2.0
118,ERROR_M,2,116,1.91599999999994,4.580000000000041,0,2.0
118,ERROR_M,2,117,0.13999999999998636,0.10599999999999454,0,2.0
118,ERROR_M,2,118,0.5,5.82000000000005,0,2.0
118,ERROR_M,2,119,2.2659999999999627,5.951999999999998,1,2.0
118,ERROR_M,2,120,2.227999999999952,7.2420000000000755,1,2.0
118,ERROR_M,2,121,1.717999999999961,5.153999999999996,0,2.0
118,ERROR_M,2,122,2.2760000000000673,7.759999999999991,1,2.0
118,ERROR_M,2,123,1.975999999999999,6.759999999999991,0,2.0
118,ERROR_M,2,124,2.9599999999999227,6.57000000000005,1,2.0
118,ERROR_M,2,125,1.8640000000000327,3.7859999999999445,0,2.0
118,ERROR_M,2,126,2.7760000000000673,5.839999999999918,1,2.0
118,ERROR_M,2,127,0.13800000000003365,0.5839999999999463,0,2.0
118,ERROR_M,2,128,2.910000000000082,5.661999999999921,1,2.0
118,ERROR_M,2,129,2.4880000000000564,3.518000000000029,1,2.0
118,ERROR_M,2,130,2.683999999999969,7.019999999999982,1,2.0
118,ERROR_M,2,131,0.09600000000000364,9.132000000000062,0,2.0
118,ERROR_M,2,132,2.22199999999998,7.642000000000053,1,2.0
118,ERROR_M,2,133,2.4279999999998836,8.405999999999949,1,2.0
118,ERROR_M,2,134,2.4020000000000437,8.238000000000056,1,2.0
118,ERROR_M,2,135,2.22199999999998,8.855999999999995,1,2.0
118,ERROR_M,2,136,2.4700000000000273,3.826000000000022,1,2.0
118,ERROR_M,2,137,2.63799999999992,4.206000000000131,1,2.0
118,ERROR_M,2,138,2.0519999999999072,3.1700000000000728,1,2.0
118,ERROR_M,2,139,2.755999999999858,4.846000000000004,1,2.0
118,ERROR_M,2,140,0.18200000000001637,0.02800000000002001,0,2.0
118,ERROR_M,2,141,0.8479999999999563,5.320000000000164,0,2.0
118,ERROR_M,2,142,1.83199999999988,5.852000000000089,0,2.0
118,ERROR_M,2,143,2.2079999999998563,3.7000000000000455,1,2.0
118,ERROR_M,2,144,1.8759999999999764,4.602000000000089,0,2.0
118,ERROR_M,2,145,1.9980000000000473,6.261999999999944,0,2.0
118,ERROR_M,2,146,2.064000000000078,3.813999999999851,1,2.0
118,ERROR_M,2,147,1.3120000000001255,4.91599999999994,0,2.0
118,ERROR_M,2,148,2.05600000000004,7.269999999999982,1,2.0
118,ERROR_M,2,149,2.316000000000031,7.707999999999856,1,2.0
118,ERROR_M,2,150,1.428000000000111,7.847999999999956,0,2.0
118,ERROR_M,2,151,1.2760000000000673,8.52599999999984,0,2.0
118,ERROR_M,2,152,1.5900000000001455,3.83199999999988,0,2.0
118,ERROR_M,2,153,2.504000000000133,4.2719999999999345,1,2.0
118,ERROR_M,2,154,0.07600000000002183,0.029999999999972715,0,2.0
118,ERROR_M,2,155,0.7680000000000291,5.324000000000069,0,2.0
118,ERROR_M,2,156,1.7919999999999163,6.150000000000091,0,2.0
118,ERROR_M,2,157,2.19399999999996,4.1099999999999,1,2.0
118,ERROR_M,2,158,2.5119999999999436,4.2800000000002,1,2.0
118,ERROR_M,2,159,1.38799999999992,5.213999999999942,0,2.0
118,ERROR_M,2,160,1.9360000000001492,6.857999999999947,0,2.0
118,ERROR_M,2,161,2.043999999999869,8.236000000000104,1,2.0
118,ERROR_M,2,162,2.4739999999999327,6.680000000000064,1,2.0
118,ERROR_M,2,163,1.7999999999999545,2.5579999999999927,0,2.0
118,ERROR_M,2,164,2.6400000000001,5.663999999999987,1,2.0
118,ERROR_M,2,165,1.9020000000000437,4.538000000000011,0,2.0
118,ERROR_M,2,166,0.24799999999981992,1.1520000000000437,0,2.0
118,ERROR_M,2,167,2.2940000000000964,7.586000000000013,1,2.0
118,ERROR_M,2,168,1.5339999999998781,6.642000000000053,0,2.0
118,ERROR_M,2,169,1.4459999999999127,7.114000000000033,0,2.0
118,ERROR_M,2,170,1.5140000000001237,3.161999999999807,0,2.0
118,ERROR_M,2,171,2.3400000000001455,4.543999999999869,1,2.0
118,ERROR_M,2,172,1.8920000000000528,4.1340000000000146,0,2.0
118,ERROR_M,2,173,2.5119999999999436,5.234000000000151,1,2.0
118,ERROR_M,2,174,1.9759999999998854,7.236000000000104,0,2.0
118,ERROR_M,2,175,1.7960000000000491,5.4099999999998545,0,2.0
118,ERROR_M,2,176,1.9680000000000746,6.58199999999988,0,2.0
118,ERROR_M,2,177,2.3700000000001182,7.9220000000000255,1,2.0
118,ERROR_M,2,178,1.5899999999999181,7.910000000000082,0,2.0
118,ERROR_M,2,179,0.2419999999999618,0.05999999999994543,0,2.0
118,ERROR_M,2,180,0.4839999999999236,6.242000000000189,0,2.0
118,ERROR_M,2,181,2.3999999999998636,6.102000000000089,1,2.0
118,ERROR_M,2,182,2.005999999999858,3.6700000000000728,1,2.0
118,ERROR_M,2,183,0.038000000000010914,0.038000000000010914,0,2.0
118,ERROR_M,2,184,0.5860000000000127,4.587999999999965,0,2.0
118,ERROR_M,2,185,2.155999999999949,3.706000000000131,1,2.0
118,ERROR_M,2,186,1.83199999999988,8.47400000000016,0,2.0
118,ERROR_M,2,187,2.043999999999869,5.994000000000142,1,2.0
118,ERROR_M,2,188,2.3059999999998126,6.546000000000049,1,2.0
118,ERROR_M,2,189,1.91800000000012,3.8299999999999272,0,2.0
118,ERROR_M,2,190,2.3460000000000036,6.1720000000000255,1,2.0
118,ERROR_M,2,191,1.7459999999998672,7.020000000000209,0,2.0
118,ERROR_M,2,192,2.2999999999999545,7.629999999999882,1,2.0
118,ERROR_M,2,193,2.158000000000129,6.52599999999984,1,2.0
118,ERROR_M,2,194,1.9139999999999873,8.428000000000111,0,2.0
118,ERROR_M,2,195,1.8559999999999945,6.852000000000089,0,2.0
118,ERROR_M,2,196,2.435999999999922,7.912000000000035,1,2.0
118,ERROR_M,2,197,1.7480000000000473,8.2199999999998,0,2.0
118,ERROR_M,2,198,2.2480000000000473,4.980000000000018,1,2.0
118,ERROR_M,2,199,2.0420000000001437,3.257999999999811,1,2.0
118,ERROR_M,2,200,2.796000000000049,5.413999999999987,1,2.0
118,ERROR_M,2,201,2.7000000000000455,4.695999999999913,1,2.0
118,ERROR_M,2,202,2.5440000000000964,8.261999999999944,1,2.0
118,ERROR_M,2,203,0.18399999999996908,0.02800000000002001,0,2.0
118,ERROR_M,2,204,0.6820000000000164,4.201999999999998,0,2.0
118,ERROR_M,2,205,2.132000000000062,5.190000000000055,1,2.0
118,ERROR_M,2,206,1.7819999999999254,5.1099999999999,0,2.0
118,ERROR_M,2,207,1.9260000000001583,5.501999999999953,0,2.0
118,ERROR_M,2,208,2.1259999999999764,6.587999999999965,1,2.0
118,ERROR_M,2,209,2.074000000000069,7.597999999999956,1,2.0
118,ERROR_M,2,210,2.1520000000000437,7.231999999999971,1,2.0
118,ERROR_M,2,211,2.099999999999909,8.153999999999996,1,2.0
118,ERROR_M,2,212,1.8220000000001164,7.740000000000009,0,2.0
118,ERROR_M,2,213,1.9800000000000182,5.135999999999967,0,2.0
118,ERROR_M,2,214,2.0019999999999527,8.319999999999936,1,2.0
118,ERROR_M,2,215,1.7360000000001037,6.069999999999936,0,2.0
118,ERROR_M,2,216,1.7660000000000764,5.867999999999938,0,2.0
118,ERROR_M,2,217,2.2480000000000473,8.596000000000004,1,2.0
118,ERROR_M,2,218,1.7840000000001055,7.846000000000004,0,2.0
118,ERROR_M,2,219,0.28599999999983083,9.346000000000004,0,2.0
118,ERROR_M,2,220,1.984000000000151,8.311999999999898,0,2.0
118,ERROR_M,2,221,1.8079999999999927,8.670000000000073,0,2.0
118,ERROR_M,2,222,2.0739999999998417,5.0060000000000855,1,2.0
118,ERROR_M,2,223,2.4200000000000728,11.811999999999898,1,2.0
118,ERROR_M,2,224,2.102000000000089,3.604000000000042,1,2.0
118,ERROR_M,2,225,0.11399999999980537,0.024000000000114596,0,2.0
118,ERROR_M,2,226,0.7180000000000746,90.85799999999995,0,2.0
118,ERROR_M,2,227,1.9580000000000837,6.635999999999967,0,2.0
118,ERROR_M,2,228,0.2439999999999145,0.029999999999972715,0,2.0
118,ERROR_M,2,229,0.8720000000000709,12.743999999999915,0,2.0
118,ERROR_M,2,230,1.8460000000000036,3.0900000000001455,0,2.0
118,ERROR_M,2,231,2.3899999999998727,4.329999999999927,1,2.0
118,ERROR_M,2,232,2.4300000000000637,14.314000000000078,1,2.0
118,ERROR_M,2,233,0.12400000000002365,0.03199999999992542,0,2.0
118,ERROR_M,2,234,0.7139999999999418,7.307999999999993,0,2.0
118,ERROR_M,2,235,2.1280000000001564,5.336000000000013,1,2.0
118,ERROR_M,2,236,2.395999999999958,6.259999999999991,1,2.0
118,ERROR_M,2,237,2.1159999999999854,5.769999999999982,1,2.0
118,ERROR_M,2,238,2.2799999999999727,6.91800000000012,1,2.0
118,ERROR_M,2,239,2.411999999999807,7.338000000000193,1,2.0
118,ERROR_M,2,240,1.8819999999998345,7.69399999999996,0,2.0
118,ERROR_M,2,241,2.6620000000000346,6.0620000000001255,1,2.0
118,ERROR_M,2,242,2.7359999999998763,8.956000000000131,1,2.0
118,ERROR_M,2,243,2.183999999999969,5.6159999999999854,1,2.0
118,ERROR_M,2,244,2.7100000000000364,11.683999999999969,1,2.0
118,ERROR_M,2,245,1.9839999999999236,4.486000000000104,0,2.0
118,ERROR_M,2,246,2.1620000000000346,8.038000000000011,1,2.0
118,ERROR_M,2,247,2.1259999999999764,8.227999999999838,1,2.0
118,ERROR_M,2,248,1.9400000000000546,4.552000000000135,0,2.0
118,ERROR_M,2,249,2.1879999999998745,8.32400000000007,1,2.0
118,ERROR_M,2,250,0.047999999999774445,0.05600000000004002,0,2.0
118,ERROR_M,2,251,0.5660000000002583,48.06399999999985,0,2.0
118,ERROR_M,2,252,2.5019999999999527,6.5340000000001055,1,2.0
118,ERROR_M,2,253,1.800000000000182,8.641999999999825,0,2.0
118,ERROR_M,2,254,1.8359999999997854,3.22400000000016,0,2.0
118,ERROR_M,2,255,2.1779999999998836,3.826000000000022,1,2.0
118,ERROR_M,2,256,2.2600000000002183,4.496000000000095,1,2.0
118,ERROR_M,2,257,1.7419999999997344,4.983999999999924,0,2.0
118,ERROR_M,2,258,2.006000000000313,5.625999999999749,1,2.0
118,ERROR_M,2,259,2.1900000000000546,7.956000000000131,1,2.0
118,ERROR_M,2,260,1.8919999999998254,5.16800000000012,0,2.0
118,ERROR_M,2,261,1.8040000000000873,5.643999999999778,0,2.0
118,ERROR_M,2,262,1.8380000000001928,6.531999999999698,0,2.0
118,ERROR_M,2,263,2.1140000000000327,7.08600000000024,1,2.0
118,ERROR_M,2,264,1.6039999999998145,7.677999999999884,0,2.0
118,ERROR_M,2,265,1.762000000000171,2.5280000000002474,0,2.0
118,ERROR_M,2,266,2.9719999999997526,10.237999999999829,1,2.0
118,ERROR_M,2,267,1.8780000000001564,7.210000000000036,0,2.0
118,ERROR_M,2,268,1.7980000000002292,4.661999999999807,0,2.0
118,ERROR_M,2,269,2.0520000000001346,5.235999999999876,1,2.0
118,ERROR_M,2,270,1.8339999999998327,5.838000000000193,0,2.0
118,ERROR_M,2,271,0.13999999999987267,0.03000000000020009,0,2.0
118,ERROR_M,2,272,0.7059999999996762,11.64200000000028,0,2.0
118,ERROR_M,2,273,1.8099999999999454,4.769999999999982,0,2.0
118,ERROR_M,2,274,2.130000000000109,6.605999999999767,1,2.0
118,ERROR_M,2,275,2.13799999999992,4.80600000000004,1,2.0
118,ERROR_M,2,276,1.8600000000001273,2.5660000000002583,0,2.0
118,ERROR_M,2,277,2.3419999999996435,5.160000000000309,1,2.0
118,ERROR_M,2,278,2.4020000000000437,4.9099999999998545,1,2.0
118,ERROR_M,2,279,2.3859999999999673,4.119999999999891,1,2.0
118,ERROR_M,2,280,2.048000000000229,7.730000000000018,1,2.0
118,ERROR_M,2,281,1.707999999999629,5.282000000000153,0,2.0
118,ERROR_M,2,282,1.8760000000002037,3.2199999999998,0,2.0
118,ERROR_M,2,283,2.4420000000000073,6.730000000000018,1,2.0
118,ERROR_M,2,284,1.594000000000051,8.150000000000091,0,2.0
118,ERROR_M,2,285,2.0219999999999345,5.730000000000018,1,2.0
118,ERROR_M,2,286,2.0160000000000764,6.960000000000036,1,2.0
118,ERROR_M,2,287,1.7179999999998472,7.257999999999811,0,2.0
118,ERROR_M,2,288,2.3040000000000873,8.364000000000033,1,2.0
118,ERROR_M,2,289,1.6179999999999382,5.648000000000138,0,2.0
118,ERROR_M,2,290,2.599999999999909,5.907999999999902,1,2.0
118,ERROR_M,2,291,1.768000000000029,5.488000000000284,0,2.0
118,ERROR_M,2,292,2.1019999999998618,5.996000000000095,1,2.0
118,ERROR_M,2,293,1.9079999999999018,6.574000000000069,0,2.0
118,ERROR_M,2,294,1.4899999999997817,4.25,0,2.0
118,ERROR_M,2,295,2.3279999999999745,4.566000000000258,1,2.0
118,ERROR_M,2,296,2.1539999999999964,6.061999999999898,1,2.0
118,ERROR_M,2,297,2.0859999999997854,7.5600000000004,1,2.0
118,ERROR_M,2,298,0.04399999999986903,0.032000000000152795,0,2.0
118,ERROR_M,2,299,0.6159999999999854,31.51399999999967,0,2.0
118,ERROR_M,2,300,1.9459999999999127,3.024000000000342,0,2.0
118,ERROR_M,2,301,2.355999999999767,4.986000000000331,1,2.0
118,ERROR_M,2,302,2.313999999999851,7.650000000000091,1,2.0
118,ERROR_M,2,303,1.5099999999997635,7.874000000000251,0,2.0
118,ERROR_M,2,304,1.5779999999999745,8.207999999999629,0,2.0
118,ERROR_M,2,305,1.512000000000171,8.599999999999909,0,2.0
118,ERROR_M,2,306,1.356000000000222,4.991999999999734,0,2.0
118,ERROR_M,2,307,2.074000000000069,4.7960000000002765,1,2.0
118,ERROR_M,2,308,2.2539999999999054,10.253999999999905,1,2.0
118,ERROR_M,2,309,1.6799999999998363,4.2020000000002256,0,2.0
118,ERROR_M,2,310,2.2919999999999163,6.4220000000000255,1,2.0
118,ERROR_M,2,311,1.7860000000000582,4.7719999999999345,0,2.0
118,ERROR_M,2,312,2.425999999999931,5.756000000000313,1,2.0
118,ERROR_M,2,313,1.6959999999999127,5.173999999999978,0,2.0
118,ERROR_M,2,314,1.6539999999999964,5.652000000000044,0,2.0
118,ERROR_M,2,315,1.7660000000000764,5.845999999999549,0,2.0
118,ERROR_M,2,316,2.5520000000001346,13.079999999999927,1,2.0
118,ERROR_M,2,317,0.3500000000003638,94.39399999999978,0,2.0
118,ERROR_M,2,318,1.711999999999989,7.264000000000124,0,2.0
118,ERROR_M,2,319,2.143999999999778,5.930000000000291,1,2.0
118,ERROR_M,2,320,0.03600000000005821,38.085999999999785,0,2.0
118,ERROR_M,2,321,0.15999999999985448,0.041999999999916326,0,2.0
118,ERROR_M,2,322,1.2120000000004438,19.965999999999894,0,2.0
118,ERROR_M,2,323,2.0459999999998217,8.184000000000196,1,2.0
118,ERROR_M,2,324,1.6799999999998363,2.711999999999989,0,2.0
118,ERROR_M,2,325,2.2080000000000837,7.9659999999998945,1,2.0
118,ERROR_M,2,326,2.032000000000153,8.552000000000135,1,2.0
118,ERROR_M,2,327,2.0179999999995744,4.878000000000156,1,2.0
118,ERROR_M,2,328,1.6219999999998436,3.430000000000291,0,2.0
118,ERROR_M,2,329,2.155999999999949,6.132000000000062,1,2.0
118,ERROR_M,2,330,1.9459999999999127,6.664000000000215,0,2.0
118,ERROR_M,2,331,1.6619999999998072,7.085999999999785,0,2.0
118,ERROR_M,2,332,1.762000000000171,7.697999999999865,0,2.0
118,ERROR_M,2,333,0.04400000000032378,0.02999999999974534,0,2.0
118,ERROR_M,2,334,0.8139999999998508,12.342000000000098,0,2.0
118,ERROR_M,2,335,1.7960000000002765,8.523999999999887,0,2.0
118,ERROR_M,2,336,2.425999999999931,4.829999999999927,1,2.0
118,ERROR_M,2,337,2.2260000000001128,10.0,1,2.0
118,ERROR_M,2,338,2.0,4.9699999999998,0,2.0
118,ERROR_M,2,339,2.018000000000029,4.332000000000335,1,2.0
118,ERROR_M,2,340,1.849999999999909,7.543999999999869,0,2.0
118,ERROR_M,2,341,1.405999999999949,13.30600000000004,0,2.0
118,ERROR_M,2,342,1.9479999999998654,3.812000000000353,0,2.0
118,ERROR_M,2,343,0.08199999999987995,0.02599999999983993,0,2.0
118,ERROR_M,2,344,0.8360000000002401,8.127999999999702,0,2.0
118,ERROR_M,2,345,1.7340000000003783,5.101999999999862,0,2.0
118,ERROR_M,2,346,2.3980000000001382,4.609999999999673,1,2.0
118,ERROR_M,2,347,2.1400000000003274,,1,2.0
118,ERROR_M,3,1,1.0500000000000007,0.003999999999997783,0,2.0
118,ERROR_M,3,2,0.7339999999999982,8.874000000000002,0,2.0
118,ERROR_M,3,3,2.0660000000000025,3.4839999999999947,1,2.0
118,ERROR_M,3,4,1.642000000000003,3.103999999999999,0,2.0
118,ERROR_M,3,5,2.2520000000000024,7.659999999999997,1,2.0
118,ERROR_M,3,6,2.136000000000003,7.104000000000006,1,2.0
118,ERROR_M,3,7,0.07199999999998852,0.030000000000001137,0,2.0
118,ERROR_M,3,8,0.4660000000000082,3.9939999999999998,0,2.0
118,ERROR_M,3,9,1.941999999999993,4.530000000000001,0,2.0
118,ERROR_M,3,10,1.9380000000000024,8.197999999999993,0,2.0
118,ERROR_M,3,11,0.9220000000000113,0.018000000000000682,0,2.0
118,ERROR_M,3,12,0.9579999999999984,12.914000000000001,0,2.0
118,ERROR_M,3,13,2.61399999999999,3.6779999999999973,1,2.0
118,ERROR_M,3,14,0.05000000000001137,4.165999999999997,0,2.0
118,ERROR_M,3,15,2.2339999999999947,7.189999999999998,1,2.0
118,ERROR_M,3,16,1.9980000000000047,4.955999999999989,0,2.0
118,ERROR_M,3,17,2.1960000000000264,6.699999999999989,1,2.0
118,ERROR_M,3,18,2.406000000000006,3.4139999999999873,1,2.0
118,ERROR_M,3,19,2.0999999999999943,4.927999999999997,1,2.0
118,ERROR_M,3,20,2.4639999999999986,5.382000000000005,1,2.0
118,ERROR_M,3,21,2.106000000000023,5.899999999999977,1,2.0
118,ERROR_M,3,22,0.5380000000000109,0.020000000000010232,0,2.0
118,ERROR_M,3,23,0.5999999999999943,18.925999999999988,0,2.0
118,ERROR_M,3,24,1.9099999999999966,6.677999999999997,0,2.0
118,ERROR_M,3,25,2.1180000000000234,4.399999999999977,1,2.0
118,ERROR_M,3,26,2.225999999999999,5.916000000000025,1,2.0
118,ERROR_M,3,27,2.329999999999984,6.765999999999991,1,2.0
118,ERROR_M,3,28,2.1839999999999975,8.310000000000002,1,2.0
118,ERROR_M,3,29,2.4879999999999995,7.840000000000003,1,2.0
118,ERROR_M,3,30,2.0600000000000023,4.635999999999996,1,2.0
118,ERROR_M,3,31,2.7079999999999984,4.036000000000001,1,2.0
118,ERROR_M,3,32,2.641999999999996,8.424000000000035,1,2.0
118,ERROR_M,3,33,2.47199999999998,3.872000000000014,1,2.0
118,ERROR_M,3,34,2.1859999999999786,7.97199999999998,1,2.0
118,ERROR_M,3,35,2.0360000000000014,7.330000000000041,1,2.0
118,ERROR_M,3,36,2.1779999999999973,8.632000000000005,1,2.0
118,ERROR_M,3,37,2.165999999999997,4.19399999999996,1,2.0
118,ERROR_M,3,38,0.08200000000005048,0.02199999999999136,0,2.0
118,ERROR_M,3,39,0.6239999999999668,4.1440000000000055,0,2.0
118,ERROR_M,3,40,2.1020000000000323,5.2479999999999905,1,2.0
118,ERROR_M,3,41,2.877999999999986,5.28000000000003,1,2.0
118,ERROR_M,3,42,0.12999999999999545,0.103999999999985,0,2.0
118,ERROR_M,3,43,0.132000000000005,6.601999999999975,0,2.0
118,ERROR_M,3,44,1.4979999999999905,5.842000000000041,0,2.0
118,ERROR_M,3,45,1.9420000000000073,6.279999999999973,0,2.0
118,ERROR_M,3,46,2.2040000000000077,8.70799999999997,1,2.0
118,ERROR_M,3,47,2.212000000000046,8.229999999999961,1,2.0
118,ERROR_M,3,48,0.07600000000002183,0.05000000000001137,0,2.0
118,ERROR_M,3,49,0.5939999999999941,5.646000000000015,0,2.0
118,ERROR_M,3,50,2.3979999999999677,6.947999999999979,1,2.0
118,ERROR_M,3,51,2.3240000000000123,7.521999999999991,1,2.0
118,ERROR_M,3,52,2.665999999999997,4.380000000000052,1,2.0
118,ERROR_M,3,53,0.13599999999996726,0.03000000000002956,0,2.0
118,ERROR_M,3,54,0.8319999999999936,4.8799999999999955,0,2.0
118,ERROR_M,3,55,2.906000000000006,5.033999999999992,1,2.0
118,ERROR_M,3,56,0.15399999999999636,0.06599999999997408,0,2.0
118,ERROR_M,3,57,0.1640000000000441,8.197999999999979,0,2.0
118,ERROR_M,3,58,2.377999999999986,7.024000000000001,1,2.0
118,ERROR_M,3,59,2.5020000000000095,8.149999999999977,1,2.0
118,ERROR_M,3,60,2.390000000000043,4.153999999999996,1,2.0
118,ERROR_M,3,61,2.4839999999999804,4.925999999999988,1,2.0
118,ERROR_M,3,62,1.782000000000039,5.19199999999995,0,2.0
118,ERROR_M,3,63,2.5300000000000296,9.199999999999989,1,2.0
118,ERROR_M,3,64,1.8500000000000227,5.653999999999996,0,2.0
118,ERROR_M,3,65,2.4739999999999895,6.293999999999983,1,2.0
118,ERROR_M,3,66,2.3220000000000027,5.352000000000032,1,2.0
118,ERROR_M,3,67,0.08999999999997499,0.02800000000002001,0,2.0
118,ERROR_M,3,68,0.7980000000000018,7.822000000000003,0,2.0
118,ERROR_M,3,69,2.509999999999991,4.316000000000031,1,2.0
118,ERROR_M,3,70,2.5720000000000027,5.765999999999963,1,2.0
118,ERROR_M,3,71,2.4139999999999873,6.432000000000016,1,2.0
118,ERROR_M,3,72,3.0779999999999745,6.927999999999997,1,2.0
118,ERROR_M,3,73,0.35400000000004184,0.03999999999996362,0,2.0
118,ERROR_M,3,74,0.6580000000000155,4.481999999999971,0,2.0
118,ERROR_M,3,75,1.9800000000000182,3.7939999999999827,0,2.0
118,ERROR_M,3,76,2.6700000000000728,5.211999999999989,1,2.0
118,ERROR_M,3,77,2.1959999999999127,6.0200000000000955,1,2.0
118,ERROR_M,3,78,2.6219999999999573,5.631999999999948,1,2.0
118,ERROR_M,3,79,2.038000000000011,4.898000000000025,1,2.0
118,ERROR_M,3,80,1.9740000000000464,2.812000000000012,0,2.0
118,ERROR_M,3,81,3.005999999999972,6.768000000000029,1,2.0
118,ERROR_M,3,82,2.2859999999999445,4.854000000000042,1,2.0
118,ERROR_M,3,83,2.66599999999994,4.624000000000024,1,2.0
118,ERROR_M,3,84,2.358000000000061,5.467999999999961,1,2.0
118,ERROR_M,3,85,0.08199999999999363,1.830000000000041,0,2.0
118,ERROR_M,3,86,2.4879999999999427,8.351999999999975,1,2.0
118,ERROR_M,3,87,2.288000000000011,7.912000000000035,1,2.0
118,ERROR_M,3,88,1.9360000000000355,8.481999999999971,0,2.0
118,ERROR_M,3,89,1.8439999999999372,8.446000000000026,0,2.0
118,ERROR_M,3,90,0.018000000000029104,0.12400000000002365,0,2.0
118,ERROR_M,3,91,0.11599999999998545,27.677999999999997,0,2.0
118,ERROR_M,3,92,2.131999999999948,5.5,1,2.0
118,ERROR_M,3,93,2.5260000000000673,3.451999999999998,1,2.0
118,ERROR_M,3,94,2.466000000000008,3.2819999999999254,1,2.0
118,ERROR_M,3,95,2.9120000000000346,6.139999999999986,1,2.0
118,ERROR_M,3,96,2.919999999999959,6.6200000000000045,1,2.0
118,ERROR_M,3,97,2.4920000000000755,3.1580000000000155,1,2.0
118,ERROR_M,3,98,2.895999999999958,5.724000000000046,1,2.0
118,ERROR_M,3,99,2.20799999999997,7.4360000000000355,1,2.0
118,ERROR_M,3,100,2.731999999999971,6.293999999999983,1,2.0
118,ERROR_M,3,101,2.3479999999999563,7.812000000000012,1,2.0
118,ERROR_M,3,102,2.146000000000072,4.953999999999951,1,2.0
118,ERROR_M,3,103,0.07399999999995543,0.07400000000006912,0,2.0
118,ERROR_M,3,104,0.18200000000001637,14.43999999999994,0,2.0
118,ERROR_M,3,105,2.108000000000061,3.953999999999951,1,2.0
118,ERROR_M,3,106,2.1800000000000637,4.631999999999948,1,2.0
118,ERROR_M,3,107,2.368000000000052,6.561999999999898,1,2.0
118,ERROR_M,3,108,2.268000000000029,6.923999999999978,1,2.0
118,ERROR_M,3,109,2.2240000000000464,10.475999999999999,1,2.0
118,ERROR_M,3,110,2.225999999999999,5.244000000000028,1,2.0
118,ERROR_M,3,111,2.255999999999972,4.573999999999955,1,2.0
118,ERROR_M,3,112,2.1280000000000427,5.860000000000014,1,2.0
118,ERROR_M,3,113,2.655999999999949,7.314000000000078,1,2.0
118,ERROR_M,3,114,2.409999999999968,5.6440000000000055,1,2.0
118,ERROR_M,3,115,2.0639999999999645,5.23599999999999,1,2.0
118,ERROR_M,3,116,2.2200000000000273,6.6159999999999854,1,2.0
118,ERROR_M,3,117,2.4400000000000546,8.021999999999935,1,2.0
118,ERROR_M,3,118,1.9020000000000437,3.491999999999962,0,2.0
118,ERROR_M,3,119,2.6119999999999663,7.136000000000081,1,2.0
118,ERROR_M,3,120,2.47199999999998,3.768000000000029,1,2.0
118,ERROR_M,3,121,0.2519999999999527,0.018000000000029104,0,2.0
118,ERROR_M,3,122,0.9099999999999682,14.442000000000007,0,2.0
118,ERROR_M,3,123,1.7040000000000646,5.8659999999999854,0,2.0
118,ERROR_M,3,124,1.76400000000001,6.925999999999931,0,2.0
118,ERROR_M,3,125,2.258000000000038,7.6059999999999945,1,2.0
118,ERROR_M,3,126,2.8220000000000027,8.269999999999982,1,2.0
118,ERROR_M,3,127,1.6680000000000064,8.596000000000004,0,2.0
118,ERROR_M,3,128,0.2519999999999527,0.05000000000006821,0,2.0
118,ERROR_M,3,129,0.5899999999999181,33.049999999999955,0,2.0
118,ERROR_M,3,130,1.9420000000000073,3.8960000000001855,0,2.0
118,ERROR_M,3,131,2.155999999999949,4.755999999999858,1,2.0
118,ERROR_M,3,132,2.326000000000022,4.788000000000011,1,2.0
118,ERROR_M,3,133,1.8840000000000146,4.72400000000016,0,2.0
118,ERROR_M,3,134,2.5419999999999163,4.811999999999898,1,2.0
118,ERROR_M,3,135,2.3559999999999945,5.8960000000001855,1,2.0
118,ERROR_M,3,136,3.1299999999998818,8.38000000000011,1,2.0
118,ERROR_M,3,137,2.4279999999998836,5.597999999999956,1,2.0
118,ERROR_M,3,138,2.0260000000000673,5.586000000000013,1,2.0
118,ERROR_M,3,139,1.9780000000000655,6.117999999999938,0,2.0
118,ERROR_M,3,140,2.5219999999999345,10.054000000000087,1,2.0
118,ERROR_M,3,141,2.509999999999991,7.533999999999878,1,2.0
118,ERROR_M,3,142,2.254000000000133,7.892000000000053,1,2.0
118,ERROR_M,3,143,1.8999999999998636,8.504000000000133,0,2.0
118,ERROR_M,3,144,1.9659999999998945,3.0779999999999745,0,2.0
118,ERROR_M,3,145,2.1380000000001473,7.173999999999978,1,2.0
118,ERROR_M,3,146,2.0039999999999054,8.241999999999962,1,2.0
118,ERROR_M,3,147,1.905999999999949,3.4720000000002074,0,2.0
118,ERROR_M,3,148,2.1539999999999964,12.523999999999887,1,2.0
118,ERROR_M,3,149,1.8260000000000218,5.445999999999913,0,2.0
118,ERROR_M,3,150,2.064000000000078,4.211999999999989,1,2.0
118,ERROR_M,3,151,2.3599999999999,4.328000000000202,1,2.0
118,ERROR_M,3,152,1.4679999999998472,3.80600000000004,0,2.0
118,ERROR_M,3,153,2.4780000000000655,11.423999999999978,1,2.0
118,ERROR_M,3,154,0.03999999999996362,0.03999999999996362,0,2.0
118,ERROR_M,3,155,0.7619999999999436,11.284000000000106,0,2.0
118,ERROR_M,3,156,1.905999999999949,2.9880000000000564,0,2.0
118,ERROR_M,3,157,0.18599999999992178,0.029999999999972715,0,2.0
118,ERROR_M,3,158,1.3300000000001546,21.087999999999965,0,2.0
118,ERROR_M,3,159,2.0160000000000764,6.1159999999999854,1,2.0
118,ERROR_M,3,160,1.7899999999999636,4.75,0,2.0
118,ERROR_M,3,161,2.3479999999999563,5.836000000000013,1,2.0
118,ERROR_M,3,162,2.018000000000029,12.293999999999869,1,2.0
118,ERROR_M,3,163,2.4540000000001783,112.98399999999992,1,2.0
118,ERROR_M,3,164,1.6639999999999873,3.951999999999998,0,2.0
118,ERROR_M,3,165,2.122000000000071,10.405999999999949,1,2.0
118,ERROR_M,3,166,1.9320000000000164,4.440000000000055,0,2.0
118,ERROR_M,3,167,2.377999999999929,6.591999999999871,1,2.0
118,ERROR_M,3,168,1.7920000000001437,8.023999999999887,0,2.0
118,ERROR_M,3,169,2.012000000000171,8.519999999999982,1,2.0
118,ERROR_M,3,170,1.990000000000009,5.477999999999838,0,2.0
118,ERROR_M,3,171,1.8279999999999745,7.322000000000116,0,2.0
118,ERROR_M,3,172,1.8079999999999927,5.086000000000013,0,2.0
118,ERROR_M,3,173,2.461999999999989,8.470000000000027,1,2.0
118,ERROR_M,3,174,2.3379999999999654,5.475999999999885,1,2.0
118,ERROR_M,3,175,1.9700000000000273,4.5340000000001055,0,2.0
118,ERROR_M,3,176,2.296000000000049,5.932000000000016,1,2.0
118,ERROR_M,3,177,2.6039999999998145,12.236000000000104,1,2.0
118,ERROR_M,3,178,2.259999999999991,20.983999999999924,1,2.0
118,ERROR_M,3,179,2.122000000000071,6.97199999999998,1,2.0
118,ERROR_M,3,180,2.019999999999982,5.155999999999949,1,2.0
118,ERROR_M,3,181,1.8040000000000873,2.701999999999998,0,2.0
118,ERROR_M,3,182,2.3479999999999563,6.124000000000024,1,2.0
118,ERROR_M,3,183,2.3700000000001182,5.875999999999976,1,2.0
118,ERROR_M,3,184,2.3279999999999745,7.190000000000055,1,2.0
118,ERROR_M,3,185,2.1499999999998636,8.316000000000031,1,2.0
118,ERROR_M,3,186,1.9120000000000346,8.483999999999924,0,2.0
118,ERROR_M,3,187,2.52800000000002,7.395999999999958,1,2.0
118,ERROR_M,3,188,2.1140000000000327,5.038000000000011,1,2.0
118,ERROR_M,3,189,1.9860000000001037,4.49799999999982,0,2.0
118,ERROR_M,3,190,1.9800000000000182,5.416000000000167,0,2.0
118,ERROR_M,3,191,2.3179999999999836,6.179999999999836,1,2.0
118,ERROR_M,3,192,2.3900000000001,5.326000000000022,1,2.0
118,ERROR_M,3,193,2.4759999999998854,4.126000000000204,1,2.0
118,ERROR_M,3,194,2.2999999999999545,6.035999999999831,1,2.0
118,ERROR_M,3,195,2.5300000000002,5.942000000000007,1,2.0
118,ERROR_M,3,196,2.4179999999998927,6.907999999999902,1,2.0
118,ERROR_M,3,197,1.5640000000000782,7.100000000000136,0,2.0
118,ERROR_M,3,198,2.627999999999929,9.5,1,2.0
118,ERROR_M,3,199,2.505999999999858,6.818000000000211,1,2.0
118,ERROR_M,3,200,2.339999999999918,7.947999999999865,1,2.0
118,ERROR_M,3,201,2.372000000000071,8.25,1,2.0
118,ERROR_M,3,202,2.3099999999999454,8.628000000000156,1,2.0
118,ERROR_M,3,203,2.4079999999999018,20.440000000000055,1,2.0
118,ERROR_M,3,204,2.536000000000058,4.735999999999876,1,2.0
118,ERROR_M,3,205,2.4120000000000346,75.32999999999993,1,2.0
118,ERROR_M,3,206,2.7100000000000364,5.630000000000109,1,2.0
118,ERROR_M,3,207,1.8819999999998345,2.80600000000004,0,2.0
118,ERROR_M,3,208,0.18399999999996908,0.026000000000067303,0,2.0
118,ERROR_M,3,209,5.546000000000049,92.11599999999999,0,2.0
118,ERROR_M,3,210,2.344000000000051,4.875999999999976,1,2.0
118,ERROR_M,3,211,2.4300000000000637,4.061999999999898,1,2.0
118,ERROR_M,3,212,2.3479999999999563,19.03800000000001,1,2.0
118,ERROR_M,3,213,2.713999999999942,12.61999999999989,1,2.0
118,ERROR_M,3,214,0.30600000000004,0.07200000000011642,0,2.0
118,ERROR_M,3,215,0.9900000000002365,13.097999999999956,0,2.0
118,ERROR_M,3,216,2.0239999999998872,8.009999999999764,1,2.0
118,ERROR_M,3,217,2.274000000000342,5.605999999999767,1,2.0
118,ERROR_M,3,218,0.10600000000022192,0.03199999999969805,0,2.0
118,ERROR_M,3,219,1.4340000000001965,15.045999999999822,0,2.0
118,ERROR_M,3,220,2.2480000000000473,6.832000000000335,1,2.0
118,ERROR_M,3,221,2.217999999999847,9.653999999999996,1,2.0
118,ERROR_M,3,222,2.13799999999992,6.6159999999999854,1,2.0
118,ERROR_M,3,223,2.0700000000001637,6.917999999999665,1,2.0
118,ERROR_M,3,224,2.30600000000004,18.468000000000302,1,2.0
118,ERROR_M,3,225,0.3959999999997308,0.03999999999996362,0,2.0
118,ERROR_M,3,226,0.7860000000000582,237.2539999999999,0,2.0
118,ERROR_M,3,227,0.9840000000003783,8.535999999999603,0,2.0
118,ERROR_M,3,228,2.088000000000193,5.050000000000182,1,2.0
118,ERROR_M,3,229,2.0839999999998327,5.9099999999998545,1,2.0
118,ERROR_M,3,230,2.6220000000002983,15.455999999999676,1,2.0
118,ERROR_M,3,231,2.044000000000324,4.769999999999982,1,2.0
118,ERROR_M,3,232,2.145999999999731,13.678000000000338,1,2.0
118,ERROR_M,3,233,1.6879999999996471,2.5399999999999636,0,2.0
118,ERROR_M,3,234,2.374000000000251,7.813999999999851,1,2.0
118,ERROR_M,3,235,2.39200000000028,10.847999999999956,1,2.0
118,ERROR_M,3,236,0.2019999999997708,0.032000000000152795,0,2.0
118,ERROR_M,3,237,1.2179999999998472,23.228000000000065,0,2.0
118,ERROR_M,3,238,2.5459999999998217,6.057999999999993,1,2.0
118,ERROR_M,3,239,2.4039999999999964,,1,2.0
119,ERROR_M,1,1,1.1679999999999993,2.7139999999999986,0,2.0
119,ERROR_M,1,2,1.5120000000000005,7.286000000000001,0,2.0
119,ERROR_M,1,3,2.3220000000000027,7.593999999999994,1,2.0
119,ERROR_M,1,4,2.318000000000005,5.5319999999999965,1,2.0
119,ERROR_M,1,5,0.3260000000000005,0.02400000000000091,0,2.0
119,ERROR_M,1,6,0.4859999999999971,9.226000000000006,0,2.0
119,ERROR_M,1,7,0.21999999999999886,0.1979999999999933,0,2.0
119,ERROR_M,1,8,0.3500000000000085,3.25,0,2.0
119,ERROR_M,1,9,0.13799999999999102,5.562000000000012,0,2.0
119,ERROR_M,1,10,1.9779999999999944,6.256,0,2.0
119,ERROR_M,1,11,2.221999999999994,3.538000000000011,1,2.0
119,ERROR_M,1,12,2.3859999999999957,2.9279999999999973,1,2.0
119,ERROR_M,1,13,3.804000000000002,4.043999999999997,1,2.0
119,ERROR_M,1,14,2.6580000000000013,6.5,1,2.0
119,ERROR_M,1,15,1.7900000000000063,7.841999999999999,0,2.0
119,ERROR_M,1,16,2.087999999999994,7.199999999999989,1,2.0
119,ERROR_M,1,17,2.5960000000000036,6.9620000000000175,1,2.0
119,ERROR_M,1,18,2.519999999999982,4.798000000000002,1,2.0
119,ERROR_M,1,19,2.504000000000019,4.7620000000000005,1,2.0
119,ERROR_M,1,20,2.975999999999999,5.185999999999979,1,2.0
119,ERROR_M,1,21,2.848000000000013,6.617999999999995,1,2.0
119,ERROR_M,1,22,2.165999999999997,3.2360000000000184,1,2.0
119,ERROR_M,1,23,0.19999999999998863,0.13800000000000523,0,2.0
119,ERROR_M,1,24,0.09799999999998477,5.2120000000000175,0,2.0
119,ERROR_M,1,25,1.9239999999999782,6.0020000000000095,0,2.0
119,ERROR_M,1,26,2.224000000000018,7.4739999999999895,1,2.0
119,ERROR_M,1,27,2.156000000000006,4.795999999999992,1,2.0
119,ERROR_M,1,28,2.9180000000000064,7.9839999999999804,1,2.0
119,ERROR_M,1,29,2.170000000000016,10.027999999999992,1,2.0
119,ERROR_M,1,30,0.07800000000000296,0.02400000000000091,0,2.0
119,ERROR_M,1,31,0.7580000000000098,9.337999999999994,0,2.0
119,ERROR_M,1,32,2.3100000000000023,2.774000000000001,1,2.0
119,ERROR_M,1,33,2.6779999999999973,4.887999999999977,1,2.0
119,ERROR_M,1,34,2.0300000000000296,3.711999999999989,1,2.0
119,ERROR_M,1,35,3.1019999999999754,3.701999999999998,1,2.0
119,ERROR_M,1,36,2.1900000000000546,4.043999999999983,1,2.0
119,ERROR_M,1,37,2.2659999999999627,5.510000000000048,1,2.0
119,ERROR_M,1,38,2.9599999999999795,6.504000000000019,1,2.0
119,ERROR_M,1,39,2.165999999999997,3.2299999999999613,1,2.0
119,ERROR_M,1,40,3.1820000000000164,5.286000000000001,1,2.0
119,ERROR_M,1,41,2.415999999999997,6.220000000000027,1,2.0
119,ERROR_M,1,42,2.680000000000007,7.155999999999949,1,2.0
119,ERROR_M,1,43,2.664000000000044,7.113999999999976,1,2.0
119,ERROR_M,1,44,2.0219999999999914,3.004000000000019,1,2.0
119,ERROR_M,1,45,2.576000000000022,3.915999999999997,1,2.0
119,ERROR_M,1,46,3.0779999999999745,5.507999999999981,1,2.0
119,ERROR_M,1,47,1.5920000000000414,11.019999999999982,0,2.0
119,ERROR_M,1,48,1.6200000000000045,8.579999999999984,0,2.0
119,ERROR_M,1,49,1.424000000000035,3.103999999999985,0,2.0
119,ERROR_M,1,50,4.325999999999965,2.7000000000000455,1,2.0
119,ERROR_M,1,51,2.94399999999996,4.828000000000031,1,2.0
119,ERROR_M,1,52,1.95799999999997,7.310000000000002,0,2.0
119,ERROR_M,1,53,3.141999999999996,8.658000000000015,1,2.0
119,ERROR_M,1,54,1.5480000000000018,13.598000000000013,0,2.0
119,ERROR_M,1,55,1.8979999999999677,4.662000000000035,0,2.0
119,ERROR_M,1,56,3.7819999999999823,8.153999999999996,1,2.0
119,ERROR_M,1,57,2.684000000000026,8.849999999999966,1,2.0
119,ERROR_M,1,58,1.4940000000000282,17.94399999999996,0,2.0
119,ERROR_M,1,59,3.6000000000000227,5.923999999999978,1,2.0
119,ERROR_M,1,60,3.01400000000001,7.662000000000035,1,2.0
119,ERROR_M,1,61,2.565999999999974,4.94199999999995,1,2.0
119,ERROR_M,1,62,2.3220000000000027,4.484000000000037,1,2.0
119,ERROR_M,1,63,3.34800000000007,7.725999999999999,1,2.0
119,ERROR_M,1,64,2.641999999999939,5.871999999999957,1,2.0
119,ERROR_M,1,65,2.400000000000091,6.815999999999917,1,2.0
119,ERROR_M,1,66,2.7700000000000955,9.063999999999965,1,2.0
119,ERROR_M,1,67,1.8479999999999563,2.740000000000009,0,2.0
119,ERROR_M,1,68,2.1760000000000446,4.946000000000026,1,2.0
119,ERROR_M,1,69,3.0919999999999845,13.785999999999945,1,2.0
119,ERROR_M,1,70,1.2240000000000464,8.251999999999953,0,2.0
119,ERROR_M,1,71,1.9840000000000373,5.597999999999956,0,2.0
119,ERROR_M,1,72,2.01400000000001,4.019999999999982,1,2.0
119,ERROR_M,1,73,1.872000000000071,5.877999999999929,0,2.0
119,ERROR_M,1,74,1.6259999999999764,4.994000000000028,0,2.0
119,ERROR_M,1,75,2.004000000000019,6.135999999999967,1,2.0
119,ERROR_M,1,76,1.9139999999999873,3.1560000000000628,0,2.0
119,ERROR_M,1,77,2.3579999999999472,3.58400000000006,1,2.0
119,ERROR_M,1,78,2.326000000000022,4.279999999999973,1,2.0
119,ERROR_M,1,79,2.1960000000000264,6.589999999999918,1,2.0
119,ERROR_M,1,80,2.174000000000092,5.361999999999966,1,2.0
119,ERROR_M,1,81,2.080000000000041,7.159999999999968,1,2.0
119,ERROR_M,1,82,1.552000000000021,9.655999999999949,0,2.0
119,ERROR_M,1,83,2.009999999999991,8.548000000000002,1,2.0
119,ERROR_M,1,84,2.1380000000000337,3.1219999999999573,1,2.0
119,ERROR_M,1,85,3.0860000000000127,3.02800000000002,1,2.0
119,ERROR_M,1,86,2.1219999999999573,3.8659999999999854,1,2.0
119,ERROR_M,1,87,2.038000000000011,3.840000000000032,1,2.0
119,ERROR_M,1,88,3.2799999999999727,4.718000000000075,1,2.0
119,ERROR_M,1,89,2.703999999999951,4.927999999999997,1,2.0
119,ERROR_M,1,90,2.0120000000000573,5.803999999999974,1,2.0
119,ERROR_M,1,91,1.9420000000000073,6.709999999999923,0,2.0
119,ERROR_M,1,92,2.9320000000000164,5.840000000000032,1,2.0
119,ERROR_M,1,93,2.1580000000000155,6.854000000000042,1,2.0
119,ERROR_M,1,94,1.8439999999999372,5.8139999999999645,0,2.0
119,ERROR_M,1,95,1.6160000000000991,3.633999999999901,0,2.0
119,ERROR_M,1,96,1.5060000000000855,4.041999999999916,0,2.0
119,ERROR_M,1,97,1.475999999999999,6.3559999999999945,0,2.0
119,ERROR_M,1,98,2.1380000000000337,9.789999999999964,1,2.0
119,ERROR_M,1,99,1.518000000000029,9.192000000000007,0,2.0
119,ERROR_M,1,100,1.4120000000000346,7.187999999999988,0,2.0
119,ERROR_M,1,101,1.5359999999999445,3.4960000000000946,0,2.0
119,ERROR_M,1,102,1.9979999999999336,7.074000000000069,0,2.0
119,ERROR_M,1,103,0.04800000000000182,0.029999999999972715,0,2.0
119,ERROR_M,1,104,0.6119999999999663,5.0499999999999545,0,2.0
119,ERROR_M,1,105,1.59800000000007,6.1720000000000255,0,2.0
119,ERROR_M,1,106,0.1959999999999127,5.34800000000007,0,2.0
119,ERROR_M,1,107,1.740000000000009,9.733999999999924,0,2.0
119,ERROR_M,1,108,2.2900000000000773,6.802000000000021,1,2.0
119,ERROR_M,1,109,1.5839999999999463,7.096000000000004,0,2.0
119,ERROR_M,1,110,1.91599999999994,11.710000000000036,0,2.0
119,ERROR_M,1,111,1.4180000000000064,4.01400000000001,0,2.0
119,ERROR_M,1,112,1.8799999999999955,2.812000000000012,0,2.0
119,ERROR_M,1,113,1.802000000000021,7.209999999999923,0,2.0
119,ERROR_M,1,114,1.84800000000007,6.04200000000003,0,2.0
119,ERROR_M,1,115,2.4459999999999127,7.562000000000012,1,2.0
119,ERROR_M,1,116,1.552000000000021,7.677999999999997,0,2.0
119,ERROR_M,1,117,2.961999999999989,5.875999999999976,1,2.0
119,ERROR_M,1,118,3.0200000000000955,8.347999999999956,1,2.0
119,ERROR_M,1,119,2.3999999999999773,2.4740000000000464,1,2.0
119,ERROR_M,1,120,2.381999999999948,3.269999999999982,1,2.0
119,ERROR_M,1,121,2.12600000000009,0.12799999999992906,1,2.0
119,ERROR_M,1,122,0.52800000000002,6.573999999999955,0,2.0
119,ERROR_M,1,123,2.09800000000007,6.555999999999926,1,2.0
119,ERROR_M,1,124,1.3680000000000518,5.727999999999952,0,2.0
119,ERROR_M,1,125,2.3980000000000246,7.882000000000062,1,2.0
119,ERROR_M,1,126,3.5419999999999163,8.79600000000005,1,2.0
119,ERROR_M,1,127,1.5960000000000036,8.551999999999907,0,2.0
119,ERROR_M,1,128,2.040000000000191,14.345999999999776,1,2.0
119,ERROR_M,1,129,2.310000000000173,4.826000000000022,1,2.0
119,ERROR_M,1,130,2.005999999999858,2.5299999999999727,1,2.0
119,ERROR_M,1,131,2.4700000000000273,6.2840000000001055,1,2.0
119,ERROR_M,1,132,0.2719999999999345,5.210000000000036,0,2.0
119,ERROR_M,1,133,1.6020000000000891,5.529999999999973,0,2.0
119,ERROR_M,1,134,1.77800000000002,4.093999999999824,0,2.0
119,ERROR_M,1,135,1.4600000000000364,9.738000000000056,0,2.0
119,ERROR_M,1,136,1.7200000000000273,7.5779999999999745,0,2.0
119,ERROR_M,1,137,1.9020000000000437,3.038000000000011,0,2.0
119,ERROR_M,1,138,1.99799999999982,2.7360000000001037,0,2.0
119,ERROR_M,1,139,2.395999999999958,3.880000000000109,1,2.0
119,ERROR_M,1,140,3.046000000000049,3.727999999999838,1,2.0
119,ERROR_M,1,141,2.1000000000001364,3.201999999999998,1,2.0
119,ERROR_M,1,142,2.0960000000000036,4.579999999999927,1,2.0
119,ERROR_M,1,143,3.344000000000051,4.433999999999969,1,2.0
119,ERROR_M,1,144,1.655999999999949,6.913999999999987,0,2.0
119,ERROR_M,1,145,2.1200000000001182,7.991999999999962,1,2.0
119,ERROR_M,1,146,1.83199999999988,8.076000000000022,0,2.0
119,ERROR_M,1,147,2.155999999999949,8.848000000000184,1,2.0
119,ERROR_M,1,148,1.4220000000000255,7.0759999999997945,0,2.0
119,ERROR_M,1,149,1.9160000000001673,5.033999999999878,0,2.0
119,ERROR_M,1,150,3.0260000000000673,5.769999999999982,1,2.0
119,ERROR_M,1,151,1.4860000000001037,5.925999999999931,0,2.0
119,ERROR_M,1,152,0.2619999999999436,0.03199999999992542,0,2.0
119,ERROR_M,1,153,0.35599999999999454,6.9240000000002055,0,2.0
119,ERROR_M,1,154,2.4179999999998927,7.52800000000002,1,2.0
119,ERROR_M,1,155,0.5080000000000382,0.11799999999993815,0,2.0
119,ERROR_M,1,156,0.20000000000004547,11.167999999999893,0,2.0
119,ERROR_M,1,157,2.1980000000000928,3.933999999999969,1,2.0
119,ERROR_M,1,158,3.0440000000000964,0.035999999999830834,1,2.0
119,ERROR_M,1,159,0.032000000000152795,3.811999999999898,0,2.0
119,ERROR_M,1,160,1.3579999999999472,2.4680000000000746,0,2.0
119,ERROR_M,1,161,2.038000000000011,3.0039999999999054,1,2.0
119,ERROR_M,1,162,3.094000000000051,6.802000000000135,1,2.0
119,ERROR_M,1,163,2.1039999999998145,5.276000000000067,1,2.0
119,ERROR_M,1,164,2.1720000000000255,6.47199999999998,1,2.0
119,ERROR_M,1,165,1.8099999999999454,6.954000000000178,0,2.0
119,ERROR_M,1,166,1.5939999999998236,7.152000000000044,0,2.0
119,ERROR_M,1,167,1.844000000000051,7.451999999999998,0,2.0
119,ERROR_M,1,168,2.0799999999999272,8.117999999999938,1,2.0
119,ERROR_M,1,169,2.116000000000213,4.561999999999898,1,2.0
119,ERROR_M,1,170,2.740000000000009,5.435999999999922,1,2.0
119,ERROR_M,1,171,2.326000000000022,5.988000000000056,1,2.0
119,ERROR_M,1,172,2.0319999999999254,9.019999999999982,1,2.0
119,ERROR_M,1,173,1.8700000000001182,3.1299999999998818,0,2.0
119,ERROR_M,1,174,0.22000000000002728,3.8479999999999563,0,2.0
119,ERROR_M,1,175,2.6360000000001946,4.281999999999925,1,2.0
119,ERROR_M,1,176,2.758000000000038,4.417999999999893,1,2.0
119,ERROR_M,1,177,2.1200000000001182,6.395999999999958,1,2.0
119,ERROR_M,1,178,1.5799999999999272,7.711999999999989,0,2.0
119,ERROR_M,1,179,1.6660000000001673,2.58199999999988,0,2.0
119,ERROR_M,1,180,1.9220000000000255,5.892000000000053,0,2.0
119,ERROR_M,1,181,2.354000000000042,3.99799999999982,1,2.0
119,ERROR_M,1,182,2.3880000000001473,8.323999999999842,1,2.0
119,ERROR_M,1,183,1.8920000000000528,8.284000000000106,0,2.0
119,ERROR_M,1,184,1.9299999999998363,16.300000000000182,0,2.0
119,ERROR_M,1,185,0.2980000000000018,0.07399999999984175,0,2.0
119,ERROR_M,1,186,0.14800000000013824,5.66599999999994,0,2.0
119,ERROR_M,1,187,1.6600000000000819,3.1219999999998436,0,2.0
119,ERROR_M,1,188,2.145999999999958,4.163999999999987,1,2.0
119,ERROR_M,1,189,2.6620000000000346,3.2100000000000364,1,2.0
119,ERROR_M,1,190,3.768000000000029,5.082000000000107,1,2.0
119,ERROR_M,1,191,2.201999999999998,6.135999999999967,1,2.0
119,ERROR_M,1,192,1.8819999999998345,6.852000000000089,0,2.0
119,ERROR_M,1,193,1.9080000000001291,3.6779999999998836,0,2.0
119,ERROR_M,1,194,1.8599999999999,7.406000000000176,0,2.0
119,ERROR_M,1,195,1.9139999999999873,11.89799999999991,0,2.0
119,ERROR_M,1,196,0.5060000000000855,0.10199999999986176,0,2.0
119,ERROR_M,1,197,0.44400000000018736,101.59999999999991,0,2.0
119,ERROR_M,1,198,1.127999999999929,4.501999999999953,0,2.0
119,ERROR_M,1,199,1.8680000000001655,5.695999999999913,0,2.0
119,ERROR_M,1,200,0.2339999999999236,0.10000000000013642,0,2.0
119,ERROR_M,1,201,0.10199999999986176,7.332000000000107,0,2.0
119,ERROR_M,1,202,0.17200000000002547,7.8599999999999,0,2.0
119,ERROR_M,1,203,2.6420000000000528,7.779999999999973,1,2.0
119,ERROR_M,1,204,0.057999999999992724,0.08400000000006003,0,2.0
119,ERROR_M,1,205,0.16599999999993997,6.910000000000082,0,2.0
119,ERROR_M,1,206,2.08400000000006,5.145999999999958,1,2.0
119,ERROR_M,1,207,2.6259999999999764,4.440000000000055,1,2.0
119,ERROR_M,1,208,4.111999999999853,6.5060000000000855,1,2.0
119,ERROR_M,1,209,2.5239999999998872,6.774000000000115,1,2.0
119,ERROR_M,1,210,2.283999999999878,4.86200000000008,1,2.0
119,ERROR_M,1,211,2.3600000000001273,7.298000000000002,1,2.0
119,ERROR_M,1,212,2.6519999999998163,12.236000000000104,1,2.0
119,ERROR_M,1,213,2.1440000000000055,3.9680000000000746,1,2.0
119,ERROR_M,1,214,2.895999999999958,6.114000000000033,1,2.0
119,ERROR_M,1,215,2.2439999999999145,12.379999999999882,1,2.0
119,ERROR_M,1,216,2.451999999999998,8.21400000000017,1,2.0
119,ERROR_M,1,217,2.8079999999999927,4.679999999999836,1,2.0
119,ERROR_M,1,218,2.132000000000062,8.57400000000007,1,2.0
119,ERROR_M,1,219,1.6040000000000418,2.7439999999999145,0,2.0
119,ERROR_M,1,220,1.91800000000012,3.0659999999998035,0,2.0
119,ERROR_M,1,221,2.2660000000000764,5.713999999999942,1,2.0
119,ERROR_M,1,222,1.8140000000000782,6.491999999999962,0,2.0
119,ERROR_M,1,223,2.423999999999978,5.874000000000024,1,2.0
119,ERROR_M,1,224,2.1359999999999673,7.1720000000000255,1,2.0
119,ERROR_M,1,225,2.1639999999999873,7.885999999999967,1,2.0
119,ERROR_M,1,226,1.734000000000151,6.557999999999993,0,2.0
119,ERROR_M,1,227,1.8719999999998436,6.852000000000089,0,2.0
119,ERROR_M,1,228,1.4800000000000182,8.218000000000075,0,2.0
119,ERROR_M,1,229,1.7579999999998108,8.238000000000056,0,2.0
119,ERROR_M,1,230,2.0579999999999927,8.554000000000087,1,2.0
119,ERROR_M,1,231,1.8479999999999563,4.726000000000113,0,2.0
119,ERROR_M,1,232,1.5839999999998327,2.4300000000000637,0,2.0
119,ERROR_M,1,233,3.6900000000000546,2.933999999999969,1,2.0
119,ERROR_M,1,234,2.821999999999889,5.846000000000004,1,2.0
119,ERROR_M,1,235,2.0340000000001055,10.799999999999955,1,2.0
119,ERROR_M,1,236,1.8260000000000218,3.3740000000000236,0,2.0
119,ERROR_M,1,237,2.395999999999958,4.029999999999973,1,2.0
119,ERROR_M,1,238,4.0620000000001255,14.836000000000013,1,2.0
119,ERROR_M,1,239,2.0519999999999072,6.448000000000093,1,2.0
119,ERROR_M,1,240,2.048000000000002,4.583999999999833,1,2.0
119,ERROR_M,1,241,2.290000000000191,5.585999999999785,1,2.0
119,ERROR_M,1,242,1.9160000000001673,7.0,0,2.0
119,ERROR_M,1,243,2.259999999999991,6.97199999999998,1,2.0
119,ERROR_M,1,244,1.7980000000000018,4.927999999999884,0,2.0
119,ERROR_M,1,245,1.6639999999999873,7.150000000000091,0,2.0
119,ERROR_M,1,246,1.6579999999999018,7.394000000000233,0,2.0
119,ERROR_M,1,247,2.2039999999997235,5.628000000000156,1,2.0
119,ERROR_M,1,248,1.8079999999999927,2.487999999999829,0,2.0
119,ERROR_M,1,249,1.9320000000002437,8.003999999999905,0,2.0
119,ERROR_M,1,250,1.0140000000001237,2.7919999999999163,0,2.0
119,ERROR_M,1,251,2.1660000000001673,4.08199999999988,1,2.0
119,ERROR_M,1,252,2.619999999999891,4.44399999999996,1,2.0
119,ERROR_M,1,253,3.2100000000000364,5.233999999999924,1,2.0
119,ERROR_M,1,254,1.6280000000001564,5.739999999999782,0,2.0
119,ERROR_M,1,255,2.1359999999999673,8.156000000000404,1,2.0
119,ERROR_M,1,256,2.099999999999909,8.58199999999988,1,2.0
119,ERROR_M,1,257,1.9800000000000182,6.032000000000153,0,2.0
119,ERROR_M,1,258,1.88799999999992,3.0219999999999345,0,2.0
119,ERROR_M,1,259,1.8659999999999854,4.068000000000211,0,2.0
119,ERROR_M,1,260,2.2159999999998945,5.307999999999993,1,2.0
119,ERROR_M,1,261,2.2539999999999054,6.55600000000004,1,2.0
119,ERROR_M,1,262,1.6660000000001673,7.973999999999705,0,2.0
119,ERROR_M,1,263,1.6179999999999382,27.140000000000327,0,2.0
119,ERROR_M,1,264,1.4159999999997126,4.05600000000004,0,2.0
119,ERROR_M,1,265,0.5920000000000982,199.8159999999998,0,2.0
119,ERROR_M,1,266,1.0920000000000982,3.461999999999989,0,2.0
119,ERROR_M,1,267,2.450000000000273,5.683999999999742,1,2.0
119,ERROR_M,1,268,2.2220000000002074,5.933999999999742,1,2.0
119,ERROR_M,1,269,1.6520000000000437,8.478000000000065,0,2.0
119,ERROR_M,1,270,1.8760000000002037,7.049999999999727,0,2.0
119,ERROR_M,1,271,1.9980000000000473,4.1460000000001855,0,2.0
119,ERROR_M,1,272,2.5279999999997926,5.139999999999873,1,2.0
119,ERROR_M,1,273,2.2460000000000946,6.39200000000028,1,2.0
119,ERROR_M,1,274,1.881999999999607,11.054000000000087,0,2.0
119,ERROR_M,1,275,1.9800000000000182,7.6340000000000146,0,2.0
119,ERROR_M,1,276,1.7400000000002365,3.7339999999999236,0,2.0
119,ERROR_M,1,277,1.8420000000000982,4.059999999999945,0,2.0
119,ERROR_M,1,278,2.4780000000000655,4.919999999999618,1,2.0
119,ERROR_M,1,279,0.2940000000003238,1.337999999999738,0,2.0
119,ERROR_M,1,280,1.9480000000003201,4.737999999999829,0,2.0
119,ERROR_M,1,281,1.550000000000182,2.0239999999998872,0,2.0
119,ERROR_M,1,282,0.7799999999997453,1.5060000000003129,0,2.0
119,ERROR_M,1,283,0.23999999999978172,3.2359999999998763,0,2.0
119,ERROR_M,1,284,2.2380000000002838,6.0659999999998035,1,2.0
119,ERROR_M,1,285,1.5480000000002292,8.011999999999716,0,2.0
119,ERROR_M,1,286,1.5480000000002292,5.208000000000084,0,2.0
119,ERROR_M,1,287,2.1720000000000255,6.19399999999996,1,2.0
119,ERROR_M,1,288,2.007999999999811,3.6640000000002146,1,2.0
119,ERROR_M,1,289,3.6019999999998618,5.141999999999825,1,2.0
119,ERROR_M,1,290,1.3380000000001928,6.476000000000113,0,2.0
119,ERROR_M,1,291,0.2159999999998945,0.1999999999998181,0,2.0
119,ERROR_M,1,292,0.0660000000002583,8.659999999999854,0,2.0
119,ERROR_M,1,293,1.711999999999989,8.150000000000091,0,2.0
119,ERROR_M,1,294,2.2100000000000364,3.1019999999998618,1,2.0
119,ERROR_M,1,295,2.5399999999999636,4.188000000000102,1,2.0
119,ERROR_M,1,296,3.349999999999909,3.47400000000016,1,2.0
119,ERROR_M,1,297,1.9039999999999964,4.511999999999716,0,2.0
119,ERROR_M,1,298,2.1900000000000546,5.789999999999964,1,2.0
119,ERROR_M,1,299,2.968000000000302,5.579999999999927,1,2.0
119,ERROR_M,1,300,1.8859999999999673,6.847999999999956,0,2.0
119,ERROR_M,1,301,2.08600000000024,7.1899999999996,1,2.0
119,ERROR_M,1,302,1.9520000000002256,15.231999999999971,0,2.0
119,ERROR_M,1,303,1.4920000000001892,2.381999999999607,0,2.0
119,ERROR_M,1,304,2.30600000000004,5.858000000000175,1,2.0
119,ERROR_M,1,305,1.7919999999999163,7.733999999999924,0,2.0
119,ERROR_M,1,306,1.8500000000003638,7.049999999999727,0,2.0
119,ERROR_M,1,307,1.9800000000000182,5.074000000000069,0,2.0
119,ERROR_M,1,308,1.7019999999997708,13.640000000000327,0,2.0
119,ERROR_M,1,309,2.77599999999984,3.563999999999851,1,2.0
119,ERROR_M,1,310,1.8540000000002692,6.213999999999942,0,2.0
119,ERROR_M,1,311,1.3359999999997854,2.542000000000371,0,2.0
119,ERROR_M,1,312,1.9539999999997235,6.538000000000011,0,2.0
119,ERROR_M,1,313,1.5639999999998508,7.190000000000055,0,2.0
119,ERROR_M,1,314,1.1600000000003092,11.509999999999764,0,2.0
119,ERROR_M,1,315,1.8920000000002801,10.071999999999662,0,2.0
119,ERROR_M,1,316,1.706000000000131,4.75,0,2.0
119,ERROR_M,1,317,1.550000000000182,7.179999999999836,0,2.0
119,ERROR_M,1,318,1.6340000000000146,14.867999999999938,0,2.0
119,ERROR_M,1,319,1.662000000000262,4.755999999999858,0,2.0
119,ERROR_M,1,320,1.6619999999998072,9.432000000000244,0,2.0
119,ERROR_M,1,321,1.5540000000000873,3.7679999999995744,0,2.0
119,ERROR_M,1,322,2.25400000000036,4.344000000000051,1,2.0
119,ERROR_M,1,323,2.117999999999938,7.355999999999767,1,2.0
119,ERROR_M,1,324,1.7200000000002547,7.481999999999971,0,2.0
119,ERROR_M,1,325,1.9359999999996944,4.756000000000313,0,2.0
119,ERROR_M,1,326,2.1019999999998618,6.822000000000116,1,2.0
119,ERROR_M,1,327,1.9739999999997053,7.8279999999999745,0,2.0
119,ERROR_M,1,328,1.58600000000024,6.273999999999887,0,2.0
119,ERROR_M,1,329,1.5840000000002874,3.5579999999999927,0,2.0
119,ERROR_M,1,330,1.5539999999996326,4.961999999999989,0,2.0
119,ERROR_M,1,331,2.326000000000022,9.550000000000182,1,2.0
119,ERROR_M,1,332,2.16800000000012,4.711999999999989,1,2.0
119,ERROR_M,1,333,2.824000000000069,7.765999999999622,1,2.0
119,ERROR_M,1,334,1.9920000000001892,8.005999999999858,0,2.0
119,ERROR_M,1,335,2.568000000000211,2.961999999999989,1,2.0
119,ERROR_M,1,336,2.288000000000011,3.4919999999997344,1,2.0
119,ERROR_M,1,337,3.124000000000251,9.231999999999971,1,2.0
119,ERROR_M,1,338,2.0299999999997453,,1,2.0
119,ERROR_M,2,1,2.887999999999998,2.9540000000000006,1,2.0
119,ERROR_M,2,2,2.2340000000000018,3.5619999999999976,1,2.0
119,ERROR_M,2,3,2.4920000000000044,6.366,1,2.0
119,ERROR_M,2,4,1.5719999999999956,4.0560000000000045,0,2.0
119,ERROR_M,2,5,1.4719999999999942,5.420000000000002,0,2.0
119,ERROR_M,2,6,1.5100000000000051,5.719999999999999,0,2.0
119,ERROR_M,2,7,1.7439999999999998,9.474000000000004,0,2.0
119,ERROR_M,2,8,1.5759999999999934,16.162000000000006,0,2.0
119,ERROR_M,2,9,0.0899999999999892,0.04800000000000182,0,2.0
119,ERROR_M,2,10,0.1460000000000008,3.1980000000000075,0,2.0
119,ERROR_M,2,11,0.08599999999999852,6.6499999999999915,0,2.0
119,ERROR_M,2,12,1.936000000000007,14.447999999999993,0,2.0
119,ERROR_M,2,13,2.0379999999999967,7.788000000000011,1,2.0
119,ERROR_M,2,14,2.466000000000008,6.673999999999978,1,2.0
119,ERROR_M,2,15,0.0800000000000125,1.2760000000000105,0,2.0
119,ERROR_M,2,16,1.9359999999999786,8.366000000000014,0,2.0
119,ERROR_M,2,17,0.21199999999998909,0.12800000000001432,0,2.0
119,ERROR_M,2,18,0.5679999999999836,7.622000000000014,0,2.0
119,ERROR_M,2,19,2.078000000000003,4.578000000000003,1,2.0
119,ERROR_M,2,20,2.009999999999991,3.7920000000000016,1,2.0
119,ERROR_M,2,21,2.024000000000001,5.25,1,2.0
119,ERROR_M,2,22,2.2139999999999986,7.025999999999982,1,2.0
119,ERROR_M,2,23,1.710000000000008,9.492000000000019,0,2.0
119,ERROR_M,2,24,2.025999999999982,3.2379999999999995,1,2.0
119,ERROR_M,2,25,2.3940000000000055,5.1699999999999875,1,2.0
119,ERROR_M,2,26,2.214000000000027,5.495999999999981,1,2.0
119,ERROR_M,2,27,2.1280000000000143,4.395999999999987,1,2.0
119,ERROR_M,2,28,3.038000000000011,5.165999999999997,1,2.0
119,ERROR_M,2,29,1.8319999999999936,6.463999999999999,0,2.0
119,ERROR_M,2,30,2.834000000000003,6.7339999999999804,1,2.0
119,ERROR_M,2,31,0.03200000000003911,0.13599999999996726,0,2.0
119,ERROR_M,2,32,0.4000000000000341,3.0219999999999914,0,2.0
119,ERROR_M,2,33,1.9320000000000164,6.843999999999994,0,2.0
119,ERROR_M,2,34,1.8239999999999554,7.374000000000024,0,2.0
119,ERROR_M,2,35,1.3600000000000136,8.329999999999984,0,2.0
119,ERROR_M,2,36,1.5319999999999823,4.6720000000000255,0,2.0
119,ERROR_M,2,37,1.5760000000000218,3.741999999999962,0,2.0
119,ERROR_M,2,38,1.386000000000024,6.117999999999995,0,2.0
119,ERROR_M,2,39,1.5720000000000027,8.620000000000005,0,2.0
119,ERROR_M,2,40,1.5199999999999818,2.4920000000000186,0,2.0
119,ERROR_M,2,41,2.1119999999999663,3.8360000000000127,1,2.0
119,ERROR_M,2,42,3.22199999999998,7.798000000000002,1,2.0
119,ERROR_M,2,43,2.0260000000000105,5.5260000000000105,1,2.0
119,ERROR_M,2,44,2.274000000000001,4.625999999999976,1,2.0
119,ERROR_M,2,45,2.376000000000033,5.373999999999967,1,2.0
119,ERROR_M,2,46,2.0400000000000205,4.088000000000022,1,2.0
119,ERROR_M,2,47,2.835999999999956,2.7900000000000205,1,2.0
119,ERROR_M,2,48,4.329999999999984,3.990000000000009,1,2.0
119,ERROR_M,2,49,1.7340000000000373,6.70799999999997,0,2.0
119,ERROR_M,2,50,1.9800000000000182,6.8139999999999645,0,2.0
119,ERROR_M,2,51,2.994000000000028,2.819999999999993,1,2.0
119,ERROR_M,2,52,2.208000000000027,7.159999999999968,1,2.0
119,ERROR_M,2,53,1.6539999999999964,6.814000000000021,0,2.0
119,ERROR_M,2,54,1.5860000000000127,9.729999999999961,0,2.0
119,ERROR_M,2,55,1.6759999999999877,3.1160000000000423,0,2.0
119,ERROR_M,2,56,2.6779999999999973,6.057999999999993,1,2.0
119,ERROR_M,2,57,2.0779999999999745,7.466000000000008,1,2.0
119,ERROR_M,2,58,3.0020000000000095,7.708000000000027,1,2.0
119,ERROR_M,2,59,3.117999999999995,6.817999999999984,1,2.0
119,ERROR_M,2,60,0.1139999999999759,1.0920000000000414,0,2.0
119,ERROR_M,2,61,2.0219999999999914,6.201999999999998,1,2.0
119,ERROR_M,2,62,2.093999999999994,8.97399999999999,1,2.0
119,ERROR_M,2,63,1.7040000000000077,6.98599999999999,0,2.0
119,ERROR_M,2,64,2.4780000000000086,7.916000000000054,1,2.0
119,ERROR_M,2,65,1.6219999999999573,3.673999999999978,0,2.0
119,ERROR_M,2,66,1.4400000000000546,7.723999999999933,0,2.0
119,ERROR_M,2,67,0.8640000000000327,4.765999999999963,0,2.0
119,ERROR_M,2,68,1.76400000000001,8.504000000000019,0,2.0
119,ERROR_M,2,69,2.330000000000041,2.740000000000009,1,2.0
119,ERROR_M,2,70,2.5839999999999463,4.682000000000016,1,2.0
119,ERROR_M,2,71,1.038000000000011,0.045999999999935426,0,2.0
119,ERROR_M,2,72,0.4460000000000264,6.1340000000000146,0,2.0
119,ERROR_M,2,73,1.7300000000000182,6.539999999999964,0,2.0
119,ERROR_M,2,74,1.4780000000000655,3.3619999999999663,0,2.0
119,ERROR_M,2,75,1.77800000000002,1.877999999999929,0,2.0
119,ERROR_M,2,76,0.06000000000005912,6.567999999999984,0,2.0
119,ERROR_M,2,77,1.4020000000000437,5.111999999999966,0,2.0
119,ERROR_M,2,78,2.1100000000000136,7.497999999999934,1,2.0
119,ERROR_M,2,79,1.4820000000000846,5.951999999999998,0,2.0
119,ERROR_M,2,80,1.7059999999999036,8.646000000000072,0,2.0
119,ERROR_M,2,81,1.7659999999999627,5.32000000000005,0,2.0
119,ERROR_M,2,82,0.5699999999999363,5.032000000000039,0,2.0
119,ERROR_M,2,83,1.8500000000000227,6.581999999999994,0,2.0
119,ERROR_M,2,84,1.5579999999999927,7.857999999999947,0,2.0
119,ERROR_M,2,85,1.55600000000004,4.809999999999945,0,2.0
119,ERROR_M,2,86,1.844000000000051,8.41599999999994,0,2.0
119,ERROR_M,2,87,1.2340000000000373,0.08199999999999363,0,2.0
119,ERROR_M,2,88,0.6860000000000355,6.381999999999948,0,2.0
119,ERROR_M,2,89,0.06600000000003092,0.08400000000006003,0,2.0
119,ERROR_M,2,90,0.5240000000000009,19.476,0,2.0
119,ERROR_M,2,91,0.5319999999999254,2.9880000000000564,0,2.0
119,ERROR_M,2,92,1.9039999999999964,3.0019999999999527,0,2.0
119,ERROR_M,2,93,1.7480000000000473,4.8840000000000146,0,2.0
119,ERROR_M,2,94,1.6680000000000064,3.9799999999999045,0,2.0
119,ERROR_M,2,95,1.9780000000000655,3.6399999999999864,0,2.0
119,ERROR_M,2,96,1.3139999999999645,5.002000000000066,0,2.0
119,ERROR_M,2,97,1.7759999999999536,5.741999999999962,0,2.0
119,ERROR_M,2,98,1.34800000000007,5.9080000000000155,0,2.0
119,ERROR_M,2,99,1.9180000000000064,8.87399999999991,0,2.0
119,ERROR_M,2,100,1.7660000000000764,6.435999999999922,0,2.0
119,ERROR_M,2,101,1.6960000000000264,5.683999999999969,0,2.0
119,ERROR_M,2,102,1.7300000000000182,6.940000000000055,0,2.0
119,ERROR_M,2,103,1.3799999999999955,6.997999999999934,0,2.0
119,ERROR_M,2,104,1.9580000000000837,3.7239999999999327,0,2.0
119,ERROR_M,2,105,1.872000000000071,7.501999999999953,0,2.0
119,ERROR_M,2,106,1.5919999999999845,5.234000000000037,0,2.0
119,ERROR_M,2,107,0.11000000000001364,0.12000000000000455,0,2.0
119,ERROR_M,2,108,0.32999999999992724,3.9020000000000437,0,2.0
119,ERROR_M,2,109,0.20000000000004547,0.02400000000000091,0,2.0
119,ERROR_M,2,110,0.5759999999999081,4.498000000000047,0,2.0
119,ERROR_M,2,111,0.4759999999999991,0.01599999999996271,0,2.0
119,ERROR_M,2,112,0.12800000000004275,0.07000000000005002,0,2.0
119,ERROR_M,2,113,0.2599999999999909,0.10999999999989996,0,2.0
119,ERROR_M,2,114,0.13800000000003365,0.4540000000000646,0,2.0
119,ERROR_M,2,115,0.13599999999996726,0.11199999999996635,0,2.0
119,ERROR_M,2,116,0.15800000000001546,3.9080000000000155,0,2.0
119,ERROR_M,2,117,2.268000000000029,4.937999999999988,1,2.0
119,ERROR_M,2,118,1.990000000000009,5.8799999999999955,0,2.0
119,ERROR_M,2,119,2.3940000000000055,6.399999999999977,1,2.0
119,ERROR_M,2,120,1.3759999999999764,6.888000000000034,0,2.0
119,ERROR_M,2,121,2.5439999999999827,8.148000000000025,1,2.0
119,ERROR_M,2,122,2.0659999999999172,4.262000000000057,1,2.0
119,ERROR_M,2,123,0.07399999999995543,0.016000000000076398,0,2.0
119,ERROR_M,2,124,0.5319999999999254,0.2480000000000473,0,2.0
119,ERROR_M,2,125,0.02400000000000091,1.04200000000003,0,2.0
119,ERROR_M,2,126,0.2679999999999154,12.31000000000006,0,2.0
119,ERROR_M,2,127,1.6179999999999382,6.988000000000056,0,2.0
119,ERROR_M,2,128,1.9740000000000464,8.691999999999894,0,2.0
119,ERROR_M,2,129,1.5600000000000591,7.426000000000045,0,2.0
119,ERROR_M,2,130,1.8679999999999382,2.1779999999999973,0,2.0
119,ERROR_M,2,131,0.15800000000001546,1.2659999999999627,0,2.0
119,ERROR_M,2,132,2.725999999999999,4.118000000000052,1,2.0
119,ERROR_M,2,133,1.6580000000000155,2.867999999999938,0,2.0
119,ERROR_M,2,134,1.9379999999999882,2.34800000000007,0,2.0
119,ERROR_M,2,135,2.1100000000000136,4.509999999999991,1,2.0
119,ERROR_M,2,136,1.863999999999919,3.6960000000000264,0,2.0
119,ERROR_M,2,137,2.7380000000000564,4.103999999999928,1,2.0
119,ERROR_M,2,138,2.7660000000000764,5.015999999999963,1,2.0
119,ERROR_M,2,139,2.298000000000002,3.5119999999999436,1,2.0
119,ERROR_M,2,140,2.3460000000000036,3.122000000000071,1,2.0
119,ERROR_M,2,141,2.8479999999999563,4.529999999999973,1,2.0
119,ERROR_M,2,142,2.1580000000000155,2.9180000000000064,1,2.0
119,ERROR_M,2,143,2.6259999999999764,4.804000000000087,1,2.0
119,ERROR_M,2,144,1.363999999999919,6.102000000000089,0,2.0
119,ERROR_M,2,145,1.3460000000000036,6.565999999999917,0,2.0
119,ERROR_M,2,146,1.5780000000000882,7.159999999999968,0,2.0
119,ERROR_M,2,147,1.5139999999998963,6.6720000000000255,0,2.0
119,ERROR_M,2,148,0.04800000000000182,0.029999999999972715,0,2.0
119,ERROR_M,2,149,0.5900000000001455,5.983999999999924,0,2.0
119,ERROR_M,2,150,2.4860000000001037,5.3259999999997945,1,2.0
119,ERROR_M,2,151,1.6560000000001764,2.97199999999998,0,2.0
119,ERROR_M,2,152,2.145999999999958,7.44399999999996,1,2.0
119,ERROR_M,2,153,2.324000000000069,7.793999999999869,1,2.0
119,ERROR_M,2,154,1.8880000000001473,8.018000000000029,0,2.0
119,ERROR_M,2,155,2.019999999999982,8.477999999999838,1,2.0
119,ERROR_M,2,156,1.7100000000000364,6.3680000000001655,0,2.0
119,ERROR_M,2,157,2.4039999999999964,6.885999999999967,1,2.0
119,ERROR_M,2,158,1.3959999999999582,2.25,0,2.0
119,ERROR_M,2,159,0.11400000000003274,0.5460000000000491,0,2.0
119,ERROR_M,2,160,0.11599999999998545,5.141999999999825,0,2.0
119,ERROR_M,2,161,2.188000000000102,3.2999999999999545,1,2.0
119,ERROR_M,2,162,2.08400000000006,4.587999999999965,1,2.0
119,ERROR_M,2,163,2.0,5.768000000000029,0,2.0
119,ERROR_M,2,164,1.0979999999999563,1.5399999999999636,0,2.0
119,ERROR_M,2,165,0.07600000000002183,4.433999999999969,0,2.0
119,ERROR_M,2,166,2.2560000000000855,2.9459999999999127,1,2.0
119,ERROR_M,2,167,2.5060000000000855,2.6259999999999764,1,2.0
119,ERROR_M,2,168,2.5299999999999727,4.145999999999958,1,2.0
119,ERROR_M,2,169,2.522000000000162,7.163999999999987,1,2.0
119,ERROR_M,2,170,2.435999999999922,4.316000000000031,1,2.0
119,ERROR_M,2,171,0.15799999999990177,0.07799999999997453,0,2.0
119,ERROR_M,2,172,0.512000000000171,2.2719999999999345,0,2.0
119,ERROR_M,2,173,0.05400000000008731,0.38799999999991996,0,2.0
119,ERROR_M,2,174,1.33199999999988,5.492000000000189,0,2.0
119,ERROR_M,2,175,3.5599999999999454,8.407999999999902,1,2.0
119,ERROR_M,2,176,2.122000000000071,3.7000000000000455,1,2.0
119,ERROR_M,2,177,1.7539999999999054,3.798000000000002,0,2.0
119,ERROR_M,2,178,1.8600000000001273,5.737999999999829,0,2.0
119,ERROR_M,2,179,3.004000000000133,7.379999999999882,1,2.0
119,ERROR_M,2,180,2.4760000000001128,5.076000000000022,1,2.0
119,ERROR_M,2,181,0.5319999999999254,24.557999999999993,0,2.0
119,ERROR_M,2,182,1.3759999999999764,4.624000000000024,0,2.0
119,ERROR_M,2,183,1.9239999999999782,3.0499999999999545,0,2.0
119,ERROR_M,2,184,0.7460000000000946,12.440000000000055,0,2.0
119,ERROR_M,2,185,1.5499999999999545,7.173999999999978,0,2.0
119,ERROR_M,2,186,2.0579999999999927,2.852000000000089,1,2.0
119,ERROR_M,2,187,2.4019999999998163,6.376000000000204,1,2.0
119,ERROR_M,2,188,0.4379999999998745,0.03600000000005821,0,2.0
119,ERROR_M,2,189,0.55600000000004,7.031999999999925,0,2.0
119,ERROR_M,2,190,2.2159999999998945,6.942000000000007,1,2.0
119,ERROR_M,2,191,1.594000000000051,5.802000000000135,0,2.0
119,ERROR_M,2,192,1.9959999999998672,3.0900000000001455,0,2.0
119,ERROR_M,2,193,0.12999999999988177,0.07200000000011642,0,2.0
119,ERROR_M,2,194,0.34999999999990905,3.4300000000000637,0,2.0
119,ERROR_M,2,195,2.854000000000042,7.975999999999885,1,2.0
119,ERROR_M,2,196,1.66599999999994,5.3120000000001255,0,2.0
119,ERROR_M,2,197,2.1620000000000346,7.586000000000013,1,2.0
119,ERROR_M,2,198,2.0299999999999727,10.545999999999822,1,2.0
119,ERROR_M,2,199,1.7820000000001528,2.6679999999998927,0,2.0
119,ERROR_M,2,200,2.400000000000091,3.91599999999994,1,2.0
119,ERROR_M,2,201,2.428000000000111,3.9199999999998454,1,2.0
119,ERROR_M,2,202,1.706000000000131,4.557999999999993,0,2.0
119,ERROR_M,2,203,1.8619999999998527,2.660000000000082,0,2.0
119,ERROR_M,2,204,2.188000000000102,2.74799999999982,1,2.0
119,ERROR_M,2,205,2.314000000000078,3.36200000000008,1,2.0
119,ERROR_M,2,206,2.5019999999999527,6.1059999999999945,1,2.0
119,ERROR_M,2,207,0.18000000000006366,8.807999999999993,0,2.0
119,ERROR_M,2,208,3.3919999999998254,6.120000000000118,1,2.0
119,ERROR_M,2,209,1.461999999999989,6.163999999999987,0,2.0
119,ERROR_M,2,210,2.75,7.096000000000004,1,2.0
119,ERROR_M,2,211,2.0119999999999436,5.539999999999964,1,2.0
119,ERROR_M,2,212,2.066000000000031,6.642000000000053,1,2.0
119,ERROR_M,2,213,2.3040000000000873,4.4659999999998945,1,2.0
119,ERROR_M,2,214,2.4580000000000837,6.864000000000033,1,2.0
119,ERROR_M,2,215,2.326000000000022,8.135999999999967,1,2.0
119,ERROR_M,2,216,1.9259999999999309,3.4759999999998854,0,2.0
119,ERROR_M,2,217,1.7300000000000182,4.72400000000016,0,2.0
119,ERROR_M,2,218,2.3299999999999272,4.067999999999984,1,2.0
119,ERROR_M,2,219,2.0620000000001255,7.555999999999813,1,2.0
119,ERROR_M,2,220,1.8800000000001091,7.809999999999945,0,2.0
119,ERROR_M,2,221,1.9480000000000928,8.745999999999867,0,2.0
119,ERROR_M,2,222,2.678000000000111,8.101999999999862,1,2.0
119,ERROR_M,2,223,1.7360000000001037,4.0779999999999745,0,2.0
119,ERROR_M,2,224,2.604000000000042,3.9980000000000473,1,2.0
119,ERROR_M,2,225,2.5860000000000127,3.433999999999969,1,2.0
119,ERROR_M,2,226,2.0019999999999527,4.763999999999896,1,2.0
119,ERROR_M,2,227,2.1140000000000327,4.064000000000078,1,2.0
119,ERROR_M,2,228,1.7380000000000564,5.675999999999931,0,2.0
119,ERROR_M,2,229,2.1800000000000637,5.4659999999998945,1,2.0
119,ERROR_M,2,230,2.3400000000001455,6.5499999999999545,1,2.0
119,ERROR_M,2,231,2.7079999999998563,4.786000000000058,1,2.0
119,ERROR_M,2,232,2.2080000000000837,7.480000000000018,1,2.0
119,ERROR_M,2,233,2.2519999999999527,6.043999999999869,1,2.0
119,ERROR_M,2,234,2.5060000000000855,6.854000000000042,1,2.0
119,ERROR_M,2,235,2.5219999999999345,3.2380000000000564,1,2.0
119,ERROR_M,2,236,2.4459999999999127,4.52800000000002,1,2.0
119,ERROR_M,2,237,2.509999999999991,7.0779999999999745,1,2.0
119,ERROR_M,2,238,2.4300000000000637,7.7719999999999345,1,2.0
119,ERROR_M,2,239,2.1940000000001874,8.50799999999981,1,2.0
119,ERROR_M,2,240,2.132000000000062,17.006000000000085,1,2.0
119,ERROR_M,2,241,0.4600000000000364,174.21799999999985,0,2.0
119,ERROR_M,2,242,2.456000000000131,5.405999999999949,1,2.0
119,ERROR_M,2,243,1.0879999999999654,20.241999999999962,0,2.0
119,ERROR_M,2,244,0.16800000000012005,530.202,0,2.0
119,ERROR_M,2,245,1.8020000000001346,6.3979999999996835,0,2.0
119,ERROR_M,2,246,2.8320000000003347,7.5359999999996035,1,2.0
119,ERROR_M,2,247,1.8220000000001164,6.768000000000029,0,2.0
119,ERROR_M,2,248,2.9659999999998945,8.55600000000004,1,2.0
119,ERROR_M,2,249,2.3420000000000982,3.4600000000000364,1,2.0
119,ERROR_M,2,250,2.1340000000000146,4.83199999999988,1,2.0
119,ERROR_M,2,251,2.6159999999999854,6.14200000000028,1,2.0
119,ERROR_M,2,252,2.5579999999999927,3.9299999999998363,1,2.0
119,ERROR_M,2,253,2.25,3.6359999999999673,1,2.0
119,ERROR_M,2,254,3.3200000000001637,4.096000000000004,1,2.0
119,ERROR_M,2,255,0.3579999999997199,0.09000000000014552,0,2.0
119,ERROR_M,2,256,0.6140000000000327,7.447999999999865,0,2.0
119,ERROR_M,2,257,2.2080000000000837,4.206000000000131,1,2.0
119,ERROR_M,2,258,2.8919999999998254,8.230000000000018,1,2.0
119,ERROR_M,2,259,2.431999999999789,5.80600000000004,1,2.0
119,ERROR_M,2,260,2.288000000000011,6.218000000000302,1,2.0
119,ERROR_M,2,261,1.3519999999998618,3.7100000000000364,0,2.0
119,ERROR_M,2,262,2.3299999999999272,4.170000000000073,1,2.0
119,ERROR_M,2,263,2.1799999999998363,5.2840000000001055,1,2.0
119,ERROR_M,2,264,1.9099999999998545,6.820000000000164,0,2.0
119,ERROR_M,2,265,2.4600000000000364,8.695999999999913,1,2.0
119,ERROR_M,2,266,2.4140000000002146,8.49599999999964,1,2.0
119,ERROR_M,2,267,1.8659999999999854,7.758000000000266,0,2.0
119,ERROR_M,2,268,2.6019999999998618,3.61200000000008,1,2.0
119,ERROR_M,2,269,1.9659999999998945,5.140000000000327,0,2.0
119,ERROR_M,2,270,0.2880000000000109,0.06999999999970896,0,2.0
119,ERROR_M,2,271,0.4819999999999709,8.922000000000025,0,2.0
119,ERROR_M,2,272,1.9520000000002256,5.407999999999902,0,2.0
119,ERROR_M,2,273,1.5659999999998035,0.19200000000000728,0,2.0
119,ERROR_M,2,274,0.41400000000021464,9.135999999999967,0,2.0
119,ERROR_M,2,275,1.6579999999999018,6.010000000000218,0,2.0
119,ERROR_M,2,276,2.0659999999998035,6.5300000000002,1,2.0
119,ERROR_M,2,277,2.4099999999998545,3.217999999999847,1,2.0
119,ERROR_M,2,278,0.14200000000028012,0.06799999999975626,0,2.0
119,ERROR_M,2,279,2.412000000000262,0.7399999999997817,0,2.0
119,ERROR_M,2,280,0.03000000000020009,30.897999999999683,0,2.0
119,ERROR_M,2,281,0.36599999999998545,0.3120000000003529,0,2.0
119,ERROR_M,2,282,1.6239999999997963,6.994000000000142,0,2.0
119,ERROR_M,2,283,2.0960000000000036,7.473999999999705,1,2.0
119,ERROR_M,2,284,2.2200000000002547,3.4960000000000946,1,2.0
119,ERROR_M,2,285,1.9959999999996398,4.364000000000033,0,2.0
119,ERROR_M,2,286,2.650000000000091,3.412000000000262,1,2.0
119,ERROR_M,2,287,2.1279999999997017,4.420000000000073,1,2.0
119,ERROR_M,2,288,1.6720000000000255,5.47400000000016,0,2.0
119,ERROR_M,2,289,2.743999999999687,6.152000000000044,1,2.0
119,ERROR_M,2,290,2.394000000000233,6.458000000000084,1,2.0
119,ERROR_M,2,291,2.1839999999997417,7.19399999999996,1,2.0
119,ERROR_M,2,292,1.9200000000000728,8.106000000000222,0,2.0
119,ERROR_M,2,293,2.5799999999999272,8.08999999999969,1,2.0
119,ERROR_M,2,294,1.580000000000382,8.417999999999665,0,2.0
119,ERROR_M,2,295,2.762000000000171,7.166000000000167,1,2.0
119,ERROR_M,2,296,2.281999999999698,7.677999999999884,1,2.0
119,ERROR_M,2,297,1.986000000000331,2.4279999999998836,0,2.0
119,ERROR_M,2,298,2.6700000000000728,4.433999999999742,1,2.0
119,ERROR_M,2,299,2.89200000000028,5.036000000000058,1,2.0
119,ERROR_M,2,300,2.149999999999636,6.782000000000153,1,2.0
119,ERROR_M,2,301,2.0160000000000764,3.4459999999999127,1,2.0
119,ERROR_M,2,302,3.5460000000002765,4.963999999999942,1,2.0
119,ERROR_M,2,303,2.493999999999687,6.028000000000247,1,2.0
119,ERROR_M,2,304,2.05600000000004,,1,2.0
119,ERROR_M,3,1,1.6799999999999962,6.934000000000005,0,2.0
119,ERROR_M,3,2,2.2519999999999953,6.106000000000002,1,2.0
119,ERROR_M,3,3,2.260000000000005,8.069999999999993,1,2.0
119,ERROR_M,3,4,1.7000000000000028,3.682000000000002,0,2.0
119,ERROR_M,3,5,2.1939999999999955,8.524000000000001,1,2.0
119,ERROR_M,3,6,2.004000000000005,6.765999999999991,1,2.0
119,ERROR_M,3,7,2.51400000000001,4.4879999999999995,1,2.0
119,ERROR_M,3,8,2.0759999999999934,2.6599999999999966,1,2.0
119,ERROR_M,3,9,2.646000000000001,3.004000000000005,1,2.0
119,ERROR_M,3,10,1.8739999999999952,4.992000000000004,0,2.0
119,ERROR_M,3,11,1.9440000000000026,5.661999999999992,0,2.0
119,ERROR_M,3,12,1.8640000000000043,3.5,0,2.0
119,ERROR_M,3,13,0.034000000000006025,2.891999999999996,0,2.0
119,ERROR_M,3,14,2.206000000000003,4.076000000000008,1,2.0
119,ERROR_M,3,15,2.9399999999999977,3.4679999999999893,1,2.0
119,ERROR_M,3,16,2.5459999999999923,4.782000000000011,1,2.0
119,ERROR_M,3,17,1.8959999999999866,2.960000000000008,0,2.0
119,ERROR_M,3,18,2.122000000000014,7.481999999999999,1,2.0
119,ERROR_M,3,19,2.447999999999979,5.538000000000011,1,2.0
119,ERROR_M,3,20,1.7220000000000084,7.711999999999989,0,2.0
119,ERROR_M,3,21,2.2539999999999907,3.3700000000000045,1,2.0
119,ERROR_M,3,22,1.7820000000000107,3.716000000000008,0,2.0
119,ERROR_M,3,23,2.7319999999999993,4.9059999999999775,1,2.0
119,ERROR_M,3,24,0.02600000000001046,0.0660000000000025,0,2.0
119,ERROR_M,3,25,0.1939999999999884,1.6280000000000143,0,2.0
119,ERROR_M,3,26,0.3019999999999925,1.0900000000000034,0,2.0
119,ERROR_M,3,27,2.5500000000000114,5.768000000000001,1,2.0
119,ERROR_M,3,28,1.9679999999999893,8.395999999999987,0,2.0
119,ERROR_M,3,29,3.2760000000000105,2.4339999999999975,1,2.0
119,ERROR_M,3,30,2.01400000000001,3.0459999999999923,1,2.0
119,ERROR_M,3,31,2.0279999999999916,6.550000000000011,1,2.0
119,ERROR_M,3,32,2.3400000000000034,4.084000000000003,1,2.0
119,ERROR_M,3,33,1.8899999999999864,7.475999999999999,0,2.0
119,ERROR_M,3,34,2.592000000000013,3.552000000000021,1,2.0
119,ERROR_M,3,35,2.1479999999999677,4.576000000000022,1,2.0
119,ERROR_M,3,36,2.117999999999995,6.781999999999982,1,2.0
119,ERROR_M,3,37,2.0780000000000314,4.725999999999999,1,2.0
119,ERROR_M,3,38,2.3220000000000027,5.907999999999959,1,2.0
119,ERROR_M,3,39,0.038000000000010914,11.80400000000003,0,2.0
119,ERROR_M,3,40,0.03799999999995407,0.040000000000020464,0,2.0
119,ERROR_M,3,41,0.2300000000000182,5.72199999999998,0,2.0
119,ERROR_M,3,42,2.3940000000000055,7.834000000000003,1,2.0
119,ERROR_M,3,43,2.3859999999999673,5.458000000000027,1,2.0
119,ERROR_M,3,44,1.5439999999999827,7.6059999999999945,0,2.0
119,ERROR_M,3,45,2.768000000000029,6.420000000000016,1,2.0
119,ERROR_M,3,46,1.9699999999999704,8.432000000000016,0,2.0
119,ERROR_M,3,47,2.4839999999999804,6.269999999999982,1,2.0
119,ERROR_M,3,48,1.594000000000051,2.6499999999999773,0,2.0
119,ERROR_M,3,49,0.22199999999998,0.04400000000003956,0,2.0
119,ERROR_M,3,50,1.19399999999996,17.900000000000034,0,2.0
119,ERROR_M,3,51,1.2959999999999923,3.038000000000011,0,2.0
119,ERROR_M,3,52,1.8139999999999645,5.196000000000026,0,2.0
119,ERROR_M,3,53,2.315999999999974,4.771999999999991,1,2.0
119,ERROR_M,3,54,2.51400000000001,4.201999999999998,1,2.0
119,ERROR_M,3,55,0.6820000000000164,12.518000000000029,0,2.0
119,ERROR_M,3,56,1.9259999999999877,2.373999999999967,0,2.0
119,ERROR_M,3,57,2.4039999999999964,3.4920000000000186,1,2.0
119,ERROR_M,3,58,2.627999999999986,4.060000000000002,1,2.0
119,ERROR_M,3,59,2.2800000000000296,5.442000000000007,1,2.0
119,ERROR_M,3,60,1.97199999999998,6.975999999999999,0,2.0
119,ERROR_M,3,61,2.4119999999999777,7.462000000000046,1,2.0
119,ERROR_M,3,62,2.5499999999999545,8.262,1,2.0
119,ERROR_M,3,63,3.008000000000038,4.397999999999968,1,2.0
119,ERROR_M,3,64,2.2379999999999995,7.080000000000041,1,2.0
119,ERROR_M,3,65,2.0439999999999827,7.495999999999981,1,2.0
119,ERROR_M,3,66,2.2479999999999905,7.73599999999999,1,2.0
119,ERROR_M,3,67,2.0160000000000764,4.192000000000007,1,2.0
119,ERROR_M,3,68,2.383999999999901,5.314000000000078,1,2.0
119,ERROR_M,3,69,2.004000000000019,6.765999999999963,1,2.0
119,ERROR_M,3,70,1.877999999999929,3.632000000000062,0,2.0
119,ERROR_M,3,71,1.725999999999999,8.004000000000019,0,2.0
119,ERROR_M,3,72,2.353999999999928,8.484000000000037,1,2.0
119,ERROR_M,3,73,2.5779999999999745,5.75,1,2.0
119,ERROR_M,3,74,0.033999999999991815,0.36200000000008004,0,2.0
119,ERROR_M,3,75,2.147999999999911,2.7660000000000764,1,2.0
119,ERROR_M,3,76,1.72199999999998,2.6539999999999964,0,2.0
119,ERROR_M,3,77,3.3899999999999864,3.0260000000000673,1,2.0
119,ERROR_M,3,78,3.259999999999991,3.381999999999948,1,2.0
119,ERROR_M,3,79,0.33600000000001273,0.04200000000003001,0,2.0
119,ERROR_M,3,80,0.6159999999999854,5.524000000000001,0,2.0
119,ERROR_M,3,81,0.09399999999993724,0.02400000000000091,0,2.0
119,ERROR_M,3,82,0.7119999999999891,14.392000000000053,0,2.0
119,ERROR_M,3,83,2.548000000000002,6.413999999999987,1,2.0
119,ERROR_M,3,84,1.70799999999997,4.586000000000013,0,2.0
119,ERROR_M,3,85,2.3319999999999936,5.7420000000000755,1,2.0
119,ERROR_M,3,86,2.1299999999999955,4.72199999999998,1,2.0
119,ERROR_M,3,87,1.6759999999999309,4.286000000000058,0,2.0
119,ERROR_M,3,88,0.03999999999996362,0.030000000000086402,0,2.0
119,ERROR_M,3,89,0.8619999999999663,10.100000000000023,0,2.0
119,ERROR_M,3,90,2.2539999999999054,5.896000000000072,1,2.0
119,ERROR_M,3,91,1.8719999999999573,2.3360000000000127,0,2.0
119,ERROR_M,3,92,1.8820000000000618,3.699999999999932,0,2.0
119,ERROR_M,3,93,2.288000000000011,3.0579999999999927,1,2.0
119,ERROR_M,3,94,2.3700000000000045,5.533999999999992,1,2.0
119,ERROR_M,3,95,3.1440000000000055,2.6359999999999673,1,2.0
119,ERROR_M,3,96,2.302000000000021,6.77800000000002,1,2.0
119,ERROR_M,3,97,2.5679999999999836,7.04200000000003,1,2.0
119,ERROR_M,3,98,2.891999999999939,7.472000000000094,1,2.0
119,ERROR_M,3,99,2.0659999999999172,7.748000000000047,1,2.0
119,ERROR_M,3,100,3.3360000000000127,8.125999999999976,1,2.0
119,ERROR_M,3,101,2.298000000000002,5.1200000000000045,1,2.0
119,ERROR_M,3,102,2.5539999999999736,6.4360000000000355,1,2.0
119,ERROR_M,3,103,2.41599999999994,8.475999999999999,1,2.0
119,ERROR_M,3,104,2.080000000000041,3.7620000000000573,1,2.0
119,ERROR_M,3,105,2.269999999999982,4.1200000000000045,1,2.0
119,ERROR_M,3,106,2.5979999999999563,3.8360000000000127,1,2.0
119,ERROR_M,3,107,2.04200000000003,4.831999999999994,1,2.0
119,ERROR_M,3,108,1.6159999999999854,2.689999999999941,0,2.0
119,ERROR_M,3,109,2.3840000000000146,5.6580000000000155,1,2.0
119,ERROR_M,3,110,2.451999999999998,5.427999999999997,1,2.0
119,ERROR_M,3,111,1.961999999999989,6.413999999999987,0,2.0
119,ERROR_M,3,112,2.466000000000008,7.054000000000087,1,2.0
119,ERROR_M,3,113,2.5459999999999354,5.802000000000021,1,2.0
119,ERROR_M,3,114,2.367999999999938,7.486000000000104,1,2.0
119,ERROR_M,3,115,2.2859999999999445,8.05600000000004,1,2.0
119,ERROR_M,3,116,2.2659999999999627,6.586000000000013,1,2.0
119,ERROR_M,3,117,1.961999999999989,6.725999999999999,0,2.0
119,ERROR_M,3,118,2.7999999999999545,8.076000000000022,1,2.0
119,ERROR_M,3,119,1.1299999999999955,4.790000000000077,0,2.0
119,ERROR_M,3,120,2.7859999999999445,4.312000000000012,1,2.0
119,ERROR_M,3,121,2.3519999999999754,4.543999999999983,1,2.0
119,ERROR_M,3,122,1.8700000000000045,8.410000000000082,0,2.0
119,ERROR_M,3,123,2.1219999999999573,3.80600000000004,1,2.0
119,ERROR_M,3,124,1.98599999999999,2.5679999999999836,0,2.0
119,ERROR_M,3,125,2.7060000000000173,6.423999999999978,1,2.0
119,ERROR_M,3,126,2.1399999999999864,3.1000000000000227,1,2.0
119,ERROR_M,3,127,3.1499999999999773,4.72199999999998,1,2.0
119,ERROR_M,3,128,1.58400000000006,9.085999999999899,0,2.0
119,ERROR_M,3,129,1.80600000000004,15.998000000000047,0,2.0
119,ERROR_M,3,130,1.8940000000000055,3.5219999999999345,0,2.0
119,ERROR_M,3,131,0.05200000000002092,0.7659999999999627,0,2.0
119,ERROR_M,3,132,2.9440000000000737,6.783999999999992,1,2.0
119,ERROR_M,3,133,2.48599999999999,7.093999999999937,1,2.0
119,ERROR_M,3,134,2.8220000000000027,7.740000000000123,1,2.0
119,ERROR_M,3,135,2.52599999999984,3.772000000000162,1,2.0
119,ERROR_M,3,136,2.571999999999889,3.3320000000001073,1,2.0
119,ERROR_M,3,137,2.0019999999999527,5.9220000000000255,1,2.0
119,ERROR_M,3,138,1.4880000000000564,7.507999999999811,0,2.0
119,ERROR_M,3,139,2.7200000000000273,5.864000000000033,1,2.0
119,ERROR_M,3,140,3.1359999999999673,8.024000000000115,1,2.0
119,ERROR_M,3,141,2.2359999999998763,4.1440000000000055,1,2.0
119,ERROR_M,3,142,2.1520000000000437,5.913999999999987,1,2.0
119,ERROR_M,3,143,1.6259999999999764,8.933999999999969,0,2.0
119,ERROR_M,3,144,2.5779999999999745,3.41800000000012,1,2.0
119,ERROR_M,3,145,2.41599999999994,3.6200000000001182,1,2.0
119,ERROR_M,3,146,2.2359999999998763,6.653999999999996,1,2.0
119,ERROR_M,3,147,1.6079999999999472,5.710000000000036,0,2.0
119,ERROR_M,3,148,1.990000000000009,8.454000000000178,0,2.0
119,ERROR_M,3,149,2.313999999999851,3.4960000000000946,1,2.0
119,ERROR_M,3,150,1.8479999999999563,2.9759999999998854,0,2.0
119,ERROR_M,3,151,2.296000000000049,4.764000000000124,1,2.0
119,ERROR_M,3,152,2.0739999999998417,7.72199999999998,1,2.0
119,ERROR_M,3,153,2.19600000000014,3.9379999999998745,1,2.0
119,ERROR_M,3,154,3.050000000000182,3.6639999999999873,1,2.0
119,ERROR_M,3,155,2.713999999999942,7.089999999999918,1,2.0
119,ERROR_M,3,156,2.566000000000031,6.774000000000115,1,2.0
119,ERROR_M,3,157,2.0499999999999545,7.301999999999907,1,2.0
119,ERROR_M,3,158,1.5260000000000673,4.0,0,2.0
119,ERROR_M,3,159,2.509999999999991,4.688000000000102,1,2.0
119,ERROR_M,3,160,2.1959999999999127,6.192000000000007,1,2.0
119,ERROR_M,3,161,2.433999999999969,8.134000000000015,1,2.0
119,ERROR_M,3,162,2.9320000000000164,7.723999999999933,1,2.0
119,ERROR_M,3,163,2.3300000000001546,5.49799999999982,1,2.0
119,ERROR_M,3,164,2.2360000000001037,7.80399999999986,1,2.0
119,ERROR_M,3,165,1.5440000000000964,7.673999999999978,0,2.0
119,ERROR_M,3,166,2.519999999999982,4.635999999999967,1,2.0
119,ERROR_M,3,167,0.6600000000000819,0.07400000000006912,0,2.0
119,ERROR_M,3,168,0.6859999999999218,8.814000000000078,0,2.0
119,ERROR_M,3,169,2.6440000000000055,3.2899999999999636,1,2.0
119,ERROR_M,3,170,2.5860000000000127,8.58400000000006,1,2.0
119,ERROR_M,3,171,1.8759999999999764,2.757999999999811,0,2.0
119,ERROR_M,3,172,2.8780000000001564,7.066000000000031,1,2.0
119,ERROR_M,3,173,2.1019999999998618,3.518000000000029,1,2.0
119,ERROR_M,3,174,2.66599999999994,4.104000000000042,1,2.0
119,ERROR_M,3,175,2.1079999999999472,3.6000000000001364,1,2.0
119,ERROR_M,3,176,1.8740000000000236,4.7159999999998945,0,2.0
119,ERROR_M,3,177,1.9259999999999309,6.02800000000002,0,2.0
119,ERROR_M,3,178,2.5160000000000764,0.08200000000010732,1,2.0
119,ERROR_M,3,179,0.03399999999987813,3.9880000000000564,0,2.0
119,ERROR_M,3,180,2.071999999999889,11.29600000000005,1,2.0
119,ERROR_M,3,181,1.7039999999999509,5.3680000000001655,0,2.0
119,ERROR_M,3,182,3.240000000000009,6.399999999999864,1,2.0
119,ERROR_M,3,183,2.3640000000000327,6.75,1,2.0
119,ERROR_M,3,184,2.5599999999999454,5.451999999999998,1,2.0
119,ERROR_M,3,185,1.7519999999999527,2.4500000000000455,0,2.0
119,ERROR_M,3,186,2.731999999999971,3.4320000000000164,1,2.0
119,ERROR_M,3,187,2.796000000000049,4.316000000000031,1,2.0
119,ERROR_M,3,188,2.5039999999999054,6.648000000000138,1,2.0
119,ERROR_M,3,189,1.981999999999971,4.402000000000044,0,2.0
119,ERROR_M,3,190,2.5419999999999163,5.781999999999925,1,2.0
119,ERROR_M,3,191,2.2920000000001437,7.847999999999956,1,2.0
119,ERROR_M,3,192,2.6959999999999127,3.6240000000000236,1,2.0
119,ERROR_M,3,193,4.5340000000001055,7.046000000000049,1,2.0
119,ERROR_M,3,194,3.245999999999867,7.3940000000000055,1,2.0
119,ERROR_M,3,195,2.6340000000000146,8.120000000000118,1,2.0
119,ERROR_M,3,196,2.185999999999922,4.192000000000007,1,2.0
119,ERROR_M,3,197,2.4020000000000437,5.480000000000018,1,2.0
119,ERROR_M,3,198,2.2999999999999545,6.695999999999913,1,2.0
119,ERROR_M,3,199,3.0060000000000855,4.647999999999911,1,2.0
119,ERROR_M,3,200,2.41599999999994,5.522000000000162,1,2.0
119,ERROR_M,3,201,0.03999999999996362,0.06199999999989814,0,2.0
119,ERROR_M,3,202,0.7980000000000018,7.930000000000064,0,2.0
119,ERROR_M,3,203,1.9919999999999618,50.374000000000024,0,2.0
119,ERROR_M,3,204,0.20000000000004547,38.42599999999993,0,2.0
119,ERROR_M,3,205,0.6700000000000728,447.64800000000014,0,2.0
119,ERROR_M,3,206,1.2860000000000582,4.181999999999789,0,2.0
119,ERROR_M,3,207,2.2979999999997744,4.372000000000298,1,2.0
119,ERROR_M,3,208,2.2039999999997235,7.3520000000003165,1,2.0
119,ERROR_M,3,209,1.5079999999998108,5.559999999999945,0,2.0
119,ERROR_M,3,210,2.423999999999978,8.898000000000138,1,2.0
119,ERROR_M,3,211,3.0779999999999745,3.4520000000002256,1,2.0
119,ERROR_M,3,212,2.5579999999999927,6.507999999999811,1,2.0
119,ERROR_M,3,213,1.94399999999996,5.690000000000055,0,2.0
119,ERROR_M,3,214,2.288000000000011,7.867999999999938,1,2.0
119,ERROR_M,3,215,2.106000000000222,8.210000000000036,1,2.0
119,ERROR_M,3,216,2.4899999999997817,7.936000000000149,1,2.0
119,ERROR_M,3,217,2.5160000000000764,4.073999999999614,1,2.0
119,ERROR_M,3,218,2.6380000000003747,8.423999999999978,1,2.0
119,ERROR_M,3,219,1.669999999999618,2.576000000000022,0,2.0
119,ERROR_M,3,220,2.0720000000001164,5.374000000000251,1,2.0
119,ERROR_M,3,221,2.105999999999767,7.686000000000149,1,2.0
119,ERROR_M,3,222,1.6679999999996653,5.50400000000036,0,2.0
119,ERROR_M,3,223,1.725999999999658,6.742000000000189,0,2.0
119,ERROR_M,3,224,2.380000000000109,5.751999999999953,1,2.0
119,ERROR_M,3,225,1.9540000000001783,3.7979999999997744,0,2.0
119,ERROR_M,3,226,2.826000000000022,6.364000000000033,1,2.0
119,ERROR_M,3,227,2.1920000000000073,4.938000000000102,1,2.0
119,ERROR_M,3,228,1.6759999999999309,6.867999999999938,0,2.0
119,ERROR_M,3,229,2.369999999999891,3.673999999999978,1,2.0
119,ERROR_M,3,230,2.4400000000000546,9.233999999999924,1,2.0
119,ERROR_M,3,231,2.132000000000062,7.9340000000001965,1,2.0
119,ERROR_M,3,232,2.3040000000000873,6.557999999999993,1,2.0
119,ERROR_M,3,233,1.6779999999998836,17.847999999999956,0,2.0
119,ERROR_M,3,234,2.505999999999858,6.878000000000156,1,2.0
119,ERROR_M,3,235,1.9600000000000364,2.8399999999996908,0,2.0
119,ERROR_M,3,236,2.2900000000004184,4.6479999999996835,1,2.0
119,ERROR_M,3,237,2.0799999999999272,6.0300000000002,1,2.0
119,ERROR_M,3,238,1.83199999999988,5.376000000000204,0,2.0
119,ERROR_M,3,239,1.9339999999997417,6.738000000000284,0,2.0
119,ERROR_M,3,240,2.4339999999997417,7.5900000000001455,1,2.0
119,ERROR_M,3,241,2.8200000000001637,8.58999999999969,1,2.0
119,ERROR_M,3,242,2.1840000000001965,7.041999999999916,1,2.0
119,ERROR_M,3,243,2.9960000000000946,3.987999999999829,1,2.0
119,ERROR_M,3,244,2.200000000000273,6.13799999999992,1,2.0
119,ERROR_M,3,245,1.5779999999999745,4.86200000000008,0,2.0
119,ERROR_M,3,246,2.44399999999996,7.5,1,2.0
119,ERROR_M,3,247,2.55600000000004,7.80600000000004,1,2.0
119,ERROR_M,3,248,2.099999999999909,8.493999999999687,1,2.0
119,ERROR_M,3,249,2.4540000000001783,12.786000000000058,1,2.0
119,ERROR_M,3,250,2.19399999999996,7.1840000000001965,1,2.0
119,ERROR_M,3,251,1.3399999999996908,6.445999999999913,0,2.0
119,ERROR_M,3,252,2.354000000000269,9.097999999999956,1,2.0
119,ERROR_M,3,253,1.9639999999999418,15.74200000000019,0,2.0
119,ERROR_M,3,254,2.0019999999999527,5.799999999999727,1,2.0
119,ERROR_M,3,255,1.9520000000002256,8.389999999999873,0,2.0
119,ERROR_M,3,256,3.124000000000251,4.5479999999997744,1,2.0
119,ERROR_M,3,257,1.4920000000001892,4.335999999999785,0,2.0
119,ERROR_M,3,258,2.318000000000211,4.367999999999938,1,2.0
119,ERROR_M,3,259,2.031999999999698,4.458000000000084,1,2.0
119,ERROR_M,3,260,1.731999999999971,6.114000000000033,0,2.0
119,ERROR_M,3,261,1.9020000000000437,11.885999999999967,0,2.0
119,ERROR_M,3,262,1.4500000000002728,8.591999999999643,0,2.0
119,ERROR_M,3,263,1.736000000000331,14.681999999999789,0,2.0
119,ERROR_M,3,264,1.9980000000000473,,0,2.0
120,ERROR_M,1,1,1.6359999999999992,3.945999999999998,0,2.0
120,ERROR_M,1,2,2.088000000000001,4.844000000000001,1,2.0
120,ERROR_M,1,3,0.09199999999999875,0.04200000000000159,0,2.0
120,ERROR_M,1,4,0.48799999999999955,8.756,0,2.0
120,ERROR_M,1,5,3.1700000000000017,7.707999999999998,1,2.0
120,ERROR_M,1,6,1.9860000000000042,8.262,0,2.0
120,ERROR_M,1,7,0.14799999999999613,0.10599999999999454,0,2.0
120,ERROR_M,1,8,0.1039999999999992,7.054000000000002,0,2.0
120,ERROR_M,1,9,2.1980000000000075,8.38199999999999,1,2.0
120,ERROR_M,1,10,0.020000000000010232,0.053999999999987836,0,2.0
120,ERROR_M,1,11,0.2920000000000016,9.590000000000003,0,2.0
120,ERROR_M,1,12,1.7120000000000033,5.189999999999998,0,2.0
120,ERROR_M,1,13,2.0619999999999976,5.396000000000001,1,2.0
120,ERROR_M,1,14,2.3100000000000023,3.3799999999999955,1,2.0
120,ERROR_M,1,15,3.2240000000000038,4.488000000000014,1,2.0
120,ERROR_M,1,16,1.9939999999999998,7.803999999999974,0,2.0
120,ERROR_M,1,17,2.5560000000000116,3.122000000000014,1,2.0
120,ERROR_M,1,18,2.853999999999985,5.123999999999995,1,2.0
120,ERROR_M,1,19,3.3859999999999957,7.731999999999999,1,2.0
120,ERROR_M,1,20,2.725999999999999,6.004000000000019,1,2.0
120,ERROR_M,1,21,2.3160000000000025,7.24199999999999,1,2.0
120,ERROR_M,1,22,0.49799999999999045,0.02200000000001978,0,2.0
120,ERROR_M,1,23,0.17799999999999727,4.23599999999999,0,2.0
120,ERROR_M,1,24,3.680000000000007,7.837999999999994,1,2.0
120,ERROR_M,1,25,4.725999999999999,8.412000000000006,1,2.0
120,ERROR_M,1,26,4.329999999999984,15.816000000000003,1,2.0
120,ERROR_M,1,27,2.7420000000000186,4.441999999999979,1,2.0
120,ERROR_M,1,28,3.576000000000022,9.99199999999999,1,2.0
120,ERROR_M,1,29,1.4519999999999982,3.587999999999994,0,2.0
120,ERROR_M,1,30,2.524000000000001,5.220000000000027,1,2.0
120,ERROR_M,1,31,3.2199999999999704,8.163999999999987,1,2.0
120,ERROR_M,1,32,0.23600000000004684,7.1299999999999955,0,2.0
120,ERROR_M,1,33,1.8319999999999936,8.947999999999979,0,2.0
120,ERROR_M,1,34,1.4139999999999873,5.632000000000005,0,2.0
120,ERROR_M,1,35,2.3079999999999927,6.234000000000037,1,2.0
120,ERROR_M,1,36,2.5459999999999923,8.927999999999997,1,2.0
120,ERROR_M,1,37,4.1580000000000155,5.069999999999993,1,2.0
120,ERROR_M,1,38,3.4219999999999686,16.138000000000034,1,2.0
120,ERROR_M,1,39,2.3979999999999677,6.962000000000046,1,2.0
120,ERROR_M,1,40,2.467999999999961,6.663999999999987,1,2.0
120,ERROR_M,1,41,2.391999999999996,3.948000000000036,1,2.0
120,ERROR_M,1,42,2.3100000000000023,4.788000000000011,1,2.0
120,ERROR_M,1,43,3.0159999999999627,5.352000000000032,1,2.0
120,ERROR_M,1,44,0.06799999999998363,0.132000000000005,0,2.0
120,ERROR_M,1,45,0.07799999999997453,10.924000000000035,0,2.0
120,ERROR_M,1,46,2.009999999999991,9.19599999999997,1,2.0
120,ERROR_M,1,47,3.7800000000000296,7.177999999999997,1,2.0
120,ERROR_M,1,48,2.6859999999999786,3.165999999999997,1,2.0
120,ERROR_M,1,49,3.656000000000006,4.824000000000012,1,2.0
120,ERROR_M,1,50,3.490000000000009,4.569999999999993,1,2.0
120,ERROR_M,1,51,3.8700000000000045,4.96999999999997,1,2.0
120,ERROR_M,1,52,4.494000000000028,5.946000000000026,1,2.0
120,ERROR_M,1,53,2.981999999999971,7.531999999999982,1,2.0
120,ERROR_M,1,54,4.734000000000037,8.323999999999955,1,2.0
120,ERROR_M,1,55,3.29200000000003,6.25,1,2.0
120,ERROR_M,1,56,2.697999999999979,8.521999999999991,1,2.0
120,ERROR_M,1,57,2.948000000000036,4.423999999999978,1,2.0
120,ERROR_M,1,58,5.310000000000059,35.25599999999997,1,2.0
120,ERROR_M,1,59,2.240000000000009,3.4180000000000064,1,2.0
120,ERROR_M,1,60,3.725999999999999,4.125999999999976,1,2.0
120,ERROR_M,1,61,4.418000000000006,4.759999999999991,1,2.0
120,ERROR_M,1,62,3.17999999999995,7.586000000000013,1,2.0
120,ERROR_M,1,63,2.447999999999979,3.914000000000101,1,2.0
120,ERROR_M,1,64,3.089999999999918,4.519999999999982,1,2.0
120,ERROR_M,1,65,2.451999999999998,6.106000000000108,1,2.0
120,ERROR_M,1,66,3.991999999999962,3.227999999999952,1,2.0
120,ERROR_M,1,67,3.29200000000003,7.625999999999976,1,2.0
120,ERROR_M,1,68,2.75,7.062000000000012,1,2.0
120,ERROR_M,1,69,3.8419999999999845,9.322000000000003,1,2.0
120,ERROR_M,1,70,3.197999999999979,9.07400000000007,1,2.0
120,ERROR_M,1,71,3.5839999999999463,4.440000000000055,1,2.0
120,ERROR_M,1,72,2.947999999999979,4.789999999999964,1,2.0
120,ERROR_M,1,73,3.9500000000000455,5.539999999999964,1,2.0
120,ERROR_M,1,74,3.9500000000000455,3.812000000000012,1,2.0
120,ERROR_M,1,75,0.30999999999994543,0.06799999999998363,0,2.0
120,ERROR_M,1,76,0.18200000000001637,10.975999999999999,0,2.0
120,ERROR_M,1,77,2.6259999999999764,5.552000000000021,1,2.0
120,ERROR_M,1,78,2.54200000000003,6.802000000000021,1,2.0
120,ERROR_M,1,79,3.8740000000000236,7.2439999999999145,1,2.0
120,ERROR_M,1,80,3.080000000000041,52.11400000000003,1,2.0
120,ERROR_M,1,81,0.20600000000001728,0.11199999999996635,0,2.0
120,ERROR_M,1,82,0.09600000000000364,156.48000000000002,0,2.0
120,ERROR_M,1,83,2.9279999999999973,8.933999999999969,1,2.0
120,ERROR_M,1,84,0.11000000000001364,0.029999999999972715,0,2.0
120,ERROR_M,1,85,0.18200000000001637,7.409999999999968,0,2.0
120,ERROR_M,1,86,3.20799999999997,13.29600000000005,1,2.0
120,ERROR_M,1,87,5.947999999999979,47.514000000000124,1,2.0
120,ERROR_M,1,88,3.7339999999999236,13.432000000000016,1,2.0
120,ERROR_M,1,89,8.230000000000018,4.265999999999849,1,2.0
120,ERROR_M,1,90,4.6180000000001655,128.91999999999985,1,2.0
120,ERROR_M,1,91,2.3420000000000982,7.5,1,2.0
120,ERROR_M,1,92,3.824000000000069,5.985999999999876,1,2.0
120,ERROR_M,1,93,3.69600000000014,3.8279999999999745,1,2.0
120,ERROR_M,1,94,3.755999999999858,4.372000000000071,1,2.0
120,ERROR_M,1,95,6.574000000000069,4.529999999999973,1,2.0
120,ERROR_M,1,96,4.988000000000056,4.155999999999949,1,2.0
120,ERROR_M,1,97,1.8279999999999745,0.021999999999934516,0,2.0
120,ERROR_M,1,98,0.2300000000000182,5.567999999999984,0,2.0
120,ERROR_M,1,99,4.372000000000071,5.324000000000069,1,2.0
120,ERROR_M,1,100,1.3799999999998818,5.836000000000013,0,2.0
120,ERROR_M,1,101,3.094000000000051,3.2899999999999636,1,2.0
120,ERROR_M,1,102,5.061999999999898,7.557999999999993,1,2.0
120,ERROR_M,1,103,2.1380000000001473,9.145999999999958,1,2.0
120,ERROR_M,1,104,2.7799999999999727,6.738000000000056,1,2.0
120,ERROR_M,1,105,4.488000000000056,16.04599999999982,1,2.0
120,ERROR_M,1,106,3.536000000000058,7.4500000000000455,1,2.0
120,ERROR_M,1,107,0.09199999999987085,0.10200000000008913,0,2.0
120,ERROR_M,1,108,0.11000000000012733,14.259999999999991,0,2.0
120,ERROR_M,1,109,3.3799999999998818,8.635999999999967,1,2.0
120,ERROR_M,1,110,2.867999999999938,5.120000000000118,1,2.0
120,ERROR_M,1,111,2.9300000000000637,3.627999999999929,1,2.0
120,ERROR_M,1,112,4.670000000000073,3.9139999999999873,1,2.0
120,ERROR_M,1,113,3.7339999999999236,5.432000000000016,1,2.0
120,ERROR_M,1,114,2.923999999999978,5.695999999999913,1,2.0
120,ERROR_M,1,115,3.338000000000193,6.8279999999999745,1,2.0
120,ERROR_M,1,116,4.041999999999916,6.481999999999971,1,2.0
120,ERROR_M,1,117,3.1920000000000073,19.48400000000015,1,2.0
120,ERROR_M,1,118,2.9139999999999873,4.1039999999998145,1,2.0
120,ERROR_M,1,119,5.734000000000151,4.02800000000002,1,2.0
120,ERROR_M,1,120,3.7200000000000273,13.151999999999816,1,2.0
120,ERROR_M,1,121,3.25200000000018,8.461999999999989,1,2.0
120,ERROR_M,1,122,3.8719999999998436,22.02800000000002,1,2.0
120,ERROR_M,1,123,2.47199999999998,9.406000000000176,1,2.0
120,ERROR_M,1,124,1.7559999999998581,5.302000000000135,0,2.0
120,ERROR_M,1,125,1.6299999999998818,7.930000000000064,0,2.0
120,ERROR_M,1,126,3.175999999999931,2.9220000000000255,1,2.0
120,ERROR_M,1,127,4.574000000000069,9.039999999999964,1,2.0
120,ERROR_M,1,128,0.18599999999992178,11.284000000000106,0,2.0
120,ERROR_M,1,129,2.839999999999918,3.3379999999999654,1,2.0
120,ERROR_M,1,130,3.6059999999999945,5.468000000000075,1,2.0
120,ERROR_M,1,131,3.9480000000000928,6.1440000000000055,1,2.0
120,ERROR_M,1,132,4.579999999999927,8.923999999999978,1,2.0
120,ERROR_M,1,133,2.66599999999994,8.076000000000022,1,2.0
120,ERROR_M,1,134,2.574000000000069,5.793999999999869,1,2.0
120,ERROR_M,1,135,3.012000000000171,3.8079999999999927,1,2.0
120,ERROR_M,1,136,1.9359999999999218,7.961999999999989,0,2.0
120,ERROR_M,1,137,3.1579999999999018,4.970000000000027,1,2.0
120,ERROR_M,1,138,2.3360000000000127,6.940000000000055,1,2.0
120,ERROR_M,1,139,2.9860000000001037,4.035999999999831,1,2.0
120,ERROR_M,1,140,5.464000000000169,6.261999999999944,1,2.0
120,ERROR_M,1,141,2.2280000000000655,5.835999999999785,1,2.0
120,ERROR_M,1,142,3.012000000000171,4.405999999999949,1,2.0
120,ERROR_M,1,143,2.201999999999998,7.173999999999978,1,2.0
120,ERROR_M,1,144,0.4519999999999982,0.09799999999995634,0,2.0
120,ERROR_M,1,145,0.18000000000006366,7.309999999999945,0,2.0
120,ERROR_M,1,146,2.1700000000000728,5.317999999999984,1,2.0
120,ERROR_M,1,147,3.622000000000071,10.182000000000016,1,2.0
120,ERROR_M,1,148,2.5739999999998417,7.802000000000135,1,2.0
120,ERROR_M,1,149,2.745999999999867,4.210000000000036,1,2.0
120,ERROR_M,1,150,3.230000000000018,8.938000000000102,1,2.0
120,ERROR_M,1,151,2.0019999999999527,10.355999999999995,1,2.0
120,ERROR_M,1,152,2.3360000000000127,8.811999999999898,1,2.0
120,ERROR_M,1,153,2.0579999999999927,3.5720000000001164,1,2.0
120,ERROR_M,1,154,3.8279999999999745,2.7799999999999727,1,2.0
120,ERROR_M,1,155,2.852000000000089,3.209999999999809,1,2.0
120,ERROR_M,1,156,5.540000000000191,4.487999999999829,1,2.0
120,ERROR_M,1,157,0.5779999999999745,0.057999999999992724,0,2.0
120,ERROR_M,1,158,0.2480000000000473,6.198000000000093,0,2.0
120,ERROR_M,1,159,3.2739999999998872,6.266000000000076,1,2.0
120,ERROR_M,1,160,2.8740000000000236,7.319999999999936,1,2.0
120,ERROR_M,1,161,2.5779999999999745,4.956000000000131,1,2.0
120,ERROR_M,1,162,3.8619999999998527,5.461999999999989,1,2.0
120,ERROR_M,1,163,2.046000000000049,5.107999999999947,1,2.0
120,ERROR_M,1,164,3.050000000000182,7.197999999999865,1,2.0
120,ERROR_M,1,165,2.036000000000058,3.8099999999999454,1,2.0
120,ERROR_M,1,166,4.054000000000087,11.865999999999985,1,2.0
120,ERROR_M,1,167,2.58400000000006,8.317999999999984,1,2.0
120,ERROR_M,1,168,1.3260000000000218,7.761999999999944,0,2.0
120,ERROR_M,1,169,0.29399999999986903,0.057999999999992724,0,2.0
120,ERROR_M,1,170,0.19600000000014006,9.667999999999893,0,2.0
120,ERROR_M,1,171,2.2380000000000564,16.107999999999947,1,2.0
120,ERROR_M,1,172,1.2100000000000364,3.854000000000042,0,2.0
120,ERROR_M,1,173,1.9860000000001037,4.643999999999778,0,2.0
120,ERROR_M,1,174,2.186000000000149,4.420000000000073,1,2.0
120,ERROR_M,1,175,1.849999999999909,2.6800000000000637,0,2.0
120,ERROR_M,1,176,1.6899999999998272,5.230000000000018,0,2.0
120,ERROR_M,1,177,1.7260000000001128,5.005999999999858,0,2.0
120,ERROR_M,1,178,2.1240000000000236,5.69600000000014,1,2.0
120,ERROR_M,1,179,2.213999999999942,3.2919999999999163,1,2.0
120,ERROR_M,1,180,2.484000000000151,4.163999999999987,1,2.0
120,ERROR_M,1,181,2.953999999999951,6.329999999999927,1,2.0
120,ERROR_M,1,182,3.214000000000169,6.604000000000042,1,2.0
120,ERROR_M,1,183,3.0299999999997453,8.57400000000007,1,2.0
120,ERROR_M,1,184,0.23799999999982901,0.15800000000035652,0,2.0
120,ERROR_M,1,185,0.05199999999967986,6.97400000000016,0,2.0
120,ERROR_M,1,186,2.0659999999998035,5.588000000000193,1,2.0
120,ERROR_M,1,187,2.576000000000022,7.5659999999998035,1,2.0
120,ERROR_M,1,188,0.23400000000037835,0.06999999999970896,0,2.0
120,ERROR_M,1,189,0.19399999999995998,12.38000000000011,0,2.0
120,ERROR_M,1,190,2.2480000000000473,8.059999999999945,1,2.0
120,ERROR_M,1,191,2.568000000000211,8.759999999999764,1,2.0
120,ERROR_M,1,192,2.405999999999949,8.666000000000167,1,2.0
120,ERROR_M,1,193,0.9400000000000546,0.05199999999967986,0,2.0
120,ERROR_M,1,194,0.24400000000014188,3.61200000000008,0,2.0
120,ERROR_M,1,195,2.449999999999818,7.251999999999953,1,2.0
120,ERROR_M,1,196,2.356000000000222,4.713999999999942,1,2.0
120,ERROR_M,1,197,3.8760000000002037,6.877999999999702,1,2.0
120,ERROR_M,1,198,2.538000000000011,4.220000000000255,1,2.0
120,ERROR_M,1,199,2.3299999999999272,4.817999999999756,1,2.0
120,ERROR_M,1,200,2.5820000000003347,5.675999999999931,1,2.0
120,ERROR_M,1,201,2.9960000000000946,5.155999999999949,1,2.0
120,ERROR_M,1,202,0.6880000000001019,0.06999999999970896,0,2.0
120,ERROR_M,1,203,0.16800000000012005,11.938000000000102,0,2.0
120,ERROR_M,1,204,2.326000000000022,8.103999999999814,1,2.0
120,ERROR_M,1,205,2.6340000000000146,3.018000000000029,1,2.0
120,ERROR_M,1,206,4.038000000000011,6.436000000000149,1,2.0
120,ERROR_M,1,207,1.2419999999997344,14.114000000000033,0,2.0
120,ERROR_M,1,208,2.036000000000058,5.882000000000062,1,2.0
120,ERROR_M,1,209,1.981999999999971,9.532000000000153,0,2.0
120,ERROR_M,1,210,2.85799999999972,12.579999999999927,1,2.0
120,ERROR_M,1,211,1.8580000000001746,9.16800000000012,0,2.0
120,ERROR_M,1,212,1.7559999999998581,6.579999999999927,0,2.0
120,ERROR_M,1,213,2.6720000000000255,6.639999999999873,1,2.0
120,ERROR_M,1,214,1.9900000000002365,36.79599999999982,0,2.0
120,ERROR_M,1,215,2.11200000000008,4.454000000000178,1,2.0
120,ERROR_M,1,216,1.9359999999996944,3.262000000000171,0,2.0
120,ERROR_M,1,217,2.824000000000069,4.057999999999993,1,2.0
120,ERROR_M,1,218,2.7660000000000764,5.319999999999709,1,2.0
120,ERROR_M,1,219,2.1340000000000146,6.048000000000229,1,2.0
120,ERROR_M,1,220,2.1159999999999854,3.875999999999749,1,2.0
120,ERROR_M,1,221,3.50400000000036,5.0099999999997635,1,2.0
120,ERROR_M,1,222,2.6979999999998654,7.524000000000342,1,2.0
120,ERROR_M,1,223,2.713999999999942,7.261999999999716,1,2.0
120,ERROR_M,1,224,2.3720000000002983,6.563999999999851,1,2.0
120,ERROR_M,1,225,3.324000000000069,7.423999999999978,1,2.0
120,ERROR_M,1,226,2.369999999999891,8.07400000000007,1,2.0
120,ERROR_M,1,227,2.288000000000011,6.304000000000087,1,2.0
120,ERROR_M,1,228,2.8159999999998035,6.678000000000338,1,2.0
120,ERROR_M,1,229,3.2739999999998872,7.5340000000001055,1,2.0
120,ERROR_M,1,230,2.4399999999996,3.9840000000003783,1,2.0
120,ERROR_M,1,231,1.91399999999976,7.132000000000062,0,2.0
120,ERROR_M,1,232,2.6660000000001673,3.788000000000011,1,2.0
120,ERROR_M,1,233,3.2539999999999054,6.991999999999734,1,2.0
120,ERROR_M,1,234,0.7420000000001892,0.06399999999985084,0,2.0
120,ERROR_M,1,235,0.22200000000020736,7.757999999999811,0,2.0
120,ERROR_M,1,236,2.3900000000003274,8.205999999999676,1,2.0
120,ERROR_M,1,237,2.061999999999898,5.122000000000298,1,2.0
120,ERROR_M,1,238,2.6799999999998363,5.903999999999996,1,2.0
120,ERROR_M,1,239,2.4039999999999964,4.204000000000178,1,2.0
120,ERROR_M,1,240,2.4760000000001128,4.8539999999998145,1,2.0
120,ERROR_M,1,241,2.617999999999938,8.286000000000058,1,2.0
120,ERROR_M,1,242,2.7040000000001783,10.018000000000029,1,2.0
120,ERROR_M,1,243,2.4079999999999018,63.57999999999993,1,2.0
120,ERROR_M,1,244,0.8899999999998727,342.2180000000003,0,2.0
120,ERROR_M,1,245,0.8419999999996435,,0,2.0
120,ERROR_M,2,1,0.47800000000000153,4.081999999999994,0,2.0
120,ERROR_M,2,2,2.1840000000000046,7.542000000000002,1,2.0
120,ERROR_M,2,3,1.5219999999999985,3.4499999999999957,0,2.0
120,ERROR_M,2,4,0.23000000000000398,0.0379999999999967,0,2.0
120,ERROR_M,2,5,0.1739999999999995,7.864000000000004,0,2.0
120,ERROR_M,2,6,1.6879999999999953,7.786000000000001,0,2.0
120,ERROR_M,2,7,0.0799999999999983,11.596000000000004,0,2.0
120,ERROR_M,2,8,2.6099999999999994,8.793999999999997,1,2.0
120,ERROR_M,2,9,2.567999999999998,8.604,1,2.0
120,ERROR_M,2,10,2.9520000000000124,3.1400000000000006,1,2.0
120,ERROR_M,2,11,3.4299999999999926,5.0,1,2.0
120,ERROR_M,2,12,4.018000000000001,4.969999999999999,1,2.0
120,ERROR_M,2,13,2.9259999999999877,2.4920000000000186,1,2.0
120,ERROR_M,2,14,3.7040000000000077,7.167999999999978,1,2.0
120,ERROR_M,2,15,2.225999999999999,3.4639999999999986,1,2.0
120,ERROR_M,2,16,3.146000000000015,6.205999999999989,1,2.0
120,ERROR_M,2,17,2.5080000000000098,4.581999999999994,1,2.0
120,ERROR_M,2,18,2.5459999999999923,6.740000000000009,1,2.0
120,ERROR_M,2,19,3.2079999999999984,5.445999999999998,1,2.0
120,ERROR_M,2,20,2.087999999999994,5.786000000000001,1,2.0
120,ERROR_M,2,21,2.3780000000000143,4.74199999999999,1,2.0
120,ERROR_M,2,22,2.701999999999998,4.256,1,2.0
120,ERROR_M,2,23,2.092000000000013,6.641999999999996,1,2.0
120,ERROR_M,2,24,0.020000000000010232,0.015999999999991132,0,2.0
120,ERROR_M,2,25,0.37000000000000455,9.054000000000002,0,2.0
120,ERROR_M,2,26,1.975999999999999,4.617999999999995,0,2.0
120,ERROR_M,2,27,1.538000000000011,5.506,0,2.0
120,ERROR_M,2,28,3.0619999999999834,7.842000000000013,1,2.0
120,ERROR_M,2,29,1.6539999999999964,3.108000000000004,0,2.0
120,ERROR_M,2,30,2.3379999999999654,3.891999999999996,1,2.0
120,ERROR_M,2,31,1.6720000000000255,5.165999999999997,0,2.0
120,ERROR_M,2,32,2.1140000000000327,5.949999999999989,1,2.0
120,ERROR_M,2,33,2.1259999999999764,6.831999999999994,1,2.0
120,ERROR_M,2,34,2.580000000000041,5.73599999999999,1,2.0
120,ERROR_M,2,35,1.9979999999999905,7.536000000000001,0,2.0
120,ERROR_M,2,36,2.4320000000000164,3.5299999999999727,1,2.0
120,ERROR_M,2,37,2.27800000000002,4.257999999999981,1,2.0
120,ERROR_M,2,38,2.2200000000000273,7.981999999999971,1,2.0
120,ERROR_M,2,39,1.8740000000000236,8.587999999999965,0,2.0
120,ERROR_M,2,40,2.4139999999999873,9.010000000000048,1,2.0
120,ERROR_M,2,41,1.7759999999999536,7.616000000000042,0,2.0
120,ERROR_M,2,42,1.4219999999999686,8.062000000000012,0,2.0
120,ERROR_M,2,43,1.5720000000000027,9.949999999999989,0,2.0
120,ERROR_M,2,44,0.9499999999999886,3.848000000000013,0,2.0
120,ERROR_M,2,45,1.0219999999999914,9.888000000000034,0,2.0
120,ERROR_M,2,46,1.7160000000000082,9.519999999999982,0,2.0
120,ERROR_M,2,47,1.302000000000021,5.311999999999955,0,2.0
120,ERROR_M,2,48,2.26400000000001,4.9839999999999804,1,2.0
120,ERROR_M,2,49,1.2360000000000468,5.0,0,2.0
120,ERROR_M,2,50,1.933999999999969,7.254000000000019,0,2.0
120,ERROR_M,2,51,1.896000000000015,4.599999999999966,0,2.0
120,ERROR_M,2,52,1.4560000000000173,2.4639999999999986,0,2.0
120,ERROR_M,2,53,1.8500000000000227,5.4979999999999905,0,2.0
120,ERROR_M,2,54,1.8619999999999663,6.682000000000016,0,2.0
120,ERROR_M,2,55,1.9180000000000064,7.493999999999971,0,2.0
120,ERROR_M,2,56,1.5840000000000032,4.2379999999999995,0,2.0
120,ERROR_M,2,57,2.6779999999999973,6.590000000000032,1,2.0
120,ERROR_M,2,58,1.3799999999999955,6.860000000000014,0,2.0
120,ERROR_M,2,59,0.027999999999963165,4.850000000000023,0,2.0
120,ERROR_M,2,60,1.3940000000000055,7.677999999999997,0,2.0
120,ERROR_M,2,61,1.579999999999984,2.5120000000000005,0,2.0
120,ERROR_M,2,62,2.079999999999984,6.734000000000037,1,2.0
120,ERROR_M,2,63,2.395999999999958,8.474000000000046,1,2.0
120,ERROR_M,2,64,2.066000000000031,4.5079999999999245,1,2.0
120,ERROR_M,2,65,1.872000000000071,3.6099999999999,0,2.0
120,ERROR_M,2,66,0.038000000000010914,11.988000000000056,0,2.0
120,ERROR_M,2,67,2.9739999999999327,3.02800000000002,1,2.0
120,ERROR_M,2,68,2.550000000000068,3.1480000000000246,1,2.0
120,ERROR_M,2,69,2.867999999999938,8.802000000000021,1,2.0
120,ERROR_M,2,70,2.0019999999999527,5.798000000000002,1,2.0
120,ERROR_M,2,71,1.7520000000000664,6.927999999999997,0,2.0
120,ERROR_M,2,72,0.5240000000000009,0.025999999999953616,0,2.0
120,ERROR_M,2,73,0.2620000000000573,9.017999999999915,0,2.0
120,ERROR_M,2,74,2.48599999999999,3.9300000000000637,1,2.0
120,ERROR_M,2,75,1.73599999999999,5.682000000000016,0,2.0
120,ERROR_M,2,76,2.0720000000000027,4.70799999999997,1,2.0
120,ERROR_M,2,77,1.94399999999996,10.938000000000102,0,2.0
120,ERROR_M,2,78,1.2419999999999618,4.385999999999967,0,2.0
120,ERROR_M,2,79,2.255999999999972,7.48599999999999,1,2.0
120,ERROR_M,2,80,1.87600000000009,6.833999999999946,0,2.0
120,ERROR_M,2,81,2.1240000000000236,6.980000000000018,1,2.0
120,ERROR_M,2,82,1.88799999999992,5.170000000000073,0,2.0
120,ERROR_M,2,83,1.8299999999999272,5.618000000000052,0,2.0
120,ERROR_M,2,84,0.13999999999998636,0.08000000000004093,0,2.0
120,ERROR_M,2,85,0.12000000000000455,11.709999999999923,0,2.0
120,ERROR_M,2,86,0.22400000000004638,0.04600000000004911,0,2.0
120,ERROR_M,2,87,0.2419999999999618,20.621999999999957,0,2.0
120,ERROR_M,2,88,1.5020000000000664,8.144000000000005,0,2.0
120,ERROR_M,2,89,1.90199999999993,3.094000000000051,0,2.0
120,ERROR_M,2,90,2.8439999999999372,3.6660000000000537,1,2.0
120,ERROR_M,2,91,1.8179999999999836,4.717999999999961,0,2.0
120,ERROR_M,2,92,2.1960000000000264,4.762000000000057,1,2.0
120,ERROR_M,2,93,2.349999999999909,6.932000000000016,1,2.0
120,ERROR_M,2,94,0.17600000000004457,0.05200000000002092,0,2.0
120,ERROR_M,2,95,0.14999999999997726,45.99000000000001,0,2.0
120,ERROR_M,2,96,0.8579999999999472,8.094000000000051,0,2.0
120,ERROR_M,2,97,1.0539999999999736,4.927999999999997,0,2.0
120,ERROR_M,2,98,2.2520000000000664,6.351999999999975,1,2.0
120,ERROR_M,2,99,1.2479999999999336,8.942000000000007,0,2.0
120,ERROR_M,2,100,1.5900000000000318,2.8479999999999563,0,2.0
120,ERROR_M,2,101,2.1059999999999945,6.164000000000101,1,2.0
120,ERROR_M,2,102,2.061999999999898,8.83800000000008,1,2.0
120,ERROR_M,2,103,1.92999999999995,8.327999999999975,0,2.0
120,ERROR_M,2,104,1.830000000000041,8.967999999999961,0,2.0
120,ERROR_M,2,105,2.29200000000003,4.442000000000007,1,2.0
120,ERROR_M,2,106,2.5819999999999936,8.399999999999977,1,2.0
120,ERROR_M,2,107,1.80600000000004,4.937999999999988,0,2.0
120,ERROR_M,2,108,2.701999999999998,5.653999999999996,1,2.0
120,ERROR_M,2,109,2.1900000000000546,9.629999999999995,1,2.0
120,ERROR_M,2,110,0.04399999999998272,0.07600000000002183,0,2.0
120,ERROR_M,2,111,0.12799999999992906,12.888000000000034,0,2.0
120,ERROR_M,2,112,1.7200000000000273,4.529999999999973,0,2.0
120,ERROR_M,2,113,2.2939999999999827,4.858000000000061,1,2.0
120,ERROR_M,2,114,2.5319999999999254,6.677999999999997,1,2.0
120,ERROR_M,2,115,0.2340000000000373,0.05200000000002092,0,2.0
120,ERROR_M,2,116,0.15199999999992997,14.662000000000035,0,2.0
120,ERROR_M,2,117,2.354000000000042,8.613999999999919,1,2.0
120,ERROR_M,2,118,2.008000000000038,3.966000000000008,1,2.0
120,ERROR_M,2,119,2.4400000000000546,5.113999999999919,1,2.0
120,ERROR_M,2,120,2.538000000000011,7.317999999999984,1,2.0
120,ERROR_M,2,121,2.1760000000000446,3.5779999999999745,1,2.0
120,ERROR_M,2,122,2.3199999999999363,8.38000000000011,1,2.0
120,ERROR_M,2,123,1.9539999999999509,7.928000000000111,0,2.0
120,ERROR_M,2,124,1.6879999999998745,8.246000000000095,0,2.0
120,ERROR_M,2,125,2.7000000000000455,8.293999999999869,1,2.0
120,ERROR_M,2,126,2.3659999999999854,4.238000000000056,1,2.0
120,ERROR_M,2,127,2.7100000000000364,6.326000000000022,1,2.0
120,ERROR_M,2,128,2.9939999999999145,8.8599999999999,1,2.0
120,ERROR_M,2,129,2.6360000000001946,2.741999999999962,1,2.0
120,ERROR_M,2,130,3.6079999999999472,6.1059999999999945,1,2.0
120,ERROR_M,2,131,2.2819999999999254,4.388000000000147,1,2.0
120,ERROR_M,2,132,1.9259999999999309,5.872000000000071,0,2.0
120,ERROR_M,2,133,1.8659999999999854,6.019999999999982,0,2.0
120,ERROR_M,2,134,2.30600000000004,4.157999999999902,1,2.0
120,ERROR_M,2,135,1.8659999999999854,4.55600000000004,0,2.0
120,ERROR_M,2,136,1.7919999999999163,3.3940000000000055,0,2.0
120,ERROR_M,2,137,2.1340000000000146,7.0340000000001055,1,2.0
120,ERROR_M,2,138,1.5460000000000491,5.403999999999996,0,2.0
120,ERROR_M,2,139,1.981999999999971,7.738000000000056,0,2.0
120,ERROR_M,2,140,2.1599999999998545,4.83400000000006,1,2.0
120,ERROR_M,2,141,3.173999999999978,6.692000000000007,1,2.0
120,ERROR_M,2,142,2.1340000000000146,8.213999999999942,1,2.0
120,ERROR_M,2,143,1.9120000000000346,5.079999999999927,0,2.0
120,ERROR_M,2,144,0.5140000000001237,0.05600000000004002,0,2.0
120,ERROR_M,2,145,0.40599999999994907,6.233999999999924,0,2.0
120,ERROR_M,2,146,1.6420000000000528,7.425999999999931,0,2.0
120,ERROR_M,2,147,1.8859999999999673,8.238000000000056,0,2.0
120,ERROR_M,2,148,1.4880000000000564,8.710000000000036,0,2.0
120,ERROR_M,2,149,2.3640000000000327,6.557999999999993,1,2.0
120,ERROR_M,2,150,2.3819999999998345,4.496000000000095,1,2.0
120,ERROR_M,2,151,2.7480000000000473,3.008000000000038,1,2.0
120,ERROR_M,2,152,3.0499999999999545,3.02800000000002,1,2.0
120,ERROR_M,2,153,2.6319999999998345,3.9139999999999873,1,2.0
120,ERROR_M,2,154,3.964000000000169,4.029999999999973,1,2.0
120,ERROR_M,2,155,1.990000000000009,4.679999999999836,0,2.0
120,ERROR_M,2,156,1.8040000000000873,5.6159999999999854,0,2.0
120,ERROR_M,2,157,1.7960000000000491,7.046000000000049,0,2.0
120,ERROR_M,2,158,2.22199999999998,6.031999999999925,1,2.0
120,ERROR_M,2,159,1.9300000000000637,7.2439999999999145,0,2.0
120,ERROR_M,2,160,1.5599999999999454,3.1840000000001965,0,2.0
120,ERROR_M,2,161,2.2199999999998,8.16800000000012,1,2.0
120,ERROR_M,2,162,1.183999999999969,0.06200000000012551,0,2.0
120,ERROR_M,2,163,0.1619999999998072,4.1720000000000255,0,2.0
120,ERROR_M,2,164,1.9139999999999873,3.3020000000001346,0,2.0
120,ERROR_M,2,165,2.6579999999999018,4.3659999999999854,1,2.0
120,ERROR_M,2,166,2.678000000000111,5.190000000000055,1,2.0
120,ERROR_M,2,167,1.7079999999998563,7.511999999999944,0,2.0
120,ERROR_M,2,168,1.990000000000009,6.72400000000016,0,2.0
120,ERROR_M,2,169,1.6539999999999964,6.939999999999827,0,2.0
120,ERROR_M,2,170,1.7480000000000473,8.120000000000118,0,2.0
120,ERROR_M,2,171,0.97199999999998,7.998000000000047,0,2.0
120,ERROR_M,2,172,1.6299999999998818,6.11200000000008,0,2.0
120,ERROR_M,2,173,1.5639999999998508,8.614000000000033,0,2.0
120,ERROR_M,2,174,2.410000000000082,4.7560000000000855,1,2.0
120,ERROR_M,2,175,1.9199999999998454,10.423999999999978,0,2.0
120,ERROR_M,2,176,1.984000000000151,5.597999999999956,0,2.0
120,ERROR_M,2,177,1.7839999999998781,56.590000000000146,0,2.0
120,ERROR_M,2,178,1.6319999999998345,3.0300000000002,0,2.0
120,ERROR_M,2,179,1.7579999999998108,4.636000000000195,0,2.0
120,ERROR_M,2,180,1.4099999999998545,7.357999999999947,0,2.0
120,ERROR_M,2,181,1.9680000000000746,5.723999999999933,0,2.0
120,ERROR_M,2,182,1.9120000000000346,6.433999999999969,0,2.0
120,ERROR_M,2,183,1.77800000000002,7.378000000000156,0,2.0
120,ERROR_M,2,184,2.4039999999999964,4.1159999999999854,1,2.0
120,ERROR_M,2,185,2.7519999999999527,5.175999999999931,1,2.0
120,ERROR_M,2,186,1.7860000000000582,6.344000000000051,0,2.0
120,ERROR_M,2,187,1.9099999999998545,4.332000000000107,0,2.0
120,ERROR_M,2,188,2.160000000000082,15.639999999999873,1,2.0
120,ERROR_M,2,189,1.7239999999999327,12.180000000000064,0,2.0
120,ERROR_M,2,190,1.5860000000000127,12.11200000000008,0,2.0
120,ERROR_M,2,191,1.6679999999998927,7.5219999999999345,0,2.0
120,ERROR_M,2,192,2.2260000000001128,8.317999999999984,1,2.0
120,ERROR_M,2,193,2.1200000000001182,15.145999999999958,1,2.0
120,ERROR_M,2,194,1.7359999999998763,4.188000000000102,0,2.0
120,ERROR_M,2,195,2.3599999999999,8.820000000000164,1,2.0
120,ERROR_M,2,196,2.2399999999997817,10.036000000000058,1,2.0
120,ERROR_M,2,197,2.1359999999999673,4.456000000000131,1,2.0
120,ERROR_M,2,198,1.7819999999999254,7.258000000000038,0,2.0
120,ERROR_M,2,199,2.1539999999999964,4.369999999999891,1,2.0
120,ERROR_M,2,200,1.75200000000018,3.8539999999998145,0,2.0
120,ERROR_M,2,201,1.9120000000000346,13.038000000000011,0,2.0
120,ERROR_M,2,202,2.1340000000000146,3.5920000000000982,1,2.0
120,ERROR_M,2,203,1.9039999999999964,11.152000000000044,0,2.0
120,ERROR_M,2,204,1.7959999999998217,70.24000000000001,0,2.0
120,ERROR_M,2,205,1.0620000000001255,8.854000000000042,0,2.0
120,ERROR_M,2,206,1.515999999999849,5.720000000000027,0,2.0
120,ERROR_M,2,207,1.933999999999969,5.484000000000151,0,2.0
120,ERROR_M,2,208,0.24799999999981992,0.06600000000003092,0,2.0
120,ERROR_M,2,209,0.13800000000014734,14.023999999999887,0,2.0
120,ERROR_M,2,210,1.9580000000000837,6.735999999999876,0,2.0
120,ERROR_M,2,211,1.4120000000000346,5.494000000000142,0,2.0
120,ERROR_M,2,212,2.05399999999986,7.346000000000004,1,2.0
120,ERROR_M,2,213,1.933999999999969,6.307999999999993,0,2.0
120,ERROR_M,2,214,2.066000000000031,7.826000000000022,1,2.0
120,ERROR_M,2,215,2.0540000000000873,5.705999999999904,1,2.0
120,ERROR_M,2,216,2.2100000000000364,4.663999999999987,1,2.0
120,ERROR_M,2,217,2.147999999999911,9.238000000000056,1,2.0
120,ERROR_M,2,218,1.740000000000009,5.354000000000042,0,2.0
120,ERROR_M,2,219,1.9420000000000073,5.55399999999986,0,2.0
120,ERROR_M,2,220,2.0620000000001255,6.917999999999893,1,2.0
120,ERROR_M,2,221,2.461999999999989,5.258000000000038,1,2.0
120,ERROR_M,2,222,2.1140000000000327,8.435999999999922,1,2.0
120,ERROR_M,2,223,2.0980000000001837,7.461999999999989,1,2.0
120,ERROR_M,2,224,0.07600000000002183,0.07399999999984175,0,2.0
120,ERROR_M,2,225,0.15200000000004366,7.192000000000007,0,2.0
120,ERROR_M,2,226,2.130000000000109,3.369999999999891,1,2.0
120,ERROR_M,2,227,2.602000000000089,4.793999999999869,1,2.0
120,ERROR_M,2,228,2.3859999999999673,3.768000000000029,1,2.0
120,ERROR_M,2,229,2.6400000000001,5.509999999999991,1,2.0
120,ERROR_M,2,230,2.490000000000009,7.147999999999911,1,2.0
120,ERROR_M,2,231,1.8980000000001382,8.786000000000058,0,2.0
120,ERROR_M,2,232,1.9679999999998472,3.7519999999999527,0,2.0
120,ERROR_M,2,233,1.7660000000000764,6.777999999999793,0,2.0
120,ERROR_M,2,234,2.3220000000001164,5.789999999999964,1,2.0
120,ERROR_M,2,235,2.155999999999949,5.173999999999978,1,2.0
120,ERROR_M,2,236,1.9500000000002728,6.223999999999705,0,2.0
120,ERROR_M,2,237,1.4020000000000437,7.338000000000193,0,2.0
120,ERROR_M,2,238,2.2899999999999636,4.447999999999865,1,2.0
120,ERROR_M,2,239,3.1080000000001746,7.456000000000131,1,2.0
120,ERROR_M,2,240,2.0719999999996617,8.153999999999996,1,2.0
120,ERROR_M,2,241,1.6280000000001564,5.427999999999884,0,2.0
120,ERROR_M,2,242,2.132000000000062,4.414000000000215,1,2.0
120,ERROR_M,2,243,1.9659999999998945,5.148000000000138,0,2.0
120,ERROR_M,2,244,1.4539999999997235,7.86200000000008,0,2.0
120,ERROR_M,2,245,1.3519999999998618,8.096000000000004,0,2.0
120,ERROR_M,2,246,1.800000000000182,2.7280000000000655,0,2.0
120,ERROR_M,2,247,2.5140000000001237,3.3919999999998254,1,2.0
120,ERROR_M,2,248,1.8679999999999382,4.80600000000004,0,2.0
120,ERROR_M,2,249,1.4839999999999236,6.686000000000149,0,2.0
120,ERROR_M,2,250,2.288000000000011,5.85799999999972,1,2.0
120,ERROR_M,2,251,2.1720000000000255,7.0,1,2.0
120,ERROR_M,2,252,1.4220000000000255,6.300000000000182,0,2.0
120,ERROR_M,2,253,1.75,8.099999999999909,0,2.0
120,ERROR_M,2,254,1.8960000000001855,3.7159999999998945,0,2.0
120,ERROR_M,2,255,1.8079999999999927,5.737999999999829,0,2.0
120,ERROR_M,2,256,1.8220000000001164,7.344000000000051,0,2.0
120,ERROR_M,2,257,2.173999999999978,8.094000000000051,1,2.0
120,ERROR_M,2,258,1.3600000000001273,8.917999999999665,0,2.0
120,ERROR_M,2,259,1.8960000000001855,3.44399999999996,0,2.0
120,ERROR_M,2,260,2.043999999999869,4.302000000000135,1,2.0
120,ERROR_M,2,261,2.6239999999997963,3.450000000000273,1,2.0
120,ERROR_M,2,262,2.7219999999997526,10.774000000000342,1,2.0
120,ERROR_M,2,263,1.125999999999749,6.369999999999891,0,2.0
120,ERROR_M,2,264,1.8460000000000036,7.2020000000002256,0,2.0
120,ERROR_M,2,265,1.97400000000016,5.207999999999629,0,2.0
120,ERROR_M,2,266,2.350000000000364,8.293999999999869,1,2.0
120,ERROR_M,2,267,0.06199999999989814,0.07200000000011642,0,2.0
120,ERROR_M,2,268,0.13200000000006185,11.665999999999713,0,2.0
120,ERROR_M,2,269,1.7600000000002183,8.817999999999756,0,2.0
120,ERROR_M,2,270,1.912000000000262,5.052000000000135,0,2.0
120,ERROR_M,2,271,1.9639999999999418,7.846000000000004,0,2.0
120,ERROR_M,2,272,2.0659999999998035,4.574000000000069,1,2.0
120,ERROR_M,2,273,3.0839999999998327,5.349999999999909,1,2.0
120,ERROR_M,2,274,3.4200000000000728,3.2380000000002838,1,2.0
120,ERROR_M,2,275,0.6439999999997781,0.068000000000211,0,2.0
120,ERROR_M,2,276,0.3420000000000982,6.967999999999847,0,2.0
120,ERROR_M,2,277,2.155999999999949,6.8960000000001855,1,2.0
120,ERROR_M,2,278,1.7159999999998945,2.731999999999971,0,2.0
120,ERROR_M,2,279,2.324000000000069,6.493999999999687,1,2.0
120,ERROR_M,2,280,2.762000000000171,7.427999999999884,1,2.0
120,ERROR_M,2,281,1.7480000000000473,3.242000000000189,0,2.0
120,ERROR_M,2,282,2.538000000000011,6.188000000000102,1,2.0
120,ERROR_M,2,283,1.6839999999997417,8.664000000000215,0,2.0
120,ERROR_M,2,284,1.7779999999997926,5.096000000000004,0,2.0
120,ERROR_M,2,285,1.58199999999988,66.92399999999998,0,2.0
120,ERROR_M,2,286,0.6720000000000255,156.80600000000004,0,2.0
120,ERROR_M,2,287,1.5960000000000036,6.389999999999873,0,2.0
120,ERROR_M,2,288,1.7040000000001783,7.166000000000167,0,2.0
120,ERROR_M,2,289,1.9780000000000655,7.13799999999992,0,2.0
120,ERROR_M,2,290,1.8040000000000873,8.151999999999589,0,2.0
120,ERROR_M,2,291,1.4420000000000073,4.400000000000091,0,2.0
120,ERROR_M,2,292,2.25,6.635999999999967,1,2.0
120,ERROR_M,2,293,2.1920000000000073,6.5340000000001055,1,2.0
120,ERROR_M,2,294,2.313999999999851,8.981999999999971,1,2.0
120,ERROR_M,2,295,1.9780000000000655,3.856000000000222,0,2.0
120,ERROR_M,2,296,2.0679999999997563,6.7840000000001055,1,2.0
120,ERROR_M,2,297,1.7800000000002,7.243999999999687,0,2.0
120,ERROR_M,2,298,1.6820000000002437,2.9339999999997417,0,2.0
120,ERROR_M,2,299,2.588000000000193,8.934000000000196,1,2.0
120,ERROR_M,2,300,1.6499999999996362,6.276000000000295,0,2.0
120,ERROR_M,2,301,2.2799999999997453,5.932000000000244,1,2.0
120,ERROR_M,2,302,2.4459999999999127,5.16399999999976,1,2.0
120,ERROR_M,2,303,1.468000000000302,7.235999999999876,0,2.0
120,ERROR_M,2,304,1.9140000000002146,7.843999999999596,0,2.0
120,ERROR_M,2,305,1.2760000000002947,8.92599999999993,0,2.0
120,ERROR_M,2,306,1.9459999999999127,4.074000000000069,0,2.0
120,ERROR_M,2,307,2.1599999999998545,8.582000000000335,1,2.0
120,ERROR_M,2,308,1.5199999999999818,8.265999999999622,0,2.0
120,ERROR_M,2,309,2.368000000000393,5.001999999999953,1,2.0
120,ERROR_M,2,310,2.632000000000062,9.13799999999992,1,2.0
120,ERROR_M,2,311,2.3719999999998436,4.25,1,2.0
120,ERROR_M,2,312,2.0900000000001455,20.554000000000087,1,2.0
120,ERROR_M,2,313,1.6199999999998909,,0,2.0
120,ERROR_M,3,1,1.0519999999999996,7.143999999999998,0,2.0
120,ERROR_M,3,2,1.6940000000000026,8.055999999999997,0,2.0
120,ERROR_M,3,3,2.25,3.2420000000000044,1,2.0
120,ERROR_M,3,4,2.3419999999999987,9.009999999999998,1,2.0
120,ERROR_M,3,5,2.186000000000007,2.7879999999999967,1,2.0
120,ERROR_M,3,6,0.027999999999991587,8.920000000000002,0,2.0
120,ERROR_M,3,7,1.7280000000000086,3.7419999999999902,0,2.0
120,ERROR_M,3,8,2.368000000000009,4.457999999999998,1,2.0
120,ERROR_M,3,9,2.397999999999996,5.25,1,2.0
120,ERROR_M,3,10,1.7819999999999965,5.730000000000004,0,2.0
120,ERROR_M,3,11,1.9200000000000017,4.441999999999993,0,2.0
120,ERROR_M,3,12,2.5560000000000116,6.23599999999999,1,2.0
120,ERROR_M,3,13,2.0420000000000016,6.396000000000001,1,2.0
120,ERROR_M,3,14,1.7340000000000089,5.181999999999988,0,2.0
120,ERROR_M,3,15,1.9660000000000082,6.677999999999997,0,2.0
120,ERROR_M,3,16,0.9879999999999995,7.852000000000004,0,2.0
120,ERROR_M,3,17,1.7879999999999825,8.138000000000005,0,2.0
120,ERROR_M,3,18,2.1880000000000166,4.3160000000000025,1,2.0
120,ERROR_M,3,19,0.34600000000000364,0.03999999999999204,0,2.0
120,ERROR_M,3,20,0.16399999999998727,7.414000000000016,0,2.0
120,ERROR_M,3,21,1.9239999999999782,2.5160000000000196,0,2.0
120,ERROR_M,3,22,3.274000000000001,3.9639999999999986,1,2.0
120,ERROR_M,3,23,0.9559999999999889,15.926000000000016,0,2.0
120,ERROR_M,3,24,2.2920000000000016,3.8799999999999955,1,2.0
120,ERROR_M,3,25,2.2779999999999916,3.6639999999999873,1,2.0
120,ERROR_M,3,26,0.03200000000001069,0.0519999999999925,0,2.0
120,ERROR_M,3,27,0.27600000000001046,12.072000000000003,0,2.0
120,ERROR_M,3,28,1.6339999999999861,5.862000000000023,0,2.0
120,ERROR_M,3,29,2.137999999999977,6.296000000000021,1,2.0
120,ERROR_M,3,30,2.671999999999997,6.609999999999985,1,2.0
120,ERROR_M,3,31,2.146000000000015,5.754000000000019,1,2.0
120,ERROR_M,3,32,1.92999999999995,7.680000000000007,0,2.0
120,ERROR_M,3,33,1.9560000000000173,7.245999999999981,0,2.0
120,ERROR_M,3,34,2.2660000000000196,5.420000000000016,1,2.0
120,ERROR_M,3,35,1.9219999999999686,3.1779999999999973,0,2.0
120,ERROR_M,3,36,2.8319999999999936,7.668000000000006,1,2.0
120,ERROR_M,3,37,2.0880000000000223,4.060000000000002,1,2.0
120,ERROR_M,3,38,2.329999999999984,6.454000000000008,1,2.0
120,ERROR_M,3,39,2.0539999999999736,8.26600000000002,1,2.0
120,ERROR_M,3,40,1.8480000000000132,8.139999999999986,0,2.0
120,ERROR_M,3,41,2.5079999999999814,5.786000000000001,1,2.0
120,ERROR_M,3,42,2.608000000000004,4.506000000000029,1,2.0
120,ERROR_M,3,43,2.5299999999999727,3.6820000000000164,1,2.0
120,ERROR_M,3,44,2.910000000000025,5.632000000000005,1,2.0
120,ERROR_M,3,45,2.4839999999999804,4.743999999999971,1,2.0
120,ERROR_M,3,46,2.3640000000000327,5.975999999999999,1,2.0
120,ERROR_M,3,47,2.608000000000004,7.551999999999964,1,2.0
120,ERROR_M,3,48,2.7860000000000014,6.307999999999993,1,2.0
120,ERROR_M,3,49,2.5680000000000405,6.7520000000000095,1,2.0
120,ERROR_M,3,50,2.3139999999999645,3.8000000000000114,1,2.0
120,ERROR_M,3,51,3.315999999999974,4.004000000000019,1,2.0
120,ERROR_M,3,52,4.218000000000018,6.774000000000001,1,2.0
120,ERROR_M,3,53,2.73599999999999,8.379999999999995,1,2.0
120,ERROR_M,3,54,1.5740000000000123,0.09800000000001319,0,2.0
120,ERROR_M,3,55,0.031999999999982265,9.045999999999992,0,2.0
120,ERROR_M,3,56,2.1779999999999973,4.410000000000025,1,2.0
120,ERROR_M,3,57,2.305999999999983,7.7620000000000005,1,2.0
120,ERROR_M,3,58,3.2799999999999727,8.036000000000001,1,2.0
120,ERROR_M,3,59,2.7280000000000086,6.069999999999993,1,2.0
120,ERROR_M,3,60,2.930000000000007,3.5360000000000014,1,2.0
120,ERROR_M,3,61,3.4499999999999886,7.331999999999994,1,2.0
120,ERROR_M,3,62,2.3640000000000327,3.6639999999999873,1,2.0
120,ERROR_M,3,63,2.3780000000000427,7.94399999999996,1,2.0
120,ERROR_M,3,64,2.32000000000005,6.099999999999909,1,2.0
120,ERROR_M,3,65,2.580000000000041,6.645999999999958,1,2.0
120,ERROR_M,3,66,2.7380000000000564,7.850000000000023,1,2.0
120,ERROR_M,3,67,2.5459999999999354,5.314000000000078,1,2.0
120,ERROR_M,3,68,2.9939999999999145,4.268000000000029,1,2.0
120,ERROR_M,3,69,2.9420000000000073,5.046000000000049,1,2.0
120,ERROR_M,3,70,2.0159999999999627,7.018000000000029,1,2.0
120,ERROR_M,3,71,2.169999999999959,3.518000000000029,1,2.0
120,ERROR_M,3,72,2.1960000000000264,6.5499999999999545,1,2.0
120,ERROR_M,3,73,1.6539999999999964,7.30600000000004,0,2.0
120,ERROR_M,3,74,2.1580000000000155,7.909999999999968,1,2.0
120,ERROR_M,3,75,1.9039999999999964,8.388000000000034,0,2.0
120,ERROR_M,3,76,1.8559999999999945,8.8599999999999,0,2.0
120,ERROR_M,3,77,1.8800000000001091,16.307999999999993,0,2.0
120,ERROR_M,3,78,1.3259999999999081,43.04600000000005,0,2.0
120,ERROR_M,3,79,0.6879999999999882,18.104000000000042,0,2.0
120,ERROR_M,3,80,0.053999999999973625,139.29999999999995,0,2.0
120,ERROR_M,3,81,1.1520000000000437,8.889999999999986,0,2.0
120,ERROR_M,3,82,1.76400000000001,3.8859999999999673,0,2.0
120,ERROR_M,3,83,2.4080000000000155,7.046000000000049,1,2.0
120,ERROR_M,3,84,1.6119999999999663,6.73599999999999,0,2.0
120,ERROR_M,3,85,1.858000000000061,8.227999999999952,0,2.0
120,ERROR_M,3,86,2.604000000000042,4.8139999999999645,1,2.0
120,ERROR_M,3,87,2.0119999999999436,8.057999999999993,1,2.0
120,ERROR_M,3,88,1.9980000000000473,5.173999999999978,0,2.0
120,ERROR_M,3,89,1.802000000000021,4.132000000000062,0,2.0
120,ERROR_M,3,90,3.1919999999998936,8.680000000000064,1,2.0
120,ERROR_M,3,91,2.3319999999999936,7.124000000000024,1,2.0
120,ERROR_M,3,92,2.0739999999999554,7.594000000000051,1,2.0
120,ERROR_M,3,93,1.8379999999999654,4.9080000000000155,0,2.0
120,ERROR_M,3,94,2.04200000000003,5.19399999999996,1,2.0
120,ERROR_M,3,95,1.9940000000000282,5.76400000000001,0,2.0
120,ERROR_M,3,96,2.2679999999999154,4.190000000000055,1,2.0
120,ERROR_M,3,97,2.466000000000008,4.783999999999992,1,2.0
120,ERROR_M,3,98,2.47199999999998,6.6059999999999945,1,2.0
120,ERROR_M,3,99,2.2659999999999627,5.962000000000103,1,2.0
120,ERROR_M,3,100,2.759999999999991,6.029999999999973,1,2.0
120,ERROR_M,3,101,2.4480000000000928,7.477999999999838,1,2.0
120,ERROR_M,3,102,2.3020000000001346,4.1159999999999854,1,2.0
120,ERROR_M,3,103,2.326000000000022,6.491999999999962,1,2.0
120,ERROR_M,3,104,1.4880000000000564,4.745999999999867,0,2.0
120,ERROR_M,3,105,1.97199999999998,18.73199999999997,0,2.0
120,ERROR_M,3,106,1.7840000000001055,3.6599999999998545,0,2.0
120,ERROR_M,3,107,2.4540000000001783,5.867999999999938,1,2.0
120,ERROR_M,3,108,2.0960000000000036,8.723999999999933,1,2.0
120,ERROR_M,3,109,1.8780000000001564,7.677999999999884,0,2.0
120,ERROR_M,3,110,1.8840000000000146,3.160000000000082,0,2.0
120,ERROR_M,3,111,1.949999999999818,7.008000000000038,0,2.0
120,ERROR_M,3,112,1.8220000000001164,5.945999999999913,0,2.0
120,ERROR_M,3,113,2.008000000000038,7.8659999999999854,1,2.0
120,ERROR_M,3,114,1.7539999999999054,7.722000000000207,0,2.0
120,ERROR_M,3,115,1.3999999999998636,3.880000000000109,0,2.0
120,ERROR_M,3,116,2.033999999999878,6.822000000000116,1,2.0
120,ERROR_M,3,117,1.8919999999998254,9.80800000000022,0,2.0
120,ERROR_M,3,118,2.201999999999998,7.589999999999918,1,2.0
120,ERROR_M,3,119,1.2760000000000673,5.491999999999962,0,2.0
120,ERROR_M,3,120,2.731999999999971,7.122000000000071,1,2.0
120,ERROR_M,3,121,1.265999999999849,7.378000000000156,0,2.0
120,ERROR_M,3,122,1.9839999999999236,5.019999999999982,0,2.0
120,ERROR_M,3,123,2.3479999999999563,4.178000000000111,1,2.0
120,ERROR_M,3,124,2.3940000000000055,7.995999999999867,1,2.0
120,ERROR_M,3,125,0.3500000000001364,0.07999999999992724,0,2.0
120,ERROR_M,3,126,0.15000000000009095,9.259999999999991,0,2.0
120,ERROR_M,3,127,1.8460000000000036,4.591999999999871,0,2.0
120,ERROR_M,3,128,2.268000000000029,9.486000000000104,1,2.0
120,ERROR_M,3,129,1.3759999999999764,3.673999999999978,0,2.0
120,ERROR_M,3,130,0.2159999999998945,0.09799999999995634,0,2.0
120,ERROR_M,3,131,0.12800000000015643,17.104000000000042,0,2.0
120,ERROR_M,3,132,1.487999999999829,6.5620000000001255,0,2.0
120,ERROR_M,3,133,1.88799999999992,3.786000000000058,0,2.0
120,ERROR_M,3,134,2.3940000000000055,8.101999999999862,1,2.0
120,ERROR_M,3,135,1.4080000000001291,3.117999999999938,0,2.0
120,ERROR_M,3,136,2.536000000000058,6.417999999999893,1,2.0
120,ERROR_M,3,137,2.4860000000001037,6.9780000000000655,1,2.0
120,ERROR_M,3,138,2.5139999999998963,4.076000000000022,1,2.0
120,ERROR_M,3,139,1.594000000000051,3.758000000000038,0,2.0
120,ERROR_M,3,140,2.349999999999909,5.619999999999891,1,2.0
120,ERROR_M,3,141,1.772000000000162,5.511999999999944,0,2.0
120,ERROR_M,3,142,2.4039999999999964,3.8559999999999945,1,2.0
120,ERROR_M,3,143,2.2180000000000746,7.0499999999999545,1,2.0
120,ERROR_M,3,144,1.58199999999988,4.240000000000009,0,2.0
120,ERROR_M,3,145,1.8500000000001364,11.337999999999965,0,2.0
120,ERROR_M,3,146,1.2159999999998945,5.711999999999989,0,2.0
120,ERROR_M,3,147,3.7920000000001437,6.259999999999991,1,2.0
120,ERROR_M,3,148,2.647999999999911,5.298000000000002,1,2.0
120,ERROR_M,3,149,2.2740000000001146,7.897999999999911,1,2.0
120,ERROR_M,3,150,1.3840000000000146,8.337999999999965,0,2.0
120,ERROR_M,3,151,1.9100000000000819,4.023999999999887,0,2.0
120,ERROR_M,3,152,3.1520000000000437,8.370000000000118,1,2.0
120,ERROR_M,3,153,1.7859999999998308,8.71400000000017,0,2.0
120,ERROR_M,3,154,2.7679999999998017,7.662000000000035,1,2.0
120,ERROR_M,3,155,1.9880000000000564,5.347999999999956,0,2.0
120,ERROR_M,3,156,2.3220000000001164,7.8279999999999745,1,2.0
120,ERROR_M,3,157,1.759999999999991,6.589999999999918,0,2.0
120,ERROR_M,3,158,1.961999999999989,6.648000000000138,0,2.0
120,ERROR_M,3,159,1.5139999999998963,6.662000000000035,0,2.0
120,ERROR_M,3,160,1.9680000000000746,3.033999999999878,0,2.0
120,ERROR_M,3,161,2.405999999999949,6.370000000000118,1,2.0
120,ERROR_M,3,162,2.4020000000000437,5.344000000000051,1,2.0
120,ERROR_M,3,163,2.185999999999922,6.594000000000051,1,2.0
120,ERROR_M,3,164,2.0459999999998217,6.776000000000067,1,2.0
120,ERROR_M,3,165,2.655999999999949,8.906000000000176,1,2.0
120,ERROR_M,3,166,1.9939999999999145,7.6159999999999854,0,2.0
120,ERROR_M,3,167,1.4860000000001037,8.155999999999949,0,2.0
120,ERROR_M,3,168,2.173999999999978,14.026000000000067,1,2.0
120,ERROR_M,3,169,0.2719999999999345,0.14599999999995816,0,2.0
120,ERROR_M,3,170,0.057999999999992724,10.846000000000004,0,2.0
120,ERROR_M,3,171,2.0160000000000764,7.583999999999833,1,2.0
120,ERROR_M,3,172,1.3660000000002128,8.631999999999834,0,2.0
120,ERROR_M,3,173,2.201999999999998,8.292000000000144,1,2.0
120,ERROR_M,3,174,2.173999999999978,7.907999999999902,1,2.0
120,ERROR_M,3,175,1.9200000000000728,9.781999999999925,0,2.0
120,ERROR_M,3,176,1.6759999999999309,149.5300000000002,0,2.0
120,ERROR_M,3,177,0.34999999999990905,169.21399999999994,0,2.0
120,ERROR_M,3,178,1.6200000000001182,8.631999999999834,0,2.0
120,ERROR_M,3,179,1.8260000000000218,4.226000000000113,0,2.0
120,ERROR_M,3,180,2.36200000000008,4.798000000000002,1,2.0
120,ERROR_M,3,181,1.0839999999998327,10.350000000000136,0,2.0
120,ERROR_M,3,182,1.6499999999998636,7.926000000000158,0,2.0
120,ERROR_M,3,183,1.759999999999991,7.967999999999847,0,2.0
120,ERROR_M,3,184,2.58199999999988,8.736000000000331,1,2.0
120,ERROR_M,3,185,2.4079999999999018,8.75,1,2.0
120,ERROR_M,3,186,1.681999999999789,5.61200000000008,0,2.0
120,ERROR_M,3,187,2.1539999999999964,5.766000000000076,1,2.0
120,ERROR_M,3,188,1.4960000000000946,4.092000000000098,0,2.0
120,ERROR_M,3,189,2.093999999999596,6.998000000000047,1,2.0
120,ERROR_M,3,190,2.206000000000131,7.251999999999953,1,2.0
120,ERROR_M,3,191,2.0660000000002583,8.135999999999967,1,2.0
120,ERROR_M,3,192,1.6199999999998909,6.070000000000164,0,2.0
120,ERROR_M,3,193,1.8919999999998254,5.148000000000138,0,2.0
120,ERROR_M,3,194,2.169999999999618,3.6480000000001382,1,2.0
120,ERROR_M,3,195,2.0700000000001637,4.731999999999971,1,2.0
120,ERROR_M,3,196,2.2899999999999636,6.373999999999796,1,2.0
120,ERROR_M,3,197,1.80600000000004,3.9880000000002838,0,2.0
120,ERROR_M,3,198,1.8159999999998035,5.322000000000116,0,2.0
120,ERROR_M,3,199,1.4360000000001492,4.881999999999607,0,2.0
120,ERROR_M,3,200,2.4780000000000655,5.402000000000044,1,2.0
120,ERROR_M,3,201,0.8560000000002219,4.385999999999967,0,2.0
120,ERROR_M,3,202,0.5360000000000582,0.06399999999985084,0,2.0
120,ERROR_M,3,203,0.1639999999997599,6.562000000000353,0,2.0
120,ERROR_M,3,204,1.5479999999997744,6.367999999999938,0,2.0
120,ERROR_M,3,205,2.2100000000000364,5.001999999999953,1,2.0
120,ERROR_M,3,206,0.80600000000004,7.764000000000124,0,2.0
120,ERROR_M,3,207,1.818000000000211,16.32199999999966,0,2.0
120,ERROR_M,3,208,1.7899999999999636,6.938000000000102,0,2.0
120,ERROR_M,3,209,2.0399999999999636,,1,2.0
121,ERROR_M,1,1,3.655999999999999,3.838000000000001,1,2.0
121,ERROR_M,1,2,2.584000000000003,7.527999999999999,1,2.0
121,ERROR_M,1,3,3.211999999999996,6.504000000000005,1,2.0
121,ERROR_M,1,4,2.186,7.574000000000005,1,2.0
121,ERROR_M,1,5,1.3279999999999887,0.02400000000000091,0,2.0
121,ERROR_M,1,6,0.18200000000000216,8.626000000000005,0,2.0
121,ERROR_M,1,7,0.8719999999999999,0.04200000000000159,0,2.0
121,ERROR_M,1,8,0.1599999999999966,3.783999999999992,0,2.0
121,ERROR_M,1,9,3.798000000000002,2.936000000000007,1,2.0
121,ERROR_M,1,10,0.5319999999999965,0.012000000000000455,0,2.0
121,ERROR_M,1,11,0.18999999999999773,30.414,0,2.0
121,ERROR_M,1,12,1.2560000000000002,0.02400000000000091,0,2.0
121,ERROR_M,1,13,0.17799999999999727,5.234000000000009,0,2.0
121,ERROR_M,1,14,5.0460000000000065,6.307999999999993,1,2.0
121,ERROR_M,1,15,3.391999999999996,8.77600000000001,1,2.0
121,ERROR_M,1,16,3.9679999999999893,8.376000000000005,1,2.0
121,ERROR_M,1,17,2.2220000000000084,4.665999999999997,1,2.0
121,ERROR_M,1,18,3.5900000000000034,3.7479999999999905,1,2.0
121,ERROR_M,1,19,6.6839999999999975,7.843999999999994,1,2.0
121,ERROR_M,1,20,2.0120000000000005,9.268,1,2.0
121,ERROR_M,1,21,0.36600000000001387,0.04599999999999227,0,2.0
121,ERROR_M,1,22,0.15399999999999636,15.982,0,2.0
121,ERROR_M,1,23,0.4159999999999968,0.20600000000001728,0,2.0
121,ERROR_M,1,24,0.009999999999990905,7.180000000000007,0,2.0
121,ERROR_M,1,25,3.274000000000001,3.2079999999999984,1,2.0
121,ERROR_M,1,26,1.8400000000000034,4.47799999999998,0,2.0
121,ERROR_M,1,27,0.34600000000000364,0.03200000000001069,0,2.0
121,ERROR_M,1,28,0.16799999999997794,15.128000000000014,0,2.0
121,ERROR_M,1,29,0.23200000000002774,0.06399999999996453,0,2.0
121,ERROR_M,1,30,0.055999999999983174,6.768000000000029,0,2.0
121,ERROR_M,1,31,1.896000000000015,0.1519999999999868,0,2.0
121,ERROR_M,1,32,0.01999999999998181,6.403999999999996,0,2.0
121,ERROR_M,1,33,2.2139999999999986,7.009999999999991,1,2.0
121,ERROR_M,1,34,2.562000000000012,4.7239999999999895,1,2.0
121,ERROR_M,1,35,4.170000000000016,6.446000000000026,1,2.0
121,ERROR_M,1,36,0.12199999999995725,0.038000000000010914,0,2.0
121,ERROR_M,1,37,0.16399999999998727,12.020000000000039,0,2.0
121,ERROR_M,1,38,3.1019999999999754,7.915999999999997,1,2.0
121,ERROR_M,1,39,4.1720000000000255,3.680000000000007,1,2.0
121,ERROR_M,1,40,0.0999999999999659,0.020000000000038654,0,2.0
121,ERROR_M,1,41,0.19199999999995043,33.31200000000001,0,2.0
121,ERROR_M,1,42,2.73599999999999,4.1580000000000155,1,2.0
121,ERROR_M,1,43,3.566000000000031,8.075999999999965,1,2.0
121,ERROR_M,1,44,4.9360000000000355,8.307999999999993,1,2.0
121,ERROR_M,1,45,6.096000000000004,9.75,1,2.0
121,ERROR_M,1,46,2.0600000000000023,5.141999999999996,1,2.0
121,ERROR_M,1,47,5.44399999999996,3.3240000000000123,1,2.0
121,ERROR_M,1,48,5.024000000000001,5.246000000000038,1,2.0
121,ERROR_M,1,49,4.643999999999949,2.924000000000035,1,2.0
121,ERROR_M,1,50,3.981999999999971,4.228000000000009,1,2.0
121,ERROR_M,1,51,3.9080000000000155,0.12400000000002365,1,2.0
121,ERROR_M,1,52,0.07999999999998408,3.8840000000000146,0,2.0
121,ERROR_M,1,53,3.3099999999999454,4.902000000000044,1,2.0
121,ERROR_M,1,54,4.478000000000009,5.771999999999991,1,2.0
121,ERROR_M,1,55,4.055999999999983,0.12599999999997635,1,2.0
121,ERROR_M,1,56,0.07800000000003138,5.622000000000014,0,2.0
121,ERROR_M,1,57,1.9839999999999804,3.490000000000009,0,2.0
121,ERROR_M,1,58,2.2379999999999995,6.587999999999965,1,2.0
121,ERROR_M,1,59,2.3180000000000405,6.300000000000011,1,2.0
121,ERROR_M,1,60,2.7579999999999245,9.533999999999992,1,2.0
121,ERROR_M,1,61,2.1900000000000546,7.153999999999996,1,2.0
121,ERROR_M,1,62,2.060000000000059,7.391999999999939,1,2.0
121,ERROR_M,1,63,2.8999999999999773,8.276000000000067,1,2.0
121,ERROR_M,1,64,5.175999999999931,9.937999999999988,1,2.0
121,ERROR_M,1,65,2.366000000000099,7.861999999999966,1,2.0
121,ERROR_M,1,66,0.13999999999998636,9.211999999999989,0,2.0
121,ERROR_M,1,67,2.25,5.0639999999999645,1,2.0
121,ERROR_M,1,68,2.7200000000000273,8.158000000000015,1,2.0
121,ERROR_M,1,69,0.038000000000010914,10.70399999999995,0,2.0
121,ERROR_M,1,70,2.951999999999998,4.416000000000054,1,2.0
121,ERROR_M,1,71,0.5019999999999527,5.947999999999979,0,2.0
121,ERROR_M,1,72,2.2000000000000455,8.682000000000016,1,2.0
121,ERROR_M,1,73,2.713999999999942,5.046000000000049,1,2.0
121,ERROR_M,1,74,2.4039999999999964,0.13599999999996726,1,2.0
121,ERROR_M,1,75,0.06600000000003092,5.4500000000000455,0,2.0
121,ERROR_M,1,76,3.1019999999999754,6.543999999999983,1,2.0
121,ERROR_M,1,77,2.4400000000000546,7.809999999999945,1,2.0
121,ERROR_M,1,78,2.1219999999999573,6.6299999999999955,1,2.0
121,ERROR_M,1,79,1.872000000000071,18.521999999999935,0,2.0
121,ERROR_M,1,80,1.86200000000008,2.951999999999998,0,2.0
121,ERROR_M,1,81,2.3239999999999554,8.360000000000014,1,2.0
121,ERROR_M,1,82,2.3500000000000227,3.755999999999972,1,2.0
121,ERROR_M,1,83,1.9919999999999618,5.54200000000003,0,2.0
121,ERROR_M,1,84,0.12800000000004275,21.423999999999978,0,2.0
121,ERROR_M,1,85,3.8220000000000027,3.0799999999999272,1,2.0
121,ERROR_M,1,86,2.0920000000000982,4.397999999999911,1,2.0
121,ERROR_M,1,87,2.914000000000101,7.298000000000002,1,2.0
121,ERROR_M,1,88,1.5119999999999436,7.961999999999989,0,2.0
121,ERROR_M,1,89,2.283999999999992,4.980000000000018,1,2.0
121,ERROR_M,1,90,0.06600000000003092,0.01599999999996271,0,2.0
121,ERROR_M,1,91,0.18399999999996908,17.01800000000003,0,2.0
121,ERROR_M,1,92,0.4540000000000646,0.045999999999935426,0,2.0
121,ERROR_M,1,93,0.15800000000001546,8.375999999999976,0,2.0
121,ERROR_M,1,94,1.5679999999999836,8.961999999999989,0,2.0
121,ERROR_M,1,95,1.4100000000000819,5.291999999999916,0,2.0
121,ERROR_M,1,96,0.10000000000002274,5.1440000000000055,0,2.0
121,ERROR_M,1,97,0.13400000000001455,0.029999999999972715,0,2.0
121,ERROR_M,1,98,0.11400000000003274,7.940000000000055,0,2.0
121,ERROR_M,1,99,0.07599999999990814,0.026000000000067303,0,2.0
121,ERROR_M,1,100,0.18599999999992178,20.720000000000027,0,2.0
121,ERROR_M,1,101,1.122000000000071,0.07999999999992724,0,2.0
121,ERROR_M,1,102,0.11000000000001364,6.378000000000043,0,2.0
121,ERROR_M,1,103,2.0939999999999372,8.197999999999979,1,2.0
121,ERROR_M,1,104,2.188000000000102,0.12799999999992906,1,2.0
121,ERROR_M,1,105,0.07600000000002183,5.504000000000019,0,2.0
121,ERROR_M,1,106,2.3500000000000227,4.177999999999997,1,2.0
121,ERROR_M,1,107,2.0259999999999536,4.740000000000009,1,2.0
121,ERROR_M,1,108,2.1960000000000264,3.919999999999959,1,2.0
121,ERROR_M,1,109,1.830000000000041,6.5919999999999845,0,2.0
121,ERROR_M,1,110,1.8799999999999955,4.1720000000000255,0,2.0
121,ERROR_M,1,111,1.7579999999999245,8.076000000000022,0,2.0
121,ERROR_M,1,112,2.3980000000000246,8.601999999999975,1,2.0
121,ERROR_M,1,113,2.0299999999999727,8.636000000000081,1,2.0
121,ERROR_M,1,114,2.5819999999999936,5.293999999999983,1,2.0
121,ERROR_M,1,115,1.8439999999999372,7.774000000000001,0,2.0
121,ERROR_M,1,116,2.104000000000042,7.347999999999956,1,2.0
121,ERROR_M,1,117,2.2080000000000837,8.795999999999935,1,2.0
121,ERROR_M,1,118,1.9660000000000082,6.776000000000067,0,2.0
121,ERROR_M,1,119,0.17599999999993088,0.04200000000003001,0,2.0
121,ERROR_M,1,120,0.16200000000003456,6.836000000000013,0,2.0
121,ERROR_M,1,121,2.0,8.52599999999984,0,2.0
121,ERROR_M,1,122,0.15399999999999636,0.0420000000001437,0,2.0
121,ERROR_M,1,123,0.16799999999989268,3.97400000000016,0,2.0
121,ERROR_M,1,124,2.217999999999847,4.304000000000087,1,2.0
121,ERROR_M,1,125,2.2380000000000564,5.141999999999825,1,2.0
121,ERROR_M,1,126,2.3760000000002037,4.305999999999813,1,2.0
121,ERROR_M,1,127,2.1660000000001673,5.337999999999965,1,2.0
121,ERROR_M,1,128,2.88799999999992,5.6720000000000255,1,2.0
121,ERROR_M,1,129,2.508000000000038,9.157999999999902,1,2.0
121,ERROR_M,1,130,1.9120000000000346,4.794000000000096,0,2.0
121,ERROR_M,1,131,2.4020000000000437,8.129999999999882,1,2.0
121,ERROR_M,1,132,1.8820000000000618,9.036000000000058,0,2.0
121,ERROR_M,1,133,1.5059999999998581,0.0340000000001055,0,2.0
121,ERROR_M,1,134,0.14199999999982538,6.008000000000038,0,2.0
121,ERROR_M,1,135,1.9919999999999618,3.1400000000001,0,2.0
121,ERROR_M,1,136,2.0499999999999545,3.658000000000129,1,2.0
121,ERROR_M,1,137,2.1720000000000255,7.079999999999927,1,2.0
121,ERROR_M,1,138,2.4479999999998654,6.736000000000104,1,2.0
121,ERROR_M,1,139,1.8079999999999927,6.451999999999998,0,2.0
121,ERROR_M,1,140,1.5979999999999563,5.16800000000012,0,2.0
121,ERROR_M,1,141,3.326000000000022,7.111999999999853,1,2.0
121,ERROR_M,1,142,2.130000000000109,7.642000000000053,1,2.0
121,ERROR_M,1,143,2.77599999999984,6.272000000000162,1,2.0
121,ERROR_M,1,144,0.4519999999999982,0.015999999999849024,0,2.0
121,ERROR_M,1,145,0.18800000000010186,17.701999999999998,0,2.0
121,ERROR_M,1,146,3.1520000000000437,8.967999999999847,1,2.0
121,ERROR_M,1,147,2.178000000000111,4.076000000000022,1,2.0
121,ERROR_M,1,148,2.9199999999998454,0.13200000000006185,1,2.0
121,ERROR_M,1,149,0.06600000000003092,8.756000000000085,0,2.0
121,ERROR_M,1,150,2.071999999999889,0.14000000000010004,1,2.0
121,ERROR_M,1,151,0.057999999999992724,9.477999999999838,0,2.0
121,ERROR_M,1,152,3.3220000000001164,2.9020000000000437,1,2.0
121,ERROR_M,1,153,2.467999999999847,3.3880000000001473,1,2.0
121,ERROR_M,1,154,2.7639999999998963,4.501999999999953,1,2.0
121,ERROR_M,1,155,3.8479999999999563,4.548000000000002,1,2.0
121,ERROR_M,1,156,2.344000000000051,5.686000000000149,1,2.0
121,ERROR_M,1,157,4.3159999999998035,7.632000000000062,1,2.0
121,ERROR_M,1,158,2.77800000000002,0.16800000000012005,1,2.0
121,ERROR_M,1,159,0.03199999999992542,3.6140000000000327,0,2.0
121,ERROR_M,1,160,3.241999999999962,4.910000000000082,1,2.0
121,ERROR_M,1,161,3.3919999999998254,3.566000000000031,1,2.0
121,ERROR_M,1,162,2.5599999999999454,5.516000000000076,1,2.0
121,ERROR_M,1,163,2.5879999999999654,5.741999999999962,1,2.0
121,ERROR_M,1,164,1.7560000000000855,5.961999999999989,0,2.0
121,ERROR_M,1,165,3.938000000000102,6.945999999999913,1,2.0
121,ERROR_M,1,166,2.6700000000000728,0.12199999999984357,1,2.0
121,ERROR_M,1,167,0.09600000000000364,5.022000000000162,0,2.0
121,ERROR_M,1,168,2.0139999999998963,0.049999999999954525,1,2.0
121,ERROR_M,1,169,0.06200000000012551,4.4939999999999145,0,2.0
121,ERROR_M,1,170,3.0299999999999727,0.12599999999997635,1,2.0
121,ERROR_M,1,171,0.07400000000006912,7.438000000000102,0,2.0
121,ERROR_M,1,172,0.055999999999812644,0.07600000000002183,0,2.0
121,ERROR_M,1,173,0.12800000000015643,10.407999999999902,0,2.0
121,ERROR_M,1,174,1.5499999999999545,7.716000000000122,0,2.0
121,ERROR_M,1,175,1.7699999999999818,0.11400000000003274,0,2.0
121,ERROR_M,1,176,0.08999999999991815,8.16800000000012,0,2.0
121,ERROR_M,1,177,3.9459999999999127,9.5,1,2.0
121,ERROR_M,1,178,2.647999999999911,4.580000000000155,1,2.0
121,ERROR_M,1,179,2.757999999999811,9.02800000000002,1,2.0
121,ERROR_M,1,180,2.2660000000000764,3.2439999999999145,1,2.0
121,ERROR_M,1,181,2.9780000000000655,6.342000000000098,1,2.0
121,ERROR_M,1,182,2.2439999999999145,6.6440000000000055,1,2.0
121,ERROR_M,1,183,2.3099999999999454,5.042000000000144,1,2.0
121,ERROR_M,1,184,2.949999999999818,4.406000000000176,1,2.0
121,ERROR_M,1,185,3.6539999999999964,4.649999999999864,1,2.0
121,ERROR_M,1,186,2.3559999999999945,6.848000000000184,1,2.0
121,ERROR_M,1,187,2.5,5.157999999999902,1,2.0
121,ERROR_M,1,188,1.9480000000000928,7.571999999999889,0,2.0
121,ERROR_M,1,189,1.8540000000000418,7.491999999999962,0,2.0
121,ERROR_M,1,190,1.844000000000051,11.177999999999884,0,2.0
121,ERROR_M,1,191,1.6660000000001673,4.346000000000004,0,2.0
121,ERROR_M,1,192,1.9859999999998763,5.723999999999933,0,2.0
121,ERROR_M,1,193,1.740000000000009,6.486000000000104,0,2.0
121,ERROR_M,1,194,2.1359999999999673,7.294000000000096,1,2.0
121,ERROR_M,1,195,0.2999999999999545,12.523999999999887,0,2.0
121,ERROR_M,1,196,1.7960000000000491,9.322000000000116,0,2.0
121,ERROR_M,1,197,1.8279999999999745,23.25999999999999,0,2.0
121,ERROR_M,1,198,2.727999999999838,21.87200000000007,1,2.0
121,ERROR_M,1,199,1.6140000000000327,5.036000000000058,0,2.0
121,ERROR_M,1,200,2.25,6.009999999999991,1,2.0
121,ERROR_M,1,201,3.3599999999999,4.928000000000111,1,2.0
121,ERROR_M,1,202,3.19399999999996,5.692000000000007,1,2.0
121,ERROR_M,1,203,2.758000000000038,4.321999999999889,1,2.0
121,ERROR_M,1,204,2.4860000000001037,5.5779999999999745,1,2.0
121,ERROR_M,1,205,1.788000000000011,6.594000000000051,0,2.0
121,ERROR_M,1,206,2.4759999999998854,8.413999999999987,1,2.0
121,ERROR_M,1,207,2.2560000000000855,8.809999999999945,1,2.0
121,ERROR_M,1,208,2.3019999999999072,8.998000000000047,1,2.0
121,ERROR_M,1,209,2.9200000000000728,4.61200000000008,1,2.0
121,ERROR_M,1,210,2.467999999999847,5.996000000000095,1,2.0
121,ERROR_M,1,211,2.5879999999999654,6.705999999999904,1,2.0
121,ERROR_M,1,212,2.206000000000131,7.087999999999965,1,2.0
121,ERROR_M,1,213,1.2980000000000018,0.06799999999998363,0,2.0
121,ERROR_M,1,214,0.13599999999996726,7.1059999999999945,0,2.0
121,ERROR_M,1,215,2.186000000000149,8.633999999999787,1,2.0
121,ERROR_M,1,216,2.6440000000000055,7.980000000000018,1,2.0
121,ERROR_M,1,217,4.072000000000116,3.8899999999998727,1,2.0
121,ERROR_M,1,218,2.6539999999999964,4.423999999999978,1,2.0
121,ERROR_M,1,219,1.6180000000001655,3.8460000000000036,0,2.0
121,ERROR_M,1,220,3.453999999999951,3.6579999999999018,1,2.0
121,ERROR_M,1,221,2.1639999999999873,5.088000000000193,1,2.0
121,ERROR_M,1,222,1.63799999999992,3.349999999999909,0,2.0
121,ERROR_M,1,223,1.86200000000008,6.13799999999992,0,2.0
121,ERROR_M,1,224,2.2840000000001055,6.761999999999944,1,2.0
121,ERROR_M,1,225,2.296000000000049,5.05600000000004,1,2.0
121,ERROR_M,1,226,1.7079999999998563,6.762000000000171,0,2.0
121,ERROR_M,1,227,2.519999999999982,4.389999999999873,1,2.0
121,ERROR_M,1,228,1.6639999999999873,4.892000000000053,0,2.0
121,ERROR_M,1,229,1.5879999999999654,5.837999999999965,0,2.0
121,ERROR_M,1,230,2.4500000000000455,10.802000000000135,1,2.0
121,ERROR_M,1,231,2.02599999999984,5.903999999999996,1,2.0
121,ERROR_M,1,232,1.66800000000012,7.768000000000029,0,2.0
121,ERROR_M,1,233,2.1359999999999673,8.84199999999987,1,2.0
121,ERROR_M,1,234,2.5860000000000127,8.014000000000124,1,2.0
121,ERROR_M,1,235,1.4939999999999145,2.852000000000089,0,2.0
121,ERROR_M,1,236,2.2079999999998563,8.3900000000001,1,2.0
121,ERROR_M,1,237,2.127999999999929,9.042000000000144,1,2.0
121,ERROR_M,1,238,2.991999999999962,9.06399999999985,1,2.0
121,ERROR_M,1,239,2.6520000000000437,4.41800000000012,1,2.0
121,ERROR_M,1,240,3.0860000000000127,4.374000000000024,1,2.0
121,ERROR_M,1,241,2.255999999999858,10.226000000000113,1,2.0
121,ERROR_M,1,242,1.6579999999999018,0.029999999999972715,0,2.0
121,ERROR_M,1,243,0.17399999999997817,6.744000000000142,0,2.0
121,ERROR_M,1,244,3.977999999999838,9.070000000000164,1,2.0
121,ERROR_M,1,245,0.737999999999829,6.990000000000009,0,2.0
121,ERROR_M,1,246,2.1460000000001855,10.69199999999978,1,2.0
121,ERROR_M,1,247,1.8720000000002983,3.1539999999999964,0,2.0
121,ERROR_M,1,248,1.9359999999996944,3.624000000000251,0,2.0
121,ERROR_M,1,249,2.6159999999999854,4.161999999999807,1,2.0
121,ERROR_M,1,250,2.338000000000193,8.049999999999727,1,2.0
121,ERROR_M,1,251,1.6640000000002146,6.342000000000098,0,2.0
121,ERROR_M,1,252,2.16399999999976,8.173999999999978,1,2.0
121,ERROR_M,1,253,1.6820000000002437,9.909999999999854,0,2.0
121,ERROR_M,1,254,2.2020000000002256,7.311999999999898,1,2.0
121,ERROR_M,1,255,1.768000000000029,8.771999999999935,0,2.0
121,ERROR_M,1,256,2.2519999999999527,9.467999999999847,1,2.0
121,ERROR_M,1,257,2.018000000000029,4.054000000000087,1,2.0
121,ERROR_M,1,258,3.1660000000001673,4.536000000000058,1,2.0
121,ERROR_M,1,259,1.8219999999996617,6.798000000000229,0,2.0
121,ERROR_M,1,260,2.6859999999996944,6.460000000000036,1,2.0
121,ERROR_M,1,261,2.2580000000002656,6.655999999999949,1,2.0
121,ERROR_M,1,262,1.8420000000000982,4.2599999999997635,0,2.0
121,ERROR_M,1,263,1.4920000000001892,3.58199999999988,0,2.0
121,ERROR_M,1,264,1.9259999999999309,7.6159999999999854,0,2.0
121,ERROR_M,1,265,1.4960000000000946,9.072000000000116,0,2.0
121,ERROR_M,1,266,2.2080000000000837,8.855999999999767,1,2.0
121,ERROR_M,1,267,1.706000000000131,9.159999999999854,0,2.0
121,ERROR_M,1,268,0.262000000000171,5.641999999999825,0,2.0
121,ERROR_M,1,269,1.762000000000171,4.837999999999738,0,2.0
121,ERROR_M,1,270,2.75400000000036,9.129999999999654,1,2.0
121,ERROR_M,1,271,0.6920000000000073,0.018000000000029104,0,2.0
121,ERROR_M,1,272,0.18800000000010186,5.139999999999873,0,2.0
121,ERROR_M,1,273,2.2460000000000946,7.054000000000087,1,2.0
121,ERROR_M,1,274,1.800000000000182,7.0359999999996035,0,2.0
121,ERROR_M,1,275,1.7840000000001055,4.135999999999967,0,2.0
121,ERROR_M,1,276,0.09600000000000364,0.021999999999934516,0,2.0
121,ERROR_M,1,277,0.19399999999995998,15.486000000000331,0,2.0
121,ERROR_M,1,278,2.119999999999891,8.277999999999793,1,2.0
121,ERROR_M,1,279,1.9720000000002074,2.980000000000018,0,2.0
121,ERROR_M,1,280,1.9160000000001673,3.2619999999997162,0,2.0
121,ERROR_M,1,281,2.344000000000051,0.03000000000020009,1,2.0
121,ERROR_M,1,282,0.02999999999974534,4.6340000000000146,0,2.0
121,ERROR_M,1,283,2.1260000000002037,6.4099999999998545,1,2.0
121,ERROR_M,1,284,2.1660000000001673,5.155999999999949,1,2.0
121,ERROR_M,1,285,2.3460000000000036,5.655999999999949,1,2.0
121,ERROR_M,1,286,2.2199999999998,4.130000000000109,1,2.0
121,ERROR_M,1,287,3.3099999999999454,6.55600000000004,1,2.0
121,ERROR_M,1,288,3.200000000000273,8.599999999999909,1,2.0
121,ERROR_M,1,289,2.41399999999976,0.12400000000025102,1,2.0
121,ERROR_M,1,290,0.07600000000002183,6.998000000000047,0,2.0
121,ERROR_M,1,291,2.213999999999942,0.13799999999991996,1,2.0
121,ERROR_M,1,292,0.06599999999980355,8.778000000000247,0,2.0
121,ERROR_M,1,293,3.7519999999999527,4.5779999999999745,1,2.0
121,ERROR_M,1,294,3.6419999999998254,5.824000000000069,1,2.0
121,ERROR_M,1,295,1.7860000000000582,6.431999999999789,0,2.0
121,ERROR_M,1,296,1.800000000000182,8.29800000000023,0,2.0
121,ERROR_M,1,297,2.1399999999998727,5.461999999999989,1,2.0
121,ERROR_M,1,298,1.7959999999998217,7.742000000000189,0,2.0
121,ERROR_M,1,299,2.1579999999999018,5.623999999999796,1,2.0
121,ERROR_M,1,300,1.8420000000000982,0.11599999999998545,0,2.0
121,ERROR_M,1,301,0.0820000000003347,8.0,0,2.0
121,ERROR_M,1,302,4.13799999999992,6.253999999999905,1,2.0
121,ERROR_M,1,303,1.9119999999998072,8.340000000000146,0,2.0
121,ERROR_M,1,304,2.2640000000001237,9.403999999999996,1,2.0
121,ERROR_M,1,305,2.786000000000058,6.321999999999662,1,2.0
121,ERROR_M,1,306,0.39800000000013824,0.0340000000001055,0,2.0
121,ERROR_M,1,307,0.16800000000012005,9.576000000000022,0,2.0
121,ERROR_M,1,308,2.5359999999996035,6.461999999999989,1,2.0
121,ERROR_M,1,309,2.7340000000003783,4.415999999999713,1,2.0
121,ERROR_M,1,310,4.064000000000306,4.461999999999989,1,2.0
121,ERROR_M,1,311,1.94399999999996,3.617999999999938,0,2.0
121,ERROR_M,1,312,3.175999999999931,8.94399999999996,1,2.0
121,ERROR_M,1,313,2.8279999999999745,8.066000000000258,1,2.0
121,ERROR_M,1,314,2.0019999999999527,5.141999999999825,1,2.0
121,ERROR_M,1,315,1.5579999999999927,3.338000000000193,0,2.0
121,ERROR_M,1,316,1.77599999999984,0.0340000000001055,0,2.0
121,ERROR_M,1,317,0.1659999999997126,15.986000000000331,0,2.0
121,ERROR_M,1,318,1.8820000000000618,4.096000000000004,0,2.0
121,ERROR_M,1,319,2.7859999999996035,5.764000000000124,1,2.0
121,ERROR_M,1,320,1.655999999999949,7.048000000000229,0,2.0
121,ERROR_M,1,321,1.25,9.672000000000025,0,2.0
121,ERROR_M,1,322,1.699999999999818,8.639999999999873,0,2.0
121,ERROR_M,1,323,1.538000000000011,5.844000000000051,0,2.0
121,ERROR_M,1,324,1.44399999999996,8.91800000000012,0,2.0
121,ERROR_M,1,325,2.5100000000002183,9.101999999999862,1,2.0
121,ERROR_M,1,326,1.4279999999998836,6.262000000000171,0,2.0
121,ERROR_M,1,327,1.55600000000004,3.324000000000069,0,2.0
121,ERROR_M,1,328,3.4399999999996,5.66800000000012,1,2.0
121,ERROR_M,1,329,1.1840000000001965,7.038000000000011,0,2.0
121,ERROR_M,1,330,0.08399999999983265,6.400000000000091,0,2.0
121,ERROR_M,1,331,2.2419999999997344,6.272000000000389,1,2.0
121,ERROR_M,1,332,1.6079999999997199,0.10400000000026921,0,2.0
121,ERROR_M,1,333,0.09799999999995634,7.173999999999978,0,2.0
121,ERROR_M,1,334,2.1679999999996653,5.870000000000346,1,2.0
121,ERROR_M,1,335,2.2739999999998872,8.713999999999942,1,2.0
121,ERROR_M,1,336,2.2519999999999527,6.900000000000091,1,2.0
121,ERROR_M,1,337,1.8519999999998618,0.04400000000032378,0,2.0
121,ERROR_M,1,338,0.15999999999985448,7.605999999999767,0,2.0
121,ERROR_M,1,339,1.2820000000001528,5.152000000000044,0,2.0
121,ERROR_M,1,340,1.9020000000000437,7.835999999999785,0,2.0
121,ERROR_M,1,341,2.9140000000002146,0.11200000000008004,1,2.0
121,ERROR_M,1,342,0.08599999999978536,6.726000000000113,0,2.0
121,ERROR_M,1,343,1.94399999999996,6.036000000000058,0,2.0
121,ERROR_M,1,344,1.6739999999999782,46.903999999999996,0,2.0
121,ERROR_M,1,345,2.86200000000008,10.027999999999793,1,2.0
121,ERROR_M,1,346,0.7840000000001055,10.027999999999793,0,2.0
121,ERROR_M,1,347,2.330000000000382,0.1479999999996835,1,2.0
121,ERROR_M,1,348,0.0500000000001819,6.433999999999742,0,2.0
121,ERROR_M,1,349,0.057999999999992724,9.282000000000153,0,2.0
121,ERROR_M,1,350,2.311999999999898,6.152000000000044,1,2.0
121,ERROR_M,1,351,2.094000000000051,0.13599999999996726,1,2.0
121,ERROR_M,1,352,0.06400000000030559,5.33199999999988,0,2.0
121,ERROR_M,1,353,2.7100000000000364,6.451999999999771,1,2.0
121,ERROR_M,1,354,2.905999999999949,6.216000000000349,1,2.0
121,ERROR_M,1,355,1.41399999999976,5.554000000000087,0,2.0
121,ERROR_M,1,356,1.97400000000016,4.351999999999862,0,2.0
121,ERROR_M,1,357,2.2080000000000837,7.324000000000069,1,2.0
121,ERROR_M,1,358,2.2659999999996217,8.166000000000167,1,2.0
121,ERROR_M,1,359,2.2199999999998,7.566000000000258,1,2.0
121,ERROR_M,1,360,2.9859999999998763,3.19399999999996,1,2.0
121,ERROR_M,1,361,1.7380000000002838,7.699999999999818,0,2.0
121,ERROR_M,1,362,2.0579999999999927,0.13599999999996726,1,2.0
121,ERROR_M,1,363,0.06199999999989814,,0,2.0
121,ERROR_M,2,1,2.4679999999999964,3.9380000000000024,1,2.0
121,ERROR_M,2,2,1.8100000000000023,3.024000000000001,0,2.0
121,ERROR_M,2,3,2.2719999999999985,4.0,1,2.0
121,ERROR_M,2,4,2.7819999999999965,3.451999999999998,1,2.0
121,ERROR_M,2,5,1.9760000000000062,0.1559999999999988,0,2.0
121,ERROR_M,2,6,0.04399999999999693,6.347999999999999,0,2.0
121,ERROR_M,2,7,1.7379999999999995,8.207999999999998,0,2.0
121,ERROR_M,2,8,1.284000000000006,9.584000000000003,0,2.0
121,ERROR_M,2,9,2.015999999999991,0.1280000000000001,1,2.0
121,ERROR_M,2,10,0.07200000000000273,8.554000000000002,0,2.0
121,ERROR_M,2,11,1.152000000000001,8.242000000000004,0,2.0
121,ERROR_M,2,12,1.211999999999989,8.719999999999999,0,2.0
121,ERROR_M,2,13,1.4240000000000066,0.12399999999999523,0,2.0
121,ERROR_M,2,14,0.07399999999999807,8.294000000000011,0,2.0
121,ERROR_M,2,15,1.6359999999999957,7.078000000000003,0,2.0
121,ERROR_M,2,16,1.6680000000000064,0.10800000000000409,0,2.0
121,ERROR_M,2,17,0.11599999999998545,6.294000000000011,0,2.0
121,ERROR_M,2,18,1.5600000000000023,9.245999999999981,0,2.0
121,ERROR_M,2,19,1.5860000000000127,2.843999999999994,0,2.0
121,ERROR_M,2,20,1.5620000000000118,6.151999999999987,0,2.0
121,ERROR_M,2,21,1.259999999999991,0.16599999999999682,0,2.0
121,ERROR_M,2,22,0.03200000000001069,4.527999999999992,0,2.0
121,ERROR_M,2,23,1.8920000000000243,0.13199999999997658,0,2.0
121,ERROR_M,2,24,0.06800000000001205,7.990000000000009,0,2.0
121,ERROR_M,2,25,2.195999999999998,9.265999999999991,1,2.0
121,ERROR_M,2,26,1.3319999999999936,16.05000000000001,0,2.0
121,ERROR_M,2,27,1.4519999999999982,0.1599999999999966,0,2.0
121,ERROR_M,2,28,0.03999999999999204,4.213999999999999,0,2.0
121,ERROR_M,2,29,1.3060000000000116,5.307999999999993,0,2.0
121,ERROR_M,2,30,1.474000000000018,0.09199999999998454,0,2.0
121,ERROR_M,2,31,0.11000000000001364,7.3659999999999854,0,2.0
121,ERROR_M,2,32,1.646000000000015,0.12599999999997635,0,2.0
121,ERROR_M,2,33,0.10000000000002274,6.823999999999984,0,2.0
121,ERROR_M,2,34,1.9579999999999984,6.25800000000001,0,2.0
121,ERROR_M,2,35,1.931999999999988,0.12000000000000455,0,2.0
121,ERROR_M,2,36,0.0800000000000125,7.059999999999974,0,2.0
121,ERROR_M,2,37,2.048000000000002,0.132000000000005,1,2.0
121,ERROR_M,2,38,0.036000000000001364,8.403999999999996,0,2.0
121,ERROR_M,2,39,2.758000000000038,0.1439999999999486,1,2.0
121,ERROR_M,2,40,0.05800000000004957,8.553999999999974,0,2.0
121,ERROR_M,2,41,0.25799999999998136,23.374000000000024,0,2.0
121,ERROR_M,2,42,1.7080000000000268,7.753999999999962,0,2.0
121,ERROR_M,2,43,1.6200000000000045,4.3659999999999854,0,2.0
121,ERROR_M,2,44,1.2019999999999982,4.692000000000007,0,2.0
121,ERROR_M,2,45,1.0339999999999918,5.713999999999999,0,2.0
121,ERROR_M,2,46,1.174000000000035,5.7760000000000105,0,2.0
121,ERROR_M,2,47,0.07999999999998408,0.02800000000002001,0,2.0
121,ERROR_M,2,48,0.17599999999998772,5.967999999999961,0,2.0
121,ERROR_M,2,49,0.5820000000000505,0.12199999999995725,0,2.0
121,ERROR_M,2,50,0.08800000000002228,6.552000000000021,0,2.0
121,ERROR_M,2,51,0.8579999999999472,6.8940000000000055,0,2.0
121,ERROR_M,2,52,0.688000000000045,7.9879999999999995,0,2.0
121,ERROR_M,2,53,0.06599999999997408,0.01999999999998181,0,2.0
121,ERROR_M,2,54,0.18400000000002592,30.627999999999986,0,2.0
121,ERROR_M,2,55,1.4680000000000177,9.315999999999974,0,2.0
121,ERROR_M,2,56,1.0200000000000387,5.9839999999999804,0,2.0
121,ERROR_M,2,57,1.0079999999999814,0.11400000000003274,0,2.0
121,ERROR_M,2,58,0.08799999999996544,7.156000000000006,0,2.0
121,ERROR_M,2,59,1.1140000000000327,0.14400000000000546,0,2.0
121,ERROR_M,2,60,0.057999999999992724,5.9879999999999995,0,2.0
121,ERROR_M,2,61,1.4519999999999982,8.370000000000005,0,2.0
121,ERROR_M,2,62,1.4379999999999882,3.1539999999999964,0,2.0
121,ERROR_M,2,63,0.9339999999999691,3.9400000000000546,0,2.0
121,ERROR_M,2,64,1.4659999999999513,6.242000000000019,0,2.0
121,ERROR_M,2,65,1.47199999999998,0.13400000000001455,0,2.0
121,ERROR_M,2,66,0.07600000000002183,18.598000000000013,0,2.0
121,ERROR_M,2,67,1.6379999999999768,0.1279999999999859,0,2.0
121,ERROR_M,2,68,0.07200000000000273,4.177999999999997,0,2.0
121,ERROR_M,2,69,1.475999999999999,6.340000000000032,0,2.0
121,ERROR_M,2,70,2.5259999999999536,0.1640000000000441,1,2.0
121,ERROR_M,2,71,0.02400000000000091,3.3759999999999764,0,2.0
121,ERROR_M,2,72,2.3899999999999864,0.1260000000000332,1,2.0
121,ERROR_M,2,73,0.07400000000001228,7.107999999999947,0,2.0
121,ERROR_M,2,74,1.7379999999999995,0.10000000000002274,0,2.0
121,ERROR_M,2,75,0.103999999999985,8.54200000000003,0,2.0
121,ERROR_M,2,76,1.6000000000000227,0.13999999999998636,0,2.0
121,ERROR_M,2,77,0.057999999999992724,5.005999999999972,0,2.0
121,ERROR_M,2,78,1.6119999999999663,4.838000000000079,0,2.0
121,ERROR_M,2,79,2.0459999999999354,8.940000000000055,1,2.0
121,ERROR_M,2,80,1.7899999999999636,7.669999999999959,0,2.0
121,ERROR_M,2,81,1.1820000000000164,0.09400000000005093,0,2.0
121,ERROR_M,2,82,0.09600000000000364,3.3700000000000045,0,2.0
121,ERROR_M,2,83,1.3179999999999836,3.9560000000000173,0,2.0
121,ERROR_M,2,84,0.5520000000000209,3.5639999999999645,0,2.0
121,ERROR_M,2,85,1.495999999999981,0.10599999999999454,0,2.0
121,ERROR_M,2,86,0.10000000000002274,5.3279999999999745,0,2.0
121,ERROR_M,2,87,2.2939999999999827,0.03600000000005821,1,2.0
121,ERROR_M,2,88,0.16800000000000637,3.9279999999999973,0,2.0
121,ERROR_M,2,89,2.1820000000000164,7.17999999999995,1,2.0
121,ERROR_M,2,90,1.475999999999999,0.13400000000001455,0,2.0
121,ERROR_M,2,91,0.06799999999998363,8.289999999999964,0,2.0
121,ERROR_M,2,92,1.4720000000000937,0.15399999999999636,0,2.0
121,ERROR_M,2,93,0.04800000000000182,4.65199999999993,0,2.0
121,ERROR_M,2,94,2.75,0.13999999999998636,1,2.0
121,ERROR_M,2,95,0.030000000000086402,4.767999999999915,0,2.0
121,ERROR_M,2,96,1.0500000000000682,6.117999999999938,0,2.0
121,ERROR_M,2,97,1.0120000000000573,6.413999999999987,0,2.0
121,ERROR_M,2,98,0.8859999999999673,7.245999999999981,0,2.0
121,ERROR_M,2,99,1.48599999999999,9.286000000000058,0,2.0
121,ERROR_M,2,100,2.480000000000018,0.11199999999996635,1,2.0
121,ERROR_M,2,101,0.06399999999996453,5.160000000000082,0,2.0
121,ERROR_M,2,102,0.9339999999999691,7.926000000000045,0,2.0
121,ERROR_M,2,103,0.37799999999992906,0.03200000000003911,0,2.0
121,ERROR_M,2,104,0.16800000000000637,13.435999999999922,0,2.0
121,ERROR_M,2,105,0.6299999999999955,8.82400000000007,0,2.0
121,ERROR_M,2,106,2.7379999999999427,0.11200000000008004,1,2.0
121,ERROR_M,2,107,0.09199999999998454,9.17599999999993,0,2.0
121,ERROR_M,2,108,0.5800000000000409,7.360000000000014,0,2.0
121,ERROR_M,2,109,1.23599999999999,0.16399999999998727,0,2.0
121,ERROR_M,2,110,0.03600000000005821,4.227999999999952,0,2.0
121,ERROR_M,2,111,1.490000000000009,0.11599999999998545,0,2.0
121,ERROR_M,2,112,0.05200000000002092,6.124000000000024,0,2.0
121,ERROR_M,2,113,1.1999999999999318,4.269999999999982,0,2.0
121,ERROR_M,2,114,2.4980000000000473,0.10199999999997544,1,2.0
121,ERROR_M,2,115,0.09000000000003183,7.29200000000003,0,2.0
121,ERROR_M,2,116,1.6759999999999309,0.13200000000006185,0,2.0
121,ERROR_M,2,117,0.06799999999998363,3.197999999999979,0,2.0
121,ERROR_M,2,118,1.0120000000000573,8.155999999999949,0,2.0
121,ERROR_M,2,119,2.4220000000000255,8.66599999999994,1,2.0
121,ERROR_M,2,120,0.8559999999999945,7.078000000000088,0,2.0
121,ERROR_M,2,121,1.2899999999999636,9.083999999999946,0,2.0
121,ERROR_M,2,122,2.052000000000021,3.8799999999999955,1,2.0
121,ERROR_M,2,123,1.4400000000000546,8.963999999999942,0,2.0
121,ERROR_M,2,124,1.7280000000000655,5.1440000000000055,0,2.0
121,ERROR_M,2,125,2.98599999999999,0.13799999999991996,1,2.0
121,ERROR_M,2,126,0.06200000000001182,8.238000000000056,0,2.0
121,ERROR_M,2,127,2.70799999999997,3.491999999999962,1,2.0
121,ERROR_M,2,128,0.6240000000000236,7.372000000000071,0,2.0
121,ERROR_M,2,129,1.3399999999999181,5.078000000000088,0,2.0
121,ERROR_M,2,130,3.075999999999908,0.08800000000007913,1,2.0
121,ERROR_M,2,131,0.09799999999995634,5.474000000000046,0,2.0
121,ERROR_M,2,132,2.8079999999999927,5.639999999999986,1,2.0
121,ERROR_M,2,133,3.1079999999999472,0.12200000000007094,1,2.0
121,ERROR_M,2,134,0.07799999999997453,6.553999999999974,0,2.0
121,ERROR_M,2,135,1.98599999999999,0.13800000000003365,0,2.0
121,ERROR_M,2,136,0.03200000000003911,7.599999999999909,0,2.0
121,ERROR_M,2,137,2.1820000000000164,13.423999999999978,1,2.0
121,ERROR_M,2,138,0.13800000000003365,8.720000000000027,0,2.0
121,ERROR_M,2,139,0.2799999999999727,0.022000000000048203,0,2.0
121,ERROR_M,2,140,0.17399999999997817,24.888000000000034,0,2.0
121,ERROR_M,2,141,3.947999999999979,8.755999999999972,1,2.0
121,ERROR_M,2,142,1.5960000000000036,4.566000000000031,0,2.0
121,ERROR_M,2,143,1.774000000000001,0.10000000000002274,0,2.0
121,ERROR_M,2,144,0.045999999999935426,4.696000000000026,0,2.0
121,ERROR_M,2,145,3.3419999999999845,0.12199999999995725,1,2.0
121,ERROR_M,2,146,0.07600000000002183,4.687999999999988,0,2.0
121,ERROR_M,2,147,2.062000000000012,5.8419999999999845,1,2.0
121,ERROR_M,2,148,2.480000000000018,0.053999999999973625,1,2.0
121,ERROR_M,2,149,0.11600000000009913,5.467999999999961,0,2.0
121,ERROR_M,2,150,3.697999999999979,0.13400000000001455,1,2.0
121,ERROR_M,2,151,0.06600000000003092,3.225999999999999,0,2.0
121,ERROR_M,2,152,1.919999999999959,6.05600000000004,0,2.0
121,ERROR_M,2,153,2.37399999999991,6.4220000000000255,1,2.0
121,ERROR_M,2,154,1.6900000000000546,6.371999999999957,0,2.0
121,ERROR_M,2,155,1.9880000000000564,4.65199999999993,0,2.0
121,ERROR_M,2,156,3.090000000000032,0.14599999999995816,1,2.0
121,ERROR_M,2,157,0.05400000000008731,3.0439999999999827,0,2.0
121,ERROR_M,2,158,2.0179999999999154,7.186000000000149,1,2.0
121,ERROR_M,2,159,3.1499999999998636,0.08200000000010732,1,2.0
121,ERROR_M,2,160,0.08799999999996544,7.410000000000082,0,2.0
121,ERROR_M,2,161,3.655999999999949,0.13400000000001455,1,2.0
121,ERROR_M,2,162,0.03999999999996362,7.725999999999885,0,2.0
121,ERROR_M,2,163,1.9880000000000564,7.231999999999971,0,2.0
121,ERROR_M,2,164,2.8940000000000055,7.1440000000000055,1,2.0
121,ERROR_M,2,165,3.5160000000000764,9.30399999999986,1,2.0
121,ERROR_M,2,166,2.504000000000133,3.854000000000042,1,2.0
121,ERROR_M,2,167,1.7580000000000382,0.01999999999998181,0,2.0
121,ERROR_M,2,168,0.1799999999998363,2.8680000000001655,0,2.0
121,ERROR_M,2,169,3.7679999999998017,5.880000000000109,1,2.0
121,ERROR_M,2,170,1.6820000000000164,0.013999999999896318,0,2.0
121,ERROR_M,2,171,0.18600000000014916,5.313999999999851,0,2.0
121,ERROR_M,2,172,1.8740000000000236,5.990000000000009,0,2.0
121,ERROR_M,2,173,2.203999999999951,0.060000000000172804,1,2.0
121,ERROR_M,2,174,0.11599999999998545,3.869999999999891,0,2.0
121,ERROR_M,2,175,0.032000000000152795,0.02599999999983993,0,2.0
121,ERROR_M,2,176,0.18600000000014916,13.575999999999794,0,2.0
121,ERROR_M,2,177,2.216000000000122,5.740000000000009,1,2.0
121,ERROR_M,2,178,3.5779999999999745,7.951999999999998,1,2.0
121,ERROR_M,2,179,2.826000000000022,8.413999999999987,1,2.0
121,ERROR_M,2,180,2.6079999999999472,8.009999999999991,1,2.0
121,ERROR_M,2,181,3.0,8.794000000000096,1,2.0
121,ERROR_M,2,182,2.258000000000038,4.451999999999998,1,2.0
121,ERROR_M,2,183,3.4939999999999145,4.66599999999994,1,2.0
121,ERROR_M,2,184,2.3880000000001473,6.9939999999999145,1,2.0
121,ERROR_M,2,185,1.905999999999949,7.05600000000004,0,2.0
121,ERROR_M,2,186,4.162000000000035,0.09999999999990905,1,2.0
121,ERROR_M,2,187,0.08400000000006003,6.041999999999916,0,2.0
121,ERROR_M,2,188,0.07800000000020191,0.01799999999980173,0,2.0
121,ERROR_M,2,189,0.19000000000005457,14.682000000000016,0,2.0
121,ERROR_M,2,190,3.377999999999929,3.632000000000062,1,2.0
121,ERROR_M,2,191,3.8320000000001073,5.557999999999993,1,2.0
121,ERROR_M,2,192,2.6639999999999873,6.730000000000018,1,2.0
121,ERROR_M,2,193,2.1059999999999945,7.80600000000004,1,2.0
121,ERROR_M,2,194,2.203999999999951,5.423999999999978,1,2.0
121,ERROR_M,2,195,4.498000000000047,8.107999999999947,1,2.0
121,ERROR_M,2,196,0.21800000000007458,0.01999999999998181,0,2.0
121,ERROR_M,2,197,0.18200000000001637,10.975999999999885,0,2.0
121,ERROR_M,2,198,1.36200000000008,0.029999999999972715,0,2.0
121,ERROR_M,2,199,0.17399999999997817,7.970000000000027,0,2.0
121,ERROR_M,2,200,4.241999999999962,0.10400000000004184,1,2.0
121,ERROR_M,2,201,0.10599999999999454,7.036000000000058,0,2.0
121,ERROR_M,2,202,4.511999999999944,0.09999999999990905,1,2.0
121,ERROR_M,2,203,0.09200000000009823,8.279999999999973,0,2.0
121,ERROR_M,2,204,1.683999999999969,0.12400000000002365,0,2.0
121,ERROR_M,2,205,0.044000000000096406,6.203999999999951,0,2.0
121,ERROR_M,2,206,2.9199999999998454,4.370000000000118,1,2.0
121,ERROR_M,2,207,1.8999999999998636,8.586000000000013,0,2.0
121,ERROR_M,2,208,2.3780000000001564,0.10599999999999454,1,2.0
121,ERROR_M,2,209,0.09600000000000364,9.384000000000015,0,2.0
121,ERROR_M,2,210,0.03999999999996362,0.023999999999887223,0,2.0
121,ERROR_M,2,211,0.17600000000015825,5.269999999999982,0,2.0
121,ERROR_M,2,212,3.2059999999999036,0.11200000000008004,1,2.0
121,ERROR_M,2,213,0.07999999999992724,4.162000000000035,0,2.0
121,ERROR_M,2,214,2.6700000000000728,0.12199999999984357,1,2.0
121,ERROR_M,2,215,0.06799999999998363,4.711999999999989,0,2.0
121,ERROR_M,2,216,2.1140000000000327,8.940000000000055,1,2.0
121,ERROR_M,2,217,1.6040000000000418,10.006000000000085,0,2.0
121,ERROR_M,2,218,2.7999999999999545,3.6979999999998654,1,2.0
121,ERROR_M,2,219,3.8279999999999745,6.042000000000144,1,2.0
121,ERROR_M,2,220,2.905999999999949,0.10400000000004184,1,2.0
121,ERROR_M,2,221,0.09600000000000364,4.945999999999913,0,2.0
121,ERROR_M,2,222,0.13400000000001455,0.038000000000010914,0,2.0
121,ERROR_M,2,223,0.17399999999997817,9.251999999999953,0,2.0
121,ERROR_M,2,224,4.720000000000027,7.026000000000067,1,2.0
121,ERROR_M,2,225,2.38799999999992,3.230000000000018,1,2.0
121,ERROR_M,2,226,1.7960000000000491,4.018000000000029,0,2.0
121,ERROR_M,2,227,2.0399999999999636,6.7840000000001055,1,2.0
121,ERROR_M,2,228,1.9839999999999236,0.13200000000006185,0,2.0
121,ERROR_M,2,229,0.07399999999984175,6.930000000000064,0,2.0
121,ERROR_M,2,230,3.3320000000001073,0.10399999999981446,1,2.0
121,ERROR_M,2,231,0.09200000000009823,3.269999999999982,0,2.0
121,ERROR_M,2,232,3.6520000000000437,0.09799999999995634,1,2.0
121,ERROR_M,2,233,0.10599999999999454,5.364000000000033,0,2.0
121,ERROR_M,2,234,0.35400000000004184,0.023999999999887223,0,2.0
121,ERROR_M,2,235,0.18000000000006366,27.1099999999999,0,2.0
121,ERROR_M,2,236,1.8480000000001837,4.395999999999958,0,2.0
121,ERROR_M,2,237,2.2519999999999527,7.953999999999951,1,2.0
121,ERROR_M,2,238,2.4400000000000546,4.945999999999913,1,2.0
121,ERROR_M,2,239,2.0900000000001455,8.54600000000005,1,2.0
121,ERROR_M,2,240,1.7199999999998,8.365999999999985,0,2.0
121,ERROR_M,2,241,2.3640000000000327,0.13000000000010914,1,2.0
121,ERROR_M,2,242,0.06799999999998363,6.385999999999967,0,2.0
121,ERROR_M,2,243,2.314000000000078,0.13599999999996726,1,2.0
121,ERROR_M,2,244,0.03399999999987813,6.0779999999999745,0,2.0
121,ERROR_M,2,245,2.3460000000000036,5.760000000000218,1,2.0
121,ERROR_M,2,246,2.77599999999984,5.248000000000047,1,2.0
121,ERROR_M,2,247,0.8640000000000327,0.023999999999887223,0,2.0
121,ERROR_M,2,248,0.17600000000015825,8.124000000000024,0,2.0
121,ERROR_M,2,249,2.8559999999999945,6.475999999999885,1,2.0
121,ERROR_M,2,250,2.4220000000000255,0.14000000000010004,1,2.0
121,ERROR_M,2,251,0.057999999999992724,5.185999999999922,0,2.0
121,ERROR_M,2,252,2.6620000000000346,5.30600000000004,1,2.0
121,ERROR_M,2,253,2.1419999999998254,0.11200000000008004,1,2.0
121,ERROR_M,2,254,0.08799999999996544,6.4500000000000455,0,2.0
121,ERROR_M,2,255,2.83400000000006,7.4659999999998945,1,2.0
121,ERROR_M,2,256,1.8659999999999854,4.706000000000131,0,2.0
121,ERROR_M,2,257,2.6340000000000146,7.781999999999925,1,2.0
121,ERROR_M,2,258,2.645999999999958,8.066000000000031,1,2.0
121,ERROR_M,2,259,1.316000000000031,8.134000000000015,0,2.0
121,ERROR_M,2,260,1.7819999999999254,8.276000000000067,0,2.0
121,ERROR_M,2,261,2.071999999999889,8.701999999999998,1,2.0
121,ERROR_M,2,262,2.2460000000000946,0.11200000000008004,1,2.0
121,ERROR_M,2,263,0.09199999999987085,4.900000000000091,0,2.0
121,ERROR_M,2,264,1.8579999999999472,0.14799999999991087,0,2.0
121,ERROR_M,2,265,0.052000000000134605,3.77599999999984,0,2.0
121,ERROR_M,2,266,1.7480000000000473,9.888000000000147,0,2.0
121,ERROR_M,2,267,2.035999999999831,6.734000000000151,1,2.0
121,ERROR_M,2,268,2.211999999999989,8.210000000000036,1,2.0
121,ERROR_M,2,269,2.5659999999998035,5.125999999999976,1,2.0
121,ERROR_M,2,270,1.622000000000071,6.766000000000076,0,2.0
121,ERROR_M,2,271,2.7719999999999345,4.233999999999924,1,2.0
121,ERROR_M,2,272,1.7220000000002074,7.357999999999947,0,2.0
121,ERROR_M,2,273,1.9600000000000364,7.647999999999911,0,2.0
121,ERROR_M,2,274,2.617999999999938,0.11599999999998545,1,2.0
121,ERROR_M,2,275,0.09000000000014552,6.346000000000004,0,2.0
121,ERROR_M,2,276,1.9739999999999327,4.567999999999984,0,2.0
121,ERROR_M,2,277,1.6920000000000073,8.246000000000095,0,2.0
121,ERROR_M,2,278,0.9479999999998654,0.032000000000152795,0,2.0
121,ERROR_M,2,279,0.16799999999989268,17.072000000000116,0,2.0
121,ERROR_M,2,280,1.7579999999998108,5.332000000000107,0,2.0
121,ERROR_M,2,281,2.19399999999996,6.044000000000096,1,2.0
121,ERROR_M,2,282,2.3439999999998236,8.46400000000017,1,2.0
121,ERROR_M,2,283,2.451999999999998,4.701999999999998,1,2.0
121,ERROR_M,2,284,1.7019999999999982,9.295999999999822,0,2.0
121,ERROR_M,2,285,2.4600000000000364,0.12800000000015643,1,2.0
121,ERROR_M,2,286,0.07199999999988904,4.582000000000107,0,2.0
121,ERROR_M,2,287,1.709999999999809,0.08200000000010732,0,2.0
121,ERROR_M,2,288,0.11999999999989086,3.47400000000016,0,2.0
121,ERROR_M,2,289,3.8239999999998417,3.27800000000002,1,2.0
121,ERROR_M,2,290,3.032000000000153,0.07199999999988904,1,2.0
121,ERROR_M,2,291,0.11200000000008004,4.177999999999884,0,2.0
121,ERROR_M,2,292,2.3020000000001346,5.819999999999936,1,2.0
121,ERROR_M,2,293,2.5540000000000873,4.874000000000024,1,2.0
121,ERROR_M,2,294,0.07599999999979445,0.07600000000002183,0,2.0
121,ERROR_M,2,295,0.13800000000014734,12.309999999999945,0,2.0
121,ERROR_M,2,296,3.5,0.06400000000007822,1,2.0
121,ERROR_M,2,297,0.11399999999980537,6.514000000000124,0,2.0
121,ERROR_M,2,298,2.5779999999999745,8.940000000000055,1,2.0
121,ERROR_M,2,299,2.769999999999982,6.41599999999994,1,2.0
121,ERROR_M,2,300,2.089999999999918,0.026000000000067303,1,2.0
121,ERROR_M,2,301,0.15599999999994907,5.844000000000051,0,2.0
121,ERROR_M,2,302,3.436000000000149,8.123999999999796,1,2.0
121,ERROR_M,2,303,2.3300000000001546,5.9659999999998945,1,2.0
121,ERROR_M,2,304,2.6380000000001473,0.10999999999989996,1,2.0
121,ERROR_M,2,305,0.08999999999991815,5.1460000000001855,0,2.0
121,ERROR_M,2,306,2.7999999999999545,0.12400000000002365,1,2.0
121,ERROR_M,2,307,0.07600000000002183,3.683999999999969,0,2.0
121,ERROR_M,2,308,2.566000000000031,7.662000000000035,1,2.0
121,ERROR_M,2,309,0.016000000000076398,0.041999999999916326,0,2.0
121,ERROR_M,2,310,0.15399999999999636,6.096000000000004,0,2.0
121,ERROR_M,2,311,1.1179999999999382,7.630000000000109,0,2.0
121,ERROR_M,2,312,2.8779999999997017,8.438000000000102,1,2.0
121,ERROR_M,2,313,2.4140000000002146,9.22799999999961,1,2.0
121,ERROR_M,2,314,2.506000000000313,9.217999999999847,1,2.0
121,ERROR_M,2,315,2.8279999999999745,4.248000000000047,1,2.0
121,ERROR_M,2,316,2.949999999999818,3.8279999999999745,1,2.0
121,ERROR_M,2,317,3.1780000000003383,3.730000000000018,1,2.0
121,ERROR_M,2,318,2.7719999999999345,5.536000000000058,1,2.0
121,ERROR_M,2,319,1.599999999999909,0.0500000000001819,0,2.0
121,ERROR_M,2,320,0.05199999999967986,4.730000000000018,0,2.0
121,ERROR_M,2,321,3.3960000000001855,5.641999999999825,1,2.0
121,ERROR_M,2,322,2.9079999999999018,8.080000000000382,1,2.0
121,ERROR_M,2,323,2.967999999999847,8.788000000000011,1,2.0
121,ERROR_M,2,324,2.875999999999749,5.156000000000404,1,2.0
121,ERROR_M,2,325,1.9219999999995707,6.638000000000375,0,2.0
121,ERROR_M,2,326,3.161999999999807,4.378000000000156,1,2.0
121,ERROR_M,2,327,1.8179999999997563,6.768000000000029,0,2.0
121,ERROR_M,2,328,2.83600000000024,7.377999999999702,1,2.0
121,ERROR_M,2,329,1.9039999999999964,2.981999999999971,0,2.0
121,ERROR_M,2,330,1.5880000000001928,6.88799999999992,0,2.0
121,ERROR_M,2,331,1.9920000000001892,0.13599999999996726,0,2.0
121,ERROR_M,2,332,0.06399999999985084,7.121999999999844,0,2.0
121,ERROR_M,2,333,2.838000000000193,9.639999999999873,1,2.0
121,ERROR_M,2,334,2.1520000000000437,8.680000000000291,1,2.0
121,ERROR_M,2,335,1.987999999999829,0.09999999999990905,0,2.0
121,ERROR_M,2,336,0.04800000000022919,9.321999999999662,0,2.0
121,ERROR_M,2,337,2.1100000000001273,5.9220000000000255,1,2.0
121,ERROR_M,2,338,0.9740000000001601,9.677999999999884,0,2.0
121,ERROR_M,2,339,2.0160000000000764,5.411999999999807,1,2.0
121,ERROR_M,2,340,3.3200000000001637,0.09999999999990905,1,2.0
121,ERROR_M,2,341,0.09000000000014552,37.284000000000106,0,2.0
121,ERROR_M,2,342,1.7279999999996107,9.016000000000076,0,2.0
121,ERROR_M,2,343,0.43600000000014916,8.221999999999753,0,2.0
121,ERROR_M,2,344,1.8760000000002037,0.13599999999996726,0,2.0
121,ERROR_M,2,345,0.06399999999985084,41.340000000000146,0,2.0
121,ERROR_M,2,346,1.7959999999998217,3.130000000000109,0,2.0
121,ERROR_M,2,347,3.786000000000058,0.11999999999989086,1,2.0
121,ERROR_M,2,348,0.046000000000276486,32.458000000000084,0,2.0
121,ERROR_M,2,349,0.2159999999998945,0.027999999999792635,0,2.0
121,ERROR_M,2,350,0.17399999999997817,35.05600000000004,0,2.0
121,ERROR_M,2,351,1.7820000000001528,42.153999999999996,0,2.0
121,ERROR_M,2,352,2.4039999999999964,8.148000000000138,1,2.0
121,ERROR_M,2,353,1.6539999999999964,9.905999999999949,0,2.0
121,ERROR_M,2,354,2.286000000000058,8.655999999999949,1,2.0
121,ERROR_M,2,355,3.281999999999698,9.236000000000331,1,2.0
121,ERROR_M,2,356,3.2419999999997344,0.14400000000023283,1,2.0
121,ERROR_M,2,357,0.041999999999916326,6.195999999999913,0,2.0
121,ERROR_M,2,358,4.369999999999891,5.688000000000102,1,2.0
121,ERROR_M,2,359,3.8079999999999927,2.8960000000001855,1,2.0
121,ERROR_M,2,360,3.669999999999618,5.542000000000371,1,2.0
121,ERROR_M,2,361,2.2219999999997526,7.430000000000291,1,2.0
121,ERROR_M,2,362,1.7419999999997344,8.094000000000051,0,2.0
121,ERROR_M,2,363,1.30600000000004,3.9980000000000473,0,2.0
121,ERROR_M,2,364,3.5659999999998035,7.054000000000087,1,2.0
121,ERROR_M,2,365,3.0419999999999163,0.03999999999996362,1,2.0
121,ERROR_M,2,366,0.13000000000010914,2.9020000000000437,0,2.0
121,ERROR_M,2,367,2.0799999999999272,6.594000000000051,1,2.0
121,ERROR_M,2,368,1.4320000000002437,6.923999999999978,0,2.0
121,ERROR_M,2,369,2.6399999999998727,7.567999999999756,1,2.0
121,ERROR_M,2,370,3.800000000000182,5.960000000000036,1,2.0
121,ERROR_M,2,371,2.5540000000000873,3.645999999999731,1,2.0
121,ERROR_M,2,372,1.986000000000331,4.435999999999694,0,2.0
121,ERROR_M,2,373,1.6320000000000618,4.670000000000073,0,2.0
121,ERROR_M,2,374,1.9400000000000546,5.721999999999753,0,2.0
121,ERROR_M,2,375,1.7140000000003965,3.6859999999996944,0,2.0
121,ERROR_M,2,376,2.1700000000000728,7.795999999999822,1,2.0
121,ERROR_M,2,377,2.1520000000000437,7.94399999999996,1,2.0
121,ERROR_M,2,378,0.36000000000012733,8.608000000000175,0,2.0
121,ERROR_M,2,379,0.023999999999887223,0.05600000000004002,0,2.0
121,ERROR_M,2,380,0.15000000000009095,9.268000000000029,0,2.0
121,ERROR_M,2,381,2.7959999999998217,9.08600000000024,1,2.0
121,ERROR_M,2,382,3.231999999999971,0.15599999999994907,1,2.0
121,ERROR_M,2,383,0.02599999999983993,4.916000000000167,0,2.0
121,ERROR_M,2,384,2.1659999999997126,7.844000000000051,1,2.0
121,ERROR_M,2,385,1.400000000000091,4.108000000000175,0,2.0
121,ERROR_M,2,386,3.319999999999709,0.14600000000018554,1,2.0
121,ERROR_M,2,387,0.0340000000001055,8.085999999999785,0,2.0
121,ERROR_M,2,388,1.8240000000000691,4.467999999999847,0,2.0
121,ERROR_M,2,389,2.2480000000000473,5.4520000000002256,1,2.0
121,ERROR_M,2,390,1.6459999999997308,7.097999999999956,0,2.0
121,ERROR_M,2,391,2.9600000000000364,7.472000000000207,1,2.0
121,ERROR_M,2,392,3.069999999999709,0.14600000000018554,1,2.0
121,ERROR_M,2,393,0.05400000000008731,9.971999999999753,0,2.0
121,ERROR_M,2,394,0.4080000000003565,8.609999999999673,0,2.0
121,ERROR_M,2,395,2.0219999999999345,4.098000000000411,1,2.0
121,ERROR_M,2,396,0.041999999999916326,0.03600000000005821,0,2.0
121,ERROR_M,2,397,0.1619999999998072,9.902000000000044,0,2.0
121,ERROR_M,2,398,1.8519999999998618,7.052000000000135,0,2.0
121,ERROR_M,2,399,1.7220000000002074,9.9699999999998,0,2.0
121,ERROR_M,2,400,2.155999999999949,5.346000000000004,1,2.0
121,ERROR_M,2,401,1.8899999999998727,5.294000000000324,0,2.0
121,ERROR_M,2,402,0.6199999999998909,0.011999999999716238,0,2.0
121,ERROR_M,2,403,0.19200000000000728,46.17400000000043,0,2.0
121,ERROR_M,2,404,1.6599999999998545,6.795999999999822,0,2.0
121,ERROR_M,2,405,2.061999999999898,6.0,1,2.0
121,ERROR_M,2,406,3.05600000000004,7.902000000000044,1,2.0
121,ERROR_M,2,407,2.1640000000002146,6.279999999999745,1,2.0
121,ERROR_M,2,408,2.0779999999999745,5.722000000000207,1,2.0
121,ERROR_M,2,409,2.338000000000193,,1,2.0
121,ERROR_M,3,1,0.7059999999999995,0.03200000000000003,0,2.0
121,ERROR_M,3,2,0.19200000000000017,3.9619999999999997,0,2.0
121,ERROR_M,3,3,2.102000000000004,3.1879999999999953,1,2.0
121,ERROR_M,3,4,1.8960000000000008,5.207999999999998,0,2.0
121,ERROR_M,3,5,2.1780000000000044,5.582000000000001,1,2.0
121,ERROR_M,3,6,2.6199999999999974,3.2620000000000005,1,2.0
121,ERROR_M,3,7,1.3059999999999974,6.5760000000000005,0,2.0
121,ERROR_M,3,8,1.0799999999999983,4.756,0,2.0
121,ERROR_M,3,9,1.6219999999999999,7.134,0,2.0
121,ERROR_M,3,10,2.7420000000000044,5.358000000000004,1,2.0
121,ERROR_M,3,11,2.274000000000001,0.10799999999998988,1,2.0
121,ERROR_M,3,12,0.06799999999999784,6.786000000000001,0,2.0
121,ERROR_M,3,13,0.9699999999999989,8.406000000000006,0,2.0
121,ERROR_M,3,14,2.5960000000000036,8.896,1,2.0
121,ERROR_M,3,15,2.8299999999999983,5.344000000000008,1,2.0
121,ERROR_M,3,16,0.5559999999999832,4.5260000000000105,0,2.0
121,ERROR_M,3,17,1.225999999999999,8.966000000000008,0,2.0
121,ERROR_M,3,18,3.7819999999999823,0.1560000000000059,1,2.0
121,ERROR_M,3,19,0.06999999999999318,7.926000000000016,0,2.0
121,ERROR_M,3,20,1.393999999999977,6.224000000000018,0,2.0
121,ERROR_M,3,21,1.5739999999999839,7.210000000000008,0,2.0
121,ERROR_M,3,22,0.027999999999991587,15.420000000000016,0,2.0
121,ERROR_M,3,23,0.18999999999999773,6.782000000000011,0,2.0
121,ERROR_M,3,24,2.401999999999987,0.027999999999991587,1,2.0
121,ERROR_M,3,25,0.1880000000000166,3.132000000000005,0,2.0
121,ERROR_M,3,26,3.141999999999996,6.917999999999978,1,2.0
121,ERROR_M,3,27,2.3220000000000027,4.450000000000017,1,2.0
121,ERROR_M,3,28,0.8160000000000025,0.027999999999991587,0,2.0
121,ERROR_M,3,29,0.20400000000000773,17.70599999999999,0,2.0
121,ERROR_M,3,30,1.7059999999999889,5.5940000000000225,0,2.0
121,ERROR_M,3,31,0.030000000000001137,0.025999999999982037,0,2.0
121,ERROR_M,3,32,0.17799999999999727,16.358000000000004,0,2.0
121,ERROR_M,3,33,0.09800000000001319,0.02800000000002001,0,2.0
121,ERROR_M,3,34,0.18799999999998818,17.46999999999997,0,2.0
121,ERROR_M,3,35,5.004000000000019,0.10800000000000409,1,2.0
121,ERROR_M,3,36,0.09399999999999409,3.6920000000000073,0,2.0
121,ERROR_M,3,37,3.7379999999999995,6.423999999999978,1,2.0
121,ERROR_M,3,38,2.3940000000000055,7.694000000000017,1,2.0
121,ERROR_M,3,39,3.3840000000000146,8.401999999999987,1,2.0
121,ERROR_M,3,40,2.4219999999999686,0.036000000000001364,1,2.0
121,ERROR_M,3,41,0.132000000000005,9.680000000000007,0,2.0
121,ERROR_M,3,42,3.259999999999991,0.05000000000001137,1,2.0
121,ERROR_M,3,43,0.132000000000005,5.564000000000021,0,2.0
121,ERROR_M,3,44,4.048000000000002,0.09799999999995634,1,2.0
121,ERROR_M,3,45,0.11000000000001364,5.566000000000031,0,2.0
121,ERROR_M,3,46,1.7860000000000014,3.349999999999966,0,2.0
121,ERROR_M,3,47,1.622000000000014,4.149999999999977,0,2.0
121,ERROR_M,3,48,1.5260000000000105,5.2099999999999795,0,2.0
121,ERROR_M,3,49,2.3380000000000223,6.574000000000012,1,2.0
121,ERROR_M,3,50,1.863999999999976,8.116000000000042,0,2.0
121,ERROR_M,3,51,0.603999999999985,0.04199999999997317,0,2.0
121,ERROR_M,3,52,0.1560000000000059,2.788000000000011,0,2.0
121,ERROR_M,3,53,3.805999999999983,0.12000000000000455,1,2.0
121,ERROR_M,3,54,0.10200000000003229,6.589999999999975,0,2.0
121,ERROR_M,3,55,3.1619999999999777,0.1500000000000341,1,2.0
121,ERROR_M,3,56,0.055999999999983174,6.9360000000000355,0,2.0
121,ERROR_M,3,57,2.9459999999999695,8.134000000000015,1,2.0
121,ERROR_M,3,58,1.7239999999999895,0.11000000000001364,0,2.0
121,ERROR_M,3,59,0.057999999999992724,8.423999999999978,0,2.0
121,ERROR_M,3,60,0.040000000000020464,0.02800000000002001,0,2.0
121,ERROR_M,3,61,0.18399999999996908,16.968000000000018,0,2.0
121,ERROR_M,3,62,1.5919999999999845,10.54000000000002,0,2.0
121,ERROR_M,3,63,4.117999999999995,0.12599999999997635,1,2.0
121,ERROR_M,3,64,0.07200000000000273,9.01600000000002,0,2.0
121,ERROR_M,3,65,1.9399999999999977,5.067999999999984,0,2.0
121,ERROR_M,3,66,0.033999999999991815,0.02600000000001046,0,2.0
121,ERROR_M,3,67,0.146000000000015,3.5260000000000105,0,2.0
121,ERROR_M,3,68,4.909999999999968,0.11599999999998545,1,2.0
121,ERROR_M,3,69,0.11000000000001364,3.819999999999993,0,2.0
121,ERROR_M,3,70,4.403999999999996,5.164000000000044,1,2.0
121,ERROR_M,3,71,3.335999999999956,4.288000000000068,1,2.0
121,ERROR_M,3,72,3.7379999999999427,0.12000000000000455,1,2.0
121,ERROR_M,3,73,0.08600000000001273,5.046000000000049,0,2.0
121,ERROR_M,3,74,2.425999999999931,0.11800000000005184,1,2.0
121,ERROR_M,3,75,0.06999999999993634,5.546000000000049,0,2.0
121,ERROR_M,3,76,2.254000000000019,0.10199999999997544,1,2.0
121,ERROR_M,3,77,0.10399999999992815,3.532000000000039,0,2.0
121,ERROR_M,3,78,1.725999999999999,0.033999999999991815,0,2.0
121,ERROR_M,3,79,0.07000000000005002,0.04800000000000182,0,2.0
121,ERROR_M,3,80,0.04800000000000182,7.189999999999941,0,2.0
121,ERROR_M,3,81,0.34600000000000364,0.012000000000057298,0,2.0
121,ERROR_M,3,82,0.16599999999993997,8.786000000000058,0,2.0
121,ERROR_M,3,83,3.159999999999968,0.15800000000001546,1,2.0
121,ERROR_M,3,84,0.03999999999996362,7.97199999999998,0,2.0
121,ERROR_M,3,85,2.366000000000099,8.625999999999976,1,2.0
121,ERROR_M,3,86,2.3439999999999372,0.13999999999998636,1,2.0
121,ERROR_M,3,87,0.08400000000006003,5.511999999999944,0,2.0
121,ERROR_M,3,88,2.9300000000000637,0.11000000000001364,1,2.0
121,ERROR_M,3,89,0.09399999999993724,5.08400000000006,0,2.0
121,ERROR_M,3,90,2.617999999999938,4.84800000000007,1,2.0
121,ERROR_M,3,91,3.7859999999999445,3.8419999999999845,1,2.0
121,ERROR_M,3,92,2.046000000000049,4.0779999999999745,1,2.0
121,ERROR_M,3,93,3.548000000000002,0.11599999999998545,1,2.0
121,ERROR_M,3,94,0.09600000000000364,5.204000000000065,0,2.0
121,ERROR_M,3,95,2.5559999999999263,6.540000000000077,1,2.0
121,ERROR_M,3,96,0.14999999999997726,0.033999999999991815,0,2.0
121,ERROR_M,3,97,0.2239999999999327,6.516000000000076,0,2.0
121,ERROR_M,3,98,2.3079999999999927,8.442000000000007,1,2.0
121,ERROR_M,3,99,2.5019999999999527,0.10199999999997544,1,2.0
121,ERROR_M,3,100,0.11800000000005184,9.066000000000031,0,2.0
121,ERROR_M,3,101,2.466000000000008,5.101999999999975,1,2.0
121,ERROR_M,3,102,2.94399999999996,4.774000000000001,1,2.0
121,ERROR_M,3,103,2.618000000000052,0.13400000000001455,1,2.0
121,ERROR_M,3,104,0.06599999999991724,9.316000000000031,0,2.0
121,ERROR_M,3,105,2.3379999999999654,6.970000000000027,1,2.0
121,ERROR_M,3,106,1.6499999999999773,4.642000000000053,0,2.0
121,ERROR_M,3,107,3.3220000000000027,8.17599999999993,1,2.0
121,ERROR_M,3,108,1.0440000000000964,8.596000000000004,0,2.0
121,ERROR_M,3,109,2.5579999999999927,0.14599999999995816,1,2.0
121,ERROR_M,3,110,0.04200000000003001,5.2859999999999445,0,2.0
121,ERROR_M,3,111,2.0639999999999645,7.746000000000095,1,2.0
121,ERROR_M,3,112,1.4699999999999136,9.710000000000036,0,2.0
121,ERROR_M,3,113,1.6879999999999882,8.31000000000006,0,2.0
121,ERROR_M,3,114,2.4180000000000064,5.015999999999963,1,2.0
121,ERROR_M,3,115,2.990000000000009,0.11199999999996635,1,2.0
121,ERROR_M,3,116,0.06200000000001182,5.706000000000017,0,2.0
121,ERROR_M,3,117,2.4279999999999973,7.1200000000000045,1,2.0
121,ERROR_M,3,118,2.67999999999995,3.9300000000000637,1,2.0
121,ERROR_M,3,119,3.4420000000000073,6.439999999999941,1,2.0
121,ERROR_M,3,120,2.466000000000008,0.11400000000003274,1,2.0
121,ERROR_M,3,121,0.033999999999991815,8.754000000000019,0,2.0
121,ERROR_M,3,122,2.1019999999999754,4.509999999999991,1,2.0
121,ERROR_M,3,123,2.532000000000039,6.411999999999921,1,2.0
121,ERROR_M,3,124,3.7460000000000946,8.521999999999935,1,2.0
121,ERROR_M,3,125,3.255999999999972,8.604000000000042,1,2.0
121,ERROR_M,3,126,2.2140000000000555,0.16599999999993997,1,2.0
121,ERROR_M,3,127,0.022000000000048203,6.731999999999971,0,2.0
121,ERROR_M,3,128,1.77800000000002,9.42599999999993,0,2.0
121,ERROR_M,3,129,2.052000000000021,6.1720000000000255,1,2.0
121,ERROR_M,3,130,3.76400000000001,6.559999999999945,1,2.0
121,ERROR_M,3,131,1.6020000000000891,4.777999999999906,0,2.0
121,ERROR_M,3,132,2.73599999999999,0.12800000000004275,1,2.0
121,ERROR_M,3,133,0.06000000000005912,5.5359999999999445,0,2.0
121,ERROR_M,3,134,0.9400000000000546,5.497999999999934,0,2.0
121,ERROR_M,3,135,2.6800000000000637,6.383999999999901,1,2.0
121,ERROR_M,3,136,1.6400000000001,0.11399999999991905,0,2.0
121,ERROR_M,3,137,0.04399999999998272,8.828000000000088,0,2.0
121,ERROR_M,3,138,1.38799999999992,7.466000000000008,0,2.0
121,ERROR_M,3,139,1.288000000000011,4.1200000000000045,0,2.0
121,ERROR_M,3,140,2.6000000000000227,8.79200000000003,1,2.0
121,ERROR_M,3,141,1.8139999999999645,8.994000000000028,0,2.0
121,ERROR_M,3,142,1.6159999999999854,10.591999999999985,0,2.0
121,ERROR_M,3,143,2.937999999999988,0.10400000000004184,1,2.0
121,ERROR_M,3,144,0.10399999999992815,7.400000000000091,0,2.0
121,ERROR_M,3,145,1.8239999999999554,0.14599999999995816,0,2.0
121,ERROR_M,3,146,0.03200000000003911,8.995999999999981,0,2.0
121,ERROR_M,3,147,1.725999999999999,3.844000000000051,0,2.0
121,ERROR_M,3,148,2.3759999999999764,7.774000000000001,1,2.0
121,ERROR_M,3,149,2.36200000000008,0.08999999999991815,1,2.0
121,ERROR_M,3,150,0.07400000000006912,4.973999999999933,0,2.0
121,ERROR_M,3,151,2.0979999999999563,7.150000000000091,1,2.0
121,ERROR_M,3,152,1.4839999999999236,8.086000000000013,0,2.0
121,ERROR_M,3,153,2.2760000000000673,4.748000000000047,1,2.0
121,ERROR_M,3,154,3.005999999999858,0.11400000000003274,1,2.0
121,ERROR_M,3,155,0.07799999999997453,3.47199999999998,0,2.0
121,ERROR_M,3,156,3.0240000000001146,3.066000000000031,1,2.0
121,ERROR_M,3,157,3.05399999999986,8.958000000000084,1,2.0
121,ERROR_M,3,158,1.3360000000000127,12.701999999999998,0,2.0
121,ERROR_M,3,159,3.1119999999998527,4.490000000000009,1,2.0
121,ERROR_M,3,160,2.0820000000001073,0.09999999999990905,1,2.0
121,ERROR_M,3,161,0.08600000000001273,5.248000000000047,0,2.0
121,ERROR_M,3,162,3.2740000000001146,3.30399999999986,1,2.0
121,ERROR_M,3,163,2.768000000000029,0.11400000000003274,1,2.0
121,ERROR_M,3,164,0.06400000000007822,5.947999999999865,0,2.0
121,ERROR_M,3,165,1.3479999999999563,7.0900000000001455,0,2.0
121,ERROR_M,3,166,1.3640000000000327,9.131999999999834,0,2.0
121,ERROR_M,3,167,1.7000000000000455,3.880000000000109,0,2.0
121,ERROR_M,3,168,1.1679999999998927,8.506000000000085,0,2.0
121,ERROR_M,3,169,1.2159999999998945,6.966000000000122,0,2.0
121,ERROR_M,3,170,2.33199999999988,6.504000000000133,1,2.0
121,ERROR_M,3,171,2.5939999999998236,0.03999999999996362,1,2.0
121,ERROR_M,3,172,0.19800000000009277,6.678000000000111,0,2.0
121,ERROR_M,3,173,2.339999999999918,8.228000000000065,1,2.0
121,ERROR_M,3,174,2.5039999999999054,0.09600000000000364,1,2.0
121,ERROR_M,3,175,0.07799999999997453,8.966000000000122,0,2.0
121,ERROR_M,3,176,2.066000000000031,9.409999999999854,1,2.0
121,ERROR_M,3,177,1.5740000000000691,21.511999999999944,0,2.0
121,ERROR_M,3,178,0.6040000000000418,3.9459999999999127,0,2.0
121,ERROR_M,3,179,2.1560000000001764,6.663999999999987,1,2.0
121,ERROR_M,3,180,1.6820000000000164,5.873999999999796,0,2.0
121,ERROR_M,3,181,2.0720000000001164,0.10999999999989996,1,2.0
121,ERROR_M,3,182,0.05400000000008731,5.913999999999987,0,2.0
121,ERROR_M,3,183,2.882000000000062,5.2159999999998945,1,2.0
121,ERROR_M,3,184,2.186000000000149,7.181999999999789,1,2.0
121,ERROR_M,3,185,2.6520000000000437,7.248000000000047,1,2.0
121,ERROR_M,3,186,2.02800000000002,7.624000000000024,1,2.0
121,ERROR_M,3,187,2.796000000000049,9.05399999999986,1,2.0
121,ERROR_M,3,188,2.433999999999969,4.968000000000075,1,2.0
121,ERROR_M,3,189,2.354000000000042,6.490000000000009,1,2.0
121,ERROR_M,3,190,3.005999999999858,8.042000000000144,1,2.0
121,ERROR_M,3,191,3.491999999999962,8.509999999999991,1,2.0
121,ERROR_M,3,192,2.036000000000058,6.844000000000051,1,2.0
121,ERROR_M,3,193,1.63799999999992,8.375999999999976,0,2.0
121,ERROR_M,3,194,1.9500000000000455,0.03199999999992542,0,2.0
121,ERROR_M,3,195,0.17200000000002547,8.875999999999976,0,2.0
121,ERROR_M,3,196,2.410000000000082,0.09799999999995634,1,2.0
121,ERROR_M,3,197,0.049999999999954525,10.201999999999998,0,2.0
121,ERROR_M,3,198,2.5720000000001164,0.10199999999986176,1,2.0
121,ERROR_M,3,199,0.06200000000012551,3.727999999999838,0,2.0
121,ERROR_M,3,200,3.61200000000008,3.2660000000000764,1,2.0
121,ERROR_M,3,201,2.645999999999958,0.09200000000009823,1,2.0
121,ERROR_M,3,202,0.08799999999996544,5.261999999999944,0,2.0
121,ERROR_M,3,203,3.38799999999992,3.9139999999999873,1,2.0
121,ERROR_M,3,204,1.8700000000001182,7.695999999999913,0,2.0
121,ERROR_M,3,205,2.6200000000001182,8.475999999999885,1,2.0
121,ERROR_M,3,206,2.2940000000000964,6.9659999999998945,1,2.0
121,ERROR_M,3,207,4.292000000000144,9.990000000000009,1,2.0
121,ERROR_M,3,208,3.1979999999998654,5.69600000000014,1,2.0
121,ERROR_M,3,209,2.9759999999998854,0.11400000000003274,1,2.0
121,ERROR_M,3,210,0.049999999999954525,5.711999999999989,0,2.0
121,ERROR_M,3,211,2.854000000000042,5.385999999999967,1,2.0
121,ERROR_M,3,212,3.155999999999949,4.690000000000055,1,2.0
121,ERROR_M,3,213,2.2339999999999236,6.960000000000036,1,2.0
121,ERROR_M,3,214,2.1359999999999673,5.686000000000149,1,2.0
121,ERROR_M,3,215,3.217999999999847,7.0900000000001455,1,2.0
121,ERROR_M,3,216,2.009999999999991,3.83400000000006,1,2.0
121,ERROR_M,3,217,3.5319999999999254,7.662000000000035,1,2.0
121,ERROR_M,3,218,2.991999999999962,8.968000000000075,1,2.0
121,ERROR_M,3,219,2.425999999999931,5.382000000000062,1,2.0
121,ERROR_M,3,220,4.343999999999824,6.451999999999998,1,2.0
121,ERROR_M,3,221,0.05400000000008731,93.53800000000001,0,2.0
121,ERROR_M,3,222,1.8099999999999454,0.11400000000003274,0,2.0
121,ERROR_M,3,223,0.09799999999995634,8.984000000000151,0,2.0
121,ERROR_M,3,224,2.4699999999998,0.13400000000001455,1,2.0
121,ERROR_M,3,225,0.044000000000096406,4.440000000000055,0,2.0
121,ERROR_M,3,226,4.05399999999986,5.932000000000016,1,2.0
121,ERROR_M,3,227,2.604000000000042,9.253999999999905,1,2.0
121,ERROR_M,3,228,2.1360000000001946,7.449999999999818,1,2.0
121,ERROR_M,3,229,2.009999999999991,5.074000000000069,1,2.0
121,ERROR_M,3,230,2.0979999999999563,11.024000000000115,1,2.0
121,ERROR_M,3,231,2.048000000000002,7.0,1,2.0
121,ERROR_M,3,232,2.122000000000071,9.005999999999858,1,2.0
121,ERROR_M,3,233,2.380000000000109,3.227999999999838,1,2.0
121,ERROR_M,3,234,0.060000000000172804,0.055999999999812644,0,2.0
121,ERROR_M,3,235,0.15600000000017644,14.67599999999993,0,2.0
121,ERROR_M,3,236,2.268000000000029,4.86200000000008,1,2.0
121,ERROR_M,3,237,4.851999999999862,6.776000000000067,1,2.0
121,ERROR_M,3,238,2.6920000000000073,7.089999999999918,1,2.0
121,ERROR_M,3,239,2.2660000000000764,10.594000000000051,1,2.0
121,ERROR_M,3,240,2.3439999999998236,4.268000000000029,1,2.0
121,ERROR_M,3,241,3.022000000000162,6.817999999999984,1,2.0
121,ERROR_M,3,242,2.481999999999971,4.730000000000018,1,2.0
121,ERROR_M,3,243,2.061999999999898,4.718000000000075,1,2.0
121,ERROR_M,3,244,3.8559999999999945,8.094000000000051,1,2.0
121,ERROR_M,3,245,3.245999999999867,7.518000000000029,1,2.0
121,ERROR_M,3,246,3.0579999999999927,0.10400000000004184,1,2.0
121,ERROR_M,3,247,0.06600000000003092,8.700000000000045,0,2.0
121,ERROR_M,3,248,1.699999999999818,9.228000000000065,0,2.0
121,ERROR_M,3,249,2.66599999999994,9.100000000000136,1,2.0
121,ERROR_M,3,250,2.259999999999991,6.77599999999984,1,2.0
121,ERROR_M,3,251,3.158000000000129,7.36200000000008,1,2.0
121,ERROR_M,3,252,2.3460000000000036,0.13599999999996726,1,2.0
121,ERROR_M,3,253,0.02599999999983993,4.688000000000102,0,2.0
121,ERROR_M,3,254,3.147999999999911,199.88999999999987,1,2.0
121,ERROR_M,3,255,2.2720000000003893,4.105999999999767,1,2.0
121,ERROR_M,3,256,4.8960000000001855,3.1920000000000073,1,2.0
121,ERROR_M,3,257,2.507999999999811,5.08199999999988,1,2.0
121,ERROR_M,3,258,1.7580000000002656,5.011999999999716,0,2.0
121,ERROR_M,3,259,0.13200000000006185,0.016000000000076398,0,2.0
121,ERROR_M,3,260,0.18600000000014916,6.208000000000084,0,2.0
121,ERROR_M,3,261,3.9179999999996653,3.326000000000022,1,2.0
121,ERROR_M,3,262,2.430000000000291,7.185999999999694,1,2.0
121,ERROR_M,3,263,0.13799999999991996,0.042000000000371074,0,2.0
121,ERROR_M,3,264,0.17200000000002547,13.273999999999887,0,2.0
121,ERROR_M,3,265,2.9719999999997526,5.830000000000382,1,2.0
121,ERROR_M,3,266,2.6679999999996653,8.090000000000146,1,2.0
121,ERROR_M,3,267,2.2339999999999236,8.56399999999985,1,2.0
121,ERROR_M,3,268,2.7280000000000655,8.713999999999942,1,2.0
121,ERROR_M,3,269,1.8100000000004002,6.609999999999673,0,2.0
121,ERROR_M,3,270,1.718000000000302,3.6979999999998654,0,2.0
121,ERROR_M,3,271,2.86200000000008,4.692000000000007,1,2.0
121,ERROR_M,3,272,2.8339999999998327,0.1799999999998363,1,2.0
121,ERROR_M,3,273,0.018000000000029104,3.144000000000233,0,2.0
121,ERROR_M,3,274,2.713999999999942,6.039999999999964,1,2.0
121,ERROR_M,3,275,1.6340000000000146,5.4780000000000655,0,2.0
121,ERROR_M,3,276,3.786000000000058,7.018000000000029,1,2.0
121,ERROR_M,3,277,2.33199999999988,6.878000000000156,1,2.0
121,ERROR_M,3,278,1.9639999999999418,8.998000000000047,0,2.0
121,ERROR_M,3,279,4.333999999999833,23.710000000000036,1,2.0
121,ERROR_M,3,280,3.66399999999976,8.830000000000382,1,2.0
121,ERROR_M,3,281,2.3840000000000146,9.069999999999709,1,2.0
121,ERROR_M,3,282,3.0,9.756000000000313,1,2.0
121,ERROR_M,3,283,3.743999999999687,8.86200000000008,1,2.0
121,ERROR_M,3,284,3.456000000000131,4.701999999999771,1,2.0
121,ERROR_M,3,285,4.338000000000193,7.411999999999807,1,2.0
121,ERROR_M,3,286,2.356000000000222,9.549999999999727,1,2.0
121,ERROR_M,3,287,3.6359999999999673,4.050000000000182,1,2.0
121,ERROR_M,3,288,2.8420000000000982,12.786000000000058,1,2.0
121,ERROR_M,3,289,2.931999999999789,4.269999999999982,1,2.0
121,ERROR_M,3,290,3.4700000000002547,6.973999999999705,1,2.0
121,ERROR_M,3,291,3.5280000000002474,7.536000000000058,1,2.0
121,ERROR_M,3,292,4.375999999999749,7.834000000000287,1,2.0
121,ERROR_M,3,293,2.4359999999996944,10.360000000000127,1,2.0
121,ERROR_M,3,294,3.5920000000000982,0.12599999999974898,1,2.0
121,ERROR_M,3,295,0.038000000000010914,5.1340000000000146,0,2.0
121,ERROR_M,3,296,2.0419999999999163,10.350000000000364,1,2.0
121,ERROR_M,3,297,2.349999999999909,8.884000000000015,1,2.0
121,ERROR_M,3,298,1.9400000000000546,10.177999999999884,0,2.0
121,ERROR_M,3,299,1.1199999999998909,6.036000000000058,0,2.0
121,ERROR_M,3,300,1.4079999999999018,8.640000000000327,0,2.0
121,ERROR_M,3,301,2.5559999999995853,9.2800000000002,1,2.0
121,ERROR_M,3,302,1.5579999999999927,5.059999999999945,0,2.0
121,ERROR_M,3,303,3.11200000000008,9.498000000000047,1,2.0
121,ERROR_M,3,304,5.036000000000058,9.692000000000007,1,2.0
121,ERROR_M,3,305,3.1700000000000728,3.031999999999698,1,2.0
121,ERROR_M,3,306,4.192000000000007,4.80600000000004,1,2.0
121,ERROR_M,3,307,4.300000000000182,6.481999999999971,1,2.0
121,ERROR_M,3,308,1.7860000000000582,0.10999999999967258,0,2.0
121,ERROR_M,3,309,0.052000000000134605,6.735999999999876,0,2.0
121,ERROR_M,3,310,2.519999999999982,15.320000000000164,1,2.0
121,ERROR_M,3,311,1.5100000000002183,167.33399999999983,0,2.0
121,ERROR_M,3,312,1.2040000000001783,6.049999999999727,0,2.0
121,ERROR_M,3,313,1.6399999999998727,8.846000000000004,0,2.0
121,ERROR_M,3,314,3.33600000000024,66.11200000000008,1,2.0
121,ERROR_M,3,315,1.3119999999998981,9.599999999999909,0,2.0
121,ERROR_M,3,316,1.5579999999999927,5.217999999999847,0,2.0
121,ERROR_M,3,317,4.6159999999999854,14.16800000000012,1,2.0
121,ERROR_M,3,318,3.800000000000182,5.393999999999778,1,2.0
121,ERROR_M,3,319,1.6840000000001965,,0,2.0
122,ERROR_M,1,1,1.6519999999999975,4.466000000000001,0,2.0
122,ERROR_M,1,2,1.794000000000004,6.079999999999998,0,2.0
122,ERROR_M,1,3,2.4979999999999976,3.7319999999999993,1,2.0
122,ERROR_M,1,4,0.24800000000000466,0.0799999999999983,0,2.0
122,ERROR_M,1,5,0.7740000000000009,10.918,0,2.0
122,ERROR_M,1,6,1.3559999999999945,8.00800000000001,0,2.0
122,ERROR_M,1,7,2.530000000000001,5.372,1,2.0
122,ERROR_M,1,8,1.7179999999999893,4.626000000000005,0,2.0
122,ERROR_M,1,9,1.4819999999999993,0.0660000000000025,0,2.0
122,ERROR_M,1,10,0.13799999999999102,5.7960000000000065,0,2.0
122,ERROR_M,1,11,0.1039999999999992,14.986000000000004,0,2.0
122,ERROR_M,1,12,1.774000000000001,6.609999999999999,0,2.0
122,ERROR_M,1,13,1.9059999999999917,3.828000000000003,0,2.0
122,ERROR_M,1,14,2.564000000000007,8.72399999999999,1,2.0
122,ERROR_M,1,15,1.9420000000000073,7.641999999999996,0,2.0
122,ERROR_M,1,16,1.710000000000008,0.07999999999998408,0,2.0
122,ERROR_M,1,17,0.1599999999999966,8.060000000000002,0,2.0
122,ERROR_M,1,18,1.6839999999999975,8.100000000000023,0,2.0
122,ERROR_M,1,19,2.181999999999988,4.652000000000015,1,2.0
122,ERROR_M,1,20,2.3959999999999866,3.108000000000004,1,2.0
122,ERROR_M,1,21,2.725999999999999,3.6999999999999886,1,2.0
122,ERROR_M,1,22,1.8460000000000036,4.926000000000016,0,2.0
122,ERROR_M,1,23,0.4299999999999784,0.16800000000000637,0,2.0
122,ERROR_M,1,24,0.04400000000001114,10.515999999999991,0,2.0
122,ERROR_M,1,25,2.445999999999998,6.0660000000000025,1,2.0
122,ERROR_M,1,26,2.334000000000003,6.550000000000011,1,2.0
122,ERROR_M,1,27,2.137999999999977,7.242000000000019,1,2.0
122,ERROR_M,1,28,2.377999999999986,7.102000000000004,1,2.0
122,ERROR_M,1,29,2.2860000000000014,7.907999999999987,1,2.0
122,ERROR_M,1,30,2.5600000000000023,6.765999999999991,1,2.0
122,ERROR_M,1,31,1.5640000000000214,8.065999999999974,0,2.0
122,ERROR_M,1,32,2.26400000000001,4.0260000000000105,1,2.0
122,ERROR_M,1,33,2.3500000000000227,3.2719999999999914,1,2.0
122,ERROR_M,1,34,2.5500000000000114,3.4639999999999986,1,2.0
122,ERROR_M,1,35,2.519999999999982,8.314000000000021,1,2.0
122,ERROR_M,1,36,1.933999999999969,8.562000000000012,0,2.0
122,ERROR_M,1,37,2.5720000000000027,5.3840000000000146,1,2.0
122,ERROR_M,1,38,2.433999999999969,2.725999999999999,1,2.0
122,ERROR_M,1,39,2.8319999999999936,3.843999999999994,1,2.0
122,ERROR_M,1,40,2.2700000000000387,4.301999999999964,1,2.0
122,ERROR_M,1,41,2.646000000000015,5.331999999999994,1,2.0
122,ERROR_M,1,42,2.3140000000000214,5.646000000000015,1,2.0
122,ERROR_M,1,43,2.227999999999952,4.188000000000045,1,2.0
122,ERROR_M,1,44,2.283999999999992,5.315999999999974,1,2.0
122,ERROR_M,1,45,2.7239999999999895,7.960000000000036,1,2.0
122,ERROR_M,1,46,2.1719999999999686,14.574000000000012,1,2.0
122,ERROR_M,1,47,1.877999999999986,5.622000000000014,0,2.0
122,ERROR_M,1,48,2.0819999999999936,3.4840000000000373,1,2.0
122,ERROR_M,1,49,2.345999999999947,10.05600000000004,1,2.0
122,ERROR_M,1,50,1.6119999999999663,0.07400000000001228,0,2.0
122,ERROR_M,1,51,0.6100000000000136,30.406000000000006,0,2.0
122,ERROR_M,1,52,1.95799999999997,10.230000000000018,0,2.0
122,ERROR_M,1,53,2.697999999999979,22.956000000000017,1,2.0
122,ERROR_M,1,54,2.187999999999988,8.622000000000014,1,2.0
122,ERROR_M,1,55,2.329999999999984,5.254000000000019,1,2.0
122,ERROR_M,1,56,1.9320000000000164,3.6019999999999754,0,2.0
122,ERROR_M,1,57,1.8520000000000323,6.2579999999999245,0,2.0
122,ERROR_M,1,58,2.6700000000000728,6.730000000000018,1,2.0
122,ERROR_M,1,59,2.3859999999999673,4.224000000000046,1,2.0
122,ERROR_M,1,60,3.255999999999972,3.566000000000031,1,2.0
122,ERROR_M,1,61,2.8939999999998918,7.624000000000024,1,2.0
122,ERROR_M,1,62,3.1520000000000437,2.9840000000000373,1,2.0
122,ERROR_M,1,63,2.5799999999999272,7.114000000000033,1,2.0
122,ERROR_M,1,64,2.8880000000000337,8.437999999999988,1,2.0
122,ERROR_M,1,65,1.6440000000000055,5.969999999999914,0,2.0
122,ERROR_M,1,66,3.108000000000061,6.984000000000037,1,2.0
122,ERROR_M,1,67,2.6219999999999573,8.131999999999948,1,2.0
122,ERROR_M,1,68,2.7460000000000946,8.753999999999905,1,2.0
122,ERROR_M,1,69,2.0920000000000982,4.905999999999949,1,2.0
122,ERROR_M,1,70,3.1440000000000055,4.303999999999974,1,2.0
122,ERROR_M,1,71,3.005999999999972,8.934000000000083,1,2.0
122,ERROR_M,1,72,0.2579999999999245,0.11000000000001364,0,2.0
122,ERROR_M,1,73,0.10599999999999454,13.82000000000005,0,2.0
122,ERROR_M,1,74,0.049999999999954525,89.05000000000007,0,2.0
122,ERROR_M,1,75,2.6639999999999873,7.791999999999916,1,2.0
122,ERROR_M,1,76,2.1820000000000164,4.4500000000000455,1,2.0
122,ERROR_M,1,77,2.659999999999968,3.286000000000058,1,2.0
122,ERROR_M,1,78,3.240000000000009,3.5319999999999254,1,2.0
122,ERROR_M,1,79,2.716000000000008,3.6119999999999663,1,2.0
122,ERROR_M,1,80,2.5680000000000973,5.213999999999942,1,2.0
122,ERROR_M,1,81,2.259999999999991,5.701999999999998,1,2.0
122,ERROR_M,1,82,2.104000000000042,8.220000000000027,1,2.0
122,ERROR_M,1,83,0.6399999999999864,0.08399999999994634,0,2.0
122,ERROR_M,1,84,0.4840000000000373,14.473999999999933,0,2.0
122,ERROR_M,1,85,2.5020000000000664,7.524000000000001,1,2.0
122,ERROR_M,1,86,2.2899999999999636,8.724000000000046,1,2.0
122,ERROR_M,1,87,2.48599999999999,4.903999999999996,1,2.0
122,ERROR_M,1,88,1.9360000000000355,4.567999999999984,0,2.0
122,ERROR_M,1,89,2.6960000000000264,6.131999999999948,1,2.0
122,ERROR_M,1,90,2.2340000000000373,8.257999999999925,1,2.0
122,ERROR_M,1,91,2.274000000000001,7.288000000000011,1,2.0
122,ERROR_M,1,92,0.18600000000003547,0.03200000000003911,0,2.0
122,ERROR_M,1,93,0.23599999999999,51.90599999999995,0,2.0
122,ERROR_M,1,94,2.1240000000000236,0.05999999999994543,1,2.0
122,ERROR_M,1,95,0.20199999999999818,23.604000000000042,0,2.0
122,ERROR_M,1,96,1.905999999999949,8.628000000000043,0,2.0
122,ERROR_M,1,97,1.8619999999999663,9.700000000000045,0,2.0
122,ERROR_M,1,98,1.9779999999999518,4.54200000000003,0,2.0
122,ERROR_M,1,99,2.1499999999999773,33.916000000000054,1,2.0
122,ERROR_M,1,100,2.2660000000000764,8.817999999999984,1,2.0
122,ERROR_M,1,101,1.6399999999998727,5.481999999999971,0,2.0
122,ERROR_M,1,102,2.80600000000004,10.700000000000045,1,2.0
122,ERROR_M,1,103,2.566000000000031,4.2280000000000655,1,2.0
122,ERROR_M,1,104,2.145999999999958,8.207999999999856,1,2.0
122,ERROR_M,1,105,2.272000000000162,4.19399999999996,1,2.0
122,ERROR_M,1,106,2.2539999999999054,5.289999999999964,1,2.0
122,ERROR_M,1,107,2.4440000000001874,4.655999999999949,1,2.0
122,ERROR_M,1,108,2.02800000000002,8.611999999999853,1,2.0
122,ERROR_M,1,109,1.8200000000001637,7.885999999999967,0,2.0
122,ERROR_M,1,110,2.8299999999999272,8.759999999999991,1,2.0
122,ERROR_M,1,111,2.1259999999999764,5.792000000000144,1,2.0
122,ERROR_M,1,112,2.6779999999998836,4.142000000000053,1,2.0
122,ERROR_M,1,113,1.9859999999998763,7.162000000000035,0,2.0
122,ERROR_M,1,114,2.9860000000001037,11.45399999999995,1,2.0
122,ERROR_M,1,115,2.5219999999999345,3.0960000000000036,1,2.0
122,ERROR_M,1,116,2.1100000000001273,7.761999999999944,1,2.0
122,ERROR_M,1,117,2.1240000000000236,7.614000000000033,1,2.0
122,ERROR_M,1,118,2.201999999999998,8.663999999999987,1,2.0
122,ERROR_M,1,119,1.8940000000000055,6.445999999999913,0,2.0
122,ERROR_M,1,120,1.8859999999999673,11.58400000000006,0,2.0
122,ERROR_M,1,121,2.678000000000111,10.279999999999973,1,2.0
122,ERROR_M,1,122,1.8119999999998981,4.5779999999999745,0,2.0
122,ERROR_M,1,123,1.4260000000001583,31.189999999999827,0,2.0
122,ERROR_M,1,124,0.7040000000001783,32.55199999999991,0,2.0
122,ERROR_M,1,125,0.4359999999999218,57.28600000000006,0,2.0
122,ERROR_M,1,126,1.7300000000000182,11.57400000000007,0,2.0
122,ERROR_M,1,127,2.0860000000000127,8.827999999999975,1,2.0
122,ERROR_M,1,128,2.173999999999978,33.763999999999896,1,2.0
122,ERROR_M,1,129,1.7640000000001237,19.855999999999995,0,2.0
122,ERROR_M,1,130,1.8019999999999072,5.5900000000001455,0,2.0
122,ERROR_M,1,131,1.893999999999778,8.2800000000002,0,2.0
122,ERROR_M,1,132,2.0419999999999163,5.230000000000018,1,2.0
122,ERROR_M,1,133,2.490000000000009,6.269999999999982,1,2.0
122,ERROR_M,1,134,2.6440000000000055,16.041999999999916,1,2.0
122,ERROR_M,1,135,2.1660000000001673,12.442000000000007,1,2.0
122,ERROR_M,1,136,1.5299999999999727,6.293999999999869,0,2.0
122,ERROR_M,1,137,2.44600000000014,12.24799999999982,1,2.0
122,ERROR_M,1,138,1.9100000000000819,4.832000000000107,0,2.0
122,ERROR_M,1,139,2.91599999999994,11.587999999999965,1,2.0
122,ERROR_M,1,140,2.132000000000062,5.169999999999845,1,2.0
122,ERROR_M,1,141,2.5920000000000982,6.923999999999978,1,2.0
122,ERROR_M,1,142,2.816000000000031,4.05600000000004,1,2.0
122,ERROR_M,1,143,2.6340000000000146,8.379999999999882,1,2.0
122,ERROR_M,1,144,1.5399999999999636,3.8040000000000873,0,2.0
122,ERROR_M,1,145,2.8099999999999454,7.8559999999999945,1,2.0
122,ERROR_M,1,146,2.58400000000006,8.337999999999965,1,2.0
122,ERROR_M,1,147,3.132000000000062,8.509999999999991,1,2.0
122,ERROR_M,1,148,2.2259999999998854,19.403999999999996,1,2.0
122,ERROR_M,1,149,2.6420000000000528,6.158000000000129,1,2.0
122,ERROR_M,1,150,2.063999999999851,3.2380000000000564,1,2.0
122,ERROR_M,1,151,2.594000000000051,7.402000000000044,1,2.0
122,ERROR_M,1,152,2.6779999999998836,26.837999999999965,1,2.0
122,ERROR_M,1,153,2.532000000000153,12.373999999999796,1,2.0
122,ERROR_M,1,154,1.80800000000022,55.159999999999854,0,2.0
122,ERROR_M,1,155,2.0960000000000036,6.347999999999956,1,2.0
122,ERROR_M,1,156,1.6080000000001746,5.4379999999998745,0,2.0
122,ERROR_M,1,157,1.9100000000000819,25.791999999999916,0,2.0
122,ERROR_M,1,158,2.2360000000001037,4.461999999999989,1,2.0
122,ERROR_M,1,159,2.203999999999951,7.903999999999996,1,2.0
122,ERROR_M,1,160,1.7940000000000964,160.12199999999984,0,2.0
122,ERROR_M,1,161,1.6420000000000528,6.301999999999907,0,2.0
122,ERROR_M,1,162,1.52800000000002,118.95400000000018,0,2.0
122,ERROR_M,1,163,1.4859999999998763,8.288000000000011,0,2.0
122,ERROR_M,1,164,2.106000000000222,8.901999999999589,1,2.0
122,ERROR_M,1,165,1.430000000000291,3.1599999999998545,0,2.0
122,ERROR_M,1,166,2.5,16.42599999999993,1,2.0
122,ERROR_M,1,167,1.7080000000000837,4.9900000000002365,0,2.0
122,ERROR_M,1,168,2.069999999999709,7.293999999999869,1,2.0
122,ERROR_M,1,169,1.5960000000000036,6.608000000000175,0,2.0
122,ERROR_M,1,170,2.494000000000142,5.961999999999989,1,2.0
122,ERROR_M,1,171,2.1399999999998727,5.487999999999829,1,2.0
122,ERROR_M,1,172,2.512000000000171,7.039999999999964,1,2.0
122,ERROR_M,1,173,2.2460000000000946,5.5659999999998035,1,2.0
122,ERROR_M,1,174,2.0160000000000764,7.476000000000113,1,2.0
122,ERROR_M,1,175,0.9400000000000546,9.41399999999976,0,2.0
122,ERROR_M,1,176,2.286000000000058,20.326000000000022,1,2.0
122,ERROR_M,1,177,1.8899999999998727,6.010000000000218,0,2.0
122,ERROR_M,1,178,1.8659999999999854,7.0,0,2.0
122,ERROR_M,1,179,2.606000000000222,212.91999999999962,1,2.0
122,ERROR_M,1,180,1.9080000000003565,0.08799999999973807,0,2.0
122,ERROR_M,1,181,0.0500000000001819,420.0720000000001,0,2.0
122,ERROR_M,1,182,1.8139999999998508,9.695999999999913,0,2.0
122,ERROR_M,1,183,1.6900000000000546,38.63599999999997,0,2.0
122,ERROR_M,1,184,0.5140000000001237,0.047999999999774445,0,2.0
122,ERROR_M,1,185,0.17200000000002547,,0,2.0
