rat,group,session,trial,duration,iti,reinforced,criterion
117,ERROR_M,1,1,1.1739999999999995,3.355999999999998,0,2.0
117,ERROR_M,1,2,1.2560000000000002,5.376000000000005,0,2.0
117,ERROR_M,1,3,1.7239999999999966,7.292000000000002,0,2.0
117,ERROR_M,1,4,1.725999999999999,7.649999999999999,0,2.0
117,ERROR_M,1,5,3.098000000000006,4.759999999999991,1,2.0
117,ERROR_M,1,6,2.2580000000000098,5.945999999999998,1,2.0
117,ERROR_M,1,7,0.031999999999996476,0.028000000000005798,0,2.0
117,ERROR_M,1,8,0.030000000000001137,0.006000000000000227,0,2.0
117,ERROR_M,1,9,0.033999999999991815,6.859999999999999,0,2.0
117,ERROR_M,1,10,1.9720000000000084,8.00399999999999,0,2.0
117,ERROR_M,1,11,2.1200000000000045,8.427999999999997,1,2.0
117,ERROR_M,1,12,2.280000000000001,3.078000000000003,1,2.0
117,ERROR_M,1,13,3.004000000000005,4.391999999999996,1,2.0
117,ERROR_M,1,14,2.7099999999999937,6.7620000000000005,1,2.0
117,ERROR_M,1,15,0.031999999999996476,0.018000000000000682,0,2.0
117,ERROR_M,1,16,0.26200000000000045,3.6720000000000113,0,2.0
117,ERROR_M,1,17,1.8760000000000048,4.123999999999995,0,2.0
117,ERROR_M,1,18,1.431999999999988,3.569999999999993,0,2.0
117,ERROR_M,1,19,0.034000000000020236,0.036000000000001364,0,2.0
117,ERROR_M,1,20,0.10800000000000409,12.21799999999999,0,2.0
117,ERROR_M,1,21,2.186000000000007,6.9979999999999905,1,2.0
117,ERROR_M,1,22,2.1380000000000052,0.060000000000002274,1,2.0
117,ERROR_M,1,23,0.07999999999998408,6.818000000000012,0,2.0
117,ERROR_M,1,24,3.3419999999999845,5.994,1,2.0
117,ERROR_M,1,25,1.8000000000000114,7.9480000000000075,0,2.0
117,ERROR_M,1,26,1.7199999999999989,8.073999999999984,0,2.0
117,ERROR_M,1,27,1.9960000000000093,9.524000000000001,0,2.0
117,ERROR_M,1,28,0.7560000000000002,0.006000000000000227,0,2.0
117,ERROR_M,1,29,0.1740000000000066,2.515999999999991,0,2.0
117,ERROR_M,1,30,1.9660000000000082,4.133999999999986,0,2.0
117,ERROR_M,1,31,1.5,5.099999999999994,0,2.0
117,ERROR_M,1,32,3.6240000000000236,5.739999999999981,1,2.0
117,ERROR_M,1,33,1.788000000000011,6.641999999999996,0,2.0
117,ERROR_M,1,34,1.9739999999999895,3.966000000000008,0,2.0
117,ERROR_M,1,35,1.7220000000000084,5.424000000000007,0,2.0
117,ERROR_M,1,36,1.9879999999999995,6.265999999999963,0,2.0
117,ERROR_M,1,37,2.452000000000055,4.265999999999963,1,2.0
117,ERROR_M,1,38,2.410000000000025,3.329999999999984,1,2.0
117,ERROR_M,1,39,1.8999999999999773,6.596000000000004,0,2.0
117,ERROR_M,1,40,2.008000000000038,5.786000000000001,1,2.0
117,ERROR_M,1,41,1.9639999999999986,7.031999999999982,0,2.0
117,ERROR_M,1,42,2.6399999999999864,7.3040000000000305,1,2.0
117,ERROR_M,1,43,1.23599999999999,5.2620000000000005,0,2.0
117,ERROR_M,1,44,3.3519999999999754,7.444000000000017,1,2.0
117,ERROR_M,1,45,2.3000000000000114,2.9080000000000155,1,2.0
117,ERROR_M,1,46,2.405999999999949,3.174000000000035,1,2.0
117,ERROR_M,1,47,1.7939999999999827,3.7139999999999986,0,2.0
117,ERROR_M,1,48,3.2320000000000277,5.584000000000003,1,2.0
117,ERROR_M,1,49,2.3419999999999845,5.8279999999999745,1,2.0
117,ERROR_M,1,50,2.0819999999999936,6.984000000000037,1,2.0
117,ERROR_M,1,51,2.51400000000001,2.5919999999999845,1,2.0
117,ERROR_M,1,52,2.3000000000000114,7.951999999999998,1,2.0
117,ERROR_M,1,53,2.3719999999999573,4.872000000000014,1,2.0
117,ERROR_M,1,54,2.367999999999995,5.590000000000032,1,2.0
117,ERROR_M,1,55,2.5860000000000127,6.521999999999991,1,2.0
117,ERROR_M,1,56,2.1339999999999577,6.096000000000004,1,2.0
117,ERROR_M,1,57,3.069999999999993,8.610000000000014,1,2.0
117,ERROR_M,1,58,2.0579999999999927,3.5100000000000477,1,2.0
117,ERROR_M,1,59,2.1059999999999945,5.427999999999997,1,2.0
117,ERROR_M,1,60,2.211999999999989,8.089999999999975,1,2.0
117,ERROR_M,1,61,1.664000000000044,8.521999999999991,0,2.0
117,ERROR_M,1,62,2.141999999999996,6.817999999999984,1,2.0
117,ERROR_M,1,63,2.5779999999999745,5.088000000000022,1,2.0
117,ERROR_M,1,64,1.9700000000000273,9.243999999999971,0,2.0
117,ERROR_M,1,65,2.216000000000008,7.079999999999984,1,2.0
117,ERROR_M,1,66,2.004000000000019,7.609999999999957,1,2.0
117,ERROR_M,1,67,1.872000000000071,4.6299999999999955,0,2.0
117,ERROR_M,1,68,1.2419999999999618,8.706000000000017,0,2.0
117,ERROR_M,1,69,2.1159999999999854,4.515999999999963,1,2.0
117,ERROR_M,1,70,2.018000000000029,3.159999999999968,1,2.0
117,ERROR_M,1,71,2.32000000000005,6.844000000000051,1,2.0
117,ERROR_M,1,72,2.0779999999999745,5.017999999999915,1,2.0
117,ERROR_M,1,73,2.032000000000039,3.683999999999969,1,2.0
117,ERROR_M,1,74,3.201999999999998,5.984000000000037,1,2.0
117,ERROR_M,1,75,3.3600000000000136,7.018000000000029,1,2.0
117,ERROR_M,1,76,2.3859999999999673,4.197999999999979,1,2.0
117,ERROR_M,1,77,1.8740000000000236,5.347999999999956,0,2.0
117,ERROR_M,1,78,2.400000000000091,5.557999999999993,1,2.0
117,ERROR_M,1,79,2.26400000000001,3.9939999999999145,1,2.0
117,ERROR_M,1,80,1.79200000000003,6.258000000000038,0,2.0
117,ERROR_M,1,81,1.9839999999999236,7.694000000000074,0,2.0
117,ERROR_M,1,82,2.6359999999999673,2.7240000000000464,1,2.0
117,ERROR_M,1,83,2.13799999999992,4.927999999999997,1,2.0
117,ERROR_M,1,84,2.6580000000000155,5.536000000000058,1,2.0
117,ERROR_M,1,85,2.0299999999999727,3.6960000000000264,1,2.0
117,ERROR_M,1,86,2.13799999999992,5.580000000000041,1,2.0
117,ERROR_M,1,87,2.3279999999999745,5.994000000000028,1,2.0
117,ERROR_M,1,88,2.036000000000058,6.8419999999999845,1,2.0
117,ERROR_M,1,89,2.40199999999993,7.508000000000038,1,2.0
117,ERROR_M,1,90,2.2519999999999527,4.444000000000074,1,2.0
117,ERROR_M,1,91,1.9539999999999509,7.490000000000009,0,2.0
117,ERROR_M,1,92,2.0739999999999554,2.980000000000018,1,2.0
117,ERROR_M,1,93,2.5860000000000127,,1,2.0
117,ERROR_M,2,1,1.4419999999999966,5.68,0,2.0
117,ERROR_M,2,2,1.4480000000000004,6.938000000000002,0,2.0
117,ERROR_M,2,3,2.2419999999999973,2.740000000000002,1,2.0
117,ERROR_M,2,4,2.229999999999997,6.792000000000002,1,2.0
117,ERROR_M,2,5,1.7719999999999985,3.950000000000003,0,2.0
117,ERROR_M,2,6,2.4339999999999975,2.5900000000000034,1,2.0
117,ERROR_M,2,7,2.254000000000005,4.713999999999999,1,2.0
117,ERROR_M,2,8,0.030000000000001137,0.01999999999999602,0,2.0
117,ERROR_M,2,9,0.13400000000000034,13.209999999999994,0,2.0
117,ERROR_M,2,10,0.26200000000000045,0.018000000000000682,0,2.0
117,ERROR_M,2,11,0.382000000000005,9.566000000000003,0,2.0
117,ERROR_M,2,12,2.5259999999999962,3.665999999999997,1,2.0
117,ERROR_M,2,13,2.548000000000002,4.549999999999997,1,2.0
117,ERROR_M,2,14,1.7120000000000033,6.352000000000004,0,2.0
117,ERROR_M,2,15,1.1859999999999928,0.018000000000000682,0,2.0
117,ERROR_M,2,16,0.31400000000000716,9.754000000000005,0,2.0
117,ERROR_M,2,17,1.975999999999999,7.584000000000003,0,2.0
117,ERROR_M,2,18,3.5519999999999925,3.205999999999989,1,2.0
117,ERROR_M,2,19,2.960000000000008,3.6380000000000052,1,2.0
117,ERROR_M,2,20,0.132000000000005,0.01999999999998181,0,2.0
117,ERROR_M,2,21,0.49200000000001864,15.73399999999998,0,2.0
117,ERROR_M,2,22,0.030000000000001137,0.02400000000000091,0,2.0
117,ERROR_M,2,23,0.13599999999999568,10.719999999999999,0,2.0
117,ERROR_M,2,24,2.4220000000000255,5.417999999999978,1,2.0
117,ERROR_M,2,25,2.1340000000000146,7.506,1,2.0
117,ERROR_M,2,26,2.7319999999999993,7.786000000000001,1,2.0
117,ERROR_M,2,27,2.8479999999999848,7.927999999999997,1,2.0
117,ERROR_M,2,28,2.804000000000002,0.07600000000002183,1,2.0
117,ERROR_M,2,29,0.1379999999999768,7.03400000000002,0,2.0
117,ERROR_M,2,30,1.7819999999999823,3.6980000000000075,0,2.0
117,ERROR_M,2,31,0.033999999999991815,0.014000000000010004,0,2.0
117,ERROR_M,2,32,0.11400000000000432,9.307999999999993,0,2.0
117,ERROR_M,2,33,2.0759999999999934,8.439999999999998,1,2.0
117,ERROR_M,2,34,2.6240000000000236,4.849999999999966,1,2.0
117,ERROR_M,2,35,1.9980000000000473,5.447999999999979,0,2.0
117,ERROR_M,2,36,1.8799999999999955,6.1200000000000045,0,2.0
117,ERROR_M,2,37,2.6499999999999773,2.79200000000003,1,2.0
117,ERROR_M,2,38,2.1479999999999677,3.641999999999996,1,2.0
117,ERROR_M,2,39,2.076000000000022,5.1200000000000045,1,2.0
117,ERROR_M,2,40,2.3600000000000136,0.06999999999999318,1,2.0
117,ERROR_M,2,41,0.07200000000000273,7.1340000000000146,0,2.0
117,ERROR_M,2,42,3.2819999999999823,6.6059999999999945,1,2.0
117,ERROR_M,2,43,2.0640000000000214,3.2659999999999627,1,2.0
117,ERROR_M,2,44,2.3419999999999845,8.850000000000023,1,2.0
117,ERROR_M,2,45,1.8940000000000055,4.182000000000016,0,2.0
117,ERROR_M,2,46,2.19399999999996,6.8320000000000505,1,2.0
117,ERROR_M,2,47,1.7819999999999823,2.637999999999977,0,2.0
117,ERROR_M,2,48,2.1539999999999964,3.6280000000000427,1,2.0
117,ERROR_M,2,49,1.933999999999969,6.114000000000033,0,2.0
117,ERROR_M,2,50,2.169999999999959,7.886000000000024,1,2.0
117,ERROR_M,2,51,1.9680000000000177,8.043999999999983,0,2.0
117,ERROR_M,2,52,0.08600000000001273,0.031999999999982265,0,2.0
117,ERROR_M,2,53,0.17799999999999727,8.146000000000015,0,2.0
117,ERROR_M,2,54,1.9979999999999905,8.360000000000014,0,2.0
117,ERROR_M,2,55,2.613999999999976,7.269999999999982,1,2.0
117,ERROR_M,2,56,2.0120000000000005,5.0680000000000405,1,2.0
117,ERROR_M,2,57,2.358000000000004,4.893999999999949,1,2.0
117,ERROR_M,2,58,2.2900000000000205,4.093999999999994,1,2.0
117,ERROR_M,2,59,2.480000000000018,6.593999999999994,1,2.0
117,ERROR_M,2,60,2.656000000000006,3.937999999999988,1,2.0
117,ERROR_M,2,61,2.8940000000000055,7.694000000000017,1,2.0
117,ERROR_M,2,62,1.995999999999981,7.569999999999993,0,2.0
117,ERROR_M,2,63,2.3659999999999854,3.3840000000000146,1,2.0
117,ERROR_M,2,64,2.54200000000003,4.69399999999996,1,2.0
117,ERROR_M,2,65,3.698000000000036,4.557999999999993,1,2.0
117,ERROR_M,2,66,2.108000000000004,5.635999999999967,1,2.0
117,ERROR_M,2,67,2.240000000000009,4.268000000000029,1,2.0
117,ERROR_M,2,68,2.7939999999999827,3.4080000000000155,1,2.0
117,ERROR_M,2,69,3.4420000000000073,3.1359999999999673,1,2.0
117,ERROR_M,2,70,2.8740000000000236,4.67999999999995,1,2.0
117,ERROR_M,2,71,1.5439999999999827,6.616000000000099,0,2.0
117,ERROR_M,2,72,1.7419999999999618,6.104000000000042,0,2.0
117,ERROR_M,2,73,0.15199999999992997,0.01999999999998181,0,2.0
117,ERROR_M,2,74,0.23599999999999,10.508000000000038,0,2.0
117,ERROR_M,2,75,1.69399999999996,2.4580000000000837,0,2.0
117,ERROR_M,2,76,1.7719999999999345,4.8559999999999945,0,2.0
117,ERROR_M,2,77,2.080000000000041,5.9080000000000155,1,2.0
117,ERROR_M,2,78,2.755999999999972,2.82000000000005,1,2.0
117,ERROR_M,2,79,2.274000000000001,6.897999999999911,1,2.0
117,ERROR_M,2,80,2.4620000000001028,7.793999999999983,1,2.0
117,ERROR_M,2,81,2.675999999999931,9.732000000000085,1,2.0
117,ERROR_M,2,82,1.197999999999979,7.659999999999968,0,2.0
117,ERROR_M,2,83,1.6779999999999973,14.398000000000025,0,2.0
117,ERROR_M,2,84,2.103999999999928,6.844000000000051,1,2.0
117,ERROR_M,2,85,1.816000000000031,8.841999999999985,0,2.0
117,ERROR_M,2,86,1.8360000000000127,8.105999999999995,0,2.0
117,ERROR_M,2,87,2.3279999999999745,3.052000000000021,1,2.0
117,ERROR_M,2,88,2.5979999999999563,6.9080000000000155,1,2.0
117,ERROR_M,2,89,2.562000000000012,7.6159999999999854,1,2.0
117,ERROR_M,2,90,1.9099999999999682,5.79200000000003,0,2.0
117,ERROR_M,2,91,2.3139999999999645,8.302000000000021,1,2.0
117,ERROR_M,2,92,3.052000000000021,8.525999999999954,1,2.0
117,ERROR_M,2,93,1.7720000000000482,24.331999999999994,0,2.0
117,ERROR_M,2,94,2.1200000000000045,6.111999999999966,1,2.0
117,ERROR_M,2,95,1.33400000000006,311.1239999999999,0,2.0
117,ERROR_M,2,96,1.8400000000001455,3.8019999999999072,0,2.0
117,ERROR_M,2,97,2.3460000000000036,8.155999999999949,1,2.0
117,ERROR_M,2,98,2.19399999999996,3.2080000000000837,1,2.0
117,ERROR_M,2,99,2.241999999999962,5.0340000000001055,1,2.0
117,ERROR_M,2,100,2.0699999999999363,6.259999999999991,1,2.0
117,ERROR_M,2,101,2.645999999999958,5.108000000000175,1,2.0
117,ERROR_M,2,102,2.617999999999938,6.783999999999878,1,2.0
117,ERROR_M,2,103,1.7180000000000746,4.1099999999999,0,2.0
117,ERROR_M,2,104,2.020000000000209,7.257999999999811,1,2.0
117,ERROR_M,2,105,2.0900000000001455,3.758000000000038,1,2.0
117,ERROR_M,2,106,4.0219999999999345,8.503999999999905,1,2.0
117,ERROR_M,2,107,1.8520000000000891,5.551999999999907,0,2.0
117,ERROR_M,2,108,2.1200000000001182,8.355999999999995,1,2.0
117,ERROR_M,2,109,2.2259999999998854,5.372000000000071,1,2.0
117,ERROR_M,2,110,2.0219999999999345,4.824000000000069,1,2.0
117,ERROR_M,2,111,2.3279999999999745,3.5140000000001237,1,2.0
117,ERROR_M,2,112,2.009999999999991,5.2439999999999145,1,2.0
117,ERROR_M,2,113,1.8479999999999563,2.5960000000000036,0,2.0
117,ERROR_M,2,114,2.2840000000001055,7.061999999999898,1,2.0
117,ERROR_M,2,115,2.0599999999999454,8.292000000000144,1,2.0
117,ERROR_M,2,116,1.4279999999998836,3.211999999999989,0,2.0
117,ERROR_M,2,117,2.408000000000129,5.135999999999967,1,2.0
117,ERROR_M,2,118,2.036000000000058,7.679999999999836,1,2.0
117,ERROR_M,2,119,2.2040000000001783,6.285999999999831,1,2.0
117,ERROR_M,2,120,2.0240000000001146,4.807999999999993,1,2.0
117,ERROR_M,2,121,1.75,3.6299999999998818,0,2.0
117,ERROR_M,2,122,2.22400000000016,6.185999999999922,1,2.0
117,ERROR_M,2,123,1.7259999999998854,6.5340000000001055,0,2.0
117,ERROR_M,2,124,2.33400000000006,8.162000000000035,1,2.0
117,ERROR_M,2,125,1.99799999999982,6.772000000000162,0,2.0
117,ERROR_M,2,126,0.9859999999998763,,0,2.0
117,ERROR_M,3,1,1.7040000000000006,3.870000000000001,0,2.0
117,ERROR_M,3,2,2.245999999999995,3.5760000000000005,1,2.0
117,ERROR_M,3,3,2.0859999999999985,4.494,1,2.0
117,ERROR_M,3,4,1.666000000000004,2.5799999999999983,0,2.0
117,ERROR_M,3,5,2.4840000000000018,5.436,1,2.0
117,ERROR_M,3,6,2.549999999999997,5.098000000000006,1,2.0
117,ERROR_M,3,7,2.4779999999999944,6.495999999999995,1,2.0
117,ERROR_M,3,8,2.062000000000012,7.617999999999995,1,2.0
117,ERROR_M,3,9,2.3559999999999945,8.070000000000007,1,2.0
117,ERROR_M,3,10,1.9059999999999917,8.724000000000004,0,2.0
117,ERROR_M,3,11,0.15399999999999636,0.0040000000000048885,0,2.0
117,ERROR_M,3,12,0.05200000000000671,14.323999999999998,0,2.0
117,ERROR_M,3,13,2.381999999999991,5.824000000000012,1,2.0
117,ERROR_M,3,14,2.205999999999989,2.7700000000000102,1,2.0
117,ERROR_M,3,15,2.358000000000004,7.1299999999999955,1,2.0
117,ERROR_M,3,16,2.0720000000000027,4.313999999999993,1,2.0
117,ERROR_M,3,17,1.9540000000000077,6.165999999999997,0,2.0
117,ERROR_M,3,18,2.686000000000007,8.537999999999982,1,2.0
117,ERROR_M,3,19,2.578000000000003,6.882000000000005,1,2.0
117,ERROR_M,3,20,0.04200000000000159,0.018000000000000682,0,2.0
117,ERROR_M,3,21,0.1279999999999859,7.622000000000014,0,2.0
117,ERROR_M,3,22,1.8379999999999939,7.671999999999997,0,2.0
117,ERROR_M,3,23,0.03200000000001069,0.006000000000000227,0,2.0
117,ERROR_M,3,24,0.34799999999998477,8.903999999999996,0,2.0
117,ERROR_M,3,25,0.9220000000000255,0.09799999999998477,0,2.0
117,ERROR_M,3,26,0.11000000000001364,8.631999999999977,0,2.0
117,ERROR_M,3,27,1.7580000000000098,5.994,0,2.0
117,ERROR_M,3,28,4.193999999999988,7.1200000000000045,1,2.0
117,ERROR_M,3,29,2.1899999999999977,7.610000000000014,1,2.0
117,ERROR_M,3,30,2.280000000000001,4.931999999999988,1,2.0
117,ERROR_M,3,31,2.1980000000000075,6.444000000000017,1,2.0
117,ERROR_M,3,32,2.47199999999998,2.7099999999999795,1,2.0
117,ERROR_M,3,33,2.5780000000000314,5.837999999999965,1,2.0
117,ERROR_M,3,34,2.400000000000034,6.831999999999994,1,2.0
117,ERROR_M,3,35,3.048000000000002,3.437999999999988,1,2.0
117,ERROR_M,3,36,1.975999999999999,4.6159999999999854,0,2.0
117,ERROR_M,3,37,1.8620000000000232,4.446000000000026,0,2.0
117,ERROR_M,3,38,2.3139999999999645,5.108000000000004,1,2.0
117,ERROR_M,3,39,2.0260000000000105,5.637999999999977,1,2.0
117,ERROR_M,3,40,2.3940000000000055,3.3140000000000214,1,2.0
117,ERROR_M,3,41,2.0219999999999914,4.367999999999995,1,2.0
117,ERROR_M,3,42,2.0919999999999845,8.25200000000001,1,2.0
117,ERROR_M,3,43,2.201999999999998,6.8940000000000055,1,2.0
117,ERROR_M,3,44,2.930000000000007,3.641999999999996,1,2.0
117,ERROR_M,3,45,1.9499999999999886,9.194000000000017,0,2.0
117,ERROR_M,3,46,1.9639999999999986,5.110000000000014,0,2.0
117,ERROR_M,3,47,1.711999999999989,3.774000000000001,0,2.0
117,ERROR_M,3,48,1.8240000000000123,5.860000000000014,0,2.0
117,ERROR_M,3,49,1.7659999999999627,4.136000000000024,0,2.0
117,ERROR_M,3,50,1.9839999999999804,6.096000000000004,0,2.0
117,ERROR_M,3,51,2.3759999999999764,2.7940000000000396,1,2.0
117,ERROR_M,3,52,2.44399999999996,7.206000000000017,1,2.0
117,ERROR_M,3,53,1.9920000000000186,4.789999999999964,0,2.0
117,ERROR_M,3,54,1.1940000000000168,10.879999999999995,0,2.0
117,ERROR_M,3,55,2.5200000000000387,6.623999999999967,1,2.0
117,ERROR_M,3,56,0.6480000000000246,6.075999999999965,0,2.0
117,ERROR_M,3,57,1.5260000000000105,5.480000000000018,0,2.0
117,ERROR_M,3,58,1.8559999999999945,32.214,0,2.0
117,ERROR_M,3,59,1.3360000000000127,8.769999999999982,0,2.0
117,ERROR_M,3,60,1.8240000000000123,8.632000000000005,0,2.0
117,ERROR_M,3,61,2.032000000000039,3.3379999999999654,1,2.0
117,ERROR_M,3,62,1.504000000000019,3.8379999999999654,0,2.0
117,ERROR_M,3,63,2.062000000000012,4.1159999999999854,1,2.0
117,ERROR_M,3,64,1.7580000000000382,4.923999999999978,0,2.0
117,ERROR_M,3,65,1.6039999999999281,4.954000000000065,0,2.0
117,ERROR_M,3,66,1.9879999999999427,5.704000000000065,0,2.0
117,ERROR_M,3,67,1.8980000000000246,5.947999999999979,0,2.0
117,ERROR_M,3,68,2.877999999999929,7.036000000000058,1,2.0
117,ERROR_M,3,69,2.1760000000000446,4.671999999999912,1,2.0
117,ERROR_M,3,70,1.9519999999999982,7.509999999999991,0,2.0
117,ERROR_M,3,71,2.533999999999992,8.918000000000006,1,2.0
117,ERROR_M,3,72,2.1560000000000628,5.330000000000041,1,2.0
117,ERROR_M,3,73,2.4279999999999973,6.825999999999908,1,2.0
117,ERROR_M,3,74,2.0020000000000664,8.663999999999987,1,2.0
117,ERROR_M,3,75,1.8419999999999845,6.152000000000044,0,2.0
117,ERROR_M,3,76,2.6079999999999472,8.129999999999995,1,2.0
117,ERROR_M,3,77,2.2140000000000555,3.6159999999999854,1,2.0
117,ERROR_M,3,78,1.8299999999999272,6.614000000000033,0,2.0
117,ERROR_M,3,79,2.1100000000000136,3.2619999999999436,1,2.0
117,ERROR_M,3,80,2.076000000000022,3.4260000000000446,1,2.0
117,ERROR_M,3,81,2.141999999999939,6.262000000000057,1,2.0
117,ERROR_M,3,82,1.7200000000000273,191.53599999999994,0,2.0
117,ERROR_M,3,83,1.5740000000000691,2.62399999999991,0,2.0
117,ERROR_M,3,84,1.8460000000000036,7.4500000000000455,0,2.0
117,ERROR_M,3,85,2.48599999999999,4.659999999999968,1,2.0
117,ERROR_M,3,86,1.4160000000000537,7.73599999999999,0,2.0
117,ERROR_M,3,87,2.673999999999978,8.371999999999957,1,2.0
117,ERROR_M,3,88,2.1200000000000045,4.153999999999996,1,2.0
117,ERROR_M,3,89,1.7720000000000482,5.111999999999966,0,2.0
117,ERROR_M,3,90,2.4680000000000746,5.847999999999956,1,2.0
117,ERROR_M,3,91,2.546000000000049,3.661999999999921,1,2.0
117,ERROR_M,3,92,1.7760000000000673,7.361999999999966,0,2.0
117,ERROR_M,3,93,2.080000000000041,4.897999999999911,1,2.0
117,ERROR_M,3,94,2.26400000000001,6.538000000000011,1,2.0
117,ERROR_M,3,95,2.1700000000000728,8.199999999999932,1,2.0
117,ERROR_M,3,96,1.9460000000000264,3.451999999999998,0,2.0
117,ERROR_M,3,97,2.169999999999959,4.618000000000052,1,2.0
117,ERROR_M,3,98,1.4099999999999682,3.004000000000019,0,2.0
117,ERROR_M,3,99,2.288000000000011,6.481999999999971,1,2.0
117,ERROR_M,3,100,2.062000000000012,5.625999999999976,1,2.0
117,ERROR_M,3,101,1.9320000000000164,3.5579999999999927,0,2.0
117,ERROR_M,3,102,1.995999999999981,8.104000000000042,0,2.0
117,ERROR_M,3,103,2.3700000000000045,4.1400000000001,1,2.0
117,ERROR_M,3,104,1.5219999999999345,3.173999999999978,0,2.0
117,ERROR_M,3,105,2.0540000000000873,4.363999999999805,1,2.0
117,ERROR_M,3,106,1.8900000000001,4.77800000000002,0,2.0
117,ERROR_M,3,107,2.7899999999999636,5.264000000000124,1,2.0
117,ERROR_M,3,108,1.9959999999998672,5.544000000000096,0,2.0
117,ERROR_M,3,109,2.0960000000000036,3.1319999999998345,1,2.0
117,ERROR_M,3,110,2.4420000000000073,6.966000000000122,1,2.0
117,ERROR_M,3,111,2.16599999999994,7.958000000000084,1,2.0
117,ERROR_M,3,112,1.9179999999998927,7.7560000000000855,0,2.0
117,ERROR_M,3,113,2.08400000000006,6.1599999999998545,1,2.0
117,ERROR_M,3,114,2.02800000000002,6.836000000000013,1,2.0
117,ERROR_M,3,115,2.380000000000109,6.421999999999798,1,2.0
117,ERROR_M,3,116,1.4720000000002074,,0,2.0
117,ERROR_M,4,1,1.1559999999999988,2.618000000000002,0,2.0
117,ERROR_M,4,2,1.725999999999999,3.479999999999997,0,2.0
117,ERROR_M,4,3,0.05000000000000426,0.001999999999995339,0,2.0
117,ERROR_M,4,4,0.6500000000000057,15.151999999999994,0,2.0
117,ERROR_M,4,5,1.9480000000000004,6.052,0,2.0
117,ERROR_M,4,6,3.1199999999999974,6.8359999999999985,1,2.0
117,ERROR_M,4,7,2.3659999999999997,5.068000000000012,1,2.0
117,ERROR_M,4,8,2.2419999999999902,6.784000000000006,1,2.0
117,ERROR_M,4,9,2.2920000000000016,7.475999999999999,1,2.0
117,ERROR_M,4,10,2.0180000000000007,3.2099999999999937,1,2.0
117,ERROR_M,4,11,2.0020000000000095,8.143999999999991,1,2.0
117,ERROR_M,4,12,1.8400000000000034,3.6799999999999926,0,2.0
117,ERROR_M,4,13,2.0460000000000065,4.965999999999994,1,2.0
117,ERROR_M,4,14,2.1980000000000075,4.51400000000001,1,2.0
117,ERROR_M,4,15,2.3359999999999843,5.568000000000012,1,2.0
117,ERROR_M,4,16,2.6059999999999945,7.72999999999999,1,2.0
117,ERROR_M,4,17,2.7420000000000186,8.401999999999987,1,2.0
117,ERROR_M,4,18,2.313999999999993,7.114000000000004,1,2.0
117,ERROR_M,4,19,2.0519999999999925,4.228000000000009,1,2.0
117,ERROR_M,4,20,1.8940000000000055,2.4399999999999977,0,2.0
117,ERROR_M,4,21,2.2779999999999916,2.6299999999999955,1,2.0
117,ERROR_M,4,22,2.3380000000000223,2.907999999999987,1,2.0
117,ERROR_M,4,23,2.891999999999996,3.4639999999999986,1,2.0
117,ERROR_M,4,24,2.0740000000000123,5.147999999999996,1,2.0
117,ERROR_M,4,25,2.1759999999999877,6.036000000000001,1,2.0
117,ERROR_M,4,26,2.106000000000023,6.153999999999996,1,2.0
117,ERROR_M,4,27,1.9579999999999984,3.9480000000000075,0,2.0
117,ERROR_M,4,28,1.8179999999999836,6.72999999999999,0,2.0
117,ERROR_M,4,29,2.214000000000027,7.185999999999979,1,2.0
117,ERROR_M,4,30,2.5020000000000095,7.436000000000007,1,2.0
117,ERROR_M,4,31,1.97199999999998,7.675999999999988,0,2.0
117,ERROR_M,4,32,1.5120000000000005,7.975999999999999,0,2.0
117,ERROR_M,4,33,0.040000000000020464,13.605999999999995,0,2.0
117,ERROR_M,4,34,1.641999999999996,4.963999999999999,0,2.0
117,ERROR_M,4,35,2.3660000000000423,3.203999999999951,1,2.0
117,ERROR_M,4,36,1.9780000000000086,4.021999999999991,0,2.0
117,ERROR_M,4,37,1.6940000000000168,5.146000000000015,0,2.0
117,ERROR_M,4,38,1.8519999999999754,6.427999999999997,0,2.0
117,ERROR_M,4,39,2.048000000000002,5.53000000000003,1,2.0
117,ERROR_M,4,40,1.8360000000000127,5.427999999999997,0,2.0
117,ERROR_M,4,41,1.9539999999999509,4.094000000000051,0,2.0
117,ERROR_M,4,42,2.113999999999976,6.555999999999983,1,2.0
117,ERROR_M,4,43,1.6020000000000323,4.795999999999992,0,2.0
117,ERROR_M,4,44,1.6019999999999754,6.968000000000018,0,2.0
117,ERROR_M,4,45,1.8140000000000214,7.8799999999999955,0,2.0
117,ERROR_M,4,46,2.541999999999973,7.566000000000031,1,2.0
117,ERROR_M,4,47,2.363999999999976,3.3079999999999927,1,2.0
117,ERROR_M,4,48,2.1059999999999945,2.6059999999999945,1,2.0
117,ERROR_M,4,49,2.2100000000000364,3.9559999999999604,1,2.0
117,ERROR_M,4,50,2.254000000000019,4.711999999999989,1,2.0
117,ERROR_M,4,51,1.7420000000000186,5.060000000000002,0,2.0
117,ERROR_M,4,52,1.9459999999999695,6.902000000000044,0,2.0
117,ERROR_M,4,53,2.108000000000004,5.96999999999997,1,2.0
117,ERROR_M,4,54,1.8559999999999945,3.4320000000000164,0,2.0
117,ERROR_M,4,55,1.95799999999997,7.746000000000038,0,2.0
117,ERROR_M,4,56,2.075999999999965,3.048000000000002,1,2.0
117,ERROR_M,4,57,1.664000000000044,8.087999999999965,0,2.0
117,ERROR_M,4,58,1.8419999999999845,9.168000000000006,0,2.0
117,ERROR_M,4,59,1.788000000000011,8.02800000000002,0,2.0
117,ERROR_M,4,60,0.036000000000001364,0.02199999999999136,0,2.0
117,ERROR_M,4,61,0.12999999999999545,4.451999999999998,0,2.0
117,ERROR_M,4,62,1.7280000000000086,0.09199999999998454,0,2.0
117,ERROR_M,4,63,0.06799999999998363,5.104000000000042,0,2.0
117,ERROR_M,4,64,2.027999999999963,8.77800000000002,1,2.0
117,ERROR_M,4,65,2.0219999999999914,3.579999999999984,1,2.0
117,ERROR_M,4,66,1.8540000000000418,3.75,0,2.0
117,ERROR_M,4,67,1.8899999999999864,3.2899999999999636,0,2.0
117,ERROR_M,4,68,1.8680000000000518,319.49199999999996,0,2.0
117,ERROR_M,4,69,1.9200000000000728,7.755999999999972,0,2.0
117,ERROR_M,4,70,2.2579999999999245,6.7840000000001055,1,2.0
117,ERROR_M,4,71,2.3419999999999845,11.083999999999946,1,2.0
117,ERROR_M,4,72,0.9339999999999691,5.054000000000087,0,2.0
117,ERROR_M,4,73,1.8279999999999745,5.039999999999964,0,2.0
117,ERROR_M,4,74,2.1440000000000055,5.72199999999998,1,2.0
117,ERROR_M,4,75,1.9260000000000446,4.557999999999993,0,2.0
117,ERROR_M,4,76,2.01400000000001,6.183999999999969,1,2.0
117,ERROR_M,4,77,1.6920000000000073,6.418000000000006,0,2.0
117,ERROR_M,4,78,1.6660000000000537,2.6779999999999973,0,2.0
117,ERROR_M,4,79,2.0699999999999363,7.490000000000009,1,2.0
117,ERROR_M,4,80,1.82000000000005,7.831999999999994,0,2.0
117,ERROR_M,4,81,1.9379999999999882,5.405999999999949,0,2.0
117,ERROR_M,4,82,2.2240000000000464,8.470000000000027,1,2.0
117,ERROR_M,4,83,2.1440000000000055,3.7199999999999136,1,2.0
117,ERROR_M,4,84,1.7240000000000464,4.711999999999989,0,2.0
117,ERROR_M,4,85,2.1420000000000528,3.7379999999999427,1,2.0
117,ERROR_M,4,86,1.7999999999999545,8.262000000000057,0,2.0
117,ERROR_M,4,87,2.282000000000039,5.12399999999991,1,2.0
117,ERROR_M,4,88,2.0860000000000127,7.557999999999993,1,2.0
117,ERROR_M,4,89,1.80600000000004,4.019999999999982,0,2.0
117,ERROR_M,4,90,1.8400000000000318,2.7479999999999336,0,2.0
117,ERROR_M,4,91,2.052000000000021,6.860000000000014,1,2.0
117,ERROR_M,4,92,2.019999999999982,3.122000000000071,1,2.0
117,ERROR_M,4,93,1.849999999999909,4.458000000000084,0,2.0
117,ERROR_M,4,94,1.9239999999999782,5.807999999999993,0,2.0
117,ERROR_M,4,95,1.7480000000000473,6.405999999999949,0,2.0
117,ERROR_M,4,96,2.1720000000000255,7.043999999999869,1,2.0
117,ERROR_M,4,97,1.6200000000001182,6.096000000000004,0,2.0
117,ERROR_M,4,98,0.03600000000005821,0.02800000000002001,0,2.0
117,ERROR_M,4,99,0.1899999999998272,4.923999999999978,0,2.0
117,ERROR_M,4,100,1.75200000000018,7.293999999999869,0,2.0
117,ERROR_M,4,101,0.3400000000001455,,0,2.0
117,ERROR_M,5,1,0.9860000000000007,5.982000000000003,0,2.0
117,ERROR_M,5,2,1.8200000000000003,6.421999999999997,0,2.0
117,ERROR_M,5,3,2.1159999999999997,4.020000000000003,1,2.0
117,ERROR_M,5,4,2.309999999999995,5.7280000000000015,1,2.0
117,ERROR_M,5,5,1.5820000000000007,7.940000000000005,0,2.0
117,ERROR_M,5,6,1.8519999999999897,8.370000000000005,0,2.0
117,ERROR_M,5,7,2.4540000000000077,3.289999999999992,1,2.0
117,ERROR_M,5,8,1.9099999999999966,5.6000000000000085,0,2.0
117,ERROR_M,5,9,2.1580000000000013,3.593999999999994,1,2.0
117,ERROR_M,5,10,2.7180000000000035,5.037999999999997,1,2.0
117,ERROR_M,5,11,2.314000000000007,5.616,1,2.0
117,ERROR_M,5,12,2.225999999999999,3.030000000000001,1,2.0
117,ERROR_M,5,13,2.489999999999995,6.076000000000008,1,2.0
117,ERROR_M,5,14,1.975999999999999,2.4139999999999873,0,2.0
117,ERROR_M,5,15,2.087999999999994,6.808000000000021,1,2.0
117,ERROR_M,5,16,1.9779999999999802,6.920000000000016,0,2.0
117,ERROR_M,5,17,0.04200000000000159,0.007999999999981355,0,2.0
117,ERROR_M,5,18,0.47800000000000864,9.205999999999989,0,2.0
117,ERROR_M,5,19,1.9380000000000166,7.852000000000004,0,2.0
117,ERROR_M,5,20,2.0679999999999836,3.896000000000015,1,2.0
117,ERROR_M,5,21,2.1779999999999973,5.503999999999991,1,2.0
117,ERROR_M,5,22,1.6280000000000143,3.9819999999999993,0,2.0
117,ERROR_M,5,23,2.219999999999999,7.843999999999994,1,2.0
117,ERROR_M,5,24,2.127999999999986,6.780000000000001,1,2.0
117,ERROR_M,5,25,2.1820000000000164,2.931999999999988,1,2.0
117,ERROR_M,5,26,2.308000000000021,4.994,1,2.0
117,ERROR_M,5,27,2.431999999999988,6.509999999999991,1,2.0
117,ERROR_M,5,28,2.1140000000000043,8.086000000000013,1,2.0
117,ERROR_M,5,29,1.9039999999999964,3.1599999999999966,0,2.0
117,ERROR_M,5,30,1.8940000000000055,0.07999999999998408,0,2.0
117,ERROR_M,5,31,0.08800000000002228,29.543999999999983,0,2.0
117,ERROR_M,5,32,1.066000000000031,4.777999999999963,0,2.0
117,ERROR_M,5,33,1.9360000000000355,2.505999999999972,0,2.0
117,ERROR_M,5,34,2.0060000000000286,5.215999999999951,1,2.0
117,ERROR_M,5,35,1.5340000000000487,6.127999999999986,0,2.0
117,ERROR_M,5,36,1.825999999999965,8.458000000000027,0,2.0
117,ERROR_M,5,37,2.079999999999984,4.994000000000028,1,2.0
117,ERROR_M,5,38,2.3999999999999773,7.1059999999999945,1,2.0
117,ERROR_M,5,39,1.8640000000000327,6.685999999999979,0,2.0
117,ERROR_M,5,40,2.0299999999999727,7.536000000000001,1,2.0
117,ERROR_M,5,41,1.9080000000000155,2.9700000000000273,0,2.0
117,ERROR_M,5,42,2.2579999999999814,3.632000000000005,1,2.0
117,ERROR_M,5,43,2.387999999999977,5.148000000000025,1,2.0
117,ERROR_M,5,44,2.343999999999994,7.1299999999999955,1,2.0
117,ERROR_M,5,45,1.896000000000015,7.406000000000006,0,2.0
117,ERROR_M,5,46,1.9519999999999982,114.524,0,2.0
117,ERROR_M,5,47,2.608000000000004,4.728000000000009,1,2.0
117,ERROR_M,5,48,1.7019999999999982,8.037999999999954,0,2.0
117,ERROR_M,5,49,2.1620000000000346,8.563999999999965,1,2.0
117,ERROR_M,5,50,2.3880000000000337,6.817999999999984,1,2.0
117,ERROR_M,5,51,1.8460000000000036,2.673999999999978,0,2.0
117,ERROR_M,5,52,1.9200000000000728,3.7519999999999527,0,2.0
117,ERROR_M,5,53,2.6440000000000055,3.963999999999942,1,2.0
117,ERROR_M,5,54,2.546000000000049,4.786000000000058,1,2.0
117,ERROR_M,5,55,2.231999999999971,0.08799999999996544,1,2.0
117,ERROR_M,5,56,0.13999999999998636,5.840000000000032,0,2.0
117,ERROR_M,5,57,2.580000000000041,2.4459999999999127,1,2.0
117,ERROR_M,5,58,2.22199999999998,5.692000000000007,1,2.0
117,ERROR_M,5,59,1.7200000000000273,6.122000000000071,0,2.0
117,ERROR_M,5,60,2.0659999999999172,6.410000000000082,1,2.0
117,ERROR_M,5,61,2.5359999999999445,5.600000000000023,1,2.0
117,ERROR_M,5,62,2.453999999999951,6.670000000000073,1,2.0
117,ERROR_M,5,63,2.0279999999999063,6.427999999999997,1,2.0
117,ERROR_M,5,64,0.05600000000004002,8.44399999999996,0,2.0
117,ERROR_M,5,65,2.1840000000000828,7.483999999999924,1,2.0
117,ERROR_M,5,66,2.1720000000000255,7.8279999999999745,1,2.0
117,ERROR_M,5,67,2.858000000000061,2.740000000000009,1,2.0
117,ERROR_M,5,68,2.0919999999999845,5.1860000000000355,1,2.0
117,ERROR_M,5,69,2.1920000000000073,7.169999999999959,1,2.0
117,ERROR_M,5,70,1.6059999999999945,8.313999999999965,0,2.0
117,ERROR_M,5,71,2.080000000000041,8.072000000000003,1,2.0
117,ERROR_M,5,72,0.03599999999994452,0.05600000000004002,0,2.0
117,ERROR_M,5,73,0.06600000000003092,5.596000000000004,0,2.0
117,ERROR_M,5,74,2.4039999999999964,8.545999999999935,1,2.0
117,ERROR_M,5,75,2.32000000000005,4.100000000000023,1,2.0
117,ERROR_M,5,76,2.4039999999999964,4.501999999999953,1,2.0
117,ERROR_M,5,77,2.2140000000000555,3.3600000000000136,1,2.0
117,ERROR_M,5,78,1.5179999999999154,3.1700000000000728,0,2.0
117,ERROR_M,5,79,2.1499999999999773,3.6960000000000264,1,2.0
117,ERROR_M,5,80,2.20799999999997,4.0639999999999645,1,2.0
117,ERROR_M,5,81,1.9239999999999782,4.530000000000086,0,2.0
117,ERROR_M,5,82,2.395999999999958,4.892000000000053,1,2.0
117,ERROR_M,5,83,2.3859999999999673,5.889999999999986,1,2.0
117,ERROR_M,5,84,2.1580000000000155,2.689999999999941,1,2.0
117,ERROR_M,5,85,2.0679999999999836,4.398000000000025,1,2.0
117,ERROR_M,5,86,2.0539999999999736,4.710000000000036,1,2.0
117,ERROR_M,5,87,0.8799999999999955,5.038000000000011,0,2.0
117,ERROR_M,5,88,2.2140000000000555,6.2299999999999045,1,2.0
117,ERROR_M,5,89,2.08400000000006,6.889999999999986,1,2.0
117,ERROR_M,5,90,2.32000000000005,5.5359999999999445,1,2.0
117,ERROR_M,5,91,2.4020000000000437,7.259999999999991,1,2.0
117,ERROR_M,5,92,1.97199999999998,7.395999999999958,0,2.0
117,ERROR_M,5,93,2.4080000000000155,6.475999999999999,1,2.0
117,ERROR_M,5,94,2.519999999999982,63.02600000000007,1,2.0
117,ERROR_M,5,95,2.7379999999999427,2.8899999999999864,1,2.0
117,ERROR_M,5,96,1.6940000000000737,4.073999999999955,0,2.0
117,ERROR_M,5,97,2.241999999999962,8.058000000000106,1,2.0
117,ERROR_M,5,98,1.9699999999999136,8.382000000000062,0,2.0
117,ERROR_M,5,99,2.225999999999999,4.447999999999979,1,2.0
117,ERROR_M,5,100,2.1620000000000346,8.269999999999982,1,2.0
117,ERROR_M,5,101,1.6340000000000146,5.439999999999941,0,2.0
117,ERROR_M,5,102,1.9120000000000346,6.052000000000021,0,2.0
117,ERROR_M,5,103,2.339999999999918,7.646000000000072,1,2.0
117,ERROR_M,5,104,1.495999999999981,8.052000000000021,0,2.0
117,ERROR_M,5,105,2.033999999999992,3.4120000000000346,1,2.0
117,ERROR_M,5,106,2.1399999999999864,8.605999999999995,1,2.0
117,ERROR_M,5,107,2.2799999999999727,4.836000000000013,1,2.0
117,ERROR_M,5,108,1.9080000000000155,5.12399999999991,0,2.0
117,ERROR_M,5,109,2.0860000000000127,5.794000000000096,1,2.0
117,ERROR_M,5,110,2.5419999999999163,6.350000000000136,1,2.0
117,ERROR_M,5,111,3.435999999999922,4.6099999999999,1,2.0
117,ERROR_M,5,112,2.30600000000004,3.3299999999999272,1,2.0
117,ERROR_M,5,113,2.060000000000173,7.045999999999822,1,2.0
117,ERROR_M,5,114,2.186000000000149,3.5,1,2.0
117,ERROR_M,5,115,1.9300000000000637,4.88799999999992,0,2.0
117,ERROR_M,5,116,2.0299999999999727,4.30600000000004,1,2.0
117,ERROR_M,5,117,1.6520000000000437,7.1340000000000146,0,2.0
117,ERROR_M,5,118,1.4559999999999036,4.4780000000000655,0,2.0
117,ERROR_M,5,119,1.7859999999998308,4.2840000000001055,0,2.0
117,ERROR_M,5,120,2.1679999999998927,7.9620000000002165,1,2.0
117,ERROR_M,5,121,2.4179999999998927,8.653999999999996,1,2.0
117,ERROR_M,5,122,1.8179999999999836,3.3600000000001273,0,2.0
117,ERROR_M,5,123,2.245999999999867,5.230000000000018,1,2.0
117,ERROR_M,5,124,3.0799999999999272,2.2840000000001055,1,2.0
117,ERROR_M,5,125,2.7819999999999254,4.182000000000016,1,2.0
117,ERROR_M,5,126,2.6420000000000528,5.375999999999976,1,2.0
117,ERROR_M,5,127,2.5440000000000964,6.207999999999856,1,2.0
117,ERROR_M,5,128,2.216000000000122,4.1879999999998745,1,2.0
117,ERROR_M,5,129,2.509999999999991,5.77800000000002,1,2.0
117,ERROR_M,5,130,2.2280000000000655,7.074000000000069,1,2.0
117,ERROR_M,5,131,2.849999999999909,0.10400000000004184,1,2.0
117,ERROR_M,5,132,0.13799999999991996,5.372000000000071,0,2.0
117,ERROR_M,5,133,2.910000000000082,6.455999999999904,1,2.0
117,ERROR_M,5,134,2.1620000000000346,7.52599999999984,1,2.0
117,ERROR_M,5,135,2.088000000000193,6.929999999999836,1,2.0
117,ERROR_M,5,136,2.456000000000131,4.336000000000013,1,2.0
117,ERROR_M,5,137,2.6019999999998618,2.8220000000001164,1,2.0
117,ERROR_M,5,138,2.2739999999998872,8.201999999999998,1,2.0
117,ERROR_M,5,139,2.3120000000001255,3.816000000000031,1,2.0
117,ERROR_M,5,140,2.3719999999998436,5.582000000000107,1,2.0
117,ERROR_M,5,141,1.7980000000000018,4.7999999999999545,0,2.0
117,ERROR_M,5,142,2.339999999999918,7.050000000000182,1,2.0
117,ERROR_M,5,143,1.8239999999998417,3.0979999999999563,0,2.0
117,ERROR_M,5,144,2.3200000000001637,6.8840000000000146,1,2.0
117,ERROR_M,5,145,1.9559999999999036,7.642000000000053,0,2.0
117,ERROR_M,5,146,1.6020000000000891,8.31399999999985,0,2.0
117,ERROR_M,5,147,2.8840000000000146,8.445999999999913,1,2.0
117,ERROR_M,5,148,1.9960000000000946,15.066000000000031,0,2.0
117,ERROR_M,5,149,2.33400000000006,94.75799999999981,1,2.0
117,ERROR_M,5,150,0.9080000000001291,71.02199999999993,0,2.0
117,ERROR_M,5,151,3.2640000000001237,4.432000000000016,1,2.0
117,ERROR_M,5,152,1.8639999999998054,2.3780000000001564,0,2.0
117,ERROR_M,5,153,2.768000000000029,2.6979999999998654,1,2.0
117,ERROR_M,5,154,2.4600000000000364,3.7539999999999054,1,2.0
117,ERROR_M,5,155,1.5140000000001237,4.220000000000027,0,2.0
117,ERROR_M,5,156,2.0,5.844000000000051,0,2.0
117,ERROR_M,5,157,2.2719999999999345,6.3599999999999,1,2.0
117,ERROR_M,5,158,0.07200000000011642,22.68399999999997,0,2.0
117,ERROR_M,5,159,1.6179999999999382,8.354000000000042,0,2.0
117,ERROR_M,5,160,2.7180000000000746,3.987999999999829,1,2.0
117,ERROR_M,5,161,2.6280000000001564,4.66599999999994,1,2.0
117,ERROR_M,5,162,2.7999999999999545,2.3840000000000146,1,2.0
117,ERROR_M,5,163,3.206000000000131,2.8159999999998035,1,2.0
117,ERROR_M,5,164,3.616000000000213,2.995999999999867,1,2.0
117,ERROR_M,5,165,2.433999999999969,6.100000000000136,1,2.0
117,ERROR_M,5,166,2.6959999999999127,7.046000000000049,1,2.0
117,ERROR_M,5,167,1.9739999999999327,7.928000000000111,0,2.0
117,ERROR_M,5,168,2.867999999999938,3.543999999999869,1,2.0
117,ERROR_M,5,169,3.0800000000001546,6.985999999999876,1,2.0
117,ERROR_M,5,170,2.594000000000051,6.6720000000000255,1,2.0
117,ERROR_M,5,171,2.849999999999909,6.211999999999989,1,2.0
117,ERROR_M,5,172,2.616000000000213,5.133999999999787,1,2.0
117,ERROR_M,5,173,2.8760000000002037,5.741999999999962,1,2.0
117,ERROR_M,5,174,0.041999999999916326,0.02800000000002001,0,2.0
117,ERROR_M,5,175,0.2300000000000182,8.41599999999994,0,2.0
117,ERROR_M,5,176,2.33400000000006,7.923999999999978,1,2.0
117,ERROR_M,5,177,2.0699999999999363,3.8320000000001073,1,2.0
117,ERROR_M,5,178,2.8519999999998618,9.018000000000029,1,2.0
117,ERROR_M,5,179,2.910000000000082,3.4039999999999964,1,2.0
117,ERROR_M,5,180,2.4020000000000437,5.227999999999838,1,2.0
117,ERROR_M,5,181,2.2360000000001037,9.496000000000095,1,2.0
117,ERROR_M,5,182,4.039999999999964,4.692000000000007,1,2.0
117,ERROR_M,5,183,2.5019999999999527,5.036000000000058,1,2.0
117,ERROR_M,5,184,2.1219999999998436,7.194000000000187,1,2.0
117,ERROR_M,5,185,2.7919999999999163,4.3940000000000055,1,2.0
117,ERROR_M,5,186,2.3179999999999836,6.3940000000000055,1,2.0
117,ERROR_M,5,187,1.933999999999969,3.480000000000018,0,2.0
117,ERROR_M,5,188,3.0960000000000036,2.3900000000001,1,2.0
117,ERROR_M,5,189,2.259999999999991,6.2159999999998945,1,2.0
117,ERROR_M,5,190,2.311999999999898,3.466000000000122,1,2.0
117,ERROR_M,5,191,2.6079999999999472,7.148000000000138,1,2.0
117,ERROR_M,5,192,0.6319999999998345,0.024000000000114596,0,2.0
117,ERROR_M,5,193,0.2459999999998672,13.0,0,2.0
117,ERROR_M,5,194,2.484000000000151,28.21199999999999,1,2.0
117,ERROR_M,5,195,2.905999999999949,7.705999999999904,1,2.0
117,ERROR_M,5,196,2.5300000000002,8.101999999999862,1,2.0
117,ERROR_M,5,197,2.509999999999991,5.453999999999951,1,2.0
117,ERROR_M,5,198,4.120000000000118,7.018000000000029,1,2.0
117,ERROR_M,5,199,1.9359999999999218,0.08400000000006003,0,2.0
117,ERROR_M,5,200,0.15200000000004366,7.607999999999947,0,2.0
117,ERROR_M,5,201,2.97199999999998,7.337999999999965,1,2.0
117,ERROR_M,5,202,3.3099999999999454,7.676000000000158,1,2.0
117,ERROR_M,5,203,2.0019999999999527,10.41599999999994,1,2.0
117,ERROR_M,5,204,2.254000000000133,24.409999999999854,1,2.0
117,ERROR_M,5,205,3.481999999999971,5.66800000000012,1,2.0
117,ERROR_M,5,206,2.217999999999847,8.600000000000136,1,2.0
117,ERROR_M,5,207,0.03600000000005821,0.011999999999943611,0,2.0
117,ERROR_M,5,208,0.15999999999985448,4.4520000000002256,0,2.0
117,ERROR_M,5,209,3.0239999999998872,5.804000000000087,1,2.0
117,ERROR_M,5,210,2.259999999999991,3.673999999999978,1,2.0
117,ERROR_M,5,211,2.1520000000000437,3.8339999999998327,1,2.0
117,ERROR_M,5,212,2.3880000000001473,8.311999999999898,1,2.0
117,ERROR_M,5,213,3.33199999999988,4.316000000000258,1,2.0
117,ERROR_M,5,214,3.9580000000000837,5.463999999999942,1,2.0
117,ERROR_M,5,215,2.4899999999997817,6.324000000000069,1,2.0
117,ERROR_M,5,216,1.9340000000001965,7.733999999999924,0,2.0
117,ERROR_M,5,217,2.819999999999709,3.1780000000003383,1,2.0
117,ERROR_M,5,218,2.4039999999999964,5.643999999999778,1,2.0
117,ERROR_M,5,219,1.981999999999971,6.442000000000007,0,2.0
117,ERROR_M,5,220,2.5419999999999163,3.718000000000302,1,2.0
117,ERROR_M,5,221,2.7359999999998763,3.5019999999999527,1,2.0
117,ERROR_M,5,222,2.94399999999996,8.096000000000004,1,2.0
117,ERROR_M,5,223,4.099999999999909,2.69399999999996,1,2.0
117,ERROR_M,5,224,3.2900000000004184,4.10799999999972,1,2.0
117,ERROR_M,5,225,4.175999999999931,4.686000000000149,1,2.0
117,ERROR_M,5,226,3.269999999999982,7.014000000000124,1,2.0
117,ERROR_M,5,227,3.769999999999982,7.768000000000029,1,2.0
117,ERROR_M,5,228,4.121999999999844,8.304000000000087,1,2.0
117,ERROR_M,5,229,2.0019999999999527,11.456000000000131,1,2.0
117,ERROR_M,5,230,3.201999999999771,8.016000000000076,1,2.0
117,ERROR_M,5,231,2.6480000000001382,0.07600000000002183,1,2.0
117,ERROR_M,5,232,0.08799999999973807,8.93600000000015,0,2.0
117,ERROR_M,5,233,2.507999999999811,2.568000000000211,1,2.0
117,ERROR_M,5,234,2.5140000000001237,5.427999999999884,1,2.0
117,ERROR_M,5,235,1.9960000000000946,6.889999999999873,0,2.0
117,ERROR_M,5,236,2.650000000000091,411.65999999999985,1,2.0
117,ERROR_M,5,237,0.6019999999998618,0.05999999999994543,0,2.0
117,ERROR_M,5,238,0.24000000000023647,18.911999999999807,0,2.0
117,ERROR_M,5,239,2.794000000000324,4.393999999999778,1,2.0
117,ERROR_M,5,240,2.8020000000001346,5.355999999999767,1,2.0
117,ERROR_M,5,241,2.6840000000001965,5.998000000000047,1,2.0
117,ERROR_M,5,242,9.755999999999858,3.731999999999971,1,2.0
117,ERROR_M,5,243,3.4900000000002365,6.873999999999796,1,2.0
117,ERROR_M,5,244,2.532000000000153,7.429999999999836,1,2.0
117,ERROR_M,5,245,3.038000000000011,4.380000000000109,1,2.0
117,ERROR_M,5,246,3.4420000000000073,5.0779999999999745,1,2.0
117,ERROR_M,5,247,2.769999999999982,7.735999999999876,1,2.0
117,ERROR_M,5,248,1.8760000000002037,8.653999999999996,0,2.0
117,ERROR_M,5,249,2.5540000000000873,8.447999999999865,1,2.0
117,ERROR_M,5,250,3.6219999999998436,5.412000000000262,1,2.0
117,ERROR_M,5,251,4.094000000000051,10.901999999999589,1,2.0
117,ERROR_M,5,252,4.542000000000371,7.425999999999931,1,2.0
117,ERROR_M,5,253,3.8460000000000036,4.55600000000004,1,2.0
117,ERROR_M,5,254,3.4780000000000655,97.12599999999975,1,2.0
117,ERROR_M,5,255,3.8400000000001455,6.733999999999924,1,2.0
117,ERROR_M,5,256,2.867999999999938,3.97400000000016,1,2.0
117,ERROR_M,5,257,3.94399999999996,9.13799999999992,1,2.0
117,ERROR_M,5,258,1.4800000000000182,28.460000000000036,0,2.0
117,ERROR_M,5,259,4.61200000000008,,1,2.0
117,ERROR_M,6,1,1.0680000000000014,6.443999999999999,0,2.0
117,ERROR_M,6,2,2.2580000000000027,5.405999999999999,1,2.0
117,ERROR_M,6,3,1.524000000000001,3.2779999999999987,0,2.0
117,ERROR_M,6,4,2.6019999999999968,3.680000000000007,1,2.0
117,ERROR_M,6,5,1.9279999999999973,6.617999999999995,0,2.0
117,ERROR_M,6,6,1.6779999999999973,2.848000000000013,0,2.0
117,ERROR_M,6,7,2.5559999999999974,4.977999999999994,1,2.0
117,ERROR_M,6,8,2.146000000000001,5.710000000000008,1,2.0
117,ERROR_M,6,9,1.8599999999999994,5.9339999999999975,0,2.0
117,ERROR_M,6,10,1.7519999999999953,6.337999999999994,0,2.0
117,ERROR_M,6,11,2.3360000000000127,4.867999999999995,1,2.0
117,ERROR_M,6,12,2.1680000000000064,7.503999999999991,1,2.0
117,ERROR_M,6,13,1.1640000000000015,3.75,0,2.0
117,ERROR_M,6,14,1.4000000000000057,7.076000000000008,0,2.0
117,ERROR_M,6,15,1.7199999999999989,7.677999999999997,0,2.0
117,ERROR_M,6,16,1.7819999999999823,3.0080000000000098,0,2.0
117,ERROR_M,6,17,2.759999999999991,7.944000000000017,1,2.0
117,ERROR_M,6,18,1.6759999999999877,4.054000000000002,0,2.0
117,ERROR_M,6,19,1.8619999999999948,8.448000000000008,0,2.0
117,ERROR_M,6,20,2.451999999999998,8.051999999999992,1,2.0
117,ERROR_M,6,21,1.77800000000002,5.163999999999987,0,2.0
117,ERROR_M,6,22,1.3780000000000143,0.02199999999999136,0,2.0
117,ERROR_M,6,23,0.22800000000000864,2.6939999999999884,0,2.0
117,ERROR_M,6,24,2.6200000000000045,5.5660000000000025,1,2.0
117,ERROR_M,6,25,0.08199999999999363,0.009999999999990905,0,2.0
117,ERROR_M,6,26,0.1640000000000157,5.036000000000001,0,2.0
117,ERROR_M,6,27,2.633999999999986,8.400000000000006,1,2.0
117,ERROR_M,6,28,0.8839999999999861,4.886000000000024,0,2.0
117,ERROR_M,6,29,2.469999999999999,2.9339999999999975,1,2.0
117,ERROR_M,6,30,1.921999999999997,3.6899999999999977,0,2.0
117,ERROR_M,6,31,1.7779999999999916,4.8940000000000055,0,2.0
117,ERROR_M,6,32,0.3400000000000034,19.26599999999999,0,2.0
117,ERROR_M,6,33,1.566000000000031,6.503999999999962,0,2.0
117,ERROR_M,6,34,1.9039999999999964,6.758000000000038,0,2.0
117,ERROR_M,6,35,2.5639999999999645,7.7900000000000205,1,2.0
117,ERROR_M,6,36,2.6019999999999754,5.5020000000000095,1,2.0
117,ERROR_M,6,37,2.3600000000000136,6.062000000000012,1,2.0
117,ERROR_M,6,38,1.863999999999976,7.3940000000000055,0,2.0
117,ERROR_M,6,39,2.791999999999973,8.848000000000013,1,2.0
117,ERROR_M,6,40,1.8199999999999932,3.4420000000000073,0,2.0
117,ERROR_M,6,41,3.612000000000023,7.6580000000000155,1,2.0
117,ERROR_M,6,42,1.9739999999999895,4.3419999999999845,0,2.0
117,ERROR_M,6,43,2.3559999999999945,8.043999999999983,1,2.0
117,ERROR_M,6,44,1.3420000000000414,8.406000000000006,0,2.0
117,ERROR_M,6,45,1.7919999999999732,10.03000000000003,0,2.0
117,ERROR_M,6,46,2.069999999999993,6.763999999999953,1,2.0
117,ERROR_M,6,47,1.4420000000000073,2.990000000000009,0,2.0
117,ERROR_M,6,48,4.722000000000037,4.367999999999995,1,2.0
117,ERROR_M,6,49,2.947999999999979,4.9599999999999795,1,2.0
117,ERROR_M,6,50,3.0360000000000014,6.010000000000048,1,2.0
117,ERROR_M,6,51,2.1159999999999854,4.97199999999998,1,2.0
117,ERROR_M,6,52,1.4279999999999973,6.420000000000016,0,2.0
117,ERROR_M,6,53,1.8179999999999836,16.476,0,2.0
117,ERROR_M,6,54,1.490000000000009,6.975999999999999,0,2.0
117,ERROR_M,6,55,2.009999999999991,4.872000000000014,1,2.0
117,ERROR_M,6,56,2.231999999999971,3.2900000000000205,1,2.0
117,ERROR_M,6,57,2.2200000000000273,7.463999999999999,1,2.0
117,ERROR_M,6,58,1.1859999999999786,5.579999999999984,0,2.0
117,ERROR_M,6,59,2.2719999999999914,5.8700000000000045,1,2.0
117,ERROR_M,6,60,1.2420000000000186,6.0160000000000196,0,2.0
117,ERROR_M,6,61,2.8079999999999927,3.674000000000035,1,2.0
117,ERROR_M,6,62,2.47199999999998,6.497999999999934,1,2.0
117,ERROR_M,6,63,1.82000000000005,7.888000000000034,0,2.0
117,ERROR_M,6,64,0.6259999999999764,9.141999999999939,0,2.0
117,ERROR_M,6,65,1.740000000000009,2.701999999999998,0,2.0
117,ERROR_M,6,66,2.1420000000000528,5.793999999999983,1,2.0
117,ERROR_M,6,67,1.7440000000000282,8.731999999999971,0,2.0
117,ERROR_M,6,68,0.9139999999999873,8.48599999999999,0,2.0
117,ERROR_M,6,69,1.7900000000000773,4.649999999999977,0,2.0
117,ERROR_M,6,70,0.7999999999999545,20.214000000000055,0,2.0
117,ERROR_M,6,71,2.8479999999999563,6.6159999999999854,1,2.0
117,ERROR_M,6,72,2.3880000000000337,3.032000000000039,1,2.0
117,ERROR_M,6,73,2.353999999999928,3.1340000000000146,1,2.0
117,ERROR_M,6,74,1.9779999999999518,4.712000000000103,0,2.0
117,ERROR_M,6,75,1.8179999999999836,7.004000000000019,0,2.0
117,ERROR_M,6,76,2.8319999999999936,3.437999999999988,1,2.0
117,ERROR_M,6,77,2.171999999999912,7.794000000000096,1,2.0
117,ERROR_M,6,78,1.94399999999996,5.3799999999999955,0,2.0
117,ERROR_M,6,79,2.1680000000000064,2.975999999999999,1,2.0
117,ERROR_M,6,80,1.532000000000039,5.41599999999994,0,2.0
117,ERROR_M,6,81,1.9840000000000373,26.313999999999965,0,2.0
117,ERROR_M,6,82,2.1340000000000146,6.509999999999991,1,2.0
117,ERROR_M,6,83,1.7480000000000473,5.737999999999943,0,2.0
117,ERROR_M,6,84,1.8600000000000136,7.418000000000006,0,2.0
117,ERROR_M,6,85,2.433999999999969,6.8659999999999854,1,2.0
117,ERROR_M,6,86,2.0120000000000573,3.947999999999979,1,2.0
117,ERROR_M,6,87,1.7380000000000564,8.069999999999936,0,2.0
117,ERROR_M,6,88,2.183999999999969,4.800000000000068,1,2.0
117,ERROR_M,6,89,2.1399999999999864,3.6299999999999955,1,2.0
117,ERROR_M,6,90,1.8980000000000246,2.6960000000000264,0,2.0
117,ERROR_M,6,91,1.9659999999998945,4.1200000000000045,0,2.0
117,ERROR_M,6,92,1.6960000000000264,6.032000000000039,0,2.0
117,ERROR_M,6,93,2.0499999999999545,3.296000000000049,1,2.0
117,ERROR_M,6,94,2.268000000000029,7.085999999999899,1,2.0
117,ERROR_M,6,95,1.8559999999999945,7.677999999999997,0,2.0
117,ERROR_M,6,96,1.6860000000000355,5.846000000000004,0,2.0
117,ERROR_M,6,97,1.7839999999999918,9.022000000000048,0,2.0
117,ERROR_M,6,98,2.0679999999999836,4.484000000000037,1,2.0
117,ERROR_M,6,99,1.683999999999969,5.51400000000001,0,2.0
117,ERROR_M,6,100,2.48599999999999,3.504000000000019,1,2.0
117,ERROR_M,6,101,0.041999999999916326,0.07800000000008822,0,2.0
117,ERROR_M,6,102,0.029999999999972715,12.062000000000012,0,2.0
117,ERROR_M,6,103,1.9800000000000182,19.233999999999924,0,2.0
117,ERROR_M,6,104,1.80600000000004,6.432000000000016,0,2.0
117,ERROR_M,6,105,2.2659999999999627,8.09800000000007,1,2.0
117,ERROR_M,6,106,2.0960000000000036,4.245999999999981,1,2.0
117,ERROR_M,6,107,1.9139999999999873,8.433999999999969,0,2.0
117,ERROR_M,6,108,2.04200000000003,3.173999999999978,1,2.0
117,ERROR_M,6,109,1.7019999999999982,5.755999999999972,0,2.0
117,ERROR_M,6,110,2.004000000000019,6.118000000000052,1,2.0
117,ERROR_M,6,111,2.1819999999999027,7.82000000000005,1,2.0
117,ERROR_M,6,112,2.298000000000002,2.980000000000018,1,2.0
117,ERROR_M,6,113,2.1340000000000146,7.1200000000000045,1,2.0
117,ERROR_M,6,114,1.613999999999919,7.400000000000091,0,2.0
117,ERROR_M,6,115,2.3220000000000027,6.819999999999936,1,2.0
117,ERROR_M,6,116,2.008000000000038,2.9700000000000273,1,2.0
117,ERROR_M,6,117,2.1299999999999955,4.259999999999991,1,2.0
117,ERROR_M,6,118,1.9420000000000073,3.8659999999999854,0,2.0
117,ERROR_M,6,119,1.7300000000000182,9.025999999999954,0,2.0
117,ERROR_M,6,120,1.9840000000000373,5.447999999999979,0,2.0
117,ERROR_M,6,121,1.8539999999999281,14.662000000000148,0,2.0
117,ERROR_M,6,122,1.8159999999998035,2.4320000000000164,0,2.0
117,ERROR_M,6,123,2.451999999999998,4.822000000000116,1,2.0
117,ERROR_M,6,124,1.518000000000029,4.94399999999996,0,2.0
117,ERROR_M,6,125,0.041999999999916326,0.009999999999990905,0,2.0
117,ERROR_M,6,126,0.16000000000008185,5.872000000000071,0,2.0
117,ERROR_M,6,127,2.0939999999998236,7.022000000000162,1,2.0
117,ERROR_M,6,128,2.1579999999999018,6.150000000000091,1,2.0
117,ERROR_M,6,129,1.7200000000000273,7.533999999999878,0,2.0
117,ERROR_M,6,130,1.7799999999999727,7.704000000000178,0,2.0
117,ERROR_M,6,131,2.189999999999827,6.038000000000011,1,2.0
117,ERROR_M,6,132,1.7280000000000655,6.377999999999929,0,2.0
117,ERROR_M,6,133,1.7660000000000764,10.985999999999876,0,2.0
117,ERROR_M,6,134,2.05600000000004,8.650000000000091,1,2.0
117,ERROR_M,6,135,1.5619999999998981,2.6560000000001764,0,2.0
117,ERROR_M,6,136,1.793999999999869,5.354000000000042,0,2.0
117,ERROR_M,6,137,1.6140000000000327,3.099999999999909,0,2.0
117,ERROR_M,6,138,1.768000000000029,6.7560000000000855,0,2.0
117,ERROR_M,6,139,1.7459999999998672,4.680000000000064,0,2.0
117,ERROR_M,6,140,1.7019999999999982,44.452,0,2.0
117,ERROR_M,6,141,2.269999999999982,5.604000000000042,1,2.0
117,ERROR_M,6,142,1.3959999999999582,6.938000000000102,0,2.0
117,ERROR_M,6,143,1.8199999999999363,5.677999999999884,0,2.0
117,ERROR_M,6,144,2.102000000000089,3.8199999999999363,1,2.0
117,ERROR_M,6,145,1.7820000000001528,3.0960000000000036,0,2.0
117,ERROR_M,6,146,2.16599999999994,6.175999999999931,1,2.0
117,ERROR_M,6,147,1.7640000000001237,6.107999999999947,0,2.0
117,ERROR_M,6,148,1.9580000000000837,3.4099999999998545,0,2.0
117,ERROR_M,6,149,1.877999999999929,4.7120000000002165,0,2.0
117,ERROR_M,6,150,2.071999999999889,7.569999999999936,1,2.0
117,ERROR_M,6,151,1.6200000000001182,7.642000000000053,0,2.0
117,ERROR_M,6,152,2.2079999999998563,6.518000000000029,1,2.0
117,ERROR_M,6,153,2.1140000000000327,8.163999999999987,1,2.0
117,ERROR_M,6,154,1.5979999999999563,8.382000000000062,0,2.0
117,ERROR_M,6,155,2.0860000000000127,4.319999999999936,1,2.0
117,ERROR_M,6,156,2.1359999999999673,5.7280000000000655,1,2.0
117,ERROR_M,6,157,1.6240000000000236,8.846000000000004,0,2.0
117,ERROR_M,6,158,2.4200000000000728,5.701999999999998,1,2.0
117,ERROR_M,6,159,2.3899999999998727,6.4220000000000255,1,2.0
117,ERROR_M,6,160,1.7760000000000673,6.357999999999947,0,2.0
117,ERROR_M,6,161,0.038000000000010914,838.934,0,2.0
117,ERROR_M,6,162,1.431999999999789,3.6280000000001564,0,2.0
117,ERROR_M,6,163,2.1959999999999127,4.132000000000062,1,2.0
117,ERROR_M,6,164,2.0100000000002183,4.869999999999891,1,2.0
117,ERROR_M,6,165,1.4479999999998654,6.624000000000251,0,2.0
117,ERROR_M,6,166,1.893999999999778,6.980000000000018,0,2.0
117,ERROR_M,6,167,2.1539999999999964,3.9320000000002437,1,2.0
117,ERROR_M,6,168,1.75,2.480000000000018,0,2.0
117,ERROR_M,6,169,1.9179999999996653,2.9200000000000728,0,2.0
117,ERROR_M,6,170,2.08199999999988,9.66000000000031,1,2.0
117,ERROR_M,6,171,2.2280000000000655,7.929999999999836,1,2.0
117,ERROR_M,6,172,1.36200000000008,8.445999999999913,0,2.0
117,ERROR_M,6,173,1.9020000000000437,7.3840000000000146,0,2.0
117,ERROR_M,6,174,1.6720000000000255,361.4960000000001,0,2.0
117,ERROR_M,6,175,0.8539999999998145,8.800000000000182,0,2.0
117,ERROR_M,6,176,2.038000000000011,8.161999999999807,1,2.0
117,ERROR_M,6,177,1.6199999999998909,2.39200000000028,0,2.0
117,ERROR_M,6,178,1.819999999999709,16.718000000000302,0,2.0
117,ERROR_M,6,179,2.4279999999998836,4.2280000000000655,1,2.0
117,ERROR_M,6,180,2.225999999999658,6.562000000000353,1,2.0
117,ERROR_M,6,181,2.0659999999998035,7.927999999999884,1,2.0
117,ERROR_M,6,182,1.86200000000008,3.548000000000229,0,2.0
117,ERROR_M,6,183,1.8119999999998981,3.382000000000062,0,2.0
117,ERROR_M,6,184,1.6659999999997126,3.7899999999999636,0,2.0
117,ERROR_M,6,185,1.8280000000004293,4.283999999999651,0,2.0
117,ERROR_M,6,186,1.8260000000000218,,0,2.0
117,ERROR_M,7,1,0.2959999999999994,3.3320000000000007,0,2.0
117,ERROR_M,7,2,1.2899999999999991,3.896000000000001,0,2.0
117,ERROR_M,7,3,1.436,4.9140000000000015,0,2.0
117,ERROR_M,7,4,0.9259999999999948,0.034000000000006025,0,2.0
117,ERROR_M,7,5,0.05799999999999983,0.05799999999999983,0,2.0
117,ERROR_M,7,6,0.0659999999999954,3.0919999999999987,0,2.0
117,ERROR_M,7,7,0.05000000000000426,0.008000000000002672,0,2.0
117,ERROR_M,7,8,0.20999999999999375,12.488,0,2.0
117,ERROR_M,7,9,1.5640000000000072,5.603999999999999,0,2.0
117,ERROR_M,7,10,1.75,6.647999999999996,0,2.0
117,ERROR_M,7,11,2.3400000000000034,7.429999999999993,1,2.0
117,ERROR_M,7,12,2.3800000000000097,6.048000000000002,1,2.0
117,ERROR_M,7,13,2.211999999999989,4.634,1,2.0
117,ERROR_M,7,14,1.6540000000000106,6.393999999999991,0,2.0
117,ERROR_M,7,15,2.3560000000000088,7.7679999999999865,1,2.0
117,ERROR_M,7,16,1.940000000000012,6.956000000000003,0,2.0
117,ERROR_M,7,17,2.024000000000001,8.013999999999982,1,2.0
117,ERROR_M,7,18,2.176000000000016,8.49199999999999,1,2.0
117,ERROR_M,7,19,2.75,2.3540000000000134,1,2.0
117,ERROR_M,7,20,1.8340000000000032,2.6159999999999854,0,2.0
117,ERROR_M,7,21,0.038000000000010914,0.03799999999998249,0,2.0
117,ERROR_M,7,22,0.08199999999999363,15.28200000000001,0,2.0
117,ERROR_M,7,23,1.4320000000000164,4.7379999999999995,0,2.0
117,ERROR_M,7,24,1.891999999999996,2.2439999999999998,0,2.0
117,ERROR_M,7,25,1.813999999999993,4.921999999999997,0,2.0
117,ERROR_M,7,26,2.1059999999999945,4.054000000000002,1,2.0
117,ERROR_M,7,27,2.030000000000001,5.530000000000001,1,2.0
117,ERROR_M,7,28,2.319999999999993,7.046000000000021,1,2.0
117,ERROR_M,7,29,1.9039999999999964,5.651999999999987,0,2.0
117,ERROR_M,7,30,1.9380000000000166,6.367999999999995,0,2.0
117,ERROR_M,7,31,1.936000000000007,14.161999999999978,0,2.0
117,ERROR_M,7,32,1.372000000000014,7.320000000000022,0,2.0
117,ERROR_M,7,33,1.6619999999999777,7.949999999999989,0,2.0
117,ERROR_M,7,34,2.2379999999999995,7.798000000000002,1,2.0
117,ERROR_M,7,35,1.8760000000000332,8.327999999999975,0,2.0
117,ERROR_M,7,36,2.480000000000018,4.951999999999998,1,2.0
117,ERROR_M,7,37,1.8519999999999754,3.687999999999988,0,2.0
117,ERROR_M,7,38,2.9320000000000164,3.3980000000000246,1,2.0
117,ERROR_M,7,39,2.1619999999999777,6.637999999999977,1,2.0
117,ERROR_M,7,40,1.5760000000000218,3.076000000000022,0,2.0
117,ERROR_M,7,41,0.03999999999996362,0.0020000000000095497,0,2.0
117,ERROR_M,7,42,0.22399999999998954,16.112000000000023,0,2.0
117,ERROR_M,7,43,1.7900000000000205,6.835999999999956,0,2.0
117,ERROR_M,7,44,2.0219999999999914,8.468000000000018,1,2.0
117,ERROR_M,7,45,2.348000000000013,3.5740000000000123,1,2.0
117,ERROR_M,7,46,1.7659999999999627,6.3700000000000045,0,2.0
117,ERROR_M,7,47,2.4820000000000277,4.123999999999967,1,2.0
117,ERROR_M,7,48,2.126000000000033,3.2679999999999723,1,2.0
117,ERROR_M,7,49,1.9259999999999877,6.646000000000015,0,2.0
117,ERROR_M,7,50,2.0440000000000396,7.1819999999999595,1,2.0
117,ERROR_M,7,51,1.5339999999999918,14.592000000000041,0,2.0
117,ERROR_M,7,52,1.509999999999991,3.967999999999961,0,2.0
117,ERROR_M,7,53,1.782000000000039,4.755999999999972,0,2.0
117,ERROR_M,7,54,0.05200000000002092,0.009999999999990905,0,2.0
117,ERROR_M,7,55,0.21600000000000819,7.680000000000007,0,2.0
117,ERROR_M,7,56,2.1119999999999663,5.636000000000024,1,2.0
117,ERROR_M,7,57,2.1100000000000136,6.065999999999974,1,2.0
117,ERROR_M,7,58,1.9399999999999977,2.7040000000000077,0,2.0
117,ERROR_M,7,59,1.9920000000000186,4.95599999999996,0,2.0
117,ERROR_M,7,60,2.4500000000000455,7.536000000000001,1,2.0
117,ERROR_M,7,61,2.051999999999964,8.122000000000014,1,2.0
117,ERROR_M,7,62,2.711999999999989,4.391999999999996,1,2.0
117,ERROR_M,7,63,2.288000000000011,2.848000000000013,1,2.0
117,ERROR_M,7,64,2.451999999999998,3.156000000000006,1,2.0
117,ERROR_M,7,65,2.415999999999997,6.151999999999987,1,2.0
117,ERROR_M,7,66,2.0819999999999936,228.28199999999998,1,2.0
117,ERROR_M,7,67,1.8400000000000318,6.744000000000028,0,2.0
117,ERROR_M,7,68,1.4739999999999327,7.7140000000000555,0,2.0
117,ERROR_M,7,69,2.4700000000000273,5.111999999999966,1,2.0
117,ERROR_M,7,70,2.141999999999939,9.36200000000008,1,2.0
117,ERROR_M,7,71,1.4639999999999418,3.005999999999972,0,2.0
117,ERROR_M,7,72,1.9480000000000928,5.38799999999992,0,2.0
117,ERROR_M,7,73,2.3740000000000236,5.850000000000023,1,2.0
117,ERROR_M,7,74,2.1119999999999663,6.480000000000018,1,2.0
117,ERROR_M,7,75,2.258000000000038,14.02800000000002,1,2.0
117,ERROR_M,7,76,2.3099999999999454,928.4520000000001,1,2.0
117,ERROR_M,7,77,1.94399999999996,8.413999999999987,0,2.0
117,ERROR_M,7,78,2.201999999999998,2.8179999999999836,1,2.0
117,ERROR_M,7,79,2.6140000000000327,4.001999999999953,1,2.0
117,ERROR_M,7,80,2.397999999999911,3.5720000000001164,1,2.0
117,ERROR_M,7,81,2.41599999999994,7.548000000000002,1,2.0
117,ERROR_M,7,82,1.8599999999999,4.438000000000102,0,2.0
117,ERROR_M,7,83,1.8800000000001091,5.967999999999847,0,2.0
117,ERROR_M,7,84,2.47199999999998,3.16800000000012,1,2.0
117,ERROR_M,7,85,2.0399999999999636,5.847999999999956,1,2.0
117,ERROR_M,7,86,1.8959999999999582,6.836000000000013,0,2.0
117,ERROR_M,7,87,1.6800000000000637,4.9939999999999145,0,2.0
117,ERROR_M,7,88,2.3880000000001473,4.6099999999999,1,2.0
117,ERROR_M,7,89,1.9519999999999982,3.4139999999999873,0,2.0
117,ERROR_M,7,90,2.3640000000000327,4.849999999999909,1,2.0
117,ERROR_M,7,91,2.1380000000001473,7.885999999999967,1,2.0
117,ERROR_M,7,92,1.849999999999909,2.730000000000018,0,2.0
117,ERROR_M,7,93,1.9519999999999982,3.7280000000000655,0,2.0
117,ERROR_M,7,94,2.546000000000049,3.9780000000000655,1,2.0
117,ERROR_M,7,95,2.259999999999991,7.101999999999862,1,2.0
117,ERROR_M,7,96,1.9100000000000819,7.435999999999922,0,2.0
117,ERROR_M,7,97,3.0440000000000964,2.3519999999998618,1,2.0
117,ERROR_M,7,98,2.3880000000001473,8.374000000000024,1,2.0
117,ERROR_M,7,99,1.5839999999998327,8.526000000000067,0,2.0
117,ERROR_M,7,100,2.27800000000002,6.44399999999996,1,2.0
117,ERROR_M,7,101,2.0860000000000127,5.5219999999999345,1,2.0
117,ERROR_M,7,102,2.02800000000002,3.7460000000000946,1,2.0
117,ERROR_M,7,103,2.1340000000000146,6.566000000000031,1,2.0
117,ERROR_M,7,104,2.145999999999958,3.849999999999909,1,2.0
117,ERROR_M,7,105,1.6179999999999382,,0,2.0
117,ERROR_M,8,1,0.620000000000001,6.864000000000001,0,2.0
117,ERROR_M,8,2,1.338000000000001,6.375999999999998,0,2.0
117,ERROR_M,8,3,2.0080000000000027,2.543999999999997,1,2.0
117,ERROR_M,8,4,1.9780000000000015,2.9239999999999995,0,2.0
117,ERROR_M,8,5,1.6880000000000024,4.637999999999998,0,2.0
117,ERROR_M,8,6,1.7319999999999993,5.4040000000000035,0,2.0
117,ERROR_M,8,7,2.0079999999999956,6.715999999999994,1,2.0
117,ERROR_M,8,8,1.588000000000008,5.572000000000003,0,2.0
117,ERROR_M,8,9,0.055999999999997385,0.0040000000000048885,0,2.0
117,ERROR_M,8,10,0.14799999999999613,17.262,0,2.0
117,ERROR_M,8,11,2.391999999999996,4.054000000000002,1,2.0
117,ERROR_M,8,12,2.0819999999999936,7.481999999999999,1,2.0
117,ERROR_M,8,13,1.960000000000008,2.5279999999999916,0,2.0
117,ERROR_M,8,14,0.05000000000001137,0.018000000000000682,0,2.0
117,ERROR_M,8,15,0.09399999999999409,22.00399999999999,0,2.0
117,ERROR_M,8,16,1.896000000000015,3.6200000000000045,0,2.0
117,ERROR_M,8,17,2.251999999999981,8.366000000000014,1,2.0
117,ERROR_M,8,18,2.048000000000002,3.515999999999991,1,2.0
117,ERROR_M,8,19,2.1640000000000157,7.917999999999978,1,2.0
117,ERROR_M,8,20,1.700000000000017,4.3019999999999925,0,2.0
117,ERROR_M,8,21,1.975999999999999,5.975999999999999,0,2.0
117,ERROR_M,8,22,1.9720000000000084,6.025999999999982,0,2.0
117,ERROR_M,8,23,1.7800000000000011,6.342000000000013,0,2.0
117,ERROR_M,8,24,2.024000000000001,3.460000000000008,1,2.0
117,ERROR_M,8,25,1.725999999999999,7.6059999999999945,0,2.0
117,ERROR_M,8,26,2.048000000000002,8.054000000000002,1,2.0
117,ERROR_M,8,27,2.019999999999982,6.728000000000009,1,2.0
117,ERROR_M,8,28,1.8100000000000023,8.159999999999997,0,2.0
117,ERROR_M,8,29,1.3300000000000125,2.937999999999988,0,2.0
117,ERROR_M,8,30,1.9320000000000164,3.69399999999996,0,2.0
117,ERROR_M,8,31,1.6260000000000332,4.651999999999987,0,2.0
117,ERROR_M,8,32,2.458000000000027,5.403999999999996,1,2.0
117,ERROR_M,8,33,2.1440000000000055,6.029999999999973,1,2.0
117,ERROR_M,8,34,2.009999999999991,7.0540000000000305,1,2.0
117,ERROR_M,8,35,1.9019999999999868,18.391999999999996,0,2.0
117,ERROR_M,8,36,1.5919999999999845,5.627999999999986,0,2.0
117,ERROR_M,8,37,1.740000000000009,8.27800000000002,0,2.0
117,ERROR_M,8,38,2.048000000000002,2.4879999999999995,1,2.0
117,ERROR_M,8,39,1.9499999999999886,2.651999999999987,0,2.0
117,ERROR_M,8,40,2.048000000000002,4.0120000000000005,1,2.0
117,ERROR_M,8,41,1.9399999999999977,7.340000000000032,0,2.0
117,ERROR_M,8,42,1.9939999999999714,3.617999999999995,0,2.0
117,ERROR_M,8,43,2.0640000000000214,5.461999999999989,1,2.0
117,ERROR_M,8,44,1.9379999999999882,7.642000000000053,0,2.0
117,ERROR_M,8,45,2.315999999999974,3.4699999999999704,1,2.0
117,ERROR_M,8,46,2.0100000000000477,5.081999999999994,1,2.0
117,ERROR_M,8,47,1.7659999999999627,5.636000000000024,0,2.0
117,ERROR_M,8,48,2.173999999999978,8.04200000000003,1,2.0
117,ERROR_M,8,49,2.447999999999979,4.759999999999991,1,2.0
117,ERROR_M,8,50,1.79200000000003,8.360000000000014,0,2.0
117,ERROR_M,8,51,1.9699999999999704,6.980000000000018,0,2.0
117,ERROR_M,8,52,1.95799999999997,4.330000000000041,0,2.0
117,ERROR_M,8,53,2.123999999999967,3.069999999999993,1,2.0
117,ERROR_M,8,54,1.6520000000000437,2.3039999999999736,0,2.0
117,ERROR_M,8,55,2.3380000000000223,2.9739999999999895,1,2.0
117,ERROR_M,8,56,2.2379999999999995,4.192000000000007,1,2.0
117,ERROR_M,8,57,1.9159999999999968,5.942000000000007,0,2.0
117,ERROR_M,8,58,2.287999999999954,6.446000000000026,1,2.0
117,ERROR_M,8,59,1.788000000000011,6.7760000000000105,0,2.0
117,ERROR_M,8,60,2.0779999999999745,8.49799999999999,1,2.0
117,ERROR_M,8,61,1.802000000000021,2.9879999999999995,0,2.0
117,ERROR_M,8,62,2.1340000000000146,3.024000000000001,1,2.0
117,ERROR_M,8,63,2.0720000000000027,4.098000000000013,1,2.0
117,ERROR_M,8,64,1.6440000000000055,4.945999999999913,0,2.0
117,ERROR_M,8,65,1.9780000000000655,6.437999999999988,0,2.0
117,ERROR_M,8,66,0.6739999999999782,0.009999999999990905,0,2.0
117,ERROR_M,8,67,0.21800000000007458,66.99799999999993,0,2.0
117,ERROR_M,8,68,1.9880000000000564,7.942000000000007,0,2.0
117,ERROR_M,8,69,2.048000000000002,3.5519999999999072,1,2.0
117,ERROR_M,8,70,1.8220000000000027,4.386000000000081,0,2.0
117,ERROR_M,8,71,1.7759999999999536,4.631999999999948,0,2.0
117,ERROR_M,8,72,2.4420000000000073,2.7000000000000455,1,2.0
117,ERROR_M,8,73,2.405999999999949,5.54200000000003,1,2.0
117,ERROR_M,8,74,1.9360000000000355,5.645999999999958,0,2.0
117,ERROR_M,8,75,1.8980000000000246,7.008000000000038,0,2.0
117,ERROR_M,8,76,2.0579999999999927,4.261999999999944,1,2.0
117,ERROR_M,8,77,1.55600000000004,6.713999999999942,0,2.0
117,ERROR_M,8,78,1.9240000000000919,7.641999999999939,0,2.0
117,ERROR_M,8,79,2.19399999999996,6.502000000000066,1,2.0
117,ERROR_M,8,80,2.4360000000000355,4.716000000000008,1,2.0
117,ERROR_M,8,81,1.5919999999999845,0.09199999999998454,0,2.0
117,ERROR_M,8,82,0.13599999999996726,5.440000000000055,0,2.0
117,ERROR_M,8,83,2.0439999999999827,5.765999999999963,1,2.0
117,ERROR_M,8,84,0.038000000000010914,0.004000000000019099,0,2.0
117,ERROR_M,8,85,0.15199999999992997,19.78200000000004,0,2.0
117,ERROR_M,8,86,1.80600000000004,8.395999999999958,0,2.0
117,ERROR_M,8,87,2.1299999999999955,3.2939999999999827,1,2.0
117,ERROR_M,8,88,2.3920000000000528,4.1440000000000055,1,2.0
117,ERROR_M,8,89,1.7759999999999536,4.01400000000001,0,2.0
117,ERROR_M,8,90,2.2240000000000464,7.741999999999962,1,2.0
117,ERROR_M,8,91,1.7960000000000491,1411.8559999999998,0,2.0
117,ERROR_M,8,92,4.097999999999956,4.930000000000291,1,2.0
117,ERROR_M,8,93,2.0099999999997635,6.0900000000001455,1,2.0
117,ERROR_M,8,94,1.7860000000000582,2.349999999999909,0,2.0
117,ERROR_M,8,95,2.461999999999989,4.9220000000000255,1,2.0
117,ERROR_M,8,96,0.2199999999997999,0.016000000000076398,0,2.0
117,ERROR_M,8,97,0.2179999999998472,37.63600000000042,0,2.0
117,ERROR_M,8,98,2.0039999999999054,7.710000000000036,1,2.0
117,ERROR_M,8,99,2.4159999999997126,8.010000000000218,1,2.0
117,ERROR_M,8,100,2.0140000000001237,6.835999999999785,1,2.0
117,ERROR_M,8,101,1.8659999999999854,6.4520000000002256,0,2.0
117,ERROR_M,8,102,2.1920000000000073,4.5779999999999745,1,2.0
117,ERROR_M,8,103,1.7399999999997817,2.624000000000251,0,2.0
117,ERROR_M,8,104,2.0239999999998872,7.55600000000004,1,2.0
117,ERROR_M,8,105,1.7179999999998472,3.1979999999998654,0,2.0
117,ERROR_M,8,106,1.9400000000000546,,0,2.0
117,ERROR_M,9,1,0.38400000000000034,6.481999999999999,0,2.0
117,ERROR_M,9,2,2.078000000000003,3.725999999999999,1,2.0
117,ERROR_M,9,3,1.5559999999999974,2.2479999999999976,0,2.0
117,ERROR_M,9,4,2.044000000000004,4.949999999999996,1,2.0
117,ERROR_M,9,5,2.084000000000003,4.354000000000006,1,2.0
117,ERROR_M,9,6,1.8079999999999927,5.254000000000005,0,2.0
117,ERROR_M,9,7,2.3619999999999948,5.965999999999994,1,2.0
117,ERROR_M,9,8,2.0460000000000065,2.7620000000000005,1,2.0
117,ERROR_M,9,9,1.8539999999999992,6.677999999999997,0,2.0
117,ERROR_M,9,10,2.3740000000000094,7.1059999999999945,1,2.0
117,ERROR_M,9,11,2.299999999999997,7.403999999999996,1,2.0
117,ERROR_M,9,12,1.9300000000000068,7.9680000000000035,0,2.0
117,ERROR_M,9,13,2.887999999999991,8.325999999999993,1,2.0
117,ERROR_M,9,14,2.410000000000025,3.47799999999998,1,2.0
117,ERROR_M,9,15,2.3559999999999945,4.728000000000009,1,2.0
117,ERROR_M,9,16,2.1100000000000136,3.049999999999983,1,2.0
117,ERROR_M,9,17,2.396000000000015,5.763999999999982,1,2.0
117,ERROR_M,9,18,2.4560000000000173,4.268000000000001,1,2.0
117,ERROR_M,9,19,1.975999999999999,7.679999999999978,0,2.0
117,ERROR_M,9,20,2.5160000000000196,2.9420000000000073,1,2.0
117,ERROR_M,9,21,3.681999999999988,4.391999999999996,1,2.0
117,ERROR_M,9,22,2.234000000000009,4.777999999999992,1,2.0
117,ERROR_M,9,23,1.8760000000000048,5.359999999999985,0,2.0
117,ERROR_M,9,24,2.184000000000026,6.033999999999992,1,2.0
117,ERROR_M,9,25,2.280000000000001,2.578000000000003,1,2.0
117,ERROR_M,9,26,1.8999999999999773,2.592000000000013,0,2.0
117,ERROR_M,9,27,2.412000000000006,4.1200000000000045,1,2.0
117,ERROR_M,9,28,2.181999999999988,6.47999999999999,1,2.0
117,ERROR_M,9,29,2.5260000000000105,7.038000000000011,1,2.0
117,ERROR_M,9,30,2.1559999999999775,8.018000000000029,1,2.0
117,ERROR_M,9,31,1.6099999999999568,5.650000000000034,0,2.0
117,ERROR_M,9,32,2.123999999999967,8.468000000000018,1,2.0
117,ERROR_M,9,33,2.2100000000000364,3.481999999999971,1,2.0
117,ERROR_M,9,34,1.697999999999979,7.694000000000017,0,2.0
117,ERROR_M,9,35,2.018000000000029,7.419999999999959,1,2.0
117,ERROR_M,9,36,1.6299999999999955,4.963999999999999,0,2.0
117,ERROR_M,9,37,0.038000000000010914,0.02800000000002001,0,2.0
117,ERROR_M,9,38,0.08999999999997499,22.348000000000013,0,2.0
117,ERROR_M,9,39,1.6680000000000064,6.5919999999999845,0,2.0
117,ERROR_M,9,40,1.934000000000026,6.425999999999988,0,2.0
117,ERROR_M,9,41,2.244000000000028,3.145999999999958,1,2.0
117,ERROR_M,9,42,1.8280000000000314,3.4039999999999964,0,2.0
117,ERROR_M,9,43,1.9159999999999968,2.509999999999991,0,2.0
117,ERROR_M,9,44,1.6779999999999973,3.1820000000000164,0,2.0
117,ERROR_M,9,45,1.9599999999999795,5.442000000000007,0,2.0
117,ERROR_M,9,46,1.73599999999999,5.674000000000035,0,2.0
117,ERROR_M,9,47,1.7759999999999536,6.0020000000000095,0,2.0
117,ERROR_M,9,48,1.98599999999999,4.480000000000018,0,2.0
117,ERROR_M,9,49,1.8480000000000132,3.697999999999979,0,2.0
117,ERROR_M,9,50,1.990000000000009,6.641999999999996,0,2.0
117,ERROR_M,9,51,2.367999999999995,4.163999999999987,1,2.0
117,ERROR_M,9,52,2.0300000000000296,5.065999999999974,1,2.0
117,ERROR_M,9,53,1.8360000000000127,4.648000000000025,0,2.0
117,ERROR_M,9,54,2.2819999999999823,7.228000000000009,1,2.0
117,ERROR_M,9,55,1.9019999999999868,11.211999999999989,0,2.0
117,ERROR_M,9,56,1.4600000000000364,7.663999999999987,0,2.0
117,ERROR_M,9,57,1.6599999999999682,7.994000000000028,0,2.0
117,ERROR_M,9,58,1.1920000000000073,8.313999999999965,0,2.0
117,ERROR_M,9,59,1.8900000000000432,4.349999999999966,0,2.0
117,ERROR_M,9,60,1.8140000000000214,2.367999999999995,0,2.0
117,ERROR_M,9,61,2.348000000000013,3.8999999999999773,1,2.0
117,ERROR_M,9,62,1.9940000000000282,5.322000000000003,0,2.0
117,ERROR_M,9,63,2.4359999999999786,6.02800000000002,1,2.0
117,ERROR_M,9,64,1.773999999999944,7.442000000000007,0,2.0
117,ERROR_M,9,65,2.372000000000071,4.005999999999972,1,2.0
117,ERROR_M,9,66,1.8039999999999736,3.9600000000000364,0,2.0
117,ERROR_M,9,67,2.3299999999999272,6.508000000000038,1,2.0
117,ERROR_M,9,68,1.711999999999989,2.8799999999999955,0,2.0
117,ERROR_M,9,69,2.3999999999999773,5.562000000000012,1,2.0
117,ERROR_M,9,70,2.340000000000032,6.857999999999947,1,2.0
117,ERROR_M,9,71,1.6920000000000073,4.816000000000031,0,2.0
117,ERROR_M,9,72,1.7760000000000673,3.0399999999999636,0,2.0
117,ERROR_M,9,73,1.8859999999999673,5.673999999999978,0,2.0
117,ERROR_M,9,74,2.2240000000000464,7.025999999999954,1,2.0
117,ERROR_M,9,75,2.038000000000011,7.82000000000005,1,2.0
117,ERROR_M,9,76,2.1779999999999973,8.131999999999948,1,2.0
117,ERROR_M,9,77,1.9420000000000073,8.416000000000054,0,2.0
117,ERROR_M,9,78,2.0879999999999654,5.274000000000001,1,2.0
117,ERROR_M,9,79,1.7899999999999636,6.676000000000045,0,2.0
117,ERROR_M,9,80,2.1119999999999663,3.01400000000001,1,2.0
117,ERROR_M,9,81,2.018000000000029,5.330000000000041,1,2.0
117,ERROR_M,9,82,1.8099999999999454,3.3460000000000036,0,2.0
117,ERROR_M,9,83,2.118000000000052,5.323999999999955,1,2.0
117,ERROR_M,9,84,1.8700000000000045,5.567999999999984,0,2.0
117,ERROR_M,9,85,1.6879999999999882,6.375999999999976,0,2.0
117,ERROR_M,9,86,1.6900000000000546,248.51199999999994,0,2.0
117,ERROR_M,9,87,0.36000000000001364,8.050000000000068,0,2.0
117,ERROR_M,9,88,2.13799999999992,8.108000000000061,1,2.0
117,ERROR_M,9,89,1.5939999999999372,6.057999999999993,0,2.0
117,ERROR_M,9,90,1.7860000000000582,8.331999999999994,0,2.0
117,ERROR_M,9,91,1.740000000000009,2.354000000000042,0,2.0
117,ERROR_M,9,92,2.9799999999999045,5.670000000000073,1,2.0
117,ERROR_M,9,93,2.3460000000000036,7.5499999999999545,1,2.0
117,ERROR_M,9,94,2.1420000000000528,4.283999999999992,1,2.0
117,ERROR_M,9,95,1.8659999999999854,3.788000000000011,0,2.0
117,ERROR_M,9,96,2.23599999999999,4.449999999999932,1,2.0
117,ERROR_M,9,97,2.1299999999999955,4.004000000000019,1,2.0
117,ERROR_M,9,98,0.36800000000005184,2.919999999999959,0,2.0
117,ERROR_M,9,99,2.3220000000000027,6.244000000000028,1,2.0
117,ERROR_M,9,100,0.5239999999998872,13.548000000000002,0,2.0
117,ERROR_M,9,101,2.3980000000001382,4.44399999999996,1,2.0
117,ERROR_M,9,102,0.16200000000003456,0.026000000000067303,0,2.0
117,ERROR_M,9,103,0.2059999999999036,27.913999999999987,0,2.0
117,ERROR_M,9,104,2.6720000000000255,6.985999999999876,1,2.0
117,ERROR_M,9,105,2.11200000000008,3.8500000000001364,1,2.0
117,ERROR_M,9,106,2.1440000000000055,3.7439999999999145,1,2.0
117,ERROR_M,9,107,1.594000000000051,5.69399999999996,0,2.0
117,ERROR_M,9,108,2.0239999999998872,6.570000000000164,1,2.0
117,ERROR_M,9,109,2.033999999999878,5.5219999999999345,1,2.0
117,ERROR_M,9,110,1.7300000000000182,7.360000000000127,0,2.0
117,ERROR_M,9,111,2.259999999999991,7.8659999999999854,1,2.0
117,ERROR_M,9,112,1.961999999999989,7.991999999999962,0,2.0
117,ERROR_M,9,113,2.0119999999999436,6.8120000000001255,1,2.0
117,ERROR_M,9,114,1.1099999999999,8.400000000000091,0,2.0
117,ERROR_M,9,115,2.1099999999999,4.300000000000182,1,2.0
117,ERROR_M,9,116,1.4299999999998363,4.642000000000053,0,2.0
117,ERROR_M,9,117,1.8079999999999927,330.68000000000006,0,2.0
117,ERROR_M,9,118,2.227999999999838,6.4780000000000655,1,2.0
117,ERROR_M,9,119,1.7280000000000655,7.273999999999887,0,2.0
117,ERROR_M,9,120,1.900000000000091,2.935999999999922,0,2.0
117,ERROR_M,9,121,2.046000000000049,3.8740000000000236,1,2.0
117,ERROR_M,9,122,1.7980000000000018,3.4680000000000746,0,2.0
117,ERROR_M,9,123,0.37199999999984357,0.004000000000132786,0,2.0
117,ERROR_M,9,124,0.2139999999999418,14.13799999999992,0,2.0
117,ERROR_M,9,125,2.310000000000173,7.033999999999878,1,2.0
117,ERROR_M,9,126,1.4760000000001128,3.63799999999992,0,2.0
117,ERROR_M,9,127,2.380000000000109,5.5659999999998035,1,2.0
117,ERROR_M,9,128,2.1360000000001946,5.9939999999999145,1,2.0
117,ERROR_M,9,129,1.7180000000000746,4.319999999999936,0,2.0
117,ERROR_M,9,130,2.0,6.170000000000073,0,2.0
117,ERROR_M,9,131,1.9079999999999018,7.705999999999904,0,2.0
117,ERROR_M,9,132,1.8820000000000618,8.347999999999956,0,2.0
117,ERROR_M,9,133,2.160000000000082,4.432000000000016,1,2.0
117,ERROR_M,9,134,2.1720000000000255,5.357999999999947,1,2.0
117,ERROR_M,9,135,1.321999999999889,2.9040000000002237,0,2.0
117,ERROR_M,9,136,1.5979999999999563,4.9500000000000455,0,2.0
117,ERROR_M,9,137,2.229999999999791,4.574000000000069,1,2.0
117,ERROR_M,9,138,2.046000000000049,7.463999999999942,1,2.0
117,ERROR_M,9,139,2.145999999999958,6.807999999999993,1,2.0
117,ERROR_M,9,140,1.5760000000000218,4.690000000000055,0,2.0
117,ERROR_M,9,141,1.6900000000000546,1203.182,0,2.0
117,ERROR_M,9,142,1.3739999999997963,2.2899999999999636,0,2.0
117,ERROR_M,9,143,1.430000000000291,7.324000000000069,0,2.0
117,ERROR_M,9,144,2.0739999999996144,5.7840000000001055,1,2.0
117,ERROR_M,9,145,2.2020000000002256,8.45199999999977,1,2.0
117,ERROR_M,9,146,1.4320000000002437,7.681999999999789,0,2.0
117,ERROR_M,9,147,1.8659999999999854,7.872000000000298,0,2.0
117,ERROR_M,9,148,0.06999999999970896,0.016000000000076398,0,2.0
117,ERROR_M,9,149,0.15799999999990177,,0,2.0
117,ERROR_M,10,1,0.5579999999999998,4.327999999999999,0,2.0
117,ERROR_M,10,2,1.3740000000000023,4.588000000000001,0,2.0
117,ERROR_M,10,3,1.8999999999999986,6.963999999999999,0,2.0
117,ERROR_M,10,4,2.240000000000002,5.475999999999999,1,2.0
117,ERROR_M,10,5,1.911999999999999,7.990000000000002,0,2.0
117,ERROR_M,10,6,2.1599999999999966,8.421999999999997,1,2.0
117,ERROR_M,10,7,2.2920000000000016,3.146000000000001,1,2.0
117,ERROR_M,10,8,2.2339999999999947,3.5080000000000098,1,2.0
117,ERROR_M,10,9,1.6979999999999933,3.960000000000008,0,2.0
117,ERROR_M,10,10,2.298000000000002,2.759999999999991,1,2.0
117,ERROR_M,10,11,1.6880000000000024,4.995999999999995,0,2.0
117,ERROR_M,10,12,1.940000000000012,5.577999999999989,0,2.0
117,ERROR_M,10,13,1.9639999999999986,6.372,0,2.0
117,ERROR_M,10,14,1.6039999999999992,2.308000000000007,0,2.0
117,ERROR_M,10,15,1.8740000000000094,5.969999999999999,0,2.0
117,ERROR_M,10,16,2.0979999999999848,3.812000000000012,1,2.0
117,ERROR_M,10,17,1.9559999999999889,6.740000000000009,0,2.0
117,ERROR_M,10,18,2.015999999999991,7.760000000000019,1,2.0
117,ERROR_M,10,19,1.9979999999999905,7.385999999999996,0,2.0
117,ERROR_M,10,20,2.6059999999999945,4.361999999999995,1,2.0
117,ERROR_M,10,21,2.216000000000008,3.592000000000013,1,2.0
117,ERROR_M,10,22,2.187999999999988,4.7620000000000005,1,2.0
117,ERROR_M,10,23,1.8640000000000043,5.680000000000007,0,2.0
117,ERROR_M,10,24,2.1639999999999873,7.777999999999992,1,2.0
117,ERROR_M,10,25,2.0960000000000036,8.060000000000002,1,2.0
117,ERROR_M,10,26,2.656000000000006,3.6539999999999964,1,2.0
117,ERROR_M,10,27,2.3000000000000114,3.245999999999981,1,2.0
117,ERROR_M,10,28,1.990000000000009,2.426000000000016,0,2.0
117,ERROR_M,10,29,2.0239999999999725,5.092000000000013,1,2.0
117,ERROR_M,10,30,1.9240000000000066,2.6539999999999964,0,2.0
117,ERROR_M,10,31,2.783999999999992,5.358000000000004,1,2.0
117,ERROR_M,10,32,2.5560000000000116,5.951999999999998,1,2.0
117,ERROR_M,10,33,2.1820000000000164,6.763999999999953,1,2.0
117,ERROR_M,10,34,1.9039999999999964,6.920000000000016,0,2.0
117,ERROR_M,10,35,1.7959999999999923,7.410000000000025,0,2.0
117,ERROR_M,10,36,1.7139999999999986,4.041999999999973,0,2.0
117,ERROR_M,10,37,1.948000000000036,6.301999999999964,0,2.0
117,ERROR_M,10,38,2.298000000000002,8.406000000000006,1,2.0
117,ERROR_M,10,39,1.9979999999999905,7.122000000000014,0,2.0
117,ERROR_M,10,40,1.934000000000026,2.3419999999999845,0,2.0
117,ERROR_M,10,41,2.466000000000008,2.791999999999973,1,2.0
117,ERROR_M,10,42,2.319999999999993,5.046000000000049,1,2.0
117,ERROR_M,10,43,1.759999999999991,4.665999999999997,0,2.0
117,ERROR_M,10,44,2.055999999999983,6.090000000000032,1,2.0
117,ERROR_M,10,45,2.4659999999999513,7.470000000000027,1,2.0
117,ERROR_M,10,46,1.829999999999984,2.915999999999997,0,2.0
117,ERROR_M,10,47,2.2900000000000205,7.805999999999983,1,2.0
117,ERROR_M,10,48,2.103999999999985,8.189999999999998,1,2.0
117,ERROR_M,10,49,1.8280000000000314,8.096000000000004,0,2.0
117,ERROR_M,10,50,2.0399999999999636,8.420000000000016,1,2.0
117,ERROR_M,10,51,0.18000000000000682,0.009999999999990905,0,2.0
117,ERROR_M,10,52,0.22200000000003683,25.579999999999984,0,2.0
117,ERROR_M,10,53,1.7339999999999804,4.3659999999999854,0,2.0
117,ERROR_M,10,54,2.062000000000012,5.141999999999996,1,2.0
117,ERROR_M,10,55,1.670000000000016,3.910000000000025,0,2.0
117,ERROR_M,10,56,1.6059999999999945,5.677999999999997,0,2.0
117,ERROR_M,10,57,1.7160000000000082,6.323999999999955,0,2.0
117,ERROR_M,10,58,2.302000000000021,6.824000000000012,1,2.0
117,ERROR_M,10,59,2.25,4.599999999999966,1,2.0
117,ERROR_M,10,60,2.0120000000000005,8.100000000000023,1,2.0
117,ERROR_M,10,61,1.9800000000000182,8.44599999999997,0,2.0
117,ERROR_M,10,62,1.8980000000000246,2.490000000000009,0,2.0
117,ERROR_M,10,63,2.151999999999987,6.451999999999941,1,2.0
117,ERROR_M,10,64,2.018000000000029,3.796000000000049,1,2.0
117,ERROR_M,10,65,2.2819999999999254,5.164000000000101,1,2.0
117,ERROR_M,10,66,1.94399999999996,5.723999999999933,0,2.0
117,ERROR_M,10,67,2.0920000000000982,3.42999999999995,1,2.0
117,ERROR_M,10,68,2.3759999999999764,5.810000000000059,1,2.0
117,ERROR_M,10,69,2.3460000000000036,6.029999999999973,1,2.0
117,ERROR_M,10,70,1.217999999999961,6.512000000000057,0,2.0
117,ERROR_M,10,71,2.0459999999999354,6.746000000000095,1,2.0
117,ERROR_M,10,72,2.1219999999999573,4.354000000000042,1,2.0
117,ERROR_M,10,73,1.5720000000000027,3.7579999999999245,0,2.0
117,ERROR_M,10,74,2.05600000000004,7.127999999999929,1,2.0
117,ERROR_M,10,75,1.7860000000000582,7.4220000000000255,0,2.0
117,ERROR_M,10,76,1.6599999999999682,3.95799999999997,0,2.0
117,ERROR_M,10,77,1.725999999999999,7.692000000000007,0,2.0
117,ERROR_M,10,78,1.9099999999999682,6.6400000000001,0,2.0
117,ERROR_M,10,79,1.91599999999994,6.942000000000007,0,2.0
117,ERROR_M,10,80,1.697999999999979,3.6620000000000346,0,2.0
117,ERROR_M,10,81,2.0839999999999463,5.786000000000058,1,2.0
117,ERROR_M,10,82,2.0539999999999736,8.125999999999976,1,2.0
117,ERROR_M,10,83,1.7420000000000755,2.689999999999941,0,2.0
117,ERROR_M,10,84,1.9600000000000364,8.350000000000023,0,2.0
117,ERROR_M,10,85,1.8559999999999945,4.981999999999971,0,2.0
117,ERROR_M,10,86,1.9420000000000073,3.9979999999999336,0,2.0
117,ERROR_M,10,87,2.0440000000000964,3.0259999999999536,1,2.0
117,ERROR_M,10,88,2.6240000000000236,5.75,1,2.0
117,ERROR_M,10,89,1.98599999999999,6.343999999999937,0,2.0
117,ERROR_M,10,90,1.8180000000000973,163.81799999999998,0,2.0
117,ERROR_M,10,91,1.3339999999999463,3.2799999999999727,0,2.0
117,ERROR_M,10,92,1.8360000000000127,7.318000000000097,0,2.0
117,ERROR_M,10,93,1.627999999999929,7.682000000000016,0,2.0
117,ERROR_M,10,94,1.7939999999999827,5.991999999999962,0,2.0
117,ERROR_M,10,95,2.108000000000061,3.6259999999999764,1,2.0
117,ERROR_M,10,96,2.1520000000000437,4.697999999999979,1,2.0
117,ERROR_M,10,97,1.9180000000000064,7.9500000000000455,0,2.0
117,ERROR_M,10,98,0.03999999999996362,0.02400000000000091,0,2.0
117,ERROR_M,10,99,0.11599999999998545,5.768000000000029,0,2.0
117,ERROR_M,10,100,2.419999999999959,4.892000000000053,1,2.0
117,ERROR_M,10,101,2.3439999999999372,3.6779999999999973,1,2.0
117,ERROR_M,10,102,1.8559999999999945,5.016000000000076,0,2.0
117,ERROR_M,10,103,1.9319999999999027,7.456000000000017,0,2.0
117,ERROR_M,10,104,2.0160000000000764,3.419999999999959,1,2.0
117,ERROR_M,10,105,1.8239999999999554,5.956000000000017,0,2.0
117,ERROR_M,10,106,2.4600000000000364,6.779999999999973,1,2.0
117,ERROR_M,10,107,1.77800000000002,3.0219999999999345,0,2.0
117,ERROR_M,10,108,2.038000000000011,4.496000000000095,1,2.0
117,ERROR_M,10,109,1.7759999999999536,4.4500000000000455,0,2.0
117,ERROR_M,10,110,2.117999999999938,6.162000000000035,1,2.0
117,ERROR_M,10,111,1.6159999999999854,6.3940000000000055,0,2.0
117,ERROR_M,10,112,1.9939999999999145,7.044000000000096,0,2.0
117,ERROR_M,10,113,2.0219999999999345,5.761999999999944,1,2.0
117,ERROR_M,10,114,1.8900000000001,7.733999999999924,0,2.0
117,ERROR_M,10,115,1.8800000000001091,8.372000000000071,0,2.0
117,ERROR_M,10,116,1.91599999999994,1258.3419999999999,0,2.0
117,ERROR_M,10,117,1.3840000000000146,3.367999999999938,0,2.0
117,ERROR_M,10,118,1.5779999999999745,5.3279999999999745,0,2.0
117,ERROR_M,10,119,1.9140000000002146,5.617999999999938,0,2.0
117,ERROR_M,10,120,2.2840000000001055,7.0099999999997635,1,2.0
117,ERROR_M,10,121,1.8400000000001455,6.597999999999956,0,2.0
117,ERROR_M,10,122,2.1959999999999127,2.8200000000001637,1,2.0
117,ERROR_M,10,123,2.150000000000091,7.395999999999731,1,2.0
117,ERROR_M,10,124,1.8760000000002037,7.681999999999789,0,2.0
117,ERROR_M,10,125,1.8640000000000327,2.912000000000262,0,2.0
117,ERROR_M,10,126,1.6779999999998836,2.268000000000029,0,2.0
117,ERROR_M,10,127,2.173999999999978,8.00799999999981,1,2.0
117,ERROR_M,10,128,1.9660000000003492,21.837999999999738,0,2.0
117,ERROR_M,10,129,1.206000000000131,4.72400000000016,0,2.0
117,ERROR_M,10,130,1.6799999999998363,4.949999999999818,0,2.0
117,ERROR_M,10,131,1.7919999999999163,8.114000000000033,0,2.0
117,ERROR_M,10,132,2.1960000000003674,4.511999999999716,1,2.0
117,ERROR_M,10,133,1.6400000000003274,6.395999999999731,0,2.0
117,ERROR_M,10,134,0.052000000000134605,0.016000000000076398,0,2.0
117,ERROR_M,10,135,0.2359999999998763,78.096,0,2.0
117,ERROR_M,10,136,1.1539999999999964,3.673999999999978,0,2.0
117,ERROR_M,10,137,1.6039999999998145,3.542000000000371,0,2.0
117,ERROR_M,10,138,2.119999999999891,6.246000000000095,1,2.0
117,ERROR_M,10,139,1.6239999999997963,5.947999999999865,0,2.0
117,ERROR_M,10,140,2.1720000000000255,6.596000000000004,1,2.0
117,ERROR_M,10,141,1.7000000000002728,6.683999999999742,0,2.0
117,ERROR_M,10,142,1.7480000000000473,3.38799999999992,0,2.0
117,ERROR_M,10,143,1.9380000000001019,132.51000000000022,0,2.0
117,ERROR_M,10,144,1.099999999999909,5.415999999999713,0,2.0
117,ERROR_M,10,145,1.5840000000002874,7.63799999999992,0,2.0
117,ERROR_M,10,146,1.8240000000000691,8.31399999999985,0,2.0
117,ERROR_M,10,147,1.80600000000004,3.3020000000001346,0,2.0
117,ERROR_M,10,148,2.0,,0,2.0
117,ERROR_M,11,1,1.3100000000000023,2.881999999999998,0,2.0
117,ERROR_M,11,2,1.4819999999999993,2.2520000000000024,0,2.0
117,ERROR_M,11,3,1.868000000000002,3.559999999999995,0,2.0
117,ERROR_M,11,4,1.9819999999999993,4.572000000000003,0,2.0
117,ERROR_M,11,5,1.9420000000000002,5.957999999999998,0,2.0
117,ERROR_M,11,6,1.8960000000000008,6.880000000000003,0,2.0
117,ERROR_M,11,7,2.7759999999999962,7.588000000000008,1,2.0
117,ERROR_M,11,8,2.10799999999999,8.022000000000006,1,2.0
117,ERROR_M,11,9,1.9579999999999984,8.335999999999999,0,2.0
117,ERROR_M,11,10,1.7019999999999982,3.945999999999998,0,2.0
117,ERROR_M,11,11,2.4000000000000057,5.688000000000002,1,2.0
117,ERROR_M,11,12,2.0900000000000034,6.417999999999992,1,2.0
117,ERROR_M,11,13,1.9339999999999975,3.3640000000000043,0,2.0
117,ERROR_M,11,14,2.1940000000000026,4.434000000000012,1,2.0
117,ERROR_M,11,15,2.0679999999999836,5.098000000000013,1,2.0
117,ERROR_M,11,16,2.0120000000000005,5.5519999999999925,1,2.0
117,ERROR_M,11,17,2.3619999999999948,7.4080000000000155,1,2.0
117,ERROR_M,11,18,2.055999999999983,6.822000000000003,1,2.0
117,ERROR_M,11,19,1.9300000000000068,2.6260000000000048,0,2.0
117,ERROR_M,11,20,2.1259999999999764,5.728000000000009,1,2.0
117,ERROR_M,11,21,1.9699999999999989,7.622000000000014,0,2.0
117,ERROR_M,11,22,1.9639999999999986,3.367999999999995,0,2.0
117,ERROR_M,11,23,2.4919999999999902,7.030000000000001,1,2.0
117,ERROR_M,11,24,2.3079999999999927,3.2120000000000175,1,2.0
117,ERROR_M,11,25,2.313999999999993,4.693999999999988,1,2.0
117,ERROR_M,11,26,2.052000000000021,6.139999999999986,1,2.0
117,ERROR_M,11,27,2.0579999999999927,7.388000000000005,1,2.0
117,ERROR_M,11,28,2.27200000000002,5.445999999999998,1,2.0
117,ERROR_M,11,29,1.9559999999999889,7.9339999999999975,0,2.0
117,ERROR_M,11,30,2.4920000000000186,2.8959999999999866,1,2.0
117,ERROR_M,11,31,2.549999999999983,8.354000000000042,1,2.0
117,ERROR_M,11,32,2.4039999999999964,4.375999999999976,1,2.0
117,ERROR_M,11,33,2.2579999999999814,2.6779999999999973,1,2.0
117,ERROR_M,11,34,2.198000000000036,3.891999999999996,1,2.0
117,ERROR_M,11,35,2.288000000000011,5.087999999999965,1,2.0
117,ERROR_M,11,36,2.1200000000000045,4.822000000000003,1,2.0
117,ERROR_M,11,37,1.891999999999996,6.3840000000000146,0,2.0
117,ERROR_M,11,38,2.8519999999999754,6.660000000000025,1,2.0
117,ERROR_M,11,39,1.8079999999999927,6.946000000000026,0,2.0
117,ERROR_M,11,40,2.1859999999999786,7.675999999999988,1,2.0
117,ERROR_M,11,41,2.3640000000000327,8.043999999999983,1,2.0
117,ERROR_M,11,42,2.4839999999999804,6.770000000000039,1,2.0
117,ERROR_M,11,43,1.8220000000000027,8.449999999999989,0,2.0
117,ERROR_M,11,44,2.0319999999999823,3.5079999999999814,1,2.0
117,ERROR_M,11,45,1.8260000000000218,2.9279999999999973,0,2.0
117,ERROR_M,11,46,1.9599999999999795,3.608000000000004,0,2.0
117,ERROR_M,11,47,0.033999999999991815,37.188000000000045,0,2.0
117,ERROR_M,11,48,1.811999999999955,5.210000000000036,0,2.0
117,ERROR_M,11,49,2.089999999999975,2.6000000000000227,1,2.0
117,ERROR_M,11,50,2.048000000000002,3.3240000000000123,1,2.0
117,ERROR_M,11,51,1.7559999999999718,3.9560000000000173,0,2.0
117,ERROR_M,11,52,2.0459999999999923,4.7660000000000196,1,2.0
117,ERROR_M,11,53,1.9399999999999977,5.909999999999968,0,2.0
117,ERROR_M,11,54,2.4039999999999964,7.4360000000000355,1,2.0
117,ERROR_M,11,55,1.9699999999999704,5.75,0,2.0
117,ERROR_M,11,56,2.2760000000000105,4.548000000000002,1,2.0
117,ERROR_M,11,57,2.1019999999999754,6.439999999999998,1,2.0
117,ERROR_M,11,58,1.8120000000000118,7.596000000000004,0,2.0
117,ERROR_M,11,59,2.184000000000026,8.069999999999993,1,2.0
117,ERROR_M,11,60,2.0079999999999814,3.2760000000000105,1,2.0
117,ERROR_M,11,61,2.5919999999999845,5.967999999999961,1,2.0
117,ERROR_M,11,62,2.094000000000051,5.759999999999991,1,2.0
117,ERROR_M,11,63,2.1200000000000045,8.42999999999995,1,2.0
117,ERROR_M,11,64,2.27800000000002,3.245999999999981,1,2.0
117,ERROR_M,11,65,2.0160000000000764,4.015999999999963,1,2.0
117,ERROR_M,11,66,2.20799999999997,5.11200000000008,1,2.0
117,ERROR_M,11,67,2.141999999999939,5.018000000000029,1,2.0
117,ERROR_M,11,68,2.038000000000011,6.487999999999943,1,2.0
117,ERROR_M,11,69,1.7440000000000282,2.6680000000000064,0,2.0
117,ERROR_M,11,70,2.3220000000000027,7.053999999999974,1,2.0
117,ERROR_M,11,71,2.1240000000000236,4.265999999999963,1,2.0
117,ERROR_M,11,72,2.1620000000000346,3.9060000000000628,1,2.0
117,ERROR_M,11,73,2.201999999999998,5.671999999999912,1,2.0
117,ERROR_M,11,74,2.2900000000000773,4.94399999999996,1,2.0
117,ERROR_M,11,75,1.9980000000000473,6.633999999999901,0,2.0
117,ERROR_M,11,76,2.29200000000003,7.440000000000055,1,2.0
117,ERROR_M,11,77,2.1159999999999854,6.149999999999977,1,2.0
117,ERROR_M,11,78,2.1259999999999764,8.07000000000005,1,2.0
117,ERROR_M,11,79,2.0579999999999927,7.837999999999965,1,2.0
117,ERROR_M,11,80,1.933999999999969,8.346000000000004,0,2.0
117,ERROR_M,11,81,2.1100000000000136,3.660000000000082,1,2.0
117,ERROR_M,11,82,1.9119999999999209,3.98599999999999,0,2.0
117,ERROR_M,11,83,1.8520000000000891,2.6639999999999873,0,2.0
117,ERROR_M,11,84,2.1119999999999663,5.197999999999979,1,2.0
117,ERROR_M,11,85,1.8999999999999773,4.701999999999998,0,2.0
117,ERROR_M,11,86,2.009999999999991,3.7360000000001037,1,2.0
117,ERROR_M,11,87,1.6759999999999309,5.6720000000000255,0,2.0
117,ERROR_M,11,88,2.1920000000000073,6.7719999999999345,1,2.0
117,ERROR_M,11,89,2.1480000000000246,5.694000000000074,1,2.0
117,ERROR_M,11,90,1.9739999999999327,3.6940000000000737,0,2.0
117,ERROR_M,11,91,2.0839999999999463,464.9520000000001,1,2.0
117,ERROR_M,11,92,0.7119999999999891,49.46199999999999,0,2.0
117,ERROR_M,11,93,2.367999999999938,4.447999999999865,1,2.0
117,ERROR_M,11,94,1.7600000000002183,7.281999999999925,0,2.0
117,ERROR_M,11,95,2.27800000000002,2.8479999999999563,1,2.0
117,ERROR_M,11,96,2.2359999999998763,7.766000000000076,1,2.0
117,ERROR_M,11,97,1.8759999999999764,8.02800000000002,0,2.0
117,ERROR_M,11,98,2.4500000000000455,8.442000000000007,1,2.0
117,ERROR_M,11,99,0.06600000000003092,0.0019999999999527063,0,2.0
117,ERROR_M,11,100,0.30999999999994543,22.416000000000167,0,2.0
117,ERROR_M,11,101,2.755999999999858,3.4580000000000837,1,2.0
117,ERROR_M,11,102,1.9739999999999327,3.9459999999999127,0,2.0
117,ERROR_M,11,103,2.0340000000001055,4.627999999999929,1,2.0
117,ERROR_M,11,104,1.5879999999999654,3.8220000000001164,0,2.0
117,ERROR_M,11,105,2.11200000000008,3.0939999999998236,1,2.0
117,ERROR_M,11,106,2.382000000000062,5.036000000000058,1,2.0
117,ERROR_M,11,107,2.009999999999991,5.617999999999938,1,2.0
117,ERROR_M,11,108,2.004000000000133,6.0759999999997945,1,2.0
117,ERROR_M,11,109,1.8300000000001546,5.135999999999967,0,2.0
117,ERROR_M,11,110,1.9100000000000819,3.8179999999999836,0,2.0
117,ERROR_M,11,111,2.591999999999871,801.8819999999998,1,2.0
117,ERROR_M,11,112,1.3079999999999927,,0,2.0
117,ERROR_M,12,1,1.0,6.600000000000001,0,2.0
117,ERROR_M,12,2,1.8119999999999976,7.399999999999999,0,2.0
117,ERROR_M,12,3,2.054000000000002,8.420000000000002,1,2.0
117,ERROR_M,12,4,2.186,5.684000000000005,1,2.0
117,ERROR_M,12,5,2.6499999999999915,4.872,1,2.0
117,ERROR_M,12,6,2.2879999999999967,7.940000000000012,1,2.0
117,ERROR_M,12,7,0.02400000000000091,24.289999999999992,0,2.0
117,ERROR_M,12,8,2.1740000000000066,7.6699999999999875,1,2.0
117,ERROR_M,12,9,2.1400000000000006,3.406000000000006,1,2.0
117,ERROR_M,12,10,2.1380000000000052,6.042000000000002,1,2.0
117,ERROR_M,12,11,2.5,3.6980000000000075,1,2.0
117,ERROR_M,12,12,2.3659999999999854,4.4739999999999895,1,2.0
117,ERROR_M,12,13,2.030000000000001,6.366000000000014,1,2.0
117,ERROR_M,12,14,2.2299999999999898,3.2220000000000084,1,2.0
117,ERROR_M,12,15,2.01400000000001,4.079999999999984,1,2.0
117,ERROR_M,12,16,1.2620000000000005,0.030000000000001137,0,2.0
117,ERROR_M,12,17,0.10599999999999454,3.068000000000012,0,2.0
117,ERROR_M,12,18,2.009999999999991,7.018000000000001,1,2.0
117,ERROR_M,12,19,2.0120000000000005,2.6500000000000057,1,2.0
117,ERROR_M,12,20,2.304000000000002,4.858000000000004,1,2.0
117,ERROR_M,12,21,1.891999999999996,2.3700000000000045,0,2.0
117,ERROR_M,12,22,1.9939999999999998,6.305999999999983,0,2.0
117,ERROR_M,12,23,2.2960000000000207,7.359999999999985,1,2.0
117,ERROR_M,12,24,2.3739999999999952,8.00200000000001,1,2.0
117,ERROR_M,12,25,2.1839999999999975,4.436000000000007,1,2.0
117,ERROR_M,12,26,1.9539999999999793,5.378000000000014,0,2.0
117,ERROR_M,12,27,2.318000000000012,4.571999999999974,1,2.0
117,ERROR_M,12,28,2.2560000000000002,6.088000000000022,1,2.0
117,ERROR_M,12,29,2.274000000000001,6.703999999999979,1,2.0
117,ERROR_M,12,30,0.08400000000000318,0.009999999999990905,0,2.0
117,ERROR_M,12,31,0.1419999999999959,26.698000000000036,0,2.0
117,ERROR_M,12,32,2.359999999999957,8.456000000000017,1,2.0
117,ERROR_M,12,33,2.29200000000003,3.6399999999999864,1,2.0
117,ERROR_M,12,34,2.2959999999999923,4.386000000000024,1,2.0
117,ERROR_M,12,35,2.0819999999999936,3.145999999999958,1,2.0
117,ERROR_M,12,36,2.594000000000051,4.989999999999952,1,2.0
117,ERROR_M,12,37,1.9540000000000077,6.937999999999988,0,2.0
117,ERROR_M,12,38,2.5200000000000387,4.682000000000016,1,2.0
117,ERROR_M,12,39,0.031999999999982265,0.003999999999962256,0,2.0
117,ERROR_M,12,40,0.28400000000004866,73.072,0,2.0
117,ERROR_M,12,41,1.8239999999999554,5.581999999999994,0,2.0
117,ERROR_M,12,42,0.04600000000004911,0.007999999999981355,0,2.0
117,ERROR_M,12,43,0.053999999999973625,0.012000000000000455,0,2.0
117,ERROR_M,12,44,0.02400000000000091,23.05400000000003,0,2.0
117,ERROR_M,12,45,1.8199999999999932,7.2379999999999995,0,2.0
117,ERROR_M,12,46,0.02600000000001046,0.051999999999964075,0,2.0
117,ERROR_M,12,47,0.09400000000005093,9.535999999999945,0,2.0
117,ERROR_M,12,48,2.0100000000000477,2.7759999999999536,1,2.0
117,ERROR_M,12,49,2.098000000000013,4.52800000000002,1,2.0
117,ERROR_M,12,50,2.3419999999999845,3.1639999999999873,1,2.0
117,ERROR_M,12,51,2.27800000000002,5.228000000000009,1,2.0
117,ERROR_M,12,52,2.2579999999999814,4.283999999999992,1,2.0
117,ERROR_M,12,53,1.8620000000000232,4.649999999999977,0,2.0
117,ERROR_M,12,54,2.069999999999993,6.484000000000037,1,2.0
117,ERROR_M,12,55,1.9540000000000077,6.6679999999999495,0,2.0
117,ERROR_M,12,56,2.3419999999999845,2.9420000000000073,1,2.0
117,ERROR_M,12,57,2.546000000000049,5.351999999999975,1,2.0
117,ERROR_M,12,58,2.052000000000021,5.803999999999974,1,2.0
117,ERROR_M,12,59,2.048000000000002,7.225999999999999,1,2.0
117,ERROR_M,12,60,1.6940000000000737,7.94399999999996,0,2.0
117,ERROR_M,12,61,2.3479999999999563,8.416000000000054,1,2.0
117,ERROR_M,12,62,2.2519999999999527,4.6340000000000146,1,2.0
117,ERROR_M,12,63,1.8659999999999854,3.358000000000061,0,2.0
117,ERROR_M,12,64,2.562000000000012,7.323999999999955,1,2.0
117,ERROR_M,12,65,2.005999999999972,6.75,1,2.0
117,ERROR_M,12,66,1.8700000000000045,4.258000000000038,0,2.0
117,ERROR_M,12,67,0.049999999999954525,0.02800000000002001,0,2.0
117,ERROR_M,12,68,0.09000000000003183,23.384000000000015,0,2.0
117,ERROR_M,12,69,2.1299999999999955,288.39599999999996,1,2.0
117,ERROR_M,12,70,1.461999999999989,8.375999999999976,0,2.0
117,ERROR_M,12,71,1.9960000000000946,5.307999999999993,0,2.0
117,ERROR_M,12,72,2.2759999999999536,3.975999999999999,1,2.0
117,ERROR_M,12,73,2.0299999999999727,3.810000000000059,1,2.0
117,ERROR_M,12,74,2.0819999999999936,4.846000000000004,1,2.0
117,ERROR_M,12,75,1.7160000000000082,4.911999999999921,0,2.0
117,ERROR_M,12,76,1.7720000000000482,5.878000000000043,0,2.0
117,ERROR_M,12,77,2.0639999999999645,6.990000000000009,1,2.0
117,ERROR_M,12,78,1.9039999999999964,2.5799999999999272,0,2.0
117,ERROR_M,12,79,2.07000000000005,3.5299999999999727,1,2.0
117,ERROR_M,12,80,2.3559999999999945,4.2420000000000755,1,2.0
117,ERROR_M,12,81,2.0419999999999163,3.004000000000019,1,2.0
117,ERROR_M,12,82,2.461999999999989,5.80600000000004,1,2.0
117,ERROR_M,12,83,1.9260000000000446,6.333999999999946,0,2.0
117,ERROR_M,12,84,2.1000000000000227,3.7479999999999336,1,2.0
117,ERROR_M,12,85,2.3500000000000227,5.354000000000042,1,2.0
117,ERROR_M,12,86,2.5260000000000673,7.917999999999893,1,2.0
117,ERROR_M,12,87,1.8079999999999927,2.3920000000000528,0,2.0
117,ERROR_M,12,88,1.9400000000000546,7.677999999999884,0,2.0
117,ERROR_M,12,89,1.6759999999999309,4.942000000000007,0,2.0
117,ERROR_M,12,90,1.6720000000000255,2.956000000000131,0,2.0
117,ERROR_M,12,91,2.0299999999999727,4.745999999999867,1,2.0
117,ERROR_M,12,92,2.040000000000191,4.295999999999822,1,2.0
117,ERROR_M,12,93,1.9880000000000564,5.337999999999965,0,2.0
117,ERROR_M,12,94,1.9100000000000819,6.586000000000013,0,2.0
117,ERROR_M,12,95,1.9580000000000837,5.925999999999931,0,2.0
117,ERROR_M,12,96,2.122000000000071,7.031999999999925,1,2.0
117,ERROR_M,12,97,2.6019999999998618,7.292000000000144,1,2.0
117,ERROR_M,12,98,1.8559999999999945,18.374000000000024,0,2.0
117,ERROR_M,12,99,2.155999999999949,8.513999999999896,1,2.0
117,ERROR_M,12,100,1.6200000000001182,2.599999999999909,0,2.0
117,ERROR_M,12,101,1.8600000000001273,5.755999999999858,0,2.0
117,ERROR_M,12,102,1.9780000000000655,4.357999999999947,0,2.0
117,ERROR_M,12,103,2.0620000000001255,3.9139999999999873,1,2.0
117,ERROR_M,12,104,2.4279999999998836,4.872000000000071,1,2.0
117,ERROR_M,12,105,2.3559999999999945,3.844000000000051,1,2.0
117,ERROR_M,12,106,2.1879999999998745,5.386000000000195,1,2.0
117,ERROR_M,12,107,1.8839999999997872,6.682000000000016,0,2.0
117,ERROR_M,12,108,1.8759999999999764,3.650000000000091,0,2.0
117,ERROR_M,12,109,1.9839999999999236,7.36200000000008,0,2.0
117,ERROR_M,12,110,1.8759999999999764,4.662000000000035,0,2.0
117,ERROR_M,12,111,1.8959999999999582,4.0620000000001255,0,2.0
117,ERROR_M,12,112,2.27599999999984,6.1460000000001855,1,2.0
117,ERROR_M,12,113,1.8579999999999472,4.973999999999933,0,2.0
117,ERROR_M,12,114,1.7360000000001037,6.3659999999999854,0,2.0
117,ERROR_M,12,115,1.5979999999999563,297.57400000000007,0,2.0
117,ERROR_M,12,116,1.6399999999998727,7.632000000000062,0,2.0
117,ERROR_M,12,117,1.7739999999998872,2.2920000000001437,0,2.0
117,ERROR_M,12,118,1.9639999999999418,7.867999999999938,0,2.0
117,ERROR_M,12,119,1.961999999999989,5.3400000000001455,0,2.0
117,ERROR_M,12,120,1.9579999999998563,8.282000000000153,0,2.0
117,ERROR_M,12,121,1.8959999999999582,6.897999999999911,0,2.0
117,ERROR_M,12,122,1.990000000000009,4.203999999999951,0,2.0
117,ERROR_M,12,123,1.900000000000091,6.614000000000033,0,2.0
117,ERROR_M,12,124,1.7819999999999254,6.932000000000016,0,2.0
117,ERROR_M,12,125,2.3220000000001164,7.955999999999904,1,2.0
117,ERROR_M,12,126,1.7059999999999036,7.650000000000091,0,2.0
117,ERROR_M,12,127,2.201999999999998,7.410000000000082,1,2.0
117,ERROR_M,12,128,2.0299999999999727,71.26800000000003,1,2.0
117,ERROR_M,12,129,1.83199999999988,2.994000000000142,0,2.0
117,ERROR_M,12,130,0.057999999999992724,0.007999999999810825,0,2.0
117,ERROR_M,12,131,0.4860000000001037,11.700000000000045,0,2.0
117,ERROR_M,12,132,1.9959999999998672,4.358000000000175,0,2.0
117,ERROR_M,12,133,1.8139999999998508,4.905999999999949,0,2.0
117,ERROR_M,12,134,2.0900000000001455,3.5960000000000036,1,2.0
117,ERROR_M,12,135,1.6759999999999309,8.450000000000045,0,2.0
117,ERROR_M,12,136,2.1359999999999673,5.8840000000000146,1,2.0
117,ERROR_M,12,137,2.321999999999889,4.718000000000075,1,2.0
117,ERROR_M,12,138,1.8040000000000873,5.94399999999996,0,2.0
117,ERROR_M,12,139,2.094000000000051,4.8819999999998345,1,2.0
117,ERROR_M,12,140,1.9420000000000073,5.336000000000013,0,2.0
117,ERROR_M,12,141,1.6660000000001673,6.333999999999833,0,2.0
117,ERROR_M,12,142,1.6000000000001364,4.635999999999967,0,2.0
117,ERROR_M,12,143,2.122000000000071,5.067999999999984,1,2.0
117,ERROR_M,12,144,2.048000000000002,5.7439999999999145,1,2.0
117,ERROR_M,12,145,1.7619999999999436,40.96600000000012,0,2.0
117,ERROR_M,12,146,1.2139999999999418,6.375999999999976,0,2.0
117,ERROR_M,12,147,1.8040000000000873,6.933999999999969,0,2.0
117,ERROR_M,12,148,2.117999999999938,7.766000000000076,1,2.0
117,ERROR_M,12,149,1.4099999999998545,7.964000000000169,0,2.0
117,ERROR_M,12,150,2.377999999999929,8.417999999999893,1,2.0
117,ERROR_M,12,151,1.872000000000071,3.367999999999938,0,2.0
117,ERROR_M,12,152,1.7140000000001692,2.935999999999922,0,2.0
117,ERROR_M,12,153,2.2000000000000455,4.488000000000056,1,2.0
117,ERROR_M,12,154,2.3179999999999836,6.149999999999864,1,2.0
117,ERROR_M,12,155,1.7560000000000855,5.314000000000078,0,2.0
117,ERROR_M,12,156,1.8259999999997945,51.264000000000124,0,2.0
117,ERROR_M,12,157,2.1520000000000437,7.490000000000009,1,2.0
117,ERROR_M,12,158,1.6199999999998909,2.3600000000001273,0,2.0
117,ERROR_M,12,159,1.9739999999999327,2.617999999999938,0,2.0
117,ERROR_M,12,160,2.1620000000000346,4.592000000000098,1,2.0
117,ERROR_M,12,161,2.043999999999869,11.583999999999833,1,2.0
117,ERROR_M,12,162,1.7340000000003783,7.339999999999691,0,2.0
117,ERROR_M,12,163,1.9480000000003201,7.651999999999589,0,2.0
117,ERROR_M,12,164,1.7760000000002947,7.938000000000102,0,2.0
117,ERROR_M,12,165,1.7459999999996398,8.384000000000015,0,2.0
117,ERROR_M,12,166,2.2760000000002947,5.7199999999998,1,2.0
117,ERROR_M,12,167,2.300000000000182,3.145999999999731,1,2.0
117,ERROR_M,12,168,2.150000000000091,3.950000000000273,1,2.0
117,ERROR_M,12,169,1.63799999999992,4.403999999999996,0,2.0
117,ERROR_M,12,170,1.8579999999997199,7.468000000000302,0,2.0
117,ERROR_M,12,171,2.382000000000062,3.0599999999999454,1,2.0
117,ERROR_M,12,172,1.931999999999789,6.050000000000182,0,2.0
117,ERROR_M,12,173,1.643999999999778,5.468000000000302,0,2.0
117,ERROR_M,12,174,2.1159999999999854,4.195999999999913,1,2.0
117,ERROR_M,12,175,2.119999999999891,15.005999999999858,1,2.0
117,ERROR_M,12,176,2.1480000000001382,3.9699999999998,1,2.0
117,ERROR_M,12,177,2.3400000000001455,6.72400000000016,1,2.0
117,ERROR_M,12,178,2.1720000000000255,8.065999999999804,1,2.0
117,ERROR_M,12,179,2.2600000000002183,5.25,1,2.0
117,ERROR_M,12,180,1.7699999999999818,8.961999999999989,0,2.0
117,ERROR_M,12,181,2.031999999999698,5.656000000000404,1,2.0
117,ERROR_M,12,182,1.7899999999999636,4.963999999999942,0,2.0
117,ERROR_M,12,183,1.987999999999829,6.9099999999998545,0,2.0
117,ERROR_M,12,184,2.1080000000001746,6.519999999999982,1,2.0
117,ERROR_M,12,185,1.461999999999989,2.400000000000091,0,2.0
117,ERROR_M,12,186,1.7420000000001892,3.0599999999999454,0,2.0
117,ERROR_M,12,187,2.1119999999996253,5.828000000000429,1,2.0
117,ERROR_M,12,188,1.6239999999997963,4.36200000000008,0,2.0
117,ERROR_M,12,189,1.8800000000001091,7.346000000000004,0,2.0
117,ERROR_M,12,190,2.25,7.935999999999694,1,2.0
117,ERROR_M,12,191,2.08600000000024,4.7280000000000655,1,2.0
117,ERROR_M,12,192,1.7859999999996035,5.08600000000024,0,2.0
117,ERROR_M,12,193,2.0239999999998872,4.220000000000255,1,2.0
117,ERROR_M,12,194,1.881999999999607,6.0340000000001055,0,2.0
117,ERROR_M,12,195,2.0,4.006000000000313,0,2.0
117,ERROR_M,12,196,1.9959999999996398,439.18200000000024,0,2.0
117,ERROR_M,12,197,2.91399999999976,7.968000000000302,1,2.0
117,ERROR_M,12,198,2.05199999999968,3.768000000000029,1,2.0
117,ERROR_M,12,199,2.0820000000003347,6.7479999999995925,1,2.0
117,ERROR_M,12,200,1.6920000000000073,4.956000000000131,0,2.0
117,ERROR_M,12,201,2.5419999999999163,5.903999999999996,1,2.0
117,ERROR_M,12,202,2.106000000000222,6.983999999999924,1,2.0
117,ERROR_M,12,203,0.052000000000134605,0.057999999999992724,0,2.0
117,ERROR_M,12,204,0.09799999999995634,9.054000000000087,0,2.0
117,ERROR_M,12,205,2.019999999999982,7.757999999999811,1,2.0
117,ERROR_M,12,206,2.1159999999999854,8.046000000000276,1,2.0
117,ERROR_M,12,207,2.13799999999992,7.1039999999998145,1,2.0
117,ERROR_M,12,208,1.7040000000001783,8.364000000000033,0,2.0
117,ERROR_M,12,209,1.781999999999698,4.69399999999996,0,2.0
117,ERROR_M,12,210,2.468000000000302,4.019999999999982,1,2.0
117,ERROR_M,12,211,1.5760000000000218,4.02599999999984,0,2.0
117,ERROR_M,12,212,1.9299999999998363,2.950000000000273,0,2.0
117,ERROR_M,12,213,1.9859999999998763,3.6520000000000437,0,2.0
117,ERROR_M,12,214,1.900000000000091,5.311999999999898,0,2.0
117,ERROR_M,12,215,2.3600000000001273,3.487999999999829,1,2.0
117,ERROR_M,12,216,1.5779999999999745,2.3460000000000036,0,2.0
117,ERROR_M,12,217,2.4479999999998654,4.557999999999993,1,2.0
117,ERROR_M,12,218,2.2080000000000837,6.405999999999949,1,2.0
117,ERROR_M,12,219,2.1159999999999854,8.228000000000065,1,2.0
117,ERROR_M,12,220,1.8540000000002692,4.005999999999858,0,2.0
117,ERROR_M,12,221,2.0920000000000982,6.150000000000091,1,2.0
117,ERROR_M,12,222,1.8299999999999272,3.344000000000051,0,2.0
117,ERROR_M,12,223,2.6900000000000546,2.7039999999997235,1,2.0
117,ERROR_M,12,224,1.9360000000001492,5.3659999999999854,0,2.0
117,ERROR_M,12,225,2.5279999999997926,,1,2.0
117,ERROR_M,13,1,2.770000000000003,6.8459999999999965,1,2.0
117,ERROR_M,13,2,2.038000000000004,3.367999999999995,1,2.0
117,ERROR_M,13,3,1.5960000000000036,3.597999999999999,0,2.0
117,ERROR_M,13,4,2.107999999999997,6.672000000000004,1,2.0
117,ERROR_M,13,5,2.2139999999999986,7.383999999999993,1,2.0
117,ERROR_M,13,6,1.9220000000000113,7.640000000000001,0,2.0
117,ERROR_M,13,7,2.1779999999999973,8.031999999999996,1,2.0
117,ERROR_M,13,8,1.9159999999999968,5.826000000000008,0,2.0
117,ERROR_M,13,9,0.057999999999992724,0.04800000000000182,0,2.0
117,ERROR_M,13,10,0.06199999999999761,11.936000000000007,0,2.0
117,ERROR_M,13,11,2.206000000000003,5.402000000000001,1,2.0
117,ERROR_M,13,12,2.1599999999999966,6.387999999999991,1,2.0
117,ERROR_M,13,13,2.0020000000000095,2.730000000000004,1,2.0
117,ERROR_M,13,14,1.921999999999997,4.304000000000002,0,2.0
117,ERROR_M,13,15,2.1119999999999948,2.568000000000012,1,2.0
117,ERROR_M,13,16,2.569999999999993,4.623999999999995,1,2.0
117,ERROR_M,13,17,2.009999999999991,4.01400000000001,1,2.0
117,ERROR_M,13,18,2.1680000000000064,3.069999999999993,1,2.0
117,ERROR_M,13,19,2.475999999999999,4.97999999999999,1,2.0
117,ERROR_M,13,20,1.9540000000000077,5.632000000000005,0,2.0
117,ERROR_M,13,21,1.9979999999999905,4.294000000000011,0,2.0
117,ERROR_M,13,22,2.0379999999999825,5.436000000000007,1,2.0
117,ERROR_M,13,23,2.210000000000008,5.006,1,2.0
117,ERROR_M,13,24,2.1599999999999966,4.098000000000013,1,2.0
117,ERROR_M,13,25,2.0,5.7339999999999804,0,2.0
117,ERROR_M,13,26,2.0720000000000027,6.610000000000014,1,2.0
117,ERROR_M,13,27,0.04999999999998295,0.0020000000000095497,0,2.0
117,ERROR_M,13,28,0.09399999999999409,20.872000000000014,0,2.0
117,ERROR_M,13,29,2.103999999999985,3.1239999999999952,1,2.0
117,ERROR_M,13,30,1.8900000000000148,2.3479999999999848,0,2.0
117,ERROR_M,13,31,1.7820000000000107,5.912000000000006,0,2.0
117,ERROR_M,13,32,2.0160000000000196,2.8139999999999645,1,2.0
117,ERROR_M,13,33,2.062000000000012,6.435999999999979,1,2.0
117,ERROR_M,13,34,2.0720000000000027,7.406000000000006,1,2.0
117,ERROR_M,13,35,2.0439999999999827,4.7520000000000095,1,2.0
117,ERROR_M,13,36,2.0860000000000127,7.745999999999981,1,2.0
117,ERROR_M,13,37,2.1580000000000155,8.057999999999993,1,2.0
117,ERROR_M,13,38,1.8140000000000214,8.300000000000011,0,2.0
117,ERROR_M,13,39,0.02600000000001046,0.057999999999992724,0,2.0
117,ERROR_M,13,40,0.06199999999995498,6.508000000000038,0,2.0
117,ERROR_M,13,41,1.9279999999999973,3.339999999999975,0,2.0
117,ERROR_M,13,42,2.0360000000000014,7.663999999999987,1,2.0
117,ERROR_M,13,43,2.0200000000000387,6.425999999999988,1,2.0
117,ERROR_M,13,44,2.3100000000000023,7.0260000000000105,1,2.0
117,ERROR_M,13,45,2.137999999999977,2.7460000000000377,1,2.0
117,ERROR_M,13,46,2.283999999999992,8.041999999999973,1,2.0
117,ERROR_M,13,47,2.555999999999983,4.374000000000024,1,2.0
117,ERROR_M,13,48,2.509999999999991,8.341999999999985,1,2.0
117,ERROR_M,13,49,1.9420000000000073,3.6620000000000346,0,2.0
117,ERROR_M,13,50,2.551999999999964,3.915999999999997,1,2.0
117,ERROR_M,13,51,1.8280000000000314,4.903999999999996,0,2.0
117,ERROR_M,13,52,2.269999999999982,5.701999999999998,1,2.0
117,ERROR_M,13,53,2.132000000000005,3.7660000000000196,1,2.0
117,ERROR_M,13,54,1.990000000000009,2.6899999999999977,0,2.0
117,ERROR_M,13,55,1.8999999999999773,2.9879999999999995,0,2.0
117,ERROR_M,13,56,2.0819999999999936,4.771999999999991,1,2.0
117,ERROR_M,13,57,0.05200000000002092,0.007999999999981355,0,2.0
117,ERROR_M,13,58,0.25200000000000955,46.02800000000002,0,2.0
117,ERROR_M,13,59,0.02400000000000091,0.02199999999999136,0,2.0
117,ERROR_M,13,60,0.11200000000002319,44.44799999999998,0,2.0
117,ERROR_M,13,61,2.316000000000031,6.005999999999972,1,2.0
117,ERROR_M,13,62,1.6319999999999482,7.296000000000049,0,2.0
117,ERROR_M,13,63,2.1019999999999754,5.426000000000045,1,2.0
117,ERROR_M,13,64,1.97199999999998,4.628000000000043,0,2.0
117,ERROR_M,13,65,2.0599999999999454,5.740000000000009,1,2.0
117,ERROR_M,13,66,2.1240000000000236,6.381999999999948,1,2.0
117,ERROR_M,13,67,1.9279999999999973,2.9820000000000846,0,2.0
117,ERROR_M,13,68,2.1299999999999955,4.645999999999958,1,2.0
117,ERROR_M,13,69,1.9220000000000255,2.423999999999978,0,2.0
117,ERROR_M,13,70,2.076000000000022,4.155999999999949,1,2.0
117,ERROR_M,13,71,2.2060000000000173,4.572000000000003,1,2.0
117,ERROR_M,13,72,1.8379999999999654,6.009999999999991,0,2.0
117,ERROR_M,13,73,2.2180000000000746,4.267999999999915,1,2.0
117,ERROR_M,13,74,2.3319999999999936,3.2120000000001028,1,2.0
117,ERROR_M,13,75,2.5079999999999245,4.9780000000000655,1,2.0
117,ERROR_M,13,76,2.155999999999949,7.057999999999993,1,2.0
117,ERROR_M,13,77,2.1539999999999964,6.800000000000068,1,2.0
117,ERROR_M,13,78,1.8299999999999272,7.3799999999999955,0,2.0
117,ERROR_M,13,79,1.8700000000000045,7.628000000000043,0,2.0
117,ERROR_M,13,80,2.433999999999969,7.98599999999999,1,2.0
117,ERROR_M,13,81,2.538000000000011,8.33400000000006,1,2.0
117,ERROR_M,13,82,2.099999999999909,3.5,1,2.0
117,ERROR_M,13,83,2.225999999999999,4.3799999999999955,1,2.0
117,ERROR_M,13,84,1.7980000000000018,119.45400000000006,0,2.0
117,ERROR_M,13,85,2.6539999999999964,6.340000000000032,1,2.0
117,ERROR_M,13,86,2.0879999999999654,6.716000000000008,1,2.0
117,ERROR_M,13,87,1.768000000000029,7.331999999999994,0,2.0
117,ERROR_M,13,88,2.197999999999979,4.730000000000018,1,2.0
117,ERROR_M,13,89,2.0819999999999936,8.024000000000001,1,2.0
117,ERROR_M,13,90,1.8940000000000055,2.3239999999999554,0,2.0
117,ERROR_M,13,91,2.0019999999999527,5.094000000000051,1,2.0
117,ERROR_M,13,92,1.9420000000000073,5.72199999999998,0,2.0
117,ERROR_M,13,93,2.2200000000000273,7.117999999999938,1,2.0
117,ERROR_M,13,94,1.7840000000001055,4.383999999999901,0,2.0
117,ERROR_M,13,95,2.2800000000000864,4.791999999999916,1,2.0
117,ERROR_M,13,96,2.1660000000000537,6.176000000000045,1,2.0
117,ERROR_M,13,97,2.048000000000002,7.941999999999894,1,2.0
117,ERROR_M,13,98,1.6680000000000064,8.416000000000054,0,2.0
117,ERROR_M,13,99,2.552000000000021,3.269999999999982,1,2.0
117,ERROR_M,13,100,2.282000000000039,4.209999999999923,1,2.0
117,ERROR_M,13,101,2.0860000000000127,7.132000000000062,1,2.0
117,ERROR_M,13,102,2.2159999999998945,7.86200000000008,1,2.0
117,ERROR_M,13,103,2.353999999999928,8.354000000000042,1,2.0
117,ERROR_M,13,104,2.358000000000061,7.067999999999984,1,2.0
117,ERROR_M,13,105,2.171999999999912,822.8480000000001,1,2.0
117,ERROR_M,13,106,2.6140000000000327,4.927999999999884,1,2.0
117,ERROR_M,13,107,0.2039999999999509,0.02200000000016189,0,2.0
117,ERROR_M,13,108,0.19000000000005457,12.801999999999907,0,2.0
117,ERROR_M,13,109,1.7560000000000855,7.309999999999945,0,2.0
117,ERROR_M,13,110,1.6620000000000346,2.7619999999999436,0,2.0
117,ERROR_M,13,111,2.0399999999999636,5.05600000000004,1,2.0
117,ERROR_M,13,112,2.043999999999869,4.794000000000096,1,2.0
117,ERROR_M,13,113,1.8659999999999854,3.5960000000000036,0,2.0
117,ERROR_M,13,114,2.0499999999999545,4.180000000000064,1,2.0
117,ERROR_M,13,115,1.8859999999999673,3.994000000000142,0,2.0
117,ERROR_M,13,116,2.1059999999999945,5.649999999999864,1,2.0
117,ERROR_M,13,117,2.5299999999999727,5.632000000000062,1,2.0
117,ERROR_M,13,118,2.147999999999911,6.3120000000001255,1,2.0
117,ERROR_M,13,119,1.9139999999999873,4.423999999999978,0,2.0
117,ERROR_M,13,120,2.3559999999999945,6.746000000000095,1,2.0
117,ERROR_M,13,121,2.005999999999858,4.892000000000053,1,2.0
117,ERROR_M,13,122,2.0319999999999254,11.160000000000082,1,2.0
117,ERROR_M,13,123,2.0239999999998872,,1,2.0
117,ERROR_M,14,1,0.45800000000000196,23.722,0,2.0
117,ERROR_M,14,2,1.6359999999999957,3.9380000000000024,0,2.0
117,ERROR_M,14,3,1.823999999999998,4.803999999999995,0,2.0
117,ERROR_M,14,4,2.2820000000000107,5.35199999999999,1,2.0
117,ERROR_M,14,5,0.02600000000001046,0.018000000000000682,0,2.0
117,ERROR_M,14,6,0.08399999999998897,13.980000000000004,0,2.0
117,ERROR_M,14,7,2.1159999999999997,7.372,1,2.0
117,ERROR_M,14,8,1.597999999999999,2.695999999999998,0,2.0
117,ERROR_M,14,9,1.7460000000000093,7.599999999999994,0,2.0
117,ERROR_M,14,10,2.219999999999999,7.978000000000009,1,2.0
117,ERROR_M,14,11,2.043999999999997,8.433999999999997,1,2.0
117,ERROR_M,14,12,1.7820000000000107,5.572000000000003,0,2.0
117,ERROR_M,14,13,2.049999999999983,3.430000000000007,1,2.0
117,ERROR_M,14,14,1.8899999999999864,3.5940000000000225,0,2.0
117,ERROR_M,14,15,2.165999999999997,6.025999999999982,1,2.0
117,ERROR_M,14,16,2.1599999999999966,6.728000000000009,1,2.0
117,ERROR_M,14,17,1.8979999999999961,4.632000000000005,0,2.0
117,ERROR_M,14,18,1.9140000000000157,2.969999999999999,0,2.0
117,ERROR_M,14,19,2.0600000000000023,4.4199999999999875,1,2.0
117,ERROR_M,14,20,2.2560000000000002,6.3700000000000045,1,2.0
117,ERROR_M,14,21,1.8479999999999848,5.610000000000014,0,2.0
117,ERROR_M,14,22,1.8419999999999845,4.6200000000000045,0,2.0
117,ERROR_M,14,23,0.038000000000010914,0.013999999999981583,0,2.0
117,ERROR_M,14,24,0.15800000000001546,37.626000000000005,0,2.0
117,ERROR_M,14,25,1.7620000000000005,4.265999999999991,0,2.0
117,ERROR_M,14,26,2.0120000000000005,2.494000000000028,1,2.0
117,ERROR_M,14,27,1.7759999999999536,5.228000000000009,0,2.0
117,ERROR_M,14,28,0.02400000000000091,0.014000000000010004,0,2.0
117,ERROR_M,14,29,0.06799999999998363,8.28000000000003,0,2.0
117,ERROR_M,14,30,2.0539999999999736,3.4680000000000177,1,2.0
117,ERROR_M,14,31,2.362000000000023,5.975999999999999,1,2.0
117,ERROR_M,14,32,1.9779999999999518,6.900000000000034,0,2.0
117,ERROR_M,14,33,2.098000000000013,3.0600000000000023,1,2.0
117,ERROR_M,14,34,2.283999999999992,7.75,1,2.0
117,ERROR_M,14,35,1.70799999999997,2.730000000000018,0,2.0
117,ERROR_M,14,36,1.961999999999989,7.283999999999992,0,2.0
117,ERROR_M,14,37,2.0200000000000387,8.065999999999974,1,2.0
117,ERROR_M,14,38,1.891999999999996,8.254000000000019,0,2.0
117,ERROR_M,14,39,1.98599999999999,4.954000000000008,0,2.0
117,ERROR_M,14,40,1.9559999999999604,3.9879999999999995,0,2.0
117,ERROR_M,14,41,2.2240000000000464,3.73599999999999,1,2.0
117,ERROR_M,14,42,2.1539999999999964,3.480000000000018,1,2.0
117,ERROR_M,14,43,1.877999999999986,4.317999999999984,0,2.0
117,ERROR_M,14,44,2.0079999999999814,4.748000000000047,1,2.0
117,ERROR_M,14,45,2.225999999999999,7.036000000000001,1,2.0
117,ERROR_M,14,46,2.027999999999963,8.04000000000002,1,2.0
117,ERROR_M,14,47,1.815999999999974,4.924000000000035,0,2.0
117,ERROR_M,14,48,1.6459999999999582,5.316000000000031,0,2.0
117,ERROR_M,14,49,1.9279999999999973,8.310000000000002,0,2.0
117,ERROR_M,14,50,1.8799999999999955,6.579999999999984,0,2.0
117,ERROR_M,14,51,2.069999999999993,3.0960000000000036,1,2.0
117,ERROR_M,14,52,1.8760000000000332,5.966000000000008,0,2.0
117,ERROR_M,14,53,1.6899999999999977,6.463999999999999,0,2.0
117,ERROR_M,14,54,1.9259999999999877,2.329999999999984,0,2.0
117,ERROR_M,14,55,0.036000000000001364,0.01999999999998181,0,2.0
117,ERROR_M,14,56,0.1500000000000341,48.646000000000015,0,2.0
117,ERROR_M,14,57,1.8599999999999568,5.601999999999975,0,2.0
117,ERROR_M,14,58,2.078000000000088,4.039999999999964,1,2.0
117,ERROR_M,14,59,2.3279999999999745,2.8500000000000227,1,2.0
117,ERROR_M,14,60,2.0539999999999736,7.447999999999979,1,2.0
117,ERROR_M,14,61,1.7980000000000018,3.7000000000000455,0,2.0
117,ERROR_M,14,62,1.8479999999999563,4.61200000000008,0,2.0
117,ERROR_M,14,63,2.1779999999999973,3.5319999999999254,1,2.0
117,ERROR_M,14,64,2.580000000000041,5.330000000000041,1,2.0
117,ERROR_M,14,65,2.0879999999999654,7.005999999999972,1,2.0
117,ERROR_M,14,66,1.9200000000000728,6.3139999999999645,0,2.0
117,ERROR_M,14,67,2.1240000000000236,2.7659999999999627,1,2.0
117,ERROR_M,14,68,2.0579999999999927,3.92999999999995,1,2.0
117,ERROR_M,14,69,2.6299999999999955,6.710000000000036,1,2.0
117,ERROR_M,14,70,2.032000000000039,5.081999999999994,1,2.0
117,ERROR_M,14,71,2.3999999999999773,2.8780000000000427,1,2.0
117,ERROR_M,14,72,0.8159999999999172,0.004000000000019099,0,2.0
117,ERROR_M,14,73,0.2300000000000182,8.518000000000029,0,2.0
117,ERROR_M,14,74,1.788000000000011,7.611999999999966,0,2.0
117,ERROR_M,14,75,2.3719999999999573,8.054000000000087,1,2.0
117,ERROR_M,14,76,1.6499999999999773,4.01400000000001,0,2.0
117,ERROR_M,14,77,2.0399999999999636,6.046000000000049,1,2.0
117,ERROR_M,14,78,1.8979999999999109,8.358000000000061,0,2.0
117,ERROR_M,14,79,2.197999999999979,5.682000000000016,1,2.0
117,ERROR_M,14,80,2.230000000000018,4.433999999999969,1,2.0
117,ERROR_M,14,81,1.731999999999971,4.460000000000036,0,2.0
117,ERROR_M,14,82,2.3039999999999736,3.933999999999969,1,2.0
117,ERROR_M,14,83,2.108000000000061,4.741999999999962,1,2.0
117,ERROR_M,14,84,2.1700000000000728,4.809999999999945,1,2.0
117,ERROR_M,14,85,1.9279999999999973,221.00599999999997,0,2.0
117,ERROR_M,14,86,1.4800000000000182,8.365999999999985,0,2.0
117,ERROR_M,14,87,1.8000000000000682,2.3079999999999927,0,2.0
117,ERROR_M,14,88,0.07399999999995543,0.008000000000038199,0,2.0
117,ERROR_M,14,89,0.17200000000002547,9.241999999999962,0,2.0
117,ERROR_M,14,90,2.0639999999999645,5.98599999999999,1,2.0
117,ERROR_M,14,91,1.9600000000000364,6.608000000000061,0,2.0
117,ERROR_M,14,92,2.173999999999978,4.754000000000019,1,2.0
117,ERROR_M,14,93,2.169999999999959,2.961999999999989,1,2.0
117,ERROR_M,14,94,2.727999999999952,7.912000000000035,1,2.0
117,ERROR_M,14,95,2.1359999999999673,3.080000000000041,1,2.0
117,ERROR_M,14,96,2.3460000000000036,4.108000000000061,1,2.0
117,ERROR_M,14,97,2.325999999999908,5.522000000000048,1,2.0
117,ERROR_M,14,98,1.9360000000000355,5.3940000000000055,0,2.0
117,ERROR_M,14,99,2.0439999999999827,5.724000000000046,1,2.0
117,ERROR_M,14,100,1.9379999999998745,7.3279999999999745,0,2.0
117,ERROR_M,14,101,2.4580000000000837,7.619999999999891,1,2.0
117,ERROR_M,14,102,2.4120000000000346,4.77800000000002,1,2.0
117,ERROR_M,14,103,2.132000000000062,5.185999999999922,1,2.0
117,ERROR_M,14,104,2.4760000000001128,3.1440000000000055,1,2.0
117,ERROR_M,14,105,2.0579999999999927,5.1599999999998545,1,2.0
117,ERROR_M,14,106,1.6820000000000164,5.960000000000036,0,2.0
117,ERROR_M,14,107,2.0799999999999272,6.440000000000055,1,2.0
117,ERROR_M,14,108,2.0620000000001255,3.566000000000031,1,2.0
117,ERROR_M,14,109,1.4459999999999127,6.711999999999989,0,2.0
117,ERROR_M,14,110,2.0679999999999836,7.72199999999998,1,2.0
117,ERROR_M,14,111,1.8220000000001164,1205.838,0,2.0
117,ERROR_M,14,112,1.4899999999997817,3.83600000000024,0,2.0
117,ERROR_M,14,113,1.6539999999999964,5.552000000000135,0,2.0
117,ERROR_M,14,114,1.7559999999998581,7.940000000000055,0,2.0
117,ERROR_M,14,115,2.2280000000000655,3.455999999999676,1,2.0
117,ERROR_M,14,116,2.076000000000022,8.519999999999982,1,2.0
117,ERROR_M,14,117,2.0399999999999636,7.026000000000295,1,2.0
117,ERROR_M,14,118,2.074000000000069,5.529999999999745,1,2.0
117,ERROR_M,14,119,1.9679999999998472,4.33600000000024,0,2.0
117,ERROR_M,14,120,2.1080000000001746,26.743999999999687,1,2.0
117,ERROR_M,14,121,2.05600000000004,7.182000000000244,1,2.0
117,ERROR_M,14,122,1.9839999999999236,7.248000000000047,0,2.0
117,ERROR_M,14,123,1.9359999999996944,7.635999999999967,0,2.0
117,ERROR_M,14,124,1.9460000000003674,13.355999999999767,0,2.0
117,ERROR_M,14,125,0.15799999999990177,0.03600000000005821,0,2.0
117,ERROR_M,14,126,0.8920000000002801,,0,2.0
118,ERROR_M,1,1,1.3319999999999972,3.7040000000000006,0,2.0
118,ERROR_M,1,2,1.8719999999999999,7.9780000000000015,0,2.0
118,ERROR_M,1,3,2.043999999999997,8.478000000000002,1,2.0
118,ERROR_M,1,4,2.2240000000000038,5.945999999999991,1,2.0
118,ERROR_M,1,5,2.3460000000000036,3.010000000000005,1,2.0
118,ERROR_M,1,6,1.9740000000000038,4.477999999999994,0,2.0
118,ERROR_M,1,7,2.3059999999999974,6.603999999999999,1,2.0
118,ERROR_M,1,8,2.332000000000008,2.8459999999999894,1,2.0
118,ERROR_M,1,9,1.3940000000000055,0.012000000000000455,0,2.0
118,ERROR_M,1,10,1.1099999999999994,18.408,0,2.0
118,ERROR_M,1,11,2.584000000000003,7.0859999999999985,1,2.0
118,ERROR_M,1,12,2.103999999999999,3.4200000000000017,1,2.0
118,ERROR_M,1,13,1.9740000000000038,7.475999999999999,0,2.0
118,ERROR_M,1,14,2.1059999999999945,4.7379999999999995,1,2.0
118,ERROR_M,1,15,1.8700000000000045,8.852000000000004,0,2.0
118,ERROR_M,1,16,1.681999999999988,8.174000000000007,0,2.0
118,ERROR_M,1,17,2.133999999999986,6.1440000000000055,1,2.0
118,ERROR_M,1,18,2.186000000000007,4.364000000000004,1,2.0
118,ERROR_M,1,19,0.28600000000000136,8.555999999999983,0,2.0
118,ERROR_M,1,20,2.2139999999999986,6.956000000000017,1,2.0
118,ERROR_M,1,21,2.415999999999997,3.780000000000001,1,2.0
118,ERROR_M,1,22,2.3019999999999925,5.602000000000004,1,2.0
118,ERROR_M,1,23,0.32200000000000273,25.039999999999992,0,2.0
118,ERROR_M,1,24,2.0320000000000107,3.3619999999999948,1,2.0
118,ERROR_M,1,25,2.490000000000009,7.347999999999985,1,2.0
118,ERROR_M,1,26,2.5,7.653999999999996,1,2.0
118,ERROR_M,1,27,2.5,7.966000000000008,1,2.0
118,ERROR_M,1,28,2.475999999999999,8.401999999999987,1,2.0
118,ERROR_M,1,29,2.7340000000000373,5.767999999999972,1,2.0
118,ERROR_M,1,30,2.3999999999999773,2.6480000000000246,1,2.0
118,ERROR_M,1,31,3.420000000000016,3.995999999999981,1,2.0
118,ERROR_M,1,32,2.0260000000000105,5.089999999999975,1,2.0
118,ERROR_M,1,33,3.164000000000044,2.3999999999999773,1,2.0
118,ERROR_M,1,34,2.8319999999999936,6.910000000000025,1,2.0
118,ERROR_M,1,35,2.127999999999986,3.4839999999999804,1,2.0
118,ERROR_M,1,36,2.396000000000015,4.812000000000012,1,2.0
118,ERROR_M,1,37,2.0819999999999936,7.545999999999992,1,2.0
118,ERROR_M,1,38,2.1159999999999854,6.213999999999999,1,2.0
118,ERROR_M,1,39,1.7940000000000396,4.765999999999963,0,2.0
118,ERROR_M,1,40,2.2560000000000286,5.8559999999999945,1,2.0
118,ERROR_M,1,41,2.0079999999999814,3.5860000000000127,1,2.0
118,ERROR_M,1,42,2.2339999999999804,6.902000000000044,1,2.0
118,ERROR_M,1,43,2.655999999999949,8.04400000000004,1,2.0
118,ERROR_M,1,44,2.4639999999999986,6.817999999999984,1,2.0
118,ERROR_M,1,45,2.2560000000000286,8.635999999999967,1,2.0
118,ERROR_M,1,46,2.576000000000022,5.231999999999971,1,2.0
118,ERROR_M,1,47,2.54200000000003,2.76400000000001,1,2.0
118,ERROR_M,1,48,3.127999999999986,2.867999999999995,1,2.0
118,ERROR_M,1,49,3.137999999999977,4.426000000000045,1,2.0
118,ERROR_M,1,50,3.187999999999988,6.288000000000011,1,2.0
118,ERROR_M,1,51,3.6479999999999677,10.848000000000013,1,2.0
118,ERROR_M,1,52,2.598000000000013,2.94399999999996,1,2.0
118,ERROR_M,1,53,2.2240000000000464,5.4879999999999995,1,2.0
118,ERROR_M,1,54,2.2999999999999545,7.414000000000044,1,2.0
118,ERROR_M,1,55,1.9559999999999604,6.021999999999991,0,2.0
118,ERROR_M,1,56,1.886000000000024,8.684000000000026,0,2.0
118,ERROR_M,1,57,2.241999999999962,5.079999999999984,1,2.0
118,ERROR_M,1,58,3.009999999999991,4.086000000000013,1,2.0
118,ERROR_M,1,59,2.7520000000000664,5.139999999999986,1,2.0
118,ERROR_M,1,60,2.230000000000018,4.7719999999999345,1,2.0
118,ERROR_M,1,61,2.3559999999999945,6.706000000000017,1,2.0
118,ERROR_M,1,62,2.024000000000001,2.475999999999999,1,2.0
118,ERROR_M,1,63,2.6119999999999663,6.732000000000085,1,2.0
118,ERROR_M,1,64,2.6019999999999754,5.885999999999967,1,2.0
118,ERROR_M,1,65,2.830000000000041,5.697999999999979,1,2.0
118,ERROR_M,1,66,3.0860000000000127,6.377999999999929,1,2.0
118,ERROR_M,1,67,2.716000000000008,7.372000000000071,1,2.0
118,ERROR_M,1,68,2.6359999999999673,4.484000000000037,1,2.0
118,ERROR_M,1,69,2.730000000000018,3.94399999999996,1,2.0
118,ERROR_M,1,70,3.0960000000000036,4.991999999999962,1,2.0
118,ERROR_M,1,71,3.2380000000000564,3.6680000000000064,1,2.0
118,ERROR_M,1,72,2.7859999999999445,7.416000000000054,1,2.0
118,ERROR_M,1,73,3.1539999999999964,7.815999999999917,1,2.0
118,ERROR_M,1,74,3.298000000000002,8.09800000000007,1,2.0
118,ERROR_M,1,75,1.490000000000009,0.02800000000002001,0,2.0
118,ERROR_M,1,76,0.69399999999996,23.64199999999994,0,2.0
118,ERROR_M,1,77,3.588000000000079,2.7239999999999327,1,2.0
118,ERROR_M,1,78,0.40000000000009095,0.08399999999994634,0,2.0
118,ERROR_M,1,79,0.6900000000000546,16.073999999999955,0,2.0
118,ERROR_M,1,80,0.05600000000004002,0.011999999999943611,0,2.0
118,ERROR_M,1,81,0.2279999999999518,6.2140000000000555,0,2.0
118,ERROR_M,1,82,0.08600000000001273,5.711999999999989,0,2.0
118,ERROR_M,1,83,2.1340000000000146,5.096000000000004,1,2.0
118,ERROR_M,1,84,2.433999999999969,3.1019999999999754,1,2.0
118,ERROR_M,1,85,2.4060000000000628,6.0779999999999745,1,2.0
118,ERROR_M,1,86,2.052000000000021,7.045999999999935,1,2.0
118,ERROR_M,1,87,2.4139999999999873,7.472000000000094,1,2.0
118,ERROR_M,1,88,2.5039999999999054,3.298000000000002,1,2.0
118,ERROR_M,1,89,3.4279999999999973,7.498000000000047,1,2.0
118,ERROR_M,1,90,3.1480000000000246,6.874000000000024,1,2.0
118,ERROR_M,1,91,2.774000000000001,8.275999999999954,1,2.0
118,ERROR_M,1,92,0.11000000000001364,8.855999999999995,0,2.0
118,ERROR_M,1,93,1.1960000000000264,0.06200000000001182,0,2.0
118,ERROR_M,1,94,0.8179999999999836,11.549999999999955,0,2.0
118,ERROR_M,1,95,2.9440000000000737,5.513999999999896,1,2.0
118,ERROR_M,1,96,0.5680000000000973,0.13399999999990087,0,2.0
118,ERROR_M,1,97,0.10400000000004184,3.6480000000000246,0,2.0
118,ERROR_M,1,98,1.947999999999979,5.632000000000062,0,2.0
118,ERROR_M,1,99,2.977999999999952,7.720000000000027,1,2.0
118,ERROR_M,1,100,2.255999999999972,5.600000000000023,1,2.0
118,ERROR_M,1,101,2.3279999999999745,2.966000000000008,1,2.0
118,ERROR_M,1,102,2.4139999999999873,6.692000000000007,1,2.0
118,ERROR_M,1,103,0.5059999999999718,7.851999999999975,0,2.0
118,ERROR_M,1,104,2.9180000000000064,5.948000000000093,1,2.0
118,ERROR_M,1,105,2.975999999999999,9.341999999999985,1,2.0
118,ERROR_M,1,106,1.8719999999999573,8.385999999999967,0,2.0
118,ERROR_M,1,107,3.008000000000038,7.980000000000018,1,2.0
118,ERROR_M,1,108,3.3179999999999836,8.461999999999989,1,2.0
118,ERROR_M,1,109,1.3640000000000327,0.038000000000010914,0,2.0
118,ERROR_M,1,110,1.6680000000000064,19.577999999999975,0,2.0
118,ERROR_M,1,111,3.90199999999993,3.4020000000000437,1,2.0
118,ERROR_M,1,112,3.5639999999999645,3.83400000000006,1,2.0
118,ERROR_M,1,113,4.759999999999991,4.522000000000048,1,2.0
118,ERROR_M,1,114,0.6839999999999691,0.09000000000003183,0,2.0
118,ERROR_M,1,115,0.6999999999999318,9.644000000000005,0,2.0
118,ERROR_M,1,116,0.5259999999999536,19.638000000000034,0,2.0
118,ERROR_M,1,117,3.1340000000000146,2.6140000000000327,1,2.0
118,ERROR_M,1,118,3.6840000000000828,3.0859999999997854,1,2.0
118,ERROR_M,1,119,6.1059999999999945,7.938000000000102,1,2.0
118,ERROR_M,1,120,2.009999999999991,6.08400000000006,1,2.0
118,ERROR_M,1,121,1.821999999999889,6.635999999999967,0,2.0
118,ERROR_M,1,122,2.0820000000001073,5.269999999999982,1,2.0
118,ERROR_M,1,123,1.1020000000000891,9.586000000000013,0,2.0
118,ERROR_M,1,124,0.9099999999998545,6.754000000000133,0,2.0
118,ERROR_M,1,125,0.5099999999999909,5.94399999999996,0,2.0
118,ERROR_M,1,126,2.2000000000000455,2.6620000000000346,1,2.0
118,ERROR_M,1,127,1.4579999999998563,7.920000000000073,0,2.0
118,ERROR_M,1,128,1.731999999999971,0.09600000000000364,0,2.0
118,ERROR_M,1,129,0.15000000000009095,16.697999999999865,0,2.0
118,ERROR_M,1,130,3.0499999999999545,5.19600000000014,1,2.0
118,ERROR_M,1,131,2.6259999999999764,3.1620000000000346,1,2.0
118,ERROR_M,1,132,1.6920000000000073,5.645999999999958,0,2.0
118,ERROR_M,1,133,2.599999999999909,6.125999999999976,1,2.0
118,ERROR_M,1,134,2.77800000000002,3.844000000000051,1,2.0
118,ERROR_M,1,135,1.509999999999991,9.233999999999924,0,2.0
118,ERROR_M,1,136,2.75200000000018,18.89799999999991,1,2.0
118,ERROR_M,1,137,1.5460000000000491,6.755999999999858,0,2.0
118,ERROR_M,1,138,1.4380000000001019,5.509999999999991,0,2.0
118,ERROR_M,1,139,1.5480000000000018,6.970000000000027,0,2.0
118,ERROR_M,1,140,2.599999999999909,7.754000000000133,1,2.0
118,ERROR_M,1,141,1.1959999999999127,36.19800000000009,0,2.0
118,ERROR_M,1,142,1.6240000000000236,11.105999999999995,0,2.0
118,ERROR_M,1,143,2.27599999999984,8.552000000000135,1,2.0
118,ERROR_M,1,144,1.2339999999999236,10.966000000000122,0,2.0
118,ERROR_M,1,145,2.7819999999999254,6.029999999999973,1,2.0
118,ERROR_M,1,146,2.546000000000049,6.326000000000022,1,2.0
118,ERROR_M,1,147,2.0399999999999636,14.073999999999842,1,2.0
118,ERROR_M,1,148,1.5520000000001346,5.508000000000038,0,2.0
118,ERROR_M,1,149,0.16599999999993997,0.008000000000038199,0,2.0
118,ERROR_M,1,150,0.2559999999998581,5.8400000000001455,0,2.0
118,ERROR_M,1,151,3.25,5.611999999999853,1,2.0
118,ERROR_M,1,152,0.4880000000000564,5.804000000000087,0,2.0
118,ERROR_M,1,153,1.1779999999998836,12.342000000000098,0,2.0
118,ERROR_M,1,154,2.008000000000038,8.243999999999915,1,2.0
118,ERROR_M,1,155,1.566000000000031,5.589999999999918,0,2.0
118,ERROR_M,1,156,0.9940000000001419,6.117999999999938,0,2.0
118,ERROR_M,1,157,1.7000000000000455,2.8239999999998417,0,2.0
118,ERROR_M,1,158,2.1640000000002146,4.543999999999869,1,2.0
118,ERROR_M,1,159,4.182000000000016,5.8659999999999854,1,2.0
118,ERROR_M,1,160,1.490000000000009,0.11599999999998545,0,2.0
118,ERROR_M,1,161,0.11799999999993815,9.951999999999998,0,2.0
118,ERROR_M,1,162,2.1480000000001382,8.001999999999953,1,2.0
118,ERROR_M,1,163,1.80600000000004,6.2000000000000455,0,2.0
118,ERROR_M,1,164,2.561999999999898,6.264000000000124,1,2.0
118,ERROR_M,1,165,3.173999999999978,5.475999999999885,1,2.0
118,ERROR_M,1,166,2.44399999999996,6.416000000000167,1,2.0
118,ERROR_M,1,167,1.4639999999999418,0.09600000000000364,0,2.0
118,ERROR_M,1,168,0.14599999999995816,7.526000000000067,0,2.0
118,ERROR_M,1,169,1.9859999999998763,3.8279999999999745,0,2.0
118,ERROR_M,1,170,2.5700000000001637,9.159999999999854,1,2.0
118,ERROR_M,1,171,0.7380000000000564,9.403999999999996,0,2.0
118,ERROR_M,1,172,2.9459999999999127,25.994000000000142,1,2.0
118,ERROR_M,1,173,2.344000000000051,19.839999999999918,1,2.0
118,ERROR_M,1,174,4.751999999999953,52.690000000000055,1,2.0
118,ERROR_M,1,175,2.1920000000000073,7.697999999999865,1,2.0
118,ERROR_M,1,176,2.214000000000169,5.104000000000042,1,2.0
118,ERROR_M,1,177,2.94399999999996,10.521999999999935,1,2.0
118,ERROR_M,1,178,0.2599999999999909,12.632000000000062,0,2.0
118,ERROR_M,1,179,3.05399999999986,6.966000000000122,1,2.0
118,ERROR_M,1,180,2.6959999999999127,12.082000000000107,1,2.0
118,ERROR_M,1,181,3.4700000000000273,6.205999999999904,1,2.0
118,ERROR_M,1,182,2.5579999999999927,5.5779999999999745,1,2.0
118,ERROR_M,1,183,2.344000000000051,7.536000000000058,1,2.0
118,ERROR_M,1,184,2.563999999999851,14.5,1,2.0
118,ERROR_M,1,185,2.744000000000142,21.326000000000022,1,2.0
118,ERROR_M,1,186,0.049999999999954525,6.8840000000000146,0,2.0
118,ERROR_M,1,187,2.9120000000000346,5.173999999999978,1,2.0
118,ERROR_M,1,188,1.5460000000000491,13.723999999999933,0,2.0
118,ERROR_M,1,189,2.8279999999999745,44.11999999999989,1,2.0
118,ERROR_M,1,190,1.75200000000018,9.919999999999845,0,2.0
118,ERROR_M,1,191,3.183999999999969,3.6059999999999945,1,2.0
118,ERROR_M,1,192,2.240000000000009,4.72400000000016,1,2.0
118,ERROR_M,1,193,2.2480000000000473,17.289999999999964,1,2.0
118,ERROR_M,1,194,3.1399999999998727,11.138000000000147,1,2.0
118,ERROR_M,1,195,3.0319999999999254,7.458000000000084,1,2.0
118,ERROR_M,1,196,1.5619999999998981,9.695999999999913,0,2.0
118,ERROR_M,1,197,1.2260000000001128,13.089999999999918,0,2.0
118,ERROR_M,1,198,2.4120000000000346,2.678000000000111,1,2.0
118,ERROR_M,1,199,3.155999999999949,3.341999999999871,1,2.0
118,ERROR_M,1,200,2.0980000000001837,7.273999999999887,1,2.0
118,ERROR_M,1,201,2.4200000000000728,3.043999999999869,1,2.0
118,ERROR_M,1,202,1.259999999999991,0.11000000000012733,0,2.0
118,ERROR_M,1,203,0.17000000000007276,9.25,0,2.0
118,ERROR_M,1,204,1.58199999999988,7.519999999999982,0,2.0
118,ERROR_M,1,205,1.19600000000014,8.741999999999962,0,2.0
118,ERROR_M,1,206,1.231999999999971,0.07799999999997453,0,2.0
118,ERROR_M,1,207,0.4980000000000473,10.243999999999915,0,2.0
118,ERROR_M,1,208,3.5119999999999436,6.628000000000156,1,2.0
118,ERROR_M,1,209,1.316000000000031,10.101999999999862,0,2.0
118,ERROR_M,1,210,2.844000000000051,22.634000000000015,1,2.0
118,ERROR_M,1,211,2.8519999999998618,4.958000000000084,1,2.0
118,ERROR_M,1,212,2.9400000000000546,5.601999999999862,1,2.0
118,ERROR_M,1,213,2.655999999999949,3.936000000000149,1,2.0
118,ERROR_M,1,214,1.8600000000001273,8.891999999999825,0,2.0
118,ERROR_M,1,215,3.1840000000001965,5.411999999999807,1,2.0
118,ERROR_M,1,216,3.2600000000002183,6.875999999999749,1,2.0
118,ERROR_M,1,217,3.9459999999999127,4.794000000000324,1,2.0
118,ERROR_M,1,218,2.268000000000029,2.6340000000000146,1,2.0
118,ERROR_M,1,219,0.38799999999991996,34.233999999999924,0,2.0
118,ERROR_M,1,220,2.576000000000022,17.299999999999727,1,2.0
118,ERROR_M,1,221,1.6220000000002983,6.652000000000044,0,2.0
118,ERROR_M,1,222,1.1679999999996653,11.368000000000393,0,2.0
118,ERROR_M,1,223,1.5459999999998217,10.005999999999858,0,2.0
118,ERROR_M,1,224,2.25,5.210000000000036,1,2.0
118,ERROR_M,1,225,0.38000000000010914,9.961999999999989,0,2.0
118,ERROR_M,1,226,1.1959999999999127,6.849999999999909,0,2.0
118,ERROR_M,1,227,3.274000000000342,13.379999999999654,1,2.0
118,ERROR_M,1,228,2.5579999999999927,11.38000000000011,1,2.0
118,ERROR_M,1,229,2.811999999999898,24.70400000000018,1,2.0
118,ERROR_M,1,230,2.844000000000051,7.143999999999778,1,2.0
118,ERROR_M,1,231,1.6820000000002437,14.807999999999993,0,2.0
118,ERROR_M,1,232,2.1019999999998618,4.755999999999858,1,2.0
118,ERROR_M,1,233,2.0160000000000764,6.470000000000255,1,2.0
118,ERROR_M,1,234,1.9159999999997126,0.14400000000023283,0,2.0
118,ERROR_M,1,235,0.875999999999749,5.66800000000012,0,2.0
118,ERROR_M,1,236,1.538000000000011,0.068000000000211,0,2.0
118,ERROR_M,1,237,0.8399999999996908,18.62400000000025,0,2.0
118,ERROR_M,1,238,2.875999999999749,19.20400000000018,1,2.0
118,ERROR_M,1,239,2.3420000000000982,8.647999999999683,1,2.0
118,ERROR_M,1,240,2.294000000000324,7.1159999999999854,1,2.0
118,ERROR_M,1,241,2.7799999999997453,6.635999999999967,1,2.0
118,ERROR_M,1,242,1.9360000000001492,0.06599999999980355,0,2.0
118,ERROR_M,1,243,0.5940000000000509,15.365999999999985,0,2.0
118,ERROR_M,1,244,2.950000000000273,15.594000000000051,1,2.0
118,ERROR_M,1,245,2.86200000000008,13.17199999999957,1,2.0
118,ERROR_M,1,246,2.8780000000001564,61.28600000000006,1,2.0
118,ERROR_M,1,247,3.0039999999999054,65.55799999999999,1,2.0
118,ERROR_M,1,248,0.9540000000001783,20.411999999999807,0,2.0
118,ERROR_M,1,249,2.374000000000251,11.569999999999709,1,2.0
118,ERROR_M,1,250,2.72400000000016,30.445999999999913,1,2.0
118,ERROR_M,1,251,0.9880000000002838,3.5859999999997854,0,2.0
118,ERROR_M,1,252,1.9099999999998545,59.95000000000027,0,2.0
118,ERROR_M,1,253,2.6219999999998436,2.3099999999999454,1,2.0
118,ERROR_M,1,254,2.162000000000262,40.903999999999996,1,2.0
118,ERROR_M,1,255,3.9659999999998945,6.630000000000109,1,2.0
118,ERROR_M,1,256,4.08199999999988,15.246000000000095,1,2.0
118,ERROR_M,1,257,2.763999999999669,10.562000000000353,1,2.0
118,ERROR_M,1,258,2.7719999999999345,9.05199999999968,1,2.0
118,ERROR_M,1,259,2.8340000000002874,8.210000000000036,1,2.0
118,ERROR_M,1,260,0.8119999999998981,0.10800000000017462,0,2.0
118,ERROR_M,1,261,0.18799999999964712,11.35400000000027,0,2.0
118,ERROR_M,1,262,3.2339999999999236,4.0219999999999345,1,2.0
118,ERROR_M,1,263,0.40000000000009095,23.927999999999884,0,2.0
118,ERROR_M,1,264,3.05600000000004,15.195999999999913,1,2.0
118,ERROR_M,1,265,5.626000000000204,6.635999999999967,1,2.0
118,ERROR_M,1,266,3.0479999999997744,23.934000000000196,1,2.0
118,ERROR_M,1,267,1.2739999999998872,4.19399999999996,0,2.0
118,ERROR_M,1,268,2.6780000000003383,3.619999999999891,1,2.0
118,ERROR_M,1,269,1.6859999999996944,,0,2.0
118,ERROR_M,2,1,2.3719999999999963,4.020000000000003,1,2.0
118,ERROR_M,2,2,0.6559999999999988,0.030000000000001137,0,2.0
118,ERROR_M,2,3,1.0219999999999985,7.866,0,2.0
118,ERROR_M,2,4,1.6600000000000037,4.3799999999999955,0,2.0
118,ERROR_M,2,5,2.020000000000003,7.496000000000002,1,2.0
118,ERROR_M,2,6,0.9619999999999962,8.418000000000006,0,2.0
118,ERROR_M,2,7,2.3799999999999955,5.671999999999997,1,2.0
118,ERROR_M,2,8,1.7199999999999989,7.010000000000005,0,2.0
118,ERROR_M,2,9,1.9399999999999977,3.902000000000001,0,2.0
118,ERROR_M,2,10,0.09600000000000364,9.537999999999997,0,2.0
118,ERROR_M,2,11,2.730000000000004,6.671999999999997,1,2.0
118,ERROR_M,2,12,2.2920000000000016,6.417999999999992,1,2.0
118,ERROR_M,2,13,2.0799999999999983,8.080000000000013,1,2.0
118,ERROR_M,2,14,2.555999999999983,6.030000000000001,1,2.0
118,ERROR_M,2,15,2.3000000000000114,4.335999999999984,1,2.0
118,ERROR_M,2,16,2.190000000000026,4.911999999999978,1,2.0
118,ERROR_M,2,17,0.058000000000021146,0.09599999999997522,0,2.0
118,ERROR_M,2,18,0.08600000000001273,5.151999999999987,0,2.0
118,ERROR_M,2,19,2.3920000000000243,3.417999999999978,1,2.0
118,ERROR_M,2,20,2.1660000000000252,5.819999999999993,1,2.0
118,ERROR_M,2,21,2.025999999999982,2.5100000000000193,1,2.0
118,ERROR_M,2,22,2.4279999999999973,5.145999999999987,1,2.0
118,ERROR_M,2,23,1.8060000000000116,3.383999999999986,0,2.0
118,ERROR_M,2,24,2.1680000000000064,7.1839999999999975,1,2.0
118,ERROR_M,2,25,1.3799999999999955,7.380000000000024,0,2.0
118,ERROR_M,2,26,2.2439999999999998,5.481999999999999,1,2.0
118,ERROR_M,2,27,0.3079999999999927,0.027999999999991587,0,2.0
118,ERROR_M,2,28,0.8499999999999943,6.332000000000022,0,2.0
118,ERROR_M,2,29,0.053999999999973625,1.4879999999999995,0,2.0
118,ERROR_M,2,30,2.7560000000000002,8.170000000000016,1,2.0
118,ERROR_M,2,31,2.0960000000000036,8.406000000000006,1,2.0
118,ERROR_M,2,32,3.0219999999999914,2.4279999999999973,1,2.0
118,ERROR_M,2,33,2.2479999999999905,5.858000000000004,1,2.0
118,ERROR_M,2,34,0.2400000000000091,0.029999999999972715,0,2.0
118,ERROR_M,2,35,0.7379999999999995,4.754000000000019,0,2.0
118,ERROR_M,2,36,2.819999999999993,5.9879999999999995,1,2.0
118,ERROR_M,2,37,2.9180000000000064,2.090000000000032,1,2.0
118,ERROR_M,2,38,0.03999999999996362,4.484000000000037,0,2.0
118,ERROR_M,2,39,2.3419999999999845,4.093999999999994,1,2.0
118,ERROR_M,2,40,2.7900000000000205,6.871999999999957,1,2.0
118,ERROR_M,2,41,2.6720000000000255,3.687999999999988,1,2.0
118,ERROR_M,2,42,3.0319999999999823,3.7320000000000277,1,2.0
118,ERROR_M,2,43,3.187999999999988,2.9879999999999995,1,2.0
118,ERROR_M,2,44,0.46800000000001774,0.02199999999999136,0,2.0
118,ERROR_M,2,45,0.7400000000000091,8.507999999999981,0,2.0
118,ERROR_M,2,46,1.8140000000000214,7.6059999999999945,0,2.0
118,ERROR_M,2,47,3.0819999999999936,6.4839999999999804,1,2.0
118,ERROR_M,2,48,2.302000000000021,3.9399999999999977,1,2.0
118,ERROR_M,2,49,2.0539999999999736,4.1580000000000155,1,2.0
118,ERROR_M,2,50,2.434000000000026,4.803999999999974,1,2.0
118,ERROR_M,2,51,1.6340000000000146,8.072000000000003,0,2.0
118,ERROR_M,2,52,2.5439999999999827,8.54200000000003,1,2.0
118,ERROR_M,2,53,0.2980000000000018,0.0019999999999527063,0,2.0
118,ERROR_M,2,54,0.6040000000000418,3.961999999999989,0,2.0
118,ERROR_M,2,55,2.2860000000000014,4.3940000000000055,1,2.0
118,ERROR_M,2,56,2.051999999999964,4.124000000000024,1,2.0
118,ERROR_M,2,57,2.73599999999999,5.0400000000000205,1,2.0
118,ERROR_M,2,58,0.632000000000005,0.04800000000000182,0,2.0
118,ERROR_M,2,59,1.1159999999999854,3.815999999999974,0,2.0
118,ERROR_M,2,60,1.7700000000000387,5.743999999999971,0,2.0
118,ERROR_M,2,61,2.326000000000022,6.819999999999993,1,2.0
118,ERROR_M,2,62,1.656000000000006,7.003999999999962,0,2.0
118,ERROR_M,2,63,2.3560000000000514,6.085999999999956,1,2.0
118,ERROR_M,2,64,1.6860000000000355,7.6159999999999854,0,2.0
118,ERROR_M,2,65,1.5400000000000205,2.95799999999997,0,2.0
118,ERROR_M,2,66,2.5060000000000286,5.401999999999987,1,2.0
118,ERROR_M,2,67,2.4920000000000186,6.44199999999995,1,2.0
118,ERROR_M,2,68,2.282000000000039,7.257999999999981,1,2.0
118,ERROR_M,2,69,1.5699999999999932,2.6240000000000236,0,2.0
118,ERROR_M,2,70,2.5399999999999636,2.934000000000026,1,2.0
118,ERROR_M,2,71,2.3700000000000045,6.322000000000003,1,2.0
118,ERROR_M,2,72,2.0639999999999645,4.798000000000002,1,2.0
118,ERROR_M,2,73,1.8360000000000127,6.720000000000027,0,2.0
118,ERROR_M,2,74,1.8199999999999363,5.934000000000083,0,2.0
118,ERROR_M,2,75,2.363999999999919,5.730000000000018,1,2.0
118,ERROR_M,2,76,1.57000000000005,7.254000000000019,0,2.0
118,ERROR_M,2,77,0.033999999999991815,25.069999999999936,0,2.0
118,ERROR_M,2,78,2.274000000000001,7.975999999999999,1,2.0
118,ERROR_M,2,79,2.23599999999999,8.696000000000026,1,2.0
118,ERROR_M,2,80,0.5099999999999909,14.532000000000039,0,2.0
118,ERROR_M,2,81,1.8840000000000146,3.995999999999981,0,2.0
118,ERROR_M,2,82,2.241999999999962,4.166000000000054,1,2.0
118,ERROR_M,2,83,2.244000000000028,2.8379999999999654,1,2.0
118,ERROR_M,2,84,1.9539999999999509,4.470000000000027,0,2.0
118,ERROR_M,2,85,2.1760000000000446,5.747999999999934,1,2.0
118,ERROR_M,2,86,1.9800000000000182,3.008000000000038,0,2.0
118,ERROR_M,2,87,2.4320000000000164,6.319999999999936,1,2.0
118,ERROR_M,2,88,1.3120000000000118,4.402000000000044,0,2.0
118,ERROR_M,2,89,1.8999999999999773,4.949999999999932,0,2.0
118,ERROR_M,2,90,2.2240000000000464,5.734000000000037,1,2.0
118,ERROR_M,2,91,1.9139999999999873,7.374000000000024,0,2.0
118,ERROR_M,2,92,2.409999999999968,5.1159999999999854,1,2.0
118,ERROR_M,2,93,2.0860000000000127,4.875999999999976,1,2.0
118,ERROR_M,2,94,2.32000000000005,5.5499999999999545,1,2.0
118,ERROR_M,2,95,2.447999999999979,6.2140000000000555,1,2.0
118,ERROR_M,2,96,2.673999999999978,3.977999999999952,1,2.0
118,ERROR_M,2,97,2.59800000000007,3.509999999999991,1,2.0
118,ERROR_M,2,98,2.7659999999999627,6.6159999999999854,1,2.0
118,ERROR_M,2,99,2.8700000000000045,8.216000000000008,1,2.0
118,ERROR_M,2,100,2.566000000000031,6.731999999999971,1,2.0
118,ERROR_M,2,101,2.9020000000000437,8.470000000000027,1,2.0
118,ERROR_M,2,102,2.70799999999997,6.8799999999999955,1,2.0
118,ERROR_M,2,103,0.09399999999993724,0.16000000000008185,0,2.0
118,ERROR_M,2,104,1.3899999999999864,8.501999999999953,0,2.0
118,ERROR_M,2,105,2.27800000000002,3.783999999999992,1,2.0
118,ERROR_M,2,106,1.8279999999999745,8.451999999999998,0,2.0
118,ERROR_M,2,107,1.975999999999999,3.1340000000000146,0,2.0
118,ERROR_M,2,108,3.118000000000052,4.274000000000001,1,2.0
118,ERROR_M,2,109,2.79200000000003,8.513999999999896,1,2.0
118,ERROR_M,2,110,0.4740000000000464,6.995999999999981,0,2.0
118,ERROR_M,2,111,2.5860000000000127,5.696000000000026,1,2.0
118,ERROR_M,2,112,2.316000000000031,9.059999999999945,1,2.0
118,ERROR_M,2,113,1.80600000000004,3.8899999999999864,0,2.0
118,ERROR_M,2,114,2.453999999999951,5.538000000000011,1,2.0
118,ERROR_M,2,115,1.8960000000000719,6.447999999999979,0,2.0
118,ERROR_M,2,116,1.995999999999981,6.92999999999995,0,2.0
118,ERROR_M,2,117,1.2860000000000582,7.933999999999969,0,2.0
118,ERROR_M,2,118,1.8319999999999936,7.947999999999979,0,2.0
118,ERROR_M,2,119,2.4820000000000846,7.029999999999973,1,2.0
118,ERROR_M,2,120,2.2959999999999354,4.748000000000047,1,2.0
118,ERROR_M,2,121,2.466000000000008,6.234000000000037,1,2.0
118,ERROR_M,2,122,1.9099999999999682,2.3940000000000055,0,2.0
118,ERROR_M,2,123,2.75,3.727999999999952,1,2.0
118,ERROR_M,2,124,2.9640000000000555,5.065999999999917,1,2.0
118,ERROR_M,2,125,2.174000000000092,8.539999999999964,1,2.0
118,ERROR_M,2,126,1.9420000000000073,4.70799999999997,0,2.0
118,ERROR_M,2,127,2.1140000000000327,5.8559999999999945,1,2.0
118,ERROR_M,2,128,1.9660000000000082,6.1440000000000055,0,2.0
118,ERROR_M,2,129,2.2519999999999527,4.136000000000081,1,2.0
118,ERROR_M,2,130,3.187999999999988,4.445999999999913,1,2.0
118,ERROR_M,2,131,2.4560000000000173,3.745999999999981,1,2.0
118,ERROR_M,2,132,2.2940000000000964,5.169999999999959,1,2.0
118,ERROR_M,2,133,2.740000000000009,5.608000000000061,1,2.0
118,ERROR_M,2,134,2.230000000000018,6.905999999999949,1,2.0
118,ERROR_M,2,135,1.9859999999998763,2.816000000000031,0,2.0
118,ERROR_M,2,136,2.796000000000049,7.483999999999924,1,2.0
118,ERROR_M,2,137,2.4120000000000346,7.182000000000016,1,2.0
118,ERROR_M,2,138,1.8099999999999454,3.4980000000000473,0,2.0
118,ERROR_M,2,139,2.4420000000000073,3.956000000000131,1,2.0
118,ERROR_M,2,140,2.0419999999999163,6.807999999999993,1,2.0
118,ERROR_M,2,141,0.12999999999988177,7.114000000000033,0,2.0
118,ERROR_M,2,142,2.1159999999999854,7.988000000000056,1,2.0
118,ERROR_M,2,143,1.9259999999999309,8.094000000000051,0,2.0
118,ERROR_M,2,144,2.5260000000000673,7.759999999999991,1,2.0
118,ERROR_M,2,145,2.5139999999998963,4.7800000000002,1,2.0
118,ERROR_M,2,146,2.515999999999849,5.087999999999965,1,2.0
118,ERROR_M,2,147,2.9320000000000164,8.19600000000014,1,2.0
118,ERROR_M,2,148,2.991999999999962,8.451999999999998,1,2.0
118,ERROR_M,2,149,2.6440000000000055,6.066000000000031,1,2.0
118,ERROR_M,2,150,2.6019999999998618,2.3479999999999563,1,2.0
118,ERROR_M,2,151,3.3500000000001364,6.460000000000036,1,2.0
118,ERROR_M,2,152,2.5239999999998872,4.076000000000022,1,2.0
118,ERROR_M,2,153,2.349999999999909,0.11200000000008004,1,2.0
118,ERROR_M,2,154,0.08799999999996544,6.0060000000000855,0,2.0
118,ERROR_M,2,155,2.369999999999891,5.6340000000000146,1,2.0
118,ERROR_M,2,156,2.240000000000009,3.9060000000001764,1,2.0
118,ERROR_M,2,157,2.4379999999998745,3.849999999999909,1,2.0
118,ERROR_M,2,158,2.3880000000001473,3.869999999999891,1,2.0
118,ERROR_M,2,159,2.6280000000001564,7.076000000000022,1,2.0
118,ERROR_M,2,160,1.981999999999971,4.385999999999967,0,2.0
118,ERROR_M,2,161,2.3199999999999363,7.551999999999907,1,2.0
118,ERROR_M,2,162,2.2280000000000655,3.2560000000000855,1,2.0
118,ERROR_M,2,163,2.265999999999849,6.932000000000016,1,2.0
118,ERROR_M,2,164,2.0579999999999927,4.136000000000195,1,2.0
118,ERROR_M,2,165,1.981999999999971,6.048000000000002,0,2.0
118,ERROR_M,2,166,1.987999999999829,7.066000000000031,0,2.0
118,ERROR_M,2,167,2.240000000000009,7.55600000000004,1,2.0
118,ERROR_M,2,168,1.83400000000006,3.4379999999998745,0,2.0
118,ERROR_M,2,169,2.5520000000001346,4.515999999999849,1,2.0
118,ERROR_M,2,170,2.2000000000000455,3.1200000000001182,1,2.0
118,ERROR_M,2,171,2.4600000000000364,4.0,1,2.0
118,ERROR_M,2,172,0.5339999999998781,10.302000000000135,0,2.0
118,ERROR_M,2,173,2.13799999999992,5.152000000000044,1,2.0
118,ERROR_M,2,174,1.8279999999999745,5.546000000000049,0,2.0
118,ERROR_M,2,175,1.7359999999998763,2.7560000000000855,0,2.0
118,ERROR_M,2,176,2.369999999999891,5.898000000000138,1,2.0
118,ERROR_M,2,177,2.063999999999851,5.046000000000049,1,2.0
118,ERROR_M,2,178,1.9780000000000655,6.576000000000022,0,2.0
118,ERROR_M,2,179,2.0579999999999927,6.975999999999885,1,2.0
118,ERROR_M,2,180,2.145999999999958,7.8680000000001655,1,2.0
118,ERROR_M,2,181,1.6140000000000327,8.069999999999936,0,2.0
118,ERROR_M,2,182,2.038000000000011,8.541999999999916,1,2.0
118,ERROR_M,2,183,2.3559999999999945,6.226000000000113,1,2.0
118,ERROR_M,2,184,2.745999999999867,2.9580000000000837,1,2.0
118,ERROR_M,2,185,2.66599999999994,4.428000000000111,1,2.0
118,ERROR_M,2,186,0.209999999999809,0.02200000000016189,0,2.0
118,ERROR_M,2,187,1.7459999999998672,6.908000000000129,0,2.0
118,ERROR_M,2,188,2.6240000000000236,5.3599999999999,1,2.0
118,ERROR_M,2,189,2.324000000000069,7.536000000000058,1,2.0
118,ERROR_M,2,190,2.3840000000000146,7.773999999999887,1,2.0
118,ERROR_M,2,191,2.3599999999999,6.6460000000001855,1,2.0
118,ERROR_M,2,192,1.9579999999998563,8.090000000000146,0,2.0
118,ERROR_M,2,193,2.2239999999999327,6.839999999999918,1,2.0
118,ERROR_M,2,194,2.772000000000162,7.0759999999997945,1,2.0
118,ERROR_M,2,195,2.300000000000182,8.47199999999998,1,2.0
118,ERROR_M,2,196,0.42200000000002547,0.021999999999934516,0,2.0
118,ERROR_M,2,197,0.9239999999999782,4.990000000000009,0,2.0
118,ERROR_M,2,198,2.377999999999929,4.686000000000149,1,2.0
118,ERROR_M,2,199,2.209999999999809,5.116000000000213,1,2.0
118,ERROR_M,2,200,2.19399999999996,3.3799999999998818,1,2.0
118,ERROR_M,2,201,2.344000000000051,5.804000000000087,1,2.0
118,ERROR_M,2,202,2.1419999999998254,6.236000000000104,1,2.0
118,ERROR_M,2,203,1.75,3.7639999999998963,0,2.0
118,ERROR_M,2,204,2.658000000000129,6.801999999999907,1,2.0
118,ERROR_M,2,205,1.8220000000001164,8.127999999999929,0,2.0
118,ERROR_M,2,206,1.9559999999999036,5.11200000000008,0,2.0
118,ERROR_M,2,207,1.3140000000000782,9.005999999999858,0,2.0
118,ERROR_M,2,208,0.9060000000001764,5.519999999999982,0,2.0
118,ERROR_M,2,209,2.13799999999992,8.582000000000107,1,2.0
118,ERROR_M,2,210,2.241999999999962,5.190000000000055,1,2.0
118,ERROR_M,2,211,2.119999999999891,3.52800000000002,1,2.0
118,ERROR_M,2,212,2.33400000000006,4.351999999999862,1,2.0
118,ERROR_M,2,213,1.788000000000011,4.072000000000116,0,2.0
118,ERROR_M,2,214,2.1039999999998145,7.576000000000022,1,2.0
118,ERROR_M,2,215,2.5679999999999836,5.716000000000122,1,2.0
118,ERROR_M,2,216,2.4980000000000473,3.3339999999998327,1,2.0
118,ERROR_M,2,217,2.6940000000001874,7.779999999999973,1,2.0
118,ERROR_M,2,218,2.536000000000058,2.785999999999831,1,2.0
118,ERROR_M,2,219,2.47400000000016,4.5219999999999345,1,2.0
118,ERROR_M,2,220,2.655999999999949,6.054000000000087,1,2.0
118,ERROR_M,2,221,2.769999999999982,6.470000000000027,1,2.0
118,ERROR_M,2,222,2.4459999999999127,7.170000000000073,1,2.0
118,ERROR_M,2,223,1.80600000000004,3.755999999999858,0,2.0
118,ERROR_M,2,224,2.268000000000029,3.1679999999998927,1,2.0
118,ERROR_M,2,225,2.3500000000001364,6.607999999999947,1,2.0
118,ERROR_M,2,226,2.0879999999999654,4.630000000000109,1,2.0
118,ERROR_M,2,227,2.66599999999994,5.8900000000001,1,2.0
118,ERROR_M,2,228,1.6879999999998745,8.153999999999996,0,2.0
118,ERROR_M,2,229,1.734000000000151,4.2159999999998945,0,2.0
118,ERROR_M,2,230,2.2059999999999036,6.888000000000147,1,2.0
118,ERROR_M,2,231,2.046000000000049,6.1599999999998545,1,2.0
118,ERROR_M,2,232,2.22199999999998,4.16800000000012,1,2.0
118,ERROR_M,2,233,2.259999999999991,3.683999999999969,1,2.0
118,ERROR_M,2,234,2.571999999999889,4.754000000000133,1,2.0
118,ERROR_M,2,235,2.258000000000038,5.913999999999987,1,2.0
118,ERROR_M,2,236,2.038000000000011,7.210000000000036,1,2.0
118,ERROR_M,2,237,2.189999999999827,7.686000000000149,1,2.0
118,ERROR_M,2,238,1.9919999999999618,7.796000000000049,0,2.0
118,ERROR_M,2,239,1.9799999999997908,8.424000000000206,0,2.0
118,ERROR_M,2,240,1.8460000000000036,3.071999999999889,0,2.0
118,ERROR_M,2,241,2.4960000000000946,5.199999999999818,1,2.0
118,ERROR_M,2,242,2.076000000000022,4.481999999999971,1,2.0
118,ERROR_M,2,243,2.3320000000001073,3.7100000000000364,1,2.0
118,ERROR_M,2,244,2.2760000000000673,8.281999999999925,1,2.0
118,ERROR_M,2,245,1.4680000000000746,5.0759999999997945,0,2.0
118,ERROR_M,2,246,2.438000000000102,7.986000000000104,1,2.0
118,ERROR_M,2,247,1.759999999999991,6.925999999999931,0,2.0
118,ERROR_M,2,248,1.8140000000000782,4.88799999999992,0,2.0
118,ERROR_M,2,249,2.1639999999999873,9.259999999999991,1,2.0
118,ERROR_M,2,250,1.3260000000000218,8.32400000000007,0,2.0
118,ERROR_M,2,251,1.8460000000000036,2.8019999999999072,0,2.0
118,ERROR_M,2,252,2.0039999999999054,3.8480000000001837,1,2.0
118,ERROR_M,2,253,1.2719999999999345,0.005999999999858119,0,2.0
118,ERROR_M,2,254,0.6920000000000073,6.098000000000184,0,2.0
118,ERROR_M,2,255,1.2579999999998108,2.9120000000000346,0,2.0
118,ERROR_M,2,256,2.2200000000000273,6.1059999999999945,1,2.0
118,ERROR_M,2,257,2.3020000000001346,4.1099999999999,1,2.0
118,ERROR_M,2,258,1.6520000000000437,6.498000000000047,0,2.0
118,ERROR_M,2,259,1.8559999999999945,5.753999999999905,0,2.0
118,ERROR_M,2,260,2.4480000000000928,5.573999999999842,1,2.0
118,ERROR_M,2,261,2.50200000000018,7.139999999999873,1,2.0
118,ERROR_M,2,262,2.94399999999996,3.4680000000000746,1,2.0
118,ERROR_M,2,263,2.6539999999999964,3.7560000000000855,1,2.0
118,ERROR_M,2,264,2.311999999999898,5.703999999999951,1,2.0
118,ERROR_M,2,265,2.5779999999999745,2.464000000000169,1,2.0
118,ERROR_M,2,266,3.3999999999998636,4.7280000000000655,1,2.0
118,ERROR_M,2,267,1.987999999999829,5.812000000000353,0,2.0
118,ERROR_M,2,268,2.049999999999727,7.376000000000204,1,2.0
118,ERROR_M,2,269,1.63799999999992,2.588000000000193,0,2.0
118,ERROR_M,2,270,2.645999999999731,7.539999999999964,1,2.0
118,ERROR_M,2,271,1.7780000000002474,8.059999999999945,0,2.0
118,ERROR_M,2,272,1.9239999999999782,11.829999999999927,0,2.0
118,ERROR_M,2,273,1.905999999999949,11.164000000000215,0,2.0
118,ERROR_M,2,274,1.4479999999998654,14.512000000000171,0,2.0
118,ERROR_M,2,275,1.7679999999995744,51.764000000000124,0,2.0
118,ERROR_M,2,276,1.2260000000001128,7.5779999999999745,0,2.0
118,ERROR_M,2,277,1.699999999999818,2.9220000000000255,0,2.0
118,ERROR_M,2,278,2.6100000000001273,5.039999999999964,1,2.0
118,ERROR_M,2,279,2.206000000000131,4.130000000000109,1,2.0
118,ERROR_M,2,280,2.0579999999999927,4.733999999999924,1,2.0
118,ERROR_M,2,281,2.1520000000000437,4.6039999999998145,1,2.0
118,ERROR_M,2,282,1.97400000000016,2.9839999999999236,0,2.0
118,ERROR_M,2,283,2.4960000000000946,3.5299999999997453,1,2.0
118,ERROR_M,2,284,2.423999999999978,8.244000000000142,1,2.0
118,ERROR_M,2,285,2.0399999999999636,19.76200000000017,1,2.0
118,ERROR_M,2,286,2.0540000000000873,2.74599999999964,1,2.0
118,ERROR_M,2,287,2.16800000000012,11.648000000000138,1,2.0
118,ERROR_M,2,288,2.1720000000000255,5.149999999999636,1,2.0
118,ERROR_M,2,289,2.0,5.518000000000029,0,2.0
118,ERROR_M,2,290,2.1580000000003565,7.85799999999972,1,2.0
118,ERROR_M,2,291,2.2800000000002,6.983999999999924,1,2.0
118,ERROR_M,2,292,1.699999999999818,4.094000000000051,0,2.0
118,ERROR_M,2,293,1.9960000000000946,4.788000000000011,0,2.0
118,ERROR_M,2,294,2.0239999999998872,10.164000000000215,1,2.0
118,ERROR_M,2,295,1.5360000000000582,7.045999999999822,0,2.0
118,ERROR_M,2,296,1.6640000000002146,7.788000000000011,0,2.0
118,ERROR_M,2,297,1.763999999999669,8.470000000000255,0,2.0
118,ERROR_M,2,298,2.2280000000000655,6.541999999999916,1,2.0
118,ERROR_M,2,299,1.6140000000000327,2.7739999999998872,0,2.0
118,ERROR_M,2,300,1.7199999999998,2.104000000000269,0,2.0
118,ERROR_M,2,301,0.027999999999792635,2.4220000000000255,0,2.0
118,ERROR_M,2,302,1.7080000000000837,5.903999999999996,0,2.0
118,ERROR_M,2,303,2.4279999999998836,4.195999999999913,1,2.0
118,ERROR_M,2,304,0.20800000000008367,0.01999999999998181,0,2.0
118,ERROR_M,2,305,0.7899999999999636,7.576000000000022,0,2.0
118,ERROR_M,2,306,1.8340000000002874,18.423999999999978,0,2.0
118,ERROR_M,2,307,2.2460000000000946,7.5,1,2.0
118,ERROR_M,2,308,1.4659999999998945,2.7619999999997162,0,2.0
118,ERROR_M,2,309,2.269999999999982,7.86200000000008,1,2.0
118,ERROR_M,2,310,1.7660000000000764,8.039999999999964,0,2.0
118,ERROR_M,2,311,1.5720000000001164,7.0659999999998035,0,2.0
118,ERROR_M,2,312,1.6380000000003747,3.83199999999988,0,2.0
118,ERROR_M,2,313,2.288000000000011,11.81399999999985,1,2.0
118,ERROR_M,2,314,1.912000000000262,10.159999999999854,0,2.0
118,ERROR_M,2,315,2.0700000000001637,10.791999999999916,1,2.0
118,ERROR_M,2,316,2.3640000000000327,3.9839999999999236,1,2.0
118,ERROR_M,2,317,0.12599999999974898,0.01999999999998181,0,2.0
118,ERROR_M,2,318,1.94399999999996,60.72600000000011,0,2.0
118,ERROR_M,2,319,1.4320000000002437,5.991999999999734,0,2.0
118,ERROR_M,2,320,2.1140000000000327,5.981999999999971,1,2.0
118,ERROR_M,2,321,2.144000000000233,6.766000000000076,1,2.0
118,ERROR_M,2,322,2.593999999999596,3.4700000000002547,1,2.0
118,ERROR_M,2,323,2.630000000000109,4.4099999999998545,1,2.0
118,ERROR_M,2,324,2.588000000000193,7.096000000000004,1,2.0
118,ERROR_M,2,325,1.7359999999998763,6.123999999999796,0,2.0
118,ERROR_M,2,326,1.7280000000000655,89.0,0,2.0
118,ERROR_M,2,327,1.7280000000000655,101.80000000000018,0,2.0
118,ERROR_M,2,328,0.9139999999997599,23.635999999999967,0,2.0
118,ERROR_M,2,329,2.4960000000000946,14.764000000000124,1,2.0
118,ERROR_M,2,330,2.0419999999999163,4.9659999999998945,1,2.0
118,ERROR_M,2,331,1.8780000000001564,5.777999999999793,0,2.0
118,ERROR_M,2,332,1.711999999999989,11.077999999999975,0,2.0
118,ERROR_M,2,333,2.3720000000002983,4.755999999999858,1,2.0
118,ERROR_M,2,334,1.9519999999997708,7.120000000000346,0,2.0
118,ERROR_M,2,335,1.538000000000011,7.7979999999997744,0,2.0
118,ERROR_M,2,336,2.1359999999999673,12.208000000000084,1,2.0
118,ERROR_M,2,337,2.3899999999998727,3.3780000000001564,1,2.0
118,ERROR_M,2,338,2.150000000000091,8.183999999999742,1,2.0
118,ERROR_M,2,339,2.076000000000022,7.626000000000204,1,2.0
118,ERROR_M,2,340,2.311999999999898,5.4900000000002365,1,2.0
118,ERROR_M,2,341,2.399999999999636,4.360000000000127,1,2.0
118,ERROR_M,2,342,2.130000000000109,,1,2.0
118,ERROR_M,3,1,1.634000000000004,4.539999999999999,0,2.0
118,ERROR_M,3,2,1.7959999999999994,3.0019999999999953,0,2.0
118,ERROR_M,3,3,1.8860000000000028,4.0,0,2.0
118,ERROR_M,3,4,1.9720000000000013,6.391999999999996,0,2.0
118,ERROR_M,3,5,2.514000000000003,6.721999999999994,1,2.0
118,ERROR_M,3,6,2.432000000000002,8.469999999999999,1,2.0
118,ERROR_M,3,7,2.9680000000000035,4.344000000000008,1,2.0
118,ERROR_M,3,8,2.75,2.6299999999999955,1,2.0
118,ERROR_M,3,9,2.5859999999999985,7.486000000000004,1,2.0
118,ERROR_M,3,10,1.9140000000000015,5.675999999999988,0,2.0
118,ERROR_M,3,11,2.0940000000000083,3.789999999999992,1,2.0
118,ERROR_M,3,12,2.2820000000000107,3.559999999999988,1,2.0
118,ERROR_M,3,13,2.382000000000005,3.0900000000000034,1,2.0
118,ERROR_M,3,14,2.1700000000000017,5.617999999999995,1,2.0
118,ERROR_M,3,15,2.102000000000004,5.253999999999991,1,2.0
118,ERROR_M,3,16,2.5800000000000125,6.078000000000003,1,2.0
118,ERROR_M,3,17,1.9539999999999793,7.756,0,2.0
118,ERROR_M,3,18,2.0060000000000002,7.126000000000005,1,2.0
118,ERROR_M,3,19,1.8499999999999943,7.952000000000027,0,2.0
118,ERROR_M,3,20,2.299999999999983,4.97999999999999,1,2.0
118,ERROR_M,3,21,0.16200000000000614,0.018000000000000682,0,2.0
118,ERROR_M,3,22,0.7680000000000007,8.587999999999994,0,2.0
118,ERROR_M,3,23,1.6940000000000168,6.969999999999999,0,2.0
118,ERROR_M,3,24,1.7379999999999995,3.9720000000000084,0,2.0
118,ERROR_M,3,25,2.23599999999999,5.807999999999993,1,2.0
118,ERROR_M,3,26,2.2580000000000098,7.427999999999997,1,2.0
118,ERROR_M,3,27,2.4939999999999998,3.312000000000012,1,2.0
118,ERROR_M,3,28,2.4539999999999793,7.876000000000005,1,2.0
118,ERROR_M,3,29,2.0579999999999927,8.120000000000005,1,2.0
118,ERROR_M,3,30,2.1740000000000066,8.584000000000003,1,2.0
118,ERROR_M,3,31,2.103999999999985,4.036000000000001,1,2.0
118,ERROR_M,3,32,2.0740000000000123,4.935999999999979,1,2.0
118,ERROR_M,3,33,2.3380000000000223,6.574000000000012,1,2.0
118,ERROR_M,3,34,2.1899999999999977,4.165999999999997,1,2.0
118,ERROR_M,3,35,2.1359999999999673,6.100000000000023,1,2.0
118,ERROR_M,3,36,2.740000000000009,4.543999999999983,1,2.0
118,ERROR_M,3,37,2.4120000000000346,3.701999999999998,1,2.0
118,ERROR_M,3,38,1.9979999999999905,6.7339999999999804,0,2.0
118,ERROR_M,3,39,2.0579999999999927,3.0960000000000036,1,2.0
118,ERROR_M,3,40,2.0160000000000196,7.177999999999997,1,2.0
118,ERROR_M,3,41,0.3199999999999932,0.01799999999997226,0,2.0
118,ERROR_M,3,42,0.7360000000000468,14.072000000000003,0,2.0
118,ERROR_M,3,43,0.8919999999999959,0.1279999999999859,0,2.0
118,ERROR_M,3,44,0.09399999999999409,5.494000000000028,0,2.0
118,ERROR_M,3,45,1.6339999999999577,7.336000000000013,0,2.0
118,ERROR_M,3,46,2.2520000000000095,6.783999999999992,1,2.0
118,ERROR_M,3,47,1.9739999999999895,7.598000000000013,0,2.0
118,ERROR_M,3,48,2.122000000000014,3.2899999999999636,1,2.0
118,ERROR_M,3,49,0.09200000000004138,0.0019999999999527063,0,2.0
118,ERROR_M,3,50,2.084000000000003,6.0540000000000305,0,2.0
118,ERROR_M,3,51,2.348000000000013,3.7439999999999714,1,2.0
118,ERROR_M,3,52,2.538000000000011,5.5020000000000095,1,2.0
118,ERROR_M,3,53,2.8899999999999864,4.3840000000000146,1,2.0
118,ERROR_M,3,54,2.348000000000013,8.265999999999963,1,2.0
118,ERROR_M,3,55,1.9080000000000155,8.47199999999998,0,2.0
118,ERROR_M,3,56,2.201999999999998,5.124000000000024,1,2.0
118,ERROR_M,3,57,1.9699999999999704,3.7040000000000077,0,2.0
118,ERROR_M,3,58,2.160000000000025,4.348000000000013,1,2.0
118,ERROR_M,3,59,2.358000000000004,5.909999999999968,1,2.0
118,ERROR_M,3,60,2.1200000000000045,6.216000000000008,1,2.0
118,ERROR_M,3,61,2.3899999999999864,6.665999999999997,1,2.0
118,ERROR_M,3,62,2.302000000000021,5.137999999999977,1,2.0
118,ERROR_M,3,63,2.3419999999999845,5.844000000000051,1,2.0
118,ERROR_M,3,64,2.4739999999999895,3.51400000000001,1,2.0
118,ERROR_M,3,65,2.4399999999999977,5.588000000000022,1,2.0
118,ERROR_M,3,66,2.1059999999999945,4.13799999999992,1,2.0
118,ERROR_M,3,67,2.1779999999999973,3.4540000000000646,1,2.0
118,ERROR_M,3,68,2.302000000000021,6.231999999999971,1,2.0
118,ERROR_M,3,69,1.8780000000000427,2.73599999999999,0,2.0
118,ERROR_M,3,70,2.197999999999979,6.90199999999993,1,2.0
118,ERROR_M,3,71,2.2560000000000855,6.413999999999987,1,2.0
118,ERROR_M,3,72,2.23599999999999,4.8419999999999845,1,2.0
118,ERROR_M,3,73,2.5439999999999827,7.433999999999969,1,2.0
118,ERROR_M,3,74,2.08400000000006,5.432000000000016,1,2.0
118,ERROR_M,3,75,2.895999999999958,7.111999999999966,1,2.0
118,ERROR_M,3,76,2.560000000000059,7.783999999999992,1,2.0
118,ERROR_M,3,77,2.033999999999992,8.096000000000004,1,2.0
118,ERROR_M,3,78,2.1499999999999773,8.540000000000077,1,2.0
118,ERROR_M,3,79,1.849999999999909,4.4220000000000255,0,2.0
118,ERROR_M,3,80,2.98599999999999,3.9500000000000455,1,2.0
118,ERROR_M,3,81,2.211999999999989,9.139999999999986,1,2.0
118,ERROR_M,3,82,1.5900000000000318,7.67999999999995,0,2.0
118,ERROR_M,3,83,2.447999999999979,8.134000000000015,1,2.0
118,ERROR_M,3,84,2.433999999999969,5.594000000000051,1,2.0
118,ERROR_M,3,85,2.5739999999999554,5.788000000000011,1,2.0
118,ERROR_M,3,86,2.136000000000081,8.553999999999974,1,2.0
118,ERROR_M,3,87,1.90199999999993,15.152000000000044,0,2.0
118,ERROR_M,3,88,0.6159999999999854,16.125999999999976,0,2.0
118,ERROR_M,3,89,1.3880000000000337,7.258000000000038,0,2.0
118,ERROR_M,3,90,1.9119999999999209,4.11200000000008,0,2.0
118,ERROR_M,3,91,2.0219999999999345,10.660000000000082,1,2.0
118,ERROR_M,3,92,1.759999999999991,6.531999999999925,0,2.0
118,ERROR_M,3,93,2.0440000000000964,7.63799999999992,1,2.0
118,ERROR_M,3,94,2.2900000000000773,4.525999999999954,1,2.0
118,ERROR_M,3,95,1.4360000000000355,6.987999999999943,0,2.0
118,ERROR_M,3,96,2.173999999999978,9.163999999999987,1,2.0
118,ERROR_M,3,97,1.9340000000000828,4.533999999999992,0,2.0
118,ERROR_M,3,98,2.6299999999999955,6.79200000000003,1,2.0
118,ERROR_M,3,99,2.575999999999908,3.5540000000000873,1,2.0
118,ERROR_M,3,100,2.185999999999922,4.274000000000001,1,2.0
118,ERROR_M,3,101,2.326000000000022,5.33400000000006,1,2.0
118,ERROR_M,3,102,2.1959999999999127,4.674000000000092,1,2.0
118,ERROR_M,3,103,2.005999999999972,4.110000000000014,1,2.0
118,ERROR_M,3,104,2.0799999999999272,4.232000000000085,1,2.0
118,ERROR_M,3,105,2.171999999999912,6.232000000000085,1,2.0
118,ERROR_M,3,106,1.9879999999999427,7.142000000000053,0,2.0
118,ERROR_M,3,107,1.8299999999999272,4.022000000000048,0,2.0
118,ERROR_M,3,108,2.419999999999959,7.830000000000041,1,2.0
118,ERROR_M,3,109,0.2580000000000382,0.013999999999896318,0,2.0
118,ERROR_M,3,110,1.7760000000000673,20.237999999999943,0,2.0
118,ERROR_M,3,111,1.9340000000000828,6.383999999999901,0,2.0
118,ERROR_M,3,112,1.774000000000001,7.532000000000039,0,2.0
118,ERROR_M,3,113,2.3899999999999864,7.838000000000079,1,2.0
118,ERROR_M,3,114,2.2999999999999545,8.120000000000005,1,2.0
118,ERROR_M,3,115,2.213999999999942,8.632000000000062,1,2.0
118,ERROR_M,3,116,2.104000000000042,4.477999999999952,1,2.0
118,ERROR_M,3,117,2.8479999999999563,5.05600000000004,1,2.0
118,ERROR_M,3,118,0.32600000000002183,0.009999999999990905,0,2.0
118,ERROR_M,3,119,1.0259999999999536,8.146000000000072,0,2.0
118,ERROR_M,3,120,2.141999999999939,6.810000000000059,1,2.0
118,ERROR_M,3,121,1.97199999999998,6.45799999999997,0,2.0
118,ERROR_M,3,122,2.3419999999999845,5.546000000000049,1,2.0
118,ERROR_M,3,123,2.3700000000000045,4.596000000000004,1,2.0
118,ERROR_M,3,124,2.88799999999992,4.048000000000002,1,2.0
118,ERROR_M,3,125,2.3099999999999454,6.906000000000176,1,2.0
118,ERROR_M,3,126,2.4099999999998545,4.438000000000102,1,2.0
118,ERROR_M,3,127,2.1140000000000327,7.579999999999927,1,2.0
118,ERROR_M,3,128,2.2639999999998963,4.592000000000098,1,2.0
118,ERROR_M,3,129,2.518000000000029,6.102000000000089,1,2.0
118,ERROR_M,3,130,2.0599999999999454,6.3599999999999,1,2.0
118,ERROR_M,3,131,2.0620000000001255,3.4299999999998363,1,2.0
118,ERROR_M,3,132,2.1520000000000437,7.872000000000071,1,2.0
118,ERROR_M,3,133,1.8240000000000691,5.123999999999796,0,2.0
118,ERROR_M,3,134,2.3980000000001382,6.5,1,2.0
118,ERROR_M,3,135,1.91599999999994,7.0219999999999345,0,2.0
118,ERROR_M,3,136,2.5,3.6940000000001874,1,2.0
118,ERROR_M,3,137,2.589999999999918,8.11200000000008,1,2.0
118,ERROR_M,3,138,1.7999999999999545,8.42599999999993,0,2.0
118,ERROR_M,3,139,2.408000000000129,4.8159999999998035,1,2.0
118,ERROR_M,3,140,2.2940000000000964,5.029999999999973,1,2.0
118,ERROR_M,3,141,2.2439999999999145,7.206000000000131,1,2.0
118,ERROR_M,3,142,2.5139999999998963,2.8120000000001255,1,2.0
118,ERROR_M,3,143,2.5739999999998417,3.6820000000000164,1,2.0
118,ERROR_M,3,144,2.55600000000004,4.782000000000153,1,2.0
118,ERROR_M,3,145,2.099999999999909,13.655999999999949,1,2.0
118,ERROR_M,3,146,1.990000000000009,8.956000000000131,0,2.0
118,ERROR_M,3,147,0.9139999999999873,11.33199999999988,0,2.0
118,ERROR_M,3,148,1.3260000000000218,7.963999999999942,0,2.0
118,ERROR_M,3,149,1.8740000000000236,8.420000000000073,0,2.0
118,ERROR_M,3,150,2.008000000000038,5.107999999999947,1,2.0
118,ERROR_M,3,151,1.9960000000000946,2.699999999999818,0,2.0
118,ERROR_M,3,152,2.1420000000000528,6.854000000000042,1,2.0
118,ERROR_M,3,153,1.8260000000000218,5.769999999999982,0,2.0
118,ERROR_M,3,154,2.321999999999889,4.024000000000115,1,2.0
118,ERROR_M,3,155,2.064000000000078,4.955999999999904,1,2.0
118,ERROR_M,3,156,2.211999999999989,6.498000000000047,1,2.0
118,ERROR_M,3,157,1.7459999999998672,5.432000000000016,0,2.0
118,ERROR_M,3,158,1.6560000000001764,7.487999999999829,0,2.0
118,ERROR_M,3,159,1.8460000000000036,7.748000000000047,0,2.0
118,ERROR_M,3,160,1.7719999999999345,8.05600000000004,0,2.0
118,ERROR_M,3,161,2.1420000000000528,4.192000000000007,1,2.0
118,ERROR_M,3,162,1.7280000000000655,5.945999999999913,0,2.0
118,ERROR_M,3,163,2.3659999999999854,6.83400000000006,1,2.0
118,ERROR_M,3,164,2.1359999999999673,5.180000000000064,1,2.0
118,ERROR_M,3,165,1.990000000000009,3.9279999999998836,0,2.0
118,ERROR_M,3,166,2.6700000000000728,2.4400000000000546,1,2.0
118,ERROR_M,3,167,2.6240000000000236,7.511999999999944,1,2.0
118,ERROR_M,3,168,1.8419999999998709,8.526000000000067,0,2.0
118,ERROR_M,3,169,2.203999999999951,5.41800000000012,1,2.0
118,ERROR_M,3,170,2.27800000000002,6.483999999999924,1,2.0
118,ERROR_M,3,171,4.938000000000102,42.72999999999979,1,2.0
118,ERROR_M,3,172,2.564000000000078,3.4139999999999873,1,2.0
118,ERROR_M,3,173,3.55600000000004,49.09400000000005,1,2.0
118,ERROR_M,3,174,1.3139999999998508,2.8860000000001946,0,2.0
118,ERROR_M,3,175,1.8559999999999945,5.13799999999992,0,2.0
118,ERROR_M,3,176,2.2480000000000473,8.432000000000016,1,2.0
118,ERROR_M,3,177,1.9539999999999509,6.990000000000009,0,2.0
118,ERROR_M,3,178,1.4839999999999236,12.394000000000005,0,2.0
118,ERROR_M,3,179,1.8540000000000418,3.008000000000038,0,2.0
118,ERROR_M,3,180,2.30600000000004,5.538000000000011,1,2.0
118,ERROR_M,3,181,1.8859999999999673,5.627999999999929,0,2.0
118,ERROR_M,3,182,2.683999999999969,5.100000000000136,1,2.0
118,ERROR_M,3,183,1.9679999999998472,7.264000000000124,0,2.0
118,ERROR_M,3,184,1.8619999999998527,6.426000000000158,0,2.0
118,ERROR_M,3,185,2.4139999999999873,8.111999999999853,1,2.0
118,ERROR_M,3,186,1.622000000000071,2.4939999999999145,0,2.0
118,ERROR_M,3,187,2.428000000000111,4.259999999999991,1,2.0
118,ERROR_M,3,188,2.2259999999998854,4.476000000000113,1,2.0
118,ERROR_M,3,189,2.30600000000004,5.059999999999945,1,2.0
118,ERROR_M,3,190,1.9139999999999873,5.738000000000056,0,2.0
118,ERROR_M,3,191,2.13799999999992,7.466000000000122,1,2.0
118,ERROR_M,3,192,2.3199999999999363,7.8279999999999745,1,2.0
118,ERROR_M,3,193,2.2480000000000473,8.495999999999867,1,2.0
118,ERROR_M,3,194,0.17800000000011096,0.029999999999972715,0,2.0
118,ERROR_M,3,195,1.6759999999999309,12.25,0,2.0
118,ERROR_M,3,196,2.3279999999999745,5.048000000000002,1,2.0
118,ERROR_M,3,197,2.3120000000001255,6.844000000000051,1,2.0
118,ERROR_M,3,198,1.981999999999971,8.211999999999989,0,2.0
118,ERROR_M,3,199,2.2180000000000746,8.14799999999991,1,2.0
118,ERROR_M,3,200,2.155999999999949,6.892000000000053,1,2.0
118,ERROR_M,3,201,1.7480000000000473,3.3719999999998436,0,2.0
118,ERROR_M,3,202,1.9139999999999873,3.6800000000000637,0,2.0
118,ERROR_M,3,203,1.91800000000012,7.173999999999978,0,2.0
118,ERROR_M,3,204,2.155999999999949,7.458000000000084,1,2.0
118,ERROR_M,3,205,1.8559999999999945,3.05399999999986,0,2.0
118,ERROR_M,3,206,2.428000000000111,8.599999999999909,1,2.0
118,ERROR_M,3,207,2.018000000000029,5.05600000000004,1,2.0
118,ERROR_M,3,208,2.341999999999871,5.848000000000184,1,2.0
118,ERROR_M,3,209,2.189999999999827,4.55600000000004,1,2.0
118,ERROR_M,3,210,2.0060000000000855,4.5219999999999345,1,2.0
118,ERROR_M,3,211,2.3320000000001073,3.5739999999998417,1,2.0
118,ERROR_M,3,212,2.1920000000000073,4.842000000000098,1,2.0
118,ERROR_M,3,213,2.122000000000071,6.617999999999938,1,2.0
118,ERROR_M,3,214,1.8840000000000146,2.703999999999951,0,2.0
118,ERROR_M,3,215,2.4279999999998836,5.578000000000202,1,2.0
118,ERROR_M,3,216,0.2819999999999254,0.029999999999972715,0,2.0
118,ERROR_M,3,217,0.8979999999999109,9.544000000000096,0,2.0
118,ERROR_M,3,218,2.071999999999889,4.9500000000000455,1,2.0
118,ERROR_M,3,219,1.9080000000001291,5.809999999999945,0,2.0
118,ERROR_M,3,220,2.36200000000008,3.7619999999999436,1,2.0
118,ERROR_M,3,221,2.02800000000002,4.101999999999862,1,2.0
118,ERROR_M,3,222,1.872000000000071,3.1359999999999673,0,2.0
118,ERROR_M,3,223,2.25,6.511999999999944,1,2.0
118,ERROR_M,3,224,2.520000000000209,7.47199999999998,1,2.0
118,ERROR_M,3,225,1.977999999999838,8.350000000000136,0,2.0
118,ERROR_M,3,226,2.3999999999998636,4.3120000000001255,1,2.0
118,ERROR_M,3,227,2.2799999999999727,5.423999999999978,1,2.0
118,ERROR_M,3,228,2.5119999999999436,5.395999999999958,1,2.0
118,ERROR_M,3,229,2.3320000000001073,6.789999999999964,1,2.0
118,ERROR_M,3,230,2.211999999999989,6.173999999999978,1,2.0
118,ERROR_M,3,231,2.2000000000000455,7.875999999999976,1,2.0
118,ERROR_M,3,232,2.4039999999999964,12.521999999999935,1,2.0
118,ERROR_M,3,233,2.852000000000089,2.6700000000000728,1,2.0
118,ERROR_M,3,234,2.604000000000042,4.973999999999933,1,2.0
118,ERROR_M,3,235,2.5979999999999563,6.983999999999924,1,2.0
118,ERROR_M,3,236,1.6800000000000637,13.104000000000042,0,2.0
118,ERROR_M,3,237,2.3799999999998818,5.938000000000102,1,2.0
118,ERROR_M,3,238,2.36200000000008,14.799999999999955,1,2.0
118,ERROR_M,3,239,2.6140000000000327,4.420000000000073,1,2.0
118,ERROR_M,3,240,2.1679999999996653,13.91000000000031,1,2.0
118,ERROR_M,3,241,2.2100000000000364,7.011999999999716,1,2.0
118,ERROR_M,3,242,1.731999999999971,6.804000000000087,0,2.0
118,ERROR_M,3,243,2.050000000000182,4.893999999999778,1,2.0
118,ERROR_M,3,244,2.0920000000000982,5.539999999999964,1,2.0
118,ERROR_M,3,245,1.711999999999989,8.490000000000236,0,2.0
118,ERROR_M,3,246,1.6359999999999673,7.743999999999687,0,2.0
118,ERROR_M,3,247,1.8160000000002583,14.003999999999905,0,2.0
118,ERROR_M,3,248,2.7539999999999054,3.256000000000313,1,2.0
118,ERROR_M,3,249,2.061999999999898,6.993999999999687,1,2.0
118,ERROR_M,3,250,1.72400000000016,4.094000000000051,0,2.0
118,ERROR_M,3,251,2.2840000000001055,5.842000000000098,1,2.0
118,ERROR_M,3,252,1.7199999999998,5.956000000000131,0,2.0
118,ERROR_M,3,253,1.393999999999778,5.08199999999988,0,2.0
118,ERROR_M,3,254,2.274000000000342,7.5479999999997744,1,2.0
118,ERROR_M,3,255,2.0160000000000764,8.264000000000124,1,2.0
118,ERROR_M,3,256,2.1399999999998727,7.572000000000116,1,2.0
118,ERROR_M,3,257,2.1039999999998145,7.834000000000287,1,2.0
118,ERROR_M,3,258,2.1539999999999964,8.155999999999949,1,2.0
118,ERROR_M,3,259,2.263999999999669,5.608000000000175,1,2.0
118,ERROR_M,3,260,1.9920000000001892,5.793999999999869,0,2.0
118,ERROR_M,3,261,2.4020000000000437,5.989999999999782,1,2.0
118,ERROR_M,3,262,2.2220000000002074,5.753999999999905,1,2.0
118,ERROR_M,3,263,2.117999999999938,4.632000000000062,1,2.0
118,ERROR_M,3,264,1.9600000000000364,5.043999999999869,0,2.0
118,ERROR_M,3,265,1.2460000000000946,0.016000000000076398,0,2.0
118,ERROR_M,3,266,0.7280000000000655,15.942000000000007,0,2.0
118,ERROR_M,3,267,2.6159999999999854,2.7460000000000946,1,2.0
118,ERROR_M,3,268,2.161999999999807,4.900000000000091,1,2.0
118,ERROR_M,3,269,1.893999999999778,16.902000000000044,0,2.0
118,ERROR_M,3,270,0.5320000000001528,112.29999999999973,0,2.0
118,ERROR_M,3,271,1.9220000000000255,6.286000000000058,0,2.0
118,ERROR_M,3,272,2.012000000000171,8.545999999999822,1,2.0
118,ERROR_M,3,273,1.800000000000182,6.77599999999984,0,2.0
118,ERROR_M,3,274,1.3960000000001855,2.66399999999976,0,2.0
118,ERROR_M,3,275,2.7780000000002474,7.057999999999993,1,2.0
118,ERROR_M,3,276,1.58199999999988,3.0419999999999163,0,2.0
118,ERROR_M,3,277,2.132000000000062,8.096000000000004,1,2.0
118,ERROR_M,3,278,1.83199999999988,6.480000000000018,0,2.0
118,ERROR_M,3,279,1.9080000000003565,8.435999999999694,0,2.0
118,ERROR_M,3,280,1.7960000000002765,3.4220000000000255,0,2.0
118,ERROR_M,3,281,2.1019999999998618,5.132000000000062,1,2.0
118,ERROR_M,3,282,1.8519999999998618,4.532000000000153,0,2.0
118,ERROR_M,3,283,1.6619999999998072,5.764000000000124,0,2.0
118,ERROR_M,3,284,2.094000000000051,4.127999999999702,1,2.0
118,ERROR_M,3,285,1.8840000000000146,6.076000000000022,0,2.0
118,ERROR_M,3,286,1.6159999999999854,7.026000000000295,0,2.0
118,ERROR_M,3,287,2.3640000000000327,7.553999999999633,1,2.0
118,ERROR_M,3,288,1.7080000000000837,2.7280000000000655,0,2.0
118,ERROR_M,3,289,2.150000000000091,5.33199999999988,1,2.0
118,ERROR_M,3,290,1.86200000000008,5.480000000000018,0,2.0
118,ERROR_M,3,291,2.175999999999931,5.552000000000135,1,2.0
118,ERROR_M,3,292,2.1900000000000546,7.817999999999756,1,2.0
118,ERROR_M,3,293,2.043999999999869,6.7280000000000655,1,2.0
118,ERROR_M,3,294,2.86200000000008,2.505999999999858,1,2.0
118,ERROR_M,3,295,2.5140000000001237,6.410000000000309,1,2.0
118,ERROR_M,3,296,1.8479999999999563,6.737999999999829,0,2.0
118,ERROR_M,3,297,2.47400000000016,5.829999999999927,1,2.0
118,ERROR_M,3,298,1.91399999999976,6.016000000000076,0,2.0
118,ERROR_M,3,299,2.124000000000251,7.039999999999964,1,2.0
118,ERROR_M,3,300,2.0160000000000764,5.411999999999807,1,2.0
118,ERROR_M,3,301,2.08199999999988,7.58600000000024,1,2.0
118,ERROR_M,3,302,2.0019999999999527,8.514000000000124,1,2.0
118,ERROR_M,3,303,1.7579999999998108,4.036000000000058,0,2.0
118,ERROR_M,3,304,2.1100000000001273,5.945999999999913,1,2.0
118,ERROR_M,3,305,2.4020000000000437,8.08999999999969,1,2.0
118,ERROR_M,3,306,2.124000000000251,4.427999999999884,1,2.0
118,ERROR_M,3,307,2.038000000000011,5.376000000000204,1,2.0
118,ERROR_M,3,308,1.8919999999998254,7.741999999999734,0,2.0
118,ERROR_M,3,309,2.1960000000003674,5.391999999999825,1,2.0
118,ERROR_M,3,310,2.2359999999998763,14.996000000000095,1,2.0
118,ERROR_M,3,311,2.0019999999999527,6.157999999999902,1,2.0
118,ERROR_M,3,312,2.1640000000002146,4.262000000000171,1,2.0
118,ERROR_M,3,313,2.149999999999636,7.472000000000207,1,2.0
118,ERROR_M,3,314,2.2919999999999163,11.316000000000258,1,2.0
118,ERROR_M,3,315,1.949999999999818,5.014000000000124,0,2.0
118,ERROR_M,3,316,1.80600000000004,6.089999999999691,0,2.0
118,ERROR_M,3,317,2.5399999999999636,6.368000000000393,1,2.0
118,ERROR_M,3,318,2.0539999999996326,11.884000000000015,1,2.0
118,ERROR_M,3,319,1.8279999999999745,3.450000000000273,0,2.0
118,ERROR_M,3,320,1.7339999999999236,0.13200000000006185,0,2.0
118,ERROR_M,3,321,0.12599999999974898,13.36200000000008,0,2.0
118,ERROR_M,3,322,1.0080000000002656,5.75,0,2.0
118,ERROR_M,3,323,1.905999999999949,4.1479999999996835,0,2.0
118,ERROR_M,3,324,1.9460000000003674,6.991999999999734,0,2.0
118,ERROR_M,3,325,1.788000000000011,7.653999999999996,0,2.0
118,ERROR_M,3,326,1.6759999999999309,3.44399999999996,0,2.0
118,ERROR_M,3,327,2.3160000000002583,3.2840000000001055,1,2.0
118,ERROR_M,3,328,2.3619999999996253,7.538000000000011,1,2.0
118,ERROR_M,3,329,2.2040000000001783,8.179999999999836,1,2.0
118,ERROR_M,3,330,2.231999999999971,8.468000000000302,1,2.0
118,ERROR_M,3,331,2.5479999999997744,4.766000000000076,1,2.0
118,ERROR_M,3,332,2.3460000000000036,4.568000000000211,1,2.0
118,ERROR_M,3,333,2.2659999999996217,6.878000000000156,1,2.0
118,ERROR_M,3,334,2.0779999999999745,5.869999999999891,1,2.0
118,ERROR_M,3,335,2.4960000000000946,7.096000000000004,1,2.0
118,ERROR_M,3,336,2.5219999999999345,8.478000000000065,1,2.0
118,ERROR_M,3,337,2.6480000000001382,,1,2.0
118,ERROR_M,4,1,1.0700000000000003,3.020000000000003,0,2.0
118,ERROR_M,4,2,1.779999999999994,7.948,0,2.0
118,ERROR_M,4,3,2.1140000000000043,7.146000000000001,1,2.0
118,ERROR_M,4,4,1.6499999999999986,6.3359999999999985,0,2.0
118,ERROR_M,4,5,1.6159999999999997,3.3700000000000045,0,2.0
118,ERROR_M,4,6,2.2379999999999995,5.0,1,2.0
118,ERROR_M,4,7,1.8599999999999994,5.439999999999998,0,2.0
118,ERROR_M,4,8,2.1380000000000052,4.205999999999989,1,2.0
118,ERROR_M,4,9,2.2520000000000095,4.471999999999994,1,2.0
118,ERROR_M,4,10,2.1440000000000055,5.849999999999994,1,2.0
118,ERROR_M,4,11,2.0700000000000074,6.878,1,2.0
118,ERROR_M,4,12,1.9199999999999875,8.430000000000007,0,2.0
118,ERROR_M,4,13,2.4620000000000033,3.1059999999999945,1,2.0
118,ERROR_M,4,14,1.9879999999999995,3.646000000000015,0,2.0
118,ERROR_M,4,15,2.501999999999981,5.902000000000015,1,2.0
118,ERROR_M,4,16,2.048000000000002,5.018000000000001,1,2.0
118,ERROR_M,4,17,2.4099999999999966,2.6699999999999875,1,2.0
118,ERROR_M,4,18,2.140000000000015,7.519999999999982,1,2.0
118,ERROR_M,4,19,1.7180000000000177,7.783999999999992,0,2.0
118,ERROR_M,4,20,2.087999999999994,4.641999999999996,1,2.0
118,ERROR_M,4,21,1.9819999999999993,6.957999999999998,0,2.0
118,ERROR_M,4,22,2.1880000000000166,5.531999999999982,1,2.0
118,ERROR_M,4,23,2.1660000000000252,8.531999999999982,1,2.0
118,ERROR_M,4,24,2.201999999999998,3.912000000000006,1,2.0
118,ERROR_M,4,25,2.3640000000000043,5.97999999999999,1,2.0
118,ERROR_M,4,26,2.030000000000001,3.562000000000012,1,2.0
118,ERROR_M,4,27,2.0660000000000025,7.813999999999993,1,2.0
118,ERROR_M,4,28,2.2539999999999907,7.496000000000009,1,2.0
118,ERROR_M,4,29,2.205999999999989,8.092000000000013,1,2.0
118,ERROR_M,4,30,2.887999999999977,4.0020000000000095,1,2.0
118,ERROR_M,4,31,2.4540000000000077,4.136000000000024,1,2.0
118,ERROR_M,4,32,2.169999999999959,4.718000000000018,1,2.0
118,ERROR_M,4,33,0.18200000000001637,28.767999999999972,0,2.0
118,ERROR_M,4,34,1.9960000000000377,6.291999999999973,0,2.0
118,ERROR_M,4,35,2.2280000000000086,3.146000000000015,1,2.0
118,ERROR_M,4,36,2.255999999999972,5.418000000000006,1,2.0
118,ERROR_M,4,37,2.2280000000000086,6.024000000000001,1,2.0
118,ERROR_M,4,38,2.269999999999982,7.018000000000029,1,2.0
118,ERROR_M,4,39,2.277999999999963,5.8940000000000055,1,2.0
118,ERROR_M,4,40,2.603999999999985,2.4840000000000373,1,2.0
118,ERROR_M,4,41,2.562000000000012,4.45799999999997,1,2.0
118,ERROR_M,4,42,2.504000000000019,3.0299999999999727,1,2.0
118,ERROR_M,4,43,2.165999999999997,6.6059999999999945,1,2.0
118,ERROR_M,4,44,1.9560000000000173,3.4639999999999986,0,2.0
118,ERROR_M,4,45,2.3799999999999955,7.562000000000012,1,2.0
118,ERROR_M,4,46,2.4420000000000073,7.899999999999977,1,2.0
118,ERROR_M,4,47,2.5600000000000023,4.021999999999991,1,2.0
118,ERROR_M,4,48,2.1920000000000073,8.102000000000032,1,2.0
118,ERROR_M,4,49,2.2059999999999604,5.188000000000045,1,2.0
118,ERROR_M,4,50,2.287999999999954,5.564000000000021,1,2.0
118,ERROR_M,4,51,2.2200000000000273,8.489999999999952,1,2.0
118,ERROR_M,4,52,1.9860000000000468,3.7479999999999905,0,2.0
118,ERROR_M,4,53,2.1299999999999955,4.849999999999966,1,2.0
118,ERROR_M,4,54,1.9660000000000082,2.7340000000000373,0,2.0
118,ERROR_M,4,55,2.3319999999999936,6.151999999999987,1,2.0
118,ERROR_M,4,56,2.2439999999999714,6.844000000000051,1,2.0
118,ERROR_M,4,57,2.2399999999999523,7.152000000000044,1,2.0
118,ERROR_M,4,58,2.1399999999999864,3.5679999999999836,1,2.0
118,ERROR_M,4,59,2.4560000000000173,4.098000000000013,1,2.0
118,ERROR_M,4,60,2.7479999999999905,5.683999999999969,1,2.0
118,ERROR_M,4,61,2.197999999999979,6.725999999999999,1,2.0
118,ERROR_M,4,62,2.2100000000000364,8.08400000000006,1,2.0
118,ERROR_M,4,63,2.13799999999992,5.1200000000000045,1,2.0
118,ERROR_M,4,64,2.0679999999999836,4.461999999999989,1,2.0
118,ERROR_M,4,65,2.4960000000000946,8.539999999999964,1,2.0
118,ERROR_M,4,66,1.7019999999999982,5.412000000000035,0,2.0
118,ERROR_M,4,67,2.5319999999999254,4.710000000000036,1,2.0
118,ERROR_M,4,68,2.2000000000000455,3.783999999999992,1,2.0
118,ERROR_M,4,69,1.967999999999961,7.097999999999956,0,2.0
118,ERROR_M,4,70,2.1800000000000637,4.346000000000004,1,2.0
118,ERROR_M,4,71,1.9539999999999509,6.040000000000077,0,2.0
118,ERROR_M,4,72,2.1259999999999764,6.67999999999995,1,2.0
118,ERROR_M,4,73,1.97199999999998,7.358000000000061,0,2.0
118,ERROR_M,4,74,2.230000000000018,3.3220000000000027,1,2.0
118,ERROR_M,4,75,2.449999999999932,7.812000000000012,1,2.0
118,ERROR_M,4,76,2.0679999999999836,3.6299999999999955,1,2.0
118,ERROR_M,4,77,2.9360000000000355,5.580000000000041,1,2.0
118,ERROR_M,4,78,2.2719999999999345,5.8279999999999745,1,2.0
118,ERROR_M,4,79,1.9279999999999973,3.022000000000048,0,2.0
118,ERROR_M,4,80,2.97199999999998,2.4300000000000637,1,2.0
118,ERROR_M,4,81,2.7439999999999145,2.7800000000000864,1,2.0
118,ERROR_M,4,82,2.631999999999948,6.759999999999991,1,2.0
118,ERROR_M,4,83,2.3780000000000427,4.816000000000031,1,2.0
118,ERROR_M,4,84,2.225999999999999,7.189999999999941,1,2.0
118,ERROR_M,4,85,2.32000000000005,7.543999999999983,1,2.0
118,ERROR_M,4,86,2.0499999999999545,4.094000000000051,1,2.0
118,ERROR_M,4,87,2.19399999999996,7.80600000000004,1,2.0
118,ERROR_M,4,88,2.01400000000001,4.157999999999902,1,2.0
118,ERROR_M,4,89,1.7860000000000582,3.6680000000000064,0,2.0
118,ERROR_M,4,90,1.92999999999995,4.9360000000000355,0,2.0
118,ERROR_M,4,91,2.216000000000008,6.004000000000019,1,2.0
118,ERROR_M,4,92,2.0779999999999745,6.51400000000001,1,2.0
118,ERROR_M,4,93,2.131999999999948,8.232000000000085,1,2.0
118,ERROR_M,4,94,1.8979999999999109,8.402000000000044,0,2.0
118,ERROR_M,4,95,1.8940000000000055,4.648000000000025,0,2.0
118,ERROR_M,4,96,2.066000000000031,3.9419999999998936,1,2.0
118,ERROR_M,4,97,2.2120000000001028,5.051999999999907,1,2.0
118,ERROR_M,4,98,2.7240000000000464,5.898000000000025,1,2.0
118,ERROR_M,4,99,2.298000000000002,6.055999999999926,1,2.0
118,ERROR_M,4,100,2.1680000000000064,6.886000000000081,1,2.0
118,ERROR_M,4,101,2.6539999999999964,7.053999999999974,1,2.0
118,ERROR_M,4,102,2.3500000000000227,7.51400000000001,1,2.0
118,ERROR_M,4,103,2.225999999999999,7.793999999999983,1,2.0
118,ERROR_M,4,104,2.0019999999999527,10.05600000000004,1,2.0
118,ERROR_M,4,105,0.5040000000000191,9.091999999999985,0,2.0
118,ERROR_M,4,106,2.187999999999988,6.427999999999997,1,2.0
118,ERROR_M,4,107,2.217999999999961,4.108000000000061,1,2.0
118,ERROR_M,4,108,2.449999999999932,4.498000000000047,1,2.0
118,ERROR_M,4,109,2.3500000000000227,4.001999999999953,1,2.0
118,ERROR_M,4,110,2.508000000000038,3.717999999999961,1,2.0
118,ERROR_M,4,111,2.4020000000000437,3.8500000000000227,1,2.0
118,ERROR_M,4,112,2.491999999999962,5.100000000000023,1,2.0
118,ERROR_M,4,113,2.1779999999999973,5.5919999999999845,1,2.0
118,ERROR_M,4,114,2.0439999999999827,4.898000000000025,1,2.0
118,ERROR_M,4,115,0.06799999999998363,0.03999999999996362,0,2.0
118,ERROR_M,4,116,0.8279999999999745,9.994000000000028,0,2.0
118,ERROR_M,4,117,2.254000000000019,8.51400000000001,1,2.0
118,ERROR_M,4,118,2.1299999999999955,3.268000000000029,1,2.0
118,ERROR_M,4,119,2.274000000000001,3.863999999999919,1,2.0
118,ERROR_M,4,120,2.2200000000000273,3.518000000000029,1,2.0
118,ERROR_M,4,121,2.3319999999999936,5.567999999999984,1,2.0
118,ERROR_M,4,122,2.3759999999999764,5.060000000000059,1,2.0
118,ERROR_M,4,123,2.019999999999982,5.826000000000022,1,2.0
118,ERROR_M,4,124,2.0599999999999454,4.937999999999988,1,2.0
118,ERROR_M,4,125,2.316000000000031,6.114000000000033,1,2.0
118,ERROR_M,4,126,2.062000000000012,6.474000000000046,1,2.0
118,ERROR_M,4,127,1.9639999999999418,4.160000000000082,0,2.0
118,ERROR_M,4,128,1.9519999999999982,7.02599999999984,0,2.0
118,ERROR_M,4,129,1.97400000000016,6.427999999999884,0,2.0
118,ERROR_M,4,130,1.849999999999909,7.9340000000001965,0,2.0
118,ERROR_M,4,131,2.089999999999918,4.412000000000035,1,2.0
118,ERROR_M,4,132,2.119999999999891,4.226000000000113,1,2.0
118,ERROR_M,4,133,2.2539999999999054,6.892000000000053,1,2.0
118,ERROR_M,4,134,2.2360000000001037,7.869999999999891,1,2.0
118,ERROR_M,4,135,2.4580000000000837,3.2719999999999345,1,2.0
118,ERROR_M,4,136,2.349999999999909,3.4780000000000655,1,2.0
118,ERROR_M,4,137,2.5519999999999072,4.6840000000001965,1,2.0
118,ERROR_M,4,138,2.3239999999998417,5.110000000000127,1,2.0
118,ERROR_M,4,139,2.0839999999998327,6.153999999999996,1,2.0
118,ERROR_M,4,140,2.3200000000001637,6.740000000000009,1,2.0
118,ERROR_M,4,141,1.9700000000000273,7.043999999999869,0,2.0
118,ERROR_M,4,142,2.240000000000009,4.514000000000124,1,2.0
118,ERROR_M,4,143,1.8799999999998818,7.766000000000076,0,2.0
118,ERROR_M,4,144,1.9659999999998945,3.7180000000000746,0,2.0
118,ERROR_M,4,145,2.311999999999898,5.540000000000191,1,2.0
118,ERROR_M,4,146,2.369999999999891,7.753999999999905,1,2.0
118,ERROR_M,4,147,2.3740000000000236,16.84400000000005,1,2.0
118,ERROR_M,4,148,2.490000000000009,8.433999999999969,1,2.0
118,ERROR_M,4,149,2.298000000000002,6.476000000000113,1,2.0
118,ERROR_M,4,150,2.0519999999999072,9.365999999999985,1,2.0
118,ERROR_M,4,151,2.08400000000006,3.990000000000009,1,2.0
118,ERROR_M,4,152,2.313999999999851,5.926000000000158,1,2.0
118,ERROR_M,4,153,2.3379999999999654,3.9120000000000346,1,2.0
118,ERROR_M,4,154,2.316000000000031,6.798000000000002,1,2.0
118,ERROR_M,4,155,2.009999999999991,5.069999999999936,1,2.0
118,ERROR_M,4,156,2.8420000000000982,8.461999999999989,1,2.0
118,ERROR_M,4,157,1.8659999999999854,3.3740000000000236,0,2.0
118,ERROR_M,4,158,2.313999999999851,4.402000000000044,1,2.0
118,ERROR_M,4,159,1.9939999999999145,5.744000000000142,0,2.0
118,ERROR_M,4,160,2.038000000000011,4.261999999999944,1,2.0
118,ERROR_M,4,161,2.3640000000000327,5.488000000000056,1,2.0
118,ERROR_M,4,162,2.3460000000000036,4.483999999999924,1,2.0
118,ERROR_M,4,163,2.3040000000000873,6.045999999999822,1,2.0
118,ERROR_M,4,164,2.4220000000000255,6.532000000000153,1,2.0
118,ERROR_M,4,165,2.5279999999997926,15.040000000000191,1,2.0
118,ERROR_M,4,166,1.6820000000000164,6.319999999999936,0,2.0
118,ERROR_M,4,167,2.2639999999998963,3.30600000000004,1,2.0
118,ERROR_M,4,168,2.0219999999999345,8.136000000000195,1,2.0
118,ERROR_M,4,169,1.9479999999998654,7.448000000000093,0,2.0
118,ERROR_M,4,170,2.2079999999998563,3.1380000000001473,1,2.0
118,ERROR_M,4,171,0.987999999999829,8.548000000000002,0,2.0
118,ERROR_M,4,172,2.00200000000018,3.439999999999827,1,2.0
118,ERROR_M,4,173,1.990000000000009,4.75200000000018,0,2.0
118,ERROR_M,4,174,2.369999999999891,4.47199999999998,1,2.0
118,ERROR_M,4,175,2.258000000000038,7.5060000000000855,1,2.0
118,ERROR_M,4,176,1.8639999999998054,4.020000000000209,0,2.0
118,ERROR_M,4,177,2.41599999999994,5.536000000000058,1,2.0
118,ERROR_M,4,178,2.0019999999999527,5.83199999999988,1,2.0
118,ERROR_M,4,179,1.8680000000001655,6.933999999999969,0,2.0
118,ERROR_M,4,180,2.1319999999998345,6.5300000000002,1,2.0
118,ERROR_M,4,181,2.3179999999999836,8.097999999999956,1,2.0
118,ERROR_M,4,182,1.740000000000009,8.031999999999925,0,2.0
118,ERROR_M,4,183,2.132000000000062,8.478000000000065,1,2.0
118,ERROR_M,4,184,1.7579999999998108,2.4700000000000273,0,2.0
118,ERROR_M,4,185,2.3840000000000146,3.3460000000000036,1,2.0
118,ERROR_M,4,186,2.4739999999999327,5.2000000000000455,1,2.0
118,ERROR_M,4,187,2.130000000000109,3.9659999999998945,1,2.0
118,ERROR_M,4,188,2.9300000000000637,6.2280000000000655,1,2.0
118,ERROR_M,4,189,2.44399999999996,5.293999999999869,1,2.0
118,ERROR_M,4,190,2.230000000000018,3.9060000000001764,1,2.0
118,ERROR_M,4,191,2.245999999999867,7.844000000000051,1,2.0
118,ERROR_M,4,192,2.1359999999999673,8.423999999999978,1,2.0
118,ERROR_M,4,193,1.8759999999999764,6.385999999999967,0,2.0
118,ERROR_M,4,194,2.1480000000001382,6.163999999999987,1,2.0
118,ERROR_M,4,195,1.9600000000000364,3.9039999999999964,0,2.0
118,ERROR_M,4,196,2.1419999999998254,8.004000000000133,1,2.0
118,ERROR_M,4,197,1.9759999999998854,3.6660000000001673,0,2.0
118,ERROR_M,4,198,1.8799999999998818,6.624000000000024,0,2.0
118,ERROR_M,4,199,1.9739999999999327,5.706000000000131,0,2.0
118,ERROR_M,4,200,1.6539999999999964,2.66599999999994,0,2.0
118,ERROR_M,4,201,2.7339999999999236,3.1059999999999945,1,2.0
118,ERROR_M,4,202,1.9220000000000255,6.948000000000093,0,2.0
118,ERROR_M,4,203,1.933999999999969,3.3079999999999927,0,2.0
118,ERROR_M,4,204,2.22199999999998,6.08400000000006,1,2.0
118,ERROR_M,4,205,2.27800000000002,7.717999999999847,1,2.0
118,ERROR_M,4,206,2.0440000000000964,8.1400000000001,1,2.0
118,ERROR_M,4,207,2.6359999999999673,2.4199999999998454,1,2.0
118,ERROR_M,4,208,2.234000000000151,11.283999999999878,1,2.0
118,ERROR_M,4,209,1.7480000000000473,4.923999999999978,0,2.0
118,ERROR_M,4,210,2.066000000000031,4.759999999999991,1,2.0
118,ERROR_M,4,211,2.1700000000000728,10.809999999999945,1,2.0
118,ERROR_M,4,212,2.009999999999991,3.117999999999938,1,2.0
118,ERROR_M,4,213,2.0920000000000982,6.8559999999999945,1,2.0
118,ERROR_M,4,214,2.13799999999992,4.4780000000000655,1,2.0
118,ERROR_M,4,215,2.0419999999999163,7.170000000000073,1,2.0
118,ERROR_M,4,216,2.183999999999969,7.461999999999989,1,2.0
118,ERROR_M,4,217,2.2920000000001437,12.523999999999887,1,2.0
118,ERROR_M,4,218,0.27800000000002,0.04600000000004911,0,2.0
118,ERROR_M,4,219,0.9619999999999891,44.422000000000025,0,2.0
118,ERROR_M,4,220,0.03399999999987813,87.27999999999997,0,2.0
118,ERROR_M,4,221,1.4400000000000546,5.86200000000008,0,2.0
118,ERROR_M,4,222,1.4659999999998945,2.688000000000102,0,2.0
118,ERROR_M,4,223,2.245999999999867,4.802000000000135,1,2.0
118,ERROR_M,4,224,1.6739999999999782,5.4659999999998945,0,2.0
118,ERROR_M,4,225,2.0520000000001346,6.491999999999962,1,2.0
118,ERROR_M,4,226,1.6800000000000637,2.9559999999999036,0,2.0
118,ERROR_M,4,227,1.7860000000000582,4.953999999999951,0,2.0
118,ERROR_M,4,228,1.8479999999999563,4.72199999999998,0,2.0
118,ERROR_M,4,229,1.8820000000000618,3.4020000000000437,0,2.0
118,ERROR_M,4,230,2.132000000000062,4.2199999999998,1,2.0
118,ERROR_M,4,231,2.344000000000051,8.208000000000084,1,2.0
118,ERROR_M,4,232,2.382000000000062,8.495999999999867,1,2.0
118,ERROR_M,4,233,1.9700000000000273,2.3920000000000528,0,2.0
118,ERROR_M,4,234,2.22199999999998,7.458000000000084,1,2.0
118,ERROR_M,4,235,1.8619999999998527,2.7560000000000855,0,2.0
118,ERROR_M,4,236,2.265999999999849,7.850000000000136,1,2.0
118,ERROR_M,4,237,1.8519999999998618,27.9820000000002,0,2.0
118,ERROR_M,4,238,1.4420000000000073,3.369999999999891,0,2.0
118,ERROR_M,4,239,2.1480000000001382,4.089999999999691,1,2.0
118,ERROR_M,4,240,1.8520000000003165,5.496000000000095,0,2.0
118,ERROR_M,4,241,1.69399999999996,6.947999999999865,0,2.0
118,ERROR_M,4,242,2.4220000000000255,5.127999999999702,1,2.0
118,ERROR_M,4,243,2.3140000000003056,4.10799999999972,1,2.0
118,ERROR_M,4,244,2.1480000000001382,4.826000000000022,1,2.0
118,ERROR_M,4,245,2.0340000000001055,3.206000000000131,1,2.0
118,ERROR_M,4,246,2.2599999999997635,11.057999999999993,1,2.0
118,ERROR_M,4,247,2.231999999999971,5.382000000000062,1,2.0
118,ERROR_M,4,248,1.6280000000001564,5.723999999999705,0,2.0
118,ERROR_M,4,249,2.106000000000222,6.483999999999924,1,2.0
118,ERROR_M,4,250,1.893999999999778,3.856000000000222,0,2.0
118,ERROR_M,4,251,1.987999999999829,4.018000000000029,0,2.0
118,ERROR_M,4,252,2.436000000000149,5.177999999999884,1,2.0
118,ERROR_M,4,253,1.5740000000000691,4.704000000000178,0,2.0
118,ERROR_M,4,254,2.1239999999997963,6.152000000000044,1,2.0
118,ERROR_M,4,255,1.7919999999999163,6.342000000000098,0,2.0
118,ERROR_M,4,256,2.1539999999999964,6.873999999999796,1,2.0
118,ERROR_M,4,257,1.8500000000003638,2.8779999999997017,0,2.0
118,ERROR_M,4,258,2.711999999999989,6.996000000000095,1,2.0
118,ERROR_M,4,259,2.211999999999989,11.838000000000193,1,2.0
118,ERROR_M,4,260,1.9479999999998654,7.682000000000244,0,2.0
118,ERROR_M,4,261,2.2419999999997344,8.508000000000266,1,2.0
118,ERROR_M,4,262,2.0579999999999927,10.047999999999774,1,2.0
118,ERROR_M,4,263,1.6019999999998618,5.376000000000204,0,2.0
118,ERROR_M,4,264,2.35799999999972,3.492000000000189,1,2.0
118,ERROR_M,4,265,2.0720000000001164,7.7719999999999345,1,2.0
118,ERROR_M,4,266,2.181999999999789,5.574000000000069,1,2.0
118,ERROR_M,4,267,2.0260000000002947,8.094000000000051,1,2.0
118,ERROR_M,4,268,1.8279999999999745,3.8159999999998035,0,2.0
118,ERROR_M,4,269,2.3580000000001746,3.061999999999898,1,2.0
118,ERROR_M,4,270,2.6659999999997126,3.094000000000051,1,2.0
118,ERROR_M,4,271,2.080000000000382,5.2199999999998,1,2.0
118,ERROR_M,4,272,2.036000000000058,6.519999999999982,1,2.0
118,ERROR_M,4,273,2.1599999999998545,5.867999999999938,1,2.0
118,ERROR_M,4,274,1.7699999999999818,4.001999999999953,0,2.0
118,ERROR_M,4,275,1.9760000000001128,5.550000000000182,0,2.0
118,ERROR_M,4,276,1.9960000000000946,7.447999999999865,0,2.0
118,ERROR_M,4,277,2.0960000000000036,7.070000000000164,1,2.0
118,ERROR_M,4,278,2.0459999999998217,8.072000000000116,1,2.0
118,ERROR_M,4,279,2.230000000000018,3.919999999999618,1,2.0
118,ERROR_M,4,280,2.2260000000001128,7.789999999999964,1,2.0
118,ERROR_M,4,281,2.0,8.736000000000331,0,2.0
118,ERROR_M,4,282,1.8399999999996908,6.001999999999953,0,2.0
118,ERROR_M,4,283,2.218000000000302,4.277999999999793,1,2.0
118,ERROR_M,4,284,1.7480000000000473,5.072000000000116,0,2.0
118,ERROR_M,4,285,2.0160000000000764,5.483999999999924,1,2.0
118,ERROR_M,4,286,1.8859999999999673,6.708000000000084,0,2.0
118,ERROR_M,4,287,2.0479999999997744,10.235999999999876,1,2.0
118,ERROR_M,4,288,2.1580000000003565,7.741999999999734,1,2.0
118,ERROR_M,4,289,2.16800000000012,3.262000000000171,1,2.0
118,ERROR_M,4,290,2.513999999999669,8.036000000000058,1,2.0
118,ERROR_M,4,291,2.1700000000000728,9.82400000000007,1,2.0
118,ERROR_M,4,292,1.788000000000011,3.9859999999998763,0,2.0
118,ERROR_M,4,293,2.0720000000001164,6.045999999999822,1,2.0
118,ERROR_M,4,294,2.044000000000324,8.893999999999778,1,2.0
118,ERROR_M,4,295,2.1159999999999854,5.52599999999984,1,2.0
118,ERROR_M,4,296,2.236000000000331,7.889999999999873,1,2.0
118,ERROR_M,4,297,2.038000000000011,3.992000000000189,1,2.0
118,ERROR_M,4,298,2.1039999999998145,5.05600000000004,1,2.0
118,ERROR_M,4,299,2.16800000000012,4.753999999999905,1,2.0
118,ERROR_M,4,300,1.8820000000000618,5.039999999999964,0,2.0
118,ERROR_M,4,301,2.461999999999989,17.61999999999989,1,2.0
118,ERROR_M,4,302,2.367999999999938,49.903999999999996,1,2.0
118,ERROR_M,4,303,2.132000000000062,8.621999999999844,1,2.0
118,ERROR_M,4,304,0.49000000000023647,9.788000000000011,0,2.0
118,ERROR_M,4,305,0.36400000000003274,20.653999999999996,0,2.0
118,ERROR_M,4,306,0.4079999999999018,36.47400000000016,0,2.0
118,ERROR_M,4,307,1.1859999999996944,23.135999999999967,0,2.0
118,ERROR_M,4,308,1.8400000000001455,88.73599999999988,0,2.0
118,ERROR_M,4,309,2.0100000000002183,5.094000000000051,1,2.0
118,ERROR_M,4,310,1.7619999999997162,7.789999999999964,0,2.0
118,ERROR_M,4,311,1.9980000000000473,5.488000000000284,0,2.0
118,ERROR_M,4,312,1.931999999999789,6.72400000000016,0,2.0
118,ERROR_M,4,313,2.52599999999984,2.382000000000062,1,2.0
118,ERROR_M,4,314,2.0979999999999563,8.117999999999938,1,2.0
118,ERROR_M,4,315,2.1200000000003456,8.49599999999964,1,2.0
118,ERROR_M,4,316,2.036000000000058,4.483999999999924,1,2.0
118,ERROR_M,4,317,2.0820000000003347,3.487999999999829,1,2.0
118,ERROR_M,4,318,2.1480000000001382,5.985999999999876,1,2.0
118,ERROR_M,4,319,2.0900000000001455,6.157999999999902,1,2.0
118,ERROR_M,4,320,1.949999999999818,5.7840000000001055,0,2.0
118,ERROR_M,4,321,1.8980000000001382,5.961999999999989,0,2.0
118,ERROR_M,4,322,2.311999999999898,6.445999999999913,1,2.0
118,ERROR_M,4,323,2.242000000000189,7.083999999999833,1,2.0
118,ERROR_M,4,324,1.856000000000222,7.4539999999997235,0,2.0
118,ERROR_M,4,325,1.7919999999999163,3.3460000000000036,0,2.0
118,ERROR_M,4,326,1.792000000000371,8.399999999999636,0,2.0
118,ERROR_M,4,327,2.0700000000001637,4.1340000000000146,1,2.0
118,ERROR_M,4,328,1.9340000000001965,3.993999999999687,0,2.0
118,ERROR_M,4,329,2.0,3.8980000000001382,0,2.0
118,ERROR_M,4,330,1.6619999999998072,,0,2.0
118,ERROR_M,5,1,1.1679999999999993,8.433999999999997,0,2.0
118,ERROR_M,5,2,1.740000000000002,5.684000000000005,0,2.0
118,ERROR_M,5,3,1.7519999999999953,4.658000000000001,0,2.0
118,ERROR_M,5,4,2.152000000000001,4.508000000000003,1,2.0
118,ERROR_M,5,5,1.8899999999999935,4.915999999999997,0,2.0
118,ERROR_M,5,6,1.7780000000000058,3.0700000000000074,0,2.0
118,ERROR_M,5,7,2.161999999999992,6.5460000000000065,1,2.0
118,ERROR_M,5,8,1.6299999999999955,5.429999999999993,0,2.0
118,ERROR_M,5,9,2.024000000000001,3.818000000000012,1,2.0
118,ERROR_M,5,10,2.009999999999991,6.799999999999997,1,2.0
118,ERROR_M,5,11,1.8500000000000085,7.0120000000000005,0,2.0
118,ERROR_M,5,12,2.4059999999999917,7.746000000000009,1,2.0
118,ERROR_M,5,13,1.7399999999999949,3.616000000000014,0,2.0
118,ERROR_M,5,14,2.0819999999999936,4.317999999999984,1,2.0
118,ERROR_M,5,15,2.0060000000000002,3.4339999999999975,1,2.0
118,ERROR_M,5,16,2.030000000000001,7.496000000000009,1,2.0
118,ERROR_M,5,17,2.087999999999994,8.141999999999996,1,2.0
118,ERROR_M,5,18,2.0100000000000193,6.081999999999994,1,2.0
118,ERROR_M,5,19,2.108000000000004,2.8479999999999848,1,2.0
118,ERROR_M,5,20,2.6980000000000075,4.900000000000006,1,2.0
118,ERROR_M,5,21,2.133999999999986,4.02200000000002,1,2.0
118,ERROR_M,5,22,2.5360000000000014,5.665999999999997,1,2.0
118,ERROR_M,5,23,1.9120000000000061,6.371999999999986,0,2.0
118,ERROR_M,5,24,2.4979999999999905,7.5400000000000205,1,2.0
118,ERROR_M,5,25,2.7680000000000007,7.675999999999988,1,2.0
118,ERROR_M,5,26,2.455999999999989,2.9540000000000077,1,2.0
118,ERROR_M,5,27,2.426000000000016,3.4879999999999995,1,2.0
118,ERROR_M,5,28,2.441999999999979,8.180000000000007,1,2.0
118,ERROR_M,5,29,1.9140000000000157,4.449999999999989,0,2.0
118,ERROR_M,5,30,1.8559999999999945,1.6440000000000055,0,2.0
118,ERROR_M,5,31,0.060000000000002274,3.3519999999999754,0,2.0
118,ERROR_M,5,32,2.51400000000001,7.3659999999999854,1,2.0
118,ERROR_M,5,33,1.2900000000000205,5.2620000000000005,0,2.0
118,ERROR_M,5,34,2.6899999999999977,6.828000000000031,1,2.0
118,ERROR_M,5,35,2.561999999999955,3.900000000000034,1,2.0
118,ERROR_M,5,36,2.4499999999999886,7.057999999999993,1,2.0
118,ERROR_M,5,37,2.04200000000003,8.47199999999998,1,2.0
118,ERROR_M,5,38,1.8360000000000127,2.8419999999999845,0,2.0
118,ERROR_M,5,39,2.2579999999999814,3.73599999999999,1,2.0
118,ERROR_M,5,40,2.4220000000000255,4.552000000000021,1,2.0
118,ERROR_M,5,41,2.8700000000000045,5.075999999999965,1,2.0
118,ERROR_M,5,42,3.180000000000007,7.742000000000019,1,2.0
118,ERROR_M,5,43,2.5360000000000014,7.967999999999961,1,2.0
118,ERROR_M,5,44,2.1779999999999973,6.356000000000051,1,2.0
118,ERROR_M,5,45,2.0539999999999736,8.512,1,2.0
118,ERROR_M,5,46,2.0579999999999927,2.944000000000017,1,2.0
118,ERROR_M,5,47,2.5500000000000114,3.3519999999999754,1,2.0
118,ERROR_M,5,48,2.5400000000000205,2.887999999999977,1,2.0
118,ERROR_M,5,49,2.225999999999999,3.8040000000000305,1,2.0
118,ERROR_M,5,50,1.9539999999999509,3.948000000000036,0,2.0
118,ERROR_M,5,51,2.4139999999999873,4.3840000000000146,1,2.0
118,ERROR_M,5,52,2.245999999999981,5.706000000000017,1,2.0
118,ERROR_M,5,53,2.127999999999986,5.6580000000000155,1,2.0
118,ERROR_M,5,54,2.225999999999999,6.741999999999962,1,2.0
118,ERROR_M,5,55,2.3660000000000423,6.524000000000001,1,2.0
118,ERROR_M,5,56,1.9119999999999777,6.994000000000028,0,2.0
118,ERROR_M,5,57,2.1019999999999754,4.745999999999981,1,2.0
118,ERROR_M,5,58,2.3080000000000496,7.503999999999962,1,2.0
118,ERROR_M,5,59,2.26400000000001,3.5919999999999845,1,2.0
118,ERROR_M,5,60,1.9300000000000068,3.372000000000014,0,2.0
118,ERROR_M,5,61,2.7180000000000177,4.729999999999961,1,2.0
118,ERROR_M,5,62,2.076000000000022,5.447999999999979,1,2.0
118,ERROR_M,5,63,1.9540000000000077,6.427999999999997,0,2.0
118,ERROR_M,5,64,2.3100000000000023,6.80600000000004,1,2.0
118,ERROR_M,5,65,1.7619999999999436,6.920000000000073,0,2.0
118,ERROR_M,5,66,2.161999999999921,3.701999999999998,1,2.0
118,ERROR_M,5,67,0.2340000000000373,0.005999999999971806,0,2.0
118,ERROR_M,5,68,0.6560000000000628,20.03800000000001,0,2.0
118,ERROR_M,5,69,2.65199999999993,4.433999999999969,1,2.0
118,ERROR_M,5,70,2.094000000000051,7.951999999999998,1,2.0
118,ERROR_M,5,71,2.3659999999999854,4.087999999999965,1,2.0
118,ERROR_M,5,72,2.060000000000059,5.843999999999937,1,2.0
118,ERROR_M,5,73,1.90400000000011,7.973999999999933,0,2.0
118,ERROR_M,5,74,2.1280000000000427,3.274000000000001,1,2.0
118,ERROR_M,5,75,2.1259999999999764,6.097999999999956,1,2.0
118,ERROR_M,5,76,1.9780000000000655,8.423999999999978,0,2.0
118,ERROR_M,5,77,2.2000000000000455,7.445999999999913,1,2.0
118,ERROR_M,5,78,1.8220000000000027,2.3600000000000136,0,2.0
118,ERROR_M,5,79,2.0299999999999727,6.624000000000024,1,2.0
118,ERROR_M,5,80,2.20799999999997,8.146000000000072,1,2.0
118,ERROR_M,5,81,1.8379999999999654,3.4139999999999873,0,2.0
118,ERROR_M,5,82,1.9279999999999973,6.662000000000035,0,2.0
118,ERROR_M,5,83,1.7340000000000373,3.5659999999999172,0,2.0
118,ERROR_M,5,84,1.509999999999991,8.398000000000025,0,2.0
118,ERROR_M,5,85,1.6720000000000255,4.059999999999945,0,2.0
118,ERROR_M,5,86,2.050000000000068,4.505999999999972,1,2.0
118,ERROR_M,5,87,1.72199999999998,5.656000000000063,0,2.0
118,ERROR_M,5,88,2.227999999999952,7.466000000000008,1,2.0
118,ERROR_M,5,89,1.8120000000000118,3.0259999999999536,0,2.0
118,ERROR_M,5,90,1.8840000000000146,6.360000000000014,0,2.0
118,ERROR_M,5,91,1.4099999999999682,2.8420000000000982,0,2.0
118,ERROR_M,5,92,1.8179999999999836,2.7339999999999236,0,2.0
118,ERROR_M,5,93,2.1539999999999964,5.033999999999992,1,2.0
118,ERROR_M,5,94,2.1920000000000073,6.152000000000044,1,2.0
118,ERROR_M,5,95,1.8999999999999773,4.642000000000053,0,2.0
118,ERROR_M,5,96,1.9979999999999336,6.9500000000000455,0,2.0
118,ERROR_M,5,97,1.8519999999999754,7.659999999999968,0,2.0
118,ERROR_M,5,98,2.146000000000072,7.531999999999925,1,2.0
118,ERROR_M,5,99,1.9880000000000564,7.683999999999969,0,2.0
118,ERROR_M,5,100,1.8120000000000118,6.816000000000031,0,2.0
118,ERROR_M,5,101,1.3700000000000045,4.95799999999997,0,2.0
118,ERROR_M,5,102,1.669999999999959,8.1400000000001,0,2.0
118,ERROR_M,5,103,1.599999999999909,8.331999999999994,0,2.0
118,ERROR_M,5,104,1.8540000000000418,3.1480000000000246,0,2.0
118,ERROR_M,5,105,1.524000000000001,2.3439999999999372,0,2.0
118,ERROR_M,5,106,2.07000000000005,3.4500000000000455,1,2.0
118,ERROR_M,5,107,2.25,4.079999999999927,1,2.0
118,ERROR_M,5,108,2.1580000000000155,5.601999999999975,1,2.0
118,ERROR_M,5,109,1.8100000000000591,4.011999999999944,0,2.0
118,ERROR_M,5,110,1.9820000000000846,4.611999999999966,0,2.0
118,ERROR_M,5,111,2.189999999999941,5.872000000000071,1,2.0
118,ERROR_M,5,112,1.5019999999999527,3.508000000000038,0,2.0
118,ERROR_M,5,113,1.9919999999999618,4.648000000000025,0,2.0
118,ERROR_M,5,114,1.8400000000000318,5.967999999999961,0,2.0
118,ERROR_M,5,115,1.532000000000039,6.716000000000008,0,2.0
118,ERROR_M,5,116,2.0659999999999172,7.100000000000023,1,2.0
118,ERROR_M,5,117,1.6680000000000064,7.344000000000051,0,2.0
118,ERROR_M,5,118,1.8619999999999663,7.956000000000017,0,2.0
118,ERROR_M,5,119,1.88799999999992,4.340000000000032,0,2.0
118,ERROR_M,5,120,1.981999999999971,8.57000000000005,0,2.0
118,ERROR_M,5,121,1.538000000000011,5.67999999999995,0,2.0
118,ERROR_M,5,122,1.7040000000000646,6.367999999999938,0,2.0
118,ERROR_M,5,123,2.0300000000000864,8.441999999999894,1,2.0
118,ERROR_M,5,124,1.788000000000011,3.4400000000000546,0,2.0
118,ERROR_M,5,125,1.9639999999999418,6.782000000000039,0,2.0
118,ERROR_M,5,126,1.9420000000000073,4.655999999999949,0,2.0
118,ERROR_M,5,127,1.6460000000000719,5.994000000000028,0,2.0
118,ERROR_M,5,128,1.7699999999999818,2.3479999999999563,0,2.0
118,ERROR_M,5,129,2.481999999999971,3.0020000000000664,1,2.0
118,ERROR_M,5,130,1.79200000000003,3.0439999999999827,0,2.0
118,ERROR_M,5,131,2.363999999999919,3.798000000000002,1,2.0
118,ERROR_M,5,132,2.0919999999999845,4.580000000000041,1,2.0
118,ERROR_M,5,133,1.9039999999999964,5.130000000000109,0,2.0
118,ERROR_M,5,134,1.8859999999999673,5.351999999999862,0,2.0
118,ERROR_M,5,135,2.0579999999999927,7.1059999999999945,1,2.0
118,ERROR_M,5,136,1.8860000000001946,3.6440000000000055,0,2.0
118,ERROR_M,5,137,2.08199999999988,4.544000000000096,1,2.0
118,ERROR_M,5,138,1.9919999999999618,2.201999999999998,0,2.0
118,ERROR_M,5,139,0.13999999999987267,2.630000000000109,0,2.0
118,ERROR_M,5,140,2.2080000000000837,4.757999999999811,1,2.0
118,ERROR_M,5,141,1.8120000000001255,5.753999999999905,0,2.0
118,ERROR_M,5,142,2.1920000000000073,4.470000000000027,1,2.0
118,ERROR_M,5,143,1.816000000000031,6.481999999999971,0,2.0
118,ERROR_M,5,144,2.1359999999999673,3.4880000000000564,1,2.0
118,ERROR_M,5,145,2.4500000000000455,3.91599999999994,1,2.0
118,ERROR_M,5,146,2.2560000000000855,5.52800000000002,1,2.0
118,ERROR_M,5,147,1.9359999999999218,6.6720000000000255,0,2.0
118,ERROR_M,5,148,2.4939999999999145,6.155999999999949,1,2.0
118,ERROR_M,5,149,2.0240000000001146,7.135999999999967,1,2.0
118,ERROR_M,5,150,2.0699999999999363,7.86200000000008,1,2.0
118,ERROR_M,5,151,2.283999999999878,8.124000000000024,1,2.0
118,ERROR_M,5,152,2.19600000000014,8.561999999999898,1,2.0
118,ERROR_M,5,153,2.1480000000001382,7.5779999999999745,1,2.0
118,ERROR_M,5,154,2.3799999999998818,2.94399999999996,1,2.0
118,ERROR_M,5,155,2.1539999999999964,3.318000000000211,1,2.0
118,ERROR_M,5,156,2.155999999999949,5.80600000000004,1,2.0
118,ERROR_M,5,157,2.293999999999869,3.953999999999951,1,2.0
118,ERROR_M,5,158,2.268000000000029,4.22400000000016,1,2.0
118,ERROR_M,5,159,3.171999999999798,6.494000000000142,1,2.0
118,ERROR_M,5,160,2.02800000000002,6.995999999999867,1,2.0
118,ERROR_M,5,161,2.0879999999999654,7.178000000000111,1,2.0
118,ERROR_M,5,162,2.1440000000000055,7.632000000000062,1,2.0
118,ERROR_M,5,163,2.1499999999998636,7.8559999999999945,1,2.0
118,ERROR_M,5,164,2.1259999999999764,8.162000000000035,1,2.0
118,ERROR_M,5,165,2.0960000000000036,5.526000000000067,1,2.0
118,ERROR_M,5,166,2.352000000000089,8.633999999999787,1,2.0
118,ERROR_M,5,167,2.372000000000071,5.153999999999996,1,2.0
118,ERROR_M,5,168,2.0440000000000964,3.480000000000018,1,2.0
118,ERROR_M,5,169,1.9839999999999236,3.538000000000011,0,2.0
118,ERROR_M,5,170,1.905999999999949,4.539999999999964,0,2.0
118,ERROR_M,5,171,2.104000000000042,2.908000000000129,1,2.0
118,ERROR_M,5,172,2.0839999999998327,6.145999999999958,1,2.0
118,ERROR_M,5,173,2.2360000000001037,4.925999999999931,1,2.0
118,ERROR_M,5,174,2.3940000000000055,3.5700000000001637,1,2.0
118,ERROR_M,5,175,2.2199999999998,7.906000000000176,1,2.0
118,ERROR_M,5,176,1.9299999999998363,3.1140000000000327,0,2.0
118,ERROR_M,5,177,2.4980000000000473,4.132000000000062,1,2.0
118,ERROR_M,5,178,2.463999999999942,4.675999999999931,1,2.0
118,ERROR_M,5,179,2.324000000000069,4.008000000000038,1,2.0
118,ERROR_M,5,180,2.1800000000000637,6.857999999999947,1,2.0
118,ERROR_M,5,181,2.5419999999999163,8.442000000000007,1,2.0
118,ERROR_M,5,182,2.0119999999999436,12.66800000000012,1,2.0
118,ERROR_M,5,183,1.6779999999998836,3.262000000000171,0,2.0
118,ERROR_M,5,184,2.2259999999998854,8.956000000000131,1,2.0
118,ERROR_M,5,185,1.6219999999998436,4.810000000000173,0,2.0
118,ERROR_M,5,186,2.3799999999998818,6.657999999999902,1,2.0
118,ERROR_M,5,187,2.0620000000001255,5.596000000000004,1,2.0
118,ERROR_M,5,188,2.9659999999998945,6.046000000000049,1,2.0
118,ERROR_M,5,189,1.928000000000111,7.087999999999965,0,2.0
118,ERROR_M,5,190,1.7799999999999727,7.594000000000051,0,2.0
118,ERROR_M,5,191,2.203999999999951,8.134000000000015,1,2.0
118,ERROR_M,5,192,2.405999999999949,5.182000000000016,1,2.0
118,ERROR_M,5,193,1.9680000000000746,5.788000000000011,0,2.0
118,ERROR_M,5,194,1.6039999999998145,3.05600000000004,0,2.0
118,ERROR_M,5,195,2.3680000000001655,7.823999999999842,1,2.0
118,ERROR_M,5,196,3.211999999999989,6.5620000000001255,1,2.0
118,ERROR_M,5,197,1.1259999999999764,17.541999999999916,0,2.0
118,ERROR_M,5,198,1.8400000000001455,5.423999999999978,0,2.0
118,ERROR_M,5,199,1.8619999999998527,5.170000000000073,0,2.0
118,ERROR_M,5,200,1.97199999999998,4.026000000000067,0,2.0
118,ERROR_M,5,201,2.033999999999878,7.5340000000001055,1,2.0
118,ERROR_M,5,202,1.9120000000000346,7.839999999999918,0,2.0
118,ERROR_M,5,203,2.0,9.228000000000065,0,2.0
118,ERROR_M,5,204,1.655999999999949,8.41599999999994,0,2.0
118,ERROR_M,5,205,1.788000000000011,6.430000000000064,0,2.0
118,ERROR_M,5,206,2.3759999999999764,3.7159999999998945,1,2.0
118,ERROR_M,5,207,1.9640000000001692,5.80399999999986,0,2.0
118,ERROR_M,5,208,2.47199999999998,7.110000000000127,1,2.0
118,ERROR_M,5,209,2.0419999999999163,4.408000000000129,1,2.0
118,ERROR_M,5,210,2.0799999999999272,3.3559999999999945,1,2.0
118,ERROR_M,5,211,2.1959999999999127,3.9260000000001583,1,2.0
118,ERROR_M,5,212,2.2799999999999727,5.473999999999933,1,2.0
118,ERROR_M,5,213,1.9660000000001219,4.447999999999865,0,2.0
118,ERROR_M,5,214,2.0,6.5060000000000855,0,2.0
118,ERROR_M,5,215,1.8959999999999582,5.036000000000058,0,2.0
118,ERROR_M,5,216,2.0219999999999345,4.8279999999999745,1,2.0
118,ERROR_M,5,217,2.2339999999999236,7.554000000000087,1,2.0
118,ERROR_M,5,218,2.2919999999999163,4.472000000000207,1,2.0
118,ERROR_M,5,219,1.7259999999998854,3.6920000000000073,0,2.0
118,ERROR_M,5,220,2.4139999999999873,4.610000000000127,1,2.0
118,ERROR_M,5,221,2.173999999999978,11.961999999999989,1,2.0
118,ERROR_M,5,222,1.9739999999999327,5.675999999999931,0,2.0
118,ERROR_M,5,223,2.268000000000029,6.514000000000124,1,2.0
118,ERROR_M,5,224,2.38799999999992,8.155999999999949,1,2.0
118,ERROR_M,5,225,2.456000000000131,5.991999999999962,1,2.0
118,ERROR_M,5,226,2.6499999999998636,3.7480000000000473,1,2.0
118,ERROR_M,5,227,2.8460000000000036,6.769999999999982,1,2.0
118,ERROR_M,5,228,2.316000000000031,7.195999999999913,1,2.0
118,ERROR_M,5,229,2.1760000000001583,8.117999999999938,1,2.0
118,ERROR_M,5,230,2.1420000000000528,8.577999999999975,1,2.0
118,ERROR_M,5,231,2.0419999999999163,118.96600000000012,1,2.0
118,ERROR_M,5,232,0.6579999999999018,181.7159999999999,0,2.0
118,ERROR_M,5,233,0.7080000000000837,49.878000000000156,0,2.0
118,ERROR_M,5,234,2.931999999999789,2.3960000000001855,1,2.0
118,ERROR_M,5,235,1.4159999999997126,5.730000000000018,0,2.0
118,ERROR_M,5,236,2.088000000000193,7.0779999999999745,1,2.0
118,ERROR_M,5,237,1.9420000000000073,4.099999999999909,0,2.0
118,ERROR_M,5,238,2.076000000000022,8.968000000000302,1,2.0
118,ERROR_M,5,239,1.9559999999996762,57.64200000000028,0,2.0
118,ERROR_M,5,240,0.4679999999998472,0.0019999999999527063,0,2.0
118,ERROR_M,5,241,1.1579999999999018,290.8299999999999,0,2.0
118,ERROR_M,5,242,1.874000000000251,6.378000000000156,0,2.0
118,ERROR_M,5,243,2.1599999999998545,3.9719999999997526,1,2.0
118,ERROR_M,5,244,1.5840000000002874,3.531999999999698,0,2.0
118,ERROR_M,5,245,2.006000000000313,4.833999999999833,1,2.0
118,ERROR_M,5,246,2.1700000000000728,4.255999999999858,1,2.0
118,ERROR_M,5,247,2.0700000000001637,6.920000000000073,1,2.0
118,ERROR_M,5,248,2.481999999999971,7.945999999999913,1,2.0
118,ERROR_M,5,249,2.3919999999998254,4.238000000000284,1,2.0
118,ERROR_M,5,250,0.1859999999996944,0.020000000000436557,0,2.0
118,ERROR_M,5,251,2.0479999999997744,45.1840000000002,0,2.0
118,ERROR_M,5,252,2.151999999999589,8.170000000000073,1,2.0
118,ERROR_M,5,253,1.8380000000001928,8.427999999999884,0,2.0
118,ERROR_M,5,254,2.188000000000102,3.007999999999811,1,2.0
118,ERROR_M,5,255,2.1539999999999964,3.6960000000003674,1,2.0
118,ERROR_M,5,256,2.6279999999997017,4.538000000000011,1,2.0
118,ERROR_M,5,257,2.36200000000008,5.516000000000076,1,2.0
118,ERROR_M,5,258,2.643999999999778,5.874000000000251,1,2.0
118,ERROR_M,5,259,2.632000000000062,2.975999999999658,1,2.0
118,ERROR_M,5,260,2.0340000000001055,3.813999999999851,1,2.0
118,ERROR_M,5,261,2.3280000000004293,3.113999999999578,1,2.0
118,ERROR_M,5,262,2.618000000000393,4.895999999999731,1,2.0
118,ERROR_M,5,263,2.644000000000233,5.989999999999782,1,2.0
118,ERROR_M,5,264,2.286000000000058,13.114000000000033,1,2.0
118,ERROR_M,5,265,2.0960000000000036,7.012000000000171,1,2.0
118,ERROR_M,5,266,2.437999999999647,4.64200000000028,1,2.0
118,ERROR_M,5,267,2.4919999999997344,6.834000000000287,1,2.0
118,ERROR_M,5,268,2.467999999999847,7.657999999999902,1,2.0
118,ERROR_M,5,269,2.2919999999999163,7.824000000000069,1,2.0
118,ERROR_M,5,270,2.0460000000002765,5.629999999999654,1,2.0
118,ERROR_M,5,271,1.7220000000002074,8.039999999999964,0,2.0
118,ERROR_M,5,272,2.1520000000000437,8.423999999999978,1,2.0
118,ERROR_M,5,273,2.117999999999938,8.05600000000004,1,2.0
118,ERROR_M,5,274,0.9380000000001019,0.007999999999810825,0,2.0
118,ERROR_M,5,275,1.2760000000002947,3.063999999999851,0,2.0
118,ERROR_M,5,276,2.6720000000000255,3.9839999999999236,1,2.0
118,ERROR_M,5,277,2.6720000000000255,2.3580000000001746,1,2.0
118,ERROR_M,5,278,2.631999999999607,4.386000000000422,1,2.0
118,ERROR_M,5,279,2.1839999999997417,5.173999999999978,1,2.0
118,ERROR_M,5,280,2.2040000000001783,4.121999999999844,1,2.0
118,ERROR_M,5,281,0.11400000000003274,0.021999999999934516,0,2.0
118,ERROR_M,5,282,1.1539999999999964,9.132000000000062,0,2.0
118,ERROR_M,5,283,2.0399999999999636,6.4099999999998545,1,2.0
118,ERROR_M,5,284,1.8079999999999927,5.732000000000426,0,2.0
118,ERROR_M,5,285,2.281999999999698,5.789999999999964,1,2.0
118,ERROR_M,5,286,2.3460000000000036,7.382000000000062,1,2.0
118,ERROR_M,5,287,1.8460000000000036,6.429999999999836,0,2.0
118,ERROR_M,5,288,2.1960000000003674,10.557999999999993,1,2.0
118,ERROR_M,5,289,1.731999999999971,7.036000000000058,0,2.0
118,ERROR_M,5,290,2.0459999999998217,6.585999999999785,1,2.0
118,ERROR_M,5,291,2.1280000000001564,7.4900000000002365,1,2.0
118,ERROR_M,5,292,2.0299999999997453,,1,2.0
118,ERROR_M,6,1,1.1039999999999992,2.567999999999998,0,2.0
118,ERROR_M,6,2,1.9640000000000057,3.75,0,2.0
118,ERROR_M,6,3,1.641999999999996,3.411999999999999,0,2.0
118,ERROR_M,6,4,1.4879999999999995,3.9620000000000033,0,2.0
118,ERROR_M,6,5,1.8999999999999986,5.660000000000004,0,2.0
118,ERROR_M,6,6,1.803999999999995,2.7140000000000057,0,2.0
118,ERROR_M,6,7,2.033999999999999,4.013999999999996,1,2.0
118,ERROR_M,6,8,1.9519999999999982,4.656000000000006,0,2.0
118,ERROR_M,6,9,1.941999999999993,5.306000000000012,0,2.0
118,ERROR_M,6,10,1.4519999999999982,5.060000000000002,0,2.0
118,ERROR_M,6,11,1.8159999999999883,6.412000000000006,0,2.0
118,ERROR_M,6,12,1.6700000000000017,6.731999999999999,0,2.0
118,ERROR_M,6,13,2.319999999999993,7.061999999999998,1,2.0
118,ERROR_M,6,14,1.8020000000000067,7.382000000000005,0,2.0
118,ERROR_M,6,15,1.7579999999999956,7.943999999999988,0,2.0
118,ERROR_M,6,16,2.2439999999999998,6.050000000000011,1,2.0
118,ERROR_M,6,17,1.5480000000000018,8.352000000000004,0,2.0
118,ERROR_M,6,18,1.8059999999999832,7.592000000000013,0,2.0
118,ERROR_M,6,19,1.9919999999999902,4.725999999999999,0,2.0
118,ERROR_M,6,20,2.132000000000005,3.421999999999997,1,2.0
118,ERROR_M,6,21,1.9099999999999966,2.334000000000003,0,2.0
118,ERROR_M,6,22,2.6680000000000064,3.7439999999999998,1,2.0
118,ERROR_M,6,23,2.030000000000001,5.877999999999986,1,2.0
118,ERROR_M,6,24,2.0400000000000205,6.810000000000002,1,2.0
118,ERROR_M,6,25,1.9019999999999868,7.647999999999996,0,2.0
118,ERROR_M,6,26,1.7620000000000005,8.114000000000004,0,2.0
118,ERROR_M,6,27,2.700000000000017,7.0120000000000005,1,2.0
118,ERROR_M,6,28,1.7939999999999827,6.310000000000002,0,2.0
118,ERROR_M,6,29,2.382000000000005,4.045999999999992,1,2.0
118,ERROR_M,6,30,1.8240000000000123,8.409999999999968,0,2.0
118,ERROR_M,6,31,1.6120000000000232,8.271999999999991,0,2.0
118,ERROR_M,6,32,1.8840000000000146,4.891999999999996,0,2.0
118,ERROR_M,6,33,2.2579999999999814,6.23599999999999,1,2.0
118,ERROR_M,6,34,1.896000000000015,4.3419999999999845,0,2.0
118,ERROR_M,6,35,2.2060000000000173,2.891999999999996,1,2.0
118,ERROR_M,6,36,0.13400000000001455,0.053999999999973625,0,2.0
118,ERROR_M,6,37,0.22000000000002728,8.697999999999979,0,2.0
118,ERROR_M,6,38,1.9960000000000377,5.3279999999999745,0,2.0
118,ERROR_M,6,39,2.084000000000003,7.519999999999982,1,2.0
118,ERROR_M,6,40,1.924000000000035,8.351999999999975,0,2.0
118,ERROR_M,6,41,2.225999999999999,2.48599999999999,1,2.0
118,ERROR_M,6,42,2.8840000000000146,6.074000000000012,1,2.0
118,ERROR_M,6,43,1.5720000000000027,3.055999999999983,0,2.0
118,ERROR_M,6,44,0.4519999999999982,0.03000000000002956,0,2.0
118,ERROR_M,6,45,0.4479999999999791,4.1720000000000255,0,2.0
118,ERROR_M,6,46,0.15399999999999636,1.2280000000000086,0,2.0
118,ERROR_M,6,47,1.94399999999996,4.925999999999988,0,2.0
118,ERROR_M,6,48,2.0860000000000127,5.496000000000038,1,2.0
118,ERROR_M,6,49,1.6719999999999686,5.668000000000006,0,2.0
118,ERROR_M,6,50,2.254000000000019,3.3079999999999927,1,2.0
118,ERROR_M,6,51,0.10599999999999454,0.38999999999998636,0,2.0
118,ERROR_M,6,52,2.1240000000000236,4.1159999999999854,1,2.0
118,ERROR_M,6,53,2.0880000000000223,6.6299999999999955,1,2.0
118,ERROR_M,6,54,1.9639999999999986,4.687999999999988,0,2.0
118,ERROR_M,6,55,1.759999999999991,4.314000000000021,0,2.0
118,ERROR_M,6,56,2.277999999999963,7.045999999999992,1,2.0
118,ERROR_M,6,57,1.8420000000000414,7.3799999999999955,0,2.0
118,ERROR_M,6,58,1.6499999999999773,6.687999999999988,0,2.0
118,ERROR_M,6,59,1.975999999999999,7.648000000000025,0,2.0
118,ERROR_M,6,60,2.1240000000000236,2.7519999999999527,1,2.0
118,ERROR_M,6,61,2.2760000000000105,8.150000000000034,1,2.0
118,ERROR_M,6,62,1.7439999999999714,7.648000000000025,0,2.0
118,ERROR_M,6,63,1.8220000000000027,7.939999999999998,0,2.0
118,ERROR_M,6,64,1.9359999999999786,8.28000000000003,0,2.0
118,ERROR_M,6,65,1.9939999999999714,5.009999999999991,0,2.0
118,ERROR_M,6,66,2.1899999999999977,2.665999999999997,1,2.0
118,ERROR_M,6,67,2.5440000000000396,3.2239999999999895,1,2.0
118,ERROR_M,6,68,1.975999999999999,3.419999999999959,0,2.0
118,ERROR_M,6,69,2.1639999999999873,5.882000000000062,1,2.0
118,ERROR_M,6,70,2.5779999999999745,1.4239999999999782,1,2.0
118,ERROR_M,6,71,0.038000000000010914,4.502000000000066,0,2.0
118,ERROR_M,6,72,2.433999999999969,6.413999999999987,1,2.0
118,ERROR_M,6,73,2.022000000000048,3.7919999999999163,1,2.0
118,ERROR_M,6,74,2.048000000000002,6.788000000000011,1,2.0
118,ERROR_M,6,75,2.1399999999999864,7.663999999999987,1,2.0
118,ERROR_M,6,76,2.410000000000082,5.603999999999928,1,2.0
118,ERROR_M,6,77,1.774000000000001,4.442000000000007,0,2.0
118,ERROR_M,6,78,1.79200000000003,2.744000000000028,0,2.0
118,ERROR_M,6,79,2.2439999999999145,4.160000000000082,1,2.0
118,ERROR_M,6,80,2.1779999999999973,7.0499999999999545,1,2.0
118,ERROR_M,6,81,2.1000000000000227,5.642000000000053,1,2.0
118,ERROR_M,6,82,2.0499999999999545,5.100000000000023,1,2.0
118,ERROR_M,6,83,2.326000000000022,5.4659999999998945,1,2.0
118,ERROR_M,6,84,2.11200000000008,5.761999999999944,1,2.0
118,ERROR_M,6,85,1.9460000000000264,7.3419999999999845,0,2.0
118,ERROR_M,6,86,2.1259999999999764,4.2000000000000455,1,2.0
118,ERROR_M,6,87,2.42999999999995,5.01400000000001,1,2.0
118,ERROR_M,6,88,1.9580000000000837,6.381999999999948,0,2.0
118,ERROR_M,6,89,2.258000000000038,3.3719999999999573,1,2.0
118,ERROR_M,6,90,2.033999999999992,4.110000000000014,1,2.0
118,ERROR_M,6,91,2.169999999999959,6.139999999999986,1,2.0
118,ERROR_M,6,92,2.368000000000052,7.0639999999999645,1,2.0
118,ERROR_M,6,93,2.2080000000000837,7.723999999999933,1,2.0
118,ERROR_M,6,94,2.080000000000041,8.077999999999975,1,2.0
118,ERROR_M,6,95,1.7999999999999545,6.86200000000008,0,2.0
118,ERROR_M,6,96,2.4420000000000073,4.505999999999972,1,2.0
118,ERROR_M,6,97,1.9980000000000473,8.3599999999999,0,2.0
118,ERROR_M,6,98,2.254000000000019,3.122000000000071,1,2.0
118,ERROR_M,6,99,1.76400000000001,3.397999999999911,0,2.0
118,ERROR_M,6,100,2.104000000000042,2.79200000000003,1,2.0
118,ERROR_M,6,101,2.3799999999999955,4.843999999999937,1,2.0
118,ERROR_M,6,102,2.1680000000000064,5.3659999999999854,1,2.0
118,ERROR_M,6,103,2.0120000000000573,6.1159999999999854,1,2.0
118,ERROR_M,6,104,1.990000000000009,7.333999999999946,0,2.0
118,ERROR_M,6,105,1.9340000000000828,6.967999999999961,0,2.0
118,ERROR_M,6,106,1.711999999999989,5.696000000000026,0,2.0
118,ERROR_M,6,107,2.2819999999999254,3.4420000000000073,1,2.0
118,ERROR_M,6,108,1.9880000000000564,7.918000000000006,0,2.0
118,ERROR_M,6,109,1.6739999999999782,8.724000000000046,0,2.0
118,ERROR_M,6,110,2.3019999999999072,5.132000000000062,1,2.0
118,ERROR_M,6,111,2.1100000000000136,8.51400000000001,1,2.0
118,ERROR_M,6,112,2.0539999999999736,4.697999999999979,1,2.0
118,ERROR_M,6,113,1.9919999999999618,4.340000000000032,0,2.0
118,ERROR_M,6,114,1.7939999999999827,3.4039999999999964,0,2.0
118,ERROR_M,6,115,2.12600000000009,4.048000000000002,1,2.0
118,ERROR_M,6,116,1.9079999999999018,6.748000000000047,0,2.0
118,ERROR_M,6,117,1.7999999999999545,6.427999999999997,0,2.0
118,ERROR_M,6,118,0.2800000000000864,0.025999999999953616,0,2.0
118,ERROR_M,6,119,0.8079999999999927,5.711999999999989,0,2.0
118,ERROR_M,6,120,1.8500000000000227,4.139999999999986,0,2.0
118,ERROR_M,6,121,1.8940000000000055,6.33400000000006,0,2.0
118,ERROR_M,6,122,2.0939999999999372,7.788000000000011,1,2.0
118,ERROR_M,6,123,2.169999999999959,3.538000000000011,1,2.0
118,ERROR_M,6,124,1.9100000000000819,8.025999999999954,0,2.0
118,ERROR_M,6,125,1.7759999999999536,7.114000000000033,0,2.0
118,ERROR_M,6,126,1.70799999999997,4.961999999999989,0,2.0
118,ERROR_M,6,127,2.7180000000000746,3.3179999999999836,1,2.0
118,ERROR_M,6,128,2.3719999999999573,8.490000000000009,1,2.0
118,ERROR_M,6,129,2.283999999999992,5.508000000000038,1,2.0
118,ERROR_M,6,130,2.118000000000052,6.787999999999897,1,2.0
118,ERROR_M,6,131,1.9020000000000437,6.874000000000024,0,2.0
118,ERROR_M,6,132,1.759999999999991,4.307999999999993,0,2.0
118,ERROR_M,6,133,2.1000000000000227,3.5860000000000127,1,2.0
118,ERROR_M,6,134,2.0079999999999245,6.1159999999999854,1,2.0
118,ERROR_M,6,135,2.080000000000041,7.412000000000035,1,2.0
118,ERROR_M,6,136,2.0960000000000036,3.877999999999929,1,2.0
118,ERROR_M,6,137,2.122000000000071,4.099999999999909,1,2.0
118,ERROR_M,6,138,2.201999999999998,5.872000000000071,1,2.0
118,ERROR_M,6,139,2.008000000000038,5.7999999999999545,1,2.0
118,ERROR_M,6,140,1.933999999999969,13.350000000000136,0,2.0
118,ERROR_M,6,141,1.5699999999999363,5.731999999999971,0,2.0
118,ERROR_M,6,142,2.0599999999999454,4.996000000000095,1,2.0
118,ERROR_M,6,143,1.8540000000000418,4.432000000000016,0,2.0
118,ERROR_M,6,144,2.2239999999999327,6.061999999999898,1,2.0
118,ERROR_M,6,145,2.0299999999999727,6.786000000000058,1,2.0
118,ERROR_M,6,146,2.1340000000000146,7.5340000000001055,1,2.0
118,ERROR_M,6,147,1.7419999999999618,7.955999999999904,0,2.0
118,ERROR_M,6,148,2.2619999999999436,8.478000000000065,1,2.0
118,ERROR_M,6,149,2.30600000000004,7.051999999999907,1,2.0
118,ERROR_M,6,150,2.0440000000000964,6.4780000000000655,1,2.0
118,ERROR_M,6,151,1.949999999999818,3.3940000000000055,0,2.0
118,ERROR_M,6,152,2.4300000000000637,5.988000000000056,1,2.0
118,ERROR_M,6,153,1.80600000000004,7.740000000000009,0,2.0
118,ERROR_M,6,154,2.155999999999949,3.796000000000049,1,2.0
118,ERROR_M,6,155,1.8540000000000418,3.3359999999997854,0,2.0
118,ERROR_M,6,156,2.1260000000002037,4.417999999999893,1,2.0
118,ERROR_M,6,157,1.7840000000001055,3.683999999999969,0,2.0
118,ERROR_M,6,158,2.005999999999858,4.734000000000151,1,2.0
118,ERROR_M,6,159,1.6479999999999109,6.428000000000111,0,2.0
118,ERROR_M,6,160,2.487999999999829,7.194000000000187,1,2.0
118,ERROR_M,6,161,2.3099999999999454,67.16799999999989,1,2.0
118,ERROR_M,6,162,0.08600000000001273,48.1400000000001,0,2.0
118,ERROR_M,6,163,1.5419999999999163,6.754000000000133,0,2.0
118,ERROR_M,6,164,1.7859999999998308,7.458000000000084,0,2.0
118,ERROR_M,6,165,2.4420000000000073,7.8659999999999854,1,2.0
118,ERROR_M,6,166,1.7819999999999254,4.72199999999998,0,2.0
118,ERROR_M,6,167,1.7960000000000491,2.7280000000000655,0,2.0
118,ERROR_M,6,168,2.268000000000029,5.559999999999945,1,2.0
118,ERROR_M,6,169,1.788000000000011,7.961999999999989,0,2.0
118,ERROR_M,6,170,2.4980000000000473,8.518000000000029,1,2.0
118,ERROR_M,6,171,2.3339999999998327,3.852000000000089,1,2.0
118,ERROR_M,6,172,2.0860000000000127,4.041999999999916,1,2.0
118,ERROR_M,6,173,2.160000000000082,3.0419999999999163,1,2.0
118,ERROR_M,6,174,2.344000000000051,6.572000000000116,1,2.0
118,ERROR_M,6,175,1.7339999999999236,3.4020000000000437,0,2.0
118,ERROR_M,6,176,2.481999999999971,5.80600000000004,1,2.0
118,ERROR_M,6,177,2.2959999999998217,6.088000000000193,1,2.0
118,ERROR_M,6,178,1.987999999999829,5.108000000000175,0,2.0
118,ERROR_M,6,179,2.321999999999889,7.740000000000009,1,2.0
118,ERROR_M,6,180,2.4200000000000728,7.211999999999989,1,2.0
118,ERROR_M,6,181,2.0679999999999836,5.427999999999884,1,2.0
118,ERROR_M,6,182,2.046000000000049,5.309999999999945,1,2.0
118,ERROR_M,6,183,2.0299999999999727,6.720000000000027,1,2.0
118,ERROR_M,6,184,2.1900000000000546,4.5219999999999345,1,2.0
118,ERROR_M,6,185,1.7920000000001437,5.755999999999858,0,2.0
118,ERROR_M,6,186,1.7820000000001528,6.3940000000000055,0,2.0
118,ERROR_M,6,187,2.0459999999998217,7.092000000000098,1,2.0
118,ERROR_M,6,188,1.8940000000000055,2.3740000000000236,0,2.0
118,ERROR_M,6,189,2.326000000000022,4.867999999999938,1,2.0
118,ERROR_M,6,190,1.768000000000029,7.710000000000036,0,2.0
118,ERROR_M,6,191,1.9559999999999036,8.039999999999964,0,2.0
118,ERROR_M,6,192,2.048000000000002,7.02800000000002,1,2.0
118,ERROR_M,6,193,2.3200000000001637,8.533999999999878,1,2.0
118,ERROR_M,6,194,2.3479999999999563,6.817999999999984,1,2.0
118,ERROR_M,6,195,2.3659999999999854,11.416000000000167,1,2.0
118,ERROR_M,6,196,1.6720000000000255,2.661999999999807,0,2.0
118,ERROR_M,6,197,2.074000000000069,9.519999999999982,1,2.0
118,ERROR_M,6,198,1.872000000000071,5.675999999999931,0,2.0
118,ERROR_M,6,199,2.5260000000000673,7.041999999999916,1,2.0
118,ERROR_M,6,200,1.933999999999969,7.370000000000118,0,2.0
118,ERROR_M,6,201,2.3659999999999854,2.935999999999922,1,2.0
118,ERROR_M,6,202,1.9160000000001673,4.791999999999916,0,2.0
118,ERROR_M,6,203,2.1259999999999764,5.203999999999951,1,2.0
118,ERROR_M,6,204,1.9940000000001419,5.051999999999907,0,2.0
118,ERROR_M,6,205,2.203999999999951,7.80600000000004,1,2.0
118,ERROR_M,6,206,1.8900000000001,4.52599999999984,0,2.0
118,ERROR_M,6,207,2.344000000000051,8.539999999999964,1,2.0
118,ERROR_M,6,208,2.3279999999999745,8.382000000000062,1,2.0
118,ERROR_M,6,209,2.69600000000014,3.3659999999999854,1,2.0
118,ERROR_M,6,210,2.0519999999999072,6.125999999999976,1,2.0
118,ERROR_M,6,211,2.08400000000006,2.9780000000000655,1,2.0
118,ERROR_M,6,212,2.3099999999999454,6.591999999999871,1,2.0
118,ERROR_M,6,213,2.1140000000000327,4.870000000000118,1,2.0
118,ERROR_M,6,214,2.3479999999999563,8.215999999999894,1,2.0
118,ERROR_M,6,215,1.734000000000151,3.007999999999811,0,2.0
118,ERROR_M,6,216,2.316000000000031,4.304000000000087,1,2.0
118,ERROR_M,6,217,2.0319999999999254,9.996000000000095,1,2.0
118,ERROR_M,6,218,1.9259999999999309,3.41800000000012,0,2.0
118,ERROR_M,6,219,2.0779999999999745,6.145999999999958,1,2.0
118,ERROR_M,6,220,2.1140000000000327,6.19399999999996,1,2.0
118,ERROR_M,6,221,1.9839999999999236,6.410000000000082,0,2.0
118,ERROR_M,6,222,2.104000000000042,7.652000000000044,1,2.0
118,ERROR_M,6,223,2.5419999999999163,4.4220000000000255,1,2.0
118,ERROR_M,6,224,2.1159999999999854,3.44399999999996,1,2.0
118,ERROR_M,6,225,2.2360000000001037,5.571999999999889,1,2.0
118,ERROR_M,6,226,2.4680000000000746,7.917999999999893,1,2.0
118,ERROR_M,6,227,1.768000000000029,8.1400000000001,0,2.0
118,ERROR_M,6,228,2.1920000000000073,13.066000000000031,1,2.0
118,ERROR_M,6,229,2.071999999999889,16.470000000000027,1,2.0
118,ERROR_M,6,230,2.22199999999998,4.023999999999887,1,2.0
118,ERROR_M,6,231,2.0300000000002,4.617999999999938,1,2.0
118,ERROR_M,6,232,0.12200000000007094,0.03999999999996362,0,2.0
118,ERROR_M,6,233,1.5239999999998872,83.85400000000004,0,2.0
118,ERROR_M,6,234,2.0920000000000982,7.0659999999998035,1,2.0
118,ERROR_M,6,235,2.1700000000000728,5.244000000000142,1,2.0
118,ERROR_M,6,236,2.0299999999999727,7.8840000000000146,1,2.0
118,ERROR_M,6,237,2.185999999999922,6.498000000000047,1,2.0
118,ERROR_M,6,238,2.1059999999999945,6.763999999999896,1,2.0
118,ERROR_M,6,239,2.1440000000000055,5.932000000000016,1,2.0
118,ERROR_M,6,240,1.956000000000131,7.05600000000004,0,2.0
118,ERROR_M,6,241,2.293999999999869,4.985999999999876,1,2.0
118,ERROR_M,6,242,2.5080000000002656,7.5919999999996435,1,2.0
118,ERROR_M,6,243,2.16800000000012,8.215999999999894,1,2.0
118,ERROR_M,6,244,2.330000000000382,8.53399999999965,1,2.0
118,ERROR_M,6,245,1.8320000000003347,3.1720000000000255,0,2.0
118,ERROR_M,6,246,2.2659999999996217,6.870000000000346,1,2.0
118,ERROR_M,6,247,2.3159999999998035,9.54800000000023,1,2.0
118,ERROR_M,6,248,2.949999999999818,2.7480000000000473,1,2.0
118,ERROR_M,6,249,2.4919999999997344,3.8960000000001855,1,2.0
118,ERROR_M,6,250,2.0,4.563999999999851,0,2.0
118,ERROR_M,6,251,2.6359999999999673,3.7640000000001237,1,2.0
118,ERROR_M,6,252,2.068000000000211,17.583999999999833,1,2.0
118,ERROR_M,6,253,1.5920000000000982,6.092000000000098,0,2.0
118,ERROR_M,6,254,1.9459999999999127,2.4420000000000073,0,2.0
118,ERROR_M,6,255,1.893999999999778,2.4580000000000837,0,2.0
118,ERROR_M,6,256,2.44399999999996,6.389999999999873,1,2.0
118,ERROR_M,6,257,2.354000000000269,11.615999999999985,1,2.0
118,ERROR_M,6,258,1.6320000000000618,5.367999999999938,0,2.0
118,ERROR_M,6,259,2.355999999999767,7.166000000000167,1,2.0
118,ERROR_M,6,260,1.8119999999998981,8.416000000000167,0,2.0
118,ERROR_M,6,261,2.181999999999789,3.8420000000000982,1,2.0
118,ERROR_M,6,262,2.162000000000262,3.363999999999578,1,2.0
118,ERROR_M,6,263,2.062000000000353,3.60799999999972,1,2.0
118,ERROR_M,6,264,1.7300000000000182,4.461999999999989,0,2.0
118,ERROR_M,6,265,2.292000000000371,6.343999999999596,1,2.0
118,ERROR_M,6,266,2.368000000000393,7.879999999999654,1,2.0
118,ERROR_M,6,267,1.8640000000000327,7.427999999999884,0,2.0
118,ERROR_M,6,268,2.0920000000000982,5.122000000000298,1,2.0
118,ERROR_M,6,269,2.237999999999829,6.251999999999953,1,2.0
118,ERROR_M,6,270,2.117999999999938,8.13000000000011,1,2.0
118,ERROR_M,6,271,2.2660000000000764,7.7719999999999345,1,2.0
118,ERROR_M,6,272,2.1660000000001673,19.735999999999876,1,2.0
118,ERROR_M,6,273,1.956000000000131,4.9659999999998945,0,2.0
118,ERROR_M,6,274,2.2799999999997453,166.32600000000002,1,2.0
118,ERROR_M,6,275,1.762000000000171,5.3400000000001455,0,2.0
118,ERROR_M,6,276,1.9559999999996762,2.4420000000000073,0,2.0
118,ERROR_M,6,277,2.2220000000002074,6.936000000000149,1,2.0
118,ERROR_M,6,278,1.8999999999996362,7.0219999999999345,0,2.0
118,ERROR_M,6,279,2.4320000000002437,23.97400000000016,1,2.0
118,ERROR_M,6,280,0.8959999999997308,7.402000000000044,0,2.0
118,ERROR_M,6,281,2.08600000000024,7.8979999999996835,1,2.0
118,ERROR_M,6,282,2.356000000000222,14.005999999999858,1,2.0
118,ERROR_M,6,283,2.237999999999829,9.846000000000004,1,2.0
118,ERROR_M,6,284,1.9880000000002838,2.7199999999998,0,2.0
118,ERROR_M,6,285,2.492000000000189,6.291999999999916,1,2.0
118,ERROR_M,6,286,2.144000000000233,8.53399999999965,1,2.0
118,ERROR_M,6,287,2.0,5.344000000000051,0,2.0
118,ERROR_M,6,288,1.961999999999989,4.043999999999869,0,2.0
118,ERROR_M,6,289,2.206000000000131,4.516000000000076,1,2.0
118,ERROR_M,6,290,2.0900000000001455,4.807999999999993,1,2.0
118,ERROR_M,6,291,2.3979999999996835,11.394000000000233,1,2.0
118,ERROR_M,6,292,2.132000000000062,5.895999999999731,1,2.0
118,ERROR_M,6,293,1.6340000000000146,8.403999999999996,0,2.0
118,ERROR_M,6,294,1.8640000000000327,3.524000000000342,0,2.0
118,ERROR_M,6,295,2.2239999999997053,4.41800000000012,1,2.0
118,ERROR_M,6,296,2.5039999999999054,5.416000000000167,1,2.0
118,ERROR_M,6,297,2.4400000000000546,6.1340000000000146,1,2.0
118,ERROR_M,6,298,2.1659999999997126,7.126000000000204,1,2.0
118,ERROR_M,6,299,1.9020000000000437,5.741999999999734,0,2.0
118,ERROR_M,6,300,2.117999999999938,7.1460000000001855,1,2.0
118,ERROR_M,6,301,2.4140000000002146,13.005999999999858,1,2.0
118,ERROR_M,6,302,2.3040000000000873,7.3659999999999854,1,2.0
118,ERROR_M,6,303,1.9839999999999236,4.735999999999876,0,2.0
118,ERROR_M,6,304,2.2100000000000364,12.057999999999993,1,2.0
118,ERROR_M,6,305,2.349999999999909,8.110000000000127,1,2.0
118,ERROR_M,6,306,1.5859999999997854,,0,2.0
118,ERROR_M,7,1,1.0219999999999985,2.838000000000001,0,2.0
118,ERROR_M,7,2,1.3079999999999998,5.369999999999997,0,2.0
118,ERROR_M,7,3,1.6739999999999995,5.7379999999999995,0,2.0
118,ERROR_M,7,4,1.9440000000000026,2.094000000000001,0,2.0
118,ERROR_M,7,5,0.0899999999999963,4.128,0,2.0
118,ERROR_M,7,6,0.3500000000000014,0.012000000000000455,0,2.0
118,ERROR_M,7,7,0.6099999999999994,6.906000000000006,0,2.0
118,ERROR_M,7,8,1.6859999999999928,4.299999999999997,0,2.0
118,ERROR_M,7,9,2.1060000000000088,6.122,1,2.0
118,ERROR_M,7,10,2.093999999999994,6.790000000000006,1,2.0
118,ERROR_M,7,11,2.015999999999991,7.5800000000000125,1,2.0
118,ERROR_M,7,12,2.3599999999999994,8.085999999999999,1,2.0
118,ERROR_M,7,13,0.6580000000000013,0.01999999999999602,0,2.0
118,ERROR_M,7,14,0.6559999999999917,8.652000000000001,0,2.0
118,ERROR_M,7,15,2.0660000000000025,7.701999999999998,1,2.0
118,ERROR_M,7,16,2.396000000000015,7.653999999999996,1,2.0
118,ERROR_M,7,17,1.8400000000000034,2.4099999999999966,0,2.0
118,ERROR_M,7,18,2.525999999999982,3.654000000000025,1,2.0
118,ERROR_M,7,19,2.5479999999999734,3.348000000000013,1,2.0
118,ERROR_M,7,20,2.391999999999996,3.1680000000000064,1,2.0
118,ERROR_M,7,21,2.26400000000001,4.275999999999982,1,2.0
118,ERROR_M,7,22,2.539999999999992,4.956000000000017,1,2.0
118,ERROR_M,7,23,0.13399999999998613,7.695999999999998,0,2.0
118,ERROR_M,7,24,1.2139999999999986,3.3300000000000125,0,2.0
118,ERROR_M,7,25,2.0720000000000027,3.765999999999991,1,2.0
118,ERROR_M,7,26,1.8319999999999936,4.086000000000013,0,2.0
118,ERROR_M,7,27,2.1100000000000136,4.521999999999991,1,2.0
118,ERROR_M,7,28,2.1140000000000043,4.765999999999991,1,2.0
118,ERROR_M,7,29,2.2860000000000014,5.121999999999986,1,2.0
118,ERROR_M,7,30,2.2319999999999993,4.990000000000009,1,2.0
118,ERROR_M,7,31,0.09200000000001296,0.8499999999999943,0,2.0
118,ERROR_M,7,32,1.829999999999984,5.556000000000012,0,2.0
118,ERROR_M,7,33,1.8499999999999943,6.358000000000004,0,2.0
118,ERROR_M,7,34,2.397999999999996,2.9639999999999986,1,2.0
118,ERROR_M,7,35,2.4380000000000166,7.156000000000006,1,2.0
118,ERROR_M,7,36,2.4079999999999586,7.480000000000018,1,2.0
118,ERROR_M,7,37,2.4979999999999905,8.180000000000007,1,2.0
118,ERROR_M,7,38,2.274000000000001,6.829999999999984,1,2.0
118,ERROR_M,7,39,2.32000000000005,6.093999999999994,1,2.0
118,ERROR_M,7,40,2.103999999999985,7.838000000000022,1,2.0
118,ERROR_M,7,41,2.2719999999999914,8.633999999999958,1,2.0
118,ERROR_M,7,42,1.952000000000055,2.551999999999964,0,2.0
118,ERROR_M,7,43,2.02800000000002,6.873999999999967,1,2.0
118,ERROR_M,7,44,2.646000000000015,3.6639999999999873,1,2.0
118,ERROR_M,7,45,2.4600000000000364,5.601999999999975,1,2.0
118,ERROR_M,7,46,2.3980000000000246,7.197999999999979,1,2.0
118,ERROR_M,7,47,2.6059999999999945,4.653999999999996,1,2.0
118,ERROR_M,7,48,2.3240000000000123,3.377999999999986,1,2.0
118,ERROR_M,7,49,2.437999999999988,6.682000000000016,1,2.0
118,ERROR_M,7,50,0.16800000000000637,0.031999999999982265,0,2.0
118,ERROR_M,7,51,0.6500000000000341,8.891999999999996,0,2.0
118,ERROR_M,7,52,1.754000000000019,1.537999999999954,0,2.0
118,ERROR_M,7,53,0.117999999999995,0.8940000000000055,0,2.0
118,ERROR_M,7,54,2.2959999999999923,3.82000000000005,1,2.0
118,ERROR_M,7,55,2.1259999999999764,4.663999999999987,1,2.0
118,ERROR_M,7,56,2.406000000000006,5.4839999999999804,1,2.0
118,ERROR_M,7,57,2.5340000000000487,7.409999999999968,1,2.0
118,ERROR_M,7,58,2.0120000000000005,5.788000000000011,1,2.0
118,ERROR_M,7,59,2.3460000000000036,6.111999999999966,1,2.0
118,ERROR_M,7,60,2.188000000000045,8.096000000000004,1,2.0
118,ERROR_M,7,61,2.109999999999957,8.400000000000034,1,2.0
118,ERROR_M,7,62,2.4540000000000077,3.9079999999999586,1,2.0
118,ERROR_M,7,63,2.4600000000000364,4.204000000000008,1,2.0
118,ERROR_M,7,64,2.513999999999953,6.898000000000025,1,2.0
118,ERROR_M,7,65,2.269999999999982,4.9220000000000255,1,2.0
118,ERROR_M,7,66,2.4399999999999977,3.4279999999999973,1,2.0
118,ERROR_M,7,67,2.372000000000014,5.96999999999997,1,2.0
118,ERROR_M,7,68,2.194000000000017,7.168000000000006,1,2.0
118,ERROR_M,7,69,2.532000000000039,2.98599999999999,1,2.0
118,ERROR_M,7,70,2.5499999999999545,3.4160000000000537,1,2.0
118,ERROR_M,7,71,2.599999999999909,3.798000000000002,1,2.0
118,ERROR_M,7,72,2.2560000000000855,5.192000000000007,1,2.0
118,ERROR_M,7,73,2.3299999999999272,6.118000000000052,1,2.0
118,ERROR_M,7,74,2.2679999999999154,5.648000000000025,1,2.0
118,ERROR_M,7,75,2.6700000000000728,2.4420000000000073,1,2.0
118,ERROR_M,7,76,2.6219999999999573,6.4500000000000455,1,2.0
118,ERROR_M,7,77,2.5019999999999527,5.41599999999994,1,2.0
118,ERROR_M,7,78,2.552000000000021,7.451999999999998,1,2.0
118,ERROR_M,7,79,2.4020000000000437,7.830000000000041,1,2.0
118,ERROR_M,7,80,2.5599999999999454,8.090000000000032,1,2.0
118,ERROR_M,7,81,3.005999999999972,11.244000000000028,1,2.0
118,ERROR_M,7,82,1.863999999999919,3.980000000000018,0,2.0
118,ERROR_M,7,83,2.23599999999999,3.0720000000000027,1,2.0
118,ERROR_M,7,84,2.3880000000000337,3.6240000000000236,1,2.0
118,ERROR_M,7,85,2.627999999999929,7.7560000000000855,1,2.0
118,ERROR_M,7,86,2.3439999999999372,8.436000000000035,1,2.0
118,ERROR_M,7,87,2.3099999999999454,6.526000000000067,1,2.0
118,ERROR_M,7,88,2.066000000000031,6.801999999999907,1,2.0
118,ERROR_M,7,89,2.354000000000042,8.129999999999995,1,2.0
118,ERROR_M,7,90,2.241999999999962,5.010000000000105,1,2.0
118,ERROR_M,7,91,2.377999999999929,4.316000000000031,1,2.0
118,ERROR_M,7,92,2.41599999999994,4.430000000000064,1,2.0
118,ERROR_M,7,93,2.2999999999999545,4.868000000000052,1,2.0
118,ERROR_M,7,94,2.70799999999997,5.022000000000048,1,2.0
118,ERROR_M,7,95,2.5979999999999563,5.677999999999997,1,2.0
118,ERROR_M,7,96,2.475999999999999,6.409999999999968,1,2.0
118,ERROR_M,7,97,2.1560000000000628,6.433999999999969,1,2.0
118,ERROR_M,7,98,2.381999999999948,3.288000000000011,1,2.0
118,ERROR_M,7,99,2.6860000000000355,3.494000000000028,1,2.0
118,ERROR_M,7,100,2.453999999999951,7.008000000000038,1,2.0
118,ERROR_M,7,101,2.5819999999999936,7.45799999999997,1,2.0
118,ERROR_M,7,102,2.4139999999999873,7.484000000000037,1,2.0
118,ERROR_M,7,103,2.090000000000032,4.0779999999999745,1,2.0
118,ERROR_M,7,104,2.4360000000000355,3.466000000000008,1,2.0
118,ERROR_M,7,105,2.1259999999999764,5.182000000000016,1,2.0
118,ERROR_M,7,106,2.298000000000002,4.043999999999983,1,2.0
118,ERROR_M,7,107,2.2959999999999354,7.074000000000069,1,2.0
118,ERROR_M,7,108,2.216000000000008,7.059999999999945,1,2.0
118,ERROR_M,7,109,2.1560000000000628,6.793999999999983,1,2.0
118,ERROR_M,7,110,2.3099999999999454,6.796000000000049,1,2.0
118,ERROR_M,7,111,1.9279999999999973,7.1200000000000045,0,2.0
118,ERROR_M,7,112,2.3339999999999463,8.11200000000008,1,2.0
118,ERROR_M,7,113,2.0039999999999054,178.59799999999996,1,2.0
118,ERROR_M,7,114,1.0460000000000491,7.908000000000129,0,2.0
118,ERROR_M,7,115,2.3019999999999072,8.509999999999991,1,2.0
118,ERROR_M,7,116,2.2560000000000855,4.907999999999902,1,2.0
118,ERROR_M,7,117,2.0419999999999163,9.146000000000186,1,2.0
118,ERROR_M,7,118,1.8579999999999472,4.981999999999971,0,2.0
118,ERROR_M,7,119,2.4079999999999018,5.492000000000189,1,2.0
118,ERROR_M,7,120,2.533999999999878,5.741999999999962,1,2.0
118,ERROR_M,7,121,2.1620000000000346,12.542000000000144,1,2.0
118,ERROR_M,7,122,2.3919999999998254,4.289999999999964,1,2.0
118,ERROR_M,7,123,2.3480000000001837,8.167999999999893,1,2.0
118,ERROR_M,7,124,2.6480000000001382,3.7359999999998763,1,2.0
118,ERROR_M,7,125,2.6200000000001182,5.139999999999873,1,2.0
118,ERROR_M,7,126,2.4139999999999873,6.546000000000049,1,2.0
118,ERROR_M,7,127,2.258000000000038,4.685999999999922,1,2.0
118,ERROR_M,7,128,2.27800000000002,6.6099999999999,1,2.0
118,ERROR_M,7,129,1.9780000000000655,7.100000000000136,0,2.0
118,ERROR_M,7,130,2.257999999999811,6.846000000000004,1,2.0
118,ERROR_M,7,131,2.0820000000001073,5.405999999999949,1,2.0
118,ERROR_M,7,132,2.2899999999999636,3.8780000000001564,1,2.0
118,ERROR_M,7,133,2.24799999999982,4.594000000000051,1,2.0
118,ERROR_M,7,134,2.4200000000000728,4.990000000000009,1,2.0
118,ERROR_M,7,135,2.1599999999998545,9.048000000000002,1,2.0
118,ERROR_M,7,136,2.1700000000000728,6.031999999999925,1,2.0
118,ERROR_M,7,137,1.9920000000001892,24.75,0,2.0
118,ERROR_M,7,138,0.6039999999998145,4.758000000000038,0,2.0
118,ERROR_M,7,139,2.1140000000000327,7.88799999999992,1,2.0
118,ERROR_M,7,140,2.47400000000016,13.644000000000005,1,2.0
118,ERROR_M,7,141,2.1720000000000255,9.09199999999987,1,2.0
118,ERROR_M,7,142,2.186000000000149,8.53599999999983,1,2.0
118,ERROR_M,7,143,2.566000000000031,3.4400000000000546,1,2.0
118,ERROR_M,7,144,2.4120000000000346,21.233999999999924,1,2.0
118,ERROR_M,7,145,2.286000000000058,5.781999999999925,1,2.0
118,ERROR_M,7,146,2.3940000000000055,4.554000000000087,1,2.0
118,ERROR_M,7,147,2.55600000000004,5.374000000000024,1,2.0
118,ERROR_M,7,148,2.5579999999999927,10.037999999999784,1,2.0
118,ERROR_M,7,149,2.380000000000109,6.337999999999965,1,2.0
118,ERROR_M,7,150,2.2619999999999436,5.4240000000002055,1,2.0
118,ERROR_M,7,151,2.4379999999998745,6.804000000000087,1,2.0
118,ERROR_M,7,152,2.5599999999999454,7.0060000000000855,1,2.0
118,ERROR_M,7,153,2.655999999999949,10.614000000000033,1,2.0
118,ERROR_M,7,154,2.2339999999999236,7.587999999999965,1,2.0
118,ERROR_M,7,155,2.5160000000000764,7.779999999999973,1,2.0
118,ERROR_M,7,156,2.433999999999969,22.17599999999993,1,2.0
118,ERROR_M,7,157,2.3960000000001855,9.50799999999981,1,2.0
118,ERROR_M,7,158,2.25,7.736000000000104,1,2.0
118,ERROR_M,7,159,2.58400000000006,3.785999999999831,1,2.0
118,ERROR_M,7,160,2.512000000000171,202.87799999999993,1,2.0
118,ERROR_M,7,161,1.0879999999999654,5.804000000000087,0,2.0
118,ERROR_M,7,162,2.713999999999942,4.046000000000049,1,2.0
118,ERROR_M,7,163,2.2819999999999254,9.549999999999955,1,2.0
118,ERROR_M,7,164,2.518000000000029,6.41800000000012,1,2.0
118,ERROR_M,7,165,2.27800000000002,6.487999999999829,1,2.0
118,ERROR_M,7,166,2.1280000000001564,6.863999999999805,1,2.0
118,ERROR_M,7,167,2.318000000000211,3.5379999999997835,1,2.0
118,ERROR_M,7,168,2.324000000000069,7.162000000000035,1,2.0
118,ERROR_M,7,169,2.0319999999999254,7.5060000000000855,1,2.0
118,ERROR_M,7,170,2.4780000000000655,4.683999999999969,1,2.0
118,ERROR_M,7,171,2.4379999999998745,7.824000000000069,1,2.0
118,ERROR_M,7,172,2.438000000000102,6.097999999999956,1,2.0
118,ERROR_M,7,173,2.1019999999998618,8.05600000000004,1,2.0
118,ERROR_M,7,174,2.203999999999951,8.532000000000153,1,2.0
118,ERROR_M,7,175,2.1920000000000073,7.509999999999991,1,2.0
118,ERROR_M,7,176,0.15799999999990177,0.02200000000016189,0,2.0
118,ERROR_M,7,177,0.8899999999998727,23.625999999999976,0,2.0
118,ERROR_M,7,178,1.9639999999999418,3.08400000000006,0,2.0
118,ERROR_M,7,179,2.5019999999999527,2.5,1,2.0
118,ERROR_M,7,180,2.3300000000001546,4.557999999999993,1,2.0
118,ERROR_M,7,181,2.311999999999898,4.1720000000000255,1,2.0
118,ERROR_M,7,182,2.410000000000082,3.963999999999942,1,2.0
118,ERROR_M,7,183,2.008000000000038,5.519999999999982,1,2.0
118,ERROR_M,7,184,2.3199999999999363,5.8659999999999854,1,2.0
118,ERROR_M,7,185,2.2920000000001437,6.767999999999802,1,2.0
118,ERROR_M,7,186,2.2040000000001783,4.511999999999944,1,2.0
118,ERROR_M,7,187,2.2719999999999345,6.100000000000136,1,2.0
118,ERROR_M,7,188,2.367999999999938,7.076000000000022,1,2.0
118,ERROR_M,7,189,2.0499999999999545,4.951999999999998,1,2.0
118,ERROR_M,7,190,2.2360000000001037,7.561999999999898,1,2.0
118,ERROR_M,7,191,2.119999999999891,8.070000000000164,1,2.0
118,ERROR_M,7,192,2.1699999999998454,6.814000000000078,1,2.0
118,ERROR_M,7,193,2.27800000000002,9.034000000000106,1,2.0
118,ERROR_M,7,194,2.1639999999999873,12.995999999999867,1,2.0
118,ERROR_M,7,195,2.0420000000001437,5.599999999999909,1,2.0
118,ERROR_M,7,196,2.269999999999982,8.511999999999944,1,2.0
118,ERROR_M,7,197,2.2180000000000746,4.413999999999987,1,2.0
118,ERROR_M,7,198,2.1520000000000437,7.360000000000127,1,2.0
118,ERROR_M,7,199,2.355999999999767,3.7600000000002183,1,2.0
118,ERROR_M,7,200,1.9959999999996398,5.748000000000047,0,2.0
118,ERROR_M,7,201,2.0960000000000036,7.160000000000309,1,2.0
118,ERROR_M,7,202,2.1539999999999964,7.487999999999829,1,2.0
118,ERROR_M,7,203,1.4760000000001128,3.717999999999847,0,2.0
118,ERROR_M,7,204,2.423999999999978,5.436000000000149,1,2.0
118,ERROR_M,7,205,2.1959999999999127,3.463999999999942,1,2.0
118,ERROR_M,7,206,2.231999999999971,4.568000000000211,1,2.0
118,ERROR_M,7,207,2.143999999999778,23.28800000000001,1,2.0
118,ERROR_M,7,208,0.5480000000002292,685.71,0,2.0
118,ERROR_M,7,209,1.5159999999996217,2.3840000000000146,0,2.0
118,ERROR_M,7,210,2.268000000000029,6.6340000000000146,1,2.0
118,ERROR_M,7,211,1.4660000000003492,7.769999999999982,0,2.0
118,ERROR_M,7,212,0.8599999999996726,10.807999999999993,0,2.0
118,ERROR_M,7,213,2.3840000000000146,8.07400000000007,1,2.0
118,ERROR_M,7,214,1.1520000000000437,18.684000000000196,0,2.0
118,ERROR_M,7,215,2.205999999999676,4.876000000000204,1,2.0
118,ERROR_M,7,216,2.369999999999891,6.824000000000069,1,2.0
118,ERROR_M,7,217,2.3640000000000327,6.826000000000022,1,2.0
118,ERROR_M,7,218,2.2199999999998,7.120000000000346,1,2.0
118,ERROR_M,7,219,2.143999999999778,4.1720000000000255,1,2.0
118,ERROR_M,7,220,2.2399999999997817,4.3520000000003165,1,2.0
118,ERROR_M,7,221,2.3460000000000036,3.531999999999698,1,2.0
118,ERROR_M,7,222,2.230000000000018,4.756000000000313,1,2.0
118,ERROR_M,7,223,2.3539999999998145,7.617999999999938,1,2.0
118,ERROR_M,7,224,2.33600000000024,5.30199999999968,1,2.0
118,ERROR_M,7,225,2.2080000000000837,7.486000000000331,1,2.0
118,ERROR_M,7,226,2.173999999999978,7.773999999999887,1,2.0
118,ERROR_M,7,227,2.2719999999999345,5.83199999999988,1,2.0
118,ERROR_M,7,228,2.1640000000002146,,1,2.0
118,ERROR_M,8,1,0.8719999999999999,2.641999999999996,0,2.0
118,ERROR_M,8,2,1.946000000000005,3.661999999999999,0,2.0
118,ERROR_M,8,3,1.7639999999999958,2.450000000000003,0,2.0
118,ERROR_M,8,4,0.13000000000000256,1.4399999999999977,0,2.0
118,ERROR_M,8,5,1.985999999999997,1.5300000000000011,0,2.0
118,ERROR_M,8,6,0.10000000000000142,3.3900000000000006,0,2.0
118,ERROR_M,8,7,2.155999999999999,3.676000000000002,1,2.0
118,ERROR_M,8,8,0.06400000000000006,0.2539999999999978,0,2.0
118,ERROR_M,8,9,0.10800000000000409,0.2079999999999984,0,2.0
118,ERROR_M,8,10,0.17600000000000193,0.22999999999999687,0,2.0
118,ERROR_M,8,11,0.19400000000000261,3.2579999999999956,0,2.0
118,ERROR_M,8,12,1.916000000000004,8.292000000000002,0,2.0
118,ERROR_M,8,13,1.7659999999999911,4.362000000000009,0,2.0
118,ERROR_M,8,14,2.161999999999992,2.548000000000002,1,2.0
118,ERROR_M,8,15,2.3359999999999985,3.534000000000006,1,2.0
118,ERROR_M,8,16,1.9299999999999926,6.660000000000011,0,2.0
118,ERROR_M,8,17,2.0180000000000007,4.977999999999994,1,2.0
118,ERROR_M,8,18,0.13800000000000523,0.3119999999999976,0,2.0
118,ERROR_M,8,19,2.0519999999999925,3.280000000000001,1,2.0
118,ERROR_M,8,20,2.308000000000007,5.971999999999994,1,2.0
118,ERROR_M,8,21,1.9320000000000022,6.001999999999995,0,2.0
118,ERROR_M,8,22,2.1640000000000157,6.6699999999999875,1,2.0
118,ERROR_M,8,23,2.1839999999999975,5.02000000000001,1,2.0
118,ERROR_M,8,24,2.269999999999982,7.088000000000022,1,2.0
118,ERROR_M,8,25,1.7439999999999998,7.334000000000003,0,2.0
118,ERROR_M,8,26,2.165999999999997,7.756,1,2.0
118,ERROR_M,8,27,1.7819999999999823,2.8400000000000034,0,2.0
118,ERROR_M,8,28,2.2539999999999907,4.244,1,2.0
118,ERROR_M,8,29,2.0960000000000036,7.586000000000013,1,2.0
118,ERROR_M,8,30,1.9819999999999993,7.662000000000006,0,2.0
118,ERROR_M,8,31,2.774000000000001,8.0,1,2.0
118,ERROR_M,8,32,2.0060000000000002,6.780000000000001,1,2.0
118,ERROR_M,8,33,2.0679999999999836,3.5579999999999927,1,2.0
118,ERROR_M,8,34,2.302000000000021,4.843999999999994,1,2.0
118,ERROR_M,8,35,2.234000000000009,5.774000000000001,1,2.0
118,ERROR_M,8,36,2.4059999999999775,3.7040000000000077,1,2.0
118,ERROR_M,8,37,2.3019999999999925,8.588000000000022,1,2.0
118,ERROR_M,8,38,2.8859999999999673,4.350000000000023,1,2.0
118,ERROR_M,8,39,0.1419999999999959,0.8860000000000241,0,2.0
118,ERROR_M,8,40,2.2860000000000014,3.7539999999999623,1,2.0
118,ERROR_M,8,41,2.451999999999998,2.9780000000000086,1,2.0
118,ERROR_M,8,42,2.4879999999999995,6.199999999999989,1,2.0
118,ERROR_M,8,43,2.164000000000044,5.072000000000003,1,2.0
118,ERROR_M,8,44,2.343999999999994,5.3279999999999745,1,2.0
118,ERROR_M,8,45,2.4639999999999986,6.555999999999983,1,2.0
118,ERROR_M,8,46,2.2600000000000477,7.165999999999997,1,2.0
118,ERROR_M,8,47,0.3599999999999568,0.14800000000002456,0,2.0
118,ERROR_M,8,48,0.5199999999999818,3.867999999999995,0,2.0
118,ERROR_M,8,49,2.240000000000009,5.814000000000021,1,2.0
118,ERROR_M,8,50,2.241999999999962,3.5860000000000127,1,2.0
118,ERROR_M,8,51,2.0300000000000296,5.399999999999977,1,2.0
118,ERROR_M,8,52,0.07999999999998408,1.2520000000000095,0,2.0
118,ERROR_M,8,53,2.0360000000000014,6.8040000000000305,1,2.0
118,ERROR_M,8,54,2.25,7.137999999999977,1,2.0
118,ERROR_M,8,55,2.1619999999999777,3.5,1,2.0
118,ERROR_M,8,56,2.140000000000043,6.1200000000000045,1,2.0
118,ERROR_M,8,57,2.165999999999997,4.46999999999997,1,2.0
118,ERROR_M,8,58,2.0300000000000296,7.653999999999996,1,2.0
118,ERROR_M,8,59,2.2760000000000105,7.819999999999993,1,2.0
118,ERROR_M,8,60,2.343999999999994,8.536000000000001,1,2.0
118,ERROR_M,8,61,2.0579999999999927,5.72199999999998,1,2.0
118,ERROR_M,8,62,2.1299999999999955,8.093999999999994,1,2.0
118,ERROR_M,8,63,1.9879999999999995,4.402000000000044,0,2.0
118,ERROR_M,8,64,2.255999999999972,4.836000000000013,1,2.0
118,ERROR_M,8,65,1.877999999999986,4.9979999999999905,0,2.0
118,ERROR_M,8,66,2.069999999999993,2.868000000000052,1,2.0
118,ERROR_M,8,67,2.4319999999999595,4.136000000000024,1,2.0
118,ERROR_M,8,68,2.1619999999999777,4.906000000000006,1,2.0
118,ERROR_M,8,69,2.069999999999993,5.164000000000044,1,2.0
118,ERROR_M,8,70,2.0159999999999627,4.663999999999987,1,2.0
118,ERROR_M,8,71,2.3180000000000405,5.849999999999966,1,2.0
118,ERROR_M,8,72,2.2520000000000095,6.148000000000025,1,2.0
118,ERROR_M,8,73,2.0219999999999914,7.367999999999938,1,2.0
118,ERROR_M,8,74,2.326000000000022,5.926000000000045,1,2.0
118,ERROR_M,8,75,2.1019999999999754,7.586000000000013,1,2.0
118,ERROR_M,8,76,2.009999999999991,6.816000000000031,1,2.0
118,ERROR_M,8,77,1.981999999999971,7.724000000000046,0,2.0
118,ERROR_M,8,78,2.062000000000012,8.063999999999965,1,2.0
118,ERROR_M,8,79,2.038000000000011,7.127999999999929,1,2.0
118,ERROR_M,8,80,1.9039999999999964,8.430000000000064,0,2.0
118,ERROR_M,8,81,2.2479999999999336,3.6620000000000346,1,2.0
118,ERROR_M,8,82,2.090000000000032,3.312000000000012,1,2.0
118,ERROR_M,8,83,1.981999999999971,4.456000000000017,0,2.0
118,ERROR_M,8,84,1.9420000000000073,3.8899999999999864,0,2.0
118,ERROR_M,8,85,2.45799999999997,2.868000000000052,1,2.0
118,ERROR_M,8,86,2.1000000000000227,4.023999999999887,1,2.0
118,ERROR_M,8,87,2.2200000000000273,6.54200000000003,1,2.0
118,ERROR_M,8,88,2.094000000000051,8.135999999999967,1,2.0
118,ERROR_M,8,89,2.2060000000000173,8.515999999999963,1,2.0
118,ERROR_M,8,90,2.298000000000002,7.361999999999966,1,2.0
118,ERROR_M,8,91,2.032000000000039,3.9220000000000255,1,2.0
118,ERROR_M,8,92,2.3659999999999854,6.789999999999964,1,2.0
118,ERROR_M,8,93,2.0,4.803999999999974,0,2.0
118,ERROR_M,8,94,2.0819999999999936,7.482000000000085,1,2.0
118,ERROR_M,8,95,1.981999999999971,5.086000000000013,0,2.0
118,ERROR_M,8,96,2.173999999999978,6.610000000000014,1,2.0
118,ERROR_M,8,97,2.1499999999999773,4.768000000000029,1,2.0
118,ERROR_M,8,98,1.981999999999971,7.774000000000001,0,2.0
118,ERROR_M,8,99,1.9940000000000282,2.6580000000000155,0,2.0
118,ERROR_M,8,100,2.25,3.7439999999999145,1,2.0
118,ERROR_M,8,101,2.296000000000049,4.245999999999981,1,2.0
118,ERROR_M,8,102,2.3220000000000027,5.432000000000016,1,2.0
118,ERROR_M,8,103,0.14800000000002456,0.021999999999934516,0,2.0
118,ERROR_M,8,104,0.9460000000000264,26.888000000000034,0,2.0
118,ERROR_M,8,105,2.019999999999982,5.878000000000043,1,2.0
118,ERROR_M,8,106,1.711999999999989,2.463999999999942,0,2.0
118,ERROR_M,8,107,2.1380000000000337,3.4020000000000437,1,2.0
118,ERROR_M,8,108,2.0539999999999736,7.1200000000000045,1,2.0
118,ERROR_M,8,109,2.0599999999999454,8.519999999999982,1,2.0
118,ERROR_M,8,110,1.9279999999999973,7.440000000000055,0,2.0
118,ERROR_M,8,111,2.038000000000011,2.8519999999999754,1,2.0
118,ERROR_M,8,112,2.3360000000000127,5.182000000000016,1,2.0
118,ERROR_M,8,113,2.1499999999999773,3.881999999999948,1,2.0
118,ERROR_M,8,114,2.4980000000000473,5.608000000000061,1,2.0
118,ERROR_M,8,115,2.1779999999999973,8.063999999999965,1,2.0
118,ERROR_M,8,116,2.0839999999999463,6.660000000000082,1,2.0
118,ERROR_M,8,117,1.8679999999999382,4.048000000000002,0,2.0
118,ERROR_M,8,118,1.7960000000000491,8.069999999999936,0,2.0
118,ERROR_M,8,119,2.1660000000000537,5.809999999999945,1,2.0
118,ERROR_M,8,120,2.1499999999999773,4.678000000000111,1,2.0
118,ERROR_M,8,121,2.0399999999999636,7.391999999999939,1,2.0
118,ERROR_M,8,122,1.6420000000000528,2.9700000000000273,0,2.0
118,ERROR_M,8,123,2.0279999999999063,6.122000000000071,1,2.0
118,ERROR_M,8,124,2.175999999999931,8.090000000000032,1,2.0
118,ERROR_M,8,125,1.8400000000000318,6.703999999999951,0,2.0
118,ERROR_M,8,126,2.12600000000009,6.8419999999999845,1,2.0
118,ERROR_M,8,127,2.1580000000000155,8.503999999999905,1,2.0
118,ERROR_M,8,128,1.9279999999999973,3.5020000000000664,0,2.0
118,ERROR_M,8,129,1.9919999999999618,4.4220000000000255,0,2.0
118,ERROR_M,8,130,2.201999999999998,4.461999999999989,1,2.0
118,ERROR_M,8,131,2.312000000000012,4.974000000000046,1,2.0
118,ERROR_M,8,132,1.8419999999999845,6.846000000000004,0,2.0
118,ERROR_M,8,133,1.75,21.777999999999906,0,2.0
118,ERROR_M,8,134,1.1340000000000146,31.13600000000008,0,2.0
118,ERROR_M,8,135,0.16200000000003456,28.6579999999999,0,2.0
118,ERROR_M,8,136,2.1639999999999873,3.824000000000069,1,2.0
118,ERROR_M,8,137,1.6800000000000637,3.9039999999999964,0,2.0
118,ERROR_M,8,138,1.9399999999998272,5.748000000000047,0,2.0
118,ERROR_M,8,139,2.3559999999999945,7.508000000000038,1,2.0
118,ERROR_M,8,140,1.7999999999999545,2.4400000000000546,0,2.0
118,ERROR_M,8,141,2.1420000000000528,5.619999999999891,1,2.0
118,ERROR_M,8,142,2.0119999999999436,7.0900000000001455,1,2.0
118,ERROR_M,8,143,1.8959999999999582,6.019999999999982,0,2.0
118,ERROR_M,8,144,2.089999999999918,7.903999999999996,1,2.0
118,ERROR_M,8,145,1.8260000000000218,6.738000000000056,0,2.0
118,ERROR_M,8,146,2.9860000000001037,3.6959999999999127,1,2.0
118,ERROR_M,8,147,2.4039999999999964,7.5060000000000855,1,2.0
118,ERROR_M,8,148,2.16599999999994,7.52800000000002,1,2.0
118,ERROR_M,8,149,2.1720000000000255,4.405999999999949,1,2.0
118,ERROR_M,8,150,1.94399999999996,3.0440000000000964,0,2.0
118,ERROR_M,8,151,2.22199999999998,5.861999999999853,1,2.0
118,ERROR_M,8,152,2.1940000000001874,7.901999999999816,1,2.0
118,ERROR_M,8,153,2.122000000000071,8.10200000000009,1,2.0
118,ERROR_M,8,154,2.1820000000000164,5.337999999999965,1,2.0
118,ERROR_M,8,155,2.3079999999999927,8.645999999999958,1,2.0
118,ERROR_M,8,156,2.066000000000031,6.192000000000007,1,2.0
118,ERROR_M,8,157,2.2619999999999436,2.963999999999942,1,2.0
118,ERROR_M,8,158,2.1159999999999854,4.00200000000018,1,2.0
118,ERROR_M,8,159,2.4759999999998854,3.0799999999999272,1,2.0
118,ERROR_M,8,160,2.1340000000000146,4.790000000000191,1,2.0
118,ERROR_M,8,161,2.259999999999991,5.657999999999902,1,2.0
118,ERROR_M,8,162,2.1920000000000073,6.635999999999967,1,2.0
118,ERROR_M,8,163,2.33400000000006,4.963999999999942,1,2.0
118,ERROR_M,8,164,2.2480000000000473,3.341999999999871,1,2.0
118,ERROR_M,8,165,2.5520000000001346,3.7180000000000746,1,2.0
118,ERROR_M,8,166,2.3799999999998818,7.518000000000029,1,2.0
118,ERROR_M,8,167,2.4739999999999327,3.8279999999999745,1,2.0
118,ERROR_M,8,168,2.5900000000001455,4.395999999999958,1,2.0
118,ERROR_M,8,169,2.0319999999999254,5.544000000000096,1,2.0
118,ERROR_M,8,170,2.369999999999891,7.135999999999967,1,2.0
118,ERROR_M,8,171,2.3460000000000036,5.454000000000178,1,2.0
118,ERROR_M,8,172,2.397999999999911,6.051999999999907,1,2.0
118,ERROR_M,8,173,2.288000000000011,6.532000000000153,1,2.0
118,ERROR_M,8,174,2.175999999999931,13.236000000000104,1,2.0
118,ERROR_M,8,175,2.0739999999998417,6.9220000000000255,1,2.0
118,ERROR_M,8,176,2.41800000000012,7.9099999999998545,1,2.0
118,ERROR_M,8,177,2.094000000000051,4.432000000000016,1,2.0
118,ERROR_M,8,178,2.173999999999978,4.281999999999925,1,2.0
118,ERROR_M,8,179,2.2920000000001437,11.1099999999999,1,2.0
118,ERROR_M,8,180,1.9919999999999618,8.036000000000058,0,2.0
118,ERROR_M,8,181,2.2740000000001146,2.72199999999998,1,2.0
118,ERROR_M,8,182,2.4559999999999036,8.740000000000009,1,2.0
118,ERROR_M,8,183,1.9359999999999218,7.496000000000095,0,2.0
118,ERROR_M,8,184,2.1059999999999945,5.97199999999998,1,2.0
118,ERROR_M,8,185,2.380000000000109,7.179999999999836,1,2.0
118,ERROR_M,8,186,2.286000000000058,15.508000000000038,1,2.0
118,ERROR_M,8,187,2.3479999999999563,7.8940000000000055,1,2.0
118,ERROR_M,8,188,2.0399999999999636,10.898000000000138,1,2.0
118,ERROR_M,8,189,2.3599999999999,3.91599999999994,1,2.0
118,ERROR_M,8,190,2.2000000000000455,6.160000000000082,1,2.0
118,ERROR_M,8,191,2.33400000000006,8.731999999999971,1,2.0
118,ERROR_M,8,192,2.1979999999998654,4.680000000000064,1,2.0
118,ERROR_M,8,193,2.395999999999958,5.928000000000111,1,2.0
118,ERROR_M,8,194,2.2719999999999345,9.715999999999894,1,2.0
118,ERROR_M,8,195,1.0540000000000873,5.1720000000000255,0,2.0
118,ERROR_M,8,196,2.0979999999999563,6.882000000000062,1,2.0
118,ERROR_M,8,197,1.1079999999999472,8.048000000000002,0,2.0
118,ERROR_M,8,198,2.1520000000000437,73.53800000000001,1,2.0
118,ERROR_M,8,199,0.7839999999998781,8.538000000000011,0,2.0
118,ERROR_M,8,200,2.2100000000000364,5.872000000000071,1,2.0
118,ERROR_M,8,201,2.061999999999898,13.991999999999962,1,2.0
118,ERROR_M,8,202,2.3320000000001073,6.4500000000000455,1,2.0
118,ERROR_M,8,203,2.258000000000038,7.917999999999893,1,2.0
118,ERROR_M,8,204,0.09600000000000364,0.05199999999990723,0,2.0
118,ERROR_M,8,205,1.9980000000000473,11.716000000000122,0,2.0
118,ERROR_M,8,206,2.3579999999999472,6.337999999999965,1,2.0
118,ERROR_M,8,207,2.548000000000002,7.963999999999942,1,2.0
118,ERROR_M,8,208,2.3360000000000127,6.470000000000027,1,2.0
118,ERROR_M,8,209,2.451999999999998,11.009999999999991,1,2.0
118,ERROR_M,8,210,2.52800000000002,402.7739999999999,1,2.0
118,ERROR_M,8,211,1.711999999999989,3.6260000000002037,0,2.0
118,ERROR_M,8,212,2.6340000000000146,2.5599999999999454,1,2.0
118,ERROR_M,8,213,2.6140000000000327,3.423999999999978,1,2.0
118,ERROR_M,8,214,2.4340000000001965,8.019999999999982,1,2.0
118,ERROR_M,8,215,2.4039999999999964,18.6899999999996,1,2.0
118,ERROR_M,8,216,3.156000000000404,6.753999999999905,1,2.0
118,ERROR_M,8,217,2.4479999999998654,8.634000000000015,1,2.0
118,ERROR_M,8,218,2.6799999999998363,4.610000000000127,1,2.0
118,ERROR_M,8,219,2.880000000000109,7.791999999999916,1,2.0
118,ERROR_M,8,220,2.5280000000002474,4.043999999999869,1,2.0
118,ERROR_M,8,221,2.6859999999996944,5.992000000000189,1,2.0
118,ERROR_M,8,222,2.6840000000001965,7.829999999999927,1,2.0
118,ERROR_M,8,223,2.4079999999999018,8.184000000000196,1,2.0
118,ERROR_M,8,224,2.661999999999807,8.505999999999858,1,2.0
118,ERROR_M,8,225,0.39400000000023283,0.03600000000005821,0,2.0
118,ERROR_M,8,226,0.9639999999999418,7.155999999999949,0,2.0
118,ERROR_M,8,227,2.6920000000000073,3.0839999999998327,1,2.0
118,ERROR_M,8,228,2.536000000000058,4.483999999999924,1,2.0
118,ERROR_M,8,229,2.4220000000000255,13.526000000000295,1,2.0
118,ERROR_M,8,230,2.875999999999749,4.744000000000142,1,2.0
118,ERROR_M,8,231,2.5459999999998217,6.4780000000000655,1,2.0
118,ERROR_M,8,232,2.4220000000000255,6.94399999999996,1,2.0
118,ERROR_M,8,233,2.662000000000262,5.0659999999998035,1,2.0
118,ERROR_M,8,234,2.2460000000000946,7.411999999999807,1,2.0
118,ERROR_M,8,235,2.3859999999999673,6.044000000000324,1,2.0
118,ERROR_M,8,236,2.1019999999998618,7.7280000000000655,1,2.0
118,ERROR_M,8,237,2.2739999999998872,6.382000000000062,1,2.0
118,ERROR_M,8,238,2.244000000000142,6.451999999999771,1,2.0
118,ERROR_M,8,239,2.4980000000000473,7.7719999999999345,1,2.0
118,ERROR_M,8,240,2.293999999999869,7.140000000000327,1,2.0
118,ERROR_M,8,241,2.5739999999996144,5.400000000000091,1,2.0
118,ERROR_M,8,242,2.662000000000262,5.377999999999702,1,2.0
118,ERROR_M,8,243,2.742000000000189,3.036000000000058,1,2.0
118,ERROR_M,8,244,2.244000000000142,27.89599999999973,1,2.0
118,ERROR_M,8,245,2.6399999999998727,3.456000000000131,1,2.0
118,ERROR_M,8,246,2.3580000000001746,5.2039999999997235,1,2.0
118,ERROR_M,8,247,2.3099999999999454,6.318000000000211,1,2.0
118,ERROR_M,8,248,2.2660000000000764,3.6920000000000073,1,2.0
118,ERROR_M,8,249,2.36200000000008,5.837999999999738,1,2.0
118,ERROR_M,8,250,2.099999999999909,5.160000000000309,1,2.0
118,ERROR_M,8,251,2.2080000000000837,7.005999999999858,1,2.0
118,ERROR_M,8,252,2.1159999999999854,6.038000000000011,1,2.0
118,ERROR_M,8,253,2.3339999999998327,6.920000000000073,1,2.0
118,ERROR_M,8,254,2.2220000000002074,7.288000000000011,1,2.0
118,ERROR_M,8,255,0.6219999999998436,0.027999999999792635,0,2.0
118,ERROR_M,8,256,2.088000000000193,7.981999999999971,0,2.0
118,ERROR_M,8,257,2.2919999999999163,10.36200000000008,1,2.0
118,ERROR_M,8,258,2.1660000000001673,7.844000000000051,1,2.0
118,ERROR_M,8,259,2.393999999999778,8.942000000000007,1,2.0
118,ERROR_M,8,260,2.4960000000000946,4.567999999999756,1,2.0
118,ERROR_M,8,261,2.2780000000002474,8.577999999999975,1,2.0
118,ERROR_M,8,262,1.8460000000000036,6.768000000000029,0,2.0
118,ERROR_M,8,263,2.1340000000000146,8.677999999999884,1,2.0
118,ERROR_M,8,264,2.22400000000016,3.7779999999997926,1,2.0
118,ERROR_M,8,265,2.2480000000000473,4.416000000000167,1,2.0
118,ERROR_M,8,266,2.33199999999988,6.114000000000033,1,2.0
118,ERROR_M,8,267,2.3719999999998436,6.526000000000295,1,2.0
118,ERROR_M,8,268,2.2619999999997162,4.8960000000001855,1,2.0
118,ERROR_M,8,269,2.155999999999949,5.3659999999999854,1,2.0
118,ERROR_M,8,270,2.1039999999998145,5.738000000000284,1,2.0
118,ERROR_M,8,271,2.30600000000004,9.1899999999996,1,2.0
118,ERROR_M,8,272,2.2160000000003492,8.36200000000008,1,2.0
118,ERROR_M,8,273,2.1359999999999673,8.67599999999993,1,2.0
118,ERROR_M,8,274,2.02599999999984,20.353999999999814,1,2.0
118,ERROR_M,8,275,2.3880000000003747,17.521999999999935,1,2.0
118,ERROR_M,8,276,2.661999999999807,3.2220000000002074,1,2.0
118,ERROR_M,8,277,2.5979999999999563,5.7979999999997744,1,2.0
118,ERROR_M,8,278,2.44800000000032,19.286000000000058,1,2.0
118,ERROR_M,8,279,2.587999999999738,7.369999999999891,1,2.0
118,ERROR_M,8,280,1.9400000000000546,,0,2.0
118,ERROR_M,9,1,0.5399999999999991,4.896000000000001,0,2.0
118,ERROR_M,9,2,1.955999999999996,3.3640000000000043,0,2.0
118,ERROR_M,9,3,0.031999999999996476,0.018000000000000682,0,2.0
118,ERROR_M,9,4,1.1799999999999997,7.857999999999997,0,2.0
118,ERROR_M,9,5,1.966000000000001,5.6540000000000035,0,2.0
118,ERROR_M,9,6,1.8200000000000003,2.8759999999999977,0,2.0
118,ERROR_M,9,7,1.9279999999999973,2.362000000000009,0,2.0
118,ERROR_M,9,8,2.3319999999999936,6.808000000000007,1,2.0
118,ERROR_M,9,9,2.103999999999999,4.459999999999994,1,2.0
118,ERROR_M,9,10,2.0819999999999936,5.50800000000001,1,2.0
118,ERROR_M,9,11,2.0720000000000027,3.171999999999997,1,2.0
118,ERROR_M,9,12,2.3659999999999997,6.171999999999997,1,2.0
118,ERROR_M,9,13,2.152000000000001,6.480000000000004,1,2.0
118,ERROR_M,9,14,2.033999999999992,4.058000000000007,1,2.0
118,ERROR_M,9,15,1.9279999999999973,7.033999999999992,0,2.0
118,ERROR_M,9,16,2.1680000000000064,7.503999999999991,1,2.0
118,ERROR_M,9,17,2.0020000000000095,7.800000000000011,1,2.0
118,ERROR_M,9,18,2.3759999999999764,8.074000000000012,1,2.0
118,ERROR_M,9,19,2.544000000000011,8.47799999999998,1,2.0
118,ERROR_M,9,20,1.9620000000000175,4.2620000000000005,0,2.0
118,ERROR_M,9,21,2.1219999999999857,8.090000000000003,1,2.0
118,ERROR_M,9,22,1.578000000000003,2.366000000000014,0,2.0
118,ERROR_M,9,23,2.1539999999999964,3.4919999999999902,1,2.0
118,ERROR_M,9,24,2.1980000000000075,4.745999999999981,1,2.0
118,ERROR_M,9,25,1.974000000000018,5.043999999999983,0,2.0
118,ERROR_M,9,26,2.165999999999997,5.494,1,2.0
118,ERROR_M,9,27,2.076000000000022,6.925999999999988,1,2.0
118,ERROR_M,9,28,2.1260000000000048,7.777999999999992,1,2.0
118,ERROR_M,9,29,1.990000000000009,2.6539999999999964,0,2.0
118,ERROR_M,9,30,2.391999999999996,6.117999999999995,1,2.0
118,ERROR_M,9,31,2.2520000000000095,4.8659999999999854,1,2.0
118,ERROR_M,9,32,1.9960000000000377,7.44199999999995,0,2.0
118,ERROR_M,9,33,2.090000000000032,8.565999999999974,1,2.0
118,ERROR_M,9,34,1.9860000000000468,4.4179999999999495,0,2.0
118,ERROR_M,9,35,2.330000000000041,6.572000000000003,1,2.0
118,ERROR_M,9,36,2.1920000000000073,4.8139999999999645,1,2.0
118,ERROR_M,9,37,1.593999999999994,3.722000000000037,0,2.0
118,ERROR_M,9,38,2.2479999999999905,7.199999999999989,1,2.0
118,ERROR_M,9,39,2.377999999999986,5.937999999999988,1,2.0
118,ERROR_M,9,40,2.3740000000000236,7.934000000000026,1,2.0
118,ERROR_M,9,41,2.3039999999999736,5.3040000000000305,1,2.0
118,ERROR_M,9,42,2.1679999999999495,5.854000000000042,1,2.0
118,ERROR_M,9,43,2.165999999999997,8.099999999999966,1,2.0
118,ERROR_M,9,44,1.8540000000000418,3.8079999999999927,0,2.0
118,ERROR_M,9,45,2.1859999999999786,4.745999999999981,1,2.0
118,ERROR_M,9,46,2.0600000000000023,3.562000000000012,1,2.0
118,ERROR_M,9,47,2.326000000000022,6.947999999999979,1,2.0
118,ERROR_M,9,48,2.0160000000000196,7.545999999999992,1,2.0
118,ERROR_M,9,49,2.038000000000011,8.541999999999973,1,2.0
118,ERROR_M,9,50,2.2139999999999986,5.819999999999993,1,2.0
118,ERROR_M,9,51,2.4780000000000086,7.096000000000004,1,2.0
118,ERROR_M,9,52,1.9879999999999995,2.410000000000025,0,2.0
118,ERROR_M,9,53,2.673999999999978,6.069999999999993,1,2.0
118,ERROR_M,9,54,2.3319999999999936,16.950000000000045,1,2.0
118,ERROR_M,9,55,0.4679999999999609,6.581999999999994,0,2.0
118,ERROR_M,9,56,2.358000000000004,3.656000000000006,1,2.0
118,ERROR_M,9,57,2.343999999999994,4.218000000000018,1,2.0
118,ERROR_M,9,58,2.0640000000000214,5.3139999999999645,1,2.0
118,ERROR_M,9,59,1.816000000000031,3.1200000000000045,0,2.0
118,ERROR_M,9,60,2.2759999999999536,4.927999999999997,1,2.0
118,ERROR_M,9,61,2.0740000000000123,3.670000000000016,1,2.0
118,ERROR_M,9,62,2.6480000000000246,5.041999999999973,1,2.0
118,ERROR_M,9,63,2.466000000000008,6.860000000000014,1,2.0
118,ERROR_M,9,64,2.23599999999999,4.258000000000038,1,2.0
118,ERROR_M,9,65,1.967999999999961,3.4260000000000446,0,2.0
118,ERROR_M,9,66,2.411999999999921,5.502000000000066,1,2.0
118,ERROR_M,9,67,2.5599999999999454,7.039999999999964,1,2.0
118,ERROR_M,9,68,2.2040000000000646,7.497999999999934,1,2.0
118,ERROR_M,9,69,2.046000000000049,4.774000000000001,1,2.0
118,ERROR_M,9,70,2.231999999999971,6.11200000000008,1,2.0
118,ERROR_M,9,71,2.0579999999999927,6.163999999999987,1,2.0
118,ERROR_M,9,72,2.0860000000000127,6.569999999999936,1,2.0
118,ERROR_M,9,73,2.240000000000009,7.822000000000003,1,2.0
118,ERROR_M,9,74,1.9640000000000555,8.069999999999936,0,2.0
118,ERROR_M,9,75,2.1860000000000355,4.135999999999967,1,2.0
118,ERROR_M,9,76,2.3719999999999573,8.548000000000002,1,2.0
118,ERROR_M,9,77,2.1700000000000728,4.3279999999999745,1,2.0
118,ERROR_M,9,78,2.7100000000000364,4.987999999999943,1,2.0
118,ERROR_M,9,79,2.1720000000000255,7.096000000000004,1,2.0
118,ERROR_M,9,80,2.008000000000038,4.317999999999984,1,2.0
118,ERROR_M,9,81,2.2659999999999627,4.399999999999977,1,2.0
118,ERROR_M,9,82,2.1480000000000246,6.861999999999966,1,2.0
118,ERROR_M,9,83,2.1680000000000064,7.51400000000001,1,2.0
118,ERROR_M,9,84,1.9740000000000464,8.418000000000006,0,2.0
118,ERROR_M,9,85,2.0219999999999345,5.064000000000078,1,2.0
118,ERROR_M,9,86,2.3239999999999554,7.779999999999973,1,2.0
118,ERROR_M,9,87,2.060000000000059,4.833999999999946,1,2.0
118,ERROR_M,9,88,1.8559999999999945,3.58400000000006,0,2.0
118,ERROR_M,9,89,2.3600000000000136,6.183999999999969,1,2.0
118,ERROR_M,9,90,2.0539999999999736,4.518000000000029,1,2.0
118,ERROR_M,9,91,1.8780000000000427,6.37399999999991,0,2.0
118,ERROR_M,9,92,1.9540000000000646,2.3799999999999955,0,2.0
118,ERROR_M,9,93,2.3880000000000337,3.8619999999999663,1,2.0
118,ERROR_M,9,94,2.463999999999942,5.578000000000088,1,2.0
118,ERROR_M,9,95,2.4599999999999227,5.984000000000037,1,2.0
118,ERROR_M,9,96,2.2899999999999636,8.170000000000073,1,2.0
118,ERROR_M,9,97,2.22199999999998,6.847999999999956,1,2.0
118,ERROR_M,9,98,2.1140000000000327,4.269999999999982,1,2.0
118,ERROR_M,9,99,2.4700000000000273,6.531999999999925,1,2.0
118,ERROR_M,9,100,2.3740000000000236,3.8799999999999955,1,2.0
118,ERROR_M,9,101,2.254000000000019,7.54200000000003,1,2.0
118,ERROR_M,9,102,2.0539999999999736,5.043999999999983,1,2.0
118,ERROR_M,9,103,2.2380000000000564,6.141999999999939,1,2.0
118,ERROR_M,9,104,2.1580000000000155,6.854000000000042,1,2.0
118,ERROR_M,9,105,2.255999999999972,8.192000000000007,1,2.0
118,ERROR_M,9,106,2.2859999999999445,8.58800000000008,1,2.0
118,ERROR_M,9,107,1.9699999999999136,3.024000000000001,0,2.0
118,ERROR_M,9,108,2.5400000000000773,3.4599999999999227,1,2.0
118,ERROR_M,9,109,2.368000000000052,6.259999999999991,1,2.0
118,ERROR_M,9,110,2.8079999999999927,6.97199999999998,1,2.0
118,ERROR_M,9,111,1.990000000000009,7.684000000000083,0,2.0
118,ERROR_M,9,112,2.171999999999912,3.1580000000000155,1,2.0
118,ERROR_M,9,113,2.3519999999999754,12.388000000000034,1,2.0
118,ERROR_M,9,114,2.4560000000000173,5.538000000000011,1,2.0
118,ERROR_M,9,115,2.3039999999999736,4.937999999999988,1,2.0
118,ERROR_M,9,116,2.5260000000000673,14.105999999999995,1,2.0
118,ERROR_M,9,117,1.905999999999949,7.51400000000001,0,2.0
118,ERROR_M,9,118,1.94399999999996,3.8220000000000027,0,2.0
118,ERROR_M,9,119,2.1140000000000327,3.32000000000005,1,2.0
118,ERROR_M,9,120,2.171999999999912,6.080000000000041,1,2.0
118,ERROR_M,9,121,2.17999999999995,7.822000000000003,1,2.0
118,ERROR_M,9,122,2.2380000000000564,8.562000000000012,1,2.0
118,ERROR_M,9,123,2.3659999999999854,6.823999999999955,1,2.0
118,ERROR_M,9,124,2.316000000000031,7.325999999999908,1,2.0
118,ERROR_M,9,125,2.116000000000213,8.187999999999874,1,2.0
118,ERROR_M,9,126,2.122000000000071,7.152000000000044,1,2.0
118,ERROR_M,9,127,2.3759999999999764,3.481999999999971,1,2.0
118,ERROR_M,9,128,2.3099999999999454,5.236000000000104,1,2.0
118,ERROR_M,9,129,2.2619999999999436,5.107999999999947,1,2.0
118,ERROR_M,9,130,2.4120000000000346,5.554000000000087,1,2.0
118,ERROR_M,9,131,2.6599999999998545,6.508000000000038,1,2.0
118,ERROR_M,9,132,2.1140000000000327,4.248000000000047,1,2.0
118,ERROR_M,9,133,2.7059999999999036,3.0720000000001164,1,2.0
118,ERROR_M,9,134,3.237999999999829,5.428000000000111,1,2.0
118,ERROR_M,9,135,2.1679999999998927,8.077999999999975,1,2.0
118,ERROR_M,9,136,2.4120000000000346,12.529999999999973,1,2.0
118,ERROR_M,9,137,2.259999999999991,6.173999999999978,1,2.0
118,ERROR_M,9,138,2.078000000000202,5.543999999999869,1,2.0
118,ERROR_M,9,139,1.9960000000000946,4.057999999999993,0,2.0
118,ERROR_M,9,140,2.08199999999988,11.566000000000031,1,2.0
118,ERROR_M,9,141,2.824000000000069,4.7280000000000655,1,2.0
118,ERROR_M,9,142,2.1259999999999764,14.057999999999993,1,2.0
118,ERROR_M,9,143,2.1299999999998818,6.259999999999991,1,2.0
118,ERROR_M,9,144,2.6000000000001364,5.711999999999989,1,2.0
118,ERROR_M,9,145,2.0979999999999563,4.208000000000084,1,2.0
118,ERROR_M,9,146,2.3479999999999563,6.945999999999913,1,2.0
118,ERROR_M,9,147,2.2260000000001128,16.08199999999988,1,2.0
118,ERROR_M,9,148,3.3079999999999927,6.683999999999969,1,2.0
118,ERROR_M,9,149,2.1059999999999945,9.355999999999995,1,2.0
118,ERROR_M,9,150,2.504000000000133,7.467999999999847,1,2.0
118,ERROR_M,9,151,2.0800000000001546,5.238000000000056,1,2.0
118,ERROR_M,9,152,2.2239999999999327,9.283999999999878,1,2.0
118,ERROR_M,9,153,2.102000000000089,8.993999999999915,1,2.0
118,ERROR_M,9,154,2.3659999999999854,11.25,1,2.0
118,ERROR_M,9,155,2.451999999999998,8.698000000000093,1,2.0
118,ERROR_M,9,156,2.2380000000000564,8.481999999999971,1,2.0
118,ERROR_M,9,157,2.3659999999999854,10.460000000000036,1,2.0
118,ERROR_M,9,158,2.423999999999978,6.354000000000042,1,2.0
118,ERROR_M,9,159,2.4379999999998745,6.6059999999999945,1,2.0
118,ERROR_M,9,160,2.4060000000001764,5.727999999999838,1,2.0
118,ERROR_M,9,161,2.7799999999999727,5.7000000000000455,1,2.0
118,ERROR_M,9,162,1.928000000000111,5.981999999999971,0,2.0
118,ERROR_M,9,163,2.061999999999898,7.3559999999999945,1,2.0
118,ERROR_M,9,164,2.428000000000111,8.945999999999913,1,2.0
118,ERROR_M,9,165,2.683999999999969,6.716000000000122,1,2.0
118,ERROR_M,9,166,2.0679999999999836,7.551999999999907,1,2.0
118,ERROR_M,9,167,2.8179999999999836,153.88800000000015,1,2.0
118,ERROR_M,9,168,1.63799999999992,2.5920000000000982,0,2.0
118,ERROR_M,9,169,3.0519999999999072,5.059999999999945,1,2.0
118,ERROR_M,9,170,2.4320000000000164,7.877999999999929,1,2.0
118,ERROR_M,9,171,2.2260000000001128,12.096000000000004,1,2.0
118,ERROR_M,9,172,3.311999999999898,6.436000000000149,1,2.0
118,ERROR_M,9,173,2.3640000000000327,8.753999999999905,1,2.0
118,ERROR_M,9,174,2.298000000000002,6.069999999999936,1,2.0
118,ERROR_M,9,175,2.576000000000022,3.481999999999971,1,2.0
118,ERROR_M,9,176,2.660000000000082,4.794000000000096,1,2.0
118,ERROR_M,9,177,2.395999999999958,7.683999999999969,1,2.0
118,ERROR_M,9,178,2.730000000000018,6.9780000000000655,1,2.0
118,ERROR_M,9,179,2.231999999999971,5.279999999999973,1,2.0
118,ERROR_M,9,180,2.66599999999994,6.751999999999953,1,2.0
118,ERROR_M,9,181,2.269999999999982,8.114000000000033,1,2.0
118,ERROR_M,9,182,2.2640000000001237,9.363999999999805,1,2.0
118,ERROR_M,9,183,2.466000000000122,4.1059999999999945,1,2.0
118,ERROR_M,9,184,2.1400000000001,7.009999999999991,1,2.0
118,ERROR_M,9,185,2.285999999999831,6.451999999999998,1,2.0
118,ERROR_M,9,186,2.0260000000000673,5.951999999999998,1,2.0
118,ERROR_M,9,187,2.094000000000051,9.687999999999874,1,2.0
118,ERROR_M,9,188,2.272000000000162,6.837999999999965,1,2.0
118,ERROR_M,9,189,2.538000000000011,4.407999999999902,1,2.0
118,ERROR_M,9,190,1.8880000000001473,7.479999999999791,0,2.0
118,ERROR_M,9,191,2.234000000000151,7.841999999999871,1,2.0
118,ERROR_M,9,192,2.0700000000001637,4.621999999999844,1,2.0
118,ERROR_M,9,193,2.3360000000000127,6.266000000000076,1,2.0
118,ERROR_M,9,194,2.2359999999998763,6.940000000000055,1,2.0
118,ERROR_M,9,195,2.122000000000071,136.54600000000005,1,2.0
118,ERROR_M,9,196,0.5760000000000218,14.737999999999829,0,2.0
118,ERROR_M,9,197,1.8240000000000691,7.448000000000093,0,2.0
118,ERROR_M,9,198,2.5779999999999745,7.710000000000036,1,2.0
118,ERROR_M,9,199,2.4019999999998163,5.792000000000144,1,2.0
118,ERROR_M,9,200,2.7359999999998763,4.8960000000001855,1,2.0
118,ERROR_M,9,201,2.727999999999838,8.451999999999998,1,2.0
118,ERROR_M,9,202,2.395999999999958,18.34400000000028,1,2.0
118,ERROR_M,9,203,2.8339999999998327,3.0900000000001455,1,2.0
118,ERROR_M,9,204,2.645999999999731,6.751999999999953,1,2.0
118,ERROR_M,9,205,2.324000000000069,7.288000000000011,1,2.0
118,ERROR_M,9,206,2.8519999999998618,4.482000000000426,1,2.0
118,ERROR_M,9,207,2.25,6.2159999999998945,1,2.0
118,ERROR_M,9,208,2.5720000000001164,7.023999999999887,1,2.0
118,ERROR_M,9,209,2.230000000000018,7.057999999999993,1,2.0
118,ERROR_M,9,210,2.3519999999998618,6.858000000000175,1,2.0
118,ERROR_M,9,211,2.0979999999999563,19.781999999999698,1,2.0
118,ERROR_M,9,212,2.900000000000091,5.416000000000167,1,2.0
118,ERROR_M,9,213,2.0799999999999272,18.820000000000164,1,2.0
118,ERROR_M,9,214,3.094000000000051,3.7039999999997235,1,2.0
118,ERROR_M,9,215,2.4200000000000728,109.91400000000021,1,2.0
118,ERROR_M,9,216,2.4839999999999236,8.329999999999927,1,2.0
118,ERROR_M,9,217,2.893999999999778,5.751999999999953,1,2.0
118,ERROR_M,9,218,2.4520000000002256,14.20199999999977,1,2.0
118,ERROR_M,9,219,4.302000000000135,3.5700000000001637,1,2.0
118,ERROR_M,9,220,2.705999999999676,6.416000000000167,1,2.0
118,ERROR_M,9,221,1.91800000000012,3.0839999999998327,0,2.0
118,ERROR_M,9,222,2.894000000000233,5.02599999999984,1,2.0
118,ERROR_M,9,223,2.088000000000193,7.687999999999647,1,2.0
118,ERROR_M,9,224,2.576000000000022,7.382000000000062,1,2.0
118,ERROR_M,9,225,1.8460000000000036,5.9900000000002365,0,2.0
118,ERROR_M,9,226,2.2839999999996508,7.924000000000433,1,2.0
118,ERROR_M,9,227,2.1539999999999964,8.14599999999973,1,2.0
118,ERROR_M,9,228,2.0280000000002474,14.819999999999709,1,2.0
118,ERROR_M,9,229,2.9279999999998836,2.730000000000018,1,2.0
118,ERROR_M,9,230,2.6700000000000728,5.472000000000207,1,2.0
118,ERROR_M,9,231,2.0479999999997744,12.952000000000226,1,2.0
118,ERROR_M,9,232,3.0039999999999054,7.320000000000164,1,2.0
118,ERROR_M,9,233,2.882000000000062,4.053999999999633,1,2.0
118,ERROR_M,9,234,2.324000000000069,8.650000000000091,1,2.0
118,ERROR_M,9,235,1.9839999999999236,441.05200000000013,0,2.0
118,ERROR_M,9,236,1.2579999999998108,3.2220000000002074,0,2.0
118,ERROR_M,9,237,1.4239999999999782,,0,2.0
118,ERROR_M,10,1,0.629999999999999,5.265999999999998,0,2.0
118,ERROR_M,10,2,1.6880000000000024,7.624000000000002,0,2.0
118,ERROR_M,10,3,1.6059999999999945,8.062000000000005,0,2.0
118,ERROR_M,10,4,1.9339999999999975,8.424000000000007,0,2.0
118,ERROR_M,10,5,2.033999999999992,7.530000000000001,1,2.0
118,ERROR_M,10,6,1.7439999999999998,4.042000000000002,0,2.0
118,ERROR_M,10,7,1.945999999999998,3.7439999999999998,0,2.0
118,ERROR_M,10,8,1.9579999999999984,2.656000000000006,0,2.0
118,ERROR_M,10,9,2.0960000000000036,3.5479999999999876,1,2.0
118,ERROR_M,10,10,2.2120000000000033,5.840000000000003,1,2.0
118,ERROR_M,10,11,1.715999999999994,6.444000000000003,0,2.0
118,ERROR_M,10,12,1.8119999999999976,4.39200000000001,0,2.0
118,ERROR_M,10,13,1.793999999999997,2.980000000000004,0,2.0
118,ERROR_M,10,14,1.9099999999999966,2.3899999999999864,0,2.0
118,ERROR_M,10,15,2.078000000000003,4.796000000000021,1,2.0
118,ERROR_M,10,16,2.119999999999976,6.132000000000005,1,2.0
118,ERROR_M,10,17,1.9020000000000152,6.798000000000002,0,2.0
118,ERROR_M,10,18,1.907999999999987,6.9480000000000075,0,2.0
118,ERROR_M,10,19,2.1219999999999857,5.1200000000000045,1,2.0
118,ERROR_M,10,20,2.200000000000017,6.589999999999975,1,2.0
118,ERROR_M,10,21,2.0360000000000014,3.254000000000019,1,2.0
118,ERROR_M,10,22,2.2539999999999907,7.590000000000003,1,2.0
118,ERROR_M,10,23,2.109999999999985,6.7900000000000205,1,2.0
118,ERROR_M,10,24,2.0420000000000016,5.453999999999979,1,2.0
118,ERROR_M,10,25,1.9639999999999986,1.8260000000000218,0,2.0
118,ERROR_M,10,26,0.08400000000000318,1.4839999999999804,0,2.0
118,ERROR_M,10,27,2.1100000000000136,4.205999999999989,1,2.0
118,ERROR_M,10,28,2.1040000000000134,4.578000000000003,1,2.0
118,ERROR_M,10,29,1.9919999999999902,7.783999999999992,0,2.0
118,ERROR_M,10,30,1.8120000000000118,8.063999999999993,0,2.0
118,ERROR_M,10,31,1.9099999999999966,3.9339999999999975,0,2.0
118,ERROR_M,10,32,2.0060000000000002,5.978000000000009,1,2.0
118,ERROR_M,10,33,2.0179999999999723,6.196000000000026,1,2.0
118,ERROR_M,10,34,1.9220000000000255,7.177999999999997,0,2.0
118,ERROR_M,10,35,2.108000000000004,8.41799999999995,1,2.0
118,ERROR_M,10,36,1.9740000000000464,2.5,0,2.0
118,ERROR_M,10,37,2.481999999999971,4.807999999999993,1,2.0
118,ERROR_M,10,38,2.1440000000000055,5.3799999999999955,1,2.0
118,ERROR_M,10,39,1.8040000000000305,2.9599999999999795,0,2.0
118,ERROR_M,10,40,2.305999999999983,4.390000000000043,1,2.0
118,ERROR_M,10,41,1.9079999999999586,4.470000000000027,0,2.0
118,ERROR_M,10,42,1.9399999999999977,5.396000000000015,0,2.0
118,ERROR_M,10,43,1.9899999999999523,3.4780000000000086,0,2.0
118,ERROR_M,10,44,2.009999999999991,2.7600000000000477,1,2.0
118,ERROR_M,10,45,2.079999999999984,5.850000000000023,1,2.0
118,ERROR_M,10,46,1.8899999999999864,4.70799999999997,0,2.0
118,ERROR_M,10,47,0.52800000000002,0.033999999999991815,0,2.0
118,ERROR_M,10,48,1.1899999999999977,30.617999999999995,0,2.0
118,ERROR_M,10,49,0.117999999999995,0.47200000000003683,0,2.0
118,ERROR_M,10,50,2.0879999999999654,6.782000000000039,1,2.0
118,ERROR_M,10,51,2.2719999999999914,7.097999999999956,1,2.0
118,ERROR_M,10,52,1.9460000000000264,7.507999999999981,0,2.0
118,ERROR_M,10,53,1.7440000000000282,7.683999999999969,0,2.0
118,ERROR_M,10,54,1.664000000000044,7.919999999999959,0,2.0
118,ERROR_M,10,55,2.3420000000000414,3.0319999999999823,1,2.0
118,ERROR_M,10,56,2.0120000000000005,8.54000000000002,1,2.0
118,ERROR_M,10,57,1.8759999999999764,4.069999999999993,0,2.0
118,ERROR_M,10,58,2.240000000000009,5.161999999999978,1,2.0
118,ERROR_M,10,59,1.938000000000045,3.1219999999999573,0,2.0
118,ERROR_M,10,60,2.230000000000018,6.509999999999991,1,2.0
118,ERROR_M,10,61,2.04200000000003,4.765999999999963,1,2.0
118,ERROR_M,10,62,2.0579999999999927,3.819999999999993,1,2.0
118,ERROR_M,10,63,0.05400000000003047,0.07999999999998408,0,2.0
118,ERROR_M,10,64,0.10200000000003229,9.133999999999958,0,2.0
118,ERROR_M,10,65,1.8120000000000118,2.4560000000000173,0,2.0
118,ERROR_M,10,66,2.0579999999999927,7.046000000000049,1,2.0
118,ERROR_M,10,67,1.849999999999909,3.1299999999999955,0,2.0
118,ERROR_M,10,68,2.1059999999999945,4.701999999999998,1,2.0
118,ERROR_M,10,69,1.8420000000000982,5.101999999999975,0,2.0
118,ERROR_M,10,70,2.0639999999999645,6.22199999999998,1,2.0
118,ERROR_M,10,71,1.8280000000000882,5.527999999999906,0,2.0
118,ERROR_M,10,72,2.136000000000081,7.781999999999925,1,2.0
118,ERROR_M,10,73,2.1660000000000537,5.831999999999994,1,2.0
118,ERROR_M,10,74,2.009999999999991,8.086000000000013,1,2.0
118,ERROR_M,10,75,1.9239999999999782,2.7480000000000473,0,2.0
118,ERROR_M,10,76,2.2819999999999254,3.8740000000000236,1,2.0
118,ERROR_M,10,77,2.104000000000042,4.163999999999987,1,2.0
118,ERROR_M,10,78,2.302000000000021,6.8700000000000045,1,2.0
118,ERROR_M,10,79,1.9539999999999509,7.354000000000042,0,2.0
118,ERROR_M,10,80,2.1079999999999472,8.450000000000045,1,2.0
118,ERROR_M,10,81,2.2439999999999145,6.374000000000024,1,2.0
118,ERROR_M,10,82,2.024000000000001,4.772000000000048,1,2.0
118,ERROR_M,10,83,2.405999999999949,3.602000000000089,1,2.0
118,ERROR_M,10,84,2.133999999999901,4.576000000000022,1,2.0
118,ERROR_M,10,85,2.1720000000000255,5.600000000000023,1,2.0
118,ERROR_M,10,86,2.155999999999949,5.8559999999999945,1,2.0
118,ERROR_M,10,87,2.1620000000000346,6.149999999999977,1,2.0
118,ERROR_M,10,88,1.8360000000000127,6.768000000000029,0,2.0
118,ERROR_M,10,89,1.8239999999999554,6.350000000000023,0,2.0
118,ERROR_M,10,90,2.032000000000039,7.455999999999904,1,2.0
118,ERROR_M,10,91,2.274000000000001,7.838000000000079,1,2.0
118,ERROR_M,10,92,2.0159999999999627,8.217999999999961,1,2.0
118,ERROR_M,10,93,2.076000000000022,3.97199999999998,1,2.0
118,ERROR_M,10,94,1.9780000000000655,2.4320000000000164,0,2.0
118,ERROR_M,10,95,2.0179999999999154,8.01400000000001,1,2.0
118,ERROR_M,10,96,2.5160000000000764,7.0079999999999245,1,2.0
118,ERROR_M,10,97,2.0160000000000764,8.51400000000001,1,2.0
118,ERROR_M,10,98,2.274000000000001,5.062000000000012,1,2.0
118,ERROR_M,10,99,1.98599999999999,2.7779999999999063,0,2.0
118,ERROR_M,10,100,2.52800000000002,3.4220000000000255,1,2.0
118,ERROR_M,10,101,2.118000000000052,3.5720000000000027,1,2.0
118,ERROR_M,10,102,2.641999999999939,8.389999999999986,1,2.0
118,ERROR_M,10,103,2.2060000000000173,3.2240000000000464,1,2.0
118,ERROR_M,10,104,2.495999999999981,6.110000000000014,1,2.0
118,ERROR_M,10,105,2.0779999999999745,6.79200000000003,1,2.0
118,ERROR_M,10,106,2.481999999999971,29.741999999999962,1,2.0
118,ERROR_M,10,107,1.024000000000001,5.132000000000062,0,2.0
118,ERROR_M,10,108,2.4699999999999136,6.27800000000002,1,2.0
118,ERROR_M,10,109,2.296000000000049,4.730000000000018,1,2.0
118,ERROR_M,10,110,1.8279999999999745,6.460000000000036,0,2.0
118,ERROR_M,10,111,2.0919999999999845,9.583999999999946,1,2.0
118,ERROR_M,10,112,2.1960000000000264,5.782000000000039,1,2.0
118,ERROR_M,10,113,1.835999999999899,7.0060000000000855,0,2.0
118,ERROR_M,10,114,1.740000000000009,7.375999999999976,0,2.0
118,ERROR_M,10,115,2.2899999999999636,8.166000000000054,1,2.0
118,ERROR_M,10,116,2.1200000000000045,5.661999999999921,1,2.0
118,ERROR_M,10,117,2.032000000000039,9.111999999999966,1,2.0
118,ERROR_M,10,118,1.9740000000000464,7.73599999999999,0,2.0
118,ERROR_M,10,119,2.038000000000011,4.1580000000000155,1,2.0
118,ERROR_M,10,120,1.9399999999999409,4.019999999999982,0,2.0
118,ERROR_M,10,121,2.090000000000032,4.7420000000000755,1,2.0
118,ERROR_M,10,122,2.0879999999999654,5.511999999999944,1,2.0
118,ERROR_M,10,123,2.0439999999999827,3.2600000000001046,1,2.0
118,ERROR_M,10,124,2.211999999999989,6.5079999999999245,1,2.0
118,ERROR_M,10,125,1.740000000000009,2.4020000000000437,0,2.0
118,ERROR_M,10,126,2.826000000000022,6.659999999999968,1,2.0
118,ERROR_M,10,127,2.0019999999999527,7.694000000000074,1,2.0
118,ERROR_M,10,128,2.089999999999918,6.176000000000158,1,2.0
118,ERROR_M,10,129,2.0739999999998417,8.33400000000006,1,2.0
118,ERROR_M,10,130,2.2339999999999236,8.082000000000107,1,2.0
118,ERROR_M,10,131,2.268000000000029,8.465999999999894,1,2.0
118,ERROR_M,10,132,2.188000000000102,5.8279999999999745,1,2.0
118,ERROR_M,10,133,2.046000000000049,6.3279999999999745,1,2.0
118,ERROR_M,10,134,2.048000000000002,7.121999999999844,1,2.0
118,ERROR_M,10,135,1.9580000000000837,3.1800000000000637,0,2.0
118,ERROR_M,10,136,2.2480000000000473,5.173999999999978,1,2.0
118,ERROR_M,10,137,1.9479999999998654,3.3880000000001473,0,2.0
118,ERROR_M,10,138,2.0759999999997945,4.75200000000018,1,2.0
118,ERROR_M,10,139,2.089999999999918,5.218000000000075,1,2.0
118,ERROR_M,10,140,1.2859999999998308,0.012000000000170985,0,2.0
118,ERROR_M,10,141,0.2259999999998854,7.218000000000075,0,2.0
118,ERROR_M,10,142,2.147999999999911,6.7560000000000855,1,2.0
118,ERROR_M,10,143,1.83199999999988,5.711999999999989,0,2.0
118,ERROR_M,10,144,1.9200000000000728,6.024000000000115,0,2.0
118,ERROR_M,10,145,2.316000000000031,3.3859999999999673,1,2.0
118,ERROR_M,10,146,2.1620000000000346,3.1799999999998363,1,2.0
118,ERROR_M,10,147,2.0119999999999436,5.80800000000022,1,2.0
118,ERROR_M,10,148,1.8739999999997963,7.018000000000029,0,2.0
118,ERROR_M,10,149,1.7960000000000491,7.458000000000084,0,2.0
118,ERROR_M,10,150,2.467999999999847,9.782000000000153,1,2.0
118,ERROR_M,10,151,2.066000000000031,7.833999999999833,1,2.0
118,ERROR_M,10,152,1.6860000000001492,8.076000000000022,0,2.0
118,ERROR_M,10,153,2.3059999999998126,8.512000000000171,1,2.0
118,ERROR_M,10,154,2.33199999999988,5.942000000000007,1,2.0
118,ERROR_M,10,155,3.1059999999999945,47.42800000000011,1,2.0
118,ERROR_M,10,156,1.183999999999969,4.339999999999918,0,2.0
118,ERROR_M,10,157,2.326000000000022,4.298000000000002,1,2.0
118,ERROR_M,10,158,2.438000000000102,6.867999999999938,1,2.0
118,ERROR_M,10,159,2.1340000000000146,21.125999999999976,1,2.0
118,ERROR_M,10,160,1.9179999999998927,3.3900000000001,0,2.0
118,ERROR_M,10,161,1.8840000000000146,34.968000000000075,0,2.0
118,ERROR_M,10,162,2.0960000000000036,6.921999999999798,1,2.0
118,ERROR_M,10,163,2.464000000000169,7.0779999999999745,1,2.0
118,ERROR_M,10,164,2.1099999999999,14.372000000000071,1,2.0
118,ERROR_M,10,165,2.2359999999998763,7.844000000000051,1,2.0
118,ERROR_M,10,166,2.188000000000102,9.071999999999889,1,2.0
118,ERROR_M,10,167,2.22199999999998,8.580000000000155,1,2.0
118,ERROR_M,10,168,2.008000000000038,4.851999999999862,1,2.0
118,ERROR_M,10,169,1.7940000000000964,5.033999999999878,0,2.0
118,ERROR_M,10,170,1.8959999999999582,2.464000000000169,0,2.0
118,ERROR_M,10,171,2.2100000000000364,6.707999999999856,1,2.0
118,ERROR_M,10,172,1.8520000000000891,5.798000000000002,0,2.0
118,ERROR_M,10,173,2.3079999999999927,12.940000000000055,1,2.0
118,ERROR_M,10,174,2.0799999999999272,6.079999999999927,1,2.0
118,ERROR_M,10,175,2.395999999999958,7.332000000000107,1,2.0
118,ERROR_M,10,176,2.2919999999999163,4.309999999999945,1,2.0
118,ERROR_M,10,177,1.9300000000000637,5.400000000000091,0,2.0
118,ERROR_M,10,178,2.2439999999999145,6.692000000000007,1,2.0
118,ERROR_M,10,179,1.8940000000000055,4.044000000000096,0,2.0
118,ERROR_M,10,180,2.491999999999962,7.453999999999951,1,2.0
118,ERROR_M,10,181,1.8979999999999109,3.0420000000001437,0,2.0
118,ERROR_M,10,182,2.3579999999999472,8.019999999999982,1,2.0
118,ERROR_M,10,183,2.019999999999982,4.350000000000136,1,2.0
118,ERROR_M,10,184,2.3019999999999072,21.460000000000036,1,2.0
118,ERROR_M,10,185,2.203999999999951,6.5620000000001255,1,2.0
118,ERROR_M,10,186,2.147999999999911,5.223999999999933,1,2.0
118,ERROR_M,10,187,1.52800000000002,6.708000000000084,0,2.0
118,ERROR_M,10,188,2.2739999999998872,7.566000000000031,1,2.0
118,ERROR_M,10,189,1.8500000000001364,19.72199999999998,0,2.0
118,ERROR_M,10,190,2.089999999999918,4.236000000000104,1,2.0
118,ERROR_M,10,191,2.1219999999998436,4.898000000000138,1,2.0
118,ERROR_M,10,192,1.7259999999998854,7.518000000000029,0,2.0
118,ERROR_M,10,193,2.1259999999999764,19.614000000000033,1,2.0
118,ERROR_M,10,194,0.7619999999999436,8.33400000000006,0,2.0
118,ERROR_M,10,195,2.1399999999998727,6.504000000000133,1,2.0
118,ERROR_M,10,196,2.3579999999999472,8.94600000000014,1,2.0
118,ERROR_M,10,197,1.4139999999999873,3.7819999999999254,0,2.0
118,ERROR_M,10,198,2.117999999999938,18.576000000000022,1,2.0
118,ERROR_M,10,199,0.91800000000012,3.3559999999999945,0,2.0
118,ERROR_M,10,200,1.6079999999999472,6.998000000000047,0,2.0
118,ERROR_M,10,201,2.02800000000002,5.8259999999997945,1,2.0
118,ERROR_M,10,202,2.066000000000031,12.72400000000016,1,2.0
118,ERROR_M,10,203,2.2679999999998017,6.816000000000031,1,2.0
118,ERROR_M,10,204,1.9239999999999782,4.472000000000207,0,2.0
118,ERROR_M,10,205,2.24799999999982,5.734000000000151,1,2.0
118,ERROR_M,10,206,2.1219999999998436,8.734000000000151,1,2.0
118,ERROR_M,10,207,2.27599999999984,6.594000000000051,1,2.0
118,ERROR_M,10,208,2.1700000000000728,7.539999999999964,1,2.0
118,ERROR_M,10,209,2.3019999999999072,4.538000000000011,1,2.0
118,ERROR_M,10,210,1.7740000000001146,5.039999999999964,0,2.0
118,ERROR_M,10,211,2.2519999999999527,13.673999999999978,1,2.0
118,ERROR_M,10,212,2.2460000000000946,5.516000000000076,1,2.0
118,ERROR_M,10,213,1.9759999999998854,7.7439999999999145,0,2.0
118,ERROR_M,10,214,1.7480000000000473,8.150000000000091,0,2.0
118,ERROR_M,10,215,2.0299999999999727,5.013999999999896,1,2.0
118,ERROR_M,10,216,2.1620000000000346,5.592000000000098,1,2.0
118,ERROR_M,10,217,2.0779999999999745,7.740000000000009,1,2.0
118,ERROR_M,10,218,2.4039999999999964,7.8559999999999945,1,2.0
118,ERROR_M,10,219,2.395999999999958,5.804000000000087,1,2.0
118,ERROR_M,10,220,2.675999999999931,3.008000000000038,1,2.0
118,ERROR_M,10,221,2.4420000000000073,6.811999999999898,1,2.0
118,ERROR_M,10,222,2.3220000000001164,4.442000000000007,1,2.0
118,ERROR_M,10,223,2.269999999999982,12.629999999999882,1,2.0
118,ERROR_M,10,224,2.3120000000001255,7.291999999999916,1,2.0
118,ERROR_M,10,225,2.0260000000000673,8.09199999999987,1,2.0
118,ERROR_M,10,226,2.6100000000001273,8.071999999999889,1,2.0
118,ERROR_M,10,227,1.8780000000001564,7.769999999999982,0,2.0
118,ERROR_M,10,228,1.8859999999999673,3.740000000000009,0,2.0
118,ERROR_M,10,229,1.933999999999969,8.412000000000035,0,2.0
118,ERROR_M,10,230,1.8979999999999109,6.0060000000000855,0,2.0
118,ERROR_M,10,231,2.435999999999922,12.25200000000018,1,2.0
118,ERROR_M,10,232,2.08199999999988,13.146000000000186,1,2.0
118,ERROR_M,10,233,2.0779999999999745,21.80600000000004,1,2.0
118,ERROR_M,10,234,2.1239999999997963,75.23199999999997,1,2.0
118,ERROR_M,10,235,0.8960000000001855,148.35999999999967,0,2.0
118,ERROR_M,10,236,0.6480000000001382,4.05600000000004,0,2.0
118,ERROR_M,10,237,2.4459999999999127,23.670000000000073,1,2.0
118,ERROR_M,10,238,2.3040000000000873,9.853999999999814,1,2.0
118,ERROR_M,10,239,1.9960000000000946,4.0,0,2.0
118,ERROR_M,10,240,2.269999999999982,6.873999999999796,1,2.0
118,ERROR_M,10,241,2.3840000000000146,15.519999999999982,1,2.0
118,ERROR_M,10,242,0.3660000000004402,0.02999999999974534,0,2.0
118,ERROR_M,10,243,1.2899999999999636,5.44399999999996,0,2.0
118,ERROR_M,10,244,2.1460000000001855,16.713999999999942,1,2.0
118,ERROR_M,10,245,2.1219999999998436,5.832000000000335,1,2.0
118,ERROR_M,10,246,2.0979999999999563,5.899999999999636,1,2.0
118,ERROR_M,10,247,2.318000000000211,6.69399999999996,1,2.0
118,ERROR_M,10,248,1.8279999999999745,2.594000000000051,0,2.0
118,ERROR_M,10,249,2.4520000000002256,7.235999999999876,1,2.0
118,ERROR_M,10,250,2.11200000000008,7.561999999999898,1,2.0
118,ERROR_M,10,251,2.0960000000000036,7.86200000000008,1,2.0
118,ERROR_M,10,252,2.02599999999984,8.141999999999825,1,2.0
118,ERROR_M,10,253,2.188000000000102,6.942000000000007,1,2.0
118,ERROR_M,10,254,2.019999999999982,8.521999999999935,1,2.0
118,ERROR_M,10,255,2.1600000000003092,6.717999999999847,1,2.0
118,ERROR_M,10,256,2.324000000000069,4.255999999999858,1,2.0
118,ERROR_M,10,257,2.076000000000022,9.394000000000233,1,2.0
118,ERROR_M,10,258,2.337999999999738,35.56800000000021,1,2.0
118,ERROR_M,10,259,2.319999999999709,7.374000000000251,1,2.0
118,ERROR_M,10,260,2.099999999999909,4.52599999999984,1,2.0
118,ERROR_M,10,261,2.088000000000193,5.820000000000164,1,2.0
118,ERROR_M,10,262,2.0859999999997854,5.148000000000138,1,2.0
118,ERROR_M,10,263,2.263999999999669,8.672000000000025,1,2.0
118,ERROR_M,10,264,2.0520000000001346,7.251999999999953,1,2.0
118,ERROR_M,10,265,2.0599999999999454,11.278000000000247,1,2.0
118,ERROR_M,10,266,1.781999999999698,7.4640000000003965,0,2.0
118,ERROR_M,10,267,2.1520000000000437,289.8199999999997,1,2.0
118,ERROR_M,10,268,2.0300000000002,,1,2.0
118,ERROR_M,11,1,0.6999999999999957,7.524000000000001,0,2.0
118,ERROR_M,11,2,1.6260000000000048,5.695999999999998,0,2.0
118,ERROR_M,11,3,1.7019999999999982,4.067999999999998,0,2.0
118,ERROR_M,11,4,1.6460000000000008,1.4819999999999993,0,2.0
118,ERROR_M,11,5,0.0519999999999996,1.5840000000000032,0,2.0
118,ERROR_M,11,6,1.8200000000000003,3.794000000000004,0,2.0
118,ERROR_M,11,7,1.7620000000000005,6.415999999999997,0,2.0
118,ERROR_M,11,8,2.039999999999992,5.168000000000006,1,2.0
118,ERROR_M,11,9,1.891999999999996,5.359999999999999,0,2.0
118,ERROR_M,11,10,2.280000000000001,3.0760000000000076,1,2.0
118,ERROR_M,11,11,1.8539999999999992,3.5519999999999925,0,2.0
118,ERROR_M,11,12,1.8740000000000094,7.10799999999999,0,2.0
118,ERROR_M,11,13,2.13600000000001,4.884,1,2.0
118,ERROR_M,11,14,2.274000000000001,6.8999999999999915,1,2.0
118,ERROR_M,11,15,2.1060000000000088,4.60199999999999,1,2.0
118,ERROR_M,11,16,2.444000000000017,7.9879999999999995,1,2.0
118,ERROR_M,11,17,1.8459999999999752,8.030000000000001,0,2.0
118,ERROR_M,11,18,2.1740000000000066,8.545999999999992,1,2.0
118,ERROR_M,11,19,2.108000000000004,3.6100000000000136,1,2.0
118,ERROR_M,11,20,1.9420000000000073,6.057999999999993,0,2.0
118,ERROR_M,11,21,2.358000000000004,7.219999999999999,1,2.0
118,ERROR_M,11,22,1.9899999999999807,8.52000000000001,0,2.0
118,ERROR_M,11,23,1.8619999999999948,3.554000000000002,0,2.0
118,ERROR_M,11,24,1.9660000000000082,4.614000000000004,0,2.0
118,ERROR_M,11,25,1.9279999999999973,3.906000000000006,0,2.0
118,ERROR_M,11,26,2.3619999999999948,6.506,1,2.0
118,ERROR_M,11,27,2.197999999999979,2.77200000000002,1,2.0
118,ERROR_M,11,28,2.4720000000000084,5.131999999999977,1,2.0
118,ERROR_M,11,29,2.7379999999999995,5.463999999999999,1,2.0
118,ERROR_M,11,30,2.7060000000000173,6.1200000000000045,1,2.0
118,ERROR_M,11,31,2.5819999999999936,2.866000000000014,1,2.0
118,ERROR_M,11,32,2.1579999999999586,6.018000000000029,1,2.0
118,ERROR_M,11,33,2.2959999999999923,6.932000000000016,1,2.0
118,ERROR_M,11,34,2.1619999999999777,7.8940000000000055,1,2.0
118,ERROR_M,11,35,2.519999999999982,3.112000000000023,1,2.0
118,ERROR_M,11,36,2.759999999999991,4.675999999999988,1,2.0
118,ERROR_M,11,37,2.8000000000000114,7.367999999999995,1,2.0
118,ERROR_M,11,38,2.103999999999985,4.094000000000051,1,2.0
118,ERROR_M,11,39,2.405999999999949,8.07000000000005,1,2.0
118,ERROR_M,11,40,2.4119999999999777,4.600000000000023,1,2.0
118,ERROR_M,11,41,3.1539999999999964,7.801999999999964,1,2.0
118,ERROR_M,11,42,2.5120000000000005,8.408000000000015,1,2.0
118,ERROR_M,11,43,2.0740000000000123,7.539999999999964,1,2.0
118,ERROR_M,11,44,2.334000000000003,6.170000000000016,1,2.0
118,ERROR_M,11,45,2.6380000000000337,7.621999999999957,1,2.0
118,ERROR_M,11,46,2.1999999999999886,4.716000000000008,1,2.0
118,ERROR_M,11,47,1.934000000000026,5.829999999999984,0,2.0
118,ERROR_M,11,48,1.8600000000000136,1.8659999999999854,0,2.0
118,ERROR_M,11,49,0.11599999999998545,0.6560000000000059,0,2.0
118,ERROR_M,11,50,0.04200000000003001,0.01599999999996271,0,2.0
118,ERROR_M,11,51,0.7900000000000205,4.173999999999978,0,2.0
118,ERROR_M,11,52,0.16800000000000637,2.890000000000043,0,2.0
118,ERROR_M,11,53,1.97199999999998,3.363999999999976,0,2.0
118,ERROR_M,11,54,2.0440000000000396,5.159999999999968,1,2.0
118,ERROR_M,11,55,2.716000000000008,5.391999999999996,1,2.0
118,ERROR_M,11,56,1.8500000000000227,6.7379999999999995,0,2.0
118,ERROR_M,11,57,2.217999999999961,3.480000000000018,1,2.0
118,ERROR_M,11,58,2.6240000000000236,7.048000000000002,1,2.0
118,ERROR_M,11,59,2.069999999999993,8.277999999999963,1,2.0
118,ERROR_M,11,60,2.404000000000053,5.229999999999961,1,2.0
118,ERROR_M,11,61,1.9180000000000064,3.72199999999998,0,2.0
118,ERROR_M,11,62,2.8800000000000523,5.5499999999999545,1,2.0
118,ERROR_M,11,63,2.3500000000000227,4.199999999999989,1,2.0
118,ERROR_M,11,64,2.708000000000027,2.774000000000001,1,2.0
118,ERROR_M,11,65,2.0679999999999836,7.1440000000000055,1,2.0
118,ERROR_M,11,66,2.183999999999969,4.137999999999977,1,2.0
118,ERROR_M,11,67,3.1639999999999873,3.04200000000003,1,2.0
118,ERROR_M,11,68,2.1299999999999955,4.701999999999998,1,2.0
118,ERROR_M,11,69,0.07400000000006912,0.021999999999934516,0,2.0
118,ERROR_M,11,70,0.2720000000000482,6.875999999999976,0,2.0
118,ERROR_M,11,71,1.9160000000000537,7.333999999999946,0,2.0
118,ERROR_M,11,72,2.159999999999968,6.118000000000052,1,2.0
118,ERROR_M,11,73,2.687999999999988,7.725999999999999,1,2.0
118,ERROR_M,11,74,2.032000000000039,5.041999999999916,1,2.0
118,ERROR_M,11,75,2.1960000000000264,8.183999999999969,1,2.0
118,ERROR_M,11,76,1.9380000000001019,1.4379999999999882,0,2.0
118,ERROR_M,11,77,0.041999999999916326,5.1720000000000255,0,2.0
118,ERROR_M,11,78,2.1779999999999973,8.494000000000028,1,2.0
118,ERROR_M,11,79,2.5299999999999727,5.087999999999965,1,2.0
118,ERROR_M,11,80,2.268000000000029,6.5779999999999745,1,2.0
118,ERROR_M,11,81,2.0400000000000773,3.5079999999999245,1,2.0
118,ERROR_M,11,82,3.560000000000059,2.6680000000000064,1,2.0
118,ERROR_M,11,83,2.5839999999999463,4.76400000000001,1,2.0
118,ERROR_M,11,84,2.2660000000000764,6.741999999999962,1,2.0
118,ERROR_M,11,85,1.9919999999999618,7.1440000000000055,0,2.0
118,ERROR_M,11,86,2.1119999999999663,7.548000000000002,1,2.0
118,ERROR_M,11,87,1.75,4.222000000000094,0,2.0
118,ERROR_M,11,88,2.395999999999958,5.8940000000000055,1,2.0
118,ERROR_M,11,89,0.08199999999999363,2.1900000000000546,0,2.0
118,ERROR_M,11,90,2.2779999999999063,3.564000000000078,1,2.0
118,ERROR_M,11,91,2.66599999999994,3.4080000000000155,1,2.0
118,ERROR_M,11,92,2.6420000000000528,8.42999999999995,1,2.0
118,ERROR_M,11,93,1.82000000000005,4.346000000000004,0,2.0
118,ERROR_M,11,94,2.6539999999999964,4.913999999999987,1,2.0
118,ERROR_M,11,95,2.1119999999999663,7.772000000000048,1,2.0
118,ERROR_M,11,96,2.0579999999999927,3.4279999999999973,1,2.0
118,ERROR_M,11,97,2.3659999999999854,0.02800000000002001,1,2.0
118,ERROR_M,11,98,0.2699999999999818,3.713999999999942,0,2.0
118,ERROR_M,11,99,2.636000000000081,5.3659999999999854,1,2.0
118,ERROR_M,11,100,2.562000000000012,2.4420000000000073,1,2.0
118,ERROR_M,11,101,2.7759999999999536,6.389999999999986,1,2.0
118,ERROR_M,11,102,2.018000000000029,5.8559999999999945,1,2.0
118,ERROR_M,11,103,2.23599999999999,6.145999999999958,1,2.0
118,ERROR_M,11,104,2.064000000000078,6.5359999999999445,1,2.0
118,ERROR_M,11,105,1.8619999999999663,4.600000000000023,0,2.0
118,ERROR_M,11,106,2.1940000000000737,7.195999999999913,1,2.0
118,ERROR_M,11,107,2.466000000000008,7.572000000000003,1,2.0
118,ERROR_M,11,108,2.019999999999982,4.418000000000006,1,2.0
118,ERROR_M,11,109,2.174000000000092,5.0779999999999745,1,2.0
118,ERROR_M,11,110,2.5259999999999536,7.752000000000066,1,2.0
118,ERROR_M,11,111,2.0039999999999054,3.0300000000000864,1,2.0
118,ERROR_M,11,112,2.7199999999999136,7.990000000000009,1,2.0
118,ERROR_M,11,113,2.04200000000003,8.533999999999992,1,2.0
118,ERROR_M,11,114,2.230000000000018,3.9980000000000473,1,2.0
118,ERROR_M,11,115,2.891999999999939,6.69399999999996,1,2.0
118,ERROR_M,11,116,2.410000000000082,4.7719999999999345,1,2.0
118,ERROR_M,11,117,1.6499999999999773,3.9220000000000255,0,2.0
118,ERROR_M,11,118,2.245999999999981,5.538000000000011,1,2.0
118,ERROR_M,11,119,2.6800000000000637,5.8419999999999845,1,2.0
118,ERROR_M,11,120,3.052000000000021,27.631999999999948,1,2.0
118,ERROR_M,11,121,1.433999999999969,2.650000000000091,0,2.0
118,ERROR_M,11,122,2.2199999999999136,6.102000000000089,1,2.0
118,ERROR_M,11,123,1.4879999999999427,5.07000000000005,0,2.0
118,ERROR_M,11,124,2.183999999999969,6.110000000000014,1,2.0
118,ERROR_M,11,125,1.6019999999999754,7.347999999999956,0,2.0
118,ERROR_M,11,126,2.274000000000001,7.840000000000032,1,2.0
118,ERROR_M,11,127,2.258000000000038,7.057999999999993,1,2.0
118,ERROR_M,11,128,2.4120000000000346,5.717999999999961,1,2.0
118,ERROR_M,11,129,1.8360000000000127,2.6960000000000264,0,2.0
118,ERROR_M,11,130,2.8239999999999554,8.114000000000033,1,2.0
118,ERROR_M,11,131,2.12399999999991,6.5060000000000855,1,2.0
118,ERROR_M,11,132,2.5399999999999636,8.377999999999929,1,2.0
118,ERROR_M,11,133,2.324000000000069,7.0,1,2.0
118,ERROR_M,11,134,2.372000000000071,5.576000000000022,1,2.0
118,ERROR_M,11,135,2.925999999999931,2.4580000000000837,1,2.0
118,ERROR_M,11,136,2.3379999999999654,4.179999999999836,1,2.0
118,ERROR_M,11,137,2.286000000000058,4.2000000000000455,1,2.0
118,ERROR_M,11,138,2.160000000000082,4.927999999999884,1,2.0
118,ERROR_M,11,139,2.089999999999918,5.572000000000116,1,2.0
118,ERROR_M,11,140,2.1259999999999764,4.150000000000091,1,2.0
118,ERROR_M,11,141,2.08199999999988,5.953999999999951,1,2.0
118,ERROR_M,11,142,1.9519999999999982,4.3900000000001,0,2.0
118,ERROR_M,11,143,1.80600000000004,5.490000000000009,0,2.0
118,ERROR_M,11,144,1.55399999999986,5.6720000000000255,0,2.0
118,ERROR_M,11,145,1.956000000000131,2.9700000000000273,0,2.0
118,ERROR_M,11,146,1.7639999999998963,3.69399999999996,0,2.0
118,ERROR_M,11,147,2.1480000000001382,6.69399999999996,1,2.0
118,ERROR_M,11,148,2.1159999999999854,7.139999999999873,1,2.0
118,ERROR_M,11,149,1.9580000000000837,7.460000000000036,0,2.0
118,ERROR_M,11,150,2.1900000000000546,7.869999999999891,1,2.0
118,ERROR_M,11,151,1.7139999999999418,3.1000000000001364,0,2.0
118,ERROR_M,11,152,2.1679999999998927,4.844000000000051,1,2.0
118,ERROR_M,11,153,2.433999999999969,5.451999999999998,1,2.0
118,ERROR_M,11,154,2.1240000000000236,8.153999999999996,1,2.0
118,ERROR_M,11,155,1.8360000000000127,8.44399999999996,0,2.0
118,ERROR_M,11,156,1.711999999999989,3.4160000000001673,0,2.0
118,ERROR_M,11,157,2.3739999999997963,6.858000000000175,1,2.0
118,ERROR_M,11,158,1.8479999999999563,6.02800000000002,0,2.0
118,ERROR_M,11,159,1.9079999999999018,5.029999999999973,0,2.0
118,ERROR_M,11,160,2.0060000000000855,3.740000000000009,1,2.0
118,ERROR_M,11,161,2.2159999999998945,6.872000000000071,1,2.0
118,ERROR_M,11,162,1.9400000000000546,4.377999999999929,0,2.0
118,ERROR_M,11,163,1.9239999999999782,8.02800000000002,0,2.0
118,ERROR_M,11,164,1.7180000000000746,6.9500000000000455,0,2.0
118,ERROR_M,11,165,1.7519999999999527,8.45399999999995,0,2.0
118,ERROR_M,11,166,2.094000000000051,6.413999999999987,1,2.0
118,ERROR_M,11,167,1.7419999999999618,7.852000000000089,0,2.0
118,ERROR_M,11,168,1.6340000000000146,4.789999999999964,0,2.0
118,ERROR_M,11,169,1.80600000000004,13.0,0,2.0
118,ERROR_M,11,170,1.231999999999971,2.783999999999878,0,2.0
118,ERROR_M,11,171,1.711999999999989,5.451999999999998,0,2.0
118,ERROR_M,11,172,1.9640000000001692,6.055999999999813,0,2.0
118,ERROR_M,11,173,2.1059999999999945,3.5540000000000873,1,2.0
118,ERROR_M,11,174,2.0579999999999927,4.622000000000071,1,2.0
118,ERROR_M,11,175,2.1019999999998618,5.8840000000000146,1,2.0
118,ERROR_M,11,176,1.734000000000151,6.417999999999893,0,2.0
118,ERROR_M,11,177,2.08400000000006,5.789999999999964,1,2.0
118,ERROR_M,11,178,2.160000000000082,7.80399999999986,1,2.0
118,ERROR_M,11,179,1.5520000000001346,69.07799999999997,0,2.0
118,ERROR_M,11,180,0.9459999999999127,5.870000000000118,0,2.0
118,ERROR_M,11,181,1.8639999999998054,6.460000000000036,0,2.0
118,ERROR_M,11,182,1.6739999999999782,5.708000000000084,0,2.0
118,ERROR_M,11,183,1.80600000000004,6.703999999999951,0,2.0
118,ERROR_M,11,184,2.0260000000000673,16.011999999999944,1,2.0
118,ERROR_M,11,185,1.844000000000051,7.061999999999898,0,2.0
118,ERROR_M,11,186,1.9239999999999782,4.678000000000111,0,2.0
118,ERROR_M,11,187,2.30600000000004,7.813999999999851,1,2.0
118,ERROR_M,11,188,2.4980000000000473,8.190000000000055,1,2.0
118,ERROR_M,11,189,2.30600000000004,11.967999999999847,1,2.0
118,ERROR_M,11,190,2.0340000000001055,4.953999999999951,1,2.0
118,ERROR_M,11,191,2.6480000000001382,2.883999999999787,1,2.0
118,ERROR_M,11,192,2.178000000000111,5.574000000000069,1,2.0
118,ERROR_M,11,193,2.3539999999998145,3.8700000000001182,1,2.0
118,ERROR_M,11,194,2.211999999999989,4.195999999999913,1,2.0
118,ERROR_M,11,195,2.3460000000000036,6.514000000000124,1,2.0
118,ERROR_M,11,196,2.1539999999999964,4.337999999999965,1,2.0
118,ERROR_M,11,197,2.3099999999999454,6.600000000000136,1,2.0
118,ERROR_M,11,198,2.288000000000011,5.861999999999853,1,2.0
118,ERROR_M,11,199,2.463999999999942,6.326000000000022,1,2.0
118,ERROR_M,11,200,2.7560000000000855,5.682000000000016,1,2.0
118,ERROR_M,11,201,2.0260000000000673,6.977999999999838,1,2.0
118,ERROR_M,11,202,2.4980000000000473,7.1720000000000255,1,2.0
118,ERROR_M,11,203,1.97199999999998,4.531999999999925,0,2.0
118,ERROR_M,11,204,1.9820000000001983,11.653999999999996,0,2.0
118,ERROR_M,11,205,2.0839999999998327,6.836000000000013,1,2.0
118,ERROR_M,11,206,2.272000000000162,7.586000000000013,1,2.0
118,ERROR_M,11,207,1.7399999999997817,4.75200000000018,0,2.0
118,ERROR_M,11,208,2.1079999999999472,8.17599999999993,1,2.0
118,ERROR_M,11,209,1.72199999999998,4.00200000000018,0,2.0
118,ERROR_M,11,210,2.0399999999999636,5.0499999999999545,1,2.0
118,ERROR_M,11,211,1.8559999999999945,2.8559999999999945,0,2.0
118,ERROR_M,11,212,2.354000000000042,8.653999999999996,1,2.0
118,ERROR_M,11,213,1.990000000000009,44.85400000000004,0,2.0
118,ERROR_M,11,214,0.5419999999999163,6.788000000000011,0,2.0
118,ERROR_M,11,215,2.071999999999889,5.324000000000069,1,2.0
118,ERROR_M,11,216,2.6140000000000327,3.6440000000000055,1,2.0
118,ERROR_M,11,217,2.0960000000000036,5.5,1,2.0
118,ERROR_M,11,218,2.3099999999999454,8.89799999999991,1,2.0
118,ERROR_M,11,219,2.678000000000111,3.1539999999999964,1,2.0
118,ERROR_M,11,220,2.3759999999999764,5.1400000000001,1,2.0
118,ERROR_M,11,221,2.227999999999838,6.97400000000016,1,2.0
118,ERROR_M,11,222,1.905999999999949,4.182000000000016,0,2.0
118,ERROR_M,11,223,2.1119999999998527,5.912000000000035,1,2.0
118,ERROR_M,11,224,2.4220000000000255,9.521999999999935,1,2.0
118,ERROR_M,11,225,2.3580000000001746,7.033999999999878,1,2.0
118,ERROR_M,11,226,2.4500000000000455,6.2999999999999545,1,2.0
118,ERROR_M,11,227,2.3659999999999854,7.8400000000001455,1,2.0
118,ERROR_M,11,228,3.189999999999827,4.620000000000118,1,2.0
118,ERROR_M,11,229,2.0440000000000964,7.601999999999862,1,2.0
118,ERROR_M,11,230,2.1639999999999873,4.19600000000014,1,2.0
118,ERROR_M,11,231,1.9019999999998163,7.852000000000089,0,2.0
118,ERROR_M,11,232,1.9220000000000255,3.091999999999871,0,2.0
118,ERROR_M,11,233,2.122000000000071,8.360000000000127,1,2.0
118,ERROR_M,11,234,2.241999999999962,6.538000000000011,1,2.0
118,ERROR_M,11,235,2.288000000000011,6.689999999999827,1,2.0
118,ERROR_M,11,236,2.5700000000001637,6.846000000000004,1,2.0
118,ERROR_M,11,237,1.765999999999849,3.9880000000000564,0,2.0
118,ERROR_M,11,238,2.4700000000000273,11.298000000000002,1,2.0
118,ERROR_M,11,239,2.0540000000000873,6.169999999999845,1,2.0
118,ERROR_M,11,240,1.9320000000000164,7.163999999999987,0,2.0
118,ERROR_M,11,241,2.655999999999949,7.136000000000195,1,2.0
118,ERROR_M,11,242,1.9299999999998363,7.548000000000002,0,2.0
118,ERROR_M,11,243,2.22400000000016,13.564000000000078,1,2.0
118,ERROR_M,11,244,1.9020000000000437,8.459999999999582,0,2.0
118,ERROR_M,11,245,1.7560000000003129,4.119999999999891,0,2.0
118,ERROR_M,11,246,2.3519999999998618,9.17599999999993,1,2.0
118,ERROR_M,11,247,2.5140000000001237,3.1159999999999854,1,2.0
118,ERROR_M,11,248,2.706000000000131,8.208000000000084,1,2.0
118,ERROR_M,11,249,2.5279999999997926,3.2280000000000655,1,2.0
118,ERROR_M,11,250,2.6419999999998254,7.894000000000233,1,2.0
118,ERROR_M,11,251,2.0799999999999272,6.269999999999982,1,2.0
118,ERROR_M,11,252,2.5239999999998872,12.134000000000015,1,2.0
118,ERROR_M,11,253,1.3940000000002328,35.55799999999999,0,2.0
118,ERROR_M,11,254,0.6480000000001382,0.09999999999990905,0,2.0
118,ERROR_M,11,255,0.13400000000001455,1.69399999999996,0,2.0
118,ERROR_M,11,256,0.30600000000004,38.88599999999997,0,2.0
118,ERROR_M,11,257,0.6859999999996944,4.769999999999982,0,2.0
118,ERROR_M,11,258,0.8700000000003456,0.018000000000029104,0,2.0
118,ERROR_M,11,259,0.02999999999974534,10.490000000000236,0,2.0
118,ERROR_M,11,260,1.8679999999999382,6.757999999999811,0,2.0
118,ERROR_M,11,261,1.9140000000002146,4.059999999999945,0,2.0
118,ERROR_M,11,262,2.3980000000001382,6.5779999999999745,1,2.0
118,ERROR_M,11,263,2.538000000000011,7.511999999999716,1,2.0
118,ERROR_M,11,264,2.144000000000233,7.9659999999998945,1,2.0
118,ERROR_M,11,265,2.032000000000153,8.195999999999913,1,2.0
118,ERROR_M,11,266,1.788000000000011,8.536000000000058,0,2.0
118,ERROR_M,11,267,2.2359999999998763,6.153999999999996,1,2.0
118,ERROR_M,11,268,2.1700000000000728,5.882000000000062,1,2.0
118,ERROR_M,11,269,2.2799999999997453,5.074000000000069,1,2.0
118,ERROR_M,11,270,2.1280000000001564,4.731999999999971,1,2.0
118,ERROR_M,11,271,2.1700000000000728,5.9099999999998545,1,2.0
118,ERROR_M,11,272,2.3400000000001455,6.457999999999629,1,2.0
118,ERROR_M,11,273,2.294000000000324,6.337999999999738,1,2.0
118,ERROR_M,11,274,2.19800000000032,6.5479999999997744,1,2.0
118,ERROR_M,11,275,2.6019999999998618,5.070000000000164,1,2.0
118,ERROR_M,11,276,2.405999999999949,6.206000000000131,1,2.0
118,ERROR_M,11,277,2.02599999999984,7.6720000000000255,1,2.0
118,ERROR_M,11,278,2.33600000000024,7.435999999999694,1,2.0
118,ERROR_M,11,279,2.3659999999999854,6.666000000000167,1,2.0
118,ERROR_M,11,280,2.1460000000001855,6.1159999999999854,1,2.0
118,ERROR_M,11,281,1.905999999999949,7.177999999999884,0,2.0
118,ERROR_M,11,282,2.211999999999989,7.818000000000211,1,2.0
118,ERROR_M,11,283,2.3219999999996617,4.834000000000287,1,2.0
118,ERROR_M,11,284,1.8799999999996544,8.126000000000204,0,2.0
118,ERROR_M,11,285,1.9099999999998545,2.9780000000000655,0,2.0
118,ERROR_M,11,286,2.1480000000001382,6.529999999999745,1,2.0
118,ERROR_M,11,287,2.006000000000313,7.557999999999993,1,2.0
118,ERROR_M,11,288,2.3599999999996726,8.758000000000266,1,2.0
118,ERROR_M,11,289,2.438000000000102,4.587999999999738,1,2.0
118,ERROR_M,11,290,2.050000000000182,6.481999999999971,1,2.0
118,ERROR_M,11,291,2.4580000000000837,6.536000000000058,1,2.0
118,ERROR_M,11,292,2.1920000000000073,6.003999999999905,1,2.0
118,ERROR_M,11,293,2.2539999999999054,6.2840000000001055,1,2.0
118,ERROR_M,11,294,2.4299999999998363,5.570000000000164,1,2.0
118,ERROR_M,11,295,2.2199999999998,6.010000000000218,1,2.0
118,ERROR_M,11,296,2.1520000000000437,6.4539999999997235,1,2.0
118,ERROR_M,11,297,2.4839999999999236,5.374000000000251,1,2.0
118,ERROR_M,11,298,2.349999999999909,8.114000000000033,1,2.0
118,ERROR_M,11,299,2.2800000000002,8.571999999999662,1,2.0
118,ERROR_M,11,300,0.6959999999999127,0.016000000000076398,0,2.0
118,ERROR_M,11,301,1.94399999999996,13.144000000000233,0,2.0
118,ERROR_M,11,302,2.0419999999999163,6.949999999999818,1,2.0
118,ERROR_M,11,303,2.0260000000002947,7.601999999999862,1,2.0
118,ERROR_M,11,304,2.288000000000011,7.5219999999999345,1,2.0
118,ERROR_M,11,305,2.0900000000001455,8.905999999999949,1,2.0
118,ERROR_M,11,306,1.6460000000001855,6.505999999999858,0,2.0
118,ERROR_M,11,307,1.875999999999749,4.0340000000001055,0,2.0
118,ERROR_M,11,308,2.5019999999999527,3.11200000000008,1,2.0
118,ERROR_M,11,309,2.3840000000000146,29.6579999999999,1,2.0
118,ERROR_M,11,310,1.9840000000003783,5.057999999999993,0,2.0
118,ERROR_M,11,311,2.037999999999556,5.768000000000029,1,2.0
118,ERROR_M,11,312,2.2720000000003893,5.805999999999585,1,2.0
118,ERROR_M,11,313,1.7960000000002765,3.788000000000011,0,2.0
118,ERROR_M,11,314,2.3479999999999563,,1,2.0
118,ERROR_M,12,1,0.44200000000000017,4.489999999999998,0,2.0
118,ERROR_M,12,2,1.4780000000000015,7.415999999999997,0,2.0
118,ERROR_M,12,3,2.1700000000000017,2.652000000000001,1,2.0
118,ERROR_M,12,4,2.5080000000000027,3.402000000000001,1,2.0
118,ERROR_M,12,5,2.0120000000000005,5.341999999999999,1,2.0
118,ERROR_M,12,6,1.8620000000000019,2.475999999999999,0,2.0
118,ERROR_M,12,7,2.622,3.661999999999992,1,2.0
118,ERROR_M,12,8,2.1680000000000064,5.626000000000005,1,2.0
118,ERROR_M,12,9,1.9919999999999902,5.736000000000004,0,2.0
118,ERROR_M,12,10,2.147999999999996,7.165999999999997,1,2.0
118,ERROR_M,12,11,2.122,8.302000000000007,1,2.0
118,ERROR_M,12,12,1.823999999999998,8.591999999999999,0,2.0
118,ERROR_M,12,13,2.1380000000000052,4.268000000000001,1,2.0
118,ERROR_M,12,14,2.1140000000000043,4.961999999999989,1,2.0
118,ERROR_M,12,15,1.2419999999999902,0.006000000000000227,0,2.0
118,ERROR_M,12,16,0.23600000000001842,7.1200000000000045,0,2.0
118,ERROR_M,12,17,1.7159999999999798,2.9939999999999998,0,2.0
118,ERROR_M,12,18,2.1340000000000146,6.234000000000009,1,2.0
118,ERROR_M,12,19,1.7059999999999889,7.746000000000009,0,2.0
118,ERROR_M,12,20,2.191999999999979,6.796000000000021,1,2.0
118,ERROR_M,12,21,2.3999999999999773,8.52800000000002,1,2.0
118,ERROR_M,12,22,1.9259999999999877,6.5120000000000005,0,2.0
118,ERROR_M,12,23,2.093999999999994,5.5400000000000205,1,2.0
118,ERROR_M,12,24,2.197999999999979,4.398000000000025,1,2.0
118,ERROR_M,12,25,1.97199999999998,4.171999999999997,0,2.0
118,ERROR_M,12,26,2.2900000000000205,3.9939999999999998,1,2.0
118,ERROR_M,12,27,1.697999999999979,7.210000000000008,0,2.0
118,ERROR_M,12,28,2.2139999999999986,5.99199999999999,1,2.0
118,ERROR_M,12,29,1.9160000000000252,5.97799999999998,0,2.0
118,ERROR_M,12,30,2.2840000000000202,4.297999999999973,1,2.0
118,ERROR_M,12,31,0.08800000000002228,3.447999999999979,0,2.0
118,ERROR_M,12,32,2.0700000000000216,4.635999999999967,1,2.0
118,ERROR_M,12,33,2.1539999999999964,4.9640000000000555,1,2.0
118,ERROR_M,12,34,1.9699999999999704,3.0740000000000123,0,2.0
118,ERROR_M,12,35,2.3379999999999654,6.888000000000034,1,2.0
118,ERROR_M,12,36,2.437999999999988,3.084000000000003,1,2.0
118,ERROR_M,12,37,2.3100000000000023,4.437999999999988,1,2.0
118,ERROR_M,12,38,0.17200000000002547,2.5319999999999823,0,2.0
118,ERROR_M,12,39,1.9320000000000164,5.3799999999999955,0,2.0
118,ERROR_M,12,40,2.2059999999999604,4.636000000000024,1,2.0
118,ERROR_M,12,41,0.1279999999999859,2.8420000000000414,0,2.0
118,ERROR_M,12,42,1.961999999999989,8.062000000000012,0,2.0
118,ERROR_M,12,43,2.0919999999999845,4.21999999999997,1,2.0
118,ERROR_M,12,44,0.14800000000002456,0.012000000000000455,0,2.0
118,ERROR_M,12,45,0.8039999999999736,3.650000000000034,0,2.0
118,ERROR_M,12,46,1.8179999999999836,4.930000000000007,0,2.0
118,ERROR_M,12,47,2.137999999999977,3.4740000000000464,1,2.0
118,ERROR_M,12,48,2.569999999999993,5.5120000000000005,1,2.0
118,ERROR_M,12,49,1.8859999999999673,6.822000000000003,0,2.0
118,ERROR_M,12,50,2.4540000000000077,8.189999999999998,1,2.0
118,ERROR_M,12,51,2.254000000000019,4.075999999999965,1,2.0
118,ERROR_M,12,52,2.3780000000000427,7.109999999999957,1,2.0
118,ERROR_M,12,53,1.9820000000000277,8.425999999999988,0,2.0
118,ERROR_M,12,54,2.3360000000000127,4.267999999999972,1,2.0
118,ERROR_M,12,55,2.2000000000000455,4.553999999999974,1,2.0
118,ERROR_M,12,56,2.2200000000000273,5.837999999999965,1,2.0
118,ERROR_M,12,57,1.8040000000000305,5.013999999999953,0,2.0
118,ERROR_M,12,58,2.340000000000032,6.478000000000009,1,2.0
118,ERROR_M,12,59,2.0819999999999936,7.507999999999981,1,2.0
118,ERROR_M,12,60,1.906000000000006,7.675999999999988,0,2.0
118,ERROR_M,12,61,2.390000000000043,6.013999999999953,1,2.0
118,ERROR_M,12,62,2.274000000000001,5.072000000000003,1,2.0
118,ERROR_M,12,63,2.406000000000006,5.901999999999987,1,2.0
118,ERROR_M,12,64,1.8100000000000023,2.3460000000000036,0,2.0
118,ERROR_M,12,65,0.08600000000001273,5.5120000000000005,0,2.0
118,ERROR_M,12,66,2.0160000000000196,4.3700000000000045,1,2.0
118,ERROR_M,12,67,2.3999999999999773,5.649999999999977,1,2.0
118,ERROR_M,12,68,2.410000000000025,6.521999999999991,1,2.0
118,ERROR_M,12,69,2.230000000000018,3.6159999999999854,1,2.0
118,ERROR_M,12,70,2.17999999999995,3.1380000000000337,1,2.0
118,ERROR_M,12,71,2.4220000000000255,5.357999999999947,1,2.0
118,ERROR_M,12,72,1.9980000000000473,5.802000000000021,0,2.0
118,ERROR_M,12,73,2.1140000000000327,6.8559999999999945,1,2.0
118,ERROR_M,12,74,2.3279999999999745,7.072000000000003,1,2.0
118,ERROR_M,12,75,2.230000000000018,7.447999999999979,1,2.0
118,ERROR_M,12,76,2.274000000000001,5.539999999999964,1,2.0
118,ERROR_M,12,77,0.15600000000006276,0.01599999999996271,0,2.0
118,ERROR_M,12,78,0.2400000000000091,13.552000000000021,0,2.0
118,ERROR_M,12,79,1.655999999999949,3.423999999999978,0,2.0
118,ERROR_M,12,80,2.048000000000002,4.567999999999984,1,2.0
118,ERROR_M,12,81,2.0680000000000973,7.695999999999913,1,2.0
118,ERROR_M,12,82,2.187999999999988,3.9740000000000464,1,2.0
118,ERROR_M,12,83,2.7060000000000173,6.015999999999963,1,2.0
118,ERROR_M,12,84,2.1800000000000637,7.298000000000002,1,2.0
118,ERROR_M,12,85,2.0039999999999054,6.190000000000055,1,2.0
118,ERROR_M,12,86,2.217999999999961,6.581999999999994,1,2.0
118,ERROR_M,12,87,2.490000000000009,10.850000000000023,1,2.0
118,ERROR_M,12,88,2.0579999999999927,6.745999999999981,1,2.0
118,ERROR_M,12,89,2.2620000000000573,3.0699999999999363,1,2.0
118,ERROR_M,12,90,2.1140000000000327,4.6059999999999945,1,2.0
118,ERROR_M,12,91,2.1159999999999854,5.474000000000046,1,2.0
118,ERROR_M,12,92,1.9379999999999882,4.47199999999998,0,2.0
118,ERROR_M,12,93,2.518000000000029,7.47199999999998,1,2.0
118,ERROR_M,12,94,2.2240000000000464,8.163999999999987,1,2.0
118,ERROR_M,12,95,2.183999999999969,7.875999999999976,1,2.0
118,ERROR_M,12,96,2.466000000000008,3.9420000000000073,1,2.0
118,ERROR_M,12,97,2.036000000000058,6.413999999999987,1,2.0
118,ERROR_M,12,98,1.8439999999999372,8.464000000000055,0,2.0
118,ERROR_M,12,99,2.2339999999999236,4.324000000000069,1,2.0
118,ERROR_M,12,100,2.533999999999992,6.947999999999979,1,2.0
118,ERROR_M,12,101,2.159999999999968,7.533999999999992,1,2.0
118,ERROR_M,12,102,2.3320000000001073,5.977999999999952,1,2.0
118,ERROR_M,12,103,2.3759999999999764,11.874000000000024,1,2.0
118,ERROR_M,12,104,2.032000000000039,4.711999999999989,1,2.0
118,ERROR_M,12,105,2.491999999999962,5.293999999999983,1,2.0
118,ERROR_M,12,106,1.981999999999971,3.75,0,2.0
118,ERROR_M,12,107,2.1539999999999964,16.634000000000015,1,2.0
118,ERROR_M,12,108,1.9640000000000555,6.627999999999929,0,2.0
118,ERROR_M,12,109,1.86200000000008,7.0079999999999245,0,2.0
118,ERROR_M,12,110,2.30600000000004,5.244000000000028,1,2.0
118,ERROR_M,12,111,1.6299999999999955,4.045999999999935,0,2.0
118,ERROR_M,12,112,2.150000000000091,3.3099999999999454,1,2.0
118,ERROR_M,12,113,2.245999999999981,9.374000000000024,1,2.0
118,ERROR_M,12,114,2.076000000000022,4.881999999999948,1,2.0
118,ERROR_M,12,115,2.386000000000081,5.747999999999934,1,2.0
118,ERROR_M,12,116,2.0400000000000773,7.949999999999932,1,2.0
118,ERROR_M,12,117,1.947999999999979,8.002000000000066,0,2.0
118,ERROR_M,12,118,1.9919999999999618,5.942000000000007,0,2.0
118,ERROR_M,12,119,2.1520000000000437,5.181999999999903,1,2.0
118,ERROR_M,12,120,2.1660000000000537,8.793999999999983,1,2.0
118,ERROR_M,12,121,2.1560000000000628,6.72199999999998,1,2.0
118,ERROR_M,12,122,2.018000000000029,4.291999999999916,1,2.0
118,ERROR_M,12,123,2.382000000000062,6.127999999999929,1,2.0
118,ERROR_M,12,124,2.590000000000032,8.111999999999966,1,2.0
118,ERROR_M,12,125,2.2340000000000373,8.591999999999985,1,2.0
118,ERROR_M,12,126,2.033999999999992,5.132000000000062,1,2.0
118,ERROR_M,12,127,1.9660000000000082,3.7919999999999163,0,2.0
118,ERROR_M,12,128,2.3319999999999936,5.690000000000055,1,2.0
118,ERROR_M,12,129,2.0639999999999645,5.201999999999998,1,2.0
118,ERROR_M,12,130,2.1100000000001273,5.4659999999998945,1,2.0
118,ERROR_M,12,131,1.7799999999999727,3.3759999999999764,0,2.0
118,ERROR_M,12,132,1.9260000000001583,5.961999999999989,0,2.0
118,ERROR_M,12,133,2.209999999999809,10.388000000000147,1,2.0
118,ERROR_M,12,134,1.8460000000000036,4.402000000000044,0,2.0
118,ERROR_M,12,135,2.1920000000000073,6.942000000000007,1,2.0
118,ERROR_M,12,136,2.1139999999998054,7.317999999999984,1,2.0
118,ERROR_M,12,137,2.1280000000001564,23.427999999999884,1,2.0
118,ERROR_M,12,138,2.5779999999999745,7.024000000000115,1,2.0
118,ERROR_M,12,139,2.0139999999998963,7.542000000000144,1,2.0
118,ERROR_M,12,140,2.313999999999851,8.582000000000107,1,2.0
118,ERROR_M,12,141,2.4839999999999236,7.658000000000129,1,2.0
118,ERROR_M,12,142,2.0739999999998417,5.444000000000187,1,2.0
118,ERROR_M,12,143,1.8639999999998054,4.094000000000051,0,2.0
118,ERROR_M,12,144,2.5319999999999254,5.356000000000222,1,2.0
118,ERROR_M,12,145,2.397999999999911,7.548000000000002,1,2.0
118,ERROR_M,12,146,2.2660000000000764,6.679999999999836,1,2.0
118,ERROR_M,12,147,2.3279999999999745,7.7800000000002,1,2.0
118,ERROR_M,12,148,1.8659999999999854,8.011999999999944,0,2.0
118,ERROR_M,12,149,2.4559999999999036,8.605999999999995,1,2.0
118,ERROR_M,12,150,2.2180000000000746,6.942000000000007,1,2.0
118,ERROR_M,12,151,2.3599999999999,8.08400000000006,1,2.0
118,ERROR_M,12,152,2.352000000000089,7.30399999999986,1,2.0
118,ERROR_M,12,153,2.0399999999999636,7.300000000000182,1,2.0
118,ERROR_M,12,154,2.9600000000000364,3.785999999999831,1,2.0
118,ERROR_M,12,155,3.0260000000000673,4.9220000000000255,1,2.0
118,ERROR_M,12,156,2.2180000000000746,5.529999999999973,1,2.0
118,ERROR_M,12,157,2.175999999999931,6.296000000000049,1,2.0
118,ERROR_M,12,158,1.816000000000031,6.453999999999951,0,2.0
118,ERROR_M,12,159,2.22199999999998,4.875999999999976,1,2.0
118,ERROR_M,12,160,2.160000000000082,6.313999999999851,1,2.0
118,ERROR_M,12,161,2.1140000000000327,7.432000000000016,1,2.0
118,ERROR_M,12,162,1.9660000000001219,6.973999999999933,0,2.0
118,ERROR_M,12,163,2.064000000000078,16.21199999999999,1,2.0
118,ERROR_M,12,164,2.4299999999998363,16.67600000000016,1,2.0
118,ERROR_M,12,165,2.038000000000011,6.889999999999873,1,2.0
118,ERROR_M,12,166,0.18000000000006366,0.06600000000003092,0,2.0
118,ERROR_M,12,167,3.461999999999989,46.5,0,2.0
118,ERROR_M,12,168,0.6359999999999673,59.447999999999865,0,2.0
118,ERROR_M,12,169,1.066000000000031,3.9500000000000455,0,2.0
118,ERROR_M,12,170,1.91800000000012,4.417999999999893,0,2.0
118,ERROR_M,12,171,2.0140000000001237,6.889999999999873,1,2.0
118,ERROR_M,12,172,2.1159999999999854,7.600000000000136,1,2.0
118,ERROR_M,12,173,2.19399999999996,6.583999999999833,1,2.0
118,ERROR_M,12,174,2.1840000000001965,8.447999999999865,1,2.0
118,ERROR_M,12,175,1.8840000000000146,8.433999999999969,0,2.0
118,ERROR_M,12,176,2.2799999999999727,131.2420000000002,1,2.0
118,ERROR_M,12,177,0.6099999999999,3.397999999999911,0,2.0
118,ERROR_M,12,178,1.9480000000000928,3.7380000000000564,0,2.0
118,ERROR_M,12,179,2.0019999999999527,6.258000000000038,1,2.0
118,ERROR_M,12,180,1.9220000000000255,2.7519999999999527,0,2.0
118,ERROR_M,12,181,2.382000000000062,10.031999999999925,1,2.0
118,ERROR_M,12,182,2.145999999999958,8.592000000000098,1,2.0
118,ERROR_M,12,183,1.9600000000000364,2.55399999999986,0,2.0
118,ERROR_M,12,184,2.183999999999969,5.990000000000009,1,2.0
118,ERROR_M,12,185,1.9360000000001492,4.336000000000013,0,2.0
118,ERROR_M,12,186,2.265999999999849,6.642000000000053,1,2.0
118,ERROR_M,12,187,2.2259999999998854,27.098000000000184,1,2.0
118,ERROR_M,12,188,1.8379999999999654,6.036000000000058,0,2.0
118,ERROR_M,12,189,2.1159999999999854,7.4699999999998,1,2.0
118,ERROR_M,12,190,1.9700000000000273,5.019999999999982,0,2.0
118,ERROR_M,12,191,2.009999999999991,15.346000000000004,1,2.0
118,ERROR_M,12,192,2.206000000000131,20.614000000000033,1,2.0
118,ERROR_M,12,193,2.189999999999827,7.578000000000202,1,2.0
118,ERROR_M,12,194,2.033999999999878,7.6340000000000146,1,2.0
118,ERROR_M,12,195,2.4780000000000655,10.255999999999858,1,2.0
118,ERROR_M,12,196,2.3780000000001564,7.692000000000007,1,2.0
118,ERROR_M,12,197,2.1599999999998545,661.5799999999999,1,2.0
118,ERROR_M,12,198,0.9480000000003201,8.059999999999945,0,2.0
118,ERROR_M,12,199,1.731999999999971,8.101999999999862,0,2.0
118,ERROR_M,12,200,2.0920000000000982,13.36999999999989,1,2.0
118,ERROR_M,12,201,2.188000000000102,7.860000000000127,1,2.0
118,ERROR_M,12,202,2.3899999999998727,6.625999999999749,1,2.0
118,ERROR_M,12,203,2.1220000000002983,8.0,1,2.0
118,ERROR_M,12,204,1.9239999999999782,3.8519999999998618,0,2.0
118,ERROR_M,12,205,2.1640000000002146,8.208000000000084,1,2.0
118,ERROR_M,12,206,2.651999999999589,2.6700000000000728,1,2.0
118,ERROR_M,12,207,2.3859999999999673,10.208000000000084,1,2.0
118,ERROR_M,12,208,2.155999999999949,10.115999999999985,1,2.0
118,ERROR_M,12,209,1.19399999999996,5.572000000000116,0,2.0
118,ERROR_M,12,210,4.440000000000055,,1,2.0
118,ERROR_M,13,1,0.2539999999999978,4.161999999999999,0,2.0
118,ERROR_M,13,2,1.6700000000000017,1.7700000000000031,0,2.0
118,ERROR_M,13,3,0.06799999999999784,0.4339999999999975,0,2.0
118,ERROR_M,13,4,0.1039999999999992,3.6000000000000014,0,2.0
118,ERROR_M,13,5,1.7980000000000018,1.7520000000000024,0,2.0
118,ERROR_M,13,6,0.06199999999999761,0.2119999999999962,0,2.0
118,ERROR_M,13,7,0.12400000000000233,4.258000000000003,0,2.0
118,ERROR_M,13,8,1.6639999999999944,1.7880000000000038,0,2.0
118,ERROR_M,13,9,0.08599999999999852,0.5060000000000002,0,2.0
118,ERROR_M,13,10,1.7980000000000018,3.442,0,2.0
118,ERROR_M,13,11,2.013999999999996,3.2860000000000014,1,2.0
118,ERROR_M,13,12,2.3739999999999952,3.842000000000013,1,2.0
118,ERROR_M,13,13,2.053999999999988,5.608000000000004,1,2.0
118,ERROR_M,13,14,1.8739999999999952,6.712000000000003,0,2.0
118,ERROR_M,13,15,1.8500000000000085,3.089999999999989,0,2.0
118,ERROR_M,13,16,1.7900000000000063,2.5360000000000014,0,2.0
118,ERROR_M,13,17,0.1280000000000001,4.927999999999997,0,2.0
118,ERROR_M,13,18,1.9140000000000015,1.6140000000000043,0,2.0
118,ERROR_M,13,19,0.031999999999996476,3.067999999999998,0,2.0
118,ERROR_M,13,20,2.0379999999999967,4.52000000000001,1,2.0
118,ERROR_M,13,21,1.7339999999999947,7.689999999999998,0,2.0
118,ERROR_M,13,22,2.0220000000000056,8.129999999999981,1,2.0
118,ERROR_M,13,23,2.0180000000000007,8.548000000000002,1,2.0
118,ERROR_M,13,24,2.162000000000006,5.156000000000006,1,2.0
118,ERROR_M,13,25,2.044000000000011,5.798000000000002,1,2.0
118,ERROR_M,13,26,2.1239999999999952,7.171999999999997,1,2.0
118,ERROR_M,13,27,1.9399999999999977,3.719999999999999,0,2.0
118,ERROR_M,13,28,2.087999999999994,4.268000000000001,1,2.0
118,ERROR_M,13,29,0.1599999999999966,0.4620000000000175,0,2.0
118,ERROR_M,13,30,2.407999999999987,5.1440000000000055,1,2.0
118,ERROR_M,13,31,2.2539999999999907,6.110000000000014,1,2.0
118,ERROR_M,13,32,2.3559999999999945,3.9199999999999875,1,2.0
118,ERROR_M,13,33,2.176000000000016,7.072000000000003,1,2.0
118,ERROR_M,13,34,2.3479999999999848,4.177999999999997,1,2.0
118,ERROR_M,13,35,0.07600000000002183,3.2579999999999814,0,2.0
118,ERROR_M,13,36,1.9980000000000189,6.401999999999987,0,2.0
118,ERROR_M,13,37,2.343999999999994,5.713999999999999,1,2.0
118,ERROR_M,13,38,2.450000000000017,5.373999999999995,1,2.0
118,ERROR_M,13,39,0.07800000000000296,2.4299999999999784,0,2.0
118,ERROR_M,13,40,2.1000000000000227,8.045999999999992,1,2.0
118,ERROR_M,13,41,2.062000000000012,4.527999999999963,1,2.0
118,ERROR_M,13,42,2.0360000000000014,4.174000000000035,1,2.0
118,ERROR_M,13,43,2.283999999999992,5.5919999999999845,1,2.0
118,ERROR_M,13,44,0.02400000000000091,1.4279999999999973,0,2.0
118,ERROR_M,13,45,2.2959999999999923,8.484000000000037,1,2.0
118,ERROR_M,13,46,2.3479999999999563,5.466000000000008,1,2.0
118,ERROR_M,13,47,2.1720000000000255,3.901999999999987,1,2.0
118,ERROR_M,13,48,2.0600000000000023,5.230000000000018,1,2.0
118,ERROR_M,13,49,2.1019999999999754,3.170000000000016,1,2.0
118,ERROR_M,13,50,2.216000000000008,4.593999999999994,1,2.0
118,ERROR_M,13,51,2.569999999999993,5.043999999999983,1,2.0
118,ERROR_M,13,52,2.254000000000019,6.204000000000008,1,2.0
118,ERROR_M,13,53,2.4080000000000155,3.7579999999999814,1,2.0
118,ERROR_M,13,54,0.11199999999996635,0.5440000000000396,0,2.0
118,ERROR_M,13,55,0.17399999999997817,0.8940000000000055,0,2.0
118,ERROR_M,13,56,2.362000000000023,3.4319999999999595,1,2.0
118,ERROR_M,13,57,0.09200000000004138,2.94399999999996,0,2.0
118,ERROR_M,13,58,2.274000000000001,6.840000000000032,1,2.0
118,ERROR_M,13,59,2.2199999999999704,7.168000000000006,1,2.0
118,ERROR_M,13,60,2.430000000000007,4.494000000000028,1,2.0
118,ERROR_M,13,61,2.197999999999979,5.8700000000000045,1,2.0
118,ERROR_M,13,62,2.230000000000018,3.9219999999999686,1,2.0
118,ERROR_M,13,63,2.656000000000006,7.552000000000021,1,2.0
118,ERROR_M,13,64,2.4319999999999595,8.126000000000033,1,2.0
118,ERROR_M,13,65,2.2679999999999723,3.4540000000000077,1,2.0
118,ERROR_M,13,66,2.4080000000000155,8.581999999999994,1,2.0
118,ERROR_M,13,67,2.367999999999995,2.8840000000000146,1,2.0
118,ERROR_M,13,68,2.033999999999992,4.853999999999985,1,2.0
118,ERROR_M,13,69,2.0439999999999827,7.848000000000013,1,2.0
118,ERROR_M,13,70,1.9399999999999977,3.4080000000000155,0,2.0
118,ERROR_M,13,71,2.4780000000000086,3.97199999999998,1,2.0
118,ERROR_M,13,72,2.30600000000004,5.975999999999999,1,2.0
118,ERROR_M,13,73,2.641999999999996,3.4359999999999786,1,2.0
118,ERROR_M,13,74,2.533999999999992,7.4220000000000255,1,2.0
118,ERROR_M,13,75,2.180000000000007,7.843999999999994,1,2.0
118,ERROR_M,13,76,2.3519999999999754,8.169999999999959,1,2.0
118,ERROR_M,13,77,2.3840000000000146,8.518000000000029,1,2.0
118,ERROR_M,13,78,2.259999999999991,3.009999999999991,1,2.0
118,ERROR_M,13,79,2.1480000000000246,4.1200000000000045,1,2.0
118,ERROR_M,13,80,2.04200000000003,6.041999999999916,1,2.0
118,ERROR_M,13,81,2.5160000000000764,8.716000000000008,1,2.0
118,ERROR_M,13,82,1.9660000000000082,4.889999999999986,0,2.0
118,ERROR_M,13,83,2.0639999999999645,3.522000000000048,1,2.0
118,ERROR_M,13,84,2.0319999999999254,6.204000000000065,1,2.0
118,ERROR_M,13,85,2.2899999999999636,4.409999999999968,1,2.0
118,ERROR_M,13,86,2.354000000000042,4.881999999999948,1,2.0
118,ERROR_M,13,87,0.18799999999998818,0.02800000000002001,0,2.0
118,ERROR_M,13,88,0.5180000000000291,8.206000000000017,0,2.0
118,ERROR_M,13,89,2.024000000000001,6.803999999999974,1,2.0
118,ERROR_M,13,90,2.300000000000068,7.17999999999995,1,2.0
118,ERROR_M,13,91,2.3899999999999864,6.316000000000031,1,2.0
118,ERROR_M,13,92,2.227999999999952,7.557999999999993,1,2.0
118,ERROR_M,13,93,2.1380000000000337,5.610000000000014,1,2.0
118,ERROR_M,13,94,2.302000000000021,4.288000000000011,1,2.0
118,ERROR_M,13,95,2.25,3.8299999999999272,1,2.0
118,ERROR_M,13,96,2.538000000000011,4.378000000000043,1,2.0
118,ERROR_M,13,97,2.1779999999999973,6.168000000000006,1,2.0
118,ERROR_M,13,98,2.283999999999992,8.117999999999938,1,2.0
118,ERROR_M,13,99,2.4080000000000155,8.478000000000065,1,2.0
118,ERROR_M,13,100,2.2719999999999345,5.851999999999975,1,2.0
118,ERROR_M,13,101,2.366000000000099,6.487999999999943,1,2.0
118,ERROR_M,13,102,2.409999999999968,9.878000000000043,1,2.0
118,ERROR_M,13,103,1.9740000000000464,3.6259999999999764,0,2.0
118,ERROR_M,13,104,2.3759999999999764,10.951999999999998,1,2.0
118,ERROR_M,13,105,2.052000000000021,3.675999999999931,1,2.0
118,ERROR_M,13,106,2.296000000000049,4.142000000000053,1,2.0
118,ERROR_M,13,107,1.9179999999998927,2.438000000000102,0,2.0
118,ERROR_M,13,108,2.2059999999999036,5.201999999999998,1,2.0
118,ERROR_M,13,109,2.3840000000000146,7.153999999999996,1,2.0
118,ERROR_M,13,110,2.2000000000000455,7.871999999999957,1,2.0
118,ERROR_M,13,111,2.3840000000000146,7.48599999999999,1,2.0
118,ERROR_M,13,112,2.4120000000000346,8.491999999999962,1,2.0
118,ERROR_M,13,113,2.2180000000000746,7.177999999999997,1,2.0
118,ERROR_M,13,114,2.1680000000000064,3.8460000000000036,1,2.0
118,ERROR_M,13,115,2.113999999999919,5.57000000000005,1,2.0
118,ERROR_M,13,116,2.3059999999999263,5.988000000000056,1,2.0
118,ERROR_M,13,117,2.227999999999952,3.980000000000018,1,2.0
118,ERROR_M,13,118,2.4780000000000655,8.14799999999991,1,2.0
118,ERROR_M,13,119,2.2320000000000846,4.451999999999998,1,2.0
118,ERROR_M,13,120,2.0839999999999463,6.601999999999975,1,2.0
118,ERROR_M,13,121,2.2520000000000664,4.539999999999964,1,2.0
118,ERROR_M,13,122,2.504000000000019,2.730000000000018,1,2.0
118,ERROR_M,13,123,2.45799999999997,5.231999999999971,1,2.0
118,ERROR_M,13,124,2.57000000000005,6.001999999999953,1,2.0
118,ERROR_M,13,125,2.060000000000059,6.846000000000004,1,2.0
118,ERROR_M,13,126,2.25,7.805999999999926,1,2.0
118,ERROR_M,13,127,2.4720000000000937,3.1259999999999764,1,2.0
118,ERROR_M,13,128,2.076000000000022,4.437999999999988,1,2.0
118,ERROR_M,13,129,2.1100000000000136,4.809999999999945,1,2.0
118,ERROR_M,13,130,2.3519999999999754,3.9820000000000846,1,2.0
118,ERROR_M,13,131,2.19399999999996,3.66599999999994,1,2.0
118,ERROR_M,13,132,1.4080000000000155,2.9400000000000546,0,2.0
118,ERROR_M,13,133,2.231999999999971,5.104000000000042,1,2.0
118,ERROR_M,13,134,2.147999999999911,6.54200000000003,1,2.0
118,ERROR_M,13,135,2.1860000000000355,4.538000000000011,1,2.0
118,ERROR_M,13,136,2.1140000000000327,4.065999999999917,1,2.0
118,ERROR_M,13,137,2.4640000000000555,5.399999999999977,1,2.0
118,ERROR_M,13,138,2.1340000000000146,7.875999999999976,1,2.0
118,ERROR_M,13,139,1.7039999999999509,5.4500000000000455,0,2.0
118,ERROR_M,13,140,2.216000000000008,7.1159999999999854,1,2.0
118,ERROR_M,13,141,2.258000000000038,7.775999999999954,1,2.0
118,ERROR_M,13,142,2.3099999999999454,8.092000000000098,1,2.0
118,ERROR_M,13,143,2.2159999999998945,6.1159999999999854,1,2.0
118,ERROR_M,13,144,2.048000000000002,5.836000000000013,1,2.0
118,ERROR_M,13,145,2.19600000000014,6.823999999999842,1,2.0
118,ERROR_M,13,146,1.8780000000001564,7.475999999999885,0,2.0
118,ERROR_M,13,147,1.8680000000001655,8.477999999999838,0,2.0
118,ERROR_M,13,148,2.1200000000001182,10.533999999999878,1,2.0
118,ERROR_M,13,149,1.8179999999999836,5.458000000000084,0,2.0
118,ERROR_M,13,150,2.1639999999999873,6.153999999999996,1,2.0
118,ERROR_M,13,151,2.188000000000102,4.2719999999999345,1,2.0
118,ERROR_M,13,152,2.286000000000058,6.789999999999964,1,2.0
118,ERROR_M,13,153,2.467999999999847,7.520000000000209,1,2.0
118,ERROR_M,13,154,2.2159999999998945,7.902000000000044,1,2.0
118,ERROR_M,13,155,2.046000000000049,8.467999999999847,1,2.0
118,ERROR_M,13,156,2.3320000000001073,4.180000000000064,1,2.0
118,ERROR_M,13,157,2.173999999999978,4.871999999999844,1,2.0
118,ERROR_M,13,158,1.8200000000001637,3.259999999999991,0,2.0
118,ERROR_M,13,159,2.1139999999998054,5.800000000000182,1,2.0
118,ERROR_M,13,160,2.265999999999849,4.582000000000107,1,2.0
118,ERROR_M,13,161,1.8419999999998709,5.7000000000000455,0,2.0
118,ERROR_M,13,162,2.130000000000109,5.429999999999836,1,2.0
118,ERROR_M,13,163,2.1920000000000073,3.852000000000089,1,2.0
118,ERROR_M,13,164,2.213999999999942,7.628000000000156,1,2.0
118,ERROR_M,13,165,2.298000000000002,8.981999999999971,1,2.0
118,ERROR_M,13,166,2.3299999999999272,6.5060000000000855,1,2.0
118,ERROR_M,13,167,2.349999999999909,8.135999999999967,1,2.0
118,ERROR_M,13,168,2.2100000000000364,7.819999999999936,1,2.0
118,ERROR_M,13,169,2.1159999999999854,4.710000000000036,1,2.0
118,ERROR_M,13,170,2.102000000000089,5.854000000000042,1,2.0
118,ERROR_M,13,171,2.293999999999869,6.170000000000073,1,2.0
118,ERROR_M,13,172,2.3420000000000982,6.607999999999947,1,2.0
118,ERROR_M,13,173,2.41599999999994,6.895999999999958,1,2.0
118,ERROR_M,13,174,2.405999999999949,7.486000000000104,1,2.0
118,ERROR_M,13,175,2.1679999999998927,5.698000000000093,1,2.0
118,ERROR_M,13,176,2.3599999999999,5.9780000000000655,1,2.0
118,ERROR_M,13,177,2.2280000000000655,7.759999999999991,1,2.0
118,ERROR_M,13,178,2.283999999999878,4.286000000000058,1,2.0
118,ERROR_M,13,179,2.038000000000011,8.016000000000076,1,2.0
118,ERROR_M,13,180,2.741999999999962,8.031999999999925,1,2.0
118,ERROR_M,13,181,1.7000000000000455,3.064000000000078,0,2.0
118,ERROR_M,13,182,0.09999999999990905,5.336000000000013,0,2.0
118,ERROR_M,13,183,1.9580000000000837,2.4459999999999127,0,2.0
118,ERROR_M,13,184,2.491999999999962,6.190000000000055,1,2.0
118,ERROR_M,13,185,2.230000000000018,5.498000000000047,1,2.0
118,ERROR_M,13,186,1.6900000000000546,65.64999999999986,0,2.0
118,ERROR_M,13,187,0.10799999999994725,90.73199999999997,0,2.0
118,ERROR_M,13,188,1.9360000000001492,5.071999999999889,0,2.0
118,ERROR_M,13,189,1.9260000000001583,2.798000000000002,0,2.0
118,ERROR_M,13,190,2.283999999999878,7.178000000000111,1,2.0
118,ERROR_M,13,191,2.6119999999998527,8.054000000000087,1,2.0
118,ERROR_M,13,192,2.0979999999999563,12.059999999999945,1,2.0
118,ERROR_M,13,193,2.0579999999999927,6.16800000000012,1,2.0
118,ERROR_M,13,194,2.1720000000000255,7.283999999999878,1,2.0
118,ERROR_M,13,195,2.4400000000000546,7.324000000000069,1,2.0
118,ERROR_M,13,196,1.6859999999999218,8.448000000000093,0,2.0
118,ERROR_M,13,197,2.2639999999998963,4.66599999999994,1,2.0
118,ERROR_M,13,198,2.438000000000102,7.759999999999991,1,2.0
118,ERROR_M,13,199,2.2200000000000273,4.567999999999984,1,2.0
118,ERROR_M,13,200,2.321999999999889,4.900000000000091,1,2.0
118,ERROR_M,13,201,2.076000000000022,6.067999999999984,1,2.0
118,ERROR_M,13,202,1.9739999999999327,7.600000000000136,0,2.0
118,ERROR_M,13,203,2.397999999999911,7.832000000000107,1,2.0
118,ERROR_M,13,204,2.3479999999999563,5.149999999999864,1,2.0
118,ERROR_M,13,205,2.104000000000042,6.107999999999947,1,2.0
118,ERROR_M,13,206,2.4780000000000655,4.226000000000113,1,2.0
118,ERROR_M,13,207,2.0839999999998327,6.961999999999989,1,2.0
118,ERROR_M,13,208,2.428000000000111,7.016000000000076,1,2.0
118,ERROR_M,13,209,2.245999999999867,4.346000000000004,1,2.0
118,ERROR_M,13,210,2.4600000000000364,6.7840000000001055,1,2.0
118,ERROR_M,13,211,2.3339999999998327,6.156000000000176,1,2.0
118,ERROR_M,13,212,1.7859999999998308,3.230000000000018,0,2.0
118,ERROR_M,13,213,2.5140000000001237,60.710000000000036,1,2.0
118,ERROR_M,13,214,0.7979999999997744,11.722000000000207,0,2.0
118,ERROR_M,13,215,2.2679999999998017,6.442000000000007,1,2.0
118,ERROR_M,13,216,1.1320000000000618,36.0920000000001,0,2.0
118,ERROR_M,13,217,1.2359999999998763,4.426000000000158,0,2.0
118,ERROR_M,13,218,2.0960000000000036,6.217999999999847,1,2.0
118,ERROR_M,13,219,2.158000000000129,5.311999999999898,1,2.0
118,ERROR_M,13,220,2.230000000000018,6.367999999999938,1,2.0
118,ERROR_M,13,221,2.0779999999999745,7.8840000000000146,1,2.0
118,ERROR_M,13,222,2.2100000000000364,8.200000000000045,1,2.0
118,ERROR_M,13,223,2.4320000000000164,8.597999999999956,1,2.0
118,ERROR_M,13,224,2.0499999999999545,5.888000000000147,1,2.0
118,ERROR_M,13,225,2.066000000000031,10.955999999999904,1,2.0
118,ERROR_M,13,226,2.453999999999951,5.148000000000138,1,2.0
118,ERROR_M,13,227,2.2619999999999436,5.861999999999853,1,2.0
118,ERROR_M,13,228,1.9519999999999982,6.032000000000153,0,2.0
118,ERROR_M,13,229,2.2819999999999254,3.83400000000006,1,2.0
118,ERROR_M,13,230,1.9200000000000728,3.737999999999829,0,2.0
118,ERROR_M,13,231,2.3279999999999745,6.850000000000136,1,2.0
118,ERROR_M,13,232,2.4320000000000164,6.837999999999965,1,2.0
118,ERROR_M,13,233,1.8920000000000528,7.039999999999964,0,2.0
118,ERROR_M,13,234,2.0799999999999272,6.046000000000049,1,2.0
118,ERROR_M,13,235,1.8360000000000127,6.432000000000016,0,2.0
118,ERROR_M,13,236,2.2919999999999163,7.538000000000011,1,2.0
118,ERROR_M,13,237,2.2800000000002,4.725999999999658,1,2.0
118,ERROR_M,13,238,2.262000000000171,7.7979999999997744,1,2.0
118,ERROR_M,13,239,2.300000000000182,8.217999999999847,1,2.0
118,ERROR_M,13,240,2.2800000000002,8.538000000000011,1,2.0
118,ERROR_M,13,241,2.4580000000000837,6.072000000000116,1,2.0
118,ERROR_M,13,242,2.5479999999997744,3.480000000000018,1,2.0
118,ERROR_M,13,243,2.3420000000000982,6.400000000000091,1,2.0
118,ERROR_M,13,244,2.3179999999997563,6.55600000000004,1,2.0
118,ERROR_M,13,245,2.5459999999998217,2.72400000000016,1,2.0
118,ERROR_M,13,246,2.5419999999999163,6.794000000000324,1,2.0
118,ERROR_M,13,247,2.2719999999999345,4.621999999999844,1,2.0
118,ERROR_M,13,248,0.11599999999998545,0.03600000000005821,0,2.0
118,ERROR_M,13,249,1.4659999999998945,7.679999999999836,0,2.0
118,ERROR_M,13,250,1.8820000000000618,7.710000000000036,0,2.0
118,ERROR_M,13,251,2.018000000000029,8.18600000000015,1,2.0
118,ERROR_M,13,252,2.018000000000029,8.549999999999727,1,2.0
118,ERROR_M,13,253,2.256000000000313,5.375999999999749,1,2.0
118,ERROR_M,13,254,2.3200000000001637,5.800000000000182,1,2.0
118,ERROR_M,13,255,2.169999999999618,10.546000000000276,1,2.0
118,ERROR_M,13,256,2.3599999999996726,7.206000000000131,1,2.0
118,ERROR_M,13,257,2.3299999999999272,5.9220000000000255,1,2.0
118,ERROR_M,13,258,2.262000000000171,7.067999999999756,1,2.0
118,ERROR_M,13,259,2.480000000000018,6.054000000000087,1,2.0
118,ERROR_M,13,260,2.2800000000002,7.458000000000084,1,2.0
118,ERROR_M,13,261,2.5339999999996508,3.718000000000302,1,2.0
118,ERROR_M,13,262,2.400000000000091,6.765999999999622,1,2.0
118,ERROR_M,13,263,2.4340000000001965,200.8040000000001,1,2.0
118,ERROR_M,13,264,0.7139999999999418,6.8279999999999745,0,2.0
118,ERROR_M,13,265,0.6019999999998618,106.18200000000024,0,2.0
118,ERROR_M,13,266,1.0599999999999454,2.5039999999999054,0,2.0
118,ERROR_M,13,267,2.038000000000011,6.268000000000029,1,2.0
118,ERROR_M,13,268,1.2300000000000182,3.087999999999738,0,2.0
118,ERROR_M,13,269,2.2480000000000473,6.059999999999945,1,2.0
118,ERROR_M,13,270,2.2960000000002765,20.65599999999995,1,2.0
118,ERROR_M,13,271,2.711999999999989,6.69399999999996,1,2.0
118,ERROR_M,13,272,2.2600000000002183,7.6039999999998145,1,2.0
118,ERROR_M,13,273,2.4600000000000364,6.206000000000131,1,2.0
118,ERROR_M,13,274,2.3919999999998254,8.115999999999985,1,2.0
118,ERROR_M,13,275,2.1700000000000728,7.4220000000000255,1,2.0
118,ERROR_M,13,276,2.7080000000000837,5.097999999999956,1,2.0
118,ERROR_M,13,277,2.1779999999998836,9.192000000000007,1,2.0
118,ERROR_M,13,278,2.186000000000149,6.80199999999968,1,2.0
118,ERROR_M,13,279,2.048000000000229,8.161999999999807,1,2.0
118,ERROR_M,13,280,2.4760000000001128,5.519999999999982,1,2.0
118,ERROR_M,13,281,2.326000000000022,8.576000000000022,1,2.0
118,ERROR_M,13,282,2.3780000000001564,6.851999999999862,1,2.0
118,ERROR_M,13,283,2.2399999999997817,7.3100000000004,1,2.0
118,ERROR_M,13,284,2.2279999999996107,9.307999999999993,1,2.0
118,ERROR_M,13,285,2.1359999999999673,5.726000000000113,1,2.0
118,ERROR_M,13,286,2.1280000000001564,4.567999999999756,1,2.0
118,ERROR_M,13,287,2.4460000000003674,5.063999999999851,1,2.0
118,ERROR_M,13,288,2.1219999999998436,5.91800000000012,1,2.0
118,ERROR_M,13,289,2.2919999999999163,11.008000000000266,1,2.0
118,ERROR_M,13,290,0.2699999999999818,0.04599999999982174,0,2.0
118,ERROR_M,13,291,0.9479999999998654,,0,2.0
118,ERROR_M,14,1,2.1520000000000046,3.593999999999994,1,2.0
118,ERROR_M,14,2,2.030000000000001,4.166000000000004,1,2.0
118,ERROR_M,14,3,1.902000000000001,4.153999999999996,0,2.0
118,ERROR_M,14,4,1.8100000000000023,5.420000000000002,0,2.0
118,ERROR_M,14,5,2.009999999999998,7.332000000000001,1,2.0
118,ERROR_M,14,6,1.6299999999999955,4.462000000000003,0,2.0
118,ERROR_M,14,7,1.8559999999999945,7.424000000000007,0,2.0
118,ERROR_M,14,8,1.965999999999994,7.742000000000004,0,2.0
118,ERROR_M,14,9,1.9699999999999989,3.3100000000000023,0,2.0
118,ERROR_M,14,10,2.289999999999992,3.774000000000001,1,2.0
118,ERROR_M,14,11,2.0700000000000074,5.182000000000002,1,2.0
118,ERROR_M,14,12,1.9320000000000022,3.36399999999999,0,2.0
118,ERROR_M,14,13,0.0660000000000025,2.989999999999995,0,2.0
118,ERROR_M,14,14,2.426000000000002,8.144000000000005,1,2.0
118,ERROR_M,14,15,2.283999999999992,6.584000000000003,1,2.0
118,ERROR_M,14,16,2.4560000000000173,8.494,1,2.0
118,ERROR_M,14,17,2.089999999999975,3.862000000000023,1,2.0
118,ERROR_M,14,18,2.2719999999999914,5.883999999999986,1,2.0
118,ERROR_M,14,19,1.9300000000000068,6.848000000000013,0,2.0
118,ERROR_M,14,20,2.0999999999999943,5.2239999999999895,1,2.0
118,ERROR_M,14,21,1.7840000000000202,2.775999999999982,0,2.0
118,ERROR_M,14,22,2.170000000000016,3.0919999999999845,1,2.0
118,ERROR_M,14,23,1.6299999999999955,2.0460000000000207,0,2.0
118,ERROR_M,14,24,0.10799999999997567,0.8220000000000027,0,2.0
118,ERROR_M,14,25,2.3100000000000023,5.367999999999995,1,2.0
118,ERROR_M,14,26,2.044000000000011,5.596000000000004,1,2.0
118,ERROR_M,14,27,1.7319999999999993,5.704000000000008,0,2.0
118,ERROR_M,14,28,1.9379999999999882,3.4579999999999984,0,2.0
118,ERROR_M,14,29,2.25,6.186000000000007,1,2.0
118,ERROR_M,14,30,2.3859999999999957,6.967999999999989,1,2.0
118,ERROR_M,14,31,1.8120000000000118,1.8340000000000032,0,2.0
118,ERROR_M,14,32,0.117999999999995,5.141999999999996,0,2.0
118,ERROR_M,14,33,2.3100000000000023,7.555999999999983,1,2.0
118,ERROR_M,14,34,2.1820000000000164,4.3559999999999945,1,2.0
118,ERROR_M,14,35,1.6820000000000164,2.731999999999971,0,2.0
118,ERROR_M,14,36,0.07200000000000273,2.0060000000000286,0,2.0
118,ERROR_M,14,37,1.9180000000000064,7.793999999999983,0,2.0
118,ERROR_M,14,38,1.9279999999999973,8.006000000000029,0,2.0
118,ERROR_M,14,39,2.23599999999999,8.45799999999997,1,2.0
118,ERROR_M,14,40,2.062000000000012,5.461999999999989,1,2.0
118,ERROR_M,14,41,2.230000000000018,4.5779999999999745,1,2.0
118,ERROR_M,14,42,2.201999999999998,6.900000000000034,1,2.0
118,ERROR_M,14,43,2.2819999999999823,5.942000000000007,1,2.0
118,ERROR_M,14,44,1.725999999999999,4.745999999999981,0,2.0
118,ERROR_M,14,45,2.2800000000000296,4.377999999999986,1,2.0
118,ERROR_M,14,46,0.10000000000002274,2.024000000000001,0,2.0
118,ERROR_M,14,47,2.2819999999999823,5.211999999999989,1,2.0
118,ERROR_M,14,48,0.160000000000025,2.466000000000008,0,2.0
118,ERROR_M,14,49,1.9419999999999504,2.7560000000000286,0,2.0
118,ERROR_M,14,50,2.5819999999999936,1.7900000000000205,1,2.0
118,ERROR_M,14,51,0.04399999999998272,6.232000000000028,0,2.0
118,ERROR_M,14,52,1.8699999999999477,3.552000000000021,0,2.0
118,ERROR_M,14,53,2.2620000000000005,8.576000000000022,1,2.0
118,ERROR_M,14,54,1.8899999999999864,6.803999999999974,0,2.0
118,ERROR_M,14,55,2.2240000000000464,7.503999999999962,1,2.0
118,ERROR_M,14,56,2.0680000000000405,3.23599999999999,1,2.0
118,ERROR_M,14,57,2.1999999999999886,5.529999999999973,1,2.0
118,ERROR_M,14,58,2.434000000000026,7.182000000000016,1,2.0
118,ERROR_M,14,59,2.519999999999982,3.052000000000021,1,2.0
118,ERROR_M,14,60,2.283999999999992,5.156000000000006,1,2.0
118,ERROR_M,14,61,2.5579999999999927,6.089999999999975,1,2.0
118,ERROR_M,14,62,2.174000000000035,4.075999999999965,1,2.0
118,ERROR_M,14,63,2.004000000000019,4.3840000000000146,1,2.0
118,ERROR_M,14,64,1.7239999999999895,4.331999999999994,0,2.0
118,ERROR_M,14,65,2.132000000000005,5.089999999999975,1,2.0
118,ERROR_M,14,66,1.9519999999999982,7.545999999999992,0,2.0
118,ERROR_M,14,67,2.046000000000049,4.846000000000004,1,2.0
118,ERROR_M,14,68,0.13199999999994816,3.038000000000011,0,2.0
118,ERROR_M,14,69,1.9259999999999877,2.5,0,2.0
118,ERROR_M,14,70,2.188000000000045,4.411999999999978,1,2.0
118,ERROR_M,14,71,1.9660000000000082,3.6919999999999504,0,2.0
118,ERROR_M,14,72,2.55600000000004,6.04200000000003,1,2.0
118,ERROR_M,14,73,1.9940000000000282,8.005999999999972,0,2.0
118,ERROR_M,14,74,2.0939999999999372,5.3659999999999854,1,2.0
118,ERROR_M,14,75,0.18000000000006366,2.949999999999932,0,2.0
118,ERROR_M,14,76,2.1860000000000355,5.874000000000024,1,2.0
118,ERROR_M,14,77,2.183999999999969,4.668000000000006,1,2.0
118,ERROR_M,14,78,2.451999999999998,3.730000000000018,1,2.0
118,ERROR_M,14,79,1.830000000000041,3.411999999999921,0,2.0
118,ERROR_M,14,80,2.2940000000000964,5.2719999999999345,1,2.0
118,ERROR_M,14,81,2.183999999999969,5.59800000000007,1,2.0
118,ERROR_M,14,82,2.127999999999929,6.540000000000077,1,2.0
118,ERROR_M,14,83,2.2379999999999427,6.840000000000032,1,2.0
118,ERROR_M,14,84,2.298000000000002,7.375999999999976,1,2.0
118,ERROR_M,14,85,2.225999999999999,4.382000000000062,1,2.0
118,ERROR_M,14,86,1.905999999999949,2.466000000000008,0,2.0
118,ERROR_M,14,87,2.211999999999989,5.885999999999967,1,2.0
118,ERROR_M,14,88,2.240000000000009,6.149999999999977,1,2.0
118,ERROR_M,14,89,2.258000000000038,6.543999999999983,1,2.0
118,ERROR_M,14,90,2.2560000000000855,5.119999999999891,1,2.0
118,ERROR_M,14,91,2.116000000000099,6.7999999999999545,1,2.0
118,ERROR_M,14,92,2.1399999999999864,5.072000000000003,1,2.0
118,ERROR_M,14,93,1.9980000000000473,3.7659999999999627,0,2.0
118,ERROR_M,14,94,2.1240000000000236,5.566000000000031,1,2.0
118,ERROR_M,14,95,2.2519999999999527,16.14199999999994,1,2.0
118,ERROR_M,14,96,1.5760000000000218,4.697999999999979,0,2.0
118,ERROR_M,14,97,1.9680000000000746,2.740000000000009,0,2.0
118,ERROR_M,14,98,2.0259999999999536,3.6620000000000346,1,2.0
118,ERROR_M,14,99,2.2759999999999536,3.9780000000000655,1,2.0
118,ERROR_M,14,100,0.07399999999995543,4.118000000000052,0,2.0
118,ERROR_M,14,101,2.0299999999999727,8.562000000000012,1,2.0
118,ERROR_M,14,102,2.13799999999992,7.844000000000051,1,2.0
118,ERROR_M,14,103,1.7839999999999918,1.6240000000000236,0,2.0
118,ERROR_M,14,104,0.09199999999998454,6.104000000000042,0,2.0
118,ERROR_M,14,105,2.0979999999999563,4.182000000000016,1,2.0
118,ERROR_M,14,106,2.1620000000000346,3.509999999999991,1,2.0
118,ERROR_M,14,107,0.09999999999990905,3.6480000000000246,0,2.0
118,ERROR_M,14,108,2.1159999999999854,7.136000000000081,1,2.0
118,ERROR_M,14,109,2.0720000000000027,7.51400000000001,1,2.0
118,ERROR_M,14,110,2.0519999999999072,5.536000000000058,1,2.0
118,ERROR_M,14,111,2.4420000000000073,8.144000000000005,1,2.0
118,ERROR_M,14,112,2.2439999999999145,3.9580000000000837,1,2.0
118,ERROR_M,14,113,1.8479999999999563,6.019999999999982,0,2.0
118,ERROR_M,14,114,2.0020000000000664,8.655999999999949,1,2.0
118,ERROR_M,14,115,2.036000000000058,9.381999999999948,1,2.0
118,ERROR_M,14,116,1.9260000000000446,3.70799999999997,0,2.0
118,ERROR_M,14,117,1.9919999999999618,2.86200000000008,0,2.0
118,ERROR_M,14,118,0.08600000000001273,1.1819999999999027,0,2.0
118,ERROR_M,14,119,2.283999999999992,5.240000000000009,1,2.0
118,ERROR_M,14,120,2.4720000000000937,5.939999999999941,1,2.0
118,ERROR_M,14,121,2.1280000000000427,6.809999999999945,1,2.0
118,ERROR_M,14,122,2.536000000000058,7.661999999999921,1,2.0
118,ERROR_M,14,123,2.09800000000007,8.22199999999998,1,2.0
118,ERROR_M,14,124,1.9800000000000182,2.683999999999969,0,2.0
118,ERROR_M,14,125,2.17999999999995,6.59800000000007,1,2.0
118,ERROR_M,14,126,2.0679999999999836,3.659999999999968,1,2.0
118,ERROR_M,14,127,2.022000000000048,6.837999999999965,1,2.0
118,ERROR_M,14,128,2.2760000000000673,3.5639999999999645,1,2.0
118,ERROR_M,14,129,2.16599999999994,3.961999999999989,1,2.0
118,ERROR_M,14,130,2.11200000000008,5.067999999999984,1,2.0
118,ERROR_M,14,131,1.97199999999998,8.008000000000038,0,2.0
118,ERROR_M,14,132,2.0419999999999163,4.926000000000045,1,2.0
118,ERROR_M,14,133,2.1779999999999973,4.4640000000000555,1,2.0
118,ERROR_M,14,134,2.0499999999999545,5.33400000000006,1,2.0
118,ERROR_M,14,135,0.053999999999973625,13.501999999999953,0,2.0
118,ERROR_M,14,136,1.9200000000000728,7.337999999999965,0,2.0
118,ERROR_M,14,137,1.8220000000000027,4.95799999999997,0,2.0
118,ERROR_M,14,138,1.7000000000000455,6.973999999999933,0,2.0
118,ERROR_M,14,139,2.0540000000000873,7.768000000000029,1,2.0
118,ERROR_M,14,140,2.1920000000000073,8.52599999999984,1,2.0
118,ERROR_M,14,141,2.1180000000001655,5.905999999999949,1,2.0
118,ERROR_M,14,142,2.1520000000000437,4.551999999999907,1,2.0
118,ERROR_M,14,143,2.0060000000000855,3.147999999999911,1,2.0
118,ERROR_M,14,144,2.147999999999911,5.412000000000035,1,2.0
118,ERROR_M,14,145,1.7140000000001692,6.439999999999827,0,2.0
118,ERROR_M,14,146,1.72400000000016,5.033999999999878,0,2.0
118,ERROR_M,14,147,2.19399999999996,11.54600000000005,1,2.0
118,ERROR_M,14,148,2.132000000000062,6.238000000000056,1,2.0
118,ERROR_M,14,149,2.1359999999999673,5.336000000000013,1,2.0
118,ERROR_M,14,150,2.199999999999818,6.550000000000182,1,2.0
118,ERROR_M,14,151,1.793999999999869,60.50400000000013,0,2.0
118,ERROR_M,14,152,0.5699999999999363,6.917999999999893,0,2.0
118,ERROR_M,14,153,1.7260000000001128,2.433999999999969,0,2.0
118,ERROR_M,14,154,2.0699999999999363,18.276000000000067,1,2.0
118,ERROR_M,14,155,3.3859999999999673,35.91800000000012,1,2.0
118,ERROR_M,14,156,0.8139999999998508,17.885999999999967,0,2.0
118,ERROR_M,14,157,2.258000000000038,19.87200000000007,1,2.0
118,ERROR_M,14,158,2.0540000000000873,13.715999999999894,1,2.0
118,ERROR_M,14,159,1.9780000000000655,3.3299999999999272,0,2.0
118,ERROR_M,14,160,2.314000000000078,20.470000000000027,1,2.0
118,ERROR_M,14,161,2.2439999999999145,8.607999999999947,1,2.0
118,ERROR_M,14,162,1.9760000000001128,3.0299999999999727,0,2.0
118,ERROR_M,14,163,2.341999999999871,4.220000000000027,1,2.0
118,ERROR_M,14,164,2.1720000000000255,5.582000000000107,1,2.0
118,ERROR_M,14,165,2.185999999999922,6.483999999999924,1,2.0
118,ERROR_M,14,166,2.1940000000001874,5.729999999999791,1,2.0
118,ERROR_M,14,167,1.7840000000001055,5.1059999999999945,0,2.0
118,ERROR_M,14,168,2.0979999999999563,4.41800000000012,1,2.0
118,ERROR_M,14,169,2.925999999999931,6.741999999999962,1,2.0
118,ERROR_M,14,170,2.2380000000000564,7.440000000000055,1,2.0
118,ERROR_M,14,171,1.94399999999996,8.013999999999896,0,2.0
118,ERROR_M,14,172,1.9200000000000728,7.675999999999931,0,2.0
118,ERROR_M,14,173,1.8460000000000036,3.6800000000000637,0,2.0
118,ERROR_M,14,174,2.3599999999999,3.966000000000122,1,2.0
118,ERROR_M,14,175,1.8599999999999,4.048000000000002,0,2.0
118,ERROR_M,14,176,2.3859999999999673,7.242000000000189,1,2.0
118,ERROR_M,14,177,2.1039999999998145,4.604000000000042,1,2.0
118,ERROR_M,14,178,2.1340000000000146,5.586000000000013,1,2.0
118,ERROR_M,14,179,2.201999999999998,5.158000000000129,1,2.0
118,ERROR_M,14,180,1.16599999999994,0.0039999999999054126,0,2.0
118,ERROR_M,14,181,0.8479999999999563,9.034000000000106,0,2.0
118,ERROR_M,14,182,2.1340000000000146,22.18399999999997,1,2.0
118,ERROR_M,14,183,0.8079999999999927,8.395999999999958,0,2.0
118,ERROR_M,14,184,0.07799999999997453,10.403999999999996,0,2.0
118,ERROR_M,14,185,1.9600000000000364,6.988000000000056,0,2.0
118,ERROR_M,14,186,1.9359999999999218,7.4220000000000255,0,2.0
118,ERROR_M,14,187,2.1820000000000164,4.281999999999925,1,2.0
118,ERROR_M,14,188,2.2740000000001146,4.208000000000084,1,2.0
118,ERROR_M,14,189,1.961999999999989,10.559999999999945,0,2.0
118,ERROR_M,14,190,2.0519999999999072,8.105999999999995,1,2.0
118,ERROR_M,14,191,1.9780000000000655,8.47199999999998,0,2.0
118,ERROR_M,14,192,1.928000000000111,4.061999999999898,0,2.0
118,ERROR_M,14,193,2.2560000000000855,6.248000000000047,1,2.0
118,ERROR_M,14,194,2.1019999999998618,6.66599999999994,1,2.0
118,ERROR_M,14,195,2.1240000000000236,6.910000000000082,1,2.0
118,ERROR_M,14,196,2.02800000000002,6.951999999999998,1,2.0
118,ERROR_M,14,197,1.8759999999999764,49.85400000000004,0,2.0
118,ERROR_M,14,198,0.6099999999999,9.817999999999984,0,2.0
118,ERROR_M,14,199,2.0140000000001237,4.793999999999869,1,2.0
118,ERROR_M,14,200,1.9420000000000073,3.77800000000002,0,2.0
118,ERROR_M,14,201,2.1400000000001,21.922000000000025,1,2.0
118,ERROR_M,14,202,2.0,6.523999999999887,0,2.0
118,ERROR_M,14,203,2.2239999999999327,5.0300000000002,1,2.0
118,ERROR_M,14,204,2.119999999999891,6.847999999999956,1,2.0
118,ERROR_M,14,205,2.0160000000000764,13.86999999999989,1,2.0
118,ERROR_M,14,206,2.1620000000000346,23.026000000000067,1,2.0
118,ERROR_M,14,207,1.91599999999994,11.942000000000007,0,2.0
118,ERROR_M,14,208,2.2660000000000764,7.768000000000029,1,2.0
118,ERROR_M,14,209,2.0860000000000127,13.67599999999993,1,2.0
118,ERROR_M,14,210,1.9519999999999982,8.044000000000096,0,2.0
118,ERROR_M,14,211,1.8919999999998254,4.642000000000053,0,2.0
118,ERROR_M,14,212,2.0039999999999054,68.56000000000017,1,2.0
118,ERROR_M,14,213,1.8959999999999582,8.364000000000033,0,2.0
118,ERROR_M,14,214,2.2519999999999527,5.58199999999988,1,2.0
118,ERROR_M,14,215,1.9920000000001892,2.7899999999999636,0,2.0
118,ERROR_M,14,216,2.481999999999971,5.763999999999896,1,2.0
118,ERROR_M,14,217,1.9920000000001892,5.125999999999976,0,2.0
118,ERROR_M,14,218,2.1140000000000327,6.163999999999987,1,2.0
118,ERROR_M,14,219,2.3059999999998126,4.718000000000075,1,2.0
118,ERROR_M,14,220,2.2840000000001055,4.949999999999818,1,2.0
118,ERROR_M,14,221,2.0300000000002,7.4699999999998,1,2.0
118,ERROR_M,14,222,2.1740000000002055,5.823999999999842,1,2.0
118,ERROR_M,14,223,2.1800000000000637,34.94399999999996,1,2.0
118,ERROR_M,14,224,0.5459999999998217,12.600000000000364,0,2.0
118,ERROR_M,14,225,0.8399999999996908,7.860000000000127,0,2.0
118,ERROR_M,14,226,1.9839999999999236,12.564000000000306,0,2.0
118,ERROR_M,14,227,1.9039999999999964,5.959999999999582,0,2.0
118,ERROR_M,14,228,2.262000000000171,14.735999999999876,1,2.0
118,ERROR_M,14,229,1.956000000000131,6.94399999999996,0,2.0
118,ERROR_M,14,230,2.150000000000091,8.38000000000011,1,2.0
118,ERROR_M,14,231,2.431999999999789,4.523999999999887,1,2.0
118,ERROR_M,14,232,2.3279999999999745,4.5,1,2.0
118,ERROR_M,14,233,1.8940000000002328,3.143999999999778,0,2.0
118,ERROR_M,14,234,2.436000000000149,12.692000000000007,1,2.0
118,ERROR_M,14,235,2.30600000000004,9.960000000000036,1,2.0
118,ERROR_M,14,236,2.3640000000000327,7.507999999999811,1,2.0
118,ERROR_M,14,237,2.0340000000001055,13.536000000000058,1,2.0
118,ERROR_M,14,238,2.599999999999909,4.708000000000084,1,2.0
118,ERROR_M,14,239,2.3420000000000982,12.02599999999984,1,2.0
118,ERROR_M,14,240,2.2840000000001055,4.773999999999887,1,2.0
118,ERROR_M,14,241,2.1019999999998618,14.94399999999996,1,2.0
118,ERROR_M,14,242,1.9940000000001419,6.488000000000284,0,2.0
118,ERROR_M,14,243,1.9779999999996107,8.43600000000015,0,2.0
118,ERROR_M,14,244,2.4980000000000473,5.86200000000008,1,2.0
118,ERROR_M,14,245,2.132000000000062,5.283999999999651,1,2.0
118,ERROR_M,14,246,1.8940000000002328,2.742000000000189,0,2.0
118,ERROR_M,14,247,2.311999999999898,7.405999999999949,1,2.0
118,ERROR_M,14,248,2.8079999999999927,5.016000000000076,1,2.0
118,ERROR_M,14,249,2.3840000000000146,5.111999999999625,1,2.0
118,ERROR_M,14,250,2.3760000000002037,7.5300000000002,1,2.0
118,ERROR_M,14,251,2.5119999999997162,4.695999999999913,1,2.0
118,ERROR_M,14,252,2.400000000000091,8.200000000000273,1,2.0
118,ERROR_M,14,253,2.2279999999996107,5.4780000000000655,1,2.0
118,ERROR_M,14,254,2.186000000000149,6.3659999999999854,1,2.0
118,ERROR_M,14,255,2.27599999999984,7.574000000000069,1,2.0
118,ERROR_M,14,256,2.3460000000000036,7.057999999999993,1,2.0
118,ERROR_M,14,257,2.4540000000001783,6.001999999999953,1,2.0
118,ERROR_M,14,258,2.994000000000142,7.029999999999745,1,2.0
118,ERROR_M,14,259,2.3340000000002874,6.429999999999836,1,2.0
118,ERROR_M,14,260,2.505999999999858,7.7800000000002,1,2.0
118,ERROR_M,14,261,1.9739999999997053,4.032000000000153,0,2.0
118,ERROR_M,14,262,2.1840000000001965,10.538000000000011,1,2.0
118,ERROR_M,14,263,3.3339999999998327,31.539999999999964,1,2.0
118,ERROR_M,14,264,1.1440000000002328,112.26599999999962,0,2.0
118,ERROR_M,14,265,0.524000000000342,7.545999999999822,0,2.0
118,ERROR_M,14,266,1.77599999999984,5.75400000000036,0,2.0
118,ERROR_M,14,267,1.9859999999998763,7.786000000000058,0,2.0
118,ERROR_M,14,268,2.1979999999998654,8.134000000000015,1,2.0
118,ERROR_M,14,269,1.83199999999988,8.518000000000029,0,2.0
118,ERROR_M,14,270,2.08600000000024,11.657999999999902,1,2.0
118,ERROR_M,14,271,2.1599999999998545,7.5900000000001455,1,2.0
118,ERROR_M,14,272,2.3020000000001346,6.043999999999869,1,2.0
118,ERROR_M,14,273,0.06199999999989814,0.4940000000001419,0,2.0
118,ERROR_M,14,274,2.268000000000029,10.735999999999876,1,2.0
118,ERROR_M,14,275,1.9220000000000255,2.438000000000102,0,2.0
118,ERROR_M,14,276,2.393999999999778,5.596000000000004,1,2.0
118,ERROR_M,14,277,2.1660000000001673,6.903999999999996,1,2.0
118,ERROR_M,14,278,1.97400000000016,3.0859999999997854,0,2.0
118,ERROR_M,14,279,2.3919999999998254,14.092000000000098,1,2.0
118,ERROR_M,14,280,2.574000000000069,2.655999999999949,1,2.0
118,ERROR_M,14,281,2.480000000000018,7.822000000000116,1,2.0
118,ERROR_M,14,282,2.569999999999709,8.461999999999989,1,2.0
118,ERROR_M,14,283,2.1820000000002437,5.8539999999998145,1,2.0
118,ERROR_M,14,284,2.374000000000251,3.993999999999687,1,2.0
118,ERROR_M,14,285,1.8880000000003747,5.069999999999709,0,2.0
118,ERROR_M,14,286,5.5,49.16800000000012,1,2.0
118,ERROR_M,14,287,1.7919999999999163,4.036000000000058,0,2.0
118,ERROR_M,14,288,2.3780000000001564,5.751999999999953,1,2.0
118,ERROR_M,14,289,2.4479999999998654,3.7200000000002547,1,2.0
118,ERROR_M,14,290,2.337999999999738,3.5019999999999527,1,2.0
118,ERROR_M,14,291,3.1220000000002983,7.001999999999953,1,2.0
118,ERROR_M,14,292,1.91399999999976,7.704000000000178,0,2.0
118,ERROR_M,14,293,2.063999999999851,11.867999999999938,1,2.0
118,ERROR_M,14,294,2.050000000000182,7.6460000000001855,1,2.0
118,ERROR_M,14,295,2.019999999999982,3.599999999999909,1,2.0
118,ERROR_M,14,296,2.0659999999998035,4.346000000000004,1,2.0
118,ERROR_M,14,297,2.16800000000012,4.925999999999931,1,2.0
118,ERROR_M,14,298,2.2080000000000837,6.183999999999742,1,2.0
118,ERROR_M,14,299,2.156000000000404,6.539999999999964,1,2.0
118,ERROR_M,14,300,2.3840000000000146,4.505999999999858,1,2.0
118,ERROR_M,14,301,2.0720000000001164,5.337999999999738,1,2.0
118,ERROR_M,14,302,2.1900000000000546,4.802000000000135,1,2.0
118,ERROR_M,14,303,2.1920000000000073,18.827999999999975,1,2.0
118,ERROR_M,14,304,2.5279999999997926,5.364000000000033,1,2.0
118,ERROR_M,14,305,1.8820000000000618,6.217999999999847,0,2.0
118,ERROR_M,14,306,2.282000000000153,,1,2.0
119,ERROR_M,1,1,0.5599999999999987,6.904,0,2.0
119,ERROR_M,1,2,1.8740000000000023,6.903999999999996,0,2.0
119,ERROR_M,1,3,2.344000000000001,6.195999999999998,1,2.0
119,ERROR_M,1,4,2.0160000000000053,7.689999999999991,1,2.0
119,ERROR_M,1,5,1.568000000000012,7.847999999999999,0,2.0
119,ERROR_M,1,6,0.02599999999999625,42.958,0,2.0
119,ERROR_M,1,7,1.7579999999999956,2.6580000000000013,0,2.0
119,ERROR_M,1,8,1.7860000000000014,3.9180000000000064,0,2.0
119,ERROR_M,1,9,2.5400000000000063,7.3419999999999845,1,2.0
119,ERROR_M,1,10,2.804000000000002,2.283999999999992,1,2.0
119,ERROR_M,1,11,2.216000000000008,3.6820000000000164,1,2.0
119,ERROR_M,1,12,2.2680000000000007,3.907999999999987,1,2.0
119,ERROR_M,1,13,2.4979999999999905,5.722000000000008,1,2.0
119,ERROR_M,1,14,2.415999999999997,6.4739999999999895,1,2.0
119,ERROR_M,1,15,2.2580000000000098,4.706000000000017,1,2.0
119,ERROR_M,1,16,2.1699999999999875,5.47999999999999,1,2.0
119,ERROR_M,1,17,2.740000000000009,2.9720000000000084,1,2.0
119,ERROR_M,1,18,2.4399999999999977,5.024000000000001,1,2.0
119,ERROR_M,1,19,2.555999999999983,5.338000000000022,1,2.0
119,ERROR_M,1,20,2.7779999999999916,5.018000000000001,1,2.0
119,ERROR_M,1,21,2.7959999999999923,2.6539999999999964,1,2.0
119,ERROR_M,1,22,2.3619999999999948,4.838000000000022,1,2.0
119,ERROR_M,1,23,2.6499999999999773,6.984000000000009,1,2.0
119,ERROR_M,1,24,2.9320000000000164,7.339999999999975,1,2.0
119,ERROR_M,1,25,2.5640000000000214,6.0639999999999645,1,2.0
119,ERROR_M,1,26,2.6240000000000236,8.006000000000029,1,2.0
119,ERROR_M,1,27,3.263999999999953,5.689999999999998,1,2.0
119,ERROR_M,1,28,2.76400000000001,7.732000000000028,1,2.0
119,ERROR_M,1,29,3.915999999999997,5.301999999999964,1,2.0
119,ERROR_M,1,30,2.8840000000000146,6.3419999999999845,1,2.0
119,ERROR_M,1,31,3.004000000000019,8.915999999999997,1,2.0
119,ERROR_M,1,32,3.415999999999997,4.448000000000036,1,2.0
119,ERROR_M,1,33,2.065999999999974,6.848000000000013,1,2.0
119,ERROR_M,1,34,2.5299999999999727,3.9260000000000446,1,2.0
119,ERROR_M,1,35,3.579999999999984,3.6580000000000155,1,2.0
119,ERROR_M,1,36,3.2659999999999627,2.958000000000027,1,2.0
119,ERROR_M,1,37,2.858000000000004,2.3899999999999864,1,2.0
119,ERROR_M,1,38,3.8220000000000027,3.4780000000000086,1,2.0
119,ERROR_M,1,39,3.117999999999995,5.661999999999978,1,2.0
119,ERROR_M,1,40,2.9259999999999877,7.415999999999997,1,2.0
119,ERROR_M,1,41,3.2200000000000273,2.6100000000000136,1,2.0
119,ERROR_M,1,42,2.9699999999999704,2.622000000000014,1,2.0
119,ERROR_M,1,43,2.541999999999973,3.5820000000000505,1,2.0
119,ERROR_M,1,44,0.26799999999997226,0.02400000000000091,0,2.0
119,ERROR_M,1,45,0.5980000000000132,5.159999999999968,0,2.0
119,ERROR_M,1,46,2.8980000000000246,6.387999999999977,1,2.0
119,ERROR_M,1,47,2.562000000000012,7.340000000000032,1,2.0
119,ERROR_M,1,48,2.8239999999999554,7.660000000000025,1,2.0
119,ERROR_M,1,49,3.805999999999983,6.76400000000001,1,2.0
119,ERROR_M,1,50,3.434000000000026,5.947999999999979,1,2.0
119,ERROR_M,1,51,2.8240000000000123,8.063999999999965,1,2.0
119,ERROR_M,1,52,3.0200000000000387,8.397999999999968,1,2.0
119,ERROR_M,1,53,3.2040000000000077,4.388000000000034,1,2.0
119,ERROR_M,1,54,3.047999999999945,4.628000000000043,1,2.0
119,ERROR_M,1,55,2.6899999999999977,4.921999999999969,1,2.0
119,ERROR_M,1,56,3.7060000000000173,8.218000000000018,1,2.0
119,ERROR_M,1,57,4.22199999999998,4.942000000000007,1,2.0
119,ERROR_M,1,58,2.546000000000049,3.4599999999999227,1,2.0
119,ERROR_M,1,59,1.6860000000000355,52.84000000000003,0,2.0
119,ERROR_M,1,60,2.5359999999999445,2.8940000000000055,1,2.0
119,ERROR_M,1,61,0.07000000000005002,0.029999999999972715,0,2.0
119,ERROR_M,1,62,1.6680000000000064,17.045999999999935,0,2.0
119,ERROR_M,1,63,2.538000000000011,8.052000000000021,1,2.0
119,ERROR_M,1,64,3.758000000000038,7.624000000000024,1,2.0
119,ERROR_M,1,65,3.2719999999999345,8.330000000000041,1,2.0
119,ERROR_M,1,66,3.655999999999949,2.6280000000000427,1,2.0
119,ERROR_M,1,67,3.433999999999969,3.259999999999991,1,2.0
119,ERROR_M,1,68,3.4039999999999964,4.889999999999986,1,2.0
119,ERROR_M,1,69,3.5579999999999927,5.360000000000014,1,2.0
119,ERROR_M,1,70,3.552000000000021,5.6159999999999854,1,2.0
119,ERROR_M,1,71,4.094000000000051,3.627999999999929,1,2.0
119,ERROR_M,1,72,2.6420000000000528,2.4600000000000364,1,2.0
119,ERROR_M,1,73,2.9279999999999973,4.274000000000001,1,2.0
119,ERROR_M,1,74,3.103999999999928,6.033999999999992,1,2.0
119,ERROR_M,1,75,3.036000000000058,6.991999999999962,1,2.0
119,ERROR_M,1,76,2.6440000000000055,4.4080000000000155,1,2.0
119,ERROR_M,1,77,3.217999999999961,4.680000000000064,1,2.0
119,ERROR_M,1,78,2.9279999999999973,6.351999999999975,1,2.0
119,ERROR_M,1,79,3.26400000000001,2.3379999999999654,1,2.0
119,ERROR_M,1,80,2.47199999999998,5.994000000000028,1,2.0
119,ERROR_M,1,81,2.1399999999999864,6.4500000000000455,1,2.0
119,ERROR_M,1,82,2.7759999999999536,6.660000000000082,1,2.0
119,ERROR_M,1,83,2.711999999999989,2.6219999999999573,1,2.0
119,ERROR_M,1,84,2.5860000000000127,3.9320000000000164,1,2.0
119,ERROR_M,1,85,2.519999999999982,3.6299999999999955,1,2.0
119,ERROR_M,1,86,2.919999999999959,4.330000000000041,1,2.0
119,ERROR_M,1,87,2.241999999999962,5.468000000000075,1,2.0
119,ERROR_M,1,88,3.2779999999999063,5.6400000000001,1,2.0
119,ERROR_M,1,89,2.6680000000000064,7.349999999999909,1,2.0
119,ERROR_M,1,90,2.2380000000000564,7.720000000000027,1,2.0
119,ERROR_M,1,91,2.4699999999999136,8.022000000000048,1,2.0
119,ERROR_M,1,92,2.6100000000000136,2.877999999999929,1,2.0
119,ERROR_M,1,93,2.536000000000058,3.3619999999999663,1,2.0
119,ERROR_M,1,94,2.759999999999991,6.937999999999988,1,2.0
119,ERROR_M,1,95,3.11200000000008,8.279999999999973,1,2.0
119,ERROR_M,1,96,2.689999999999941,4.6440000000000055,1,2.0
119,ERROR_M,1,97,2.8180000000000973,4.931999999999903,1,2.0
119,ERROR_M,1,98,2.7460000000000946,2.37399999999991,1,2.0
119,ERROR_M,1,99,2.812000000000012,2.9180000000000064,1,2.0
119,ERROR_M,1,100,2.004000000000019,6.44399999999996,1,2.0
119,ERROR_M,1,101,3.074000000000069,6.716000000000008,1,2.0
119,ERROR_M,1,102,4.062000000000012,7.339999999999918,1,2.0
119,ERROR_M,1,103,3.3220000000000027,2.6380000000000337,1,2.0
119,ERROR_M,1,104,3.1240000000000236,5.6340000000000146,1,2.0
119,ERROR_M,1,105,3.538000000000011,7.611999999999966,1,2.0
119,ERROR_M,1,106,3.1920000000000073,6.967999999999961,1,2.0
119,ERROR_M,1,107,3.197999999999979,8.350000000000023,1,2.0
119,ERROR_M,1,108,3.731999999999971,7.940000000000055,1,2.0
119,ERROR_M,1,109,3.481999999999971,8.008000000000038,1,2.0
119,ERROR_M,1,110,3.41599999999994,4.618000000000052,1,2.0
119,ERROR_M,1,111,4.55600000000004,4.925999999999931,1,2.0
119,ERROR_M,1,112,3.490000000000009,5.349999999999909,1,2.0
119,ERROR_M,1,113,2.6840000000001965,4.793999999999869,1,2.0
119,ERROR_M,1,114,2.9880000000000564,3.2619999999999436,1,2.0
119,ERROR_M,1,115,3.428000000000111,3.6099999999999,1,2.0
119,ERROR_M,1,116,3.150000000000091,5.929999999999836,1,2.0
119,ERROR_M,1,117,3.480000000000018,3.3780000000001564,1,2.0
119,ERROR_M,1,118,1.4120000000000346,33.605999999999995,0,2.0
119,ERROR_M,1,119,2.7159999999998945,2.88799999999992,1,2.0
119,ERROR_M,1,120,3.5420000000001437,7.899999999999864,1,2.0
119,ERROR_M,1,121,3.282000000000153,6.617999999999938,1,2.0
119,ERROR_M,1,122,3.377999999999929,8.298000000000002,1,2.0
119,ERROR_M,1,123,3.594000000000051,4.877999999999929,1,2.0
119,ERROR_M,1,124,0.03999999999996362,67.03800000000001,0,2.0
119,ERROR_M,1,125,0.03600000000005821,7.663999999999987,0,2.0
119,ERROR_M,1,126,2.730000000000018,5.88799999999992,1,2.0
119,ERROR_M,1,127,2.5440000000000964,7.322000000000116,1,2.0
119,ERROR_M,1,128,4.043999999999869,5.776000000000067,1,2.0
119,ERROR_M,1,129,3.367999999999938,9.152000000000044,1,2.0
119,ERROR_M,1,130,3.91599999999994,2.3980000000001382,1,2.0
119,ERROR_M,1,131,4.539999999999964,4.495999999999867,1,2.0
119,ERROR_M,1,132,3.9120000000000346,6.91800000000012,1,2.0
119,ERROR_M,1,133,4.981999999999971,3.6420000000000528,1,2.0
119,ERROR_M,1,134,3.463999999999942,6.111999999999853,1,2.0
119,ERROR_M,1,135,3.800000000000182,7.647999999999911,1,2.0
119,ERROR_M,1,136,4.2159999999998945,9.522000000000162,1,2.0
119,ERROR_M,1,137,3.4139999999999873,2.9320000000000164,1,2.0
119,ERROR_M,1,138,3.213999999999942,3.6059999999999945,1,2.0
119,ERROR_M,1,139,2.963999999999942,3.9160000000001673,1,2.0
119,ERROR_M,1,140,3.6579999999999018,6.321999999999889,1,2.0
119,ERROR_M,1,141,3.7040000000001783,2.6820000000000164,1,2.0
119,ERROR_M,1,142,2.9559999999999036,6.039999999999964,1,2.0
119,ERROR_M,1,143,3.145999999999958,7.3960000000001855,1,2.0
119,ERROR_M,1,144,2.911999999999807,13.615999999999985,1,2.0
119,ERROR_M,1,145,4.060000000000173,4.6059999999999945,1,2.0
119,ERROR_M,1,146,3.1620000000000346,6.27599999999984,1,2.0
119,ERROR_M,1,147,4.930000000000064,5.2840000000001055,1,2.0
119,ERROR_M,1,148,3.0559999999998126,7.254000000000133,1,2.0
119,ERROR_M,1,149,6.847999999999956,10.354000000000042,1,2.0
119,ERROR_M,1,150,3.4420000000000073,23.029999999999973,1,2.0
119,ERROR_M,1,151,4.447999999999865,7.4340000000001965,1,2.0
119,ERROR_M,1,152,4.371999999999844,13.600000000000136,1,2.0
119,ERROR_M,1,153,22.07399999999984,4.066000000000031,1,2.0
119,ERROR_M,1,154,5.413999999999987,3.33400000000006,1,2.0
119,ERROR_M,1,155,2.97199999999998,4.352000000000089,1,2.0
119,ERROR_M,1,156,3.4079999999999018,2.91800000000012,1,2.0
119,ERROR_M,1,157,6.367999999999938,2.9139999999999873,1,2.0
119,ERROR_M,1,158,4.1099999999999,8.162000000000035,1,2.0
119,ERROR_M,1,159,0.9060000000001764,0.0019999999999527063,0,2.0
119,ERROR_M,1,160,0.7919999999999163,11.885999999999967,0,2.0
119,ERROR_M,1,161,4.466000000000122,8.935999999999922,1,2.0
119,ERROR_M,1,162,3.3920000000000528,12.47199999999998,1,2.0
119,ERROR_M,1,163,3.7239999999999327,4.630000000000109,1,2.0
119,ERROR_M,1,164,3.433999999999969,6.955999999999904,1,2.0
119,ERROR_M,1,165,3.4120000000000346,4.958000000000084,1,2.0
119,ERROR_M,1,166,3.2719999999999345,26.248000000000047,1,2.0
119,ERROR_M,1,167,2.821999999999889,5.951999999999998,1,2.0
119,ERROR_M,1,168,2.9980000000000473,7.490000000000009,1,2.0
119,ERROR_M,1,169,2.594000000000051,2.981999999999971,1,2.0
119,ERROR_M,1,170,3.339999999999918,7.481999999999971,1,2.0
119,ERROR_M,1,171,4.832000000000107,8.026000000000067,1,2.0
119,ERROR_M,1,172,3.147999999999911,0.03600000000005821,1,2.0
119,ERROR_M,1,173,0.5799999999999272,73.50800000000004,0,2.0
119,ERROR_M,1,174,4.213999999999942,7.610000000000127,1,2.0
119,ERROR_M,1,175,5.235999999999876,3.6700000000000728,1,2.0
119,ERROR_M,1,176,3.5319999999999254,3.61200000000008,1,2.0
119,ERROR_M,1,177,3.1059999999999945,6.942000000000007,1,2.0
119,ERROR_M,1,178,3.3379999999999654,7.346000000000004,1,2.0
119,ERROR_M,1,179,3.938000000000102,7.669999999999845,1,2.0
119,ERROR_M,1,180,3.7080000000000837,6.0499999999999545,1,2.0
119,ERROR_M,1,181,3.3740000000000236,8.314000000000078,1,2.0
119,ERROR_M,1,182,4.189999999999827,5.332000000000107,1,2.0
119,ERROR_M,1,183,4.324000000000069,2.981999999999971,1,2.0
119,ERROR_M,1,184,3.3279999999999745,15.003999999999905,1,2.0
119,ERROR_M,1,185,3.895999999999958,3.8960000000001855,1,2.0
119,ERROR_M,1,186,3.6340000000000146,12.669999999999845,1,2.0
119,ERROR_M,1,187,4.286000000000058,2.5879999999999654,1,2.0
119,ERROR_M,1,188,3.5960000000000036,4.339999999999918,1,2.0
119,ERROR_M,1,189,2.9720000000002074,5.6099999999999,1,2.0
119,ERROR_M,1,190,3.3019999999999072,21.37000000000012,1,2.0
119,ERROR_M,1,191,2.4320000000000164,8.057999999999993,1,2.0
119,ERROR_M,1,192,2.4500000000000455,3.645999999999958,1,2.0
119,ERROR_M,1,193,2.7180000000000746,2.3019999999999072,1,2.0
119,ERROR_M,1,194,2.52800000000002,6.725999999999885,1,2.0
119,ERROR_M,1,195,1.872000000000071,5.872000000000071,0,2.0
119,ERROR_M,1,196,2.3719999999998436,5.262000000000171,1,2.0
119,ERROR_M,1,197,2.0859999999997854,6.3840000000000146,1,2.0
119,ERROR_M,1,198,1.8700000000003456,7.811999999999898,0,2.0
119,ERROR_M,1,199,2.0219999999999345,4.239999999999782,1,2.0
119,ERROR_M,1,200,1.8859999999999673,2.6080000000001746,0,2.0
119,ERROR_M,1,201,2.0520000000001346,7.41399999999976,1,2.0
119,ERROR_M,1,202,2.048000000000229,8.411999999999807,1,2.0
119,ERROR_M,1,203,2.068000000000211,4.295999999999822,1,2.0
119,ERROR_M,1,204,1.788000000000011,7.63799999999992,0,2.0
119,ERROR_M,1,205,2.338000000000193,8.029999999999745,1,2.0
119,ERROR_M,1,206,1.72400000000016,4.309999999999945,0,2.0
119,ERROR_M,1,207,0.4839999999999236,0.0340000000001055,0,2.0
119,ERROR_M,1,208,0.7220000000002074,7.019999999999982,0,2.0
119,ERROR_M,1,209,2.0799999999999272,3.211999999999989,1,2.0
119,ERROR_M,1,210,1.7979999999997744,3.298000000000229,0,2.0
119,ERROR_M,1,211,2.074000000000069,4.7039999999997235,1,2.0
119,ERROR_M,1,212,2.1900000000000546,5.519999999999982,1,2.0
119,ERROR_M,1,213,1.9420000000000073,5.608000000000175,0,2.0
119,ERROR_M,1,214,2.0019999999999527,2.83199999999988,1,2.0
119,ERROR_M,1,215,2.262000000000171,4.933999999999742,1,2.0
119,ERROR_M,1,216,1.961999999999989,4.91800000000012,0,2.0
119,ERROR_M,1,217,1.900000000000091,6.61200000000008,0,2.0
119,ERROR_M,1,218,2.05600000000004,8.071999999999662,1,2.0
119,ERROR_M,1,219,2.186000000000149,5.744000000000142,1,2.0
119,ERROR_M,1,220,2.130000000000109,5.99599999999964,1,2.0
119,ERROR_M,1,221,2.1400000000003274,2.411999999999807,1,2.0
119,ERROR_M,1,222,2.2020000000002256,4.907999999999902,1,2.0
119,ERROR_M,1,223,2.30600000000004,7.023999999999887,1,2.0
119,ERROR_M,1,224,1.6520000000000437,6.30600000000004,0,2.0
119,ERROR_M,1,225,1.69399999999996,7.822000000000116,0,2.0
119,ERROR_M,1,226,1.931999999999789,3.5960000000000036,0,2.0
119,ERROR_M,1,227,1.8020000000001346,8.30600000000004,0,2.0
119,ERROR_M,1,228,1.819999999999709,3.1720000000000255,0,2.0
119,ERROR_M,1,229,2.1660000000001673,5.476000000000113,1,2.0
119,ERROR_M,1,230,1.763999999999669,2.6200000000003456,0,2.0
119,ERROR_M,1,231,2.0119999999997162,7.430000000000291,1,2.0
119,ERROR_M,1,232,1.55600000000004,3.35799999999972,0,2.0
119,ERROR_M,1,233,2.0960000000000036,4.054000000000087,1,2.0
119,ERROR_M,1,234,1.9259999999999309,2.326000000000022,0,2.0
119,ERROR_M,1,235,1.9520000000002256,6.569999999999709,0,2.0
119,ERROR_M,1,236,2.106000000000222,8.009999999999764,1,2.0
119,ERROR_M,1,237,1.72400000000016,8.291999999999916,0,2.0
119,ERROR_M,1,238,1.77599999999984,4.662000000000262,0,2.0
119,ERROR_M,1,239,2.0720000000001164,6.437999999999647,1,2.0
119,ERROR_M,1,240,1.7420000000001892,4.3400000000001455,0,2.0
119,ERROR_M,1,241,2.0599999999999454,5.423999999999978,1,2.0
119,ERROR_M,1,242,1.5679999999997563,2.9220000000000255,0,2.0
119,ERROR_M,1,243,2.3980000000001382,5.711999999999989,1,2.0
119,ERROR_M,1,244,1.8420000000000982,3.5960000000000036,0,2.0
119,ERROR_M,1,245,2.018000000000029,5.987999999999829,1,2.0
119,ERROR_M,1,246,1.7199999999998,2.6200000000003456,0,2.0
119,ERROR_M,1,247,1.9479999999998654,3.911999999999807,0,2.0
119,ERROR_M,1,248,1.91800000000012,6.910000000000309,0,2.0
119,ERROR_M,1,249,1.8619999999996253,7.332000000000335,0,2.0
119,ERROR_M,1,250,2.08199999999988,3.3980000000001382,1,2.0
119,ERROR_M,1,251,1.9599999999995816,7.628000000000156,0,2.0
119,ERROR_M,1,252,1.8040000000000873,4.980000000000018,0,2.0
119,ERROR_M,1,253,2.3780000000001564,5.805999999999585,1,2.0
119,ERROR_M,1,254,2.50400000000036,2.6119999999996253,1,2.0
119,ERROR_M,1,255,1.9100000000003092,7.956000000000131,0,2.0
119,ERROR_M,1,256,2.493999999999687,5.006000000000313,1,2.0
119,ERROR_M,1,257,2.16399999999976,6.697999999999865,1,2.0
119,ERROR_M,1,258,1.468000000000302,7.087999999999738,0,2.0
119,ERROR_M,1,259,2.2480000000000473,4.900000000000091,1,2.0
119,ERROR_M,1,260,2.0099999999997635,3.8600000000001273,1,2.0
119,ERROR_M,1,261,1.874000000000251,7.367999999999938,0,2.0
119,ERROR_M,1,262,1.737999999999829,7.648000000000138,0,2.0
119,ERROR_M,1,263,1.6659999999997126,7.992000000000189,0,2.0
119,ERROR_M,1,264,2.0459999999998217,8.396000000000186,1,2.0
119,ERROR_M,1,265,1.3139999999998508,2.986000000000331,0,2.0
119,ERROR_M,1,266,1.725999999999658,3.9840000000003783,0,2.0
119,ERROR_M,1,267,2.2219999999997526,5.55600000000004,1,2.0
119,ERROR_M,1,268,1.4960000000000946,6.307999999999993,0,2.0
119,ERROR_M,1,269,1.6459999999997308,6.923999999999978,0,2.0
119,ERROR_M,1,270,1.662000000000262,2.3580000000001746,0,2.0
119,ERROR_M,1,271,1.9079999999999018,4.347999999999956,0,2.0
119,ERROR_M,1,272,1.7959999999998217,3.9839999999999236,0,2.0
119,ERROR_M,1,273,1.7560000000003129,4.27599999999984,0,2.0
119,ERROR_M,1,274,2.199999999999818,6.376000000000204,1,2.0
119,ERROR_M,1,275,1.6140000000000327,4.639999999999873,0,2.0
119,ERROR_M,1,276,1.9220000000000255,2.619999999999891,0,2.0
119,ERROR_M,1,277,2.236000000000331,3.94399999999996,1,2.0
119,ERROR_M,1,278,1.9899999999997817,6.885999999999967,0,2.0
119,ERROR_M,1,279,1.94399999999996,5.662000000000262,0,2.0
119,ERROR_M,1,280,2.461999999999989,6.029999999999745,1,2.0
119,ERROR_M,1,281,1.768000000000029,7.610000000000127,0,2.0
119,ERROR_M,1,282,1.731999999999971,7.5300000000002,0,2.0
119,ERROR_M,1,283,2.437999999999647,7.966000000000349,1,2.0
119,ERROR_M,1,284,1.9099999999998545,28.679999999999836,0,2.0
119,ERROR_M,1,285,2.0640000000003056,8.521999999999935,1,2.0
119,ERROR_M,1,286,1.5419999999999163,20.976000000000113,0,2.0
119,ERROR_M,1,287,1.781999999999698,3.300000000000182,0,2.0
119,ERROR_M,1,288,2.0019999999999527,5.019999999999982,1,2.0
119,ERROR_M,1,289,1.6100000000001273,5.351999999999862,0,2.0
119,ERROR_M,1,290,2.104000000000269,2.811999999999898,1,2.0
119,ERROR_M,1,291,2.7339999999999236,2.925999999999931,1,2.0
119,ERROR_M,1,292,1.6199999999998909,3.6020000000003165,0,2.0
119,ERROR_M,1,293,2.105999999999767,4.0,1,2.0
119,ERROR_M,1,294,1.6460000000001855,2.3399999999996908,0,2.0
119,ERROR_M,1,295,1.9840000000003783,5.614000000000033,0,2.0
119,ERROR_M,1,296,2.3039999999996326,6.026000000000295,1,2.0
119,ERROR_M,1,297,1.9259999999999309,6.393999999999778,0,2.0
119,ERROR_M,1,298,1.8460000000000036,2.6220000000002983,0,2.0
119,ERROR_M,1,299,1.844000000000051,4.317999999999756,0,2.0
119,ERROR_M,1,300,2.0460000000002765,6.685999999999694,1,2.0
119,ERROR_M,1,301,2.0219999999999345,4.7800000000002,1,2.0
119,ERROR_M,1,302,1.8800000000001091,5.395999999999731,0,2.0
119,ERROR_M,1,303,2.0799999999999272,5.064000000000306,1,2.0
119,ERROR_M,1,304,1.5479999999997744,6.930000000000291,0,2.0
119,ERROR_M,1,305,1.538000000000011,7.321999999999662,0,2.0
119,ERROR_M,1,306,2.124000000000251,7.717999999999847,1,2.0
119,ERROR_M,1,307,1.9459999999999127,7.942000000000007,0,2.0
119,ERROR_M,1,308,2.1140000000000327,8.481999999999971,1,2.0
119,ERROR_M,1,309,1.7940000000003238,3.3059999999995853,0,2.0
119,ERROR_M,1,310,1.6539999999999964,7.618000000000393,0,2.0
119,ERROR_M,1,311,1.6959999999999127,5.949999999999818,0,2.0
119,ERROR_M,1,312,1.8859999999999673,4.932000000000244,0,2.0
119,ERROR_M,1,313,1.6799999999998363,7.947999999999865,0,2.0
119,ERROR_M,1,314,2.074000000000069,8.456000000000131,1,2.0
119,ERROR_M,1,315,1.849999999999909,7.33600000000024,0,2.0
119,ERROR_M,1,316,1.949999999999818,4.6340000000000146,0,2.0
119,ERROR_M,1,317,1.3600000000001273,4.309999999999945,0,2.0
119,ERROR_M,1,318,2.1839999999997417,4.756000000000313,1,2.0
119,ERROR_M,1,319,1.7019999999997708,,0,2.0
119,ERROR_M,2,1,1.5579999999999998,6.729999999999997,0,2.0
119,ERROR_M,2,2,1.9520000000000053,8.003999999999998,0,2.0
119,ERROR_M,2,3,1.9440000000000026,8.047999999999995,0,2.0
119,ERROR_M,2,4,2.108000000000004,8.437999999999995,1,2.0
119,ERROR_M,2,5,2.206000000000003,5.492000000000004,1,2.0
119,ERROR_M,2,6,2.0319999999999965,3.828000000000003,1,2.0
119,ERROR_M,2,7,2.5180000000000007,3.676000000000002,1,2.0
119,ERROR_M,2,8,1.769999999999996,4.742000000000004,0,2.0
119,ERROR_M,2,9,2.1299999999999955,2.6099999999999994,1,2.0
119,ERROR_M,2,10,2.7339999999999947,4.984000000000009,1,2.0
119,ERROR_M,2,11,2.3159999999999883,6.042000000000002,1,2.0
119,ERROR_M,2,12,1.740000000000009,6.711999999999989,0,2.0
119,ERROR_M,2,13,2.0020000000000095,3.13600000000001,1,2.0
119,ERROR_M,2,14,2.4059999999999775,4.424000000000007,1,2.0
119,ERROR_M,2,15,1.9780000000000086,6.927999999999997,0,2.0
119,ERROR_M,2,16,1.960000000000008,7.335999999999984,0,2.0
119,ERROR_M,2,17,2.048000000000002,5.789999999999992,1,2.0
119,ERROR_M,2,18,1.7580000000000098,2.6340000000000146,0,2.0
119,ERROR_M,2,19,2.0479999999999734,4.060000000000002,1,2.0
119,ERROR_M,2,20,1.5700000000000216,2.667999999999978,0,2.0
119,ERROR_M,2,21,1.6100000000000136,3.9819999999999993,0,2.0
119,ERROR_M,2,22,1.6839999999999975,6.759999999999991,0,2.0
119,ERROR_M,2,23,1.856000000000023,4.963999999999999,0,2.0
119,ERROR_M,2,24,1.7479999999999905,5.981999999999999,0,2.0
119,ERROR_M,2,25,2.1699999999999875,7.6980000000000075,1,2.0
119,ERROR_M,2,26,1.7580000000000098,3.651999999999987,0,2.0
119,ERROR_M,2,27,1.6899999999999977,5.350000000000023,0,2.0
119,ERROR_M,2,28,1.5739999999999839,3.283999999999992,0,2.0
119,ERROR_M,2,29,2.4020000000000152,4.449999999999989,1,2.0
119,ERROR_M,2,30,2.1500000000000057,5.7620000000000005,1,2.0
119,ERROR_M,2,31,1.9300000000000068,3.391999999999996,0,2.0
119,ERROR_M,2,32,1.8340000000000032,2.4240000000000066,0,2.0
119,ERROR_M,2,33,1.8240000000000123,6.409999999999968,0,2.0
119,ERROR_M,2,34,1.8000000000000114,7.314000000000021,0,2.0
119,ERROR_M,2,35,1.8059999999999832,7.312000000000012,0,2.0
119,ERROR_M,2,36,1.7339999999999804,7.963999999999999,0,2.0
119,ERROR_M,2,37,1.9180000000000064,8.759999999999991,0,2.0
119,ERROR_M,2,38,1.9519999999999982,4.915999999999997,0,2.0
119,ERROR_M,2,39,2.3319999999999936,7.701999999999998,1,2.0
119,ERROR_M,2,40,1.8460000000000036,8.006000000000029,0,2.0
119,ERROR_M,2,41,1.7479999999999905,4.6340000000000146,0,2.0
119,ERROR_M,2,42,2.009999999999991,8.430000000000007,1,2.0
119,ERROR_M,2,43,1.6259999999999764,5.031999999999982,0,2.0
119,ERROR_M,2,44,2.451999999999998,5.76400000000001,1,2.0
119,ERROR_M,2,45,2.009999999999991,3.7200000000000273,1,2.0
119,ERROR_M,2,46,1.656000000000006,2.6100000000000136,0,2.0
119,ERROR_M,2,47,1.9839999999999804,4.3840000000000146,0,2.0
119,ERROR_M,2,48,2.343999999999994,4.197999999999979,1,2.0
119,ERROR_M,2,49,2.2180000000000177,6.041999999999973,1,2.0
119,ERROR_M,2,50,2.2800000000000296,2.670000000000016,1,2.0
119,ERROR_M,2,51,1.853999999999985,3.569999999999993,0,2.0
119,ERROR_M,2,52,2.117999999999995,5.560000000000002,1,2.0
119,ERROR_M,2,53,1.9220000000000255,6.739999999999952,0,2.0
119,ERROR_M,2,54,1.906000000000006,7.038000000000011,0,2.0
119,ERROR_M,2,55,2.136000000000024,7.491999999999962,1,2.0
119,ERROR_M,2,56,2.122000000000014,3.1820000000000164,1,2.0
119,ERROR_M,2,57,2.325999999999965,6.418000000000006,1,2.0
119,ERROR_M,2,58,0.6080000000000041,0.009999999999990905,0,2.0
119,ERROR_M,2,59,0.6480000000000246,5.406000000000006,0,2.0
119,ERROR_M,2,60,2.0819999999999936,4.519999999999982,1,2.0
119,ERROR_M,2,61,2.0400000000000205,3.9399999999999977,1,2.0
119,ERROR_M,2,62,1.95799999999997,2.312000000000012,0,2.0
119,ERROR_M,2,63,2.29200000000003,3.4559999999999604,1,2.0
119,ERROR_M,2,64,2.7379999999999995,4.696000000000026,1,2.0
119,ERROR_M,2,65,1.8840000000000146,5.413999999999987,0,2.0
119,ERROR_M,2,66,1.7199999999999704,7.6580000000000155,0,2.0
119,ERROR_M,2,67,2.2900000000000205,8.145999999999958,1,2.0
119,ERROR_M,2,68,2.4920000000000755,4.161999999999921,1,2.0
119,ERROR_M,2,69,1.8880000000000337,6.364000000000033,0,2.0
119,ERROR_M,2,70,2.062000000000012,8.42999999999995,1,2.0
119,ERROR_M,2,71,1.967999999999961,5.996000000000095,0,2.0
119,ERROR_M,2,72,2.061999999999898,6.772000000000048,1,2.0
119,ERROR_M,2,73,1.7340000000000373,6.98599999999999,0,2.0
119,ERROR_M,2,74,2.0819999999999936,7.466000000000008,1,2.0
119,ERROR_M,2,75,2.0699999999999363,5.82000000000005,1,2.0
119,ERROR_M,2,76,1.7799999999999727,3.34800000000007,0,2.0
119,ERROR_M,2,77,2.62399999999991,2.7040000000000646,1,2.0
119,ERROR_M,2,78,2.201999999999998,2.8339999999999463,1,2.0
119,ERROR_M,2,79,2.4840000000000373,2.788000000000011,1,2.0
119,ERROR_M,2,80,2.17999999999995,5.413999999999987,1,2.0
119,ERROR_M,2,81,2.3559999999999945,6.736000000000104,1,2.0
119,ERROR_M,2,82,2.0559999999999263,6.036000000000058,1,2.0
119,ERROR_M,2,83,2.0919999999999845,7.737999999999943,1,2.0
119,ERROR_M,2,84,2.2180000000000746,5.72199999999998,1,2.0
119,ERROR_M,2,85,2.103999999999928,8.442000000000007,1,2.0
119,ERROR_M,2,86,2.0,7.451999999999998,0,2.0
119,ERROR_M,2,87,2.0540000000000873,3.740000000000009,1,2.0
119,ERROR_M,2,88,2.085999999999899,6.468000000000075,1,2.0
119,ERROR_M,2,89,1.95799999999997,3.4420000000000073,0,2.0
119,ERROR_M,2,90,2.47199999999998,7.029999999999973,1,2.0
119,ERROR_M,2,91,2.522000000000048,3.981999999999971,1,2.0
119,ERROR_M,2,92,2.3640000000000327,4.850000000000023,1,2.0
119,ERROR_M,2,93,2.216000000000008,8.038000000000011,1,2.0
119,ERROR_M,2,94,2.383999999999901,3.4860000000001037,1,2.0
119,ERROR_M,2,95,2.4319999999999027,5.100000000000023,1,2.0
119,ERROR_M,2,96,2.283999999999992,4.730000000000018,1,2.0
119,ERROR_M,2,97,1.9099999999999682,4.960000000000036,0,2.0
119,ERROR_M,2,98,2.4139999999999873,6.066000000000031,1,2.0
119,ERROR_M,2,99,2.254000000000019,5.459999999999923,1,2.0
119,ERROR_M,2,100,2.2660000000000764,6.745999999999981,1,2.0
119,ERROR_M,2,101,2.395999999999958,5.762000000000057,1,2.0
119,ERROR_M,2,102,2.3199999999999363,6.448000000000093,1,2.0
119,ERROR_M,2,103,2.5919999999999845,2.991999999999962,1,2.0
119,ERROR_M,2,104,2.6960000000000264,3.980000000000018,1,2.0
119,ERROR_M,2,105,2.2899999999999636,4.75,1,2.0
119,ERROR_M,2,106,2.4320000000000164,7.442000000000007,1,2.0
119,ERROR_M,2,107,1.9039999999999964,7.774000000000001,0,2.0
119,ERROR_M,2,108,2.519999999999982,2.4080000000000155,1,2.0
119,ERROR_M,2,109,2.27800000000002,3.7339999999999236,1,2.0
119,ERROR_M,2,110,0.5720000000000027,0.014000000000010004,0,2.0
119,ERROR_M,2,111,0.7400000000000091,24.974000000000046,0,2.0
119,ERROR_M,2,112,2.641999999999939,5.216000000000008,1,2.0
119,ERROR_M,2,113,2.3500000000000227,8.063999999999965,1,2.0
119,ERROR_M,2,114,2.1760000000000446,2.953999999999951,1,2.0
119,ERROR_M,2,115,2.033999999999992,7.019999999999982,1,2.0
119,ERROR_M,2,116,2.2260000000001128,8.437999999999988,1,2.0
119,ERROR_M,2,117,2.0779999999999745,3.8039999999999736,1,2.0
119,ERROR_M,2,118,2.3859999999999673,7.268000000000029,1,2.0
119,ERROR_M,2,119,2.3619999999999663,4.858000000000061,1,2.0
119,ERROR_M,2,120,2.4360000000000355,7.317999999999984,1,2.0
119,ERROR_M,2,121,0.1999999999999318,0.026000000000067303,0,2.0
119,ERROR_M,2,122,0.5819999999999936,2.8940000000000055,0,2.0
119,ERROR_M,2,123,2.41599999999994,5.552000000000021,1,2.0
119,ERROR_M,2,124,2.741999999999962,7.6059999999999945,1,2.0
119,ERROR_M,2,125,2.27800000000002,4.649999999999977,1,2.0
119,ERROR_M,2,126,2.052000000000021,3.3179999999999836,1,2.0
119,ERROR_M,2,127,2.1280000000000427,2.919999999999959,1,2.0
119,ERROR_M,2,128,2.8780000000000427,3.32000000000005,1,2.0
119,ERROR_M,2,129,1.9239999999999782,5.990000000000009,0,2.0
119,ERROR_M,2,130,2.2479999999999336,7.430000000000064,1,2.0
119,ERROR_M,2,131,2.183999999999969,5.029999999999973,1,2.0
119,ERROR_M,2,132,2.0720000000000027,4.100000000000023,1,2.0
119,ERROR_M,2,133,2.1440000000000055,8.42999999999995,1,2.0
119,ERROR_M,2,134,2.11200000000008,8.043999999999869,1,2.0
119,ERROR_M,2,135,1.9640000000001692,5.692000000000007,0,2.0
119,ERROR_M,2,136,2.0139999999998963,6.453999999999951,1,2.0
119,ERROR_M,2,137,1.9800000000000182,6.692000000000007,0,2.0
119,ERROR_M,2,138,2.4480000000000928,4.1099999999999,1,2.0
119,ERROR_M,2,139,2.206000000000131,4.77599999999984,1,2.0
119,ERROR_M,2,140,2.009999999999991,3.1660000000001673,1,2.0
119,ERROR_M,2,141,1.699999999999818,5.348000000000184,0,2.0
119,ERROR_M,2,142,2.3199999999999363,7.490000000000009,1,2.0
119,ERROR_M,2,143,2.783999999999878,5.678000000000111,1,2.0
119,ERROR_M,2,144,2.30600000000004,5.057999999999993,1,2.0
119,ERROR_M,2,145,2.104000000000042,8.043999999999869,1,2.0
119,ERROR_M,2,146,2.4760000000001128,7.045999999999822,1,2.0
119,ERROR_M,2,147,2.1200000000001182,8.451999999999998,1,2.0
119,ERROR_M,2,148,2.0019999999999527,7.8120000000001255,1,2.0
119,ERROR_M,2,149,1.9519999999999982,4.91599999999994,0,2.0
119,ERROR_M,2,150,1.433999999999969,2.9480000000000928,0,2.0
119,ERROR_M,2,151,2.576000000000022,3.349999999999909,1,2.0
119,ERROR_M,2,152,2.2080000000000837,3.967999999999847,1,2.0
119,ERROR_M,2,153,1.9760000000001128,4.347999999999956,0,2.0
119,ERROR_M,2,154,2.0060000000000855,6.52599999999984,1,2.0
119,ERROR_M,2,155,2.3220000000001164,6.121999999999844,1,2.0
119,ERROR_M,2,156,2.201999999999998,2.964000000000169,1,2.0
119,ERROR_M,2,157,2.4479999999998654,5.241999999999962,1,2.0
119,ERROR_M,2,158,2.380000000000109,7.8559999999999945,1,2.0
119,ERROR_M,2,159,1.8599999999999,7.964000000000169,0,2.0
119,ERROR_M,2,160,2.2899999999999636,2.7059999999999036,1,2.0
119,ERROR_M,2,161,2.1639999999999873,7.064000000000078,1,2.0
119,ERROR_M,2,162,2.4960000000000946,8.442000000000007,1,2.0
119,ERROR_M,2,163,2.0679999999999836,3.2239999999999327,1,2.0
119,ERROR_M,2,164,2.2200000000000273,4.895999999999958,1,2.0
119,ERROR_M,2,165,1.8940000000000055,5.698000000000093,0,2.0
119,ERROR_M,2,166,2.127999999999929,6.509999999999991,1,2.0
119,ERROR_M,2,167,1.788000000000011,3.377999999999929,0,2.0
119,ERROR_M,2,168,2.2999999999999545,4.374000000000024,1,2.0
119,ERROR_M,2,169,2.1700000000000728,4.720000000000027,1,2.0
119,ERROR_M,2,170,1.7799999999999727,5.336000000000013,0,2.0
119,ERROR_M,2,171,1.9239999999999782,3.740000000000009,0,2.0
119,ERROR_M,2,172,2.3360000000000127,6.1340000000000146,1,2.0
119,ERROR_M,2,173,1.6739999999999782,6.667999999999893,0,2.0
119,ERROR_M,2,174,1.9980000000000473,7.360000000000127,0,2.0
119,ERROR_M,2,175,2.433999999999969,4.798000000000002,1,2.0
119,ERROR_M,2,176,2.3579999999999472,6.05600000000004,1,2.0
119,ERROR_M,2,177,1.981999999999971,6.710000000000036,0,2.0
119,ERROR_M,2,178,2.821999999999889,5.432000000000016,1,2.0
119,ERROR_M,2,179,2.622000000000071,7.341999999999871,1,2.0
119,ERROR_M,2,180,2.2200000000000273,2.8940000000000055,1,2.0
119,ERROR_M,2,181,1.8800000000001091,5.662000000000035,0,2.0
119,ERROR_M,2,182,2.369999999999891,8.460000000000036,1,2.0
119,ERROR_M,2,183,2.0019999999999527,4.413999999999987,1,2.0
119,ERROR_M,2,184,1.9680000000000746,3.6240000000000236,0,2.0
119,ERROR_M,2,185,2.1340000000000146,5.083999999999833,1,2.0
119,ERROR_M,2,186,2.2100000000000364,7.837999999999965,1,2.0
119,ERROR_M,2,187,2.1240000000000236,6.772000000000162,1,2.0
119,ERROR_M,2,188,2.0219999999999345,3.423999999999978,1,2.0
119,ERROR_M,2,189,1.4459999999999127,4.626000000000204,0,2.0
119,ERROR_M,2,190,1.321999999999889,11.981999999999971,0,2.0
119,ERROR_M,2,191,1.2660000000000764,6.9939999999999145,0,2.0
119,ERROR_M,2,192,1.7820000000001528,12.42599999999993,0,2.0
119,ERROR_M,2,193,0.5460000000000491,4.5779999999999745,0,2.0
119,ERROR_M,2,194,0.7859999999998308,130.6020000000001,0,2.0
119,ERROR_M,2,195,1.0499999999999545,3.2660000000000764,0,2.0
119,ERROR_M,2,196,0.2739999999998872,99.8900000000001,0,2.0
119,ERROR_M,2,197,1.1520000000000437,5.748000000000047,0,2.0
119,ERROR_M,2,198,1.8559999999999945,2.995999999999867,0,2.0
119,ERROR_M,2,199,2.3600000000001273,6.487999999999829,1,2.0
119,ERROR_M,2,200,2.2560000000000855,7.781999999999925,1,2.0
119,ERROR_M,2,201,1.790000000000191,4.9699999999998,0,2.0
119,ERROR_M,2,202,1.8900000000001,6.013999999999896,0,2.0
119,ERROR_M,2,203,1.8980000000001382,3.94399999999996,0,2.0
119,ERROR_M,2,204,1.8859999999999673,6.981999999999971,0,2.0
119,ERROR_M,2,205,2.423999999999978,5.776000000000067,1,2.0
119,ERROR_M,2,206,2.0860000000000127,7.491999999999962,1,2.0
119,ERROR_M,2,207,2.259999999999991,5.173999999999978,1,2.0
119,ERROR_M,2,208,2.0540000000000873,4.589999999999918,1,2.0
119,ERROR_M,2,209,1.7360000000001037,7.983999999999924,0,2.0
119,ERROR_M,2,210,1.8880000000001473,8.383999999999787,0,2.0
119,ERROR_M,2,211,1.734000000000151,2.423999999999978,0,2.0
119,ERROR_M,2,212,2.4400000000000546,3.745999999999867,1,2.0
119,ERROR_M,2,213,1.5420000000001437,5.963999999999942,0,2.0
119,ERROR_M,2,214,2.0399999999999636,8.486000000000104,1,2.0
119,ERROR_M,2,215,1.793999999999869,3.4200000000000728,0,2.0
119,ERROR_M,2,216,2.461999999999989,4.692000000000007,1,2.0
119,ERROR_M,2,217,1.9859999999998763,294.1740000000002,0,2.0
119,ERROR_M,2,218,1.4719999999997526,5.354000000000269,0,2.0
119,ERROR_M,2,219,1.6900000000000546,4.003999999999905,0,2.0
119,ERROR_M,2,220,2.844000000000051,3.6399999999998727,1,2.0
119,ERROR_M,2,221,2.8159999999998035,7.347999999999956,1,2.0
119,ERROR_M,2,222,2.6220000000002983,7.655999999999949,1,2.0
119,ERROR_M,2,223,3.230000000000018,4.983999999999924,1,2.0
119,ERROR_M,2,224,3.1959999999999127,2.6579999999999018,1,2.0
119,ERROR_M,2,225,2.5520000000001346,7.9900000000002365,1,2.0
119,ERROR_M,2,226,2.9839999999999236,5.726000000000113,1,2.0
119,ERROR_M,2,227,2.599999999999909,6.871999999999844,1,2.0
119,ERROR_M,2,228,2.5399999999999636,7.001999999999953,1,2.0
119,ERROR_M,2,229,2.594000000000051,3.0599999999999454,1,2.0
119,ERROR_M,2,230,2.3980000000001382,3.08199999999988,1,2.0
119,ERROR_M,2,231,2.980000000000018,6.480000000000018,1,2.0
119,ERROR_M,2,232,2.9859999999998763,5.982000000000426,1,2.0
119,ERROR_M,2,233,2.763999999999669,6.822000000000116,1,2.0
119,ERROR_M,2,234,2.244000000000142,7.4539999999997235,1,2.0
119,ERROR_M,2,235,1.7000000000002728,5.417999999999665,0,2.0
119,ERROR_M,2,236,2.2600000000002183,7.788000000000011,1,2.0
119,ERROR_M,2,237,1.6280000000001564,4.673999999999978,0,2.0
119,ERROR_M,2,238,1.9539999999997235,8.416000000000167,0,2.0
119,ERROR_M,2,239,2.0219999999999345,7.0659999999998035,1,2.0
119,ERROR_M,2,240,1.912000000000262,8.0,0,2.0
119,ERROR_M,2,241,2.33199999999988,4.548000000000229,1,2.0
119,ERROR_M,2,242,1.7899999999999636,5.019999999999982,0,2.0
119,ERROR_M,2,243,2.10799999999972,6.50400000000036,1,2.0
119,ERROR_M,2,244,1.487999999999829,4.094000000000051,0,2.0
119,ERROR_M,2,245,1.8559999999997672,2.405999999999949,0,2.0
119,ERROR_M,2,246,2.1340000000000146,3.1280000000001564,1,2.0
119,ERROR_M,2,247,2.2660000000000764,5.342000000000098,1,2.0
119,ERROR_M,2,248,0.7660000000000764,3.8339999999998327,0,2.0
119,ERROR_M,2,249,2.0599999999999454,4.05600000000004,1,2.0
119,ERROR_M,2,250,1.900000000000091,5.645999999999731,0,2.0
119,ERROR_M,2,251,2.08600000000024,7.087999999999738,1,2.0
119,ERROR_M,2,252,1.512000000000171,7.695999999999913,0,2.0
119,ERROR_M,2,253,1.9020000000000437,3.6840000000001965,0,2.0
119,ERROR_M,2,254,1.7419999999997344,2.436000000000149,0,2.0
119,ERROR_M,2,255,2.3400000000001455,4.02599999999984,1,2.0
119,ERROR_M,2,256,1.7559999999998581,4.961999999999989,0,2.0
119,ERROR_M,2,257,0.12000000000034561,0.033999999999650754,0,2.0
119,ERROR_M,2,258,1.0840000000002874,32.096000000000004,0,2.0
119,ERROR_M,2,259,1.9179999999996653,6.730000000000018,0,2.0
119,ERROR_M,2,260,2.950000000000273,7.498000000000047,1,2.0
119,ERROR_M,2,261,2.2339999999999236,8.08199999999988,1,2.0
119,ERROR_M,2,262,1.5659999999998035,8.452000000000226,0,2.0
119,ERROR_M,2,263,2.38799999999992,4.793999999999869,1,2.0
119,ERROR_M,2,264,1.6020000000003165,6.344000000000051,0,2.0
119,ERROR_M,2,265,2.3640000000000327,3.013999999999669,1,2.0
119,ERROR_M,2,266,2.4880000000002838,4.281999999999698,1,2.0
119,ERROR_M,2,267,2.1380000000003747,3.5279999999997926,1,2.0
119,ERROR_M,2,268,2.4540000000001783,5.013999999999669,1,2.0
119,ERROR_M,2,269,1.6220000000002983,5.333999999999833,0,2.0
119,ERROR_M,2,270,1.7779999999997926,6.054000000000087,0,2.0
119,ERROR_M,2,271,2.8900000000003274,4.031999999999698,1,2.0
119,ERROR_M,2,272,1.9760000000001128,6.9220000000000255,0,2.0
119,ERROR_M,2,273,2.4859999999998763,5.83600000000024,1,2.0
119,ERROR_M,2,274,1.8299999999999272,7.431999999999789,0,2.0
119,ERROR_M,2,275,2.6220000000002983,2.395999999999731,1,2.0
119,ERROR_M,2,276,2.39200000000028,5.855999999999767,1,2.0
119,ERROR_M,2,277,1.61200000000008,4.994000000000142,0,2.0
119,ERROR_M,2,278,2.326000000000022,3.593999999999596,1,2.0
119,ERROR_M,2,279,2.7460000000000946,2.713999999999942,1,2.0
119,ERROR_M,2,280,3.032000000000153,3.7020000000002256,1,2.0
119,ERROR_M,2,281,3.076000000000022,6.038000000000011,1,2.0
119,ERROR_M,2,282,2.4659999999998945,3.411999999999807,1,2.0
119,ERROR_M,2,283,1.5660000000002583,7.05600000000004,0,2.0
119,ERROR_M,2,284,2.6779999999998836,7.761999999999716,1,2.0
119,ERROR_M,2,285,2.4020000000000437,5.024000000000342,1,2.0
119,ERROR_M,2,286,2.8460000000000036,6.529999999999745,1,2.0
119,ERROR_M,2,287,2.4160000000001673,10.708000000000084,1,2.0
119,ERROR_M,2,288,1.6859999999996944,8.403999999999996,0,2.0
119,ERROR_M,2,289,2.231999999999971,8.126000000000204,1,2.0
119,ERROR_M,2,290,2.007999999999811,9.19399999999996,1,2.0
119,ERROR_M,2,291,1.8299999999999272,8.536000000000058,0,2.0
119,ERROR_M,2,292,2.2800000000002,4.7840000000001055,1,2.0
119,ERROR_M,2,293,1.875999999999749,6.044000000000324,0,2.0
119,ERROR_M,2,294,2.243999999999687,4.385999999999967,1,2.0
119,ERROR_M,2,295,1.8540000000002692,6.461999999999989,0,2.0
119,ERROR_M,2,296,2.076000000000022,9.487999999999829,1,2.0
119,ERROR_M,2,297,1.7080000000000837,4.744000000000142,0,2.0
119,ERROR_M,2,298,1.9279999999998836,5.529999999999745,0,2.0
119,ERROR_M,2,299,2.580000000000382,6.807999999999993,1,2.0
119,ERROR_M,2,300,2.1679999999996653,3.662000000000262,1,2.0
119,ERROR_M,2,301,2.0859999999997854,7.80600000000004,1,2.0
119,ERROR_M,2,302,1.9039999999999964,2.380000000000109,0,2.0
119,ERROR_M,2,303,2.375999999999749,5.928000000000338,1,2.0
119,ERROR_M,2,304,2.63799999999992,2.755999999999858,1,2.0
119,ERROR_M,2,305,1.762000000000171,7.005999999999858,0,2.0
119,ERROR_M,2,306,1.6820000000002437,5.709999999999582,0,2.0
119,ERROR_M,2,307,2.4720000000002074,7.52599999999984,1,2.0
119,ERROR_M,2,308,2.0399999999999636,5.144000000000233,1,2.0
119,ERROR_M,2,309,2.2280000000000655,4.08199999999988,1,2.0
119,ERROR_M,2,310,1.7519999999999527,4.425999999999931,0,2.0
119,ERROR_M,2,311,2.036000000000058,6.16800000000012,1,2.0
119,ERROR_M,2,312,2.4760000000001128,7.038000000000011,1,2.0
119,ERROR_M,2,313,1.8159999999998035,7.045999999999822,0,2.0
119,ERROR_M,2,314,1.9080000000003565,6.4780000000000655,0,2.0
119,ERROR_M,2,315,2.6359999999999673,4.791999999999916,1,2.0
119,ERROR_M,2,316,2.4359999999996944,3.1140000000000327,1,2.0
119,ERROR_M,2,317,2.4080000000003565,5.911999999999807,1,2.0
119,ERROR_M,2,318,2.5,,1,2.0
119,ERROR_M,3,1,0.2359999999999971,6.686,0,2.0
119,ERROR_M,3,2,1.4960000000000022,4.091999999999999,0,2.0
119,ERROR_M,3,3,1.3759999999999977,5.368000000000002,0,2.0
119,ERROR_M,3,4,1.6679999999999993,4.6739999999999995,0,2.0
119,ERROR_M,3,5,1.6580000000000013,5.955999999999996,0,2.0
119,ERROR_M,3,6,1.8320000000000078,7.667999999999992,0,2.0
119,ERROR_M,3,7,0.04000000000000625,0.015999999999991132,0,2.0
119,ERROR_M,3,8,0.5700000000000074,22.474000000000004,0,2.0
119,ERROR_M,3,9,2.067999999999998,6.623999999999995,1,2.0
119,ERROR_M,3,10,2.2860000000000014,4.0120000000000005,1,2.0
119,ERROR_M,3,11,1.9359999999999928,7.964000000000013,0,2.0
119,ERROR_M,3,12,2.7779999999999916,5.015999999999991,1,2.0
119,ERROR_M,3,13,2.734000000000009,3.039999999999992,1,2.0
119,ERROR_M,3,14,1.9120000000000061,2.469999999999999,0,2.0
119,ERROR_M,3,15,2.4939999999999998,7.086000000000013,1,2.0
119,ERROR_M,3,16,2.1459999999999866,4.484000000000009,1,2.0
119,ERROR_M,3,17,2.3220000000000027,6.883999999999986,1,2.0
119,ERROR_M,3,18,1.975999999999999,7.506,0,2.0
119,ERROR_M,3,19,2.538000000000011,8.373999999999995,1,2.0
119,ERROR_M,3,20,2.4240000000000066,3.0039999999999907,1,2.0
119,ERROR_M,3,21,2.3840000000000146,5.085999999999984,1,2.0
119,ERROR_M,3,22,1.9320000000000164,4.675999999999988,0,2.0
119,ERROR_M,3,23,1.5420000000000016,2.4339999999999975,0,2.0
119,ERROR_M,3,24,1.7839999999999918,2.7079999999999984,0,2.0
119,ERROR_M,3,25,2.464000000000027,5.533999999999992,1,2.0
119,ERROR_M,3,26,2.2299999999999898,5.7760000000000105,1,2.0
119,ERROR_M,3,27,1.495999999999981,6.7620000000000005,0,2.0
119,ERROR_M,3,28,2.5660000000000025,5.9620000000000175,1,2.0
119,ERROR_M,3,29,2.1140000000000043,7.093999999999994,1,2.0
119,ERROR_M,3,30,2.0439999999999827,7.5020000000000095,1,2.0
119,ERROR_M,3,31,2.019999999999982,3.8840000000000146,1,2.0
119,ERROR_M,3,32,1.97199999999998,3.3740000000000236,0,2.0
119,ERROR_M,3,33,2.387999999999977,7.830000000000041,1,2.0
119,ERROR_M,3,34,2.334000000000003,5.065999999999974,1,2.0
119,ERROR_M,3,35,2.197999999999979,8.064000000000021,1,2.0
119,ERROR_M,3,36,1.8260000000000218,6.397999999999968,0,2.0
119,ERROR_M,3,37,2.1240000000000236,8.488,1,2.0
119,ERROR_M,3,38,2.240000000000009,4.169999999999959,1,2.0
119,ERROR_M,3,39,2.0100000000000477,3.211999999999989,1,2.0
119,ERROR_M,3,40,1.6859999999999786,8.346000000000004,0,2.0
119,ERROR_M,3,41,2.269999999999982,6.492000000000019,1,2.0
119,ERROR_M,3,42,1.7420000000000186,2.69399999999996,0,2.0
119,ERROR_M,3,43,2.334000000000003,4.474000000000046,1,2.0
119,ERROR_M,3,44,2.1680000000000064,2.8519999999999754,1,2.0
119,ERROR_M,3,45,2.0779999999999745,5.05800000000005,1,2.0
119,ERROR_M,3,46,1.7039999999999509,4.050000000000011,0,2.0
119,ERROR_M,3,47,2.29200000000003,5.5,1,2.0
119,ERROR_M,3,48,1.8279999999999745,5.7479999999999905,0,2.0
119,ERROR_M,3,49,1.802000000000021,6.175999999999988,0,2.0
119,ERROR_M,3,50,2.141999999999996,7.814000000000021,1,2.0
119,ERROR_M,3,51,2.1959999999999695,3.854000000000042,1,2.0
119,ERROR_M,3,52,1.70799999999997,3.7099999999999795,0,2.0
119,ERROR_M,3,53,2.1100000000000136,7.533999999999992,1,2.0
119,ERROR_M,3,54,2.26400000000001,3.225999999999999,1,2.0
119,ERROR_M,3,55,1.8079999999999927,6.784000000000049,0,2.0
119,ERROR_M,3,56,2.4499999999999886,8.079999999999984,1,2.0
119,ERROR_M,3,57,2.2439999999999714,7.100000000000023,1,2.0
119,ERROR_M,3,58,2.2959999999999923,4.9220000000000255,1,2.0
119,ERROR_M,3,59,2.041999999999973,7.076000000000022,1,2.0
119,ERROR_M,3,60,1.8759999999999764,4.990000000000009,0,2.0
119,ERROR_M,3,61,2.1820000000000164,5.495999999999981,1,2.0
119,ERROR_M,3,62,2.0459999999999923,6.074000000000012,1,2.0
119,ERROR_M,3,63,2.3940000000000055,7.774000000000001,1,2.0
119,ERROR_M,3,64,2.1820000000000164,4.206000000000017,1,2.0
119,ERROR_M,3,65,2.189999999999941,3.136000000000081,1,2.0
119,ERROR_M,3,66,1.975999999999999,3.661999999999921,0,2.0
119,ERROR_M,3,67,2.2040000000000646,4.90199999999993,1,2.0
119,ERROR_M,3,68,2.1820000000000164,4.467999999999961,1,2.0
119,ERROR_M,3,69,2.04200000000003,5.817999999999984,1,2.0
119,ERROR_M,3,70,1.8380000000000791,6.363999999999919,0,2.0
119,ERROR_M,3,71,2.0679999999999836,6.396000000000072,1,2.0
119,ERROR_M,3,72,1.9919999999999618,6.697999999999979,0,2.0
119,ERROR_M,3,73,2.3559999999999945,7.490000000000009,1,2.0
119,ERROR_M,3,74,2.1820000000000164,2.896000000000072,1,2.0
119,ERROR_M,3,75,2.463999999999942,3.4640000000000555,1,2.0
119,ERROR_M,3,76,1.8279999999999745,7.994000000000028,0,2.0
119,ERROR_M,3,77,2.225999999999999,8.501999999999953,1,2.0
119,ERROR_M,3,78,2.3220000000000027,6.487999999999943,1,2.0
119,ERROR_M,3,79,1.9519999999999982,3.990000000000009,0,2.0
119,ERROR_M,3,80,2.475999999999999,7.776000000000067,1,2.0
119,ERROR_M,3,81,2.40199999999993,6.114000000000033,1,2.0
119,ERROR_M,3,82,2.1900000000000546,3.5519999999999072,1,2.0
119,ERROR_M,3,83,2.09800000000007,5.433999999999969,1,2.0
119,ERROR_M,3,84,1.6159999999999854,3.75,0,2.0
119,ERROR_M,3,85,2.160000000000082,6.777999999999906,1,2.0
119,ERROR_M,3,86,2.300000000000068,4.816000000000031,1,2.0
119,ERROR_M,3,87,1.919999999999959,8.029999999999973,0,2.0
119,ERROR_M,3,88,2.1639999999999873,8.540000000000077,1,2.0
119,ERROR_M,3,89,2.4039999999999964,2.8139999999999645,1,2.0
119,ERROR_M,3,90,2.5359999999999445,2.6900000000000546,1,2.0
119,ERROR_M,3,91,2.0019999999999527,3.3040000000000873,1,2.0
119,ERROR_M,3,92,2.0720000000000027,5.48599999999999,1,2.0
119,ERROR_M,3,93,2.217999999999961,5.8840000000000146,1,2.0
119,ERROR_M,3,94,2.1380000000000337,7.12399999999991,1,2.0
119,ERROR_M,3,95,2.024000000000001,7.600000000000023,1,2.0
119,ERROR_M,3,96,1.8659999999999854,4.399999999999977,0,2.0
119,ERROR_M,3,97,1.8559999999999945,4.798000000000002,0,2.0
119,ERROR_M,3,98,1.6720000000000255,5.02800000000002,0,2.0
119,ERROR_M,3,99,2.2340000000000373,5.596000000000004,1,2.0
119,ERROR_M,3,100,1.740000000000009,7.459999999999923,0,2.0
119,ERROR_M,3,101,1.9360000000000355,7.731999999999971,0,2.0
119,ERROR_M,3,102,2.0060000000000855,7.119999999999891,1,2.0
119,ERROR_M,3,103,2.022000000000048,8.5,1,2.0
119,ERROR_M,3,104,1.6960000000000264,8.090000000000032,0,2.0
119,ERROR_M,3,105,0.1959999999999127,0.02400000000000091,0,2.0
119,ERROR_M,3,106,0.8659999999999854,60.57000000000005,0,2.0
119,ERROR_M,3,107,2.433999999999969,6.896000000000072,1,2.0
119,ERROR_M,3,108,1.48599999999999,6.052000000000021,0,2.0
119,ERROR_M,3,109,1.2980000000000018,42.059999999999945,0,2.0
119,ERROR_M,3,110,1.4039999999999964,112.79600000000005,0,2.0
119,ERROR_M,3,111,1.6079999999999472,3.0419999999999163,0,2.0
119,ERROR_M,3,112,1.3759999999999764,3.0340000000001055,0,2.0
119,ERROR_M,3,113,1.933999999999969,2.425999999999931,0,2.0
119,ERROR_M,3,114,2.2280000000000655,4.559999999999945,1,2.0
119,ERROR_M,3,115,1.7860000000000582,3.400000000000091,0,2.0
119,ERROR_M,3,116,1.9939999999999145,3.6900000000000546,0,2.0
119,ERROR_M,3,117,1.8040000000000873,4.781999999999925,0,2.0
119,ERROR_M,3,118,1.7999999999999545,4.711999999999989,0,2.0
119,ERROR_M,3,119,1.7360000000001037,6.413999999999987,0,2.0
119,ERROR_M,3,120,2.268000000000029,6.1340000000000146,1,2.0
119,ERROR_M,3,121,2.4739999999999327,7.149999999999864,1,2.0
119,ERROR_M,3,122,2.11200000000008,3.5820000000001073,1,2.0
119,ERROR_M,3,123,1.9320000000000164,2.4739999999999327,0,2.0
119,ERROR_M,3,124,1.9880000000000564,3.991999999999962,0,2.0
119,ERROR_M,3,125,1.7300000000000182,5.038000000000011,0,2.0
119,ERROR_M,3,126,2.0579999999999927,4.057999999999993,1,2.0
119,ERROR_M,3,127,2.2959999999998217,5.759999999999991,1,2.0
119,ERROR_M,3,128,1.956000000000131,4.311999999999898,0,2.0
119,ERROR_M,3,129,2.1520000000000437,6.817999999999984,1,2.0
119,ERROR_M,3,130,2.1480000000001382,7.823999999999842,1,2.0
119,ERROR_M,3,131,1.7820000000001528,8.447999999999865,0,2.0
119,ERROR_M,3,132,1.55600000000004,8.064000000000078,0,2.0
119,ERROR_M,3,133,1.47199999999998,7.412000000000035,0,2.0
119,ERROR_M,3,134,1.7339999999999236,5.796000000000049,0,2.0
119,ERROR_M,3,135,1.5919999999998709,27.272000000000162,0,2.0
119,ERROR_M,3,136,1.6340000000000146,5.807999999999993,0,2.0
119,ERROR_M,3,137,1.63799999999992,330.48,0,2.0
119,ERROR_M,3,138,1.509999999999991,5.442000000000007,0,2.0
119,ERROR_M,3,139,1.5699999999999363,6.69600000000014,0,2.0
119,ERROR_M,3,140,1.8460000000000036,6.377999999999929,0,2.0
119,ERROR_M,3,141,2.2180000000000746,5.129999999999882,1,2.0
119,ERROR_M,3,142,1.7180000000000746,8.06399999999985,0,2.0
119,ERROR_M,3,143,1.5920000000000982,2.7000000000000455,0,2.0
119,ERROR_M,3,144,1.9739999999999327,8.458000000000084,0,2.0
119,ERROR_M,3,145,1.543999999999869,2.405999999999949,0,2.0
119,ERROR_M,3,146,2.0860000000000127,4.3680000000001655,1,2.0
119,ERROR_M,3,147,1.5059999999998581,4.75200000000018,0,2.0
119,ERROR_M,3,148,1.97199999999998,7.041999999999916,0,2.0
119,ERROR_M,3,149,1.3379999999999654,3.4739999999999327,0,2.0
119,ERROR_M,3,150,2.008000000000038,4.5340000000001055,1,2.0
119,ERROR_M,3,151,1.91599999999994,7.458000000000084,0,2.0
119,ERROR_M,3,152,1.75,7.711999999999989,0,2.0
119,ERROR_M,3,153,1.83199999999988,3.1200000000001182,0,2.0
119,ERROR_M,3,154,2.1599999999998545,4.142000000000053,1,2.0
119,ERROR_M,3,155,2.0340000000001055,5.4220000000000255,1,2.0
119,ERROR_M,3,156,2.0979999999999563,5.66599999999994,1,2.0
119,ERROR_M,3,157,1.5260000000000673,5.7000000000000455,0,2.0
119,ERROR_M,3,158,1.4459999999999127,6.705999999999904,0,2.0
119,ERROR_M,3,159,1.762000000000171,5.983999999999924,0,2.0
119,ERROR_M,3,160,1.7660000000000764,7.791999999999916,0,2.0
119,ERROR_M,3,161,1.6920000000000073,8.551999999999907,0,2.0
119,ERROR_M,3,162,1.4100000000000819,0.07199999999988904,0,2.0
119,ERROR_M,3,163,0.6900000000000546,5.508000000000038,0,2.0
119,ERROR_M,3,164,1.3959999999999582,4.400000000000091,0,2.0
119,ERROR_M,3,165,1.6959999999999127,26.302000000000135,0,2.0
119,ERROR_M,3,166,1.3360000000000127,4.697999999999865,0,2.0
119,ERROR_M,3,167,1.5740000000000691,4.220000000000027,0,2.0
119,ERROR_M,3,168,2.0219999999999345,4.261999999999944,1,2.0
119,ERROR_M,3,169,2.1660000000001673,7.489999999999782,1,2.0
119,ERROR_M,3,170,1.7019999999999982,7.016000000000076,0,2.0
119,ERROR_M,3,171,1.27800000000002,11.14799999999991,0,2.0
119,ERROR_M,3,172,0.3400000000001455,0.03199999999992542,0,2.0
119,ERROR_M,3,173,0.8900000000001,3.6219999999998436,0,2.0
119,ERROR_M,3,174,1.6600000000000819,4.607999999999947,0,2.0
119,ERROR_M,3,175,1.6359999999999673,3.338000000000193,0,2.0
119,ERROR_M,3,176,2.2079999999998563,8.04600000000005,1,2.0
119,ERROR_M,3,177,1.5499999999999545,2.4300000000000637,0,2.0
119,ERROR_M,3,178,1.6440000000000055,3.7539999999999054,0,2.0
119,ERROR_M,3,179,1.3400000000001455,5.361999999999853,0,2.0
119,ERROR_M,3,180,1.4220000000000255,6.456000000000131,0,2.0
119,ERROR_M,3,181,1.5459999999998217,5.019999999999982,0,2.0
119,ERROR_M,3,182,1.6320000000000618,8.552000000000135,0,2.0
119,ERROR_M,3,183,4.4939999999999145,7.013999999999896,1,2.0
119,ERROR_M,3,184,1.5860000000000127,4.720000000000027,0,2.0
119,ERROR_M,3,185,1.4700000000000273,5.0060000000000855,0,2.0
119,ERROR_M,3,186,1.5119999999999436,5.6059999999999945,0,2.0
119,ERROR_M,3,187,1.7740000000001146,6.051999999999907,0,2.0
119,ERROR_M,3,188,1.5740000000000691,7.709999999999809,0,2.0
119,ERROR_M,3,189,1.518000000000029,8.498000000000047,0,2.0
119,ERROR_M,3,190,1.7300000000000182,4.405999999999949,0,2.0
119,ERROR_M,3,191,1.928000000000111,6.3599999999999,0,2.0
119,ERROR_M,3,192,2.0340000000001055,7.477999999999838,1,2.0
119,ERROR_M,3,193,1.2860000000000582,8.426000000000158,0,2.0
119,ERROR_M,3,194,0.9699999999997999,5.732000000000198,0,2.0
119,ERROR_M,3,195,1.6359999999999673,6.688000000000102,0,2.0
119,ERROR_M,3,196,1.7559999999998581,4.927999999999884,0,2.0
119,ERROR_M,3,197,1.75,6.980000000000018,0,2.0
119,ERROR_M,3,198,1.9780000000000655,7.427999999999884,0,2.0
119,ERROR_M,3,199,1.968000000000302,5.007999999999811,0,2.0
119,ERROR_M,3,200,2.1140000000000327,8.018000000000029,1,2.0
119,ERROR_M,3,201,1.9200000000000728,7.960000000000036,0,2.0
119,ERROR_M,3,202,1.4379999999996471,8.406000000000404,0,2.0
119,ERROR_M,3,203,2.213999999999942,5.643999999999778,1,2.0
119,ERROR_M,3,204,1.6959999999999127,4.652000000000044,0,2.0
119,ERROR_M,3,205,2.2519999999999527,3.367999999999938,1,2.0
119,ERROR_M,3,206,1.8700000000003456,2.6579999999999018,0,2.0
119,ERROR_M,3,207,2.08199999999988,4.476000000000113,1,2.0
119,ERROR_M,3,208,1.6340000000000146,2.44399999999996,0,2.0
119,ERROR_M,3,209,1.5,3.675999999999931,0,2.0
119,ERROR_M,3,210,1.7020000000002256,6.127999999999702,0,2.0
119,ERROR_M,3,211,1.8760000000002037,3.4020000000000437,0,2.0
119,ERROR_M,3,212,2.0099999999997635,6.6159999999999854,1,2.0
119,ERROR_M,3,213,1.8120000000003529,5.701999999999771,0,2.0
119,ERROR_M,3,214,1.97400000000016,25.50799999999981,0,2.0
119,ERROR_M,3,215,1.4760000000001128,4.485999999999876,0,2.0
119,ERROR_M,3,216,2.099999999999909,8.506000000000313,1,2.0
119,ERROR_M,3,217,1.9020000000000437,3.701999999999771,0,2.0
119,ERROR_M,3,218,2.293999999999869,6.916000000000167,1,2.0
119,ERROR_M,3,219,1.9340000000001965,6.559999999999945,0,2.0
119,ERROR_M,3,220,1.9739999999997053,4.019999999999982,0,2.0
119,ERROR_M,3,221,2.3460000000000036,8.117999999999938,1,2.0
119,ERROR_M,3,222,1.9820000000004256,5.105999999999767,0,2.0
119,ERROR_M,3,223,2.155999999999949,4.851999999999862,1,2.0
119,ERROR_M,3,224,2.318000000000211,3.5540000000000873,1,2.0
119,ERROR_M,3,225,2.3859999999999673,5.844000000000051,1,2.0
119,ERROR_M,3,226,2.3460000000000036,6.141999999999825,1,2.0
119,ERROR_M,3,227,2.2780000000002474,4.023999999999887,1,2.0
119,ERROR_M,3,228,2.0019999999999527,5.501999999999953,1,2.0
119,ERROR_M,3,229,1.9420000000000073,6.389999999999873,0,2.0
119,ERROR_M,3,230,2.117999999999938,7.204000000000178,1,2.0
119,ERROR_M,3,231,2.4160000000001673,3.5859999999997854,1,2.0
119,ERROR_M,3,232,2.19399999999996,7.508000000000266,1,2.0
119,ERROR_M,3,233,2.0719999999996617,5.6720000000000255,1,2.0
119,ERROR_M,3,234,2.2380000000002838,4.645999999999731,1,2.0
119,ERROR_M,3,235,2.3859999999999673,6.038000000000011,1,2.0
119,ERROR_M,3,236,1.961999999999989,5.3960000000001855,0,2.0
119,ERROR_M,3,237,1.9520000000002256,6.44399999999996,0,2.0
119,ERROR_M,3,238,2.2899999999999636,6.86200000000008,1,2.0
119,ERROR_M,3,239,2.0099999999997635,8.211999999999989,1,2.0
119,ERROR_M,3,240,2.2840000000001055,8.58999999999969,1,2.0
119,ERROR_M,3,241,1.55600000000004,5.539999999999964,0,2.0
119,ERROR_M,3,242,1.9600000000000364,4.710000000000036,0,2.0
119,ERROR_M,3,243,2.312000000000353,6.173999999999978,1,2.0
119,ERROR_M,3,244,1.7599999999997635,3.048000000000229,0,2.0
119,ERROR_M,3,245,1.8699999999998909,7.467999999999847,0,2.0
119,ERROR_M,3,246,1.4400000000000546,6.6340000000000146,0,2.0
119,ERROR_M,3,247,1.8580000000001746,5.029999999999745,0,2.0
119,ERROR_M,3,248,2.1220000000002983,7.119999999999891,1,2.0
119,ERROR_M,3,249,2.036000000000058,4.005999999999858,1,2.0
119,ERROR_M,3,250,2.0979999999999563,7.867999999999938,1,2.0
119,ERROR_M,3,251,1.7719999999999345,2.711999999999989,0,2.0
119,ERROR_M,3,252,2.4880000000002838,5.945999999999913,1,2.0
119,ERROR_M,3,253,2.550000000000182,6.007999999999811,1,2.0
119,ERROR_M,3,254,1.9400000000000546,117.58399999999983,0,2.0
119,ERROR_M,3,255,2.7919999999999163,4.532000000000153,1,2.0
119,ERROR_M,3,256,1.8699999999998909,7.711999999999989,0,2.0
119,ERROR_M,3,257,1.8020000000001346,6.699999999999818,0,2.0
119,ERROR_M,3,258,1.9660000000003492,7.403999999999996,0,2.0
119,ERROR_M,3,259,2.5659999999998035,6.385999999999967,1,2.0
119,ERROR_M,3,260,2.1840000000001965,3.087999999999738,1,2.0
119,ERROR_M,3,261,1.706000000000131,4.039999999999964,0,2.0
119,ERROR_M,3,262,2.3479999999999563,8.126000000000204,1,2.0
119,ERROR_M,3,263,2.19399999999996,5.309999999999945,1,2.0
119,ERROR_M,3,264,2.1700000000000728,8.473999999999705,1,2.0
119,ERROR_M,3,265,2.1640000000002146,3.1019999999998618,1,2.0
119,ERROR_M,3,266,2.5419999999999163,3.0020000000004075,1,2.0
119,ERROR_M,3,267,2.145999999999731,3.7220000000002074,1,2.0
119,ERROR_M,3,268,2.3599999999996726,4.052000000000135,1,2.0
119,ERROR_M,3,269,2.3479999999999563,5.036000000000058,1,2.0
119,ERROR_M,3,270,1.9679999999998472,5.688000000000102,0,2.0
119,ERROR_M,3,271,1.5920000000000982,15.617999999999938,0,2.0
119,ERROR_M,3,272,1.9020000000000437,7.4099999999998545,0,2.0
119,ERROR_M,3,273,2.0960000000000036,3.330000000000382,1,2.0
119,ERROR_M,3,274,1.8359999999997854,5.041999999999916,0,2.0
119,ERROR_M,3,275,2.036000000000058,6.2719999999999345,1,2.0
119,ERROR_M,3,276,2.4400000000000546,7.809999999999945,1,2.0
119,ERROR_M,3,277,1.7980000000002292,8.013999999999669,0,2.0
119,ERROR_M,3,278,1.8940000000002328,2.813999999999851,0,2.0
119,ERROR_M,3,279,2.3420000000000982,8.534000000000106,1,2.0
119,ERROR_M,3,280,1.9739999999997053,6.928000000000338,0,2.0
119,ERROR_M,3,281,1.8820000000000618,3.707999999999629,0,2.0
119,ERROR_M,3,282,1.9460000000003674,4.733999999999924,0,2.0
119,ERROR_M,3,283,2.181999999999789,5.8279999999999745,1,2.0
119,ERROR_M,3,284,2.1640000000002146,4.681999999999789,1,2.0
119,ERROR_M,3,285,2.8099999999999454,2.5779999999999745,1,2.0
119,ERROR_M,3,286,1.83600000000024,5.433999999999742,0,2.0
119,ERROR_M,3,287,2.2460000000000946,6.920000000000073,1,2.0
119,ERROR_M,3,288,1.6260000000002037,8.003999999999905,0,2.0
119,ERROR_M,3,289,1.731999999999971,7.16800000000012,0,2.0
119,ERROR_M,3,290,1.69399999999996,10.519999999999982,0,2.0
119,ERROR_M,3,291,1.9380000000001019,7.442000000000007,0,2.0
119,ERROR_M,3,292,2.113999999999578,2.930000000000291,1,2.0
119,ERROR_M,3,293,2.019999999999982,3.3079999999999927,1,2.0
119,ERROR_M,3,294,2.911999999999807,3.8299999999999272,1,2.0
119,ERROR_M,3,295,1.674000000000433,4.379999999999654,0,2.0
119,ERROR_M,3,296,2.4520000000002256,6.210000000000036,1,2.0
119,ERROR_M,3,297,2.2979999999997744,6.5460000000002765,1,2.0
119,ERROR_M,3,298,2.105999999999767,,1,2.0
119,ERROR_M,4,1,1.0160000000000018,10.645999999999997,0,2.0
119,ERROR_M,4,2,1.7040000000000006,2.3119999999999976,0,2.0
119,ERROR_M,4,3,2.1480000000000032,4.579999999999998,1,2.0
119,ERROR_M,4,4,1.9400000000000048,6.921999999999997,0,2.0
119,ERROR_M,4,5,2.1499999999999986,6.07,1,2.0
119,ERROR_M,4,6,1.710000000000008,6.637999999999991,0,2.0
119,ERROR_M,4,7,2.019999999999996,5.7520000000000095,1,2.0
119,ERROR_M,4,8,1.9320000000000022,2.6699999999999875,0,2.0
119,ERROR_M,4,9,2.700000000000003,6.3700000000000045,1,2.0
119,ERROR_M,4,10,2.432000000000002,7.477999999999994,1,2.0
119,ERROR_M,4,11,2.0120000000000005,3.734000000000009,1,2.0
119,ERROR_M,4,12,1.833999999999989,4.936000000000007,0,2.0
119,ERROR_M,4,13,2.5600000000000023,3.3699999999999903,1,2.0
119,ERROR_M,4,14,2.0619999999999976,4.024000000000001,1,2.0
119,ERROR_M,4,15,2.2959999999999923,3.2460000000000093,1,2.0
119,ERROR_M,4,16,2.2079999999999984,5.52800000000002,1,2.0
119,ERROR_M,4,17,2.1359999999999957,4.763999999999982,1,2.0
119,ERROR_M,4,18,2.25,8.02200000000002,1,2.0
119,ERROR_M,4,19,1.7560000000000002,7.659999999999997,0,2.0
119,ERROR_M,4,20,1.9739999999999895,5.354000000000013,0,2.0
119,ERROR_M,4,21,1.97199999999998,2.6640000000000157,0,2.0
119,ERROR_M,4,22,1.877999999999986,3.9320000000000164,0,2.0
119,ERROR_M,4,23,1.9659999999999798,3.906000000000006,0,2.0
119,ERROR_M,4,24,2.5160000000000196,5.619999999999976,1,2.0
119,ERROR_M,4,25,2.3600000000000136,3.4339999999999975,1,2.0
119,ERROR_M,4,26,1.8940000000000055,2.3739999999999952,0,2.0
119,ERROR_M,4,27,2.0579999999999927,4.76400000000001,1,2.0
119,ERROR_M,4,28,2.171999999999997,6.054000000000002,1,2.0
119,ERROR_M,4,29,2.205999999999989,6.426000000000016,1,2.0
119,ERROR_M,4,30,2.009999999999991,7.057999999999993,1,2.0
119,ERROR_M,4,31,1.8979999999999961,7.374000000000024,0,2.0
119,ERROR_M,4,32,2.343999999999994,6.730000000000018,1,2.0
119,ERROR_M,4,33,1.9539999999999509,4.6340000000000146,0,2.0
119,ERROR_M,4,34,2.5060000000000286,8.397999999999968,1,2.0
119,ERROR_M,4,35,2.622000000000014,7.622000000000014,1,2.0
119,ERROR_M,4,36,2.430000000000007,3.437999999999988,1,2.0
119,ERROR_M,4,37,2.1059999999999945,8.04000000000002,1,2.0
119,ERROR_M,4,38,1.7779999999999632,4.9080000000000155,0,2.0
119,ERROR_M,4,39,2.480000000000018,7.013999999999953,1,2.0
119,ERROR_M,4,40,2.146000000000015,3.8600000000000136,1,2.0
119,ERROR_M,4,41,1.8460000000000036,7.656000000000006,0,2.0
119,ERROR_M,4,42,2.2719999999999914,4.088000000000022,1,2.0
119,ERROR_M,4,43,2.287999999999954,5.728000000000009,1,2.0
119,ERROR_M,4,44,2.2060000000000173,7.995999999999981,1,2.0
119,ERROR_M,4,45,1.9420000000000073,4.626000000000033,0,2.0
119,ERROR_M,4,46,2.1959999999999695,5.060000000000002,1,2.0
119,ERROR_M,4,47,2.225999999999999,4.646000000000015,1,2.0
119,ERROR_M,4,48,2.5399999999999636,7.29200000000003,1,2.0
119,ERROR_M,4,49,2.3619999999999663,3.1240000000000236,1,2.0
119,ERROR_M,4,50,2.254000000000019,2.6779999999999973,1,2.0
119,ERROR_M,4,51,2.632000000000005,2.947999999999979,1,2.0
119,ERROR_M,4,52,2.358000000000004,3.8899999999999864,1,2.0
119,ERROR_M,4,53,2.0819999999999936,5.992000000000019,1,2.0
119,ERROR_M,4,54,1.9220000000000255,6.371999999999957,0,2.0
119,ERROR_M,4,55,2.2520000000000095,6.79200000000003,1,2.0
119,ERROR_M,4,56,2.1919999999999504,5.454000000000008,1,2.0
119,ERROR_M,4,57,2.3559999999999945,8.436000000000035,1,2.0
119,ERROR_M,4,58,2.1619999999999777,6.742000000000019,1,2.0
119,ERROR_M,4,59,1.8859999999999673,4.928000000000054,0,2.0
119,ERROR_M,4,60,2.3759999999999764,5.725999999999999,1,2.0
119,ERROR_M,4,61,2.2379999999999995,6.980000000000018,1,2.0
119,ERROR_M,4,62,2.5219999999999914,2.951999999999998,1,2.0
119,ERROR_M,4,63,2.1440000000000055,7.051999999999964,1,2.0
119,ERROR_M,4,64,1.9440000000000168,3.6240000000000236,0,2.0
119,ERROR_M,4,65,2.3600000000000136,2.92999999999995,1,2.0
119,ERROR_M,4,66,2.0679999999999836,4.720000000000027,1,2.0
119,ERROR_M,4,67,1.8079999999999927,2.358000000000061,0,2.0
119,ERROR_M,4,68,2.1219999999999573,4.033999999999992,1,2.0
119,ERROR_M,4,69,1.9660000000000082,7.337999999999965,0,2.0
119,ERROR_M,4,70,2.173999999999978,7.7280000000000655,1,2.0
119,ERROR_M,4,71,2.0019999999999527,8.008000000000038,1,2.0
119,ERROR_M,4,72,2.1480000000000246,8.459999999999923,1,2.0
119,ERROR_M,4,73,1.6140000000000327,6.231999999999971,0,2.0
119,ERROR_M,4,74,1.9220000000000255,4.389999999999986,0,2.0
119,ERROR_M,4,75,2.354000000000042,3.518000000000029,1,2.0
119,ERROR_M,4,76,2.175999999999931,5.440000000000055,1,2.0
119,ERROR_M,4,77,2.0359999999999445,6.748000000000047,1,2.0
119,ERROR_M,4,78,2.131999999999948,7.440000000000055,1,2.0
119,ERROR_M,4,79,1.9979999999999336,7.6059999999999945,0,2.0
119,ERROR_M,4,80,2.372000000000071,7.025999999999954,1,2.0
119,ERROR_M,4,81,1.9660000000000082,2.9540000000000646,0,2.0
119,ERROR_M,4,82,2.009999999999991,8.057999999999993,1,2.0
119,ERROR_M,4,83,2.199999999999932,5.078000000000088,1,2.0
119,ERROR_M,4,84,2.0439999999999827,8.442000000000007,1,2.0
119,ERROR_M,4,85,1.9499999999999318,2.6960000000000264,0,2.0
119,ERROR_M,4,86,2.131999999999948,3.6840000000000828,1,2.0
119,ERROR_M,4,87,1.8959999999999582,2.3319999999999936,0,2.0
119,ERROR_M,4,88,2.3379999999999654,4.701999999999998,1,2.0
119,ERROR_M,4,89,2.230000000000018,6.032000000000039,1,2.0
119,ERROR_M,4,90,2.2379999999999427,4.798000000000002,1,2.0
119,ERROR_M,4,91,1.8900000000001,5.65199999999993,0,2.0
119,ERROR_M,4,92,1.5679999999999836,8.290000000000077,0,2.0
119,ERROR_M,4,93,2.0919999999999845,4.025999999999954,1,2.0
119,ERROR_M,4,94,2.074000000000069,5.033999999999992,1,2.0
119,ERROR_M,4,95,2.3519999999999754,5.402000000000044,1,2.0
119,ERROR_M,4,96,2.0839999999999463,3.995999999999981,1,2.0
119,ERROR_M,4,97,2.062000000000012,6.725999999999999,1,2.0
119,ERROR_M,4,98,1.9320000000000164,7.687999999999988,0,2.0
119,ERROR_M,4,99,1.8719999999999573,2.3880000000000337,0,2.0
119,ERROR_M,4,100,2.288000000000011,3.197999999999979,1,2.0
119,ERROR_M,4,101,2.1800000000000637,4.096000000000004,1,2.0
119,ERROR_M,4,102,1.788000000000011,5.975999999999999,0,2.0
119,ERROR_M,4,103,1.8419999999999845,5.740000000000009,0,2.0
119,ERROR_M,4,104,1.891999999999939,5.330000000000041,0,2.0
119,ERROR_M,4,105,2.076000000000022,8.077999999999975,1,2.0
119,ERROR_M,4,106,1.8859999999999673,8.364000000000033,0,2.0
119,ERROR_M,4,107,1.9379999999999882,5.807999999999993,0,2.0
119,ERROR_M,4,108,1.7659999999999627,4.340000000000032,0,2.0
119,ERROR_M,4,109,2.090000000000032,4.847999999999956,1,2.0
119,ERROR_M,4,110,2.1340000000000146,7.048000000000002,1,2.0
119,ERROR_M,4,111,1.7999999999999545,4.974000000000046,0,2.0
119,ERROR_M,4,112,2.4220000000000255,7.469999999999914,1,2.0
119,ERROR_M,4,113,2.0020000000000664,3.22199999999998,1,2.0
119,ERROR_M,4,114,2.183999999999969,6.468000000000075,1,2.0
119,ERROR_M,4,115,1.7479999999999336,8.331999999999994,0,2.0
119,ERROR_M,4,116,1.9660000000000082,6.716000000000008,0,2.0
119,ERROR_M,4,117,2.2200000000000273,4.631999999999948,1,2.0
119,ERROR_M,4,118,1.9920000000000755,5.367999999999938,0,2.0
119,ERROR_M,4,119,2.51400000000001,6.409999999999968,1,2.0
119,ERROR_M,4,120,2.566000000000031,6.538000000000011,1,2.0
119,ERROR_M,4,121,2.5639999999999645,7.638000000000034,1,2.0
119,ERROR_M,4,122,2.4160000000000537,4.069999999999936,1,2.0
119,ERROR_M,4,123,2.4600000000000364,4.73599999999999,1,2.0
119,ERROR_M,4,124,2.1539999999999964,15.79600000000005,1,2.0
119,ERROR_M,4,125,1.495999999999981,173.63400000000001,0,2.0
119,ERROR_M,4,126,1.6179999999999382,50.243999999999915,0,2.0
119,ERROR_M,4,127,0.8200000000001637,56.33999999999992,0,2.0
119,ERROR_M,4,128,1.7239999999999327,24.31600000000003,0,2.0
119,ERROR_M,4,129,2.5679999999999836,29.423999999999978,1,2.0
119,ERROR_M,4,130,2.1639999999999873,7.4500000000000455,1,2.0
119,ERROR_M,4,131,1.8540000000000418,6.983999999999924,0,2.0
119,ERROR_M,4,132,2.0980000000001837,2.617999999999938,1,2.0
119,ERROR_M,4,133,2.6159999999999854,3.8900000000001,1,2.0
119,ERROR_M,4,134,1.80399999999986,6.370000000000118,0,2.0
119,ERROR_M,4,135,2.1799999999998363,3.701999999999998,1,2.0
119,ERROR_M,4,136,1.9980000000000473,3.6340000000000146,0,2.0
119,ERROR_M,4,137,2.344000000000051,4.945999999999913,1,2.0
119,ERROR_M,4,138,2.2280000000000655,5.766000000000076,1,2.0
119,ERROR_M,4,139,2.05399999999986,7.057999999999993,1,2.0
119,ERROR_M,4,140,1.7180000000000746,5.354000000000042,0,2.0
119,ERROR_M,4,141,1.7539999999999054,7.3840000000000146,0,2.0
119,ERROR_M,4,142,1.8859999999999673,5.970000000000027,0,2.0
119,ERROR_M,4,143,1.6179999999999382,7.982000000000198,0,2.0
119,ERROR_M,4,144,2.0379999999997835,6.776000000000067,1,2.0
119,ERROR_M,4,145,1.731999999999971,7.663999999999987,0,2.0
119,ERROR_M,4,146,1.7019999999999982,2.990000000000009,0,2.0
119,ERROR_M,4,147,2.0160000000000764,3.6539999999999964,1,2.0
119,ERROR_M,4,148,1.6679999999998927,4.33400000000006,0,2.0
119,ERROR_M,4,149,1.8300000000001546,16.551999999999907,0,2.0
119,ERROR_M,4,150,1.900000000000091,2.3759999999999764,0,2.0
119,ERROR_M,4,151,1.8599999999999,3.9500000000000455,0,2.0
119,ERROR_M,4,152,1.6600000000000819,4.961999999999989,0,2.0
119,ERROR_M,4,153,1.5079999999998108,6.3680000000001655,0,2.0
119,ERROR_M,4,154,1.4299999999998363,7.524000000000115,0,2.0
119,ERROR_M,4,155,1.7960000000000491,7.717999999999847,0,2.0
119,ERROR_M,4,156,1.762000000000171,12.7199999999998,0,2.0
119,ERROR_M,4,157,1.8380000000001928,7.97199999999998,0,2.0
119,ERROR_M,4,158,1.7079999999998563,8.470000000000027,0,2.0
119,ERROR_M,4,159,1.77800000000002,6.054000000000087,0,2.0
119,ERROR_M,4,160,1.8940000000000055,6.6099999999999,0,2.0
119,ERROR_M,4,161,2.158000000000129,4.173999999999978,1,2.0
119,ERROR_M,4,162,1.9700000000000273,6.957999999999856,0,2.0
119,ERROR_M,4,163,1.7160000000001219,5.377999999999929,0,2.0
119,ERROR_M,4,164,2.150000000000091,6.4099999999998545,1,2.0
119,ERROR_M,4,165,1.8020000000001346,3.816000000000031,0,2.0
119,ERROR_M,4,166,2.0459999999998217,3.491999999999962,1,2.0
119,ERROR_M,4,167,1.5740000000000691,0.01999999999998181,0,2.0
119,ERROR_M,4,168,0.2660000000000764,2.6059999999999945,0,2.0
119,ERROR_M,4,169,1.7660000000000764,2.8339999999998327,0,2.0
119,ERROR_M,4,170,1.844000000000051,4.324000000000069,0,2.0
119,ERROR_M,4,171,1.933999999999969,5.8559999999999945,0,2.0
119,ERROR_M,4,172,2.1440000000000055,3.4279999999998836,1,2.0
119,ERROR_M,4,173,1.7180000000000746,3.6200000000001182,0,2.0
119,ERROR_M,4,174,2.4299999999998363,5.5900000000001455,1,2.0
119,ERROR_M,4,175,2.213999999999942,4.885999999999967,1,2.0
119,ERROR_M,4,176,1.9780000000000655,5.942000000000007,0,2.0
119,ERROR_M,4,177,2.089999999999918,6.7840000000001055,1,2.0
119,ERROR_M,4,178,2.0,3.3519999999998618,0,2.0
119,ERROR_M,4,179,1.6259999999999764,3.466000000000122,0,2.0
119,ERROR_M,4,180,2.048000000000002,4.475999999999885,1,2.0
119,ERROR_M,4,181,2.4860000000001037,5.735999999999876,1,2.0
119,ERROR_M,4,182,2.05600000000004,4.208000000000084,1,2.0
119,ERROR_M,4,183,2.119999999999891,3.2180000000000746,1,2.0
119,ERROR_M,4,184,1.6579999999999018,7.910000000000082,0,2.0
119,ERROR_M,4,185,1.7580000000000382,7.869999999999891,0,2.0
119,ERROR_M,4,186,1.9760000000001128,6.385999999999967,0,2.0
119,ERROR_M,4,187,2.0160000000000764,5.3940000000000055,1,2.0
119,ERROR_M,4,188,2.0299999999999727,7.1059999999999945,1,2.0
119,ERROR_M,4,189,1.9239999999999782,8.198000000000093,0,2.0
119,ERROR_M,4,190,1.8379999999999654,8.521999999999935,0,2.0
119,ERROR_M,4,191,1.8299999999999272,2.7799999999999727,0,2.0
119,ERROR_M,4,192,2.1240000000000236,6.41800000000012,1,2.0
119,ERROR_M,4,193,2.0119999999999436,4.428000000000111,1,2.0
119,ERROR_M,4,194,1.6639999999999873,6.639999999999873,0,2.0
119,ERROR_M,4,195,2.4139999999999873,8.192000000000007,1,2.0
119,ERROR_M,4,196,2.0440000000000964,8.559999999999945,1,2.0
119,ERROR_M,4,197,2.5340000000001055,6.983999999999924,1,2.0
119,ERROR_M,4,198,2.4739999999999327,3.2640000000001237,1,2.0
119,ERROR_M,4,199,2.3299999999999272,3.9680000000000746,1,2.0
119,ERROR_M,4,200,2.435999999999922,3.3659999999999854,1,2.0
119,ERROR_M,4,201,2.160000000000082,4.571999999999889,1,2.0
119,ERROR_M,4,202,2.3700000000001182,4.987999999999829,1,2.0
119,ERROR_M,4,203,2.1280000000001564,5.163999999999987,1,2.0
119,ERROR_M,4,204,1.5619999999998981,7.433999999999969,0,2.0
119,ERROR_M,4,205,1.844000000000051,7.655999999999949,0,2.0
119,ERROR_M,4,206,2.206000000000131,3.7339999999999236,1,2.0
119,ERROR_M,4,207,1.655999999999949,2.4200000000000728,0,2.0
119,ERROR_M,4,208,1.97199999999998,5.903999999999996,0,2.0
119,ERROR_M,4,209,1.8679999999999382,5.678000000000111,0,2.0
119,ERROR_M,4,210,2.2359999999998763,6.100000000000136,1,2.0
119,ERROR_M,4,211,2.2819999999999254,4.148000000000138,1,2.0
119,ERROR_M,4,212,1.9559999999999036,4.395999999999958,0,2.0
119,ERROR_M,4,213,1.990000000000009,6.107999999999947,0,2.0
119,ERROR_M,4,214,2.178000000000111,8.069999999999936,1,2.0
119,ERROR_M,4,215,2.3220000000001164,3.2999999999999545,1,2.0
119,ERROR_M,4,216,1.6779999999998836,3.3559999999999945,0,2.0
119,ERROR_M,4,217,1.9880000000000564,8.342000000000098,0,2.0
119,ERROR_M,4,218,2.008000000000038,7.967999999999847,1,2.0
119,ERROR_M,4,219,2.6539999999999964,5.910000000000082,1,2.0
119,ERROR_M,4,220,1.7459999999998672,16.052000000000135,0,2.0
119,ERROR_M,4,221,2.4420000000000073,5.142000000000053,1,2.0
119,ERROR_M,4,222,1.9379999999998745,6.958000000000084,0,2.0
119,ERROR_M,4,223,1.837999999999738,6.686000000000149,0,2.0
119,ERROR_M,4,224,2.3980000000001382,3.7739999999998872,1,2.0
119,ERROR_M,4,225,2.099999999999909,5.124000000000251,1,2.0
119,ERROR_M,4,226,1.7059999999996762,6.356000000000222,0,2.0
119,ERROR_M,4,227,1.981999999999971,7.324000000000069,0,2.0
119,ERROR_M,4,228,2.1019999999998618,5.69399999999996,1,2.0
119,ERROR_M,4,229,3.1779999999998836,2.4580000000000837,1,2.0
119,ERROR_M,4,230,2.0300000000002,8.039999999999964,1,2.0
119,ERROR_M,4,231,1.7640000000001237,14.942000000000007,0,2.0
119,ERROR_M,4,232,1.405999999999949,645.4119999999998,0,2.0
119,ERROR_M,4,233,0.09000000000014552,201.34400000000005,0,2.0
119,ERROR_M,4,234,1.8979999999996835,3.9080000000003565,0,2.0
119,ERROR_M,4,235,1.8739999999997963,4.6720000000000255,0,2.0
119,ERROR_M,4,236,2.0579999999999927,5.786000000000058,1,2.0
119,ERROR_M,4,237,2.007999999999811,,1,2.0
119,ERROR_M,5,1,1.5880000000000045,2.323999999999998,0,2.0
119,ERROR_M,5,2,1.5760000000000005,2.921999999999997,0,2.0
119,ERROR_M,5,3,1.7079999999999984,3.602000000000004,0,2.0
119,ERROR_M,5,4,1.6400000000000006,4.6939999999999955,0,2.0
119,ERROR_M,5,5,1.5840000000000032,5.304000000000002,0,2.0
119,ERROR_M,5,6,1.7639999999999958,5.680000000000007,0,2.0
119,ERROR_M,5,7,1.641999999999996,6.706000000000003,0,2.0
119,ERROR_M,5,8,1.715999999999994,2.6299999999999955,0,2.0
119,ERROR_M,5,9,1.862000000000009,4.3999999999999915,0,2.0
119,ERROR_M,5,10,2.1540000000000106,6.995999999999995,1,2.0
119,ERROR_M,5,11,1.6880000000000024,7.304000000000002,0,2.0
119,ERROR_M,5,12,1.9719999999999942,4.912000000000006,0,2.0
119,ERROR_M,5,13,2.0959999999999894,3.450000000000003,1,2.0
119,ERROR_M,5,14,1.9500000000000028,3.906000000000006,0,2.0
119,ERROR_M,5,15,2.1640000000000015,5.967999999999989,1,2.0
119,ERROR_M,5,16,1.818000000000012,6.310000000000002,0,2.0
119,ERROR_M,5,17,1.8199999999999932,6.163999999999987,0,2.0
119,ERROR_M,5,18,0.054000000000002046,1.7180000000000177,0,2.0
119,ERROR_M,5,19,2.2939999999999827,8.436000000000007,1,2.0
119,ERROR_M,5,20,2.1440000000000055,7.731999999999999,1,2.0
119,ERROR_M,5,21,2.1699999999999875,6.038000000000011,1,2.0
119,ERROR_M,5,22,1.9199999999999875,7.701999999999998,0,2.0
119,ERROR_M,5,23,1.9560000000000173,7.955999999999989,0,2.0
119,ERROR_M,5,24,2.0080000000000098,5.015999999999991,1,2.0
119,ERROR_M,5,25,1.9939999999999998,8.336000000000013,0,2.0
119,ERROR_M,5,26,2.2620000000000005,3.039999999999992,1,2.0
119,ERROR_M,5,27,2.0560000000000116,4.453999999999979,1,2.0
119,ERROR_M,5,28,2.2680000000000007,4.852000000000004,1,2.0
119,ERROR_M,5,29,1.8900000000000148,5.347999999999985,0,2.0
119,ERROR_M,5,30,2.25,6.7479999999999905,1,2.0
119,ERROR_M,5,31,2.0400000000000205,3.5859999999999843,1,2.0
119,ERROR_M,5,32,1.8260000000000218,2.343999999999994,0,2.0
119,ERROR_M,5,33,2.2280000000000086,7.177999999999997,1,2.0
119,ERROR_M,5,34,2.1159999999999854,3.7939999999999827,1,2.0
119,ERROR_M,5,35,2.2800000000000296,5.836000000000013,1,2.0
119,ERROR_M,5,36,2.4119999999999777,7.444000000000017,1,2.0
119,ERROR_M,5,37,2.0120000000000005,3.311999999999955,1,2.0
119,ERROR_M,5,38,1.9940000000000282,6.377999999999986,0,2.0
119,ERROR_M,5,39,2.1580000000000155,4.076000000000022,1,2.0
119,ERROR_M,5,40,1.9779999999999518,7.362000000000023,0,2.0
119,ERROR_M,5,41,2.1499999999999773,4.439999999999998,1,2.0
119,ERROR_M,5,42,2.562000000000012,7.699999999999989,1,2.0
119,ERROR_M,5,43,2.066000000000031,2.8619999999999663,1,2.0
119,ERROR_M,5,44,1.82000000000005,3.915999999999997,0,2.0
119,ERROR_M,5,45,1.9079999999999586,4.646000000000015,0,2.0
119,ERROR_M,5,46,1.882000000000005,7.898000000000025,0,2.0
119,ERROR_M,5,47,2.051999999999964,3.1159999999999854,1,2.0
119,ERROR_M,5,48,2.04200000000003,8.47399999999999,1,2.0
119,ERROR_M,5,49,0.28000000000002956,0.007999999999981355,0,2.0
119,ERROR_M,5,50,0.5020000000000095,24.805999999999983,0,2.0
119,ERROR_M,5,51,2.3520000000000323,5.75,1,2.0
119,ERROR_M,5,52,1.9499999999999886,6.371999999999957,0,2.0
119,ERROR_M,5,53,2.1720000000000255,7.048000000000002,1,2.0
119,ERROR_M,5,54,2.033999999999992,5.0400000000000205,1,2.0
119,ERROR_M,5,55,2.0860000000000127,3.6119999999999663,1,2.0
119,ERROR_M,5,56,0.12000000000000455,0.014000000000010004,0,2.0
119,ERROR_M,5,57,1.0339999999999918,19.826000000000022,0,2.0
119,ERROR_M,5,58,2.084000000000003,2.6339999999999577,1,2.0
119,ERROR_M,5,59,1.8540000000000418,5.921999999999969,0,2.0
119,ERROR_M,5,60,2.3460000000000036,6.7099999999999795,1,2.0
119,ERROR_M,5,61,2.156000000000006,6.736000000000047,1,2.0
119,ERROR_M,5,62,1.9099999999999682,2.9320000000000164,0,2.0
119,ERROR_M,5,63,2.1639999999999873,6.9979999999999905,1,2.0
119,ERROR_M,5,64,2.069999999999993,6.45799999999997,1,2.0
119,ERROR_M,5,65,2.08400000000006,3.433999999999969,1,2.0
119,ERROR_M,5,66,2.673999999999978,5.331999999999994,1,2.0
119,ERROR_M,5,67,2.509999999999991,2.6480000000000246,1,2.0
119,ERROR_M,5,68,2.3640000000000327,7.759999999999991,1,2.0
119,ERROR_M,5,69,2.45799999999997,5.73599999999999,1,2.0
119,ERROR_M,5,70,2.1059999999999945,8.054000000000087,1,2.0
119,ERROR_M,5,71,2.725999999999999,3.9560000000000173,1,2.0
119,ERROR_M,5,72,2.0459999999999354,7.446000000000026,1,2.0
119,ERROR_M,5,73,2.4879999999999427,8.379999999999995,1,2.0
119,ERROR_M,5,74,2.310000000000059,5.029999999999973,1,2.0
119,ERROR_M,5,75,2.1560000000000628,4.449999999999932,1,2.0
119,ERROR_M,5,76,2.2760000000000673,2.603999999999928,1,2.0
119,ERROR_M,5,77,2.009999999999991,3.8940000000000055,1,2.0
119,ERROR_M,5,78,2.0060000000000855,4.699999999999932,1,2.0
119,ERROR_M,5,79,2.5679999999999836,5.912000000000035,1,2.0
119,ERROR_M,5,80,2.0839999999999463,8.018000000000029,1,2.0
119,ERROR_M,5,81,2.1480000000000246,8.481999999999971,1,2.0
119,ERROR_M,5,82,2.1940000000000737,2.631999999999948,1,2.0
119,ERROR_M,5,83,1.6459999999999582,5.652000000000044,0,2.0
119,ERROR_M,5,84,2.046000000000049,6.717999999999961,1,2.0
119,ERROR_M,5,85,1.5459999999999354,6.930000000000064,0,2.0
119,ERROR_M,5,86,2.451999999999998,5.504000000000019,1,2.0
119,ERROR_M,5,87,2.0720000000000027,4.774000000000001,1,2.0
119,ERROR_M,5,88,2.1219999999999573,4.470000000000027,1,2.0
119,ERROR_M,5,89,2.25,4.062000000000012,1,2.0
119,ERROR_M,5,90,2.3980000000000246,6.051999999999907,1,2.0
119,ERROR_M,5,91,2.23599999999999,7.438000000000102,1,2.0
119,ERROR_M,5,92,2.0499999999999545,2.8940000000000055,1,2.0
119,ERROR_M,5,93,2.169999999999959,3.2240000000000464,1,2.0
119,ERROR_M,5,94,1.6759999999999309,3.6200000000000045,0,2.0
119,ERROR_M,5,95,1.8540000000000418,3.3079999999999927,0,2.0
119,ERROR_M,5,96,1.9420000000000073,6.317999999999984,0,2.0
119,ERROR_M,5,97,2.3759999999999764,5.018000000000029,1,2.0
119,ERROR_M,5,98,2.30600000000004,7.793999999999983,1,2.0
119,ERROR_M,5,99,2.466000000000008,7.70799999999997,1,2.0
119,ERROR_M,5,100,2.1480000000000246,8.005999999999972,1,2.0
119,ERROR_M,5,101,2.2240000000000464,8.394000000000005,1,2.0
119,ERROR_M,5,102,1.990000000000009,5.3700000000000045,0,2.0
119,ERROR_M,5,103,1.967999999999961,4.312000000000012,0,2.0
119,ERROR_M,5,104,1.8859999999999673,2.9540000000000646,0,2.0
119,ERROR_M,5,105,2.061999999999898,2.6060000000001082,1,2.0
119,ERROR_M,5,106,1.6459999999999582,3.2959999999999354,0,2.0
119,ERROR_M,5,107,2.102000000000089,4.182000000000016,1,2.0
119,ERROR_M,5,108,1.9419999999998936,5.606000000000108,0,2.0
119,ERROR_M,5,109,1.9379999999999882,6.921999999999912,0,2.0
119,ERROR_M,5,110,2.4139999999999873,5.130000000000109,1,2.0
119,ERROR_M,5,111,2.155999999999949,6.163999999999987,1,2.0
119,ERROR_M,5,112,2.340000000000032,3.798000000000002,1,2.0
119,ERROR_M,5,113,2.3940000000000055,6.744000000000028,1,2.0
119,ERROR_M,5,114,2.8059999999999263,2.6420000000000528,1,2.0
119,ERROR_M,5,115,2.409999999999968,6.42999999999995,1,2.0
119,ERROR_M,5,116,2.146000000000072,7.477999999999952,1,2.0
119,ERROR_M,5,117,2.066000000000031,4.737999999999943,1,2.0
119,ERROR_M,5,118,1.7700000000000955,5.3659999999999854,0,2.0
119,ERROR_M,5,119,2.227999999999952,7.062000000000012,1,2.0
119,ERROR_M,5,120,2.0579999999999927,7.717999999999961,1,2.0
119,ERROR_M,5,121,1.9540000000000646,8.302000000000021,0,2.0
119,ERROR_M,5,122,2.2999999999999545,3.4840000000000373,1,2.0
119,ERROR_M,5,123,2.0839999999999463,7.4920000000000755,1,2.0
119,ERROR_M,5,124,2.0259999999999536,8.038000000000011,1,2.0
119,ERROR_M,5,125,2.0979999999999563,3.824000000000069,1,2.0
119,ERROR_M,5,126,2.0939999999999372,4.4500000000000455,1,2.0
119,ERROR_M,5,127,2.1000000000000227,4.75,1,2.0
119,ERROR_M,5,128,2.25,6.043999999999983,1,2.0
119,ERROR_M,5,129,2.0459999999999354,5.748000000000047,1,2.0
119,ERROR_M,5,130,2.1059999999999945,5.081999999999994,1,2.0
119,ERROR_M,5,131,1.8799999999999955,6.375999999999976,0,2.0
119,ERROR_M,5,132,1.7339999999999236,2.650000000000091,0,2.0
119,ERROR_M,5,133,2.188000000000102,6.75,1,2.0
119,ERROR_M,5,134,1.9559999999999036,2.91599999999994,0,2.0
119,ERROR_M,5,135,2.36200000000008,2.627999999999929,1,2.0
119,ERROR_M,5,136,2.5579999999999927,3.97199999999998,1,2.0
119,ERROR_M,5,137,2.310000000000173,7.015999999999849,1,2.0
119,ERROR_M,5,138,2.018000000000029,8.059999999999945,1,2.0
119,ERROR_M,5,139,1.9300000000000637,8.365999999999985,0,2.0
119,ERROR_M,5,140,2.150000000000091,2.5519999999999072,1,2.0
119,ERROR_M,5,141,2.231999999999971,3.6539999999999964,1,2.0
119,ERROR_M,5,142,1.9480000000000928,4.357999999999947,0,2.0
119,ERROR_M,5,143,2.1720000000000255,5.711999999999989,1,2.0
119,ERROR_M,5,144,2.6539999999999964,5.932000000000016,1,2.0
119,ERROR_M,5,145,2.102000000000089,6.457999999999856,1,2.0
119,ERROR_M,5,146,2.0540000000000873,3.7639999999998963,1,2.0
119,ERROR_M,5,147,2.1560000000001764,5.427999999999884,1,2.0
119,ERROR_M,5,148,2.4580000000000837,4.145999999999958,1,2.0
119,ERROR_M,5,149,2.008000000000038,5.1440000000000055,1,2.0
119,ERROR_M,5,150,2.8460000000000036,7.231999999999971,1,2.0
119,ERROR_M,5,151,2.1159999999999854,7.44399999999996,1,2.0
119,ERROR_M,5,152,2.1959999999999127,2.9260000000001583,1,2.0
119,ERROR_M,5,153,2.0319999999999254,3.0219999999999345,1,2.0
119,ERROR_M,5,154,2.1080000000001746,7.789999999999964,1,2.0
119,ERROR_M,5,155,1.844000000000051,5.627999999999929,0,2.0
119,ERROR_M,5,156,2.5960000000000036,2.341999999999871,1,2.0
119,ERROR_M,5,157,2.2740000000001146,5.009999999999991,1,2.0
119,ERROR_M,5,158,2.1059999999999945,6.711999999999989,1,2.0
119,ERROR_M,5,159,1.9380000000001019,3.72199999999998,0,2.0
119,ERROR_M,5,160,1.8339999999998327,5.642000000000053,0,2.0
119,ERROR_M,5,161,1.8859999999999673,2.951999999999998,0,2.0
119,ERROR_M,5,162,1.9239999999999782,7.638000000000147,0,2.0
119,ERROR_M,5,163,2.117999999999938,8.019999999999982,1,2.0
119,ERROR_M,5,164,2.2899999999999636,7.426000000000158,1,2.0
119,ERROR_M,5,165,2.269999999999982,8.422000000000025,1,2.0
119,ERROR_M,5,166,2.033999999999878,3.5160000000000764,1,2.0
119,ERROR_M,5,167,1.9559999999999036,5.332000000000107,0,2.0
119,ERROR_M,5,168,2.0739999999998417,7.032000000000153,1,2.0
119,ERROR_M,5,169,1.7799999999999727,3.9459999999999127,0,2.0
119,ERROR_M,5,170,2.1720000000000255,4.794000000000096,1,2.0
119,ERROR_M,5,171,3.2619999999999436,2.77800000000002,1,2.0
119,ERROR_M,5,172,2.451999999999998,6.011999999999944,1,2.0
119,ERROR_M,5,173,0.2580000000000382,0.011999999999943611,0,2.0
119,ERROR_M,5,174,0.6420000000000528,71.28399999999988,0,2.0
119,ERROR_M,5,175,1.5340000000001055,6.819999999999936,0,2.0
119,ERROR_M,5,176,1.6560000000001764,2.6599999999998545,0,2.0
119,ERROR_M,5,177,2.1700000000000728,7.445999999999913,1,2.0
119,ERROR_M,5,178,1.8780000000001564,2.9479999999998654,0,2.0
119,ERROR_M,5,179,1.900000000000091,4.319999999999936,0,2.0
119,ERROR_M,5,180,2.066000000000031,6.043999999999869,1,2.0
119,ERROR_M,5,181,2.2120000000002165,5.045999999999822,1,2.0
119,ERROR_M,5,182,2.1059999999999945,7.070000000000164,1,2.0
119,ERROR_M,5,183,2.147999999999911,7.779999999999973,1,2.0
119,ERROR_M,5,184,2.1200000000001182,9.86999999999989,1,2.0
119,ERROR_M,5,185,1.8579999999999472,4.0,0,2.0
119,ERROR_M,5,186,1.8980000000001382,2.4199999999998454,0,2.0
119,ERROR_M,5,187,2.2100000000000364,5.600000000000136,1,2.0
119,ERROR_M,5,188,1.711999999999989,8.409999999999854,0,2.0
119,ERROR_M,5,189,1.961999999999989,3.3420000000000982,0,2.0
119,ERROR_M,5,190,1.9400000000000546,3.689999999999827,0,2.0
119,ERROR_M,5,191,2.316000000000031,6.539999999999964,1,2.0
119,ERROR_M,5,192,1.9660000000001219,6.642000000000053,0,2.0
119,ERROR_M,5,193,1.88799999999992,4.690000000000055,0,2.0
119,ERROR_M,5,194,2.009999999999991,5.920000000000073,1,2.0
119,ERROR_M,5,195,2.487999999999829,6.432000000000016,1,2.0
119,ERROR_M,5,196,1.94399999999996,5.380000000000109,0,2.0
119,ERROR_M,5,197,1.9320000000000164,2.382000000000062,0,2.0
119,ERROR_M,5,198,2.19399999999996,7.432000000000016,1,2.0
119,ERROR_M,5,199,2.0699999999999363,6.725999999999885,1,2.0
119,ERROR_M,5,200,1.94600000000014,4.670000000000073,0,2.0
119,ERROR_M,5,201,2.477999999999838,8.062000000000126,1,2.0
119,ERROR_M,5,202,1.9679999999998472,3.3480000000001837,0,2.0
119,ERROR_M,5,203,2.7639999999998963,6.942000000000007,1,2.0
119,ERROR_M,5,204,2.0060000000000855,3.2919999999999163,1,2.0
119,ERROR_M,5,205,1.6539999999999964,8.491999999999962,0,2.0
119,ERROR_M,5,206,2.178000000000111,5.717999999999847,1,2.0
119,ERROR_M,5,207,2.1560000000001764,6.041999999999916,1,2.0
119,ERROR_M,5,208,1.9320000000000164,7.69399999999996,0,2.0
119,ERROR_M,5,209,2.1340000000000146,4.0499999999999545,1,2.0
119,ERROR_M,5,210,2.0399999999999636,4.490000000000009,1,2.0
119,ERROR_M,5,211,2.490000000000009,2.908000000000129,1,2.0
119,ERROR_M,5,212,1.981999999999971,3.6259999999999764,0,2.0
119,ERROR_M,5,213,2.0540000000000873,5.029999999999973,1,2.0
119,ERROR_M,5,214,1.8619999999998527,5.920000000000073,0,2.0
119,ERROR_M,5,215,1.9120000000000346,6.597999999999956,0,2.0
119,ERROR_M,5,216,2.0299999999999727,8.006000000000085,1,2.0
119,ERROR_M,5,217,1.987999999999829,8.30800000000022,0,2.0
119,ERROR_M,5,218,1.9939999999999145,5.569999999999936,0,2.0
119,ERROR_M,5,219,1.7519999999999527,7.358000000000175,0,2.0
119,ERROR_M,5,220,1.7739999999998872,5.3279999999999745,0,2.0
119,ERROR_M,5,221,1.6739999999999782,3.6440000000000055,0,2.0
119,ERROR_M,5,222,1.8300000000001546,5.298000000000002,0,2.0
119,ERROR_M,5,223,1.9479999999998654,6.94600000000014,0,2.0
119,ERROR_M,5,224,1.9699999999998,2.3900000000001,0,2.0
119,ERROR_M,5,225,2.0879999999999654,3.1539999999999964,1,2.0
119,ERROR_M,5,226,1.5199999999999818,3.3500000000001364,0,2.0
119,ERROR_M,5,227,2.563999999999851,3.9400000000000546,1,2.0
119,ERROR_M,5,228,1.9980000000000473,2.6639999999999873,0,2.0
119,ERROR_M,5,229,2.1539999999999964,7.769999999999982,1,2.0
119,ERROR_M,5,230,2.231999999999971,6.4220000000000255,1,2.0
119,ERROR_M,5,231,2.173999999999978,4.75,1,2.0
119,ERROR_M,5,232,1.9380000000001019,4.875999999999976,0,2.0
119,ERROR_M,5,233,1.9579999999998563,7.994000000000142,0,2.0
119,ERROR_M,5,234,2.2760000000000673,3.977999999999838,1,2.0
119,ERROR_M,5,235,1.5540000000000873,8.355999999999995,0,2.0
119,ERROR_M,5,236,1.5480000000000018,6.2000000000000455,0,2.0
119,ERROR_M,5,237,1.6720000000000255,3.341999999999871,0,2.0
119,ERROR_M,5,238,1.8120000000001255,4.677999999999884,0,2.0
119,ERROR_M,5,239,1.69399999999996,5.36200000000008,0,2.0
119,ERROR_M,5,240,2.0399999999999636,2.5960000000000036,1,2.0
119,ERROR_M,5,241,2.2480000000000473,2.9200000000000728,1,2.0
119,ERROR_M,5,242,3.5499999999999545,3.9739999999999327,1,2.0
119,ERROR_M,5,243,1.8559999999999945,4.938000000000102,0,2.0
119,ERROR_M,5,244,1.7779999999997926,5.6440000000000055,0,2.0
119,ERROR_M,5,245,1.6300000000001091,7.809999999999945,0,2.0
119,ERROR_M,5,246,1.4400000000000546,5.882000000000062,0,2.0
119,ERROR_M,5,247,1.9500000000000455,6.623999999999796,0,2.0
119,ERROR_M,5,248,1.7820000000001528,6.311999999999898,0,2.0
119,ERROR_M,5,249,1.94399999999996,7.3279999999999745,0,2.0
119,ERROR_M,5,250,1.9600000000000364,6.912000000000035,0,2.0
119,ERROR_M,5,251,1.9120000000000346,7.774000000000115,0,2.0
119,ERROR_M,5,252,1.7399999999997817,4.338000000000193,0,2.0
119,ERROR_M,5,253,1.990000000000009,8.299999999999955,0,2.0
119,ERROR_M,5,254,1.9919999999999618,4.907999999999902,0,2.0
119,ERROR_M,5,255,1.94600000000014,5.9939999999999145,0,2.0
119,ERROR_M,5,256,1.83400000000006,6.667999999999893,0,2.0
119,ERROR_M,5,257,1.9860000000001037,5.397999999999911,0,2.0
119,ERROR_M,5,258,1.6820000000000164,2.798000000000002,0,2.0
119,ERROR_M,5,259,2.0299999999999727,3.758000000000038,1,2.0
119,ERROR_M,5,260,0.5199999999999818,0.032000000000152795,0,2.0
119,ERROR_M,5,261,0.10399999999981446,50.677999999999884,0,2.0
119,ERROR_M,5,262,1.3420000000000982,7.597999999999956,0,2.0
119,ERROR_M,5,263,1.8380000000001928,2.3279999999999745,0,2.0
119,ERROR_M,5,264,2.0479999999997744,5.7020000000002256,1,2.0
119,ERROR_M,5,265,1.9200000000000728,2.9600000000000364,0,2.0
119,ERROR_M,5,266,1.837999999999738,3.905999999999949,0,2.0
119,ERROR_M,5,267,1.7380000000002838,6.373999999999796,0,2.0
119,ERROR_M,5,268,1.8299999999999272,7.390000000000327,0,2.0
119,ERROR_M,5,269,1.7179999999998472,3.3659999999999854,0,2.0
119,ERROR_M,5,270,1.7719999999999345,4.6159999999999854,0,2.0
119,ERROR_M,5,271,1.8460000000000036,8.023999999999887,0,2.0
119,ERROR_M,5,272,2.088000000000193,8.476000000000113,1,2.0
119,ERROR_M,5,273,1.6779999999998836,6.956000000000131,0,2.0
119,ERROR_M,5,274,1.8959999999997308,3.3400000000001455,0,2.0
119,ERROR_M,5,275,1.8339999999998327,4.2800000000002,0,2.0
119,ERROR_M,5,276,1.8460000000000036,39.835999999999785,0,2.0
119,ERROR_M,5,277,1.6260000000002037,4.985999999999876,0,2.0
119,ERROR_M,5,278,1.8640000000000327,7.385999999999967,0,2.0
119,ERROR_M,5,279,1.9039999999999964,4.653999999999996,0,2.0
119,ERROR_M,5,280,1.9079999999999018,5.930000000000291,0,2.0
119,ERROR_M,5,281,1.8600000000001273,3.0159999999996217,0,2.0
119,ERROR_M,5,282,1.844000000000051,5.617999999999938,0,2.0
119,ERROR_M,5,283,2.042000000000371,2.507999999999811,1,2.0
119,ERROR_M,5,284,1.6419999999998254,3.9400000000000546,0,2.0
119,ERROR_M,5,285,1.8119999999998981,6.410000000000309,0,2.0
119,ERROR_M,5,286,2.0979999999999563,6.66399999999976,1,2.0
119,ERROR_M,5,287,2.136000000000422,7.777999999999793,1,2.0
119,ERROR_M,5,288,1.893999999999778,5.378000000000156,0,2.0
119,ERROR_M,5,289,1.9960000000000946,7.942000000000007,0,2.0
119,ERROR_M,5,290,1.487999999999829,3.8340000000002874,0,2.0
119,ERROR_M,5,291,1.8419999999996435,3.9640000000003965,0,2.0
119,ERROR_M,5,292,1.8139999999998508,8.442000000000007,0,2.0
119,ERROR_M,5,293,1.7100000000000364,36.291999999999916,0,2.0
119,ERROR_M,5,294,1.8260000000000218,7.653999999999996,0,2.0
119,ERROR_M,5,295,2.244000000000142,6.013999999999669,1,2.0
119,ERROR_M,5,296,1.7800000000002,3.375999999999749,0,2.0
119,ERROR_M,5,297,1.9540000000001783,3.673999999999978,0,2.0
119,ERROR_M,5,298,2.0160000000000764,7.0479999999997744,1,2.0
119,ERROR_M,5,299,1.6640000000002146,6.2719999999999345,0,2.0
119,ERROR_M,5,300,0.2780000000002474,0.03599999999960346,0,2.0
119,ERROR_M,5,301,0.7840000000001055,5.036000000000058,0,2.0
119,ERROR_M,5,302,1.788000000000011,4.360000000000127,0,2.0
119,ERROR_M,5,303,1.8240000000000691,6.344000000000051,0,2.0
119,ERROR_M,5,304,1.8799999999996544,5.63799999999992,0,2.0
119,ERROR_M,5,305,2.048000000000229,7.467999999999847,1,2.0
119,ERROR_M,5,306,1.6720000000000255,4.650000000000091,0,2.0
119,ERROR_M,5,307,1.7199999999998,9.814000000000306,0,2.0
119,ERROR_M,5,308,2.2460000000000946,8.437999999999647,1,2.0
119,ERROR_M,5,309,2.286000000000058,5.47400000000016,1,2.0
119,ERROR_M,5,310,1.8840000000000146,2.987999999999829,0,2.0
119,ERROR_M,5,311,1.75,2.6720000000000255,0,2.0
119,ERROR_M,5,312,1.981999999999971,2.400000000000091,0,2.0
119,ERROR_M,5,313,1.80600000000004,3.4039999999999964,0,2.0
119,ERROR_M,5,314,1.681999999999789,10.840000000000146,0,2.0
119,ERROR_M,5,315,1.7539999999999054,3.6660000000001673,0,2.0
119,ERROR_M,5,316,1.6179999999999382,5.3279999999999745,0,2.0
119,ERROR_M,5,317,1.9520000000002256,4.947999999999865,0,2.0
119,ERROR_M,5,318,2.0979999999999563,5.807999999999993,1,2.0
119,ERROR_M,5,319,1.900000000000091,6.3159999999998035,0,2.0
119,ERROR_M,5,320,1.9079999999999018,6.9900000000002365,0,2.0
119,ERROR_M,5,321,1.7339999999999236,7.3840000000000146,0,2.0
119,ERROR_M,5,322,2.0340000000001055,7.737999999999829,1,2.0
119,ERROR_M,5,323,1.6900000000000546,6.9900000000002365,0,2.0
119,ERROR_M,5,324,1.8979999999996835,7.94399999999996,0,2.0
119,ERROR_M,5,325,1.736000000000331,8.377999999999702,0,2.0
119,ERROR_M,5,326,1.8479999999999563,6.6460000000001855,0,2.0
119,ERROR_M,5,327,1.7820000000001528,4.641999999999825,0,2.0
119,ERROR_M,5,328,1.731999999999971,11.75,0,2.0
119,ERROR_M,5,329,1.7359999999998763,5.961999999999989,0,2.0
119,ERROR_M,5,330,2.019999999999982,4.476000000000113,1,2.0
119,ERROR_M,5,331,2.4880000000002838,2.9899999999997817,1,2.0
119,ERROR_M,5,332,1.3200000000001637,3.3460000000000036,0,2.0
119,ERROR_M,5,333,0.4580000000000837,0.009999999999763531,0,2.0
119,ERROR_M,5,334,0.7840000000001055,5.949999999999818,0,2.0
119,ERROR_M,5,335,1.8960000000001855,2.3339999999998327,0,2.0
119,ERROR_M,5,336,1.8920000000002801,3.937999999999647,0,2.0
119,ERROR_M,5,337,2.106000000000222,5.7199999999998,1,2.0
119,ERROR_M,5,338,1.856000000000222,6.337999999999738,0,2.0
119,ERROR_M,5,339,1.8679999999999382,6.9900000000002365,0,2.0
119,ERROR_M,5,340,1.9580000000000837,6.627999999999702,0,2.0
119,ERROR_M,5,341,1.6040000000002692,6.208000000000084,0,2.0
119,ERROR_M,5,342,2.0459999999998217,7.460000000000036,1,2.0
119,ERROR_M,5,343,1.9920000000001892,7.601999999999862,0,2.0
119,ERROR_M,5,344,1.6039999999998145,13.916000000000167,0,2.0
119,ERROR_M,5,345,1.8980000000001382,8.367999999999938,0,2.0
119,ERROR_M,5,346,2.1359999999999673,3.2199999999998,1,2.0
119,ERROR_M,5,347,1.6340000000000146,4.632000000000062,0,2.0
119,ERROR_M,5,348,1.8679999999999382,3.6840000000001965,0,2.0
119,ERROR_M,5,349,1.7460000000000946,4.889999999999873,0,2.0
119,ERROR_M,5,350,2.2199999999998,5.968000000000302,1,2.0
119,ERROR_M,5,351,2.1399999999998727,2.643999999999778,1,2.0
119,ERROR_M,5,352,2.4320000000002437,4.621999999999844,1,2.0
119,ERROR_M,5,353,1.7280000000000655,3.9479999999998654,0,2.0
119,ERROR_M,5,354,2.0100000000002183,3.1579999999999018,1,2.0
119,ERROR_M,5,355,2.2159999999998945,5.716000000000349,1,2.0
119,ERROR_M,5,356,2.0039999999999054,6.4220000000000255,1,2.0
119,ERROR_M,5,357,1.6879999999996471,5.282000000000153,0,2.0
119,ERROR_M,5,358,1.6720000000000255,6.7159999999998945,0,2.0
119,ERROR_M,5,359,1.7860000000000582,3.6900000000000546,0,2.0
119,ERROR_M,5,360,1.711999999999989,6.9099999999998545,0,2.0
119,ERROR_M,5,361,1.7940000000003238,9.327999999999975,0,2.0
119,ERROR_M,5,362,1.9220000000000255,7.9780000000000655,0,2.0
119,ERROR_M,5,363,1.7579999999998108,8.376000000000204,0,2.0
119,ERROR_M,5,364,1.9399999999995998,7.64200000000028,0,2.0
119,ERROR_M,5,365,1.8959999999997308,2.66800000000012,0,2.0
119,ERROR_M,5,366,1.9980000000000473,3.318000000000211,0,2.0
119,ERROR_M,5,367,2.038000000000011,5.015999999999622,1,2.0
119,ERROR_M,5,368,1.7940000000003238,4.49599999999964,0,2.0
119,ERROR_M,5,369,0.0840000000002874,0.057999999999992724,0,2.0
119,ERROR_M,5,370,0.11599999999998545,14.673999999999978,0,2.0
119,ERROR_M,5,371,2.012000000000171,6.455999999999676,1,2.0
119,ERROR_M,5,372,2.0340000000001055,5.391999999999825,1,2.0
119,ERROR_M,5,373,2.048000000000229,4.391999999999825,1,2.0
119,ERROR_M,5,374,1.9160000000001673,,0,2.0
119,ERROR_M,6,1,0.8800000000000026,2.3419999999999987,0,2.0
119,ERROR_M,6,2,1.6340000000000003,6.338000000000001,0,2.0
119,ERROR_M,6,3,1.6219999999999999,6.957999999999998,0,2.0
119,ERROR_M,6,4,1.7280000000000015,5.659999999999997,0,2.0
119,ERROR_M,6,5,1.8699999999999974,5.878000000000007,0,2.0
119,ERROR_M,6,6,1.8539999999999992,6.609999999999999,0,2.0
119,ERROR_M,6,7,1.7180000000000035,3.597999999999999,0,2.0
119,ERROR_M,6,8,1.9099999999999966,4.311999999999998,0,2.0
119,ERROR_M,6,9,1.9579999999999984,7.641999999999996,0,2.0
119,ERROR_M,6,10,1.9819999999999993,4.930000000000007,0,2.0
119,ERROR_M,6,11,2.182000000000002,2.7920000000000016,1,2.0
119,ERROR_M,6,12,1.941999999999993,2.9000000000000057,0,2.0
119,ERROR_M,6,13,1.7120000000000033,3.36399999999999,0,2.0
119,ERROR_M,6,14,1.695999999999998,4.618000000000009,0,2.0
119,ERROR_M,6,15,2.0079999999999956,5.407999999999987,1,2.0
119,ERROR_M,6,16,1.9220000000000255,7.3559999999999945,0,2.0
119,ERROR_M,6,17,1.945999999999998,7.943999999999988,0,2.0
119,ERROR_M,6,18,2.2860000000000014,4.03400000000002,1,2.0
119,ERROR_M,6,19,1.9559999999999889,8.322000000000003,0,2.0
119,ERROR_M,6,20,2.3760000000000048,6.048000000000002,1,2.0
119,ERROR_M,6,21,2.304000000000002,6.435999999999979,1,2.0
119,ERROR_M,6,22,1.8160000000000025,6.638000000000005,0,2.0
119,ERROR_M,6,23,2.0960000000000036,7.6980000000000075,1,2.0
119,ERROR_M,6,24,1.975999999999999,7.957999999999998,0,2.0
119,ERROR_M,6,25,2.143999999999977,8.426000000000016,1,2.0
119,ERROR_M,6,26,1.538000000000011,4.171999999999997,0,2.0
119,ERROR_M,6,27,1.863999999999976,3.356000000000023,0,2.0
119,ERROR_M,6,28,1.8019999999999925,3.641999999999996,0,2.0
119,ERROR_M,6,29,2.01400000000001,5.421999999999997,1,2.0
119,ERROR_M,6,30,1.9780000000000086,7.307999999999993,0,2.0
119,ERROR_M,6,31,2.0459999999999923,5.73599999999999,1,2.0
119,ERROR_M,6,32,1.990000000000009,2.5319999999999823,0,2.0
119,ERROR_M,6,33,2.3799999999999955,4.374000000000024,1,2.0
119,ERROR_M,6,34,1.9979999999999905,6.948000000000036,0,2.0
119,ERROR_M,6,35,2.0720000000000027,5.027999999999963,1,2.0
119,ERROR_M,6,36,1.9720000000000368,2.961999999999989,0,2.0
119,ERROR_M,6,37,1.6499999999999773,2.6100000000000136,0,2.0
119,ERROR_M,6,38,1.867999999999995,4.6299999999999955,0,2.0
119,ERROR_M,6,39,2.180000000000007,4.045999999999992,1,2.0
119,ERROR_M,6,40,1.9399999999999977,5.0020000000000095,0,2.0
119,ERROR_M,6,41,2.084000000000003,7.0260000000000105,1,2.0
119,ERROR_M,6,42,2.216000000000008,6.4179999999999495,1,2.0
119,ERROR_M,6,43,1.938000000000045,2.915999999999997,0,2.0
119,ERROR_M,6,44,1.9420000000000073,5.6679999999999495,0,2.0
119,ERROR_M,6,45,1.9560000000000173,7.949999999999989,0,2.0
119,ERROR_M,6,46,2.4120000000000346,3.7620000000000005,1,2.0
119,ERROR_M,6,47,2.2520000000000095,2.7719999999999914,1,2.0
119,ERROR_M,6,48,2.245999999999981,6.781999999999982,1,2.0
119,ERROR_M,6,49,1.9940000000000282,7.349999999999966,0,2.0
119,ERROR_M,6,50,2.062000000000012,4.442000000000007,1,2.0
119,ERROR_M,6,51,2.1200000000000045,4.7379999999999995,1,2.0
119,ERROR_M,6,52,2.208000000000027,6.079999999999984,1,2.0
119,ERROR_M,6,53,2.0779999999999745,7.688000000000045,1,2.0
119,ERROR_M,6,54,2.1119999999999663,5.4220000000000255,1,2.0
119,ERROR_M,6,55,1.858000000000004,8.377999999999986,0,2.0
119,ERROR_M,6,56,1.9279999999999973,2.4180000000000064,0,2.0
119,ERROR_M,6,57,2.0860000000000127,3.495999999999981,1,2.0
119,ERROR_M,6,58,1.8879999999999768,3.626000000000033,0,2.0
119,ERROR_M,6,59,1.9359999999999786,5.930000000000007,0,2.0
119,ERROR_M,6,60,2.0459999999999923,7.03000000000003,1,2.0
119,ERROR_M,6,61,2.103999999999985,3.1539999999999964,1,2.0
119,ERROR_M,6,62,2.0400000000000205,7.661999999999978,1,2.0
119,ERROR_M,6,63,2.1059999999999945,6.411999999999978,1,2.0
119,ERROR_M,6,64,2.2560000000000286,8.02800000000002,1,2.0
119,ERROR_M,6,65,1.8059999999999832,8.316000000000031,0,2.0
119,ERROR_M,6,66,1.849999999999909,2.650000000000091,0,2.0
119,ERROR_M,6,67,2.117999999999938,3.5400000000000773,1,2.0
119,ERROR_M,6,68,1.731999999999971,4.67999999999995,0,2.0
119,ERROR_M,6,69,2.1240000000000236,5.42999999999995,1,2.0
119,ERROR_M,6,70,2.1820000000000164,2.59800000000007,1,2.0
119,ERROR_M,6,71,2.504000000000019,6.671999999999912,1,2.0
119,ERROR_M,6,72,2.094000000000051,5.730000000000018,1,2.0
119,ERROR_M,6,73,1.8619999999999663,7.388000000000034,0,2.0
119,ERROR_M,6,74,1.97199999999998,3.949999999999932,0,2.0
119,ERROR_M,6,75,2.1060000000001082,4.509999999999991,1,2.0
119,ERROR_M,6,76,2.22199999999998,5.02800000000002,1,2.0
119,ERROR_M,6,77,2.0939999999999372,6.036000000000058,1,2.0
119,ERROR_M,6,78,2.0679999999999836,6.761999999999944,1,2.0
119,ERROR_M,6,79,2.0720000000000027,4.146000000000072,1,2.0
119,ERROR_M,6,80,2.288000000000011,4.787999999999897,1,2.0
119,ERROR_M,6,81,2.1059999999999945,7.402000000000044,1,2.0
119,ERROR_M,6,82,2.480000000000018,5.44399999999996,1,2.0
119,ERROR_M,6,83,2.11200000000008,7.455999999999904,1,2.0
119,ERROR_M,6,84,2.1940000000000737,7.725999999999999,1,2.0
119,ERROR_M,6,85,2.1399999999999864,8.057999999999993,1,2.0
119,ERROR_M,6,86,2.3079999999999927,2.8619999999999663,1,2.0
119,ERROR_M,6,87,2.0300000000000864,8.455999999999904,1,2.0
119,ERROR_M,6,88,2.1520000000000437,3.701999999999998,1,2.0
119,ERROR_M,6,89,2.0120000000000573,4.447999999999979,1,2.0
119,ERROR_M,6,90,2.3360000000000127,3.44399999999996,1,2.0
119,ERROR_M,6,91,2.524000000000001,4.94399999999996,1,2.0
119,ERROR_M,6,92,2.090000000000032,5.82000000000005,1,2.0
119,ERROR_M,6,93,2.127999999999929,6.442000000000007,1,2.0
119,ERROR_M,6,94,2.1779999999999973,3.1480000000000246,1,2.0
119,ERROR_M,6,95,2.052000000000021,2.533999999999992,1,2.0
119,ERROR_M,6,96,2.508000000000038,2.3579999999999472,1,2.0
119,ERROR_M,6,97,2.3239999999999554,2.9480000000000928,1,2.0
119,ERROR_M,6,98,2.2539999999999054,5.796000000000049,1,2.0
119,ERROR_M,6,99,2.2939999999999827,6.754000000000019,1,2.0
119,ERROR_M,6,100,1.9539999999999509,10.07400000000007,0,2.0
119,ERROR_M,6,101,1.6019999999999754,7.440000000000055,0,2.0
119,ERROR_M,6,102,1.9699999999999136,3.3899999999999864,0,2.0
119,ERROR_M,6,103,2.386000000000081,6.069999999999936,1,2.0
119,ERROR_M,6,104,1.7000000000000455,7.963999999999942,0,2.0
119,ERROR_M,6,105,2.0540000000000873,4.7999999999999545,1,2.0
119,ERROR_M,6,106,2.3759999999999764,8.399999999999977,1,2.0
119,ERROR_M,6,107,2.300000000000068,4.182000000000016,1,2.0
119,ERROR_M,6,108,1.6319999999999482,7.710000000000036,0,2.0
119,ERROR_M,6,109,2.2239999999999327,3.0819999999999936,1,2.0
119,ERROR_M,6,110,2.064000000000078,4.8940000000000055,1,2.0
119,ERROR_M,6,111,2.433999999999969,3.933999999999969,1,2.0
119,ERROR_M,6,112,2.032000000000039,5.3139999999999645,1,2.0
119,ERROR_M,6,113,1.754000000000019,8.22199999999998,0,2.0
119,ERROR_M,6,114,2.296000000000049,6.5,1,2.0
119,ERROR_M,6,115,2.905999999999949,5.98599999999999,1,2.0
119,ERROR_M,6,116,2.3079999999999927,6.446000000000026,1,2.0
119,ERROR_M,6,117,2.4560000000000173,3.062000000000012,1,2.0
119,ERROR_M,6,118,2.423999999999978,5.4500000000000455,1,2.0
119,ERROR_M,6,119,0.25,0.004000000000019099,0,2.0
119,ERROR_M,6,120,0.7399999999998954,12.536000000000058,0,2.0
119,ERROR_M,6,121,1.4460000000000264,7.69399999999996,0,2.0
119,ERROR_M,6,122,2.090000000000032,8.059999999999945,1,2.0
119,ERROR_M,6,123,2.382000000000062,7.041999999999916,1,2.0
119,ERROR_M,6,124,2.1900000000000546,8.432000000000016,1,2.0
119,ERROR_M,6,125,2.4039999999999964,2.6620000000000346,1,2.0
119,ERROR_M,6,126,2.0779999999999745,4.567999999999984,1,2.0
119,ERROR_M,6,127,1.8319999999999936,3.3840000000000146,0,2.0
119,ERROR_M,6,128,2.367999999999938,4.960000000000036,1,2.0
119,ERROR_M,6,129,1.8519999999999754,4.01400000000001,0,2.0
119,ERROR_M,6,130,2.024000000000001,3.312000000000012,1,2.0
119,ERROR_M,6,131,1.83400000000006,4.969999999999914,0,2.0
119,ERROR_M,6,132,2.298000000000002,5.882000000000062,1,2.0
119,ERROR_M,6,133,2.2339999999999236,6.72199999999998,1,2.0
119,ERROR_M,6,134,2.3020000000001346,3.7959999999998217,1,2.0
119,ERROR_M,6,135,2.22400000000016,4.1599999999998545,1,2.0
119,ERROR_M,6,136,2.104000000000042,4.642000000000053,1,2.0
119,ERROR_M,6,137,2.0039999999999054,5.448000000000093,1,2.0
119,ERROR_M,6,138,2.44399999999996,5.981999999999971,1,2.0
119,ERROR_M,6,139,1.6539999999999964,3.3360000000000127,0,2.0
119,ERROR_M,6,140,2.316000000000031,6.754000000000133,1,2.0
119,ERROR_M,6,141,2.1099999999999,3.490000000000009,1,2.0
119,ERROR_M,6,142,2.6579999999999018,6.930000000000064,1,2.0
119,ERROR_M,6,143,3.2619999999999436,7.350000000000136,1,2.0
119,ERROR_M,6,144,2.1079999999999472,7.798000000000002,1,2.0
119,ERROR_M,6,145,2.1059999999999945,8.079999999999927,1,2.0
119,ERROR_M,6,146,2.3079999999999927,6.038000000000011,1,2.0
119,ERROR_M,6,147,2.102000000000089,8.423999999999978,1,2.0
119,ERROR_M,6,148,2.3279999999999745,5.079999999999927,1,2.0
119,ERROR_M,6,149,2.2560000000000855,2.6639999999999873,1,2.0
119,ERROR_M,6,150,2.4860000000001037,5.067999999999984,1,2.0
119,ERROR_M,6,151,1.6739999999999782,2.963999999999942,0,2.0
119,ERROR_M,6,152,2.622000000000071,6.344000000000051,1,2.0
119,ERROR_M,6,153,2.4299999999998363,3.72400000000016,1,2.0
119,ERROR_M,6,154,2.813999999999851,15.360000000000127,1,2.0
119,ERROR_M,6,155,2.076000000000022,7.477999999999838,1,2.0
119,ERROR_M,6,156,2.3940000000000055,7.75,1,2.0
119,ERROR_M,6,157,2.2180000000000746,7.11200000000008,1,2.0
119,ERROR_M,6,158,2.3859999999999673,8.041999999999916,1,2.0
119,ERROR_M,6,159,2.3199999999999363,2.83400000000006,1,2.0
119,ERROR_M,6,160,2.3759999999999764,6.490000000000009,1,2.0
119,ERROR_M,6,161,2.344000000000051,8.44399999999996,1,2.0
119,ERROR_M,6,162,2.1059999999999945,5.230000000000018,1,2.0
119,ERROR_M,6,163,2.0960000000000036,3.2799999999999727,1,2.0
119,ERROR_M,6,164,2.0699999999999363,4.951999999999998,1,2.0
119,ERROR_M,6,165,1.7180000000000746,4.980000000000018,0,2.0
119,ERROR_M,6,166,1.5340000000001055,2.395999999999958,0,2.0
119,ERROR_M,6,167,2.268000000000029,4.543999999999869,1,2.0
119,ERROR_M,6,168,1.740000000000009,5.336000000000013,0,2.0
119,ERROR_M,6,169,2.1100000000001273,5.779999999999973,1,2.0
119,ERROR_M,6,170,2.2439999999999145,3.951999999999998,1,2.0
119,ERROR_M,6,171,2.2200000000000273,6.074000000000069,1,2.0
119,ERROR_M,6,172,2.0860000000000127,6.759999999999991,1,2.0
119,ERROR_M,6,173,2.3279999999999745,5.995999999999867,1,2.0
119,ERROR_M,6,174,1.94600000000014,2.9980000000000473,0,2.0
119,ERROR_M,6,175,2.0419999999999163,4.461999999999989,1,2.0
119,ERROR_M,6,176,2.1240000000000236,5.071999999999889,1,2.0
119,ERROR_M,6,177,2.1800000000000637,7.539999999999964,1,2.0
119,ERROR_M,6,178,2.25,4.476000000000113,1,2.0
119,ERROR_M,6,179,2.091999999999871,3.9039999999999964,1,2.0
119,ERROR_M,6,180,2.44600000000014,7.079999999999927,1,2.0
119,ERROR_M,6,181,2.2619999999999436,2.9420000000000073,1,2.0
119,ERROR_M,6,182,2.102000000000089,3.8940000000000055,1,2.0
119,ERROR_M,6,183,1.9579999999998563,7.660000000000082,0,2.0
119,ERROR_M,6,184,1.80600000000004,110.26600000000008,0,2.0
119,ERROR_M,6,185,1.9859999999998763,101.856,0,2.0
119,ERROR_M,6,186,1.5779999999999745,6.751999999999953,0,2.0
119,ERROR_M,6,187,1.9260000000001583,7.763999999999896,0,2.0
119,ERROR_M,6,188,2.213999999999942,8.048000000000002,1,2.0
119,ERROR_M,6,189,1.9160000000001673,8.349999999999909,0,2.0
119,ERROR_M,6,190,2.4739999999999327,4.828000000000202,1,2.0
119,ERROR_M,6,191,2.211999999999989,6.473999999999933,1,2.0
119,ERROR_M,6,192,2.117999999999938,8.450000000000045,1,2.0
119,ERROR_M,6,193,2.1299999999998818,5.992000000000189,1,2.0
119,ERROR_M,6,194,1.987999999999829,6.662000000000035,0,2.0
119,ERROR_M,6,195,2.0499999999999545,3.6639999999999873,1,2.0
119,ERROR_M,6,196,2.1380000000001473,5.08199999999988,1,2.0
119,ERROR_M,6,197,2.1760000000001583,4.039999999999964,1,2.0
119,ERROR_M,6,198,2.397999999999911,4.220000000000027,1,2.0
119,ERROR_M,6,199,2.258000000000038,5.4659999999998945,1,2.0
119,ERROR_M,6,200,1.9480000000000928,2.980000000000018,0,2.0
119,ERROR_M,6,201,1.9880000000000564,4.927999999999884,0,2.0
119,ERROR_M,6,202,2.0319999999999254,6.076000000000022,1,2.0
119,ERROR_M,6,203,2.11200000000008,6.476000000000113,1,2.0
119,ERROR_M,6,204,1.9859999999998763,7.642000000000053,0,2.0
119,ERROR_M,6,205,2.0860000000000127,4.55600000000004,1,2.0
119,ERROR_M,6,206,2.005999999999858,7.554000000000087,1,2.0
119,ERROR_M,6,207,2.1159999999999854,7.08400000000006,1,2.0
119,ERROR_M,6,208,1.9759999999998854,8.107999999999947,0,2.0
119,ERROR_M,6,209,1.9139999999999873,7.938000000000102,0,2.0
119,ERROR_M,6,210,2.119999999999891,2.622000000000071,1,2.0
119,ERROR_M,6,211,1.933999999999969,4.350000000000136,0,2.0
119,ERROR_M,6,212,1.7999999999999545,5.3559999999999945,0,2.0
119,ERROR_M,6,213,2.185999999999922,6.094000000000051,1,2.0
119,ERROR_M,6,214,2.178000000000111,6.793999999999869,1,2.0
119,ERROR_M,6,215,2.102000000000089,6.461999999999989,1,2.0
119,ERROR_M,6,216,2.255999999999858,3.6800000000000637,1,2.0
119,ERROR_M,6,217,2.1359999999999673,4.104000000000042,1,2.0
119,ERROR_M,6,218,1.9459999999999127,7.30800000000022,0,2.0
119,ERROR_M,6,219,2.1979999999998654,7.8120000000001255,1,2.0
119,ERROR_M,6,220,2.203999999999951,4.185999999999922,1,2.0
119,ERROR_M,6,221,1.8700000000001182,5.661999999999807,0,2.0
119,ERROR_M,6,222,2.6560000000001764,10.073999999999842,1,2.0
119,ERROR_M,6,223,1.9239999999999782,354.8399999999999,0,2.0
119,ERROR_M,6,224,2.2140000000003965,6.143999999999778,1,2.0
119,ERROR_M,6,225,1.88799999999992,3.480000000000018,0,2.0
119,ERROR_M,6,226,1.956000000000131,2.6539999999999964,0,2.0
119,ERROR_M,6,227,1.9580000000000837,4.635999999999967,0,2.0
119,ERROR_M,6,228,2.0720000000001164,7.073999999999614,1,2.0
119,ERROR_M,6,229,1.8540000000002692,2.91800000000012,0,2.0
119,ERROR_M,6,230,2.2839999999996508,5.128000000000156,1,2.0
119,ERROR_M,6,231,2.076000000000022,3.02599999999984,1,2.0
119,ERROR_M,6,232,3.006000000000313,4.431999999999789,1,2.0
119,ERROR_M,6,233,2.1579999999999018,8.394000000000233,1,2.0
119,ERROR_M,6,234,1.6279999999997017,5.961999999999989,0,2.0
119,ERROR_M,6,235,2.1480000000001382,2.717999999999847,1,2.0
119,ERROR_M,6,236,2.412000000000262,5.496000000000095,1,2.0
119,ERROR_M,6,237,2.119999999999891,6.44399999999996,1,2.0
119,ERROR_M,6,238,2.019999999999982,3.367999999999938,1,2.0
119,ERROR_M,6,239,2.1520000000000437,7.791999999999916,1,2.0
119,ERROR_M,6,240,1.930000000000291,3.3039999999996326,0,2.0
119,ERROR_M,6,241,2.0540000000000873,4.798000000000229,1,2.0
119,ERROR_M,6,242,2.099999999999909,5.9220000000000255,1,2.0
119,ERROR_M,6,243,1.8600000000001273,6.643999999999778,0,2.0
119,ERROR_M,6,244,2.0100000000002183,7.480000000000018,1,2.0
119,ERROR_M,6,245,2.119999999999891,8.065999999999804,1,2.0
119,ERROR_M,6,246,2.094000000000051,4.036000000000058,1,2.0
119,ERROR_M,6,247,1.9099999999998545,8.316000000000258,0,2.0
119,ERROR_M,6,248,2.005999999999858,4.2840000000001055,1,2.0
119,ERROR_M,6,249,1.9220000000000255,6.400000000000091,0,2.0
119,ERROR_M,6,250,2.0419999999999163,5.487999999999829,1,2.0
119,ERROR_M,6,251,2.186000000000149,6.7159999999998945,1,2.0
119,ERROR_M,6,252,2.0839999999998327,7.41800000000012,1,2.0
119,ERROR_M,6,253,2.288000000000011,8.034000000000106,1,2.0
119,ERROR_M,6,254,1.8479999999999563,3.630000000000109,0,2.0
119,ERROR_M,6,255,2.9339999999997417,2.794000000000324,1,2.0
119,ERROR_M,6,256,0.05599999999958527,60.11000000000013,0,2.0
119,ERROR_M,6,257,2.2380000000002838,6.038000000000011,1,2.0
119,ERROR_M,6,258,1.8659999999999854,2.955999999999676,0,2.0
119,ERROR_M,6,259,2.117999999999938,4.4780000000000655,1,2.0
119,ERROR_M,6,260,2.288000000000011,6.425999999999931,1,2.0
119,ERROR_M,6,261,1.9780000000000655,3.324000000000069,0,2.0
119,ERROR_M,6,262,2.1579999999999018,8.434000000000196,1,2.0
119,ERROR_M,6,263,2.130000000000109,7.061999999999898,1,2.0
119,ERROR_M,6,264,2.22400000000016,4.741999999999734,1,2.0
119,ERROR_M,6,265,2.076000000000022,7.733999999999924,1,2.0
119,ERROR_M,6,266,2.1480000000001382,2.757999999999811,1,2.0
119,ERROR_M,6,267,1.5979999999999563,4.994000000000142,0,2.0
119,ERROR_M,6,268,2.382000000000062,5.050000000000182,1,2.0
119,ERROR_M,6,269,2.655999999999949,5.639999999999873,1,2.0
119,ERROR_M,6,270,2.032000000000153,3.3219999999996617,1,2.0
119,ERROR_M,6,271,2.8659999999999854,3.6900000000000546,1,2.0
119,ERROR_M,6,272,2.076000000000022,7.050000000000182,1,2.0
119,ERROR_M,6,273,2.1599999999998545,7.731999999999971,1,2.0
119,ERROR_M,6,274,2.0540000000000873,8.08199999999988,1,2.0
119,ERROR_M,6,275,2.3460000000000036,6.794000000000324,1,2.0
119,ERROR_M,6,276,2.2419999999997344,7.4780000000000655,1,2.0
119,ERROR_M,6,277,2.3539999999998145,8.44800000000032,1,2.0
119,ERROR_M,6,278,2.2919999999999163,7.291999999999916,1,2.0
119,ERROR_M,6,279,0.7519999999999527,,0,2.0
119,ERROR_M,7,1,1.8220000000000027,2.9780000000000015,0,2.0
119,ERROR_M,7,2,1.8099999999999952,3.324000000000005,0,2.0
119,ERROR_M,7,3,1.8260000000000005,3.6779999999999973,0,2.0
119,ERROR_M,7,4,1.7239999999999966,3.916000000000004,0,2.0
119,ERROR_M,7,5,1.9239999999999995,4.957999999999998,0,2.0
119,ERROR_M,7,6,1.7700000000000031,5.368000000000002,0,2.0
119,ERROR_M,7,7,1.86399999999999,5.634,0,2.0
119,ERROR_M,7,8,2.3060000000000116,6.047999999999988,1,2.0
119,ERROR_M,7,9,2.318000000000012,6.759999999999991,1,2.0
119,ERROR_M,7,10,2.0400000000000063,7.067999999999998,1,2.0
119,ERROR_M,7,11,1.6400000000000006,4.393999999999991,0,2.0
119,ERROR_M,7,12,1.244000000000014,2.343999999999994,0,2.0
119,ERROR_M,7,13,1.8359999999999985,7.659999999999997,0,2.0
119,ERROR_M,7,14,1.7240000000000038,4.671999999999997,0,2.0
119,ERROR_M,7,15,2.0700000000000074,8.033999999999992,1,2.0
119,ERROR_M,7,16,1.9180000000000064,6.3659999999999854,0,2.0
119,ERROR_M,7,17,1.882000000000005,7.397999999999996,0,2.0
119,ERROR_M,7,18,1.9020000000000152,8.409999999999997,0,2.0
119,ERROR_M,7,19,1.7479999999999905,2.670000000000016,0,2.0
119,ERROR_M,7,20,1.9120000000000061,4.381999999999977,0,2.0
119,ERROR_M,7,21,1.9980000000000189,5.9739999999999895,0,2.0
119,ERROR_M,7,22,2.181999999999988,3.7320000000000277,1,2.0
119,ERROR_M,7,23,1.8959999999999866,6.343999999999994,0,2.0
119,ERROR_M,7,24,1.9939999999999998,6.617999999999995,0,2.0
119,ERROR_M,7,25,2.058000000000021,7.031999999999982,1,2.0
119,ERROR_M,7,26,1.6140000000000043,7.688000000000017,0,2.0
119,ERROR_M,7,27,1.8879999999999768,7.960000000000008,0,2.0
119,ERROR_M,7,28,2.1299999999999955,8.451999999999998,1,2.0
119,ERROR_M,7,29,1.9519999999999982,2.9620000000000175,0,2.0
119,ERROR_M,7,30,1.8799999999999955,4.6839999999999975,0,2.0
119,ERROR_M,7,31,1.9499999999999886,7.353999999999985,0,2.0
119,ERROR_M,7,32,2.4180000000000064,5.038000000000011,1,2.0
119,ERROR_M,7,33,1.9739999999999895,5.390000000000043,0,2.0
119,ERROR_M,7,34,1.7239999999999895,2.3379999999999654,0,2.0
119,ERROR_M,7,35,2.240000000000009,2.886000000000024,1,2.0
119,ERROR_M,7,36,1.8619999999999663,3.319999999999993,0,2.0
119,ERROR_M,7,37,2.008000000000038,5.801999999999964,1,2.0
119,ERROR_M,7,38,2.090000000000032,4.267999999999972,1,2.0
119,ERROR_M,7,39,1.6779999999999973,3.990000000000009,0,2.0
119,ERROR_M,7,40,2.048000000000002,4.7620000000000005,1,2.0
119,ERROR_M,7,41,1.6639999999999873,5.939999999999998,0,2.0
119,ERROR_M,7,42,2.080000000000041,4.067999999999984,1,2.0
119,ERROR_M,7,43,2.0020000000000095,5.161999999999978,1,2.0
119,ERROR_M,7,44,2.30600000000004,7.433999999999969,1,2.0
119,ERROR_M,7,45,2.216000000000008,2.8759999999999764,1,2.0
119,ERROR_M,7,46,2.0160000000000196,7.701999999999998,1,2.0
119,ERROR_M,7,47,2.1240000000000236,8.091999999999985,1,2.0
119,ERROR_M,7,48,2.1259999999999764,3.1680000000000064,1,2.0
119,ERROR_M,7,49,1.8520000000000323,6.3700000000000045,0,2.0
119,ERROR_M,7,50,1.9919999999999618,6.740000000000009,0,2.0
119,ERROR_M,7,51,1.9499999999999886,8.378000000000043,0,2.0
119,ERROR_M,7,52,1.961999999999989,5.353999999999985,0,2.0
119,ERROR_M,7,53,1.867999999999995,4.6720000000000255,0,2.0
119,ERROR_M,7,54,1.94399999999996,2.3940000000000055,0,2.0
119,ERROR_M,7,55,1.9139999999999873,6.944000000000017,0,2.0
119,ERROR_M,7,56,2.048000000000002,5.713999999999999,1,2.0
119,ERROR_M,7,57,2.1399999999999864,3.612000000000023,1,2.0
119,ERROR_M,7,58,1.8419999999999845,8.338000000000022,0,2.0
119,ERROR_M,7,59,2.0539999999999736,2.7420000000000186,1,2.0
119,ERROR_M,7,60,2.5579999999999927,5.021999999999991,1,2.0
119,ERROR_M,7,61,0.25600000000002865,0.01599999999996271,0,2.0
119,ERROR_M,7,62,0.7840000000000487,5.203999999999951,0,2.0
119,ERROR_M,7,63,3.084000000000003,4.342000000000041,1,2.0
119,ERROR_M,7,64,1.9839999999999804,5.947999999999979,0,2.0
119,ERROR_M,7,65,1.8540000000000418,6.351999999999975,0,2.0
119,ERROR_M,7,66,2.098000000000013,2.646000000000015,1,2.0
119,ERROR_M,7,67,1.8039999999999736,3.3700000000000045,0,2.0
119,ERROR_M,7,68,3.349999999999966,6.6200000000000045,1,2.0
119,ERROR_M,7,69,2.1059999999999945,7.458000000000084,1,2.0
119,ERROR_M,7,70,2.8019999999999072,7.946000000000026,1,2.0
119,ERROR_M,7,71,2.33400000000006,4.057999999999993,1,2.0
119,ERROR_M,7,72,2.1340000000000146,3.839999999999918,1,2.0
119,ERROR_M,7,73,2.1840000000000828,5.839999999999918,1,2.0
119,ERROR_M,7,74,1.5779999999999745,5.360000000000014,0,2.0
119,ERROR_M,7,75,2.0400000000000773,7.096000000000004,1,2.0
119,ERROR_M,7,76,1.8840000000000146,7.649999999999977,0,2.0
119,ERROR_M,7,77,2.141999999999939,4.8419999999999845,1,2.0
119,ERROR_M,7,78,2.438000000000102,2.585999999999899,1,2.0
119,ERROR_M,7,79,1.80600000000004,4.663999999999987,0,2.0
119,ERROR_M,7,80,2.3880000000000337,5.782000000000039,1,2.0
119,ERROR_M,7,81,2.0459999999999354,4.1720000000000255,1,2.0
119,ERROR_M,7,82,1.774000000000001,5.966000000000008,0,2.0
119,ERROR_M,7,83,2.117999999999938,6.745999999999981,1,2.0
119,ERROR_M,7,84,2.132000000000062,7.029999999999973,1,2.0
119,ERROR_M,7,85,2.532000000000039,7.337999999999965,1,2.0
119,ERROR_M,7,86,2.19399999999996,7.79200000000003,1,2.0
119,ERROR_M,7,87,2.0439999999999827,3.87600000000009,1,2.0
119,ERROR_M,7,88,1.5579999999999927,4.425999999999931,0,2.0
119,ERROR_M,7,89,1.9600000000000364,0.01599999999996271,0,2.0
119,ERROR_M,7,90,0.09600000000000364,4.088000000000079,0,2.0
119,ERROR_M,7,91,2.42999999999995,3.3039999999999736,1,2.0
119,ERROR_M,7,92,2.338000000000079,6.491999999999962,1,2.0
119,ERROR_M,7,93,2.3039999999999736,8.043999999999983,1,2.0
119,ERROR_M,7,94,2.314000000000078,8.481999999999971,1,2.0
119,ERROR_M,7,95,2.3439999999999372,5.074000000000069,1,2.0
119,ERROR_M,7,96,2.0839999999999463,5.4780000000000655,1,2.0
119,ERROR_M,7,97,2.0919999999999845,3.5399999999999636,1,2.0
119,ERROR_M,7,98,1.7659999999999627,2.664000000000101,0,2.0
119,ERROR_M,7,99,2.881999999999948,3.990000000000009,1,2.0
119,ERROR_M,7,100,1.9399999999999409,6.986000000000104,0,2.0
119,ERROR_M,7,101,1.8199999999999363,3.3640000000000327,0,2.0
119,ERROR_M,7,102,1.8319999999999936,5.40199999999993,0,2.0
119,ERROR_M,7,103,1.8600000000000136,6.704000000000065,0,2.0
119,ERROR_M,7,104,1.8419999999999845,4.375999999999976,0,2.0
119,ERROR_M,7,105,2.1280000000000427,5.062000000000012,1,2.0
119,ERROR_M,7,106,1.95799999999997,3.02800000000002,0,2.0
119,ERROR_M,7,107,2.90199999999993,7.388000000000034,1,2.0
119,ERROR_M,7,108,2.245999999999981,4.759999999999991,1,2.0
119,ERROR_M,7,109,2.310000000000059,6.456000000000017,1,2.0
119,ERROR_M,7,110,2.038000000000011,6.055999999999926,1,2.0
119,ERROR_M,7,111,1.8920000000000528,7.67999999999995,0,2.0
119,ERROR_M,7,112,2.024000000000001,8.077999999999975,1,2.0
119,ERROR_M,7,113,2.088000000000079,8.535999999999945,1,2.0
119,ERROR_M,7,114,1.9099999999999682,3.7220000000000937,0,2.0
119,ERROR_M,7,115,2.099999999999909,2.6340000000000146,1,2.0
119,ERROR_M,7,116,2.352000000000089,5.975999999999999,1,2.0
119,ERROR_M,7,117,1.5899999999999181,5.923999999999978,0,2.0
119,ERROR_M,7,118,1.9500000000000455,7.0,0,2.0
119,ERROR_M,7,119,1.8319999999999936,4.418000000000006,0,2.0
119,ERROR_M,7,120,2.1539999999999964,5.1440000000000055,1,2.0
119,ERROR_M,7,121,1.8419999999999845,5.409999999999968,0,2.0
119,ERROR_M,7,122,2.060000000000059,5.819999999999936,1,2.0
119,ERROR_M,7,123,2.2340000000000373,7.466000000000008,1,2.0
119,ERROR_M,7,124,1.8260000000000218,2.3460000000000036,0,2.0
119,ERROR_M,7,125,2.141999999999939,3.866000000000099,1,2.0
119,ERROR_M,7,126,1.9659999999998945,7.680000000000064,0,2.0
119,ERROR_M,7,127,2.1340000000000146,8.105999999999995,1,2.0
119,ERROR_M,7,128,2.3460000000000036,4.2999999999999545,1,2.0
119,ERROR_M,7,129,2.0399999999999636,2.9400000000000546,1,2.0
119,ERROR_M,7,130,2.687999999999988,4.6299999999999955,1,2.0
119,ERROR_M,7,131,1.9780000000000655,3.3759999999999764,0,2.0
119,ERROR_M,7,132,2.1720000000000255,6.449999999999932,1,2.0
119,ERROR_M,7,133,1.816000000000031,8.347999999999956,0,2.0
119,ERROR_M,7,134,2.2800000000000864,3.113999999999919,1,2.0
119,ERROR_M,7,135,2.1299999999999955,6.732000000000085,1,2.0
119,ERROR_M,7,136,2.009999999999991,0.01999999999998181,1,2.0
119,ERROR_M,7,137,0.11200000000008004,3.8519999999998618,0,2.0
119,ERROR_M,7,138,1.7760000000000673,8.355999999999995,0,2.0
119,ERROR_M,7,139,2.076000000000022,2.9139999999999873,1,2.0
119,ERROR_M,7,140,2.2239999999999327,3.5860000000000127,1,2.0
119,ERROR_M,7,141,1.8579999999999472,4.372000000000071,0,2.0
119,ERROR_M,7,142,1.9600000000000364,4.942000000000007,0,2.0
119,ERROR_M,7,143,1.9400000000000546,5.7159999999998945,0,2.0
119,ERROR_M,7,144,2.2619999999999436,6.460000000000036,1,2.0
119,ERROR_M,7,145,2.0720000000001164,6.731999999999971,1,2.0
119,ERROR_M,7,146,2.2519999999999527,5.498000000000047,1,2.0
119,ERROR_M,7,147,3.009999999999991,2.44399999999996,1,2.0
119,ERROR_M,7,148,1.9559999999999036,4.0060000000000855,0,2.0
119,ERROR_M,7,149,1.9739999999999327,6.0,0,2.0
119,ERROR_M,7,150,1.8500000000001364,4.701999999999998,0,2.0
119,ERROR_M,7,151,2.175999999999931,3.2080000000000837,1,2.0
119,ERROR_M,7,152,2.2719999999999345,7.016000000000076,1,2.0
119,ERROR_M,7,153,1.9919999999999618,7.375999999999976,0,2.0
119,ERROR_M,7,154,2.2439999999999145,7.7560000000000855,1,2.0
119,ERROR_M,7,155,2.145999999999958,8.041999999999916,1,2.0
119,ERROR_M,7,156,1.9820000000001983,8.847999999999956,0,2.0
119,ERROR_M,7,157,1.7899999999999636,3.0,0,2.0
119,ERROR_M,7,158,2.064000000000078,4.101999999999862,1,2.0
119,ERROR_M,7,159,1.961999999999989,3.6700000000000728,0,2.0
119,ERROR_M,7,160,1.9259999999999309,4.973999999999933,0,2.0
119,ERROR_M,7,161,2.2940000000000964,7.05600000000004,1,2.0
119,ERROR_M,7,162,2.127999999999929,3.5540000000000873,1,2.0
119,ERROR_M,7,163,1.72199999999998,4.673999999999978,0,2.0
119,ERROR_M,7,164,1.9739999999999327,7.676000000000158,0,2.0
119,ERROR_M,7,165,1.9939999999999145,2.7100000000000364,0,2.0
119,ERROR_M,7,166,2.0779999999999745,8.94399999999996,1,2.0
119,ERROR_M,7,167,0.9800000000000182,25.65599999999995,0,2.0
119,ERROR_M,7,168,2.231999999999971,4.490000000000009,1,2.0
119,ERROR_M,7,169,2.0860000000000127,5.792000000000144,1,2.0
119,ERROR_M,7,170,2.063999999999851,5.501999999999953,1,2.0
119,ERROR_M,7,171,1.9800000000000182,5.982000000000198,0,2.0
119,ERROR_M,7,172,1.9479999999998654,6.326000000000022,0,2.0
119,ERROR_M,7,173,2.076000000000022,6.748000000000047,1,2.0
119,ERROR_M,7,174,1.8859999999999673,8.009999999999991,0,2.0
119,ERROR_M,7,175,2.4179999999998927,5.826000000000022,1,2.0
119,ERROR_M,7,176,2.206000000000131,7.097999999999956,1,2.0
119,ERROR_M,7,177,2.1399999999998727,6.288000000000011,1,2.0
119,ERROR_M,7,178,1.9720000000002074,16.6579999999999,0,2.0
119,ERROR_M,7,179,1.9759999999998854,4.044000000000096,0,2.0
119,ERROR_M,7,180,2.2339999999999236,76.75800000000004,1,2.0
119,ERROR_M,7,181,1.1739999999999782,7.438000000000102,0,2.0
119,ERROR_M,7,182,1.5619999999998981,9.628000000000156,0,2.0
119,ERROR_M,7,183,1.7199999999998,6.710000000000036,0,2.0
119,ERROR_M,7,184,1.9760000000001128,2.717999999999847,0,2.0
119,ERROR_M,7,185,1.8460000000000036,3.730000000000018,0,2.0
119,ERROR_M,7,186,1.9039999999999964,2.994000000000142,0,2.0
119,ERROR_M,7,187,1.8519999999998618,4.428000000000111,0,2.0
119,ERROR_M,7,188,2.3740000000000236,5.513999999999896,1,2.0
119,ERROR_M,7,189,1.9200000000000728,7.9659999999998945,0,2.0
119,ERROR_M,7,190,1.97199999999998,8.356000000000222,0,2.0
119,ERROR_M,7,191,1.8639999999998054,7.682000000000016,0,2.0
119,ERROR_M,7,192,1.9540000000001783,4.629999999999882,0,2.0
119,ERROR_M,7,193,2.1059999999999945,3.519999999999982,1,2.0
119,ERROR_M,7,194,2.1980000000000928,5.063999999999851,1,2.0
119,ERROR_M,7,195,2.2660000000000764,7.104000000000042,1,2.0
119,ERROR_M,7,196,2.1979999999998654,7.476000000000113,1,2.0
119,ERROR_M,7,197,2.2100000000000364,7.753999999999905,1,2.0
119,ERROR_M,7,198,2.231999999999971,8.066000000000031,1,2.0
119,ERROR_M,7,199,2.0960000000000036,5.794000000000096,1,2.0
119,ERROR_M,7,200,2.005999999999858,8.484000000000151,1,2.0
119,ERROR_M,7,201,2.211999999999989,4.751999999999953,1,2.0
119,ERROR_M,7,202,2.314000000000078,3.561999999999898,1,2.0
119,ERROR_M,7,203,1.9220000000000255,18.082000000000107,0,2.0
119,ERROR_M,7,204,1.8459999999997763,45.174000000000206,0,2.0
119,ERROR_M,7,205,0.6199999999998909,54.39799999999991,0,2.0
119,ERROR_M,7,206,1.7040000000001783,2.6799999999998363,0,2.0
119,ERROR_M,7,207,1.7540000000001328,2.4199999999998454,0,2.0
119,ERROR_M,7,208,1.8940000000000055,3.040000000000191,0,2.0
119,ERROR_M,7,209,1.905999999999949,3.683999999999969,0,2.0
119,ERROR_M,7,210,2.066000000000031,5.4780000000000655,1,2.0
119,ERROR_M,7,211,1.9699999999998,6.710000000000036,0,2.0
119,ERROR_M,7,212,2.0420000000001437,4.55399999999986,1,2.0
119,ERROR_M,7,213,1.8900000000001,6.923999999999978,0,2.0
119,ERROR_M,7,214,2.259999999999991,5.453999999999951,1,2.0
119,ERROR_M,7,215,2.0860000000000127,5.761999999999944,1,2.0
119,ERROR_M,7,216,1.9980000000000473,6.346000000000004,0,2.0
119,ERROR_M,7,217,1.9020000000000437,7.36200000000008,0,2.0
119,ERROR_M,7,218,2.119999999999891,8.019999999999982,1,2.0
119,ERROR_M,7,219,2.186000000000149,13.783999999999878,1,2.0
119,ERROR_M,7,220,1.816000000000031,3.9939999999999145,0,2.0
119,ERROR_M,7,221,2.0060000000000855,4.788000000000011,1,2.0
119,ERROR_M,7,222,2.119999999999891,7.748000000000047,1,2.0
119,ERROR_M,7,223,1.9940000000001419,8.351999999999862,0,2.0
119,ERROR_M,7,224,1.9200000000000728,5.026000000000067,0,2.0
119,ERROR_M,7,225,1.97199999999998,285.1099999999999,0,2.0
119,ERROR_M,7,226,1.6520000000000437,3.380000000000109,0,2.0
119,ERROR_M,7,227,1.9079999999999018,3.6599999999998545,0,2.0
119,ERROR_M,7,228,2.0260000000002947,2.9099999999998545,1,2.0
119,ERROR_M,7,229,2.3739999999997963,5.200000000000273,1,2.0
119,ERROR_M,7,230,1.5540000000000873,5.951999999999771,0,2.0
119,ERROR_M,7,231,1.8260000000000218,2.4720000000002074,0,2.0
119,ERROR_M,7,232,1.5459999999998217,7.347999999999956,0,2.0
119,ERROR_M,7,233,1.8099999999999454,4.057999999999993,0,2.0
119,ERROR_M,7,234,1.8240000000000691,3.3980000000001382,0,2.0
119,ERROR_M,7,235,2.425999999999931,7.052000000000135,1,2.0
119,ERROR_M,7,236,2.117999999999938,8.065999999999804,1,2.0
119,ERROR_M,7,237,1.961999999999989,8.347999999999956,0,2.0
119,ERROR_M,7,238,2.1900000000000546,4.436000000000149,1,2.0
119,ERROR_M,7,239,2.0019999999999527,4.012000000000171,1,2.0
119,ERROR_M,7,240,1.9659999999998945,4.925999999999931,0,2.0
119,ERROR_M,7,241,1.7280000000000655,48.27399999999989,0,2.0
119,ERROR_M,7,242,1.8200000000001637,3.018000000000029,0,2.0
119,ERROR_M,7,243,1.8119999999998981,6.3539999999998145,0,2.0
119,ERROR_M,7,244,1.9380000000001019,2.83199999999988,0,2.0
119,ERROR_M,7,245,1.594000000000051,6.677999999999884,0,2.0
119,ERROR_M,7,246,2.188000000000102,2.632000000000062,1,2.0
119,ERROR_M,7,247,2.0979999999999563,7.755999999999858,1,2.0
119,ERROR_M,7,248,1.430000000000291,20.781999999999698,0,2.0
119,ERROR_M,7,249,1.9320000000002437,18.24200000000019,0,2.0
119,ERROR_M,7,250,2.1920000000000073,5.879999999999654,1,2.0
119,ERROR_M,7,251,2.286000000000058,3.9340000000001965,1,2.0
119,ERROR_M,7,252,2.019999999999982,6.076000000000022,1,2.0
119,ERROR_M,7,253,2.1839999999997417,3.568000000000211,1,2.0
119,ERROR_M,7,254,1.80600000000004,4.940000000000055,0,2.0
119,ERROR_M,7,255,1.7439999999996871,5.660000000000309,0,2.0
119,ERROR_M,7,256,1.8539999999998145,6.630000000000109,0,2.0
119,ERROR_M,7,257,1.7640000000001237,5.363999999999578,0,2.0
119,ERROR_M,7,258,1.9100000000003092,6.933999999999742,0,2.0
119,ERROR_M,7,259,1.9880000000002838,4.645999999999731,0,2.0
119,ERROR_M,7,260,1.8099999999999454,6.385999999999967,0,2.0
119,ERROR_M,7,261,2.0600000000004,7.4539999999997235,1,2.0
119,ERROR_M,7,262,1.9580000000000837,4.360000000000127,0,2.0
119,ERROR_M,7,263,1.9919999999997344,7.675999999999931,0,2.0
119,ERROR_M,7,264,1.8380000000001928,3.963999999999942,0,2.0
119,ERROR_M,7,265,1.9420000000000073,8.349999999999909,0,2.0
119,ERROR_M,7,266,2.1780000000003383,8.02599999999984,1,2.0
119,ERROR_M,7,267,2.349999999999909,2.9780000000000655,1,2.0
119,ERROR_M,7,268,1.594000000000051,2.931999999999789,0,2.0
119,ERROR_M,7,269,2.1159999999999854,2.688000000000102,1,2.0
119,ERROR_M,7,270,2.55600000000004,8.33600000000024,1,2.0
119,ERROR_M,7,271,1.849999999999909,7.699999999999818,0,2.0
119,ERROR_M,7,272,2.0019999999999527,7.588000000000193,1,2.0
119,ERROR_M,7,273,1.80600000000004,6.9659999999998945,0,2.0
119,ERROR_M,7,274,2.0599999999999454,2.8980000000001382,1,2.0
119,ERROR_M,7,275,2.043999999999869,4.1720000000000255,1,2.0
119,ERROR_M,7,276,2.063999999999851,3.5840000000002874,1,2.0
119,ERROR_M,7,277,1.6279999999997017,3.880000000000109,0,2.0
119,ERROR_M,7,278,1.58199999999988,6.938000000000102,0,2.0
119,ERROR_M,7,279,0.4920000000001892,0.016000000000076398,0,2.0
119,ERROR_M,7,280,1.4400000000000546,26.60799999999972,0,2.0
119,ERROR_M,7,281,1.6779999999998836,2.44399999999996,0,2.0
119,ERROR_M,7,282,1.7540000000003602,3.005999999999858,0,2.0
119,ERROR_M,7,283,1.7959999999998217,4.998000000000047,0,2.0
119,ERROR_M,7,284,2.012000000000171,4.88799999999992,1,2.0
119,ERROR_M,7,285,2.005999999999858,7.786000000000058,1,2.0
119,ERROR_M,7,286,1.8820000000000618,5.981999999999971,0,2.0
119,ERROR_M,7,287,1.8260000000000218,6.347999999999956,0,2.0
119,ERROR_M,7,288,2.132000000000062,6.800000000000182,1,2.0
119,ERROR_M,7,289,1.9679999999998472,7.949999999999818,0,2.0
119,ERROR_M,7,290,1.8880000000003747,4.351999999999862,0,2.0
119,ERROR_M,7,291,2.1979999999998654,4.094000000000051,1,2.0
119,ERROR_M,7,292,2.1599999999998545,4.9080000000003565,1,2.0
119,ERROR_M,7,293,1.9459999999999127,4.9780000000000655,0,2.0
119,ERROR_M,7,294,1.86200000000008,6.707999999999629,0,2.0
119,ERROR_M,7,295,2.1340000000000146,2.576000000000022,1,2.0
119,ERROR_M,7,296,1.8020000000001346,2.6799999999998363,0,2.0
119,ERROR_M,7,297,1.8299999999999272,3.0700000000001637,0,2.0
119,ERROR_M,7,298,1.6739999999999782,9.034000000000106,0,2.0
119,ERROR_M,7,299,1.8079999999999927,5.949999999999818,0,2.0
119,ERROR_M,7,300,1.768000000000029,6.382000000000062,0,2.0
119,ERROR_M,7,301,1.6660000000001673,6.985999999999876,0,2.0
119,ERROR_M,7,302,1.7139999999999418,7.407999999999902,0,2.0
119,ERROR_M,7,303,1.4020000000000437,,0,2.0
119,ERROR_M,8,1,1.2260000000000026,6.676000000000002,0,2.0
119,ERROR_M,8,2,1.6939999999999955,7.322000000000003,0,2.0
119,ERROR_M,8,3,1.7680000000000007,7.983999999999995,0,2.0
119,ERROR_M,8,4,1.6620000000000061,5.878,0,2.0
119,ERROR_M,8,5,1.8859999999999957,2.897999999999996,0,2.0
119,ERROR_M,8,6,2.0859999999999985,4.376000000000005,1,2.0
119,ERROR_M,8,7,1.7860000000000014,3.5559999999999974,0,2.0
119,ERROR_M,8,8,1.9620000000000033,5.609999999999999,0,2.0
119,ERROR_M,8,9,1.7560000000000002,2.3400000000000034,0,2.0
119,ERROR_M,8,10,2.1359999999999957,5.0,1,2.0
119,ERROR_M,8,11,1.8499999999999943,5.312000000000012,0,2.0
119,ERROR_M,8,12,2.1019999999999897,2.6920000000000073,1,2.0
119,ERROR_M,8,13,1.8739999999999952,6.286000000000001,0,2.0
119,ERROR_M,8,14,2.1779999999999973,6.986000000000018,1,2.0
119,ERROR_M,8,15,1.945999999999998,7.593999999999994,0,2.0
119,ERROR_M,8,16,1.8460000000000036,8.275999999999982,0,2.0
119,ERROR_M,8,17,1.7420000000000186,4.5919999999999845,0,2.0
119,ERROR_M,8,18,1.7280000000000086,3.359999999999985,0,2.0
119,ERROR_M,8,19,1.8680000000000234,3.9119999999999777,0,2.0
119,ERROR_M,8,20,2.1440000000000055,7.984000000000009,1,2.0
119,ERROR_M,8,21,1.6680000000000064,2.3819999999999766,0,2.0
119,ERROR_M,8,22,1.7360000000000184,3.377999999999986,0,2.0
119,ERROR_M,8,23,1.906000000000006,3.6040000000000134,0,2.0
119,ERROR_M,8,24,2.2879999999999825,5.006,1,2.0
119,ERROR_M,8,25,2.044000000000011,5.692000000000007,1,2.0
119,ERROR_M,8,26,1.8319999999999936,7.6200000000000045,0,2.0
119,ERROR_M,8,27,1.9019999999999868,8.659999999999997,0,2.0
119,ERROR_M,8,28,1.6940000000000168,2.725999999999999,0,2.0
119,ERROR_M,8,29,2.015999999999991,4.47999999999999,1,2.0
119,ERROR_M,8,30,1.8500000000000227,5.3279999999999745,0,2.0
119,ERROR_M,8,31,1.8400000000000034,6.3700000000000045,0,2.0
119,ERROR_M,8,32,1.774000000000001,6.607999999999976,0,2.0
119,ERROR_M,8,33,1.8380000000000223,7.353999999999985,0,2.0
119,ERROR_M,8,34,2.090000000000032,3.117999999999995,1,2.0
119,ERROR_M,8,35,1.6820000000000164,3.8839999999999577,0,2.0
119,ERROR_M,8,36,1.896000000000015,6.947999999999979,0,2.0
119,ERROR_M,8,37,1.8080000000000496,4.617999999999995,0,2.0
119,ERROR_M,8,38,2.1680000000000064,6.0499999999999545,1,2.0
119,ERROR_M,8,39,2.590000000000032,7.6059999999999945,1,2.0
119,ERROR_M,8,40,2.0160000000000196,7.9839999999999804,1,2.0
119,ERROR_M,8,41,2.1680000000000064,3.415999999999997,1,2.0
119,ERROR_M,8,42,2.062000000000012,8.406000000000006,1,2.0
119,ERROR_M,8,43,1.9379999999999882,6.657999999999959,0,2.0
119,ERROR_M,8,44,1.6899999999999977,3.5920000000000414,0,2.0
119,ERROR_M,8,45,1.9180000000000064,4.029999999999973,0,2.0
119,ERROR_M,8,46,1.72199999999998,4.6440000000000055,0,2.0
119,ERROR_M,8,47,1.867999999999995,5.2900000000000205,0,2.0
119,ERROR_M,8,48,1.872000000000014,3.0439999999999827,0,2.0
119,ERROR_M,8,49,1.7060000000000173,5.613999999999976,0,2.0
119,ERROR_M,8,50,1.7440000000000282,2.382000000000005,0,2.0
119,ERROR_M,8,51,2.0079999999999814,4.4080000000000155,1,2.0
119,ERROR_M,8,52,1.7439999999999714,4.890000000000043,0,2.0
119,ERROR_M,8,53,1.8979999999999677,6.314000000000021,0,2.0
119,ERROR_M,8,54,2.084000000000003,6.0499999999999545,1,2.0
119,ERROR_M,8,55,2.0820000000000505,7.0120000000000005,1,2.0
119,ERROR_M,8,56,1.697999999999979,3.033999999999992,0,2.0
119,ERROR_M,8,57,1.6519999999999868,7.312000000000012,0,2.0
119,ERROR_M,8,58,2.0579999999999927,6.722000000000037,1,2.0
119,ERROR_M,8,59,1.7419999999999618,4.720000000000027,0,2.0
119,ERROR_M,8,60,1.6359999999999673,6.924000000000035,0,2.0
119,ERROR_M,8,61,2.0,5.401999999999987,0,2.0
119,ERROR_M,8,62,2.0020000000000095,3.146000000000015,1,2.0
119,ERROR_M,8,63,1.9399999999999977,5.891999999999996,0,2.0
119,ERROR_M,8,64,2.0600000000000023,7.755999999999972,1,2.0
119,ERROR_M,8,65,1.9019999999999868,7.924000000000035,0,2.0
119,ERROR_M,8,66,1.9799999999999613,8.302000000000021,0,2.0
119,ERROR_M,8,67,2.052000000000021,3.4600000000000364,1,2.0
119,ERROR_M,8,68,2.019999999999982,7.397999999999911,1,2.0
119,ERROR_M,8,69,2.840000000000032,2.4060000000000628,1,2.0
119,ERROR_M,8,70,1.94399999999996,3.9260000000000446,0,2.0
119,ERROR_M,8,71,2.0519999999999072,4.4360000000000355,1,2.0
119,ERROR_M,8,72,1.858000000000061,4.8799999999999955,0,2.0
119,ERROR_M,8,73,1.7279999999999518,2.7140000000000555,0,2.0
119,ERROR_M,8,74,1.863999999999919,5.6299999999999955,0,2.0
119,ERROR_M,8,75,2.04200000000003,6.3799999999999955,1,2.0
119,ERROR_M,8,76,1.97199999999998,3.6380000000000337,0,2.0
119,ERROR_M,8,77,1.9220000000000255,3.963999999999942,0,2.0
119,ERROR_M,8,78,1.6660000000000537,4.611999999999966,0,2.0
119,ERROR_M,8,79,1.919999999999959,5.296000000000049,0,2.0
119,ERROR_M,8,80,1.8519999999999754,4.9080000000000155,0,2.0
119,ERROR_M,8,81,2.038000000000011,5.725999999999999,1,2.0
119,ERROR_M,8,82,2.1380000000000337,4.47199999999998,1,2.0
119,ERROR_M,8,83,2.0639999999999645,6.711999999999989,1,2.0
119,ERROR_M,8,84,1.7660000000000764,7.6059999999999945,0,2.0
119,ERROR_M,8,85,1.7699999999999818,7.337999999999965,0,2.0
119,ERROR_M,8,86,2.1340000000000146,8.043999999999983,1,2.0
119,ERROR_M,8,87,1.9560000000000173,8.385999999999967,0,2.0
119,ERROR_M,8,88,1.6100000000000136,3.717999999999961,0,2.0
119,ERROR_M,8,89,1.6460000000000719,4.029999999999973,0,2.0
119,ERROR_M,8,90,1.774000000000001,2.94399999999996,0,2.0
119,ERROR_M,8,91,2.060000000000059,6.087999999999965,1,2.0
119,ERROR_M,8,92,1.7939999999999827,6.326000000000022,0,2.0
119,ERROR_M,8,93,1.8999999999999773,2.3559999999999945,0,2.0
119,ERROR_M,8,94,1.8100000000000591,6.980000000000018,0,2.0
119,ERROR_M,8,95,2.0299999999999727,3.1480000000000246,1,2.0
119,ERROR_M,8,96,1.967999999999961,5.5639999999999645,0,2.0
119,ERROR_M,8,97,2.0300000000000864,6.67999999999995,1,2.0
119,ERROR_M,8,98,1.844000000000051,2.453999999999951,0,2.0
119,ERROR_M,8,99,1.947999999999979,7.6059999999999945,0,2.0
119,ERROR_M,8,100,1.8700000000000045,6.988000000000056,0,2.0
119,ERROR_M,8,101,1.8399999999999181,3.382000000000062,0,2.0
119,ERROR_M,8,102,1.7480000000000473,4.111999999999966,0,2.0
119,ERROR_M,8,103,2.52800000000002,2.975999999999999,1,2.0
119,ERROR_M,8,104,1.6459999999999582,0.07000000000005002,0,2.0
119,ERROR_M,8,105,0.32399999999995543,5.505999999999972,0,2.0
119,ERROR_M,8,106,1.9020000000000437,4.333999999999946,0,2.0
119,ERROR_M,8,107,2.0540000000000873,5.067999999999984,1,2.0
119,ERROR_M,8,108,1.9219999999999118,5.886000000000081,0,2.0
119,ERROR_M,8,109,2.1359999999999673,8.104000000000042,1,2.0
119,ERROR_M,8,110,1.8719999999999573,4.628000000000043,0,2.0
119,ERROR_M,8,111,1.8840000000000146,8.301999999999907,0,2.0
119,ERROR_M,8,112,1.830000000000041,2.6340000000000146,0,2.0
119,ERROR_M,8,113,1.65199999999993,6.30600000000004,0,2.0
119,ERROR_M,8,114,2.0779999999999745,3.754000000000019,1,2.0
119,ERROR_M,8,115,1.79200000000003,7.323999999999955,0,2.0
119,ERROR_M,8,116,2.01400000000001,5.066000000000031,1,2.0
119,ERROR_M,8,117,1.8999999999999773,6.385999999999967,0,2.0
119,ERROR_M,8,118,2.3420000000000982,6.73599999999999,1,2.0
119,ERROR_M,8,119,1.981999999999971,7.3659999999999854,0,2.0
119,ERROR_M,8,120,1.8039999999999736,5.79200000000003,0,2.0
119,ERROR_M,8,121,1.8899999999999864,5.461999999999989,0,2.0
119,ERROR_M,8,122,1.6539999999999964,4.548000000000002,0,2.0
119,ERROR_M,8,123,1.3999999999999773,7.176000000000045,0,2.0
119,ERROR_M,8,124,1.9099999999999682,19.78200000000004,0,2.0
119,ERROR_M,8,125,1.5739999999999554,3.6480000000000246,0,2.0
119,ERROR_M,8,126,1.7240000000000464,5.613999999999919,0,2.0
119,ERROR_M,8,127,1.7040000000000646,9.192000000000007,0,2.0
119,ERROR_M,8,128,0.34199999999998454,0.022000000000048203,0,2.0
119,ERROR_M,8,129,0.7239999999999327,62.19399999999996,0,2.0
119,ERROR_M,8,130,1.8179999999999836,8.310000000000173,0,2.0
119,ERROR_M,8,131,1.538000000000011,5.901999999999816,0,2.0
119,ERROR_M,8,132,1.9540000000001783,2.681999999999789,0,2.0
119,ERROR_M,8,133,1.6740000000002055,2.923999999999978,0,2.0
119,ERROR_M,8,134,1.6099999999999,2.286000000000058,0,2.0
119,ERROR_M,8,135,1.9500000000000455,3.9139999999999873,0,2.0
119,ERROR_M,8,136,1.83199999999988,6.296000000000049,0,2.0
119,ERROR_M,8,137,1.8460000000000036,6.907999999999902,0,2.0
119,ERROR_M,8,138,1.9540000000001783,7.265999999999849,0,2.0
119,ERROR_M,8,139,1.9700000000000273,7.638000000000147,0,2.0
119,ERROR_M,8,140,1.8059999999998126,6.676000000000158,0,2.0
119,ERROR_M,8,141,1.7859999999998308,7.966000000000122,0,2.0
119,ERROR_M,8,142,2.048000000000002,8.407999999999902,1,2.0
119,ERROR_M,8,143,0.2720000000001619,0.049999999999954525,0,2.0
119,ERROR_M,8,144,0.6040000000000418,5.3940000000000055,0,2.0
119,ERROR_M,8,145,1.6159999999999854,2.987999999999829,0,2.0
119,ERROR_M,8,146,2.4760000000001128,5.417999999999893,1,2.0
119,ERROR_M,8,147,1.6280000000001564,5.635999999999967,0,2.0
119,ERROR_M,8,148,1.9639999999999418,2.6539999999999964,0,2.0
119,ERROR_M,8,149,1.9239999999999782,4.936000000000149,0,2.0
119,ERROR_M,8,150,1.7159999999998945,3.9300000000000637,0,2.0
119,ERROR_M,8,151,1.8299999999999272,3.6700000000000728,0,2.0
119,ERROR_M,8,152,1.7899999999999636,4.291999999999916,0,2.0
119,ERROR_M,8,153,2.0140000000001237,3.6799999999998363,1,2.0
119,ERROR_M,8,154,1.7860000000000582,5.913999999999987,0,2.0
119,ERROR_M,8,155,1.91800000000012,6.652000000000044,0,2.0
119,ERROR_M,8,156,1.9939999999999145,2.9580000000000837,0,2.0
119,ERROR_M,8,157,2.1079999999999472,6.435999999999922,1,2.0
119,ERROR_M,8,158,1.9939999999999145,6.940000000000055,0,2.0
119,ERROR_M,8,159,1.8099999999999454,8.322000000000116,0,2.0
119,ERROR_M,8,160,1.97199999999998,5.587999999999965,0,2.0
119,ERROR_M,8,161,2.1700000000000728,4.046000000000049,1,2.0
119,ERROR_M,8,162,1.8999999999998636,4.286000000000058,0,2.0
119,ERROR_M,8,163,1.8840000000000146,4.903999999999996,0,2.0
119,ERROR_M,8,164,1.86200000000008,2.740000000000009,0,2.0
119,ERROR_M,8,165,1.8159999999998035,2.4580000000000837,0,2.0
119,ERROR_M,8,166,1.9939999999999145,3.3559999999999945,0,2.0
119,ERROR_M,8,167,2.1059999999999945,5.420000000000073,1,2.0
119,ERROR_M,8,168,1.9880000000000564,7.604000000000042,0,2.0
119,ERROR_M,8,169,2.048000000000002,8.018000000000029,1,2.0
119,ERROR_M,8,170,1.9919999999999618,4.586000000000013,0,2.0
119,ERROR_M,8,171,2.005999999999858,6.7280000000000655,1,2.0
119,ERROR_M,8,172,1.9239999999999782,3.5699999999999363,0,2.0
119,ERROR_M,8,173,2.1900000000000546,7.403999999999996,1,2.0
119,ERROR_M,8,174,2.02800000000002,6.026000000000067,1,2.0
119,ERROR_M,8,175,2.0139999999998963,6.402000000000044,1,2.0
119,ERROR_M,8,176,1.9020000000000437,3.9200000000000728,0,2.0
119,ERROR_M,8,177,1.8899999999998727,6.642000000000053,0,2.0
119,ERROR_M,8,178,1.7799999999999727,7.311999999999898,0,2.0
119,ERROR_M,8,179,1.816000000000031,7.6059999999999945,0,2.0
119,ERROR_M,8,180,1.9020000000000437,7.928000000000111,0,2.0
119,ERROR_M,8,181,1.8679999999999382,8.27800000000002,0,2.0
119,ERROR_M,8,182,1.6019999999998618,3.5800000000001546,0,2.0
119,ERROR_M,8,183,1.7239999999999327,6.892000000000053,0,2.0
119,ERROR_M,8,184,2.0160000000000764,2.4459999999999127,1,2.0
119,ERROR_M,8,185,1.5260000000000673,2.6079999999999472,0,2.0
119,ERROR_M,8,186,1.9600000000000364,2.933999999999969,0,2.0
119,ERROR_M,8,187,1.5519999999999072,4.336000000000013,0,2.0
119,ERROR_M,8,188,0.06999999999993634,0.018000000000029104,0,2.0
119,ERROR_M,8,189,0.6140000000000327,18.006000000000085,0,2.0
119,ERROR_M,8,190,1.793999999999869,5.638000000000147,0,2.0
119,ERROR_M,8,191,2.0019999999999527,4.985999999999876,1,2.0
119,ERROR_M,8,192,1.7160000000001219,3.63799999999992,0,2.0
119,ERROR_M,8,193,1.6900000000000546,5.370000000000118,0,2.0
119,ERROR_M,8,194,1.9119999999998072,5.916000000000167,0,2.0
119,ERROR_M,8,195,1.9459999999999127,5.298000000000002,0,2.0
119,ERROR_M,8,196,1.9220000000000255,5.587999999999965,0,2.0
119,ERROR_M,8,197,1.7980000000000018,6.304000000000087,0,2.0
119,ERROR_M,8,198,1.77800000000002,6.911999999999807,0,2.0
119,ERROR_M,8,199,2.1080000000001746,6.713999999999942,1,2.0
119,ERROR_M,8,200,1.8520000000000891,3.3579999999999472,0,2.0
119,ERROR_M,8,201,1.7300000000000182,4.907999999999902,0,2.0
119,ERROR_M,8,202,2.576000000000022,7.619999999999891,1,2.0
119,ERROR_M,8,203,1.9380000000001019,0.0340000000001055,0,2.0
119,ERROR_M,8,204,0.038000000000010914,7.851999999999862,0,2.0
119,ERROR_M,8,205,2.1400000000001,2.8079999999999927,1,2.0
119,ERROR_M,8,206,1.6179999999999382,8.309999999999945,0,2.0
119,ERROR_M,8,207,1.8260000000000218,5.882000000000062,0,2.0
119,ERROR_M,8,208,1.9379999999998745,2.8659999999999854,0,2.0
119,ERROR_M,8,209,1.9660000000001219,2.3659999999999854,0,2.0
119,ERROR_M,8,210,3.1520000000000437,9.38799999999992,1,2.0
119,ERROR_M,8,211,2.1140000000000327,7.438000000000102,1,2.0
119,ERROR_M,8,212,2.185999999999922,4.407999999999902,1,2.0
119,ERROR_M,8,213,1.9220000000000255,3.6259999999999764,0,2.0
119,ERROR_M,8,214,2.11200000000008,4.682000000000016,1,2.0
119,ERROR_M,8,215,2.0160000000000764,3.091999999999871,1,2.0
119,ERROR_M,8,216,1.740000000000009,4.600000000000136,0,2.0
119,ERROR_M,8,217,2.015999999999849,0.018000000000029104,1,2.0
119,ERROR_M,8,218,0.5499999999999545,4.276000000000067,0,2.0
119,ERROR_M,8,219,1.8140000000000782,4.9099999999998545,0,2.0
119,ERROR_M,8,220,1.9940000000001419,2.3299999999999272,0,2.0
119,ERROR_M,8,221,1.8179999999999836,4.304000000000087,0,2.0
119,ERROR_M,8,222,1.977999999999838,5.276000000000067,0,2.0
119,ERROR_M,8,223,1.7560000000000855,5.973999999999933,0,2.0
119,ERROR_M,8,224,1.7200000000000273,6.341999999999871,0,2.0
119,ERROR_M,8,225,1.8079999999999927,6.964000000000169,0,2.0
119,ERROR_M,8,226,1.990000000000009,3.627999999999929,0,2.0
119,ERROR_M,8,227,1.9359999999999218,7.282000000000153,0,2.0
119,ERROR_M,8,228,1.9139999999999873,3.285999999999831,0,2.0
119,ERROR_M,8,229,1.8760000000002037,6.611999999999853,0,2.0
119,ERROR_M,8,230,1.7820000000001528,8.31399999999985,0,2.0
119,ERROR_M,8,231,1.9400000000000546,5.660000000000082,0,2.0
119,ERROR_M,8,232,1.8539999999998145,7.628000000000156,0,2.0
119,ERROR_M,8,233,3.127999999999929,7.913999999999987,1,2.0
119,ERROR_M,8,234,2.094000000000051,2.821999999999889,1,2.0
119,ERROR_M,8,235,1.7280000000000655,2.344000000000051,0,2.0
119,ERROR_M,8,236,2.1359999999999673,6.011999999999944,1,2.0
119,ERROR_M,8,237,1.91599999999994,4.882000000000062,0,2.0
119,ERROR_M,8,238,1.928000000000111,6.9220000000000255,0,2.0
119,ERROR_M,8,239,2.2439999999999145,2.6820000000000164,1,2.0
119,ERROR_M,8,240,2.453999999999951,4.726000000000113,1,2.0
119,ERROR_M,8,241,1.9939999999999145,38.97000000000003,0,2.0
119,ERROR_M,8,242,1.5299999999999727,3.6800000000000637,0,2.0
119,ERROR_M,8,243,2.1520000000000437,7.4379999999998745,1,2.0
119,ERROR_M,8,244,1.2980000000000018,3.905999999999949,0,2.0
119,ERROR_M,8,245,1.9780000000000655,7.602000000000089,0,2.0
119,ERROR_M,8,246,1.788000000000011,6.639999999999873,0,2.0
119,ERROR_M,8,247,1.8460000000000036,7.932000000000016,0,2.0
119,ERROR_M,8,248,1.9800000000000182,8.273999999999887,0,2.0
119,ERROR_M,8,249,1.8760000000002037,5.619999999999891,0,2.0
119,ERROR_M,8,250,2.230000000000018,4.927999999999884,1,2.0
119,ERROR_M,8,251,1.6320000000000618,4.316000000000031,0,2.0
119,ERROR_M,8,252,1.8540000000000418,5.304000000000087,0,2.0
119,ERROR_M,8,253,2.2919999999999163,3.1579999999999018,1,2.0
119,ERROR_M,8,254,1.7100000000000364,6.607999999999947,0,2.0
119,ERROR_M,8,255,1.9320000000000164,4.8940000000000055,0,2.0
119,ERROR_M,8,256,2.0240000000001146,5.405999999999949,1,2.0
119,ERROR_M,8,257,1.7419999999999618,7.307999999999993,0,2.0
119,ERROR_M,8,258,1.9480000000000928,7.627999999999929,0,2.0
119,ERROR_M,8,259,1.956000000000131,4.611999999999853,0,2.0
119,ERROR_M,8,260,1.9139999999999873,25.758000000000038,0,2.0
119,ERROR_M,8,261,1.8940000000000055,2.3379999999999654,0,2.0
119,ERROR_M,8,262,2.491999999999962,3.3940000000000055,1,2.0
119,ERROR_M,8,263,2.231999999999971,6.012000000000171,1,2.0
119,ERROR_M,8,264,2.2899999999999636,8.032000000000153,1,2.0
119,ERROR_M,8,265,2.405999999999949,8.373999999999796,1,2.0
119,ERROR_M,8,266,2.119999999999891,6.970000000000255,1,2.0
119,ERROR_M,8,267,2.0,5.864000000000033,0,2.0
119,ERROR_M,8,268,2.019999999999982,6.398000000000138,1,2.0
119,ERROR_M,8,269,1.8339999999998327,2.661999999999807,0,2.0
119,ERROR_M,8,270,1.9160000000001673,2.936000000000149,0,2.0
119,ERROR_M,8,271,1.7179999999998472,3.6520000000000437,0,2.0
119,ERROR_M,8,272,1.9220000000000255,3.9719999999997526,0,2.0
119,ERROR_M,8,273,1.6960000000003674,5.643999999999778,0,2.0
119,ERROR_M,8,274,2.0019999999999527,6.028000000000247,1,2.0
119,ERROR_M,8,275,1.8840000000000146,7.317999999999756,0,2.0
119,ERROR_M,8,276,2.19399999999996,7.72400000000016,1,2.0
119,ERROR_M,8,277,1.961999999999989,4.2979999999997744,0,2.0
119,ERROR_M,8,278,2.068000000000211,6.449999999999818,1,2.0
119,ERROR_M,8,279,1.9580000000000837,6.579999999999927,0,2.0
119,ERROR_M,8,280,2.211999999999989,3.2040000000001783,1,2.0
119,ERROR_M,8,281,2.0540000000000873,6.998000000000047,1,2.0
119,ERROR_M,8,282,1.8579999999997199,7.9220000000000255,0,2.0
119,ERROR_M,8,283,2.099999999999909,5.016000000000076,1,2.0
119,ERROR_M,8,284,1.91800000000012,8.38799999999992,0,2.0
119,ERROR_M,8,285,2.1700000000000728,3.7159999999998945,1,2.0
119,ERROR_M,8,286,1.6860000000001492,3.3159999999998035,0,2.0
119,ERROR_M,8,287,2.0419999999999163,4.7020000000002256,1,2.0
119,ERROR_M,8,288,1.9540000000001783,3.8739999999997963,0,2.0
119,ERROR_M,8,289,1.981999999999971,5.288000000000011,0,2.0
119,ERROR_M,8,290,2.3640000000000327,2.617999999999938,1,2.0
119,ERROR_M,8,291,1.9679999999998472,2.644000000000233,0,2.0
119,ERROR_M,8,292,1.9719999999997526,2.6900000000000546,0,2.0
119,ERROR_M,8,293,1.9380000000001019,4.614000000000033,0,2.0
119,ERROR_M,8,294,2.11200000000008,3.487999999999829,1,2.0
119,ERROR_M,8,295,2.012000000000171,7.420000000000073,1,2.0
119,ERROR_M,8,296,1.8399999999996908,2.344000000000051,0,2.0
119,ERROR_M,8,297,1.8240000000000691,3.9459999999999127,0,2.0
119,ERROR_M,8,298,2.175999999999931,5.744000000000142,1,2.0
119,ERROR_M,8,299,2.5700000000001637,4.360000000000127,1,2.0
119,ERROR_M,8,300,1.8119999999998981,6.333999999999833,0,2.0
119,ERROR_M,8,301,2.0219999999999345,5.592000000000098,1,2.0
119,ERROR_M,8,302,2.16800000000012,7.721999999999753,1,2.0
119,ERROR_M,8,303,2.1159999999999854,5.164000000000215,1,2.0
119,ERROR_M,8,304,2.130000000000109,3.0219999999999345,1,2.0
119,ERROR_M,8,305,2.0,6.733999999999924,0,2.0
119,ERROR_M,8,306,2.1080000000001746,3.725999999999658,1,2.0
119,ERROR_M,8,307,1.7699999999999818,6.916000000000167,0,2.0
119,ERROR_M,8,308,2.1520000000000437,6.036000000000058,1,2.0
119,ERROR_M,8,309,1.9339999999997417,7.926000000000386,0,2.0
119,ERROR_M,8,310,2.1539999999999964,8.423999999999978,1,2.0
119,ERROR_M,8,311,1.893999999999778,7.313999999999851,0,2.0
119,ERROR_M,8,312,1.8840000000000146,6.30600000000004,0,2.0
119,ERROR_M,8,313,1.9259999999999309,7.6460000000001855,0,2.0
119,ERROR_M,8,314,2.1900000000000546,8.07400000000007,1,2.0
119,ERROR_M,8,315,2.0979999999999563,8.427999999999884,1,2.0
119,ERROR_M,8,316,2.0019999999999527,2.83199999999988,1,2.0
119,ERROR_M,8,317,2.1200000000003456,4.445999999999913,1,2.0
119,ERROR_M,8,318,2.161999999999807,3.844000000000051,1,2.0
119,ERROR_M,8,319,2.1399999999998727,2.9400000000000546,1,2.0
119,ERROR_M,8,320,1.7340000000003783,13.101999999999862,0,2.0
119,ERROR_M,8,321,2.16800000000012,3.155999999999949,1,2.0
119,ERROR_M,8,322,2.0919999999996435,4.47400000000016,1,2.0
119,ERROR_M,8,323,1.9459999999999127,4.622000000000298,0,2.0
119,ERROR_M,8,324,1.9339999999997417,5.2800000000002,0,2.0
119,ERROR_M,8,325,1.9679999999998472,5.597999999999956,0,2.0
119,ERROR_M,8,326,2.2159999999998945,6.076000000000022,1,2.0
119,ERROR_M,8,327,1.9500000000002728,6.630000000000109,0,2.0
119,ERROR_M,8,328,2.075999999999567,7.010000000000218,1,2.0
119,ERROR_M,8,329,2.0239999999998872,5.05600000000004,1,2.0
119,ERROR_M,8,330,2.2200000000002547,6.763999999999669,1,2.0
119,ERROR_M,8,331,1.9720000000002074,8.95199999999977,0,2.0
119,ERROR_M,8,332,1.8600000000001273,8.300000000000182,0,2.0
119,ERROR_M,8,333,1.9839999999999236,6.927999999999884,0,2.0
119,ERROR_M,8,334,2.119999999999891,7.7140000000003965,1,2.0
119,ERROR_M,8,335,2.1359999999999673,5.7159999999998945,1,2.0
119,ERROR_M,8,336,2.1279999999997017,3.106000000000222,1,2.0
119,ERROR_M,8,337,2.1799999999998363,6.018000000000029,1,2.0
119,ERROR_M,8,338,1.8700000000003456,6.325999999999567,0,2.0
119,ERROR_M,8,339,1.9380000000001019,2.630000000000109,0,2.0
119,ERROR_M,8,340,2.5039999999999054,4.8840000000000146,1,2.0
119,ERROR_M,8,341,2.144000000000233,7.957999999999629,1,2.0
119,ERROR_M,8,342,2.1260000000002037,5.498000000000047,1,2.0
119,ERROR_M,8,343,1.8020000000001346,8.41399999999976,0,2.0
119,ERROR_M,8,344,1.6900000000000546,3.91800000000012,0,2.0
119,ERROR_M,8,345,2.2460000000000946,2.717999999999847,1,2.0
119,ERROR_M,8,346,2.5579999999999927,3.3359999999997854,1,2.0
119,ERROR_M,8,347,1.9900000000002365,4.329999999999927,0,2.0
119,ERROR_M,8,348,1.8899999999998727,4.664000000000215,0,2.0
119,ERROR_M,8,349,2.286000000000058,8.39599999999973,1,2.0
119,ERROR_M,8,350,2.062000000000353,2.957999999999629,1,2.0
119,ERROR_M,8,351,2.044000000000324,4.395999999999731,1,2.0
119,ERROR_M,8,352,1.8859999999999673,5.6159999999999854,0,2.0
119,ERROR_M,8,353,2.0840000000002874,7.011999999999716,1,2.0
119,ERROR_M,8,354,2.0640000000003056,4.725999999999658,1,2.0
119,ERROR_M,8,355,2.282000000000153,3.563999999999851,1,2.0
119,ERROR_M,8,356,2.1520000000000437,7.3840000000000146,1,2.0
119,ERROR_M,8,357,1.9020000000000437,5.302000000000135,0,2.0
119,ERROR_M,8,358,2.4580000000000837,2.619999999999891,1,2.0
119,ERROR_M,8,359,2.3719999999998436,6.9900000000002365,1,2.0
119,ERROR_M,8,360,2.043999999999869,4.987999999999829,1,2.0
119,ERROR_M,8,361,2.0920000000000982,7.742000000000189,1,2.0
119,ERROR_M,8,362,1.9659999999998945,2.9160000000001673,0,2.0
119,ERROR_M,8,363,2.1900000000000546,6.407999999999902,1,2.0
119,ERROR_M,8,364,2.231999999999971,3.80600000000004,1,2.0
119,ERROR_M,8,365,2.1799999999998363,8.061999999999898,1,2.0
119,ERROR_M,8,366,2.0,4.258000000000266,0,2.0
119,ERROR_M,8,367,2.4200000000000728,6.029999999999745,1,2.0
119,ERROR_M,8,368,1.9800000000000182,2.6460000000001855,0,2.0
119,ERROR_M,8,369,2.0799999999999272,5.0219999999999345,1,2.0
119,ERROR_M,8,370,2.1900000000000546,5.4539999999997235,1,2.0
119,ERROR_M,8,371,1.9780000000000655,6.968000000000302,0,2.0
119,ERROR_M,8,372,1.9220000000000255,7.30600000000004,0,2.0
119,ERROR_M,8,373,1.849999999999909,,0,2.0
119,ERROR_M,9,1,1.9279999999999973,8.312000000000005,0,2.0
119,ERROR_M,9,2,2.5799999999999983,6.661999999999999,1,2.0
119,ERROR_M,9,3,2.7139999999999986,7.944000000000003,1,2.0
119,ERROR_M,9,4,2.503999999999998,7.3160000000000025,1,2.0
119,ERROR_M,9,5,2.5120000000000005,2.2680000000000007,1,2.0
119,ERROR_M,9,6,2.445999999999998,4.537999999999997,1,2.0
119,ERROR_M,9,7,2.156000000000006,4.7180000000000035,1,2.0
119,ERROR_M,9,8,1.9979999999999905,3.6300000000000097,0,2.0
119,ERROR_M,9,9,0.24399999999999977,0.018000000000000682,0,2.0
119,ERROR_M,9,10,0.3719999999999999,24.39,0,2.0
119,ERROR_M,9,11,2.215999999999994,3.093999999999994,1,2.0
119,ERROR_M,9,12,1.8520000000000039,4.860000000000014,0,2.0
119,ERROR_M,9,13,2.2779999999999916,2.740000000000009,1,2.0
119,ERROR_M,9,14,2.113999999999976,3.404000000000025,1,2.0
119,ERROR_M,9,15,2.1799999999999784,5.361999999999995,1,2.0
119,ERROR_M,9,16,1.8540000000000134,5.593999999999994,0,2.0
119,ERROR_M,9,17,1.6740000000000066,5.877999999999986,0,2.0
119,ERROR_M,9,18,2.0940000000000225,6.385999999999996,1,2.0
119,ERROR_M,9,19,2.0439999999999827,6.9620000000000175,1,2.0
119,ERROR_M,9,20,1.9379999999999882,7.6440000000000055,0,2.0
119,ERROR_M,9,21,1.9020000000000152,6.553999999999974,0,2.0
119,ERROR_M,9,22,1.934000000000026,6.867999999999995,0,2.0
119,ERROR_M,9,23,2.0519999999999925,2.734000000000009,1,2.0
119,ERROR_M,9,24,1.9559999999999889,7.2620000000000005,0,2.0
119,ERROR_M,9,25,1.891999999999996,7.560000000000002,0,2.0
119,ERROR_M,9,26,2.0500000000000114,8.0,1,2.0
119,ERROR_M,9,27,2.1939999999999884,8.427999999999997,1,2.0
119,ERROR_M,9,28,2.054000000000002,3.9679999999999893,1,2.0
119,ERROR_M,9,29,1.9979999999999905,3.6620000000000346,0,2.0
119,ERROR_M,9,30,1.9560000000000173,0.04599999999999227,0,2.0
119,ERROR_M,9,31,0.02400000000000091,3.291999999999973,0,2.0
119,ERROR_M,9,32,1.9639999999999986,4.567999999999984,0,2.0
119,ERROR_M,9,33,1.782000000000039,4.901999999999987,0,2.0
119,ERROR_M,9,34,2.0219999999999914,5.446000000000026,1,2.0
119,ERROR_M,9,35,2.1759999999999877,5.8799999999999955,1,2.0
119,ERROR_M,9,36,1.9599999999999795,5.850000000000023,0,2.0
119,ERROR_M,9,37,1.9399999999999977,4.315999999999974,0,2.0
119,ERROR_M,9,38,2.684000000000026,2.329999999999984,1,2.0
119,ERROR_M,9,39,2.222000000000037,3.0679999999999836,1,2.0
119,ERROR_M,9,40,2.0299999999999727,6.3559999999999945,1,2.0
119,ERROR_M,9,41,2.236000000000047,3.2399999999999523,1,2.0
119,ERROR_M,9,42,2.3220000000000027,5.746000000000038,1,2.0
119,ERROR_M,9,43,1.9699999999999704,3.9120000000000346,0,2.0
119,ERROR_M,9,44,1.9319999999999595,3.626000000000033,0,2.0
119,ERROR_M,9,45,1.9540000000000077,4.2479999999999905,0,2.0
119,ERROR_M,9,46,2.156000000000006,6.663999999999987,1,2.0
119,ERROR_M,9,47,2.2900000000000205,7.67999999999995,1,2.0
119,ERROR_M,9,48,2.0820000000000505,6.97199999999998,1,2.0
119,ERROR_M,9,49,1.8979999999999677,4.878000000000043,0,2.0
119,ERROR_M,9,50,2.0919999999999845,4.819999999999993,1,2.0
119,ERROR_M,9,51,1.9460000000000264,7.901999999999987,0,2.0
119,ERROR_M,9,52,2.1680000000000064,2.538000000000011,1,2.0
119,ERROR_M,9,53,2.4499999999999886,5.399999999999977,1,2.0
119,ERROR_M,9,54,1.9360000000000355,8.345999999999947,0,2.0
119,ERROR_M,9,55,2.1020000000000323,5.981999999999971,1,2.0
119,ERROR_M,9,56,1.9260000000000446,2.669999999999959,0,2.0
119,ERROR_M,9,57,2.1779999999999973,7.390000000000043,1,2.0
119,ERROR_M,9,58,2.156000000000006,6.419999999999959,1,2.0
119,ERROR_M,9,59,2.150000000000034,3.475999999999999,1,2.0
119,ERROR_M,9,60,2.0120000000000005,2.882000000000005,1,2.0
119,ERROR_M,9,61,2.1200000000000045,6.371999999999957,1,2.0
119,ERROR_M,9,62,2.1280000000000427,7.727999999999952,1,2.0
119,ERROR_M,9,63,2.1480000000000246,6.704000000000008,1,2.0
119,ERROR_M,9,64,1.8519999999999754,7.911999999999978,0,2.0
119,ERROR_M,9,65,2.187999999999988,8.448000000000093,1,2.0
119,ERROR_M,9,66,2.12399999999991,4.3799999999999955,1,2.0
119,ERROR_M,9,67,2.0400000000000773,7.453999999999951,1,2.0
119,ERROR_M,9,68,2.1620000000000346,3.1280000000000427,1,2.0
119,ERROR_M,9,69,2.0139999999998963,2.3880000000000337,1,2.0
119,ERROR_M,9,70,2.3179999999999836,3.4120000000000346,1,2.0
119,ERROR_M,9,71,2.6340000000000146,4.6200000000000045,1,2.0
119,ERROR_M,9,72,2.0799999999999272,5.4220000000000255,1,2.0
119,ERROR_M,9,73,1.9780000000000655,5.586000000000013,0,2.0
119,ERROR_M,9,74,2.0679999999999836,6.019999999999982,1,2.0
119,ERROR_M,9,75,2.312000000000012,3.754000000000019,1,2.0
119,ERROR_M,9,76,2.47199999999998,4.27800000000002,1,2.0
119,ERROR_M,9,77,2.033999999999992,5.039999999999964,1,2.0
119,ERROR_M,9,78,2.2340000000000373,6.963999999999942,1,2.0
119,ERROR_M,9,79,2.3319999999999936,7.710000000000036,1,2.0
119,ERROR_M,9,80,2.0979999999999563,8.038000000000011,1,2.0
119,ERROR_M,9,81,2.1820000000000164,8.395999999999958,1,2.0
119,ERROR_M,9,82,2.036000000000058,2.5219999999999345,1,2.0
119,ERROR_M,9,83,2.8360000000000127,2.910000000000082,1,2.0
119,ERROR_M,9,84,2.1059999999999945,4.461999999999989,1,2.0
119,ERROR_M,9,85,2.245999999999981,7.111999999999966,1,2.0
119,ERROR_M,9,86,2.368000000000052,5.005999999999972,1,2.0
119,ERROR_M,9,87,2.22199999999998,6.402000000000044,1,2.0
119,ERROR_M,9,88,1.933999999999969,3.3780000000000427,0,2.0
119,ERROR_M,9,89,2.201999999999998,4.867999999999938,1,2.0
119,ERROR_M,9,90,2.6639999999999873,3.5200000000000955,1,2.0
119,ERROR_M,9,91,2.1299999999999955,4.111999999999966,1,2.0
119,ERROR_M,9,92,2.1399999999999864,5.447999999999979,1,2.0
119,ERROR_M,9,93,2.1860000000000355,5.720000000000027,1,2.0
119,ERROR_M,9,94,2.0359999999999445,3.991999999999962,1,2.0
119,ERROR_M,9,95,2.9120000000000346,6.59800000000007,1,2.0
119,ERROR_M,9,96,2.133999999999901,6.9780000000000655,1,2.0
119,ERROR_M,9,97,2.0559999999999263,7.424000000000092,1,2.0
119,ERROR_M,9,98,2.0179999999999154,5.446000000000026,1,2.0
119,ERROR_M,9,99,2.1119999999999663,3.9279999999999973,1,2.0
119,ERROR_M,9,100,2.1660000000000537,7.018000000000029,1,2.0
119,ERROR_M,9,101,2.685999999999922,7.310000000000059,1,2.0
119,ERROR_M,9,102,2.23599999999999,7.697999999999979,1,2.0
119,ERROR_M,9,103,2.1620000000000346,7.991999999999962,1,2.0
119,ERROR_M,9,104,2.1140000000000327,8.451999999999998,1,2.0
119,ERROR_M,9,105,2.0159999999999627,3.6580000000000155,1,2.0
119,ERROR_M,9,106,2.018000000000029,4.677999999999997,1,2.0
119,ERROR_M,9,107,1.8419999999999845,5.656000000000063,0,2.0
119,ERROR_M,9,108,2.25,2.5399999999999636,1,2.0
119,ERROR_M,9,109,2.533999999999992,2.963999999999942,1,2.0
119,ERROR_M,9,110,1.9300000000000637,3.991999999999962,0,2.0
119,ERROR_M,9,111,1.9880000000000564,4.88799999999992,0,2.0
119,ERROR_M,9,112,2.3559999999999945,2.9440000000000737,1,2.0
119,ERROR_M,9,113,3.5159999999999627,4.361999999999966,1,2.0
119,ERROR_M,9,114,2.2120000000001028,6.027999999999906,1,2.0
119,ERROR_M,9,115,2.1660000000000537,6.425999999999931,1,2.0
119,ERROR_M,9,116,2.01400000000001,6.711999999999989,1,2.0
119,ERROR_M,9,117,2.296000000000049,3.1480000000000246,1,2.0
119,ERROR_M,9,118,2.467999999999961,5.100000000000023,1,2.0
119,ERROR_M,9,119,3.344000000000051,3.919999999999959,1,2.0
119,ERROR_M,9,120,2.73599999999999,8.816000000000031,1,2.0
119,ERROR_M,9,121,2.4459999999999127,5.048000000000002,1,2.0
119,ERROR_M,9,122,2.018000000000029,4.413999999999987,1,2.0
119,ERROR_M,9,123,2.1720000000000255,4.710000000000036,1,2.0
119,ERROR_M,9,124,2.312000000000012,5.432000000000016,1,2.0
119,ERROR_M,9,125,2.2439999999999145,5.998000000000047,1,2.0
119,ERROR_M,9,126,2.1720000000000255,7.7439999999999145,1,2.0
119,ERROR_M,9,127,2.0720000000000027,8.008000000000038,1,2.0
119,ERROR_M,9,128,2.225999999999999,8.426000000000045,1,2.0
119,ERROR_M,9,129,1.9879999999999427,6.995999999999981,0,2.0
119,ERROR_M,9,130,1.9840000000000373,5.692000000000007,0,2.0
119,ERROR_M,9,131,2.296000000000049,6.720000000000027,1,2.0
119,ERROR_M,9,132,2.27800000000002,7.431999999999789,1,2.0
119,ERROR_M,9,133,2.490000000000009,2.908000000000129,1,2.0
119,ERROR_M,9,134,2.5879999999999654,3.2919999999999163,1,2.0
119,ERROR_M,9,135,2.1280000000001564,3.8759999999999764,1,2.0
119,ERROR_M,9,136,2.145999999999958,7.008000000000038,1,2.0
119,ERROR_M,9,137,1.9980000000000473,7.6039999999998145,0,2.0
119,ERROR_M,9,138,1.9080000000001291,7.913999999999987,0,2.0
119,ERROR_M,9,139,2.1299999999998818,6.402000000000044,1,2.0
119,ERROR_M,9,140,2.1620000000000346,6.024000000000115,1,2.0
119,ERROR_M,9,141,2.0779999999999745,3.8579999999999472,1,2.0
119,ERROR_M,9,142,2.173999999999978,5.1440000000000055,1,2.0
119,ERROR_M,9,143,1.8920000000000528,7.351999999999862,0,2.0
119,ERROR_M,9,144,1.86200000000008,8.031999999999925,0,2.0
119,ERROR_M,9,145,1.9580000000000837,8.329999999999927,0,2.0
119,ERROR_M,9,146,2.1560000000001764,4.733999999999924,1,2.0
119,ERROR_M,9,147,2.183999999999969,2.536000000000058,1,2.0
119,ERROR_M,9,148,2.1259999999999764,6.793999999999869,1,2.0
119,ERROR_M,9,149,2.3980000000001382,5.707999999999856,1,2.0
119,ERROR_M,9,150,2.078000000000202,4.601999999999862,1,2.0
119,ERROR_M,9,151,1.956000000000131,2.6340000000000146,0,2.0
119,ERROR_M,9,152,2.25,4.661999999999807,1,2.0
119,ERROR_M,9,153,2.908000000000129,3.3199999999999363,1,2.0
119,ERROR_M,9,154,2.0860000000000127,5.486000000000104,1,2.0
119,ERROR_M,9,155,1.77599999999984,4.3400000000001455,0,2.0
119,ERROR_M,9,156,1.9379999999998745,4.923999999999978,0,2.0
119,ERROR_M,9,157,2.0,6.012000000000171,0,2.0
119,ERROR_M,9,158,2.1039999999998145,7.402000000000044,1,2.0
119,ERROR_M,9,159,2.3120000000001255,3.2999999999999545,1,2.0
119,ERROR_M,9,160,2.481999999999971,7.701999999999998,1,2.0
119,ERROR_M,9,161,2.3299999999999272,7.008000000000038,1,2.0
119,ERROR_M,9,162,2.0519999999999072,3.9880000000000564,1,2.0
119,ERROR_M,9,163,2.231999999999971,5.716000000000122,1,2.0
119,ERROR_M,9,164,2.19399999999996,3.0499999999999545,1,2.0
119,ERROR_M,9,165,2.673999999999978,5.378000000000156,1,2.0
119,ERROR_M,9,166,2.237999999999829,6.72400000000016,1,2.0
119,ERROR_M,9,167,2.0219999999999345,8.029999999999973,1,2.0
119,ERROR_M,9,168,2.1620000000000346,2.6099999999999,1,2.0
119,ERROR_M,9,169,3.022000000000162,4.6039999999998145,1,2.0
119,ERROR_M,9,170,2.012000000000171,6.4220000000000255,1,2.0
119,ERROR_M,9,171,2.117999999999938,8.437999999999874,1,2.0
119,ERROR_M,9,172,2.382000000000062,3.7899999999999636,1,2.0
119,ERROR_M,9,173,2.0920000000000982,4.298000000000002,1,2.0
119,ERROR_M,9,174,2.675999999999931,6.592000000000098,1,2.0
119,ERROR_M,9,175,1.9079999999999018,6.1159999999999854,0,2.0
119,ERROR_M,9,176,2.2619999999999436,6.504000000000133,1,2.0
119,ERROR_M,9,177,1.75,3.7519999999999527,0,2.0
119,ERROR_M,9,178,1.8279999999999745,2.4039999999999964,0,2.0
119,ERROR_M,9,179,1.94600000000014,3.9279999999998836,0,2.0
119,ERROR_M,9,180,2.2660000000000764,4.710000000000036,1,2.0
119,ERROR_M,9,181,2.033999999999878,3.453999999999951,1,2.0
119,ERROR_M,9,182,2.19600000000014,2.8740000000000236,1,2.0
119,ERROR_M,9,183,2.091999999999871,3.1440000000000055,1,2.0
119,ERROR_M,9,184,2.451999999999998,7.382000000000062,1,2.0
119,ERROR_M,9,185,2.0119999999999436,7.720000000000027,1,2.0
119,ERROR_M,9,186,1.9639999999999418,0.060000000000172804,0,2.0
119,ERROR_M,9,187,0.08199999999987995,8.309999999999945,0,2.0
119,ERROR_M,9,188,1.9680000000000746,5.930000000000064,0,2.0
119,ERROR_M,9,189,2.515999999999849,5.310000000000173,1,2.0
119,ERROR_M,9,190,1.987999999999829,5.686000000000149,0,2.0
119,ERROR_M,9,191,1.9220000000000255,7.913999999999987,0,2.0
119,ERROR_M,9,192,1.8799999999998818,4.3120000000001255,0,2.0
119,ERROR_M,9,193,2.0399999999999636,7.097999999999956,1,2.0
119,ERROR_M,9,194,2.0699999999999363,8.070000000000164,1,2.0
119,ERROR_M,9,195,1.9859999999998763,107.13400000000001,0,2.0
119,ERROR_M,9,196,2.4020000000000437,7.47199999999998,1,2.0
119,ERROR_M,9,197,2.1440000000000055,2.730000000000018,1,2.0
119,ERROR_M,9,198,2.5860000000000127,11.991999999999962,1,2.0
119,ERROR_M,9,199,1.7439999999999145,3.5700000000001637,0,2.0
119,ERROR_M,9,200,1.9659999999998945,3.3859999999999673,0,2.0
119,ERROR_M,9,201,2.1720000000000255,3.9400000000000546,1,2.0
119,ERROR_M,9,202,2.2359999999998763,4.130000000000109,1,2.0
119,ERROR_M,9,203,2.046000000000049,4.823999999999842,1,2.0
119,ERROR_M,9,204,1.9139999999999873,4.326000000000022,0,2.0
119,ERROR_M,9,205,1.7660000000000764,5.627999999999929,0,2.0
119,ERROR_M,9,206,2.3279999999999745,6.444000000000187,1,2.0
119,ERROR_M,9,207,2.1920000000000073,5.259999999999991,1,2.0
119,ERROR_M,9,208,1.9559999999999036,5.288000000000011,0,2.0
119,ERROR_M,9,209,2.1980000000000928,6.125999999999976,1,2.0
119,ERROR_M,9,210,2.19399999999996,6.711999999999989,1,2.0
119,ERROR_M,9,211,2.1539999999999964,7.703999999999951,1,2.0
119,ERROR_M,9,212,1.9020000000000437,13.988000000000056,0,2.0
119,ERROR_M,9,213,2.089999999999918,4.903999999999996,1,2.0
119,ERROR_M,9,214,1.8979999999999109,2.616000000000213,0,2.0
119,ERROR_M,9,215,2.147999999999911,8.455999999999904,1,2.0
119,ERROR_M,9,216,2.0299999999999727,5.758000000000038,1,2.0
119,ERROR_M,9,217,2.3179999999999836,3.3320000000001073,1,2.0
119,ERROR_M,9,218,1.9939999999999145,3.30600000000004,0,2.0
119,ERROR_M,9,219,2.0240000000001146,4.781999999999925,1,2.0
119,ERROR_M,9,220,3.02800000000002,3.9139999999999873,1,2.0
119,ERROR_M,9,221,2.2180000000000746,6.419999999999845,1,2.0
119,ERROR_M,9,222,1.9640000000001692,11.91599999999994,0,2.0
119,ERROR_M,9,223,1.7519999999999527,29.786000000000058,0,2.0
119,ERROR_M,9,224,1.8699999999998909,13.872000000000071,0,2.0
119,ERROR_M,9,225,2.41599999999994,2.7719999999999345,1,2.0
119,ERROR_M,9,226,3.0440000000000964,3.6340000000000146,1,2.0
119,ERROR_M,9,227,1.9179999999998927,6.690000000000055,0,2.0
119,ERROR_M,9,228,2.0119999999999436,5.120000000000118,1,2.0
119,ERROR_M,9,229,2.5399999999999636,5.347999999999956,1,2.0
119,ERROR_M,9,230,2.1359999999999673,7.714000000000169,1,2.0
119,ERROR_M,9,231,2.145999999999958,8.009999999999991,1,2.0
119,ERROR_M,9,232,2.046000000000049,6.385999999999967,1,2.0
119,ERROR_M,9,233,2.2000000000000455,3.83199999999988,1,2.0
119,ERROR_M,9,234,2.0299999999999727,7.3940000000000055,1,2.0
119,ERROR_M,9,235,2.2640000000001237,7.371999999999844,1,2.0
119,ERROR_M,9,236,2.064000000000078,6.102000000000089,1,2.0
119,ERROR_M,9,237,2.127999999999929,3.5219999999999345,1,2.0
119,ERROR_M,9,238,2.4580000000000837,4.319999999999936,1,2.0
119,ERROR_M,9,239,4.186000000000149,5.305999999999813,1,2.0
119,ERROR_M,9,240,2.046000000000049,6.991999999999962,1,2.0
119,ERROR_M,9,241,2.0620000000001255,2.740000000000009,1,2.0
119,ERROR_M,9,242,2.091999999999871,6.776000000000067,1,2.0
119,ERROR_M,9,243,1.9680000000000746,7.675999999999931,0,2.0
119,ERROR_M,9,244,2.0,8.048000000000002,0,2.0
119,ERROR_M,9,245,1.8759999999999764,17.491999999999962,0,2.0
119,ERROR_M,9,246,1.9679999999998472,57.350000000000364,0,2.0
119,ERROR_M,9,247,1.6739999999999782,109.20800000000008,0,2.0
119,ERROR_M,9,248,1.781999999999698,2.380000000000109,0,2.0
119,ERROR_M,9,249,2.130000000000109,4.879999999999654,1,2.0
119,ERROR_M,9,250,2.4700000000002547,5.690000000000055,1,2.0
119,ERROR_M,9,251,1.8779999999997017,3.882000000000062,0,2.0
119,ERROR_M,9,252,1.7960000000002765,5.307999999999993,0,2.0
119,ERROR_M,9,253,1.8539999999998145,6.6340000000000146,0,2.0
119,ERROR_M,9,254,1.9600000000000364,2.3400000000001455,0,2.0
119,ERROR_M,9,255,2.2159999999998945,7.503999999999905,1,2.0
119,ERROR_M,9,256,2.3640000000000327,2.9479999999998654,1,2.0
119,ERROR_M,9,257,2.018000000000029,3.9079999999999018,1,2.0
119,ERROR_M,9,258,2.7640000000001237,6.33199999999988,1,2.0
119,ERROR_M,9,259,2.094000000000051,8.057999999999993,1,2.0
119,ERROR_M,9,260,2.050000000000182,8.438000000000102,1,2.0
119,ERROR_M,9,261,2.1539999999999964,6.5219999999999345,1,2.0
119,ERROR_M,9,262,2.58199999999988,3.36200000000008,1,2.0
119,ERROR_M,9,263,2.061999999999898,4.882000000000062,1,2.0
119,ERROR_M,9,264,2.244000000000142,5.807999999999993,1,2.0
119,ERROR_M,9,265,2.286000000000058,6.980000000000018,1,2.0
119,ERROR_M,9,266,1.94399999999996,10.849999999999909,0,2.0
119,ERROR_M,9,267,2.0659999999998035,7.760000000000218,1,2.0
119,ERROR_M,9,268,2.038000000000011,8.893999999999778,1,2.0
119,ERROR_M,9,269,1.818000000000211,2.875999999999749,0,2.0
119,ERROR_M,9,270,2.25400000000036,4.937999999999647,1,2.0
119,ERROR_M,9,271,2.2200000000002547,5.206000000000131,1,2.0
119,ERROR_M,9,272,2.2419999999997344,6.764000000000124,1,2.0
119,ERROR_M,9,273,1.9079999999999018,5.5900000000001455,0,2.0
119,ERROR_M,9,274,2.217999999999847,7.4099999999998545,1,2.0
119,ERROR_M,9,275,1.9640000000003965,6.931999999999789,0,2.0
119,ERROR_M,9,276,1.818000000000211,4.1479999999996835,0,2.0
119,ERROR_M,9,277,1.8279999999999745,7.600000000000364,0,2.0
119,ERROR_M,9,278,1.9859999999998763,7.958000000000084,0,2.0
119,ERROR_M,9,279,2.0299999999997453,3.9760000000001128,1,2.0
119,ERROR_M,9,280,2.1480000000001382,5.455999999999676,1,2.0
119,ERROR_M,9,281,2.0840000000002874,3.632000000000062,1,2.0
119,ERROR_M,9,282,2.0219999999999345,8.393999999999778,1,2.0
119,ERROR_M,9,283,2.1159999999999854,2.6920000000000073,1,2.0
119,ERROR_M,9,284,2.599999999999909,6.262000000000171,1,2.0
119,ERROR_M,9,285,2.0219999999999345,3.0599999999999454,1,2.0
119,ERROR_M,9,286,2.33600000000024,6.027999999999793,1,2.0
119,ERROR_M,9,287,2.0260000000002947,3.3840000000000146,1,2.0
119,ERROR_M,9,288,3.0919999999996435,4.3659999999999854,1,2.0
119,ERROR_M,9,289,1.8800000000001091,8.43600000000015,0,2.0
119,ERROR_M,9,290,1.7039999999997235,5.2800000000002,0,2.0
119,ERROR_M,9,291,2.0920000000000982,4.793999999999869,1,2.0
119,ERROR_M,9,292,2.117999999999938,3.1219999999998436,1,2.0
119,ERROR_M,9,293,2.3140000000003056,5.143999999999778,1,2.0
119,ERROR_M,9,294,2.2800000000002,5.77599999999984,1,2.0
119,ERROR_M,9,295,2.4960000000000946,5.981999999999971,1,2.0
119,ERROR_M,9,296,2.72400000000016,9.243999999999687,1,2.0
119,ERROR_M,9,297,2.100000000000364,2.981999999999971,1,2.0
119,ERROR_M,9,298,2.5299999999997453,3.318000000000211,1,2.0
119,ERROR_M,9,299,2.0160000000000764,4.649999999999636,1,2.0
119,ERROR_M,9,300,3.0700000000001637,6.326000000000022,1,2.0
119,ERROR_M,9,301,2.0659999999998035,7.446000000000367,1,2.0
119,ERROR_M,9,302,2.2959999999998217,7.679999999999836,1,2.0
119,ERROR_M,9,303,2.2580000000002656,6.996000000000095,1,2.0
119,ERROR_M,9,304,2.201999999999771,8.014000000000124,1,2.0
119,ERROR_M,9,305,2.4020000000000437,6.701999999999771,1,2.0
119,ERROR_M,9,306,2.1460000000001855,3.744000000000142,1,2.0
119,ERROR_M,9,307,3.0539999999996326,3.9839999999999236,1,2.0
119,ERROR_M,9,308,2.574000000000069,6.814000000000306,1,2.0
119,ERROR_M,9,309,2.649999999999636,6.982000000000426,1,2.0
119,ERROR_M,9,310,2.1539999999999964,6.737999999999829,1,2.0
119,ERROR_M,9,311,2.788000000000011,8.518000000000029,1,2.0
119,ERROR_M,9,312,1.8859999999999673,2.7899999999999636,0,2.0
119,ERROR_M,9,313,2.3479999999999563,6.0300000000002,1,2.0
119,ERROR_M,9,314,3.4039999999999964,7.011999999999716,1,2.0
119,ERROR_M,9,315,1.7519999999999527,,0,2.0
119,ERROR_M,10,1,2.754000000000005,7.295999999999999,1,2.0
119,ERROR_M,10,2,2.039999999999999,2.7220000000000013,1,2.0
119,ERROR_M,10,3,2.0060000000000002,3.971999999999994,1,2.0
119,ERROR_M,10,4,2.030000000000001,5.422000000000004,1,2.0
119,ERROR_M,10,5,1.759999999999998,5.890000000000001,0,2.0
119,ERROR_M,10,6,1.9399999999999977,6.858000000000004,0,2.0
119,ERROR_M,10,7,1.9539999999999935,2.8880000000000052,0,2.0
119,ERROR_M,10,8,1.9839999999999947,7.909999999999997,0,2.0
119,ERROR_M,10,9,2.0800000000000125,8.415999999999997,1,2.0
119,ERROR_M,10,10,2.067999999999998,2.549999999999997,1,2.0
119,ERROR_M,10,11,1.9480000000000075,3.2579999999999956,0,2.0
119,ERROR_M,10,12,1.8179999999999978,5.552000000000007,0,2.0
119,ERROR_M,10,13,1.8819999999999908,6.340000000000003,0,2.0
119,ERROR_M,10,14,1.9899999999999949,4.5600000000000165,0,2.0
119,ERROR_M,10,15,1.8259999999999934,6.609999999999985,0,2.0
119,ERROR_M,10,16,2.0020000000000095,7.701999999999998,1,2.0
119,ERROR_M,10,17,1.7860000000000014,3.622000000000014,0,2.0
119,ERROR_M,10,18,2.1899999999999977,4.415999999999997,1,2.0
119,ERROR_M,10,19,2.2339999999999804,4.968000000000018,1,2.0
119,ERROR_M,10,20,2.078000000000003,4.013999999999982,1,2.0
119,ERROR_M,10,21,2.01400000000001,6.372000000000014,1,2.0
119,ERROR_M,10,22,2.137999999999977,3.4720000000000084,1,2.0
119,ERROR_M,10,23,2.3160000000000025,6.6839999999999975,1,2.0
119,ERROR_M,10,24,2.0039999999999907,7.02000000000001,1,2.0
119,ERROR_M,10,25,2.116000000000014,7.739999999999981,1,2.0
119,ERROR_M,10,26,2.0320000000000107,5.397999999999996,1,2.0
119,ERROR_M,10,27,2.1119999999999948,3.1500000000000057,1,2.0
119,ERROR_M,10,28,2.3259999999999934,2.6839999999999975,1,2.0
119,ERROR_M,10,29,2.4420000000000073,4.454000000000008,1,2.0
119,ERROR_M,10,30,1.9239999999999782,4.610000000000014,0,2.0
119,ERROR_M,10,31,1.73599999999999,5.621999999999986,0,2.0
119,ERROR_M,10,32,1.910000000000025,5.903999999999996,0,2.0
119,ERROR_M,10,33,2.0319999999999823,7.951999999999998,1,2.0
119,ERROR_M,10,34,1.7420000000000186,4.947999999999979,0,2.0
119,ERROR_M,10,35,1.8360000000000127,8.314000000000021,0,2.0
119,ERROR_M,10,36,1.7520000000000095,4.367999999999995,0,2.0
119,ERROR_M,10,37,1.8240000000000123,7.343999999999994,0,2.0
119,ERROR_M,10,38,1.947999999999979,3.593999999999994,0,2.0
119,ERROR_M,10,39,2.22199999999998,6.382000000000005,1,2.0
119,ERROR_M,10,40,1.9279999999999973,6.596000000000004,0,2.0
119,ERROR_M,10,41,2.2100000000000364,7.433999999999969,1,2.0
119,ERROR_M,10,42,2.0160000000000196,7.683999999999969,1,2.0
119,ERROR_M,10,43,2.0540000000000305,5.687999999999988,1,2.0
119,ERROR_M,10,44,1.98599999999999,7.984000000000037,0,2.0
119,ERROR_M,10,45,2.0079999999999814,3.75,1,2.0
119,ERROR_M,10,46,1.9259999999999877,6.889999999999986,0,2.0
119,ERROR_M,10,47,2.6480000000000246,8.300000000000011,1,2.0
119,ERROR_M,10,48,1.8279999999999745,3.140000000000043,0,2.0
119,ERROR_M,10,49,1.7719999999999914,3.2939999999999827,0,2.0
119,ERROR_M,10,50,2.0600000000000023,4.437999999999988,1,2.0
119,ERROR_M,10,51,1.8260000000000218,4.653999999999996,0,2.0
119,ERROR_M,10,52,1.9839999999999804,5.302000000000021,0,2.0
119,ERROR_M,10,53,1.853999999999985,4.901999999999987,0,2.0
119,ERROR_M,10,54,0.27600000000001046,0.0020000000000095497,0,2.0
119,ERROR_M,10,55,0.5,4.76400000000001,0,2.0
119,ERROR_M,10,56,1.9559999999999604,2.3640000000000327,0,2.0
119,ERROR_M,10,57,1.9879999999999995,2.659999999999968,0,2.0
119,ERROR_M,10,58,2.312000000000012,6.03000000000003,1,2.0
119,ERROR_M,10,59,2.269999999999982,4.434000000000026,1,2.0
119,ERROR_M,10,60,1.9779999999999518,7.618000000000052,0,2.0
119,ERROR_M,10,61,2.1719999999999686,3.54200000000003,1,2.0
119,ERROR_M,10,62,2.137999999999977,7.396000000000015,1,2.0
119,ERROR_M,10,63,2.2299999999999613,6.406000000000006,1,2.0
119,ERROR_M,10,64,2.117999999999995,5.720000000000027,1,2.0
119,ERROR_M,10,65,2.3619999999999663,6.994000000000028,1,2.0
119,ERROR_M,10,66,2.0960000000000036,5.999999999999943,1,2.0
119,ERROR_M,10,67,2.1059999999999945,3.1340000000000146,1,2.0
119,ERROR_M,10,68,2.088000000000079,3.949999999999932,1,2.0
119,ERROR_M,10,69,2.3980000000000246,6.745999999999981,1,2.0
119,ERROR_M,10,70,2.046000000000049,8.039999999999964,1,2.0
119,ERROR_M,10,71,2.1620000000000346,8.433999999999969,1,2.0
119,ERROR_M,10,72,2.0120000000000573,4.7999999999999545,1,2.0
119,ERROR_M,10,73,1.9160000000000537,2.533999999999992,0,2.0
119,ERROR_M,10,74,2.5399999999999636,2.72199999999998,1,2.0
119,ERROR_M,10,75,1.9880000000000564,3.8339999999999463,0,2.0
119,ERROR_M,10,76,2.104000000000042,5.045999999999935,1,2.0
119,ERROR_M,10,77,1.9800000000000182,5.312000000000012,0,2.0
119,ERROR_M,10,78,2.118000000000052,2.919999999999959,1,2.0
119,ERROR_M,10,79,2.1380000000000337,0.049999999999954525,1,2.0
119,ERROR_M,10,80,0.20000000000004547,6.027999999999906,0,2.0
119,ERROR_M,10,81,2.1560000000000628,8.02800000000002,1,2.0
119,ERROR_M,10,82,2.0860000000000127,5.043999999999983,1,2.0
119,ERROR_M,10,83,2.169999999999959,8.433999999999969,1,2.0
119,ERROR_M,10,84,1.9540000000000646,2.9080000000000155,0,2.0
119,ERROR_M,10,85,2.141999999999939,3.59800000000007,1,2.0
119,ERROR_M,10,86,2.44399999999996,4.451999999999998,1,2.0
119,ERROR_M,10,87,2.391999999999939,2.4460000000000264,1,2.0
119,ERROR_M,10,88,2.1019999999999754,3.8500000000000227,1,2.0
119,ERROR_M,10,89,2.23599999999999,4.82000000000005,1,2.0
119,ERROR_M,10,90,2.17999999999995,4.446000000000026,1,2.0
119,ERROR_M,10,91,1.7899999999999636,5.586000000000013,0,2.0
119,ERROR_M,10,92,2.187999999999988,6.426000000000045,1,2.0
119,ERROR_M,10,93,2.1440000000000055,6.7000000000000455,1,2.0
119,ERROR_M,10,94,2.161999999999921,6.97199999999998,1,2.0
119,ERROR_M,10,95,2.090000000000032,7.4080000000000155,1,2.0
119,ERROR_M,10,96,2.5120000000000573,7.635999999999967,1,2.0
119,ERROR_M,10,97,2.201999999999998,5.418000000000006,1,2.0
119,ERROR_M,10,98,2.033999999999992,6.682000000000016,1,2.0
119,ERROR_M,10,99,2.141999999999939,7.4080000000000155,1,2.0
119,ERROR_M,10,100,2.1140000000000327,7.713999999999942,1,2.0
119,ERROR_M,10,101,2.0200000000000955,8.031999999999925,1,2.0
119,ERROR_M,10,102,2.3179999999999836,8.427999999999997,1,2.0
119,ERROR_M,10,103,2.274000000000001,3.812000000000012,1,2.0
119,ERROR_M,10,104,1.8319999999999936,6.048000000000002,0,2.0
119,ERROR_M,10,105,2.11200000000008,2.683999999999969,1,2.0
119,ERROR_M,10,106,3.5919999999999845,3.2519999999999527,1,2.0
119,ERROR_M,10,107,2.4640000000000555,5.451999999999998,1,2.0
119,ERROR_M,10,108,2.3500000000000227,4.453999999999951,1,2.0
119,ERROR_M,10,109,2.0539999999999736,3.0440000000000964,1,2.0
119,ERROR_M,10,110,4.361999999999966,4.889999999999986,1,2.0
119,ERROR_M,10,111,2.004000000000019,5.435999999999922,1,2.0
119,ERROR_M,10,112,2.1240000000000236,7.053999999999974,1,2.0
119,ERROR_M,10,113,2.004000000000019,4.77800000000002,1,2.0
119,ERROR_M,10,114,2.409999999999968,4.386000000000081,1,2.0
119,ERROR_M,10,115,2.1000000000000227,6.097999999999956,1,2.0
119,ERROR_M,10,116,2.1440000000000055,6.398000000000025,1,2.0
119,ERROR_M,10,117,2.631999999999948,4.525999999999954,1,2.0
119,ERROR_M,10,118,1.6160000000000991,4.645999999999958,0,2.0
119,ERROR_M,10,119,1.8619999999999663,5.326000000000022,0,2.0
119,ERROR_M,10,120,2.004000000000019,6.4080000000000155,1,2.0
119,ERROR_M,10,121,2.1539999999999964,7.011999999999944,1,2.0
119,ERROR_M,10,122,2.0020000000000664,4.909999999999968,1,2.0
119,ERROR_M,10,123,1.8260000000000218,7.586000000000013,0,2.0
119,ERROR_M,10,124,1.9660000000000082,5.909999999999968,0,2.0
119,ERROR_M,10,125,1.905999999999949,7.951999999999998,0,2.0
119,ERROR_M,10,126,1.8840000000000146,3.6960000000000264,0,2.0
119,ERROR_M,10,127,1.844000000000051,7.353999999999928,0,2.0
119,ERROR_M,10,128,2.3220000000000027,6.697999999999979,1,2.0
119,ERROR_M,10,129,2.060000000000059,8.43999999999994,1,2.0
119,ERROR_M,10,130,2.1200000000000045,5.033999999999992,1,2.0
119,ERROR_M,10,131,2.1299999999999955,3.3460000000000036,1,2.0
119,ERROR_M,10,132,2.5060000000000855,3.3220000000000027,1,2.0
119,ERROR_M,10,133,2.038000000000011,4.061999999999898,1,2.0
119,ERROR_M,10,134,2.5579999999999927,5.611999999999966,1,2.0
119,ERROR_M,10,135,2.19600000000014,2.8759999999999764,1,2.0
119,ERROR_M,10,136,2.2359999999998763,3.0620000000001255,1,2.0
119,ERROR_M,10,137,2.711999999999989,8.34199999999987,1,2.0
119,ERROR_M,10,138,2.1400000000001,5.412000000000035,1,2.0
119,ERROR_M,10,139,2.3899999999998727,4.720000000000027,1,2.0
119,ERROR_M,10,140,2.324000000000069,3.7460000000000946,1,2.0
119,ERROR_M,10,141,2.2259999999998854,6.430000000000064,1,2.0
119,ERROR_M,10,142,2.2439999999999145,7.4500000000000455,1,2.0
119,ERROR_M,10,143,2.33400000000006,8.015999999999849,1,2.0
119,ERROR_M,10,144,2.27800000000002,3.6560000000001764,1,2.0
119,ERROR_M,10,145,2.1440000000000055,4.209999999999809,1,2.0
119,ERROR_M,10,146,2.046000000000049,2.7460000000000946,1,2.0
119,ERROR_M,10,147,2.3599999999999,6.024000000000115,1,2.0
119,ERROR_M,10,148,2.4379999999998745,3.1000000000001364,1,2.0
119,ERROR_M,10,149,2.717999999999847,5.61200000000008,1,2.0
119,ERROR_M,10,150,2.066000000000031,6.967999999999847,1,2.0
119,ERROR_M,10,151,2.0300000000002,7.013999999999896,1,2.0
119,ERROR_M,10,152,2.3120000000001255,5.017999999999802,1,2.0
119,ERROR_M,10,153,2.173999999999978,4.554000000000087,1,2.0
119,ERROR_M,10,154,2.099999999999909,7.72400000000016,1,2.0
119,ERROR_M,10,155,2.1140000000000327,2.425999999999931,1,2.0
119,ERROR_M,10,156,2.150000000000091,8.571999999999889,1,2.0
119,ERROR_M,10,157,1.6759999999999309,4.314000000000078,0,2.0
119,ERROR_M,10,158,2.1700000000000728,4.83199999999988,1,2.0
119,ERROR_M,10,159,2.0299999999999727,3.1380000000001473,1,2.0
119,ERROR_M,10,160,3.285999999999831,7.332000000000107,1,2.0
119,ERROR_M,10,161,2.324000000000069,5.455999999999904,1,2.0
119,ERROR_M,10,162,2.594000000000051,2.9700000000000273,1,2.0
119,ERROR_M,10,163,4.826000000000022,9.125999999999976,1,2.0
119,ERROR_M,10,164,1.6199999999998909,14.804000000000087,0,2.0
119,ERROR_M,10,165,1.8119999999998981,20.61200000000008,0,2.0
119,ERROR_M,10,166,1.6079999999999472,34.05400000000009,0,2.0
119,ERROR_M,10,167,1.8979999999999109,7.892000000000053,0,2.0
119,ERROR_M,10,168,1.8179999999999836,3.9980000000000473,0,2.0
119,ERROR_M,10,169,2.1639999999999873,5.036000000000058,1,2.0
119,ERROR_M,10,170,1.8339999999998327,3.3500000000001364,0,2.0
119,ERROR_M,10,171,2.1520000000000437,6.451999999999998,1,2.0
119,ERROR_M,10,172,2.1499999999998636,7.183999999999969,1,2.0
119,ERROR_M,10,173,2.0420000000001437,8.405999999999949,1,2.0
119,ERROR_M,10,174,2.1340000000000146,2.77800000000002,1,2.0
119,ERROR_M,10,175,3.3719999999998436,3.9760000000001128,1,2.0
119,ERROR_M,10,176,2.4020000000000437,4.837999999999965,1,2.0
119,ERROR_M,10,177,2.1099999999999,3.908000000000129,1,2.0
119,ERROR_M,10,178,2.4579999999998563,4.900000000000091,1,2.0
119,ERROR_M,10,179,1.9500000000000455,6.563999999999851,0,2.0
119,ERROR_M,10,180,2.4120000000000346,6.094000000000051,1,2.0
119,ERROR_M,10,181,2.201999999999998,6.798000000000002,1,2.0
119,ERROR_M,10,182,2.1959999999999127,5.524000000000115,1,2.0
119,ERROR_M,10,183,2.1820000000000164,7.707999999999856,1,2.0
119,ERROR_M,10,184,2.352000000000089,8.034000000000106,1,2.0
119,ERROR_M,10,185,2.4759999999998854,6.420000000000073,1,2.0
119,ERROR_M,10,186,2.132000000000062,8.405999999999949,1,2.0
119,ERROR_M,10,187,2.7359999999998763,7.310000000000173,1,2.0
119,ERROR_M,10,188,2.1879999999998745,3.30600000000004,1,2.0
119,ERROR_M,10,189,2.1620000000000346,7.038000000000011,1,2.0
119,ERROR_M,10,190,1.9579999999998563,2.7000000000000455,0,2.0
119,ERROR_M,10,191,2.3479999999999563,5.150000000000091,1,2.0
119,ERROR_M,10,192,2.2639999999998963,3.8880000000001473,1,2.0
119,ERROR_M,10,193,3.339999999999918,4.6159999999999854,1,2.0
119,ERROR_M,10,194,2.7920000000001437,5.635999999999967,1,2.0
119,ERROR_M,10,195,2.4600000000000364,6.769999999999982,1,2.0
119,ERROR_M,10,196,2.55399999999986,4.956000000000131,1,2.0
119,ERROR_M,10,197,2.55399999999986,2.3740000000000236,1,2.0
119,ERROR_M,10,198,2.33400000000006,5.435999999999922,1,2.0
119,ERROR_M,10,199,2.604000000000042,6.342000000000098,1,2.0
119,ERROR_M,10,200,2.5319999999999254,8.013999999999896,1,2.0
119,ERROR_M,10,201,2.6180000000001655,8.365999999999985,1,2.0
119,ERROR_M,10,202,2.2480000000000473,2.9699999999998,1,2.0
119,ERROR_M,10,203,3.3740000000000236,2.956000000000131,1,2.0
119,ERROR_M,10,204,2.647999999999911,3.367999999999938,1,2.0
119,ERROR_M,10,205,3.08400000000006,79.77999999999997,1,2.0
119,ERROR_M,10,206,1.8700000000001182,35.83600000000001,0,2.0
119,ERROR_M,10,207,1.8979999999999109,4.653999999999996,0,2.0
119,ERROR_M,10,208,0.4680000000000746,157.39599999999996,0,2.0
119,ERROR_M,10,209,1.6320000000000618,61.07399999999984,0,2.0
119,ERROR_M,10,210,2.3460000000000036,7.512000000000171,1,2.0
119,ERROR_M,10,211,2.1519999999998163,7.754000000000133,1,2.0
119,ERROR_M,10,212,2.4680000000000746,6.733999999999924,1,2.0
119,ERROR_M,10,213,2.536000000000058,7.677999999999884,1,2.0
119,ERROR_M,10,214,2.538000000000011,7.895999999999958,1,2.0
119,ERROR_M,10,215,2.3980000000001382,8.47199999999998,1,2.0
119,ERROR_M,10,216,2.6399999999998727,5.360000000000127,1,2.0
119,ERROR_M,10,217,3.071999999999889,5.94399999999996,1,2.0
119,ERROR_M,10,218,3.0239999999998872,3.356000000000222,1,2.0
119,ERROR_M,10,219,2.9079999999999018,3.894000000000233,1,2.0
119,ERROR_M,10,220,2.6299999999996544,3.66800000000012,1,2.0
119,ERROR_M,10,221,2.644000000000233,4.393999999999778,1,2.0
119,ERROR_M,10,222,2.8279999999999745,2.8960000000001855,1,2.0
119,ERROR_M,10,223,2.705999999999676,6.330000000000382,1,2.0
119,ERROR_M,10,224,2.518000000000029,2.3299999999999272,1,2.0
119,ERROR_M,10,225,3.143999999999778,4.614000000000033,1,2.0
119,ERROR_M,10,226,2.711999999999989,4.925999999999931,1,2.0
119,ERROR_M,10,227,2.706000000000131,2.58199999999988,1,2.0
119,ERROR_M,10,228,2.9140000000002146,7.317999999999756,1,2.0
119,ERROR_M,10,229,2.7660000000000764,6.938000000000102,1,2.0
119,ERROR_M,10,230,3.3899999999998727,5.544000000000324,1,2.0
119,ERROR_M,10,231,2.9279999999998836,7.377999999999702,1,2.0
119,ERROR_M,10,232,2.644000000000233,6.916000000000167,1,2.0
119,ERROR_M,10,233,2.5779999999999745,7.339999999999691,1,2.0
119,ERROR_M,10,234,2.963999999999942,8.338000000000193,1,2.0
119,ERROR_M,10,235,2.7339999999999236,6.632000000000062,1,2.0
119,ERROR_M,10,236,3.1599999999998545,2.324000000000069,1,2.0
119,ERROR_M,10,237,2.7660000000000764,2.6920000000000073,1,2.0
119,ERROR_M,10,238,3.1399999999998727,3.4420000000000073,1,2.0
119,ERROR_M,10,239,2.9960000000000946,6.349999999999909,1,2.0
119,ERROR_M,10,240,3.0019999999999527,2.882000000000062,1,2.0
119,ERROR_M,10,241,3.19399999999996,6.001999999999953,1,2.0
119,ERROR_M,10,242,4.078000000000429,4.9399999999996,1,2.0
119,ERROR_M,10,243,3.1539999999999964,4.0,1,2.0
119,ERROR_M,10,244,3.1260000000002037,4.811999999999898,1,2.0
119,ERROR_M,10,245,3.0019999999999527,4.356000000000222,1,2.0
119,ERROR_M,10,246,3.393999999999778,5.3279999999999745,1,2.0
119,ERROR_M,10,247,2.7800000000002,7.605999999999767,1,2.0
119,ERROR_M,10,248,2.94399999999996,7.906000000000404,1,2.0
119,ERROR_M,10,249,3.043999999999869,6.032000000000153,1,2.0
119,ERROR_M,10,250,2.8460000000000036,4.569999999999709,1,2.0
119,ERROR_M,10,251,3.0460000000002765,23.311999999999898,1,2.0
119,ERROR_M,10,252,2.8399999999996908,5.920000000000073,1,2.0
119,ERROR_M,10,253,3.7339999999999236,4.732000000000426,1,2.0
119,ERROR_M,10,254,3.187999999999647,7.342000000000098,1,2.0
119,ERROR_M,10,255,3.1700000000000728,7.054000000000087,1,2.0
119,ERROR_M,10,256,0.038000000000010914,0.038000000000010914,0,2.0
119,ERROR_M,10,257,0.5579999999999927,2.8479999999999563,0,2.0
119,ERROR_M,10,258,0.91800000000012,0.01599999999962165,0,2.0
119,ERROR_M,10,259,0.8200000000001637,27.800000000000182,0,2.0
119,ERROR_M,10,260,2.7359999999998763,5.601999999999862,1,2.0
119,ERROR_M,10,261,3.1460000000001855,3.599999999999909,1,2.0
119,ERROR_M,10,262,3.36200000000008,3.9200000000000728,1,2.0
119,ERROR_M,10,263,2.9079999999999018,5.347999999999956,1,2.0
119,ERROR_M,10,264,3.206000000000131,6.583999999999833,1,2.0
119,ERROR_M,10,265,3.449999999999818,7.344000000000051,1,2.0
119,ERROR_M,10,266,3.106000000000222,9.072000000000116,1,2.0
119,ERROR_M,10,267,6.30199999999968,8.148000000000138,1,2.0
119,ERROR_M,10,268,3.449999999999818,8.374000000000251,1,2.0
119,ERROR_M,10,269,3.2959999999998217,3.3900000000003274,1,2.0
119,ERROR_M,10,270,3.0019999999999527,2.769999999999982,1,2.0
119,ERROR_M,10,271,2.8419999999996435,6.0340000000001055,1,2.0
119,ERROR_M,10,272,2.8279999999999745,7.838000000000193,1,2.0
119,ERROR_M,10,273,2.5599999999999454,7.58199999999988,1,2.0
119,ERROR_M,10,274,3.1779999999998836,50.11600000000044,1,2.0
119,ERROR_M,10,275,3.8979999999996835,3.8600000000001273,1,2.0
119,ERROR_M,10,276,2.8719999999998436,3.262000000000171,1,2.0
119,ERROR_M,10,277,2.574000000000069,3.5960000000000036,1,2.0
119,ERROR_M,10,278,2.344000000000051,8.907999999999902,1,2.0
119,ERROR_M,10,279,2.6520000000000437,6.347999999999956,1,2.0
119,ERROR_M,10,280,2.6019999999998618,6.945999999999913,1,2.0
119,ERROR_M,10,281,2.4840000000003783,4.3979999999996835,1,2.0
119,ERROR_M,10,282,2.3099999999999454,6.696000000000367,1,2.0
119,ERROR_M,10,283,2.2619999999997162,7.405999999999949,1,2.0
119,ERROR_M,10,284,2.074000000000069,8.019999999999982,1,2.0
119,ERROR_M,10,285,2.1700000000000728,8.403999999999996,1,2.0
119,ERROR_M,10,286,1.8479999999999563,3.5239999999998872,0,2.0
119,ERROR_M,10,287,2.655999999999949,2.630000000000109,1,2.0
119,ERROR_M,10,288,1.86200000000008,5.3539999999998145,0,2.0
119,ERROR_M,10,289,2.3780000000001564,5.69399999999996,1,2.0
119,ERROR_M,10,290,1.9900000000002365,50.23199999999997,0,2.0
119,ERROR_M,10,291,2.257999999999811,5.688000000000102,1,2.0
119,ERROR_M,10,292,1.6179999999999382,2.911999999999807,0,2.0
119,ERROR_M,10,293,1.9640000000003965,4.8840000000000146,0,2.0
119,ERROR_M,10,294,2.0979999999999563,5.961999999999989,1,2.0
119,ERROR_M,10,295,1.9420000000000073,3.9580000000000837,0,2.0
119,ERROR_M,10,296,2.3979999999996835,7.099999999999909,1,2.0
119,ERROR_M,10,297,1.968000000000302,7.391999999999825,0,2.0
119,ERROR_M,10,298,2.038000000000011,7.710000000000036,1,2.0
119,ERROR_M,10,299,1.8760000000002037,19.04599999999982,0,2.0
119,ERROR_M,10,300,1.650000000000091,33.33399999999983,0,2.0
119,ERROR_M,10,301,1.7480000000000473,2.288000000000011,0,2.0
119,ERROR_M,10,302,1.7979999999997744,8.342000000000098,0,2.0
119,ERROR_M,10,303,1.7220000000002074,3.5799999999999272,0,2.0
119,ERROR_M,10,304,2.536000000000058,6.299999999999727,1,2.0
119,ERROR_M,10,305,2.218000000000302,5.438000000000102,1,2.0
119,ERROR_M,10,306,1.7159999999998945,6.617999999999938,0,2.0
119,ERROR_M,10,307,1.8719999999998436,2.6340000000000146,0,2.0
119,ERROR_M,10,308,2.036000000000058,4.456000000000131,1,2.0
119,ERROR_M,10,309,2.0019999999999527,7.447999999999865,1,2.0
119,ERROR_M,10,310,1.6480000000001382,5.3960000000001855,0,2.0
119,ERROR_M,10,311,1.9959999999996398,14.318000000000211,0,2.0
119,ERROR_M,10,312,1.8600000000001273,,0,2.0
119,ERROR_M,11,1,2.227999999999998,4.6440000000000055,1,2.0
119,ERROR_M,11,2,1.6579999999999941,4.874000000000002,0,2.0
119,ERROR_M,11,3,1.7820000000000036,5.279999999999994,0,2.0
119,ERROR_M,11,4,2.0420000000000016,5.670000000000002,1,2.0
119,ERROR_M,11,5,1.764000000000003,5.925999999999995,0,2.0
119,ERROR_M,11,6,1.9200000000000017,6.591999999999999,0,2.0
119,ERROR_M,11,7,2.0120000000000005,7.001999999999995,1,2.0
119,ERROR_M,11,8,1.940000000000012,7.309999999999988,0,2.0
119,ERROR_M,11,9,1.8060000000000116,6.345999999999989,0,2.0
119,ERROR_M,11,10,2.186000000000007,2.578000000000003,1,2.0
119,ERROR_M,11,11,2.2099999999999937,7.680000000000007,1,2.0
119,ERROR_M,11,12,1.945999999999998,7.905999999999992,0,2.0
119,ERROR_M,11,13,1.8659999999999997,8.323999999999998,0,2.0
119,ERROR_M,11,14,1.9860000000000184,3.6079999999999757,0,2.0
119,ERROR_M,11,15,2.0860000000000127,2.966000000000008,1,2.0
119,ERROR_M,11,16,2.1859999999999786,4.0,1,2.0
119,ERROR_M,11,17,2.0180000000000007,4.498000000000019,1,2.0
119,ERROR_M,11,18,2.0619999999999834,2.8880000000000052,1,2.0
119,ERROR_M,11,19,2.1239999999999952,3.700000000000017,1,2.0
119,ERROR_M,11,20,1.9539999999999793,3.654000000000025,0,2.0
119,ERROR_M,11,21,1.8160000000000025,5.631999999999977,0,2.0
119,ERROR_M,11,22,1.670000000000016,6.305999999999983,0,2.0
119,ERROR_M,11,23,1.6260000000000048,3.9480000000000075,0,2.0
119,ERROR_M,11,24,1.431999999999988,4.346000000000004,0,2.0
119,ERROR_M,11,25,2.0600000000000023,5.3940000000000055,1,2.0
119,ERROR_M,11,26,1.6020000000000039,4.883999999999986,0,2.0
119,ERROR_M,11,27,1.6640000000000157,5.927999999999997,0,2.0
119,ERROR_M,11,28,1.9720000000000084,6.623999999999995,0,2.0
119,ERROR_M,11,29,1.6859999999999786,7.628000000000014,0,2.0
119,ERROR_M,11,30,2.033999999999992,3.3140000000000214,1,2.0
119,ERROR_M,11,31,2.2039999999999793,2.562000000000012,1,2.0
119,ERROR_M,11,32,2.1980000000000075,7.985999999999962,1,2.0
119,ERROR_M,11,33,1.8740000000000236,4.613999999999976,0,2.0
119,ERROR_M,11,34,1.712000000000046,7.301999999999964,0,2.0
119,ERROR_M,11,35,2.302000000000021,3.579999999999984,1,2.0
119,ERROR_M,11,36,2.1440000000000055,8.377999999999986,1,2.0
119,ERROR_M,11,37,1.9440000000000168,7.019999999999982,0,2.0
119,ERROR_M,11,38,2.0,2.8520000000000323,0,2.0
119,ERROR_M,11,39,2.3039999999999736,3.122000000000014,1,2.0
119,ERROR_M,11,40,2.093999999999994,3.5319999999999823,1,2.0
119,ERROR_M,11,41,2.0740000000000123,3.77800000000002,1,2.0
119,ERROR_M,11,42,2.127999999999986,6.400000000000034,1,2.0
119,ERROR_M,11,43,1.877999999999986,6.593999999999994,0,2.0
119,ERROR_M,11,44,1.9440000000000168,5.608000000000004,0,2.0
119,ERROR_M,11,45,1.8879999999999768,4.627999999999986,0,2.0
119,ERROR_M,11,46,2.26400000000001,7.993999999999971,1,2.0
119,ERROR_M,11,47,1.9800000000000182,8.300000000000011,0,2.0
119,ERROR_M,11,48,2.0160000000000196,6.048000000000002,1,2.0
119,ERROR_M,11,49,2.009999999999991,4.031999999999982,1,2.0
119,ERROR_M,11,50,1.632000000000005,4.8940000000000055,0,2.0
119,ERROR_M,11,51,2.2099999999999795,5.377999999999986,1,2.0
119,ERROR_M,11,52,2.4320000000000164,6.98599999999999,1,2.0
119,ERROR_M,11,53,2.1100000000000136,7.677999999999997,1,2.0
119,ERROR_M,11,54,1.7839999999999918,2.302000000000021,0,2.0
119,ERROR_M,11,55,2.0579999999999927,2.8360000000000127,1,2.0
119,ERROR_M,11,56,1.990000000000009,4.301999999999964,0,2.0
119,ERROR_M,11,57,2.1100000000000136,7.382000000000005,1,2.0
119,ERROR_M,11,58,1.8940000000000055,10.411999999999978,0,2.0
119,ERROR_M,11,59,1.9739999999999895,5.010000000000048,0,2.0
119,ERROR_M,11,60,2.0739999999999554,3.788000000000011,1,2.0
119,ERROR_M,11,61,2.0020000000000095,3.0160000000000196,1,2.0
119,ERROR_M,11,62,2.353999999999985,4.982000000000028,1,2.0
119,ERROR_M,11,63,2.1959999999999695,5.396000000000015,1,2.0
119,ERROR_M,11,64,2.0600000000000023,4.463999999999999,1,2.0
119,ERROR_M,11,65,2.1779999999999973,5.692000000000007,1,2.0
119,ERROR_M,11,66,1.9559999999999604,5.868000000000052,0,2.0
119,ERROR_M,11,67,1.7999999999999545,7.272000000000048,0,2.0
119,ERROR_M,11,68,1.9919999999999618,3.9080000000000155,0,2.0
119,ERROR_M,11,69,2.230000000000018,4.737999999999943,1,2.0
119,ERROR_M,11,70,1.9560000000000173,7.6200000000000045,0,2.0
119,ERROR_M,11,71,2.0860000000000127,7.987999999999943,1,2.0
119,ERROR_M,11,72,2.060000000000059,8.408000000000015,1,2.0
119,ERROR_M,11,73,1.995999999999981,3.3179999999999836,0,2.0
119,ERROR_M,11,74,1.7419999999999618,6.312000000000012,0,2.0
119,ERROR_M,11,75,2.1480000000000246,6.716000000000008,1,2.0
119,ERROR_M,11,76,2.094000000000051,7.033999999999992,1,2.0
119,ERROR_M,11,77,2.0739999999999554,7.677999999999997,1,2.0
119,ERROR_M,11,78,2.036000000000058,5.683999999999969,1,2.0
119,ERROR_M,11,79,1.9220000000000255,7.875999999999976,0,2.0
119,ERROR_M,11,80,1.9840000000000373,6.897999999999911,0,2.0
119,ERROR_M,11,81,2.3460000000000036,6.024000000000001,1,2.0
119,ERROR_M,11,82,2.048000000000002,4.519999999999982,1,2.0
119,ERROR_M,11,83,1.830000000000041,8.312000000000012,0,2.0
119,ERROR_M,11,84,2.23599999999999,2.95799999999997,1,2.0
119,ERROR_M,11,85,2.1499999999999773,3.7220000000000937,1,2.0
119,ERROR_M,11,86,2.490000000000009,5.061999999999898,1,2.0
119,ERROR_M,11,87,2.358000000000061,2.716000000000008,1,2.0
119,ERROR_M,11,88,2.419999999999959,6.331999999999994,1,2.0
119,ERROR_M,11,89,1.8759999999999764,3.3320000000001073,0,2.0
119,ERROR_M,11,90,1.9639999999999418,3.8940000000000055,0,2.0
119,ERROR_M,11,91,2.1440000000000055,6.41599999999994,1,2.0
119,ERROR_M,11,92,2.300000000000068,5.009999999999991,1,2.0
119,ERROR_M,11,93,1.8319999999999936,5.262000000000057,0,2.0
119,ERROR_M,11,94,2.0359999999999445,6.725999999999999,1,2.0
119,ERROR_M,11,95,1.8279999999999745,7.326000000000022,0,2.0
119,ERROR_M,11,96,2.008000000000038,7.995999999999981,1,2.0
119,ERROR_M,11,97,1.6779999999999973,2.3419999999999845,0,2.0
119,ERROR_M,11,98,1.9700000000000273,8.327999999999975,0,2.0
119,ERROR_M,11,99,2.201999999999998,2.9360000000000355,1,2.0
119,ERROR_M,11,100,3.0839999999999463,3.6059999999999945,1,2.0
119,ERROR_M,11,101,2.3659999999999854,5.036000000000058,1,2.0
119,ERROR_M,11,102,2.080000000000041,3.571999999999889,1,2.0
119,ERROR_M,11,103,1.8900000000001,6.557999999999993,0,2.0
119,ERROR_M,11,104,2.117999999999938,7.398000000000025,1,2.0
119,ERROR_M,11,105,2.52800000000002,4.289999999999964,1,2.0
119,ERROR_M,11,106,2.216000000000008,7.057999999999993,1,2.0
119,ERROR_M,11,107,2.2140000000000555,5.461999999999989,1,2.0
119,ERROR_M,11,108,2.0459999999999354,3.283999999999992,1,2.0
119,ERROR_M,11,109,3.3460000000000036,4.614000000000033,1,2.0
119,ERROR_M,11,110,2.1800000000000637,4.117999999999938,1,2.0
119,ERROR_M,11,111,2.42999999999995,5.782000000000039,1,2.0
119,ERROR_M,11,112,1.9660000000000082,5.9080000000000155,0,2.0
119,ERROR_M,11,113,1.9080000000000155,6.288000000000011,0,2.0
119,ERROR_M,11,114,2.127999999999929,7.708000000000084,1,2.0
119,ERROR_M,11,115,1.7919999999999163,5.889999999999986,0,2.0
119,ERROR_M,11,116,2.11200000000008,6.723999999999933,1,2.0
119,ERROR_M,11,117,1.8280000000000882,5.279999999999973,0,2.0
119,ERROR_M,11,118,2.25,7.043999999999983,1,2.0
119,ERROR_M,11,119,2.076000000000022,5.815999999999917,1,2.0
119,ERROR_M,11,120,2.1200000000000045,4.218000000000075,1,2.0
119,ERROR_M,11,121,2.1079999999999472,4.508000000000038,1,2.0
119,ERROR_M,11,122,2.004000000000019,7.432000000000016,1,2.0
119,ERROR_M,11,123,2.0,5.009999999999991,0,2.0
119,ERROR_M,11,124,2.2939999999999827,4.038000000000011,1,2.0
119,ERROR_M,11,125,2.466000000000008,7.7719999999999345,1,2.0
119,ERROR_M,11,126,1.9920000000000755,7.94399999999996,0,2.0
119,ERROR_M,11,127,2.1499999999999773,8.508000000000038,1,2.0
119,ERROR_M,11,128,2.0159999999999627,3.7620000000000573,1,2.0
119,ERROR_M,11,129,2.7899999999999636,2.3559999999999945,1,2.0
119,ERROR_M,11,130,2.240000000000009,6.418000000000006,1,2.0
119,ERROR_M,11,131,2.16599999999994,4.798000000000002,1,2.0
119,ERROR_M,11,132,2.2239999999999327,3.3220000000001164,1,2.0
119,ERROR_M,11,133,1.6459999999999582,4.329999999999927,0,2.0
119,ERROR_M,11,134,1.8320000000001073,2.6440000000000055,0,2.0
119,ERROR_M,11,135,2.0820000000001073,7.99799999999982,1,2.0
119,ERROR_M,11,136,2.0540000000000873,3.490000000000009,1,2.0
119,ERROR_M,11,137,1.731999999999971,5.913999999999987,0,2.0
119,ERROR_M,11,138,2.0499999999999545,7.057999999999993,1,2.0
119,ERROR_M,11,139,2.3400000000001455,8.422000000000025,1,2.0
119,ERROR_M,11,140,2.341999999999871,7.408000000000129,1,2.0
119,ERROR_M,11,141,2.005999999999858,2.645999999999958,1,2.0
119,ERROR_M,11,142,2.122000000000071,4.526000000000067,1,2.0
119,ERROR_M,11,143,2.0839999999998327,4.310000000000173,1,2.0
119,ERROR_M,11,144,2.841999999999871,5.317999999999984,1,2.0
119,ERROR_M,11,145,2.1280000000001564,59.837999999999965,1,2.0
119,ERROR_M,11,146,1.7359999999998763,31.628000000000156,0,2.0
119,ERROR_M,11,147,2.7339999999999236,8.798000000000002,1,2.0
119,ERROR_M,11,148,2.433999999999969,6.0,1,2.0
119,ERROR_M,11,149,1.9519999999999982,6.3900000000001,0,2.0
119,ERROR_M,11,150,1.7159999999998945,7.713999999999942,0,2.0
119,ERROR_M,11,151,1.94600000000014,3.349999999999909,0,2.0
119,ERROR_M,11,152,1.9639999999999418,6.676000000000158,0,2.0
119,ERROR_M,11,153,2.2619999999999436,6.3840000000000146,1,2.0
119,ERROR_M,11,154,1.83400000000006,4.326000000000022,0,2.0
119,ERROR_M,11,155,2.52599999999984,6.66800000000012,1,2.0
119,ERROR_M,11,156,2.5599999999999454,2.9760000000001128,1,2.0
119,ERROR_M,11,157,2.19199999999978,3.8640000000000327,1,2.0
119,ERROR_M,11,158,2.0800000000001546,3.923999999999978,1,2.0
119,ERROR_M,11,159,1.9359999999999218,3.910000000000082,0,2.0
119,ERROR_M,11,160,2.237999999999829,5.22400000000016,1,2.0
119,ERROR_M,11,161,1.8399999999999181,5.88799999999992,0,2.0
119,ERROR_M,11,162,2.19600000000014,3.1979999999998654,1,2.0
119,ERROR_M,11,163,2.318000000000211,4.979999999999791,1,2.0
119,ERROR_M,11,164,1.4580000000000837,12.367999999999938,0,2.0
119,ERROR_M,11,165,0.17800000000011096,0.11799999999993815,0,2.0
119,ERROR_M,11,166,0.09799999999995634,8.302000000000135,0,2.0
119,ERROR_M,11,167,1.6759999999999309,7.322000000000116,0,2.0
119,ERROR_M,11,168,1.9079999999999018,7.602000000000089,0,2.0
119,ERROR_M,11,169,2.1539999999999964,8.001999999999953,1,2.0
119,ERROR_M,11,170,1.9579999999998563,5.804000000000087,0,2.0
119,ERROR_M,11,171,2.1159999999999854,8.456000000000131,1,2.0
119,ERROR_M,11,172,2.1139999999998054,2.536000000000058,1,2.0
119,ERROR_M,11,173,2.2940000000000964,5.389999999999873,1,2.0
119,ERROR_M,11,174,1.4940000000001419,3.293999999999869,0,2.0
119,ERROR_M,11,175,1.9880000000000564,2.650000000000091,0,2.0
119,ERROR_M,11,176,1.949999999999818,3.6259999999999764,0,2.0
119,ERROR_M,11,177,2.0160000000000764,5.491999999999962,1,2.0
119,ERROR_M,11,178,2.272000000000162,6.25,1,2.0
119,ERROR_M,11,179,1.793999999999869,6.403999999999996,0,2.0
119,ERROR_M,11,180,1.7820000000001528,7.229999999999791,0,2.0
119,ERROR_M,11,181,1.8780000000001564,3.91599999999994,0,2.0
119,ERROR_M,11,182,2.11200000000008,4.885999999999967,1,2.0
119,ERROR_M,11,183,1.768000000000029,74.952,0,2.0
119,ERROR_M,11,184,1.3379999999999654,9.907999999999902,0,2.0
119,ERROR_M,11,185,1.928000000000111,4.339999999999918,0,2.0
119,ERROR_M,11,186,1.8099999999999454,2.3420000000000982,0,2.0
119,ERROR_M,11,187,2.2380000000000564,7.427999999999884,1,2.0
119,ERROR_M,11,188,1.7999999999999545,7.632000000000062,0,2.0
119,ERROR_M,11,189,2.1079999999999472,8.032000000000153,1,2.0
119,ERROR_M,11,190,1.9279999999998836,8.27800000000002,0,2.0
119,ERROR_M,11,191,1.877999999999929,2.9820000000001983,0,2.0
119,ERROR_M,11,192,2.3159999999998035,2.9720000000002074,1,2.0
119,ERROR_M,11,193,2.0139999999998963,4.339999999999918,1,2.0
119,ERROR_M,11,194,1.272000000000162,6.470000000000027,0,2.0
119,ERROR_M,11,195,1.83199999999988,2.6579999999999018,0,2.0
119,ERROR_M,11,196,2.1240000000000236,5.226000000000113,1,2.0
119,ERROR_M,11,197,2.1920000000000073,6.074000000000069,1,2.0
119,ERROR_M,11,198,1.9659999999998945,6.395999999999958,0,2.0
119,ERROR_M,11,199,1.7719999999999345,5.660000000000082,0,2.0
119,ERROR_M,11,200,1.8659999999999854,7.342000000000098,0,2.0
119,ERROR_M,11,201,2.3999999999998636,7.720000000000027,1,2.0
119,ERROR_M,11,202,2.048000000000002,3.7619999999999436,1,2.0
119,ERROR_M,11,203,2.1260000000002037,5.413999999999987,1,2.0
119,ERROR_M,11,204,1.9420000000000073,7.925999999999931,0,2.0
119,ERROR_M,11,205,2.2239999999999327,6.720000000000027,1,2.0
119,ERROR_M,11,206,2.175999999999931,8.451999999999998,1,2.0
119,ERROR_M,11,207,2.3320000000001073,3.44399999999996,1,2.0
119,ERROR_M,11,208,2.1920000000000073,7.041999999999916,1,2.0
119,ERROR_M,11,209,2.6440000000000055,7.438000000000102,1,2.0
119,ERROR_M,11,210,3.533999999999878,4.596000000000004,1,2.0
119,ERROR_M,11,211,2.66800000000012,6.30600000000004,1,2.0
119,ERROR_M,11,212,2.5779999999999745,3.4039999999999964,1,2.0
119,ERROR_M,11,213,2.731999999999971,2.286000000000058,1,2.0
119,ERROR_M,11,214,2.6399999999998727,5.686000000000149,1,2.0
119,ERROR_M,11,215,3.5499999999999545,6.895999999999958,1,2.0
119,ERROR_M,11,216,3.0440000000000964,16.0,1,2.0
119,ERROR_M,11,217,4.048000000000002,4.667999999999893,1,2.0
119,ERROR_M,11,218,3.0579999999999927,8.451999999999998,1,2.0
119,ERROR_M,11,219,3.7480000000000473,7.344000000000051,1,2.0
119,ERROR_M,11,220,2.8599999999999,8.44399999999996,1,2.0
119,ERROR_M,11,221,3.296000000000049,13.991999999999962,1,2.0
119,ERROR_M,11,222,3.734000000000151,3.1820000000000164,1,2.0
119,ERROR_M,11,223,2.5759999999997945,10.322000000000116,1,2.0
119,ERROR_M,11,224,3.0499999999999545,25.96199999999999,1,2.0
119,ERROR_M,11,225,2.97199999999998,3.9580000000000837,1,2.0
119,ERROR_M,11,226,2.9700000000000273,4.933999999999969,1,2.0
119,ERROR_M,11,227,2.8460000000000036,9.122000000000071,1,2.0
119,ERROR_M,11,228,3.8799999999998818,5.688000000000102,1,2.0
119,ERROR_M,11,229,2.788000000000011,9.69399999999996,1,2.0
119,ERROR_M,11,230,3.7439999999999145,13.440000000000055,1,2.0
119,ERROR_M,11,231,3.7359999999998763,5.7800000000002,1,2.0
119,ERROR_M,11,232,4.096000000000004,6.561999999999898,1,2.0
119,ERROR_M,11,233,3.3360000000000127,21.386000000000195,1,2.0
119,ERROR_M,11,234,2.957999999999629,14.082000000000335,1,2.0
119,ERROR_M,11,235,3.1520000000000437,7.279999999999745,1,2.0
119,ERROR_M,11,236,2.494000000000142,3.701999999999771,1,2.0
119,ERROR_M,11,237,2.3200000000001637,2.4540000000001783,1,2.0
119,ERROR_M,11,238,2.5960000000000036,4.623999999999796,1,2.0
119,ERROR_M,11,239,3.018000000000029,6.846000000000004,1,2.0
119,ERROR_M,11,240,2.630000000000109,6.5,1,2.0
119,ERROR_M,11,241,2.8099999999999454,5.617999999999938,1,2.0
119,ERROR_M,11,242,3.199999999999818,6.2960000000002765,1,2.0
119,ERROR_M,11,243,2.7460000000000946,6.621999999999844,1,2.0
119,ERROR_M,11,244,2.737999999999829,22.238000000000284,1,2.0
119,ERROR_M,11,245,2.2419999999997344,33.146000000000186,1,2.0
119,ERROR_M,11,246,2.1539999999999964,8.455999999999676,1,2.0
119,ERROR_M,11,247,2.506000000000313,24.335999999999785,1,2.0
119,ERROR_M,11,248,2.800000000000182,8.557999999999993,1,2.0
119,ERROR_M,11,249,2.543999999999869,33.36200000000008,1,2.0
119,ERROR_M,11,250,2.2959999999998217,8.422000000000025,1,2.0
119,ERROR_M,11,251,2.706000000000131,6.1159999999999854,1,2.0
119,ERROR_M,11,252,3.124000000000251,5.335999999999785,1,2.0
119,ERROR_M,11,253,2.568000000000211,4.643999999999778,1,2.0
119,ERROR_M,11,254,2.6959999999999127,7.461999999999989,1,2.0
119,ERROR_M,11,255,3.2339999999999236,11.480000000000018,1,2.0
119,ERROR_M,11,256,3.706000000000131,4.380000000000109,1,2.0
119,ERROR_M,11,257,3.9580000000000837,15.844000000000051,1,2.0
119,ERROR_M,11,258,3.713999999999942,3.324000000000069,1,2.0
119,ERROR_M,11,259,2.8279999999999745,6.199999999999818,1,2.0
119,ERROR_M,11,260,0.681999999999789,0.19800000000032014,0,2.0
119,ERROR_M,11,261,0.02999999999974534,11.210000000000036,0,2.0
119,ERROR_M,11,262,4.414000000000215,22.09400000000005,1,2.0
119,ERROR_M,11,263,3.1959999999999127,114.33199999999988,1,2.0
119,ERROR_M,11,264,2.6260000000002037,6.655999999999949,1,2.0
119,ERROR_M,11,265,2.1399999999998727,4.398000000000138,1,2.0
119,ERROR_M,11,266,2.5299999999997453,10.998000000000047,1,2.0
119,ERROR_M,11,267,2.8899999999998727,17.270000000000437,1,2.0
119,ERROR_M,11,268,2.6979999999998654,7.648000000000138,1,2.0
119,ERROR_M,11,269,2.411999999999807,4.994000000000142,1,2.0
119,ERROR_M,11,270,2.587999999999738,19.33600000000024,1,2.0
119,ERROR_M,11,271,2.975999999999658,10.860000000000127,1,2.0
119,ERROR_M,11,272,2.8899999999998727,6.170000000000073,1,2.0
119,ERROR_M,11,273,2.9100000000003092,3.288000000000011,1,2.0
119,ERROR_M,11,274,2.7979999999997744,7.594000000000051,1,2.0
119,ERROR_M,11,275,2.5140000000001237,28.27599999999984,1,2.0
119,ERROR_M,11,276,3.1920000000000073,8.648000000000138,1,2.0
119,ERROR_M,11,277,2.9719999999997526,14.304000000000087,1,2.0
119,ERROR_M,11,278,4.135999999999967,4.282000000000153,1,2.0
119,ERROR_M,11,279,2.7519999999999527,45.427999999999884,1,2.0
119,ERROR_M,11,280,2.188000000000102,5.746000000000095,1,2.0
119,ERROR_M,11,281,2.0339999999996508,3.104000000000269,1,2.0
119,ERROR_M,11,282,1.9160000000001673,3.5859999999997854,0,2.0
119,ERROR_M,11,283,2.117999999999938,4.4520000000002256,1,2.0
119,ERROR_M,11,284,2.1159999999999854,6.1159999999999854,1,2.0
119,ERROR_M,11,285,1.9859999999998763,5.3400000000001455,0,2.0
119,ERROR_M,11,286,1.8719999999998436,7.2719999999999345,0,2.0
119,ERROR_M,11,287,1.8340000000002874,6.287999999999556,0,2.0
119,ERROR_M,11,288,2.024000000000342,4.487999999999829,1,2.0
119,ERROR_M,11,289,1.9279999999998836,4.94399999999996,0,2.0
119,ERROR_M,11,290,1.930000000000291,6.579999999999927,0,2.0
119,ERROR_M,11,291,1.77599999999984,7.89200000000028,0,2.0
119,ERROR_M,11,292,1.975999999999658,5.890000000000327,0,2.0
119,ERROR_M,11,293,2.0719999999996617,3.174000000000433,1,2.0
119,ERROR_M,11,294,2.1599999999998545,7.438000000000102,1,2.0
119,ERROR_M,11,295,1.6239999999997963,8.316000000000258,0,2.0
119,ERROR_M,11,296,1.625999999999749,7.405999999999949,0,2.0
119,ERROR_M,11,297,1.543999999999869,6.360000000000127,0,2.0
119,ERROR_M,11,298,1.7800000000002,2.3539999999998145,0,2.0
119,ERROR_M,11,299,1.8960000000001855,3.288000000000011,0,2.0
119,ERROR_M,11,300,1.8519999999998618,3.3099999999999454,0,2.0
119,ERROR_M,11,301,2.144000000000233,4.711999999999989,1,2.0
119,ERROR_M,11,302,1.9400000000000546,5.611999999999625,0,2.0
119,ERROR_M,11,303,1.91800000000012,6.912000000000262,0,2.0
119,ERROR_M,11,304,2.1899999999996,7.686000000000149,1,2.0
119,ERROR_M,11,305,1.9459999999999127,3.9140000000002146,0,2.0
119,ERROR_M,11,306,1.8959999999997308,6.64200000000028,0,2.0
119,ERROR_M,11,307,2.2919999999999163,,1,2.0
120,ERROR_M,1,1,1.3599999999999994,4.5020000000000024,0,2.0
120,ERROR_M,1,2,1.8739999999999952,3.5800000000000054,0,2.0
120,ERROR_M,1,3,1.8519999999999968,2.8019999999999996,0,2.0
120,ERROR_M,1,4,2.567999999999998,3.1060000000000016,1,2.0
120,ERROR_M,1,5,2.475999999999999,3.8900000000000006,1,2.0
120,ERROR_M,1,6,2.6000000000000014,5.236000000000004,1,2.0
120,ERROR_M,1,7,2.381999999999991,5.308000000000007,1,2.0
120,ERROR_M,1,8,2.7240000000000038,5.951999999999998,1,2.0
120,ERROR_M,1,9,2.3840000000000003,6.001999999999995,1,2.0
120,ERROR_M,1,10,2.5060000000000002,6.064000000000007,1,2.0
120,ERROR_M,1,11,3.2239999999999895,6.903999999999996,1,2.0
120,ERROR_M,1,12,3.2320000000000135,6.921999999999997,1,2.0
120,ERROR_M,1,13,2.5180000000000007,4.191999999999993,1,2.0
120,ERROR_M,1,14,2.622000000000014,7.305999999999983,1,2.0
120,ERROR_M,1,15,2.7360000000000184,4.771999999999991,1,2.0
120,ERROR_M,1,16,2.7139999999999986,8.081999999999994,1,2.0
120,ERROR_M,1,17,2.0060000000000002,8.150000000000006,1,2.0
120,ERROR_M,1,18,2.7580000000000098,8.543999999999983,1,2.0
120,ERROR_M,1,19,2.725999999999999,8.867999999999995,1,2.0
120,ERROR_M,1,20,2.812000000000012,7.936000000000007,1,2.0
120,ERROR_M,1,21,2.609999999999985,5.77800000000002,1,2.0
120,ERROR_M,1,22,2.48599999999999,2.5979999999999848,1,2.0
120,ERROR_M,1,23,2.2060000000000173,8.222000000000008,1,2.0
120,ERROR_M,1,24,3.0279999999999916,7.147999999999996,1,2.0
120,ERROR_M,1,25,2.921999999999997,6.858000000000004,1,2.0
120,ERROR_M,1,26,2.5320000000000107,3.5679999999999836,1,2.0
120,ERROR_M,1,27,2.171999999999997,5.081999999999994,1,2.0
120,ERROR_M,1,28,1.6780000000000257,8.885999999999967,0,2.0
120,ERROR_M,1,29,2.4879999999999995,4.194000000000017,1,2.0
120,ERROR_M,1,30,2.3100000000000023,4.7339999999999804,1,2.0
120,ERROR_M,1,31,2.6240000000000236,3.1159999999999854,1,2.0
120,ERROR_M,1,32,2.882000000000005,5.550000000000011,1,2.0
120,ERROR_M,1,33,1.7339999999999804,6.138000000000034,0,2.0
120,ERROR_M,1,34,0.15999999999996817,0.15399999999999636,0,2.0
120,ERROR_M,1,35,0.08800000000002228,14.349999999999966,0,2.0
120,ERROR_M,1,36,2.976000000000056,6.807999999999993,1,2.0
120,ERROR_M,1,37,2.467999999999961,3.9020000000000437,1,2.0
120,ERROR_M,1,38,1.6239999999999668,2.77800000000002,0,2.0
120,ERROR_M,1,39,2.2899999999999636,6.5,1,2.0
120,ERROR_M,1,40,2.772000000000048,6.067999999999984,1,2.0
120,ERROR_M,1,41,2.3600000000000136,3.575999999999965,1,2.0
120,ERROR_M,1,42,1.754000000000019,7.697999999999979,0,2.0
120,ERROR_M,1,43,2.4560000000000173,8.172000000000025,1,2.0
120,ERROR_M,1,44,3.3279999999999745,8.550000000000011,1,2.0
120,ERROR_M,1,45,2.5219999999999914,5.108000000000004,1,2.0
120,ERROR_M,1,46,2.791999999999973,7.946000000000026,1,2.0
120,ERROR_M,1,47,1.7139999999999986,6.127999999999986,0,2.0
120,ERROR_M,1,48,2.5260000000000105,5.303999999999974,1,2.0
120,ERROR_M,1,49,2.7139999999999986,6.80800000000005,1,2.0
120,ERROR_M,1,50,2.477999999999952,7.956000000000017,1,2.0
120,ERROR_M,1,51,2.423999999999978,6.938000000000045,1,2.0
120,ERROR_M,1,52,0.02600000000001046,25.251999999999953,0,2.0
120,ERROR_M,1,53,2.8559999999999945,3.9120000000000346,1,2.0
120,ERROR_M,1,54,2.151999999999987,3.2139999999999986,1,2.0
120,ERROR_M,1,55,2.1779999999999973,4.293999999999983,1,2.0
120,ERROR_M,1,56,2.188000000000045,6.281999999999982,1,2.0
120,ERROR_M,1,57,1.7860000000000014,6.96999999999997,0,2.0
120,ERROR_M,1,58,2.6940000000000737,2.883999999999901,1,2.0
120,ERROR_M,1,59,2.6820000000000164,3.3040000000000873,1,2.0
120,ERROR_M,1,60,2.5139999999998963,4.646000000000072,1,2.0
120,ERROR_M,1,61,1.6000000000000227,3.8299999999999272,0,2.0
120,ERROR_M,1,62,3.108000000000061,6.889999999999986,1,2.0
120,ERROR_M,1,63,2.216000000000008,5.217999999999961,1,2.0
120,ERROR_M,1,64,2.3220000000000027,7.351999999999975,1,2.0
120,ERROR_M,1,65,1.6680000000000064,6.594000000000051,0,2.0
120,ERROR_M,1,66,2.6140000000000327,7.7859999999999445,1,2.0
120,ERROR_M,1,67,2.0720000000000027,3.5839999999999463,1,2.0
120,ERROR_M,1,68,2.11200000000008,4.581999999999994,1,2.0
120,ERROR_M,1,69,2.3619999999999663,5.776000000000067,1,2.0
120,ERROR_M,1,70,1.7859999999999445,6.1720000000000255,0,2.0
120,ERROR_M,1,71,1.9839999999999236,8.318000000000097,0,2.0
120,ERROR_M,1,72,2.0699999999999363,8.577999999999975,1,2.0
120,ERROR_M,1,73,2.4640000000000555,3.731999999999971,1,2.0
120,ERROR_M,1,74,2.033999999999992,8.903999999999996,1,2.0
120,ERROR_M,1,75,2.3840000000000146,4.6580000000000155,1,2.0
120,ERROR_M,1,76,0.26400000000001,0.08000000000004093,0,2.0
120,ERROR_M,1,77,0.16599999999993997,17.78800000000001,0,2.0
120,ERROR_M,1,78,2.42999999999995,6.252000000000066,1,2.0
120,ERROR_M,1,79,2.447999999999979,4.725999999999999,1,2.0
120,ERROR_M,1,80,2.3859999999999673,4.55600000000004,1,2.0
120,ERROR_M,1,81,2.2659999999999627,4.442000000000007,1,2.0
120,ERROR_M,1,82,2.090000000000032,7.803999999999974,1,2.0
120,ERROR_M,1,83,2.1920000000000073,6.062000000000012,1,2.0
120,ERROR_M,1,84,2.155999999999949,6.128000000000043,1,2.0
120,ERROR_M,1,85,1.8700000000000045,7.138000000000034,0,2.0
120,ERROR_M,1,86,2.3059999999999263,8.190000000000055,1,2.0
120,ERROR_M,1,87,1.8319999999999936,4.118000000000052,0,2.0
120,ERROR_M,1,88,2.0499999999999545,8.79200000000003,1,2.0
120,ERROR_M,1,89,1.8120000000000118,3.231999999999971,0,2.0
120,ERROR_M,1,90,1.6019999999999754,3.7799999999999727,0,2.0
120,ERROR_M,1,91,2.022000000000048,4.905999999999949,1,2.0
120,ERROR_M,1,92,1.9560000000000173,6.302000000000021,0,2.0
120,ERROR_M,1,93,2.1520000000000437,6.8419999999999845,1,2.0
120,ERROR_M,1,94,2.6119999999999663,6.918000000000006,1,2.0
120,ERROR_M,1,95,2.183999999999969,7.926000000000045,1,2.0
120,ERROR_M,1,96,2.268000000000029,5.20799999999997,1,2.0
120,ERROR_M,1,97,2.603999999999928,8.080000000000041,1,2.0
120,ERROR_M,1,98,1.8360000000000127,8.111999999999966,0,2.0
120,ERROR_M,1,99,2.673999999999978,8.762000000000057,1,2.0
120,ERROR_M,1,100,2.5359999999999445,3.86200000000008,1,2.0
120,ERROR_M,1,101,2.103999999999928,8.888000000000034,1,2.0
120,ERROR_M,1,102,2.4060000000000628,7.1299999999999955,1,2.0
120,ERROR_M,1,103,1.9459999999999127,3.4120000000000346,0,2.0
120,ERROR_M,1,104,2.217999999999961,3.9960000000000946,1,2.0
120,ERROR_M,1,105,2.367999999999938,5.639999999999986,1,2.0
120,ERROR_M,1,106,2.3759999999999764,5.100000000000023,1,2.0
120,ERROR_M,1,107,1.6180000000000518,5.805999999999926,0,2.0
120,ERROR_M,1,108,2.3220000000000027,5.858000000000061,1,2.0
120,ERROR_M,1,109,2.495999999999981,6.374000000000024,1,2.0
120,ERROR_M,1,110,1.9120000000000346,4.245999999999981,0,2.0
120,ERROR_M,1,111,1.9320000000000164,7.011999999999944,0,2.0
120,ERROR_M,1,112,2.0159999999999627,7.7140000000000555,1,2.0
120,ERROR_M,1,113,1.8039999999999736,4.961999999999989,0,2.0
120,ERROR_M,1,114,2.1299999999999955,7.836000000000013,1,2.0
120,ERROR_M,1,115,2.2799999999999727,4.860000000000014,1,2.0
120,ERROR_M,1,116,1.9640000000000555,7.861999999999966,0,2.0
120,ERROR_M,1,117,2.1539999999999964,4.490000000000009,1,2.0
120,ERROR_M,1,118,2.062000000000012,7.067999999999984,1,2.0
120,ERROR_M,1,119,2.1900000000000546,7.527999999999906,1,2.0
120,ERROR_M,1,120,2.1520000000000437,7.8559999999999945,1,2.0
120,ERROR_M,1,121,2.1259999999999764,6.038000000000011,1,2.0
120,ERROR_M,1,122,2.0299999999999727,9.069999999999936,1,2.0
120,ERROR_M,1,123,2.1560000000001764,8.059999999999945,1,2.0
120,ERROR_M,1,124,1.731999999999971,4.190000000000055,0,2.0
120,ERROR_M,1,125,1.2100000000000364,4.439999999999827,0,2.0
120,ERROR_M,1,126,1.8100000000001728,302.50800000000004,0,2.0
120,ERROR_M,1,127,0.07599999999979445,72.13200000000006,0,2.0
120,ERROR_M,1,128,2.185999999999922,6.2000000000000455,1,2.0
120,ERROR_M,1,129,1.5080000000000382,6.433999999999969,0,2.0
120,ERROR_M,1,130,2.2799999999999727,9.077999999999975,1,2.0
120,ERROR_M,1,131,2.316000000000031,4.294000000000096,1,2.0
120,ERROR_M,1,132,1.72199999999998,6.566000000000031,0,2.0
120,ERROR_M,1,133,2.155999999999949,5.730000000000018,1,2.0
120,ERROR_M,1,134,1.80600000000004,4.245999999999867,0,2.0
120,ERROR_M,1,135,2.326000000000022,6.690000000000055,1,2.0
120,ERROR_M,1,136,3.019999999999982,8.394000000000005,1,2.0
120,ERROR_M,1,137,2.0160000000000764,9.549999999999955,1,2.0
120,ERROR_M,1,138,1.2000000000000455,9.057999999999993,0,2.0
120,ERROR_M,1,139,1.80600000000004,8.809999999999945,0,2.0
120,ERROR_M,1,140,2.3199999999999363,4.72199999999998,1,2.0
120,ERROR_M,1,141,2.4760000000001128,6.245999999999867,1,2.0
120,ERROR_M,1,142,1.8840000000000146,3.9400000000000546,0,2.0
120,ERROR_M,1,143,1.8599999999999,5.660000000000082,0,2.0
120,ERROR_M,1,144,2.33400000000006,4.447999999999865,1,2.0
120,ERROR_M,1,145,1.1440000000000055,4.004000000000133,0,2.0
120,ERROR_M,1,146,1.981999999999971,3.935999999999922,0,2.0
120,ERROR_M,1,147,2.4600000000000364,5.114000000000033,1,2.0
120,ERROR_M,1,148,1.63799999999992,6.582000000000107,0,2.0
120,ERROR_M,1,149,1.6320000000000618,6.505999999999858,0,2.0
120,ERROR_M,1,150,2.4700000000000273,4.240000000000009,1,2.0
120,ERROR_M,1,151,1.16800000000012,7.129999999999882,0,2.0
120,ERROR_M,1,152,1.9580000000000837,5.27599999999984,0,2.0
120,ERROR_M,1,153,2.018000000000029,7.512000000000171,1,2.0
120,ERROR_M,1,154,1.9859999999998763,7.920000000000073,0,2.0
120,ERROR_M,1,155,2.1420000000000528,8.899999999999864,1,2.0
120,ERROR_M,1,156,1.6179999999999382,2.602000000000089,0,2.0
120,ERROR_M,1,157,2.19399999999996,4.0340000000001055,1,2.0
120,ERROR_M,1,158,2.099999999999909,6.870000000000118,1,2.0
120,ERROR_M,1,159,2.339999999999918,5.3840000000000146,1,2.0
120,ERROR_M,1,160,1.481999999999971,5.5219999999999345,0,2.0
120,ERROR_M,1,161,2.1760000000001583,7.367999999999938,1,2.0
120,ERROR_M,1,162,2.1539999999999964,5.912000000000035,1,2.0
120,ERROR_M,1,163,2.6219999999998436,6.632000000000062,1,2.0
120,ERROR_M,1,164,1.8179999999999836,8.114000000000033,0,2.0
120,ERROR_M,1,165,2.2740000000001146,7.705999999999904,1,2.0
120,ERROR_M,1,166,1.740000000000009,3.2180000000000746,0,2.0
120,ERROR_M,1,167,2.009999999999991,5.407999999999902,1,2.0
120,ERROR_M,1,168,1.981999999999971,5.153999999999996,0,2.0
120,ERROR_M,1,169,2.173999999999978,5.9220000000000255,1,2.0
120,ERROR_M,1,170,2.518000000000029,3.6639999999999873,1,2.0
120,ERROR_M,1,171,2.436000000000149,5.947999999999865,1,2.0
120,ERROR_M,1,172,1.9860000000001037,14.013999999999896,0,2.0
120,ERROR_M,1,173,1.3199999999999363,7.874000000000024,0,2.0
120,ERROR_M,1,174,1.8959999999999582,3.880000000000109,0,2.0
120,ERROR_M,1,175,1.981999999999971,,0,2.0
120,ERROR_M,2,1,0.7780000000000022,7.897999999999996,0,2.0
120,ERROR_M,2,2,1.7220000000000013,8.194000000000003,0,2.0
120,ERROR_M,2,3,2.058,5.229999999999997,1,2.0
120,ERROR_M,2,4,2.034000000000006,3.2919999999999945,1,2.0
120,ERROR_M,2,5,2.3260000000000076,5.658000000000001,1,2.0
120,ERROR_M,2,6,1.6879999999999882,8.922000000000011,0,2.0
120,ERROR_M,2,7,2.0579999999999927,4.343999999999994,1,2.0
120,ERROR_M,2,8,1.994000000000014,4.955999999999989,0,2.0
120,ERROR_M,2,9,2.1000000000000085,2.86399999999999,1,2.0
120,ERROR_M,2,10,2.0120000000000005,6.603999999999999,1,2.0
120,ERROR_M,2,11,2.097999999999999,7.324000000000012,1,2.0
120,ERROR_M,2,12,1.6299999999999955,3.587999999999994,0,2.0
120,ERROR_M,2,13,0.7680000000000007,0.06199999999999761,0,2.0
120,ERROR_M,2,14,0.31400000000000716,23.64999999999999,0,2.0
120,ERROR_M,2,15,1.5460000000000207,2.7319999999999993,0,2.0
120,ERROR_M,2,16,1.5719999999999743,4.076000000000022,0,2.0
120,ERROR_M,2,17,1.617999999999995,4.557999999999993,0,2.0
120,ERROR_M,2,18,1.3700000000000045,5.842000000000013,0,2.0
120,ERROR_M,2,19,2.23599999999999,6.437999999999988,1,2.0
120,ERROR_M,2,20,1.9860000000000184,7.109999999999985,0,2.0
120,ERROR_M,2,21,1.990000000000009,6.835999999999984,0,2.0
120,ERROR_M,2,22,1.774000000000001,6.878000000000014,0,2.0
120,ERROR_M,2,23,2.108000000000004,8.031999999999982,1,2.0
120,ERROR_M,2,24,0.016000000000019554,0.103999999999985,0,2.0
120,ERROR_M,2,25,0.15000000000000568,19.075999999999993,0,2.0
120,ERROR_M,2,26,2.4339999999999975,8.588000000000022,1,2.0
120,ERROR_M,2,27,1.7939999999999827,6.0,0,2.0
120,ERROR_M,2,28,2.2280000000000086,4.822000000000003,1,2.0
120,ERROR_M,2,29,1.6999999999999886,5.139999999999986,0,2.0
120,ERROR_M,2,30,2.04200000000003,8.334000000000003,1,2.0
120,ERROR_M,2,31,2.8419999999999845,4.069999999999993,1,2.0
120,ERROR_M,2,32,2.165999999999997,3.2320000000000277,1,2.0
120,ERROR_M,2,33,1.6059999999999945,6.1159999999999854,0,2.0
120,ERROR_M,2,34,2.7320000000000277,7.245999999999981,1,2.0
120,ERROR_M,2,35,2.5260000000000105,7.777999999999963,1,2.0
120,ERROR_M,2,36,2.0260000000000105,3.222000000000037,1,2.0
120,ERROR_M,2,37,2.0359999999999445,6.880000000000052,1,2.0
120,ERROR_M,2,38,1.9319999999999595,4.150000000000034,0,2.0
120,ERROR_M,2,39,1.8460000000000036,4.8940000000000055,0,2.0
120,ERROR_M,2,40,1.839999999999975,8.98599999999999,0,2.0
120,ERROR_M,2,41,1.9680000000000177,8.49799999999999,0,2.0
120,ERROR_M,2,42,2.420000000000016,6.585999999999956,1,2.0
120,ERROR_M,2,43,1.6300000000000523,2.565999999999974,0,2.0
120,ERROR_M,2,44,1.7099999999999795,6.934000000000026,0,2.0
120,ERROR_M,2,45,2.4219999999999686,7.760000000000048,1,2.0
120,ERROR_M,2,46,2.211999999999989,4.245999999999981,1,2.0
120,ERROR_M,2,47,2.434000000000026,8.029999999999973,1,2.0
120,ERROR_M,2,48,1.8000000000000114,5.307999999999993,0,2.0
120,ERROR_M,2,49,2.117999999999995,3.170000000000016,1,2.0
120,ERROR_M,2,50,2.1539999999999964,5.600000000000023,1,2.0
120,ERROR_M,2,51,1.7639999999999532,3.1200000000000045,0,2.0
120,ERROR_M,2,52,1.8740000000000236,5.8419999999999845,0,2.0
120,ERROR_M,2,53,2.8000000000000114,4.978000000000009,1,2.0
120,ERROR_M,2,54,2.4180000000000064,7.127999999999986,1,2.0
120,ERROR_M,2,55,2.3999999999999773,3.9399999999999977,1,2.0
120,ERROR_M,2,56,1.9660000000000082,6.576000000000022,0,2.0
120,ERROR_M,2,57,1.849999999999966,4.618000000000052,0,2.0
120,ERROR_M,2,58,1.7779999999999632,8.24799999999999,0,2.0
120,ERROR_M,2,59,2.29200000000003,3.622000000000014,1,2.0
120,ERROR_M,2,60,1.981999999999971,4.4220000000000255,0,2.0
120,ERROR_M,2,61,2.307999999999936,4.974000000000046,1,2.0
120,ERROR_M,2,62,2.6760000000000446,6.7579999999999245,1,2.0
120,ERROR_M,2,63,0.09800000000007003,0.12199999999995725,0,2.0
120,ERROR_M,2,64,0.09400000000005093,23.555999999999926,0,2.0
120,ERROR_M,2,65,1.8260000000000218,7.512000000000057,0,2.0
120,ERROR_M,2,66,1.8679999999999382,8.156000000000063,0,2.0
120,ERROR_M,2,67,2.274000000000001,6.689999999999941,1,2.0
120,ERROR_M,2,68,0.03600000000005821,0.10399999999992815,0,2.0
120,ERROR_M,2,69,0.06200000000001182,33.464000000000055,0,2.0
120,ERROR_M,2,70,2.3999999999999773,7.17999999999995,1,2.0
120,ERROR_M,2,71,2.0020000000000664,8.767999999999915,1,2.0
120,ERROR_M,2,72,2.090000000000032,4.645999999999958,1,2.0
120,ERROR_M,2,73,2.4740000000000464,3.9640000000000555,1,2.0
120,ERROR_M,2,74,2.1779999999999973,4.70799999999997,1,2.0
120,ERROR_M,2,75,2.519999999999982,5.596000000000004,1,2.0
120,ERROR_M,2,76,2.1539999999999964,5.618000000000052,1,2.0
120,ERROR_M,2,77,2.245999999999981,5.937999999999988,1,2.0
120,ERROR_M,2,78,2.0720000000000027,6.322000000000003,1,2.0
120,ERROR_M,2,79,2.0739999999999554,8.01400000000001,1,2.0
120,ERROR_M,2,80,2.8139999999999645,2.914000000000101,1,2.0
120,ERROR_M,2,81,2.127999999999929,8.638000000000034,1,2.0
120,ERROR_M,2,82,2.4120000000000346,3.8319999999999936,1,2.0
120,ERROR_M,2,83,2.433999999999969,3.0439999999999827,1,2.0
120,ERROR_M,2,84,2.244000000000028,4.701999999999998,1,2.0
120,ERROR_M,2,85,1.7559999999999718,5.655999999999949,0,2.0
120,ERROR_M,2,86,2.008000000000038,6.012000000000057,1,2.0
120,ERROR_M,2,87,2.1819999999999027,5.176000000000045,1,2.0
120,ERROR_M,2,88,1.9840000000000373,3.8279999999999745,0,2.0
120,ERROR_M,2,89,1.9160000000000537,4.903999999999996,0,2.0
120,ERROR_M,2,90,2.231999999999971,7.711999999999989,1,2.0
120,ERROR_M,2,91,1.995999999999981,4.988000000000056,0,2.0
120,ERROR_M,2,92,1.8079999999999927,6.533999999999992,0,2.0
120,ERROR_M,2,93,1.9080000000000155,7.397999999999911,0,2.0
120,ERROR_M,2,94,2.4120000000000346,6.307999999999993,1,2.0
120,ERROR_M,2,95,2.245999999999981,3.6000000000000227,1,2.0
120,ERROR_M,2,96,3.0539999999999736,7.096000000000004,1,2.0
120,ERROR_M,2,97,1.9820000000000846,3.203999999999951,0,2.0
120,ERROR_M,2,98,2.975999999999999,8.213999999999942,1,2.0
120,ERROR_M,2,99,1.9780000000000655,7.840000000000032,0,2.0
120,ERROR_M,2,100,2.919999999999959,4.898000000000025,1,2.0
120,ERROR_M,2,101,2.72199999999998,6.403999999999996,1,2.0
120,ERROR_M,2,102,1.7939999999999827,6.446000000000026,0,2.0
120,ERROR_M,2,103,2.6720000000000255,7.480000000000018,1,2.0
120,ERROR_M,2,104,2.435999999999922,7.898000000000025,1,2.0
120,ERROR_M,2,105,2.4080000000000155,8.562000000000012,1,2.0
120,ERROR_M,2,106,2.5,8.505999999999972,1,2.0
120,ERROR_M,2,107,2.6119999999999663,80.13600000000008,1,2.0
120,ERROR_M,2,108,1.2619999999999436,4.769999999999982,0,2.0
120,ERROR_M,2,109,2.052000000000021,6.1580000000000155,1,2.0
120,ERROR_M,2,110,1.5960000000000036,7.148000000000025,0,2.0
120,ERROR_M,2,111,2.0219999999999345,5.2719999999999345,1,2.0
120,ERROR_M,2,112,2.2280000000000655,5.648000000000138,1,2.0
120,ERROR_M,2,113,2.241999999999962,7.0779999999999745,1,2.0
120,ERROR_M,2,114,2.2999999999999545,4.124000000000024,1,2.0
120,ERROR_M,2,115,1.02800000000002,0.16200000000003456,0,2.0
120,ERROR_M,2,116,0.07399999999984175,95.48400000000015,0,2.0
120,ERROR_M,2,117,0.41599999999994,3.8199999999999363,0,2.0
120,ERROR_M,2,118,1.9480000000000928,3.798000000000002,0,2.0
120,ERROR_M,2,119,1.821999999999889,4.052000000000135,0,2.0
120,ERROR_M,2,120,1.8379999999999654,3.1620000000000346,0,2.0
120,ERROR_M,2,121,2.0939999999998236,4.6440000000000055,1,2.0
120,ERROR_M,2,122,2.0160000000000764,4.91599999999994,1,2.0
120,ERROR_M,2,123,1.8100000000001728,2.8079999999999927,0,2.0
120,ERROR_M,2,124,2.241999999999962,7.649999999999864,1,2.0
120,ERROR_M,2,125,2.242000000000189,6.629999999999882,1,2.0
120,ERROR_M,2,126,2.018000000000029,4.130000000000109,1,2.0
120,ERROR_M,2,127,2.211999999999989,4.527999999999793,1,2.0
120,ERROR_M,2,128,2.980000000000018,2.936000000000149,1,2.0
120,ERROR_M,2,129,2.341999999999871,5.772000000000162,1,2.0
120,ERROR_M,2,130,1.977999999999838,5.19399999999996,0,2.0
120,ERROR_M,2,131,2.08400000000006,5.9220000000000255,1,2.0
120,ERROR_M,2,132,2.0240000000001146,6.519999999999982,1,2.0
120,ERROR_M,2,133,2.4379999999998745,7.266000000000076,1,2.0
120,ERROR_M,2,134,1.731999999999971,8.097999999999956,0,2.0
120,ERROR_M,2,135,2.0699999999999363,6.0340000000001055,1,2.0
120,ERROR_M,2,136,1.8320000000001073,8.329999999999927,0,2.0
120,ERROR_M,2,137,2.203999999999951,8.63799999999992,1,2.0
120,ERROR_M,2,138,2.104000000000042,7.412000000000035,1,2.0
120,ERROR_M,2,139,2.0879999999999654,7.234000000000151,1,2.0
120,ERROR_M,2,140,1.9399999999998272,8.622000000000071,0,2.0
120,ERROR_M,2,141,2.3019999999999072,6.044000000000096,1,2.0
120,ERROR_M,2,142,1.72199999999998,5.923999999999978,0,2.0
120,ERROR_M,2,143,2.1620000000000346,7.990000000000009,1,2.0
120,ERROR_M,2,144,2.241999999999962,3.981999999999971,1,2.0
120,ERROR_M,2,145,2.1800000000000637,4.559999999999945,1,2.0
120,ERROR_M,2,146,2.0160000000000764,7.218000000000075,1,2.0
120,ERROR_M,2,147,2.015999999999849,7.710000000000036,1,2.0
120,ERROR_M,2,148,2.1440000000000055,8.432000000000016,1,2.0
120,ERROR_M,2,149,1.9600000000000364,4.857999999999947,0,2.0
120,ERROR_M,2,150,2.1539999999999964,4.829999999999927,1,2.0
120,ERROR_M,2,151,2.0420000000001437,5.677999999999884,1,2.0
120,ERROR_M,2,152,2.0779999999999745,6.298000000000002,1,2.0
120,ERROR_M,2,153,2.2940000000000964,4.804000000000087,1,2.0
120,ERROR_M,2,154,2.3439999999998236,6.850000000000136,1,2.0
120,ERROR_M,2,155,2.1059999999999945,5.970000000000027,1,2.0
120,ERROR_M,2,156,2.0679999999999836,6.975999999999885,1,2.0
120,ERROR_M,2,157,1.9160000000001673,4.439999999999827,0,2.0
120,ERROR_M,2,158,1.9700000000000273,8.062000000000126,0,2.0
120,ERROR_M,2,159,1.8639999999998054,8.986000000000104,0,2.0
120,ERROR_M,2,160,2.230000000000018,6.375999999999976,1,2.0
120,ERROR_M,2,161,1.66800000000012,5.379999999999882,0,2.0
120,ERROR_M,2,162,1.6700000000000728,6.731999999999971,0,2.0
120,ERROR_M,2,163,2.104000000000042,8.223999999999933,1,2.0
120,ERROR_M,2,164,2.316000000000031,4.071999999999889,1,2.0
120,ERROR_M,2,165,2.1259999999999764,5.9780000000000655,1,2.0
120,ERROR_M,2,166,1.9739999999999327,6.012000000000171,0,2.0
120,ERROR_M,2,167,1.7719999999999345,6.142000000000053,0,2.0
120,ERROR_M,2,168,0.07399999999984175,0.060000000000172804,0,2.0
120,ERROR_M,2,169,0.17599999999993088,294.01199999999994,0,2.0
120,ERROR_M,2,170,0.22400000000016007,20.87999999999988,0,2.0
120,ERROR_M,2,171,1.1320000000000618,4.175999999999931,0,2.0
120,ERROR_M,2,172,2.0119999999999436,5.130000000000109,1,2.0
120,ERROR_M,2,173,1.6520000000000437,6.773999999999887,0,2.0
120,ERROR_M,2,174,1.7740000000001146,2.477999999999838,0,2.0
120,ERROR_M,2,175,2.1620000000000346,3.241999999999962,1,2.0
120,ERROR_M,2,176,2.2040000000001783,4.645999999999958,1,2.0
120,ERROR_M,2,177,1.97199999999998,7.5219999999999345,0,2.0
120,ERROR_M,2,178,2.1100000000001273,5.77599999999984,1,2.0
120,ERROR_M,2,179,2.259999999999991,7.2280000000000655,1,2.0
120,ERROR_M,2,180,2.1200000000001182,7.677999999999884,1,2.0
120,ERROR_M,2,181,1.2799999999999727,7.991999999999962,0,2.0
120,ERROR_M,2,182,2.2080000000000837,8.283999999999878,1,2.0
120,ERROR_M,2,183,1.9020000000000437,8.592000000000098,0,2.0
120,ERROR_M,2,184,2.4179999999998927,7.057999999999993,1,2.0
120,ERROR_M,2,185,1.7180000000000746,3.5960000000000036,0,2.0
120,ERROR_M,2,186,2.5119999999999436,4.1440000000000055,1,2.0
120,ERROR_M,2,187,2.602000000000089,2.8299999999999272,1,2.0
120,ERROR_M,2,188,2.408000000000129,6.27800000000002,1,2.0
120,ERROR_M,2,189,2.245999999999867,5.880000000000109,1,2.0
120,ERROR_M,2,190,2.33199999999988,6.490000000000009,1,2.0
120,ERROR_M,2,191,1.6639999999999873,5.120000000000118,0,2.0
120,ERROR_M,2,192,2.1159999999999854,7.619999999999891,1,2.0
120,ERROR_M,2,193,2.0100000000002183,6.661999999999807,1,2.0
120,ERROR_M,2,194,2.33199999999988,5.148000000000138,1,2.0
120,ERROR_M,2,195,3.9699999999998,7.638000000000375,1,2.0
120,ERROR_M,2,196,2.3899999999998727,7.813999999999851,1,2.0
120,ERROR_M,2,197,1.7020000000002256,7.8840000000000146,0,2.0
120,ERROR_M,2,198,1.69399999999996,402.95199999999977,0,2.0
120,ERROR_M,2,199,0.5700000000001637,3.2799999999997453,0,2.0
120,ERROR_M,2,200,2.5920000000000982,4.006000000000313,1,2.0
120,ERROR_M,2,201,2.869999999999891,5.552000000000135,1,2.0
120,ERROR_M,2,202,2.1399999999998727,6.181999999999789,1,2.0
120,ERROR_M,2,203,1.874000000000251,2.911999999999807,0,2.0
120,ERROR_M,2,204,2.405999999999949,4.829999999999927,1,2.0
120,ERROR_M,2,205,0.524000000000342,0.10399999999981446,0,2.0
120,ERROR_M,2,206,0.12800000000015643,36.50599999999986,0,2.0
120,ERROR_M,2,207,2.1239999999997963,8.514000000000124,1,2.0
120,ERROR_M,2,208,2.061999999999898,4.996000000000095,1,2.0
120,ERROR_M,2,209,0.7820000000001528,0.03999999999996362,0,2.0
120,ERROR_M,2,210,0.18800000000010186,43.958000000000084,0,2.0
120,ERROR_M,2,211,2.4459999999999127,6.001999999999953,1,2.0
120,ERROR_M,2,212,1.8179999999997563,6.9220000000000255,0,2.0
120,ERROR_M,2,213,2.5300000000002,6.655999999999949,1,2.0
120,ERROR_M,2,214,2.244000000000142,6.35799999999972,1,2.0
120,ERROR_M,2,215,2.006000000000313,7.44399999999996,1,2.0
120,ERROR_M,2,216,1.900000000000091,7.335999999999785,0,2.0
120,ERROR_M,2,217,1.6260000000002037,5.755999999999858,0,2.0
120,ERROR_M,2,218,2.1959999999999127,7.048000000000229,1,2.0
120,ERROR_M,2,219,1.4839999999999236,6.02599999999984,0,2.0
120,ERROR_M,2,220,2.3400000000001455,10.076000000000022,1,2.0
120,ERROR_M,2,221,1.0419999999999163,4.605999999999767,0,2.0
120,ERROR_M,2,222,1.7760000000002947,8.70199999999977,0,2.0
120,ERROR_M,2,223,1.4459999999999127,,0,2.0
120,ERROR_M,3,1,0.6759999999999984,4.060000000000002,0,2.0
120,ERROR_M,3,2,2.0079999999999956,8.410000000000004,1,2.0
120,ERROR_M,3,3,1.716000000000001,5.457999999999998,0,2.0
120,ERROR_M,3,4,1.8079999999999998,6.810000000000002,0,2.0
120,ERROR_M,3,5,1.3699999999999974,6.020000000000003,0,2.0
120,ERROR_M,3,6,1.6159999999999997,9.072000000000003,0,2.0
120,ERROR_M,3,7,1.695999999999998,2.9380000000000024,0,2.0
120,ERROR_M,3,8,1.407999999999987,2.4580000000000126,0,2.0
120,ERROR_M,3,9,1.9939999999999998,6.185999999999993,0,2.0
120,ERROR_M,3,10,1.695999999999998,5.530000000000001,0,2.0
120,ERROR_M,3,11,0.02400000000000091,22.174000000000007,0,2.0
120,ERROR_M,3,12,1.6439999999999912,4.00800000000001,0,2.0
120,ERROR_M,3,13,2.1380000000000052,5.121999999999986,1,2.0
120,ERROR_M,3,14,1.7700000000000102,6.447999999999979,0,2.0
120,ERROR_M,3,15,2.098000000000013,7.590000000000003,1,2.0
120,ERROR_M,3,16,1.5699999999999932,7.807999999999993,0,2.0
120,ERROR_M,3,17,1.8380000000000223,8.199999999999989,0,2.0
120,ERROR_M,3,18,1.7860000000000014,7.180000000000007,0,2.0
120,ERROR_M,3,19,1.695999999999998,5.699999999999989,0,2.0
120,ERROR_M,3,20,1.6280000000000143,8.007999999999981,0,2.0
120,ERROR_M,3,21,1.6020000000000039,8.454000000000008,0,2.0
120,ERROR_M,3,22,1.8619999999999948,3.4480000000000075,0,2.0
120,ERROR_M,3,23,1.6800000000000068,9.843999999999994,0,2.0
120,ERROR_M,3,24,1.5120000000000005,2.421999999999997,0,2.0
120,ERROR_M,3,25,1.617999999999995,2.7460000000000093,0,2.0
120,ERROR_M,3,26,2.0219999999999914,3.9979999999999905,1,2.0
120,ERROR_M,3,27,2.0020000000000095,5.650000000000006,1,2.0
120,ERROR_M,3,28,2.0039999999999907,6.038000000000011,1,2.0
120,ERROR_M,3,29,1.8240000000000123,6.2620000000000005,0,2.0
120,ERROR_M,3,30,1.6639999999999873,4.127999999999986,0,2.0
120,ERROR_M,3,31,2.160000000000025,6.584000000000003,1,2.0
120,ERROR_M,3,32,2.6719999999999686,12.816000000000031,1,2.0
120,ERROR_M,3,33,1.867999999999995,4.586000000000013,0,2.0
120,ERROR_M,3,34,1.7479999999999905,4.5020000000000095,0,2.0
120,ERROR_M,3,35,1.8059999999999832,7.26400000000001,0,2.0
120,ERROR_M,3,36,2.1359999999999673,8.008000000000038,1,2.0
120,ERROR_M,3,37,1.6739999999999782,7.71999999999997,0,2.0
120,ERROR_M,3,38,2.2040000000000077,4.972000000000037,1,2.0
120,ERROR_M,3,39,1.825999999999965,3.156000000000006,0,2.0
120,ERROR_M,3,40,1.8940000000000055,6.4979999999999905,0,2.0
120,ERROR_M,3,41,2.122000000000014,8.636000000000024,1,2.0
120,ERROR_M,3,42,2.231999999999971,2.7060000000000173,1,2.0
120,ERROR_M,3,43,1.9739999999999895,3.8220000000000027,0,2.0
120,ERROR_M,3,44,2.466000000000008,4.581999999999994,1,2.0
120,ERROR_M,3,45,2.211999999999989,5.376000000000033,1,2.0
120,ERROR_M,3,46,1.5779999999999745,4.853999999999985,0,2.0
120,ERROR_M,3,47,2.05600000000004,6.92999999999995,1,2.0
120,ERROR_M,3,48,1.9680000000000177,5.590000000000032,0,2.0
120,ERROR_M,3,49,2.20799999999997,7.329999999999984,1,2.0
120,ERROR_M,3,50,2.367999999999995,4.03000000000003,1,2.0
120,ERROR_M,3,51,2.298000000000002,7.909999999999968,1,2.0
120,ERROR_M,3,52,1.9840000000000373,7.783999999999992,0,2.0
120,ERROR_M,3,53,2.3700000000000045,4.329999999999984,1,2.0
120,ERROR_M,3,54,2.2139999999999986,3.725999999999999,1,2.0
120,ERROR_M,3,55,2.268000000000029,6.513999999999953,1,2.0
120,ERROR_M,3,56,2.368000000000052,6.257999999999981,1,2.0
120,ERROR_M,3,57,1.8559999999999945,8.422000000000025,0,2.0
120,ERROR_M,3,58,1.9179999999999495,7.876000000000033,0,2.0
120,ERROR_M,3,59,2.1959999999999695,4.875999999999976,1,2.0
120,ERROR_M,3,60,1.8100000000000591,4.545999999999935,0,2.0
120,ERROR_M,3,61,2.0400000000000773,4.923999999999978,1,2.0
120,ERROR_M,3,62,2.062000000000012,6.67999999999995,1,2.0
120,ERROR_M,3,63,2.008000000000038,8.724000000000046,1,2.0
120,ERROR_M,3,64,2.0159999999999627,6.326000000000022,1,2.0
120,ERROR_M,3,65,2.1959999999999127,7.666000000000054,1,2.0
120,ERROR_M,3,66,2.6280000000000427,3.9279999999999973,1,2.0
120,ERROR_M,3,67,1.9799999999999045,8.400000000000091,0,2.0
120,ERROR_M,3,68,2.169999999999959,3.7000000000000455,1,2.0
120,ERROR_M,3,69,2.0459999999999354,5.73599999999999,1,2.0
120,ERROR_M,3,70,2.0579999999999927,3.9500000000000455,1,2.0
120,ERROR_M,3,71,2.07000000000005,6.653999999999996,1,2.0
120,ERROR_M,3,72,1.947999999999979,6.977999999999952,0,2.0
120,ERROR_M,3,73,2.062000000000012,5.716000000000008,1,2.0
120,ERROR_M,3,74,1.9879999999999427,2.8180000000000973,0,2.0
120,ERROR_M,3,75,1.8679999999999382,7.159999999999968,0,2.0
120,ERROR_M,3,76,1.7760000000000673,3.127999999999929,0,2.0
120,ERROR_M,3,77,2.004000000000019,7.36200000000008,1,2.0
120,ERROR_M,3,78,1.9939999999999145,7.6059999999999945,0,2.0
120,ERROR_M,3,79,1.5200000000000955,7.9799999999999045,0,2.0
120,ERROR_M,3,80,1.961999999999989,8.382000000000062,0,2.0
120,ERROR_M,3,81,2.0579999999999927,8.652000000000044,1,2.0
120,ERROR_M,3,82,2.0919999999999845,3.495999999999981,1,2.0
120,ERROR_M,3,83,2.019999999999982,4.576000000000022,1,2.0
120,ERROR_M,3,84,2.437999999999988,8.432000000000016,1,2.0
120,ERROR_M,3,85,1.8619999999999663,5.283999999999992,0,2.0
120,ERROR_M,3,86,2.022000000000048,5.779999999999973,1,2.0
120,ERROR_M,3,87,1.5439999999999827,4.456000000000017,0,2.0
120,ERROR_M,3,88,1.830000000000041,3.949999999999932,0,2.0
120,ERROR_M,3,89,2.1399999999999864,5.532000000000039,1,2.0
120,ERROR_M,3,90,2.2240000000000464,4.319999999999936,1,2.0
120,ERROR_M,3,91,3.4180000000000064,6.022000000000048,1,2.0
120,ERROR_M,3,92,1.9099999999999682,6.217999999999961,0,2.0
120,ERROR_M,3,93,2.29200000000003,6.596000000000004,1,2.0
120,ERROR_M,3,94,1.7899999999999636,6.968000000000075,0,2.0
120,ERROR_M,3,95,2.173999999999978,3.919999999999959,1,2.0
120,ERROR_M,3,96,2.4920000000000755,6.995999999999981,1,2.0
120,ERROR_M,3,97,1.6619999999999209,4.836000000000013,0,2.0
120,ERROR_M,3,98,1.73599999999999,6.01400000000001,0,2.0
120,ERROR_M,3,99,2.07000000000005,3.981999999999971,1,2.0
120,ERROR_M,3,100,2.7340000000000373,7.484000000000037,1,2.0
120,ERROR_M,3,101,2.0179999999999154,3.9039999999999964,1,2.0
120,ERROR_M,3,102,2.0960000000000036,4.490000000000009,1,2.0
120,ERROR_M,3,103,2.4440000000000737,5.209999999999923,1,2.0
120,ERROR_M,3,104,2.064000000000078,5.667999999999893,1,2.0
120,ERROR_M,3,105,2.074000000000069,6.467999999999961,1,2.0
120,ERROR_M,3,106,2.5,6.676000000000045,1,2.0
120,ERROR_M,3,107,1.9499999999999318,7.136000000000081,0,2.0
120,ERROR_M,3,108,2.1340000000000146,7.843999999999937,1,2.0
120,ERROR_M,3,109,2.0679999999999836,4.460000000000036,1,2.0
120,ERROR_M,3,110,1.9539999999999509,697.6640000000001,0,2.0
120,ERROR_M,3,111,0.5319999999999254,72.29999999999995,0,2.0
120,ERROR_M,3,112,1.6739999999999782,3.8320000000001073,0,2.0
120,ERROR_M,3,113,2.0579999999999927,4.425999999999931,1,2.0
120,ERROR_M,3,114,0.7139999999999418,5.186000000000149,0,2.0
120,ERROR_M,3,115,1.77800000000002,2.5219999999999345,0,2.0
120,ERROR_M,3,116,2.382000000000062,16.167999999999893,1,2.0
120,ERROR_M,3,117,1.2260000000001128,8.096000000000004,0,2.0
120,ERROR_M,3,118,2.258000000000038,11.031999999999925,1,2.0
120,ERROR_M,3,119,2.4700000000000273,6.975999999999885,1,2.0
120,ERROR_M,3,120,1.0600000000001728,7.557999999999993,0,2.0
120,ERROR_M,3,121,1.9079999999999018,4.680000000000064,0,2.0
120,ERROR_M,3,122,2.3640000000000327,6.019999999999982,1,2.0
120,ERROR_M,3,123,2.0499999999999545,6.0499999999999545,1,2.0
120,ERROR_M,3,124,2.0,6.811999999999898,0,2.0
120,ERROR_M,3,125,2.22400000000016,7.263999999999896,1,2.0
120,ERROR_M,3,126,1.9480000000000928,5.30600000000004,0,2.0
120,ERROR_M,3,127,1.7919999999999163,3.4939999999999145,0,2.0
120,ERROR_M,3,128,2.244000000000142,14.182000000000016,1,2.0
120,ERROR_M,3,129,1.6639999999999873,4.147999999999911,0,2.0
120,ERROR_M,3,130,2.1200000000001182,11.577999999999975,1,2.0
120,ERROR_M,3,131,0.38199999999983447,0.10000000000013642,0,2.0
120,ERROR_M,3,132,0.11400000000003274,,0,2.0
120,ERROR_M,4,1,1.0760000000000005,6.186,0,2.0
120,ERROR_M,4,2,0.9200000000000017,5.695999999999998,0,2.0
120,ERROR_M,4,3,1.206000000000003,7.113999999999997,0,2.0
120,ERROR_M,4,4,1.8740000000000023,6.821999999999996,0,2.0
120,ERROR_M,4,5,1.716000000000001,2.6060000000000016,0,2.0
120,ERROR_M,4,6,2.054000000000002,7.6440000000000055,1,2.0
120,ERROR_M,4,7,1.7859999999999872,2.7580000000000098,0,2.0
120,ERROR_M,4,8,2.054000000000002,6.637999999999991,1,2.0
120,ERROR_M,4,9,1.7879999999999967,8.138000000000005,0,2.0
120,ERROR_M,4,10,1.6920000000000073,8.545999999999992,0,2.0
120,ERROR_M,4,11,2.1059999999999945,3.964000000000013,1,2.0
120,ERROR_M,4,12,2.097999999999999,4.158000000000001,1,2.0
120,ERROR_M,4,13,0.43599999999999284,35.59800000000001,0,2.0
120,ERROR_M,4,14,1.681999999999988,4.3700000000000045,0,2.0
120,ERROR_M,4,15,1.5919999999999845,3.812000000000012,0,2.0
120,ERROR_M,4,16,1.8739999999999952,4.924000000000007,0,2.0
120,ERROR_M,4,17,1.891999999999996,4.604000000000013,0,2.0
120,ERROR_M,4,18,2.009999999999991,5.256,1,2.0
120,ERROR_M,4,19,2.015999999999991,5.568000000000012,1,2.0
120,ERROR_M,4,20,1.9159999999999968,7.139999999999986,0,2.0
120,ERROR_M,4,21,2.122000000000014,3.093999999999994,1,2.0
120,ERROR_M,4,22,1.8120000000000118,4.5919999999999845,0,2.0
120,ERROR_M,4,23,1.77800000000002,4.015999999999991,0,2.0
120,ERROR_M,4,24,1.7519999999999811,3.0700000000000216,0,2.0
120,ERROR_M,4,25,1.9979999999999905,4.810000000000002,0,2.0
120,ERROR_M,4,26,1.8760000000000048,5.454000000000008,0,2.0
120,ERROR_M,4,27,1.9359999999999786,8.474000000000018,0,2.0
120,ERROR_M,4,28,1.9559999999999889,7.53000000000003,0,2.0
120,ERROR_M,4,29,2.1639999999999873,3.8240000000000123,1,2.0
120,ERROR_M,4,30,1.801999999999964,5.812000000000012,0,2.0
120,ERROR_M,4,31,1.6659999999999968,7.822000000000003,0,2.0
120,ERROR_M,4,32,2.197999999999979,8.216000000000008,1,2.0
120,ERROR_M,4,33,2.1140000000000327,5.267999999999972,1,2.0
120,ERROR_M,4,34,2.27800000000002,6.295999999999992,1,2.0
120,ERROR_M,4,35,2.0439999999999827,6.76400000000001,1,2.0
120,ERROR_M,4,36,1.656000000000006,4.509999999999991,0,2.0
120,ERROR_M,4,37,0.016000000000019554,2.3279999999999745,0,2.0
120,ERROR_M,4,38,1.8899999999999864,4.078000000000031,0,2.0
120,ERROR_M,4,39,3.0960000000000036,4.5120000000000005,1,2.0
120,ERROR_M,4,40,2.372000000000014,4.697999999999979,1,2.0
120,ERROR_M,4,41,2.76400000000001,8.343999999999994,1,2.0
120,ERROR_M,4,42,2.5020000000000095,5.759999999999991,1,2.0
120,ERROR_M,4,43,3.3799999999999955,7.699999999999989,1,2.0
120,ERROR_M,4,44,2.180000000000007,7.767999999999972,1,2.0
120,ERROR_M,4,45,2.1100000000000136,4.036000000000001,1,2.0
120,ERROR_M,4,46,3.0500000000000114,5.161999999999978,1,2.0
120,ERROR_M,4,47,2.54200000000003,2.791999999999973,1,2.0
120,ERROR_M,4,48,2.768000000000029,4.954000000000008,1,2.0
120,ERROR_M,4,49,2.2899999999999636,8.331999999999994,1,2.0
120,ERROR_M,4,50,2.2860000000000014,8.864000000000033,1,2.0
120,ERROR_M,4,51,2.216000000000008,6.611999999999966,1,2.0
120,ERROR_M,4,52,2.1440000000000055,4.362000000000023,1,2.0
120,ERROR_M,4,53,2.2719999999999914,3.906000000000006,1,2.0
120,ERROR_M,4,54,2.7339999999999804,5.4360000000000355,1,2.0
120,ERROR_M,4,55,2.353999999999985,4.127999999999986,1,2.0
120,ERROR_M,4,56,2.3700000000000045,6.156000000000006,1,2.0
120,ERROR_M,4,57,1.8279999999999745,4.180000000000007,0,2.0
120,ERROR_M,4,58,2.4120000000000346,6.925999999999988,1,2.0
120,ERROR_M,4,59,2.1959999999999695,3.896000000000015,1,2.0
120,ERROR_M,4,60,2.475999999999999,5.073999999999955,1,2.0
120,ERROR_M,4,61,2.550000000000068,6.994000000000028,1,2.0
120,ERROR_M,4,62,0.3039999999999736,0.033999999999991815,0,2.0
120,ERROR_M,4,63,0.19200000000000728,16.870000000000005,0,2.0
120,ERROR_M,4,64,2.1079999999999472,4.01400000000001,1,2.0
120,ERROR_M,4,65,2.5579999999999927,7.470000000000027,1,2.0
120,ERROR_M,4,66,2.1200000000000045,7.926000000000045,1,2.0
120,ERROR_M,4,67,1.7879999999998972,8.148000000000025,0,2.0
120,ERROR_M,4,68,1.8840000000000146,8.466000000000008,0,2.0
120,ERROR_M,4,69,2.1059999999999945,4.618000000000052,1,2.0
120,ERROR_M,4,70,2.1100000000000136,6.561999999999898,1,2.0
120,ERROR_M,4,71,2.12600000000009,5.883999999999901,1,2.0
120,ERROR_M,4,72,2.2620000000000573,5.822000000000003,1,2.0
120,ERROR_M,4,73,3.203999999999951,6.198000000000093,1,2.0
120,ERROR_M,4,74,2.1680000000000064,4.051999999999907,1,2.0
120,ERROR_M,4,75,3.4139999999999873,5.153999999999996,1,2.0
120,ERROR_M,4,76,2.372000000000071,5.627999999999929,1,2.0
120,ERROR_M,4,77,2.3940000000000055,4.444000000000074,1,2.0
120,ERROR_M,4,78,2.3859999999999673,4.108000000000061,1,2.0
120,ERROR_M,4,79,2.5039999999999054,5.074000000000069,1,2.0
120,ERROR_M,4,80,1.9700000000000273,8.717999999999961,0,2.0
120,ERROR_M,4,81,1.6739999999999782,5.932000000000016,0,2.0
120,ERROR_M,4,82,1.97199999999998,6.524000000000001,0,2.0
120,ERROR_M,4,83,2.216000000000008,3.9740000000000464,1,2.0
120,ERROR_M,4,84,2.312000000000012,5.92999999999995,1,2.0
120,ERROR_M,4,85,2.1580000000000155,6.937999999999988,1,2.0
120,ERROR_M,4,86,1.8500000000000227,4.505999999999972,0,2.0
120,ERROR_M,4,87,1.8759999999999764,7.238000000000056,0,2.0
120,ERROR_M,4,88,2.6079999999999472,4.132000000000062,1,2.0
120,ERROR_M,4,89,2.8799999999999955,4.918000000000006,1,2.0
120,ERROR_M,4,90,2.8279999999999745,3.3500000000000227,1,2.0
120,ERROR_M,4,91,2.2059999999999036,5.302000000000021,1,2.0
120,ERROR_M,4,92,1.872000000000071,7.7859999999999445,0,2.0
120,ERROR_M,4,93,2.022000000000048,8.327999999999975,1,2.0
120,ERROR_M,4,94,2.3659999999999854,8.201999999999998,1,2.0
120,ERROR_M,4,95,2.145999999999958,8.734000000000037,1,2.0
120,ERROR_M,4,96,1.8479999999999563,2.4480000000000928,0,2.0
120,ERROR_M,4,97,2.3719999999999573,4.04200000000003,1,2.0
120,ERROR_M,4,98,2.703999999999951,5.816000000000031,1,2.0
120,ERROR_M,4,99,2.241999999999962,12.879999999999995,1,2.0
120,ERROR_M,4,100,1.9180000000000064,3.108000000000061,0,2.0
120,ERROR_M,4,101,2.0960000000000036,4.885999999999967,1,2.0
120,ERROR_M,4,102,2.796000000000049,7.573999999999955,1,2.0
120,ERROR_M,4,103,2.1539999999999964,4.211999999999989,1,2.0
120,ERROR_M,4,104,2.8859999999999673,6.748000000000047,1,2.0
120,ERROR_M,4,105,2.201999999999998,6.6340000000000146,1,2.0
120,ERROR_M,4,106,2.062000000000012,9.377999999999929,1,2.0
120,ERROR_M,4,107,1.8460000000000036,428.668,0,2.0
120,ERROR_M,4,108,1.4800000000000182,3.981999999999971,0,2.0
120,ERROR_M,4,109,1.66599999999994,7.988000000000056,0,2.0
120,ERROR_M,4,110,2.0920000000000982,7.433999999999969,1,2.0
120,ERROR_M,4,111,1.5879999999999654,5.153999999999996,0,2.0
120,ERROR_M,4,112,2.1079999999999472,10.162000000000035,1,2.0
120,ERROR_M,4,113,2.1420000000000528,6.55600000000004,1,2.0
120,ERROR_M,4,114,2.245999999999867,11.057999999999993,1,2.0
120,ERROR_M,4,115,1.9120000000000346,4.142000000000053,0,2.0
120,ERROR_M,4,116,2.094000000000051,5.601999999999862,1,2.0
120,ERROR_M,4,117,1.956000000000131,11.251999999999953,0,2.0
120,ERROR_M,4,118,1.9919999999999618,3.86200000000008,0,2.0
120,ERROR_M,4,119,1.5579999999999927,6.403999999999996,0,2.0
120,ERROR_M,4,120,2.3559999999999945,5.379999999999882,1,2.0
120,ERROR_M,4,121,1.9300000000000637,6.153999999999996,0,2.0
120,ERROR_M,4,122,2.0960000000000036,6.935999999999922,1,2.0
120,ERROR_M,4,123,1.6560000000001764,3.104000000000042,0,2.0
120,ERROR_M,4,124,2.283999999999878,8.682000000000016,1,2.0
120,ERROR_M,4,125,2.0260000000000673,5.793999999999869,1,2.0
120,ERROR_M,4,126,1.9940000000001419,5.77800000000002,0,2.0
120,ERROR_M,4,127,2.2619999999999436,7.488000000000056,1,2.0
120,ERROR_M,4,128,1.5079999999998108,5.336000000000013,0,2.0
120,ERROR_M,4,129,1.8020000000001346,8.1099999999999,0,2.0
120,ERROR_M,4,130,1.7540000000001328,7.535999999999831,0,2.0
120,ERROR_M,4,131,2.102000000000089,8.001999999999953,1,2.0
120,ERROR_M,4,132,1.8299999999999272,3.6140000000000327,0,2.0
120,ERROR_M,4,133,2.019999999999982,8.438000000000102,1,2.0
120,ERROR_M,4,134,2.1440000000000055,6.0,1,2.0
120,ERROR_M,4,135,2.241999999999962,6.41599999999994,1,2.0
120,ERROR_M,4,136,1.872000000000071,5.011999999999944,0,2.0
120,ERROR_M,4,137,0.6459999999999582,,0,2.0
120,ERROR_M,5,1,1.1900000000000013,2.496000000000002,0,2.0
120,ERROR_M,5,2,0.5219999999999985,0.012000000000000455,0,2.0
120,ERROR_M,5,3,0.2459999999999951,15.096000000000004,0,2.0
120,ERROR_M,5,4,1.3800000000000026,6.863999999999997,0,2.0
120,ERROR_M,5,5,1.725999999999999,4.7379999999999995,0,2.0
120,ERROR_M,5,6,1.8340000000000032,6.4339999999999975,0,2.0
120,ERROR_M,5,7,0.12000000000000455,0.578000000000003,0,2.0
120,ERROR_M,5,8,1.4299999999999926,3.852000000000004,0,2.0
120,ERROR_M,5,9,0.07200000000000273,0.08199999999999363,0,2.0
120,ERROR_M,5,10,0.5060000000000002,30.581999999999994,0,2.0
120,ERROR_M,5,11,1.8760000000000048,3.584000000000003,0,2.0
120,ERROR_M,5,12,1.769999999999996,4.490000000000009,0,2.0
120,ERROR_M,5,13,1.6839999999999975,7.595999999999989,0,2.0
120,ERROR_M,5,14,2.0100000000000193,5.111999999999995,1,2.0
120,ERROR_M,5,15,1.7399999999999807,7.596000000000004,0,2.0
120,ERROR_M,5,16,0.006000000000000227,30.77800000000002,0,2.0
120,ERROR_M,5,17,1.4899999999999807,6.445999999999998,0,2.0
120,ERROR_M,5,18,0.7340000000000089,1.4439999999999884,0,2.0
120,ERROR_M,5,19,1.5360000000000014,3.8360000000000127,0,2.0
120,ERROR_M,5,20,1.9799999999999898,2.7280000000000086,0,2.0
120,ERROR_M,5,21,1.6239999999999952,6.099999999999994,0,2.0
120,ERROR_M,5,22,1.921999999999997,8.966000000000008,0,2.0
120,ERROR_M,5,23,1.2319999999999993,5.472000000000008,0,2.0
120,ERROR_M,5,24,1.8940000000000055,8.572000000000003,0,2.0
120,ERROR_M,5,25,1.9379999999999882,2.725999999999999,0,2.0
120,ERROR_M,5,26,1.9300000000000068,4.543999999999983,0,2.0
120,ERROR_M,5,27,2.048000000000002,2.602000000000004,1,2.0
120,ERROR_M,5,28,2.0320000000000107,4.059999999999974,1,2.0
120,ERROR_M,5,29,1.608000000000004,4.819999999999993,0,2.0
120,ERROR_M,5,30,1.9360000000000355,3.7379999999999995,0,2.0
120,ERROR_M,5,31,1.5960000000000036,3.430000000000007,0,2.0
120,ERROR_M,5,32,1.9499999999999886,5.173999999999978,0,2.0
120,ERROR_M,5,33,1.6380000000000337,6.661999999999978,0,2.0
120,ERROR_M,5,34,1.906000000000006,6.767999999999972,0,2.0
120,ERROR_M,5,35,1.386000000000024,4.043999999999983,0,2.0
120,ERROR_M,5,36,1.9700000000000273,7.015999999999963,0,2.0
120,ERROR_M,5,37,1.77800000000002,5.548000000000002,0,2.0
120,ERROR_M,5,38,1.9540000000000077,7.565999999999974,0,2.0
120,ERROR_M,5,39,2.7800000000000296,6.048000000000002,1,2.0
120,ERROR_M,5,40,2.211999999999989,7.934000000000026,1,2.0
120,ERROR_M,5,41,1.8100000000000023,5.697999999999979,0,2.0
120,ERROR_M,5,42,1.9359999999999786,8.27600000000001,0,2.0
120,ERROR_M,5,43,2.076000000000022,7.133999999999958,1,2.0
120,ERROR_M,5,44,0.28400000000004866,0.07799999999997453,0,2.0
120,ERROR_M,5,45,0.23799999999999955,38.434000000000026,0,2.0
120,ERROR_M,5,46,2.123999999999967,7.98599999999999,1,2.0
120,ERROR_M,5,47,0.05000000000001137,0.04599999999999227,0,2.0
120,ERROR_M,5,48,0.6059999999999945,5.475999999999999,0,2.0
120,ERROR_M,5,49,1.3040000000000305,5.079999999999984,0,2.0
120,ERROR_M,5,50,1.9920000000000186,4.507999999999981,0,2.0
120,ERROR_M,5,51,1.8620000000000232,7.211999999999989,0,2.0
120,ERROR_M,5,52,1.9780000000000086,8.569999999999993,0,2.0
120,ERROR_M,5,53,2.45799999999997,7.896000000000015,1,2.0
120,ERROR_M,5,54,1.740000000000009,3.098000000000013,0,2.0
120,ERROR_M,5,55,2.277999999999963,3.5060000000000286,1,2.0
120,ERROR_M,5,56,2.5179999999999723,3.660000000000025,1,2.0
120,ERROR_M,5,57,1.981999999999971,4.902000000000044,0,2.0
120,ERROR_M,5,58,2.225999999999999,4.081999999999994,1,2.0
120,ERROR_M,5,59,1.8480000000000132,2.42999999999995,0,2.0
120,ERROR_M,5,60,1.8900000000000432,5.484000000000037,0,2.0
120,ERROR_M,5,61,2.3099999999999454,5.878000000000043,1,2.0
120,ERROR_M,5,62,2.419999999999959,6.148000000000025,1,2.0
120,ERROR_M,5,63,1.8859999999999673,6.604000000000042,0,2.0
120,ERROR_M,5,64,2.2099999999999227,3.4480000000000928,1,2.0
120,ERROR_M,5,65,2.3479999999999563,5.5779999999999745,1,2.0
120,ERROR_M,5,66,2.211999999999989,7.508000000000038,1,2.0
120,ERROR_M,5,67,2.1860000000000355,4.617999999999938,1,2.0
120,ERROR_M,5,68,2.268000000000029,4.8559999999999945,1,2.0
120,ERROR_M,5,69,2.3379999999999654,3.7560000000000855,1,2.0
120,ERROR_M,5,70,2.2239999999999327,5.8279999999999745,1,2.0
120,ERROR_M,5,71,2.0060000000000855,6.329999999999927,1,2.0
120,ERROR_M,5,72,2.358000000000061,6.569999999999936,1,2.0
120,ERROR_M,5,73,1.8559999999999945,7.266000000000076,0,2.0
120,ERROR_M,5,74,1.90199999999993,4.064000000000078,0,2.0
120,ERROR_M,5,75,2.2479999999999336,7.624000000000024,1,2.0
120,ERROR_M,5,76,2.3439999999999372,4.106000000000108,1,2.0
120,ERROR_M,5,77,2.0939999999999372,7.903999999999996,1,2.0
120,ERROR_M,5,78,3.344000000000051,3.8559999999999945,1,2.0
120,ERROR_M,5,79,2.1100000000000136,8.209999999999923,1,2.0
120,ERROR_M,5,80,2.022000000000048,8.687999999999988,1,2.0
120,ERROR_M,5,81,2.1580000000000155,3.687999999999988,1,2.0
120,ERROR_M,5,82,2.29200000000003,5.469999999999914,1,2.0
120,ERROR_M,5,83,1.9720000000000937,5.048000000000002,0,2.0
120,ERROR_M,5,84,2.0419999999999163,6.6440000000000055,1,2.0
120,ERROR_M,5,85,2.4500000000000455,6.956000000000017,1,2.0
120,ERROR_M,5,86,2.3579999999999472,7.204000000000065,1,2.0
120,ERROR_M,5,87,2.2379999999999427,4.991999999999962,1,2.0
120,ERROR_M,5,88,2.354000000000042,7.947999999999979,1,2.0
120,ERROR_M,5,89,2.046000000000049,5.6860000000000355,1,2.0
120,ERROR_M,5,90,2.0639999999999645,5.867999999999938,1,2.0
120,ERROR_M,5,91,2.0160000000000764,7.617999999999938,1,2.0
120,ERROR_M,5,92,2.080000000000041,8.322000000000003,1,2.0
120,ERROR_M,5,93,2.0599999999999454,8.590000000000032,1,2.0
120,ERROR_M,5,94,2.826000000000022,4.548000000000002,1,2.0
120,ERROR_M,5,95,1.961999999999989,2.7759999999999536,0,2.0
120,ERROR_M,5,96,2.2560000000000855,3.8559999999999945,1,2.0
120,ERROR_M,5,97,0.19399999999995998,0.08199999999999363,0,2.0
120,ERROR_M,5,98,0.16800000000000637,93.822,0,2.0
120,ERROR_M,5,99,1.6240000000000236,2.52800000000002,0,2.0
120,ERROR_M,5,100,2.683999999999969,6.111999999999966,1,2.0
120,ERROR_M,5,101,1.6879999999999882,3.4920000000000755,0,2.0
120,ERROR_M,5,102,2.009999999999991,4.783999999999992,1,2.0
120,ERROR_M,5,103,1.5860000000000127,3.961999999999989,0,2.0
120,ERROR_M,5,104,2.1159999999999854,5.30600000000004,1,2.0
120,ERROR_M,5,105,1.91599999999994,5.755999999999972,0,2.0
120,ERROR_M,5,106,1.9880000000000564,6.490000000000009,0,2.0
120,ERROR_M,5,107,2.117999999999938,3.6399999999999864,1,2.0
120,ERROR_M,5,108,1.8700000000000045,6.1299999999999955,0,2.0
120,ERROR_M,5,109,2.1380000000000337,7.211999999999989,1,2.0
120,ERROR_M,5,110,2.604000000000042,7.446000000000026,1,2.0
120,ERROR_M,5,111,2.185999999999922,8.182000000000016,1,2.0
120,ERROR_M,5,112,2.3859999999999673,8.134000000000015,1,2.0
120,ERROR_M,5,113,1.622000000000071,8.39799999999991,0,2.0
120,ERROR_M,5,114,2.5280000000001337,3.0599999999999454,1,2.0
120,ERROR_M,5,115,2.3559999999999945,7.074000000000069,1,2.0
120,ERROR_M,5,116,2.0860000000000127,5.545999999999822,1,2.0
120,ERROR_M,5,117,2.1059999999999945,3.6480000000001382,1,2.0
120,ERROR_M,5,118,2.265999999999849,4.16800000000012,1,2.0
120,ERROR_M,5,119,2.02800000000002,3.145999999999958,1,2.0
120,ERROR_M,5,120,2.711999999999989,4.880000000000109,1,2.0
120,ERROR_M,5,121,2.283999999999878,4.630000000000109,1,2.0
120,ERROR_M,5,122,2.7079999999998563,5.802000000000135,1,2.0
120,ERROR_M,5,123,2.2359999999998763,4.220000000000027,1,2.0
120,ERROR_M,5,124,1.740000000000009,5.627999999999929,0,2.0
120,ERROR_M,5,125,2.0820000000001073,6.897999999999911,1,2.0
120,ERROR_M,5,126,2.0579999999999927,7.180000000000064,1,2.0
120,ERROR_M,5,127,2.685999999999922,2.9860000000001037,1,2.0
120,ERROR_M,5,128,2.1579999999999018,8.348000000000184,1,2.0
120,ERROR_M,5,129,2.209999999999809,6.152000000000044,1,2.0
120,ERROR_M,5,130,2.127999999999929,7.580000000000155,1,2.0
120,ERROR_M,5,131,1.7580000000000382,3.5019999999999527,0,2.0
120,ERROR_M,5,132,2.3619999999998527,280.0160000000001,1,2.0
120,ERROR_M,5,133,0.11799999999993815,39.29000000000019,0,2.0
120,ERROR_M,5,134,0.9539999999999509,4.836000000000013,0,2.0
120,ERROR_M,5,135,2.1440000000000055,7.951999999999998,1,2.0
120,ERROR_M,5,136,2.354000000000042,8.629999999999882,1,2.0
120,ERROR_M,5,137,1.8220000000001164,2.4299999999998363,0,2.0
120,ERROR_M,5,138,1.72199999999998,5.102000000000089,0,2.0
120,ERROR_M,5,139,1.9020000000000437,3.7380000000000564,0,2.0
120,ERROR_M,5,140,2.0179999999998017,4.768000000000029,1,2.0
120,ERROR_M,5,141,2.754000000000133,2.6639999999999873,1,2.0
120,ERROR_M,5,142,2.19399999999996,3.94399999999996,1,2.0
120,ERROR_M,5,143,2.2760000000000673,4.913999999999987,1,2.0
120,ERROR_M,5,144,2.1079999999999472,6.61200000000008,1,2.0
120,ERROR_M,5,145,1.7839999999998781,7.145999999999958,0,2.0
120,ERROR_M,5,146,1.7960000000000491,3.0399999999999636,0,2.0
120,ERROR_M,5,147,2.1140000000000327,11.410000000000082,1,2.0
120,ERROR_M,5,148,2.4680000000000746,7.957999999999856,1,2.0
120,ERROR_M,5,149,2.481999999999971,5.5900000000001455,1,2.0
120,ERROR_M,5,150,2.035999999999831,8.201999999999998,1,2.0
120,ERROR_M,5,151,2.1260000000002037,8.561999999999898,1,2.0
120,ERROR_M,5,152,1.8279999999999745,4.758000000000038,0,2.0
120,ERROR_M,5,153,2.08400000000006,5.093999999999824,1,2.0
120,ERROR_M,5,154,2.0860000000000127,5.870000000000118,1,2.0
120,ERROR_M,5,155,2.1340000000000146,6.80600000000004,1,2.0
120,ERROR_M,5,156,1.8199999999999363,4.029999999999973,0,2.0
120,ERROR_M,5,157,1.7960000000000491,3.451999999999998,0,2.0
120,ERROR_M,5,158,1.740000000000009,2.395999999999958,0,2.0
120,ERROR_M,5,159,0.2400000000000091,0.10200000000008913,0,2.0
120,ERROR_M,5,160,0.28599999999983083,40.88000000000011,0,2.0
120,ERROR_M,5,161,2.009999999999991,4.157999999999902,1,2.0
120,ERROR_M,5,162,1.8540000000000418,6.538000000000011,0,2.0
120,ERROR_M,5,163,2.076000000000022,7.69399999999996,1,2.0
120,ERROR_M,5,164,2.0879999999999654,7.857999999999947,1,2.0
120,ERROR_M,5,165,2.4060000000001764,3.8279999999999745,1,2.0
120,ERROR_M,5,166,2.22199999999998,5.579999999999927,1,2.0
120,ERROR_M,5,167,2.713999999999942,8.066000000000031,1,2.0
120,ERROR_M,5,168,2.0679999999999836,6.190000000000055,1,2.0
120,ERROR_M,5,169,1.7300000000000182,3.951999999999998,0,2.0
120,ERROR_M,5,170,1.872000000000071,8.649999999999864,0,2.0
120,ERROR_M,5,171,1.8640000000000327,4.054000000000087,0,2.0
120,ERROR_M,5,172,2.008000000000038,5.067999999999984,1,2.0
120,ERROR_M,5,173,1.7000000000000455,4.977999999999838,0,2.0
120,ERROR_M,5,174,2.3840000000000146,4.470000000000027,1,2.0
120,ERROR_M,5,175,1.9380000000001019,4.3840000000000146,0,2.0
120,ERROR_M,5,176,2.0679999999999836,5.875999999999976,1,2.0
120,ERROR_M,5,177,1.7380000000000564,6.7879999999997835,0,2.0
120,ERROR_M,5,178,1.8780000000001564,7.192000000000007,0,2.0
120,ERROR_M,5,179,1.8540000000000418,3.3719999999998436,0,2.0
120,ERROR_M,5,180,1.6900000000000546,5.1059999999999945,0,2.0
120,ERROR_M,5,181,2.076000000000022,5.625999999999976,1,2.0
120,ERROR_M,5,182,2.0039999999999054,3.980000000000018,1,2.0
120,ERROR_M,5,183,2.214000000000169,7.061999999999898,1,2.0
120,ERROR_M,5,184,2.453999999999951,7.214000000000169,1,2.0
120,ERROR_M,5,185,2.099999999999909,5.872000000000071,1,2.0
120,ERROR_M,5,186,1.8439999999998236,7.8120000000001255,0,2.0
120,ERROR_M,5,187,1.8940000000000055,8.122000000000071,0,2.0
120,ERROR_M,5,188,2.0039999999999054,5.352000000000089,1,2.0
120,ERROR_M,5,189,1.711999999999989,9.97199999999998,0,2.0
120,ERROR_M,5,190,1.711999999999989,8.531999999999925,0,2.0
120,ERROR_M,5,191,1.9139999999999873,3.816000000000031,0,2.0
120,ERROR_M,5,192,1.7619999999999436,4.044000000000096,0,2.0
120,ERROR_M,5,193,2.009999999999991,5.1159999999999854,1,2.0
120,ERROR_M,5,194,1.7380000000000564,5.864000000000033,0,2.0
120,ERROR_M,5,195,1.8559999999999945,2.647999999999911,0,2.0
120,ERROR_M,5,196,1.94399999999996,6.400000000000091,0,2.0
120,ERROR_M,5,197,1.8759999999999764,6.036000000000058,0,2.0
120,ERROR_M,5,198,1.6639999999999873,2.977999999999838,0,2.0
120,ERROR_M,5,199,1.7840000000001055,4.395999999999958,0,2.0
120,ERROR_M,5,200,1.9259999999999309,3.2640000000001237,0,2.0
120,ERROR_M,5,201,1.7079999999998563,5.403999999999996,0,2.0
120,ERROR_M,5,202,2.076000000000022,6.8120000000001255,1,2.0
120,ERROR_M,5,203,1.816000000000031,7.461999999999989,0,2.0
120,ERROR_M,5,204,2.0679999999999836,9.670000000000073,1,2.0
120,ERROR_M,5,205,1.8339999999998327,6.018000000000029,0,2.0
120,ERROR_M,5,206,2.0100000000002183,5.1720000000000255,1,2.0
120,ERROR_M,5,207,1.5479999999997744,8.054000000000087,0,2.0
120,ERROR_M,5,208,2.6659999999997126,394.5600000000004,1,2.0
120,ERROR_M,5,209,0.6779999999998836,7.677999999999884,0,2.0
120,ERROR_M,5,210,1.0880000000001928,8.460000000000036,0,2.0
120,ERROR_M,5,211,1.3059999999995853,7.694000000000415,0,2.0
120,ERROR_M,5,212,1.6140000000000327,8.489999999999782,0,2.0
120,ERROR_M,5,213,1.80600000000004,5.77599999999984,0,2.0
120,ERROR_M,5,214,1.8679999999999382,2.7960000000002765,0,2.0
120,ERROR_M,5,215,1.788000000000011,3.6839999999997417,0,2.0
120,ERROR_M,5,216,1.6600000000003092,3.3859999999999673,0,2.0
120,ERROR_M,5,217,1.9119999999998072,3.0019999999999527,0,2.0
120,ERROR_M,5,218,2.0520000000001346,7.483999999999924,1,2.0
120,ERROR_M,5,219,1.9020000000000437,5.594000000000051,0,2.0
120,ERROR_M,5,220,1.762000000000171,5.769999999999982,0,2.0
120,ERROR_M,5,221,1.9679999999998472,4.7199999999998,0,2.0
120,ERROR_M,5,222,1.7420000000001892,6.135999999999967,0,2.0
120,ERROR_M,5,223,2.3359999999997854,9.092000000000098,1,2.0
120,ERROR_M,5,224,1.9700000000002547,6.86200000000008,0,2.0
120,ERROR_M,5,225,1.7879999999995562,7.4220000000000255,0,2.0
120,ERROR_M,5,226,1.7340000000003783,7.768000000000029,0,2.0
120,ERROR_M,5,227,1.7419999999997344,4.617999999999938,0,2.0
120,ERROR_M,5,228,1.7840000000001055,6.628000000000156,0,2.0
120,ERROR_M,5,229,2.1599999999998545,8.385999999999967,1,2.0
120,ERROR_M,5,230,2.088000000000193,8.58199999999988,1,2.0
120,ERROR_M,5,231,1.8460000000000036,3.4339999999997417,0,2.0
120,ERROR_M,5,232,2.048000000000229,6.358000000000175,1,2.0
120,ERROR_M,5,233,0.80600000000004,3.0899999999996908,0,2.0
120,ERROR_M,5,234,1.9239999999999782,4.847999999999956,0,2.0
120,ERROR_M,5,235,2.074000000000069,10.804000000000087,1,2.0
120,ERROR_M,5,236,2.1799999999998363,6.173999999999978,1,2.0
120,ERROR_M,5,237,1.9400000000000546,3.7919999999999163,0,2.0
120,ERROR_M,5,238,1.9880000000002838,3.0960000000000036,0,2.0
120,ERROR_M,5,239,1.9479999999998654,9.670000000000073,0,2.0
120,ERROR_M,5,240,1.7579999999998108,5.454000000000178,0,2.0
120,ERROR_M,5,241,1.981999999999971,5.416000000000167,0,2.0
120,ERROR_M,5,242,0.9379999999996471,,0,2.0
120,ERROR_M,6,1,0.3619999999999983,7.852000000000004,0,2.0
120,ERROR_M,6,2,1.0,5.698,0,2.0
120,ERROR_M,6,3,1.597999999999999,7.5959999999999965,0,2.0
120,ERROR_M,6,4,1.7220000000000013,7.986000000000004,0,2.0
120,ERROR_M,6,5,2.280000000000001,4.153999999999996,1,2.0
120,ERROR_M,6,6,1.7819999999999965,4.522000000000006,0,2.0
120,ERROR_M,6,7,1.789999999999992,3.8000000000000114,0,2.0
120,ERROR_M,6,8,2.0179999999999865,5.544000000000011,1,2.0
120,ERROR_M,6,9,1.4639999999999986,6.018000000000001,0,2.0
120,ERROR_M,6,10,1.7800000000000011,7.054000000000002,0,2.0
120,ERROR_M,6,11,2.0479999999999876,8.486000000000004,1,2.0
120,ERROR_M,6,12,2.0360000000000014,2.817999999999998,1,2.0
120,ERROR_M,6,13,1.8059999999999974,2.5600000000000023,0,2.0
120,ERROR_M,6,14,1.8619999999999948,3.52800000000002,0,2.0
120,ERROR_M,6,15,1.9819999999999993,4.763999999999982,0,2.0
120,ERROR_M,6,16,1.858000000000004,3.1440000000000055,0,2.0
120,ERROR_M,6,17,2.283999999999992,5.593999999999994,1,2.0
120,ERROR_M,6,18,1.582000000000022,6.518000000000001,0,2.0
120,ERROR_M,6,19,1.8979999999999961,6.783999999999992,0,2.0
120,ERROR_M,6,20,1.9499999999999886,7.3840000000000146,0,2.0
120,ERROR_M,6,21,2.280000000000001,8.021999999999991,1,2.0
120,ERROR_M,6,22,2.063999999999993,8.148000000000025,1,2.0
120,ERROR_M,6,23,2.015999999999991,2.8400000000000034,1,2.0
120,ERROR_M,6,24,3.1999999999999886,8.608000000000004,1,2.0
120,ERROR_M,6,25,2.2719999999999914,3.802000000000021,1,2.0
120,ERROR_M,6,26,2.0139999999999816,4.789999999999992,1,2.0
120,ERROR_M,6,27,2.280000000000001,5.148000000000025,1,2.0
120,ERROR_M,6,28,2.141999999999996,5.219999999999999,1,2.0
120,ERROR_M,6,29,2.1980000000000075,4.609999999999985,1,2.0
120,ERROR_M,6,30,2.0720000000000027,3.657999999999987,1,2.0
120,ERROR_M,6,31,2.176000000000016,5.545999999999992,1,2.0
120,ERROR_M,6,32,2.208000000000027,6.269999999999982,1,2.0
120,ERROR_M,6,33,2.159999999999968,4.532000000000039,1,2.0
120,ERROR_M,6,34,2.527999999999963,6.5120000000000005,1,2.0
120,ERROR_M,6,35,2.024000000000001,6.782000000000039,1,2.0
120,ERROR_M,6,36,1.8559999999999945,2.7659999999999627,0,2.0
120,ERROR_M,6,37,2.0780000000000314,5.819999999999993,1,2.0
120,ERROR_M,6,38,1.9119999999999777,7.05800000000005,0,2.0
120,ERROR_M,6,39,2.065999999999974,5.552000000000021,1,2.0
120,ERROR_M,6,40,1.825999999999965,7.80600000000004,0,2.0
120,ERROR_M,6,41,2.013999999999953,8.79600000000005,1,2.0
120,ERROR_M,6,42,2.2199999999999704,3.103999999999985,1,2.0
120,ERROR_M,6,43,2.2040000000000077,5.194000000000017,1,2.0
120,ERROR_M,6,44,1.8759999999999764,2.415999999999997,0,2.0
120,ERROR_M,6,45,2.2560000000000286,4.153999999999996,1,2.0
120,ERROR_M,6,46,2.5120000000000005,3.815999999999974,1,2.0
120,ERROR_M,6,47,0.4420000000000073,0.036000000000001364,0,2.0
120,ERROR_M,6,48,0.23200000000002774,15.788000000000011,0,2.0
120,ERROR_M,6,49,1.92999999999995,7.498000000000047,0,2.0
120,ERROR_M,6,50,2.0720000000000027,4.801999999999964,1,2.0
120,ERROR_M,6,51,1.9300000000000068,5.858000000000004,0,2.0
120,ERROR_M,6,52,2.1719999999999686,3.5500000000000114,1,2.0
120,ERROR_M,6,53,2.1200000000000045,2.877999999999986,1,2.0
120,ERROR_M,6,54,2.216000000000008,6.388000000000034,1,2.0
120,ERROR_M,6,55,2.093999999999994,7.062000000000012,1,2.0
120,ERROR_M,6,56,1.882000000000005,7.005999999999972,0,2.0
120,ERROR_M,6,57,0.1519999999999868,0.132000000000005,0,2.0
120,ERROR_M,6,58,0.04800000000000182,48.936000000000035,0,2.0
120,ERROR_M,6,59,1.6299999999999955,5.199999999999989,0,2.0
120,ERROR_M,6,60,1.6499999999999773,4.702000000000055,0,2.0
120,ERROR_M,6,61,1.7939999999999827,5.433999999999969,0,2.0
120,ERROR_M,6,62,1.6059999999999945,5.710000000000036,0,2.0
120,ERROR_M,6,63,1.9359999999999218,3.872000000000071,0,2.0
120,ERROR_M,6,64,1.8959999999999582,6.4640000000000555,0,2.0
120,ERROR_M,6,65,1.91599999999994,6.79200000000003,0,2.0
120,ERROR_M,6,66,2.268000000000029,7.291999999999916,1,2.0
120,ERROR_M,6,67,2.062000000000012,6.37600000000009,1,2.0
120,ERROR_M,6,68,1.9699999999999136,7.6860000000000355,0,2.0
120,ERROR_M,6,69,1.9740000000000464,8.053999999999974,0,2.0
120,ERROR_M,6,70,1.6000000000000227,8.781999999999925,0,2.0
120,ERROR_M,6,71,1.802000000000021,7.77800000000002,0,2.0
120,ERROR_M,6,72,1.6860000000000355,5.187999999999988,0,2.0
120,ERROR_M,6,73,2.0720000000000027,4.081999999999994,1,2.0
120,ERROR_M,6,74,1.9839999999999236,3.6520000000000437,0,2.0
120,ERROR_M,6,75,2.4139999999999873,3.2240000000000464,1,2.0
120,ERROR_M,6,76,2.0720000000000027,3.4879999999999427,1,2.0
120,ERROR_M,6,77,1.7180000000000746,3.0319999999999254,0,2.0
120,ERROR_M,6,78,1.7860000000000582,4.509999999999991,0,2.0
120,ERROR_M,6,79,2.0499999999999545,4.2140000000000555,1,2.0
120,ERROR_M,6,80,1.7579999999999245,3.48599999999999,0,2.0
120,ERROR_M,6,81,2.1580000000000155,4.262000000000057,1,2.0
120,ERROR_M,6,82,1.7139999999999418,2.5400000000000773,0,2.0
120,ERROR_M,6,83,2.0599999999999454,3.8659999999999854,1,2.0
120,ERROR_M,6,84,1.7019999999999982,5.4360000000000355,0,2.0
120,ERROR_M,6,85,1.9539999999999509,5.783999999999992,0,2.0
120,ERROR_M,6,86,2.1100000000000136,6.52800000000002,1,2.0
120,ERROR_M,6,87,1.8920000000000528,8.052000000000021,0,2.0
120,ERROR_M,6,88,2.199999999999932,8.509999999999991,1,2.0
120,ERROR_M,6,89,2.1720000000000255,4.7999999999999545,1,2.0
120,ERROR_M,6,90,1.84800000000007,4.593999999999937,0,2.0
120,ERROR_M,6,91,2.326000000000022,5.121999999999957,1,2.0
120,ERROR_M,6,92,1.9920000000000755,4.779999999999973,0,2.0
120,ERROR_M,6,93,2.20799999999997,6.892000000000053,1,2.0
120,ERROR_M,6,94,2.0779999999999745,8.004000000000019,1,2.0
120,ERROR_M,6,95,1.9639999999999418,7.040000000000077,0,2.0
120,ERROR_M,6,96,1.9080000000000155,6.175999999999931,0,2.0
120,ERROR_M,6,97,2.231999999999971,7.818000000000097,1,2.0
120,ERROR_M,6,98,2.1299999999999955,5.42999999999995,1,2.0
120,ERROR_M,6,99,2.491999999999962,5.110000000000014,1,2.0
120,ERROR_M,6,100,2.080000000000041,5.933999999999969,1,2.0
120,ERROR_M,6,101,1.8820000000000618,7.067999999999984,0,2.0
120,ERROR_M,6,102,2.1000000000000227,10.083999999999946,1,2.0
120,ERROR_M,6,103,2.604000000000042,3.131999999999948,1,2.0
120,ERROR_M,6,104,1.9160000000000537,4.033999999999992,0,2.0
120,ERROR_M,6,105,1.8999999999999773,7.402000000000044,0,2.0
120,ERROR_M,6,106,2.1079999999999472,4.3940000000000055,1,2.0
120,ERROR_M,6,107,2.2000000000000455,4.48599999999999,1,2.0
120,ERROR_M,6,108,2.1539999999999964,4.823999999999955,1,2.0
120,ERROR_M,6,109,1.5579999999999927,6.48599999999999,0,2.0
120,ERROR_M,6,110,2.088000000000079,7.911999999999921,1,2.0
120,ERROR_M,6,111,1.9680000000000746,2.759999999999991,0,2.0
120,ERROR_M,6,112,1.9560000000000173,8.177999999999997,0,2.0
120,ERROR_M,6,113,2.147999999999911,8.79200000000003,1,2.0
120,ERROR_M,6,114,1.933999999999969,7.475999999999999,0,2.0
120,ERROR_M,6,115,2.230000000000018,5.652000000000044,1,2.0
120,ERROR_M,6,116,2.175999999999931,4.2560000000000855,1,2.0
120,ERROR_M,6,117,2.0799999999999272,8.114000000000033,1,2.0
120,ERROR_M,6,118,2.0779999999999745,8.724000000000046,1,2.0
120,ERROR_M,6,119,2.17999999999995,6.022000000000048,1,2.0
120,ERROR_M,6,120,2.1159999999999854,6.110000000000014,1,2.0
120,ERROR_M,6,121,1.7519999999999527,5.533999999999992,0,2.0
120,ERROR_M,6,122,2.490000000000009,3.4680000000000746,1,2.0
120,ERROR_M,6,123,2.5259999999999536,3.745999999999981,1,2.0
120,ERROR_M,6,124,2.0579999999999927,4.724000000000046,1,2.0
120,ERROR_M,6,125,1.4840000000000373,5.487999999999943,0,2.0
120,ERROR_M,6,126,1.8239999999999554,6.398000000000138,0,2.0
120,ERROR_M,6,127,1.788000000000011,7.051999999999907,0,2.0
120,ERROR_M,6,128,1.6099999999999,2.4580000000000837,0,2.0
120,ERROR_M,6,129,2.1900000000000546,3.94399999999996,1,2.0
120,ERROR_M,6,130,2.1720000000000255,7.405999999999949,1,2.0
120,ERROR_M,6,131,2.0,7.514000000000124,0,2.0
120,ERROR_M,6,132,2.1239999999997963,5.186000000000149,1,2.0
120,ERROR_M,6,133,1.9639999999999418,3.508000000000038,0,2.0
120,ERROR_M,6,134,1.94399999999996,4.7999999999999545,0,2.0
120,ERROR_M,6,135,2.160000000000082,7.877999999999929,1,2.0
120,ERROR_M,6,136,2.0920000000000982,5.217999999999847,1,2.0
120,ERROR_M,6,137,2.1140000000000327,5.97199999999998,1,2.0
120,ERROR_M,6,138,1.8420000000000982,6.763999999999896,0,2.0
120,ERROR_M,6,139,1.9800000000000182,7.1159999999999854,0,2.0
120,ERROR_M,6,140,2.1660000000001673,8.144000000000005,1,2.0
120,ERROR_M,6,141,2.5139999999998963,8.115999999999985,1,2.0
120,ERROR_M,6,142,2.122000000000071,3.9579999999998563,1,2.0
120,ERROR_M,6,143,1.9600000000000364,3.5980000000001837,0,2.0
120,ERROR_M,6,144,2.175999999999931,4.586000000000013,1,2.0
120,ERROR_M,6,145,2.147999999999911,5.004000000000133,1,2.0
120,ERROR_M,6,146,2.231999999999971,5.753999999999905,1,2.0
120,ERROR_M,6,147,2.0399999999999636,4.97400000000016,1,2.0
120,ERROR_M,6,148,2.1399999999998727,4.8840000000000146,1,2.0
120,ERROR_M,6,149,1.6459999999999582,6.395999999999958,0,2.0
120,ERROR_M,6,150,2.3300000000001546,10.14799999999991,1,2.0
120,ERROR_M,6,151,1.711999999999989,8.162000000000035,0,2.0
120,ERROR_M,6,152,2.298000000000002,3.8099999999999454,1,2.0
120,ERROR_M,6,153,1.9480000000000928,8.849999999999909,0,2.0
120,ERROR_M,6,154,2.1200000000001182,4.0,1,2.0
120,ERROR_M,6,155,2.38799999999992,5.22199999999998,1,2.0
120,ERROR_M,6,156,2.032000000000153,5.25,1,2.0
120,ERROR_M,6,157,2.3639999999998054,6.412000000000035,1,2.0
120,ERROR_M,6,158,2.0979999999999563,7.892000000000053,1,2.0
120,ERROR_M,6,159,2.1520000000000437,7.304000000000087,1,2.0
120,ERROR_M,6,160,2.617999999999938,3.4420000000000073,1,2.0
120,ERROR_M,6,161,2.3619999999998527,4.482000000000198,1,2.0
120,ERROR_M,6,162,2.0839999999998327,7.504000000000133,1,2.0
120,ERROR_M,6,163,2.091999999999871,126.12400000000002,1,2.0
120,ERROR_M,6,164,0.7540000000001328,54.346000000000004,0,2.0
120,ERROR_M,6,165,1.8639999999998054,8.048000000000002,0,2.0
120,ERROR_M,6,166,1.9720000000002074,8.083999999999833,0,2.0
120,ERROR_M,6,167,2.2380000000000564,5.6400000000001,1,2.0
120,ERROR_M,6,168,2.1359999999999673,8.624000000000024,1,2.0
120,ERROR_M,6,169,2.1879999999998745,5.963999999999942,1,2.0
120,ERROR_M,6,170,2.0900000000001455,3.8199999999999363,1,2.0
120,ERROR_M,6,171,2.0720000000001164,4.63799999999992,1,2.0
120,ERROR_M,6,172,1.9780000000000655,4.475999999999885,0,2.0
120,ERROR_M,6,173,2.3640000000000327,4.667999999999893,1,2.0
120,ERROR_M,6,174,2.201999999999998,7.242000000000189,1,2.0
120,ERROR_M,6,175,2.2259999999998854,8.463999999999942,1,2.0
120,ERROR_M,6,176,2.466000000000122,4.33400000000006,1,2.0
120,ERROR_M,6,177,2.77599999999984,2.5140000000001237,1,2.0
120,ERROR_M,6,178,2.0399999999999636,5.162000000000035,1,2.0
120,ERROR_M,6,179,2.066000000000031,6.889999999999873,1,2.0
120,ERROR_M,6,180,2.0879999999999654,7.832000000000107,1,2.0
120,ERROR_M,6,181,1.9959999999998672,8.156000000000176,0,2.0
120,ERROR_M,6,182,2.3479999999999563,8.523999999999887,1,2.0
120,ERROR_M,6,183,2.262000000000171,4.709999999999809,1,2.0
120,ERROR_M,6,184,1.8140000000000782,2.8320000000001073,0,2.0
120,ERROR_M,6,185,2.2100000000000364,6.801999999999907,1,2.0
120,ERROR_M,6,186,2.1520000000000437,5.470000000000027,1,2.0
120,ERROR_M,6,187,2.2239999999999327,3.83400000000006,1,2.0
120,ERROR_M,6,188,0.1879999999998745,0.05600000000004002,0,2.0
120,ERROR_M,6,189,0.21000000000003638,68.37599999999998,0,2.0
120,ERROR_M,6,190,1.3240000000000691,5.837999999999965,0,2.0
120,ERROR_M,6,191,2.099999999999909,585.5020000000002,1,2.0
120,ERROR_M,6,192,0.9919999999997344,6.19399999999996,0,2.0
120,ERROR_M,6,193,2.074000000000069,6.510000000000218,1,2.0
120,ERROR_M,6,194,2.2619999999997162,5.792000000000371,1,2.0
120,ERROR_M,6,195,2.675999999999931,8.147999999999683,1,2.0
120,ERROR_M,6,196,1.9540000000001783,4.635999999999967,0,2.0
120,ERROR_M,6,197,2.1900000000000546,6.11200000000008,1,2.0
120,ERROR_M,6,198,1.8699999999998909,6.347999999999956,0,2.0
120,ERROR_M,6,199,2.119999999999891,4.64200000000028,1,2.0
120,ERROR_M,6,200,1.8299999999999272,4.7840000000001055,0,2.0
120,ERROR_M,6,201,2.0,6.793999999999869,0,2.0
120,ERROR_M,6,202,2.0859999999997854,6.7960000000002765,1,2.0
120,ERROR_M,6,203,2.1979999999998654,7.220000000000255,1,2.0
120,ERROR_M,6,204,2.131999999999607,6.11200000000008,1,2.0
120,ERROR_M,6,205,2.3980000000001382,4.007999999999811,1,2.0
120,ERROR_M,6,206,2.19800000000032,7.333999999999833,1,2.0
120,ERROR_M,6,207,2.012000000000171,7.781999999999698,1,2.0
120,ERROR_M,6,208,2.14200000000028,5.197999999999865,1,2.0
120,ERROR_M,6,209,1.9859999999998763,7.764000000000124,0,2.0
120,ERROR_M,6,210,2.512000000000171,8.70199999999977,1,2.0
120,ERROR_M,6,211,2.538000000000011,5.041999999999916,1,2.0
120,ERROR_M,6,212,2.744000000000142,3.5099999999997635,1,2.0
120,ERROR_M,6,213,2.0260000000002947,5.923999999999978,1,2.0
120,ERROR_M,6,214,2.0659999999998035,6.614000000000033,1,2.0
120,ERROR_M,6,215,2.1280000000001564,7.197999999999865,1,2.0
120,ERROR_M,6,216,2.3020000000001346,6.905999999999949,1,2.0
120,ERROR_M,6,217,2.2280000000000655,7.628000000000156,1,2.0
120,ERROR_M,6,218,2.481999999999971,4.519999999999982,1,2.0
120,ERROR_M,6,219,1.9779999999996107,7.778000000000247,0,2.0
120,ERROR_M,6,220,2.52599999999984,8.346000000000004,1,2.0
120,ERROR_M,6,221,2.6340000000000146,8.550000000000182,1,2.0
120,ERROR_M,6,222,2.5219999999999345,4.97400000000016,1,2.0
120,ERROR_M,6,223,2.27599999999984,7.092000000000098,1,2.0
120,ERROR_M,6,224,2.1100000000001273,5.119999999999891,1,2.0
120,ERROR_M,6,225,2.3219999999996617,6.346000000000004,1,2.0
120,ERROR_M,6,226,2.6460000000001855,3.7719999999999345,1,2.0
120,ERROR_M,6,227,1.9239999999999782,3.104000000000269,0,2.0
120,ERROR_M,6,228,2.737999999999829,5.438000000000102,1,2.0
120,ERROR_M,6,229,2.5520000000001346,7.123999999999796,1,2.0
120,ERROR_M,6,230,1.5960000000000036,3.80600000000004,0,2.0
120,ERROR_M,6,231,2.4659999999998945,9.539999999999964,1,2.0
120,ERROR_M,6,232,1.6579999999999018,5.132000000000062,0,2.0
120,ERROR_M,6,233,2.69399999999996,6.162000000000262,1,2.0
120,ERROR_M,6,234,2.2539999999999054,,1,2.0
120,ERROR_M,7,1,0.5660000000000025,10.737999999999996,0,2.0
120,ERROR_M,7,2,1.598000000000006,7.942,0,2.0
120,ERROR_M,7,3,1.5879999999999939,2.672000000000004,0,2.0
120,ERROR_M,7,4,1.8699999999999974,7.060000000000002,0,2.0
120,ERROR_M,7,5,2.2900000000000063,8.167999999999992,1,2.0
120,ERROR_M,7,6,1.5520000000000067,4.553999999999988,0,2.0
120,ERROR_M,7,7,2.2520000000000095,8.590000000000003,1,2.0
120,ERROR_M,7,8,2.191999999999993,4.152000000000001,1,2.0
120,ERROR_M,7,9,1.6880000000000024,5.554000000000002,0,2.0
120,ERROR_M,7,10,2.1839999999999975,2.8859999999999957,1,2.0
120,ERROR_M,7,11,2.489999999999995,5.974000000000004,1,2.0
120,ERROR_M,7,12,2.0760000000000076,3.415999999999997,1,2.0
120,ERROR_M,7,13,1.926000000000002,6.162000000000006,0,2.0
120,ERROR_M,7,14,2.259999999999991,6.848000000000013,1,2.0
120,ERROR_M,7,15,1.917999999999978,5.060000000000002,0,2.0
120,ERROR_M,7,16,0.7120000000000175,0.060000000000002274,0,2.0
120,ERROR_M,7,17,0.5339999999999918,24.506,0,2.0
120,ERROR_M,7,18,2.078000000000003,3.9039999999999964,1,2.0
120,ERROR_M,7,19,2.0579999999999927,6.539999999999992,1,2.0
120,ERROR_M,7,20,2.3500000000000227,7.5919999999999845,1,2.0
120,ERROR_M,7,21,1.9540000000000077,4.609999999999985,0,2.0
120,ERROR_M,7,22,2.2040000000000077,5.6059999999999945,1,2.0
120,ERROR_M,7,23,2.02200000000002,6.849999999999994,1,2.0
120,ERROR_M,7,24,1.695999999999998,7.572000000000003,0,2.0
120,ERROR_M,7,25,2.0919999999999845,5.108000000000004,1,2.0
120,ERROR_M,7,26,2.0180000000000007,3.6100000000000136,1,2.0
120,ERROR_M,7,27,1.8499999999999943,6.289999999999992,0,2.0
120,ERROR_M,7,28,2.0219999999999914,7.189999999999998,1,2.0
120,ERROR_M,7,29,1.9120000000000346,3.98599999999999,0,2.0
120,ERROR_M,7,30,1.933999999999969,4.906000000000006,0,2.0
120,ERROR_M,7,31,2.4080000000000155,7.911999999999978,1,2.0
120,ERROR_M,7,32,2.156000000000006,2.7900000000000205,1,2.0
120,ERROR_M,7,33,2.127999999999986,5.858000000000004,1,2.0
120,ERROR_M,7,34,2.0600000000000023,8.184000000000026,1,2.0
120,ERROR_M,7,35,1.995999999999981,3.6999999999999886,0,2.0
120,ERROR_M,7,36,2.8040000000000305,2.995999999999981,1,2.0
120,ERROR_M,7,37,2.1019999999999754,4.04400000000004,1,2.0
120,ERROR_M,7,38,2.173999999999978,7.004000000000019,1,2.0
120,ERROR_M,7,39,2.1219999999999573,8.586000000000013,1,2.0
120,ERROR_M,7,40,2.0360000000000014,3.1140000000000327,1,2.0
120,ERROR_M,7,41,2.6579999999999586,3.348000000000013,1,2.0
120,ERROR_M,7,42,1.9780000000000086,6.255999999999972,0,2.0
120,ERROR_M,7,43,2.1720000000000255,7.8940000000000055,1,2.0
120,ERROR_M,7,44,1.8940000000000055,2.7719999999999914,0,2.0
120,ERROR_M,7,45,2.225999999999999,4.110000000000014,1,2.0
120,ERROR_M,7,46,2.274000000000001,3.5860000000000127,1,2.0
120,ERROR_M,7,47,2.5360000000000014,6.061999999999955,1,2.0
120,ERROR_M,7,48,1.7700000000000387,5.322000000000003,0,2.0
120,ERROR_M,7,49,2.117999999999995,6.963999999999999,1,2.0
120,ERROR_M,7,50,1.8700000000000045,7.305999999999983,0,2.0
120,ERROR_M,7,51,2.173999999999978,8.076000000000022,1,2.0
120,ERROR_M,7,52,2.0459999999999923,5.521999999999991,1,2.0
120,ERROR_M,7,53,2.386000000000024,9.418000000000006,1,2.0
120,ERROR_M,7,54,2.9899999999999523,4.876000000000033,1,2.0
120,ERROR_M,7,55,2.1639999999999873,4.6159999999999854,1,2.0
120,ERROR_M,7,56,2.0160000000000196,4.055999999999983,1,2.0
120,ERROR_M,7,57,2.1280000000000427,6.627999999999986,1,2.0
120,ERROR_M,7,58,2.548000000000002,7.611999999999966,1,2.0
120,ERROR_M,7,59,2.3780000000000427,7.157999999999959,1,2.0
120,ERROR_M,7,60,2.552000000000021,2.6859999999999786,1,2.0
120,ERROR_M,7,61,2.4300000000000637,6.846000000000004,1,2.0
120,ERROR_M,7,62,2.5359999999999445,3.7939999999999827,1,2.0
120,ERROR_M,7,63,1.990000000000009,7.740000000000009,0,2.0
120,ERROR_M,7,64,2.132000000000062,3.8139999999999645,1,2.0
120,ERROR_M,7,65,2.52800000000002,5.075999999999908,1,2.0
120,ERROR_M,7,66,2.1720000000000255,4.216000000000008,1,2.0
120,ERROR_M,7,67,2.2040000000000646,8.591999999999985,1,2.0
120,ERROR_M,7,68,2.20799999999997,6.196000000000026,1,2.0
120,ERROR_M,7,69,2.466000000000008,8.66199999999992,1,2.0
120,ERROR_M,7,70,2.33400000000006,5.045999999999935,1,2.0
120,ERROR_M,7,71,2.1280000000000427,2.9320000000000164,1,2.0
120,ERROR_M,7,72,2.4840000000000373,6.031999999999925,1,2.0
120,ERROR_M,7,73,2.1159999999999854,8.038000000000011,1,2.0
120,ERROR_M,7,74,2.1420000000000528,7.0499999999999545,1,2.0
120,ERROR_M,7,75,1.79200000000003,3.51400000000001,0,2.0
120,ERROR_M,7,76,2.0779999999999745,5.3279999999999745,1,2.0
120,ERROR_M,7,77,2.22199999999998,5.512000000000057,1,2.0
120,ERROR_M,7,78,2.1440000000000055,7.669999999999959,1,2.0
120,ERROR_M,7,79,1.9320000000000164,8.553999999999974,0,2.0
120,ERROR_M,7,80,2.038000000000011,8.652000000000044,1,2.0
120,ERROR_M,7,81,1.7759999999999536,191.014,0,2.0
120,ERROR_M,7,82,1.1240000000000236,3.7519999999999527,0,2.0
120,ERROR_M,7,83,1.504000000000019,2.6380000000000337,0,2.0
120,ERROR_M,7,84,1.566000000000031,7.781999999999925,0,2.0
120,ERROR_M,7,85,1.8799999999999955,5.208000000000084,0,2.0
120,ERROR_M,7,86,1.3339999999999463,4.19399999999996,0,2.0
120,ERROR_M,7,87,1.740000000000009,6.538000000000011,0,2.0
120,ERROR_M,7,88,1.8079999999999927,6.8840000000000146,0,2.0
120,ERROR_M,7,89,1.5740000000000691,5.705999999999904,0,2.0
120,ERROR_M,7,90,2.188000000000102,3.6399999999999864,1,2.0
120,ERROR_M,7,91,1.9239999999999782,3.7659999999999627,0,2.0
120,ERROR_M,7,92,1.9700000000000273,3.1140000000000327,0,2.0
120,ERROR_M,7,93,2.0399999999999636,4.7140000000000555,1,2.0
120,ERROR_M,7,94,1.8179999999999836,5.863999999999919,0,2.0
120,ERROR_M,7,95,1.9400000000000546,6.062000000000012,0,2.0
120,ERROR_M,7,96,2.0319999999999254,7.33400000000006,1,2.0
120,ERROR_M,7,97,1.8179999999999836,2.4560000000000173,0,2.0
120,ERROR_M,7,98,1.947999999999979,4.02800000000002,0,2.0
120,ERROR_M,7,99,1.8640000000000327,3.0219999999999345,0,2.0
120,ERROR_M,7,100,1.9180000000000064,5.79200000000003,0,2.0
120,ERROR_M,7,101,2.1359999999999673,6.942000000000007,1,2.0
120,ERROR_M,7,102,1.8880000000000337,7.885999999999967,0,2.0
120,ERROR_M,7,103,1.9740000000000464,5.543999999999983,0,2.0
120,ERROR_M,7,104,2.0839999999999463,3.2080000000000837,1,2.0
120,ERROR_M,7,105,2.2000000000000455,8.403999999999996,1,2.0
120,ERROR_M,7,106,2.463999999999942,10.016000000000076,1,2.0
120,ERROR_M,7,107,1.6239999999997963,4.798000000000002,0,2.0
120,ERROR_M,7,108,2.1180000000001655,8.755999999999858,1,2.0
120,ERROR_M,7,109,2.4700000000000273,5.135999999999967,1,2.0
120,ERROR_M,7,110,2.040000000000191,7.7979999999997744,1,2.0
120,ERROR_M,7,111,1.9120000000000346,4.5340000000001055,0,2.0
120,ERROR_M,7,112,2.08199999999988,6.211999999999989,1,2.0
120,ERROR_M,7,113,1.6440000000000055,3.75,0,2.0
120,ERROR_M,7,114,2.048000000000002,7.206000000000131,1,2.0
120,ERROR_M,7,115,2.6399999999998727,7.58400000000006,1,2.0
120,ERROR_M,7,116,1.877999999999929,5.124000000000024,0,2.0
120,ERROR_M,7,117,1.7699999999999818,3.7660000000000764,0,2.0
120,ERROR_M,7,118,1.7940000000000964,69.39999999999986,0,2.0
120,ERROR_M,7,119,0.6320000000000618,5.824000000000069,0,2.0
120,ERROR_M,7,120,2.018000000000029,3.535999999999831,1,2.0
120,ERROR_M,7,121,1.9160000000001673,4.697999999999865,0,2.0
120,ERROR_M,7,122,2.0319999999999254,6.152000000000044,1,2.0
120,ERROR_M,7,123,2.178000000000111,1296.26,1,2.0
120,ERROR_M,7,124,0.2899999999999636,,0,2.0
120,ERROR_M,8,1,0.9500000000000028,2.979999999999997,0,2.0
120,ERROR_M,8,2,1.2860000000000014,3.4919999999999973,0,2.0
120,ERROR_M,8,3,1.5220000000000056,4.7719999999999985,0,2.0
120,ERROR_M,8,4,1.5300000000000011,5.43,0,2.0
120,ERROR_M,8,5,1.5659999999999954,2.4080000000000013,0,2.0
120,ERROR_M,8,6,1.6559999999999988,5.851999999999997,0,2.0
120,ERROR_M,8,7,1.8400000000000034,6.490000000000009,0,2.0
120,ERROR_M,8,8,1.8059999999999974,6.787999999999997,0,2.0
120,ERROR_M,8,9,1.5660000000000025,7.189999999999998,0,2.0
120,ERROR_M,8,10,2.0019999999999953,5.1640000000000015,1,2.0
120,ERROR_M,8,11,1.891999999999996,7.922000000000011,0,2.0
120,ERROR_M,8,12,2.396000000000001,8.599999999999994,1,2.0
120,ERROR_M,8,13,1.7039999999999935,8.460000000000008,0,2.0
120,ERROR_M,8,14,2.0459999999999923,4.092000000000013,1,2.0
120,ERROR_M,8,15,1.75,3.6899999999999977,0,2.0
120,ERROR_M,8,16,1.7299999999999898,4.439999999999998,0,2.0
120,ERROR_M,8,17,1.9720000000000084,7.689999999999998,0,2.0
120,ERROR_M,8,18,2.0,6.180000000000007,0,2.0
120,ERROR_M,8,19,1.73599999999999,2.6899999999999977,0,2.0
120,ERROR_M,8,20,1.8080000000000211,4.357999999999976,0,2.0
120,ERROR_M,8,21,1.5480000000000018,3.9039999999999964,0,2.0
120,ERROR_M,8,22,1.5320000000000107,6.259999999999991,0,2.0
120,ERROR_M,8,23,0.02400000000000091,0.0700000000000216,0,2.0
120,ERROR_M,8,24,0.06799999999998363,47.602000000000004,0,2.0
120,ERROR_M,8,25,2.1440000000000055,6.949999999999989,1,2.0
120,ERROR_M,8,26,1.9420000000000073,7.098000000000013,0,2.0
120,ERROR_M,8,27,2.055999999999983,7.860000000000014,1,2.0
120,ERROR_M,8,28,1.8840000000000146,5.9739999999999895,0,2.0
120,ERROR_M,8,29,2.0079999999999814,8.052000000000021,1,2.0
120,ERROR_M,8,30,0.036000000000001364,0.14999999999997726,0,2.0
120,ERROR_M,8,31,0.03000000000002956,6.151999999999987,0,2.0
120,ERROR_M,8,32,1.4239999999999782,5.706000000000017,0,2.0
120,ERROR_M,8,33,1.8199999999999932,7.552000000000021,0,2.0
120,ERROR_M,8,34,1.6459999999999582,4.03000000000003,0,2.0
120,ERROR_M,8,35,2.1999999999999886,4.944000000000017,1,2.0
120,ERROR_M,8,36,1.98599999999999,2.5640000000000214,0,2.0
120,ERROR_M,8,37,2.0879999999999654,8.668000000000006,1,2.0
120,ERROR_M,8,38,2.122000000000014,3.5439999999999827,1,2.0
120,ERROR_M,8,39,1.8319999999999936,4.552000000000021,0,2.0
120,ERROR_M,8,40,1.8799999999999955,5.9979999999999905,0,2.0
120,ERROR_M,8,41,2.1779999999999973,5.138000000000034,1,2.0
120,ERROR_M,8,42,1.9019999999999868,7.415999999999997,0,2.0
120,ERROR_M,8,43,2.069999999999993,5.95799999999997,1,2.0
120,ERROR_M,8,44,2.26400000000001,8.569999999999993,1,2.0
120,ERROR_M,8,45,2.216000000000008,2.656000000000006,1,2.0
120,ERROR_M,8,46,3.0640000000000214,3.2059999999999604,1,2.0
120,ERROR_M,8,47,2.062000000000012,3.8380000000000223,1,2.0
120,ERROR_M,8,48,1.6159999999999854,4.466000000000008,0,2.0
120,ERROR_M,8,49,2.1999999999999886,6.317999999999984,1,2.0
120,ERROR_M,8,50,2.3880000000000337,7.240000000000009,1,2.0
120,ERROR_M,8,51,2.3839999999999577,8.114000000000033,1,2.0
120,ERROR_M,8,52,2.0919999999999845,4.427999999999997,1,2.0
120,ERROR_M,8,53,2.0680000000000405,6.789999999999964,1,2.0
120,ERROR_M,8,54,2.160000000000025,7.8659999999999854,1,2.0
120,ERROR_M,8,55,2.1779999999999973,3.211999999999989,1,2.0
120,ERROR_M,8,56,1.759999999999991,3.4560000000000173,0,2.0
120,ERROR_M,8,57,1.9460000000000264,6.829999999999984,0,2.0
120,ERROR_M,8,58,2.23599999999999,5.0,1,2.0
120,ERROR_M,8,59,2.26400000000001,5.579999999999984,1,2.0
120,ERROR_M,8,60,2.4840000000000373,8.373999999999967,1,2.0
120,ERROR_M,8,61,2.277999999999963,5.092000000000098,1,2.0
120,ERROR_M,8,62,2.4879999999999427,2.6340000000000146,1,2.0
120,ERROR_M,8,63,2.7239999999999327,4.046000000000049,1,2.0
120,ERROR_M,8,64,2.169999999999959,5.927999999999997,1,2.0
120,ERROR_M,8,65,2.0060000000000855,8.70399999999995,1,2.0
120,ERROR_M,8,66,2.1019999999999754,3.5860000000000127,1,2.0
120,ERROR_M,8,67,1.961999999999989,4.043999999999983,0,2.0
120,ERROR_M,8,68,2.8780000000000427,2.6720000000000255,1,2.0
120,ERROR_M,8,69,2.3460000000000036,5.289999999999964,1,2.0
120,ERROR_M,8,70,2.4039999999999964,5.817999999999984,1,2.0
120,ERROR_M,8,71,2.2080000000000837,6.861999999999966,1,2.0
120,ERROR_M,8,72,2.240000000000009,6.617999999999938,1,2.0
120,ERROR_M,8,73,2.328000000000088,3.171999999999912,1,2.0
120,ERROR_M,8,74,3.108000000000061,7.451999999999998,1,2.0
120,ERROR_M,8,75,2.3419999999999845,4.624000000000024,1,2.0
120,ERROR_M,8,76,2.494000000000028,7.169999999999959,1,2.0
120,ERROR_M,8,77,2.216000000000008,7.946000000000026,1,2.0
120,ERROR_M,8,78,2.405999999999949,6.20799999999997,1,2.0
120,ERROR_M,8,79,2.386000000000081,3.97199999999998,1,2.0
120,ERROR_M,8,80,2.5979999999999563,8.635999999999967,1,2.0
120,ERROR_M,8,81,2.328000000000088,5.289999999999964,1,2.0
120,ERROR_M,8,82,2.42999999999995,7.732000000000085,1,2.0
120,ERROR_M,8,83,2.117999999999938,5.692000000000007,1,2.0
120,ERROR_M,8,84,2.0720000000000027,5.782000000000039,1,2.0
120,ERROR_M,8,85,2.509999999999991,4.925999999999931,1,2.0
120,ERROR_M,8,86,2.258000000000038,2.576000000000022,1,2.0
120,ERROR_M,8,87,2.7519999999999527,4.222000000000094,1,2.0
120,ERROR_M,8,88,2.411999999999921,7.211999999999989,1,2.0
120,ERROR_M,8,89,2.288000000000011,7.932000000000016,1,2.0
120,ERROR_M,8,90,2.3980000000000246,6.086000000000013,1,2.0
120,ERROR_M,8,91,2.4739999999999327,6.98599999999999,1,2.0
120,ERROR_M,8,92,2.451999999999998,3.966000000000008,1,2.0
120,ERROR_M,8,93,2.8899999999999864,3.4920000000000755,1,2.0
120,ERROR_M,8,94,2.269999999999982,4.268000000000029,1,2.0
120,ERROR_M,8,95,3.1119999999999663,4.494000000000028,1,2.0
120,ERROR_M,8,96,2.6299999999999955,9.731999999999971,1,2.0
120,ERROR_M,8,97,1.2019999999999982,8.159999999999968,0,2.0
120,ERROR_M,8,98,2.0960000000000036,3.160000000000082,1,2.0
120,ERROR_M,8,99,2.3899999999999864,4.497999999999934,1,2.0
120,ERROR_M,8,100,2.4540000000000646,8.063999999999965,1,2.0
120,ERROR_M,8,101,2.0779999999999745,6.1860000000000355,1,2.0
120,ERROR_M,8,102,2.45799999999997,3.7760000000000673,1,2.0
120,ERROR_M,8,103,2.466000000000008,3.699999999999932,1,2.0
120,ERROR_M,8,104,2.4680000000000746,7.057999999999993,1,2.0
120,ERROR_M,8,105,2.2639999999998963,3.618000000000052,1,2.0
120,ERROR_M,8,106,2.3899999999999864,5.2280000000000655,1,2.0
120,ERROR_M,8,107,2.0439999999999827,4.124000000000024,1,2.0
120,ERROR_M,8,108,2.0499999999999545,4.745999999999981,1,2.0
120,ERROR_M,8,109,2.4020000000000437,5.802000000000021,1,2.0
120,ERROR_M,8,110,2.3799999999999955,180.05399999999997,1,2.0
120,ERROR_M,8,111,0.9700000000000273,5.807999999999993,0,2.0
120,ERROR_M,8,112,2.147999999999911,6.572000000000116,1,2.0
120,ERROR_M,8,113,1.7919999999999163,7.096000000000004,0,2.0
120,ERROR_M,8,114,2.4980000000000473,7.619999999999891,1,2.0
120,ERROR_M,8,115,2.183999999999969,8.276000000000067,1,2.0
120,ERROR_M,8,116,2.1920000000000073,8.67599999999993,1,2.0
120,ERROR_M,8,117,2.1840000000001965,4.571999999999889,1,2.0
120,ERROR_M,8,118,2.0060000000000855,8.621999999999844,1,2.0
120,ERROR_M,8,119,2.0679999999999836,4.796000000000049,1,2.0
120,ERROR_M,8,120,2.2560000000000855,5.599999999999909,1,2.0
120,ERROR_M,8,121,2.3379999999999654,4.008000000000038,1,2.0
120,ERROR_M,8,122,2.104000000000042,7.940000000000055,1,2.0
120,ERROR_M,8,123,2.3940000000000055,4.251999999999953,1,2.0
120,ERROR_M,8,124,1.8199999999999363,5.872000000000071,0,2.0
120,ERROR_M,8,125,2.2799999999999727,3.935999999999922,1,2.0
120,ERROR_M,8,126,2.0240000000001146,5.475999999999885,1,2.0
120,ERROR_M,8,127,1.6460000000001855,2.745999999999867,0,2.0
120,ERROR_M,8,128,1.8360000000000127,3.8320000000001073,0,2.0
120,ERROR_M,8,129,2.3859999999999673,4.957999999999856,1,2.0
120,ERROR_M,8,130,2.25200000000018,7.597999999999956,1,2.0
120,ERROR_M,8,131,1.97199999999998,6.4780000000000655,0,2.0
120,ERROR_M,8,132,2.425999999999931,6.955999999999904,1,2.0
120,ERROR_M,8,133,2.019999999999982,7.268000000000029,1,2.0
120,ERROR_M,8,134,2.494000000000142,7.703999999999951,1,2.0
120,ERROR_M,8,135,2.3079999999999927,8.238000000000056,1,2.0
120,ERROR_M,8,136,2.08199999999988,8.645999999999958,1,2.0
120,ERROR_M,8,137,2.230000000000018,4.382000000000062,1,2.0
120,ERROR_M,8,138,1.3979999999999109,5.048000000000002,0,2.0
120,ERROR_M,8,139,2.078000000000202,4.1159999999999854,1,2.0
120,ERROR_M,8,140,2.033999999999878,6.046000000000049,1,2.0
120,ERROR_M,8,141,1.788000000000011,5.453999999999951,0,2.0
120,ERROR_M,8,142,2.0960000000000036,3.849999999999909,1,2.0
120,ERROR_M,8,143,2.2280000000000655,6.5900000000001455,1,2.0
120,ERROR_M,8,144,1.7999999999999545,329.52199999999993,0,2.0
120,ERROR_M,8,145,0.4839999999999236,71.04200000000014,0,2.0
120,ERROR_M,8,146,0.6759999999999309,26.753999999999905,0,2.0
120,ERROR_M,8,147,1.706000000000131,2.75,0,2.0
120,ERROR_M,8,148,2.2799999999999727,7.589999999999918,1,2.0
120,ERROR_M,8,149,1.8480000000001837,4.445999999999913,0,2.0
120,ERROR_M,8,150,2.3799999999998818,7.966000000000122,1,2.0
120,ERROR_M,8,151,2.2739999999998872,5.264000000000124,1,2.0
120,ERROR_M,8,152,2.038000000000011,6.197999999999865,1,2.0
120,ERROR_M,8,153,2.5440000000000964,5.8599999999999,1,2.0
120,ERROR_M,8,154,2.6460000000001855,8.161999999999807,1,2.0
120,ERROR_M,8,155,2.354000000000042,5.981999999999971,1,2.0
120,ERROR_M,8,156,2.2460000000000946,11.087999999999965,1,2.0
120,ERROR_M,8,157,1.9200000000000728,7.1440000000000055,0,2.0
120,ERROR_M,8,158,2.145999999999958,3.990000000000009,1,2.0
120,ERROR_M,8,159,2.425999999999931,7.567999999999984,1,2.0
120,ERROR_M,8,160,2.3700000000001182,8.069999999999936,1,2.0
120,ERROR_M,8,161,2.377999999999929,8.317999999999984,1,2.0
120,ERROR_M,8,162,2.546000000000049,8.812000000000126,1,2.0
120,ERROR_M,8,163,2.7819999999999254,3.173999999999978,1,2.0
120,ERROR_M,8,164,2.2260000000001128,4.929999999999836,1,2.0
120,ERROR_M,8,165,1.8360000000000127,4.236000000000104,0,2.0
120,ERROR_M,8,166,2.9220000000000255,3.4039999999999964,1,2.0
120,ERROR_M,8,167,2.7539999999999054,9.460000000000036,1,2.0
120,ERROR_M,8,168,2.2999999999999545,5.5900000000001455,1,2.0
120,ERROR_M,8,169,2.288000000000011,9.211999999999989,1,2.0
120,ERROR_M,8,170,1.6859999999999218,2.8460000000000036,0,2.0
120,ERROR_M,8,171,2.38799999999992,6.183999999999969,1,2.0
120,ERROR_M,8,172,2.3860000000001946,8.019999999999982,1,2.0
120,ERROR_M,8,173,2.259999999999991,4.819999999999936,1,2.0
120,ERROR_M,8,174,1.9639999999999418,7.258000000000038,0,2.0
120,ERROR_M,8,175,2.3299999999999272,7.720000000000027,1,2.0
120,ERROR_M,8,176,2.3859999999999673,5.47400000000016,1,2.0
120,ERROR_M,8,177,1.7519999999999527,3.3279999999999745,0,2.0
120,ERROR_M,8,178,1.6179999999999382,7.755999999999858,0,2.0
120,ERROR_M,8,179,2.330000000000382,8.323999999999614,1,2.0
120,ERROR_M,8,180,2.3880000000003747,4.6159999999999854,1,2.0
120,ERROR_M,8,181,2.35799999999972,5.246000000000095,1,2.0
120,ERROR_M,8,182,1.7020000000002256,6.139999999999873,0,2.0
120,ERROR_M,8,183,2.1599999999998545,8.644000000000233,1,2.0
120,ERROR_M,8,184,2.899999999999636,,1,2.0
120,ERROR_M,9,1,0.879999999999999,0.11200000000000188,0,2.0
120,ERROR_M,9,2,0.08599999999999852,22.522000000000002,0,2.0
120,ERROR_M,9,3,1.466000000000001,6.838000000000001,0,2.0
120,ERROR_M,9,4,1.5919999999999987,7.471999999999994,0,2.0
120,ERROR_M,9,5,2.2180000000000035,3.171999999999997,1,2.0
120,ERROR_M,9,6,1.9879999999999995,3.6680000000000064,0,2.0
120,ERROR_M,9,7,2.1779999999999973,5.150000000000006,1,2.0
120,ERROR_M,9,8,1.9439999999999884,2.5020000000000095,0,2.0
120,ERROR_M,9,9,2.219999999999999,4.813999999999993,1,2.0
120,ERROR_M,9,10,1.8179999999999978,4.106000000000009,0,2.0
120,ERROR_M,9,11,2.069999999999993,5.560000000000002,1,2.0
120,ERROR_M,9,12,1.8460000000000036,4.421999999999997,0,2.0
120,ERROR_M,9,13,2.097999999999999,6.5719999999999885,1,2.0
120,ERROR_M,9,14,1.9820000000000277,5.843999999999994,0,2.0
120,ERROR_M,9,15,1.9639999999999986,8.087999999999994,0,2.0
120,ERROR_M,9,16,2.0420000000000016,8.482,1,2.0
120,ERROR_M,9,17,2.1680000000000064,7.2379999999999995,1,2.0
120,ERROR_M,9,18,2.313999999999993,7.882000000000005,1,2.0
120,ERROR_M,9,19,1.9979999999999905,2.734000000000009,0,2.0
120,ERROR_M,9,20,1.8979999999999961,3.5219999999999914,0,2.0
120,ERROR_M,9,21,2.0360000000000014,3.3640000000000043,1,2.0
120,ERROR_M,9,22,2.274000000000001,3.5579999999999927,1,2.0
120,ERROR_M,9,23,1.8120000000000118,3.7520000000000095,0,2.0
120,ERROR_M,9,24,2.1219999999999857,4.8019999999999925,1,2.0
120,ERROR_M,9,25,1.0800000000000125,0.02199999999999136,0,2.0
120,ERROR_M,9,26,0.20199999999999818,31.858000000000004,0,2.0
120,ERROR_M,9,27,1.9739999999999895,5.930000000000007,0,2.0
120,ERROR_M,9,28,2.1880000000000166,7.693999999999988,1,2.0
120,ERROR_M,9,29,1.6259999999999764,2.944000000000017,0,2.0
120,ERROR_M,9,30,1.9440000000000168,7.954000000000008,0,2.0
120,ERROR_M,9,31,2.231999999999971,5.1059999999999945,1,2.0
120,ERROR_M,9,32,2.01400000000001,6.8419999999999845,1,2.0
120,ERROR_M,9,33,2.2100000000000364,8.837999999999965,1,2.0
120,ERROR_M,9,34,1.920000000000016,4.7660000000000196,0,2.0
120,ERROR_M,9,35,2.3460000000000036,6.923999999999978,1,2.0
120,ERROR_M,9,36,0.73599999999999,0.05600000000004002,0,2.0
120,ERROR_M,9,37,0.2039999999999509,11.592000000000041,0,2.0
120,ERROR_M,9,38,1.8719999999999573,8.010000000000048,0,2.0
120,ERROR_M,9,39,2.084000000000003,6.23599999999999,1,2.0
120,ERROR_M,9,40,2.1339999999999577,7.300000000000011,1,2.0
120,ERROR_M,9,41,2.3240000000000123,2.5679999999999836,1,2.0
120,ERROR_M,9,42,2.254000000000019,8.641999999999996,1,2.0
120,ERROR_M,9,43,2.774000000000001,4.77800000000002,1,2.0
120,ERROR_M,9,44,2.585999999999956,7.478000000000009,1,2.0
120,ERROR_M,9,45,2.146000000000015,7.018000000000029,1,2.0
120,ERROR_M,9,46,2.3619999999999663,6.694000000000017,1,2.0
120,ERROR_M,9,47,2.632000000000005,3.5120000000000005,1,2.0
120,ERROR_M,9,48,2.2059999999999604,4.122000000000014,1,2.0
120,ERROR_M,9,49,2.1200000000000045,4.632000000000005,1,2.0
120,ERROR_M,9,50,2.137999999999977,5.328000000000031,1,2.0
120,ERROR_M,9,51,2.420000000000016,6.029999999999973,1,2.0
120,ERROR_M,9,52,2.1299999999999955,4.1720000000000255,1,2.0
120,ERROR_M,9,53,2.359999999999957,6.156000000000006,1,2.0
120,ERROR_M,9,54,1.802000000000021,7.0260000000000105,0,2.0
120,ERROR_M,9,55,1.8340000000000032,2.4180000000000064,0,2.0
120,ERROR_M,9,56,1.9599999999999795,3.8240000000000123,0,2.0
120,ERROR_M,9,57,1.933999999999969,2.744000000000028,0,2.0
120,ERROR_M,9,58,2.0120000000000005,5.599999999999966,1,2.0
120,ERROR_M,9,59,2.654000000000053,7.869999999999948,1,2.0
120,ERROR_M,9,60,2.5020000000000095,8.32200000000006,1,2.0
120,ERROR_M,9,61,2.3859999999999673,5.552000000000021,1,2.0
120,ERROR_M,9,62,2.004000000000019,7.951999999999998,1,2.0
120,ERROR_M,9,63,2.1499999999999773,8.093999999999937,1,2.0
120,ERROR_M,9,64,2.3659999999999854,6.382000000000062,1,2.0
120,ERROR_M,9,65,2.0399999999999636,4.552000000000021,1,2.0
120,ERROR_M,9,66,1.8559999999999945,2.995999999999981,0,2.0
120,ERROR_M,9,67,2.090000000000032,5.75,1,2.0
120,ERROR_M,9,68,2.3239999999999554,7.194000000000074,1,2.0
120,ERROR_M,9,69,2.089999999999918,4.153999999999996,1,2.0
120,ERROR_M,9,70,2.4580000000000837,8.201999999999998,1,2.0
120,ERROR_M,9,71,1.7959999999999354,8.530000000000086,0,2.0
120,ERROR_M,9,72,2.197999999999979,3.3079999999999927,1,2.0
120,ERROR_M,9,73,1.8859999999999673,5.2280000000000655,0,2.0
120,ERROR_M,9,74,2.0639999999999645,4.329999999999927,1,2.0
120,ERROR_M,9,75,1.8180000000000973,692.372,0,2.0
120,ERROR_M,9,76,0.35599999999999454,26.50999999999999,0,2.0
120,ERROR_M,9,77,1.3579999999999472,3.8880000000001473,0,2.0
120,ERROR_M,9,78,1.5339999999998781,4.036000000000058,0,2.0
120,ERROR_M,9,79,1.8019999999999072,6.408000000000129,0,2.0
120,ERROR_M,9,80,2.0,3.9500000000000455,0,2.0
120,ERROR_M,9,81,1.8199999999999363,7.276000000000067,0,2.0
120,ERROR_M,9,82,1.9659999999998945,4.877999999999929,0,2.0
120,ERROR_M,9,83,2.4039999999999964,5.262000000000171,1,2.0
120,ERROR_M,9,84,1.8819999999998345,5.779999999999973,0,2.0
120,ERROR_M,9,85,1.8320000000001073,3.0239999999998872,0,2.0
120,ERROR_M,9,86,2.33400000000006,4.824000000000069,1,2.0
120,ERROR_M,9,87,1.9659999999998945,6.152000000000044,0,2.0
120,ERROR_M,9,88,2.0260000000000673,5.251999999999953,1,2.0
120,ERROR_M,9,89,2.099999999999909,5.25200000000018,1,2.0
120,ERROR_M,9,90,2.316000000000031,8.039999999999964,1,2.0
120,ERROR_M,9,91,2.1140000000000327,6.481999999999971,1,2.0
120,ERROR_M,9,92,1.949999999999818,6.758000000000038,0,2.0
120,ERROR_M,9,93,2.9400000000000546,7.4939999999999145,1,2.0
120,ERROR_M,9,94,2.1180000000001655,6.163999999999987,1,2.0
120,ERROR_M,9,95,1.75,6.597999999999956,0,2.0
120,ERROR_M,9,96,2.1359999999999673,8.394000000000005,1,2.0
120,ERROR_M,9,97,1.8900000000001,8.470000000000027,0,2.0
120,ERROR_M,9,98,2.1319999999998345,4.692000000000007,1,2.0
120,ERROR_M,9,99,2.3980000000001382,3.1639999999999873,1,2.0
120,ERROR_M,9,100,2.038000000000011,4.5659999999998035,1,2.0
120,ERROR_M,9,101,2.254000000000133,5.8940000000000055,1,2.0
120,ERROR_M,9,102,2.0139999999998963,5.864000000000033,1,2.0
120,ERROR_M,9,103,1.8559999999999945,3.900000000000091,0,2.0
120,ERROR_M,9,104,1.490000000000009,5.457999999999856,0,2.0
120,ERROR_M,9,105,1.7580000000000382,808.338,0,2.0
120,ERROR_M,9,106,0.2739999999998872,125.36400000000003,0,2.0
120,ERROR_M,9,107,1.6920000000000073,6.86200000000008,0,2.0
120,ERROR_M,9,108,1.5619999999998981,7.554000000000087,0,2.0
120,ERROR_M,9,109,2.068000000000211,5.907999999999902,1,2.0
120,ERROR_M,9,110,1.58199999999988,7.1340000000000146,0,2.0
120,ERROR_M,9,111,2.08600000000024,7.243999999999687,1,2.0
120,ERROR_M,9,112,1.542000000000371,7.947999999999865,0,2.0
120,ERROR_M,9,113,1.711999999999989,8.125999999999749,0,2.0
120,ERROR_M,9,114,1.594000000000051,8.468000000000302,0,2.0
120,ERROR_M,9,115,1.8840000000000146,2.919999999999618,0,2.0
120,ERROR_M,9,116,1.8320000000003347,3.5,0,2.0
120,ERROR_M,9,117,2.0599999999999454,14.875999999999749,1,2.0
120,ERROR_M,9,118,1.58600000000024,5.572000000000116,0,2.0
120,ERROR_M,9,119,1.8399999999996908,5.858000000000175,0,2.0
120,ERROR_M,9,120,1.8519999999998618,6.3279999999999745,0,2.0
120,ERROR_M,9,121,1.9800000000000182,4.538000000000011,0,2.0
120,ERROR_M,9,122,1.9940000000001419,7.16800000000012,0,2.0
120,ERROR_M,9,123,2.2899999999999636,6.873999999999796,1,2.0
120,ERROR_M,9,124,2.217999999999847,3.4140000000002146,1,2.0
120,ERROR_M,9,125,2.6219999999998436,7.580000000000382,1,2.0
120,ERROR_M,9,126,2.113999999999578,4.820000000000164,1,2.0
120,ERROR_M,9,127,2.4420000000000073,7.876000000000204,1,2.0
120,ERROR_M,9,128,2.205999999999676,8.196000000000367,1,2.0
120,ERROR_M,9,129,2.0839999999998327,4.7199999999998,1,2.0
120,ERROR_M,9,130,2.268000000000029,8.650000000000091,1,2.0
120,ERROR_M,9,131,2.3200000000001637,6.599999999999909,1,2.0
120,ERROR_M,9,132,2.012000000000171,4.833999999999833,1,2.0
120,ERROR_M,9,133,1.9580000000000837,2.882000000000062,0,2.0
120,ERROR_M,9,134,2.105999999999767,6.262000000000171,1,2.0
120,ERROR_M,9,135,0.5139999999996689,0.068000000000211,0,2.0
120,ERROR_M,9,136,0.11200000000008004,117.63599999999997,0,2.0
120,ERROR_M,9,137,1.44399999999996,5.096000000000004,0,2.0
120,ERROR_M,9,138,1.7139999999999418,5.5,0,2.0
120,ERROR_M,9,139,2.050000000000182,13.957999999999629,1,2.0
120,ERROR_M,9,140,1.7780000000002474,3.4859999999998763,0,2.0
120,ERROR_M,9,141,1.9920000000001892,,0,2.0
120,ERROR_M,10,1,0.24200000000000088,3.6459999999999972,0,2.0
120,ERROR_M,10,2,1.078000000000003,6.042000000000002,0,2.0
120,ERROR_M,10,3,1.9499999999999957,7.442,0,2.0
120,ERROR_M,10,4,2.0060000000000002,3.9239999999999995,1,2.0
120,ERROR_M,10,5,1.5260000000000034,4.9140000000000015,0,2.0
120,ERROR_M,10,6,1.7820000000000036,6.9879999999999995,0,2.0
120,ERROR_M,10,7,2.015999999999991,7.790000000000006,1,2.0
120,ERROR_M,10,8,1.402000000000001,4.6839999999999975,0,2.0
120,ERROR_M,10,9,1.9339999999999975,2.7139999999999986,0,2.0
120,ERROR_M,10,10,1.740000000000009,5.337999999999994,0,2.0
120,ERROR_M,10,11,2.156000000000006,6.675999999999988,1,2.0
120,ERROR_M,10,12,1.7680000000000007,7.186000000000007,0,2.0
120,ERROR_M,10,13,1.9440000000000026,4.259999999999991,0,2.0
120,ERROR_M,10,14,1.847999999999999,5.842000000000013,0,2.0
120,ERROR_M,10,15,1.9539999999999793,8.408000000000015,0,2.0
120,ERROR_M,10,16,2.3100000000000023,8.527999999999992,1,2.0
120,ERROR_M,10,17,2.0360000000000014,3.774000000000001,1,2.0
120,ERROR_M,10,18,1.7319999999999993,2.76400000000001,0,2.0
120,ERROR_M,10,19,1.7379999999999995,5.656000000000006,0,2.0
120,ERROR_M,10,20,2.4799999999999898,4.638000000000005,1,2.0
120,ERROR_M,10,21,1.9519999999999982,5.2479999999999905,0,2.0
120,ERROR_M,10,22,2.259999999999991,2.990000000000009,1,2.0
120,ERROR_M,10,23,2.0999999999999943,5.951999999999998,1,2.0
120,ERROR_M,10,24,2.092000000000013,6.145999999999987,1,2.0
120,ERROR_M,10,25,1.7760000000000105,5.746000000000009,0,2.0
120,ERROR_M,10,26,2.0319999999999823,7.1839999999999975,1,2.0
120,ERROR_M,10,27,2.2120000000000175,7.481999999999999,1,2.0
120,ERROR_M,10,28,1.990000000000009,4.97799999999998,0,2.0
120,ERROR_M,10,29,2.27800000000002,7.623999999999995,1,2.0
120,ERROR_M,10,30,2.2079999999999984,6.674000000000007,1,2.0
120,ERROR_M,10,31,2.180000000000007,7.895999999999958,1,2.0
120,ERROR_M,10,32,1.962000000000046,8.560000000000002,0,2.0
120,ERROR_M,10,33,2.085999999999956,8.26600000000002,1,2.0
120,ERROR_M,10,34,1.990000000000009,3.906000000000006,0,2.0
120,ERROR_M,10,35,1.9300000000000068,2.5039999999999623,0,2.0
120,ERROR_M,10,36,1.9460000000000264,3.1779999999999973,0,2.0
120,ERROR_M,10,37,2.241999999999962,3.688000000000045,1,2.0
120,ERROR_M,10,38,2.225999999999999,4.225999999999999,1,2.0
120,ERROR_M,10,39,2.4540000000000077,7.3559999999999945,1,2.0
120,ERROR_M,10,40,2.353999999999985,8.944000000000017,1,2.0
120,ERROR_M,10,41,2.3079999999999927,2.5360000000000014,1,2.0
120,ERROR_M,10,42,2.298000000000002,2.8379999999999654,1,2.0
120,ERROR_M,10,43,2.1100000000000136,3.961999999999989,1,2.0
120,ERROR_M,10,44,2.490000000000009,5.680000000000007,1,2.0
120,ERROR_M,10,45,2.225999999999999,8.055999999999983,1,2.0
120,ERROR_M,10,46,2.3360000000000127,3.173999999999978,1,2.0
120,ERROR_M,10,47,2.136000000000024,4.586000000000013,1,2.0
120,ERROR_M,10,48,2.151999999999987,6.268000000000029,1,2.0
120,ERROR_M,10,49,2.4139999999999873,7.0919999999999845,1,2.0
120,ERROR_M,10,50,2.51400000000001,3.4839999999999804,1,2.0
120,ERROR_M,10,51,2.1820000000000164,6.72199999999998,1,2.0
120,ERROR_M,10,52,2.268000000000029,7.8840000000000146,1,2.0
120,ERROR_M,10,53,2.335999999999956,5.096000000000004,1,2.0
120,ERROR_M,10,54,2.0880000000000223,8.433999999999969,1,2.0
120,ERROR_M,10,55,1.8640000000000327,5.286000000000001,0,2.0
120,ERROR_M,10,56,2.1859999999999786,5.954000000000008,1,2.0
120,ERROR_M,10,57,2.358000000000004,4.2099999999999795,1,2.0
120,ERROR_M,10,58,2.569999999999993,8.216000000000008,1,2.0
120,ERROR_M,10,59,1.9840000000000373,4.873999999999967,0,2.0
120,ERROR_M,10,60,2.0819999999999936,6.242000000000019,1,2.0
120,ERROR_M,10,61,2.093999999999994,6.937999999999988,1,2.0
120,ERROR_M,10,62,2.354000000000042,8.16599999999994,1,2.0
120,ERROR_M,10,63,2.1340000000000146,2.909999999999968,1,2.0
120,ERROR_M,10,64,2.2620000000000573,3.868000000000052,1,2.0
120,ERROR_M,10,65,2.5219999999999345,2.3740000000000236,1,2.0
120,ERROR_M,10,66,1.6599999999999682,3.590000000000032,0,2.0
120,ERROR_M,10,67,2.0879999999999654,7.27800000000002,1,2.0
120,ERROR_M,10,68,2.27800000000002,5.20799999999997,1,2.0
120,ERROR_M,10,69,2.6900000000000546,4.173999999999978,1,2.0
120,ERROR_M,10,70,1.816000000000031,3.0699999999999363,0,2.0
120,ERROR_M,10,71,1.745999999999981,4.504000000000019,0,2.0
120,ERROR_M,10,72,2.3460000000000036,5.618000000000052,1,2.0
120,ERROR_M,10,73,2.199999999999932,7.494000000000028,1,2.0
120,ERROR_M,10,74,2.269999999999982,8.601999999999975,1,2.0
120,ERROR_M,10,75,2.1680000000000064,6.710000000000036,1,2.0
120,ERROR_M,10,76,2.201999999999998,6.0919999999999845,1,2.0
120,ERROR_M,10,77,2.3139999999999645,5.240000000000009,1,2.0
120,ERROR_M,10,78,2.2939999999999827,6.518000000000029,1,2.0
120,ERROR_M,10,79,2.20799999999997,4.1580000000000155,1,2.0
120,ERROR_M,10,80,2.136000000000081,8.923999999999978,1,2.0
120,ERROR_M,10,81,1.975999999999999,5.923999999999978,0,2.0
120,ERROR_M,10,82,2.5739999999999554,4.786000000000058,1,2.0
120,ERROR_M,10,83,2.213999999999942,6.475999999999999,1,2.0
120,ERROR_M,10,84,2.282000000000039,4.562000000000012,1,2.0
120,ERROR_M,10,85,2.3220000000000027,5.663999999999987,1,2.0
120,ERROR_M,10,86,2.423999999999978,7.197999999999979,1,2.0
120,ERROR_M,10,87,2.1140000000000327,4.567999999999984,1,2.0
120,ERROR_M,10,88,2.995999999999981,2.548000000000002,1,2.0
120,ERROR_M,10,89,2.240000000000009,7.5,1,2.0
120,ERROR_M,10,90,2.3079999999999927,7.782000000000039,1,2.0
120,ERROR_M,10,91,2.296000000000049,8.240000000000009,1,2.0
120,ERROR_M,10,92,2.4279999999999973,3.269999999999982,1,2.0
120,ERROR_M,10,93,2.3840000000000146,5.323999999999955,1,2.0
120,ERROR_M,10,94,2.1380000000000337,3.3360000000000127,1,2.0
120,ERROR_M,10,95,2.421999999999912,10.758000000000038,1,2.0
120,ERROR_M,10,96,1.0979999999999563,115.77200000000005,0,2.0
120,ERROR_M,10,97,0.8179999999999836,154.34400000000005,0,2.0
120,ERROR_M,10,98,1.7100000000000364,2.793999999999869,0,2.0
120,ERROR_M,10,99,1.9139999999999873,4.900000000000091,0,2.0
120,ERROR_M,10,100,2.1420000000000528,5.6059999999999945,1,2.0
120,ERROR_M,10,101,1.9539999999999509,5.829999999999927,0,2.0
120,ERROR_M,10,102,1.9400000000000546,4.205999999999904,0,2.0
120,ERROR_M,10,103,2.036000000000058,7.238000000000056,1,2.0
120,ERROR_M,10,104,2.13799999999992,3.8379999999999654,1,2.0
120,ERROR_M,10,105,2.102000000000089,5.349999999999909,1,2.0
120,ERROR_M,10,106,0.7260000000001128,0.07999999999992724,0,2.0
120,ERROR_M,10,107,0.19800000000009277,28.263999999999896,0,2.0
120,ERROR_M,10,108,1.8900000000001,6.213999999999942,0,2.0
120,ERROR_M,10,109,2.046000000000049,6.685999999999922,1,2.0
120,ERROR_M,10,110,2.022000000000162,6.9099999999998545,1,2.0
120,ERROR_M,10,111,2.0019999999999527,4.0300000000002,1,2.0
120,ERROR_M,10,112,2.6039999999998145,2.6940000000001874,1,2.0
120,ERROR_M,10,113,2.0859999999997854,7.572000000000116,1,2.0
120,ERROR_M,10,114,2.122000000000071,8.189999999999827,1,2.0
120,ERROR_M,10,115,1.9400000000000546,8.491999999999962,0,2.0
120,ERROR_M,10,116,1.97400000000016,7.013999999999896,0,2.0
120,ERROR_M,10,117,2.147999999999911,7.940000000000055,1,2.0
120,ERROR_M,10,118,0.5720000000001164,0.04600000000004911,0,2.0
120,ERROR_M,10,119,0.25,148.04999999999995,0,2.0
120,ERROR_M,10,120,1.3239999999998417,5.75,0,2.0
120,ERROR_M,10,121,1.8960000000001855,8.213999999999942,0,2.0
120,ERROR_M,10,122,1.72199999999998,2.731999999999971,0,2.0
120,ERROR_M,10,123,1.7899999999999636,4.476000000000113,0,2.0
120,ERROR_M,10,124,2.30399999999986,7.72199999999998,1,2.0
120,ERROR_M,10,125,2.2000000000000455,7.272000000000162,1,2.0
120,ERROR_M,10,126,1.987999999999829,8.549999999999955,0,2.0
120,ERROR_M,10,127,2.160000000000082,4.935999999999922,1,2.0
120,ERROR_M,10,128,2.6740000000002055,3.1539999999999964,1,2.0
120,ERROR_M,10,129,2.2239999999999327,4.099999999999909,1,2.0
120,ERROR_M,10,130,1.990000000000009,4.819999999999936,0,2.0
120,ERROR_M,10,131,2.0540000000000873,5.5779999999999745,1,2.0
120,ERROR_M,10,132,2.0299999999999727,5.990000000000009,1,2.0
120,ERROR_M,10,133,2.064000000000078,4.5499999999999545,1,2.0
120,ERROR_M,10,134,2.0620000000001255,6.319999999999936,1,2.0
120,ERROR_M,10,135,1.7999999999999545,6.524000000000115,0,2.0
120,ERROR_M,10,136,2.048000000000002,8.634000000000015,1,2.0
120,ERROR_M,10,137,1.9179999999998927,191.05600000000004,0,2.0
120,ERROR_M,10,138,1.1639999999999873,8.319999999999936,0,2.0
120,ERROR_M,10,139,1.7200000000000273,7.089999999999918,0,2.0
120,ERROR_M,10,140,2.1720000000000255,8.22400000000016,1,2.0
120,ERROR_M,10,141,1.9559999999999036,4.849999999999909,0,2.0
120,ERROR_M,10,142,1.7660000000000764,2.814000000000078,0,2.0
120,ERROR_M,10,143,2.0579999999999927,5.3840000000000146,1,2.0
120,ERROR_M,10,144,1.7799999999999727,8.557999999999993,0,2.0
120,ERROR_M,10,145,2.018000000000029,4.201999999999998,1,2.0
120,ERROR_M,10,146,1.9800000000000182,5.08199999999988,0,2.0
120,ERROR_M,10,147,2.201999999999998,3.4039999999999964,1,2.0
120,ERROR_M,10,148,2.463999999999942,4.5900000000001455,1,2.0
120,ERROR_M,10,149,2.8559999999999945,4.925999999999931,1,2.0
120,ERROR_M,10,150,2.324000000000069,6.195999999999913,1,2.0
120,ERROR_M,10,151,2.8920000000000528,6.448000000000093,1,2.0
120,ERROR_M,10,152,1.8079999999999927,8.519999999999982,0,2.0
120,ERROR_M,10,153,1.8419999999998709,5.864000000000033,0,2.0
120,ERROR_M,10,154,1.9680000000000746,7.467999999999847,0,2.0
120,ERROR_M,10,155,1.9480000000000928,6.11200000000008,0,2.0
120,ERROR_M,10,156,2.33199999999988,7.864000000000033,1,2.0
120,ERROR_M,10,157,1.7619999999999436,3.1240000000000236,0,2.0
120,ERROR_M,10,158,2.1620000000000346,7.240000000000009,1,2.0
120,ERROR_M,10,159,1.9519999999999982,7.538000000000011,0,2.0
120,ERROR_M,10,160,2.048000000000002,8.284000000000106,1,2.0
120,ERROR_M,10,161,2.209999999999809,7.410000000000082,1,2.0
120,ERROR_M,10,162,2.2280000000000655,5.423999999999978,1,2.0
120,ERROR_M,10,163,1.518000000000029,4.063999999999851,0,2.0
120,ERROR_M,10,164,2.1000000000001364,356.41399999999976,1,2.0
120,ERROR_M,10,165,0.66800000000012,6.195999999999913,0,2.0
120,ERROR_M,10,166,2.1280000000001564,6.748000000000047,1,2.0
120,ERROR_M,10,167,1.5859999999997854,3.774000000000342,0,2.0
120,ERROR_M,10,168,1.8579999999997199,3.0300000000002,0,2.0
120,ERROR_M,10,169,1.8519999999998618,4.88799999999992,0,2.0
120,ERROR_M,10,170,2.0,5.476000000000113,0,2.0
120,ERROR_M,10,171,1.7919999999999163,4.338000000000193,0,2.0
120,ERROR_M,10,172,0.09600000000000364,0.11999999999989086,0,2.0
120,ERROR_M,10,173,0.09999999999990905,11.291999999999916,0,2.0
120,ERROR_M,10,174,1.7720000000003893,5.795999999999822,0,2.0
120,ERROR_M,10,175,2.019999999999982,7.2599999999997635,1,2.0
120,ERROR_M,10,176,1.8960000000001855,7.472000000000207,0,2.0
120,ERROR_M,10,177,2.1659999999997126,3.5080000000002656,1,2.0
120,ERROR_M,10,178,1.9119999999998072,6.7840000000001055,0,2.0
120,ERROR_M,10,179,1.9360000000001492,7.891999999999825,0,2.0
120,ERROR_M,10,180,2.007999999999811,6.69800000000032,1,2.0
120,ERROR_M,10,181,1.7519999999999527,6.261999999999716,0,2.0
120,ERROR_M,10,182,2.0720000000001164,6.816000000000258,1,2.0
120,ERROR_M,10,183,1.8139999999998508,8.317999999999756,0,2.0
120,ERROR_M,10,184,1.5060000000003129,4.491999999999734,0,2.0
120,ERROR_M,10,185,1.8340000000002874,4.541999999999916,0,2.0
120,ERROR_M,10,186,1.7480000000000473,,0,2.0
120,ERROR_M,11,1,0.31200000000000117,10.620000000000001,0,2.0
120,ERROR_M,11,2,1.6499999999999986,5.064,0,2.0
120,ERROR_M,11,3,0.07200000000000273,0.1039999999999992,0,2.0
120,ERROR_M,11,4,0.17199999999999704,7.68,0,2.0
120,ERROR_M,11,5,1.6540000000000035,4.477999999999994,0,2.0
120,ERROR_M,11,6,1.7260000000000062,3.029999999999994,0,2.0
120,ERROR_M,11,7,1.5679999999999978,6.091999999999999,0,2.0
120,ERROR_M,11,8,1.6980000000000075,6.817999999999998,0,2.0
120,ERROR_M,11,9,1.8780000000000001,8.146,0,2.0
120,ERROR_M,11,10,2.0960000000000036,8.792000000000002,1,2.0
120,ERROR_M,11,11,1.891999999999996,2.823999999999998,0,2.0
120,ERROR_M,11,12,1.9380000000000024,4.754000000000005,0,2.0
120,ERROR_M,11,13,2.0859999999999985,5.579999999999998,1,2.0
120,ERROR_M,11,14,1.8199999999999932,2.4440000000000026,0,2.0
120,ERROR_M,11,15,1.9199999999999875,3.4879999999999995,0,2.0
120,ERROR_M,11,16,1.960000000000008,3.794000000000011,0,2.0
120,ERROR_M,11,17,2.2920000000000016,4.171999999999997,1,2.0
120,ERROR_M,11,18,2.0600000000000023,7.216000000000008,1,2.0
120,ERROR_M,11,19,1.711999999999989,7.539999999999992,0,2.0
120,ERROR_M,11,20,1.9140000000000157,7.867999999999995,0,2.0
120,ERROR_M,11,21,1.7939999999999827,3.52200000000002,0,2.0
120,ERROR_M,11,22,1.9799999999999898,7.1340000000000146,0,2.0
120,ERROR_M,11,23,2.1539999999999964,4.295999999999992,1,2.0
120,ERROR_M,11,24,1.7779999999999916,7.638000000000005,0,2.0
120,ERROR_M,11,25,1.8559999999999945,8.310000000000002,0,2.0
120,ERROR_M,11,26,1.867999999999995,5.314000000000021,0,2.0
120,ERROR_M,11,27,0.04399999999998272,3.8400000000000034,0,2.0
120,ERROR_M,11,28,1.8760000000000048,8.114000000000004,0,2.0
120,ERROR_M,11,29,2.0900000000000034,4.22999999999999,1,2.0
120,ERROR_M,11,30,1.554000000000002,4.50800000000001,0,2.0
120,ERROR_M,11,31,1.9939999999999998,5.661999999999978,0,2.0
120,ERROR_M,11,32,2.343999999999994,6.842000000000041,1,2.0
120,ERROR_M,11,33,2.3719999999999573,2.6520000000000437,1,2.0
120,ERROR_M,11,34,2.5499999999999545,3.288000000000011,1,2.0
120,ERROR_M,11,35,1.9840000000000373,2.8079999999999927,0,2.0
120,ERROR_M,11,36,2.1920000000000073,4.849999999999966,1,2.0
120,ERROR_M,11,37,2.066000000000031,5.229999999999961,1,2.0
120,ERROR_M,11,38,1.7080000000000268,5.659999999999968,0,2.0
120,ERROR_M,11,39,2.052000000000021,6.161999999999978,1,2.0
120,ERROR_M,11,40,2.174000000000035,6.927999999999997,1,2.0
120,ERROR_M,11,41,1.8480000000000132,6.533999999999992,0,2.0
120,ERROR_M,11,42,2.19399999999996,5.786000000000001,1,2.0
120,ERROR_M,11,43,1.7200000000000273,6.3940000000000055,0,2.0
120,ERROR_M,11,44,1.9399999999999977,8.031999999999982,0,2.0
120,ERROR_M,11,45,2.126000000000033,2.6639999999999873,1,2.0
120,ERROR_M,11,46,2.47199999999998,4.114000000000033,1,2.0
120,ERROR_M,11,47,2.7579999999999814,7.872000000000014,1,2.0
120,ERROR_M,11,48,2.4899999999999523,8.548000000000002,1,2.0
120,ERROR_M,11,49,2.448000000000036,3.930000000000007,1,2.0
120,ERROR_M,11,50,1.8999999999999773,4.2900000000000205,0,2.0
120,ERROR_M,11,51,2.343999999999994,8.779999999999973,1,2.0
120,ERROR_M,11,52,2.362000000000023,7.26400000000001,1,2.0
120,ERROR_M,11,53,0.053999999999973625,0.1260000000000332,0,2.0
120,ERROR_M,11,54,0.0999999999999659,8.216000000000008,0,2.0
120,ERROR_M,11,55,1.8659999999999854,3.112000000000023,0,2.0
120,ERROR_M,11,56,2.4499999999999886,5.504000000000019,1,2.0
120,ERROR_M,11,57,2.656000000000006,6.771999999999991,1,2.0
120,ERROR_M,11,58,2.5260000000000105,2.7620000000000005,1,2.0
120,ERROR_M,11,59,2.3139999999999645,5.018000000000029,1,2.0
120,ERROR_M,11,60,2.2760000000000105,5.596000000000004,1,2.0
120,ERROR_M,11,61,2.3079999999999927,5.635999999999967,1,2.0
120,ERROR_M,11,62,2.180000000000007,5.598000000000013,1,2.0
120,ERROR_M,11,63,2.4359999999999786,6.151999999999987,1,2.0
120,ERROR_M,11,64,2.188000000000045,6.767999999999972,1,2.0
120,ERROR_M,11,65,2.400000000000034,7.367999999999938,1,2.0
120,ERROR_M,11,66,2.2040000000000646,7.935999999999922,1,2.0
120,ERROR_M,11,67,1.9300000000000637,6.837999999999965,0,2.0
120,ERROR_M,11,68,2.4560000000000173,8.118000000000052,1,2.0
120,ERROR_M,11,69,2.0679999999999836,8.19399999999996,1,2.0
120,ERROR_M,11,70,2.419999999999959,8.808000000000106,1,2.0
120,ERROR_M,11,71,2.1219999999999573,4.6340000000000146,1,2.0
120,ERROR_M,11,72,2.711999999999989,3.5019999999999527,1,2.0
120,ERROR_M,11,73,2.4980000000000473,2.895999999999958,1,2.0
120,ERROR_M,11,74,3.062000000000012,4.124000000000024,1,2.0
120,ERROR_M,11,75,2.6499999999999773,6.6159999999999854,1,2.0
120,ERROR_M,11,76,2.4780000000000655,5.155999999999949,1,2.0
120,ERROR_M,11,77,2.0919999999999845,3.6380000000000337,1,2.0
120,ERROR_M,11,78,0.3160000000000309,0.07999999999992724,0,2.0
120,ERROR_M,11,79,0.14600000000007185,14.959999999999923,0,2.0
120,ERROR_M,11,80,1.1639999999999873,3.900000000000091,0,2.0
120,ERROR_M,11,81,2.17999999999995,7.22199999999998,1,2.0
120,ERROR_M,11,82,2.272000000000048,4.997999999999934,1,2.0
120,ERROR_M,11,83,2.302000000000021,7.6580000000000155,1,2.0
120,ERROR_M,11,84,2.3559999999999945,3.9540000000000646,1,2.0
120,ERROR_M,11,85,2.2899999999999636,4.581999999999994,1,2.0
120,ERROR_M,11,86,2.6779999999999973,4.515999999999963,1,2.0
120,ERROR_M,11,87,2.7560000000000855,6.527999999999906,1,2.0
120,ERROR_M,11,88,2.4500000000000455,3.6119999999999663,1,2.0
120,ERROR_M,11,89,2.5679999999999836,5.7840000000001055,1,2.0
120,ERROR_M,11,90,2.8799999999999955,6.117999999999938,1,2.0
120,ERROR_M,11,91,2.286000000000058,7.942000000000007,1,2.0
120,ERROR_M,11,92,2.7579999999999245,7.524000000000001,1,2.0
120,ERROR_M,11,93,2.59800000000007,8.017999999999915,1,2.0
120,ERROR_M,11,94,2.4420000000000073,4.114000000000033,1,2.0
120,ERROR_M,11,95,2.173999999999978,13.586000000000013,1,2.0
120,ERROR_M,11,96,2.26400000000001,13.340000000000032,1,2.0
120,ERROR_M,11,97,1.48599999999999,11.213999999999942,0,2.0
120,ERROR_M,11,98,0.33600000000001273,0.09800000000007003,0,2.0
120,ERROR_M,11,99,0.15799999999990177,192.3280000000001,0,2.0
120,ERROR_M,11,100,0.8019999999999072,7.192000000000007,0,2.0
120,ERROR_M,11,101,1.9560000000000173,9.190000000000055,0,2.0
120,ERROR_M,11,102,2.1219999999999573,4.860000000000014,1,2.0
120,ERROR_M,11,103,2.274000000000001,3.740000000000009,1,2.0
120,ERROR_M,11,104,2.3319999999999936,4.906000000000063,1,2.0
120,ERROR_M,11,105,2.30600000000004,6.211999999999989,1,2.0
120,ERROR_M,11,106,2.3659999999999854,4.129999999999882,1,2.0
120,ERROR_M,11,107,2.3579999999999472,5.358000000000175,1,2.0
120,ERROR_M,11,108,2.5459999999998217,6.082000000000107,1,2.0
120,ERROR_M,11,109,1.7100000000000364,7.071999999999889,0,2.0
120,ERROR_M,11,110,2.4039999999999964,6.938000000000102,1,2.0
120,ERROR_M,11,111,2.1579999999999018,4.8659999999999854,1,2.0
120,ERROR_M,11,112,2.326000000000022,5.488000000000056,1,2.0
120,ERROR_M,11,113,2.4320000000000164,5.1340000000000146,1,2.0
120,ERROR_M,11,114,2.0679999999999836,10.847999999999956,1,2.0
120,ERROR_M,11,115,2.0399999999999636,7.582000000000107,1,2.0
120,ERROR_M,11,116,1.9939999999999145,7.436000000000149,0,2.0
120,ERROR_M,11,117,2.2739999999998872,4.7439999999999145,1,2.0
120,ERROR_M,11,118,2.564000000000078,8.195999999999913,1,2.0
120,ERROR_M,11,119,2.338000000000193,7.935999999999922,1,2.0
120,ERROR_M,11,120,2.064000000000078,4.491999999999962,1,2.0
120,ERROR_M,11,121,2.47199999999998,5.723999999999933,1,2.0
120,ERROR_M,11,122,2.3740000000000236,11.294000000000096,1,2.0
120,ERROR_M,11,123,1.05399999999986,5.264000000000124,0,2.0
120,ERROR_M,11,124,2.0459999999998217,7.886000000000195,1,2.0
120,ERROR_M,11,125,1.97199999999998,1462.2139999999997,0,2.0
120,ERROR_M,11,126,2.588000000000193,3.2020000000002256,1,2.0
120,ERROR_M,11,127,2.451999999999771,6.885999999999967,1,2.0
120,ERROR_M,11,128,2.231999999999971,5.213999999999942,1,2.0
120,ERROR_M,11,129,2.768000000000029,7.374000000000251,1,2.0
120,ERROR_M,11,130,2.007999999999811,6.998000000000047,1,2.0
120,ERROR_M,11,131,1.9800000000000182,7.128000000000156,0,2.0
120,ERROR_M,11,132,2.344000000000051,7.871999999999844,1,2.0
120,ERROR_M,11,133,2.1039999999998145,6.204000000000178,1,2.0
120,ERROR_M,11,134,2.5960000000000036,6.871999999999844,1,2.0
120,ERROR_M,11,135,2.3859999999999673,7.6460000000001855,1,2.0
120,ERROR_M,11,136,2.125999999999749,8.480000000000018,1,2.0
120,ERROR_M,11,137,2.2340000000003783,8.61999999999989,1,2.0
120,ERROR_M,11,138,2.2840000000001055,7.518000000000029,1,2.0
120,ERROR_M,11,139,1.8059999999995853,6.885999999999967,0,2.0
120,ERROR_M,11,140,1.9760000000001128,8.231999999999971,0,2.0
120,ERROR_M,11,141,2.1480000000001382,12.838000000000193,1,2.0
120,ERROR_M,11,142,1.0519999999996799,,0,2.0
121,ERROR_M,1,1,1.5079999999999991,7.8160000000000025,0,2.0
121,ERROR_M,1,2,2.303999999999995,0.06400000000000006,1,2.0
121,ERROR_M,1,3,0.09600000000000364,6.245999999999995,0,2.0
121,ERROR_M,1,4,2.334000000000003,3.5459999999999994,1,2.0
121,ERROR_M,1,5,2.2240000000000038,4.885999999999996,1,2.0
121,ERROR_M,1,6,2.210000000000008,7.227999999999994,1,2.0
121,ERROR_M,1,7,1.6359999999999957,6.808000000000007,0,2.0
121,ERROR_M,1,8,1.3019999999999925,0.15000000000000568,0,2.0
121,ERROR_M,1,9,0.07399999999999807,7.4339999999999975,0,2.0
121,ERROR_M,1,10,1.1680000000000064,0.06199999999999761,0,2.0
121,ERROR_M,1,11,0.1599999999999966,5.814000000000007,0,2.0
121,ERROR_M,1,12,2.0999999999999943,3.206000000000003,1,2.0
121,ERROR_M,1,13,2.1580000000000013,0.16799999999999216,1,2.0
121,ERROR_M,1,14,0.055999999999997385,4.972000000000008,0,2.0
121,ERROR_M,1,15,1.4839999999999947,3.950000000000003,0,2.0
121,ERROR_M,1,16,1.3340000000000032,8.153999999999996,0,2.0
121,ERROR_M,1,17,1.0259999999999962,5.548000000000016,0,2.0
121,ERROR_M,1,18,1.9979999999999905,3.9879999999999995,0,2.0
121,ERROR_M,1,19,2.9739999999999895,8.438000000000017,1,2.0
121,ERROR_M,1,20,1.843999999999994,0.057999999999992724,0,2.0
121,ERROR_M,1,21,0.14799999999999613,8.558000000000021,0,2.0
121,ERROR_M,1,22,2.0379999999999825,3.0180000000000007,1,2.0
121,ERROR_M,1,23,2.092000000000013,4.518000000000001,1,2.0
121,ERROR_M,1,24,0.27199999999999136,0.03200000000001069,0,2.0
121,ERROR_M,1,25,0.4199999999999875,39.93000000000001,0,2.0
121,ERROR_M,1,26,1.9819999999999993,5.133999999999986,0,2.0
121,ERROR_M,1,27,2.52800000000002,4.393999999999977,1,2.0
121,ERROR_M,1,28,1.52800000000002,4.96599999999998,0,2.0
121,ERROR_M,1,29,1.4480000000000075,6.228000000000009,0,2.0
121,ERROR_M,1,30,1.3460000000000036,3.897999999999996,0,2.0
121,ERROR_M,1,31,3.0080000000000098,7.165999999999997,1,2.0
121,ERROR_M,1,32,2.271999999999963,5.996000000000038,1,2.0
121,ERROR_M,1,33,1.9939999999999714,8.240000000000009,0,2.0
121,ERROR_M,1,34,1.6020000000000323,0.16199999999997772,0,2.0
121,ERROR_M,1,35,0.06599999999997408,5.182000000000016,0,2.0
121,ERROR_M,1,36,2.829999999999984,4.244000000000028,1,2.0
121,ERROR_M,1,37,2.052000000000021,6.655999999999949,1,2.0
121,ERROR_M,1,38,0.7600000000000477,0.02400000000000091,0,2.0
121,ERROR_M,1,39,0.17799999999999727,7.315999999999974,0,2.0
121,ERROR_M,1,40,2.1720000000000255,3.391999999999996,1,2.0
121,ERROR_M,1,41,0.4819999999999709,0.040000000000020464,0,2.0
121,ERROR_M,1,42,0.17000000000001592,43.153999999999996,0,2.0
121,ERROR_M,1,43,2.5399999999999636,3.184000000000026,1,2.0
121,ERROR_M,1,44,2.103999999999985,8.603999999999985,1,2.0
121,ERROR_M,1,45,0.05400000000003047,9.173999999999978,0,2.0
121,ERROR_M,1,46,2.066000000000031,7.043999999999983,1,2.0
121,ERROR_M,1,47,2.255999999999972,3.6340000000000146,1,2.0
121,ERROR_M,1,48,2.3940000000000055,5.03000000000003,1,2.0
121,ERROR_M,1,49,2.315999999999974,5.353999999999985,1,2.0
121,ERROR_M,1,50,2.5740000000000123,3.9499999999999886,1,2.0
121,ERROR_M,1,51,2.4020000000000437,6.061999999999955,1,2.0
121,ERROR_M,1,52,2.2940000000000396,6.692000000000007,1,2.0
121,ERROR_M,1,53,2.269999999999982,7.257999999999981,1,2.0
121,ERROR_M,1,54,1.8360000000000127,5.478000000000009,0,2.0
121,ERROR_M,1,55,1.8759999999999764,7.338000000000022,0,2.0
121,ERROR_M,1,56,2.45799999999997,7.614000000000033,1,2.0
121,ERROR_M,1,57,0.057999999999992724,0.04800000000000182,0,2.0
121,ERROR_M,1,58,0.09600000000000364,7.8940000000000055,0,2.0
121,ERROR_M,1,59,2.2299999999999613,6.230000000000018,1,2.0
121,ERROR_M,1,60,2.4739999999999895,8.362000000000023,1,2.0
121,ERROR_M,1,61,2.231999999999971,8.867999999999995,1,2.0
121,ERROR_M,1,62,1.580000000000041,8.508000000000038,0,2.0
121,ERROR_M,1,63,2.67999999999995,3.54200000000003,1,2.0
121,ERROR_M,1,64,1.77800000000002,2.895999999999958,0,2.0
121,ERROR_M,1,65,1.475999999999999,3.1019999999999754,0,2.0
121,ERROR_M,1,66,2.344000000000051,4.317999999999984,1,2.0
121,ERROR_M,1,67,2.5559999999999263,4.508000000000038,1,2.0
121,ERROR_M,1,68,2.451999999999998,8.351999999999975,1,2.0
121,ERROR_M,1,69,1.6200000000000045,8.456000000000017,0,2.0
121,ERROR_M,1,70,2.4680000000000746,9.115999999999985,1,2.0
121,ERROR_M,1,71,1.8079999999999927,7.169999999999959,0,2.0
121,ERROR_M,1,72,1.6680000000000064,4.066000000000031,0,2.0
121,ERROR_M,1,73,2.0839999999999463,15.420000000000073,1,2.0
121,ERROR_M,1,74,1.1059999999999945,8.096000000000004,0,2.0
121,ERROR_M,1,75,2.0939999999999372,3.2520000000000664,1,2.0
121,ERROR_M,1,76,2.22199999999998,3.02800000000002,1,2.0
121,ERROR_M,1,77,3.171999999999912,3.51400000000001,1,2.0
121,ERROR_M,1,78,2.9700000000000273,4.224000000000046,1,2.0
121,ERROR_M,1,79,2.3339999999999463,4.990000000000009,1,2.0
121,ERROR_M,1,80,2.1399999999999864,5.364000000000033,1,2.0
121,ERROR_M,1,81,2.631999999999948,5.624000000000024,1,2.0
121,ERROR_M,1,82,1.8840000000000146,0.13400000000001455,0,2.0
121,ERROR_M,1,83,0.11799999999993815,5.8799999999999955,0,2.0
121,ERROR_M,1,84,1.9720000000000937,6.447999999999979,0,2.0
121,ERROR_M,1,85,2.475999999999999,4.641999999999939,1,2.0
121,ERROR_M,1,86,2.2520000000000664,7.730000000000018,1,2.0
121,ERROR_M,1,87,1.6079999999999472,7.864000000000033,0,2.0
121,ERROR_M,1,88,1.4099999999999682,5.1860000000000355,0,2.0
121,ERROR_M,1,89,2.1639999999999873,8.611999999999966,1,2.0
121,ERROR_M,1,90,2.3899999999999864,7.6580000000000155,1,2.0
121,ERROR_M,1,91,2.0639999999999645,0.16200000000003456,1,2.0
121,ERROR_M,1,92,0.11400000000003274,6.316000000000031,0,2.0
121,ERROR_M,1,93,1.5379999999998972,3.4220000000000255,0,2.0
121,ERROR_M,1,94,2.244000000000028,3.3319999999999936,1,2.0
121,ERROR_M,1,95,2.022000000000048,3.977999999999952,1,2.0
121,ERROR_M,1,96,2.967999999999961,5.23599999999999,1,2.0
121,ERROR_M,1,97,1.768000000000029,4.687999999999988,0,2.0
121,ERROR_M,1,98,2.259999999999991,5.596000000000004,1,2.0
121,ERROR_M,1,99,2.07000000000005,6.062000000000012,1,2.0
121,ERROR_M,1,100,1.7799999999999727,7.114000000000033,0,2.0
121,ERROR_M,1,101,1.9979999999999336,7.26400000000001,0,2.0
121,ERROR_M,1,102,1.83400000000006,8.346000000000004,0,2.0
121,ERROR_M,1,103,2.213999999999942,6.6580000000000155,1,2.0
121,ERROR_M,1,104,2.576000000000022,4.48599999999999,1,2.0
121,ERROR_M,1,105,2.094000000000051,3.774000000000001,1,2.0
121,ERROR_M,1,106,2.1099999999999,8.057999999999993,1,2.0
121,ERROR_M,1,107,3.451999999999998,8.994000000000028,1,2.0
121,ERROR_M,1,108,2.2140000000000555,0.14599999999995816,1,2.0
121,ERROR_M,1,109,0.13400000000001455,4.138000000000034,0,2.0
121,ERROR_M,1,110,4.517999999999915,0.16400000000010095,1,2.0
121,ERROR_M,1,111,0.05999999999994543,3.9180000000000064,0,2.0
121,ERROR_M,1,112,2.7759999999999536,96.16399999999999,1,2.0
121,ERROR_M,1,113,3.104000000000042,4.8559999999999945,1,2.0
121,ERROR_M,1,114,0.6760000000000446,0.033999999999991815,0,2.0
121,ERROR_M,1,115,0.18799999999998818,5.607999999999947,0,2.0
121,ERROR_M,1,116,2.1760000000000446,7.673999999999978,1,2.0
121,ERROR_M,1,117,2.288000000000011,3.9160000000000537,1,2.0
121,ERROR_M,1,118,2.4559999999999036,3.564000000000078,1,2.0
121,ERROR_M,1,119,2.268000000000029,3.977999999999952,1,2.0
121,ERROR_M,1,120,2.4600000000000364,6.192000000000007,1,2.0
121,ERROR_M,1,121,2.3840000000000146,6.566000000000031,1,2.0
121,ERROR_M,1,122,1.97199999999998,6.905999999999949,0,2.0
121,ERROR_M,1,123,2.185999999999922,7.3400000000001455,1,2.0
121,ERROR_M,1,124,2.0839999999998327,8.144000000000005,1,2.0
121,ERROR_M,1,125,1.8079999999999927,8.216000000000122,0,2.0
121,ERROR_M,1,126,2.490000000000009,8.597999999999956,1,2.0
121,ERROR_M,1,127,2.1900000000000546,8.97199999999998,1,2.0
121,ERROR_M,1,128,1.9199999999998454,5.188000000000102,0,2.0
121,ERROR_M,1,129,2.046000000000049,5.625999999999976,1,2.0
121,ERROR_M,1,130,2.119999999999891,3.6440000000000055,1,2.0
121,ERROR_M,1,131,2.3880000000001473,4.341999999999871,1,2.0
121,ERROR_M,1,132,2.3320000000001073,4.745999999999867,1,2.0
121,ERROR_M,1,133,3.0860000000000127,6.522000000000162,1,2.0
121,ERROR_M,1,134,1.977999999999838,8.206000000000131,0,2.0
121,ERROR_M,1,135,2.7799999999999727,7.180000000000064,1,2.0
121,ERROR_M,1,136,1.7819999999999254,18.61999999999989,0,2.0
121,ERROR_M,1,137,2.004000000000133,8.478000000000065,1,2.0
121,ERROR_M,1,138,2.435999999999922,3.882000000000062,1,2.0
121,ERROR_M,1,139,2.689999999999827,8.820000000000164,1,2.0
121,ERROR_M,1,140,2.0119999999999436,4.94399999999996,1,2.0
121,ERROR_M,1,141,2.75,5.259999999999991,1,2.0
121,ERROR_M,1,142,1.9680000000000746,2.9939999999999145,0,2.0
121,ERROR_M,1,143,2.4320000000000164,6.173999999999978,1,2.0
121,ERROR_M,1,144,2.6159999999999854,6.012000000000171,1,2.0
121,ERROR_M,1,145,2.061999999999898,6.369999999999891,1,2.0
121,ERROR_M,1,146,2.3079999999999927,7.150000000000091,1,2.0
121,ERROR_M,1,147,2.80600000000004,8.049999999999955,1,2.0
121,ERROR_M,1,148,1.8959999999999582,17.3420000000001,0,2.0
121,ERROR_M,1,149,2.0419999999999163,8.605999999999995,1,2.0
121,ERROR_M,1,150,2.173999999999978,108.0920000000001,1,2.0
121,ERROR_M,1,151,2.2439999999999145,8.230000000000018,1,2.0
121,ERROR_M,1,152,2.282000000000153,15.463999999999942,1,2.0
121,ERROR_M,1,153,2.3799999999998818,8.981999999999971,1,2.0
121,ERROR_M,1,154,2.75200000000018,4.88799999999992,1,2.0
121,ERROR_M,1,155,2.1359999999999673,6.008000000000038,1,2.0
121,ERROR_M,1,156,2.3920000000000528,7.583999999999833,1,2.0
121,ERROR_M,1,157,2.0240000000001146,8.336000000000013,1,2.0
121,ERROR_M,1,158,2.88799999999992,6.5900000000001455,1,2.0
121,ERROR_M,1,159,2.709999999999809,2.9580000000000837,1,2.0
121,ERROR_M,1,160,2.6100000000001273,3.4939999999999145,1,2.0
121,ERROR_M,1,161,2.288000000000011,6.324000000000069,1,2.0
121,ERROR_M,1,162,2.3360000000000127,6.2159999999998945,1,2.0
121,ERROR_M,1,163,2.1340000000000146,7.036000000000058,1,2.0
121,ERROR_M,1,164,2.509999999999991,7.371999999999844,1,2.0
121,ERROR_M,1,165,2.7260000000001128,5.508000000000038,1,2.0
121,ERROR_M,1,166,2.5019999999999527,4.142000000000053,1,2.0
121,ERROR_M,1,167,2.38799999999992,5.319999999999936,1,2.0
121,ERROR_M,1,168,2.3420000000000982,4.518000000000029,1,2.0
121,ERROR_M,1,169,1.405999999999949,6.961999999999989,0,2.0
121,ERROR_M,1,170,2.0860000000000127,8.013999999999896,1,2.0
121,ERROR_M,1,171,2.25,6.576000000000022,1,2.0
121,ERROR_M,1,172,2.5920000000000982,7.311999999999898,1,2.0
121,ERROR_M,1,173,1.928000000000111,8.980000000000018,0,2.0
121,ERROR_M,1,174,2.240000000000009,5.048000000000002,1,2.0
121,ERROR_M,1,175,2.9759999999998854,5.994000000000142,1,2.0
121,ERROR_M,1,176,2.80399999999986,2.933999999999969,1,2.0
121,ERROR_M,1,177,2.1840000000001965,5.7439999999999145,1,2.0
121,ERROR_M,1,178,2.283999999999878,5.406000000000176,1,2.0
121,ERROR_M,1,179,2.591999999999871,6.268000000000029,1,2.0
121,ERROR_M,1,180,2.7999999999999545,8.231999999999971,1,2.0
121,ERROR_M,1,181,2.844000000000051,3.58400000000006,1,2.0
121,ERROR_M,1,182,2.061999999999898,4.694000000000187,1,2.0
121,ERROR_M,1,183,2.4179999999998927,4.145999999999958,1,2.0
121,ERROR_M,1,184,2.4980000000000473,5.13799999999992,1,2.0
121,ERROR_M,1,185,2.9420000000000073,0.17200000000002547,1,2.0
121,ERROR_M,1,186,0.04800000000000182,7.458000000000084,0,2.0
121,ERROR_M,1,187,2.961999999999989,8.491999999999962,1,2.0
121,ERROR_M,1,188,2.61200000000008,8.529999999999973,1,2.0
121,ERROR_M,1,189,2.2619999999999436,6.096000000000004,1,2.0
121,ERROR_M,1,190,1.9139999999999873,8.978000000000065,0,2.0
121,ERROR_M,1,191,2.1579999999999018,4.986000000000104,1,2.0
121,ERROR_M,1,192,3.08199999999988,5.298000000000002,1,2.0
121,ERROR_M,1,193,2.11200000000008,3.571999999999889,1,2.0
121,ERROR_M,1,194,2.3200000000001637,6.281999999999925,1,2.0
121,ERROR_M,1,195,0.029999999999972715,0.05400000000008731,0,2.0
121,ERROR_M,1,196,0.038000000000010914,7.508000000000038,0,2.0
121,ERROR_M,1,197,2.240000000000009,0.13999999999987267,1,2.0
121,ERROR_M,1,198,0.07999999999992724,7.8400000000001455,0,2.0
121,ERROR_M,1,199,2.508000000000038,4.91599999999994,1,2.0
121,ERROR_M,1,200,2.2660000000000764,4.185999999999922,1,2.0
121,ERROR_M,1,201,1.44399999999996,5.940000000000055,0,2.0
121,ERROR_M,1,202,2.3999999999998636,0.13600000000019463,1,2.0
121,ERROR_M,1,203,0.08399999999983265,4.52800000000002,0,2.0
121,ERROR_M,1,204,2.3659999999999854,6.582000000000107,1,2.0
121,ERROR_M,1,205,0.03199999999992542,0.04800000000000182,0,2.0
121,ERROR_M,1,206,0.07999999999992724,7.259999999999991,0,2.0
121,ERROR_M,1,207,2.356000000000222,7.571999999999889,1,2.0
121,ERROR_M,1,208,2.11200000000008,0.14400000000000546,1,2.0
121,ERROR_M,1,209,0.07399999999984175,3.716000000000122,0,2.0
121,ERROR_M,1,210,2.711999999999989,4.279999999999973,1,2.0
121,ERROR_M,1,211,2.258000000000038,8.430000000000064,1,2.0
121,ERROR_M,1,212,2.0739999999998417,8.663999999999987,1,2.0
121,ERROR_M,1,213,2.632000000000062,9.071999999999889,1,2.0
121,ERROR_M,1,214,2.4020000000000437,5.628000000000156,1,2.0
121,ERROR_M,1,215,2.459999999999809,5.370000000000118,1,2.0
121,ERROR_M,1,216,0.7799999999999727,5.067999999999984,0,2.0
121,ERROR_M,1,217,2.2360000000001037,0.14799999999991087,1,2.0
121,ERROR_M,1,218,0.07400000000006912,5.7999999999999545,0,2.0
121,ERROR_M,1,219,0.2819999999999254,0.02800000000002001,0,2.0
121,ERROR_M,1,220,0.18200000000001637,144.06000000000017,0,2.0
121,ERROR_M,1,221,0.09199999999964348,9.865999999999985,0,2.0
121,ERROR_M,1,222,0.7580000000002656,0.032000000000152795,0,2.0
121,ERROR_M,1,223,0.19200000000000728,3.80199999999968,0,2.0
121,ERROR_M,1,224,2.231999999999971,0.14000000000032742,1,2.0
121,ERROR_M,1,225,0.057999999999992724,6.937999999999647,0,2.0
121,ERROR_M,1,226,2.3720000000002983,3.4420000000000073,1,2.0
121,ERROR_M,1,227,2.587999999999738,3.1820000000002437,1,2.0
121,ERROR_M,1,228,1.8079999999999927,6.152000000000044,0,2.0
121,ERROR_M,1,229,2.326000000000022,7.25,1,2.0
121,ERROR_M,1,230,2.213999999999942,4.380000000000109,1,2.0
121,ERROR_M,1,231,2.3079999999999927,4.925999999999931,1,2.0
121,ERROR_M,1,232,1.9659999999998945,7.7159999999998945,0,2.0
121,ERROR_M,1,233,2.3299999999999272,8.001999999999953,1,2.0
121,ERROR_M,1,234,3.3279999999999745,7.938000000000102,1,2.0
121,ERROR_M,1,235,2.6820000000002437,0.12799999999970169,1,2.0
121,ERROR_M,1,236,0.07000000000016371,7.927999999999884,0,2.0
121,ERROR_M,1,237,2.75,0.16800000000012005,1,2.0
121,ERROR_M,1,238,0.0500000000001819,8.687999999999647,0,2.0
121,ERROR_M,1,239,2.256000000000313,6.993999999999687,1,2.0
121,ERROR_M,1,240,2.3420000000000982,4.963999999999942,1,2.0
121,ERROR_M,1,241,2.711999999999989,4.519999999999982,1,2.0
121,ERROR_M,1,242,2.274000000000342,5.031999999999698,1,2.0
121,ERROR_M,1,243,2.44800000000032,5.4979999999995925,1,2.0
121,ERROR_M,1,244,2.2480000000000473,4.286000000000058,1,2.0
121,ERROR_M,1,245,2.8840000000000146,3.9400000000000546,1,2.0
121,ERROR_M,1,246,2.4600000000000364,5.885999999999967,1,2.0
121,ERROR_M,1,247,3.1140000000000327,6.242000000000189,1,2.0
121,ERROR_M,1,248,2.288000000000011,7.451999999999771,1,2.0
121,ERROR_M,1,249,2.382000000000062,7.683999999999742,1,2.0
121,ERROR_M,1,250,2.6900000000000546,8.226000000000113,1,2.0
121,ERROR_M,1,251,2.0779999999999745,4.1840000000001965,1,2.0
121,ERROR_M,1,252,0.8579999999997199,5.9520000000002256,0,2.0
121,ERROR_M,1,253,2.4719999999997526,6.618000000000393,1,2.0
121,ERROR_M,1,254,2.77599999999984,8.64599999999973,1,2.0
121,ERROR_M,1,255,2.6100000000001273,7.961999999999989,1,2.0
121,ERROR_M,1,256,2.7519999999999527,5.55600000000004,1,2.0
121,ERROR_M,1,257,1.9480000000003201,4.303999999999633,0,2.0
121,ERROR_M,1,258,2.4400000000000546,6.33199999999988,1,2.0
121,ERROR_M,1,259,2.798000000000229,7.128000000000156,1,2.0
121,ERROR_M,1,260,1.1900000000000546,3.0659999999998035,0,2.0
121,ERROR_M,1,261,1.88799999999992,3.505999999999858,0,2.0
121,ERROR_M,1,262,2.2040000000001783,6.152000000000044,1,2.0
121,ERROR_M,1,263,3.338000000000193,5.85799999999972,1,2.0
121,ERROR_M,1,264,2.211999999999989,7.036000000000058,1,2.0
121,ERROR_M,1,265,2.175999999999931,4.773999999999887,1,2.0
121,ERROR_M,1,266,2.244000000000142,6.717999999999847,1,2.0
121,ERROR_M,1,267,2.7720000000003893,7.589999999999691,1,2.0
121,ERROR_M,1,268,2.2919999999999163,5.036000000000058,1,2.0
121,ERROR_M,1,269,2.0920000000000982,7.324000000000069,1,2.0
121,ERROR_M,1,270,3.11200000000008,5.60799999999972,1,2.0
121,ERROR_M,1,271,2.2200000000002547,5.9699999999998,1,2.0
121,ERROR_M,1,272,3.16800000000012,8.670000000000073,1,2.0
121,ERROR_M,1,273,2.125999999999749,8.46600000000035,1,2.0
121,ERROR_M,1,274,2.3460000000000036,9.14599999999973,1,2.0
121,ERROR_M,1,275,2.5280000000002474,7.903999999999996,1,2.0
121,ERROR_M,1,276,1.9459999999999127,6.181999999999789,0,2.0
121,ERROR_M,1,277,2.292000000000371,5.333999999999833,1,2.0
121,ERROR_M,1,278,2.480000000000018,7.431999999999789,1,2.0
121,ERROR_M,1,279,2.632000000000062,7.576000000000022,1,2.0
121,ERROR_M,1,280,2.512000000000171,8.00799999999981,1,2.0
121,ERROR_M,1,281,2.5700000000001637,,1,2.0
121,ERROR_M,2,1,1.7879999999999967,0.05000000000000426,0,2.0
121,ERROR_M,2,2,0.16199999999999903,8.543999999999997,0,2.0
121,ERROR_M,2,3,2.480000000000004,6.881999999999998,1,2.0
121,ERROR_M,2,4,2.0279999999999987,3.4939999999999998,1,2.0
121,ERROR_M,2,5,1.4780000000000015,6.07,0,2.0
121,ERROR_M,2,6,0.6640000000000015,0.018000000000000682,0,2.0
121,ERROR_M,2,7,0.20000000000000284,6.941999999999993,0,2.0
121,ERROR_M,2,8,3.5220000000000056,5.427999999999997,1,2.0
121,ERROR_M,2,9,2.1899999999999977,0.0799999999999983,1,2.0
121,ERROR_M,2,10,0.07399999999999807,6.38600000000001,0,2.0
121,ERROR_M,2,11,1.5679999999999978,4.8160000000000025,0,2.0
121,ERROR_M,2,12,1.9080000000000013,0.1519999999999868,0,2.0
121,ERROR_M,2,13,0.0660000000000025,2.930000000000007,0,2.0
121,ERROR_M,2,14,2.102000000000004,0.06199999999999761,1,2.0
121,ERROR_M,2,15,0.11599999999999966,4.045999999999992,0,2.0
121,ERROR_M,2,16,1.5960000000000036,4.474000000000004,0,2.0
121,ERROR_M,2,17,1.3719999999999999,0.0759999999999934,0,2.0
121,ERROR_M,2,18,0.14000000000000057,2.588000000000008,0,2.0
121,ERROR_M,2,19,1.4159999999999968,0.13599999999999568,0,2.0
121,ERROR_M,2,20,0.09199999999999875,4.992000000000004,0,2.0
121,ERROR_M,2,21,1.7519999999999953,7.495999999999995,0,2.0
121,ERROR_M,2,22,2.3160000000000025,5.956000000000017,1,2.0
121,ERROR_M,2,23,3.133999999999986,3.8220000000000027,1,2.0
121,ERROR_M,2,24,1.975999999999999,0.038000000000010914,0,2.0
121,ERROR_M,2,25,0.16599999999999682,7.609999999999985,0,2.0
121,ERROR_M,2,26,2.0660000000000025,8.304000000000002,1,2.0
121,ERROR_M,2,27,1.9020000000000152,8.536000000000001,0,2.0
121,ERROR_M,2,28,1.9499999999999886,6.8700000000000045,0,2.0
121,ERROR_M,2,29,2.0360000000000014,3.3100000000000023,1,2.0
121,ERROR_M,2,30,2.0619999999999834,4.036000000000001,1,2.0
121,ERROR_M,2,31,1.8060000000000116,4.829999999999984,0,2.0
121,ERROR_M,2,32,2.0600000000000023,6.308000000000021,1,2.0
121,ERROR_M,2,33,2.407999999999987,8.689999999999998,1,2.0
121,ERROR_M,2,34,2.598000000000013,7.557999999999993,1,2.0
121,ERROR_M,2,35,2.352000000000004,9.055999999999983,1,2.0
121,ERROR_M,2,36,2.0,8.064000000000021,0,2.0
121,ERROR_M,2,37,2.0,0.12599999999997635,0,2.0
121,ERROR_M,2,38,0.09199999999998454,4.3700000000000045,0,2.0
121,ERROR_M,2,39,1.7360000000000468,7.753999999999962,0,2.0
121,ERROR_M,2,40,2.802000000000021,8.187999999999988,1,2.0
121,ERROR_M,2,41,2.7099999999999795,3.414000000000044,1,2.0
121,ERROR_M,2,42,2.0039999999999623,4.6059999999999945,1,2.0
121,ERROR_M,2,43,2.288000000000011,6.009999999999991,1,2.0
121,ERROR_M,2,44,2.282000000000039,3.632000000000005,1,2.0
121,ERROR_M,2,45,2.8239999999999554,6.550000000000011,1,2.0
121,ERROR_M,2,46,2.4639999999999986,5.336000000000013,1,2.0
121,ERROR_M,2,47,2.0299999999999727,5.490000000000009,1,2.0
121,ERROR_M,2,48,2.466000000000008,8.324000000000012,1,2.0
121,ERROR_M,2,49,1.617999999999995,6.29200000000003,0,2.0
121,ERROR_M,2,50,2.9839999999999804,3.6119999999999663,1,2.0
121,ERROR_M,2,51,1.79200000000003,6.850000000000023,0,2.0
121,ERROR_M,2,52,2.1499999999999773,6.033999999999992,1,2.0
121,ERROR_M,2,53,2.079999999999984,8.050000000000011,1,2.0
121,ERROR_M,2,54,2.538000000000011,3.9920000000000186,1,2.0
121,ERROR_M,2,55,2.5579999999999927,8.401999999999987,1,2.0
121,ERROR_M,2,56,2.805999999999983,8.890000000000043,1,2.0
121,ERROR_M,2,57,0.17199999999996862,0.01999999999998181,0,2.0
121,ERROR_M,2,58,0.19600000000002638,4.3659999999999854,0,2.0
121,ERROR_M,2,59,2.0020000000000095,0.07999999999998408,1,2.0
121,ERROR_M,2,60,0.15399999999999636,5.2900000000000205,0,2.0
121,ERROR_M,2,61,1.490000000000009,3.165999999999997,0,2.0
121,ERROR_M,2,62,2.353999999999985,0.146000000000015,1,2.0
121,ERROR_M,2,63,0.08199999999999363,3.160000000000025,0,2.0
121,ERROR_M,2,64,2.461999999999989,0.1339999999999577,1,2.0
121,ERROR_M,2,65,0.09200000000004138,4.759999999999991,0,2.0
121,ERROR_M,2,66,1.9019999999999868,5.170000000000016,0,2.0
121,ERROR_M,2,67,2.646000000000015,4.44399999999996,1,2.0
121,ERROR_M,2,68,0.4480000000000359,0.01599999999996271,0,2.0
121,ERROR_M,2,69,0.20000000000004547,6.45799999999997,0,2.0
121,ERROR_M,2,70,1.8100000000000023,0.1560000000000059,0,2.0
121,ERROR_M,2,71,0.04599999999999227,6.896000000000015,0,2.0
121,ERROR_M,2,72,2.420000000000016,7.6159999999999854,1,2.0
121,ERROR_M,2,73,2.575999999999965,5.944000000000017,1,2.0
121,ERROR_M,2,74,2.7760000000000105,7.1159999999999854,1,2.0
121,ERROR_M,2,75,1.6100000000000136,7.496000000000038,0,2.0
121,ERROR_M,2,76,1.8460000000000036,7.945999999999913,0,2.0
121,ERROR_M,2,77,2.02800000000002,3.05600000000004,1,2.0
121,ERROR_M,2,78,3.2999999999999545,4.108000000000061,1,2.0
121,ERROR_M,2,79,2.3559999999999945,3.3700000000000045,1,2.0
121,ERROR_M,2,80,2.216000000000008,4.427999999999997,1,2.0
121,ERROR_M,2,81,2.0579999999999927,8.389999999999986,1,2.0
121,ERROR_M,2,82,2.15199999999993,6.7140000000000555,1,2.0
121,ERROR_M,2,83,1.5860000000000127,0.15599999999994907,0,2.0
121,ERROR_M,2,84,0.08000000000004093,6.689999999999941,0,2.0
121,ERROR_M,2,85,2.396000000000072,8.634000000000015,1,2.0
121,ERROR_M,2,86,2.2939999999999827,6.391999999999939,1,2.0
121,ERROR_M,2,87,2.1980000000000928,5.745999999999981,1,2.0
121,ERROR_M,2,88,2.141999999999939,9.146000000000072,1,2.0
121,ERROR_M,2,89,1.8940000000000055,5.247999999999934,0,2.0
121,ERROR_M,2,90,2.4020000000000437,5.0779999999999745,1,2.0
121,ERROR_M,2,91,3.7799999999999727,7.618000000000052,1,2.0
121,ERROR_M,2,92,2.3079999999999927,0.16800000000000637,1,2.0
121,ERROR_M,2,93,0.05999999999994543,4.3659999999999854,0,2.0
121,ERROR_M,2,94,1.8600000000000136,8.509999999999991,0,2.0
121,ERROR_M,2,95,2.0860000000000127,4.316000000000031,1,2.0
121,ERROR_M,2,96,1.8759999999999764,5.516000000000076,0,2.0
121,ERROR_M,2,97,2.475999999999999,9.009999999999991,1,2.0
121,ERROR_M,2,98,2.495999999999981,8.029999999999973,1,2.0
121,ERROR_M,2,99,2.7140000000000555,3.669999999999959,1,2.0
121,ERROR_M,2,100,2.131999999999948,4.954000000000065,1,2.0
121,ERROR_M,2,101,1.6539999999999964,3.617999999999938,0,2.0
121,ERROR_M,2,102,2.55600000000004,6.916000000000054,1,2.0
121,ERROR_M,2,103,2.325999999999908,0.13400000000001455,1,2.0
121,ERROR_M,2,104,0.09199999999998454,6.389999999999986,0,2.0
121,ERROR_M,2,105,2.298000000000002,4.606000000000108,1,2.0
121,ERROR_M,2,106,2.7299999999999045,3.9460000000000264,1,2.0
121,ERROR_M,2,107,2.84800000000007,7.527999999999906,1,2.0
121,ERROR_M,2,108,2.032000000000039,3.1499999999999773,1,2.0
121,ERROR_M,2,109,2.183999999999969,8.286000000000058,1,2.0
121,ERROR_M,2,110,1.8759999999999764,7.274000000000001,0,2.0
121,ERROR_M,2,111,1.504000000000019,5.231999999999971,0,2.0
121,ERROR_M,2,112,2.1159999999999854,5.948000000000093,1,2.0
121,ERROR_M,2,113,2.061999999999898,6.374000000000024,1,2.0
121,ERROR_M,2,114,2.22199999999998,6.328000000000088,1,2.0
121,ERROR_M,2,115,2.147999999999911,4.212000000000103,1,2.0
121,ERROR_M,2,116,2.3859999999999673,5.635999999999967,1,2.0
121,ERROR_M,2,117,1.8239999999999554,6.146000000000072,0,2.0
121,ERROR_M,2,118,2.6100000000000136,3.0259999999999536,1,2.0
121,ERROR_M,2,119,2.2240000000000464,5.107999999999947,1,2.0
121,ERROR_M,2,120,2.1779999999999973,5.3559999999999945,1,2.0
121,ERROR_M,2,121,1.872000000000071,6.579999999999927,0,2.0
121,ERROR_M,2,122,2.1200000000000045,7.416000000000054,1,2.0
121,ERROR_M,2,123,1.7959999999999354,7.668000000000006,0,2.0
121,ERROR_M,2,124,2.2480000000000473,19.403999999999996,1,2.0
121,ERROR_M,2,125,1.919999999999959,7.836000000000013,0,2.0
121,ERROR_M,2,126,1.8100000000000591,8.563999999999965,0,2.0
121,ERROR_M,2,127,2.1520000000000437,4.277999999999906,1,2.0
121,ERROR_M,2,128,1.7800000000000864,8.39799999999991,0,2.0
121,ERROR_M,2,129,2.2760000000000673,9.011999999999944,1,2.0
121,ERROR_M,2,130,0.2680000000000291,0.01999999999998181,0,2.0
121,ERROR_M,2,131,0.29200000000003,3.405999999999949,0,2.0
121,ERROR_M,2,132,2.2080000000000837,0.09600000000000364,1,2.0
121,ERROR_M,2,133,0.12399999999990996,4.338000000000079,0,2.0
121,ERROR_M,2,134,2.51400000000001,5.281999999999925,1,2.0
121,ERROR_M,2,135,2.8940000000000055,0.07600000000002183,1,2.0
121,ERROR_M,2,136,0.16800000000000637,3.669999999999959,0,2.0
121,ERROR_M,2,137,2.396000000000072,0.17799999999999727,1,2.0
121,ERROR_M,2,138,0.045999999999935426,4.816000000000031,0,2.0
121,ERROR_M,2,139,2.4980000000000473,8.155999999999949,1,2.0
121,ERROR_M,2,140,2.6299999999999955,5.967999999999961,1,2.0
121,ERROR_M,2,141,2.6100000000000136,8.187999999999988,1,2.0
121,ERROR_M,2,142,0.2580000000000382,0.02800000000002001,0,2.0
121,ERROR_M,2,143,0.2039999999999509,8.3900000000001,0,2.0
121,ERROR_M,2,144,2.3640000000000327,5.3659999999999854,1,2.0
121,ERROR_M,2,145,2.2100000000000364,6.3279999999999745,1,2.0
121,ERROR_M,2,146,2.6779999999998836,7.155999999999949,1,2.0
121,ERROR_M,2,147,2.7840000000001055,9.1099999999999,1,2.0
121,ERROR_M,2,148,2.522000000000162,3.7259999999998854,1,2.0
121,ERROR_M,2,149,3.117999999999938,0.09000000000014552,1,2.0
121,ERROR_M,2,150,0.15799999999990177,12.511999999999944,0,2.0
121,ERROR_M,2,151,2.324000000000069,0.08999999999991815,1,2.0
121,ERROR_M,2,152,0.12400000000002365,3.3120000000001255,0,2.0
121,ERROR_M,2,153,2.9880000000000564,3.1879999999998745,1,2.0
121,ERROR_M,2,154,1.7980000000000018,0.15000000000009095,0,2.0
121,ERROR_M,2,155,0.05399999999985994,4.456000000000131,0,2.0
121,ERROR_M,2,156,1.8099999999999454,0.12599999999997635,0,2.0
121,ERROR_M,2,157,0.041999999999916326,6.298000000000002,0,2.0
121,ERROR_M,2,158,2.866000000000213,0.09999999999990905,1,2.0
121,ERROR_M,2,159,0.12200000000007094,5.251999999999953,0,2.0
121,ERROR_M,2,160,1.5960000000000036,0.038000000000010914,0,2.0
121,ERROR_M,2,161,0.2059999999999036,6.824000000000069,0,2.0
121,ERROR_M,2,162,1.6479999999999109,8.29600000000005,0,2.0
121,ERROR_M,2,163,0.4339999999999691,0.009999999999990905,0,2.0
121,ERROR_M,2,164,0.20600000000013097,3.6259999999999764,0,2.0
121,ERROR_M,2,165,2.467999999999847,0.12000000000011823,1,2.0
121,ERROR_M,2,166,0.029999999999972715,5.819999999999936,0,2.0
121,ERROR_M,2,167,2.160000000000082,8.622000000000071,1,2.0
121,ERROR_M,2,168,1.977999999999838,5.592000000000098,0,2.0
121,ERROR_M,2,169,2.9020000000000437,7.029999999999973,1,2.0
121,ERROR_M,2,170,2.2739999999998872,3.47199999999998,1,2.0
121,ERROR_M,2,171,2.5160000000000764,4.8940000000000055,1,2.0
121,ERROR_M,2,172,2.397999999999911,4.400000000000091,1,2.0
121,ERROR_M,2,173,2.2080000000000837,3.7159999999998945,1,2.0
121,ERROR_M,2,174,2.3379999999999654,0.13800000000014734,1,2.0
121,ERROR_M,2,175,0.07399999999984175,5.266000000000076,0,2.0
121,ERROR_M,2,176,2.6200000000001182,0.16999999999984539,1,2.0
121,ERROR_M,2,177,0.038000000000010914,6.039999999999964,0,2.0
121,ERROR_M,2,178,1.7699999999999818,3.310000000000173,0,2.0
121,ERROR_M,2,179,1.765999999999849,11.289999999999964,0,2.0
121,ERROR_M,2,180,1.6440000000000055,0.15600000000017644,0,2.0
121,ERROR_M,2,181,0.07399999999984175,7.092000000000098,0,2.0
121,ERROR_M,2,182,2.405999999999949,8.148000000000138,1,2.0
121,ERROR_M,2,183,1.7299999999997908,7.596000000000004,0,2.0
121,ERROR_M,2,184,2.4060000000001764,8.364000000000033,1,2.0
121,ERROR_M,2,185,1.8339999999998327,4.572000000000116,0,2.0
121,ERROR_M,2,186,1.4600000000000364,9.163999999999987,0,2.0
121,ERROR_M,2,187,1.727999999999838,10.016000000000076,0,2.0
121,ERROR_M,2,188,2.9120000000000346,8.457999999999856,1,2.0
121,ERROR_M,2,189,1.9320000000000164,20.192000000000007,0,2.0
121,ERROR_M,2,190,2.296000000000049,6.990000000000009,1,2.0
121,ERROR_M,2,191,2.206000000000131,9.017999999999802,1,2.0
121,ERROR_M,2,192,1.9780000000000655,4.124000000000024,0,2.0
121,ERROR_M,2,193,2.1059999999999945,6.701999999999998,1,2.0
121,ERROR_M,2,194,1.9539999999999509,0.15200000000004366,0,2.0
121,ERROR_M,2,195,0.049999999999954525,3.3640000000000327,0,2.0
121,ERROR_M,2,196,1.6359999999999673,5.266000000000076,0,2.0
121,ERROR_M,2,197,2.1900000000000546,4.336000000000013,1,2.0
121,ERROR_M,2,198,2.2619999999999436,7.309999999999945,1,2.0
121,ERROR_M,2,199,1.91599999999994,7.550000000000182,0,2.0
121,ERROR_M,2,200,2.3360000000000127,6.8940000000000055,1,2.0
121,ERROR_M,2,201,2.5579999999999927,3.44399999999996,1,2.0
121,ERROR_M,2,202,1.9420000000000073,3.5779999999999745,0,2.0
121,ERROR_M,2,203,1.4919999999999618,4.541999999999916,0,2.0
121,ERROR_M,2,204,2.1660000000001673,0.11799999999993815,1,2.0
121,ERROR_M,2,205,0.08400000000006003,5.457999999999856,0,2.0
121,ERROR_M,2,206,2.3880000000001473,0.10199999999986176,1,2.0
121,ERROR_M,2,207,0.11799999999993815,5.9340000000001965,0,2.0
121,ERROR_M,2,208,2.38799999999992,6.791999999999916,1,2.0
121,ERROR_M,2,209,2.290000000000191,8.047999999999774,1,2.0
121,ERROR_M,2,210,2.1760000000001583,4.861999999999853,1,2.0
121,ERROR_M,2,211,2.688000000000102,8.711999999999989,1,2.0
121,ERROR_M,2,212,2.241999999999962,3.7100000000000364,1,2.0
121,ERROR_M,2,213,1.9960000000000946,6.559999999999945,0,2.0
121,ERROR_M,2,214,2.2380000000000564,5.459999999999809,1,2.0
121,ERROR_M,2,215,2.55800000000022,0.12199999999984357,1,2.0
121,ERROR_M,2,216,0.09000000000014552,6.939999999999827,0,2.0
121,ERROR_M,2,217,2.4260000000001583,9.097999999999956,1,2.0
121,ERROR_M,2,218,1.6759999999999309,8.508000000000038,0,2.0
121,ERROR_M,2,219,3.3640000000000327,3.0039999999999054,1,2.0
121,ERROR_M,2,220,2.4600000000000364,0.09600000000000364,1,2.0
121,ERROR_M,2,221,0.17599999999993088,4.324000000000069,0,2.0
121,ERROR_M,2,222,2.4020000000000437,6.210000000000036,1,2.0
121,ERROR_M,2,223,1.9299999999998363,0.15200000000004366,0,2.0
121,ERROR_M,2,224,0.05999999999994543,6.216000000000122,0,2.0
121,ERROR_M,2,225,2.145999999999958,7.460000000000036,1,2.0
121,ERROR_M,2,226,2.1099999999999,4.980000000000018,1,2.0
121,ERROR_M,2,227,2.8179999999999836,7.604000000000042,1,2.0
121,ERROR_M,2,228,2.0579999999999927,0.15800000000012915,1,2.0
121,ERROR_M,2,229,0.041999999999916326,5.051999999999907,0,2.0
121,ERROR_M,2,230,2.980000000000018,5.596000000000004,1,2.0
121,ERROR_M,2,231,1.8960000000001855,4.347999999999956,0,2.0
121,ERROR_M,2,232,1.9379999999998745,6.638000000000147,0,2.0
121,ERROR_M,2,233,2.4479999999998654,0.13599999999996726,1,2.0
121,ERROR_M,2,234,0.08600000000001273,4.451999999999998,0,2.0
121,ERROR_M,2,235,1.7980000000000018,0.15000000000009095,0,2.0
121,ERROR_M,2,236,0.04800000000000182,3.4020000000000437,0,2.0
121,ERROR_M,2,237,1.8519999999998618,0.14200000000005275,0,2.0
121,ERROR_M,2,238,0.08200000000010732,7.336000000000013,0,2.0
121,ERROR_M,2,239,2.1599999999998545,4.298000000000002,1,2.0
121,ERROR_M,2,240,2.3700000000001182,7.367999999999938,1,2.0
121,ERROR_M,2,241,1.7580000000000382,8.111999999999853,0,2.0
121,ERROR_M,2,242,2.0440000000000964,9.13000000000011,1,2.0
121,ERROR_M,2,243,2.133999999999787,5.524000000000115,1,2.0
121,ERROR_M,2,244,0.09600000000000364,0.05999999999994543,0,2.0
121,ERROR_M,2,245,0.16000000000008185,36.096000000000004,0,2.0
121,ERROR_M,2,246,2.91599999999994,0.10400000000004184,1,2.0
121,ERROR_M,2,247,0.11799999999993815,7.940000000000055,0,2.0
121,ERROR_M,2,248,2.2059999999999036,6.046000000000049,1,2.0
121,ERROR_M,2,249,2.122000000000071,7.039999999999964,1,2.0
121,ERROR_M,2,250,2.435999999999922,4.7840000000001055,1,2.0
121,ERROR_M,2,251,1.9200000000000728,3.015999999999849,0,2.0
121,ERROR_M,2,252,2.0499999999999545,5.148000000000138,1,2.0
121,ERROR_M,2,253,2.08400000000006,4.385999999999967,1,2.0
121,ERROR_M,2,254,2.599999999999909,5.4939999999999145,1,2.0
121,ERROR_M,2,255,1.8100000000001728,37.06399999999985,0,2.0
121,ERROR_M,2,256,2.8580000000001746,3.8359999999997854,1,2.0
121,ERROR_M,2,257,1.9480000000000928,9.04600000000005,0,2.0
121,ERROR_M,2,258,2.354000000000042,8.301999999999907,1,2.0
121,ERROR_M,2,259,2.372000000000071,6.16599999999994,1,2.0
121,ERROR_M,2,260,3.508000000000038,3.2660000000000764,1,2.0
121,ERROR_M,2,261,2.211999999999989,7.117999999999938,1,2.0
121,ERROR_M,2,262,2.72199999999998,5.3659999999999854,1,2.0
121,ERROR_M,2,263,2.188000000000102,0.15399999999999636,1,2.0
121,ERROR_M,2,264,0.057999999999992724,4.129999999999882,0,2.0
121,ERROR_M,2,265,2.877999999999929,2.9700000000000273,1,2.0
121,ERROR_M,2,266,2.286000000000058,4.66800000000012,1,2.0
121,ERROR_M,2,267,2.49799999999982,6.372000000000071,1,2.0
121,ERROR_M,2,268,2.3859999999999673,6.138000000000147,1,2.0
121,ERROR_M,2,269,2.5499999999999545,6.529999999999973,1,2.0
121,ERROR_M,2,270,1.8559999999999945,5.557999999999993,0,2.0
121,ERROR_M,2,271,2.6399999999998727,12.790000000000191,1,2.0
121,ERROR_M,2,272,1.91599999999994,7.935999999999922,0,2.0
121,ERROR_M,2,273,2.4880000000000564,0.10400000000004184,1,2.0
121,ERROR_M,2,274,0.09199999999987085,4.433999999999969,0,2.0
121,ERROR_M,2,275,2.632000000000062,7.600000000000136,1,2.0
121,ERROR_M,2,276,2.08199999999988,8.682000000000016,1,2.0
121,ERROR_M,2,277,2.178000000000111,8.671999999999798,1,2.0
121,ERROR_M,2,278,2.290000000000191,5.401999999999816,1,2.0
121,ERROR_M,2,279,2.574000000000069,7.039999999999964,1,2.0
121,ERROR_M,2,280,1.8140000000000782,7.283999999999878,0,2.0
121,ERROR_M,2,281,4.052000000000135,0.11999999999989086,1,2.0
121,ERROR_M,2,282,0.08199999999987995,8.826000000000022,0,2.0
121,ERROR_M,2,283,2.1780000000003383,5.75,1,2.0
121,ERROR_M,2,284,2.3899999999998727,3.6039999999998145,1,2.0
121,ERROR_M,2,285,2.644000000000233,0.11999999999989086,1,2.0
121,ERROR_M,2,286,0.07999999999992724,7.332000000000335,0,2.0
121,ERROR_M,2,287,0.3739999999997963,0.03000000000020009,0,2.0
121,ERROR_M,2,288,0.2199999999997999,67.52799999999979,0,2.0
121,ERROR_M,2,289,1.8340000000002874,0.09799999999995634,0,2.0
121,ERROR_M,2,290,0.09000000000014552,3.119999999999891,0,2.0
121,ERROR_M,2,291,1.6479999999996835,5.052000000000135,0,2.0
121,ERROR_M,2,292,2.36200000000008,6.309999999999945,1,2.0
121,ERROR_M,2,293,2.313999999999851,5.014000000000124,1,2.0
121,ERROR_M,2,294,2.561999999999898,4.084000000000287,1,2.0
121,ERROR_M,2,295,0.13599999999996726,0.10399999999981446,0,2.0
121,ERROR_M,2,296,0.06199999999989814,6.674000000000433,0,2.0
121,ERROR_M,2,297,2.4899999999997817,6.998000000000047,1,2.0
121,ERROR_M,2,298,2.5679999999997563,7.89200000000028,1,2.0
121,ERROR_M,2,299,2.4200000000000728,8.367999999999938,1,2.0
121,ERROR_M,2,300,1.8020000000001346,4.405999999999949,0,2.0
121,ERROR_M,2,301,2.0419999999999163,4.940000000000055,1,2.0
121,ERROR_M,2,302,2.0099999999997635,4.3840000000000146,1,2.0
121,ERROR_M,2,303,2.536000000000058,4.923999999999978,1,2.0
121,ERROR_M,2,304,2.2899999999999636,5.773999999999887,1,2.0
121,ERROR_M,2,305,2.5820000000003347,3.4980000000000473,1,2.0
121,ERROR_M,2,306,2.25,3.6539999999999964,1,2.0
121,ERROR_M,2,307,2.605999999999767,5.980000000000018,1,2.0
121,ERROR_M,2,308,2.007999999999811,0.12000000000034561,1,2.0
121,ERROR_M,2,309,0.07999999999992724,6.481999999999971,0,2.0
121,ERROR_M,2,310,2.1660000000001673,0.11400000000003274,1,2.0
121,ERROR_M,2,311,0.057999999999992724,6.979999999999563,0,2.0
121,ERROR_M,2,312,1.5880000000001928,6.346000000000004,0,2.0
121,ERROR_M,2,313,2.1460000000001855,8.415999999999713,1,2.0
121,ERROR_M,2,314,2.1579999999999018,7.682000000000244,1,2.0
121,ERROR_M,2,315,2.2359999999998763,8.702000000000226,1,2.0
121,ERROR_M,2,316,2.0219999999999345,8.079999999999927,1,2.0
121,ERROR_M,2,317,2.237999999999829,0.14600000000018554,1,2.0
121,ERROR_M,2,318,0.05400000000008731,8.935999999999694,0,2.0
121,ERROR_M,2,319,2.1539999999999964,0.16800000000012005,1,2.0
121,ERROR_M,2,320,0.032000000000152795,4.221999999999753,0,2.0
121,ERROR_M,2,321,2.211999999999989,4.460000000000036,1,2.0
121,ERROR_M,2,322,2.5019999999999527,7.272000000000389,1,2.0
121,ERROR_M,2,323,1.8460000000000036,5.451999999999771,0,2.0
121,ERROR_M,2,324,1.9099999999998545,0.15000000000009095,0,2.0
121,ERROR_M,2,325,0.04800000000022919,3.1720000000000255,0,2.0
121,ERROR_M,2,326,1.7059999999996762,3.0140000000001237,0,2.0
121,ERROR_M,2,327,1.981999999999971,4.22400000000016,0,2.0
121,ERROR_M,2,328,2.0599999999999454,6.043999999999869,1,2.0
121,ERROR_M,2,329,1.6840000000001965,6.337999999999738,0,2.0
121,ERROR_M,2,330,2.1580000000003565,8.327999999999975,1,2.0
121,ERROR_M,2,331,1.8679999999999382,8.981999999999971,0,2.0
121,ERROR_M,2,332,2.91800000000012,535.1679999999997,1,2.0
121,ERROR_M,2,333,1.6300000000001091,,0,2.0
121,ERROR_M,3,1,2.137999999999998,7.372,1,2.0
121,ERROR_M,3,2,1.3060000000000045,5.366,0,2.0
121,ERROR_M,3,3,2.3840000000000003,3.455999999999996,1,2.0
121,ERROR_M,3,4,1.5560000000000045,0.04399999999999693,0,2.0
121,ERROR_M,3,5,0.1739999999999995,4.152000000000001,0,2.0
121,ERROR_M,3,6,1.8260000000000005,5.825999999999993,0,2.0
121,ERROR_M,3,7,2.162000000000006,7.909999999999997,1,2.0
121,ERROR_M,3,8,1.3780000000000001,0.10800000000000409,0,2.0
121,ERROR_M,3,9,0.09999999999999432,7.884,0,2.0
121,ERROR_M,3,10,1.0720000000000027,8.358000000000004,0,2.0
121,ERROR_M,3,11,1.5420000000000016,0.09999999999999432,0,2.0
121,ERROR_M,3,12,0.09799999999999898,2.754000000000005,0,2.0
121,ERROR_M,3,13,1.9299999999999926,0.12400000000000944,0,2.0
121,ERROR_M,3,14,0.06199999999999761,4.635999999999996,0,2.0
121,ERROR_M,3,15,2.6400000000000006,5.084000000000003,1,2.0
121,ERROR_M,3,16,2.152000000000001,3.293999999999997,1,2.0
121,ERROR_M,3,17,2.378,3.926000000000002,1,2.0
121,ERROR_M,3,18,1.5239999999999867,6.0660000000000025,0,2.0
121,ERROR_M,3,19,1.3760000000000048,0.06200000000001182,0,2.0
121,ERROR_M,3,20,0.13800000000000523,6.585999999999984,0,2.0
121,ERROR_M,3,21,1.3360000000000127,7.090000000000003,0,2.0
121,ERROR_M,3,22,1.3379999999999939,10.063999999999993,0,2.0
121,ERROR_M,3,23,1.73599999999999,4.084000000000003,0,2.0
121,ERROR_M,3,24,1.8780000000000143,6.4599999999999795,0,2.0
121,ERROR_M,3,25,1.5600000000000023,8.394000000000005,0,2.0
121,ERROR_M,3,26,1.7920000000000016,5.77000000000001,0,2.0
121,ERROR_M,3,27,1.3559999999999945,3.734000000000009,0,2.0
121,ERROR_M,3,28,1.313999999999993,6.442000000000007,0,2.0
121,ERROR_M,3,29,1.3059999999999832,6.972000000000008,0,2.0
121,ERROR_M,3,30,1.7779999999999916,4.5260000000000105,0,2.0
121,ERROR_M,3,31,2.2479999999999905,5.192000000000007,1,2.0
121,ERROR_M,3,32,1.6999999999999886,4.03400000000002,0,2.0
121,ERROR_M,3,33,0.09799999999998477,0.06999999999999318,0,2.0
121,ERROR_M,3,34,0.08200000000002206,3.4919999999999902,0,2.0
121,ERROR_M,3,35,2.1699999999999875,3.5120000000000005,1,2.0
121,ERROR_M,3,36,1.6680000000000064,5.400000000000006,0,2.0
121,ERROR_M,3,37,1.5260000000000105,6.137999999999977,0,2.0
121,ERROR_M,3,38,1.4700000000000273,7.086000000000013,0,2.0
121,ERROR_M,3,39,1.1319999999999482,7.934000000000026,0,2.0
121,ERROR_M,3,40,1.552000000000021,5.015999999999963,0,2.0
121,ERROR_M,3,41,1.7379999999999995,7.77800000000002,0,2.0
121,ERROR_M,3,42,1.7160000000000082,8.836000000000013,0,2.0
121,ERROR_M,3,43,1.4559999999999604,8.080000000000041,0,2.0
121,ERROR_M,3,44,2.093999999999994,3.349999999999966,1,2.0
121,ERROR_M,3,45,1.9540000000000077,6.901999999999987,0,2.0
121,ERROR_M,3,46,1.188000000000045,7.467999999999961,0,2.0
121,ERROR_M,3,47,1.5080000000000382,7.72199999999998,0,2.0
121,ERROR_M,3,48,0.038000000000010914,5.915999999999997,0,2.0
121,ERROR_M,3,49,1.9799999999999613,4.7660000000000196,0,2.0
121,ERROR_M,3,50,1.7800000000000296,4.4179999999999495,0,2.0
121,ERROR_M,3,51,1.8260000000000218,7.072000000000003,0,2.0
121,ERROR_M,3,52,2.0,5.934000000000026,0,2.0
121,ERROR_M,3,53,1.603999999999985,8.336000000000013,0,2.0
121,ERROR_M,3,54,1.8079999999999927,8.409999999999968,0,2.0
121,ERROR_M,3,55,1.6920000000000073,2.920000000000016,0,2.0
121,ERROR_M,3,56,0.8360000000000127,8.97399999999999,0,2.0
121,ERROR_M,3,57,1.8940000000000055,4.01400000000001,0,2.0
121,ERROR_M,3,58,1.6659999999999968,4.177999999999997,0,2.0
121,ERROR_M,3,59,1.9660000000000082,0.07599999999996498,0,2.0
121,ERROR_M,3,60,0.08199999999999363,6.300000000000011,0,2.0
121,ERROR_M,3,61,1.725999999999999,6.132000000000005,0,2.0
121,ERROR_M,3,62,1.815999999999974,3.390000000000043,0,2.0
121,ERROR_M,3,63,1.6539999999999964,3.165999999999997,0,2.0
121,ERROR_M,3,64,1.2899999999999636,5.4220000000000255,0,2.0
121,ERROR_M,3,65,2.2900000000000205,5.307999999999993,1,2.0
121,ERROR_M,3,66,1.9540000000000077,2.829999999999984,0,2.0
121,ERROR_M,3,67,1.8039999999999736,5.882000000000005,0,2.0
121,ERROR_M,3,68,1.8340000000000032,6.177999999999997,0,2.0
121,ERROR_M,3,69,2.1140000000000327,6.524000000000001,1,2.0
121,ERROR_M,3,70,1.8039999999999736,6.8799999999999955,0,2.0
121,ERROR_M,3,71,0.17799999999999727,0.02600000000001046,0,2.0
121,ERROR_M,3,72,0.21399999999999864,7.001999999999953,0,2.0
121,ERROR_M,3,73,1.8520000000000891,3.447999999999979,0,2.0
121,ERROR_M,3,74,2.3099999999999454,0.09800000000007003,1,2.0
121,ERROR_M,3,75,0.11000000000001364,7.277999999999906,0,2.0
121,ERROR_M,3,76,2.296000000000049,7.966000000000008,1,2.0
121,ERROR_M,3,77,1.731999999999971,5.3700000000000045,0,2.0
121,ERROR_M,3,78,2.340000000000032,4.23599999999999,1,2.0
121,ERROR_M,3,79,2.259999999999991,8.340000000000032,1,2.0
121,ERROR_M,3,80,1.8579999999999472,9.032000000000039,0,2.0
121,ERROR_M,3,81,1.9700000000000273,8.563999999999965,0,2.0
121,ERROR_M,3,82,1.7000000000000455,4.489999999999895,0,2.0
121,ERROR_M,3,83,1.7460000000000946,3.2479999999999336,0,2.0
121,ERROR_M,3,84,1.77800000000002,4.912000000000035,0,2.0
121,ERROR_M,3,85,2.13799999999992,0.13200000000006185,1,2.0
121,ERROR_M,3,86,0.06399999999996453,3.70799999999997,0,2.0
121,ERROR_M,3,87,1.9840000000000373,3.2480000000000473,0,2.0
121,ERROR_M,3,88,1.8279999999999745,7.562000000000012,0,2.0
121,ERROR_M,3,89,2.0939999999999372,8.176000000000045,1,2.0
121,ERROR_M,3,90,2.330000000000041,8.754000000000019,1,2.0
121,ERROR_M,3,91,1.8819999999999482,8.844000000000051,0,2.0
121,ERROR_M,3,92,1.9239999999999782,11.16199999999992,0,2.0
121,ERROR_M,3,93,1.8780000000000427,4.754000000000019,0,2.0
121,ERROR_M,3,94,2.2479999999999336,3.622000000000071,1,2.0
121,ERROR_M,3,95,2.405999999999949,6.009999999999991,1,2.0
121,ERROR_M,3,96,1.9600000000000364,4.505999999999972,0,2.0
121,ERROR_M,3,97,1.9239999999999782,5.638000000000034,0,2.0
121,ERROR_M,3,98,2.240000000000009,6.371999999999957,1,2.0
121,ERROR_M,3,99,2.5960000000000036,6.494000000000028,1,2.0
121,ERROR_M,3,100,2.2100000000000364,3.9460000000000264,1,2.0
121,ERROR_M,3,101,2.113999999999919,4.312000000000012,1,2.0
121,ERROR_M,3,102,2.660000000000082,6.869999999999891,1,2.0
121,ERROR_M,3,103,2.022000000000048,3.604000000000042,1,2.0
121,ERROR_M,3,104,2.27800000000002,7.323999999999955,1,2.0
121,ERROR_M,3,105,2.788000000000011,5.44399999999996,1,2.0
121,ERROR_M,3,106,2.20799999999997,4.008000000000038,1,2.0
121,ERROR_M,3,107,2.230000000000018,0.12000000000000455,1,2.0
121,ERROR_M,3,108,0.08600000000001273,3.3099999999999454,0,2.0
121,ERROR_M,3,109,2.4120000000000346,6.2000000000000455,1,2.0
121,ERROR_M,3,110,2.1159999999999854,7.1299999999999955,1,2.0
121,ERROR_M,3,111,2.19399999999996,4.519999999999982,1,2.0
121,ERROR_M,3,112,2.0020000000000664,5.203999999999951,1,2.0
121,ERROR_M,3,113,0.09400000000005093,0.04399999999998272,0,2.0
121,ERROR_M,3,114,0.17799999999999727,3.169999999999959,0,2.0
121,ERROR_M,3,115,2.354000000000042,5.730000000000018,1,2.0
121,ERROR_M,3,116,2.447999999999979,2.9879999999999427,1,2.0
121,ERROR_M,3,117,2.6680000000000064,0.14400000000000546,1,2.0
121,ERROR_M,3,118,0.07000000000005002,4.8940000000000055,0,2.0
121,ERROR_M,3,119,2.669999999999959,7.269999999999982,1,2.0
121,ERROR_M,3,120,2.52800000000002,5.80600000000004,1,2.0
121,ERROR_M,3,121,2.175999999999931,7.538000000000011,1,2.0
121,ERROR_M,3,122,2.34800000000007,0.12199999999995725,1,2.0
121,ERROR_M,3,123,0.09600000000000364,7.765999999999963,0,2.0
121,ERROR_M,3,124,2.2100000000000364,8.283999999999992,1,2.0
121,ERROR_M,3,125,2.461999999999989,8.624000000000024,1,2.0
121,ERROR_M,3,126,1.6899999999999409,8.8900000000001,0,2.0
121,ERROR_M,3,127,2.13799999999992,4.300000000000068,1,2.0
121,ERROR_M,3,128,2.2859999999999445,6.639999999999986,1,2.0
121,ERROR_M,3,129,2.588000000000079,3.15199999999993,1,2.0
121,ERROR_M,3,130,2.074000000000069,4.587999999999965,1,2.0
121,ERROR_M,3,131,2.741999999999962,5.8279999999999745,1,2.0
121,ERROR_M,3,132,3.094000000000051,6.17999999999995,1,2.0
121,ERROR_M,3,133,2.400000000000091,0.13199999999994816,1,2.0
121,ERROR_M,3,134,0.07400000000006912,7.325999999999908,0,2.0
121,ERROR_M,3,135,2.04200000000003,8.012000000000057,1,2.0
121,ERROR_M,3,136,2.647999999999911,5.104000000000042,1,2.0
121,ERROR_M,3,137,2.302000000000021,8.298000000000002,1,2.0
121,ERROR_M,3,138,1.8079999999999927,4.837999999999965,0,2.0
121,ERROR_M,3,139,2.3799999999999955,8.562000000000012,1,2.0
121,ERROR_M,3,140,2.725999999999999,3.830000000000041,1,2.0
121,ERROR_M,3,141,2.8220000000000027,0.09799999999995634,1,2.0
121,ERROR_M,3,142,0.06399999999996453,6.252000000000066,0,2.0
121,ERROR_M,3,143,2.782000000000039,8.475999999999885,1,2.0
121,ERROR_M,3,144,2.0499999999999545,6.956000000000131,1,2.0
121,ERROR_M,3,145,1.9400000000000546,5.429999999999836,0,2.0
121,ERROR_M,3,146,2.3880000000001473,9.09199999999987,1,2.0
121,ERROR_M,3,147,0.19800000000009277,4.369999999999891,0,2.0
121,ERROR_M,3,148,1.8300000000001546,5.645999999999958,0,2.0
121,ERROR_M,3,149,1.7839999999998781,8.382000000000062,0,2.0
121,ERROR_M,3,150,1.8940000000000055,4.410000000000082,0,2.0
121,ERROR_M,3,151,2.1440000000000055,7.47199999999998,1,2.0
121,ERROR_M,3,152,2.599999999999909,5.0219999999999345,1,2.0
121,ERROR_M,3,153,2.4600000000000364,6.288000000000011,1,2.0
121,ERROR_M,3,154,2.231999999999971,7.948000000000093,1,2.0
121,ERROR_M,3,155,2.4480000000000928,0.15399999999999636,1,2.0
121,ERROR_M,3,156,0.07599999999979445,8.146000000000186,0,2.0
121,ERROR_M,3,157,1.9539999999999509,4.9220000000000255,0,2.0
121,ERROR_M,3,158,2.1140000000000327,6.569999999999936,1,2.0
121,ERROR_M,3,159,2.5960000000000036,10.990000000000009,1,2.0
121,ERROR_M,3,160,1.9139999999999873,8.895999999999958,0,2.0
121,ERROR_M,3,161,2.546000000000049,3.38799999999992,1,2.0
121,ERROR_M,3,162,2.076000000000022,4.600000000000136,1,2.0
121,ERROR_M,3,163,2.1579999999999018,5.842000000000098,1,2.0
121,ERROR_M,3,164,2.201999999999998,5.503999999999905,1,2.0
121,ERROR_M,3,165,2.16599999999994,7.289999999999964,1,2.0
121,ERROR_M,3,166,2.1539999999999964,8.594000000000051,1,2.0
121,ERROR_M,3,167,2.316000000000031,4.574000000000069,1,2.0
121,ERROR_M,3,168,2.933999999999969,3.4859999999998763,1,2.0
121,ERROR_M,3,169,2.1560000000001764,3.991999999999962,1,2.0
121,ERROR_M,3,170,3.1979999999998654,8.57400000000007,1,2.0
121,ERROR_M,3,171,1.594000000000051,6.182000000000016,0,2.0
121,ERROR_M,3,172,2.185999999999922,4.675999999999931,1,2.0
121,ERROR_M,3,173,2.1180000000001655,8.975999999999885,1,2.0
121,ERROR_M,3,174,2.3559999999999945,5.990000000000009,1,2.0
121,ERROR_M,3,175,3.183999999999969,3.2380000000000564,1,2.0
121,ERROR_M,3,176,2.7719999999999345,4.332000000000107,1,2.0
121,ERROR_M,3,177,0.03199999999992542,0.03999999999996362,0,2.0
121,ERROR_M,3,178,0.16000000000008185,29.548000000000002,0,2.0
121,ERROR_M,3,179,2.4480000000000928,4.217999999999847,1,2.0
121,ERROR_M,3,180,2.6140000000000327,6.938000000000102,1,2.0
121,ERROR_M,3,181,2.0960000000000036,5.001999999999953,1,2.0
121,ERROR_M,3,182,2.1140000000000327,5.27599999999984,1,2.0
121,ERROR_M,3,183,2.3580000000001746,7.329999999999927,1,2.0
121,ERROR_M,3,184,1.9420000000000073,9.11999999999989,0,2.0
121,ERROR_M,3,185,2.1800000000000637,5.569999999999936,1,2.0
121,ERROR_M,3,186,2.3840000000000146,3.6420000000000528,1,2.0
121,ERROR_M,3,187,3.1539999999999964,0.12799999999992906,1,2.0
121,ERROR_M,3,188,0.02800000000002001,7.800000000000182,0,2.0
121,ERROR_M,3,189,2.0979999999999563,3.6959999999999127,1,2.0
121,ERROR_M,3,190,1.9660000000001219,7.5,0,2.0
121,ERROR_M,3,191,2.0699999999999363,5.163999999999987,1,2.0
121,ERROR_M,3,192,2.7460000000000946,4.151999999999816,1,2.0
121,ERROR_M,3,193,2.1620000000000346,5.951999999999998,1,2.0
121,ERROR_M,3,194,2.234000000000151,5.167999999999893,1,2.0
121,ERROR_M,3,195,2.074000000000069,6.6440000000000055,1,2.0
121,ERROR_M,3,196,2.1699999999998454,7.00200000000018,1,2.0
121,ERROR_M,3,197,3.0979999999999563,5.279999999999973,1,2.0
121,ERROR_M,3,198,3.099999999999909,3.231999999999971,1,2.0
121,ERROR_M,3,199,2.4780000000000655,7.430000000000064,1,2.0
121,ERROR_M,3,200,2.6820000000000164,7.508000000000038,1,2.0
121,ERROR_M,3,201,2.38799999999992,8.243999999999915,1,2.0
121,ERROR_M,3,202,2.1380000000001473,3.55600000000004,1,2.0
121,ERROR_M,3,203,3.22199999999998,4.519999999999982,1,2.0
121,ERROR_M,3,204,2.3759999999999764,5.624000000000024,1,2.0
121,ERROR_M,3,205,2.339999999999918,6.647999999999911,1,2.0
121,ERROR_M,3,206,0.2400000000000091,0.02200000000016189,0,2.0
121,ERROR_M,3,207,0.2079999999998563,8.980000000000018,0,2.0
121,ERROR_M,3,208,2.423999999999978,8.522000000000162,1,2.0
121,ERROR_M,3,209,2.6419999999998254,8.912000000000035,1,2.0
121,ERROR_M,3,210,2.3460000000000036,4.1400000000001,1,2.0
121,ERROR_M,3,211,2.265999999999849,5.546000000000049,1,2.0
121,ERROR_M,3,212,2.713999999999942,6.226000000000113,1,2.0
121,ERROR_M,3,213,2.367999999999938,3.83400000000006,1,2.0
121,ERROR_M,3,214,2.4079999999999018,6.5300000000002,1,2.0
121,ERROR_M,3,215,2.3559999999999945,3.2339999999999236,1,2.0
121,ERROR_M,3,216,0.63799999999992,4.544000000000096,0,2.0
121,ERROR_M,3,217,2.4120000000000346,8.005999999999858,1,2.0
121,ERROR_M,3,218,3.7740000000001146,0.08400000000006003,1,2.0
121,ERROR_M,3,219,0.09199999999987085,4.559999999999945,0,2.0
121,ERROR_M,3,220,2.8460000000000036,7.906000000000176,1,2.0
121,ERROR_M,3,221,2.3799999999998818,8.304000000000087,1,2.0
121,ERROR_M,3,222,2.27800000000002,8.596000000000004,1,2.0
121,ERROR_M,3,223,2.439999999999827,3.650000000000091,1,2.0
121,ERROR_M,3,224,2.509999999999991,4.023999999999887,1,2.0
121,ERROR_M,3,225,1.8660000000002128,0.12599999999997635,0,2.0
121,ERROR_M,3,226,0.08799999999996544,11.872000000000071,0,2.0
121,ERROR_M,3,227,2.1699999999998454,5.294000000000096,1,2.0
121,ERROR_M,3,228,2.1499999999998636,7.150000000000091,1,2.0
121,ERROR_M,3,229,0.03199999999992542,6.1059999999999945,0,2.0
121,ERROR_M,3,230,2.5980000000001837,6.913999999999987,1,2.0
121,ERROR_M,3,231,2.5,4.846000000000004,1,2.0
121,ERROR_M,3,232,2.3279999999999745,4.001999999999953,1,2.0
121,ERROR_M,3,233,2.481999999999971,8.548000000000002,1,2.0
121,ERROR_M,3,234,2.480000000000018,9.127999999999929,1,2.0
121,ERROR_M,3,235,2.6520000000000437,5.8840000000000146,1,2.0
121,ERROR_M,3,236,2.9420000000000073,3.574000000000069,1,2.0
121,ERROR_M,3,237,2.0679999999999836,4.3940000000000055,1,2.0
121,ERROR_M,3,238,2.4839999999999236,3.0540000000000873,1,2.0
121,ERROR_M,3,239,2.849999999999909,4.460000000000036,1,2.0
121,ERROR_M,3,240,2.655999999999949,6.195999999999913,1,2.0
121,ERROR_M,3,241,2.4580000000000837,0.15200000000004366,1,2.0
121,ERROR_M,3,242,0.04800000000000182,4.071999999999889,0,2.0
121,ERROR_M,3,243,2.1480000000001382,0.06799999999998363,1,2.0
121,ERROR_M,3,244,0.12599999999997635,6.488000000000056,0,2.0
121,ERROR_M,3,245,2.811999999999898,0.11000000000012733,1,2.0
121,ERROR_M,3,246,0.08799999999996544,4.7000000000000455,0,2.0
121,ERROR_M,3,247,2.383999999999787,5.676000000000158,1,2.0
121,ERROR_M,3,248,1.8940000000000055,5.483999999999924,0,2.0
121,ERROR_M,3,249,2.2080000000000837,6.955999999999904,1,2.0
121,ERROR_M,3,250,1.8659999999999854,7.213999999999942,0,2.0
121,ERROR_M,3,251,2.3200000000001637,7.625999999999976,1,2.0
121,ERROR_M,3,252,2.4880000000000564,133.33399999999983,1,2.0
121,ERROR_M,3,253,2.048000000000002,8.134000000000015,1,2.0
121,ERROR_M,3,254,1.7580000000000382,6.910000000000082,0,2.0
121,ERROR_M,3,255,2.30399999999986,8.983999999999924,1,2.0
121,ERROR_M,3,256,2.5080000000002656,4.211999999999989,1,2.0
121,ERROR_M,3,257,2.0099999999997635,7.566000000000258,1,2.0
121,ERROR_M,3,258,2.150000000000091,5.027999999999793,1,2.0
121,ERROR_M,3,259,2.632000000000062,2.9600000000000364,1,2.0
121,ERROR_M,3,260,2.2339999999999236,6.2800000000002,1,2.0
121,ERROR_M,3,261,2.655999999999949,3.837999999999738,1,2.0
121,ERROR_M,3,262,2.3859999999999673,6.038000000000011,1,2.0
121,ERROR_M,3,263,2.630000000000109,0.07999999999992724,1,2.0
121,ERROR_M,3,264,0.11999999999989086,6.976000000000113,0,2.0
121,ERROR_M,3,265,1.8479999999999563,6.496000000000095,0,2.0
121,ERROR_M,3,266,2.230000000000018,8.043999999999869,1,2.0
121,ERROR_M,3,267,1.874000000000251,3.2339999999999236,0,2.0
121,ERROR_M,3,268,2.313999999999851,5.334000000000287,1,2.0
121,ERROR_M,3,269,2.3239999999996144,5.66800000000012,1,2.0
121,ERROR_M,3,270,3.0419999999999163,5.923999999999978,1,2.0
121,ERROR_M,3,271,2.1820000000002437,4.795999999999822,1,2.0
121,ERROR_M,3,272,1.8700000000003456,8.267999999999574,0,2.0
121,ERROR_M,3,273,2.230000000000018,8.594000000000051,1,2.0
121,ERROR_M,3,274,2.923999999999978,7.496000000000095,1,2.0
121,ERROR_M,3,275,2.456000000000131,0.13599999999996726,1,2.0
121,ERROR_M,3,276,0.06399999999985084,4.410000000000309,0,2.0
121,ERROR_M,3,277,1.8239999999996144,3.124000000000251,0,2.0
121,ERROR_M,3,278,2.2619999999997162,5.5340000000001055,1,2.0
121,ERROR_M,3,279,2.3020000000001346,8.009999999999764,1,2.0
121,ERROR_M,3,280,1.9320000000002437,6.599999999999909,0,2.0
121,ERROR_M,3,281,2.0080000000002656,0.10799999999971988,1,2.0
121,ERROR_M,3,282,0.0840000000002874,4.283999999999651,0,2.0
121,ERROR_M,3,283,2.048000000000229,6.55600000000004,1,2.0
121,ERROR_M,3,284,1.7300000000000182,8.117999999999938,0,2.0
121,ERROR_M,3,285,2.5859999999997854,6.894000000000233,1,2.0
121,ERROR_M,3,286,2.7519999999999527,0.12399999999979627,1,2.0
121,ERROR_M,3,287,0.07600000000002183,90.70000000000027,0,2.0
121,ERROR_M,3,288,1.6279999999997017,252.5640000000003,0,2.0
121,ERROR_M,3,289,1.7139999999999418,0.13000000000010914,0,2.0
121,ERROR_M,3,290,0.06599999999980355,5.538000000000011,0,2.0
121,ERROR_M,3,291,2.038000000000011,6.7840000000001055,1,2.0
121,ERROR_M,3,292,2.7359999999998763,9.608000000000175,1,2.0
121,ERROR_M,3,293,2.0099999999997635,8.090000000000146,1,2.0
121,ERROR_M,3,294,1.4899999999997817,3.124000000000251,0,2.0
121,ERROR_M,3,295,2.007999999999811,5.5900000000001455,1,2.0
121,ERROR_M,3,296,2.2399999999997817,7.686000000000149,1,2.0
121,ERROR_M,3,297,2.1480000000001382,6.08199999999988,1,2.0
121,ERROR_M,3,298,1.7399999999997817,5.874000000000251,0,2.0
121,ERROR_M,3,299,0.4699999999997999,0.041999999999916326,0,2.0
121,ERROR_M,3,300,0.09000000000014552,0.03000000000020009,0,2.0
121,ERROR_M,3,301,0.03999999999996362,3.9339999999997417,0,2.0
121,ERROR_M,3,302,2.042000000000371,6.533999999999651,1,2.0
121,ERROR_M,3,303,2.874000000000251,4.824000000000069,1,2.0
121,ERROR_M,3,304,2.2480000000000473,6.0659999999998035,1,2.0
121,ERROR_M,3,305,1.7559999999998581,7.114000000000033,0,2.0
121,ERROR_M,3,306,4.670000000000073,7.425999999999931,1,2.0
121,ERROR_M,3,307,1.8980000000001382,8.153999999999996,0,2.0
121,ERROR_M,3,308,2.1140000000000327,8.63000000000011,1,2.0
121,ERROR_M,3,309,1.8999999999996362,8.826000000000022,0,2.0
121,ERROR_M,3,310,2.236000000000331,5.405999999999949,1,2.0
121,ERROR_M,3,311,1.263999999999669,5.186000000000149,0,2.0
121,ERROR_M,3,312,2.2580000000002656,6.263999999999669,1,2.0
121,ERROR_M,3,313,2.624000000000251,6.821999999999662,1,2.0
121,ERROR_M,3,314,2.2960000000002765,4.375999999999749,1,2.0
121,ERROR_M,3,315,2.3160000000002583,4.213999999999942,1,2.0
121,ERROR_M,3,316,2.2199999999998,7.980000000000018,1,2.0
121,ERROR_M,3,317,2.4980000000000473,3.992000000000189,1,2.0
121,ERROR_M,3,318,1.7799999999997453,7.5300000000002,0,2.0
121,ERROR_M,3,319,2.367999999999938,0.13400000000001455,1,2.0
121,ERROR_M,3,320,0.06599999999980355,6.4640000000003965,0,2.0
121,ERROR_M,3,321,2.3539999999998145,6.972000000000207,1,2.0
121,ERROR_M,3,322,2.281999999999698,5.144000000000233,1,2.0
121,ERROR_M,3,323,2.6859999999996944,7.8840000000000146,1,2.0
121,ERROR_M,3,324,2.0640000000003056,,1,2.0
121,ERROR_M,4,1,2.205999999999996,7.7520000000000024,1,2.0
121,ERROR_M,4,2,2.665999999999997,8.060000000000002,1,2.0
121,ERROR_M,4,3,2.4100000000000037,7.4339999999999975,1,2.0
121,ERROR_M,4,4,1.6280000000000001,0.06799999999999784,0,2.0
121,ERROR_M,4,5,0.10600000000000165,5.862000000000002,0,2.0
121,ERROR_M,4,6,1.7339999999999947,8.766000000000005,0,2.0
121,ERROR_M,4,7,2.236000000000004,4.111999999999995,1,2.0
121,ERROR_M,4,8,2.780000000000001,3.6539999999999964,1,2.0
121,ERROR_M,4,9,0.10800000000000409,1.671999999999997,0,2.0
121,ERROR_M,4,10,1.2920000000000016,5.1440000000000055,0,2.0
121,ERROR_M,4,11,1.7479999999999905,0.036000000000001364,0,2.0
121,ERROR_M,4,12,0.08200000000000784,6.807999999999993,0,2.0
121,ERROR_M,4,13,2.263999999999996,8.512,1,2.0
121,ERROR_M,4,14,2.0180000000000007,0.18000000000000682,1,2.0
121,ERROR_M,4,15,0.04800000000000182,3.5219999999999914,0,2.0
121,ERROR_M,4,16,2.161999999999992,0.09000000000000341,1,2.0
121,ERROR_M,4,17,0.06400000000002137,4.3659999999999854,0,2.0
121,ERROR_M,4,18,2.9420000000000073,3.3700000000000045,1,2.0
121,ERROR_M,4,19,0.025999999999982037,0.02800000000002001,0,2.0
121,ERROR_M,4,20,0.06799999999998363,5.494,0,2.0
121,ERROR_M,4,21,1.945999999999998,5.674000000000007,0,2.0
121,ERROR_M,4,22,0.015999999999991132,27.77800000000002,0,2.0
121,ERROR_M,4,23,2.5859999999999843,6.343999999999994,1,2.0
121,ERROR_M,4,24,1.8920000000000243,0.07799999999997453,0,2.0
121,ERROR_M,4,25,0.08800000000002228,6.893999999999977,0,2.0
121,ERROR_M,4,26,1.9780000000000086,4.7620000000000005,0,2.0
121,ERROR_M,4,27,2.3360000000000127,8.929999999999978,1,2.0
121,ERROR_M,4,28,1.6760000000000161,4.603999999999985,0,2.0
121,ERROR_M,4,29,1.7940000000000111,5.104000000000013,0,2.0
121,ERROR_M,4,30,1.697999999999979,5.385999999999996,0,2.0
121,ERROR_M,4,31,1.8640000000000043,7.932000000000016,0,2.0
121,ERROR_M,4,32,2.1119999999999948,3.4739999999999895,1,2.0
121,ERROR_M,4,33,1.5180000000000007,10.394000000000005,0,2.0
121,ERROR_M,4,34,2.406000000000006,4.2239999999999895,1,2.0
121,ERROR_M,4,35,2.055999999999983,6.942000000000007,1,2.0
121,ERROR_M,4,36,1.9320000000000164,0.18000000000000682,0,2.0
121,ERROR_M,4,37,0.04199999999997317,6.9879999999999995,0,2.0
121,ERROR_M,4,38,0.09000000000003183,0.029999999999972715,0,2.0
121,ERROR_M,4,39,0.18400000000002592,28.875999999999976,0,2.0
121,ERROR_M,4,40,2.5440000000000396,6.127999999999986,1,2.0
121,ERROR_M,4,41,2.1119999999999663,5.288000000000011,1,2.0
121,ERROR_M,4,42,1.9320000000000164,8.149999999999977,0,2.0
121,ERROR_M,4,43,1.9540000000000077,4.980000000000018,0,2.0
121,ERROR_M,4,44,3.0879999999999654,8.436000000000035,1,2.0
121,ERROR_M,4,45,1.9320000000000164,5.9459999999999695,0,2.0
121,ERROR_M,4,46,1.975999999999999,0.12400000000002365,0,2.0
121,ERROR_M,4,47,0.10199999999997544,7.2760000000000105,0,2.0
121,ERROR_M,4,48,1.920000000000016,4.072000000000003,0,2.0
121,ERROR_M,4,49,1.3100000000000023,3.7999999999999545,0,2.0
121,ERROR_M,4,50,1.617999999999995,4.898000000000025,0,2.0
121,ERROR_M,4,51,1.8559999999999945,8.427999999999997,0,2.0
121,ERROR_M,4,52,1.961999999999989,0.1260000000000332,0,2.0
121,ERROR_M,4,53,0.08400000000000318,5.991999999999962,0,2.0
121,ERROR_M,4,54,1.896000000000015,3.4739999999999895,0,2.0
121,ERROR_M,4,55,1.5200000000000387,8.803999999999974,0,2.0
121,ERROR_M,4,56,1.5600000000000023,2.8419999999999845,0,2.0
121,ERROR_M,4,57,1.7760000000000105,5.3840000000000146,0,2.0
121,ERROR_M,4,58,1.9099999999999682,4.174000000000035,0,2.0
121,ERROR_M,4,59,1.9459999999999695,6.319999999999993,0,2.0
121,ERROR_M,4,60,1.664000000000044,6.889999999999986,0,2.0
121,ERROR_M,4,61,1.8979999999999677,6.470000000000027,0,2.0
121,ERROR_M,4,62,1.5360000000000014,8.01400000000001,0,2.0
121,ERROR_M,4,63,1.5740000000000123,5.1159999999999854,0,2.0
121,ERROR_M,4,64,1.829999999999984,10.430000000000007,0,2.0
121,ERROR_M,4,65,1.7860000000000014,3.5319999999999823,0,2.0
121,ERROR_M,4,66,1.1860000000000355,4.493999999999971,0,2.0
121,ERROR_M,4,67,1.2720000000000482,8.395999999999958,0,2.0
121,ERROR_M,4,68,1.711999999999989,7.779999999999973,0,2.0
121,ERROR_M,4,69,1.975999999999999,7.05600000000004,0,2.0
121,ERROR_M,4,70,1.8360000000000127,3.169999999999959,0,2.0
121,ERROR_M,4,71,1.622000000000071,7.442000000000007,0,2.0
121,ERROR_M,4,72,1.9919999999999618,11.604000000000042,0,2.0
121,ERROR_M,4,73,1.6019999999999754,0.05200000000002092,0,2.0
121,ERROR_M,4,74,0.13199999999994816,8.176000000000045,0,2.0
121,ERROR_M,4,75,1.391999999999939,9.018000000000029,0,2.0
121,ERROR_M,4,76,1.8999999999999773,3.0860000000000127,0,2.0
121,ERROR_M,4,77,2.0860000000000127,3.8279999999999745,1,2.0
121,ERROR_M,4,78,2.245999999999981,7.51400000000001,1,2.0
121,ERROR_M,4,79,1.6639999999999873,4.586000000000013,0,2.0
121,ERROR_M,4,80,2.4400000000000546,3.977999999999952,1,2.0
121,ERROR_M,4,81,0.13400000000001455,0.029999999999972715,0,2.0
121,ERROR_M,4,82,0.20400000000006457,4.851999999999975,0,2.0
121,ERROR_M,4,83,2.018000000000029,5.487999999999943,1,2.0
121,ERROR_M,4,84,2.437999999999988,5.502000000000066,1,2.0
121,ERROR_M,4,85,2.1019999999999754,8.245999999999981,1,2.0
121,ERROR_M,4,86,2.4360000000000355,4.255999999999972,1,2.0
121,ERROR_M,4,87,2.409999999999968,6.532000000000039,1,2.0
121,ERROR_M,4,88,2.183999999999969,6.240000000000009,1,2.0
121,ERROR_M,4,89,2.1420000000000528,5.91599999999994,1,2.0
121,ERROR_M,4,90,2.4560000000000173,8.922000000000025,1,2.0
121,ERROR_M,4,91,2.241999999999962,7.211999999999989,1,2.0
121,ERROR_M,4,92,2.6580000000000155,3.169999999999959,1,2.0
121,ERROR_M,4,93,2.578000000000088,5.475999999999999,1,2.0
121,ERROR_M,4,94,1.9259999999999309,5.913999999999987,0,2.0
121,ERROR_M,4,95,2.2700000000000955,4.817999999999984,1,2.0
121,ERROR_M,4,96,3.3199999999999363,3.102000000000089,1,2.0
121,ERROR_M,4,97,1.5199999999999818,0.12199999999995725,0,2.0
121,ERROR_M,4,98,0.08600000000001273,4.659999999999968,0,2.0
121,ERROR_M,4,99,2.254000000000019,4.6200000000000045,1,2.0
121,ERROR_M,4,100,2.2859999999999445,5.562000000000012,1,2.0
121,ERROR_M,4,101,2.711999999999989,3.490000000000009,1,2.0
121,ERROR_M,4,102,2.5,6.574000000000069,1,2.0
121,ERROR_M,4,103,2.7519999999999527,0.14999999999997726,1,2.0
121,ERROR_M,4,104,0.11800000000005184,6.682000000000016,0,2.0
121,ERROR_M,4,105,1.7559999999999718,7.419999999999959,0,2.0
121,ERROR_M,4,106,2.2560000000000855,6.309999999999945,1,2.0
121,ERROR_M,4,107,2.5260000000000673,8.171999999999912,1,2.0
121,ERROR_M,4,108,2.830000000000041,14.01400000000001,1,2.0
121,ERROR_M,4,109,1.8319999999999936,7.822000000000003,0,2.0
121,ERROR_M,4,110,1.7039999999999509,8.482000000000085,0,2.0
121,ERROR_M,4,111,2.0919999999999845,3.3079999999999927,1,2.0
121,ERROR_M,4,112,2.230000000000018,6.171999999999912,1,2.0
121,ERROR_M,4,113,2.3360000000000127,7.210000000000036,1,2.0
121,ERROR_M,4,114,0.01599999999996271,8.600000000000023,0,2.0
121,ERROR_M,4,115,2.755999999999972,4.454000000000065,1,2.0
121,ERROR_M,4,116,2.1299999999999955,7.0,1,2.0
121,ERROR_M,4,117,2.741999999999962,6.816000000000031,1,2.0
121,ERROR_M,4,118,2.3220000000000027,8.577999999999975,1,2.0
121,ERROR_M,4,119,2.4060000000000628,3.8559999999999945,1,2.0
121,ERROR_M,4,120,2.37399999999991,4.984000000000037,1,2.0
121,ERROR_M,4,121,2.259999999999991,3.967999999999961,1,2.0
121,ERROR_M,4,122,2.838000000000079,8.677999999999997,1,2.0
121,ERROR_M,4,123,1.8619999999999663,4.474000000000046,0,2.0
121,ERROR_M,4,124,2.227999999999952,5.991999999999962,1,2.0
121,ERROR_M,4,125,2.1860000000000355,8.988000000000056,1,2.0
121,ERROR_M,4,126,1.7819999999999254,3.961999999999989,0,2.0
121,ERROR_M,4,127,2.0,5.338000000000079,0,2.0
121,ERROR_M,4,128,2.2759999999999536,7.653999999999996,1,2.0
121,ERROR_M,4,129,2.481999999999971,5.628000000000043,1,2.0
121,ERROR_M,4,130,2.283999999999992,5.132000000000062,1,2.0
121,ERROR_M,4,131,2.7239999999999327,6.289999999999964,1,2.0
121,ERROR_M,4,132,2.41800000000012,9.125999999999976,1,2.0
121,ERROR_M,4,133,2.518000000000029,3.939999999999827,1,2.0
121,ERROR_M,4,134,2.3700000000001182,5.6879999999998745,1,2.0
121,ERROR_M,4,135,2.594000000000051,15.04600000000005,1,2.0
121,ERROR_M,4,136,2.0960000000000036,5.231999999999971,1,2.0
121,ERROR_M,4,137,1.5520000000001346,7.907999999999902,0,2.0
121,ERROR_M,4,138,2.2539999999999054,7.352000000000089,1,2.0
121,ERROR_M,4,139,2.061999999999898,3.0420000000001437,1,2.0
121,ERROR_M,4,140,2.3619999999998527,3.254000000000133,1,2.0
121,ERROR_M,4,141,2.701999999999998,8.205999999999904,1,2.0
121,ERROR_M,4,142,2.2460000000000946,8.559999999999945,1,2.0
121,ERROR_M,4,143,2.44600000000014,5.935999999999922,1,2.0
121,ERROR_M,4,144,2.2159999999998945,4.36200000000008,1,2.0
121,ERROR_M,4,145,0.5519999999999072,0.009999999999990905,0,2.0
121,ERROR_M,4,146,0.2460000000000946,37.27600000000007,0,2.0
121,ERROR_M,4,147,2.3379999999999654,7.523999999999887,1,2.0
121,ERROR_M,4,148,2.186000000000149,3.685999999999922,1,2.0
121,ERROR_M,4,149,2.4320000000000164,5.087999999999965,1,2.0
121,ERROR_M,4,150,2.1520000000000437,6.033999999999878,1,2.0
121,ERROR_M,4,151,2.3680000000001655,3.1399999999998727,1,2.0
121,ERROR_M,4,152,2.4500000000000455,6.519999999999982,1,2.0
121,ERROR_M,4,153,2.0440000000000964,9.089999999999918,1,2.0
121,ERROR_M,4,154,2.203999999999951,7.7280000000000655,1,2.0
121,ERROR_M,4,155,2.5240000000001146,5.298000000000002,1,2.0
121,ERROR_M,4,156,2.2519999999999527,5.669999999999845,1,2.0
121,ERROR_M,4,157,2.1940000000001874,4.99799999999982,1,2.0
121,ERROR_M,4,158,2.1920000000000073,6.509999999999991,1,2.0
121,ERROR_M,4,159,2.6740000000002055,6.5759999999997945,1,2.0
121,ERROR_M,4,160,2.3940000000000055,8.15800000000013,1,2.0
121,ERROR_M,4,161,2.2819999999999254,7.11200000000008,1,2.0
121,ERROR_M,4,162,2.3799999999998818,4.120000000000118,1,2.0
121,ERROR_M,4,163,2.395999999999958,7.480000000000018,1,2.0
121,ERROR_M,4,164,2.533999999999878,8.338000000000193,1,2.0
121,ERROR_M,4,165,2.1039999999998145,8.598000000000184,1,2.0
121,ERROR_M,4,166,2.285999999999831,4.642000000000053,1,2.0
121,ERROR_M,4,167,2.4680000000000746,3.7919999999999163,1,2.0
121,ERROR_M,4,168,2.5240000000001146,4.99799999999982,1,2.0
121,ERROR_M,4,169,2.0060000000000855,7.779999999999973,1,2.0
121,ERROR_M,4,170,2.4860000000001037,5.117999999999938,1,2.0
121,ERROR_M,4,171,1.9259999999999309,5.342000000000098,0,2.0
121,ERROR_M,4,172,2.536000000000058,5.583999999999833,1,2.0
121,ERROR_M,4,173,0.47199999999998,0.020000000000209184,0,2.0
121,ERROR_M,4,174,0.1959999999999127,7.185999999999922,0,2.0
121,ERROR_M,4,175,1.7920000000001437,8.843999999999824,0,2.0
121,ERROR_M,4,176,2.269999999999982,3.980000000000018,1,2.0
121,ERROR_M,4,177,2.47400000000016,7.379999999999882,1,2.0
121,ERROR_M,4,178,2.2519999999999527,8.264000000000124,1,2.0
121,ERROR_M,4,179,3.1359999999999673,28.12200000000007,1,2.0
121,ERROR_M,4,180,2.3079999999999927,7.961999999999989,1,2.0
121,ERROR_M,4,181,2.0879999999999654,8.690000000000055,1,2.0
121,ERROR_M,4,182,2.467999999999847,4.464000000000169,1,2.0
121,ERROR_M,4,183,2.627999999999929,4.569999999999936,1,2.0
121,ERROR_M,4,184,2.8500000000001364,41.233999999999924,1,2.0
121,ERROR_M,4,185,1.6759999999999309,0.05999999999994543,0,2.0
121,ERROR_M,4,186,0.08800000000019281,8.059999999999945,0,2.0
121,ERROR_M,4,187,0.40399999999999636,60.202,0,2.0
121,ERROR_M,4,188,0.5619999999998981,94.13400000000001,0,2.0
121,ERROR_M,4,189,1.1159999999999854,9.912000000000035,0,2.0
121,ERROR_M,4,190,2.004000000000133,15.827999999999975,1,2.0
121,ERROR_M,4,191,1.7539999999999054,3.2660000000000764,0,2.0
121,ERROR_M,4,192,1.8820000000000618,7.8279999999999745,0,2.0
121,ERROR_M,4,193,1.8339999999998327,4.158000000000129,0,2.0
121,ERROR_M,4,194,0.06799999999998363,0.02800000000002001,0,2.0
121,ERROR_M,4,195,0.17599999999993088,4.337999999999965,0,2.0
121,ERROR_M,4,196,1.7440000000001419,0.14999999999986358,0,2.0
121,ERROR_M,4,197,0.049999999999954525,4.36200000000008,0,2.0
121,ERROR_M,4,198,1.8820000000000618,8.087999999999965,0,2.0
121,ERROR_M,4,199,1.5260000000000673,5.789999999999964,0,2.0
121,ERROR_M,4,200,2.05399999999986,7.094000000000051,1,2.0
121,ERROR_M,4,201,1.0760000000000218,8.153999999999996,0,2.0
121,ERROR_M,4,202,1.9940000000001419,5.199999999999818,0,2.0
121,ERROR_M,4,203,1.8379999999999654,5.830000000000155,0,2.0
121,ERROR_M,4,204,2.768000000000029,6.949999999999818,1,2.0
121,ERROR_M,4,205,2.3079999999999927,7.260000000000218,1,2.0
121,ERROR_M,4,206,1.9839999999999236,6.480000000000018,0,2.0
121,ERROR_M,4,207,2.13799999999992,8.605999999999995,1,2.0
121,ERROR_M,4,208,1.6459999999999582,8.933999999999969,0,2.0
121,ERROR_M,4,209,1.8460000000000036,3.908000000000129,0,2.0
121,ERROR_M,4,210,2.5679999999999836,4.442000000000007,1,2.0
121,ERROR_M,4,211,2.5060000000000855,3.4479999999998654,1,2.0
121,ERROR_M,4,212,1.3020000000001346,0.027999999999792635,0,2.0
121,ERROR_M,4,213,0.17200000000002547,4.064000000000078,0,2.0
121,ERROR_M,4,214,2.08400000000006,4.546000000000049,1,2.0
121,ERROR_M,4,215,1.949999999999818,5.128000000000156,0,2.0
121,ERROR_M,4,216,2.1639999999999873,4.963999999999942,1,2.0
121,ERROR_M,4,217,1.8079999999999927,5.503999999999905,0,2.0
121,ERROR_M,4,218,2.5060000000000855,5.920000000000073,1,2.0
121,ERROR_M,4,219,0.04599999999982174,0.03000000000020009,0,2.0
121,ERROR_M,4,220,0.2039999999999509,3.8079999999999927,0,2.0
121,ERROR_M,4,221,2.155999999999949,6.274000000000115,1,2.0
121,ERROR_M,4,222,2.591999999999871,7.160000000000082,1,2.0
121,ERROR_M,4,223,2.7439999999999145,3.8640000000000327,1,2.0
121,ERROR_M,4,224,1.9839999999999236,7.598000000000184,0,2.0
121,ERROR_M,4,225,2.7359999999998763,2.908000000000129,1,2.0
121,ERROR_M,4,226,1.5179999999998017,31.76800000000003,0,2.0
121,ERROR_M,4,227,1.1800000000000637,0.13000000000010914,0,2.0
121,ERROR_M,4,228,0.08399999999983265,7.966000000000122,0,2.0
121,ERROR_M,4,229,2.2439999999999145,8.711999999999989,1,2.0
121,ERROR_M,4,230,2.230000000000018,6.55800000000022,1,2.0
121,ERROR_M,4,231,2.043999999999869,7.27599999999984,1,2.0
121,ERROR_M,4,232,1.8679999999999382,8.864000000000033,0,2.0
121,ERROR_M,4,233,2.88799999999992,4.208000000000084,1,2.0
121,ERROR_M,4,234,2.311999999999898,6.270000000000437,1,2.0
121,ERROR_M,4,235,2.0599999999999454,6.730000000000018,1,2.0
121,ERROR_M,4,236,2.7239999999997053,8.486000000000331,1,2.0
121,ERROR_M,4,237,2.9339999999997417,0.12400000000025102,1,2.0
121,ERROR_M,4,238,0.07999999999992724,7.019999999999982,0,2.0
121,ERROR_M,4,239,2.1779999999998836,7.989999999999782,1,2.0
121,ERROR_M,4,240,2.2580000000002656,9.018000000000029,1,2.0
121,ERROR_M,4,241,2.1599999999998545,4.7960000000002765,1,2.0
121,ERROR_M,4,242,1.7979999999997744,3.231999999999971,0,2.0
121,ERROR_M,4,243,2.88799999999992,3.994000000000142,1,2.0
121,ERROR_M,4,244,1.8200000000001637,127.84799999999996,0,2.0
121,ERROR_M,4,245,1.099999999999909,15.157999999999902,0,2.0
121,ERROR_M,4,246,1.2339999999999236,,0,2.0
122,ERROR_M,1,1,1.6940000000000026,7.4979999999999976,0,2.0
122,ERROR_M,1,2,1.9740000000000038,3.1599999999999966,0,2.0
122,ERROR_M,1,3,1.9500000000000028,6.739999999999995,0,2.0
122,ERROR_M,1,4,2.564,7.640000000000001,1,2.0
122,ERROR_M,1,5,0.18200000000000216,0.09599999999999653,0,2.0
122,ERROR_M,1,6,0.13600000000000279,10.037999999999997,0,2.0
122,ERROR_M,1,7,1.8960000000000008,6.298000000000002,0,2.0
122,ERROR_M,1,8,2.3900000000000006,7.117999999999995,1,2.0
122,ERROR_M,1,9,2.294000000000011,8.213999999999999,1,2.0
122,ERROR_M,1,10,1.8599999999999994,8.286000000000001,0,2.0
122,ERROR_M,1,11,2.6259999999999906,2.578000000000003,1,2.0
122,ERROR_M,1,12,2.1440000000000055,4.451999999999998,1,2.0
122,ERROR_M,1,13,1.8840000000000003,5.082000000000008,0,2.0
122,ERROR_M,1,14,1.5600000000000023,2.887999999999977,0,2.0
122,ERROR_M,1,15,3.030000000000001,4.132000000000005,1,2.0
122,ERROR_M,1,16,2.484000000000009,4.006,1,2.0
122,ERROR_M,1,17,2.0039999999999907,5.426000000000016,1,2.0
122,ERROR_M,1,18,2.048000000000002,5.811999999999983,1,2.0
122,ERROR_M,1,19,1.9140000000000157,4.239999999999981,0,2.0
122,ERROR_M,1,20,2.2040000000000077,5.901999999999987,1,2.0
122,ERROR_M,1,21,1.9240000000000066,8.888000000000005,0,2.0
122,ERROR_M,1,22,1.7680000000000007,5.866000000000014,0,2.0
122,ERROR_M,1,23,1.9379999999999882,5.579999999999984,0,2.0
122,ERROR_M,1,24,0.03200000000001069,12.450000000000017,0,2.0
122,ERROR_M,1,25,2.2439999999999998,4.97999999999999,1,2.0
122,ERROR_M,1,26,2.665999999999997,2.7280000000000086,1,2.0
122,ERROR_M,1,27,2.22199999999998,4.170000000000016,1,2.0
122,ERROR_M,1,28,2.323999999999984,2.608000000000004,1,2.0
122,ERROR_M,1,29,2.563999999999993,3.8780000000000143,1,2.0
122,ERROR_M,1,30,3.524000000000001,4.568000000000012,1,2.0
122,ERROR_M,1,31,2.3859999999999673,5.2900000000000205,1,2.0
122,ERROR_M,1,32,2.1159999999999854,6.9220000000000255,1,2.0
122,ERROR_M,1,33,2.1100000000000136,3.8659999999999854,1,2.0
122,ERROR_M,1,34,2.579999999999984,6.374000000000024,1,2.0
122,ERROR_M,1,35,2.3379999999999654,3.3600000000000136,1,2.0
122,ERROR_M,1,36,2.651999999999987,8.033999999999992,1,2.0
122,ERROR_M,1,37,2.2379999999999995,7.612000000000023,1,2.0
122,ERROR_M,1,38,2.103999999999985,8.012,1,2.0
122,ERROR_M,1,39,1.8140000000000214,8.057999999999993,0,2.0
122,ERROR_M,1,40,2.1240000000000236,8.503999999999962,1,2.0
122,ERROR_M,1,41,1.6280000000000427,4.185999999999979,0,2.0
122,ERROR_M,1,42,1.9359999999999786,4.124000000000024,0,2.0
122,ERROR_M,1,43,2.6259999999999764,5.912000000000035,1,2.0
122,ERROR_M,1,44,2.197999999999979,6.850000000000023,1,2.0
122,ERROR_M,1,45,2.2819999999999823,3.7239999999999895,1,2.0
122,ERROR_M,1,46,3.141999999999996,3.079999999999984,1,2.0
122,ERROR_M,1,47,0.03200000000003911,26.274,0,2.0
122,ERROR_M,1,48,1.467999999999961,0.05600000000004002,0,2.0
122,ERROR_M,1,49,0.867999999999995,8.45999999999998,0,2.0
122,ERROR_M,1,50,1.8199999999999932,5.581999999999994,0,2.0
122,ERROR_M,1,51,2.3140000000000214,4.696000000000026,1,2.0
122,ERROR_M,1,52,1.7479999999999905,9.305999999999983,0,2.0
122,ERROR_M,1,53,2.2420000000000186,4.603999999999985,1,2.0
122,ERROR_M,1,54,0.3480000000000132,0.02400000000000091,0,2.0
122,ERROR_M,1,55,0.8019999999999641,15.088000000000022,0,2.0
122,ERROR_M,1,56,2.725999999999999,7.76400000000001,1,2.0
122,ERROR_M,1,57,2.1639999999999873,9.078000000000031,1,2.0
122,ERROR_M,1,58,0.2279999999999518,0.038000000000010914,0,2.0
122,ERROR_M,1,59,0.22200000000003683,5.871999999999957,0,2.0
122,ERROR_M,1,60,0.7900000000000205,0.117999999999995,0,2.0
122,ERROR_M,1,61,0.04399999999998272,5.382000000000005,0,2.0
122,ERROR_M,1,62,2.2340000000000373,6.375999999999976,1,2.0
122,ERROR_M,1,63,1.905999999999949,2.6940000000000737,0,2.0
122,ERROR_M,1,64,2.754000000000019,5.705999999999904,1,2.0
122,ERROR_M,1,65,0.8300000000000409,0.05000000000006821,0,2.0
122,ERROR_M,1,66,1.259999999999991,3.9879999999999427,0,2.0
122,ERROR_M,1,67,0.012000000000057298,0.75,0,2.0
122,ERROR_M,1,68,2.38799999999992,7.276000000000067,1,2.0
122,ERROR_M,1,69,2.3139999999999645,6.652000000000044,1,2.0
122,ERROR_M,1,70,2.3759999999999764,7.51400000000001,1,2.0
122,ERROR_M,1,71,0.36599999999998545,0.09799999999995634,0,2.0
122,ERROR_M,1,72,0.18600000000003547,9.149999999999977,0,2.0
122,ERROR_M,1,73,2.4260000000000446,3.7099999999999227,1,2.0
122,ERROR_M,1,74,2.6920000000000073,4.990000000000009,1,2.0
122,ERROR_M,1,75,2.4160000000000537,3.466000000000008,1,2.0
122,ERROR_M,1,76,2.935999999999922,4.196000000000026,1,2.0
122,ERROR_M,1,77,0.15999999999996817,0.020000000000095497,0,2.0
122,ERROR_M,1,78,0.47199999999998,14.409999999999968,0,2.0
122,ERROR_M,1,79,2.538000000000011,7.282000000000039,1,2.0
122,ERROR_M,1,80,2.8019999999999072,8.094000000000051,1,2.0
122,ERROR_M,1,81,3.69399999999996,4.574000000000069,1,2.0
122,ERROR_M,1,82,0.17999999999994998,0.06799999999998363,0,2.0
122,ERROR_M,1,83,0.21000000000003638,23.744000000000028,0,2.0
122,ERROR_M,1,84,2.6340000000000146,8.0,1,2.0
122,ERROR_M,1,85,2.3439999999999372,8.826000000000022,1,2.0
122,ERROR_M,1,86,2.774000000000001,5.990000000000009,1,2.0
122,ERROR_M,1,87,2.9700000000000273,8.26400000000001,1,2.0
122,ERROR_M,1,88,2.6779999999999973,7.689999999999941,1,2.0
122,ERROR_M,1,89,1.5679999999999836,2.9740000000000464,0,2.0
122,ERROR_M,1,90,1.94399999999996,8.652000000000044,0,2.0
122,ERROR_M,1,91,1.5739999999999554,5.581999999999994,0,2.0
122,ERROR_M,1,92,1.8520000000000891,5.195999999999913,0,2.0
122,ERROR_M,1,93,2.4279999999999973,10.460000000000036,1,2.0
122,ERROR_M,1,94,0.8540000000000418,0.07999999999992724,0,2.0
122,ERROR_M,1,95,0.2660000000000764,11.548000000000002,0,2.0
122,ERROR_M,1,96,2.377999999999929,5.912000000000035,1,2.0
122,ERROR_M,1,97,1.8319999999999936,6.833999999999946,0,2.0
122,ERROR_M,1,98,2.646000000000072,4.265999999999963,1,2.0
122,ERROR_M,1,99,2.895999999999958,3.8920000000000528,1,2.0
122,ERROR_M,1,100,2.786000000000058,2.6079999999999472,1,2.0
122,ERROR_M,1,101,3.024000000000001,3.094000000000051,1,2.0
122,ERROR_M,1,102,3.231999999999971,4.5499999999999545,1,2.0
122,ERROR_M,1,103,3.173999999999978,6.124000000000024,1,2.0
122,ERROR_M,1,104,3.296000000000049,4.877999999999929,1,2.0
122,ERROR_M,1,105,3.9260000000000446,7.096000000000004,1,2.0
122,ERROR_M,1,106,1.5699999999999363,7.886000000000081,0,2.0
122,ERROR_M,1,107,2.3159999999999172,4.578000000000088,1,2.0
122,ERROR_M,1,108,2.3419999999999845,4.029999999999973,1,2.0
122,ERROR_M,1,109,2.3840000000000146,6.748000000000047,1,2.0
122,ERROR_M,1,110,1.6639999999999873,3.9080000000000155,0,2.0
122,ERROR_M,1,111,1.8220000000000027,2.88799999999992,0,2.0
122,ERROR_M,1,112,3.6720000000000255,6.8799999999999955,1,2.0
122,ERROR_M,1,113,1.9700000000000273,2.6779999999999973,0,2.0
122,ERROR_M,1,114,3.5960000000000036,5.110000000000014,1,2.0
122,ERROR_M,1,115,1.7060000000000173,5.669999999999959,0,2.0
122,ERROR_M,1,116,4.125999999999976,6.1200000000000045,1,2.0
122,ERROR_M,1,117,3.1860000000000355,4.997999999999934,1,2.0
122,ERROR_M,1,118,2.9220000000000255,7.635999999999967,1,2.0
122,ERROR_M,1,119,2.9960000000000946,8.361999999999966,1,2.0
122,ERROR_M,1,120,2.669999999999959,3.9920000000000755,1,2.0
122,ERROR_M,1,121,0.2459999999999809,0.09199999999998454,0,2.0
122,ERROR_M,1,122,0.48599999999999,26.494000000000028,0,2.0
122,ERROR_M,1,123,1.8940000000000055,7.17999999999995,0,2.0
122,ERROR_M,1,124,1.8719999999999573,5.956000000000017,0,2.0
122,ERROR_M,1,125,3.269999999999982,7.953999999999951,1,2.0
122,ERROR_M,1,126,2.759999999999991,3.11200000000008,1,2.0
122,ERROR_M,1,127,1.990000000000009,3.2100000000000364,0,2.0
122,ERROR_M,1,128,3.3079999999999927,4.289999999999964,1,2.0
122,ERROR_M,1,129,2.463999999999942,6.3279999999999745,1,2.0
122,ERROR_M,1,130,1.9040000000002237,8.72999999999979,0,2.0
122,ERROR_M,1,131,3.1940000000001874,2.5839999999998327,1,2.0
122,ERROR_M,1,132,0.2920000000001437,0.10400000000004184,0,2.0
122,ERROR_M,1,133,0.14599999999995816,11.051999999999907,0,2.0
122,ERROR_M,1,134,3.259999999999991,4.769999999999982,1,2.0
122,ERROR_M,1,135,3.0240000000001146,6.157999999999902,1,2.0
122,ERROR_M,1,136,1.7840000000001055,5.593999999999824,0,2.0
122,ERROR_M,1,137,1.4540000000001783,6.6319999999998345,0,2.0
122,ERROR_M,1,138,0.04600000000004911,0.06400000000007822,0,2.0
122,ERROR_M,1,139,0.8920000000000528,21.589999999999918,0,2.0
122,ERROR_M,1,140,2.923999999999978,5.38799999999992,1,2.0
122,ERROR_M,1,141,1.6880000000001019,3.6679999999998927,0,2.0
122,ERROR_M,1,142,1.3840000000000146,3.838000000000193,0,2.0
122,ERROR_M,1,143,1.5119999999999436,7.08199999999988,0,2.0
122,ERROR_M,1,144,2.1720000000000255,7.846000000000004,1,2.0
122,ERROR_M,1,145,2.5679999999999836,6.645999999999958,1,2.0
122,ERROR_M,1,146,1.018000000000029,8.087999999999965,0,2.0
122,ERROR_M,1,147,1.1300000000001091,7.473999999999933,0,2.0
122,ERROR_M,1,148,3.8200000000001637,4.692000000000007,1,2.0
122,ERROR_M,1,149,2.7819999999999254,4.801999999999907,1,2.0
122,ERROR_M,1,150,3.451999999999998,2.548000000000002,1,2.0
122,ERROR_M,1,151,4.824000000000069,6.011999999999944,1,2.0
122,ERROR_M,1,152,1.0260000000000673,3.5019999999999527,0,2.0
122,ERROR_M,1,153,3.566000000000031,2.88799999999992,1,2.0
122,ERROR_M,1,154,1.1860000000001492,5.135999999999967,0,2.0
122,ERROR_M,1,155,3.8199999999999363,5.86200000000008,1,2.0
122,ERROR_M,1,156,0.8640000000000327,6.093999999999824,0,2.0
122,ERROR_M,1,157,1.2580000000000382,3.6100000000001273,0,2.0
122,ERROR_M,1,158,1.8659999999999854,3.546000000000049,0,2.0
122,ERROR_M,1,159,0.07799999999997453,47.5179999999998,0,2.0
122,ERROR_M,1,160,3.4820000000001983,6.655999999999949,1,2.0
122,ERROR_M,1,161,1.8740000000000236,7.253999999999905,0,2.0
122,ERROR_M,1,162,1.4580000000000837,7.621999999999844,0,2.0
122,ERROR_M,1,163,2.16800000000012,7.998000000000047,1,2.0
122,ERROR_M,1,164,1.5139999999998963,7.926000000000158,0,2.0
122,ERROR_M,1,165,5.339999999999918,4.192000000000007,1,2.0
122,ERROR_M,1,166,1.58199999999988,8.596000000000004,0,2.0
122,ERROR_M,1,167,3.1700000000000728,8.488000000000056,1,2.0
122,ERROR_M,1,168,3.5019999999999527,8.069999999999936,1,2.0
122,ERROR_M,1,169,1.4760000000001128,10.639999999999873,0,2.0
122,ERROR_M,1,170,3.1460000000001855,4.929999999999836,1,2.0
122,ERROR_M,1,171,0.8579999999999472,7.848000000000184,0,2.0
122,ERROR_M,1,172,3.0559999999998126,3.578000000000202,1,2.0
122,ERROR_M,1,173,3.74799999999982,2.994000000000142,1,2.0
122,ERROR_M,1,174,3.7159999999998945,2.8040000000000873,1,2.0
122,ERROR_M,1,175,3.367999999999938,4.226000000000113,1,2.0
122,ERROR_M,1,176,1.0039999999999054,6.142000000000053,0,2.0
122,ERROR_M,1,177,0.8139999999998508,5.1740000000002055,0,2.0
122,ERROR_M,1,178,0.9759999999998854,6.011999999999944,0,2.0
122,ERROR_M,1,179,3.324000000000069,6.763999999999896,1,2.0
122,ERROR_M,1,180,1.2380000000000564,7.638000000000147,0,2.0
122,ERROR_M,1,181,1.1359999999999673,3.9139999999999873,0,2.0
122,ERROR_M,1,182,0.9059999999999491,7.089999999999918,0,2.0
122,ERROR_M,1,183,0.6400000000001,6.711999999999989,0,2.0
122,ERROR_M,1,184,2.594000000000051,4.485999999999876,1,2.0
122,ERROR_M,1,185,1.22400000000016,7.461999999999989,0,2.0
122,ERROR_M,1,186,0.8360000000000127,15.121999999999844,0,2.0
122,ERROR_M,1,187,1.2380000000000564,5.836000000000013,0,2.0
122,ERROR_M,1,188,1.1479999999999109,7.076000000000022,0,2.0
122,ERROR_M,1,189,2.8700000000001182,6.27599999999984,1,2.0
122,ERROR_M,1,190,1.1740000000002055,11.019999999999982,0,2.0
122,ERROR_M,1,191,2.213999999999942,5.567999999999984,1,2.0
122,ERROR_M,1,192,2.4139999999999873,6.587999999999965,1,2.0
122,ERROR_M,1,193,2.380000000000109,7.91599999999994,1,2.0
122,ERROR_M,1,194,2.0019999999999527,8.155999999999949,1,2.0
122,ERROR_M,1,195,3.0160000000000764,4.7840000000001055,1,2.0
122,ERROR_M,1,196,1.9179999999998927,8.435999999999922,0,2.0
122,ERROR_M,1,197,1.7180000000000746,8.63000000000011,0,2.0
122,ERROR_M,1,198,0.13999999999987267,0.04600000000004911,0,2.0
122,ERROR_M,1,199,0.571999999999889,35.39800000000014,0,2.0
122,ERROR_M,1,200,1.8699999999998909,3.038000000000011,0,2.0
122,ERROR_M,1,201,3.4680000000000746,5.410000000000082,1,2.0
122,ERROR_M,1,202,0.09199999999987085,0.07400000000006912,0,2.0
122,ERROR_M,1,203,0.7439999999999145,7.5779999999999745,0,2.0
122,ERROR_M,1,204,2.532000000000153,3.41599999999994,1,2.0
122,ERROR_M,1,205,2.7760000000000673,2.487999999999829,1,2.0
122,ERROR_M,1,206,3.1200000000001182,5.25,1,2.0
122,ERROR_M,1,207,3.6099999999999,5.920000000000073,1,2.0
122,ERROR_M,1,208,3.397999999999911,6.933999999999969,1,2.0
122,ERROR_M,1,209,0.11400000000003274,0.06400000000007822,0,2.0
122,ERROR_M,1,210,0.10999999999989996,27.674000000000206,0,2.0
122,ERROR_M,1,211,2.1359999999999673,7.151999999999816,1,2.0
122,ERROR_M,1,212,2.338000000000193,4.217999999999847,1,2.0
122,ERROR_M,1,213,2.2740000000001146,7.8940000000000055,1,2.0
122,ERROR_M,1,214,1.3540000000000418,7.593999999999824,0,2.0
122,ERROR_M,1,215,1.4039999999999964,8.16800000000012,0,2.0
122,ERROR_M,1,216,0.9900000000000091,5.2439999999999145,0,2.0
122,ERROR_M,1,217,1.8320000000001073,9.631999999999834,0,2.0
122,ERROR_M,1,218,1.6400000000001,14.605999999999995,0,2.0
122,ERROR_M,1,219,1.8179999999999836,5.892000000000053,0,2.0
122,ERROR_M,1,220,2.099999999999909,3.3780000000001564,1,2.0
122,ERROR_M,1,221,1.77599999999984,6.3659999999999854,0,2.0
122,ERROR_M,1,222,1.0040000000001328,6.505999999999858,0,2.0
122,ERROR_M,1,223,1.6900000000000546,4.519999999999982,0,2.0
122,ERROR_M,1,224,0.928000000000111,4.864000000000033,0,2.0
122,ERROR_M,1,225,2.8819999999998345,4.932000000000016,1,2.0
122,ERROR_M,1,226,1.7820000000001528,3.9099999999998545,0,2.0
122,ERROR_M,1,227,2.7380000000000564,6.336000000000013,1,2.0
122,ERROR_M,1,228,0.10400000000004184,0.08999999999991815,0,2.0
122,ERROR_M,1,229,0.6800000000000637,6.197999999999865,0,2.0
122,ERROR_M,1,230,2.632000000000062,6.854000000000042,1,2.0
122,ERROR_M,1,231,2.4020000000000437,5.69399999999996,1,2.0
122,ERROR_M,1,232,1.5740000000000691,7.789999999999964,0,2.0
122,ERROR_M,1,233,0.5899999999999181,13.559999999999945,0,2.0
122,ERROR_M,1,234,1.4100000000000819,6.2560000000000855,0,2.0
122,ERROR_M,1,235,2.27599999999984,4.480000000000018,1,2.0
122,ERROR_M,1,236,1.2960000000000491,5.433999999999969,0,2.0
122,ERROR_M,1,237,2.7360000000001037,8.77800000000002,1,2.0
122,ERROR_M,1,238,1.0139999999998963,4.592000000000098,0,2.0
122,ERROR_M,1,239,1.5039999999999054,8.860000000000127,0,2.0
122,ERROR_M,1,240,1.5359999999998308,5.6180000000001655,0,2.0
122,ERROR_M,1,241,1.127999999999929,5.02599999999984,0,2.0
122,ERROR_M,1,242,1.524000000000342,6.113999999999578,0,2.0
122,ERROR_M,1,243,0.9940000000001419,6.902000000000044,0,2.0
122,ERROR_M,1,244,1.9940000000001419,8.545999999999822,0,2.0
122,ERROR_M,1,245,0.9500000000002728,4.669999999999618,0,2.0
122,ERROR_M,1,246,0.8200000000001637,3.1900000000000546,0,2.0
122,ERROR_M,1,247,1.2779999999997926,11.820000000000164,0,2.0
122,ERROR_M,1,248,1.3840000000000146,6.501999999999953,0,2.0
122,ERROR_M,1,249,1.7080000000000837,9.19399999999996,0,2.0
122,ERROR_M,1,250,1.6140000000000327,2.701999999999771,0,2.0
122,ERROR_M,1,251,2.7340000000003783,8.807999999999993,1,2.0
122,ERROR_M,1,252,1.7479999999995925,5.914000000000215,0,2.0
122,ERROR_M,1,253,3.02599999999984,7.994000000000142,1,2.0
122,ERROR_M,1,254,1.4360000000001492,7.161999999999807,0,2.0
122,ERROR_M,1,255,0.8920000000002801,5.635999999999967,0,2.0
122,ERROR_M,1,256,2.60799999999972,5.914000000000215,1,2.0
122,ERROR_M,1,257,2.9079999999999018,3.08199999999988,1,2.0
122,ERROR_M,1,258,3.1399999999998727,4.9780000000000655,1,2.0
122,ERROR_M,1,259,2.4960000000000946,8.344000000000051,1,2.0
122,ERROR_M,1,260,1.5979999999999563,8.572000000000116,0,2.0
122,ERROR_M,1,261,2.2460000000000946,4.91399999999976,1,2.0
122,ERROR_M,1,262,1.4960000000000946,4.070000000000164,0,2.0
122,ERROR_M,1,263,0.8919999999998254,5.596000000000004,0,2.0
122,ERROR_M,1,264,0.8560000000002219,4.55199999999968,0,2.0
122,ERROR_M,1,265,2.0419999999999163,3.9980000000000473,1,2.0
122,ERROR_M,1,266,1.5799999999999272,8.634000000000015,0,2.0
122,ERROR_M,1,267,2.730000000000018,0.0660000000002583,1,2.0
122,ERROR_M,1,268,0.14199999999982538,3.038000000000011,0,2.0
122,ERROR_M,1,269,3.6340000000000146,5.7719999999999345,1,2.0
122,ERROR_M,1,270,0.9880000000002838,24.673999999999978,0,2.0
122,ERROR_M,1,271,1.5459999999998217,20.041999999999916,0,2.0
122,ERROR_M,1,272,1.6759999999999309,8.710000000000036,0,2.0
122,ERROR_M,1,273,0.774000000000342,3.201999999999771,0,2.0
122,ERROR_M,1,274,1.293999999999869,5.153999999999996,0,2.0
122,ERROR_M,1,275,1.3859999999999673,4.528000000000247,0,2.0
122,ERROR_M,1,276,1.8260000000000218,6.092000000000098,0,2.0
122,ERROR_M,1,277,2.4039999999999964,5.923999999999978,1,2.0
122,ERROR_M,1,278,1.6579999999999018,2.436000000000149,0,2.0
122,ERROR_M,1,279,1.819999999999709,3.561999999999898,0,2.0
122,ERROR_M,1,280,2.3140000000003056,6.585999999999785,1,2.0
122,ERROR_M,1,281,1.7160000000003492,6.845999999999549,0,2.0
122,ERROR_M,1,282,1.680000000000291,3.8079999999999927,0,2.0
122,ERROR_M,1,283,1.956000000000131,4.8159999999998035,0,2.0
122,ERROR_M,1,284,2.099999999999909,7.838000000000193,1,2.0
122,ERROR_M,1,285,1.3279999999999745,7.819999999999709,0,2.0
122,ERROR_M,1,286,1.8040000000000873,5.89200000000028,0,2.0
122,ERROR_M,1,287,1.711999999999989,6.554000000000087,0,2.0
122,ERROR_M,1,288,1.83199999999988,2.737999999999829,0,2.0
122,ERROR_M,1,289,1.9039999999999964,6.894000000000233,0,2.0
122,ERROR_M,1,290,1.143999999999778,11.840000000000146,0,2.0
122,ERROR_M,1,291,1.5119999999997162,3.518000000000029,0,2.0
122,ERROR_M,1,292,2.550000000000182,7.014000000000124,1,2.0
122,ERROR_M,1,293,1.237999999999829,7.55600000000004,0,2.0
122,ERROR_M,1,294,0.021999999999934516,8.68600000000015,0,2.0
122,ERROR_M,1,295,1.4899999999997817,3.288000000000011,0,2.0
122,ERROR_M,1,296,1.6660000000001673,8.489999999999782,0,2.0
122,ERROR_M,1,297,1.3800000000001091,8.458000000000084,0,2.0
122,ERROR_M,1,298,2.032000000000153,5.117999999999938,1,2.0
122,ERROR_M,1,299,1.3919999999998254,5.492000000000189,0,2.0
122,ERROR_M,1,300,0.15000000000009095,0.08999999999969077,0,2.0
122,ERROR_M,1,301,0.11599999999998545,53.89800000000014,0,2.0
122,ERROR_M,1,302,0.4719999999997526,0.042000000000371074,0,2.0
122,ERROR_M,1,303,0.23799999999982901,22.90599999999995,0,2.0
122,ERROR_M,1,304,0.19200000000000728,12.166000000000167,0,2.0
122,ERROR_M,1,305,1.3779999999997017,4.778000000000247,0,2.0
122,ERROR_M,1,306,1.9600000000000364,5.958000000000084,0,2.0
122,ERROR_M,1,307,1.9359999999996944,8.544000000000324,0,2.0
122,ERROR_M,1,308,1.5559999999995853,5.870000000000346,0,2.0
122,ERROR_M,1,309,1.9039999999999964,6.123999999999796,0,2.0
122,ERROR_M,1,310,2.2040000000001783,5.705999999999676,1,2.0
122,ERROR_M,1,311,1.5340000000001055,4.059999999999945,0,2.0
122,ERROR_M,1,312,2.2720000000003893,6.75,1,2.0
122,ERROR_M,1,313,1.5419999999999163,2.6399999999998727,0,2.0
122,ERROR_M,1,314,1.9600000000000364,3.4760000000001128,0,2.0
122,ERROR_M,1,315,2.4479999999998654,4.961999999999989,1,2.0
122,ERROR_M,1,316,1.6779999999998836,4.5779999999999745,0,2.0
122,ERROR_M,1,317,2.5700000000001637,5.097999999999956,1,2.0
122,ERROR_M,1,318,2.768000000000029,3.782000000000153,1,2.0
122,ERROR_M,1,319,1.8539999999998145,6.802000000000135,0,2.0
122,ERROR_M,1,320,1.6900000000000546,2.481999999999971,0,2.0
122,ERROR_M,1,321,2.4539999999997235,5.708000000000084,1,2.0
122,ERROR_M,1,322,0.7000000000002728,7.2159999999998945,0,2.0
122,ERROR_M,1,323,1.0920000000000982,7.655999999999949,0,2.0
122,ERROR_M,1,324,1.5079999999998108,12.213999999999942,0,2.0
122,ERROR_M,1,325,1.2719999999999345,8.0300000000002,0,2.0
122,ERROR_M,1,326,1.0499999999997272,6.540000000000418,0,2.0
122,ERROR_M,1,327,0.375999999999749,23.483999999999924,0,2.0
122,ERROR_M,1,328,1.3700000000003456,9.231999999999971,0,2.0
122,ERROR_M,1,329,1.6199999999998909,4.507999999999811,0,2.0
122,ERROR_M,1,330,1.4160000000001673,13.529999999999745,0,2.0
122,ERROR_M,1,331,0.16000000000030923,31.185999999999694,0,2.0
122,ERROR_M,1,332,1.262000000000171,9.67599999999993,0,2.0
122,ERROR_M,1,333,1.2440000000001419,2.7779999999997926,0,2.0
122,ERROR_M,1,334,1.6840000000001965,8.461999999999989,0,2.0
122,ERROR_M,1,335,1.2019999999997708,4.89200000000028,0,2.0
122,ERROR_M,1,336,2.181999999999789,5.190000000000055,1,2.0
122,ERROR_M,1,337,1.3720000000002983,2.867999999999938,0,2.0
122,ERROR_M,1,338,1.0019999999999527,6.529999999999745,0,2.0
122,ERROR_M,1,339,2.1700000000000728,8.300000000000182,1,2.0
122,ERROR_M,1,340,2.6099999999996726,3.050000000000182,1,2.0
122,ERROR_M,1,341,1.7260000000001128,6.014000000000124,0,2.0
122,ERROR_M,1,342,1.4099999999998545,7.833999999999833,0,2.0
122,ERROR_M,1,343,2.3400000000001455,7.208000000000084,1,2.0
122,ERROR_M,1,344,1.587999999999738,7.05600000000004,0,2.0
122,ERROR_M,1,345,1.5340000000001055,6.5479999999997744,0,2.0
122,ERROR_M,1,346,2.2600000000002183,5.75,1,2.0
122,ERROR_M,1,347,1.66800000000012,,0,2.0
122,ERROR_M,2,1,1.3320000000000007,7.0859999999999985,0,2.0
122,ERROR_M,2,2,2.5660000000000025,8.019999999999996,1,2.0
122,ERROR_M,2,3,0.30400000000000205,0.045999999999999375,0,2.0
122,ERROR_M,2,4,0.15400000000000347,35.404,0,2.0
122,ERROR_M,2,5,2.5479999999999876,2.7900000000000063,1,2.0
122,ERROR_M,2,6,2.622,4.090000000000003,1,2.0
122,ERROR_M,2,7,2.5,7.4879999999999995,1,2.0
122,ERROR_M,2,8,5.1499999999999915,5.114000000000004,1,2.0
122,ERROR_M,2,9,1.2360000000000042,0.09399999999999409,0,2.0
122,ERROR_M,2,10,0.4819999999999993,8.188000000000017,0,2.0
122,ERROR_M,2,11,1.3959999999999866,8.671999999999997,0,2.0
122,ERROR_M,2,12,2.3319999999999936,8.100000000000023,1,2.0
122,ERROR_M,2,13,1.0199999999999818,3.2120000000000175,0,2.0
122,ERROR_M,2,14,1.75,4.907999999999987,0,2.0
122,ERROR_M,2,15,2.146000000000015,4.427999999999997,1,2.0
122,ERROR_M,2,16,1.877999999999986,5.713999999999999,0,2.0
122,ERROR_M,2,17,2.4620000000000175,5.501999999999981,1,2.0
122,ERROR_M,2,18,1.9260000000000161,6.393999999999977,0,2.0
122,ERROR_M,2,19,1.754000000000019,4.888000000000005,0,2.0
122,ERROR_M,2,20,1.495999999999981,6.710000000000008,0,2.0
122,ERROR_M,2,21,1.1299999999999955,0.04400000000001114,0,2.0
122,ERROR_M,2,22,0.7959999999999923,13.086000000000013,0,2.0
122,ERROR_M,2,23,2.0519999999999925,6.891999999999996,1,2.0
122,ERROR_M,2,24,1.7820000000000107,7.213999999999999,0,2.0
122,ERROR_M,2,25,1.921999999999997,7.542000000000002,0,2.0
122,ERROR_M,2,26,0.9359999999999786,5.231999999999999,0,2.0
122,ERROR_M,2,27,1.9860000000000184,0.11400000000000432,0,2.0
122,ERROR_M,2,28,0.42799999999999727,8.101999999999975,0,2.0
122,ERROR_M,2,29,0.06600000000003092,0.07599999999996498,0,2.0
122,ERROR_M,2,30,0.3580000000000041,5.932000000000016,0,2.0
122,ERROR_M,2,31,1.6379999999999768,3.154000000000053,0,2.0
122,ERROR_M,2,32,1.6079999999999472,8.372000000000014,0,2.0
122,ERROR_M,2,33,1.2580000000000382,8.325999999999965,0,2.0
122,ERROR_M,2,34,0.016000000000019554,10.127999999999986,0,2.0
122,ERROR_M,2,35,2.0400000000000205,6.2239999999999895,1,2.0
122,ERROR_M,2,36,1.5740000000000123,3.9039999999999964,0,2.0
122,ERROR_M,2,37,2.9279999999999973,6.608000000000004,1,2.0
122,ERROR_M,2,38,1.2759999999999536,4.6340000000000146,0,2.0
122,ERROR_M,2,39,2.2040000000000077,4.1440000000000055,1,2.0
122,ERROR_M,2,40,1.872000000000014,4.993999999999971,0,2.0
122,ERROR_M,2,41,1.4019999999999868,5.604000000000042,0,2.0
122,ERROR_M,2,42,2.1779999999999973,6.069999999999993,1,2.0
122,ERROR_M,2,43,1.433999999999969,2.854000000000042,0,2.0
122,ERROR_M,2,44,1.9099999999999682,4.080000000000041,0,2.0
122,ERROR_M,2,45,2.4659999999999513,4.7620000000000005,1,2.0
122,ERROR_M,2,46,2.0720000000000027,6.174000000000035,1,2.0
122,ERROR_M,2,47,1.8480000000000132,6.555999999999983,0,2.0
122,ERROR_M,2,48,2.2099999999999795,7.427999999999997,1,2.0
122,ERROR_M,2,49,1.9180000000000064,7.685999999999979,0,2.0
122,ERROR_M,2,50,1.3500000000000227,7.728000000000009,0,2.0
122,ERROR_M,2,51,1.9320000000000164,5.555999999999983,0,2.0
122,ERROR_M,2,52,2.0079999999999814,6.300000000000011,1,2.0
122,ERROR_M,2,53,0.38999999999998636,0.132000000000005,0,2.0
122,ERROR_M,2,54,0.057999999999992724,14.734000000000037,0,2.0
122,ERROR_M,2,55,1.801999999999964,8.672000000000025,0,2.0
122,ERROR_M,2,56,2.6619999999999777,0.09000000000003183,1,2.0
122,ERROR_M,2,57,0.3879999999999768,8.805999999999983,0,2.0
122,ERROR_M,2,58,1.920000000000016,3.7900000000000205,0,2.0
122,ERROR_M,2,59,2.2899999999999636,2.9180000000000064,1,2.0
122,ERROR_M,2,60,2.0780000000000314,3.3179999999999836,1,2.0
122,ERROR_M,2,61,1.8079999999999927,3.812000000000012,0,2.0
122,ERROR_M,2,62,2.2180000000000177,5.2239999999999895,1,2.0
122,ERROR_M,2,63,1.4440000000000168,3.665999999999997,0,2.0
122,ERROR_M,2,64,2.8899999999999864,5.145999999999958,1,2.0
122,ERROR_M,2,65,2.245999999999981,3.7180000000000746,1,2.0
122,ERROR_M,2,66,2.3859999999999673,4.711999999999989,1,2.0
122,ERROR_M,2,67,1.4400000000000546,5.1200000000000045,0,2.0
122,ERROR_M,2,68,2.6119999999999663,4.6580000000000155,1,2.0
122,ERROR_M,2,69,1.259999999999991,3.5499999999999545,0,2.0
122,ERROR_M,2,70,2.286000000000058,6.6340000000000146,1,2.0
122,ERROR_M,2,71,0.32200000000000273,0.01999999999998181,0,2.0
122,ERROR_M,2,72,0.6580000000000155,7.425999999999931,0,2.0
122,ERROR_M,2,73,1.7340000000000373,2.6440000000000055,0,2.0
122,ERROR_M,2,74,2.0919999999999845,8.172000000000025,1,2.0
122,ERROR_M,2,75,1.768000000000029,8.989999999999895,0,2.0
122,ERROR_M,2,76,1.8980000000000246,5.572000000000003,0,2.0
122,ERROR_M,2,77,1.4139999999999873,3.524000000000001,0,2.0
122,ERROR_M,2,78,1.6900000000000546,3.92999999999995,0,2.0
122,ERROR_M,2,79,3.3640000000000327,6.166000000000054,1,2.0
122,ERROR_M,2,80,1.3159999999999172,7.138000000000034,0,2.0
122,ERROR_M,2,81,2.1440000000000055,7.259999999999991,1,2.0
122,ERROR_M,2,82,1.7859999999999445,7.510000000000105,0,2.0
122,ERROR_M,2,83,0.12599999999997635,0.10199999999997544,0,2.0
122,ERROR_M,2,84,0.09799999999995634,9.400000000000091,0,2.0
122,ERROR_M,2,85,2.25,5.421999999999912,1,2.0
122,ERROR_M,2,86,1.622000000000071,6.52800000000002,0,2.0
122,ERROR_M,2,87,2.3279999999999745,4.92999999999995,1,2.0
122,ERROR_M,2,88,2.0779999999999745,3.772000000000048,1,2.0
122,ERROR_M,2,89,2.005999999999972,5.269999999999982,1,2.0
122,ERROR_M,2,90,2.2240000000000464,5.024000000000001,1,2.0
122,ERROR_M,2,91,1.7440000000000282,6.889999999999986,0,2.0
122,ERROR_M,2,92,0.13999999999998636,8.166000000000054,0,2.0
122,ERROR_M,2,93,1.8819999999999482,8.018000000000029,0,2.0
122,ERROR_M,2,94,1.73599999999999,6.251999999999953,0,2.0
122,ERROR_M,2,95,1.7699999999999818,8.218000000000075,0,2.0
122,ERROR_M,2,96,1.7279999999999518,8.495999999999981,0,2.0
122,ERROR_M,2,97,2.8700000000000045,4.331999999999994,1,2.0
122,ERROR_M,2,98,1.7200000000000273,4.539999999999964,0,2.0
122,ERROR_M,2,99,2.55600000000004,3.7380000000000564,1,2.0
122,ERROR_M,2,100,2.881999999999948,6.8139999999999645,1,2.0
122,ERROR_M,2,101,2.302000000000021,5.138000000000034,1,2.0
122,ERROR_M,2,102,2.076000000000022,5.475999999999999,1,2.0
122,ERROR_M,2,103,1.461999999999989,5.788000000000011,0,2.0
122,ERROR_M,2,104,1.2819999999999254,0.08199999999999363,0,2.0
122,ERROR_M,2,105,0.39000000000010004,8.17599999999993,0,2.0
122,ERROR_M,2,106,1.9099999999999682,4.752000000000066,0,2.0
122,ERROR_M,2,107,2.7619999999999436,7.958000000000084,1,2.0
122,ERROR_M,2,108,1.759999999999991,8.327999999999975,0,2.0
122,ERROR_M,2,109,2.2999999999999545,8.694000000000074,1,2.0
122,ERROR_M,2,110,1.65199999999993,6.76400000000001,0,2.0
122,ERROR_M,2,111,0.2760000000000673,0.06399999999996453,0,2.0
122,ERROR_M,2,112,0.14199999999993906,5.282000000000039,0,2.0
122,ERROR_M,2,113,2.3619999999999663,3.548000000000002,1,2.0
122,ERROR_M,2,114,1.9160000000000537,2.8460000000000036,0,2.0
122,ERROR_M,2,115,2.1539999999999964,4.1059999999999945,1,2.0
122,ERROR_M,2,116,2.0779999999999745,4.725999999999999,1,2.0
122,ERROR_M,2,117,1.7480000000000473,2.5879999999999654,0,2.0
122,ERROR_M,2,118,1.4660000000000082,4.371999999999957,0,2.0
122,ERROR_M,2,119,1.7160000000000082,5.307999999999993,0,2.0
122,ERROR_M,2,120,2.108000000000061,5.927999999999997,1,2.0
122,ERROR_M,2,121,2.4360000000000355,6.66599999999994,1,2.0
122,ERROR_M,2,122,1.3400000000000318,0.06200000000001182,0,2.0
122,ERROR_M,2,123,0.053999999999973625,7.653999999999996,0,2.0
122,ERROR_M,2,124,1.8039999999999736,5.324000000000069,0,2.0
122,ERROR_M,2,125,0.15399999999999636,0.049999999999954525,0,2.0
122,ERROR_M,2,126,0.2259999999999991,15.644000000000005,0,2.0
122,ERROR_M,2,127,2.1580000000000155,7.2999999999999545,1,2.0
122,ERROR_M,2,128,2.052000000000021,6.02800000000002,1,2.0
122,ERROR_M,2,129,0.2799999999999727,0.057999999999992724,0,2.0
122,ERROR_M,2,130,0.12000000000000455,7.008000000000038,0,2.0
122,ERROR_M,2,131,2.41599999999994,4.588000000000079,1,2.0
122,ERROR_M,2,132,1.75,3.259999999999991,0,2.0
122,ERROR_M,2,133,1.6639999999999873,2.92999999999995,0,2.0
122,ERROR_M,2,134,2.4440000000000737,6.593999999999937,1,2.0
122,ERROR_M,2,135,1.97199999999998,6.988000000000056,0,2.0
122,ERROR_M,2,136,1.04200000000003,7.325999999999908,0,2.0
122,ERROR_M,2,137,1.183999999999969,7.688000000000102,0,2.0
122,ERROR_M,2,138,2.461999999999989,8.049999999999955,1,2.0
122,ERROR_M,2,139,1.4919999999999618,9.385999999999967,0,2.0
122,ERROR_M,2,140,2.480000000000018,9.00200000000018,1,2.0
122,ERROR_M,2,141,1.431999999999789,2.8480000000001837,0,2.0
122,ERROR_M,2,142,2.2239999999999327,5.662000000000035,1,2.0
122,ERROR_M,2,143,1.7480000000000473,3.5559999999998126,0,2.0
122,ERROR_M,2,144,0.14000000000010004,0.09999999999990905,0,2.0
122,ERROR_M,2,145,0.11800000000016553,13.81399999999985,0,2.0
122,ERROR_M,2,146,0.32600000000002183,0.044000000000096406,0,2.0
122,ERROR_M,2,147,0.5419999999999163,8.144000000000005,0,2.0
122,ERROR_M,2,148,1.6600000000000819,5.912000000000035,0,2.0
122,ERROR_M,2,149,1.4679999999998472,4.016000000000076,0,2.0
122,ERROR_M,2,150,1.8299999999999272,7.044000000000096,0,2.0
122,ERROR_M,2,151,2.5,7.83400000000006,1,2.0
122,ERROR_M,2,152,3.3759999999999764,8.121999999999844,1,2.0
122,ERROR_M,2,153,2.032000000000153,8.255999999999858,1,2.0
122,ERROR_M,2,154,1.4139999999999873,4.820000000000164,0,2.0
122,ERROR_M,2,155,2.349999999999909,8.653999999999996,1,2.0
122,ERROR_M,2,156,2.0240000000001146,5.269999999999982,1,2.0
122,ERROR_M,2,157,1.5459999999998217,6.068000000000211,0,2.0
122,ERROR_M,2,158,3.0219999999999345,2.6620000000000346,1,2.0
122,ERROR_M,2,159,1.293999999999869,0.07600000000002183,0,2.0
122,ERROR_M,2,160,0.8099999999999454,4.732000000000198,0,2.0
122,ERROR_M,2,161,0.599999999999909,7.826000000000022,0,2.0
122,ERROR_M,2,162,2.231999999999971,6.509999999999991,1,2.0
122,ERROR_M,2,163,1.3559999999999945,2.798000000000002,0,2.0
122,ERROR_M,2,164,1.9200000000000728,5.4659999999998945,0,2.0
122,ERROR_M,2,165,2.7819999999999254,4.930000000000064,1,2.0
122,ERROR_M,2,166,2.244000000000142,3.755999999999858,1,2.0
122,ERROR_M,2,167,1.5900000000001455,4.467999999999847,0,2.0
122,ERROR_M,2,168,2.155999999999949,5.902000000000044,1,2.0
122,ERROR_M,2,169,1.94399999999996,7.3400000000001455,0,2.0
122,ERROR_M,2,170,1.627999999999929,4.933999999999969,0,2.0
122,ERROR_M,2,171,2.4300000000000637,6.38799999999992,1,2.0
122,ERROR_M,2,172,1.6720000000000255,3.0920000000000982,0,2.0
122,ERROR_M,2,173,2.755999999999858,5.522000000000162,1,2.0
122,ERROR_M,2,174,1.4739999999999327,6.872000000000071,0,2.0
122,ERROR_M,2,175,3.1920000000000073,3.326000000000022,1,2.0
122,ERROR_M,2,176,0.07599999999979445,7.094000000000051,0,2.0
122,ERROR_M,2,177,1.961999999999989,6.2000000000000455,0,2.0
122,ERROR_M,2,178,1.8920000000000528,4.788000000000011,0,2.0
122,ERROR_M,2,179,1.52599999999984,5.904000000000224,0,2.0
122,ERROR_M,2,180,1.759999999999991,7.015999999999849,0,2.0
122,ERROR_M,2,181,1.2100000000000364,7.27800000000002,0,2.0
122,ERROR_M,2,182,2.9480000000000928,7.72199999999998,1,2.0
122,ERROR_M,2,183,2.145999999999958,8.107999999999947,1,2.0
122,ERROR_M,2,184,0.029999999999972715,0.021999999999934516,0,2.0
122,ERROR_M,2,185,0.7220000000002074,9.843999999999824,0,2.0
122,ERROR_M,2,186,2.1000000000001364,8.561999999999898,1,2.0
122,ERROR_M,2,187,2.206000000000131,124.22599999999989,1,2.0
122,ERROR_M,2,188,1.8199999999999363,23.194000000000187,0,2.0
122,ERROR_M,2,189,1.5039999999999054,3.9279999999998836,0,2.0
122,ERROR_M,2,190,1.3940000000000055,6.510000000000218,0,2.0
122,ERROR_M,2,191,1.7899999999999636,8.008000000000038,0,2.0
122,ERROR_M,2,192,1.9239999999999782,2.785999999999831,0,2.0
122,ERROR_M,2,193,2.3300000000001546,5.445999999999913,1,2.0
122,ERROR_M,2,194,0.2619999999999436,10.708000000000084,0,2.0
122,ERROR_M,2,195,1.5699999999999363,8.80600000000004,0,2.0
122,ERROR_M,2,196,2.8420000000000982,3.293999999999869,1,2.0
122,ERROR_M,2,197,2.6000000000001364,4.657999999999902,1,2.0
122,ERROR_M,2,198,2.617999999999938,6.162000000000035,1,2.0
122,ERROR_M,2,199,2.0920000000000982,8.30600000000004,1,2.0
122,ERROR_M,2,200,1.4699999999998,7.817999999999984,0,2.0
122,ERROR_M,2,201,2.1940000000001874,4.519999999999982,1,2.0
122,ERROR_M,2,202,1.8579999999999472,7.08400000000006,0,2.0
122,ERROR_M,2,203,1.9479999999998654,3.872000000000071,0,2.0
122,ERROR_M,2,204,3.1420000000000528,5.08199999999988,1,2.0
122,ERROR_M,2,205,0.7100000000000364,0.06799999999998363,0,2.0
122,ERROR_M,2,206,0.17599999999993088,10.814000000000078,0,2.0
122,ERROR_M,2,207,1.9300000000000637,3.4379999999998745,0,2.0
122,ERROR_M,2,208,2.02800000000002,3.1520000000000437,1,2.0
122,ERROR_M,2,209,2.0060000000000855,6.692000000000007,1,2.0
122,ERROR_M,2,210,0.8659999999999854,2.548000000000002,0,2.0
122,ERROR_M,2,211,1.7980000000000018,3.77800000000002,0,2.0
122,ERROR_M,2,212,2.1359999999999673,7.170000000000073,1,2.0
122,ERROR_M,2,213,2.133999999999787,8.43600000000015,1,2.0
122,ERROR_M,2,214,1.7139999999999418,5.788000000000011,0,2.0
122,ERROR_M,2,215,1.9559999999999036,8.05600000000004,0,2.0
122,ERROR_M,2,216,2.3840000000000146,8.94399999999996,1,2.0
122,ERROR_M,2,217,1.5740000000000691,8.271999999999935,0,2.0
122,ERROR_M,2,218,2.268000000000029,3.428000000000111,1,2.0
122,ERROR_M,2,219,2.2239999999999327,4.102000000000089,1,2.0
122,ERROR_M,2,220,1.7519999999999527,4.817999999999984,0,2.0
122,ERROR_M,2,221,1.7639999999998963,5.3680000000001655,0,2.0
122,ERROR_M,2,222,1.877999999999929,6.546000000000049,0,2.0
122,ERROR_M,2,223,2.7639999999998963,7.059999999999945,1,2.0
122,ERROR_M,2,224,1.6880000000001019,5.566000000000031,0,2.0
122,ERROR_M,2,225,1.9500000000000455,3.2719999999999345,0,2.0
122,ERROR_M,2,226,0.03600000000005821,7.16599999999994,0,2.0
122,ERROR_M,2,227,2.16599999999994,4.860000000000127,1,2.0
122,ERROR_M,2,228,0.17399999999997817,0.041999999999916326,0,2.0
122,ERROR_M,2,229,0.19399999999995998,10.536000000000058,0,2.0
122,ERROR_M,2,230,1.9480000000000928,4.619999999999891,0,2.0
122,ERROR_M,2,231,2.324000000000069,6.837999999999965,1,2.0
122,ERROR_M,2,232,1.9179999999998927,6.130000000000109,0,2.0
122,ERROR_M,2,233,2.132000000000062,7.1039999999998145,1,2.0
122,ERROR_M,2,234,2.1420000000000528,5.624000000000024,1,2.0
122,ERROR_M,2,235,2.201999999999998,4.092000000000098,1,2.0
122,ERROR_M,2,236,2.2159999999998945,7.346000000000004,1,2.0
122,ERROR_M,2,237,1.4420000000000073,4.135999999999967,0,2.0
122,ERROR_M,2,238,2.046000000000049,5.531999999999925,1,2.0
122,ERROR_M,2,239,1.9820000000001983,7.669999999999845,0,2.0
122,ERROR_M,2,240,2.8099999999999454,8.27000000000021,1,2.0
122,ERROR_M,2,241,2.461999999999989,7.5759999999997945,1,2.0
122,ERROR_M,2,242,1.8860000000001946,6.035999999999831,0,2.0
122,ERROR_M,2,243,1.6980000000000928,7.990000000000009,0,2.0
122,ERROR_M,2,244,1.8540000000000418,8.293999999999869,0,2.0
122,ERROR_M,2,245,2.41800000000012,6.7999999999999545,1,2.0
122,ERROR_M,2,246,1.9459999999999127,3.5060000000000855,0,2.0
122,ERROR_M,2,247,2.2999999999999545,5.488000000000056,1,2.0
122,ERROR_M,2,248,1.7639999999998963,2.6940000000001874,0,2.0
122,ERROR_M,2,249,0.041999999999916326,0.057999999999992724,0,2.0
122,ERROR_M,2,250,0.20199999999999818,7.6059999999999945,0,2.0
122,ERROR_M,2,251,2.326000000000022,8.667999999999893,1,2.0
122,ERROR_M,2,252,2.546000000000049,5.0060000000000855,1,2.0
122,ERROR_M,2,253,2.436000000000149,3.649999999999636,1,2.0
122,ERROR_M,2,254,1.9239999999999782,5.210000000000036,0,2.0
122,ERROR_M,2,255,2.104000000000269,7.08199999999988,1,2.0
122,ERROR_M,2,256,1.987999999999829,2.80600000000004,0,2.0
122,ERROR_M,2,257,2.4660000000003492,5.655999999999949,1,2.0
122,ERROR_M,2,258,2.105999999999767,4.2960000000002765,1,2.0
122,ERROR_M,2,259,1.7559999999998581,8.335999999999785,0,2.0
122,ERROR_M,2,260,2.624000000000251,5.7599999999997635,1,2.0
122,ERROR_M,2,261,2.3200000000001637,6.304000000000087,1,2.0
122,ERROR_M,2,262,1.7419999999997344,3.7040000000001783,0,2.0
122,ERROR_M,2,263,2.380000000000109,4.942000000000007,1,2.0
122,ERROR_M,2,264,2.437999999999647,6.64200000000028,1,2.0
122,ERROR_M,2,265,1.6159999999999854,2.645999999999731,0,2.0
122,ERROR_M,2,266,2.106000000000222,7.393999999999778,1,2.0
122,ERROR_M,2,267,2.1520000000000437,7.644000000000233,1,2.0
122,ERROR_M,2,268,2.2260000000001128,9.573999999999614,1,2.0
122,ERROR_M,2,269,1.9039999999999964,7.746000000000095,0,2.0
122,ERROR_M,2,270,2.423999999999978,4.508000000000266,1,2.0
122,ERROR_M,2,271,2.145999999999731,6.7020000000002256,1,2.0
122,ERROR_M,2,272,2.257999999999811,4.682000000000244,1,2.0
122,ERROR_M,2,273,2.1159999999999854,4.496000000000095,1,2.0
122,ERROR_M,2,274,0.1339999999995598,30.256000000000313,0,2.0
122,ERROR_M,2,275,1.2460000000000946,10.835999999999785,0,2.0
122,ERROR_M,2,276,0.11999999999989086,77.41800000000012,0,2.0
122,ERROR_M,2,277,1.0659999999998035,12.476000000000113,0,2.0
122,ERROR_M,2,278,1.8040000000000873,2.9659999999998945,0,2.0
122,ERROR_M,2,279,1.9280000000003383,5.75,0,2.0
122,ERROR_M,2,280,2.0779999999999745,7.0,1,2.0
122,ERROR_M,2,281,1.881999999999607,6.164000000000215,0,2.0
122,ERROR_M,2,282,2.0799999999999272,7.653999999999996,1,2.0
122,ERROR_M,2,283,1.5480000000002292,3.923999999999978,0,2.0
122,ERROR_M,2,284,2.0899999999996908,4.309999999999945,1,2.0
122,ERROR_M,2,285,1.5400000000004184,8.109999999999673,0,2.0
122,ERROR_M,2,286,1.968000000000302,7.071999999999662,0,2.0
122,ERROR_M,2,287,2.2200000000002547,5.507999999999811,1,2.0
122,ERROR_M,2,288,2.018000000000029,5.36200000000008,1,2.0
122,ERROR_M,2,289,2.173999999999978,4.9900000000002365,1,2.0
122,ERROR_M,2,290,1.513999999999669,5.480000000000018,0,2.0
122,ERROR_M,2,291,2.2260000000001128,5.552000000000135,1,2.0
122,ERROR_M,2,292,1.55600000000004,7.805999999999585,0,2.0
122,ERROR_M,2,293,2.380000000000109,8.384000000000015,1,2.0
122,ERROR_M,2,294,2.4220000000000255,3.606000000000222,1,2.0
122,ERROR_M,2,295,2.730000000000018,8.573999999999614,1,2.0
122,ERROR_M,2,296,1.7380000000002838,2.9580000000000837,0,2.0
122,ERROR_M,2,297,2.344000000000051,5.9539999999997235,1,2.0
122,ERROR_M,2,298,1.8719999999998436,7.578000000000429,0,2.0
122,ERROR_M,2,299,2.631999999999607,6.5020000000004075,1,2.0
122,ERROR_M,2,300,1.9559999999996762,3.882000000000062,0,2.0
122,ERROR_M,2,301,2.8220000000001164,2.8040000000000873,1,2.0
122,ERROR_M,2,302,1.837999999999738,4.8659999999999854,0,2.0
122,ERROR_M,2,303,3.461999999999989,4.66800000000012,1,2.0
122,ERROR_M,2,304,2.894000000000233,7.269999999999982,1,2.0
122,ERROR_M,2,305,2.1579999999999018,7.804000000000087,1,2.0
122,ERROR_M,2,306,1.9479999999998654,7.0900000000001455,0,2.0
122,ERROR_M,2,307,2.575999999999567,2.868000000000393,1,2.0
122,ERROR_M,2,308,2.849999999999909,6.074000000000069,1,2.0
122,ERROR_M,2,309,3.324000000000069,7.451999999999771,1,2.0
122,ERROR_M,2,310,2.768000000000029,4.751999999999953,1,2.0
122,ERROR_M,2,311,2.7919999999999163,6.774000000000342,1,2.0
122,ERROR_M,2,312,1.781999999999698,7.1840000000001965,0,2.0
122,ERROR_M,2,313,1.8979999999996835,5.394000000000233,0,2.0
122,ERROR_M,2,314,3.1039999999998145,5.307999999999993,1,2.0
122,ERROR_M,2,315,2.094000000000051,8.610000000000127,1,2.0
122,ERROR_M,2,316,1.8260000000000218,4.279999999999745,0,2.0
122,ERROR_M,2,317,2.0460000000002765,5.451999999999771,1,2.0
122,ERROR_M,2,318,1.8659999999999854,6.350000000000364,0,2.0
122,ERROR_M,2,319,2.2399999999997817,8.106000000000222,1,2.0
122,ERROR_M,2,320,1.543999999999869,8.367999999999938,0,2.0
122,ERROR_M,2,321,2.5019999999999527,5.594000000000051,1,2.0
122,ERROR_M,2,322,2.130000000000109,5.201999999999771,1,2.0
122,ERROR_M,2,323,1.7780000000002474,3.7919999999999163,0,2.0
122,ERROR_M,2,324,1.893999999999778,6.403999999999996,0,2.0
122,ERROR_M,2,325,1.9880000000002838,2.705999999999676,0,2.0
122,ERROR_M,2,326,3.850000000000364,5.273999999999887,1,2.0
122,ERROR_M,2,327,1.625999999999749,6.570000000000164,0,2.0
122,ERROR_M,2,328,2.8600000000001273,3.4099999999998545,1,2.0
122,ERROR_M,2,329,1.956000000000131,6.166000000000167,0,2.0
122,ERROR_M,2,330,2.0099999999997635,7.016000000000076,1,2.0
122,ERROR_M,2,331,1.72400000000016,7.52599999999984,0,2.0
122,ERROR_M,2,332,2.19399999999996,8.456000000000131,1,2.0
122,ERROR_M,2,333,1.8240000000000691,3.211999999999989,0,2.0
122,ERROR_M,2,334,0.05199999999967986,0.08800000000019281,0,2.0
122,ERROR_M,2,335,0.13200000000006185,14.647999999999683,0,2.0
122,ERROR_M,2,336,1.8380000000001928,7.512000000000171,0,2.0
122,ERROR_M,2,337,2.175999999999931,14.333999999999833,1,2.0
122,ERROR_M,2,338,1.6359999999999673,8.483999999999924,0,2.0
122,ERROR_M,2,339,1.97400000000016,8.391999999999825,0,2.0
122,ERROR_M,2,340,1.7460000000000946,4.170000000000073,0,2.0
122,ERROR_M,2,341,2.757999999999811,5.182000000000244,1,2.0
122,ERROR_M,2,342,2.7899999999999636,2.967999999999847,1,2.0
122,ERROR_M,2,343,2.2460000000000946,6.442000000000007,1,2.0
122,ERROR_M,2,344,1.9380000000001019,4.632000000000062,0,2.0
122,ERROR_M,2,345,1.4179999999996653,5.403999999999996,0,2.0
122,ERROR_M,2,346,1.4780000000000655,3.8299999999999272,0,2.0
122,ERROR_M,2,347,2.744000000000142,6.932000000000244,1,2.0
122,ERROR_M,2,348,1.8359999999997854,5.735999999999876,0,2.0
122,ERROR_M,2,349,1.9720000000002074,2.9079999999999018,0,2.0
122,ERROR_M,2,350,1.2699999999999818,3.6599999999998545,0,2.0
122,ERROR_M,2,351,2.0280000000002474,5.641999999999825,1,2.0
122,ERROR_M,2,352,1.4020000000000437,5.930000000000291,0,2.0
122,ERROR_M,2,353,0.047999999999774445,0.0660000000002583,0,2.0
122,ERROR_M,2,354,1.043999999999869,,0,2.0
122,ERROR_M,3,1,1.8120000000000012,7.187999999999995,0,2.0
122,ERROR_M,3,2,3.3800000000000026,7.216000000000001,1,2.0
122,ERROR_M,3,3,1.0840000000000032,0.04399999999999693,0,2.0
122,ERROR_M,3,4,0.19599999999999795,24.928000000000004,0,2.0
122,ERROR_M,3,5,1.480000000000004,7.915999999999997,0,2.0
122,ERROR_M,3,6,1.8079999999999927,7.811999999999998,0,2.0
122,ERROR_M,3,7,1.676000000000002,8.522000000000006,0,2.0
122,ERROR_M,3,8,2.0600000000000023,4.213999999999999,1,2.0
122,ERROR_M,3,9,1.7779999999999916,6.812000000000012,0,2.0
122,ERROR_M,3,10,1.9919999999999902,8.420000000000002,0,2.0
122,ERROR_M,3,11,2.2139999999999986,4.9339999999999975,1,2.0
122,ERROR_M,3,12,1.960000000000008,2.334000000000003,0,2.0
122,ERROR_M,3,13,2.132000000000005,4.804000000000002,1,2.0
122,ERROR_M,3,14,1.7099999999999795,3.0060000000000002,0,2.0
122,ERROR_M,3,15,2.3739999999999952,3.7900000000000205,1,2.0
122,ERROR_M,3,16,2.0379999999999825,4.294000000000011,1,2.0
122,ERROR_M,3,17,1.6899999999999977,5.162000000000006,0,2.0
122,ERROR_M,3,18,1.5139999999999816,6.684000000000026,0,2.0
122,ERROR_M,3,19,1.907999999999987,3.093999999999994,0,2.0
122,ERROR_M,3,20,2.5600000000000023,6.349999999999994,1,2.0
122,ERROR_M,3,21,2.254000000000019,4.187999999999988,1,2.0
122,ERROR_M,3,22,1.4399999999999977,7.647999999999996,0,2.0
122,ERROR_M,3,23,1.6380000000000052,4.307999999999993,0,2.0
122,ERROR_M,3,24,2.0200000000000102,4.924000000000007,1,2.0
122,ERROR_M,3,25,1.8799999999999955,5.151999999999987,0,2.0
122,ERROR_M,3,26,2.380000000000024,5.913999999999987,1,2.0
122,ERROR_M,3,27,1.7079999999999984,6.461999999999989,0,2.0
122,ERROR_M,3,28,1.896000000000015,6.930000000000007,0,2.0
122,ERROR_M,3,29,1.5840000000000032,5.767999999999972,0,2.0
122,ERROR_M,3,30,1.6040000000000418,7.601999999999975,0,2.0
122,ERROR_M,3,31,0.18799999999998818,0.1279999999999859,0,2.0
122,ERROR_M,3,32,0.06400000000002137,7.72199999999998,0,2.0
122,ERROR_M,3,33,0.03000000000002956,13.271999999999991,0,2.0
122,ERROR_M,3,34,1.8879999999999768,8.442000000000007,0,2.0
122,ERROR_M,3,35,1.9460000000000264,6.6200000000000045,0,2.0
122,ERROR_M,3,36,2.406000000000006,3.6680000000000064,1,2.0
122,ERROR_M,3,37,2.287999999999954,3.3180000000000405,1,2.0
122,ERROR_M,3,38,1.4660000000000082,3.1119999999999663,0,2.0
122,ERROR_M,3,39,2.194000000000017,2.7040000000000077,1,2.0
122,ERROR_M,3,40,2.0039999999999623,7.224000000000046,1,2.0
122,ERROR_M,3,41,2.099999999999966,3.3000000000000114,1,2.0
122,ERROR_M,3,42,1.9660000000000082,4.185999999999979,0,2.0
122,ERROR_M,3,43,2.3520000000000323,4.7339999999999804,1,2.0
122,ERROR_M,3,44,1.8600000000000136,6.23599999999999,0,2.0
122,ERROR_M,3,45,1.774000000000001,2.915999999999997,0,2.0
122,ERROR_M,3,46,2.170000000000016,3.6159999999999854,1,2.0
122,ERROR_M,3,47,2.127999999999986,7.910000000000025,1,2.0
122,ERROR_M,3,48,2.0600000000000023,3.9939999999999714,1,2.0
122,ERROR_M,3,49,2.1759999999999877,8.28000000000003,1,2.0
122,ERROR_M,3,50,1.7479999999999905,5.822000000000003,0,2.0
122,ERROR_M,3,51,2.1200000000000045,8.057999999999993,1,2.0
122,ERROR_M,3,52,1.5360000000000014,8.26400000000001,0,2.0
122,ERROR_M,3,53,2.0639999999999645,3.3040000000000305,1,2.0
122,ERROR_M,3,54,2.009999999999991,6.5540000000000305,1,2.0
122,ERROR_M,3,55,1.5459999999999923,6.858000000000004,0,2.0
122,ERROR_M,3,56,2.1959999999999695,8.533999999999992,1,2.0
122,ERROR_M,3,57,1.8400000000000318,4.717999999999961,0,2.0
122,ERROR_M,3,58,2.084000000000003,5.228000000000009,1,2.0
122,ERROR_M,3,59,1.8659999999999854,5.624000000000024,0,2.0
122,ERROR_M,3,60,1.7019999999999982,2.867999999999995,0,2.0
122,ERROR_M,3,61,1.579999999999984,4.900000000000034,0,2.0
122,ERROR_M,3,62,2.527999999999963,3.188000000000045,1,2.0
122,ERROR_M,3,63,2.7719999999999914,7.587999999999965,1,2.0
122,ERROR_M,3,64,1.6059999999999945,7.074000000000069,0,2.0
122,ERROR_M,3,65,1.8859999999999673,8.303999999999974,0,2.0
122,ERROR_M,3,66,1.8260000000000218,5.748000000000047,0,2.0
122,ERROR_M,3,67,2.089999999999918,5.1580000000000155,1,2.0
122,ERROR_M,3,68,2.0639999999999645,4.146000000000072,1,2.0
122,ERROR_M,3,69,2.269999999999982,6.8279999999999745,1,2.0
122,ERROR_M,3,70,1.8120000000000118,9.361999999999966,0,2.0
122,ERROR_M,3,71,2.2340000000000373,3.4400000000000546,1,2.0
122,ERROR_M,3,72,2.755999999999972,3.509999999999991,1,2.0
122,ERROR_M,3,73,1.6340000000000146,3.7959999999999354,0,2.0
122,ERROR_M,3,74,2.1059999999999945,4.600000000000023,1,2.0
122,ERROR_M,3,75,1.9200000000000728,6.942000000000007,0,2.0
122,ERROR_M,3,76,2.1539999999999964,8.487999999999943,1,2.0
122,ERROR_M,3,77,1.5199999999999818,5.6440000000000055,0,2.0
122,ERROR_M,3,78,1.7659999999999627,8.506000000000085,0,2.0
122,ERROR_M,3,79,1.8319999999999936,4.44399999999996,0,2.0
122,ERROR_M,3,80,1.9940000000000282,4.114000000000033,0,2.0
122,ERROR_M,3,81,1.9099999999999682,5.259999999999991,0,2.0
122,ERROR_M,3,82,2.0720000000000027,5.716000000000008,1,2.0
122,ERROR_M,3,83,1.65199999999993,5.844000000000051,0,2.0
122,ERROR_M,3,84,2.038000000000011,3.1520000000000437,1,2.0
122,ERROR_M,3,85,2.1159999999999854,5.052000000000021,1,2.0
122,ERROR_M,3,86,1.599999999999909,7.80600000000004,0,2.0
122,ERROR_M,3,87,2.052000000000021,9.183999999999969,1,2.0
122,ERROR_M,3,88,1.7580000000000382,8.524000000000001,0,2.0
122,ERROR_M,3,89,1.7099999999999227,3.9720000000000937,0,2.0
122,ERROR_M,3,90,2.0720000000000027,3.685999999999922,1,2.0
122,ERROR_M,3,91,2.136000000000081,6.5499999999999545,1,2.0
122,ERROR_M,3,92,2.354000000000042,7.187999999999988,1,2.0
122,ERROR_M,3,93,1.8199999999999363,6.005999999999972,0,2.0
122,ERROR_M,3,94,2.1960000000000264,2.8419999999999845,1,2.0
122,ERROR_M,3,95,2.240000000000009,7.374000000000024,1,2.0
122,ERROR_M,3,96,1.8759999999999764,7.858000000000061,0,2.0
122,ERROR_M,3,97,2.1480000000000246,3.9179999999998927,1,2.0
122,ERROR_M,3,98,2.410000000000082,4.937999999999988,1,2.0
122,ERROR_M,3,99,1.8139999999999645,4.560000000000059,0,2.0
122,ERROR_M,3,100,1.683999999999969,5.402000000000044,0,2.0
122,ERROR_M,3,101,0.2299999999999045,0.057999999999992724,0,2.0
122,ERROR_M,3,102,0.35400000000004184,12.649999999999977,0,2.0
122,ERROR_M,3,103,1.7160000000000082,6.730000000000018,0,2.0
122,ERROR_M,3,104,2.298000000000002,6.101999999999975,1,2.0
122,ERROR_M,3,105,1.7720000000000482,7.055999999999926,0,2.0
122,ERROR_M,3,106,1.7120000000001028,3.7239999999999327,0,2.0
122,ERROR_M,3,107,1.6480000000000246,7.538000000000011,0,2.0
122,ERROR_M,3,108,2.0359999999999445,6.018000000000029,1,2.0
122,ERROR_M,3,109,2.0399999999999636,6.718000000000075,1,2.0
122,ERROR_M,3,110,1.7139999999999418,3.5819999999999936,0,2.0
122,ERROR_M,3,111,2.0819999999999936,8.064000000000078,1,2.0
122,ERROR_M,3,112,2.6539999999999964,8.713999999999942,1,2.0
122,ERROR_M,3,113,2.11200000000008,8.199999999999932,1,2.0
122,ERROR_M,3,114,2.216000000000008,4.22199999999998,1,2.0
122,ERROR_M,3,115,1.9239999999999782,3.136000000000081,0,2.0
122,ERROR_M,3,116,2.0639999999999645,3.618000000000052,1,2.0
122,ERROR_M,3,117,2.0739999999999554,4.1159999999999854,1,2.0
122,ERROR_M,3,118,1.9700000000000273,8.590000000000032,0,2.0
122,ERROR_M,3,119,2.645999999999958,8.463999999999942,1,2.0
122,ERROR_M,3,120,2.268000000000029,2.8220000000000027,1,2.0
122,ERROR_M,3,121,2.3940000000000055,4.51400000000001,1,2.0
122,ERROR_M,3,122,2.0720000000000027,7.289999999999964,1,2.0
122,ERROR_M,3,123,1.8380000000000791,7.517999999999915,0,2.0
122,ERROR_M,3,124,1.9180000000000064,2.9180000000000064,0,2.0
122,ERROR_M,3,125,2.066000000000031,4.597999999999956,1,2.0
122,ERROR_M,3,126,2.1920000000000073,4.3659999999999854,1,2.0
122,ERROR_M,3,127,1.9380000000001019,5.203999999999951,0,2.0
122,ERROR_M,3,128,2.1499999999999773,5.716000000000008,1,2.0
122,ERROR_M,3,129,1.8419999999999845,6.142000000000053,0,2.0
122,ERROR_M,3,130,2.230000000000018,3.9079999999999018,1,2.0
122,ERROR_M,3,131,2.2480000000000473,5.788000000000011,1,2.0
122,ERROR_M,3,132,2.5239999999998872,6.9780000000000655,1,2.0
122,ERROR_M,3,133,1.9940000000001419,8.06399999999985,0,2.0
122,ERROR_M,3,134,2.16599999999994,7.986000000000104,1,2.0
122,ERROR_M,3,135,2.122000000000071,6.490000000000009,1,2.0
122,ERROR_M,3,136,2.13799999999992,3.377999999999929,1,2.0
122,ERROR_M,3,137,2.230000000000018,5.4220000000000255,1,2.0
122,ERROR_M,3,138,2.0319999999999254,4.798000000000002,1,2.0
122,ERROR_M,3,139,2.11200000000008,4.7719999999999345,1,2.0
122,ERROR_M,3,140,2.372000000000071,5.903999999999996,1,2.0
122,ERROR_M,3,141,2.61200000000008,6.692000000000007,1,2.0
122,ERROR_M,3,142,2.4559999999999036,8.008000000000038,1,2.0
122,ERROR_M,3,143,0.13799999999991996,0.10000000000013642,0,2.0
122,ERROR_M,3,144,0.12599999999997635,14.551999999999907,0,2.0
122,ERROR_M,3,145,1.8579999999999472,91.01200000000017,0,2.0
122,ERROR_M,3,146,2.0799999999999272,13.301999999999907,1,2.0
122,ERROR_M,3,147,1.4120000000000346,42.64200000000005,0,2.0
122,ERROR_M,3,148,1.5620000000001255,6.795999999999822,0,2.0
122,ERROR_M,3,149,1.6359999999999673,11.302000000000135,0,2.0
122,ERROR_M,3,150,2.1820000000000164,8.659999999999854,1,2.0
122,ERROR_M,3,151,1.6020000000000891,25.857999999999947,0,2.0
122,ERROR_M,3,152,1.77800000000002,5.710000000000036,0,2.0
122,ERROR_M,3,153,1.400000000000091,3.589999999999918,0,2.0
122,ERROR_M,3,154,1.683999999999969,5.226000000000113,0,2.0
122,ERROR_M,3,155,2.24799999999982,6.307999999999993,1,2.0
122,ERROR_M,3,156,2.038000000000011,4.625999999999976,1,2.0
122,ERROR_M,3,157,0.75,13.996000000000095,0,2.0
122,ERROR_M,3,158,2.5879999999999654,4.192000000000007,1,2.0
122,ERROR_M,3,159,2.734000000000151,6.947999999999865,1,2.0
122,ERROR_M,3,160,1.7000000000000455,3.9500000000000455,0,2.0
122,ERROR_M,3,161,1.849999999999909,3.882000000000062,0,2.0
122,ERROR_M,3,162,2.1359999999999673,5.692000000000007,1,2.0
122,ERROR_M,3,163,1.9300000000000637,7.433999999999969,0,2.0
122,ERROR_M,3,164,2.1979999999998654,5.628000000000156,1,2.0
122,ERROR_M,3,165,2.8940000000000055,6.329999999999927,1,2.0
122,ERROR_M,3,166,2.4459999999999127,8.458000000000084,1,2.0
122,ERROR_M,3,167,2.3479999999999563,5.3400000000001455,1,2.0
122,ERROR_M,3,168,2.0779999999999745,3.5499999999999545,1,2.0
122,ERROR_M,3,169,2.3299999999999272,8.340000000000146,1,2.0
122,ERROR_M,3,170,2.507999999999811,5.8680000000001655,1,2.0
122,ERROR_M,3,171,2.49799999999982,4.734000000000151,1,2.0
122,ERROR_M,3,172,2.1620000000000346,4.99799999999982,1,2.0
122,ERROR_M,3,173,2.5700000000001637,6.498000000000047,1,2.0
122,ERROR_M,3,174,3.83199999999988,8.788000000000011,1,2.0
122,ERROR_M,3,175,1.9480000000000928,7.699999999999818,0,2.0
122,ERROR_M,3,176,2.6440000000000055,4.676000000000158,1,2.0
122,ERROR_M,3,177,2.758000000000038,5.319999999999936,1,2.0
122,ERROR_M,3,178,2.6579999999999018,6.05600000000004,1,2.0
122,ERROR_M,3,179,2.5440000000000964,3.02800000000002,1,2.0
122,ERROR_M,3,180,2.88799999999992,5.817999999999984,1,2.0
122,ERROR_M,3,181,2.877999999999929,6.663999999999987,1,2.0
122,ERROR_M,3,182,2.032000000000153,7.3539999999998145,1,2.0
122,ERROR_M,3,183,2.318000000000211,3.7359999999998763,1,2.0
122,ERROR_M,3,184,2.25,4.046000000000049,1,2.0
122,ERROR_M,3,185,1.22199999999998,7.981999999999971,0,2.0
122,ERROR_M,3,186,2.048000000000002,4.6059999999999945,1,2.0
122,ERROR_M,3,187,1.8099999999999454,6.718000000000075,0,2.0
122,ERROR_M,3,188,2.2100000000000364,8.211999999999989,1,2.0
122,ERROR_M,3,189,0.09999999999990905,0.02200000000016189,0,2.0
122,ERROR_M,3,190,0.2279999999998381,22.208000000000084,0,2.0
122,ERROR_M,3,191,2.3640000000000327,8.551999999999907,1,2.0
122,ERROR_M,3,192,2.1440000000000055,4.491999999999962,1,2.0
122,ERROR_M,3,193,1.6420000000000528,4.410000000000082,0,2.0
122,ERROR_M,3,194,1.5739999999998417,5.5900000000001455,0,2.0
122,ERROR_M,3,195,1.5739999999998417,5.910000000000082,0,2.0
122,ERROR_M,3,196,2.0140000000001237,6.889999999999873,1,2.0
122,ERROR_M,3,197,2.158000000000129,7.099999999999909,1,2.0
122,ERROR_M,3,198,1.7159999999998945,3.178000000000111,0,2.0
122,ERROR_M,3,199,1.3460000000000036,6.746000000000095,0,2.0
122,ERROR_M,3,200,1.6399999999998727,8.145999999999958,0,2.0
122,ERROR_M,3,201,1.6880000000001019,7.839999999999918,0,2.0
122,ERROR_M,3,202,2.173999999999978,7.738000000000056,1,2.0
122,ERROR_M,3,203,2.58400000000006,3.9759999999998854,1,2.0
122,ERROR_M,3,204,2.5140000000001237,3.7819999999999254,1,2.0
122,ERROR_M,3,205,2.3920000000000528,6.3940000000000055,1,2.0
122,ERROR_M,3,206,1.7019999999999982,4.80600000000004,0,2.0
122,ERROR_M,3,207,2.0119999999999436,8.673999999999978,1,2.0
122,ERROR_M,3,208,2.2719999999999345,10.430000000000064,1,2.0
122,ERROR_M,3,209,2.05600000000004,4.569999999999936,1,2.0
122,ERROR_M,3,210,2.380000000000109,5.27800000000002,1,2.0
122,ERROR_M,3,211,1.6639999999999873,4.975999999999885,0,2.0
122,ERROR_M,3,212,1.4359999999999218,5.413999999999987,0,2.0
122,ERROR_M,3,213,1.7360000000001037,4.0499999999999545,0,2.0
122,ERROR_M,3,214,2.0160000000000764,7.104000000000042,1,2.0
122,ERROR_M,3,215,1.9120000000000346,19.82399999999984,0,2.0
122,ERROR_M,3,216,2.102000000000089,6.6340000000000146,1,2.0
122,ERROR_M,3,217,1.7860000000000582,4.533999999999878,0,2.0
122,ERROR_M,3,218,2.0599999999999454,6.150000000000091,1,2.0
122,ERROR_M,3,219,1.3079999999999927,6.751999999999953,0,2.0
122,ERROR_M,3,220,1.9380000000001019,2.6620000000000346,0,2.0
122,ERROR_M,3,221,2.1399999999998727,7.428000000000111,1,2.0
122,ERROR_M,3,222,1.7559999999998581,2.872000000000071,0,2.0
122,ERROR_M,3,223,2.1700000000000728,8.305999999999813,1,2.0
122,ERROR_M,3,224,1.6300000000001091,8.294000000000096,0,2.0
122,ERROR_M,3,225,1.8460000000000036,7.429999999999836,0,2.0
122,ERROR_M,3,226,2.433999999999969,8.75,1,2.0
122,ERROR_M,3,227,2.4700000000000273,4.847999999999956,1,2.0
122,ERROR_M,3,228,2.7740000000001146,6.0,1,2.0
122,ERROR_M,3,229,2.589999999999918,3.7100000000000364,1,2.0
122,ERROR_M,3,230,2.744000000000142,7.307999999999993,1,2.0
122,ERROR_M,3,231,2.213999999999942,3.6340000000000146,1,2.0
122,ERROR_M,3,232,2.25,5.323999999999842,1,2.0
122,ERROR_M,3,233,1.6360000000001946,4.169999999999845,0,2.0
122,ERROR_M,3,234,2.2500000000002274,7.543999999999869,1,2.0
122,ERROR_M,3,235,2.050000000000182,8.403999999999996,1,2.0
122,ERROR_M,3,236,2.769999999999982,4.391999999999825,1,2.0
122,ERROR_M,3,237,1.7919999999999163,4.016000000000076,0,2.0
122,ERROR_M,3,238,2.4099999999998545,12.188000000000102,1,2.0
122,ERROR_M,3,239,1.8800000000001091,4.690000000000055,0,2.0
122,ERROR_M,3,240,2.1039999999998145,7.117999999999938,1,2.0
122,ERROR_M,3,241,1.7580000000002656,5.489999999999782,0,2.0
122,ERROR_M,3,242,2.538000000000011,2.900000000000091,1,2.0
122,ERROR_M,3,243,2.1599999999998545,9.077999999999975,1,2.0
122,ERROR_M,3,244,2.367999999999938,6.238000000000284,1,2.0
122,ERROR_M,3,245,1.7999999999997272,178.846,0,2.0
122,ERROR_M,3,246,2.4760000000001128,11.269999999999982,1,2.0
122,ERROR_M,3,247,1.5779999999999745,5.0219999999999345,0,2.0
122,ERROR_M,3,248,2.156000000000404,6.7039999999997235,1,2.0
122,ERROR_M,3,249,1.9459999999999127,4.579999999999927,0,2.0
122,ERROR_M,3,250,1.412000000000262,6.91399999999976,0,2.0
122,ERROR_M,3,251,1.3859999999999673,7.412000000000262,0,2.0
122,ERROR_M,3,252,1.9400000000000546,7.833999999999833,0,2.0
122,ERROR_M,3,253,2.3079999999999927,7.19399999999996,1,2.0
122,ERROR_M,3,254,1.9580000000000837,3.9540000000001783,0,2.0
122,ERROR_M,3,255,2.538000000000011,3.9980000000000473,1,2.0
122,ERROR_M,3,256,2.5339999999996508,4.956000000000131,1,2.0
122,ERROR_M,3,257,2.8079999999999927,8.070000000000164,1,2.0
122,ERROR_M,3,258,2.16399999999976,4.653999999999996,1,2.0
122,ERROR_M,3,259,2.0460000000002765,4.449999999999818,1,2.0
122,ERROR_M,3,260,1.987999999999829,3.7100000000000364,0,2.0
122,ERROR_M,3,261,1.624000000000251,5.130000000000109,0,2.0
122,ERROR_M,3,262,2.1579999999999018,5.579999999999927,1,2.0
122,ERROR_M,3,263,1.7799999999997453,6.160000000000309,0,2.0
122,ERROR_M,3,264,2.2399999999997817,7.38799999999992,1,2.0
122,ERROR_M,3,265,2.050000000000182,8.733999999999924,1,2.0
122,ERROR_M,3,266,2.394000000000233,8.743999999999687,1,2.0
122,ERROR_M,3,267,1.956000000000131,6.4659999999998945,0,2.0
122,ERROR_M,3,268,2.4760000000001128,6.036000000000058,1,2.0
122,ERROR_M,3,269,2.076000000000022,6.900000000000091,1,2.0
122,ERROR_M,3,270,2.199999999999818,7.617999999999938,1,2.0
122,ERROR_M,3,271,2.2800000000002,5.9780000000000655,1,2.0
122,ERROR_M,3,272,2.0979999999999563,7.985999999999876,1,2.0
122,ERROR_M,3,273,2.0100000000002183,3.6159999999999854,1,2.0
122,ERROR_M,3,274,2.24599999999964,6.5779999999999745,1,2.0
122,ERROR_M,3,275,2.1220000000002983,7.13799999999992,1,2.0
122,ERROR_M,3,276,1.9600000000000364,9.511999999999716,0,2.0
122,ERROR_M,3,277,1.1340000000000146,8.262000000000171,0,2.0
122,ERROR_M,3,278,2.47400000000016,4.83199999999988,1,2.0
122,ERROR_M,3,279,1.844000000000051,4.0340000000001055,0,2.0
122,ERROR_M,3,280,1.6779999999998836,4.0099999999997635,0,2.0
122,ERROR_M,3,281,1.6760000000003856,4.697999999999865,0,2.0
122,ERROR_M,3,282,2.1100000000001273,4.9220000000000255,1,2.0
122,ERROR_M,3,283,1.6459999999997308,5.286000000000058,0,2.0
122,ERROR_M,3,284,2.5520000000001346,107.85199999999986,1,2.0
122,ERROR_M,3,285,0.1979999999998654,47.702000000000226,0,2.0
122,ERROR_M,3,286,2.1399999999998727,12.596000000000004,1,2.0
122,ERROR_M,3,287,1.655999999999949,2.7380000000002838,0,2.0
122,ERROR_M,3,288,2.257999999999811,7.411999999999807,1,2.0
122,ERROR_M,3,289,2.450000000000273,8.373999999999796,1,2.0
122,ERROR_M,3,290,2.0219999999999345,11.557999999999993,1,2.0
122,ERROR_M,3,291,1.8520000000003165,4.533999999999651,0,2.0
122,ERROR_M,3,292,2.0520000000001346,5.55600000000004,1,2.0
122,ERROR_M,3,293,1.6280000000001564,3.69399999999996,0,2.0
122,ERROR_M,3,294,1.9719999999997526,3.8900000000003274,0,2.0
122,ERROR_M,3,295,1.1320000000000618,4.02599999999984,0,2.0
122,ERROR_M,3,296,1.8119999999998981,4.9520000000002256,0,2.0
122,ERROR_M,3,297,2.076000000000022,5.805999999999585,1,2.0
122,ERROR_M,3,298,1.9700000000002547,5.512000000000171,0,2.0
122,ERROR_M,3,299,0.6059999999997672,0.057999999999992724,0,2.0
122,ERROR_M,3,300,0.16400000000021464,9.299999999999727,0,2.0
122,ERROR_M,3,301,1.8079999999999927,7.180000000000291,0,2.0
122,ERROR_M,3,302,2.199999999999818,7.251999999999953,1,2.0
122,ERROR_M,3,303,2.0700000000001637,5.263999999999669,1,2.0
122,ERROR_M,3,304,2.0460000000002765,8.021999999999935,1,2.0
122,ERROR_M,3,305,2.061999999999898,4.032000000000153,1,2.0
122,ERROR_M,3,306,1.97400000000016,7.799999999999727,0,2.0
122,ERROR_M,3,307,2.1460000000001855,6.58199999999988,1,2.0
122,ERROR_M,3,308,2.0700000000001637,8.24599999999964,1,2.0
122,ERROR_M,3,309,1.9520000000002256,8.670000000000073,0,2.0
122,ERROR_M,3,310,1.6979999999998654,,0,2.0
122,ERROR_M,4,1,1.6820000000000022,5.515999999999998,0,2.0
122,ERROR_M,4,2,1.921999999999997,4.054000000000002,0,2.0
122,ERROR_M,4,3,1.6360000000000028,6.265999999999998,0,2.0
122,ERROR_M,4,4,0.37599999999999767,0.10999999999999943,0,2.0
122,ERROR_M,4,5,0.07800000000000296,12.486000000000004,0,2.0
122,ERROR_M,4,6,1.343999999999994,5.596000000000004,0,2.0
122,ERROR_M,4,7,1.4339999999999975,7.775999999999996,0,2.0
122,ERROR_M,4,8,1.5,7.8700000000000045,0,2.0
122,ERROR_M,4,9,1.813999999999993,6.700000000000003,0,2.0
122,ERROR_M,4,10,1.902000000000001,8.650000000000006,0,2.0
122,ERROR_M,4,11,1.4639999999999986,3.4579999999999984,0,2.0
122,ERROR_M,4,12,2.319999999999993,5.516000000000005,1,2.0
122,ERROR_M,4,13,0.09199999999999875,10.194000000000003,0,2.0
122,ERROR_M,4,14,2.084000000000003,2.8479999999999848,1,2.0
122,ERROR_M,4,15,2.092000000000013,3.25,1,2.0
122,ERROR_M,4,16,1.7980000000000018,4.219999999999999,0,2.0
122,ERROR_M,4,17,1.828000000000003,5.936000000000007,0,2.0
122,ERROR_M,4,18,1.7379999999999995,2.8959999999999866,0,2.0
122,ERROR_M,4,19,1.6539999999999964,5.647999999999996,0,2.0
122,ERROR_M,4,20,2.27800000000002,5.103999999999985,1,2.0
122,ERROR_M,4,21,1.9579999999999984,5.189999999999998,0,2.0
122,ERROR_M,4,22,2.0260000000000105,5.3700000000000045,1,2.0
122,ERROR_M,4,23,2.0379999999999825,5.838000000000022,1,2.0
122,ERROR_M,4,24,2.137999999999977,7.944000000000017,1,2.0
122,ERROR_M,4,25,1.921999999999997,9.256,0,2.0
122,ERROR_M,4,26,2.3359999999999843,3.0100000000000193,1,2.0
122,ERROR_M,4,27,1.9899999999999807,4.058000000000021,0,2.0
122,ERROR_M,4,28,2.2319999999999993,4.705999999999989,1,2.0
122,ERROR_M,4,29,2.2539999999999907,7.152000000000015,1,2.0
122,ERROR_M,4,30,1.98599999999999,8.141999999999996,0,2.0
122,ERROR_M,4,31,2.1860000000000355,3.2759999999999536,1,2.0
122,ERROR_M,4,32,2.6060000000000514,5.021999999999991,1,2.0
122,ERROR_M,4,33,1.933999999999969,6.230000000000018,0,2.0
122,ERROR_M,4,34,1.8319999999999936,6.3279999999999745,0,2.0
122,ERROR_M,4,35,2.2280000000000086,7.024000000000001,1,2.0
122,ERROR_M,4,36,1.5760000000000218,3.829999999999984,0,2.0
122,ERROR_M,4,37,2.2040000000000077,4.187999999999988,1,2.0
122,ERROR_M,4,38,0.29400000000003956,0.15399999999999636,0,2.0
122,ERROR_M,4,39,0.04800000000000182,16.45399999999995,0,2.0
122,ERROR_M,4,40,2.1779999999999973,3.57000000000005,1,2.0
122,ERROR_M,4,41,1.5459999999999923,4.185999999999979,0,2.0
122,ERROR_M,4,42,2.1020000000000323,5.20799999999997,1,2.0
122,ERROR_M,4,43,1.788000000000011,6.656000000000006,0,2.0
122,ERROR_M,4,44,1.5260000000000105,2.919999999999959,0,2.0
122,ERROR_M,4,45,2.122000000000014,6.958000000000027,1,2.0
122,ERROR_M,4,46,1.825999999999965,7.2379999999999995,0,2.0
122,ERROR_M,4,47,1.5540000000000305,5.625999999999976,0,2.0
122,ERROR_M,4,48,2.004000000000019,2.755999999999972,1,2.0
122,ERROR_M,4,49,1.9279999999999973,3.4560000000000173,0,2.0
122,ERROR_M,4,50,2.2579999999999814,7.924000000000035,1,2.0
122,ERROR_M,4,51,1.6859999999999786,5.6159999999999854,0,2.0
122,ERROR_M,4,52,1.632000000000005,5.420000000000016,0,2.0
122,ERROR_M,4,53,2.201999999999998,3.0600000000000023,1,2.0
122,ERROR_M,4,54,0.27800000000002,0.10199999999997544,0,2.0
122,ERROR_M,4,55,0.12000000000000455,8.862000000000023,0,2.0
122,ERROR_M,4,56,2.1859999999999786,6.0919999999999845,1,2.0
122,ERROR_M,4,57,2.3700000000000045,8.295999999999992,1,2.0
122,ERROR_M,4,58,1.9080000000000155,7.839999999999975,0,2.0
122,ERROR_M,4,59,1.6800000000000068,4.592000000000041,0,2.0
122,ERROR_M,4,60,1.6679999999999495,11.178000000000054,0,2.0
122,ERROR_M,4,61,2.2479999999999905,4.217999999999961,1,2.0
122,ERROR_M,4,62,1.9960000000000377,4.807999999999993,0,2.0
122,ERROR_M,4,63,1.9540000000000077,6.161999999999978,0,2.0
122,ERROR_M,4,64,2.9279999999999973,7.915999999999997,1,2.0
122,ERROR_M,4,65,2.7100000000000364,8.860000000000014,1,2.0
122,ERROR_M,4,66,2.0579999999999927,7.418000000000006,1,2.0
122,ERROR_M,4,67,0.11199999999996635,13.645999999999958,0,2.0
122,ERROR_M,4,68,2.269999999999982,7.474000000000046,1,2.0
122,ERROR_M,4,69,2.048000000000002,8.371999999999957,1,2.0
122,ERROR_M,4,70,2.372000000000071,3.312000000000012,1,2.0
122,ERROR_M,4,71,2.231999999999971,5.946000000000026,1,2.0
122,ERROR_M,4,72,2.089999999999918,3.1820000000000164,1,2.0
122,ERROR_M,4,73,2.382000000000062,4.601999999999975,1,2.0
122,ERROR_M,4,74,2.0399999999999636,6.814000000000078,1,2.0
122,ERROR_M,4,75,1.6959999999999127,2.4640000000000555,0,2.0
122,ERROR_M,4,76,2.0119999999999436,5.77800000000002,1,2.0
122,ERROR_M,4,77,1.7060000000000173,5.118000000000052,0,2.0
122,ERROR_M,4,78,1.8579999999999472,4.262000000000057,0,2.0
122,ERROR_M,4,79,1.1179999999999382,6.180000000000064,0,2.0
122,ERROR_M,4,80,1.67999999999995,3.7759999999999536,0,2.0
122,ERROR_M,4,81,1.8640000000000327,5.888000000000034,0,2.0
122,ERROR_M,4,82,1.5499999999999545,3.5439999999999827,0,2.0
122,ERROR_M,4,83,2.230000000000018,4.197999999999979,1,2.0
122,ERROR_M,4,84,2.34800000000007,4.716000000000008,1,2.0
122,ERROR_M,4,85,2.185999999999922,5.532000000000039,1,2.0
122,ERROR_M,4,86,2.4360000000000355,3.4080000000000155,1,2.0
122,ERROR_M,4,87,2.269999999999982,5.1200000000000045,1,2.0
122,ERROR_M,4,88,2.5439999999999827,6.501999999999953,1,2.0
122,ERROR_M,4,89,1.5780000000000882,6.94399999999996,0,2.0
122,ERROR_M,4,90,1.2939999999999827,4.3659999999999854,0,2.0
122,ERROR_M,4,91,0.38400000000001455,0.07000000000005002,0,2.0
122,ERROR_M,4,92,0.2259999999999991,22.339999999999918,0,2.0
122,ERROR_M,4,93,1.54200000000003,8.940000000000055,0,2.0
122,ERROR_M,4,94,2.0219999999999345,7.442000000000007,1,2.0
122,ERROR_M,4,95,1.98599999999999,3.1800000000000637,0,2.0
122,ERROR_M,4,96,2.421999999999912,7.701999999999998,1,2.0
122,ERROR_M,4,97,1.5,8.472000000000094,0,2.0
122,ERROR_M,4,98,1.9079999999999018,5.392000000000053,0,2.0
122,ERROR_M,4,99,1.8659999999999854,5.796000000000049,0,2.0
122,ERROR_M,4,100,2.5839999999999463,7.774000000000001,1,2.0
122,ERROR_M,4,101,1.4039999999999964,6.663999999999987,0,2.0
122,ERROR_M,4,102,1.83400000000006,7.687999999999988,0,2.0
122,ERROR_M,4,103,2.7899999999999636,5.538000000000011,1,2.0
122,ERROR_M,4,104,2.3600000000000136,8.97199999999998,1,2.0
122,ERROR_M,4,105,1.8600000000000136,9.17999999999995,0,2.0
122,ERROR_M,4,106,2.1720000000000255,9.762000000000057,1,2.0
122,ERROR_M,4,107,2.024000000000001,4.793999999999983,1,2.0
122,ERROR_M,4,108,1.3940000000000055,2.713999999999942,0,2.0
122,ERROR_M,4,109,1.9560000000000173,3.481999999999971,0,2.0
122,ERROR_M,4,110,1.6380000000000337,3.937999999999988,0,2.0
122,ERROR_M,4,111,2.1440000000000055,4.3840000000000146,1,2.0
122,ERROR_M,4,112,1.6539999999999964,4.951999999999998,0,2.0
122,ERROR_M,4,113,1.788000000000011,4.0499999999999545,0,2.0
122,ERROR_M,4,114,2.1200000000000045,6.388000000000034,1,2.0
122,ERROR_M,4,115,1.55600000000004,5.329999999999927,0,2.0
122,ERROR_M,4,116,2.036000000000058,6.600000000000023,1,2.0
122,ERROR_M,4,117,1.62399999999991,6.864000000000033,0,2.0
122,ERROR_M,4,118,2.3500000000000227,4.754000000000019,1,2.0
122,ERROR_M,4,119,1.6480000000000246,7.125999999999976,0,2.0
122,ERROR_M,4,120,2.1259999999999764,5.3940000000000055,1,2.0
122,ERROR_M,4,121,1.7300000000000182,8.360000000000014,0,2.0
122,ERROR_M,4,122,2.4279999999999973,4.3700000000000045,1,2.0
122,ERROR_M,4,123,1.65199999999993,2.7420000000000755,0,2.0
122,ERROR_M,4,124,2.3719999999999573,3.3500000000000227,1,2.0
122,ERROR_M,4,125,2.0720000000000027,4.323999999999955,1,2.0
122,ERROR_M,4,126,1.782000000000039,4.6580000000000155,0,2.0
122,ERROR_M,4,127,2.288000000000011,4.775999999999954,1,2.0
122,ERROR_M,4,128,1.6680000000000064,2.9220000000000255,0,2.0
122,ERROR_M,4,129,1.9239999999999782,5.730000000000018,0,2.0
122,ERROR_M,4,130,2.17999999999995,6.347999999999956,1,2.0
122,ERROR_M,4,131,1.6900000000000546,6.001999999999953,0,2.0
122,ERROR_M,4,132,2.3220000000001164,6.683999999999969,1,2.0
122,ERROR_M,4,133,1.905999999999949,5.162000000000035,0,2.0
122,ERROR_M,4,134,2.3900000000001,7.179999999999836,1,2.0
122,ERROR_M,4,135,2.145999999999958,7.3840000000000146,1,2.0
122,ERROR_M,4,136,2.3480000000001837,7.94399999999996,1,2.0
122,ERROR_M,4,137,2.3519999999998618,8.029999999999973,1,2.0
122,ERROR_M,4,138,2.2040000000001783,6.4220000000000255,1,2.0
122,ERROR_M,4,139,1.1219999999998436,10.490000000000009,0,2.0
122,ERROR_M,4,140,2.0060000000000855,3.2200000000000273,1,2.0
122,ERROR_M,4,141,1.987999999999829,8.50200000000018,0,2.0
122,ERROR_M,4,142,2.0519999999999072,6.392000000000053,1,2.0
122,ERROR_M,4,143,1.9519999999999982,4.261999999999944,0,2.0
122,ERROR_M,4,144,1.3700000000001182,23.11999999999989,0,2.0
122,ERROR_M,4,145,2.259999999999991,5.0,1,2.0
122,ERROR_M,4,146,1.8579999999999472,2.6080000000001746,0,2.0
122,ERROR_M,4,147,1.8419999999998709,5.75,0,2.0
122,ERROR_M,4,148,1.509999999999991,6.781999999999925,0,2.0
122,ERROR_M,4,149,2.1380000000001473,6.374000000000024,1,2.0
122,ERROR_M,4,150,2.1440000000000055,8.450000000000045,1,2.0
122,ERROR_M,4,151,1.9019999999998163,6.0060000000000855,0,2.0
122,ERROR_M,4,152,2.3479999999999563,5.885999999999967,1,2.0
122,ERROR_M,4,153,2.3040000000000873,6.645999999999958,1,2.0
122,ERROR_M,4,154,1.872000000000071,8.33400000000006,0,2.0
122,ERROR_M,4,155,2.119999999999891,5.872000000000071,1,2.0
122,ERROR_M,4,156,2.05399999999986,4.61200000000008,1,2.0
122,ERROR_M,4,157,1.7799999999999727,3.344000000000051,0,2.0
122,ERROR_M,4,158,1.7519999999999527,2.9480000000000928,0,2.0
122,ERROR_M,4,159,1.6599999999998545,5.0340000000001055,0,2.0
122,ERROR_M,4,160,1.8260000000000218,4.258000000000038,0,2.0
122,ERROR_M,4,161,1.9799999999997908,2.7380000000000564,0,2.0
122,ERROR_M,4,162,2.4500000000000455,6.079999999999927,1,2.0
122,ERROR_M,4,163,1.8600000000001273,6.451999999999998,0,2.0
122,ERROR_M,4,164,1.88799999999992,7.7999999999999545,0,2.0
122,ERROR_M,4,165,1.8480000000001837,8.95399999999995,0,2.0
122,ERROR_M,4,166,1.83199999999988,8.259999999999991,0,2.0
122,ERROR_M,4,167,1.9640000000001692,6.30399999999986,0,2.0
122,ERROR_M,4,168,2.268000000000029,5.332000000000107,1,2.0
122,ERROR_M,4,169,2.1679999999998927,6.966000000000122,1,2.0
122,ERROR_M,4,170,2.0599999999999454,8.518000000000029,1,2.0
122,ERROR_M,4,171,0.05399999999985994,19.394000000000005,0,2.0
122,ERROR_M,4,172,1.5520000000001346,5.455999999999904,0,2.0
122,ERROR_M,4,173,2.298000000000002,150.68000000000006,1,2.0
122,ERROR_M,4,174,2.033999999999878,19.526000000000067,1,2.0
122,ERROR_M,4,175,0.650000000000091,36.187999999999874,0,2.0
122,ERROR_M,4,176,0.6980000000000928,23.336000000000013,0,2.0
122,ERROR_M,4,177,1.3339999999998327,8.192000000000007,0,2.0
122,ERROR_M,4,178,2.018000000000029,6.703999999999951,1,2.0
122,ERROR_M,4,179,1.8540000000000418,7.262000000000171,0,2.0
122,ERROR_M,4,180,0.038000000000010914,0.08399999999983265,0,2.0
122,ERROR_M,4,181,0.11599999999998545,12.5,0,2.0
122,ERROR_M,4,182,1.9880000000000564,7.526000000000067,0,2.0
122,ERROR_M,4,183,2.185999999999922,4.268000000000029,1,2.0
122,ERROR_M,4,184,2.2539999999999054,6.800000000000182,1,2.0
122,ERROR_M,4,185,2.0960000000000036,8.573999999999842,1,2.0
122,ERROR_M,4,186,2.0,3.5540000000000873,0,2.0
122,ERROR_M,4,187,2.372000000000071,5.227999999999838,1,2.0
122,ERROR_M,4,188,2.1400000000001,5.379999999999882,1,2.0
122,ERROR_M,4,189,2.173999999999978,3.8700000000001182,1,2.0
122,ERROR_M,4,190,2.3279999999999745,5.531999999999925,1,2.0
122,ERROR_M,4,191,1.8659999999999854,8.104000000000042,0,2.0
122,ERROR_M,4,192,1.9120000000000346,10.726000000000113,0,2.0
122,ERROR_M,4,193,1.6979999999998654,4.586000000000013,0,2.0
122,ERROR_M,4,194,1.816000000000031,4.685999999999922,0,2.0
122,ERROR_M,4,195,2.6539999999999964,4.088000000000193,1,2.0
122,ERROR_M,4,196,2.173999999999978,4.255999999999858,1,2.0
122,ERROR_M,4,197,2.0420000000001437,5.645999999999958,1,2.0
122,ERROR_M,4,198,2.061999999999898,6.908000000000129,1,2.0
122,ERROR_M,4,199,0.24799999999981992,0.10400000000004184,0,2.0
122,ERROR_M,4,200,0.10400000000004184,12.309999999999945,0,2.0
122,ERROR_M,4,201,2.0160000000000764,6.9659999999998945,1,2.0
122,ERROR_M,4,202,2.036000000000058,5.107999999999947,1,2.0
122,ERROR_M,4,203,1.8860000000001946,20.389999999999873,0,2.0
122,ERROR_M,4,204,1.8820000000000618,60.19399999999996,0,2.0
122,ERROR_M,4,205,2.2919999999999163,12.098000000000184,1,2.0
122,ERROR_M,4,206,1.6779999999998836,3.9320000000000164,0,2.0
122,ERROR_M,4,207,2.0340000000001055,7.811999999999898,1,2.0
122,ERROR_M,4,208,2.536000000000058,8.317999999999984,1,2.0
122,ERROR_M,4,209,2.066000000000031,8.685999999999922,1,2.0
122,ERROR_M,4,210,2.380000000000109,8.075999999999794,1,2.0
122,ERROR_M,4,211,1.7019999999999982,6.154000000000224,0,2.0
122,ERROR_M,4,212,1.921999999999798,3.6980000000000928,0,2.0
122,ERROR_M,4,213,2.5860000000000127,8.605999999999995,1,2.0
122,ERROR_M,4,214,2.0,18.779999999999973,0,2.0
122,ERROR_M,4,215,2.259999999999991,6.211999999999989,1,2.0
122,ERROR_M,4,216,2.0960000000000036,10.314000000000078,1,2.0
122,ERROR_M,4,217,1.7339999999999236,7.208000000000084,0,2.0
122,ERROR_M,4,218,1.8539999999998145,201.29400000000032,0,2.0
122,ERROR_M,4,219,1.8599999999996726,8.708000000000084,0,2.0
122,ERROR_M,4,220,2.313999999999851,23.39200000000028,1,2.0
122,ERROR_M,4,221,1.949999999999818,9.231999999999971,0,2.0
122,ERROR_M,4,222,2.2960000000002765,13.63799999999992,1,2.0
122,ERROR_M,4,223,1.8840000000000146,4.9099999999998545,0,2.0
122,ERROR_M,4,224,2.6260000000002037,6.777999999999793,1,2.0
122,ERROR_M,4,225,2.8659999999999854,4.860000000000127,1,2.0
122,ERROR_M,4,226,2.2280000000000655,8.653999999999996,1,2.0
122,ERROR_M,4,227,2.405999999999949,5.074000000000069,1,2.0
122,ERROR_M,4,228,2.1799999999998363,9.17599999999993,1,2.0
122,ERROR_M,4,229,2.2960000000002765,4.201999999999771,1,2.0
122,ERROR_M,4,230,2.19399999999996,7.849999999999909,1,2.0
122,ERROR_M,4,231,2.269999999999982,6.812000000000353,1,2.0
122,ERROR_M,4,232,2.125999999999749,6.564000000000306,1,2.0
122,ERROR_M,4,233,2.0219999999999345,7.958000000000084,1,2.0
122,ERROR_M,4,234,2.0099999999997635,9.983999999999924,1,2.0
122,ERROR_M,4,235,1.844000000000051,10.235999999999876,0,2.0
122,ERROR_M,4,236,2.1220000000002983,5.652000000000044,1,2.0
122,ERROR_M,4,237,1.987999999999829,5.755999999999858,0,2.0
122,ERROR_M,4,238,2.25,5.822000000000116,1,2.0
122,ERROR_M,4,239,1.9160000000001673,5.623999999999796,0,2.0
122,ERROR_M,4,240,2.22400000000016,5.10799999999972,1,2.0
122,ERROR_M,4,241,2.1580000000003565,6.35799999999972,1,2.0
122,ERROR_M,4,242,1.7699999999999818,5.976000000000113,0,2.0
122,ERROR_M,4,243,1.8040000000000873,6.920000000000073,0,2.0
122,ERROR_M,4,244,2.2339999999999236,8.911999999999807,1,2.0
122,ERROR_M,4,245,2.6480000000001382,7.358000000000175,1,2.0
122,ERROR_M,4,246,1.8059999999995853,2.8140000000003056,0,2.0
122,ERROR_M,4,247,2.0479999999997744,6.1159999999999854,1,2.0
122,ERROR_M,4,248,2.19399999999996,8.110000000000127,1,2.0
122,ERROR_M,4,249,1.788000000000011,7.619999999999891,0,2.0
122,ERROR_M,4,250,2.0920000000000982,8.268000000000029,1,2.0
122,ERROR_M,4,251,2.1340000000000146,5.043999999999869,1,2.0
122,ERROR_M,4,252,2.524000000000342,6.097999999999956,1,2.0
122,ERROR_M,4,253,2.19399999999996,21.3779999999997,1,2.0
122,ERROR_M,4,254,1.9600000000000364,5.660000000000309,0,2.0
122,ERROR_M,4,255,2.2519999999999527,7.657999999999902,1,2.0
122,ERROR_M,4,256,1.7399999999997817,12.18600000000015,0,2.0
122,ERROR_M,4,257,2.2339999999999236,6.213999999999942,1,2.0
122,ERROR_M,4,258,2.3200000000001637,126.62199999999984,1,2.0
122,ERROR_M,4,259,1.7140000000003965,,0,2.0
122,ERROR_M,5,1,1.7100000000000009,4.682000000000002,0,2.0
122,ERROR_M,5,2,1.6340000000000003,6.649999999999999,0,2.0
122,ERROR_M,5,3,0.03399999999999892,0.09600000000000364,0,2.0
122,ERROR_M,5,4,0.10799999999999699,10.591999999999999,0,2.0
122,ERROR_M,5,5,1.328000000000003,8.648000000000003,0,2.0
122,ERROR_M,5,6,0.08599999999999852,0.031999999999996476,0,2.0
122,ERROR_M,5,7,0.1740000000000066,7.043999999999997,0,2.0
122,ERROR_M,5,8,1.6839999999999975,3.6119999999999948,0,2.0
122,ERROR_M,5,9,1.578000000000003,5.418000000000006,0,2.0
122,ERROR_M,5,10,1.1159999999999997,6.385999999999996,0,2.0
122,ERROR_M,5,11,1.9519999999999982,8.144000000000005,0,2.0
122,ERROR_M,5,12,1.759999999999991,5.5260000000000105,0,2.0
122,ERROR_M,5,13,1.8299999999999983,2.4599999999999937,0,2.0
122,ERROR_M,5,14,2.3900000000000006,2.8880000000000052,1,2.0
122,ERROR_M,5,15,1.6099999999999994,6.597999999999999,0,2.0
122,ERROR_M,5,16,2.460000000000008,7.7099999999999795,1,2.0
122,ERROR_M,5,17,1.8500000000000227,4.857999999999976,0,2.0
122,ERROR_M,5,18,1.606000000000023,6.8799999999999955,0,2.0
122,ERROR_M,5,19,2.1839999999999975,3.304000000000002,1,2.0
122,ERROR_M,5,20,2.181999999999988,5.978000000000009,1,2.0
122,ERROR_M,5,21,2.343999999999994,5.8940000000000055,1,2.0
122,ERROR_M,5,22,1.8799999999999955,2.548000000000002,0,2.0
122,ERROR_M,5,23,2.4819999999999993,3.812000000000012,1,2.0
122,ERROR_M,5,24,2.0319999999999823,4.426000000000016,1,2.0
122,ERROR_M,5,25,1.9499999999999886,9.385999999999996,0,2.0
122,ERROR_M,5,26,2.4000000000000057,3.009999999999991,1,2.0
122,ERROR_M,5,27,2.1599999999999966,4.630000000000024,1,2.0
122,ERROR_M,5,28,2.078000000000003,7.6159999999999854,1,2.0
122,ERROR_M,5,29,2.3859999999999957,5.932000000000016,1,2.0
122,ERROR_M,5,30,2.619999999999976,6.244,1,2.0
122,ERROR_M,5,31,2.2020000000000266,6.6159999999999854,1,2.0
122,ERROR_M,5,32,2.1119999999999948,7.152000000000015,1,2.0
122,ERROR_M,5,33,2.151999999999987,8.78000000000003,1,2.0
122,ERROR_M,5,34,2.2899999999999636,4.982000000000028,1,2.0
122,ERROR_M,5,35,2.0219999999999914,6.005999999999972,1,2.0
122,ERROR_M,5,36,2.272000000000048,4.123999999999967,1,2.0
122,ERROR_M,5,37,2.2099999999999795,8.640000000000043,1,2.0
122,ERROR_M,5,38,1.3739999999999668,3.282000000000039,0,2.0
122,ERROR_M,5,39,2.085999999999956,5.25,1,2.0
122,ERROR_M,5,40,2.1899999999999977,7.141999999999996,1,2.0
122,ERROR_M,5,41,2.712000000000046,8.851999999999975,1,2.0
122,ERROR_M,5,42,0.3199999999999932,0.060000000000002274,0,2.0
122,ERROR_M,5,43,0.16200000000003456,9.597999999999956,0,2.0
122,ERROR_M,5,44,1.2360000000000468,7.055999999999983,0,2.0
122,ERROR_M,5,45,1.5539999999999736,3.524000000000001,0,2.0
122,ERROR_M,5,46,2.05600000000004,2.887999999999977,1,2.0
122,ERROR_M,5,47,2.27800000000002,5.145999999999958,1,2.0
122,ERROR_M,5,48,2.448000000000036,5.2339999999999804,1,2.0
122,ERROR_M,5,49,1.75,6.28000000000003,0,2.0
122,ERROR_M,5,50,3.225999999999999,2.9279999999999973,1,2.0
122,ERROR_M,5,51,1.882000000000005,4.659999999999968,0,2.0
122,ERROR_M,5,52,2.079999999999984,6.364000000000033,1,2.0
122,ERROR_M,5,53,2.3379999999999654,7.222000000000037,1,2.0
122,ERROR_M,5,54,3.0500000000000114,4.067999999999984,1,2.0
122,ERROR_M,5,55,2.504000000000019,5.5,1,2.0
122,ERROR_M,5,56,2.2199999999999704,3.7760000000000105,1,2.0
122,ERROR_M,5,57,2.201999999999998,3.873999999999967,1,2.0
122,ERROR_M,5,58,2.1160000000000423,5.873999999999967,1,2.0
122,ERROR_M,5,59,2.1280000000000427,7.643999999999949,1,2.0
122,ERROR_M,5,60,2.29200000000003,8.079999999999984,1,2.0
122,ERROR_M,5,61,2.5579999999999927,4.76400000000001,1,2.0
122,ERROR_M,5,62,2.6000000000000227,2.9839999999999804,1,2.0
122,ERROR_M,5,63,2.1999999999999886,6.032000000000039,1,2.0
122,ERROR_M,5,64,2.187999999999988,7.509999999999991,1,2.0
122,ERROR_M,5,65,3.1059999999999945,3.9780000000000086,1,2.0
122,ERROR_M,5,66,2.145999999999958,5.846000000000004,1,2.0
122,ERROR_M,5,67,1.6100000000000136,5.916000000000054,0,2.0
122,ERROR_M,5,68,2.189999999999941,6.838000000000079,1,2.0
122,ERROR_M,5,69,1.9459999999999127,9.322000000000003,0,2.0
122,ERROR_M,5,70,2.0439999999999827,3.0860000000000127,1,2.0
122,ERROR_M,5,71,2.230000000000018,4.628000000000043,1,2.0
122,ERROR_M,5,72,2.725999999999999,5.677999999999997,1,2.0
122,ERROR_M,5,73,3.127999999999929,3.1440000000000055,1,2.0
122,ERROR_M,5,74,3.2620000000000573,3.6119999999999663,1,2.0
122,ERROR_M,5,75,2.673999999999978,7.192000000000007,1,2.0
122,ERROR_M,5,76,2.2060000000000173,8.964000000000055,1,2.0
122,ERROR_M,5,77,1.6119999999999663,8.04600000000005,0,2.0
122,ERROR_M,5,78,1.6639999999999873,6.505999999999972,0,2.0
122,ERROR_M,5,79,2.155999999999949,4.59800000000007,1,2.0
122,ERROR_M,5,80,2.4080000000000155,6.103999999999928,1,2.0
122,ERROR_M,5,81,1.4560000000000173,26.762000000000057,0,2.0
122,ERROR_M,5,82,1.0199999999999818,25.815999999999917,0,2.0
122,ERROR_M,5,83,1.8780000000000427,67.24800000000005,0,2.0
122,ERROR_M,5,84,2.0,10.493999999999915,0,2.0
122,ERROR_M,5,85,1.84800000000007,30.101999999999975,0,2.0
122,ERROR_M,5,86,1.1380000000000337,16.435999999999922,0,2.0
122,ERROR_M,5,87,0.21199999999998909,21.634000000000015,0,2.0
122,ERROR_M,5,88,1.6660000000000537,6.970000000000027,0,2.0
122,ERROR_M,5,89,1.933999999999969,7.148000000000025,0,2.0
122,ERROR_M,5,90,1.5760000000000218,4.67999999999995,0,2.0
122,ERROR_M,5,91,1.669999999999959,4.5,0,2.0
122,ERROR_M,5,92,1.9180000000000064,5.072000000000003,0,2.0
122,ERROR_M,5,93,2.0960000000000036,8.259999999999991,1,2.0
122,ERROR_M,5,94,2.225999999999999,4.550000000000068,1,2.0
122,ERROR_M,5,95,2.3579999999999472,8.79600000000005,1,2.0
122,ERROR_M,5,96,1.9879999999999427,4.776000000000067,0,2.0
122,ERROR_M,5,97,1.9219999999999118,3.730000000000018,0,2.0
122,ERROR_M,5,98,2.1800000000000637,8.110000000000014,1,2.0
122,ERROR_M,5,99,2.1200000000000045,5.817999999999984,1,2.0
122,ERROR_M,5,100,2.269999999999982,4.669999999999959,1,2.0
122,ERROR_M,5,101,2.475999999999999,4.36200000000008,1,2.0
122,ERROR_M,5,102,2.12399999999991,6.87600000000009,1,2.0
122,ERROR_M,5,103,2.377999999999929,6.94399999999996,1,2.0
122,ERROR_M,5,104,0.17400000000009186,7.871999999999957,0,2.0
122,ERROR_M,5,105,2.211999999999989,8.134000000000015,1,2.0
122,ERROR_M,5,106,2.230000000000018,8.346000000000004,1,2.0
122,ERROR_M,5,107,1.8799999999999955,8.021999999999935,0,2.0
122,ERROR_M,5,108,2.716000000000008,8.57000000000005,1,2.0
122,ERROR_M,5,109,3.0100000000001046,4.0,1,2.0
122,ERROR_M,5,110,2.5679999999999836,4.981999999999971,1,2.0
122,ERROR_M,5,111,2.5319999999999254,5.173999999999978,1,2.0
122,ERROR_M,5,112,2.480000000000018,6.122000000000071,1,2.0
122,ERROR_M,5,113,1.88799999999992,2.574000000000069,0,2.0
122,ERROR_M,5,114,1.6219999999998436,4.568000000000211,0,2.0
122,ERROR_M,5,115,2.199999999999818,7.77800000000002,1,2.0
122,ERROR_M,5,116,2.0,4.706000000000131,0,2.0
122,ERROR_M,5,117,2.1920000000000073,6.586000000000013,1,2.0
122,ERROR_M,5,118,1.8659999999999854,5.6159999999999854,0,2.0
122,ERROR_M,5,119,2.1399999999998727,7.970000000000027,1,2.0
122,ERROR_M,5,120,2.240000000000009,4.089999999999918,1,2.0
122,ERROR_M,5,121,1.7600000000002183,5.8599999999999,0,2.0
122,ERROR_M,5,122,1.8979999999999109,4.682000000000016,0,2.0
122,ERROR_M,5,123,2.1200000000001182,8.695999999999913,1,2.0
122,ERROR_M,5,124,0.07400000000006912,0.04600000000004911,0,2.0
122,ERROR_M,5,125,0.15199999999981628,47.792000000000144,0,2.0
122,ERROR_M,5,126,1.8260000000000218,145.788,0,2.0
122,ERROR_M,5,127,2.099999999999909,11.02800000000002,1,2.0
122,ERROR_M,5,128,1.4120000000000346,103.83600000000001,0,2.0
122,ERROR_M,5,129,1.4320000000000164,60.403999999999996,0,2.0
122,ERROR_M,5,130,1.9320000000000164,7.9939999999999145,0,2.0
122,ERROR_M,5,131,2.1440000000000055,7.925999999999931,1,2.0
122,ERROR_M,5,132,2.269999999999982,8.82400000000007,1,2.0
122,ERROR_M,5,133,1.9960000000000946,5.83199999999988,0,2.0
122,ERROR_M,5,134,2.074000000000069,8.208000000000084,1,2.0
122,ERROR_M,5,135,1.599999999999909,7.958000000000084,0,2.0
122,ERROR_M,5,136,2.007999999999811,6.254000000000133,1,2.0
122,ERROR_M,5,137,1.9279999999998836,8.872000000000071,0,2.0
122,ERROR_M,5,138,1.8920000000000528,2.7519999999999527,0,2.0
122,ERROR_M,5,139,2.102000000000089,7.442000000000007,1,2.0
122,ERROR_M,5,140,1.6199999999998909,5.877999999999929,0,2.0
122,ERROR_M,5,141,2.3460000000000036,6.854000000000042,1,2.0
122,ERROR_M,5,142,2.19600000000014,8.61999999999989,1,2.0
122,ERROR_M,5,143,2.241999999999962,5.0219999999999345,1,2.0
122,ERROR_M,5,144,2.1460000000001855,5.66599999999994,1,2.0
122,ERROR_M,5,145,1.405999999999949,6.511999999999944,0,2.0
122,ERROR_M,5,146,2.0140000000001237,4.253999999999905,1,2.0
122,ERROR_M,5,147,2.2940000000000964,5.930000000000064,1,2.0
122,ERROR_M,5,148,1.877999999999929,3.6440000000000055,0,2.0
122,ERROR_M,5,149,2.83400000000006,3.647999999999911,1,2.0
122,ERROR_M,5,150,1.8420000000000982,4.591999999999871,0,2.0
122,ERROR_M,5,151,3.036000000000058,6.69399999999996,1,2.0
122,ERROR_M,5,152,2.203999999999951,7.542000000000144,1,2.0
122,ERROR_M,5,153,1.7439999999999145,7.567999999999984,0,2.0
122,ERROR_M,5,154,2.2560000000000855,8.385999999999967,1,2.0
122,ERROR_M,5,155,1.6140000000000327,3.995999999999867,0,2.0
122,ERROR_M,5,156,2.438000000000102,8.519999999999982,1,2.0
122,ERROR_M,5,157,2.4379999999998745,8.951999999999998,1,2.0
122,ERROR_M,5,158,1.7460000000000946,3.8659999999999854,0,2.0
122,ERROR_M,5,159,1.9580000000000837,16.611999999999853,0,2.0
122,ERROR_M,5,160,2.548000000000002,9.58400000000006,1,2.0
122,ERROR_M,5,161,2.4960000000000946,6.048000000000002,1,2.0
122,ERROR_M,5,162,1.8019999999999072,13.854000000000042,0,2.0
122,ERROR_M,5,163,1.9959999999998672,6.44600000000014,0,2.0
122,ERROR_M,5,164,2.033999999999878,9.423999999999978,1,2.0
122,ERROR_M,5,165,1.4980000000000473,7.156000000000176,0,2.0
122,ERROR_M,5,166,0.12599999999997635,0.05399999999985994,0,2.0
122,ERROR_M,5,167,0.5879999999999654,36.562000000000126,0,2.0
122,ERROR_M,5,168,1.9379999999998745,3.980000000000018,0,2.0
122,ERROR_M,5,169,2.1280000000001564,6.611999999999853,1,2.0
122,ERROR_M,5,170,1.8179999999999836,17.536000000000058,0,2.0
122,ERROR_M,5,171,1.4960000000000946,5.955999999999904,0,2.0
122,ERROR_M,5,172,1.9919999999999618,7.8559999999999945,0,2.0
122,ERROR_M,5,173,1.8840000000000146,4.596000000000004,0,2.0
122,ERROR_M,5,174,1.8179999999999836,7.683999999999969,0,2.0
122,ERROR_M,5,175,2.8760000000002037,3.5179999999998017,1,2.0
122,ERROR_M,5,176,2.44600000000014,7.05600000000004,1,2.0
122,ERROR_M,5,177,2.19399999999996,6.367999999999938,1,2.0
122,ERROR_M,5,178,2.0039999999999054,7.024000000000115,1,2.0
122,ERROR_M,5,179,1.8799999999998818,7.3680000000001655,0,2.0
122,ERROR_M,5,180,0.14400000000000546,15.849999999999909,0,2.0
122,ERROR_M,5,181,2.0679999999999836,5.786000000000058,1,2.0
122,ERROR_M,5,182,1.6679999999998927,8.269999999999982,0,2.0
122,ERROR_M,5,183,1.6000000000001364,8.705999999999904,0,2.0
122,ERROR_M,5,184,1.8520000000000891,21.385999999999967,0,2.0
122,ERROR_M,5,185,1.9639999999999418,4.559999999999945,0,2.0
122,ERROR_M,5,186,2.0019999999999527,7.008000000000266,1,2.0
122,ERROR_M,5,187,1.650000000000091,5.4979999999995925,0,2.0
122,ERROR_M,5,188,1.7580000000002656,10.358000000000175,0,2.0
122,ERROR_M,5,189,2.0419999999999163,252.96799999999985,1,2.0
122,ERROR_M,5,190,1.6359999999999673,6.760000000000218,0,2.0
122,ERROR_M,5,191,1.8959999999997308,6.144000000000233,0,2.0
122,ERROR_M,5,192,2.0419999999999163,10.021999999999935,1,2.0
122,ERROR_M,5,193,1.844000000000051,4.7159999999998945,0,2.0
122,ERROR_M,5,194,1.7200000000002547,3.855999999999767,0,2.0
122,ERROR_M,5,195,2.538000000000011,5.492000000000189,1,2.0
122,ERROR_M,5,196,2.405999999999949,10.39599999999973,1,2.0
122,ERROR_M,5,197,1.7820000000001528,7.476000000000113,0,2.0
122,ERROR_M,5,198,1.9960000000000946,5.655999999999949,0,2.0
122,ERROR_M,5,199,2.1299999999996544,7.914000000000215,1,2.0
122,ERROR_M,5,200,1.9279999999998836,3.061999999999898,0,2.0
122,ERROR_M,5,201,2.2220000000002074,7.760000000000218,1,2.0
122,ERROR_M,5,202,2.1119999999996253,4.218000000000302,1,2.0
122,ERROR_M,5,203,2.268000000000029,6.346000000000004,1,2.0
122,ERROR_M,5,204,1.875999999999749,8.097999999999956,0,2.0
122,ERROR_M,5,205,1.7660000000000764,4.760000000000218,0,2.0
122,ERROR_M,5,206,2.005999999999858,8.80600000000004,1,2.0
122,ERROR_M,5,207,2.3299999999999272,5.019999999999982,1,2.0
122,ERROR_M,5,208,1.7420000000001892,4.977999999999611,0,2.0
122,ERROR_M,5,209,2.0200000000004366,7.08199999999988,1,2.0
122,ERROR_M,5,210,2.0239999999998872,6.2159999999998945,1,2.0
122,ERROR_M,5,211,2.162000000000262,7.293999999999869,1,2.0
122,ERROR_M,5,212,2.3719999999998436,5.268000000000029,1,2.0
122,ERROR_M,5,213,1.9700000000002547,5.177999999999884,0,2.0
122,ERROR_M,5,214,2.0019999999999527,6.878000000000156,1,2.0
122,ERROR_M,5,215,1.52599999999984,5.242000000000189,0,2.0
122,ERROR_M,5,216,2.230000000000018,8.501999999999953,1,2.0
122,ERROR_M,5,217,2.337999999999738,8.766000000000076,1,2.0
122,ERROR_M,5,218,1.9800000000000182,6.485999999999876,0,2.0
122,ERROR_M,5,219,1.9400000000000546,5.7800000000002,0,2.0
122,ERROR_M,5,220,2.16800000000012,8.555999999999585,1,2.0
122,ERROR_M,5,221,1.8960000000001855,3.9079999999999018,0,2.0
122,ERROR_M,5,222,2.0700000000001637,5.793999999999869,1,2.0
122,ERROR_M,5,223,1.7339999999999236,8.990000000000236,0,2.0
122,ERROR_M,5,224,1.9899999999997817,4.1340000000000146,0,2.0
122,ERROR_M,5,225,2.3859999999999673,6.58600000000024,1,2.0
122,ERROR_M,5,226,1.8980000000001382,4.9539999999997235,0,2.0
122,ERROR_M,5,227,2.2040000000001783,6.132000000000062,1,2.0
122,ERROR_M,5,228,2.1359999999999673,6.423999999999978,1,2.0
122,ERROR_M,5,229,1.9279999999998836,7.626000000000204,0,2.0
122,ERROR_M,5,230,2.0539999999996326,7.164000000000215,1,2.0
122,ERROR_M,5,231,1.956000000000131,8.629999999999654,0,2.0
122,ERROR_M,5,232,2.032000000000153,4.164000000000215,1,2.0
122,ERROR_M,5,233,1.9739999999997053,2.9780000000000655,0,2.0
122,ERROR_M,5,234,1.9520000000002256,8.779999999999745,0,2.0
122,ERROR_M,5,235,1.5520000000001346,7.179999999999836,0,2.0
122,ERROR_M,5,236,2.1520000000000437,8.155999999999949,1,2.0
122,ERROR_M,5,237,2.2800000000002,9.725999999999658,1,2.0
122,ERROR_M,5,238,2.036000000000058,4.016000000000076,1,2.0
122,ERROR_M,5,239,1.8840000000000146,7.568000000000211,0,2.0
122,ERROR_M,5,240,2.230000000000018,9.75799999999981,1,2.0
122,ERROR_M,5,241,2.16800000000012,6.403999999999996,1,2.0
122,ERROR_M,5,242,2.1959999999999127,4.545999999999822,1,2.0
122,ERROR_M,5,243,2.2220000000002074,6.730000000000018,1,2.0
122,ERROR_M,5,244,1.4699999999998,5.6840000000001965,0,2.0
122,ERROR_M,5,245,2.7280000000000655,4.481999999999971,1,2.0
122,ERROR_M,5,246,2.3420000000000982,16.867999999999938,1,2.0
122,ERROR_M,5,247,2.155999999999949,7.885999999999967,1,2.0
122,ERROR_M,5,248,1.3139999999998508,6.114000000000033,0,2.0
122,ERROR_M,5,249,2.256000000000313,4.307999999999993,1,2.0
122,ERROR_M,5,250,1.643999999999778,5.148000000000138,0,2.0
122,ERROR_M,5,251,1.9099999999998545,6.690000000000055,0,2.0
122,ERROR_M,5,252,2.061999999999898,7.731999999999971,1,2.0
122,ERROR_M,5,253,2.206000000000131,6.02599999999984,1,2.0
122,ERROR_M,5,254,2.2380000000002838,6.201999999999771,1,2.0
122,ERROR_M,5,255,1.2100000000000364,4.802000000000135,0,2.0
122,ERROR_M,5,256,2.074000000000069,8.498000000000047,1,2.0
122,ERROR_M,5,257,1.7519999999999527,6.9539999999997235,0,2.0
122,ERROR_M,5,258,2.0260000000002947,10.739999999999782,1,2.0
122,ERROR_M,5,259,1.6619999999998072,7.2280000000000655,0,2.0
122,ERROR_M,5,260,2.3320000000003347,3.1779999999998836,1,2.0
122,ERROR_M,5,261,2.038000000000011,7.935999999999694,1,2.0
122,ERROR_M,5,262,1.6880000000001019,9.034000000000106,0,2.0
122,ERROR_M,5,263,2.3539999999998145,8.190000000000055,1,2.0
122,ERROR_M,5,264,2.1920000000000073,,1,2.0
122,ERROR_M,6,1,1.1379999999999981,5.152000000000001,0,2.0
122,ERROR_M,6,2,1.6679999999999993,2.853999999999999,0,2.0
122,ERROR_M,6,3,2.0900000000000034,2.7560000000000002,1,2.0
122,ERROR_M,6,4,1.9979999999999976,5.508000000000003,0,2.0
122,ERROR_M,6,5,1.5120000000000005,6.9879999999999995,0,2.0
122,ERROR_M,6,6,1.3599999999999923,3.294000000000011,0,2.0
122,ERROR_M,6,7,0.35599999999999454,0.08400000000000318,0,2.0
122,ERROR_M,6,8,0.12399999999999523,23.058000000000007,0,2.0
122,ERROR_M,6,9,1.9479999999999933,8.394000000000005,0,2.0
122,ERROR_M,6,10,1.847999999999999,3.7579999999999956,0,2.0
122,ERROR_M,6,11,2.1640000000000015,3.9920000000000044,1,2.0
122,ERROR_M,6,12,1.8079999999999927,4.311999999999998,0,2.0
122,ERROR_M,6,13,1.9240000000000066,6.225999999999999,0,2.0
122,ERROR_M,6,14,1.8320000000000078,7.638000000000005,0,2.0
122,ERROR_M,6,15,2.6019999999999754,7.713999999999999,1,2.0
122,ERROR_M,6,16,1.6940000000000168,5.8559999999999945,0,2.0
122,ERROR_M,6,17,2.382000000000005,6.195999999999998,1,2.0
122,ERROR_M,6,18,2.0279999999999916,6.849999999999994,1,2.0
122,ERROR_M,6,19,1.9540000000000077,7.536000000000001,0,2.0
122,ERROR_M,6,20,2.225999999999999,3.3220000000000027,1,2.0
122,ERROR_M,6,21,2.3400000000000034,4.969999999999999,1,2.0
122,ERROR_M,6,22,2.009999999999991,6.7660000000000196,1,2.0
122,ERROR_M,6,23,1.8859999999999957,6.943999999999988,0,2.0
122,ERROR_M,6,24,2.240000000000009,8.232,1,2.0
122,ERROR_M,6,25,1.8640000000000043,8.084000000000003,0,2.0
122,ERROR_M,6,26,2.201999999999998,3.4899999999999807,1,2.0
122,ERROR_M,6,27,1.882000000000005,3.544000000000011,0,2.0
122,ERROR_M,6,28,1.8839999999999861,2.7860000000000014,0,2.0
122,ERROR_M,6,29,2.975999999999999,3.102000000000004,1,2.0
122,ERROR_M,6,30,2.6259999999999764,8.224000000000046,1,2.0
122,ERROR_M,6,31,2.787999999999954,8.638000000000034,1,2.0
122,ERROR_M,6,32,1.7819999999999823,5.067999999999984,0,2.0
122,ERROR_M,6,33,2.0440000000000396,5.257999999999981,1,2.0
122,ERROR_M,6,34,2.4979999999999905,5.6720000000000255,1,2.0
122,ERROR_M,6,35,2.569999999999993,6.70799999999997,1,2.0
122,ERROR_M,6,36,2.872000000000014,6.994000000000028,1,2.0
122,ERROR_M,6,37,0.21399999999999864,0.09600000000000364,0,2.0
122,ERROR_M,6,38,0.103999999999985,9.769999999999982,0,2.0
122,ERROR_M,6,39,2.584000000000003,6.6580000000000155,1,2.0
122,ERROR_M,6,40,2.423999999999978,6.602000000000032,1,2.0
122,ERROR_M,6,41,2.283999999999992,3.9039999999999964,1,2.0
122,ERROR_M,6,42,1.9560000000000173,4.490000000000009,0,2.0
122,ERROR_M,6,43,2.6159999999999854,4.8840000000000146,1,2.0
122,ERROR_M,6,44,2.099999999999966,5.2660000000000196,1,2.0
122,ERROR_M,6,45,2.1899999999999977,4.269999999999982,1,2.0
122,ERROR_M,6,46,2.576000000000022,5.875999999999976,1,2.0
122,ERROR_M,6,47,1.6159999999999854,6.704000000000008,0,2.0
122,ERROR_M,6,48,2.7940000000000396,7.073999999999955,1,2.0
122,ERROR_M,6,49,1.9800000000000182,2.5779999999999745,0,2.0
122,ERROR_M,6,50,2.7340000000000373,6.519999999999982,1,2.0
122,ERROR_M,6,51,2.2339999999999804,8.736000000000047,1,2.0
122,ERROR_M,6,52,1.4499999999999886,8.069999999999993,0,2.0
122,ERROR_M,6,53,1.447999999999979,7.798000000000002,0,2.0
122,ERROR_M,6,54,1.8180000000000405,3.6059999999999945,0,2.0
122,ERROR_M,6,55,1.9540000000000077,8.525999999999954,0,2.0
122,ERROR_M,6,56,2.4680000000000177,3.4220000000000255,1,2.0
122,ERROR_M,6,57,2.6920000000000073,8.333999999999946,1,2.0
122,ERROR_M,6,58,2.0680000000000405,5.527999999999963,1,2.0
122,ERROR_M,6,59,1.8760000000000332,4.411999999999978,0,2.0
122,ERROR_M,6,60,1.8400000000000318,6.283999999999992,0,2.0
122,ERROR_M,6,61,1.9159999999999968,4.314000000000021,0,2.0
122,ERROR_M,6,62,2.15199999999993,3.9600000000000364,1,2.0
122,ERROR_M,6,63,2.840000000000032,6.9220000000000255,1,2.0
122,ERROR_M,6,64,2.599999999999909,18.23599999999999,1,2.0
122,ERROR_M,6,65,1.7100000000000364,6.775999999999954,0,2.0
122,ERROR_M,6,66,1.8960000000000719,9.18999999999994,0,2.0
122,ERROR_M,6,67,2.9420000000000073,5.0919999999999845,1,2.0
122,ERROR_M,6,68,0.6040000000000418,0.08600000000001273,0,2.0
122,ERROR_M,6,69,0.2319999999999709,13.0,0,2.0
122,ERROR_M,6,70,2.340000000000032,7.610000000000014,1,2.0
122,ERROR_M,6,71,2.199999999999932,8.164000000000101,1,2.0
122,ERROR_M,6,72,2.1079999999999472,8.361999999999966,1,2.0
122,ERROR_M,6,73,2.300000000000068,8.611999999999966,1,2.0
122,ERROR_M,6,74,0.11800000000005184,0.13399999999990087,0,2.0
122,ERROR_M,6,75,0.057999999999992724,7.928000000000111,0,2.0
122,ERROR_M,6,76,2.297999999999888,5.102000000000089,1,2.0
122,ERROR_M,6,77,1.8659999999999854,4.874000000000024,0,2.0
122,ERROR_M,6,78,1.961999999999989,2.755999999999972,0,2.0
122,ERROR_M,6,79,2.288000000000011,5.949999999999932,1,2.0
122,ERROR_M,6,80,1.6400000000001,4.301999999999907,0,2.0
122,ERROR_M,6,81,1.8740000000000236,5.440000000000055,0,2.0
122,ERROR_M,6,82,3.6399999999999864,6.913999999999987,1,2.0
122,ERROR_M,6,83,2.032000000000039,5.283999999999992,1,2.0
122,ERROR_M,6,84,2.089999999999918,5.898000000000025,1,2.0
122,ERROR_M,6,85,2.0720000000000027,7.036000000000058,1,2.0
122,ERROR_M,6,86,1.6319999999999482,4.860000000000014,0,2.0
122,ERROR_M,6,87,2.453999999999951,8.812000000000012,1,2.0
122,ERROR_M,6,88,2.2760000000000673,3.48599999999999,1,2.0
122,ERROR_M,6,89,2.2619999999999436,4.744000000000028,1,2.0
122,ERROR_M,6,90,1.6660000000000537,8.069999999999936,0,2.0
122,ERROR_M,6,91,1.83400000000006,3.3279999999999745,0,2.0
122,ERROR_M,6,92,1.961999999999989,6.655999999999949,0,2.0
122,ERROR_M,6,93,1.802000000000021,6.4640000000000555,0,2.0
122,ERROR_M,6,94,1.8999999999999773,7.432000000000016,0,2.0
122,ERROR_M,6,95,1.9940000000000282,8.417999999999893,0,2.0
122,ERROR_M,6,96,2.052000000000021,9.036000000000058,1,2.0
122,ERROR_M,6,97,2.0079999999999245,4.704000000000065,1,2.0
122,ERROR_M,6,98,1.7759999999999536,3.590000000000032,0,2.0
122,ERROR_M,6,99,2.0679999999999836,4.560000000000059,1,2.0
122,ERROR_M,6,100,2.7539999999999054,6.248000000000047,1,2.0
122,ERROR_M,6,101,2.3999999999999773,8.594000000000051,1,2.0
122,ERROR_M,6,102,2.2200000000000273,6.607999999999947,1,2.0
122,ERROR_M,6,103,2.1779999999999973,7.543999999999983,1,2.0
122,ERROR_M,6,104,2.1779999999999973,7.1159999999999854,1,2.0
122,ERROR_M,6,105,1.48599999999999,5.83400000000006,0,2.0
122,ERROR_M,6,106,1.830000000000041,2.8159999999999172,0,2.0
122,ERROR_M,6,107,1.782000000000039,20.610000000000014,0,2.0
122,ERROR_M,6,108,1.377999999999929,23.478000000000065,0,2.0
122,ERROR_M,6,109,1.7980000000000018,7.461999999999989,0,2.0
122,ERROR_M,6,110,2.203999999999951,5.248000000000047,1,2.0
122,ERROR_M,6,111,1.4639999999999418,10.406000000000063,0,2.0
122,ERROR_M,6,112,0.15399999999999636,69.42799999999988,0,2.0
122,ERROR_M,6,113,1.3380000000001928,5.551999999999907,0,2.0
122,ERROR_M,6,114,1.9880000000000564,5.205999999999904,0,2.0
122,ERROR_M,6,115,1.8900000000001,20.34400000000005,0,2.0
122,ERROR_M,6,116,2.171999999999798,7.880000000000109,1,2.0
122,ERROR_M,6,117,1.5339999999998781,5.262000000000171,0,2.0
122,ERROR_M,6,118,1.9320000000000164,8.013999999999896,0,2.0
122,ERROR_M,6,119,1.9800000000000182,3.7080000000000837,0,2.0
122,ERROR_M,6,120,2.397999999999911,4.897999999999911,1,2.0
122,ERROR_M,6,121,2.0440000000000964,5.682000000000016,1,2.0
122,ERROR_M,6,122,2.0860000000000127,5.195999999999913,1,2.0
122,ERROR_M,6,123,2.173999999999978,5.6340000000000146,1,2.0
122,ERROR_M,6,124,2.036000000000058,6.1440000000000055,1,2.0
122,ERROR_M,6,125,1.8299999999999272,7.244000000000142,0,2.0
122,ERROR_M,6,126,2.6639999999999873,6.673999999999978,1,2.0
122,ERROR_M,6,127,2.341999999999871,7.182000000000016,1,2.0
122,ERROR_M,6,128,2.0540000000000873,6.2560000000000855,1,2.0
122,ERROR_M,6,129,2.241999999999962,5.349999999999909,1,2.0
122,ERROR_M,6,130,2.1760000000001583,8.77599999999984,1,2.0
122,ERROR_M,6,131,1.9500000000000455,8.195999999999913,0,2.0
122,ERROR_M,6,132,2.0420000000001437,7.519999999999982,1,2.0
122,ERROR_M,6,133,2.076000000000022,7.480000000000018,1,2.0
122,ERROR_M,6,134,1.9239999999999782,7.8279999999999745,0,2.0
122,ERROR_M,6,135,2.16599999999994,4.41800000000012,1,2.0
122,ERROR_M,6,136,2.4039999999999964,3.7639999999998963,1,2.0
122,ERROR_M,6,137,2.2080000000000837,3.0879999999999654,1,2.0
122,ERROR_M,6,138,2.2180000000000746,3.433999999999969,1,2.0
122,ERROR_M,6,139,2.5219999999999345,4.80600000000004,1,2.0
122,ERROR_M,6,140,2.1639999999999873,4.5219999999999345,1,2.0
122,ERROR_M,6,141,1.3179999999999836,6.102000000000089,0,2.0
122,ERROR_M,6,142,2.071999999999889,6.882000000000062,1,2.0
122,ERROR_M,6,143,2.2159999999998945,4.790000000000191,1,2.0
122,ERROR_M,6,144,1.9019999999998163,7.076000000000022,0,2.0
122,ERROR_M,6,145,2.5700000000001637,2.841999999999871,1,2.0
122,ERROR_M,6,146,2.650000000000091,3.713999999999942,1,2.0
122,ERROR_M,6,147,2.83400000000006,5.933999999999969,1,2.0
122,ERROR_M,6,148,2.5060000000000855,5.217999999999847,1,2.0
122,ERROR_M,6,149,2.3300000000001546,6.867999999999938,1,2.0
122,ERROR_M,6,150,2.9559999999999036,7.458000000000084,1,2.0
122,ERROR_M,6,151,1.9880000000000564,7.821999999999889,0,2.0
122,ERROR_M,6,152,2.36200000000008,6.227999999999838,1,2.0
122,ERROR_M,6,153,2.158000000000129,33.894000000000005,1,2.0
122,ERROR_M,6,154,1.6600000000000819,60.1579999999999,0,2.0
122,ERROR_M,6,155,0.4459999999999127,32.875999999999976,0,2.0
122,ERROR_M,6,156,1.8380000000001928,4.8559999999999945,0,2.0
122,ERROR_M,6,157,1.377999999999929,6.675999999999931,0,2.0
122,ERROR_M,6,158,2.008000000000038,6.463999999999942,1,2.0
122,ERROR_M,6,159,2.1080000000001746,6.545999999999822,1,2.0
122,ERROR_M,6,160,1.8659999999999854,4.518000000000029,0,2.0
122,ERROR_M,6,161,0.06200000000012551,0.08399999999983265,0,2.0
122,ERROR_M,6,162,0.14800000000013824,19.493999999999915,0,2.0
122,ERROR_M,6,163,2.0440000000000964,11.329999999999927,1,2.0
122,ERROR_M,6,164,1.9860000000001037,7.066000000000031,0,2.0
122,ERROR_M,6,165,1.8079999999999927,9.039999999999964,0,2.0
122,ERROR_M,6,166,2.451999999999998,9.559999999999945,1,2.0
122,ERROR_M,6,167,1.9400000000000546,7.819999999999936,0,2.0
122,ERROR_M,6,168,2.4039999999999964,8.47199999999998,1,2.0
122,ERROR_M,6,169,1.8940000000000055,8.506000000000085,0,2.0
122,ERROR_M,6,170,2.3559999999999945,6.207999999999856,1,2.0
122,ERROR_M,6,171,2.1400000000001,6.05600000000004,1,2.0
122,ERROR_M,6,172,1.7159999999998945,6.460000000000036,0,2.0
122,ERROR_M,6,173,2.018000000000029,3.61200000000008,1,2.0
122,ERROR_M,6,174,2.2159999999998945,3.3220000000001164,1,2.0
122,ERROR_M,6,175,2.0139999999998963,7.403999999999996,1,2.0
122,ERROR_M,6,176,2.3199999999999363,6.094000000000051,1,2.0
122,ERROR_M,6,177,2.1079999999999472,6.456000000000131,1,2.0
122,ERROR_M,6,178,2.0739999999998417,4.36200000000008,1,2.0
122,ERROR_M,6,179,1.3220000000001164,4.841999999999871,0,2.0
122,ERROR_M,6,180,1.9539999999999509,6.690000000000055,0,2.0
122,ERROR_M,6,181,2.018000000000029,6.933999999999969,1,2.0
122,ERROR_M,6,182,2.0299999999999727,3.8420000000000982,1,2.0
122,ERROR_M,6,183,2.435999999999922,11.276000000000067,1,2.0
122,ERROR_M,6,184,1.990000000000009,5.913999999999987,0,2.0
122,ERROR_M,6,185,2.296000000000049,7.823999999999842,1,2.0
122,ERROR_M,6,186,2.282000000000153,6.029999999999973,1,2.0
122,ERROR_M,6,187,1.9300000000000637,10.30399999999986,0,2.0
122,ERROR_M,6,188,2.02800000000002,8.786000000000058,1,2.0
122,ERROR_M,6,189,1.91599999999994,5.170000000000073,0,2.0
122,ERROR_M,6,190,1.711999999999989,101.92599999999993,0,2.0
122,ERROR_M,6,191,1.8559999999999945,84.84799999999996,0,2.0
122,ERROR_M,6,192,0.08799999999996544,134.03800000000024,0,2.0
122,ERROR_M,6,193,1.349999999999909,82.38599999999997,0,2.0
122,ERROR_M,6,194,1.3780000000001564,29.08999999999969,0,2.0
122,ERROR_M,6,195,1.5760000000000218,6.248000000000047,0,2.0
122,ERROR_M,6,196,1.5340000000001055,10.157999999999902,0,2.0
122,ERROR_M,6,197,0.41200000000026193,451.73199999999997,0,2.0
122,ERROR_M,6,198,0.9779999999996107,190.40200000000004,0,2.0
122,ERROR_M,6,199,1.461999999999989,49.096000000000004,0,2.0
122,ERROR_M,6,200,0.5,8.222000000000207,0,2.0
122,ERROR_M,6,201,1.8800000000001091,16.55199999999968,0,2.0
122,ERROR_M,6,202,1.9340000000001965,6.704000000000178,0,2.0
122,ERROR_M,6,203,1.7039999999997235,,0,2.0
122,ERROR_M,7,1,1.2980000000000018,3.8159999999999954,0,2.0
122,ERROR_M,7,2,1.6140000000000043,3.6299999999999955,0,2.0
122,ERROR_M,7,3,1.8900000000000006,7.082000000000001,0,2.0
122,ERROR_M,7,4,1.225999999999999,8.718000000000004,0,2.0
122,ERROR_M,7,5,1.8879999999999981,3.2099999999999937,0,2.0
122,ERROR_M,7,6,1.774000000000001,2.7560000000000002,0,2.0
122,ERROR_M,7,7,2.068000000000012,3.0519999999999925,1,2.0
122,ERROR_M,7,8,1.6380000000000052,4.9879999999999995,0,2.0
122,ERROR_M,7,9,1.441999999999993,5.5120000000000005,0,2.0
122,ERROR_M,7,10,1.5360000000000014,5.763999999999996,0,2.0
122,ERROR_M,7,11,1.956000000000003,5.802000000000007,0,2.0
122,ERROR_M,7,12,2.289999999999992,6.451999999999998,1,2.0
122,ERROR_M,7,13,1.5400000000000063,6.403999999999996,0,2.0
122,ERROR_M,7,14,1.7160000000000082,6.797999999999988,0,2.0
122,ERROR_M,7,15,1.7019999999999982,4.070000000000022,0,2.0
122,ERROR_M,7,16,1.829999999999984,7.445999999999998,0,2.0
122,ERROR_M,7,17,1.6380000000000052,7.602000000000004,0,2.0
122,ERROR_M,7,18,2.102000000000004,8.256,1,2.0
122,ERROR_M,7,19,1.853999999999985,4.53400000000002,0,2.0
122,ERROR_M,7,20,2.3759999999999764,4.564000000000021,1,2.0
122,ERROR_M,7,21,2.5139999999999816,4.75800000000001,1,2.0
122,ERROR_M,7,22,2.509999999999991,5.813999999999993,1,2.0
122,ERROR_M,7,23,2.2760000000000105,6.188000000000017,1,2.0
122,ERROR_M,7,24,1.7879999999999825,7.062000000000012,0,2.0
122,ERROR_M,7,25,1.9659999999999798,3.4960000000000093,0,2.0
122,ERROR_M,7,26,2.0279999999999916,3.554000000000002,1,2.0
122,ERROR_M,7,27,2.176000000000016,5.322000000000003,1,2.0
122,ERROR_M,7,28,2.1119999999999948,7.852000000000004,1,2.0
122,ERROR_M,7,29,1.7059999999999889,6.397999999999996,0,2.0
122,ERROR_M,7,30,2.3780000000000143,4.030000000000001,1,2.0
122,ERROR_M,7,31,1.7660000000000196,2.683999999999969,0,2.0
122,ERROR_M,7,32,1.7339999999999804,4.1340000000000146,0,2.0
122,ERROR_M,7,33,2.5,7.466000000000008,1,2.0
122,ERROR_M,7,34,2.1399999999999864,8.115999999999985,1,2.0
122,ERROR_M,7,35,1.8180000000000405,8.589999999999975,0,2.0
122,ERROR_M,7,36,2.02800000000002,5.413999999999987,1,2.0
122,ERROR_M,7,37,2.062000000000012,7.490000000000009,1,2.0
122,ERROR_M,7,38,1.575999999999965,8.581999999999994,0,2.0
122,ERROR_M,7,39,1.8040000000000305,4.101999999999975,0,2.0
122,ERROR_M,7,40,2.188000000000045,4.227999999999952,1,2.0
122,ERROR_M,7,41,2.0440000000000396,2.9399999999999977,1,2.0
122,ERROR_M,7,42,2.23599999999999,4.913999999999987,1,2.0
122,ERROR_M,7,43,2.098000000000013,3.593999999999994,1,2.0
122,ERROR_M,7,44,1.7040000000000077,5.199999999999989,0,2.0
122,ERROR_M,7,45,1.9800000000000182,6.149999999999977,0,2.0
122,ERROR_M,7,46,1.5339999999999918,6.090000000000032,0,2.0
122,ERROR_M,7,47,0.4060000000000059,0.031999999999982265,0,2.0
122,ERROR_M,7,48,0.24200000000001864,23.108000000000004,0,2.0
122,ERROR_M,7,49,1.2779999999999632,5.418000000000006,0,2.0
122,ERROR_M,7,50,1.5020000000000095,0.02400000000000091,0,2.0
122,ERROR_M,7,51,0.8179999999999836,6.934000000000026,0,2.0
122,ERROR_M,7,52,2.2139999999999986,4.755999999999972,1,2.0
122,ERROR_M,7,53,1.7379999999999995,7.614000000000033,0,2.0
122,ERROR_M,7,54,2.259999999999991,7.48599999999999,1,2.0
122,ERROR_M,7,55,2.2200000000000273,7.927999999999997,1,2.0
122,ERROR_M,7,56,2.4079999999999586,8.386000000000024,1,2.0
122,ERROR_M,7,57,2.5679999999999836,8.608000000000004,1,2.0
122,ERROR_M,7,58,2.697999999999979,4.362000000000023,1,2.0
122,ERROR_M,7,59,1.8240000000000123,2.853999999999985,0,2.0
122,ERROR_M,7,60,2.410000000000025,8.49799999999999,1,2.0
122,ERROR_M,7,61,2.562000000000012,4.927999999999997,1,2.0
122,ERROR_M,7,62,1.745999999999981,5.163999999999987,0,2.0
122,ERROR_M,7,63,1.6959999999999695,5.474000000000046,0,2.0
122,ERROR_M,7,64,2.0779999999999745,7.053999999999974,1,2.0
122,ERROR_M,7,65,2.09800000000007,3.853999999999928,1,2.0
122,ERROR_M,7,66,2.3360000000000127,3.3220000000000027,1,2.0
122,ERROR_M,7,67,2.1560000000000628,4.155999999999949,1,2.0
122,ERROR_M,7,68,2.1680000000000064,5.420000000000073,1,2.0
122,ERROR_M,7,69,1.391999999999939,5.798000000000002,0,2.0
122,ERROR_M,7,70,2.008000000000038,6.175999999999931,1,2.0
122,ERROR_M,7,71,2.386000000000081,6.951999999999998,1,2.0
122,ERROR_M,7,72,2.3940000000000055,3.189999999999941,1,2.0
122,ERROR_M,7,73,2.358000000000061,5.8799999999999955,1,2.0
122,ERROR_M,7,74,1.4559999999999036,7.026000000000067,0,2.0
122,ERROR_M,7,75,2.117999999999938,8.444000000000074,1,2.0
122,ERROR_M,7,76,2.183999999999969,7.860000000000014,1,2.0
122,ERROR_M,7,77,2.04200000000003,8.305999999999926,1,2.0
122,ERROR_M,7,78,2.1920000000000073,6.716000000000008,1,2.0
122,ERROR_M,7,79,2.108000000000061,7.853999999999928,1,2.0
122,ERROR_M,7,80,0.17399999999997817,0.08600000000001273,0,2.0
122,ERROR_M,7,81,0.12000000000000455,11.072000000000003,0,2.0
122,ERROR_M,7,82,2.447999999999979,7.794000000000096,1,2.0
122,ERROR_M,7,83,1.7779999999999063,14.276000000000067,0,2.0
122,ERROR_M,7,84,2.0919999999999845,4.176000000000045,1,2.0
122,ERROR_M,7,85,2.0439999999999827,3.5979999999999563,1,2.0
122,ERROR_M,7,86,1.8940000000000055,4.20799999999997,0,2.0
122,ERROR_M,7,87,2.009999999999991,6.246000000000095,1,2.0
122,ERROR_M,7,88,2.713999999999942,5.51400000000001,1,2.0
122,ERROR_M,7,89,2.538000000000011,2.9220000000000255,1,2.0
122,ERROR_M,7,90,2.2519999999999527,4.586000000000013,1,2.0
122,ERROR_M,7,91,2.283999999999992,7.296000000000049,1,2.0
122,ERROR_M,7,92,1.8419999999999845,7.110000000000014,0,2.0
122,ERROR_M,7,93,1.3619999999999663,0.03999999999996362,0,2.0
122,ERROR_M,7,94,0.23599999999999,6.566000000000031,0,2.0
122,ERROR_M,7,95,1.8820000000000618,4.70799999999997,0,2.0
122,ERROR_M,7,96,2.0599999999999454,8.096000000000004,1,2.0
122,ERROR_M,7,97,2.5160000000000764,3.0179999999999154,1,2.0
122,ERROR_M,7,98,1.8559999999999945,7.6720000000000255,0,2.0
122,ERROR_M,7,99,2.5539999999999736,4.220000000000027,1,2.0
122,ERROR_M,7,100,1.947999999999979,4.317999999999984,0,2.0
122,ERROR_M,7,101,2.910000000000082,6.279999999999973,1,2.0
122,ERROR_M,7,102,1.5579999999999927,7.3279999999999745,0,2.0
122,ERROR_M,7,103,1.9080000000000155,8.008000000000038,0,2.0
122,ERROR_M,7,104,2.3859999999999673,4.850000000000023,1,2.0
122,ERROR_M,7,105,2.1440000000000055,4.994000000000028,1,2.0
122,ERROR_M,7,106,2.0499999999999545,6.607999999999947,1,2.0
122,ERROR_M,7,107,2.1539999999999964,7.9500000000000455,1,2.0
122,ERROR_M,7,108,2.519999999999982,5.012000000000057,1,2.0
122,ERROR_M,7,109,2.0779999999999745,3.7379999999999427,1,2.0
122,ERROR_M,7,110,2.1700000000000728,7.059999999999945,1,2.0
122,ERROR_M,7,111,1.79200000000003,10.155999999999949,0,2.0
122,ERROR_M,7,112,1.4500000000000455,8.827999999999975,0,2.0
122,ERROR_M,7,113,1.4200000000000728,8.015999999999963,0,2.0
122,ERROR_M,7,114,1.8279999999999745,8.553999999999974,0,2.0
122,ERROR_M,7,115,1.7860000000000582,5.8799999999999955,0,2.0
122,ERROR_M,7,116,1.6720000000000255,4.411999999999921,0,2.0
122,ERROR_M,7,117,1.830000000000041,3.6340000000000146,0,2.0
122,ERROR_M,7,118,2.6480000000000246,3.8079999999999927,1,2.0
122,ERROR_M,7,119,2.3719999999999573,3.0299999999999727,1,2.0
122,ERROR_M,7,120,2.1520000000000437,4.858000000000061,1,2.0
122,ERROR_M,7,121,2.435999999999922,6.211999999999989,1,2.0
122,ERROR_M,7,122,2.2900000000000773,5.966000000000008,1,2.0
122,ERROR_M,7,123,2.3079999999999927,6.781999999999925,1,2.0
122,ERROR_M,7,124,2.302000000000021,4.375999999999976,1,2.0
122,ERROR_M,7,125,1.7760000000000673,7.730000000000018,0,2.0
122,ERROR_M,7,126,2.4039999999999964,5.081999999999994,1,2.0
122,ERROR_M,7,127,2.211999999999989,6.622000000000071,1,2.0
122,ERROR_M,7,128,2.099999999999909,7.58199999999988,1,2.0
122,ERROR_M,7,129,1.7740000000001146,3.230000000000018,0,2.0
122,ERROR_M,7,130,2.3199999999999363,3.7280000000000655,1,2.0
122,ERROR_M,7,131,2.173999999999978,6.509999999999991,1,2.0
122,ERROR_M,7,132,1.6679999999998927,6.844000000000051,0,2.0
122,ERROR_M,7,133,1.7860000000000582,7.917999999999893,0,2.0
122,ERROR_M,7,134,2.038000000000011,5.382000000000062,1,2.0
122,ERROR_M,7,135,1.7699999999999818,8.096000000000004,0,2.0
122,ERROR_M,7,136,2.8840000000000146,8.57400000000007,1,2.0
122,ERROR_M,7,137,2.33400000000006,6.033999999999878,1,2.0
122,ERROR_M,7,138,2.0720000000001164,9.417999999999893,1,2.0
122,ERROR_M,7,139,0.5499999999999545,0.04600000000004911,0,2.0
122,ERROR_M,7,140,0.2059999999999036,130.86400000000003,0,2.0
122,ERROR_M,7,141,2.019999999999982,6.740000000000009,1,2.0
122,ERROR_M,7,142,2.214000000000169,8.905999999999949,1,2.0
122,ERROR_M,7,143,1.9259999999999309,7.798000000000002,0,2.0
122,ERROR_M,7,144,1.7619999999999436,4.642000000000053,0,2.0
122,ERROR_M,7,145,1.66599999999994,5.662000000000035,0,2.0
122,ERROR_M,7,146,2.4480000000000928,7.054000000000087,1,2.0
122,ERROR_M,7,147,1.7679999999998017,5.624000000000024,0,2.0
122,ERROR_M,7,148,1.9480000000000928,6.624000000000024,0,2.0
122,ERROR_M,7,149,2.099999999999909,7.956000000000131,1,2.0
122,ERROR_M,7,150,1.77599999999984,8.13000000000011,0,2.0
122,ERROR_M,7,151,2.5319999999999254,6.5340000000001055,1,2.0
122,ERROR_M,7,152,2.1799999999998363,5.624000000000024,1,2.0
122,ERROR_M,7,153,1.900000000000091,0.09600000000000364,0,2.0
122,ERROR_M,7,154,0.10199999999986176,10.134000000000015,0,2.0
122,ERROR_M,7,155,1.8079999999999927,7.990000000000009,0,2.0
122,ERROR_M,7,156,1.4640000000001692,4.955999999999904,0,2.0
122,ERROR_M,7,157,1.5340000000001055,2.9859999999998763,0,2.0
122,ERROR_M,7,158,2.1140000000000327,19.738000000000056,1,2.0
122,ERROR_M,7,159,1.8740000000000236,6.445999999999913,0,2.0
122,ERROR_M,7,160,1.8679999999999382,7.410000000000082,0,2.0
122,ERROR_M,7,161,1.7159999999998945,5.082000000000107,0,2.0
122,ERROR_M,7,162,1.8079999999999927,7.816000000000031,0,2.0
122,ERROR_M,7,163,2.2539999999999054,8.71400000000017,1,2.0
122,ERROR_M,7,164,2.0779999999999745,4.1599999999998545,1,2.0
122,ERROR_M,7,165,1.58400000000006,7.369999999999891,0,2.0
122,ERROR_M,7,166,1.9300000000000637,2.910000000000082,0,2.0
122,ERROR_M,7,167,2.0119999999999436,5.596000000000004,1,2.0
122,ERROR_M,7,168,2.4880000000000564,4.80399999999986,1,2.0
122,ERROR_M,7,169,1.8880000000001473,3.311999999999898,0,2.0
122,ERROR_M,7,170,1.6259999999999764,8.676000000000158,0,2.0
122,ERROR_M,7,171,1.961999999999989,3.6620000000000346,0,2.0
122,ERROR_M,7,172,2.2199999999998,4.942000000000007,1,2.0
122,ERROR_M,7,173,1.9540000000001783,7.523999999999887,0,2.0
122,ERROR_M,7,174,2.130000000000109,8.355999999999995,1,2.0
122,ERROR_M,7,175,2.0019999999999527,4.645999999999958,1,2.0
122,ERROR_M,7,176,1.566000000000031,6.574000000000069,0,2.0
122,ERROR_M,7,177,1.9759999999998854,5.683999999999969,0,2.0
122,ERROR_M,7,178,1.8040000000000873,2.5779999999999745,0,2.0
122,ERROR_M,7,179,1.8420000000000982,7.329999999999927,0,2.0
122,ERROR_M,7,180,1.4479999999998654,8.508000000000038,0,2.0
122,ERROR_M,7,181,1.6920000000000073,7.004000000000133,0,2.0
122,ERROR_M,7,182,1.4420000000000073,5.9659999999998945,0,2.0
122,ERROR_M,7,183,1.72199999999998,5.928000000000111,0,2.0
122,ERROR_M,7,184,2.1820000000000164,3.689999999999827,1,2.0
122,ERROR_M,7,185,2.1620000000000346,7.738000000000056,1,2.0
122,ERROR_M,7,186,1.8559999999999945,7.9220000000000255,0,2.0
122,ERROR_M,7,187,2.0399999999999636,8.329999999999927,1,2.0
122,ERROR_M,7,188,1.6259999999999764,8.570000000000164,0,2.0
122,ERROR_M,7,189,2.08199999999988,8.566000000000031,1,2.0
122,ERROR_M,7,190,1.6100000000001273,5.677999999999884,0,2.0
122,ERROR_M,7,191,2.3079999999999927,4.650000000000091,1,2.0
122,ERROR_M,7,192,2.0299999999999727,7.58199999999988,1,2.0
122,ERROR_M,7,193,1.97199999999998,2.818000000000211,0,2.0
122,ERROR_M,7,194,2.1099999999999,7.038000000000011,1,2.0
122,ERROR_M,7,195,2.316000000000031,6.233999999999924,1,2.0
122,ERROR_M,7,196,1.5319999999999254,6.4620000000002165,0,2.0
122,ERROR_M,7,197,1.8739999999997963,6.508000000000038,0,2.0
122,ERROR_M,7,198,2.4200000000000728,8.365999999999985,1,2.0
122,ERROR_M,7,199,2.0440000000000964,4.333999999999833,1,2.0
122,ERROR_M,7,200,2.1340000000000146,7.6180000000001655,1,2.0
122,ERROR_M,7,201,2.3579999999999472,4.230000000000018,1,2.0
122,ERROR_M,7,202,2.0939999999998236,5.688000000000102,1,2.0
122,ERROR_M,7,203,2.38799999999992,5.670000000000073,1,2.0
122,ERROR_M,7,204,2.117999999999938,6.402000000000044,1,2.0
122,ERROR_M,7,205,1.4519999999999982,7.072000000000116,0,2.0
122,ERROR_M,7,206,1.7459999999998672,5.0779999999999745,0,2.0
122,ERROR_M,7,207,2.244000000000142,5.949999999999818,1,2.0
122,ERROR_M,7,208,1.6740000000002055,7.045999999999822,0,2.0
122,ERROR_M,7,209,1.3880000000001473,6.447999999999865,0,2.0
122,ERROR_M,7,210,2.2200000000000273,8.402000000000044,1,2.0
122,ERROR_M,7,211,1.4480000000000928,13.86999999999989,0,2.0
122,ERROR_M,7,212,1.8759999999999764,31.077999999999975,0,2.0
122,ERROR_M,7,213,1.7740000000001146,75.21399999999994,0,2.0
122,ERROR_M,7,214,1.9020000000000437,5.942000000000007,0,2.0
122,ERROR_M,7,215,2.0699999999999363,5.0219999999999345,1,2.0
122,ERROR_M,7,216,2.2320000000001983,5.7879999999997835,1,2.0
122,ERROR_M,7,217,2.2740000000001146,8.991999999999962,1,2.0
122,ERROR_M,7,218,1.9500000000000455,5.066000000000031,0,2.0
122,ERROR_M,7,219,2.1779999999998836,7.142000000000053,1,2.0
122,ERROR_M,7,220,1.655999999999949,6.951999999999998,0,2.0
122,ERROR_M,7,221,1.731999999999971,2.8360000000000127,0,2.0
122,ERROR_M,7,222,2.6460000000001855,5.903999999999996,1,2.0
122,ERROR_M,7,223,1.681999999999789,7.014000000000124,0,2.0
122,ERROR_M,7,224,1.7359999999998763,5.809999999999945,0,2.0
122,ERROR_M,7,225,2.350000000000364,5.403999999999996,1,2.0
122,ERROR_M,7,226,2.2219999999997526,3.8780000000001564,1,2.0
122,ERROR_M,7,227,1.8899999999998727,7.3159999999998035,0,2.0
122,ERROR_M,7,228,2.2220000000002074,11.103999999999814,1,2.0
122,ERROR_M,7,229,2.0900000000001455,7.996000000000095,1,2.0
122,ERROR_M,7,230,2.3600000000001273,3.1679999999996653,1,2.0
122,ERROR_M,7,231,2.1020000000003165,8.52599999999984,1,2.0
122,ERROR_M,7,232,2.5279999999997926,11.882000000000062,1,2.0
122,ERROR_M,7,233,2.282000000000153,7.367999999999938,1,2.0
122,ERROR_M,7,234,1.80600000000004,8.11999999999989,0,2.0
122,ERROR_M,7,235,1.8640000000000327,4.4340000000001965,0,2.0
122,ERROR_M,7,236,2.505999999999858,3.994000000000142,1,2.0
122,ERROR_M,7,237,2.2100000000000364,7.895999999999731,1,2.0
122,ERROR_M,7,238,2.175999999999931,7.356000000000222,1,2.0
122,ERROR_M,7,239,1.8159999999998035,7.844000000000051,0,2.0
122,ERROR_M,7,240,1.7580000000002656,10.349999999999909,0,2.0
122,ERROR_M,7,241,2.1100000000001273,5.333999999999833,1,2.0
122,ERROR_M,7,242,2.0859999999997854,6.97400000000016,1,2.0
122,ERROR_M,7,243,1.6140000000000327,8.690000000000055,0,2.0
122,ERROR_M,7,244,2.1900000000000546,8.80600000000004,1,2.0
122,ERROR_M,7,245,2.087999999999738,5.19800000000032,1,2.0
122,ERROR_M,7,246,2.005999999999858,6.599999999999909,1,2.0
122,ERROR_M,7,247,1.7980000000002292,257.0659999999998,0,2.0
122,ERROR_M,7,248,2.0599999999999454,36.771999999999935,1,2.0
122,ERROR_M,7,249,0.7640000000001237,0.06399999999985084,0,2.0
122,ERROR_M,7,250,0.17399999999997817,57.83000000000038,0,2.0
122,ERROR_M,7,251,1.7099999999995816,260.3100000000004,0,2.0
122,ERROR_M,7,252,1.625999999999749,76.84000000000015,0,2.0
122,ERROR_M,7,253,1.5199999999999818,19.061999999999898,0,2.0
122,ERROR_M,7,254,1.512000000000171,,0,2.0
122,ERROR_M,8,1,1.3180000000000014,8.43,0,2.0
122,ERROR_M,8,2,1.8459999999999965,6.530000000000001,0,2.0
122,ERROR_M,8,3,1.064,7.219999999999999,0,2.0
122,ERROR_M,8,4,2.3360000000000056,5.143999999999991,1,2.0
122,ERROR_M,8,5,1.456000000000003,5.174000000000007,0,2.0
122,ERROR_M,8,6,1.9200000000000017,7.97999999999999,0,2.0
122,ERROR_M,8,7,2.5900000000000034,8.573999999999998,1,2.0
122,ERROR_M,8,8,2.2819999999999965,3.0320000000000107,1,2.0
122,ERROR_M,8,9,1.9719999999999942,3.156000000000006,0,2.0
122,ERROR_M,8,10,2.554000000000002,5.699999999999989,1,2.0
122,ERROR_M,8,11,0.04800000000000182,0.11200000000000898,0,2.0
122,ERROR_M,8,12,0.08199999999999363,25.028000000000006,0,2.0
122,ERROR_M,8,13,1.9039999999999964,6.677999999999997,0,2.0
122,ERROR_M,8,14,2.1200000000000045,4.123999999999995,1,2.0
122,ERROR_M,8,15,2.2959999999999923,3.6180000000000234,1,2.0
122,ERROR_M,8,16,2.2439999999999998,3.947999999999979,1,2.0
122,ERROR_M,8,17,2.430000000000007,4.557999999999993,1,2.0
122,ERROR_M,8,18,2.254000000000019,5.731999999999999,1,2.0
122,ERROR_M,8,19,2.495999999999981,7.804000000000002,1,2.0
122,ERROR_M,8,20,1.6299999999999955,3.5360000000000014,0,2.0
122,ERROR_M,8,21,1.5560000000000116,7.859999999999985,0,2.0
122,ERROR_M,8,22,2.3540000000000134,7.436000000000007,1,2.0
122,ERROR_M,8,23,1.9019999999999868,5.599999999999994,0,2.0
122,ERROR_M,8,24,2.598000000000013,6.518000000000001,1,2.0
122,ERROR_M,8,25,2.4240000000000066,5.23599999999999,1,2.0
122,ERROR_M,8,26,2.1459999999999866,6.630000000000024,1,2.0
122,ERROR_M,8,27,0.12599999999997635,0.056000000000011596,0,2.0
122,ERROR_M,8,28,0.42600000000001614,5.765999999999991,0,2.0
122,ERROR_M,8,29,2.461999999999989,5.5120000000000005,1,2.0
122,ERROR_M,8,30,2.319999999999993,6.889999999999986,1,2.0
122,ERROR_M,8,31,2.1240000000000236,7.5779999999999745,1,2.0
122,ERROR_M,8,32,1.9720000000000368,3.301999999999964,0,2.0
122,ERROR_M,8,33,2.2000000000000455,8.891999999999996,1,2.0
122,ERROR_M,8,34,1.495999999999981,8.586000000000013,0,2.0
122,ERROR_M,8,35,2.5319999999999823,3.112000000000023,1,2.0
122,ERROR_M,8,36,2.0879999999999654,5.610000000000014,1,2.0
122,ERROR_M,8,37,1.7479999999999905,5.668000000000006,0,2.0
122,ERROR_M,8,38,0.18000000000000682,0.06200000000001182,0,2.0
122,ERROR_M,8,39,0.16399999999998727,9.031999999999982,0,2.0
122,ERROR_M,8,40,2.048000000000002,6.28000000000003,1,2.0
122,ERROR_M,8,41,2.349999999999966,4.890000000000043,1,2.0
122,ERROR_M,8,42,2.4139999999999873,8.692000000000007,1,2.0
122,ERROR_M,8,43,0.8100000000000023,0.03999999999996362,0,2.0
122,ERROR_M,8,44,0.48600000000004684,7.94199999999995,0,2.0
122,ERROR_M,8,45,2.7340000000000373,5.831999999999994,1,2.0
122,ERROR_M,8,46,2.1619999999999777,5.093999999999994,1,2.0
122,ERROR_M,8,47,1.9180000000000064,4.222000000000037,0,2.0
122,ERROR_M,8,48,3.1359999999999673,4.8940000000000055,1,2.0
122,ERROR_M,8,49,2.5860000000000127,3.951999999999998,1,2.0
122,ERROR_M,8,50,2.430000000000007,6.2339999999999804,1,2.0
122,ERROR_M,8,51,2.1480000000000246,2.6959999999999695,1,2.0
122,ERROR_M,8,52,2.6159999999999854,7.3840000000000146,1,2.0
122,ERROR_M,8,53,2.127999999999986,4.6440000000000055,1,2.0
122,ERROR_M,8,54,2.0960000000000036,4.770000000000039,1,2.0
122,ERROR_M,8,55,2.575999999999965,22.976,1,2.0
122,ERROR_M,8,56,2.3319999999999936,7.222000000000037,1,2.0
122,ERROR_M,8,57,1.967999999999961,8.248000000000047,0,2.0
122,ERROR_M,8,58,1.9599999999999795,7.812000000000012,0,2.0
122,ERROR_M,8,59,0.027999999999963165,0.036000000000001364,0,2.0
122,ERROR_M,8,60,0.2259999999999991,8.010000000000048,0,2.0
122,ERROR_M,8,61,2.4599999999999795,12.227999999999952,1,2.0
122,ERROR_M,8,62,1.4160000000000537,8.22199999999998,0,2.0
122,ERROR_M,8,63,2.286000000000058,7.981999999999971,1,2.0
122,ERROR_M,8,64,2.5819999999999936,8.231999999999971,1,2.0
122,ERROR_M,8,65,2.286000000000058,4.613999999999919,1,2.0
122,ERROR_M,8,66,2.066000000000031,5.576000000000022,1,2.0
122,ERROR_M,8,67,2.3199999999999363,7.294000000000096,1,2.0
122,ERROR_M,8,68,2.1019999999999754,8.481999999999971,1,2.0
122,ERROR_M,8,69,2.532000000000039,6.413999999999987,1,2.0
122,ERROR_M,8,70,2.01400000000001,4.26400000000001,1,2.0
122,ERROR_M,8,71,2.3139999999999645,3.6920000000000073,1,2.0
122,ERROR_M,8,72,2.439999999999941,2.798000000000002,1,2.0
122,ERROR_M,8,73,2.951999999999998,3.033999999999992,1,2.0
122,ERROR_M,8,74,2.368000000000052,5.54200000000003,1,2.0
122,ERROR_M,8,75,1.72199999999998,5.080000000000041,0,2.0
122,ERROR_M,8,76,2.453999999999951,6.20799999999997,1,2.0
122,ERROR_M,8,77,3.2200000000000273,6.668000000000006,1,2.0
122,ERROR_M,8,78,2.04200000000003,7.171999999999912,1,2.0
122,ERROR_M,8,79,2.2660000000000764,4.981999999999971,1,2.0
122,ERROR_M,8,80,1.9780000000000655,4.829999999999927,0,2.0
122,ERROR_M,8,81,2.9540000000000646,7.5779999999999745,1,2.0
122,ERROR_M,8,82,2.699999999999932,4.26400000000001,1,2.0
122,ERROR_M,8,83,2.01400000000001,4.1440000000000055,1,2.0
122,ERROR_M,8,84,1.9780000000000655,3.185999999999922,0,2.0
122,ERROR_M,8,85,2.0960000000000036,4.732000000000085,1,2.0
122,ERROR_M,8,86,2.9659999999998945,4.9920000000000755,1,2.0
122,ERROR_M,8,87,2.725999999999999,14.899999999999977,1,2.0
122,ERROR_M,8,88,2.6620000000000346,2.504000000000019,1,2.0
122,ERROR_M,8,89,2.811999999999898,6.7280000000000655,1,2.0
122,ERROR_M,8,90,3.5119999999999436,7.670000000000073,1,2.0
122,ERROR_M,8,91,2.283999999999992,7.877999999999929,1,2.0
122,ERROR_M,8,92,2.1140000000000327,7.6299999999999955,1,2.0
122,ERROR_M,8,93,2.437999999999988,6.676000000000045,1,2.0
122,ERROR_M,8,94,1.8940000000000055,7.994000000000028,0,2.0
122,ERROR_M,8,95,1.9499999999999318,5.002000000000066,0,2.0
122,ERROR_M,8,96,2.0960000000000036,8.801999999999907,1,2.0
122,ERROR_M,8,97,1.7980000000000018,7.968000000000075,0,2.0
122,ERROR_M,8,98,2.171999999999912,8.462000000000103,1,2.0
122,ERROR_M,8,99,2.689999999999941,4.340000000000032,1,2.0
122,ERROR_M,8,100,2.4080000000000155,5.90199999999993,1,2.0
122,ERROR_M,8,101,2.6200000000000045,6.994000000000028,1,2.0
122,ERROR_M,8,102,2.67999999999995,6.274000000000001,1,2.0
122,ERROR_M,8,103,2.6340000000000146,7.220000000000027,1,2.0
122,ERROR_M,8,104,3.066000000000031,7.333999999999946,1,2.0
122,ERROR_M,8,105,2.810000000000059,7.63799999999992,1,2.0
122,ERROR_M,8,106,1.844000000000051,9.440000000000055,0,2.0
122,ERROR_M,8,107,1.13799999999992,8.317999999999984,0,2.0
122,ERROR_M,8,108,2.254000000000019,3.8980000000000246,1,2.0
122,ERROR_M,8,109,2.244000000000028,8.549999999999955,1,2.0
122,ERROR_M,8,110,2.2340000000000373,3.5459999999999354,1,2.0
122,ERROR_M,8,111,2.211999999999989,3.3780000000000427,1,2.0
122,ERROR_M,8,112,2.3980000000000246,3.8559999999999945,1,2.0
122,ERROR_M,8,113,1.8099999999999454,3.9820000000000846,0,2.0
122,ERROR_M,8,114,2.131999999999948,7.303999999999974,1,2.0
122,ERROR_M,8,115,2.1720000000000255,4.562000000000012,1,2.0
122,ERROR_M,8,116,1.9400000000000546,4.809999999999945,0,2.0
122,ERROR_M,8,117,2.830000000000041,5.23599999999999,1,2.0
122,ERROR_M,8,118,2.562000000000012,5.836000000000013,1,2.0
122,ERROR_M,8,119,2.3519999999999754,6.374000000000024,1,2.0
122,ERROR_M,8,120,2.2239999999999327,5.532000000000039,1,2.0
122,ERROR_M,8,121,0.37799999999992906,0.03600000000005821,0,2.0
122,ERROR_M,8,122,0.21199999999998909,16.17599999999993,0,2.0
122,ERROR_M,8,123,2.1240000000000236,5.470000000000027,1,2.0
122,ERROR_M,8,124,1.8279999999999745,17.96199999999999,0,2.0
122,ERROR_M,8,125,2.3600000000001273,7.124000000000024,1,2.0
122,ERROR_M,8,126,1.9019999999998163,6.398000000000138,0,2.0
122,ERROR_M,8,127,2.2200000000000273,6.94399999999996,1,2.0
122,ERROR_M,8,128,2.145999999999958,7.932000000000016,1,2.0
122,ERROR_M,8,129,3.0860000000000127,6.177999999999884,1,2.0
122,ERROR_M,8,130,1.8559999999999945,6.430000000000064,0,2.0
122,ERROR_M,8,131,2.2100000000000364,5.19399999999996,1,2.0
122,ERROR_M,8,132,2.0960000000000036,4.66800000000012,1,2.0
122,ERROR_M,8,133,2.1519999999998163,4.1740000000002055,1,2.0
122,ERROR_M,8,134,1.9239999999999782,7.617999999999938,0,2.0
122,ERROR_M,8,135,2.8859999999999673,9.715999999999894,1,2.0
122,ERROR_M,8,136,2.2120000000002165,6.739999999999782,1,2.0
122,ERROR_M,8,137,1.9100000000000819,8.07400000000007,0,2.0
122,ERROR_M,8,138,2.4179999999998927,4.014000000000124,1,2.0
122,ERROR_M,8,139,2.009999999999991,7.111999999999853,1,2.0
122,ERROR_M,8,140,2.6059999999999945,6.420000000000073,1,2.0
122,ERROR_M,8,141,1.7019999999999982,11.483999999999924,0,2.0
122,ERROR_M,8,142,1.8860000000001946,19.029999999999973,0,2.0
122,ERROR_M,8,143,1.227999999999838,7.66800000000012,0,2.0
122,ERROR_M,8,144,1.9759999999998854,7.158000000000129,0,2.0
122,ERROR_M,8,145,1.5399999999999636,7.413999999999987,0,2.0
122,ERROR_M,8,146,2.1800000000000637,5.567999999999984,1,2.0
122,ERROR_M,8,147,2.341999999999871,5.19600000000014,1,2.0
122,ERROR_M,8,148,2.1820000000000164,4.8940000000000055,1,2.0
122,ERROR_M,8,149,2.548000000000002,7.947999999999865,1,2.0
122,ERROR_M,8,150,2.282000000000153,7.837999999999965,1,2.0
122,ERROR_M,8,151,2.3579999999999472,8.614000000000033,1,2.0
122,ERROR_M,8,152,2.0319999999999254,8.45399999999995,1,2.0
122,ERROR_M,8,153,2.678000000000111,3.3379999999999654,1,2.0
122,ERROR_M,8,154,2.298000000000002,3.6620000000000346,1,2.0
122,ERROR_M,8,155,2.1259999999999764,5.403999999999996,1,2.0
122,ERROR_M,8,156,2.0779999999999745,5.923999999999978,1,2.0
122,ERROR_M,8,157,2.5,3.678000000000111,1,2.0
122,ERROR_M,8,158,2.561999999999898,4.652000000000044,1,2.0
122,ERROR_M,8,159,2.41800000000012,2.783999999999878,1,2.0
122,ERROR_M,8,160,2.178000000000111,3.3279999999999745,1,2.0
122,ERROR_M,8,161,2.015999999999849,4.148000000000138,1,2.0
122,ERROR_M,8,162,1.7699999999999818,3.8859999999999673,0,2.0
122,ERROR_M,8,163,2.3940000000000055,4.599999999999909,1,2.0
122,ERROR_M,8,164,1.8640000000000327,4.953999999999951,0,2.0
122,ERROR_M,8,165,2.3980000000001382,7.195999999999913,1,2.0
122,ERROR_M,8,166,1.9239999999999782,5.836000000000013,0,2.0
122,ERROR_M,8,167,2.0440000000000964,7.073999999999842,1,2.0
122,ERROR_M,8,168,1.768000000000029,6.332000000000107,0,2.0
122,ERROR_M,8,169,2.25,7.107999999999947,1,2.0
122,ERROR_M,8,170,2.004000000000133,5.321999999999889,1,2.0
122,ERROR_M,8,171,2.3420000000000982,7.671999999999798,1,2.0
122,ERROR_M,8,172,2.484000000000151,8.561999999999898,1,2.0
122,ERROR_M,8,173,2.4780000000000655,3.52800000000002,1,2.0
122,ERROR_M,8,174,1.9800000000000182,8.557999999999993,0,2.0
122,ERROR_M,8,175,2.1520000000000437,7.624000000000024,1,2.0
122,ERROR_M,8,176,1.9019999999998163,58.16800000000012,0,2.0
122,ERROR_M,8,177,1.768000000000029,6.015999999999849,0,2.0
122,ERROR_M,8,178,0.21400000000016917,74.93799999999987,0,2.0
122,ERROR_M,8,179,1.7940000000000964,9.17599999999993,0,2.0
122,ERROR_M,8,180,1.9660000000001219,3.49799999999982,0,2.0
122,ERROR_M,8,181,1.7160000000001219,4.8559999999999945,0,2.0
122,ERROR_M,8,182,2.104000000000042,5.279999999999973,1,2.0
122,ERROR_M,8,183,2.3999999999998636,5.678000000000111,1,2.0
122,ERROR_M,8,184,1.9200000000000728,4.589999999999918,0,2.0
122,ERROR_M,8,185,1.86200000000008,7.805999999999813,0,2.0
122,ERROR_M,8,186,1.86200000000008,6.4659999999998945,0,2.0
122,ERROR_M,8,187,2.2080000000000837,8.622000000000071,1,2.0
122,ERROR_M,8,188,2.0699999999999363,6.496000000000095,1,2.0
122,ERROR_M,8,189,1.7019999999999982,3.6319999999998345,0,2.0
122,ERROR_M,8,190,2.1140000000000327,5.933999999999969,1,2.0
122,ERROR_M,8,191,2.5160000000000764,6.1720000000000255,1,2.0
122,ERROR_M,8,192,2.155999999999949,7.188000000000102,1,2.0
122,ERROR_M,8,193,1.9239999999999782,7.099999999999909,0,2.0
122,ERROR_M,8,194,2.5879999999999654,3.9480000000000928,1,2.0
122,ERROR_M,8,195,2.4079999999999018,5.072000000000116,1,2.0
122,ERROR_M,8,196,2.604000000000042,7.819999999999936,1,2.0
122,ERROR_M,8,197,2.4880000000000564,6.163999999999987,1,2.0
122,ERROR_M,8,198,2.2339999999999236,6.970000000000027,1,2.0
122,ERROR_M,8,199,2.314000000000078,5.405999999999949,1,2.0
122,ERROR_M,8,200,1.127999999999929,7.759999999999991,0,2.0
122,ERROR_M,8,201,2.036000000000058,3.410000000000082,1,2.0
122,ERROR_M,8,202,2.0019999999999527,8.023999999999887,1,2.0
122,ERROR_M,8,203,1.66800000000012,4.135999999999967,0,2.0
122,ERROR_M,8,204,2.117999999999938,8.25,1,2.0
122,ERROR_M,8,205,1.9380000000001019,8.513999999999896,0,2.0
122,ERROR_M,8,206,3.2560000000000855,3.6720000000000255,1,2.0
122,ERROR_M,8,207,2.41599999999994,3.7899999999999636,1,2.0
122,ERROR_M,8,208,2.0920000000000982,6.167999999999893,1,2.0
122,ERROR_M,8,209,2.102000000000089,6.430000000000064,1,2.0
122,ERROR_M,8,210,1.905999999999949,6.0,0,2.0
122,ERROR_M,8,211,2.0319999999999254,6.627999999999929,1,2.0
122,ERROR_M,8,212,2.158000000000129,7.796000000000049,1,2.0
122,ERROR_M,8,213,2.3659999999999854,5.281999999999925,1,2.0
122,ERROR_M,8,214,1.4559999999999036,2.7080000000000837,0,2.0
122,ERROR_M,8,215,2.740000000000009,4.61200000000008,1,2.0
122,ERROR_M,8,216,2.119999999999891,6.170000000000073,1,2.0
122,ERROR_M,8,217,2.321999999999889,6.11200000000008,1,2.0
122,ERROR_M,8,218,2.1359999999999673,3.63799999999992,1,2.0
122,ERROR_M,8,219,1.8940000000000055,3.9680000000000746,0,2.0
122,ERROR_M,8,220,1.6359999999999673,9.211999999999989,0,2.0
122,ERROR_M,8,221,2.206000000000131,5.798000000000002,1,2.0
122,ERROR_M,8,222,1.8679999999999382,3.405999999999949,0,2.0
122,ERROR_M,8,223,2.602000000000089,162.15599999999995,1,2.0
122,ERROR_M,8,224,1.2139999999999418,18.36999999999989,0,2.0
122,ERROR_M,8,225,1.3340000000002874,41.817999999999756,0,2.0
122,ERROR_M,8,226,1.4720000000002074,14.307999999999993,0,2.0
122,ERROR_M,8,227,0.9899999999997817,6.550000000000182,0,2.0
122,ERROR_M,8,228,1.63799999999992,4.66800000000012,0,2.0
122,ERROR_M,8,229,2.5799999999999272,16.519999999999982,1,2.0
122,ERROR_M,8,230,1.7699999999999818,3.0799999999999272,0,2.0
122,ERROR_M,8,231,1.956000000000131,16.208000000000084,0,2.0
122,ERROR_M,8,232,1.8260000000000218,161.82400000000007,0,2.0
122,ERROR_M,8,233,0.9159999999997126,8.561999999999898,0,2.0
122,ERROR_M,8,234,1.9500000000002728,8.364000000000033,0,2.0
122,ERROR_M,8,235,2.1779999999998836,6.347999999999956,1,2.0
122,ERROR_M,8,236,1.9520000000002256,5.765999999999622,0,2.0
122,ERROR_M,8,237,1.75,9.442000000000007,0,2.0
122,ERROR_M,8,238,1.8600000000001273,3.2260000000001128,0,2.0
122,ERROR_M,8,239,2.3299999999999272,6.063999999999851,1,2.0
122,ERROR_M,8,240,1.930000000000291,2.77599999999984,0,2.0
122,ERROR_M,8,241,2.6260000000002037,6.123999999999796,1,2.0
122,ERROR_M,8,242,2.1260000000002037,12.88799999999992,1,2.0
122,ERROR_M,8,243,1.8959999999997308,27.49200000000019,0,2.0
122,ERROR_M,8,244,2.0340000000001055,53.31999999999971,1,2.0
122,ERROR_M,8,245,1.762000000000171,10.07400000000007,0,2.0
122,ERROR_M,8,246,2.4400000000000546,,1,2.0
122,ERROR_M,9,1,0.9520000000000017,3.838000000000001,0,2.0
122,ERROR_M,9,2,1.671999999999997,8.841999999999999,0,2.0
122,ERROR_M,9,3,1.4480000000000004,6.812000000000005,0,2.0
122,ERROR_M,9,4,0.5919999999999987,0.0899999999999963,0,2.0
122,ERROR_M,9,5,0.1700000000000017,10.376000000000005,0,2.0
122,ERROR_M,9,6,1.191999999999993,8.632000000000005,0,2.0
122,ERROR_M,9,7,1.9299999999999926,4.725999999999999,0,2.0
122,ERROR_M,9,8,2.0800000000000125,4.8219999999999885,1,2.0
122,ERROR_M,9,9,1.847999999999999,5.074000000000012,0,2.0
122,ERROR_M,9,10,2.455999999999989,5.806000000000012,1,2.0
122,ERROR_M,9,11,2.421999999999997,7.402000000000001,1,2.0
122,ERROR_M,9,12,2.0219999999999914,4.054000000000002,1,2.0
122,ERROR_M,9,13,2.2379999999999995,7.837999999999994,1,2.0
122,ERROR_M,9,14,1.9519999999999982,6.866000000000014,0,2.0
122,ERROR_M,9,15,2.0120000000000005,6.713999999999999,1,2.0
122,ERROR_M,9,16,2.219999999999999,7.4480000000000075,1,2.0
122,ERROR_M,9,17,2.804000000000002,3.5459999999999923,1,2.0
122,ERROR_M,9,18,1.7920000000000016,3.0660000000000025,0,2.0
122,ERROR_M,9,19,0.8700000000000045,0.015999999999991132,0,2.0
122,ERROR_M,9,20,0.2680000000000007,7.069999999999993,0,2.0
122,ERROR_M,9,21,2.7560000000000002,4.117999999999995,1,2.0
122,ERROR_M,9,22,2.372000000000014,6.895999999999987,1,2.0
122,ERROR_M,9,23,2.0999999999999943,7.928000000000026,1,2.0
122,ERROR_M,9,24,2.1939999999999884,3.8220000000000027,1,2.0
122,ERROR_M,9,25,2.141999999999996,8.050000000000011,1,2.0
122,ERROR_M,9,26,2.0579999999999927,8.328000000000003,1,2.0
122,ERROR_M,9,27,1.9519999999999982,2.5379999999999825,0,2.0
122,ERROR_M,9,28,2.2360000000000184,7.757999999999981,1,2.0
122,ERROR_M,9,29,1.7820000000000107,8.831999999999994,0,2.0
122,ERROR_M,9,30,2.313999999999993,6.822000000000003,1,2.0
122,ERROR_M,9,31,2.406000000000006,3.740000000000009,1,2.0
122,ERROR_M,9,32,2.4259999999999877,6.293999999999983,1,2.0
122,ERROR_M,9,33,2.32000000000005,4.989999999999952,1,2.0
122,ERROR_M,9,34,2.4260000000000446,3.641999999999996,1,2.0
122,ERROR_M,9,35,1.6499999999999773,9.786000000000001,0,2.0
122,ERROR_M,9,36,1.891999999999996,4.925999999999988,0,2.0
122,ERROR_M,9,37,1.6020000000000323,3.45799999999997,0,2.0
122,ERROR_M,9,38,1.6680000000000064,5.232000000000028,0,2.0
122,ERROR_M,9,39,2.141999999999996,5.95799999999997,1,2.0
122,ERROR_M,9,40,2.1920000000000073,6.3180000000000405,1,2.0
122,ERROR_M,9,41,2.1079999999999472,7.890000000000043,1,2.0
122,ERROR_M,9,42,2.1999999999999886,3.8799999999999955,1,2.0
122,ERROR_M,9,43,1.7559999999999718,3.348000000000013,0,2.0
122,ERROR_M,9,44,1.80600000000004,5.4979999999999905,0,2.0
122,ERROR_M,9,45,2.382000000000005,6.5919999999999845,1,2.0
122,ERROR_M,9,46,2.396000000000015,5.132000000000005,1,2.0
122,ERROR_M,9,47,1.9359999999999786,7.185999999999979,0,2.0
122,ERROR_M,9,48,2.7420000000000186,7.617999999999995,1,2.0
122,ERROR_M,9,49,2.1619999999999777,4.024000000000001,1,2.0
122,ERROR_M,9,50,2.0920000000000414,5.713999999999999,1,2.0
122,ERROR_M,9,51,1.5840000000000032,6.0779999999999745,0,2.0
122,ERROR_M,9,52,2.47199999999998,8.348000000000013,1,2.0
122,ERROR_M,9,53,1.924000000000035,4.527999999999963,0,2.0
122,ERROR_M,9,54,0.7719999999999914,0.038000000000010914,0,2.0
122,ERROR_M,9,55,0.37400000000002365,14.757999999999981,0,2.0
122,ERROR_M,9,56,2.1899999999999977,8.759999999999991,1,2.0
122,ERROR_M,9,57,2.164000000000044,3.9739999999999895,1,2.0
122,ERROR_M,9,58,2.4780000000000086,6.163999999999987,1,2.0
122,ERROR_M,9,59,2.0079999999999814,5.069999999999993,1,2.0
122,ERROR_M,9,60,2.358000000000004,6.903999999999996,1,2.0
122,ERROR_M,9,61,2.4840000000000373,4.407999999999959,1,2.0
122,ERROR_M,9,62,2.0500000000000114,8.05800000000005,1,2.0
122,ERROR_M,9,63,2.0039999999999054,8.26400000000001,1,2.0
122,ERROR_M,9,64,2.2700000000000955,6.719999999999914,1,2.0
122,ERROR_M,9,65,2.02800000000002,5.76400000000001,1,2.0
122,ERROR_M,9,66,2.7620000000000573,8.857999999999947,1,2.0
122,ERROR_M,9,67,1.4519999999999982,9.697999999999979,0,2.0
122,ERROR_M,9,68,0.12000000000000455,14.313999999999965,0,2.0
122,ERROR_M,9,69,2.066000000000031,8.942000000000007,1,2.0
122,ERROR_M,9,70,1.8139999999999645,6.304000000000087,0,2.0
122,ERROR_M,9,71,2.0419999999999163,3.7800000000000864,1,2.0
122,ERROR_M,9,72,1.95799999999997,12.529999999999973,0,2.0
122,ERROR_M,9,73,2.0919999999999845,6.98599999999999,1,2.0
122,ERROR_M,9,74,1.7080000000000837,5.363999999999919,0,2.0
122,ERROR_M,9,75,1.0679999999999836,7.212000000000103,0,2.0
122,ERROR_M,9,76,2.1779999999999973,4.169999999999959,1,2.0
122,ERROR_M,9,77,2.231999999999971,7.192000000000007,1,2.0
122,ERROR_M,9,78,1.8240000000000691,7.671999999999912,0,2.0
122,ERROR_M,9,79,1.73599999999999,3.088000000000079,0,2.0
122,ERROR_M,9,80,2.3299999999999272,6.102000000000089,1,2.0
122,ERROR_M,9,81,1.9139999999999873,5.573999999999955,0,2.0
122,ERROR_M,9,82,1.94399999999996,6.942000000000007,0,2.0
122,ERROR_M,9,83,2.0300000000000864,4.673999999999978,1,2.0
122,ERROR_M,9,84,2.451999999999998,3.977999999999952,1,2.0
122,ERROR_M,9,85,1.9540000000000646,6.774000000000001,0,2.0
122,ERROR_M,9,86,2.113999999999919,5.04200000000003,1,2.0
122,ERROR_M,9,87,2.259999999999991,6.3419999999999845,1,2.0
122,ERROR_M,9,88,1.7839999999999918,9.842000000000098,0,2.0
122,ERROR_M,9,89,1.9419999999998936,8.066000000000031,0,2.0
122,ERROR_M,9,90,2.046000000000049,10.067999999999984,1,2.0
122,ERROR_M,9,91,2.419999999999959,7.798000000000002,1,2.0
122,ERROR_M,9,92,2.310000000000059,8.850000000000023,1,2.0
122,ERROR_M,9,93,2.3859999999999673,6.871999999999957,1,2.0
122,ERROR_M,9,94,2.659999999999968,4.796000000000049,1,2.0
122,ERROR_M,9,95,2.9600000000000364,3.5559999999999263,1,2.0
122,ERROR_M,9,96,2.2420000000000755,7.6159999999999854,1,2.0
122,ERROR_M,9,97,2.5299999999999727,17.272000000000048,1,2.0
122,ERROR_M,9,98,2.2819999999999254,14.932000000000016,1,2.0
122,ERROR_M,9,99,2.282000000000039,8.343999999999937,1,2.0
122,ERROR_M,9,100,1.872000000000071,5.826000000000022,0,2.0
122,ERROR_M,9,101,2.3799999999999955,6.353999999999928,1,2.0
122,ERROR_M,9,102,2.312000000000012,6.240000000000009,1,2.0
122,ERROR_M,9,103,2.272000000000048,6.753999999999905,1,2.0
122,ERROR_M,9,104,2.1340000000000146,6.974000000000046,1,2.0
122,ERROR_M,9,105,2.3740000000000236,8.695999999999913,1,2.0
122,ERROR_M,9,106,2.5400000000000773,2.6299999999999955,1,2.0
122,ERROR_M,9,107,2.274000000000001,5.446000000000026,1,2.0
122,ERROR_M,9,108,2.0219999999999345,6.817999999999984,1,2.0
122,ERROR_M,9,109,1.5,4.86200000000008,0,2.0
122,ERROR_M,9,110,2.024000000000001,7.953999999999951,1,2.0
122,ERROR_M,9,111,2.227999999999952,6.916000000000054,1,2.0
122,ERROR_M,9,112,1.844000000000051,7.617999999999938,0,2.0
122,ERROR_M,9,113,1.8120000000000118,10.991999999999962,0,2.0
122,ERROR_M,9,114,1.7380000000000564,4.831999999999994,0,2.0
122,ERROR_M,9,115,2.0679999999999836,10.354000000000042,1,2.0
122,ERROR_M,9,116,1.6219999999999573,4.8559999999999945,0,2.0
122,ERROR_M,9,117,2.02800000000002,5.942000000000007,1,2.0
122,ERROR_M,9,118,2.0879999999999654,5.231999999999971,1,2.0
122,ERROR_M,9,119,2.0260000000000673,11.384000000000015,1,2.0
122,ERROR_M,9,120,1.8299999999999272,42.236000000000104,0,2.0
122,ERROR_M,9,121,1.1159999999999854,6.6440000000000055,0,2.0
122,ERROR_M,9,122,1.5039999999999054,13.480000000000018,0,2.0
122,ERROR_M,9,123,0.8420000000000982,0.08199999999987995,0,2.0
122,ERROR_M,9,124,0.11200000000008004,13.015999999999849,0,2.0
122,ERROR_M,9,125,1.8040000000000873,6.375999999999976,0,2.0
122,ERROR_M,9,126,2.008000000000038,2.966000000000122,1,2.0
122,ERROR_M,9,127,1.765999999999849,5.274000000000115,0,2.0
122,ERROR_M,9,128,1.961999999999989,4.617999999999938,0,2.0
122,ERROR_M,9,129,2.2360000000001037,4.3159999999998035,1,2.0
122,ERROR_M,9,130,1.6080000000001746,6.6720000000000255,0,2.0
122,ERROR_M,9,131,2.425999999999931,6.817999999999984,1,2.0
122,ERROR_M,9,132,2.076000000000022,8.761999999999944,1,2.0
122,ERROR_M,9,133,1.7760000000000673,7.3559999999999945,0,2.0
122,ERROR_M,9,134,2.515999999999849,7.826000000000022,1,2.0
122,ERROR_M,9,135,2.326000000000022,7.024000000000115,1,2.0
122,ERROR_M,9,136,2.1440000000000055,5.9939999999999145,1,2.0
122,ERROR_M,9,137,1.8640000000000327,9.124000000000024,0,2.0
122,ERROR_M,9,138,1.0519999999999072,231.54200000000014,0,2.0
122,ERROR_M,9,139,1.6039999999998145,11.43600000000015,0,2.0
122,ERROR_M,9,140,1.6699999999998454,7.838000000000193,0,2.0
122,ERROR_M,9,141,2.1359999999999673,8.659999999999854,1,2.0
122,ERROR_M,9,142,1.6620000000000346,4.788000000000011,0,2.0
122,ERROR_M,9,143,2.5160000000000764,6.317999999999984,1,2.0
122,ERROR_M,9,144,1.8520000000000891,7.529999999999973,0,2.0
122,ERROR_M,9,145,2.298000000000002,11.576000000000022,1,2.0
122,ERROR_M,9,146,1.8839999999997872,7.882000000000062,0,2.0
122,ERROR_M,9,147,2.2100000000000364,8.298000000000002,1,2.0
122,ERROR_M,9,148,1.9680000000000746,9.071999999999889,0,2.0
122,ERROR_M,9,149,1.740000000000009,6.436000000000149,0,2.0
122,ERROR_M,9,150,1.9079999999999018,8.836000000000013,0,2.0
122,ERROR_M,9,151,1.8959999999999582,4.066000000000031,0,2.0
122,ERROR_M,9,152,2.0540000000000873,6.33199999999988,1,2.0
122,ERROR_M,9,153,1.6800000000000637,5.293999999999869,0,2.0
122,ERROR_M,9,154,1.8320000000001073,7.139999999999873,0,2.0
122,ERROR_M,9,155,1.268000000000029,6.788000000000011,0,2.0
122,ERROR_M,9,156,1.9580000000000837,10.968000000000075,0,2.0
122,ERROR_M,9,157,1.8940000000000055,2.477999999999838,0,2.0
122,ERROR_M,9,158,2.0779999999999745,5.451999999999998,1,2.0
122,ERROR_M,9,159,2.4039999999999964,5.930000000000064,1,2.0
122,ERROR_M,9,160,1.877999999999929,58.58200000000011,0,2.0
122,ERROR_M,9,161,1.0499999999999545,31.701999999999998,0,2.0
122,ERROR_M,9,162,0.9680000000000746,8.993999999999915,0,2.0
122,ERROR_M,9,163,2.4260000000001583,5.063999999999851,1,2.0
122,ERROR_M,9,164,2.4420000000000073,4.8659999999999854,1,2.0
122,ERROR_M,9,165,2.22400000000016,5.467999999999847,1,2.0
122,ERROR_M,9,166,1.8140000000000782,7.061999999999898,0,2.0
122,ERROR_M,9,167,2.50200000000018,6.33199999999988,1,2.0
122,ERROR_M,9,168,2.490000000000009,22.615999999999985,1,2.0
122,ERROR_M,9,169,1.7619999999999436,2.9980000000000473,0,2.0
122,ERROR_M,9,170,1.4639999999999418,462.8140000000003,0,2.0
122,ERROR_M,9,171,2.3339999999998327,15.92599999999993,1,2.0
122,ERROR_M,9,172,1.731999999999971,111.70400000000018,0,2.0
122,ERROR_M,9,173,1.793999999999869,5.695999999999913,0,2.0
122,ERROR_M,9,174,2.438000000000102,7.061999999999898,1,2.0
122,ERROR_M,9,175,2.650000000000091,8.117999999999938,1,2.0
122,ERROR_M,9,176,1.7300000000000182,7.2719999999999345,0,2.0
122,ERROR_M,9,177,2.0520000000001346,40.246000000000095,1,2.0
122,ERROR_M,9,178,2.5799999999999272,6.293999999999869,1,2.0
122,ERROR_M,9,179,1.9920000000001892,7.88799999999992,0,2.0
122,ERROR_M,9,180,1.7179999999998472,18.820000000000164,0,2.0
122,ERROR_M,9,181,2.711999999999989,0.14600000000018554,1,2.0
122,ERROR_M,9,182,0.06999999999970896,5.692000000000007,0,2.0
122,ERROR_M,9,183,2.58199999999988,6.05600000000004,1,2.0
122,ERROR_M,9,184,1.5100000000002183,8.569999999999709,0,2.0
122,ERROR_M,9,185,2.718000000000302,7.6340000000000146,1,2.0
122,ERROR_M,9,186,1.7480000000000473,3.480000000000018,0,2.0
122,ERROR_M,9,187,1.6879999999996471,8.958000000000084,0,2.0
122,ERROR_M,9,188,1.7919999999999163,5.108000000000175,0,2.0
122,ERROR_M,9,189,1.8099999999999454,3.9980000000000473,0,2.0
122,ERROR_M,9,190,2.0,3.4760000000001128,0,2.0
122,ERROR_M,9,191,1.5540000000000873,3.049999999999727,0,2.0
122,ERROR_M,9,192,1.4039999999999964,4.811999999999898,0,2.0
122,ERROR_M,9,193,2.6900000000000546,5.5,1,2.0
122,ERROR_M,9,194,2.436000000000149,4.811999999999898,1,2.0
122,ERROR_M,9,195,2.0599999999999454,19.108000000000175,1,2.0
122,ERROR_M,9,196,2.213999999999942,8.235999999999876,1,2.0
122,ERROR_M,9,197,2.076000000000022,11.976000000000113,1,2.0
122,ERROR_M,9,198,2.1539999999999964,8.762000000000171,1,2.0
122,ERROR_M,9,199,1.9339999999997417,3.2400000000002365,0,2.0
122,ERROR_M,9,200,1.9800000000000182,4.293999999999869,0,2.0
122,ERROR_M,9,201,2.41800000000012,4.415999999999713,1,2.0
122,ERROR_M,9,202,1.7960000000002765,4.75,0,2.0
122,ERROR_M,9,203,1.8040000000000873,6.139999999999873,0,2.0
122,ERROR_M,9,204,3.049999999999727,5.481999999999971,1,2.0
122,ERROR_M,9,205,2.3840000000000146,27.172000000000025,1,2.0
122,ERROR_M,9,206,1.9080000000003565,108.21799999999985,0,2.0
122,ERROR_M,9,207,0.5479999999997744,103.52800000000025,0,2.0
122,ERROR_M,9,208,2.05600000000004,,1,2.0
122,ERROR_M,10,1,1.3119999999999976,7.122,0,2.0
122,ERROR_M,10,2,1.9620000000000033,7.049999999999997,0,2.0
122,ERROR_M,10,3,2.112000000000002,3.804000000000002,1,2.0
122,ERROR_M,10,4,1.6199999999999974,5.704000000000001,0,2.0
122,ERROR_M,10,5,0.2839999999999989,0.03399999999999892,0,2.0
122,ERROR_M,10,6,0.21600000000000108,12.924000000000007,0,2.0
122,ERROR_M,10,7,1.725999999999999,4.507999999999996,0,2.0
122,ERROR_M,10,8,1.6580000000000013,7.457999999999998,0,2.0
122,ERROR_M,10,9,2.3359999999999985,6.201999999999998,1,2.0
122,ERROR_M,10,10,2.402000000000001,7.861999999999995,1,2.0
122,ERROR_M,10,11,2.14200000000001,2.8299999999999983,1,2.0
122,ERROR_M,10,12,1.9200000000000017,8.081999999999994,0,2.0
122,ERROR_M,10,13,2.2439999999999998,8.777999999999992,1,2.0
122,ERROR_M,10,14,2.140000000000015,6.996000000000009,1,2.0
122,ERROR_M,10,15,2.2479999999999905,5.108000000000004,1,2.0
122,ERROR_M,10,16,1.5300000000000011,5.461999999999989,0,2.0
122,ERROR_M,10,17,2.5740000000000123,4.048000000000002,1,2.0
122,ERROR_M,10,18,2.641999999999996,5.825999999999993,1,2.0
122,ERROR_M,10,19,1.8859999999999957,4.116000000000014,0,2.0
122,ERROR_M,10,20,2.2399999999999807,3.8100000000000023,1,2.0
122,ERROR_M,10,21,2.397999999999996,5.177999999999997,1,2.0
122,ERROR_M,10,22,0.37400000000002365,0.01999999999998181,0,2.0
122,ERROR_M,10,23,0.6520000000000152,6.668000000000006,0,2.0
122,ERROR_M,10,24,1.8999999999999773,3.0420000000000016,0,2.0
122,ERROR_M,10,25,1.9980000000000189,2.643999999999977,0,2.0
122,ERROR_M,10,26,3.0360000000000014,6.044000000000011,1,2.0
122,ERROR_M,10,27,2.8220000000000027,6.349999999999994,1,2.0
122,ERROR_M,10,28,2.5279999999999916,7.0020000000000095,1,2.0
122,ERROR_M,10,29,2.3760000000000048,3.4499999999999886,1,2.0
122,ERROR_M,10,30,1.9140000000000157,10.740000000000009,0,2.0
122,ERROR_M,10,31,2.7939999999999827,7.5120000000000005,1,2.0
122,ERROR_M,10,32,2.8460000000000036,4.3840000000000146,1,2.0
122,ERROR_M,10,33,2.683999999999969,7.79200000000003,1,2.0
122,ERROR_M,10,34,3.1059999999999945,4.137999999999977,1,2.0
122,ERROR_M,10,35,2.51400000000001,4.8840000000000146,1,2.0
122,ERROR_M,10,36,2.9139999999999873,5.0020000000000095,1,2.0
122,ERROR_M,10,37,2.0319999999999823,8.841999999999985,1,2.0
122,ERROR_M,10,38,1.8900000000000432,8.751999999999953,0,2.0
122,ERROR_M,10,39,2.0360000000000014,5.970000000000027,1,2.0
122,ERROR_M,10,40,2.0160000000000196,3.6619999999999777,1,2.0
122,ERROR_M,10,41,2.041999999999973,3.480000000000018,1,2.0
122,ERROR_M,10,42,2.216000000000008,4.963999999999999,1,2.0
122,ERROR_M,10,43,2.1859999999999786,6.7760000000000105,1,2.0
122,ERROR_M,10,44,2.132000000000005,6.828000000000031,1,2.0
122,ERROR_M,10,45,2.1919999999999504,5.470000000000027,1,2.0
122,ERROR_M,10,46,1.9700000000000273,7.173999999999978,0,2.0
122,ERROR_M,10,47,1.6680000000000064,7.490000000000009,0,2.0
122,ERROR_M,10,48,1.835999999999956,3.4920000000000186,0,2.0
122,ERROR_M,10,49,1.79200000000003,8.153999999999996,0,2.0
122,ERROR_M,10,50,1.5139999999999532,5.980000000000018,0,2.0
122,ERROR_M,10,51,2.2579999999999814,8.288000000000011,1,2.0
122,ERROR_M,10,52,1.9720000000000368,8.99799999999999,0,2.0
122,ERROR_M,10,53,2.0720000000000027,4.575999999999965,1,2.0
122,ERROR_M,10,54,1.8340000000000032,5.602000000000032,0,2.0
122,ERROR_M,10,55,0.1519999999999868,0.08400000000000318,0,2.0
122,ERROR_M,10,56,0.22199999999998,10.384000000000015,0,2.0
122,ERROR_M,10,57,1.8220000000000027,2.805999999999983,0,2.0
122,ERROR_M,10,58,0.17599999999998772,0.09200000000004138,0,2.0
122,ERROR_M,10,59,0.4259999999999877,6.242000000000019,0,2.0
122,ERROR_M,10,60,2.406000000000006,2.6579999999999586,1,2.0
122,ERROR_M,10,61,1.8600000000000136,6.189999999999998,0,2.0
122,ERROR_M,10,62,1.3360000000000127,5.9839999999999804,0,2.0
122,ERROR_M,10,63,1.54200000000003,7.7479999999999905,0,2.0
122,ERROR_M,10,64,2.0720000000000027,8.569999999999936,1,2.0
122,ERROR_M,10,65,1.76400000000001,3.7700000000000955,0,2.0
122,ERROR_M,10,66,1.8539999999999281,3.0679999999999836,0,2.0
122,ERROR_M,10,67,1.7140000000000555,6.025999999999954,0,2.0
122,ERROR_M,10,68,2.4080000000000155,4.642000000000053,1,2.0
122,ERROR_M,10,69,1.7139999999999418,3.5979999999999563,0,2.0
122,ERROR_M,10,70,2.1720000000000255,7.690000000000055,1,2.0
122,ERROR_M,10,71,1.6079999999999472,8.434000000000083,0,2.0
122,ERROR_M,10,72,1.48599999999999,8.219999999999914,0,2.0
122,ERROR_M,10,73,1.900000000000091,2.7299999999999045,0,2.0
122,ERROR_M,10,74,2.4480000000000928,5.997999999999934,1,2.0
122,ERROR_M,10,75,2.104000000000042,9.117999999999938,1,2.0
122,ERROR_M,10,76,2.032000000000039,5.628000000000043,1,2.0
122,ERROR_M,10,77,2.161999999999921,6.526000000000067,1,2.0
122,ERROR_M,10,78,2.1960000000000264,5.72199999999998,1,2.0
122,ERROR_M,10,79,2.0499999999999545,8.926000000000045,1,2.0
122,ERROR_M,10,80,2.453999999999951,6.878000000000043,1,2.0
122,ERROR_M,10,81,1.919999999999959,4.9080000000000155,0,2.0
122,ERROR_M,10,82,1.961999999999989,3.0,0,2.0
122,ERROR_M,10,83,2.0539999999999736,5.451999999999998,1,2.0
122,ERROR_M,10,84,1.759999999999991,5.066000000000031,0,2.0
122,ERROR_M,10,85,1.6779999999999973,4.682000000000016,0,2.0
122,ERROR_M,10,86,1.8519999999999754,4.451999999999998,0,2.0
122,ERROR_M,10,87,2.2060000000000173,6.368000000000052,1,2.0
122,ERROR_M,10,88,1.5439999999999827,5.8279999999999745,0,2.0
122,ERROR_M,10,89,1.8700000000000045,7.1580000000000155,0,2.0
122,ERROR_M,10,90,2.1100000000000136,6.851999999999975,1,2.0
122,ERROR_M,10,91,1.7699999999999818,5.960000000000036,0,2.0
122,ERROR_M,10,92,1.7859999999999445,6.122000000000071,0,2.0
122,ERROR_M,10,93,2.5079999999999245,7.024000000000001,1,2.0
122,ERROR_M,10,94,2.340000000000032,3.409999999999968,1,2.0
122,ERROR_M,10,95,1.8319999999999936,3.783999999999992,0,2.0
122,ERROR_M,10,96,2.310000000000059,8.374000000000024,1,2.0
122,ERROR_M,10,97,2.45799999999997,7.788000000000011,1,2.0
122,ERROR_M,10,98,1.9279999999999973,8.069999999999936,0,2.0
122,ERROR_M,10,99,1.6680000000000064,8.578000000000088,0,2.0
122,ERROR_M,10,100,1.5499999999999545,7.802000000000021,0,2.0
122,ERROR_M,10,101,1.8799999999999955,8.331999999999994,0,2.0
122,ERROR_M,10,102,2.552000000000021,8.185999999999922,1,2.0
122,ERROR_M,10,103,1.76400000000001,8.554000000000087,0,2.0
122,ERROR_M,10,104,2.145999999999958,4.343999999999937,1,2.0
122,ERROR_M,10,105,1.2520000000000664,4.963999999999942,0,2.0
122,ERROR_M,10,106,2.05600000000004,4.741999999999962,1,2.0
122,ERROR_M,10,107,2.1420000000000528,3.0839999999999463,1,2.0
122,ERROR_M,10,108,2.2760000000000673,4.1440000000000055,1,2.0
122,ERROR_M,10,109,2.033999999999992,3.8640000000000327,1,2.0
122,ERROR_M,10,110,2.231999999999971,3.853999999999928,1,2.0
122,ERROR_M,10,111,1.8000000000000682,4.711999999999989,0,2.0
122,ERROR_M,10,112,2.5739999999999554,5.614000000000033,1,2.0
122,ERROR_M,10,113,2.060000000000059,89.85199999999998,1,2.0
122,ERROR_M,10,114,1.5480000000000018,8.124000000000024,0,2.0
122,ERROR_M,10,115,2.0679999999999836,13.613999999999919,1,2.0
122,ERROR_M,10,116,0.38200000000006185,0.04800000000000182,0,2.0
122,ERROR_M,10,117,0.9959999999999809,43.997999999999934,0,2.0
122,ERROR_M,10,118,1.44399999999996,6.22400000000016,0,2.0
122,ERROR_M,10,119,2.147999999999911,13.400000000000091,1,2.0
122,ERROR_M,10,120,2.3199999999999363,6.039999999999964,1,2.0
122,ERROR_M,10,121,2.2460000000000946,3.8740000000000236,1,2.0
122,ERROR_M,10,122,2.477999999999838,3.509999999999991,1,2.0
122,ERROR_M,10,123,2.244000000000142,4.809999999999945,1,2.0
122,ERROR_M,10,124,1.8940000000000055,5.1099999999999,0,2.0
122,ERROR_M,10,125,2.484000000000151,6.817999999999984,1,2.0
122,ERROR_M,10,126,2.7760000000000673,6.039999999999964,1,2.0
122,ERROR_M,10,127,2.77800000000002,4.63799999999992,1,2.0
122,ERROR_M,10,128,2.8659999999999854,4.6720000000000255,1,2.0
122,ERROR_M,10,129,2.548000000000002,8.248000000000047,1,2.0
122,ERROR_M,10,130,1.9739999999999327,4.819999999999936,0,2.0
122,ERROR_M,10,131,1.8820000000000618,6.80600000000004,0,2.0
122,ERROR_M,10,132,1.7960000000000491,7.279999999999973,0,2.0
122,ERROR_M,10,133,2.2259999999998854,6.087999999999965,1,2.0
122,ERROR_M,10,134,2.0900000000001455,7.692000000000007,1,2.0
122,ERROR_M,10,135,1.981999999999971,7.713999999999942,0,2.0
122,ERROR_M,10,136,1.8679999999999382,6.3940000000000055,0,2.0
122,ERROR_M,10,137,2.0700000000001637,19.491999999999962,1,2.0
122,ERROR_M,10,138,1.9700000000000273,8.295999999999822,0,2.0
122,ERROR_M,10,139,1.9060000000001764,4.210000000000036,0,2.0
122,ERROR_M,10,140,1.8999999999998636,74.38400000000001,0,2.0
122,ERROR_M,10,141,1.461999999999989,70.00199999999995,0,2.0
122,ERROR_M,10,142,1.6440000000000055,35.58600000000001,0,2.0
122,ERROR_M,10,143,1.44399999999996,6.332000000000107,0,2.0
122,ERROR_M,10,144,1.75,7.731999999999971,0,2.0
122,ERROR_M,10,145,0.6020000000000891,0.06799999999998363,0,2.0
122,ERROR_M,10,146,0.13999999999987267,9.337999999999965,0,2.0
122,ERROR_M,10,147,1.6720000000000255,4.698000000000093,0,2.0
122,ERROR_M,10,148,3.3659999999999854,5.69399999999996,1,2.0
122,ERROR_M,10,149,2.936000000000149,20.99000000000001,1,2.0
122,ERROR_M,10,150,2.4179999999998927,14.892000000000053,1,2.0
122,ERROR_M,10,151,1.6119999999998527,4.610000000000127,0,2.0
122,ERROR_M,10,152,2.0979999999999563,6.470000000000027,1,2.0
122,ERROR_M,10,153,2.0699999999999363,8.91599999999994,1,2.0
122,ERROR_M,10,154,2.0,9.394000000000005,0,2.0
122,ERROR_M,10,155,1.7160000000001219,4.920000000000073,0,2.0
122,ERROR_M,10,156,1.7159999999998945,5.948000000000093,0,2.0
122,ERROR_M,10,157,2.3799999999998818,7.80600000000004,1,2.0
122,ERROR_M,10,158,2.2280000000000655,8.501999999999953,1,2.0
122,ERROR_M,10,159,1.9700000000000273,8.511999999999944,0,2.0
122,ERROR_M,10,160,1.622000000000071,7.071999999999889,0,2.0
122,ERROR_M,10,161,2.3479999999999563,6.290000000000191,1,2.0
122,ERROR_M,10,162,2.2739999999998872,6.932000000000016,1,2.0
122,ERROR_M,10,163,1.7980000000000018,5.730000000000018,0,2.0
122,ERROR_M,10,164,2.298000000000002,4.945999999999913,1,2.0
122,ERROR_M,10,165,2.3200000000001637,6.877999999999929,1,2.0
122,ERROR_M,10,166,1.9919999999999618,7.054000000000087,0,2.0
122,ERROR_M,10,167,2.4939999999999145,5.417999999999893,1,2.0
122,ERROR_M,10,168,2.574000000000069,4.251999999999953,1,2.0
122,ERROR_M,10,169,2.4440000000001874,7.63799999999992,1,2.0
122,ERROR_M,10,170,2.0879999999999654,6.02800000000002,1,2.0
122,ERROR_M,10,171,2.4039999999999964,5.324000000000069,1,2.0
122,ERROR_M,10,172,2.019999999999982,3.1679999999998927,1,2.0
122,ERROR_M,10,173,1.3500000000001364,8.076000000000022,0,2.0
122,ERROR_M,10,174,2.313999999999851,6.850000000000136,1,2.0
122,ERROR_M,10,175,2.2259999999998854,3.9120000000000346,1,2.0
122,ERROR_M,10,176,1.9020000000000437,5.4659999999998945,0,2.0
122,ERROR_M,10,177,1.7460000000000946,8.470000000000027,0,2.0
122,ERROR_M,10,178,2.5839999999998327,5.324000000000069,1,2.0
122,ERROR_M,10,179,2.1480000000001382,5.757999999999811,1,2.0
122,ERROR_M,10,180,2.1539999999999964,8.663999999999987,1,2.0
122,ERROR_M,10,181,2.1260000000002037,4.033999999999878,1,2.0
122,ERROR_M,10,182,2.241999999999962,4.1720000000000255,1,2.0
122,ERROR_M,10,183,2.004000000000133,5.899999999999864,1,2.0
122,ERROR_M,10,184,1.9880000000000564,5.759999999999991,0,2.0
122,ERROR_M,10,185,2.08199999999988,15.120000000000118,1,2.0
122,ERROR_M,10,186,2.1099999999999,8.72199999999998,1,2.0
122,ERROR_M,10,187,2.0440000000000964,8.048000000000002,1,2.0
122,ERROR_M,10,188,2.286000000000058,8.440000000000055,1,2.0
122,ERROR_M,10,189,2.0599999999999454,8.255999999999858,1,2.0
122,ERROR_M,10,190,2.258000000000038,8.978000000000065,1,2.0
122,ERROR_M,10,191,1.6040000000000418,17.46199999999999,0,2.0
122,ERROR_M,10,192,2.4659999999998945,7.560000000000173,1,2.0
122,ERROR_M,10,193,0.13799999999991996,11.707999999999856,0,2.0
122,ERROR_M,10,194,1.7019999999999982,63.95400000000018,0,2.0
122,ERROR_M,10,195,1.8299999999999272,124.04599999999982,0,2.0
122,ERROR_M,10,196,2.006000000000313,13.973999999999705,1,2.0
122,ERROR_M,10,197,1.9239999999999782,7.9900000000002365,0,2.0
122,ERROR_M,10,198,0.5019999999999527,42.0619999999999,0,2.0
122,ERROR_M,10,199,1.8859999999999673,5.372000000000298,0,2.0
122,ERROR_M,10,200,2.0799999999999272,5.773999999999887,1,2.0
122,ERROR_M,10,201,2.382000000000062,7.001999999999953,1,2.0
122,ERROR_M,10,202,2.0920000000000982,7.652000000000044,1,2.0
122,ERROR_M,10,203,1.8260000000000218,4.697999999999865,0,2.0
122,ERROR_M,10,204,2.1280000000001564,6.321999999999662,1,2.0
122,ERROR_M,10,205,1.6460000000001855,5.1039999999998145,0,2.0
122,ERROR_M,10,206,0.2760000000002947,0.07999999999992724,0,2.0
122,ERROR_M,10,207,0.3939999999997781,7.626000000000204,0,2.0
122,ERROR_M,10,208,1.837999999999738,4.320000000000164,0,2.0
122,ERROR_M,10,209,2.1579999999999018,7.3279999999999745,1,2.0
122,ERROR_M,10,210,1.800000000000182,7.987999999999829,0,2.0
122,ERROR_M,10,211,1.7440000000001419,7.947999999999865,0,2.0
122,ERROR_M,10,212,1.9980000000000473,9.220000000000255,0,2.0
122,ERROR_M,10,213,1.7739999999998872,5.557999999999993,0,2.0
122,ERROR_M,10,214,2.1239999999997963,4.94800000000032,1,2.0
122,ERROR_M,10,215,2.3079999999999927,8.77599999999984,1,2.0
122,ERROR_M,10,216,1.83600000000024,6.143999999999778,0,2.0
122,ERROR_M,10,217,0.04800000000022919,30.479999999999563,0,2.0
122,ERROR_M,10,218,1.6320000000000618,6.786000000000058,0,2.0
122,ERROR_M,10,219,2.0540000000000873,5.2800000000002,1,2.0
122,ERROR_M,10,220,2.0239999999998872,6.2199999999998,1,2.0
122,ERROR_M,10,221,1.8640000000000327,6.423999999999978,0,2.0
122,ERROR_M,10,222,2.22400000000016,6.69399999999996,1,2.0
122,ERROR_M,10,223,2.2779999999997926,5.61200000000008,1,2.0
122,ERROR_M,10,224,1.9079999999999018,15.190000000000055,0,2.0
122,ERROR_M,10,225,2.1140000000000327,48.42800000000034,1,2.0
122,ERROR_M,10,226,1.4039999999999964,52.64799999999968,0,2.0
122,ERROR_M,10,227,1.91800000000012,188.23999999999978,0,2.0
122,ERROR_M,10,228,2.0520000000001346,,1,2.0
122,ERROR_M,11,1,0.9260000000000019,6.564,0,2.0
122,ERROR_M,11,2,1.529999999999994,5.730000000000004,0,2.0
122,ERROR_M,11,3,2.048000000000002,8.617999999999995,1,2.0
122,ERROR_M,11,4,1.9980000000000047,3.891999999999996,0,2.0
122,ERROR_M,11,5,1.9639999999999986,8.792000000000002,0,2.0
122,ERROR_M,11,6,2.0720000000000027,3.5579999999999927,1,2.0
122,ERROR_M,11,7,1.818000000000012,5.819999999999993,0,2.0
122,ERROR_M,11,8,2.1640000000000015,7.007999999999996,1,2.0
122,ERROR_M,11,9,2.1899999999999977,4.760000000000005,1,2.0
122,ERROR_M,11,10,0.055999999999997385,0.11200000000000898,0,2.0
122,ERROR_M,11,11,0.055999999999997385,12.441999999999993,0,2.0
122,ERROR_M,11,12,1.980000000000004,2.549999999999997,0,2.0
122,ERROR_M,11,13,2.6260000000000048,8.138000000000005,1,2.0
122,ERROR_M,11,14,2.431999999999988,4.994,1,2.0
122,ERROR_M,11,15,2.0,4.348000000000013,0,2.0
122,ERROR_M,11,16,1.5319999999999823,7.680000000000007,0,2.0
122,ERROR_M,11,17,2.078000000000003,7.093999999999994,1,2.0
122,ERROR_M,11,18,2.1520000000000152,4.653999999999996,1,2.0
122,ERROR_M,11,19,2.4499999999999886,3.068000000000012,1,2.0
122,ERROR_M,11,20,2.015999999999991,5.256,1,2.0
122,ERROR_M,11,21,2.2220000000000084,5.048000000000002,1,2.0
122,ERROR_M,11,22,1.8019999999999925,6.756,0,2.0
122,ERROR_M,11,23,2.412000000000006,5.3559999999999945,1,2.0
122,ERROR_M,11,24,1.9540000000000077,3.8359999999999843,0,2.0
122,ERROR_M,11,25,2.27800000000002,6.725999999999999,1,2.0
122,ERROR_M,11,26,2.0379999999999825,7.171999999999997,1,2.0
122,ERROR_M,11,27,2.2360000000000184,5.1299999999999955,1,2.0
122,ERROR_M,11,28,2.3880000000000052,5.9059999999999775,1,2.0
122,ERROR_M,11,29,2.194000000000017,4.831999999999994,1,2.0
122,ERROR_M,11,30,2.319999999999993,7.708000000000027,1,2.0
122,ERROR_M,11,31,2.3859999999999673,5.874000000000024,1,2.0
122,ERROR_M,11,32,2.1719999999999686,7.980000000000018,1,2.0
122,ERROR_M,11,33,2.8899999999999864,9.512,1,2.0
122,ERROR_M,11,34,1.7040000000000077,8.656000000000006,0,2.0
122,ERROR_M,11,35,0.18799999999998818,0.09200000000004138,0,2.0
122,ERROR_M,11,36,0.10599999999999454,9.493999999999971,0,2.0
122,ERROR_M,11,37,2.1159999999999854,2.8559999999999945,1,2.0
122,ERROR_M,11,38,2.4980000000000473,4.331999999999994,1,2.0
122,ERROR_M,11,39,1.94399999999996,2.958000000000027,0,2.0
122,ERROR_M,11,40,2.4119999999999777,6.236000000000047,1,2.0
122,ERROR_M,11,41,2.3039999999999736,5.680000000000007,1,2.0
122,ERROR_M,11,42,2.4259999999999877,7.872000000000014,1,2.0
122,ERROR_M,11,43,2.062000000000012,4.713999999999999,1,2.0
122,ERROR_M,11,44,1.6579999999999586,8.422000000000025,0,2.0
122,ERROR_M,11,45,1.9239999999999782,7.730000000000018,0,2.0
122,ERROR_M,11,46,2.5579999999999927,8.006000000000029,1,2.0
122,ERROR_M,11,47,2.4639999999999986,8.639999999999986,1,2.0
122,ERROR_M,11,48,2.23599999999999,4.819999999999993,1,2.0
122,ERROR_M,11,49,2.1860000000000355,4.741999999999962,1,2.0
122,ERROR_M,11,50,2.3420000000000414,5.9459999999999695,1,2.0
122,ERROR_M,11,51,2.3799999999999955,6.1159999999999854,1,2.0
122,ERROR_M,11,52,2.6299999999999955,8.214000000000055,1,2.0
122,ERROR_M,11,53,1.967999999999961,6.756000000000029,0,2.0
122,ERROR_M,11,54,2.759999999999991,6.944000000000017,1,2.0
122,ERROR_M,11,55,1.8220000000000027,10.045999999999992,0,2.0
122,ERROR_M,11,56,1.75,5.6299999999999955,0,2.0
122,ERROR_M,11,57,0.26799999999997226,0.06800000000004047,0,2.0
122,ERROR_M,11,58,0.12599999999997635,7.430000000000007,0,2.0
122,ERROR_M,11,59,2.651999999999987,6.567999999999984,1,2.0
122,ERROR_M,11,60,2.7000000000000455,2.5919999999999845,1,2.0
122,ERROR_M,11,61,0.6019999999999754,0.06200000000001182,0,2.0
122,ERROR_M,11,62,0.1360000000000241,8.216000000000008,0,2.0
122,ERROR_M,11,63,1.8899999999999864,4.8419999999999845,0,2.0
122,ERROR_M,11,64,2.30600000000004,3.863999999999919,1,2.0
122,ERROR_M,11,65,2.0300000000000864,5.005999999999972,1,2.0
122,ERROR_M,11,66,2.0259999999999536,6.9500000000000455,1,2.0
122,ERROR_M,11,67,2.3559999999999945,7.381999999999948,1,2.0
122,ERROR_M,11,68,2.36200000000008,6.017999999999915,1,2.0
122,ERROR_M,11,69,2.548000000000002,6.294000000000096,1,2.0
122,ERROR_M,11,70,2.117999999999938,5.5499999999999545,1,2.0
122,ERROR_M,11,71,2.310000000000059,6.775999999999954,1,2.0
122,ERROR_M,11,72,2.660000000000082,7.583999999999946,1,2.0
122,ERROR_M,11,73,2.6440000000000055,15.94399999999996,1,2.0
122,ERROR_M,11,74,2.466000000000008,6.180000000000064,1,2.0
122,ERROR_M,11,75,2.1359999999999673,8.601999999999975,1,2.0
122,ERROR_M,11,76,1.6800000000000637,27.65199999999993,0,2.0
122,ERROR_M,11,77,1.8980000000000246,9.302000000000021,0,2.0
122,ERROR_M,11,78,1.3719999999999573,87.33000000000004,0,2.0
122,ERROR_M,11,79,1.961999999999989,5.933999999999969,0,2.0
122,ERROR_M,11,80,2.076000000000022,4.975999999999999,1,2.0
122,ERROR_M,11,81,2.4360000000000355,3.8279999999999745,1,2.0
122,ERROR_M,11,82,2.3139999999999645,8.87600000000009,1,2.0
122,ERROR_M,11,83,1.774000000000001,8.75,0,2.0
122,ERROR_M,11,84,2.5359999999999445,2.9880000000000564,1,2.0
122,ERROR_M,11,85,2.187999999999988,8.327999999999975,1,2.0
122,ERROR_M,11,86,2.1399999999999864,6.322000000000003,1,2.0
122,ERROR_M,11,87,1.6760000000000446,6.371999999999957,0,2.0
122,ERROR_M,11,88,2.3139999999999645,8.432000000000016,1,2.0
122,ERROR_M,11,89,2.4840000000000373,5.447999999999979,1,2.0
122,ERROR_M,11,90,1.717999999999961,7.403999999999996,0,2.0
122,ERROR_M,11,91,2.3360000000000127,74.71800000000007,1,2.0
122,ERROR_M,11,92,1.7099999999999227,58.57600000000002,0,2.0
122,ERROR_M,11,93,0.06000000000005912,14.346000000000004,0,2.0
122,ERROR_M,11,94,1.5319999999999254,4.802000000000021,0,2.0
122,ERROR_M,11,95,1.69399999999996,8.014000000000124,0,2.0
122,ERROR_M,11,96,1.8699999999998909,6.758000000000038,0,2.0
122,ERROR_M,11,97,2.0779999999999745,8.620000000000118,1,2.0
122,ERROR_M,11,98,2.2799999999999727,5.730000000000018,1,2.0
122,ERROR_M,11,99,1.7839999999998781,3.8040000000000873,0,2.0
122,ERROR_M,11,100,2.1219999999998436,11.008000000000038,1,2.0
122,ERROR_M,11,101,2.5420000000001437,4.991999999999962,1,2.0
122,ERROR_M,11,102,1.7459999999998672,6.2560000000000855,0,2.0
122,ERROR_M,11,103,2.11200000000008,8.240000000000009,1,2.0
122,ERROR_M,11,104,1.9639999999999418,6.425999999999931,0,2.0
122,ERROR_M,11,105,2.2619999999999436,8.72400000000016,1,2.0
122,ERROR_M,11,106,2.145999999999958,6.354000000000042,1,2.0
122,ERROR_M,11,107,1.9039999999999964,7.288000000000011,0,2.0
122,ERROR_M,11,108,1.9220000000000255,11.139999999999873,0,2.0
122,ERROR_M,11,109,2.410000000000082,6.173999999999978,1,2.0
122,ERROR_M,11,110,2.2000000000000455,8.707999999999856,1,2.0
122,ERROR_M,11,111,2.214000000000169,4.7719999999999345,1,2.0
122,ERROR_M,11,112,1.8599999999999,5.726000000000113,0,2.0
122,ERROR_M,11,113,2.8360000000000127,26.12799999999993,1,2.0
122,ERROR_M,11,114,2.1159999999999854,12.534000000000106,1,2.0
122,ERROR_M,11,115,2.018000000000029,7.361999999999853,1,2.0
122,ERROR_M,11,116,1.8740000000000236,8.210000000000036,0,2.0
122,ERROR_M,11,117,2.5499999999999545,8.634000000000015,1,2.0
122,ERROR_M,11,118,2.211999999999989,8.17599999999993,1,2.0
122,ERROR_M,11,119,2.1180000000001655,7.1099999999999,1,2.0
122,ERROR_M,11,120,2.27800000000002,7.375999999999976,1,2.0
122,ERROR_M,11,121,1.6859999999999218,6.6460000000001855,0,2.0
122,ERROR_M,11,122,1.9420000000000073,6.203999999999951,0,2.0
122,ERROR_M,11,123,1.69399999999996,4.403999999999996,0,2.0
122,ERROR_M,11,124,2.089999999999918,8.11200000000008,1,2.0
122,ERROR_M,11,125,1.8099999999999454,3.19600000000014,0,2.0
122,ERROR_M,11,126,1.740000000000009,3.395999999999958,0,2.0
122,ERROR_M,11,127,2.1920000000000073,7.769999999999982,1,2.0
122,ERROR_M,11,128,1.933999999999969,7.246000000000095,0,2.0
122,ERROR_M,11,129,2.0579999999999927,4.22199999999998,1,2.0
122,ERROR_M,11,130,2.4099999999998545,4.0340000000001055,1,2.0
122,ERROR_M,11,131,1.6399999999998727,8.870000000000118,0,2.0
122,ERROR_M,11,132,2.2000000000000455,8.995999999999867,1,2.0
122,ERROR_M,11,133,1.9239999999999782,6.163999999999987,0,2.0
122,ERROR_M,11,134,2.1180000000001655,6.707999999999856,1,2.0
122,ERROR_M,11,135,2.0160000000000764,6.925999999999931,1,2.0
122,ERROR_M,11,136,1.75,4.968000000000075,0,2.0
122,ERROR_M,11,137,2.201999999999998,7.83400000000006,1,2.0
122,ERROR_M,11,138,1.7200000000000273,7.161999999999807,0,2.0
122,ERROR_M,11,139,1.16800000000012,162.23800000000006,0,2.0
122,ERROR_M,11,140,1.2959999999998217,4.7840000000001055,0,2.0
122,ERROR_M,11,141,1.6479999999999109,16.62200000000007,0,2.0
122,ERROR_M,11,142,2.076000000000022,8.023999999999887,1,2.0
122,ERROR_M,11,143,2.214000000000169,27.87999999999988,1,2.0
122,ERROR_M,11,144,1.5420000000001437,463.5799999999997,0,2.0
122,ERROR_M,11,145,1.8320000000003347,25.31399999999985,0,2.0
122,ERROR_M,11,146,0.5419999999999163,72.15599999999995,0,2.0
122,ERROR_M,11,147,2.450000000000273,18.364000000000033,1,2.0
122,ERROR_M,11,148,1.61200000000008,2.9359999999996944,0,2.0
122,ERROR_M,11,149,0.03600000000005821,76.05600000000004,0,2.0
122,ERROR_M,11,150,1.7840000000001055,172.76600000000008,0,2.0
122,ERROR_M,11,151,1.83199999999988,8.289999999999964,0,2.0
122,ERROR_M,11,152,2.1340000000000146,8.253999999999905,1,2.0
122,ERROR_M,11,153,2.1840000000001965,16.74599999999964,1,2.0
122,ERROR_M,11,154,1.8020000000001346,,0,2.0
122,ERROR_M,12,1,1.4400000000000048,7.405999999999999,0,2.0
122,ERROR_M,12,2,2.0899999999999963,8.422000000000004,1,2.0
122,ERROR_M,12,3,1.7719999999999985,6.118000000000002,0,2.0
122,ERROR_M,12,4,2.2139999999999986,6.985999999999997,1,2.0
122,ERROR_M,12,5,2.176000000000002,5.168000000000006,1,2.0
122,ERROR_M,12,6,1.907999999999987,4.056000000000012,0,2.0
122,ERROR_M,12,7,2.25,3.1979999999999933,1,2.0
122,ERROR_M,12,8,1.6779999999999973,3.906000000000006,0,2.0
122,ERROR_M,12,9,2.039999999999992,5.176000000000002,1,2.0
122,ERROR_M,12,10,1.8120000000000118,4.467999999999989,0,2.0
122,ERROR_M,12,11,2.2680000000000007,5.430000000000007,1,2.0
122,ERROR_M,12,12,1.6839999999999975,6.995999999999995,0,2.0
122,ERROR_M,12,13,2.798000000000002,2.3419999999999987,1,2.0
122,ERROR_M,12,14,2.4560000000000173,3.6639999999999873,1,2.0
122,ERROR_M,12,15,1.906000000000006,7.671999999999997,0,2.0
122,ERROR_M,12,16,2.078000000000003,5.823999999999984,1,2.0
122,ERROR_M,12,17,1.842000000000013,8.536000000000001,0,2.0
122,ERROR_M,12,18,0.11599999999998545,0.056000000000011596,0,2.0
122,ERROR_M,12,19,0.6119999999999948,7.6059999999999945,0,2.0
122,ERROR_M,12,20,1.4320000000000164,6.73599999999999,0,2.0
122,ERROR_M,12,21,2.2820000000000107,5.4739999999999895,1,2.0
122,ERROR_M,12,22,2.4480000000000075,3.0039999999999907,1,2.0
122,ERROR_M,12,23,1.7800000000000011,3.2280000000000086,0,2.0
122,ERROR_M,12,24,2.093999999999994,6.680000000000007,1,2.0
122,ERROR_M,12,25,2.156000000000006,7.021999999999991,1,2.0
122,ERROR_M,12,26,2.23599999999999,8.182000000000016,1,2.0
122,ERROR_M,12,27,2.171999999999997,4.2239999999999895,1,2.0
122,ERROR_M,12,28,2.2560000000000002,7.792000000000002,1,2.0
122,ERROR_M,12,29,2.3840000000000146,6.553999999999974,1,2.0
122,ERROR_M,12,30,1.9639999999999986,8.568000000000012,0,2.0
122,ERROR_M,12,31,2.401999999999987,4.463999999999999,1,2.0
122,ERROR_M,12,32,2.008000000000038,6.849999999999966,1,2.0
122,ERROR_M,12,33,2.1920000000000073,8.02800000000002,1,2.0
122,ERROR_M,12,34,2.343999999999994,7.2520000000000095,1,2.0
122,ERROR_M,12,35,2.0,8.687999999999988,0,2.0
122,ERROR_M,12,36,1.933999999999969,3.024000000000001,0,2.0
122,ERROR_M,12,37,1.712000000000046,5.093999999999994,0,2.0
122,ERROR_M,12,38,2.216000000000008,5.94199999999995,1,2.0
122,ERROR_M,12,39,2.2600000000000477,3.819999999999993,1,2.0
122,ERROR_M,12,40,1.858000000000004,6.163999999999987,0,2.0
122,ERROR_M,12,41,2.187999999999988,4.579999999999984,1,2.0
122,ERROR_M,12,42,2.2560000000000286,4.409999999999968,1,2.0
122,ERROR_M,12,43,2.104000000000042,5.978000000000009,1,2.0
122,ERROR_M,12,44,1.9259999999999877,7.47199999999998,0,2.0
122,ERROR_M,12,45,2.0300000000000296,6.751999999999953,1,2.0
122,ERROR_M,12,46,2.55600000000004,4.875999999999976,1,2.0
122,ERROR_M,12,47,1.632000000000005,7.211999999999989,0,2.0
122,ERROR_M,12,48,2.6539999999999964,4.348000000000013,1,2.0
122,ERROR_M,12,49,2.156000000000006,7.944000000000017,1,2.0
122,ERROR_M,12,50,1.8959999999999582,3.244000000000028,0,2.0
122,ERROR_M,12,51,2.481999999999971,5.414000000000044,1,2.0
122,ERROR_M,12,52,2.491999999999962,5.386000000000024,1,2.0
122,ERROR_M,12,53,2.065999999999974,5.51400000000001,1,2.0
122,ERROR_M,12,54,2.5780000000000314,3.4399999999999977,1,2.0
122,ERROR_M,12,55,3.099999999999966,9.182000000000016,1,2.0
122,ERROR_M,12,56,2.052000000000021,3.137999999999977,1,2.0
122,ERROR_M,12,57,2.225999999999999,7.863999999999976,1,2.0
122,ERROR_M,12,58,1.886000000000024,12.918000000000006,0,2.0
122,ERROR_M,12,59,2.123999999999967,8.254000000000019,1,2.0
122,ERROR_M,12,60,2.444000000000017,8.561999999999955,1,2.0
122,ERROR_M,12,61,2.37600000000009,7.667999999999893,1,2.0
122,ERROR_M,12,62,1.9260000000000446,2.4139999999999873,0,2.0
122,ERROR_M,12,63,2.3980000000000246,3.8859999999999673,1,2.0
122,ERROR_M,12,64,2.2560000000000855,3.405999999999949,1,2.0
122,ERROR_M,12,65,2.1019999999999754,4.80600000000004,1,2.0
122,ERROR_M,12,66,1.8759999999999764,4.731999999999971,0,2.0
122,ERROR_M,12,67,1.995999999999981,5.354000000000042,0,2.0
122,ERROR_M,12,68,2.4540000000000646,5.65199999999993,1,2.0
122,ERROR_M,12,69,0.6800000000000637,0.053999999999973625,0,2.0
122,ERROR_M,12,70,0.2680000000000291,16.685999999999922,0,2.0
122,ERROR_M,12,71,2.173999999999978,4.427999999999997,1,2.0
122,ERROR_M,12,72,2.12600000000009,7.057999999999993,1,2.0
122,ERROR_M,12,73,1.9739999999999327,6.82000000000005,0,2.0
122,ERROR_M,12,74,2.1779999999999973,7.374000000000024,1,2.0
122,ERROR_M,12,75,2.1079999999999472,3.830000000000041,1,2.0
122,ERROR_M,12,76,1.8439999999999372,11.446000000000026,0,2.0
122,ERROR_M,12,77,1.8619999999999663,6.222000000000094,0,2.0
122,ERROR_M,12,78,2.0939999999999372,7.912000000000035,1,2.0
122,ERROR_M,12,79,2.2519999999999527,4.104000000000042,1,2.0
122,ERROR_M,12,80,2.1820000000000164,6.788000000000011,1,2.0
122,ERROR_M,12,81,1.9699999999999136,6.872000000000071,0,2.0
122,ERROR_M,12,82,2.0699999999999363,7.11200000000008,1,2.0
122,ERROR_M,12,83,1.7539999999999054,7.560000000000059,0,2.0
122,ERROR_M,12,84,2.1860000000000355,7.98599999999999,1,2.0
122,ERROR_M,12,85,1.9320000000000164,7.497999999999934,0,2.0
122,ERROR_M,12,86,1.6000000000000227,9.638000000000034,0,2.0
122,ERROR_M,12,87,2.005999999999972,2.939999999999941,1,2.0
122,ERROR_M,12,88,2.2220000000000937,9.017999999999915,1,2.0
122,ERROR_M,12,89,2.074000000000069,6.913999999999987,1,2.0
122,ERROR_M,12,90,0.4679999999999609,39.726,0,2.0
122,ERROR_M,12,91,1.1420000000000528,3.9039999999999964,0,2.0
122,ERROR_M,12,92,1.627999999999929,5.698000000000093,0,2.0
122,ERROR_M,12,93,1.8959999999999582,2.9600000000000364,0,2.0
122,ERROR_M,12,94,1.73599999999999,4.925999999999931,0,2.0
122,ERROR_M,12,95,1.9039999999999964,0.05000000000006821,0,2.0
122,ERROR_M,12,96,0.021999999999934516,4.84800000000007,0,2.0
122,ERROR_M,12,97,2.481999999999971,3.895999999999958,1,2.0
122,ERROR_M,12,98,2.410000000000082,6.117999999999938,1,2.0
122,ERROR_M,12,99,2.008000000000038,6.713999999999942,1,2.0
122,ERROR_M,12,100,0.13600000000008095,0.07599999999990814,0,2.0
122,ERROR_M,12,101,0.22400000000004638,11.220000000000027,0,2.0
122,ERROR_M,12,102,1.7239999999999327,7.927999999999997,0,2.0
122,ERROR_M,12,103,1.8780000000000427,3.145999999999958,0,2.0
122,ERROR_M,12,104,2.230000000000018,8.341999999999985,1,2.0
122,ERROR_M,12,105,2.76400000000001,8.430000000000064,1,2.0
122,ERROR_M,12,106,2.911999999999921,5.980000000000018,1,2.0
122,ERROR_M,12,107,2.745999999999981,4.677999999999997,1,2.0
122,ERROR_M,12,108,2.3700000000000045,6.307999999999993,1,2.0
122,ERROR_M,12,109,2.536000000000058,3.1580000000000155,1,2.0
122,ERROR_M,12,110,1.92999999999995,4.382000000000062,0,2.0
122,ERROR_M,12,111,2.0919999999999845,5.2859999999999445,1,2.0
122,ERROR_M,12,112,2.08400000000006,6.980000000000018,1,2.0
122,ERROR_M,12,113,2.0439999999999827,4.374000000000024,1,2.0
122,ERROR_M,12,114,1.981999999999971,6.481999999999971,0,2.0
122,ERROR_M,12,115,2.4600000000000364,7.491999999999962,1,2.0
122,ERROR_M,12,116,2.033999999999992,4.094000000000051,1,2.0
122,ERROR_M,12,117,2.1499999999999773,5.4220000000000255,1,2.0
122,ERROR_M,12,118,1.8679999999999382,6.8840000000000146,0,2.0
122,ERROR_M,12,119,1.9880000000000564,4.553999999999974,0,2.0
122,ERROR_M,12,120,2.3659999999999854,8.009999999999991,1,2.0
122,ERROR_M,12,121,2.1299999999999955,7.087999999999965,1,2.0
122,ERROR_M,12,122,1.66800000000012,6.185999999999922,0,2.0
122,ERROR_M,12,123,2.3479999999999563,8.850000000000136,1,2.0
122,ERROR_M,12,124,2.1519999999998163,12.426000000000158,1,2.0
122,ERROR_M,12,125,1.9179999999998927,6.442000000000007,0,2.0
122,ERROR_M,12,126,2.188000000000102,8.644000000000005,1,2.0
122,ERROR_M,12,127,2.1620000000000346,4.829999999999927,1,2.0
122,ERROR_M,12,128,2.1019999999998618,3.1240000000000236,1,2.0
122,ERROR_M,12,129,1.9960000000000946,6.970000000000027,0,2.0
122,ERROR_M,12,130,1.7559999999998581,5.554000000000087,0,2.0
122,ERROR_M,12,131,1.3120000000001255,6.647999999999911,0,2.0
122,ERROR_M,12,132,1.58199999999988,7.788000000000011,0,2.0
122,ERROR_M,12,133,0.39200000000005275,5.201999999999998,0,2.0
122,ERROR_M,12,134,2.0299999999999727,7.310000000000173,1,2.0
122,ERROR_M,12,135,1.990000000000009,3.005999999999858,0,2.0
122,ERROR_M,12,136,2.0160000000000764,3.6599999999998545,1,2.0
122,ERROR_M,12,137,1.9260000000001583,6.248000000000047,0,2.0
122,ERROR_M,12,138,2.0039999999999054,8.511999999999944,1,2.0
122,ERROR_M,12,139,1.8520000000000891,88.43000000000006,0,2.0
122,ERROR_M,12,140,2.487999999999829,5.048000000000002,1,2.0
122,ERROR_M,12,141,1.7000000000000455,5.819999999999936,0,2.0
122,ERROR_M,12,142,3.0800000000001546,7.1440000000000055,1,2.0
122,ERROR_M,12,143,2.265999999999849,18.440000000000055,1,2.0
122,ERROR_M,12,144,0.8440000000000509,0.07799999999997453,0,2.0
122,ERROR_M,12,145,0.16000000000008185,13.529999999999973,0,2.0
122,ERROR_M,12,146,1.9120000000000346,4.683999999999969,0,2.0
122,ERROR_M,12,147,2.0679999999999836,6.52599999999984,1,2.0
122,ERROR_M,12,148,2.33400000000006,16.25,1,2.0
122,ERROR_M,12,149,2.0960000000000036,4.087999999999965,1,2.0
122,ERROR_M,12,150,2.326000000000022,5.3900000000001,1,2.0
122,ERROR_M,12,151,1.8799999999998818,7.582000000000107,0,2.0
122,ERROR_M,12,152,1.655999999999949,6.44399999999996,0,2.0
122,ERROR_M,12,153,1.77800000000002,7.617999999999938,0,2.0
122,ERROR_M,12,154,1.8480000000001837,9.485999999999876,0,2.0
122,ERROR_M,12,155,2.2519999999999527,8.572000000000116,1,2.0
122,ERROR_M,12,156,1.7580000000000382,7.933999999999969,0,2.0
122,ERROR_M,12,157,1.9519999999999982,8.435999999999922,0,2.0
122,ERROR_M,12,158,1.7580000000000382,7.730000000000018,0,2.0
122,ERROR_M,12,159,2.66599999999994,6.448000000000093,1,2.0
122,ERROR_M,12,160,2.703999999999951,7.594000000000051,1,2.0
122,ERROR_M,12,161,2.4199999999998454,3.7600000000002183,1,2.0
122,ERROR_M,12,162,2.30399999999986,8.481999999999971,1,2.0
122,ERROR_M,12,163,2.4160000000001673,7.5779999999999745,1,2.0
122,ERROR_M,12,164,2.298000000000002,4.6440000000000055,1,2.0
122,ERROR_M,12,165,2.3539999999998145,6.746000000000095,1,2.0
122,ERROR_M,12,166,1.8559999999999945,7.339999999999918,0,2.0
122,ERROR_M,12,167,2.540000000000191,18.909999999999854,1,2.0
122,ERROR_M,12,168,2.980000000000018,17.152000000000044,1,2.0
122,ERROR_M,12,169,3.4659999999998945,5.91800000000012,1,2.0
122,ERROR_M,12,170,1.7139999999999418,3.786000000000058,0,2.0
122,ERROR_M,12,171,2.3079999999999927,6.824000000000069,1,2.0
122,ERROR_M,12,172,2.209999999999809,7.464000000000169,1,2.0
122,ERROR_M,12,173,2.0399999999999636,5.177999999999884,1,2.0
122,ERROR_M,12,174,1.8120000000001255,4.087999999999965,0,2.0
122,ERROR_M,12,175,2.604000000000042,5.647999999999911,1,2.0
122,ERROR_M,12,176,2.326000000000022,5.559999999999945,1,2.0
122,ERROR_M,12,177,1.6080000000001746,3.063999999999851,0,2.0
122,ERROR_M,12,178,2.0820000000001073,5.942000000000007,1,2.0
122,ERROR_M,12,179,1.9679999999998472,3.714000000000169,0,2.0
122,ERROR_M,12,180,2.3859999999999673,7.66599999999994,1,2.0
122,ERROR_M,12,181,1.8859999999999673,4.711999999999989,0,2.0
122,ERROR_M,12,182,2.0599999999999454,9.16800000000012,1,2.0
122,ERROR_M,12,183,2.08199999999988,5.560000000000173,1,2.0
122,ERROR_M,12,184,1.6759999999999309,5.846000000000004,0,2.0
122,ERROR_M,12,185,2.185999999999922,8.211999999999989,1,2.0
122,ERROR_M,12,186,2.2380000000000564,6.912000000000035,1,2.0
122,ERROR_M,12,187,1.80600000000004,8.70399999999995,0,2.0
122,ERROR_M,12,188,2.372000000000071,11.402000000000044,1,2.0
122,ERROR_M,12,189,1.9799999999997908,22.892000000000053,0,2.0
122,ERROR_M,12,190,2.574000000000069,7.809999999999945,1,2.0
122,ERROR_M,12,191,1.5640000000000782,8.307999999999993,0,2.0
122,ERROR_M,12,192,2.713999999999942,4.798000000000002,1,2.0
122,ERROR_M,12,193,2.5019999999999527,53.5,1,2.0
122,ERROR_M,12,194,2.1080000000001746,5.903999999999996,1,2.0
122,ERROR_M,12,195,2.0879999999999654,10.864000000000033,1,2.0
122,ERROR_M,12,196,2.211999999999989,8.617999999999938,1,2.0
122,ERROR_M,12,197,2.5799999999999272,6.104000000000042,1,2.0
122,ERROR_M,12,198,2.3279999999999745,6.374000000000024,1,2.0
122,ERROR_M,12,199,1.4759999999998854,3.880000000000109,0,2.0
122,ERROR_M,12,200,2.1159999999999854,7.895999999999958,1,2.0
122,ERROR_M,12,201,2.060000000000173,3.265999999999849,1,2.0
122,ERROR_M,12,202,2.076000000000022,4.627999999999929,1,2.0
122,ERROR_M,12,203,1.7360000000001037,7.417999999999893,0,2.0
122,ERROR_M,12,204,1.6360000000001946,8.907999999999902,0,2.0
122,ERROR_M,12,205,1.9780000000000655,30.299999999999955,0,2.0
122,ERROR_M,12,206,2.0699999999999363,6.948000000000093,1,2.0
122,ERROR_M,12,207,2.230000000000018,4.3279999999999745,1,2.0
122,ERROR_M,12,208,1.5399999999999636,3.91599999999994,0,2.0
122,ERROR_M,12,209,1.5360000000000582,11.385999999999967,0,2.0
122,ERROR_M,12,210,2.2480000000000473,7.019999999999982,1,2.0
122,ERROR_M,12,211,2.1620000000000346,18.52800000000002,1,2.0
122,ERROR_M,12,212,1.9659999999998945,8.614000000000033,0,2.0
122,ERROR_M,12,213,1.9380000000001019,4.911999999999807,0,2.0
122,ERROR_M,12,214,2.4480000000000928,6.153999999999996,1,2.0
122,ERROR_M,12,215,2.1480000000001382,3.4420000000000073,1,2.0
122,ERROR_M,12,216,2.201999999999771,7.374000000000251,1,2.0
122,ERROR_M,12,217,1.961999999999989,7.125999999999749,0,2.0
122,ERROR_M,12,218,2.7660000000000764,6.1340000000000146,1,2.0
122,ERROR_M,12,219,2.367999999999938,3.961999999999989,1,2.0
122,ERROR_M,12,220,2.318000000000211,4.5099999999997635,1,2.0
122,ERROR_M,12,221,2.4160000000001673,8.405999999999949,1,2.0
122,ERROR_M,12,222,1.9540000000001783,7.483999999999924,0,2.0
122,ERROR_M,12,223,2.2100000000000364,8.315999999999804,1,2.0
122,ERROR_M,12,224,1.8820000000000618,8.521999999999935,0,2.0
122,ERROR_M,12,225,1.9839999999999236,17.730000000000018,0,2.0
122,ERROR_M,12,226,1.5300000000002,78.9960000000001,0,2.0
122,ERROR_M,12,227,1.7459999999996398,41.41000000000031,0,2.0
122,ERROR_M,12,228,1.8159999999998035,5.420000000000073,0,2.0
122,ERROR_M,12,229,1.6239999999997963,0.052000000000134605,0,2.0
122,ERROR_M,12,230,0.16400000000021464,3.5799999999999272,0,2.0
122,ERROR_M,12,231,1.949999999999818,4.980000000000018,0,2.0
122,ERROR_M,12,232,1.9520000000002256,6.0659999999998035,0,2.0
122,ERROR_M,12,233,1.7559999999998581,4.30600000000004,0,2.0
122,ERROR_M,12,234,1.9700000000002547,2.993999999999687,0,2.0
122,ERROR_M,12,235,2.2020000000002256,6.893999999999778,1,2.0
122,ERROR_M,12,236,1.6960000000003674,4.527999999999793,0,2.0
122,ERROR_M,12,237,2.354000000000269,8.861999999999625,1,2.0
122,ERROR_M,12,238,2.024000000000342,7.253999999999905,1,2.0
122,ERROR_M,12,239,1.8899999999998727,5.594000000000051,0,2.0
122,ERROR_M,12,240,2.0,15.427999999999884,0,2.0
122,ERROR_M,12,241,2.1460000000001855,7.101999999999862,1,2.0
122,ERROR_M,12,242,2.0460000000002765,2.6659999999997126,1,2.0
122,ERROR_M,12,243,2.4540000000001783,3.461999999999989,1,2.0
122,ERROR_M,12,244,1.9699999999998,5.382000000000062,0,2.0
122,ERROR_M,12,245,1.8220000000001164,6.842000000000098,0,2.0
122,ERROR_M,12,246,1.1979999999998654,7.77599999999984,0,2.0
122,ERROR_M,12,247,1.88799999999992,8.248000000000047,0,2.0
122,ERROR_M,12,248,2.1539999999999964,5.108000000000175,1,2.0
122,ERROR_M,12,249,2.213999999999942,4.354000000000269,1,2.0
122,ERROR_M,12,250,2.013999999999669,8.494000000000142,1,2.0
122,ERROR_M,12,251,1.7799999999997453,8.64200000000028,0,2.0
122,ERROR_M,12,252,1.8200000000001637,3.3719999999998436,0,2.0
122,ERROR_M,12,253,0.181999999999789,8.846000000000004,0,2.0
122,ERROR_M,12,254,2.3200000000001637,6.773999999999887,1,2.0
122,ERROR_M,12,255,1.9720000000002074,2.75,0,2.0
122,ERROR_M,12,256,2.031999999999698,3.66800000000012,1,2.0
122,ERROR_M,12,257,1.9279999999998836,2.9280000000003383,0,2.0
122,ERROR_M,12,258,1.2359999999998763,0.12199999999984357,0,2.0
122,ERROR_M,12,259,0.12000000000034561,37.36999999999989,0,2.0
122,ERROR_M,12,260,0.9299999999998363,159.6199999999999,0,2.0
122,ERROR_M,12,261,1.3380000000001928,8.893999999999778,0,2.0
122,ERROR_M,12,262,1.762000000000171,8.099999999999909,0,2.0
122,ERROR_M,12,263,1.7220000000002074,9.230000000000018,0,2.0
122,ERROR_M,12,264,1.819999999999709,7.0460000000002765,0,2.0
122,ERROR_M,12,265,1.7179999999998472,4.864000000000033,0,2.0
122,ERROR_M,12,266,1.33600000000024,6.5099999999997635,0,2.0
122,ERROR_M,12,267,1.6640000000002146,8.215999999999894,0,2.0
122,ERROR_M,12,268,1.9420000000000073,3.94399999999996,0,2.0
122,ERROR_M,12,269,1.8579999999997199,3.80600000000004,0,2.0
122,ERROR_M,12,270,1.9239999999999782,4.050000000000182,0,2.0
122,ERROR_M,12,271,2.326000000000022,5.1460000000001855,1,2.0
122,ERROR_M,12,272,2.1299999999996544,6.092000000000098,1,2.0
122,ERROR_M,12,273,1.5839999999998327,4.7840000000001055,0,2.0
122,ERROR_M,12,274,2.0640000000003056,7.673999999999978,1,2.0
122,ERROR_M,12,275,1.8119999999998981,3.949999999999818,0,2.0
122,ERROR_M,12,276,1.3900000000003274,2.83199999999988,0,2.0
122,ERROR_M,12,277,2.043999999999869,4.313999999999851,1,2.0
122,ERROR_M,12,278,1.5199999999999818,4.084000000000287,0,2.0
122,ERROR_M,12,279,0.8579999999997199,0.062000000000352884,0,2.0
122,ERROR_M,12,280,0.2179999999998472,40.27599999999984,0,2.0
122,ERROR_M,12,281,1.7420000000001892,5.8840000000000146,0,2.0
122,ERROR_M,12,282,1.7919999999999163,18.505999999999858,0,2.0
122,ERROR_M,12,283,2.0660000000002583,14.19399999999996,1,2.0
122,ERROR_M,12,284,1.8400000000001455,7.661999999999807,0,2.0
122,ERROR_M,12,285,1.5599999999999454,,0,2.0
122,ERROR_M,13,1,0.9140000000000015,2.451999999999998,0,2.0
122,ERROR_M,13,2,1.783999999999999,7.044000000000004,0,2.0
122,ERROR_M,13,3,1.5079999999999956,8.150000000000006,0,2.0
122,ERROR_M,13,4,1.641999999999996,3.068000000000005,0,2.0
122,ERROR_M,13,5,1.5899999999999963,6.518000000000001,0,2.0
122,ERROR_M,13,6,1.578000000000003,3.8220000000000027,0,2.0
122,ERROR_M,13,7,2.3319999999999936,5.513999999999996,1,2.0
122,ERROR_M,13,8,1.4399999999999977,7.5020000000000095,0,2.0
122,ERROR_M,13,9,1.9339999999999975,4.725999999999999,0,2.0
122,ERROR_M,13,10,1.6700000000000017,6.307999999999993,0,2.0
122,ERROR_M,13,11,1.940000000000012,4.931999999999988,0,2.0
122,ERROR_M,13,12,1.8000000000000114,7.0120000000000005,0,2.0
122,ERROR_M,13,13,1.9140000000000015,5.763999999999996,0,2.0
122,ERROR_M,13,14,1.6479999999999961,7.826000000000008,0,2.0
122,ERROR_M,13,15,1.5360000000000014,8.539999999999992,0,2.0
122,ERROR_M,13,16,1.711999999999989,3.2860000000000014,0,2.0
122,ERROR_M,13,17,1.7199999999999989,6.9339999999999975,0,2.0
122,ERROR_M,13,18,1.8780000000000143,3.4480000000000075,0,2.0
122,ERROR_M,13,19,2.055999999999983,5.8799999999999955,1,2.0
122,ERROR_M,13,20,1.6980000000000075,2.7820000000000107,0,2.0
122,ERROR_M,13,21,1.6680000000000064,4.205999999999989,0,2.0
122,ERROR_M,13,22,2.0279999999999916,5.796000000000021,1,2.0
122,ERROR_M,13,23,1.789999999999992,5.753999999999991,0,2.0
122,ERROR_M,13,24,2.147999999999996,7.036000000000001,1,2.0
122,ERROR_M,13,25,1.858000000000004,5.734000000000009,0,2.0
122,ERROR_M,13,26,1.8379999999999939,7.6440000000000055,0,2.0
122,ERROR_M,13,27,2.2299999999999898,4.812000000000012,1,2.0
122,ERROR_M,13,28,1.7019999999999982,4.549999999999983,0,2.0
122,ERROR_M,13,29,1.9720000000000084,6.568000000000012,0,2.0
122,ERROR_M,13,30,2.0360000000000014,7.995999999999981,1,2.0
122,ERROR_M,13,31,1.6620000000000346,8.21999999999997,0,2.0
122,ERROR_M,13,32,2.305999999999983,8.641999999999996,1,2.0
122,ERROR_M,13,33,1.844000000000051,4.109999999999957,0,2.0
122,ERROR_M,13,34,2.0300000000000296,4.887999999999977,1,2.0
122,ERROR_M,13,35,1.8480000000000132,3.6000000000000227,0,2.0
122,ERROR_M,13,36,1.8899999999999864,6.149999999999977,0,2.0
122,ERROR_M,13,37,2.240000000000009,7.891999999999996,1,2.0
122,ERROR_M,13,38,2.0120000000000005,2.740000000000009,1,2.0
122,ERROR_M,13,39,2.6480000000000246,8.393999999999949,1,2.0
122,ERROR_M,13,40,1.8480000000000132,2.8280000000000314,0,2.0
122,ERROR_M,13,41,2.6959999999999695,3.4840000000000373,1,2.0
122,ERROR_M,13,42,1.9919999999999618,3.2660000000000196,0,2.0
122,ERROR_M,13,43,1.9399999999999977,4.194000000000017,0,2.0
122,ERROR_M,13,44,1.9419999999999504,4.475999999999999,0,2.0
122,ERROR_M,13,45,2.1680000000000064,4.920000000000016,1,2.0
122,ERROR_M,13,46,2.3640000000000327,7.149999999999977,1,2.0
122,ERROR_M,13,47,1.9599999999999795,7.216000000000008,0,2.0
122,ERROR_M,13,48,2.598000000000013,2.834000000000003,1,2.0
122,ERROR_M,13,49,2.2479999999999905,7.612000000000023,1,2.0
122,ERROR_M,13,50,1.9779999999999518,3.9960000000000377,0,2.0
122,ERROR_M,13,51,2.3279999999999745,12.853999999999985,1,2.0
122,ERROR_M,13,52,2.8080000000000496,5.911999999999978,1,2.0
122,ERROR_M,13,53,2.041999999999973,6.01400000000001,1,2.0
122,ERROR_M,13,54,2.201999999999998,6.939999999999998,1,2.0
122,ERROR_M,13,55,2.4180000000000064,7.864000000000033,1,2.0
122,ERROR_M,13,56,2.490000000000009,6.277999999999963,1,2.0
122,ERROR_M,13,57,2.7420000000000186,8.262,1,2.0
122,ERROR_M,13,58,2.6100000000000136,9.815999999999974,1,2.0
122,ERROR_M,13,59,1.9940000000000282,8.103999999999985,0,2.0
122,ERROR_M,13,60,2.481999999999971,6.612000000000023,1,2.0
122,ERROR_M,13,61,2.5079999999999814,7.696000000000026,1,2.0
122,ERROR_M,13,62,0.05600000000004002,0.06799999999998363,0,2.0
122,ERROR_M,13,63,0.2819999999999254,15.340000000000032,0,2.0
122,ERROR_M,13,64,1.9940000000000282,3.7579999999999245,0,2.0
122,ERROR_M,13,65,2.324000000000069,4.033999999999992,1,2.0
122,ERROR_M,13,66,0.6480000000000246,0.05599999999992633,0,2.0
122,ERROR_M,13,67,0.17600000000004457,53.94399999999996,0,2.0
122,ERROR_M,13,68,0.19600000000002638,0.03600000000005821,0,2.0
122,ERROR_M,13,69,0.3079999999999927,24.581999999999994,0,2.0
122,ERROR_M,13,70,2.9599999999999227,2.6520000000000437,1,2.0
122,ERROR_M,13,71,2.296000000000049,4.919999999999959,1,2.0
122,ERROR_M,13,72,2.477999999999952,3.314000000000078,1,2.0
122,ERROR_M,13,73,2.0299999999999727,4.4220000000000255,1,2.0
122,ERROR_M,13,74,2.42999999999995,5.440000000000055,1,2.0
122,ERROR_M,13,75,2.255999999999972,5.70799999999997,1,2.0
122,ERROR_M,13,76,1.9239999999999782,6.004000000000019,0,2.0
122,ERROR_M,13,77,2.5960000000000036,7.217999999999961,1,2.0
122,ERROR_M,13,78,2.744000000000028,5.800000000000068,1,2.0
122,ERROR_M,13,79,2.1639999999999873,7.635999999999967,1,2.0
122,ERROR_M,13,80,2.6340000000000146,3.22199999999998,1,2.0
122,ERROR_M,13,81,2.230000000000018,3.395999999999958,1,2.0
122,ERROR_M,13,82,2.594000000000051,4.961999999999989,1,2.0
122,ERROR_M,13,83,0.12199999999995725,0.05200000000002092,0,2.0
122,ERROR_M,13,84,0.2380000000000564,7.086000000000013,0,2.0
122,ERROR_M,13,85,2.1499999999999773,4.480000000000018,1,2.0
122,ERROR_M,13,86,2.1959999999999127,7.314000000000078,1,2.0
122,ERROR_M,13,87,2.1119999999999663,8.269999999999982,1,2.0
122,ERROR_M,13,88,2.1800000000000637,3.727999999999952,1,2.0
122,ERROR_M,13,89,2.1620000000000346,4.1159999999999854,1,2.0
122,ERROR_M,13,90,1.8640000000000327,5.435999999999922,0,2.0
122,ERROR_M,13,91,2.296000000000049,6.41599999999994,1,2.0
122,ERROR_M,13,92,2.102000000000089,2.981999999999971,1,2.0
122,ERROR_M,13,93,2.3319999999999936,8.949999999999932,1,2.0
122,ERROR_M,13,94,2.048000000000002,4.828000000000088,1,2.0
122,ERROR_M,13,95,2.199999999999932,6.3279999999999745,1,2.0
122,ERROR_M,13,96,1.8360000000000127,6.596000000000004,0,2.0
122,ERROR_M,13,97,2.296000000000049,6.388000000000034,1,2.0
122,ERROR_M,13,98,0.045999999999935426,0.06399999999996453,0,2.0
122,ERROR_M,13,99,0.21000000000003638,22.04600000000005,0,2.0
122,ERROR_M,13,100,1.8379999999999654,8.120000000000005,0,2.0
122,ERROR_M,13,101,2.22199999999998,7.180000000000064,1,2.0
122,ERROR_M,13,102,1.967999999999961,13.761999999999944,0,2.0
122,ERROR_M,13,103,1.8460000000000036,6.044000000000096,0,2.0
122,ERROR_M,13,104,1.8579999999999472,7.727999999999952,0,2.0
122,ERROR_M,13,105,1.8000000000000682,4.66599999999994,0,2.0
122,ERROR_M,13,106,2.4020000000000437,7.553999999999974,1,2.0
122,ERROR_M,13,107,2.1380000000000337,8.495999999999981,1,2.0
122,ERROR_M,13,108,1.8500000000000227,3.566000000000031,0,2.0
122,ERROR_M,13,109,2.3899999999999864,8.288000000000011,1,2.0
122,ERROR_M,13,110,1.8159999999999172,2.5260000000000673,0,2.0
122,ERROR_M,13,111,2.268000000000029,5.737999999999943,1,2.0
122,ERROR_M,13,112,2.048000000000002,4.323999999999955,1,2.0
122,ERROR_M,13,113,1.5080000000000382,6.95799999999997,0,2.0
122,ERROR_M,13,114,2.2180000000000746,3.405999999999949,1,2.0
122,ERROR_M,13,115,2.211999999999989,4.956000000000017,1,2.0
122,ERROR_M,13,116,2.009999999999991,7.111999999999966,1,2.0
122,ERROR_M,13,117,2.0680000000000973,6.192000000000007,1,2.0
122,ERROR_M,13,118,1.59599999999989,5.072000000000003,0,2.0
122,ERROR_M,13,119,2.066000000000031,7.538000000000011,1,2.0
122,ERROR_M,13,120,1.9100000000000819,5.939999999999827,0,2.0
122,ERROR_M,13,121,1.961999999999989,5.010000000000218,0,2.0
122,ERROR_M,13,122,2.3259999999997945,4.472000000000207,1,2.0
122,ERROR_M,13,123,1.7719999999999345,5.2000000000000455,0,2.0
122,ERROR_M,13,124,2.240000000000009,5.917999999999893,1,2.0
122,ERROR_M,13,125,2.185999999999922,7.726000000000113,1,2.0
122,ERROR_M,13,126,1.5799999999999272,3.994000000000142,0,2.0
122,ERROR_M,13,127,1.821999999999889,7.961999999999989,0,2.0
122,ERROR_M,13,128,2.0520000000001346,8.743999999999915,1,2.0
122,ERROR_M,13,129,1.4680000000000746,5.411999999999807,0,2.0
122,ERROR_M,13,130,1.5420000000001437,7.930000000000064,0,2.0
122,ERROR_M,13,131,2.393999999999778,17.440000000000055,1,2.0
122,ERROR_M,13,132,1.2460000000000946,3.298000000000002,0,2.0
122,ERROR_M,13,133,1.4039999999999964,0.14599999999995816,0,2.0
122,ERROR_M,13,134,0.049999999999954525,2.9320000000000164,0,2.0
122,ERROR_M,13,135,2.0240000000001146,6.195999999999913,1,2.0
122,ERROR_M,13,136,1.9380000000001019,3.007999999999811,0,2.0
122,ERROR_M,13,137,2.1420000000000528,6.55600000000004,1,2.0
122,ERROR_M,13,138,1.6400000000001,6.83199999999988,0,2.0
122,ERROR_M,13,139,2.3579999999999472,7.33400000000006,1,2.0
122,ERROR_M,13,140,2.094000000000051,7.913999999999987,1,2.0
122,ERROR_M,13,141,2.019999999999982,4.801999999999907,1,2.0
122,ERROR_M,13,142,1.8480000000001837,7.337999999999965,0,2.0
122,ERROR_M,13,143,2.1779999999998836,8.484000000000151,1,2.0
122,ERROR_M,13,144,1.69399999999996,6.761999999999944,0,2.0
122,ERROR_M,13,145,2.2719999999999345,9.231999999999971,1,2.0
122,ERROR_M,13,146,1.6820000000000164,5.7000000000000455,0,2.0
122,ERROR_M,13,147,2.211999999999989,25.059999999999945,1,2.0
122,ERROR_M,13,148,1.9600000000000364,2.3980000000001382,0,2.0
122,ERROR_M,13,149,2.1119999999998527,6.024000000000115,1,2.0
122,ERROR_M,13,150,2.0039999999999054,3.7180000000000746,1,2.0
122,ERROR_M,13,151,1.7459999999998672,3.0140000000001237,0,2.0
122,ERROR_M,13,152,0.30600000000004,0.04600000000004911,0,2.0
122,ERROR_M,13,153,0.13399999999978718,70.10200000000009,0,2.0
122,ERROR_M,13,154,1.9120000000000346,5.039999999999964,0,2.0
122,ERROR_M,13,155,1.6739999999999782,5.8400000000001455,0,2.0
122,ERROR_M,13,156,1.8419999999998709,6.614000000000033,0,2.0
122,ERROR_M,13,157,1.400000000000091,7.607999999999947,0,2.0
122,ERROR_M,13,158,2.463999999999942,4.961999999999989,1,2.0
122,ERROR_M,13,159,1.9320000000000164,5.213999999999942,0,2.0
122,ERROR_M,13,160,2.408000000000129,8.361999999999853,1,2.0
122,ERROR_M,13,161,2.768000000000029,8.718000000000075,1,2.0
122,ERROR_M,13,162,2.1639999999999873,7.0779999999999745,1,2.0
122,ERROR_M,13,163,2.5399999999999636,7.272000000000162,1,2.0
122,ERROR_M,13,164,1.9659999999998945,2.2940000000000964,0,2.0
122,ERROR_M,13,165,2.821999999999889,7.846000000000004,1,2.0
122,ERROR_M,13,166,2.3940000000000055,5.339999999999918,1,2.0
122,ERROR_M,13,167,1.91800000000012,4.983999999999924,0,2.0
122,ERROR_M,13,168,2.0520000000001346,5.4659999999998945,1,2.0
122,ERROR_M,13,169,2.5440000000000964,4.259999999999991,1,2.0
122,ERROR_M,13,170,1.987999999999829,3.5700000000001637,0,2.0
122,ERROR_M,13,171,1.9700000000000273,3.877999999999929,0,2.0
122,ERROR_M,13,172,0.2480000000000473,108.70799999999986,0,2.0
122,ERROR_M,13,173,1.981999999999971,5.898000000000138,0,2.0
122,ERROR_M,13,174,1.8579999999999472,6.72199999999998,0,2.0
122,ERROR_M,13,175,1.961999999999989,7.940000000000055,0,2.0
122,ERROR_M,13,176,2.038000000000011,7.11200000000008,1,2.0
122,ERROR_M,13,177,1.9579999999998563,7.902000000000044,0,2.0
122,ERROR_M,13,178,1.8479999999999563,8.180000000000064,0,2.0
122,ERROR_M,13,179,2.4139999999999873,14.827999999999975,1,2.0
122,ERROR_M,13,180,1.9380000000001019,8.653999999999996,0,2.0
122,ERROR_M,13,181,2.240000000000009,11.447999999999865,1,2.0
122,ERROR_M,13,182,1.7360000000001037,8.3599999999999,0,2.0
122,ERROR_M,13,183,2.206000000000131,9.86999999999989,1,2.0
122,ERROR_M,13,184,1.7940000000000964,54.97199999999998,0,2.0
122,ERROR_M,13,185,2.1979999999998654,35.577999999999975,1,2.0
122,ERROR_M,13,186,1.6440000000000055,5.490000000000009,0,2.0
122,ERROR_M,13,187,2.0540000000000873,9.79600000000005,1,2.0
122,ERROR_M,13,188,2.1539999999999964,7.192000000000007,1,2.0
122,ERROR_M,13,189,1.7259999999998854,5.800000000000182,0,2.0
122,ERROR_M,13,190,1.759999999999991,7.273999999999887,0,2.0
122,ERROR_M,13,191,1.6959999999999127,2.938000000000102,0,2.0
122,ERROR_M,13,192,1.9860000000001037,5.273999999999887,0,2.0
122,ERROR_M,13,193,1.9980000000000473,6.682000000000016,0,2.0
122,ERROR_M,13,194,1.7719999999999345,8.097999999999956,0,2.0
122,ERROR_M,13,195,2.3360000000000127,8.294000000000096,1,2.0
122,ERROR_M,13,196,2.076000000000022,3.765999999999849,1,2.0
122,ERROR_M,13,197,1.8659999999999854,5.716000000000122,0,2.0
122,ERROR_M,13,198,2.061999999999898,8.049999999999955,1,2.0
122,ERROR_M,13,199,2.3020000000001346,4.773999999999887,1,2.0
122,ERROR_M,13,200,1.9920000000001892,6.1440000000000055,0,2.0
122,ERROR_M,13,201,2.2799999999999727,8.805999999999813,1,2.0
122,ERROR_M,13,202,2.11200000000008,4.476000000000113,1,2.0
122,ERROR_M,13,203,1.8299999999999272,9.655999999999949,0,2.0
122,ERROR_M,13,204,1.8659999999999854,3.0420000000001437,0,2.0
122,ERROR_M,13,205,2.0299999999999727,5.162000000000035,1,2.0
122,ERROR_M,13,206,0.09399999999982356,0.08400000000006003,0,2.0
122,ERROR_M,13,207,0.13400000000001455,10.268000000000029,0,2.0
122,ERROR_M,13,208,2.231999999999971,6.044000000000096,1,2.0
122,ERROR_M,13,209,1.6479999999999109,2.849999999999909,0,2.0
122,ERROR_M,13,210,2.214000000000169,6.535999999999831,1,2.0
122,ERROR_M,13,211,2.1480000000001382,7.263999999999896,1,2.0
122,ERROR_M,13,212,1.4480000000000928,9.853999999999814,0,2.0
122,ERROR_M,13,213,2.117999999999938,7.8100000000004,1,2.0
122,ERROR_M,13,214,2.069999999999709,5.66800000000012,1,2.0
122,ERROR_M,13,215,2.0520000000001346,7.907999999999902,1,2.0
122,ERROR_M,13,216,2.1159999999999854,11.416000000000167,1,2.0
122,ERROR_M,13,217,1.9679999999998472,3.0099999999997635,0,2.0
122,ERROR_M,13,218,1.5220000000003893,6.783999999999651,0,2.0
122,ERROR_M,13,219,2.150000000000091,9.235999999999876,1,2.0
122,ERROR_M,13,220,2.1780000000003383,4.975999999999658,1,2.0
122,ERROR_M,13,221,2.1080000000001746,4.175999999999931,1,2.0
122,ERROR_M,13,222,2.0900000000001455,6.165999999999713,1,2.0
122,ERROR_M,13,223,1.9720000000002074,7.045999999999822,0,2.0
122,ERROR_M,13,224,2.0220000000003893,8.1899999999996,1,2.0
122,ERROR_M,13,225,2.1159999999999854,7.554000000000087,1,2.0
122,ERROR_M,13,226,1.9280000000003383,8.651999999999589,0,2.0
122,ERROR_M,13,227,1.5480000000002292,5.902000000000044,0,2.0
122,ERROR_M,13,228,2.4739999999997053,5.190000000000055,1,2.0
122,ERROR_M,13,229,2.211999999999989,9.152000000000044,1,2.0
122,ERROR_M,13,230,2.380000000000109,4.976000000000113,1,2.0
122,ERROR_M,13,231,2.449999999999818,2.7040000000001783,1,2.0
122,ERROR_M,13,232,1.9839999999999236,7.204000000000178,0,2.0
122,ERROR_M,13,233,2.243999999999687,46.33400000000029,1,2.0
122,ERROR_M,13,234,2.3799999999996544,8.75,1,2.0
122,ERROR_M,13,235,2.36200000000008,5.010000000000218,1,2.0
122,ERROR_M,13,236,2.6839999999997417,6.222000000000207,1,2.0
122,ERROR_M,13,237,2.375999999999749,8.554000000000087,1,2.0
122,ERROR_M,13,238,2.7539999999999054,66.56800000000021,1,2.0
122,ERROR_M,13,239,1.1059999999997672,113.31600000000026,0,2.0
122,ERROR_M,13,240,1.6619999999998072,49.2180000000003,0,2.0
122,ERROR_M,13,241,1.0199999999999818,34.5619999999999,0,2.0
122,ERROR_M,13,242,1.7019999999997708,10.680000000000291,0,2.0
122,ERROR_M,13,243,1.5279999999997926,5.4659999999998945,0,2.0
122,ERROR_M,13,244,1.5,4.8960000000001855,0,2.0
122,ERROR_M,13,245,1.9760000000001128,5.589999999999691,0,2.0
122,ERROR_M,13,246,2.5600000000004,7.783999999999651,1,2.0
122,ERROR_M,13,247,1.8540000000002692,8.748000000000047,0,2.0
122,ERROR_M,13,248,0.8599999999996726,0.022000000000389264,0,2.0
122,ERROR_M,13,249,0.30599999999958527,22.370000000000346,0,2.0
122,ERROR_M,13,250,2.717999999999847,8.226000000000113,1,2.0
122,ERROR_M,13,251,2.518000000000029,8.185999999999694,1,2.0
122,ERROR_M,13,252,1.9020000000000437,6.789999999999964,0,2.0
122,ERROR_M,13,253,2.2760000000002947,8.307999999999993,1,2.0
122,ERROR_M,13,254,2.031999999999698,9.18600000000015,1,2.0
122,ERROR_M,13,255,0.5199999999999818,0.046000000000276486,0,2.0
122,ERROR_M,13,256,0.7419999999997344,15.445999999999913,0,2.0
122,ERROR_M,13,257,2.506000000000313,4.9220000000000255,1,2.0
122,ERROR_M,13,258,1.8299999999999272,4.253999999999905,0,2.0
122,ERROR_M,13,259,2.8179999999997563,8.536000000000058,1,2.0
122,ERROR_M,13,260,2.218000000000302,11.521999999999935,1,2.0
122,ERROR_M,13,261,2.605999999999767,4.961999999999989,1,2.0
122,ERROR_M,13,262,2.4840000000003783,7.505999999999858,1,2.0
122,ERROR_M,13,263,2.4020000000000437,146.14399999999978,1,2.0
122,ERROR_M,13,264,1.900000000000091,6.235999999999876,0,2.0
122,ERROR_M,13,265,1.8460000000000036,19.784000000000106,0,2.0
122,ERROR_M,13,266,2.007999999999811,8.5600000000004,1,2.0
122,ERROR_M,13,267,1.8219999999996617,5.440000000000055,0,2.0
122,ERROR_M,13,268,2.061999999999898,,1,2.0
