File: C:\MED-PC IV\Data\Aila\AN\AN0020.999


Start Date: 03/15/19
End Date: 03/15/19
Subject: 20
Experiment: AN
Group: PilotoAumentoCriterioExp
Box: 4
Start Time: 17:55:29
End Time: 18:42:44
MSN: DRRD_long_exp
C:       0.000
F:       0.000
G:       0.000
H:       0.000
I:       0.000
J:       0.000
K:      54.000
L:       0.000
M:       0.000
N:       0.000
O:       0.000
P:       0.000
Q:       0.000
R:       0.000
S:       0.000
U:   14472.000
V:       0.000
W:       0.000
X:       0.000
Y:       1.000
Z:       0.000
A:
     0:     3000.011        0.000        0.000        0.000        0.000
     5:        0.000        0.000        0.000        0.000        0.000
    10:        0.000        0.000        0.000        0.000        0.000
    15:        0.000        0.000        0.000        0.000        0.000
    20:        0.000        0.000        0.000        0.000        0.000
    25:        0.000        0.000        0.000        0.000        0.000
    30:        0.000        0.000        0.000        0.000        0.000
    35:        0.000        0.000        0.000        0.000        0.000
    40:        0.000        0.000        0.000        0.000        0.000
    45:        0.000        0.000        0.000        0.000        0.000
    50:        0.000        0.000        0.000        0.000        0.000
    55:        0.000        0.000        0.000        0.000        0.000
    60:        0.000        0.000        0.000        0.000        0.000
    65:        0.000        0.000        0.000        0.000        0.000
    70:        0.000        0.000        0.000        0.000        0.000
    75:        0.000        0.000        0.000        0.000        0.000
    80:        0.000        0.000        0.000        0.000        0.000
    85:        0.000        0.000        0.000        0.000        0.000
    90:        0.000        0.000        0.000        0.000        0.000
    95:        0.000        0.000        0.000        0.000        0.000
   100:        0.000        0.000        0.000        0.000        0.000
   105:        0.000        0.000        0.000        0.000        0.000
   110:        0.000        0.000        0.000        0.000        0.000
   115:        0.000        0.000        0.000        0.000        0.000
   120:        0.000        0.000        0.000        0.000        0.000
   125:        0.000        0.000        0.000        0.000        0.000
   130:        0.000        0.000        0.000        0.000        0.000
   135:        0.000        0.000        0.000        0.000        0.000
   140:        0.000        0.000        0.000        0.000        0.000
   145:        0.000        0.000        0.000        0.000        0.000
   150:        0.000        0.000        0.000        0.000        0.000
   155:        0.000        0.000        0.000        0.000        0.000
   160:        0.000        0.000        0.000        0.000        0.000
   165:        0.000        0.000        0.000        0.000        0.000
   170:        0.000        0.000        0.000        0.000        0.000
   175:        0.000        0.000        0.000        0.000        0.000
   180:        0.000        0.000        0.000        0.000        0.000
   185:        0.000        0.000        0.000        0.000        0.000
   190:        0.000        0.000        0.000        0.000        0.000
   195:        0.000        0.000        0.000        0.000        0.000
   200:        0.000        0.000        0.000        0.000        0.000
   205:        0.000        0.000        0.000        0.000        0.000
   210:        0.000        0.000        0.000        0.000        0.000
   215:        0.000        0.000        0.000        0.000        0.000
   220:        0.000        0.000        0.000        0.000        0.000
   225:        0.000        0.000        0.000        0.000        0.000
   230:        0.000        0.000        0.000        0.000        0.000
   235:        0.000        0.000        0.000        0.000        0.000
   240:        0.000        0.000        0.000        0.000        0.000
   245:        0.000        0.000        0.000        0.000        0.000
   250:        0.000        0.000        0.000        0.000        0.000
   255:        0.000        0.000        0.000        0.000        0.000
   260:        0.000        0.000        0.000        0.000        0.000
   265:        0.000        0.000        0.000        0.000        0.000
   270:        0.000        0.000        0.000        0.000        0.000
   275:        0.000        0.000        0.000        0.000        0.000
   280:        0.000        0.000        0.000        0.000        0.000
   285:        0.000        0.000        0.000        0.000        0.000
   290:        0.000        0.000        0.000        0.000        0.000
   295:        0.000        0.000        0.000        0.000        0.000
   300:        0.000        0.000        0.000        0.000        0.000
   305:        0.000        0.000        0.000        0.000        0.000
   310:        0.000        0.000        0.000        0.000        0.000
   315:        0.000        0.000        0.000        0.000        0.000
   320:        0.000        0.000        0.000        0.000        0.000
   325:        0.000        0.000        0.000        0.000        0.000
   330:        0.000        0.000        0.000        0.000        0.000
   335:        0.000        0.000        0.000        0.000        0.000
   340:        0.000        0.000        0.000        0.000        0.000
   345:        0.000        0.000        0.000        0.000        0.000
   350:        0.000        0.000        0.000        0.000        0.000
   355:        0.000        0.000        0.000        0.000        0.000
   360:        0.000        0.000        0.000        0.000        0.000
   365:        0.000        0.000        0.000        0.000        0.000
   370:        0.000        0.000        0.000        0.000        0.000
   375:        0.000        0.000        0.000        0.000        0.000
   380:        0.000        0.000        0.000        0.000        0.000
   385:        0.000        0.000        0.000        0.000        0.000
   390:        0.000        0.000        0.000        0.000        0.000
   395:        0.000        0.000        0.000        0.000        0.000
   400:        0.000        0.000        0.000        0.000        0.000
   405:        0.000        0.000        0.000        0.000        0.000
   410:        0.000        0.000        0.000        0.000        0.000
   415:        0.000        0.000        0.000        0.000        0.000
   420:        0.000        0.000        0.000        0.000        0.000
   425:        0.000        0.000        0.000        0.000        0.000
   430:        0.000        0.000        0.000        0.000        0.000
   435:        0.000        0.000        0.000        0.000        0.000
   440:        0.000        0.000        0.000        0.000        0.000
   445:        0.000        0.000        0.000        0.000        0.000
   450:        0.000        0.000        0.000        0.000        0.000
   455:        0.000        0.000        0.000        0.000        0.000
   460:        0.000        0.000        0.000        0.000        0.000
   465:        0.000        0.000        0.000        0.000        0.000
   470:        0.000        0.000        0.000        0.000        0.000
   475:        0.000        0.000        0.000        0.000        0.000
   480:        0.000        0.000        0.000        0.000        0.000
   485:        0.000        0.000        0.000        0.000        0.000
   490:        0.000        0.000        0.000        0.000        0.000
   495:        0.000        0.000        0.000        0.000        0.000
   500:        0.000        0.000        0.000        0.000        0.000
   505:        0.000        0.000        0.000        0.000        0.000
   510:        0.000        0.000        0.000        0.000        0.000
   515:        0.000        0.000        0.000        0.000        0.000
   520:        0.000        0.000        0.000        0.000        0.000
   525:        0.000        0.000        0.000        0.000        0.000
   530:        0.000        0.000        0.000        0.000        0.000
   535:        0.000        0.000        0.000        0.000        0.000
   540:        0.000        0.000        0.000        0.000        0.000
   545:        0.000        0.000        0.000        0.000        0.000
   550:        0.000        0.000        0.000        0.000        0.000
   555:        0.000        0.000        0.000        0.000        0.000
   560:        0.000        0.000        0.000        0.000        0.000
   565:        0.000        0.000        0.000        0.000        0.000
   570:        0.000        0.000        0.000        0.000        0.000
   575:        0.000        0.000        0.000        0.000        0.000
   580:        0.000        0.000        0.000        0.000        0.000
   585:        0.000        0.000        0.000        0.000        0.000
   590:        0.000        0.000        0.000        0.000        0.000
   595:        0.000        0.000        0.000        0.000        0.000
   600:        0.000        0.000        0.000        0.000        0.000
   605:        0.000        0.000        0.000        0.000        0.000
   610:        0.000        0.000        0.000        0.000        0.000
   615:        0.000        0.000        0.000        0.000        0.000
   620:        0.000        0.000        0.000        0.000        0.000
   625:        0.000        0.000        0.000        0.000        0.000
   630:        0.000        0.000        0.000        0.000        0.000
   635:        0.000        0.000        0.000        0.000        0.000
   640:        0.000        0.000        0.000        0.000        0.000
   645:        0.000        0.000        0.000        0.000        0.000
   650:        0.000        0.000        0.000        0.000        0.000
   655:        0.000        0.000        0.000        0.000        0.000
   660:        0.000        0.000        0.000        0.000        0.000
   665:        0.000        0.000        0.000        0.000        0.000
   670:        0.000        0.000        0.000        0.000        0.000
   675:        0.000        0.000        0.000        0.000        0.000
   680:        0.000        0.000        0.000        0.000        0.000
   685:        0.000        0.000        0.000        0.000        0.000
   690:        0.000        0.000        0.000        0.000        0.000
   695:        0.000        0.000        0.000        0.000        0.000
   700:        0.000        0.000        0.000        0.000        0.000
   705:        0.000        0.000        0.000        0.000        0.000
   710:        0.000        0.000        0.000        0.000        0.000
   715:        0.000        0.000        0.000        0.000        0.000
   720:        0.000        0.000        0.000        0.000        0.000
   725:        0.000        0.000        0.000        0.000        0.000
   730:        0.000        0.000        0.000        0.000        0.000
   735:        0.000        0.000        0.000        0.000        0.000
   740:        0.000        0.000        0.000        0.000        0.000
   745:        0.000        0.000        0.000        0.000        0.000
   750:        0.000        0.000        0.000        0.000        0.000
   755:        0.000        0.000        0.000        0.000        0.000
   760:        0.000        0.000        0.000        0.000        0.000
   765:        0.000        0.000        0.000        0.000        0.000
   770:        0.000        0.000        0.000        0.000        0.000
   775:        0.000        0.000        0.000        0.000        0.000
   780:        0.000        0.000        0.000        0.000        0.000
   785:        0.000        0.000        0.000        0.000        0.000
   790:        0.000        0.000        0.000        0.000        0.000
   795:        0.000        0.000        0.000        0.000        0.000
   800:        0.000        0.000        0.000        0.000        0.000
   805:        0.000        0.000        0.000        0.000        0.000
   810:        0.000        0.000        0.000        0.000        0.000
   815:        0.000        0.000        0.000        0.000        0.000
   820:        0.000        0.000        0.000        0.000        0.000
   825:        0.000        0.000        0.000        0.000        0.000
   830:        0.000        0.000        0.000        0.000        0.000
   835:        0.000        0.000        0.000        0.000        0.000
   840:        0.000        0.000        0.000        0.000        0.000
   845:        0.000        0.000        0.000        0.000        0.000
   850:        0.000        0.000        0.000        0.000        0.000
   855:        0.000        0.000        0.000        0.000        0.000
   860:        0.000        0.000        0.000        0.000        0.000
   865:        0.000        0.000        0.000        0.000        0.000
   870:        0.000        0.000        0.000        0.000        0.000
   875:        0.000        0.000        0.000        0.000        0.000
   880:        0.000        0.000        0.000        0.000        0.000
   885:        0.000        0.000        0.000        0.000        0.000
   890:        0.000        0.000        0.000        0.000        0.000
   895:        0.000        0.000        0.000        0.000        0.000
   900:        0.000        0.000        0.000        0.000        0.000
   905:        0.000        0.000        0.000        0.000        0.000
   910:        0.000        0.000        0.000        0.000        0.000
   915:        0.000        0.000        0.000        0.000        0.000
   920:        0.000        0.000        0.000        0.000        0.000
   925:        0.000        0.000        0.000        0.000        0.000
   930:        0.000        0.000        0.000        0.000        0.000
   935:        0.000        0.000        0.000        0.000        0.000
   940:        0.000        0.000        0.000        0.000        0.000
   945:        0.000        0.000        0.000        0.000        0.000
   950:        0.000        0.000        0.000        0.000        0.000
   955:        0.000        0.000        0.000        0.000        0.000
   960:        0.000        0.000        0.000        0.000        0.000
   965:        0.000        0.000        0.000        0.000        0.000
   970:        0.000        0.000        0.000        0.000        0.000
   975:        0.000        0.000        0.000        0.000        0.000
   980:        0.000        0.000        0.000        0.000        0.000
   985:        0.000        0.000        0.000        0.000        0.000
   990:        0.000        0.000        0.000        0.000        0.000
   995:        0.000        0.000        0.000        0.000        0.000
  1000:        0.000        0.000        0.000        0.000        0.000
  1005:        0.000        0.000        0.000        0.000        0.000
  1010:        0.000        0.000        0.000        0.000        0.000
  1015:        0.000        0.000        0.000        0.000        0.000
  1020:        0.000        0.000        0.000        0.000        0.000
  1025:        0.000        0.000        0.000        0.000        0.000
  1030:        0.000        0.000        0.000        0.000        0.000
  1035:        0.000        0.000        0.000        0.000        0.000
  1040:        0.000        0.000        0.000        0.000        0.000
  1045:        0.000        0.000        0.000        0.000        0.000
  1050:        0.000        0.000        0.000        0.000        0.000
  1055:        0.000        0.000        0.000        0.000        0.000
  1060:        0.000        0.000        0.000        0.000        0.000
  1065:        0.000        0.000        0.000        0.000        0.000
  1070:        0.000        0.000        0.000        0.000        0.000
  1075:        0.000        0.000        0.000        0.000        0.000
  1080:        0.000        0.000        0.000        0.000        0.000
  1085:        0.000        0.000        0.000        0.000        0.000
  1090:        0.000        0.000        0.000        0.000        0.000
  1095:        0.000        0.000        0.000        0.000        0.000
  1100:        0.000        0.000        0.000        0.000        0.000
  1105:        0.000        0.000        0.000        0.000        0.000
  1110:        0.000        0.000        0.000        0.000        0.000
  1115:        0.000        0.000        0.000        0.000        0.000
  1120:        0.000        0.000        0.000        0.000        0.000
  1125:        0.000        0.000        0.000        0.000        0.000
  1130:        0.000        0.000        0.000        0.000        0.000
  1135:        0.000        0.000        0.000        0.000        0.000
  1140:        0.000        0.000        0.000        0.000        0.000
  1145:        0.000        0.000        0.000        0.000        0.000
  1150:        0.000        0.000        0.000        0.000        0.000
  1155:        0.000        0.000        0.000        0.000        0.000
  1160:        0.000        0.000        0.000        0.000        0.000
  1165:        0.000        0.000        0.000        0.000        0.000
  1170:        0.000        0.000        0.000        0.000        0.000
  1175:        0.000        0.000        0.000        0.000        0.000
  1180:        0.000        0.000        0.000        0.000        0.000
  1185:        0.000        0.000        0.000        0.000        0.000
  1190:        0.000        0.000        0.000        0.000        0.000
  1195:        0.000        0.000        0.000        0.000        0.000
  1200:        0.000        0.000        0.000        0.000        0.000
  1205:        0.000        0.000        0.000        0.000        0.000
  1210:        0.000        0.000        0.000        0.000        0.000
  1215:        0.000        0.000        0.000        0.000        0.000
  1220:        0.000        0.000        0.000        0.000        0.000
  1225:        0.000        0.000        0.000        0.000        0.000
  1230:        0.000        0.000        0.000        0.000        0.000
  1235:        0.000        0.000        0.000        0.000        0.000
  1240:        0.000        0.000        0.000        0.000        0.000
  1245:        0.000        0.000        0.000        0.000        0.000
  1250:        0.000        0.000        0.000        0.000        0.000
  1255:        0.000        0.000        0.000        0.000        0.000
  1260:        0.000        0.000        0.000        0.000        0.000
  1265:        0.000        0.000        0.000        0.000        0.000
  1270:        0.000        0.000        0.000        0.000        0.000
  1275:        0.000        0.000        0.000        0.000        0.000
  1280:        0.000        0.000        0.000        0.000        0.000
  1285:        0.000        0.000        0.000        0.000        0.000
  1290:        0.000        0.000        0.000        0.000        0.000
  1295:        0.000        0.000        0.000        0.000        0.000
  1300:        0.000        0.000        0.000        0.000        0.000
  1305:        0.000        0.000        0.000        0.000        0.000
  1310:        0.000        0.000        0.000        0.000        0.000
  1315:        0.000        0.000        0.000        0.000        0.000
  1320:        0.000        0.000        0.000        0.000        0.000
  1325:        0.000        0.000        0.000        0.000        0.000
  1330:        0.000        0.000        0.000        0.000        0.000
  1335:        0.000        0.000        0.000        0.000        0.000
  1340:        0.000        0.000        0.000        0.000        0.000
  1345:        0.000        0.000        0.000        0.000        0.000
  1350:        0.000        0.000        0.000        0.000        0.000
  1355:        0.000        0.000        0.000        0.000        0.000
  1360:        0.000        0.000        0.000        0.000        0.000
  1365:        0.000        0.000        0.000        0.000        0.000
  1370:        0.000        0.000        0.000        0.000        0.000
  1375:        0.000        0.000        0.000        0.000        0.000
  1380:        0.000        0.000        0.000        0.000        0.000
  1385:        0.000        0.000        0.000        0.000        0.000
  1390:        0.000        0.000        0.000        0.000        0.000
  1395:        0.000        0.000        0.000        0.000        0.000
  1400:        0.000        0.000        0.000        0.000        0.000
  1405:        0.000        0.000        0.000        0.000        0.000
  1410:        0.000        0.000        0.000        0.000        0.000
  1415:        0.000        0.000        0.000        0.000        0.000
  1420:        0.000        0.000        0.000        0.000        0.000
  1425:        0.000        0.000        0.000        0.000        0.000
  1430:        0.000        0.000        0.000        0.000        0.000
  1435:        0.000        0.000        0.000        0.000        0.000
  1440:        0.000        0.000        0.000        0.000        0.000
  1445:        0.000        0.000        0.000        0.000        0.000
  1450:        0.000        0.000        0.000        0.000        0.000
  1455:        0.000        0.000        0.000        0.000        0.000
  1460:        0.000        0.000        0.000        0.000        0.000
  1465:        0.000        0.000        0.000        0.000        0.000
  1470:        0.000        0.000        0.000        0.000        0.000
  1475:        0.000        0.000        0.000        0.000        0.000
  1480:        0.000        0.000        0.000        0.000        0.000
  1485:        0.000        0.000        0.000        0.000        0.000
  1490:        0.000        0.000        0.000        0.000        0.000
  1495:        0.000        0.000        0.000        0.000        0.000
  1500:        0.000        0.000        0.000        0.000        0.000
  1505:        0.000        0.000        0.000        0.000        0.000
  1510:        0.000        0.000        0.000        0.000        0.000
  1515:        0.000        0.000        0.000        0.000        0.000
  1520:        0.000        0.000        0.000        0.000        0.000
  1525:        0.000        0.000        0.000        0.000        0.000
  1530:        0.000        0.000        0.000        0.000        0.000
  1535:        0.000        0.000        0.000        0.000        0.000
  1540:        0.000        0.000        0.000        0.000        0.000
  1545:        0.000        0.000        0.000        0.000        0.000
  1550:        0.000        0.000        0.000        0.000        0.000
  1555:        0.000        0.000        0.000        0.000        0.000
  1560:        0.000        0.000        0.000        0.000        0.000
  1565:        0.000        0.000        0.000        0.000        0.000
  1570:        0.000        0.000        0.000        0.000        0.000
  1575:        0.000        0.000        0.000        0.000        0.000
  1580:        0.000        0.000        0.000        0.000        0.000
  1585:        0.000        0.000        0.000        0.000        0.000
  1590:        0.000        0.000        0.000        0.000        0.000
  1595:        0.000        0.000        0.000        0.000        0.000
  1600:        0.000        0.000        0.000        0.000        0.000
  1605:        0.000        0.000        0.000        0.000        0.000
  1610:        0.000        0.000        0.000        0.000        0.000
  1615:        0.000        0.000        0.000        0.000        0.000
  1620:        0.000        0.000        0.000        0.000        0.000
  1625:        0.000        0.000        0.000        0.000        0.000
  1630:        0.000        0.000        0.000        0.000        0.000
  1635:        0.000        0.000        0.000        0.000        0.000
  1640:        0.000        0.000        0.000        0.000        0.000
  1645:        0.000        0.000        0.000        0.000        0.000
  1650:        0.000        0.000        0.000        0.000        0.000
  1655:        0.000        0.000        0.000        0.000        0.000
  1660:        0.000        0.000        0.000        0.000        0.000
  1665:        0.000        0.000        0.000        0.000        0.000
  1670:        0.000        0.000        0.000        0.000        0.000
  1675:        0.000        0.000        0.000        0.000        0.000
  1680:        0.000        0.000        0.000        0.000        0.000
  1685:        0.000        0.000        0.000        0.000        0.000
  1690:        0.000        0.000        0.000        0.000        0.000
  1695:        0.000        0.000        0.000        0.000        0.000
  1700:        0.000        0.000        0.000        0.000        0.000
  1705:        0.000        0.000        0.000        0.000        0.000
  1710:        0.000        0.000        0.000        0.000        0.000
  1715:        0.000        0.000        0.000        0.000        0.000
  1720:        0.000        0.000        0.000        0.000        0.000
  1725:        0.000        0.000        0.000        0.000        0.000
  1730:        0.000        0.000        0.000        0.000        0.000
  1735:        0.000        0.000        0.000        0.000        0.000
  1740:        0.000        0.000        0.000        0.000        0.000
  1745:        0.000        0.000        0.000        0.000        0.000
  1750:        0.000        0.000        0.000        0.000        0.000
  1755:        0.000        0.000        0.000        0.000        0.000
  1760:        0.000        0.000        0.000        0.000        0.000
  1765:        0.000        0.000        0.000        0.000        0.000
  1770:        0.000        0.000        0.000        0.000        0.000
  1775:        0.000        0.000        0.000        0.000        0.000
  1780:        0.000        0.000        0.000        0.000        0.000
  1785:        0.000        0.000        0.000        0.000        0.000
  1790:        0.000        0.000        0.000        0.000        0.000
  1795:        0.000        0.000        0.000        0.000        0.000
  1800:        0.000        0.000        0.000        0.000        0.000
  1805:        0.000        0.000        0.000        0.000        0.000
  1810:        0.000        0.000        0.000        0.000        0.000
  1815:        0.000        0.000        0.000        0.000        0.000
  1820:        0.000        0.000        0.000        0.000        0.000
  1825:        0.000        0.000        0.000        0.000        0.000
  1830:        0.000        0.000        0.000        0.000        0.000
  1835:        0.000        0.000        0.000        0.000        0.000
  1840:        0.000        0.000        0.000        0.000        0.000
  1845:        0.000        0.000        0.000        0.000        0.000
  1850:        0.000        0.000        0.000        0.000        0.000
  1855:        0.000        0.000        0.000        0.000        0.000
  1860:        0.000        0.000        0.000        0.000        0.000
  1865:        0.000        0.000        0.000        0.000        0.000
  1870:        0.000        0.000        0.000        0.000        0.000
  1875:        0.000        0.000        0.000        0.000        0.000
  1880:        0.000        0.000        0.000        0.000        0.000
  1885:        0.000        0.000        0.000        0.000        0.000
  1890:        0.000        0.000        0.000        0.000        0.000
  1895:        0.000        0.000        0.000        0.000        0.000
  1900:        0.000        0.000        0.000        0.000        0.000
  1905:        0.000        0.000        0.000        0.000        0.000
  1910:        0.000        0.000        0.000        0.000        0.000
  1915:        0.000        0.000        0.000        0.000        0.000
  1920:        0.000        0.000        0.000        0.000        0.000
  1925:        0.000        0.000        0.000        0.000        0.000
  1930:        0.000        0.000        0.000        0.000        0.000
  1935:        0.000        0.000        0.000        0.000        0.000
  1940:        0.000        0.000        0.000        0.000        0.000
  1945:        0.000        0.000        0.000        0.000        0.000
  1950:        0.000        0.000        0.000        0.000        0.000
  1955:        0.000        0.000        0.000        0.000        0.000
  1960:        0.000        0.000        0.000        0.000        0.000
  1965:        0.000        0.000        0.000        0.000        0.000
  1970:        0.000        0.000        0.000        0.000        0.000
  1975:        0.000        0.000        0.000        0.000        0.000
  1980:        0.000        0.000        0.000        0.000        0.000
  1985:        0.000        0.000        0.000        0.000        0.000
  1990:        0.000        0.000        0.000        0.000        0.000
  1995:        0.000        0.000        0.000        0.000        0.000
  2000:        0.000        0.000        0.000        0.000        0.000
  2005:        0.000        0.000        0.000        0.000        0.000
  2010:        0.000        0.000        0.000        0.000        0.000
  2015:        0.000        0.000        0.000        0.000        0.000
  2020:        0.000        0.000        0.000        0.000        0.000
  2025:        0.000        0.000        0.000        0.000        0.000
  2030:        0.000        0.000        0.000        0.000        0.000
  2035:        0.000        0.000        0.000        0.000        0.000
  2040:        0.000        0.000        0.000        0.000        0.000
  2045:        0.000        0.000        0.000        0.000        0.000
  2050:        0.000        0.000        0.000        0.000        0.000
  2055:        0.000        0.000        0.000        0.000        0.000
  2060:        0.000        0.000        0.000        0.000        0.000
  2065:        0.000        0.000        0.000        0.000        0.000
  2070:        0.000        0.000        0.000        0.000        0.000
  2075:        0.000        0.000        0.000        0.000        0.000
  2080:        0.000        0.000        0.000        0.000        0.000
  2085:        0.000        0.000        0.000        0.000        0.000
  2090:        0.000        0.000        0.000        0.000        0.000
  2095:        0.000        0.000        0.000        0.000        0.000
  2100:        0.000        0.000        0.000        0.000        0.000
  2105:        0.000        0.000        0.000        0.000        0.000
  2110:        0.000        0.000        0.000        0.000        0.000
  2115:        0.000        0.000        0.000        0.000        0.000
  2120:        0.000        0.000        0.000        0.000        0.000
  2125:        0.000        0.000        0.000        0.000        0.000
  2130:        0.000        0.000        0.000        0.000        0.000
  2135:        0.000        0.000        0.000        0.000        0.000
  2140:        0.000        0.000        0.000        0.000        0.000
  2145:        0.000        0.000        0.000        0.000        0.000
  2150:        0.000        0.000        0.000        0.000        0.000
  2155:        0.000        0.000        0.000        0.000        0.000
  2160:        0.000        0.000        0.000        0.000        0.000
  2165:        0.000        0.000        0.000        0.000        0.000
  2170:        0.000        0.000        0.000        0.000        0.000
  2175:        0.000        0.000        0.000        0.000        0.000
  2180:        0.000        0.000        0.000        0.000        0.000
  2185:        0.000        0.000        0.000        0.000        0.000
  2190:        0.000        0.000        0.000        0.000        0.000
  2195:        0.000        0.000        0.000        0.000        0.000
  2200:        0.000        0.000        0.000        0.000        0.000
  2205:        0.000        0.000        0.000        0.000        0.000
  2210:        0.000        0.000        0.000        0.000        0.000
  2215:        0.000        0.000        0.000        0.000        0.000
  2220:        0.000        0.000        0.000        0.000        0.000
  2225:        0.000        0.000        0.000        0.000        0.000
  2230:        0.000        0.000        0.000        0.000        0.000
  2235:        0.000        0.000        0.000        0.000        0.000
  2240:        0.000        0.000        0.000        0.000        0.000
  2245:        0.000        0.000        0.000        0.000        0.000
  2250:        0.000        0.000        0.000        0.000        0.000
  2255:        0.000        0.000        0.000        0.000        0.000
  2260:        0.000        0.000        0.000        0.000        0.000
  2265:        0.000        0.000        0.000        0.000        0.000
  2270:        0.000        0.000        0.000        0.000        0.000
  2275:        0.000        0.000        0.000        0.000        0.000
  2280:        0.000        0.000        0.000        0.000        0.000
  2285:        0.000        0.000        0.000        0.000        0.000
  2290:        0.000        0.000        0.000        0.000        0.000
  2295:        0.000        0.000        0.000        0.000        0.000
  2300:        0.000        0.000        0.000        0.000        0.000
  2305:        0.000        0.000        0.000        0.000        0.000
  2310:        0.000        0.000        0.000        0.000        0.000
  2315:        0.000        0.000        0.000        0.000        0.000
  2320:        0.000        0.000        0.000        0.000        0.000
  2325:        0.000        0.000        0.000        0.000        0.000
  2330:        0.000        0.000        0.000        0.000        0.000
  2335:        0.000        0.000        0.000        0.000        0.000
  2340:        0.000        0.000        0.000        0.000        0.000
  2345:        0.000        0.000        0.000        0.000        0.000
  2350:        0.000        0.000        0.000        0.000        0.000
  2355:        0.000        0.000        0.000        0.000        0.000
  2360:        0.000        0.000        0.000        0.000        0.000
  2365:        0.000        0.000        0.000        0.000        0.000
  2370:        0.000        0.000        0.000        0.000        0.000
  2375:        0.000        0.000        0.000        0.000        0.000
  2380:        0.000        0.000        0.000        0.000        0.000
  2385:        0.000        0.000        0.000        0.000        0.000
  2390:        0.000        0.000        0.000        0.000        0.000
  2395:        0.000        0.000        0.000        0.000        0.000
  2400:        0.000        0.000        0.000        0.000        0.000
  2405:        0.000        0.000        0.000        0.000        0.000
  2410:        0.000        0.000        0.000        0.000        0.000
  2415:        0.000        0.000        0.000        0.000        0.000
  2420:        0.000        0.000        0.000        0.000        0.000
  2425:        0.000        0.000        0.000        0.000        0.000
  2430:        0.000        0.000        0.000        0.000        0.000
  2435:        0.000        0.000        0.000        0.000        0.000
  2440:        0.000        0.000        0.000        0.000        0.000
  2445:        0.000        0.000        0.000        0.000        0.000
  2450:        0.000        0.000        0.000        0.000        0.000
  2455:        0.000        0.000        0.000        0.000        0.000
  2460:        0.000        0.000        0.000        0.000        0.000
  2465:        0.000        0.000        0.000        0.000        0.000
  2470:        0.000        0.000        0.000        0.000        0.000
  2475:        0.000        0.000        0.000        0.000        0.000
  2480:        0.000        0.000        0.000        0.000        0.000
  2485:        0.000        0.000        0.000        0.000        0.000
  2490:        0.000        0.000        0.000        0.000        0.000
  2495:        0.000        0.000        0.000        0.000        0.000
  2500:        0.000        0.000        0.000        0.000        0.000
  2505:        0.000        0.000        0.000        0.000        0.000
  2510:        0.000        0.000        0.000        0.000        0.000
  2515:        0.000        0.000        0.000        0.000        0.000
  2520:        0.000        0.000        0.000        0.000        0.000
  2525:        0.000        0.000        0.000        0.000        0.000
  2530:        0.000        0.000        0.000        0.000        0.000
  2535:        0.000        0.000        0.000        0.000        0.000
  2540:        0.000        0.000        0.000        0.000        0.000
  2545:        0.000        0.000        0.000        0.000        0.000
  2550:        0.000        0.000        0.000        0.000        0.000
  2555:        0.000        0.000        0.000        0.000        0.000
  2560:        0.000        0.000        0.000        0.000        0.000
  2565:        0.000        0.000        0.000        0.000        0.000
  2570:        0.000        0.000        0.000        0.000        0.000
  2575:        0.000        0.000        0.000        0.000        0.000
  2580:        0.000        0.000        0.000        0.000        0.000
  2585:        0.000        0.000        0.000        0.000        0.000
  2590:        0.000        0.000        0.000        0.000        0.000
  2595:        0.000        0.000        0.000        0.000        0.000
  2600:        0.000        0.000        0.000        0.000        0.000
  2605:        0.000        0.000        0.000        0.000        0.000
  2610:        0.000        0.000        0.000        0.000        0.000
  2615:        0.000        0.000        0.000        0.000        0.000
  2620:        0.000        0.000        0.000        0.000        0.000
  2625:        0.000        0.000        0.000        0.000        0.000
  2630:        0.000        0.000        0.000        0.000        0.000
  2635:        0.000        0.000        0.000        0.000        0.000
  2640:        0.000        0.000        0.000        0.000        0.000
  2645:        0.000        0.000        0.000        0.000        0.000
  2650:        0.000        0.000        0.000        0.000        0.000
  2655:        0.000        0.000        0.000        0.000        0.000
  2660:        0.000        0.000        0.000        0.000        0.000
  2665:        0.000        0.000        0.000        0.000        0.000
  2670:        0.000        0.000        0.000        0.000        0.000
  2675:        0.000        0.000        0.000        0.000        0.000
  2680:        0.000        0.000        0.000        0.000        0.000
  2685:        0.000        0.000        0.000        0.000        0.000
  2690:        0.000        0.000        0.000        0.000        0.000
  2695:        0.000        0.000        0.000        0.000        0.000
  2700:        0.000        0.000        0.000        0.000        0.000
  2705:        0.000        0.000        0.000        0.000        0.000
  2710:        0.000        0.000        0.000        0.000        0.000
  2715:        0.000        0.000        0.000        0.000        0.000
  2720:        0.000        0.000        0.000        0.000        0.000
  2725:        0.000        0.000        0.000        0.000        0.000
  2730:        0.000        0.000        0.000        0.000        0.000
  2735:        0.000        0.000        0.000        0.000        0.000
  2740:        0.000        0.000        0.000        0.000        0.000
  2745:        0.000        0.000        0.000        0.000        0.000
  2750:        0.000        0.000        0.000        0.000        0.000
  2755:        0.000        0.000        0.000        0.000        0.000
  2760:        0.000        0.000        0.000        0.000        0.000
  2765:        0.000        0.000        0.000        0.000        0.000
  2770:        0.000        0.000        0.000        0.000        0.000
  2775:        0.000        0.000        0.000        0.000        0.000
  2780:        0.000        0.000        0.000        0.000        0.000
  2785:        0.000        0.000        0.000        0.000        0.000
  2790:        0.000        0.000        0.000        0.000        0.000
  2795:        0.000        0.000        0.000        0.000        0.000
  2800:        0.000        0.000        0.000        0.000        0.000
  2805:        0.000        0.000        0.000        0.000        0.000
  2810:        0.000        0.000        0.000        0.000        0.000
  2815:        0.000        0.000        0.000        0.000        0.000
  2820:        0.000        0.000        0.000        0.000        0.000
  2825:        0.000        0.000        0.000        0.000        0.000
  2830:        0.000        0.000        0.000        0.000        0.000
  2835:        0.000        0.000        0.000        0.000        0.000
  2840:        0.000        0.000        0.000        0.000        0.000
  2845:        0.000        0.000        0.000        0.000        0.000
  2850:        0.000        0.000        0.000        0.000        0.000
  2855:        0.000        0.000        0.000        0.000        0.000
  2860:        0.000        0.000        0.000        0.000        0.000
  2865:        0.000        0.000        0.000        0.000        0.000
  2870:        0.000        0.000        0.000        0.000        0.000
  2875:        0.000        0.000        0.000        0.000        0.000
  2880:        0.000        0.000        0.000        0.000        0.000
  2885:        0.000        0.000        0.000        0.000        0.000
  2890:        0.000        0.000        0.000        0.000        0.000
  2895:        0.000        0.000        0.000        0.000        0.000
  2900:        0.000        0.000        0.000        0.000        0.000
  2905:        0.000        0.000        0.000        0.000        0.000
  2910:        0.000        0.000        0.000        0.000        0.000
  2915:        0.000        0.000        0.000        0.000        0.000
  2920:        0.000        0.000        0.000        0.000        0.000
  2925:        0.000        0.000        0.000        0.000        0.000
  2930:        0.000        0.000        0.000        0.000        0.000
  2935:        0.000        0.000        0.000        0.000        0.000
  2940:        0.000        0.000        0.000        0.000        0.000
  2945:        0.000        0.000        0.000        0.000        0.000
  2950:        0.000        0.000        0.000        0.000        0.000
  2955:        0.000        0.000        0.000        0.000        0.000
  2960:        0.000        0.000        0.000        0.000        0.000
  2965:        0.000        0.000        0.000        0.000        0.000
  2970:        0.000        0.000        0.000        0.000        0.000
  2975:        0.000        0.000        0.000        0.000        0.000
  2980:        0.000        0.000        0.000        0.000        0.000
  2985:        0.000        0.000        0.000        0.000        0.000
  2990:        0.000        0.000        0.000        0.000        0.000
  2995:        0.000        0.000        0.000        0.000        0.000
  3000:        0.000        0.000        0.000        0.000        0.000
  3005:        0.000        0.000        0.000        0.000        0.000
  3010:        0.000        0.000        0.000        0.000        0.000
  3015:        0.000        0.000        0.000        0.000        0.000
  3020:        0.000        0.000        0.000        0.000        0.000
  3025:        0.000        0.000        0.000        0.000        0.000
  3030:        0.000        0.000        0.000        0.000        0.000
  3035:        0.000        0.000        0.000        0.000        0.000
  3040:        0.000        0.000        0.000        0.000        0.000
  3045:        0.000        0.000        0.000        0.000        0.000
  3050:        0.000        0.000        0.000        0.000        0.000
  3055:        0.000        0.000        0.000        0.000        0.000
  3060:        0.000        0.000        0.000        0.000        0.000
  3065:        0.000        0.000        0.000        0.000        0.000
  3070:        0.000        0.000        0.000        0.000        0.000
  3075:        0.000        0.000        0.000        0.000        0.000
  3080:        0.000        0.000        0.000        0.000        0.000
  3085:        0.000        0.000        0.000        0.000        0.000
  3090:        0.000        0.000        0.000        0.000        0.000
  3095:        0.000        0.000        0.000        0.000        0.000
  3100:        0.000        0.000        0.000        0.000        0.000
  3105:        0.000        0.000        0.000        0.000        0.000
  3110:        0.000        0.000        0.000        0.000        0.000
  3115:        0.000        0.000        0.000        0.000        0.000
  3120:        0.000        0.000        0.000        0.000        0.000
  3125:        0.000        0.000        0.000        0.000        0.000
  3130:        0.000        0.000        0.000        0.000        0.000
  3135:        0.000        0.000        0.000        0.000        0.000
  3140:        0.000        0.000        0.000        0.000        0.000
  3145:        0.000        0.000        0.000        0.000        0.000
  3150:        0.000        0.000        0.000        0.000        0.000
  3155:        0.000        0.000        0.000        0.000        0.000
  3160:        0.000        0.000        0.000        0.000        0.000
  3165:        0.000        0.000        0.000        0.000        0.000
  3170:        0.000        0.000        0.000        0.000        0.000
  3175:        0.000        0.000        0.000        0.000        0.000
  3180:        0.000        0.000        0.000        0.000        0.000
  3185:        0.000        0.000        0.000        0.000        0.000
  3190:        0.000        0.000        0.000        0.000        0.000
  3195:        0.000        0.000        0.000        0.000        0.000
  3200:        0.000        0.000        0.000        0.000        0.000
  3205:        0.000        0.000        0.000        0.000        0.000
  3210:        0.000        0.000        0.000        0.000        0.000
  3215:        0.000        0.000        0.000        0.000        0.000
  3220:        0.000        0.000        0.000        0.000        0.000
  3225:        0.000        0.000        0.000        0.000        0.000
  3230:        0.000        0.000        0.000        0.000        0.000
  3235:        0.000        0.000        0.000        0.000        0.000
  3240:        0.000        0.000        0.000        0.000        0.000
  3245:        0.000        0.000        0.000        0.000        0.000
  3250:        0.000        0.000        0.000        0.000        0.000
  3255:        0.000        0.000        0.000        0.000        0.000
  3260:        0.000        0.000        0.000        0.000        0.000
  3265:        0.000        0.000        0.000        0.000        0.000
  3270:        0.000        0.000        0.000        0.000        0.000
  3275:        0.000        0.000        0.000        0.000        0.000
  3280:        0.000        0.000        0.000        0.000        0.000
  3285:        0.000        0.000        0.000        0.000        0.000
  3290:        0.000        0.000        0.000        0.000        0.000
  3295:        0.000        0.000        0.000        0.000        0.000
  3300:        0.000        0.000        0.000        0.000        0.000
  3305:        0.000        0.000        0.000        0.000        0.000
  3310:        0.000        0.000        0.000        0.000        0.000
  3315:        0.000        0.000        0.000        0.000        0.000
  3320:        0.000        0.000        0.000        0.000        0.000
  3325:        0.000        0.000        0.000        0.000        0.000
  3330:        0.000        0.000        0.000        0.000        0.000
  3335:        0.000        0.000        0.000        0.000        0.000
  3340:        0.000        0.000        0.000        0.000        0.000
  3345:        0.000        0.000        0.000        0.000        0.000
  3350:        0.000        0.000        0.000        0.000        0.000
  3355:        0.000        0.000        0.000        0.000        0.000
  3360:        0.000        0.000        0.000        0.000        0.000
  3365:        0.000        0.000        0.000        0.000        0.000
  3370:        0.000        0.000        0.000        0.000        0.000
  3375:        0.000        0.000        0.000        0.000        0.000
  3380:        0.000        0.000        0.000        0.000        0.000
  3385:        0.000        0.000        0.000        0.000        0.000
  3390:        0.000        0.000        0.000        0.000        0.000
  3395:        0.000        0.000        0.000        0.000        0.000
  3400:        0.000        0.000        0.000        0.000        0.000
  3405:        0.000        0.000        0.000        0.000        0.000
  3410:        0.000        0.000        0.000        0.000        0.000
  3415:        0.000        0.000        0.000        0.000        0.000
  3420:        0.000        0.000        0.000        0.000        0.000
  3425:        0.000        0.000        0.000        0.000        0.000
  3430:        0.000        0.000        0.000        0.000        0.000
  3435:        0.000        0.000        0.000        0.000        0.000
  3440:        0.000        0.000        0.000        0.000        0.000
  3445:        0.000        0.000        0.000        0.000        0.000
  3450:        0.000        0.000        0.000        0.000        0.000
  3455:        0.000        0.000        0.000        0.000        0.000
  3460:        0.000        0.000        0.000        0.000        0.000
  3465:        0.000        0.000        0.000        0.000        0.000
  3470:        0.000        0.000        0.000        0.000        0.000
  3475:        0.000        0.000        0.000        0.000        0.000
  3480:        0.000        0.000        0.000        0.000        0.000
  3485:        0.000        0.000        0.000        0.000        0.000
  3490:        0.000        0.000        0.000        0.000        0.000
  3495:        0.000        0.000        0.000        0.000        0.000
  3500:        0.000        0.000        0.000        0.000        0.000
  3505:        0.000        0.000        0.000        0.000        0.000
  3510:        0.000        0.000        0.000        0.000        0.000
  3515:        0.000        0.000        0.000        0.000        0.000
  3520:        0.000        0.000        0.000        0.000        0.000
  3525:        0.000        0.000        0.000        0.000        0.000
  3530:        0.000        0.000        0.000        0.000        0.000
  3535:        0.000        0.000        0.000        0.000        0.000
  3540:        0.000        0.000        0.000        0.000        0.000
  3545:        0.000        0.000        0.000        0.000        0.000
  3550:        0.000        0.000        0.000        0.000        0.000
  3555:        0.000        0.000        0.000        0.000        0.000
  3560:        0.000        0.000        0.000        0.000        0.000
  3565:        0.000        0.000        0.000        0.000        0.000
  3570:        0.000        0.000        0.000        0.000        0.000
  3575:        0.000        0.000        0.000        0.000        0.000
  3580:        0.000        0.000        0.000        0.000        0.000
  3585:        0.000        0.000        0.000        0.000        0.000
  3590:        0.000        0.000        0.000        0.000        0.000
  3595:        0.000        0.000        0.000        0.000        0.000
  3600:        0.000        0.000        0.000        0.000        0.000
  3605:        0.000        0.000        0.000        0.000        0.000
  3610:        0.000        0.000        0.000        0.000        0.000
  3615:        0.000        0.000        0.000        0.000        0.000
  3620:        0.000        0.000        0.000        0.000        0.000
  3625:        0.000        0.000        0.000        0.000        0.000
  3630:        0.000        0.000        0.000        0.000        0.000
  3635:        0.000        0.000        0.000        0.000        0.000
  3640:        0.000        0.000        0.000        0.000        0.000
  3645:        0.000        0.000        0.000        0.000        0.000
  3650:        0.000        0.000        0.000        0.000        0.000
  3655:        0.000        0.000        0.000        0.000        0.000
  3660:        0.000        0.000        0.000        0.000        0.000
  3665:        0.000        0.000        0.000        0.000        0.000
  3670:        0.000        0.000        0.000        0.000        0.000
  3675:        0.000        0.000        0.000        0.000        0.000
  3680:        0.000        0.000        0.000        0.000        0.000
  3685:        0.000        0.000        0.000        0.000        0.000
  3690:        0.000        0.000        0.000        0.000        0.000
  3695:        0.000        0.000        0.000        0.000        0.000
  3700:        0.000        0.000        0.000        0.000        0.000
  3705:        0.000        0.000        0.000        0.000        0.000
  3710:        0.000        0.000        0.000        0.000        0.000
  3715:        0.000        0.000        0.000        0.000        0.000
  3720:        0.000        0.000        0.000        0.000        0.000
  3725:        0.000        0.000        0.000        0.000        0.000
  3730:        0.000        0.000        0.000        0.000        0.000
  3735:        0.000        0.000        0.000        0.000        0.000
  3740:        0.000        0.000        0.000        0.000        0.000
  3745:        0.000        0.000        0.000        0.000        0.000
  3750:        0.000        0.000        0.000        0.000        0.000
  3755:        0.000        0.000        0.000        0.000        0.000
  3760:        0.000        0.000        0.000        0.000        0.000
  3765:        0.000        0.000        0.000        0.000        0.000
  3770:        0.000        0.000        0.000        0.000        0.000
  3775:        0.000        0.000        0.000        0.000        0.000
  3780:        0.000        0.000        0.000        0.000        0.000
  3785:        0.000        0.000        0.000        0.000        0.000
  3790:        0.000        0.000        0.000        0.000        0.000
  3795:        0.000        0.000        0.000        0.000        0.000
  3800:        0.000        0.000        0.000        0.000        0.000
  3805:        0.000        0.000        0.000        0.000        0.000
  3810:        0.000        0.000        0.000        0.000        0.000
  3815:        0.000        0.000        0.000        0.000        0.000
  3820:        0.000        0.000        0.000        0.000        0.000
  3825:        0.000        0.000        0.000        0.000        0.000
  3830:        0.000        0.000        0.000        0.000        0.000
  3835:        0.000        0.000        0.000        0.000        0.000
  3840:        0.000        0.000        0.000        0.000        0.000
  3845:        0.000        0.000        0.000        0.000        0.000
  3850:        0.000        0.000        0.000        0.000        0.000
  3855:        0.000        0.000        0.000        0.000        0.000
  3860:        0.000        0.000        0.000        0.000        0.000
  3865:        0.000        0.000        0.000        0.000        0.000
  3870:        0.000        0.000        0.000        0.000        0.000
  3875:        0.000        0.000        0.000        0.000        0.000
  3880:        0.000        0.000        0.000        0.000        0.000
  3885:        0.000        0.000        0.000        0.000        0.000
  3890:        0.000        0.000        0.000        0.000        0.000
  3895:        0.000        0.000        0.000        0.000        0.000
  3900:        0.000        0.000        0.000        0.000        0.000
  3905:        0.000        0.000        0.000        0.000        0.000
  3910:        0.000        0.000        0.000        0.000        0.000
  3915:        0.000        0.000        0.000        0.000        0.000
  3920:        0.000        0.000        0.000        0.000        0.000
  3925:        0.000        0.000        0.000        0.000        0.000
  3930:        0.000        0.000        0.000        0.000        0.000
  3935:        0.000        0.000        0.000        0.000        0.000
  3940:        0.000        0.000        0.000        0.000        0.000
  3945:        0.000        0.000        0.000        0.000        0.000
  3950:        0.000        0.000        0.000        0.000        0.000
  3955:        0.000        0.000        0.000        0.000        0.000
  3960:        0.000        0.000        0.000        0.000        0.000
  3965:        0.000        0.000        0.000        0.000        0.000
  3970:        0.000        0.000        0.000        0.000        0.000
  3975:        0.000        0.000        0.000        0.000        0.000
  3980:        0.000        0.000        0.000        0.000        0.000
  3985:        0.000        0.000        0.000        0.000        0.000
  3990:        0.000        0.000        0.000        0.000        0.000
  3995:        0.000        0.000        0.000        0.000        0.000
  4000:        0.000        0.000        0.000        0.000        0.000
  4005:        0.000        0.000        0.000        0.000        0.000
  4010:        0.000        0.000        0.000        0.000        0.000
  4015:        0.000        0.000        0.000        0.000        0.000
  4020:        0.000        0.000        0.000        0.000        0.000
  4025:        0.000        0.000        0.000        0.000        0.000
  4030:        0.000        0.000        0.000        0.000        0.000
  4035:        0.000        0.000        0.000        0.000        0.000
  4040:        0.000        0.000        0.000        0.000        0.000
  4045:        0.000        0.000        0.000        0.000        0.000
  4050:        0.000        0.000        0.000        0.000        0.000
  4055:        0.000        0.000        0.000        0.000        0.000
  4060:        0.000        0.000        0.000        0.000        0.000
  4065:        0.000        0.000        0.000        0.000        0.000
  4070:        0.000        0.000        0.000        0.000        0.000
  4075:        0.000        0.000        0.000        0.000        0.000
  4080:        0.000        0.000        0.000        0.000        0.000
  4085:        0.000        0.000        0.000        0.000        0.000
  4090:        0.000        0.000        0.000        0.000        0.000
  4095:        0.000        0.000        0.000        0.000        0.000
  4100:        0.000        0.000        0.000        0.000        0.000
  4105:        0.000        0.000        0.000        0.000        0.000
  4110:        0.000        0.000        0.000        0.000        0.000
  4115:        0.000        0.000        0.000        0.000        0.000
  4120:        0.000        0.000        0.000        0.000        0.000
  4125:        0.000        0.000        0.000        0.000        0.000
  4130:        0.000        0.000        0.000        0.000        0.000
  4135:        0.000        0.000        0.000        0.000        0.000
  4140:        0.000        0.000        0.000        0.000        0.000
  4145:        0.000        0.000        0.000        0.000        0.000
  4150:        0.000        0.000        0.000        0.000        0.000
  4155:        0.000        0.000        0.000        0.000        0.000
  4160:        0.000        0.000        0.000        0.000        0.000
  4165:        0.000        0.000        0.000        0.000        0.000
  4170:        0.000        0.000        0.000        0.000        0.000
  4175:        0.000        0.000        0.000        0.000        0.000
  4180:        0.000        0.000        0.000        0.000        0.000
  4185:        0.000        0.000        0.000        0.000        0.000
  4190:        0.000        0.000        0.000        0.000        0.000
  4195:        0.000        0.000        0.000        0.000        0.000
  4200:        0.000        0.000        0.000        0.000        0.000
  4205:        0.000        0.000        0.000        0.000        0.000
  4210:        0.000        0.000        0.000        0.000        0.000
  4215:        0.000        0.000        0.000        0.000        0.000
  4220:        0.000        0.000        0.000        0.000        0.000
  4225:        0.000        0.000        0.000        0.000        0.000
  4230:        0.000        0.000        0.000        0.000        0.000
  4235:        0.000        0.000        0.000        0.000        0.000
  4240:        0.000        0.000        0.000        0.000        0.000
  4245:        0.000        0.000        0.000        0.000        0.000
  4250:        0.000        0.000        0.000        0.000        0.000
  4255:        0.000        0.000        0.000        0.000        0.000
  4260:        0.000        0.000        0.000        0.000        0.000
  4265:        0.000        0.000        0.000        0.000        0.000
  4270:        0.000        0.000        0.000        0.000        0.000
  4275:        0.000        0.000        0.000        0.000        0.000
  4280:        0.000        0.000        0.000        0.000        0.000
  4285:        0.000        0.000        0.000        0.000        0.000
  4290:        0.000        0.000        0.000        0.000        0.000
  4295:        0.000        0.000        0.000        0.000        0.000
  4300:        0.000        0.000        0.000        0.000        0.000
  4305:        0.000        0.000        0.000        0.000        0.000
  4310:        0.000        0.000        0.000        0.000        0.000
  4315:        0.000        0.000        0.000        0.000        0.000
  4320:        0.000        0.000        0.000        0.000        0.000
  4325:        0.000        0.000        0.000        0.000        0.000
  4330:        0.000        0.000        0.000        0.000        0.000
  4335:        0.000        0.000        0.000        0.000        0.000
  4340:        0.000        0.000        0.000        0.000        0.000
  4345:        0.000        0.000        0.000        0.000        0.000
  4350:        0.000        0.000        0.000        0.000        0.000
  4355:        0.000        0.000        0.000        0.000        0.000
  4360:        0.000        0.000        0.000        0.000        0.000
  4365:        0.000        0.000        0.000        0.000        0.000
  4370:        0.000        0.000        0.000        0.000        0.000
  4375:        0.000        0.000        0.000        0.000        0.000
  4380:        0.000        0.000        0.000        0.000        0.000
  4385:        0.000        0.000        0.000        0.000        0.000
  4390:        0.000        0.000        0.000        0.000        0.000
  4395:        0.000        0.000        0.000        0.000        0.000
  4400:        0.000        0.000        0.000        0.000        0.000
  4405:        0.000        0.000        0.000        0.000        0.000
  4410:        0.000        0.000        0.000        0.000        0.000
  4415:        0.000        0.000        0.000        0.000        0.000
  4420:        0.000        0.000        0.000        0.000        0.000
  4425:        0.000        0.000        0.000        0.000        0.000
  4430:        0.000        0.000        0.000        0.000        0.000
  4435:        0.000        0.000        0.000        0.000        0.000
  4440:        0.000        0.000        0.000        0.000        0.000
  4445:        0.000        0.000        0.000        0.000        0.000
  4450:        0.000        0.000        0.000        0.000        0.000
  4455:        0.000        0.000        0.000        0.000        0.000
  4460:        0.000        0.000        0.000        0.000        0.000
  4465:        0.000        0.000        0.000        0.000        0.000
  4470:        0.000        0.000        0.000        0.000        0.000
  4475:        0.000        0.000        0.000        0.000        0.000
  4480:        0.000        0.000        0.000        0.000        0.000
  4485:        0.000        0.000        0.000        0.000        0.000
  4490:        0.000        0.000        0.000        0.000        0.000
  4495:        0.000        0.000        0.000        0.000        0.000
  4500:        0.000        0.000        0.000        0.000        0.000
  4505:        0.000        0.000        0.000        0.000        0.000
  4510:        0.000        0.000        0.000        0.000        0.000
  4515:        0.000        0.000        0.000        0.000        0.000
  4520:        0.000        0.000        0.000        0.000        0.000
  4525:        0.000        0.000        0.000        0.000        0.000
  4530:        0.000        0.000        0.000        0.000        0.000
  4535:        0.000        0.000        0.000        0.000        0.000
  4540:        0.000        0.000        0.000        0.000        0.000
  4545:        0.000        0.000        0.000        0.000        0.000
  4550:        0.000        0.000        0.000        0.000        0.000
  4555:        0.000        0.000        0.000        0.000        0.000
  4560:        0.000        0.000        0.000        0.000        0.000
  4565:        0.000        0.000        0.000        0.000        0.000
  4570:        0.000        0.000        0.000        0.000        0.000
  4575:        0.000        0.000        0.000        0.000        0.000
  4580:        0.000        0.000        0.000        0.000        0.000
  4585:        0.000        0.000        0.000        0.000        0.000
  4590:        0.000        0.000        0.000        0.000        0.000
  4595:        0.000        0.000        0.000        0.000        0.000
  4600:        0.000        0.000        0.000        0.000        0.000
  4605:        0.000        0.000        0.000        0.000        0.000
  4610:        0.000        0.000        0.000        0.000        0.000
  4615:        0.000        0.000        0.000        0.000        0.000
  4620:        0.000        0.000        0.000        0.000        0.000
  4625:        0.000        0.000        0.000        0.000        0.000
  4630:        0.000        0.000        0.000        0.000        0.000
  4635:        0.000        0.000        0.000        0.000        0.000
  4640:        0.000        0.000        0.000        0.000        0.000
  4645:        0.000        0.000        0.000        0.000        0.000
  4650:        0.000        0.000        0.000        0.000        0.000
  4655:        0.000        0.000        0.000        0.000        0.000
  4660:        0.000        0.000        0.000        0.000        0.000
  4665:        0.000        0.000        0.000        0.000        0.000
  4670:        0.000        0.000        0.000        0.000        0.000
  4675:        0.000        0.000        0.000        0.000        0.000
  4680:        0.000        0.000        0.000        0.000        0.000
  4685:        0.000        0.000        0.000        0.000        0.000
  4690:        0.000        0.000        0.000        0.000        0.000
  4695:        0.000        0.000        0.000        0.000        0.000
  4700:        0.000        0.000        0.000        0.000        0.000
  4705:        0.000        0.000        0.000        0.000        0.000
  4710:        0.000        0.000        0.000        0.000        0.000
  4715:        0.000        0.000        0.000        0.000        0.000
  4720:        0.000        0.000        0.000        0.000        0.000
  4725:        0.000        0.000        0.000        0.000        0.000
  4730:        0.000        0.000        0.000        0.000        0.000
  4735:        0.000        0.000        0.000        0.000        0.000
  4740:        0.000        0.000        0.000        0.000        0.000
  4745:        0.000        0.000        0.000        0.000        0.000
  4750:        0.000        0.000        0.000        0.000        0.000
  4755:        0.000        0.000        0.000        0.000        0.000
  4760:        0.000        0.000        0.000        0.000        0.000
  4765:        0.000        0.000        0.000        0.000        0.000
  4770:        0.000        0.000        0.000        0.000        0.000
  4775:        0.000        0.000        0.000        0.000        0.000
  4780:        0.000        0.000        0.000        0.000        0.000
  4785:        0.000        0.000        0.000        0.000        0.000
  4790:        0.000        0.000        0.000        0.000        0.000
  4795:        0.000        0.000        0.000        0.000        0.000
  4800:        0.000        0.000        0.000        0.000        0.000
  4805:        0.000        0.000        0.000        0.000        0.000
  4810:        0.000        0.000        0.000        0.000        0.000
  4815:        0.000        0.000        0.000        0.000        0.000
  4820:        0.000        0.000        0.000        0.000        0.000
  4825:        0.000        0.000        0.000        0.000        0.000
  4830:        0.000        0.000        0.000        0.000        0.000
  4835:        0.000        0.000        0.000        0.000        0.000
  4840:        0.000        0.000        0.000        0.000        0.000
  4845:        0.000        0.000        0.000        0.000        0.000
  4850:        0.000        0.000        0.000        0.000        0.000
  4855:        0.000        0.000        0.000        0.000        0.000
  4860:        0.000        0.000        0.000        0.000        0.000
  4865:        0.000        0.000        0.000        0.000        0.000
  4870:        0.000        0.000        0.000        0.000        0.000
  4875:        0.000        0.000        0.000        0.000        0.000
  4880:        0.000        0.000        0.000        0.000        0.000
  4885:        0.000        0.000        0.000        0.000        0.000
  4890:        0.000        0.000        0.000        0.000        0.000
  4895:        0.000        0.000        0.000        0.000        0.000
  4900:        0.000        0.000        0.000        0.000        0.000
  4905:        0.000        0.000        0.000        0.000        0.000
  4910:        0.000        0.000        0.000        0.000        0.000
  4915:        0.000        0.000        0.000        0.000        0.000
  4920:        0.000        0.000        0.000        0.000        0.000
  4925:        0.000        0.000        0.000        0.000        0.000
  4930:        0.000        0.000        0.000        0.000        0.000
  4935:        0.000        0.000        0.000        0.000        0.000
  4940:        0.000        0.000        0.000        0.000        0.000
  4945:        0.000        0.000        0.000        0.000        0.000
  4950:        0.000        0.000        0.000        0.000        0.000
  4955:        0.000        0.000        0.000        0.000        0.000
  4960:        0.000        0.000        0.000        0.000        0.000
  4965:        0.000        0.000        0.000        0.000        0.000
  4970:        0.000        0.000        0.000        0.000        0.000
  4975:        0.000        0.000        0.000        0.000        0.000
  4980:        0.000        0.000        0.000        0.000        0.000
  4985:        0.000        0.000        0.000        0.000        0.000
  4990:        0.000        0.000        0.000        0.000        0.000
  4995:        0.000        0.000        0.000        0.000        0.000
  5000:        0.000        0.000        0.000        0.000        0.000
  5005:        0.000        0.000        0.000        0.000        0.000
  5010:        0.000        0.000        0.000        0.000        0.000
  5015:        0.000        0.000        0.000        0.000        0.000
  5020:        0.000        0.000        0.000        0.000        0.000
  5025:        0.000        0.000        0.000        0.000        0.000
  5030:        0.000        0.000        0.000        0.000        0.000
  5035:        0.000        0.000        0.000        0.000        0.000
  5040:        0.000        0.000        0.000        0.000        0.000
  5045:        0.000        0.000        0.000        0.000        0.000
  5050:        0.000        0.000        0.000        0.000        0.000
  5055:        0.000        0.000        0.000        0.000        0.000
  5060:        0.000        0.000        0.000        0.000        0.000
  5065:        0.000        0.000        0.000        0.000        0.000
  5070:        0.000        0.000        0.000        0.000        0.000
  5075:        0.000        0.000        0.000        0.000        0.000
  5080:        0.000        0.000        0.000        0.000        0.000
  5085:        0.000        0.000        0.000        0.000        0.000
  5090:        0.000        0.000        0.000        0.000        0.000
  5095:        0.000        0.000        0.000        0.000        0.000
  5100:        0.000        0.000        0.000        0.000        0.000
  5105:        0.000        0.000        0.000        0.000        0.000
  5110:        0.000        0.000        0.000        0.000        0.000
  5115:        0.000        0.000        0.000        0.000        0.000
  5120:        0.000        0.000        0.000        0.000        0.000
  5125:        0.000        0.000        0.000        0.000        0.000
  5130:        0.000        0.000        0.000        0.000        0.000
  5135:        0.000        0.000        0.000        0.000        0.000
  5140:        0.000        0.000        0.000        0.000        0.000
  5145:        0.000        0.000        0.000        0.000        0.000
  5150:        0.000        0.000        0.000        0.000        0.000
  5155:        0.000        0.000        0.000        0.000        0.000
  5160:        0.000        0.000        0.000        0.000        0.000
  5165:        0.000        0.000        0.000        0.000        0.000
  5170:        0.000        0.000        0.000        0.000        0.000
  5175:        0.000        0.000        0.000        0.000        0.000
  5180:        0.000        0.000        0.000        0.000        0.000
  5185:        0.000        0.000        0.000        0.000        0.000
  5190:        0.000        0.000        0.000        0.000        0.000
  5195:        0.000        0.000        0.000        0.000        0.000
  5200:        0.000        0.000        0.000        0.000        0.000
  5205:        0.000        0.000        0.000        0.000        0.000
  5210:        0.000        0.000        0.000        0.000        0.000
  5215:        0.000        0.000        0.000        0.000        0.000
  5220:        0.000        0.000        0.000        0.000        0.000
  5225:        0.000        0.000        0.000        0.000        0.000
  5230:        0.000        0.000        0.000        0.000        0.000
  5235:        0.000        0.000        0.000        0.000        0.000
  5240:        0.000        0.000        0.000        0.000        0.000
  5245:        0.000        0.000        0.000        0.000        0.000
  5250:        0.000        0.000        0.000        0.000        0.000
  5255:        0.000        0.000        0.000        0.000        0.000
  5260:        0.000        0.000        0.000        0.000        0.000
  5265:        0.000        0.000        0.000        0.000        0.000
  5270:        0.000        0.000        0.000        0.000        0.000
  5275:        0.000        0.000        0.000        0.000        0.000
  5280:        0.000        0.000        0.000        0.000        0.000
  5285:        0.000        0.000        0.000        0.000        0.000
  5290:        0.000        0.000        0.000        0.000        0.000
  5295:        0.000        0.000        0.000        0.000        0.000
  5300:        0.000        0.000        0.000        0.000        0.000
  5305:        0.000        0.000        0.000        0.000        0.000
  5310:        0.000        0.000        0.000        0.000        0.000
  5315:        0.000        0.000        0.000        0.000        0.000
  5320:        0.000        0.000        0.000        0.000        0.000
  5325:        0.000        0.000        0.000        0.000        0.000
  5330:        0.000        0.000        0.000        0.000        0.000
  5335:        0.000        0.000        0.000        0.000        0.000
  5340:        0.000        0.000        0.000        0.000        0.000
  5345:        0.000        0.000        0.000        0.000        0.000
  5350:        0.000        0.000        0.000        0.000        0.000
  5355:        0.000        0.000        0.000        0.000        0.000
  5360:        0.000        0.000        0.000        0.000        0.000
  5365:        0.000        0.000        0.000        0.000        0.000
  5370:        0.000        0.000        0.000        0.000        0.000
  5375:        0.000        0.000        0.000        0.000        0.000
  5380:        0.000        0.000        0.000        0.000        0.000
  5385:        0.000        0.000        0.000        0.000        0.000
  5390:        0.000        0.000        0.000        0.000        0.000
  5395:        0.000        0.000        0.000        0.000        0.000
  5400:        0.000        0.000        0.000        0.000        0.000
  5405:        0.000        0.000        0.000        0.000        0.000
  5410:        0.000        0.000        0.000        0.000        0.000
  5415:        0.000        0.000        0.000        0.000        0.000
  5420:        0.000        0.000        0.000        0.000        0.000
  5425:        0.000        0.000        0.000        0.000        0.000
  5430:        0.000        0.000        0.000        0.000        0.000
  5435:        0.000        0.000        0.000        0.000        0.000
  5440:        0.000        0.000        0.000        0.000        0.000
  5445:        0.000        0.000        0.000        0.000        0.000
  5450:        0.000        0.000        0.000        0.000        0.000
  5455:        0.000        0.000        0.000        0.000        0.000
  5460:        0.000        0.000        0.000        0.000        0.000
  5465:        0.000        0.000        0.000        0.000        0.000
  5470:        0.000        0.000        0.000        0.000        0.000
  5475:        0.000        0.000        0.000        0.000        0.000
  5480:        0.000        0.000        0.000        0.000        0.000
  5485:        0.000        0.000        0.000        0.000        0.000
  5490:        0.000        0.000        0.000        0.000        0.000
  5495:        0.000        0.000        0.000        0.000        0.000
  5500:        0.000        0.000        0.000        0.000        0.000
  5505:        0.000        0.000        0.000        0.000        0.000
  5510:        0.000        0.000        0.000        0.000        0.000
  5515:        0.000        0.000        0.000        0.000        0.000
  5520:        0.000        0.000        0.000        0.000        0.000
  5525:        0.000        0.000        0.000        0.000        0.000
  5530:        0.000        0.000        0.000        0.000        0.000
  5535:        0.000        0.000        0.000        0.000        0.000
  5540:        0.000        0.000        0.000        0.000        0.000
  5545:        0.000        0.000        0.000        0.000        0.000
  5550:        0.000        0.000        0.000        0.000        0.000
  5555:        0.000        0.000        0.000        0.000        0.000
  5560:        0.000        0.000        0.000        0.000        0.000
  5565:        0.000        0.000        0.000        0.000        0.000
  5570:        0.000        0.000        0.000        0.000        0.000
  5575:        0.000        0.000        0.000        0.000        0.000
  5580:        0.000        0.000        0.000        0.000        0.000
  5585:        0.000        0.000        0.000        0.000        0.000
  5590:        0.000        0.000        0.000        0.000        0.000
  5595:        0.000        0.000        0.000        0.000        0.000
  5600:        0.000        0.000        0.000        0.000        0.000
  5605:        0.000        0.000        0.000        0.000        0.000
  5610:        0.000        0.000        0.000        0.000        0.000
  5615:        0.000        0.000        0.000        0.000        0.000
  5620:        0.000        0.000        0.000        0.000        0.000
  5625:        0.000        0.000        0.000        0.000        0.000
  5630:        0.000        0.000        0.000        0.000        0.000
  5635:        0.000        0.000        0.000        0.000        0.000
  5640:        0.000        0.000        0.000        0.000        0.000
  5645:        0.000        0.000        0.000        0.000        0.000
  5650:        0.000        0.000        0.000        0.000        0.000
  5655:        0.000        0.000        0.000        0.000        0.000
  5660:        0.000        0.000        0.000        0.000        0.000
  5665:        0.000        0.000        0.000        0.000        0.000
  5670:        0.000        0.000        0.000        0.000        0.000
  5675:        0.000        0.000        0.000        0.000        0.000
  5680:        0.000        0.000        0.000        0.000        0.000
  5685:        0.000        0.000        0.000        0.000        0.000
  5690:        0.000        0.000        0.000        0.000        0.000
  5695:        0.000        0.000        0.000        0.000        0.000
  5700:        0.000        0.000        0.000        0.000        0.000
  5705:        0.000        0.000        0.000        0.000        0.000
  5710:        0.000        0.000        0.000        0.000        0.000
  5715:        0.000        0.000        0.000        0.000        0.000
  5720:        0.000        0.000        0.000        0.000        0.000
  5725:        0.000        0.000        0.000        0.000        0.000
  5730:        0.000        0.000        0.000        0.000        0.000
  5735:        0.000        0.000        0.000        0.000        0.000
  5740:        0.000        0.000        0.000        0.000        0.000
  5745:        0.000        0.000        0.000        0.000        0.000
  5750:        0.000        0.000        0.000        0.000        0.000
  5755:        0.000        0.000        0.000        0.000        0.000
  5760:        0.000        0.000        0.000        0.000        0.000
  5765:        0.000        0.000        0.000        0.000        0.000
  5770:        0.000        0.000        0.000        0.000        0.000
  5775:        0.000        0.000        0.000        0.000        0.000
  5780:        0.000        0.000        0.000        0.000        0.000
  5785:        0.000        0.000        0.000        0.000        0.000
  5790:        0.000        0.000        0.000        0.000        0.000
  5795:        0.000        0.000        0.000        0.000        0.000
  5800:        0.000        0.000        0.000        0.000        0.000
  5805:        0.000        0.000        0.000        0.000        0.000
  5810:        0.000        0.000        0.000        0.000        0.000
  5815:        0.000        0.000        0.000        0.000        0.000
  5820:        0.000        0.000        0.000        0.000        0.000
  5825:        0.000        0.000        0.000        0.000        0.000
  5830:        0.000        0.000        0.000        0.000        0.000
  5835:        0.000        0.000        0.000        0.000        0.000
  5840:        0.000        0.000        0.000        0.000        0.000
  5845:        0.000        0.000        0.000        0.000        0.000
  5850:        0.000        0.000        0.000        0.000        0.000
  5855:        0.000        0.000        0.000        0.000        0.000
  5860:        0.000        0.000        0.000        0.000        0.000
  5865:        0.000        0.000        0.000        0.000        0.000
  5870:        0.000        0.000        0.000        0.000        0.000
  5875:        0.000        0.000        0.000        0.000        0.000
  5880:        0.000        0.000        0.000        0.000        0.000
  5885:        0.000        0.000        0.000        0.000        0.000
  5890:        0.000        0.000        0.000        0.000        0.000
  5895:        0.000        0.000        0.000        0.000        0.000
  5900:        0.000        0.000        0.000        0.000        0.000
  5905:        0.000        0.000        0.000        0.000        0.000
  5910:        0.000        0.000        0.000        0.000        0.000
  5915:        0.000        0.000        0.000        0.000        0.000
  5920:        0.000        0.000        0.000        0.000        0.000
  5925:        0.000        0.000        0.000        0.000        0.000
  5930:        0.000        0.000        0.000        0.000        0.000
  5935:        0.000        0.000        0.000        0.000        0.000
  5940:        0.000        0.000        0.000        0.000        0.000
  5945:        0.000        0.000        0.000        0.000        0.000
  5950:        0.000        0.000        0.000        0.000        0.000
  5955:        0.000        0.000        0.000        0.000        0.000
  5960:        0.000        0.000        0.000        0.000        0.000
  5965:        0.000        0.000        0.000        0.000        0.000
  5970:        0.000        0.000        0.000        0.000        0.000
  5975:        0.000        0.000        0.000        0.000        0.000
  5980:        0.000        0.000        0.000        0.000        0.000
  5985:        0.000        0.000        0.000        0.000        0.000
  5990:        0.000        0.000        0.000        0.000        0.000
  5995:        0.000        0.000        0.000        0.000        0.000
  6000:        0.000        0.000        0.000        0.000        0.000
  6005:        0.000        0.000        0.000        0.000        0.000
  6010:        0.000        0.000        0.000        0.000        0.000
  6015:        0.000        0.000        0.000        0.000        0.000
  6020:        0.000        0.000        0.000        0.000        0.000
  6025:        0.000        0.000        0.000        0.000        0.000
  6030:        0.000        0.000        0.000        0.000        0.000
  6035:        0.000        0.000        0.000        0.000        0.000
  6040:        0.000        0.000        0.000        0.000        0.000
  6045:        0.000        0.000        0.000        0.000        0.000
  6050:        0.000        0.000        0.000        0.000        0.000
  6055:        0.000        0.000        0.000        0.000        0.000
  6060:        0.000        0.000        0.000        0.000        0.000
  6065:        0.000        0.000        0.000        0.000        0.000
  6070:        0.000        0.000        0.000        0.000        0.000
  6075:        0.000        0.000        0.000        0.000        0.000
  6080:        0.000        0.000        0.000        0.000        0.000
  6085:        0.000        0.000        0.000        0.000        0.000
  6090:        0.000        0.000        0.000        0.000        0.000
  6095:        0.000        0.000        0.000        0.000        0.000
  6100:        0.000        0.000        0.000        0.000        0.000
  6105:        0.000        0.000        0.000        0.000        0.000
  6110:        0.000        0.000        0.000        0.000        0.000
  6115:        0.000        0.000        0.000        0.000        0.000
  6120:        0.000        0.000        0.000        0.000        0.000
  6125:        0.000        0.000        0.000        0.000        0.000
  6130:        0.000        0.000        0.000        0.000        0.000
  6135:        0.000        0.000        0.000        0.000        0.000
  6140:        0.000        0.000        0.000        0.000        0.000
  6145:        0.000        0.000        0.000        0.000        0.000
  6150:        0.000        0.000        0.000        0.000        0.000
  6155:        0.000        0.000        0.000        0.000        0.000
  6160:        0.000        0.000        0.000        0.000        0.000
  6165:        0.000        0.000        0.000        0.000        0.000
  6170:        0.000        0.000        0.000        0.000        0.000
  6175:        0.000        0.000        0.000        0.000        0.000
  6180:        0.000        0.000        0.000        0.000        0.000
  6185:        0.000        0.000        0.000        0.000        0.000
  6190:        0.000        0.000        0.000        0.000        0.000
  6195:        0.000        0.000        0.000        0.000        0.000
  6200:        0.000        0.000        0.000        0.000        0.000
  6205:        0.000        0.000        0.000        0.000        0.000
  6210:        0.000        0.000        0.000        0.000        0.000
  6215:        0.000        0.000        0.000        0.000        0.000
  6220:        0.000        0.000        0.000        0.000        0.000
  6225:        0.000        0.000        0.000        0.000        0.000
  6230:        0.000        0.000        0.000        0.000        0.000
  6235:        0.000        0.000        0.000        0.000        0.000
  6240:        0.000        0.000        0.000        0.000        0.000
  6245:        0.000        0.000        0.000        0.000        0.000
  6250:        0.000        0.000        0.000        0.000        0.000
  6255:        0.000        0.000        0.000        0.000        0.000
  6260:        0.000        0.000        0.000        0.000        0.000
  6265:        0.000        0.000        0.000        0.000        0.000
  6270:        0.000        0.000        0.000        0.000        0.000
  6275:        0.000        0.000        0.000        0.000        0.000
  6280:        0.000        0.000        0.000        0.000        0.000
  6285:        0.000        0.000        0.000        0.000        0.000
  6290:        0.000        0.000        0.000        0.000        0.000
  6295:        0.000        0.000        0.000        0.000        0.000
  6300:        0.000        0.000        0.000        0.000        0.000
  6305:        0.000        0.000        0.000        0.000        0.000
  6310:        0.000        0.000        0.000        0.000        0.000
  6315:        0.000        0.000        0.000        0.000        0.000
  6320:        0.000        0.000        0.000        0.000        0.000
  6325:        0.000        0.000        0.000        0.000        0.000
  6330:        0.000        0.000        0.000        0.000        0.000
  6335:        0.000        0.000        0.000        0.000        0.000
  6340:        0.000        0.000        0.000        0.000        0.000
  6345:        0.000        0.000        0.000        0.000        0.000
  6350:        0.000        0.000        0.000        0.000        0.000
  6355:        0.000        0.000        0.000        0.000        0.000
  6360:        0.000        0.000        0.000        0.000        0.000
  6365:        0.000        0.000        0.000        0.000        0.000
  6370:        0.000        0.000        0.000        0.000        0.000
  6375:        0.000        0.000        0.000        0.000        0.000
  6380:        0.000        0.000        0.000        0.000        0.000
  6385:        0.000        0.000        0.000        0.000        0.000
  6390:        0.000        0.000        0.000        0.000        0.000
  6395:        0.000        0.000        0.000        0.000        0.000
  6400:        0.000        0.000        0.000        0.000        0.000
  6405:        0.000        0.000        0.000        0.000        0.000
  6410:        0.000        0.000        0.000        0.000        0.000
  6415:        0.000        0.000        0.000        0.000        0.000
  6420:        0.000        0.000        0.000        0.000        0.000
  6425:        0.000        0.000        0.000        0.000        0.000
  6430:        0.000        0.000        0.000        0.000        0.000
  6435:        0.000        0.000        0.000        0.000        0.000
  6440:        0.000        0.000        0.000        0.000        0.000
  6445:        0.000        0.000        0.000        0.000        0.000
  6450:        0.000        0.000        0.000        0.000        0.000
  6455:        0.000        0.000        0.000        0.000        0.000
  6460:        0.000        0.000        0.000        0.000        0.000
  6465:        0.000        0.000        0.000        0.000        0.000
  6470:        0.000        0.000        0.000        0.000        0.000
  6475:        0.000        0.000        0.000        0.000        0.000
  6480:        0.000        0.000        0.000        0.000        0.000
  6485:        0.000        0.000        0.000        0.000        0.000
  6490:        0.000        0.000        0.000        0.000        0.000
  6495:        0.000        0.000        0.000        0.000        0.000
  6500:        0.000        0.000        0.000        0.000        0.000
  6505:        0.000        0.000        0.000        0.000        0.000
  6510:        0.000        0.000        0.000        0.000        0.000
  6515:        0.000        0.000        0.000        0.000        0.000
  6520:        0.000        0.000        0.000        0.000        0.000
  6525:        0.000        0.000        0.000        0.000        0.000
  6530:        0.000        0.000        0.000        0.000        0.000
  6535:        0.000        0.000        0.000        0.000        0.000
  6540:        0.000        0.000        0.000        0.000        0.000
  6545:        0.000        0.000        0.000        0.000        0.000
  6550:        0.000        0.000        0.000        0.000        0.000
  6555:        0.000        0.000        0.000        0.000        0.000
  6560:        0.000        0.000        0.000        0.000        0.000
  6565:        0.000        0.000        0.000        0.000        0.000
  6570:        0.000        0.000        0.000        0.000        0.000
  6575:        0.000        0.000        0.000        0.000        0.000
  6580:        0.000        0.000        0.000        0.000        0.000
  6585:        0.000        0.000        0.000        0.000        0.000
  6590:        0.000        0.000        0.000        0.000        0.000
  6595:        0.000        0.000        0.000        0.000        0.000
  6600:        0.000        0.000        0.000        0.000        0.000
  6605:        0.000        0.000        0.000        0.000        0.000
  6610:        0.000        0.000        0.000        0.000        0.000
  6615:        0.000        0.000        0.000        0.000        0.000
  6620:        0.000        0.000        0.000        0.000        0.000
  6625:        0.000        0.000        0.000        0.000        0.000
  6630:        0.000        0.000        0.000        0.000        0.000
  6635:        0.000        0.000        0.000        0.000        0.000
  6640:        0.000        0.000        0.000        0.000        0.000
  6645:        0.000        0.000        0.000        0.000        0.000
  6650:        0.000        0.000        0.000        0.000        0.000
  6655:        0.000        0.000        0.000        0.000        0.000
  6660:        0.000        0.000        0.000        0.000        0.000
  6665:        0.000        0.000        0.000        0.000        0.000
  6670:        0.000        0.000        0.000        0.000        0.000
  6675:        0.000        0.000        0.000        0.000        0.000
  6680:        0.000        0.000        0.000        0.000        0.000
  6685:        0.000        0.000        0.000        0.000        0.000
  6690:        0.000        0.000        0.000        0.000        0.000
  6695:        0.000        0.000        0.000        0.000        0.000
  6700:        0.000        0.000        0.000        0.000        0.000
  6705:        0.000        0.000        0.000        0.000        0.000
  6710:        0.000        0.000        0.000        0.000        0.000
  6715:        0.000        0.000        0.000        0.000        0.000
  6720:        0.000        0.000        0.000        0.000        0.000
  6725:        0.000        0.000        0.000        0.000        0.000
  6730:        0.000        0.000        0.000        0.000        0.000
  6735:        0.000        0.000        0.000        0.000        0.000
  6740:        0.000        0.000        0.000        0.000        0.000
  6745:        0.000        0.000        0.000        0.000        0.000
  6750:        0.000        0.000        0.000        0.000        0.000
  6755:        0.000        0.000        0.000        0.000        0.000
  6760:        0.000        0.000        0.000        0.000        0.000
  6765:        0.000        0.000        0.000        0.000        0.000
  6770:        0.000        0.000        0.000        0.000        0.000
  6775:        0.000        0.000        0.000        0.000        0.000
  6780:        0.000        0.000        0.000        0.000        0.000
  6785:        0.000        0.000        0.000        0.000        0.000
  6790:        0.000        0.000        0.000        0.000        0.000
  6795:        0.000        0.000        0.000        0.000        0.000
  6800:        0.000        0.000        0.000        0.000        0.000
  6805:        0.000        0.000        0.000        0.000        0.000
  6810:        0.000        0.000        0.000        0.000        0.000
  6815:        0.000        0.000        0.000        0.000        0.000
  6820:        0.000        0.000        0.000        0.000        0.000
  6825:        0.000        0.000        0.000        0.000        0.000
  6830:        0.000        0.000        0.000        0.000        0.000
  6835:        0.000        0.000        0.000        0.000        0.000
  6840:        0.000        0.000        0.000        0.000        0.000
  6845:        0.000        0.000        0.000        0.000        0.000
  6850:        0.000        0.000        0.000        0.000        0.000
  6855:        0.000        0.000        0.000        0.000        0.000
  6860:        0.000        0.000        0.000        0.000        0.000
  6865:        0.000        0.000        0.000        0.000        0.000
  6870:        0.000        0.000        0.000        0.000        0.000
  6875:        0.000        0.000        0.000        0.000        0.000
  6880:        0.000        0.000        0.000        0.000        0.000
  6885:        0.000        0.000        0.000        0.000        0.000
  6890:        0.000        0.000        0.000        0.000        0.000
  6895:        0.000        0.000        0.000        0.000        0.000
  6900:        0.000        0.000        0.000        0.000        0.000
  6905:        0.000        0.000        0.000        0.000        0.000
  6910:        0.000        0.000        0.000        0.000        0.000
  6915:        0.000        0.000        0.000        0.000        0.000
  6920:        0.000        0.000        0.000        0.000        0.000
  6925:        0.000        0.000        0.000        0.000        0.000
  6930:        0.000        0.000        0.000        0.000        0.000
  6935:        0.000        0.000        0.000        0.000        0.000
  6940:        0.000        0.000        0.000        0.000        0.000
  6945:        0.000        0.000        0.000        0.000        0.000
  6950:        0.000        0.000        0.000        0.000        0.000
  6955:        0.000        0.000        0.000        0.000        0.000
  6960:        0.000        0.000        0.000        0.000        0.000
  6965:        0.000        0.000        0.000        0.000        0.000
  6970:        0.000        0.000        0.000        0.000        0.000
  6975:        0.000        0.000        0.000        0.000        0.000
  6980:        0.000        0.000        0.000        0.000        0.000
  6985:        0.000        0.000        0.000        0.000        0.000
  6990:        0.000        0.000        0.000        0.000        0.000
  6995:        0.000        0.000        0.000        0.000        0.000
  7000:        0.000        0.000        0.000        0.000        0.000
  7005:        0.000        0.000        0.000        0.000        0.000
  7010:        0.000        0.000        0.000        0.000        0.000
  7015:        0.000        0.000        0.000        0.000        0.000
  7020:        0.000        0.000        0.000        0.000        0.000
  7025:        0.000        0.000        0.000        0.000        0.000
  7030:        0.000        0.000        0.000        0.000        0.000
  7035:        0.000        0.000        0.000        0.000        0.000
  7040:        0.000        0.000        0.000        0.000        0.000
  7045:        0.000        0.000        0.000        0.000        0.000
  7050:        0.000        0.000        0.000        0.000        0.000
  7055:        0.000        0.000        0.000        0.000        0.000
  7060:        0.000        0.000        0.000        0.000        0.000
  7065:        0.000        0.000        0.000        0.000        0.000
  7070:        0.000        0.000        0.000        0.000        0.000
  7075:        0.000        0.000        0.000        0.000        0.000
  7080:        0.000        0.000        0.000        0.000        0.000
  7085:        0.000        0.000        0.000        0.000        0.000
  7090:        0.000        0.000        0.000        0.000        0.000
  7095:        0.000        0.000        0.000        0.000        0.000
  7100:        0.000        0.000        0.000        0.000        0.000
  7105:        0.000        0.000        0.000        0.000        0.000
  7110:        0.000        0.000        0.000        0.000        0.000
  7115:        0.000        0.000        0.000        0.000        0.000
  7120:        0.000        0.000        0.000        0.000        0.000
  7125:        0.000        0.000        0.000        0.000        0.000
  7130:        0.000        0.000        0.000        0.000        0.000
  7135:        0.000        0.000        0.000        0.000        0.000
  7140:        0.000        0.000        0.000        0.000        0.000
  7145:        0.000        0.000        0.000        0.000        0.000
  7150:        0.000        0.000        0.000        0.000        0.000
  7155:        0.000        0.000        0.000        0.000        0.000
  7160:        0.000        0.000        0.000        0.000        0.000
  7165:        0.000        0.000        0.000        0.000        0.000
  7170:        0.000        0.000        0.000        0.000        0.000
  7175:        0.000        0.000        0.000        0.000        0.000
  7180:        0.000        0.000        0.000        0.000        0.000
  7185:        0.000        0.000        0.000        0.000        0.000
  7190:        0.000        0.000        0.000        0.000        0.000
  7195:        0.000        0.000        0.000        0.000        0.000
  7200:        0.000        0.000        0.000        0.000        0.000
  7205:        0.000        0.000        0.000        0.000        0.000
  7210:        0.000        0.000        0.000        0.000        0.000
  7215:        0.000        0.000        0.000        0.000        0.000
  7220:        0.000        0.000        0.000        0.000        0.000
  7225:        0.000        0.000        0.000        0.000        0.000
  7230:        0.000        0.000        0.000        0.000        0.000
  7235:        0.000        0.000        0.000        0.000        0.000
  7240:        0.000        0.000        0.000        0.000        0.000
  7245:        0.000        0.000        0.000        0.000        0.000
  7250:        0.000        0.000        0.000        0.000        0.000
  7255:        0.000        0.000        0.000        0.000        0.000
  7260:        0.000        0.000        0.000        0.000        0.000
  7265:        0.000        0.000        0.000        0.000        0.000
  7270:        0.000        0.000        0.000        0.000        0.000
  7275:        0.000        0.000        0.000        0.000        0.000
  7280:        0.000        0.000        0.000        0.000        0.000
  7285:        0.000        0.000        0.000        0.000        0.000
  7290:        0.000        0.000        0.000        0.000        0.000
  7295:        0.000        0.000        0.000        0.000        0.000
  7300:        0.000        0.000        0.000        0.000        0.000
  7305:        0.000        0.000        0.000        0.000        0.000
  7310:        0.000        0.000        0.000        0.000        0.000
  7315:        0.000        0.000        0.000        0.000        0.000
  7320:        0.000        0.000        0.000        0.000        0.000
  7325:        0.000        0.000        0.000        0.000        0.000
  7330:        0.000        0.000        0.000        0.000        0.000
  7335:        0.000        0.000        0.000        0.000        0.000
  7340:        0.000        0.000        0.000        0.000        0.000
  7345:        0.000        0.000        0.000        0.000        0.000
  7350:        0.000        0.000        0.000        0.000        0.000
  7355:        0.000        0.000        0.000        0.000        0.000
  7360:        0.000        0.000        0.000        0.000        0.000
  7365:        0.000        0.000        0.000        0.000        0.000
  7370:        0.000        0.000        0.000        0.000        0.000
  7375:        0.000        0.000        0.000        0.000        0.000
  7380:        0.000        0.000        0.000        0.000        0.000
  7385:        0.000        0.000        0.000        0.000        0.000
  7390:        0.000        0.000        0.000        0.000        0.000
  7395:        0.000        0.000        0.000        0.000        0.000
  7400:        0.000        0.000        0.000        0.000        0.000
  7405:        0.000        0.000        0.000        0.000        0.000
  7410:        0.000        0.000        0.000        0.000        0.000
  7415:        0.000        0.000        0.000        0.000        0.000
  7420:        0.000        0.000        0.000        0.000        0.000
  7425:        0.000        0.000        0.000        0.000        0.000
  7430:        0.000        0.000        0.000        0.000        0.000
  7435:        0.000        0.000        0.000        0.000        0.000
  7440:        0.000        0.000        0.000        0.000        0.000
  7445:        0.000        0.000        0.000        0.000        0.000
  7450:        0.000        0.000        0.000        0.000        0.000
  7455:        0.000        0.000        0.000        0.000        0.000
  7460:        0.000        0.000        0.000        0.000        0.000
  7465:        0.000        0.000        0.000        0.000        0.000
  7470:        0.000        0.000        0.000        0.000        0.000
  7475:        0.000        0.000        0.000        0.000        0.000
  7480:        0.000        0.000        0.000        0.000        0.000
  7485:        0.000        0.000        0.000        0.000        0.000
  7490:        0.000        0.000        0.000        0.000        0.000
  7495:        0.000        0.000        0.000        0.000        0.000
  7500:        0.000        0.000        0.000        0.000        0.000
  7505:        0.000        0.000        0.000        0.000        0.000
  7510:        0.000        0.000        0.000        0.000        0.000
  7515:        0.000        0.000        0.000        0.000        0.000
  7520:        0.000        0.000        0.000        0.000        0.000
  7525:        0.000        0.000        0.000        0.000        0.000
  7530:        0.000        0.000        0.000        0.000        0.000
  7535:        0.000        0.000        0.000        0.000        0.000
  7540:        0.000        0.000        0.000        0.000        0.000
  7545:        0.000        0.000        0.000        0.000        0.000
  7550:        0.000        0.000        0.000        0.000        0.000
  7555:        0.000        0.000        0.000        0.000        0.000
  7560:        0.000        0.000        0.000        0.000        0.000
  7565:        0.000        0.000        0.000        0.000        0.000
  7570:        0.000        0.000        0.000        0.000        0.000
  7575:        0.000        0.000        0.000        0.000        0.000
  7580:        0.000        0.000        0.000        0.000        0.000
  7585:        0.000        0.000        0.000        0.000        0.000
  7590:        0.000        0.000        0.000        0.000        0.000
  7595:        0.000        0.000        0.000        0.000        0.000
  7600:        0.000        0.000        0.000        0.000        0.000
  7605:        0.000        0.000        0.000        0.000        0.000
  7610:        0.000        0.000        0.000        0.000        0.000
  7615:        0.000        0.000        0.000        0.000        0.000
  7620:        0.000        0.000        0.000        0.000        0.000
  7625:        0.000        0.000        0.000        0.000        0.000
  7630:        0.000        0.000        0.000        0.000        0.000
  7635:        0.000        0.000        0.000        0.000        0.000
  7640:        0.000        0.000        0.000        0.000        0.000
  7645:        0.000        0.000        0.000        0.000        0.000
  7650:        0.000        0.000        0.000        0.000        0.000
  7655:        0.000        0.000        0.000        0.000        0.000
  7660:        0.000        0.000        0.000        0.000        0.000
  7665:        0.000        0.000        0.000        0.000        0.000
  7670:        0.000        0.000        0.000        0.000        0.000
  7675:        0.000        0.000        0.000        0.000        0.000
  7680:        0.000        0.000        0.000        0.000        0.000
  7685:        0.000        0.000        0.000        0.000        0.000
  7690:        0.000        0.000        0.000        0.000        0.000
  7695:        0.000        0.000        0.000        0.000        0.000
  7700:        0.000        0.000        0.000        0.000        0.000
  7705:        0.000        0.000        0.000        0.000        0.000
  7710:        0.000        0.000        0.000        0.000        0.000
  7715:        0.000        0.000        0.000        0.000        0.000
  7720:        0.000        0.000        0.000        0.000        0.000
  7725:        0.000        0.000        0.000        0.000        0.000
  7730:        0.000        0.000        0.000        0.000        0.000
  7735:        0.000        0.000        0.000        0.000        0.000
  7740:        0.000        0.000        0.000        0.000        0.000
  7745:        0.000        0.000        0.000        0.000        0.000
  7750:        0.000        0.000        0.000        0.000        0.000
  7755:        0.000        0.000        0.000        0.000        0.000
  7760:        0.000        0.000        0.000        0.000        0.000
  7765:        0.000        0.000        0.000        0.000        0.000
  7770:        0.000        0.000        0.000        0.000        0.000
  7775:        0.000        0.000        0.000        0.000        0.000
  7780:        0.000        0.000        0.000        0.000        0.000
  7785:        0.000        0.000        0.000        0.000        0.000
  7790:        0.000        0.000        0.000        0.000        0.000
  7795:        0.000        0.000        0.000        0.000        0.000
  7800:        0.000        0.000        0.000        0.000        0.000
  7805:        0.000        0.000        0.000        0.000        0.000
  7810:        0.000        0.000        0.000        0.000        0.000
  7815:        0.000        0.000        0.000        0.000        0.000
  7820:        0.000        0.000        0.000        0.000        0.000
  7825:        0.000        0.000        0.000        0.000        0.000
  7830:        0.000        0.000        0.000        0.000        0.000
  7835:        0.000        0.000        0.000        0.000        0.000
  7840:        0.000        0.000        0.000        0.000        0.000
  7845:        0.000        0.000        0.000        0.000        0.000
  7850:        0.000        0.000        0.000        0.000        0.000
  7855:        0.000        0.000        0.000        0.000        0.000
  7860:        0.000        0.000        0.000        0.000        0.000
  7865:        0.000        0.000        0.000        0.000        0.000
  7870:        0.000        0.000        0.000        0.000        0.000
  7875:        0.000        0.000        0.000        0.000        0.000
  7880:        0.000        0.000        0.000        0.000        0.000
  7885:        0.000        0.000        0.000        0.000        0.000
  7890:        0.000        0.000        0.000        0.000        0.000
  7895:        0.000        0.000        0.000        0.000        0.000
  7900:        0.000        0.000        0.000        0.000        0.000
  7905:        0.000        0.000        0.000        0.000        0.000
  7910:        0.000        0.000        0.000        0.000        0.000
  7915:        0.000        0.000        0.000        0.000        0.000
  7920:        0.000        0.000        0.000        0.000        0.000
  7925:        0.000        0.000        0.000        0.000        0.000
  7930:        0.000        0.000        0.000        0.000        0.000
  7935:        0.000        0.000        0.000        0.000        0.000
  7940:        0.000        0.000        0.000        0.000        0.000
  7945:        0.000        0.000        0.000        0.000        0.000
  7950:        0.000        0.000        0.000        0.000        0.000
  7955:        0.000        0.000        0.000        0.000        0.000
  7960:        0.000        0.000        0.000        0.000        0.000
  7965:        0.000        0.000        0.000        0.000        0.000
  7970:        0.000        0.000        0.000        0.000        0.000
  7975:        0.000        0.000        0.000        0.000        0.000
  7980:        0.000        0.000        0.000        0.000        0.000
  7985:        0.000        0.000        0.000        0.000        0.000
  7990:        0.000        0.000        0.000        0.000        0.000
  7995:        0.000        0.000        0.000        0.000        0.000
  8000:        0.000        0.000        0.000        0.000        0.000
  8005:        0.000        0.000        0.000        0.000        0.000
  8010:        0.000        0.000        0.000        0.000        0.000
  8015:        0.000        0.000        0.000        0.000        0.000
  8020:        0.000        0.000        0.000        0.000        0.000
  8025:        0.000        0.000        0.000        0.000        0.000
  8030:        0.000        0.000        0.000        0.000        0.000
  8035:        0.000        0.000        0.000        0.000        0.000
  8040:        0.000        0.000        0.000        0.000        0.000
  8045:        0.000        0.000        0.000        0.000        0.000
  8050:        0.000        0.000        0.000        0.000        0.000
  8055:        0.000        0.000        0.000        0.000        0.000
  8060:        0.000        0.000        0.000        0.000        0.000
  8065:        0.000        0.000        0.000        0.000        0.000
  8070:        0.000        0.000        0.000        0.000        0.000
  8075:        0.000        0.000        0.000        0.000        0.000
  8080:        0.000        0.000        0.000        0.000        0.000
  8085:        0.000        0.000        0.000        0.000        0.000
  8090:        0.000        0.000        0.000        0.000        0.000
  8095:        0.000        0.000        0.000        0.000        0.000
  8100:        0.000        0.000        0.000        0.000        0.000
  8105:        0.000        0.000        0.000        0.000        0.000
  8110:        0.000        0.000        0.000        0.000        0.000
  8115:        0.000        0.000        0.000        0.000        0.000
  8120:        0.000        0.000        0.000        0.000        0.000
  8125:        0.000        0.000        0.000        0.000        0.000
  8130:        0.000        0.000        0.000        0.000        0.000
  8135:        0.000        0.000        0.000        0.000        0.000
  8140:        0.000        0.000        0.000        0.000        0.000
  8145:        0.000        0.000        0.000        0.000        0.000
  8150:        0.000        0.000        0.000        0.000        0.000
  8155:        0.000        0.000        0.000        0.000        0.000
  8160:        0.000        0.000        0.000        0.000        0.000
  8165:        0.000        0.000        0.000        0.000        0.000
  8170:        0.000        0.000        0.000        0.000        0.000
  8175:        0.000        0.000        0.000        0.000        0.000
  8180:        0.000        0.000        0.000        0.000        0.000
  8185:        0.000        0.000        0.000        0.000        0.000
  8190:        0.000        0.000        0.000        0.000        0.000
  8195:        0.000        0.000        0.000        0.000        0.000
  8200:        0.000        0.000        0.000        0.000        0.000
  8205:        0.000        0.000        0.000        0.000        0.000
  8210:        0.000        0.000        0.000        0.000        0.000
  8215:        0.000        0.000        0.000        0.000        0.000
  8220:        0.000        0.000        0.000        0.000        0.000
  8225:        0.000        0.000        0.000        0.000        0.000
  8230:        0.000        0.000        0.000        0.000        0.000
  8235:        0.000        0.000        0.000        0.000        0.000
  8240:        0.000        0.000        0.000        0.000        0.000
  8245:        0.000        0.000        0.000        0.000        0.000
  8250:        0.000        0.000        0.000        0.000        0.000
  8255:        0.000        0.000        0.000        0.000        0.000
  8260:        0.000        0.000        0.000        0.000        0.000
  8265:        0.000        0.000        0.000        0.000        0.000
  8270:        0.000        0.000        0.000        0.000        0.000
  8275:        0.000        0.000        0.000        0.000        0.000
  8280:        0.000        0.000        0.000        0.000        0.000
  8285:        0.000        0.000        0.000        0.000        0.000
  8290:        0.000        0.000        0.000        0.000        0.000
  8295:        0.000        0.000        0.000        0.000        0.000
  8300:        0.000        0.000        0.000        0.000        0.000
  8305:        0.000        0.000        0.000        0.000        0.000
  8310:        0.000        0.000        0.000        0.000        0.000
  8315:        0.000        0.000        0.000        0.000        0.000
  8320:        0.000        0.000        0.000        0.000        0.000
  8325:        0.000        0.000        0.000        0.000        0.000
  8330:        0.000        0.000        0.000        0.000        0.000
  8335:        0.000        0.000        0.000        0.000        0.000
  8340:        0.000        0.000        0.000        0.000        0.000
  8345:        0.000        0.000        0.000        0.000        0.000
  8350:        0.000        0.000        0.000        0.000        0.000
  8355:        0.000        0.000        0.000        0.000        0.000
  8360:        0.000        0.000        0.000        0.000        0.000
  8365:        0.000        0.000        0.000        0.000        0.000
  8370:        0.000        0.000        0.000        0.000        0.000
  8375:        0.000        0.000        0.000        0.000        0.000
  8380:        0.000        0.000        0.000        0.000        0.000
  8385:        0.000        0.000        0.000        0.000        0.000
  8390:        0.000        0.000        0.000        0.000        0.000
  8395:        0.000        0.000        0.000        0.000        0.000
  8400:        0.000        0.000        0.000        0.000        0.000
  8405:        0.000        0.000        0.000        0.000        0.000
  8410:        0.000        0.000        0.000        0.000        0.000
  8415:        0.000        0.000        0.000        0.000        0.000
  8420:        0.000        0.000        0.000        0.000        0.000
  8425:        0.000        0.000        0.000        0.000        0.000
  8430:        0.000        0.000        0.000        0.000        0.000
  8435:        0.000        0.000        0.000        0.000        0.000
  8440:        0.000        0.000        0.000        0.000        0.000
  8445:        0.000        0.000        0.000        0.000        0.000
  8450:        0.000        0.000        0.000        0.000        0.000
  8455:        0.000        0.000        0.000        0.000        0.000
  8460:        0.000        0.000        0.000        0.000        0.000
  8465:        0.000        0.000        0.000        0.000        0.000
  8470:        0.000        0.000        0.000        0.000        0.000
  8475:        0.000        0.000        0.000        0.000        0.000
  8480:        0.000        0.000        0.000        0.000        0.000
  8485:        0.000        0.000        0.000        0.000        0.000
  8490:        0.000        0.000        0.000        0.000        0.000
  8495:        0.000        0.000        0.000        0.000        0.000
  8500:        0.000        0.000        0.000        0.000        0.000
  8505:        0.000        0.000        0.000        0.000        0.000
  8510:        0.000        0.000        0.000        0.000        0.000
  8515:        0.000        0.000        0.000        0.000        0.000
  8520:        0.000        0.000        0.000        0.000        0.000
  8525:        0.000        0.000        0.000        0.000        0.000
  8530:        0.000        0.000        0.000        0.000        0.000
  8535:        0.000        0.000        0.000        0.000        0.000
  8540:        0.000        0.000        0.000        0.000        0.000
  8545:        0.000        0.000        0.000        0.000        0.000
  8550:        0.000        0.000        0.000        0.000        0.000
  8555:        0.000        0.000        0.000        0.000        0.000
  8560:        0.000        0.000        0.000        0.000        0.000
  8565:        0.000        0.000        0.000        0.000        0.000
  8570:        0.000        0.000        0.000        0.000        0.000
  8575:        0.000        0.000        0.000        0.000        0.000
  8580:        0.000        0.000        0.000        0.000        0.000
  8585:        0.000        0.000        0.000        0.000        0.000
  8590:        0.000        0.000        0.000        0.000        0.000
  8595:        0.000        0.000        0.000        0.000        0.000
  8600:        0.000        0.000        0.000        0.000        0.000
  8605:        0.000        0.000        0.000        0.000        0.000
  8610:        0.000        0.000        0.000        0.000        0.000
  8615:        0.000        0.000        0.000        0.000        0.000
  8620:        0.000        0.000        0.000        0.000        0.000
  8625:        0.000        0.000        0.000        0.000        0.000
  8630:        0.000        0.000        0.000        0.000        0.000
  8635:        0.000        0.000        0.000        0.000        0.000
  8640:        0.000        0.000        0.000        0.000        0.000
  8645:        0.000        0.000        0.000        0.000        0.000
  8650:        0.000        0.000        0.000        0.000        0.000
  8655:        0.000        0.000        0.000        0.000        0.000
  8660:        0.000        0.000        0.000        0.000        0.000
  8665:        0.000        0.000        0.000        0.000        0.000
  8670:        0.000        0.000        0.000        0.000        0.000
  8675:        0.000        0.000        0.000        0.000        0.000
  8680:        0.000        0.000        0.000        0.000        0.000
  8685:        0.000        0.000        0.000        0.000        0.000
  8690:        0.000        0.000        0.000        0.000        0.000
  8695:        0.000        0.000        0.000        0.000        0.000
  8700:        0.000        0.000        0.000        0.000        0.000
  8705:        0.000        0.000        0.000        0.000        0.000
  8710:        0.000        0.000        0.000        0.000        0.000
  8715:        0.000        0.000        0.000        0.000        0.000
  8720:        0.000        0.000        0.000        0.000        0.000
  8725:        0.000        0.000        0.000        0.000        0.000
  8730:        0.000        0.000        0.000        0.000        0.000
  8735:        0.000        0.000        0.000        0.000        0.000
  8740:        0.000        0.000        0.000        0.000        0.000
  8745:        0.000        0.000        0.000        0.000        0.000
  8750:        0.000        0.000        0.000        0.000        0.000
  8755:        0.000        0.000        0.000        0.000        0.000
  8760:        0.000        0.000        0.000        0.000        0.000
  8765:        0.000        0.000        0.000        0.000        0.000
  8770:        0.000        0.000        0.000        0.000        0.000
  8775:        0.000        0.000        0.000        0.000        0.000
  8780:        0.000        0.000        0.000        0.000        0.000
  8785:        0.000        0.000        0.000        0.000        0.000
  8790:        0.000        0.000        0.000        0.000        0.000
  8795:        0.000        0.000        0.000        0.000        0.000
  8800:        0.000        0.000        0.000        0.000        0.000
  8805:        0.000        0.000        0.000        0.000        0.000
  8810:        0.000        0.000        0.000        0.000        0.000
  8815:        0.000        0.000        0.000        0.000        0.000
  8820:        0.000        0.000        0.000        0.000        0.000
  8825:        0.000        0.000        0.000        0.000        0.000
  8830:        0.000        0.000        0.000        0.000        0.000
  8835:        0.000        0.000        0.000        0.000        0.000
  8840:        0.000        0.000        0.000        0.000        0.000
  8845:        0.000        0.000        0.000        0.000        0.000
  8850:        0.000        0.000        0.000        0.000        0.000
  8855:        0.000        0.000        0.000        0.000        0.000
  8860:        0.000        0.000        0.000        0.000        0.000
  8865:        0.000        0.000        0.000        0.000        0.000
  8870:        0.000        0.000        0.000        0.000        0.000
  8875:        0.000        0.000        0.000        0.000        0.000
  8880:        0.000        0.000        0.000        0.000        0.000
  8885:        0.000        0.000        0.000        0.000        0.000
  8890:        0.000        0.000        0.000        0.000        0.000
  8895:        0.000        0.000        0.000        0.000        0.000
  8900:        0.000        0.000        0.000        0.000        0.000
  8905:        0.000        0.000        0.000        0.000        0.000
  8910:        0.000        0.000        0.000        0.000        0.000
  8915:        0.000        0.000        0.000        0.000        0.000
  8920:        0.000        0.000        0.000        0.000        0.000
  8925:        0.000        0.000        0.000        0.000        0.000
  8930:        0.000        0.000        0.000        0.000        0.000
  8935:        0.000        0.000        0.000        0.000        0.000
  8940:        0.000        0.000        0.000        0.000        0.000
  8945:        0.000        0.000        0.000        0.000        0.000
  8950:        0.000        0.000        0.000        0.000        0.000
  8955:        0.000        0.000        0.000        0.000        0.000
  8960:        0.000        0.000        0.000        0.000        0.000
  8965:        0.000        0.000        0.000        0.000        0.000
  8970:        0.000        0.000        0.000        0.000        0.000
  8975:        0.000        0.000        0.000        0.000        0.000
  8980:        0.000        0.000        0.000        0.000        0.000
  8985:        0.000        0.000        0.000        0.000        0.000
  8990:        0.000        0.000        0.000        0.000        0.000
  8995:        0.000        0.000        0.000        0.000        0.000
  9000:        0.000        0.000        0.000        0.000        0.000
  9005:        0.000        0.000        0.000        0.000        0.000
  9010:        0.000        0.000        0.000        0.000        0.000
  9015:        0.000        0.000        0.000        0.000        0.000
  9020:        0.000        0.000        0.000        0.000        0.000
  9025:        0.000        0.000        0.000        0.000        0.000
  9030:        0.000        0.000        0.000        0.000        0.000
  9035:        0.000        0.000        0.000        0.000        0.000
  9040:        0.000        0.000        0.000        0.000        0.000
  9045:        0.000        0.000        0.000        0.000        0.000
  9050:        0.000        0.000        0.000        0.000        0.000
  9055:        0.000        0.000        0.000        0.000        0.000
  9060:        0.000        0.000        0.000        0.000        0.000
  9065:        0.000        0.000        0.000        0.000        0.000
  9070:        0.000        0.000        0.000        0.000        0.000
  9075:        0.000        0.000        0.000        0.000        0.000
  9080:        0.000        0.000        0.000        0.000        0.000
  9085:        0.000        0.000        0.000        0.000        0.000
  9090:        0.000        0.000        0.000        0.000        0.000
  9095:        0.000        0.000        0.000        0.000        0.000
  9100:        0.000        0.000        0.000        0.000        0.000
  9105:        0.000        0.000        0.000        0.000        0.000
  9110:        0.000        0.000        0.000        0.000        0.000
  9115:        0.000        0.000        0.000        0.000        0.000
  9120:        0.000        0.000        0.000        0.000        0.000
  9125:        0.000        0.000        0.000        0.000        0.000
  9130:        0.000        0.000        0.000        0.000        0.000
  9135:        0.000        0.000        0.000        0.000        0.000
  9140:        0.000        0.000        0.000        0.000        0.000
  9145:        0.000        0.000        0.000        0.000        0.000
  9150:        0.000        0.000        0.000        0.000        0.000
  9155:        0.000        0.000        0.000        0.000        0.000
  9160:        0.000        0.000        0.000        0.000        0.000
  9165:        0.000        0.000        0.000        0.000        0.000
  9170:        0.000        0.000        0.000        0.000        0.000
  9175:        0.000        0.000        0.000        0.000        0.000
  9180:        0.000        0.000        0.000        0.000        0.000
  9185:        0.000        0.000        0.000        0.000        0.000
  9190:        0.000        0.000        0.000        0.000        0.000
  9195:        0.000        0.000        0.000        0.000        0.000
  9200:        0.000        0.000        0.000        0.000        0.000
  9205:        0.000        0.000        0.000        0.000        0.000
  9210:        0.000        0.000        0.000        0.000        0.000
  9215:        0.000        0.000        0.000        0.000        0.000
  9220:        0.000        0.000        0.000        0.000        0.000
  9225:        0.000        0.000        0.000        0.000        0.000
  9230:        0.000        0.000        0.000        0.000        0.000
  9235:        0.000        0.000        0.000        0.000        0.000
  9240:        0.000        0.000        0.000        0.000        0.000
  9245:        0.000        0.000        0.000        0.000        0.000
  9250:        0.000        0.000        0.000        0.000        0.000
  9255:        0.000        0.000        0.000        0.000        0.000
  9260:        0.000        0.000        0.000        0.000        0.000
  9265:        0.000        0.000        0.000        0.000        0.000
  9270:        0.000        0.000        0.000        0.000        0.000
  9275:        0.000        0.000        0.000        0.000        0.000
  9280:        0.000        0.000        0.000        0.000        0.000
  9285:        0.000        0.000        0.000        0.000        0.000
  9290:        0.000        0.000        0.000        0.000        0.000
  9295:        0.000        0.000        0.000        0.000        0.000
  9300:        0.000        0.000        0.000        0.000        0.000
  9305:        0.000        0.000        0.000        0.000        0.000
  9310:        0.000        0.000        0.000        0.000        0.000
  9315:        0.000        0.000        0.000        0.000        0.000
  9320:        0.000        0.000        0.000        0.000        0.000
  9325:        0.000        0.000        0.000        0.000        0.000
  9330:        0.000        0.000        0.000        0.000        0.000
  9335:        0.000        0.000        0.000        0.000        0.000
  9340:        0.000        0.000        0.000        0.000        0.000
  9345:        0.000        0.000        0.000        0.000        0.000
  9350:        0.000        0.000        0.000        0.000        0.000
  9355:        0.000        0.000        0.000        0.000        0.000
  9360:        0.000        0.000        0.000        0.000        0.000
  9365:        0.000        0.000        0.000        0.000        0.000
  9370:        0.000        0.000        0.000        0.000        0.000
  9375:        0.000        0.000        0.000        0.000        0.000
  9380:        0.000        0.000        0.000        0.000        0.000
  9385:        0.000        0.000        0.000        0.000        0.000
  9390:        0.000        0.000        0.000        0.000        0.000
  9395:        0.000        0.000        0.000        0.000        0.000
  9400:        0.000        0.000        0.000        0.000        0.000
  9405:        0.000        0.000        0.000        0.000        0.000
  9410:        0.000        0.000        0.000        0.000        0.000
  9415:        0.000        0.000        0.000        0.000        0.000
  9420:        0.000        0.000        0.000        0.000        0.000
  9425:        0.000        0.000        0.000        0.000        0.000
  9430:        0.000        0.000        0.000        0.000        0.000
  9435:        0.000        0.000        0.000        0.000        0.000
  9440:        0.000        0.000        0.000        0.000        0.000
  9445:        0.000        0.000        0.000        0.000        0.000
  9450:        0.000        0.000        0.000        0.000        0.000
  9455:        0.000        0.000        0.000        0.000        0.000
  9460:        0.000        0.000        0.000        0.000        0.000
  9465:        0.000        0.000        0.000        0.000        0.000
  9470:        0.000        0.000        0.000        0.000        0.000
  9475:        0.000        0.000        0.000        0.000        0.000
  9480:        0.000        0.000        0.000        0.000        0.000
  9485:        0.000        0.000        0.000        0.000        0.000
  9490:        0.000        0.000        0.000        0.000        0.000
  9495:        0.000        0.000        0.000        0.000        0.000
  9500:        0.000        0.000        0.000        0.000        0.000
  9505:        0.000        0.000        0.000        0.000        0.000
  9510:        0.000        0.000        0.000        0.000        0.000
  9515:        0.000        0.000        0.000        0.000        0.000
  9520:        0.000        0.000        0.000        0.000        0.000
  9525:        0.000        0.000        0.000        0.000        0.000
  9530:        0.000        0.000        0.000        0.000        0.000
  9535:        0.000        0.000        0.000        0.000        0.000
  9540:        0.000        0.000        0.000        0.000        0.000
  9545:        0.000        0.000        0.000        0.000        0.000
  9550:        0.000        0.000        0.000        0.000        0.000
  9555:        0.000        0.000        0.000        0.000        0.000
  9560:        0.000        0.000        0.000        0.000        0.000
  9565:        0.000        0.000        0.000        0.000        0.000
  9570:        0.000        0.000        0.000        0.000        0.000
  9575:        0.000        0.000        0.000        0.000        0.000
  9580:        0.000        0.000        0.000        0.000        0.000
  9585:        0.000        0.000        0.000        0.000        0.000
  9590:        0.000        0.000        0.000        0.000        0.000
  9595:        0.000        0.000        0.000        0.000        0.000
  9600:        0.000        0.000        0.000        0.000        0.000
  9605:        0.000        0.000        0.000        0.000        0.000
  9610:        0.000        0.000        0.000        0.000        0.000
  9615:        0.000        0.000        0.000        0.000        0.000
  9620:        0.000        0.000        0.000        0.000        0.000
  9625:        0.000        0.000        0.000        0.000        0.000
  9630:        0.000        0.000        0.000        0.000        0.000
  9635:        0.000        0.000        0.000        0.000        0.000
  9640:        0.000        0.000        0.000        0.000        0.000
  9645:        0.000        0.000        0.000        0.000        0.000
  9650:        0.000        0.000        0.000        0.000        0.000
  9655:        0.000        0.000        0.000        0.000        0.000
  9660:        0.000        0.000        0.000        0.000        0.000
  9665:        0.000        0.000        0.000        0.000        0.000
  9670:        0.000        0.000        0.000        0.000        0.000
  9675:        0.000        0.000        0.000        0.000        0.000
  9680:        0.000        0.000        0.000        0.000        0.000
  9685:        0.000        0.000        0.000        0.000        0.000
  9690:        0.000        0.000        0.000        0.000        0.000
  9695:        0.000        0.000        0.000        0.000        0.000
  9700:        0.000        0.000        0.000        0.000        0.000
  9705:        0.000        0.000        0.000        0.000        0.000
  9710:        0.000        0.000        0.000        0.000        0.000
  9715:        0.000        0.000        0.000        0.000        0.000
  9720:        0.000        0.000        0.000        0.000        0.000
  9725:        0.000        0.000        0.000        0.000        0.000
  9730:        0.000        0.000        0.000        0.000        0.000
  9735:        0.000        0.000        0.000        0.000        0.000
  9740:        0.000        0.000        0.000        0.000        0.000
  9745:        0.000        0.000        0.000        0.000        0.000
  9750:        0.000        0.000        0.000        0.000        0.000
  9755:        0.000        0.000        0.000        0.000        0.000
  9760:        0.000        0.000        0.000        0.000        0.000
  9765:        0.000        0.000        0.000        0.000        0.000
  9770:        0.000        0.000        0.000        0.000        0.000
  9775:        0.000        0.000        0.000        0.000        0.000
  9780:        0.000        0.000        0.000        0.000        0.000
  9785:        0.000        0.000        0.000        0.000        0.000
  9790:        0.000        0.000        0.000        0.000        0.000
  9795:        0.000        0.000        0.000        0.000        0.000
  9800:        0.000        0.000        0.000        0.000        0.000
  9805:        0.000        0.000        0.000        0.000        0.000
  9810:        0.000        0.000        0.000        0.000        0.000
  9815:        0.000        0.000        0.000        0.000        0.000
  9820:        0.000        0.000        0.000        0.000        0.000
  9825:        0.000        0.000        0.000        0.000        0.000
  9830:        0.000        0.000        0.000        0.000        0.000
  9835:        0.000        0.000        0.000        0.000        0.000
  9840:        0.000        0.000        0.000        0.000        0.000
  9845:        0.000        0.000        0.000        0.000        0.000
  9850:        0.000        0.000        0.000        0.000        0.000
  9855:        0.000        0.000        0.000        0.000        0.000
  9860:        0.000        0.000        0.000        0.000        0.000
  9865:        0.000        0.000        0.000        0.000        0.000
  9870:        0.000        0.000        0.000        0.000        0.000
  9875:        0.000        0.000        0.000        0.000        0.000
  9880:        0.000        0.000        0.000        0.000        0.000
  9885:        0.000        0.000        0.000        0.000        0.000
  9890:        0.000        0.000        0.000        0.000        0.000
  9895:        0.000        0.000        0.000        0.000        0.000
  9900:        0.000        0.000        0.000        0.000        0.000
  9905:        0.000        0.000        0.000        0.000        0.000
  9910:        0.000        0.000        0.000        0.000        0.000
  9915:        0.000        0.000        0.000        0.000        0.000
  9920:        0.000        0.000        0.000        0.000        0.000
  9925:        0.000        0.000        0.000        0.000        0.000
  9930:        0.000        0.000        0.000        0.000        0.000
  9935:        0.000        0.000        0.000        0.000        0.000
  9940:        0.000        0.000        0.000        0.000        0.000
  9945:        0.000        0.000        0.000        0.000        0.000
  9950:        0.000        0.000        0.000        0.000        0.000
  9955:        0.000        0.000        0.000        0.000        0.000
  9960:        0.000        0.000        0.000        0.000        0.000
  9965:        0.000        0.000        0.000        0.000        0.000
  9970:        0.000        0.000        0.000        0.000        0.000
  9975:        0.000        0.000        0.000        0.000        0.000
  9980:        0.000        0.000        0.000        0.000        0.000
  9985:        0.000        0.000        0.000        0.000        0.000
  9990:        0.000        0.000        0.000        0.000        0.000
  9995:        0.000        0.000        0.000        0.000        0.000
 10000:        0.000        0.000        0.000        0.000        0.000
 10005:        0.000        0.000        0.000        0.000        0.000
 10010:        0.000        0.000        0.000        0.000        0.000
 10015:        0.000        0.000        0.000        0.000        0.000
 10020:        0.000        0.000        0.000        0.000        0.000
 10025:        0.000        0.000        0.000        0.000        0.000
 10030:        0.000        0.000        0.000        0.000        0.000
 10035:        0.000        0.000        0.000        0.000        0.000
 10040:        0.000        0.000        0.000        0.000        0.000
 10045:        0.000        0.000        0.000        0.000        0.000
 10050:        0.000        0.000        0.000        0.000        0.000
 10055:        0.000        0.000        0.000        0.000        0.000
 10060:        0.000        0.000        0.000        0.000        0.000
 10065:        0.000        0.000        0.000        0.000        0.000
 10070:        0.000        0.000        0.000        0.000        0.000
 10075:        0.000        0.000        0.000        0.000        0.000
 10080:        0.000        0.000        0.000        0.000        0.000
 10085:        0.000        0.000        0.000        0.000        0.000
 10090:        0.000        0.000        0.000        0.000        0.000
 10095:        0.000        0.000        0.000        0.000        0.000
 10100:        0.000        0.000        0.000        0.000        0.000
 10105:        0.000        0.000        0.000        0.000        0.000
 10110:        0.000        0.000        0.000        0.000        0.000
 10115:        0.000        0.000        0.000        0.000        0.000
 10120:        0.000        0.000        0.000        0.000        0.000
 10125:        0.000        0.000        0.000        0.000        0.000
 10130:        0.000        0.000        0.000        0.000        0.000
 10135:        0.000        0.000        0.000        0.000        0.000
 10140:        0.000        0.000        0.000        0.000        0.000
 10145:        0.000        0.000        0.000        0.000        0.000
 10150:        0.000        0.000        0.000        0.000        0.000
 10155:        0.000        0.000        0.000        0.000        0.000
 10160:        0.000        0.000        0.000        0.000        0.000
 10165:        0.000        0.000        0.000        0.000        0.000
 10170:        0.000        0.000        0.000        0.000        0.000
 10175:        0.000        0.000        0.000        0.000        0.000
 10180:        0.000        0.000        0.000        0.000        0.000
 10185:        0.000        0.000        0.000        0.000        0.000
 10190:        0.000        0.000        0.000        0.000        0.000
 10195:        0.000        0.000        0.000        0.000        0.000
 10200:        0.000        0.000        0.000        0.000        0.000
 10205:        0.000        0.000        0.000        0.000        0.000
 10210:        0.000        0.000        0.000        0.000        0.000
 10215:        0.000        0.000        0.000        0.000        0.000
 10220:        0.000        0.000        0.000        0.000        0.000
 10225:        0.000        0.000        0.000        0.000        0.000
 10230:        0.000        0.000        0.000        0.000        0.000
 10235:        0.000        0.000        0.000        0.000        0.000
 10240:        0.000        0.000        0.000        0.000        0.000
 10245:        0.000        0.000        0.000        0.000        0.000
 10250:        0.000        0.000        0.000        0.000        0.000
 10255:        0.000        0.000        0.000        0.000        0.000
 10260:        0.000        0.000        0.000        0.000        0.000
 10265:        0.000        0.000        0.000        0.000        0.000
 10270:        0.000        0.000        0.000        0.000        0.000
 10275:        0.000        0.000        0.000        0.000        0.000
 10280:        0.000        0.000        0.000        0.000        0.000
 10285:        0.000        0.000        0.000        0.000        0.000
 10290:        0.000        0.000        0.000        0.000        0.000
 10295:        0.000        0.000        0.000        0.000        0.000
 10300:        0.000        0.000        0.000        0.000        0.000
 10305:        0.000        0.000        0.000        0.000        0.000
 10310:        0.000        0.000        0.000        0.000        0.000
 10315:        0.000        0.000        0.000        0.000        0.000
 10320:        0.000        0.000        0.000        0.000        0.000
 10325:        0.000        0.000        0.000        0.000        0.000
 10330:        0.000        0.000        0.000        0.000        0.000
 10335:        0.000        0.000        0.000        0.000        0.000
 10340:        0.000        0.000        0.000        0.000        0.000
 10345:        0.000        0.000        0.000        0.000        0.000
 10350:        0.000        0.000        0.000        0.000        0.000
 10355:        0.000        0.000        0.000        0.000        0.000
 10360:        0.000        0.000        0.000        0.000        0.000
 10365:        0.000        0.000        0.000        0.000        0.000
 10370:        0.000        0.000        0.000        0.000        0.000
 10375:        0.000        0.000        0.000        0.000        0.000
 10380:        0.000        0.000        0.000        0.000        0.000
 10385:        0.000        0.000        0.000        0.000        0.000
 10390:        0.000        0.000        0.000        0.000        0.000
 10395:        0.000        0.000        0.000        0.000        0.000
 10400:        0.000        0.000        0.000        0.000        0.000
 10405:        0.000        0.000        0.000        0.000        0.000
 10410:        0.000        0.000        0.000        0.000        0.000
 10415:        0.000        0.000        0.000        0.000        0.000
 10420:        0.000        0.000        0.000        0.000        0.000
 10425:        0.000        0.000        0.000        0.000        0.000
 10430:        0.000        0.000        0.000        0.000        0.000
 10435:        0.000        0.000        0.000        0.000        0.000
 10440:        0.000        0.000        0.000        0.000        0.000
 10445:        0.000        0.000        0.000        0.000        0.000
 10450:        0.000        0.000        0.000        0.000        0.000
 10455:        0.000        0.000        0.000        0.000        0.000
 10460:        0.000        0.000        0.000        0.000        0.000
 10465:        0.000        0.000        0.000        0.000        0.000
 10470:        0.000        0.000        0.000        0.000        0.000
 10475:        0.000        0.000        0.000        0.000        0.000
 10480:        0.000        0.000        0.000        0.000        0.000
 10485:        0.000        0.000        0.000        0.000        0.000
 10490:        0.000        0.000        0.000        0.000        0.000
 10495:        0.000        0.000        0.000        0.000        0.000
 10500:        0.000        0.000        0.000        0.000        0.000
 10505:        0.000        0.000        0.000        0.000        0.000
 10510:        0.000        0.000        0.000        0.000        0.000
 10515:        0.000        0.000        0.000        0.000        0.000
 10520:        0.000        0.000        0.000        0.000        0.000
 10525:        0.000        0.000        0.000        0.000        0.000
 10530:        0.000        0.000        0.000        0.000        0.000
 10535:        0.000        0.000        0.000        0.000        0.000
 10540:        0.000        0.000        0.000        0.000        0.000
 10545:        0.000        0.000        0.000        0.000        0.000
 10550:        0.000        0.000        0.000        0.000        0.000
 10555:        0.000        0.000        0.000        0.000        0.000
 10560:        0.000        0.000        0.000        0.000        0.000
 10565:        0.000        0.000        0.000        0.000        0.000
 10570:        0.000        0.000        0.000        0.000        0.000
 10575:        0.000        0.000        0.000        0.000        0.000
 10580:        0.000        0.000        0.000        0.000        0.000
 10585:        0.000        0.000        0.000        0.000        0.000
 10590:        0.000        0.000        0.000        0.000        0.000
 10595:        0.000        0.000        0.000        0.000        0.000
 10600:        0.000        0.000        0.000        0.000        0.000
 10605:        0.000        0.000        0.000        0.000        0.000
 10610:        0.000        0.000        0.000        0.000        0.000
 10615:        0.000        0.000        0.000        0.000        0.000
 10620:        0.000        0.000        0.000        0.000        0.000
 10625:        0.000        0.000        0.000        0.000        0.000
 10630:        0.000        0.000        0.000        0.000        0.000
 10635:        0.000        0.000        0.000        0.000        0.000
 10640:        0.000        0.000        0.000        0.000        0.000
 10645:        0.000        0.000        0.000        0.000        0.000
 10650:        0.000        0.000        0.000        0.000        0.000
 10655:        0.000        0.000        0.000        0.000        0.000
 10660:        0.000        0.000        0.000        0.000        0.000
 10665:        0.000        0.000        0.000        0.000        0.000
 10670:        0.000        0.000        0.000        0.000        0.000
 10675:        0.000        0.000        0.000        0.000        0.000
 10680:        0.000        0.000        0.000        0.000        0.000
 10685:        0.000        0.000        0.000        0.000        0.000
 10690:        0.000        0.000        0.000        0.000        0.000
 10695:        0.000        0.000        0.000        0.000        0.000
 10700:        0.000        0.000        0.000        0.000        0.000
 10705:        0.000        0.000        0.000        0.000        0.000
 10710:        0.000        0.000        0.000        0.000        0.000
 10715:        0.000        0.000        0.000        0.000        0.000
 10720:        0.000        0.000        0.000        0.000        0.000
 10725:        0.000        0.000        0.000        0.000        0.000
 10730:        0.000        0.000        0.000        0.000        0.000
 10735:        0.000        0.000        0.000        0.000        0.000
 10740:        0.000        0.000        0.000        0.000        0.000
 10745:        0.000        0.000        0.000        0.000        0.000
 10750:        0.000        0.000        0.000        0.000        0.000
 10755:        0.000        0.000        0.000        0.000        0.000
 10760:        0.000        0.000        0.000        0.000        0.000
 10765:        0.000        0.000        0.000        0.000        0.000
 10770:        0.000        0.000        0.000        0.000        0.000
 10775:        0.000        0.000        0.000        0.000        0.000
 10780:        0.000        0.000        0.000        0.000        0.000
 10785:        0.000        0.000        0.000        0.000        0.000
 10790:        0.000        0.000        0.000        0.000        0.000
 10795:        0.000        0.000        0.000        0.000        0.000
 10800:        0.000        0.000        0.000        0.000        0.000
 10805:        0.000        0.000        0.000        0.000        0.000
 10810:        0.000        0.000        0.000        0.000        0.000
 10815:        0.000        0.000        0.000        0.000        0.000
 10820:        0.000        0.000        0.000        0.000        0.000
 10825:        0.000        0.000        0.000        0.000        0.000
 10830:        0.000        0.000        0.000        0.000        0.000
 10835:        0.000        0.000        0.000        0.000        0.000
 10840:        0.000        0.000        0.000        0.000        0.000
 10845:        0.000        0.000        0.000        0.000        0.000
 10850:        0.000        0.000        0.000        0.000        0.000
 10855:        0.000        0.000        0.000        0.000        0.000
 10860:        0.000        0.000        0.000        0.000        0.000
 10865:        0.000        0.000        0.000        0.000        0.000
 10870:        0.000        0.000        0.000        0.000        0.000
 10875:        0.000        0.000        0.000        0.000        0.000
 10880:        0.000        0.000        0.000        0.000        0.000
 10885:        0.000        0.000        0.000        0.000        0.000
 10890:        0.000        0.000        0.000        0.000        0.000
 10895:        0.000        0.000        0.000        0.000        0.000
 10900:        0.000        0.000        0.000        0.000        0.000
 10905:        0.000        0.000        0.000        0.000        0.000
 10910:        0.000        0.000        0.000        0.000        0.000
 10915:        0.000        0.000        0.000        0.000        0.000
 10920:        0.000        0.000        0.000        0.000        0.000
 10925:        0.000        0.000        0.000        0.000        0.000
 10930:        0.000        0.000        0.000        0.000        0.000
 10935:        0.000        0.000        0.000        0.000        0.000
 10940:        0.000        0.000        0.000        0.000        0.000
 10945:        0.000        0.000        0.000        0.000        0.000
 10950:        0.000        0.000        0.000        0.000        0.000
 10955:        0.000        0.000        0.000        0.000        0.000
 10960:        0.000        0.000        0.000        0.000        0.000
 10965:        0.000        0.000        0.000        0.000        0.000
 10970:        0.000        0.000        0.000        0.000        0.000
 10975:        0.000        0.000        0.000        0.000        0.000
 10980:        0.000        0.000        0.000        0.000        0.000
 10985:        0.000        0.000        0.000        0.000        0.000
 10990:        0.000        0.000        0.000        0.000        0.000
 10995:        0.000        0.000        0.000        0.000        0.000
 11000:        0.000        0.000        0.000        0.000        0.000
 11005:        0.000        0.000        0.000        0.000        0.000
 11010:        0.000        0.000        0.000        0.000        0.000
 11015:        0.000        0.000        0.000        0.000        0.000
 11020:        0.000        0.000        0.000        0.000        0.000
 11025:        0.000        0.000        0.000        0.000        0.000
 11030:        0.000        0.000        0.000        0.000        0.000
 11035:        0.000        0.000        0.000        0.000        0.000
 11040:        0.000        0.000        0.000        0.000        0.000
 11045:        0.000        0.000        0.000        0.000        0.000
 11050:        0.000        0.000        0.000        0.000        0.000
 11055:        0.000        0.000        0.000        0.000        0.000
 11060:        0.000        0.000        0.000        0.000        0.000
 11065:        0.000        0.000        0.000        0.000        0.000
 11070:        0.000        0.000        0.000        0.000        0.000
 11075:        0.000        0.000        0.000        0.000        0.000
 11080:        0.000        0.000        0.000        0.000        0.000
 11085:        0.000        0.000        0.000        0.000        0.000
 11090:        0.000        0.000        0.000        0.000        0.000
 11095:        0.000        0.000        0.000        0.000        0.000
 11100:        0.000        0.000        0.000        0.000        0.000
 11105:        0.000        0.000        0.000        0.000        0.000
 11110:        0.000        0.000        0.000        0.000        0.000
 11115:        0.000        0.000        0.000        0.000        0.000
 11120:        0.000        0.000        0.000        0.000        0.000
 11125:        0.000        0.000        0.000        0.000        0.000
 11130:        0.000        0.000        0.000        0.000        0.000
 11135:        0.000        0.000        0.000        0.000        0.000
 11140:        0.000        0.000        0.000        0.000        0.000
 11145:        0.000        0.000        0.000        0.000        0.000
 11150:        0.000        0.000        0.000        0.000        0.000
 11155:        0.000        0.000        0.000        0.000        0.000
 11160:        0.000        0.000        0.000        0.000        0.000
 11165:        0.000        0.000        0.000        0.000        0.000
 11170:        0.000        0.000        0.000        0.000        0.000
 11175:        0.000        0.000        0.000        0.000        0.000
 11180:        0.000        0.000        0.000        0.000        0.000
 11185:        0.000        0.000        0.000        0.000        0.000
 11190:        0.000        0.000        0.000        0.000        0.000
 11195:        0.000        0.000        0.000        0.000        0.000
 11200:        0.000        0.000        0.000        0.000        0.000
 11205:        0.000        0.000        0.000        0.000        0.000
 11210:        0.000        0.000        0.000        0.000        0.000
 11215:        0.000        0.000        0.000        0.000        0.000
 11220:        0.000        0.000        0.000        0.000        0.000
 11225:        0.000        0.000        0.000        0.000        0.000
 11230:        0.000        0.000        0.000        0.000        0.000
 11235:        0.000        0.000        0.000        0.000        0.000
 11240:        0.000        0.000        0.000        0.000        0.000
 11245:        0.000        0.000        0.000        0.000        0.000
 11250:        0.000        0.000        0.000        0.000        0.000
 11255:        0.000        0.000        0.000        0.000        0.000
 11260:        0.000        0.000        0.000        0.000        0.000
 11265:        0.000        0.000        0.000        0.000        0.000
 11270:        0.000        0.000        0.000        0.000        0.000
 11275:        0.000        0.000        0.000        0.000        0.000
 11280:        0.000        0.000        0.000        0.000        0.000
 11285:        0.000        0.000        0.000        0.000        0.000
 11290:        0.000        0.000        0.000        0.000        0.000
 11295:        0.000        0.000        0.000        0.000        0.000
 11300:        0.000        0.000        0.000        0.000        0.000
 11305:        0.000        0.000        0.000        0.000        0.000
 11310:        0.000        0.000        0.000        0.000        0.000
 11315:        0.000        0.000        0.000        0.000        0.000
 11320:        0.000        0.000        0.000        0.000        0.000
 11325:        0.000        0.000        0.000        0.000        0.000
 11330:        0.000        0.000        0.000        0.000        0.000
 11335:        0.000        0.000        0.000        0.000        0.000
 11340:        0.000        0.000        0.000        0.000        0.000
 11345:        0.000        0.000        0.000        0.000        0.000
 11350:        0.000        0.000        0.000        0.000        0.000
 11355:        0.000        0.000        0.000        0.000        0.000
 11360:        0.000        0.000        0.000        0.000        0.000
 11365:        0.000        0.000        0.000        0.000        0.000
 11370:        0.000        0.000        0.000        0.000        0.000
 11375:        0.000        0.000        0.000        0.000        0.000
 11380:        0.000        0.000        0.000        0.000        0.000
 11385:        0.000        0.000        0.000        0.000        0.000
 11390:        0.000        0.000        0.000        0.000        0.000
 11395:        0.000        0.000        0.000        0.000        0.000
 11400:        0.000        0.000        0.000        0.000        0.000
 11405:        0.000        0.000        0.000        0.000        0.000
 11410:        0.000        0.000        0.000        0.000        0.000
 11415:        0.000        0.000        0.000        0.000        0.000
 11420:        0.000        0.000        0.000        0.000        0.000
 11425:        0.000        0.000        0.000        0.000        0.000
 11430:        0.000        0.000        0.000        0.000        0.000
 11435:        0.000        0.000        0.000        0.000        0.000
 11440:        0.000        0.000        0.000        0.000        0.000
 11445:        0.000        0.000        0.000        0.000        0.000
 11450:        0.000        0.000        0.000        0.000        0.000
 11455:        0.000        0.000        0.000        0.000        0.000
 11460:        0.000        0.000        0.000        0.000        0.000
 11465:        0.000        0.000        0.000        0.000        0.000
 11470:        0.000        0.000        0.000        0.000        0.000
 11475:        0.000        0.000        0.000        0.000        0.000
 11480:        0.000        0.000        0.000        0.000        0.000
 11485:        0.000        0.000        0.000        0.000        0.000
 11490:        0.000        0.000        0.000        0.000        0.000
 11495:        0.000        0.000        0.000        0.000        0.000
 11500:        0.000        0.000        0.000        0.000        0.000
 11505:        0.000        0.000        0.000        0.000        0.000
 11510:        0.000        0.000        0.000        0.000        0.000
 11515:        0.000        0.000        0.000        0.000        0.000
 11520:        0.000        0.000        0.000        0.000        0.000
 11525:        0.000        0.000        0.000        0.000        0.000
 11530:        0.000        0.000        0.000        0.000        0.000
 11535:        0.000        0.000        0.000        0.000        0.000
 11540:        0.000        0.000        0.000        0.000        0.000
 11545:        0.000        0.000        0.000        0.000        0.000
 11550:        0.000        0.000        0.000        0.000        0.000
 11555:        0.000        0.000        0.000        0.000        0.000
 11560:        0.000        0.000        0.000        0.000        0.000
 11565:        0.000        0.000        0.000        0.000        0.000
 11570:        0.000        0.000        0.000        0.000        0.000
 11575:        0.000        0.000        0.000        0.000        0.000
 11580:        0.000        0.000        0.000        0.000        0.000
 11585:        0.000        0.000        0.000        0.000        0.000
 11590:        0.000        0.000        0.000        0.000        0.000
 11595:        0.000        0.000        0.000        0.000        0.000
 11600:        0.000        0.000        0.000        0.000        0.000
 11605:        0.000        0.000        0.000        0.000        0.000
 11610:        0.000        0.000        0.000        0.000        0.000
 11615:        0.000        0.000        0.000        0.000        0.000
 11620:        0.000        0.000        0.000        0.000        0.000
 11625:        0.000        0.000        0.000        0.000        0.000
 11630:        0.000        0.000        0.000        0.000        0.000
 11635:        0.000        0.000        0.000        0.000        0.000
 11640:        0.000        0.000        0.000        0.000        0.000
 11645:        0.000        0.000        0.000        0.000        0.000
 11650:        0.000        0.000        0.000        0.000        0.000
 11655:        0.000        0.000        0.000        0.000        0.000
 11660:        0.000        0.000        0.000        0.000        0.000
 11665:        0.000        0.000        0.000        0.000        0.000
 11670:        0.000        0.000        0.000        0.000        0.000
 11675:        0.000        0.000        0.000        0.000        0.000
 11680:        0.000        0.000        0.000        0.000        0.000
 11685:        0.000        0.000        0.000        0.000        0.000
 11690:        0.000        0.000        0.000        0.000        0.000
 11695:        0.000        0.000        0.000        0.000        0.000
 11700:        0.000        0.000        0.000        0.000        0.000
 11705:        0.000        0.000        0.000        0.000        0.000
 11710:        0.000        0.000        0.000        0.000        0.000
 11715:        0.000        0.000        0.000        0.000        0.000
 11720:        0.000        0.000        0.000        0.000        0.000
 11725:        0.000        0.000        0.000        0.000        0.000
 11730:        0.000        0.000        0.000        0.000        0.000
 11735:        0.000        0.000        0.000        0.000        0.000
 11740:        0.000        0.000        0.000        0.000        0.000
 11745:        0.000        0.000        0.000        0.000        0.000
 11750:        0.000        0.000        0.000        0.000        0.000
 11755:        0.000        0.000        0.000        0.000        0.000
 11760:        0.000        0.000        0.000        0.000        0.000
 11765:        0.000        0.000        0.000        0.000        0.000
 11770:        0.000        0.000        0.000        0.000        0.000
 11775:        0.000        0.000        0.000        0.000        0.000
 11780:        0.000        0.000        0.000        0.000        0.000
 11785:        0.000        0.000        0.000        0.000        0.000
 11790:        0.000        0.000        0.000        0.000        0.000
 11795:        0.000        0.000        0.000        0.000        0.000
 11800:        0.000        0.000        0.000        0.000        0.000
 11805:        0.000        0.000        0.000        0.000        0.000
 11810:        0.000        0.000        0.000        0.000        0.000
 11815:        0.000        0.000        0.000        0.000        0.000
 11820:        0.000        0.000        0.000        0.000        0.000
 11825:        0.000        0.000        0.000        0.000        0.000
 11830:        0.000        0.000        0.000        0.000        0.000
 11835:        0.000        0.000        0.000        0.000        0.000
 11840:        0.000        0.000        0.000        0.000        0.000
 11845:        0.000        0.000        0.000        0.000        0.000
 11850:        0.000        0.000        0.000        0.000        0.000
 11855:        0.000        0.000        0.000        0.000        0.000
 11860:        0.000        0.000        0.000        0.000        0.000
 11865:        0.000        0.000        0.000        0.000        0.000
 11870:        0.000        0.000        0.000        0.000        0.000
 11875:        0.000        0.000        0.000        0.000        0.000
 11880:        0.000        0.000        0.000        0.000        0.000
 11885:        0.000        0.000        0.000        0.000        0.000
 11890:        0.000        0.000        0.000        0.000        0.000
 11895:        0.000        0.000        0.000        0.000        0.000
 11900:        0.000        0.000        0.000        0.000        0.000
 11905:        0.000        0.000        0.000        0.000        0.000
 11910:        0.000        0.000        0.000        0.000        0.000
 11915:        0.000        0.000        0.000        0.000        0.000
 11920:        0.000        0.000        0.000        0.000        0.000
 11925:        0.000        0.000        0.000        0.000        0.000
 11930:        0.000        0.000        0.000        0.000        0.000
 11935:        0.000        0.000        0.000        0.000        0.000
 11940:        0.000        0.000        0.000        0.000        0.000
 11945:        0.000        0.000        0.000        0.000        0.000
 11950:        0.000        0.000        0.000        0.000        0.000
 11955:        0.000        0.000        0.000        0.000        0.000
 11960:        0.000        0.000        0.000        0.000        0.000
 11965:        0.000        0.000        0.000        0.000        0.000
 11970:        0.000        0.000        0.000        0.000        0.000
 11975:        0.000        0.000        0.000        0.000        0.000
 11980:        0.000        0.000        0.000        0.000        0.000
 11985:        0.000        0.000        0.000        0.000        0.000
 11990:        0.000        0.000        0.000        0.000        0.000
 11995:        0.000        0.000        0.000        0.000        0.000
 12000:        0.000        0.000        0.000        0.000        0.000
 12005:        0.000        0.000        0.000        0.000        0.000
 12010:        0.000        0.000        0.000        0.000        0.000
 12015:        0.000        0.000        0.000        0.000        0.000
 12020:        0.000        0.000        0.000        0.000        0.000
 12025:        0.000        0.000        0.000        0.000        0.000
 12030:        0.000        0.000        0.000        0.000        0.000
 12035:        0.000        0.000        0.000        0.000        0.000
 12040:        0.000        0.000        0.000        0.000        0.000
 12045:        0.000        0.000        0.000        0.000        0.000
 12050:        0.000        0.000        0.000        0.000        0.000
 12055:        0.000        0.000        0.000        0.000        0.000
 12060:        0.000        0.000        0.000        0.000        0.000
 12065:        0.000        0.000        0.000        0.000        0.000
 12070:        0.000        0.000        0.000        0.000        0.000
 12075:        0.000        0.000        0.000        0.000        0.000
 12080:        0.000        0.000        0.000        0.000        0.000
 12085:        0.000        0.000        0.000        0.000        0.000
 12090:        0.000        0.000        0.000        0.000        0.000
 12095:        0.000        0.000        0.000        0.000        0.000
 12100:        0.000        0.000        0.000        0.000        0.000
 12105:        0.000        0.000        0.000        0.000        0.000
 12110:        0.000        0.000        0.000        0.000        0.000
 12115:        0.000        0.000        0.000        0.000        0.000
 12120:        0.000        0.000        0.000        0.000        0.000
 12125:        0.000        0.000        0.000        0.000        0.000
 12130:        0.000        0.000        0.000        0.000        0.000
 12135:        0.000        0.000        0.000        0.000        0.000
 12140:        0.000        0.000        0.000        0.000        0.000
 12145:        0.000        0.000        0.000        0.000        0.000
 12150:        0.000        0.000        0.000        0.000        0.000
 12155:        0.000        0.000        0.000        0.000        0.000
 12160:        0.000        0.000        0.000        0.000        0.000
 12165:        0.000        0.000        0.000        0.000        0.000
 12170:        0.000        0.000        0.000        0.000        0.000
 12175:        0.000        0.000        0.000        0.000        0.000
 12180:        0.000        0.000        0.000        0.000        0.000
 12185:        0.000        0.000        0.000        0.000        0.000
 12190:        0.000        0.000        0.000        0.000        0.000
 12195:        0.000        0.000        0.000        0.000        0.000
 12200:        0.000        0.000        0.000        0.000        0.000
 12205:        0.000        0.000        0.000        0.000        0.000
 12210:        0.000        0.000        0.000        0.000        0.000
 12215:        0.000        0.000        0.000        0.000        0.000
 12220:        0.000        0.000        0.000        0.000        0.000
 12225:        0.000        0.000        0.000        0.000        0.000
 12230:        0.000        0.000        0.000        0.000        0.000
 12235:        0.000        0.000        0.000        0.000        0.000
 12240:        0.000        0.000        0.000        0.000        0.000
 12245:        0.000        0.000        0.000        0.000        0.000
 12250:        0.000        0.000        0.000        0.000        0.000
 12255:        0.000        0.000        0.000        0.000        0.000
 12260:        0.000        0.000        0.000        0.000        0.000
 12265:        0.000        0.000        0.000        0.000        0.000
 12270:        0.000        0.000        0.000        0.000        0.000
 12275:        0.000        0.000        0.000        0.000        0.000
 12280:        0.000        0.000        0.000        0.000        0.000
 12285:        0.000        0.000        0.000        0.000        0.000
 12290:        0.000        0.000        0.000        0.000        0.000
 12295:        0.000        0.000        0.000        0.000        0.000
 12300:        0.000        0.000        0.000        0.000        0.000
 12305:        0.000        0.000        0.000        0.000        0.000
 12310:        0.000        0.000        0.000        0.000        0.000
 12315:        0.000        0.000        0.000        0.000        0.000
 12320:        0.000        0.000        0.000        0.000        0.000
 12325:        0.000        0.000        0.000        0.000        0.000
 12330:        0.000        0.000        0.000        0.000        0.000
 12335:        0.000        0.000        0.000        0.000        0.000
 12340:        0.000        0.000        0.000        0.000        0.000
 12345:        0.000        0.000        0.000        0.000        0.000
 12350:        0.000        0.000        0.000        0.000        0.000
 12355:        0.000        0.000        0.000        0.000        0.000
 12360:        0.000        0.000        0.000        0.000        0.000
 12365:        0.000        0.000        0.000        0.000        0.000
 12370:        0.000        0.000        0.000        0.000        0.000
 12375:        0.000        0.000        0.000        0.000        0.000
 12380:        0.000        0.000        0.000        0.000        0.000
 12385:        0.000        0.000        0.000        0.000        0.000
 12390:        0.000        0.000        0.000        0.000        0.000
 12395:        0.000        0.000        0.000        0.000        0.000
 12400:        0.000        0.000        0.000        0.000        0.000
 12405:        0.000        0.000        0.000        0.000        0.000
 12410:        0.000        0.000        0.000        0.000        0.000
 12415:        0.000        0.000        0.000        0.000        0.000
 12420:        0.000        0.000        0.000        0.000        0.000
 12425:        0.000        0.000        0.000        0.000        0.000
 12430:        0.000        0.000        0.000        0.000        0.000
 12435:        0.000        0.000        0.000        0.000        0.000
 12440:        0.000        0.000        0.000        0.000        0.000
 12445:        0.000        0.000        0.000        0.000        0.000
 12450:        0.000        0.000        0.000        0.000        0.000
 12455:        0.000        0.000        0.000        0.000        0.000
 12460:        0.000        0.000        0.000        0.000        0.000
 12465:        0.000        0.000        0.000        0.000        0.000
 12470:        0.000        0.000        0.000        0.000        0.000
 12475:        0.000        0.000        0.000        0.000        0.000
 12480:        0.000        0.000        0.000        0.000        0.000
 12485:        0.000        0.000        0.000        0.000        0.000
 12490:        0.000        0.000        0.000        0.000        0.000
 12495:        0.000        0.000        0.000        0.000        0.000
 12500:        0.000        0.000        0.000        0.000        0.000
 12505:        0.000        0.000        0.000        0.000        0.000
 12510:        0.000        0.000        0.000        0.000        0.000
 12515:        0.000        0.000        0.000        0.000        0.000
 12520:        0.000        0.000        0.000        0.000        0.000
 12525:        0.000        0.000        0.000        0.000        0.000
 12530:        0.000        0.000        0.000        0.000        0.000
 12535:        0.000        0.000        0.000        0.000        0.000
 12540:        0.000        0.000        0.000        0.000        0.000
 12545:        0.000        0.000        0.000        0.000        0.000
 12550:        0.000        0.000        0.000        0.000        0.000
 12555:        0.000        0.000        0.000        0.000        0.000
 12560:        0.000        0.000        0.000        0.000        0.000
 12565:        0.000        0.000        0.000        0.000        0.000
 12570:        0.000        0.000        0.000        0.000        0.000
 12575:        0.000        0.000        0.000        0.000        0.000
 12580:        0.000        0.000        0.000        0.000        0.000
 12585:        0.000        0.000        0.000        0.000        0.000
 12590:        0.000        0.000        0.000        0.000        0.000
 12595:        0.000        0.000        0.000        0.000        0.000
 12600:        0.000        0.000        0.000        0.000        0.000
 12605:        0.000        0.000        0.000        0.000        0.000
 12610:        0.000        0.000        0.000        0.000        0.000
 12615:        0.000        0.000        0.000        0.000        0.000
 12620:        0.000        0.000        0.000        0.000        0.000
 12625:        0.000        0.000        0.000        0.000        0.000
 12630:        0.000        0.000        0.000        0.000        0.000
 12635:        0.000        0.000        0.000        0.000        0.000
 12640:        0.000        0.000        0.000        0.000        0.000
 12645:        0.000        0.000        0.000        0.000        0.000
 12650:        0.000        0.000        0.000        0.000        0.000
 12655:        0.000        0.000        0.000        0.000        0.000
 12660:        0.000        0.000        0.000        0.000        0.000
 12665:        0.000        0.000        0.000        0.000        0.000
 12670:        0.000        0.000        0.000        0.000        0.000
 12675:        0.000        0.000        0.000        0.000        0.000
 12680:        0.000        0.000        0.000        0.000        0.000
 12685:        0.000        0.000        0.000        0.000        0.000
 12690:        0.000        0.000        0.000        0.000        0.000
 12695:        0.000        0.000        0.000        0.000        0.000
 12700:        0.000        0.000        0.000        0.000        0.000
 12705:        0.000        0.000        0.000        0.000        0.000
 12710:        0.000        0.000        0.000        0.000        0.000
 12715:        0.000        0.000        0.000        0.000        0.000
 12720:        0.000        0.000        0.000        0.000        0.000
 12725:        0.000        0.000        0.000        0.000        0.000
 12730:        0.000        0.000        0.000        0.000        0.000
 12735:        0.000        0.000        0.000        0.000        0.000
 12740:        0.000        0.000        0.000        0.000        0.000
 12745:        0.000        0.000        0.000        0.000        0.000
 12750:        0.000        0.000        0.000        0.000        0.000
 12755:        0.000        0.000        0.000        0.000        0.000
 12760:        0.000        0.000        0.000        0.000        0.000
 12765:        0.000        0.000        0.000        0.000        0.000
 12770:        0.000        0.000        0.000        0.000        0.000
 12775:        0.000        0.000        0.000        0.000        0.000
 12780:        0.000        0.000        0.000        0.000        0.000
 12785:        0.000        0.000        0.000        0.000        0.000
 12790:        0.000        0.000        0.000        0.000        0.000
 12795:        0.000        0.000        0.000        0.000        0.000
 12800:        0.000        0.000        0.000        0.000        0.000
 12805:        0.000        0.000        0.000        0.000        0.000
 12810:        0.000        0.000        0.000        0.000        0.000
 12815:        0.000        0.000        0.000        0.000        0.000
 12820:        0.000        0.000        0.000        0.000        0.000
 12825:        0.000        0.000        0.000        0.000        0.000
 12830:        0.000        0.000        0.000        0.000        0.000
 12835:        0.000        0.000        0.000        0.000        0.000
 12840:        0.000        0.000        0.000        0.000        0.000
 12845:        0.000        0.000        0.000        0.000        0.000
 12850:        0.000        0.000        0.000        0.000        0.000
 12855:        0.000        0.000        0.000        0.000        0.000
 12860:        0.000        0.000        0.000        0.000        0.000
 12865:        0.000        0.000        0.000        0.000        0.000
 12870:        0.000        0.000        0.000        0.000        0.000
 12875:        0.000        0.000        0.000        0.000        0.000
 12880:        0.000        0.000        0.000        0.000        0.000
 12885:        0.000        0.000        0.000        0.000        0.000
 12890:        0.000        0.000        0.000        0.000        0.000
 12895:        0.000        0.000        0.000        0.000        0.000
 12900:        0.000        0.000        0.000        0.000        0.000
 12905:        0.000        0.000        0.000        0.000        0.000
 12910:        0.000        0.000        0.000        0.000        0.000
 12915:        0.000        0.000        0.000        0.000        0.000
 12920:        0.000        0.000        0.000        0.000        0.000
 12925:        0.000        0.000        0.000        0.000        0.000
 12930:        0.000        0.000        0.000        0.000        0.000
 12935:        0.000        0.000        0.000        0.000        0.000
 12940:        0.000        0.000        0.000        0.000        0.000
 12945:        0.000        0.000        0.000        0.000        0.000
 12950:        0.000        0.000        0.000        0.000        0.000
 12955:        0.000        0.000        0.000        0.000        0.000
 12960:        0.000        0.000        0.000        0.000        0.000
 12965:        0.000        0.000        0.000        0.000        0.000
 12970:        0.000        0.000        0.000        0.000        0.000
 12975:        0.000        0.000        0.000        0.000        0.000
 12980:        0.000        0.000        0.000        0.000        0.000
 12985:        0.000        0.000        0.000        0.000        0.000
 12990:        0.000        0.000        0.000        0.000        0.000
 12995:        0.000        0.000        0.000        0.000        0.000
 13000:        0.000        0.000        0.000        0.000        0.000
 13005:        0.000        0.000        0.000        0.000        0.000
 13010:        0.000        0.000        0.000        0.000        0.000
 13015:        0.000        0.000        0.000        0.000        0.000
 13020:        0.000        0.000        0.000        0.000        0.000
 13025:        0.000        0.000        0.000        0.000        0.000
 13030:        0.000        0.000        0.000        0.000        0.000
 13035:        0.000        0.000        0.000        0.000        0.000
 13040:        0.000        0.000        0.000        0.000        0.000
 13045:        0.000        0.000        0.000        0.000        0.000
 13050:        0.000        0.000        0.000        0.000        0.000
 13055:        0.000        0.000        0.000        0.000        0.000
 13060:        0.000        0.000        0.000        0.000        0.000
 13065:        0.000        0.000        0.000        0.000        0.000
 13070:        0.000        0.000        0.000        0.000        0.000
 13075:        0.000        0.000        0.000        0.000        0.000
 13080:        0.000        0.000        0.000        0.000        0.000
 13085:        0.000        0.000        0.000        0.000        0.000
 13090:        0.000        0.000        0.000        0.000        0.000
 13095:        0.000        0.000        0.000        0.000        0.000
 13100:        0.000        0.000        0.000        0.000        0.000
 13105:        0.000        0.000        0.000        0.000        0.000
 13110:        0.000        0.000        0.000        0.000        0.000
 13115:        0.000        0.000        0.000        0.000        0.000
 13120:        0.000        0.000        0.000        0.000        0.000
 13125:        0.000        0.000        0.000        0.000        0.000
 13130:        0.000        0.000        0.000        0.000        0.000
 13135:        0.000        0.000        0.000        0.000        0.000
 13140:        0.000        0.000        0.000        0.000        0.000
 13145:        0.000        0.000        0.000        0.000        0.000
 13150:        0.000        0.000        0.000        0.000        0.000
 13155:        0.000        0.000        0.000        0.000        0.000
 13160:        0.000        0.000        0.000        0.000        0.000
 13165:        0.000        0.000        0.000        0.000        0.000
 13170:        0.000        0.000        0.000        0.000        0.000
 13175:        0.000        0.000        0.000        0.000        0.000
 13180:        0.000        0.000        0.000        0.000        0.000
 13185:        0.000        0.000        0.000        0.000        0.000
 13190:        0.000        0.000        0.000        0.000        0.000
 13195:        0.000        0.000        0.000        0.000        0.000
 13200:        0.000        0.000        0.000        0.000        0.000
 13205:        0.000        0.000        0.000        0.000        0.000
 13210:        0.000        0.000        0.000        0.000        0.000
 13215:        0.000        0.000        0.000        0.000        0.000
 13220:        0.000        0.000        0.000        0.000        0.000
 13225:        0.000        0.000        0.000        0.000        0.000
 13230:        0.000        0.000        0.000        0.000        0.000
 13235:        0.000        0.000        0.000        0.000        0.000
 13240:        0.000        0.000        0.000        0.000        0.000
 13245:        0.000        0.000        0.000        0.000        0.000
 13250:        0.000        0.000        0.000        0.000        0.000
 13255:        0.000        0.000        0.000        0.000        0.000
 13260:        0.000        0.000        0.000        0.000        0.000
 13265:        0.000        0.000        0.000        0.000        0.000
 13270:        0.000        0.000        0.000        0.000        0.000
 13275:        0.000        0.000        0.000        0.000        0.000
 13280:        0.000        0.000        0.000        0.000        0.000
 13285:        0.000        0.000        0.000        0.000        0.000
 13290:        0.000        0.000        0.000        0.000        0.000
 13295:        0.000        0.000        0.000        0.000        0.000
 13300:        0.000        0.000        0.000        0.000        0.000
 13305:        0.000        0.000        0.000        0.000        0.000
 13310:        0.000        0.000        0.000        0.000        0.000
 13315:        0.000        0.000        0.000        0.000        0.000
 13320:        0.000        0.000        0.000        0.000        0.000
 13325:        0.000        0.000        0.000        0.000        0.000
 13330:        0.000        0.000        0.000        0.000        0.000
 13335:        0.000        0.000        0.000        0.000        0.000
 13340:        0.000        0.000        0.000        0.000        0.000
 13345:        0.000        0.000        0.000        0.000        0.000
 13350:        0.000        0.000        0.000        0.000        0.000
 13355:        0.000        0.000        0.000        0.000        0.000
 13360:        0.000        0.000        0.000        0.000        0.000
 13365:        0.000        0.000        0.000        0.000        0.000
 13370:        0.000        0.000        0.000        0.000        0.000
 13375:        0.000        0.000        0.000        0.000        0.000
 13380:        0.000        0.000        0.000        0.000        0.000
 13385:        0.000        0.000        0.000        0.000        0.000
 13390:        0.000        0.000        0.000        0.000        0.000
 13395:        0.000        0.000        0.000        0.000        0.000
 13400:        0.000        0.000        0.000        0.000        0.000
 13405:        0.000        0.000        0.000        0.000        0.000
 13410:        0.000        0.000        0.000        0.000        0.000
 13415:        0.000        0.000        0.000        0.000        0.000
 13420:        0.000        0.000        0.000        0.000        0.000
 13425:        0.000        0.000        0.000        0.000        0.000
 13430:        0.000        0.000        0.000        0.000        0.000
 13435:        0.000        0.000        0.000        0.000        0.000
 13440:        0.000        0.000        0.000        0.000        0.000
 13445:        0.000        0.000        0.000        0.000        0.000
 13450:        0.000        0.000        0.000        0.000        0.000
 13455:        0.000        0.000        0.000        0.000        0.000
 13460:        0.000        0.000        0.000        0.000        0.000
 13465:        0.000        0.000        0.000        0.000        0.000
 13470:        0.000        0.000        0.000        0.000        0.000
 13475:        0.000        0.000        0.000        0.000        0.000
 13480:        0.000        0.000        0.000        0.000        0.000
 13485:        0.000        0.000        0.000        0.000        0.000
 13490:        0.000        0.000        0.000        0.000        0.000
 13495:        0.000        0.000        0.000        0.000        0.000
 13500:        0.000        0.000        0.000        0.000        0.000
 13505:        0.000        0.000        0.000        0.000        0.000
 13510:        0.000        0.000        0.000        0.000        0.000
 13515:        0.000        0.000        0.000        0.000        0.000
 13520:        0.000        0.000        0.000        0.000        0.000
 13525:        0.000        0.000        0.000        0.000        0.000
 13530:        0.000        0.000        0.000        0.000        0.000
 13535:        0.000        0.000        0.000        0.000        0.000
 13540:        0.000        0.000        0.000        0.000        0.000
 13545:        0.000        0.000        0.000        0.000        0.000
 13550:        0.000        0.000        0.000        0.000        0.000
 13555:        0.000        0.000        0.000        0.000        0.000
 13560:        0.000        0.000        0.000        0.000        0.000
 13565:        0.000        0.000        0.000        0.000        0.000
 13570:        0.000        0.000        0.000        0.000        0.000
 13575:        0.000        0.000        0.000        0.000        0.000
 13580:        0.000        0.000        0.000        0.000        0.000
 13585:        0.000        0.000        0.000        0.000        0.000
 13590:        0.000        0.000        0.000        0.000        0.000
 13595:        0.000        0.000        0.000        0.000        0.000
 13600:        0.000        0.000        0.000        0.000        0.000
 13605:        0.000        0.000        0.000        0.000        0.000
 13610:        0.000        0.000        0.000        0.000        0.000
 13615:        0.000        0.000        0.000        0.000        0.000
 13620:        0.000        0.000        0.000        0.000        0.000
 13625:        0.000        0.000        0.000        0.000        0.000
 13630:        0.000        0.000        0.000        0.000        0.000
 13635:        0.000        0.000        0.000        0.000        0.000
 13640:        0.000        0.000        0.000        0.000        0.000
 13645:        0.000        0.000        0.000        0.000        0.000
 13650:        0.000        0.000        0.000        0.000        0.000
 13655:        0.000        0.000        0.000        0.000        0.000
 13660:        0.000        0.000        0.000        0.000        0.000
 13665:        0.000        0.000        0.000        0.000        0.000
 13670:        0.000        0.000        0.000        0.000        0.000
 13675:        0.000        0.000        0.000        0.000        0.000
 13680:        0.000        0.000        0.000        0.000        0.000
 13685:        0.000        0.000        0.000        0.000        0.000
 13690:        0.000        0.000        0.000        0.000        0.000
 13695:        0.000        0.000        0.000        0.000        0.000
 13700:        0.000        0.000        0.000        0.000        0.000
 13705:        0.000        0.000        0.000        0.000        0.000
 13710:        0.000        0.000        0.000        0.000        0.000
 13715:        0.000        0.000        0.000        0.000        0.000
 13720:        0.000        0.000        0.000        0.000        0.000
 13725:        0.000        0.000        0.000        0.000        0.000
 13730:        0.000        0.000        0.000        0.000        0.000
 13735:        0.000        0.000        0.000        0.000        0.000
 13740:        0.000        0.000        0.000        0.000        0.000
 13745:        0.000        0.000        0.000        0.000        0.000
 13750:        0.000        0.000        0.000        0.000        0.000
 13755:        0.000        0.000        0.000        0.000        0.000
 13760:        0.000        0.000        0.000        0.000        0.000
 13765:        0.000        0.000        0.000        0.000        0.000
 13770:        0.000        0.000        0.000        0.000        0.000
 13775:        0.000        0.000        0.000        0.000        0.000
 13780:        0.000        0.000        0.000        0.000        0.000
 13785:        0.000        0.000        0.000        0.000        0.000
 13790:        0.000        0.000        0.000        0.000        0.000
 13795:        0.000        0.000        0.000        0.000        0.000
 13800:        0.000        0.000        0.000        0.000        0.000
 13805:        0.000        0.000        0.000        0.000        0.000
 13810:        0.000        0.000        0.000        0.000        0.000
 13815:        0.000        0.000        0.000        0.000        0.000
 13820:        0.000        0.000        0.000        0.000        0.000
 13825:        0.000        0.000        0.000        0.000        0.000
 13830:        0.000        0.000        0.000        0.000        0.000
 13835:        0.000        0.000        0.000        0.000        0.000
 13840:        0.000        0.000        0.000        0.000        0.000
 13845:        0.000        0.000        0.000        0.000        0.000
 13850:        0.000        0.000        0.000        0.000        0.000
 13855:        0.000        0.000        0.000        0.000        0.000
 13860:        0.000        0.000        0.000        0.000        0.000
 13865:        0.000        0.000        0.000        0.000        0.000
 13870:        0.000        0.000        0.000        0.000        0.000
 13875:        0.000        0.000        0.000        0.000        0.000
 13880:        0.000        0.000        0.000        0.000        0.000
 13885:        0.000        0.000        0.000        0.000        0.000
 13890:        0.000        0.000        0.000        0.000        0.000
 13895:        0.000        0.000        0.000        0.000        0.000
 13900:        0.000        0.000        0.000        0.000        0.000
 13905:        0.000        0.000        0.000        0.000        0.000
 13910:        0.000        0.000        0.000        0.000        0.000
 13915:        0.000        0.000        0.000        0.000        0.000
 13920:        0.000        0.000        0.000        0.000        0.000
 13925:        0.000        0.000        0.000        0.000        0.000
 13930:        0.000        0.000        0.000        0.000        0.000
 13935:        0.000        0.000        0.000        0.000        0.000
 13940:        0.000        0.000        0.000        0.000        0.000
 13945:        0.000        0.000        0.000        0.000        0.000
 13950:        0.000        0.000        0.000        0.000        0.000
 13955:        0.000        0.000        0.000        0.000        0.000
 13960:        0.000        0.000        0.000        0.000        0.000
 13965:        0.000        0.000        0.000        0.000        0.000
 13970:        0.000        0.000        0.000        0.000        0.000
 13975:        0.000        0.000        0.000        0.000        0.000
 13980:        0.000        0.000        0.000        0.000        0.000
 13985:        0.000        0.000        0.000        0.000        0.000
 13990:        0.000        0.000        0.000        0.000        0.000
 13995:        0.000        0.000        0.000        0.000        0.000
 14000:        0.000        0.000        0.000        0.000        0.000
 14005:        0.000        0.000        0.000        0.000        0.000
 14010:        0.000        0.000        0.000        0.000        0.000
 14015:        0.000        0.000        0.000        0.000        0.000
 14020:        0.000        0.000        0.000        0.000        0.000
 14025:        0.000        0.000        0.000        0.000        0.000
 14030:        0.000        0.000        0.000        0.000        0.000
 14035:        0.000        0.000        0.000        0.000        0.000
 14040:        0.000        0.000        0.000        0.000        0.000
 14045:        0.000        0.000        0.000        0.000        0.000
 14050:        0.000        0.000        0.000        0.000        0.000
 14055:        0.000        0.000        0.000        0.000        0.000
 14060:        0.000        0.000        0.000        0.000        0.000
 14065:        0.000        0.000        0.000        0.000        0.000
 14070:        0.000        0.000        0.000        0.000        0.000
 14075:        0.000        0.000        0.000        0.000        0.000
 14080:        0.000        0.000        0.000        0.000        0.000
 14085:        0.000        0.000        0.000        0.000        0.000
 14090:        0.000        0.000        0.000        0.000        0.000
 14095:        0.000        0.000        0.000        0.000        0.000
 14100:        0.000        0.000        0.000        0.000        0.000
 14105:        0.000        0.000        0.000        0.000        0.000
 14110:        0.000        0.000        0.000        0.000        0.000
 14115:        0.000        0.000        0.000        0.000        0.000
 14120:        0.000        0.000        0.000        0.000        0.000
 14125:        0.000        0.000        0.000        0.000        0.000
 14130:        0.000        0.000        0.000        0.000        0.000
 14135:        0.000        0.000        0.000        0.000        0.000
 14140:        0.000        0.000        0.000        0.000        0.000
 14145:        0.000        0.000        0.000        0.000        0.000
 14150:        0.000        0.000        0.000        0.000        0.000
 14155:        0.000        0.000        0.000        0.000        0.000
 14160:        0.000        0.000        0.000        0.000        0.000
 14165:        0.000        0.000        0.000        0.000        0.000
 14170:        0.000        0.000        0.000        0.000        0.000
 14175:        0.000        0.000        0.000        0.000        0.000
 14180:        0.000        0.000        0.000        0.000        0.000
 14185:        0.000        0.000        0.000        0.000        0.000
 14190:        0.000        0.000        0.000        0.000        0.000
 14195:        0.000        0.000        0.000        0.000        0.000
 14200:        0.000        0.000        0.000        0.000        0.000
 14205:        0.000        0.000        0.000        0.000        0.000
 14210:        0.000        0.000        0.000        0.000        0.000
 14215:        0.000        0.000        0.000        0.000        0.000
 14220:        0.000        0.000        0.000        0.000        0.000
 14225:        0.000        0.000        0.000        0.000        0.000
 14230:        0.000        0.000        0.000        0.000        0.000
 14235:        0.000        0.000        0.000        0.000        0.000
 14240:        0.000        0.000        0.000        0.000        0.000
 14245:        0.000        0.000        0.000        0.000        0.000
 14250:        0.000        0.000        0.000        0.000        0.000
 14255:        0.000        0.000        0.000        0.000        0.000
 14260:        0.000        0.000        0.000        0.000        0.000
 14265:        0.000        0.000        0.000        0.000        0.000
 14270:        0.000        0.000        0.000        0.000        0.000
 14275:        0.000        0.000        0.000        0.000        0.000
 14280:        0.000        0.000        0.000        0.000        0.000
 14285:        0.000        0.000        0.000        0.000        0.000
 14290:        0.000        0.000        0.000        0.000        0.000
 14295:        0.000        0.000        0.000        0.000        0.000
 14300:        0.000        0.000        0.000        0.000        0.000
 14305:        0.000        0.000        0.000        0.000        0.000
 14310:        0.000        0.000        0.000        0.000        0.000
 14315:        0.000        0.000        0.000        0.000        0.000
 14320:        0.000        0.000        0.000        0.000        0.000
 14325:        0.000        0.000        0.000        0.000        0.000
 14330:        0.000        0.000        0.000        0.000        0.000
 14335:        0.000        0.000        0.000        0.000        0.000
 14340:        0.000        0.000        0.000        0.000        0.000
 14345:        0.000        0.000        0.000        0.000        0.000
 14350:        0.000        0.000        0.000        0.000        0.000
 14355:        0.000        0.000        0.000        0.000        0.000
 14360:        0.000        0.000        0.000        0.000        0.000
 14365:        0.000        0.000        0.000        0.000        0.000
 14370:        0.000        0.000        0.000        0.000        0.000
 14375:        0.000        0.000        0.000        0.000        0.000
 14380:        0.000        0.000        0.000        0.000        0.000
 14385:        0.000        0.000        0.000        0.000        0.000
 14390:        0.000        0.000        0.000        0.000        0.000
 14395:        0.000        0.000        0.000        0.000        0.000
 14400:        0.000        0.000        0.000        0.000        0.000
 14405:        0.000        0.000        0.000        0.000        0.000
 14410:        0.000        0.000        0.000        0.000        0.000
 14415:        0.000        0.000        0.000        0.000        0.000
 14420:        0.000        0.000        0.000        0.000        0.000
 14425:        0.000        0.000        0.000        0.000        0.000
 14430:        0.000        0.000        0.000        0.000        0.000
 14435:        0.000        0.000        0.000        0.000        0.000
 14440:        0.000        0.000        0.000        0.000        0.000
 14445:        0.000        0.000        0.000        0.000        0.000
 14450:        0.000        0.000        0.000        0.000        0.000
 14455:        0.000        0.000        0.000        0.000        0.000
 14460:        0.000        0.000        0.000        0.000        0.000
 14465:        0.000        0.000        0.000        0.000        0.000
 14470:        0.000        0.000        0.000        0.000        0.000
 14475:        0.000        0.000        0.000        0.000        0.000
 14480:        0.000        0.000        0.000        0.000        0.000
 14485:        0.000        0.000        0.000        0.000        0.000
 14490:        0.000        0.000        0.000        0.000        0.000
 14495:        0.000        0.000        0.000        0.000        0.000
 14500:        0.000        0.000        0.000        0.000        0.000
 14505:        0.000        0.000        0.000        0.000        0.000
 14510:        0.000        0.000        0.000        0.000        0.000
 14515:        0.000        0.000        0.000        0.000        0.000
 14520:        0.000        0.000        0.000        0.000        0.000
 14525:        0.000        0.000        0.000        0.000        0.000
 14530:        0.000        0.000        0.000        0.000        0.000
 14535:        0.000        0.000        0.000        0.000        0.000
 14540:        0.000        0.000        0.000        0.000        0.000
 14545:        0.000        0.000        0.000        0.000        0.000
 14550:        0.000        0.000        0.000        0.000        0.000
 14555:        0.000        0.000        0.000        0.000        0.000
 14560:        0.000        0.000        0.000        0.000        0.000
 14565:        0.000        0.000        0.000        0.000        0.000
 14570:        0.000        0.000        0.000        0.000        0.000
 14575:        0.000        0.000        0.000        0.000        0.000
 14580:        0.000        0.000        0.000        0.000        0.000
 14585:        0.000        0.000        0.000        0.000        0.000
 14590:        0.000        0.000        0.000        0.000        0.000
 14595:        0.000        0.000        0.000        0.000        0.000
 14600:        0.000        0.000        0.000        0.000        0.000
 14605:        0.000        0.000        0.000        0.000        0.000
 14610:        0.000        0.000        0.000        0.000        0.000
 14615:        0.000        0.000        0.000        0.000        0.000
 14620:        0.000        0.000        0.000        0.000        0.000
 14625:        0.000        0.000        0.000        0.000        0.000
 14630:        0.000        0.000        0.000        0.000        0.000
 14635:        0.000        0.000        0.000        0.000        0.000
 14640:        0.000        0.000        0.000        0.000        0.000
 14645:        0.000        0.000        0.000        0.000        0.000
 14650:        0.000        0.000        0.000        0.000        0.000
 14655:        0.000        0.000        0.000        0.000        0.000
 14660:        0.000        0.000        0.000        0.000        0.000
 14665:        0.000        0.000        0.000        0.000        0.000
 14670:        0.000        0.000        0.000        0.000        0.000
 14675:        0.000        0.000        0.000        0.000        0.000
 14680:        0.000        0.000        0.000        0.000        0.000
 14685:        0.000        0.000        0.000        0.000        0.000
 14690:        0.000        0.000        0.000        0.000        0.000
 14695:        0.000        0.000        0.000        0.000        0.000
 14700:        0.000        0.000        0.000        0.000        0.000
 14705:        0.000        0.000        0.000        0.000        0.000
 14710:        0.000        0.000        0.000        0.000        0.000
 14715:        0.000        0.000        0.000        0.000        0.000
 14720:        0.000        0.000        0.000        0.000        0.000
 14725:        0.000        0.000        0.000        0.000        0.000
 14730:        0.000        0.000        0.000        0.000        0.000
 14735:        0.000        0.000        0.000        0.000        0.000
 14740:        0.000        0.000        0.000        0.000        0.000
 14745:        0.000        0.000        0.000        0.000        0.000
 14750:        0.000        0.000        0.000        0.000        0.000
 14755:        0.000        0.000        0.000        0.000        0.000
 14760:        0.000        0.000        0.000        0.000        0.000
 14765:        0.000        0.000        0.000        0.000        0.000
 14770:        0.000        0.000        0.000        0.000        0.000
 14775:        0.000        0.000        0.000        0.000        0.000
 14780:        0.000        0.000        0.000        0.000        0.000
 14785:        0.000        0.000        0.000        0.000        0.000
 14790:        0.000        0.000        0.000        0.000        0.000
 14795:        0.000        0.000        0.000        0.000        0.000
 14800:        0.000        0.000        0.000        0.000        0.000
 14805:        0.000        0.000        0.000        0.000        0.000
 14810:        0.000        0.000        0.000        0.000        0.000
 14815:        0.000        0.000        0.000        0.000        0.000
 14820:        0.000        0.000        0.000        0.000        0.000
 14825:        0.000        0.000        0.000        0.000        0.000
 14830:        0.000        0.000        0.000        0.000        0.000
 14835:        0.000        0.000        0.000        0.000        0.000
 14840:        0.000        0.000        0.000        0.000        0.000
 14845:        0.000        0.000        0.000        0.000        0.000
 14850:        0.000        0.000        0.000        0.000        0.000
 14855:        0.000        0.000        0.000        0.000        0.000
 14860:        0.000        0.000        0.000        0.000        0.000
 14865:        0.000        0.000        0.000        0.000        0.000
 14870:        0.000        0.000        0.000        0.000        0.000
 14875:        0.000        0.000        0.000        0.000        0.000
 14880:        0.000        0.000        0.000        0.000        0.000
 14885:        0.000        0.000        0.000        0.000        0.000
 14890:        0.000        0.000        0.000        0.000        0.000
 14895:        0.000        0.000        0.000        0.000        0.000
 14900:        0.000        0.000        0.000        0.000        0.000
 14905:        0.000        0.000        0.000        0.000        0.000
 14910:        0.000        0.000        0.000        0.000        0.000
 14915:        0.000        0.000        0.000        0.000        0.000
 14920:        0.000        0.000        0.000        0.000        0.000
 14925:        0.000        0.000        0.000        0.000        0.000
 14930:        0.000        0.000        0.000        0.000        0.000
 14935:        0.000        0.000        0.000        0.000        0.000
 14940:        0.000        0.000        0.000        0.000        0.000
 14945:        0.000        0.000        0.000        0.000        0.000
 14950:        0.000        0.000        0.000        0.000        0.000
 14955:        0.000        0.000        0.000        0.000        0.000
 14960:        0.000        0.000        0.000        0.000        0.000
 14965:        0.000        0.000        0.000        0.000        0.000
 14970:        0.000        0.000        0.000        0.000        0.000
 14975:        0.000        0.000        0.000        0.000        0.000
 14980:        0.000        0.000        0.000        0.000        0.000
 14985:        0.000        0.000        0.000        0.000        0.000
 14990:        0.000        0.000        0.000        0.000        0.000
 14995:        0.000        0.000        0.000        0.000        0.000
 15000:        0.000        0.000        0.000        0.000        0.000
 15005:        0.000        0.000        0.000        0.000        0.000
 15010:        0.000        0.000        0.000        0.000        0.000
 15015:        0.000        0.000        0.000        0.000        0.000
 15020:        0.000        0.000        0.000        0.000        0.000
 15025:        0.000        0.000        0.000        0.000        0.000
 15030:        0.000        0.000        0.000        0.000        0.000
 15035:        0.000        0.000        0.000        0.000        0.000
 15040:        0.000        0.000        0.000        0.000        0.000
 15045:        0.000        0.000        0.000        0.000        0.000
 15050:        0.000        0.000        0.000        0.000        0.000
 15055:        0.000        0.000        0.000        0.000        0.000
 15060:        0.000        0.000        0.000        0.000        0.000
 15065:        0.000        0.000        0.000        0.000        0.000
 15070:        0.000        0.000        0.000        0.000        0.000
 15075:        0.000        0.000        0.000        0.000        0.000
 15080:        0.000        0.000        0.000        0.000        0.000
 15085:        0.000        0.000        0.000        0.000        0.000
 15090:        0.000        0.000        0.000        0.000        0.000
 15095:        0.000        0.000        0.000        0.000        0.000
 15100:        0.000        0.000        0.000        0.000        0.000
 15105:        0.000        0.000        0.000        0.000        0.000
 15110:        0.000        0.000        0.000        0.000        0.000
 15115:        0.000        0.000        0.000        0.000        0.000
 15120:        0.000        0.000        0.000        0.000        0.000
 15125:        0.000        0.000        0.000        0.000        0.000
 15130:        0.000        0.000        0.000        0.000        0.000
 15135:        0.000        0.000        0.000        0.000        0.000
 15140:        0.000        0.000        0.000        0.000        0.000
 15145:        0.000        0.000        0.000        0.000        0.000
 15150:        0.000        0.000        0.000        0.000        0.000
 15155:        0.000        0.000        0.000        0.000        0.000
 15160:        0.000        0.000        0.000        0.000        0.000
 15165:        0.000        0.000        0.000        0.000        0.000
 15170:        0.000        0.000        0.000        0.000        0.000
 15175:        0.000        0.000        0.000        0.000        0.000
 15180:        0.000        0.000        0.000        0.000        0.000
 15185:        0.000        0.000        0.000        0.000        0.000
 15190:        0.000        0.000        0.000        0.000        0.000
 15195:        0.000        0.000        0.000        0.000        0.000
 15200:        0.000        0.000        0.000        0.000        0.000
 15205:        0.000        0.000        0.000        0.000        0.000
 15210:        0.000        0.000        0.000        0.000        0.000
 15215:        0.000        0.000        0.000        0.000        0.000
 15220:        0.000        0.000        0.000        0.000        0.000
 15225:        0.000        0.000        0.000        0.000        0.000
 15230:        0.000        0.000        0.000        0.000        0.000
 15235:        0.000        0.000        0.000        0.000        0.000
 15240:        0.000        0.000        0.000        0.000        0.000
 15245:        0.000        0.000        0.000        0.000        0.000
 15250:        0.000        0.000        0.000        0.000        0.000
 15255:        0.000        0.000        0.000        0.000        0.000
 15260:        0.000        0.000        0.000        0.000        0.000
 15265:        0.000        0.000        0.000        0.000        0.000
 15270:        0.000        0.000        0.000        0.000        0.000
 15275:        0.000        0.000        0.000        0.000        0.000
 15280:        0.000        0.000        0.000        0.000        0.000
 15285:        0.000        0.000        0.000        0.000        0.000
 15290:        0.000        0.000        0.000        0.000        0.000
 15295:        0.000        0.000        0.000        0.000        0.000
 15300:        0.000        0.000        0.000        0.000        0.000
 15305:        0.000        0.000        0.000        0.000        0.000
 15310:        0.000        0.000        0.000        0.000        0.000
 15315:        0.000        0.000        0.000        0.000        0.000
 15320:        0.000        0.000        0.000        0.000        0.000
 15325:        0.000        0.000        0.000        0.000        0.000
 15330:        0.000        0.000        0.000        0.000        0.000
 15335:        0.000        0.000        0.000        0.000        0.000
 15340:        0.000        0.000        0.000        0.000        0.000
 15345:        0.000        0.000        0.000        0.000        0.000
 15350:        0.000        0.000        0.000        0.000        0.000
 15355:        0.000        0.000        0.000        0.000        0.000
 15360:        0.000        0.000        0.000        0.000        0.000
 15365:        0.000        0.000        0.000        0.000        0.000
 15370:        0.000        0.000        0.000        0.000        0.000
 15375:        0.000        0.000        0.000        0.000        0.000
 15380:        0.000        0.000        0.000        0.000        0.000
 15385:        0.000        0.000        0.000        0.000        0.000
 15390:        0.000        0.000        0.000        0.000        0.000
 15395:        0.000        0.000        0.000        0.000        0.000
 15400:        0.000        0.000        0.000        0.000        0.000
 15405:        0.000        0.000        0.000        0.000        0.000
 15410:        0.000        0.000        0.000        0.000        0.000
 15415:        0.000        0.000        0.000        0.000        0.000
 15420:        0.000        0.000        0.000        0.000        0.000
 15425:        0.000        0.000        0.000        0.000        0.000
 15430:        0.000        0.000        0.000        0.000        0.000
 15435:        0.000        0.000        0.000        0.000        0.000
 15440:        0.000        0.000        0.000        0.000        0.000
 15445:        0.000        0.000        0.000        0.000        0.000
 15450:        0.000        0.000        0.000        0.000        0.000
 15455:        0.000        0.000        0.000        0.000        0.000
 15460:        0.000        0.000        0.000        0.000        0.000
 15465:        0.000        0.000        0.000        0.000        0.000
 15470:        0.000        0.000        0.000        0.000        0.000
 15475:        0.000        0.000        0.000        0.000        0.000
 15480:        0.000        0.000        0.000        0.000        0.000
 15485:        0.000        0.000        0.000        0.000        0.000
 15490:        0.000        0.000        0.000        0.000        0.000
 15495:        0.000        0.000        0.000        0.000        0.000
 15500:        0.000        0.000        0.000        0.000        0.000
 15505:        0.000        0.000        0.000        0.000        0.000
 15510:        0.000        0.000        0.000        0.000        0.000
 15515:        0.000        0.000        0.000        0.000        0.000
 15520:        0.000        0.000        0.000        0.000        0.000
 15525:        0.000        0.000        0.000        0.000        0.000
 15530:        0.000        0.000        0.000        0.000        0.000
 15535:        0.000        0.000        0.000        0.000        0.000
 15540:        0.000        0.000        0.000        0.000        0.000
 15545:        0.000        0.000        0.000        0.000        0.000
 15550:        0.000        0.000        0.000        0.000        0.000
 15555:        0.000        0.000        0.000        0.000        0.000
 15560:        0.000        0.000        0.000        0.000        0.000
 15565:        0.000        0.000        0.000        0.000        0.000
 15570:        0.000        0.000        0.000        0.000        0.000
 15575:        0.000        0.000        0.000        0.000        0.000
 15580:        0.000        0.000        0.000        0.000        0.000
 15585:        0.000        0.000        0.000        0.000        0.000
 15590:        0.000        0.000        0.000        0.000        0.000
 15595:        0.000        0.000        0.000        0.000        0.000
 15600:        0.000        0.000        0.000        0.000        0.000
 15605:        0.000        0.000        0.000        0.000        0.000
 15610:        0.000        0.000        0.000        0.000        0.000
 15615:        0.000        0.000        0.000        0.000        0.000
 15620:        0.000        0.000        0.000        0.000        0.000
 15625:        0.000        0.000        0.000        0.000        0.000
 15630:        0.000        0.000        0.000        0.000        0.000
 15635:        0.000        0.000        0.000        0.000        0.000
 15640:        0.000        0.000        0.000        0.000        0.000
 15645:        0.000        0.000        0.000        0.000        0.000
 15650:        0.000        0.000        0.000        0.000        0.000
 15655:        0.000        0.000        0.000        0.000        0.000
 15660:        0.000        0.000        0.000        0.000        0.000
 15665:        0.000        0.000        0.000        0.000        0.000
 15670:        0.000        0.000        0.000        0.000        0.000
 15675:        0.000        0.000        0.000        0.000        0.000
 15680:        0.000        0.000        0.000        0.000        0.000
 15685:        0.000        0.000        0.000        0.000        0.000
 15690:        0.000        0.000        0.000        0.000        0.000
 15695:        0.000        0.000        0.000        0.000        0.000
 15700:        0.000        0.000        0.000        0.000        0.000
 15705:        0.000        0.000        0.000        0.000        0.000
 15710:        0.000        0.000        0.000        0.000        0.000
 15715:        0.000        0.000        0.000        0.000        0.000
 15720:        0.000        0.000        0.000        0.000        0.000
 15725:        0.000        0.000        0.000        0.000        0.000
 15730:        0.000        0.000        0.000        0.000        0.000
 15735:        0.000        0.000        0.000        0.000        0.000
 15740:        0.000        0.000        0.000        0.000        0.000
 15745:        0.000        0.000        0.000        0.000        0.000
 15750:        0.000        0.000        0.000        0.000        0.000
 15755:        0.000        0.000        0.000        0.000        0.000
 15760:        0.000        0.000        0.000        0.000        0.000
 15765:        0.000        0.000        0.000        0.000        0.000
 15770:        0.000        0.000        0.000        0.000        0.000
 15775:        0.000        0.000        0.000        0.000        0.000
 15780:        0.000        0.000        0.000        0.000        0.000
 15785:        0.000        0.000        0.000        0.000        0.000
 15790:        0.000        0.000        0.000        0.000        0.000
 15795:        0.000        0.000        0.000        0.000        0.000
 15800:        0.000        0.000        0.000        0.000        0.000
 15805:        0.000        0.000        0.000        0.000        0.000
 15810:        0.000        0.000        0.000        0.000        0.000
 15815:        0.000        0.000        0.000        0.000        0.000
 15820:        0.000        0.000        0.000        0.000        0.000
 15825:        0.000        0.000        0.000        0.000        0.000
 15830:        0.000        0.000        0.000        0.000        0.000
 15835:        0.000        0.000        0.000        0.000        0.000
 15840:        0.000        0.000        0.000        0.000        0.000
 15845:        0.000        0.000        0.000        0.000        0.000
 15850:        0.000        0.000        0.000        0.000        0.000
 15855:        0.000        0.000        0.000        0.000        0.000
 15860:        0.000        0.000        0.000        0.000        0.000
 15865:        0.000        0.000        0.000        0.000        0.000
 15870:        0.000        0.000        0.000        0.000        0.000
 15875:        0.000        0.000        0.000        0.000        0.000
 15880:        0.000        0.000        0.000        0.000        0.000
 15885:        0.000        0.000        0.000        0.000        0.000
 15890:        0.000        0.000        0.000        0.000        0.000
 15895:        0.000        0.000        0.000        0.000        0.000
 15900:        0.000        0.000        0.000        0.000        0.000
 15905:        0.000        0.000        0.000        0.000        0.000
 15910:        0.000        0.000        0.000        0.000        0.000
 15915:        0.000        0.000        0.000        0.000        0.000
 15920:        0.000        0.000        0.000        0.000        0.000
 15925:        0.000        0.000        0.000        0.000        0.000
 15930:        0.000        0.000        0.000        0.000        0.000
 15935:        0.000        0.000        0.000        0.000        0.000
 15940:        0.000        0.000        0.000        0.000        0.000
 15945:        0.000        0.000        0.000        0.000        0.000
 15950:        0.000        0.000        0.000        0.000        0.000
 15955:        0.000        0.000        0.000        0.000        0.000
 15960:        0.000        0.000        0.000        0.000        0.000
 15965:        0.000        0.000        0.000        0.000        0.000
 15970:        0.000        0.000        0.000        0.000        0.000
 15975:        0.000        0.000        0.000        0.000        0.000
 15980:        0.000        0.000        0.000        0.000        0.000
 15985:        0.000        0.000        0.000        0.000        0.000
 15990:        0.000        0.000        0.000        0.000        0.000
 15995:        0.000        0.000        0.000        0.000        0.000
 16000:        0.000        0.000        0.000        0.000        0.000
 16005:        0.000        0.000        0.000        0.000        0.000
 16010:        0.000        0.000        0.000        0.000        0.000
 16015:        0.000        0.000        0.000        0.000        0.000
 16020:        0.000        0.000        0.000        0.000        0.000
 16025:        0.000        0.000        0.000        0.000        0.000
 16030:        0.000        0.000        0.000        0.000        0.000
 16035:        0.000        0.000        0.000        0.000        0.000
 16040:        0.000        0.000        0.000        0.000        0.000
 16045:        0.000        0.000        0.000        0.000        0.000
 16050:        0.000        0.000        0.000        0.000        0.000
 16055:        0.000        0.000        0.000        0.000        0.000
 16060:        0.000        0.000        0.000        0.000        0.000
 16065:        0.000        0.000        0.000        0.000        0.000
 16070:        0.000        0.000        0.000        0.000        0.000
 16075:        0.000        0.000        0.000        0.000        0.000
 16080:        0.000        0.000        0.000        0.000        0.000
 16085:        0.000        0.000        0.000        0.000        0.000
 16090:        0.000        0.000        0.000        0.000        0.000
 16095:        0.000        0.000        0.000        0.000        0.000
 16100:        0.000        0.000        0.000        0.000        0.000
 16105:        0.000        0.000        0.000        0.000        0.000
 16110:        0.000        0.000        0.000        0.000        0.000
 16115:        0.000        0.000        0.000        0.000        0.000
 16120:        0.000        0.000        0.000        0.000        0.000
 16125:        0.000        0.000        0.000        0.000        0.000
 16130:        0.000        0.000        0.000        0.000        0.000
 16135:        0.000        0.000        0.000        0.000        0.000
 16140:        0.000        0.000        0.000        0.000        0.000
 16145:        0.000        0.000        0.000        0.000        0.000
 16150:        0.000        0.000        0.000        0.000        0.000
 16155:        0.000        0.000        0.000        0.000        0.000
 16160:        0.000        0.000        0.000        0.000        0.000
 16165:        0.000        0.000        0.000        0.000        0.000
 16170:        0.000        0.000        0.000        0.000        0.000
 16175:        0.000        0.000        0.000        0.000        0.000
 16180:        0.000        0.000        0.000        0.000        0.000
 16185:        0.000        0.000        0.000        0.000        0.000
 16190:        0.000        0.000        0.000        0.000        0.000
 16195:        0.000        0.000        0.000        0.000        0.000
 16200:        0.000        0.000        0.000        0.000        0.000
 16205:        0.000        0.000        0.000        0.000        0.000
 16210:        0.000        0.000        0.000        0.000        0.000
 16215:        0.000        0.000        0.000        0.000        0.000
 16220:        0.000        0.000        0.000        0.000        0.000
 16225:        0.000        0.000        0.000        0.000        0.000
 16230:        0.000        0.000        0.000        0.000        0.000
 16235:        0.000        0.000        0.000        0.000        0.000
 16240:        0.000        0.000        0.000        0.000        0.000
 16245:        0.000        0.000        0.000        0.000        0.000
 16250:        0.000        0.000        0.000        0.000        0.000
 16255:        0.000        0.000        0.000        0.000        0.000
 16260:        0.000        0.000        0.000        0.000        0.000
 16265:        0.000        0.000        0.000        0.000        0.000
 16270:        0.000        0.000        0.000        0.000        0.000
 16275:        0.000        0.000        0.000        0.000        0.000
 16280:        0.000        0.000        0.000        0.000        0.000
 16285:        0.000        0.000        0.000        0.000        0.000
 16290:        0.000        0.000        0.000        0.000        0.000
 16295:        0.000        0.000        0.000        0.000        0.000
 16300:        0.000        0.000        0.000        0.000        0.000
 16305:        0.000        0.000        0.000        0.000        0.000
 16310:        0.000        0.000        0.000        0.000        0.000
 16315:        0.000        0.000        0.000        0.000        0.000
 16320:        0.000        0.000        0.000        0.000        0.000
 16325:        0.000        0.000        0.000        0.000        0.000
 16330:        0.000        0.000        0.000        0.000        0.000
 16335:        0.000        0.000        0.000        0.000        0.000
 16340:        0.000        0.000        0.000        0.000        0.000
 16345:        0.000        0.000        0.000        0.000        0.000
 16350:        0.000        0.000        0.000        0.000        0.000
 16355:        0.000        0.000        0.000        0.000        0.000
 16360:        0.000        0.000        0.000        0.000        0.000
 16365:        0.000        0.000        0.000        0.000        0.000
 16370:        0.000        0.000        0.000        0.000        0.000
 16375:        0.000        0.000        0.000        0.000        0.000
 16380:        0.000        0.000        0.000        0.000        0.000
 16385:        0.000        0.000        0.000        0.000        0.000
 16390:        0.000        0.000        0.000        0.000        0.000
 16395:        0.000        0.000        0.000        0.000        0.000
 16400:        0.000        0.000        0.000        0.000        0.000
 16405:        0.000        0.000        0.000        0.000        0.000
 16410:        0.000        0.000        0.000        0.000        0.000
 16415:        0.000        0.000        0.000        0.000        0.000
 16420:        0.000        0.000        0.000        0.000        0.000
 16425:        0.000        0.000        0.000        0.000        0.000
 16430:        0.000        0.000        0.000        0.000        0.000
 16435:        0.000        0.000        0.000        0.000        0.000
 16440:        0.000        0.000        0.000        0.000        0.000
 16445:        0.000        0.000        0.000        0.000        0.000
 16450:        0.000        0.000        0.000        0.000        0.000
 16455:        0.000        0.000        0.000        0.000        0.000
 16460:        0.000        0.000        0.000        0.000        0.000
 16465:        0.000        0.000        0.000        0.000        0.000
 16470:        0.000        0.000        0.000        0.000        0.000
 16475:        0.000        0.000        0.000        0.000        0.000
 16480:        0.000        0.000        0.000        0.000        0.000
 16485:        0.000        0.000        0.000        0.000        0.000
 16490:        0.000        0.000        0.000        0.000        0.000
 16495:        0.000        0.000        0.000        0.000        0.000
 16500:        0.000        0.000        0.000        0.000        0.000
 16505:        0.000        0.000        0.000        0.000        0.000
 16510:        0.000        0.000        0.000        0.000        0.000
 16515:        0.000        0.000        0.000        0.000        0.000
 16520:        0.000        0.000        0.000        0.000        0.000
 16525:        0.000        0.000        0.000        0.000        0.000
 16530:        0.000        0.000        0.000        0.000        0.000
 16535:        0.000        0.000        0.000        0.000        0.000
 16540:        0.000        0.000        0.000        0.000        0.000
 16545:        0.000        0.000        0.000        0.000        0.000
 16550:        0.000        0.000        0.000        0.000        0.000
 16555:        0.000        0.000        0.000        0.000        0.000
 16560:        0.000        0.000        0.000        0.000        0.000
 16565:        0.000        0.000        0.000        0.000        0.000
 16570:        0.000        0.000        0.000        0.000        0.000
 16575:        0.000        0.000        0.000        0.000        0.000
 16580:        0.000        0.000        0.000        0.000        0.000
 16585:        0.000        0.000        0.000        0.000        0.000
 16590:        0.000        0.000        0.000        0.000        0.000
 16595:        0.000        0.000        0.000        0.000        0.000
 16600:        0.000        0.000        0.000        0.000        0.000
 16605:        0.000        0.000        0.000        0.000        0.000
 16610:        0.000        0.000        0.000        0.000        0.000
 16615:        0.000        0.000        0.000        0.000        0.000
 16620:        0.000        0.000        0.000        0.000        0.000
 16625:        0.000        0.000        0.000        0.000        0.000
 16630:        0.000        0.000        0.000        0.000        0.000
 16635:        0.000        0.000        0.000        0.000        0.000
 16640:        0.000        0.000        0.000        0.000        0.000
 16645:        0.000        0.000        0.000        0.000        0.000
 16650:        0.000        0.000        0.000        0.000        0.000
 16655:        0.000        0.000        0.000        0.000        0.000
 16660:        0.000        0.000        0.000        0.000        0.000
 16665:        0.000        0.000        0.000        0.000        0.000
 16670:        0.000        0.000        0.000        0.000        0.000
 16675:        0.000        0.000        0.000        0.000        0.000
 16680:        0.000        0.000        0.000        0.000        0.000
 16685:        0.000        0.000        0.000        0.000        0.000
 16690:        0.000        0.000        0.000        0.000        0.000
 16695:        0.000        0.000        0.000        0.000        0.000
 16700:        0.000        0.000        0.000        0.000        0.000
 16705:        0.000        0.000        0.000        0.000        0.000
 16710:        0.000        0.000        0.000        0.000        0.000
 16715:        0.000        0.000        0.000        0.000        0.000
 16720:        0.000        0.000        0.000        0.000        0.000
 16725:        0.000        0.000        0.000        0.000        0.000
 16730:        0.000        0.000        0.000        0.000        0.000
 16735:        0.000        0.000        0.000        0.000        0.000
 16740:        0.000        0.000        0.000        0.000        0.000
 16745:        0.000        0.000        0.000        0.000        0.000
 16750:        0.000        0.000        0.000        0.000        0.000
 16755:        0.000        0.000        0.000        0.000        0.000
 16760:        0.000        0.000        0.000        0.000        0.000
 16765:        0.000        0.000        0.000        0.000        0.000
 16770:        0.000        0.000        0.000        0.000        0.000
 16775:        0.000        0.000        0.000        0.000        0.000
 16780:        0.000        0.000        0.000        0.000        0.000
 16785:        0.000        0.000        0.000        0.000        0.000
 16790:        0.000        0.000        0.000        0.000        0.000
 16795:        0.000        0.000        0.000        0.000        0.000
 16800:        0.000        0.000        0.000        0.000        0.000
 16805:        0.000        0.000        0.000        0.000        0.000
 16810:        0.000        0.000        0.000        0.000        0.000
 16815:        0.000        0.000        0.000        0.000        0.000
 16820:        0.000        0.000        0.000        0.000        0.000
 16825:        0.000        0.000        0.000        0.000        0.000
 16830:        0.000        0.000        0.000        0.000        0.000
 16835:        0.000        0.000        0.000        0.000        0.000
 16840:        0.000        0.000        0.000        0.000        0.000
 16845:        0.000        0.000        0.000        0.000        0.000
 16850:        0.000        0.000        0.000        0.000        0.000
 16855:        0.000        0.000        0.000        0.000        0.000
 16860:        0.000        0.000        0.000        0.000        0.000
 16865:        0.000        0.000        0.000        0.000        0.000
 16870:        0.000        0.000        0.000        0.000        0.000
 16875:        0.000        0.000        0.000        0.000        0.000
 16880:        0.000        0.000        0.000        0.000        0.000
 16885:        0.000        0.000        0.000        0.000        0.000
 16890:        0.000        0.000        0.000        0.000        0.000
 16895:        0.000        0.000        0.000        0.000        0.000
 16900:        0.000        0.000        0.000        0.000        0.000
 16905:        0.000        0.000        0.000        0.000        0.000
 16910:        0.000        0.000        0.000        0.000        0.000
 16915:        0.000        0.000        0.000        0.000        0.000
 16920:        0.000        0.000        0.000        0.000        0.000
 16925:        0.000        0.000        0.000        0.000        0.000
 16930:        0.000        0.000        0.000        0.000        0.000
 16935:        0.000        0.000        0.000        0.000        0.000
 16940:        0.000        0.000        0.000        0.000        0.000
 16945:        0.000        0.000        0.000        0.000        0.000
 16950:        0.000        0.000        0.000        0.000        0.000
 16955:        0.000        0.000        0.000        0.000        0.000
 16960:        0.000        0.000        0.000        0.000        0.000
 16965:        0.000        0.000        0.000        0.000        0.000
 16970:        0.000        0.000        0.000        0.000        0.000
 16975:        0.000        0.000        0.000        0.000        0.000
 16980:        0.000        0.000        0.000        0.000        0.000
 16985:        0.000        0.000        0.000        0.000        0.000
 16990:        0.000        0.000        0.000        0.000        0.000
 16995:        0.000        0.000        0.000        0.000        0.000
 17000:        0.000        0.000        0.000        0.000        0.000
 17005:        0.000        0.000        0.000        0.000        0.000
 17010:        0.000        0.000        0.000        0.000        0.000
 17015:        0.000        0.000        0.000        0.000        0.000
 17020:        0.000        0.000        0.000        0.000        0.000
 17025:        0.000        0.000        0.000        0.000        0.000
 17030:        0.000        0.000        0.000        0.000        0.000
 17035:        0.000        0.000        0.000        0.000        0.000
 17040:        0.000        0.000        0.000        0.000        0.000
 17045:        0.000        0.000        0.000        0.000        0.000
 17050:        0.000        0.000        0.000        0.000        0.000
 17055:        0.000        0.000        0.000        0.000        0.000
 17060:        0.000        0.000        0.000        0.000        0.000
 17065:        0.000        0.000        0.000        0.000        0.000
 17070:        0.000        0.000        0.000        0.000        0.000
 17075:        0.000        0.000        0.000        0.000        0.000
 17080:        0.000        0.000        0.000        0.000        0.000
 17085:        0.000        0.000        0.000        0.000        0.000
 17090:        0.000        0.000        0.000        0.000        0.000
 17095:        0.000        0.000        0.000        0.000        0.000
 17100:        0.000        0.000        0.000        0.000        0.000
 17105:        0.000        0.000        0.000        0.000        0.000
 17110:        0.000        0.000        0.000        0.000        0.000
 17115:        0.000        0.000        0.000        0.000        0.000
 17120:        0.000        0.000        0.000        0.000        0.000
 17125:        0.000        0.000        0.000        0.000        0.000
 17130:        0.000        0.000        0.000        0.000        0.000
 17135:        0.000        0.000        0.000        0.000        0.000
 17140:        0.000        0.000        0.000        0.000        0.000
 17145:        0.000        0.000        0.000        0.000        0.000
 17150:        0.000        0.000        0.000        0.000        0.000
 17155:        0.000        0.000        0.000        0.000        0.000
 17160:        0.000        0.000        0.000        0.000        0.000
 17165:        0.000        0.000        0.000        0.000        0.000
 17170:        0.000        0.000        0.000        0.000        0.000
 17175:        0.000        0.000        0.000        0.000        0.000
 17180:        0.000        0.000        0.000        0.000        0.000
 17185:        0.000        0.000        0.000        0.000        0.000
 17190:        0.000        0.000        0.000        0.000        0.000
 17195:        0.000        0.000        0.000        0.000        0.000
 17200:        0.000        0.000        0.000        0.000        0.000
 17205:        0.000        0.000        0.000        0.000        0.000
 17210:        0.000        0.000        0.000        0.000        0.000
 17215:        0.000        0.000        0.000        0.000        0.000
 17220:        0.000        0.000        0.000        0.000        0.000
 17225:        0.000        0.000        0.000        0.000        0.000
 17230:        0.000        0.000        0.000        0.000        0.000
 17235:        0.000        0.000        0.000        0.000        0.000
 17240:        0.000        0.000        0.000        0.000        0.000
 17245:        0.000        0.000        0.000        0.000        0.000
 17250:        0.000        0.000        0.000        0.000        0.000
 17255:        0.000        0.000        0.000        0.000        0.000
 17260:        0.000        0.000        0.000        0.000        0.000
 17265:        0.000        0.000        0.000        0.000        0.000
 17270:        0.000        0.000        0.000        0.000        0.000
 17275:        0.000        0.000        0.000        0.000        0.000
 17280:        0.000        0.000        0.000        0.000        0.000
 17285:        0.000        0.000        0.000        0.000        0.000
 17290:        0.000        0.000        0.000        0.000        0.000
 17295:        0.000        0.000        0.000        0.000        0.000
 17300:        0.000        0.000        0.000        0.000        0.000
 17305:        0.000        0.000        0.000        0.000        0.000
 17310:        0.000        0.000        0.000        0.000        0.000
 17315:        0.000        0.000        0.000        0.000        0.000
 17320:        0.000        0.000        0.000        0.000        0.000
 17325:        0.000        0.000        0.000        0.000        0.000
 17330:        0.000        0.000        0.000        0.000        0.000
 17335:        0.000        0.000        0.000        0.000        0.000
 17340:        0.000        0.000        0.000        0.000        0.000
 17345:        0.000        0.000        0.000        0.000        0.000
 17350:        0.000        0.000        0.000        0.000        0.000
 17355:        0.000        0.000        0.000        0.000        0.000
 17360:        0.000        0.000        0.000        0.000        0.000
 17365:        0.000        0.000        0.000        0.000        0.000
 17370:        0.000        0.000        0.000        0.000        0.000
 17375:        0.000        0.000        0.000        0.000        0.000
 17380:        0.000        0.000        0.000        0.000        0.000
 17385:        0.000        0.000        0.000        0.000        0.000
 17390:        0.000        0.000        0.000        0.000        0.000
 17395:        0.000        0.000        0.000        0.000        0.000
 17400:        0.000        0.000        0.000        0.000        0.000
 17405:        0.000        0.000        0.000        0.000        0.000
 17410:        0.000        0.000        0.000        0.000        0.000
 17415:        0.000        0.000        0.000        0.000        0.000
 17420:        0.000        0.000        0.000        0.000        0.000
 17425:        0.000        0.000        0.000        0.000        0.000
 17430:        0.000        0.000        0.000        0.000        0.000
 17435:        0.000        0.000        0.000        0.000        0.000
 17440:        0.000        0.000        0.000        0.000        0.000
 17445:        0.000        0.000        0.000        0.000        0.000
 17450:        0.000        0.000        0.000        0.000        0.000
 17455:        0.000        0.000        0.000        0.000        0.000
 17460:        0.000        0.000        0.000        0.000        0.000
 17465:        0.000        0.000        0.000        0.000        0.000
 17470:        0.000        0.000        0.000        0.000        0.000
 17475:        0.000        0.000        0.000        0.000        0.000
 17480:        0.000        0.000        0.000        0.000        0.000
 17485:        0.000        0.000        0.000        0.000        0.000
 17490:        0.000        0.000        0.000        0.000        0.000
 17495:        0.000        0.000        0.000        0.000        0.000
 17500:        0.000        0.000        0.000        0.000        0.000
 17505:        0.000        0.000        0.000        0.000        0.000
 17510:        0.000        0.000        0.000        0.000        0.000
 17515:        0.000        0.000        0.000        0.000        0.000
 17520:        0.000        0.000        0.000        0.000        0.000
 17525:        0.000        0.000        0.000        0.000        0.000
 17530:        0.000        0.000        0.000        0.000        0.000
 17535:        0.000        0.000        0.000        0.000        0.000
 17540:        0.000        0.000        0.000        0.000        0.000
 17545:        0.000        0.000        0.000        0.000        0.000
 17550:        0.000        0.000        0.000        0.000        0.000
 17555:        0.000        0.000        0.000        0.000        0.000
 17560:        0.000        0.000        0.000        0.000        0.000
 17565:        0.000        0.000        0.000        0.000        0.000
 17570:        0.000        0.000        0.000        0.000        0.000
 17575:        0.000        0.000        0.000        0.000        0.000
 17580:        0.000        0.000        0.000        0.000        0.000
 17585:        0.000        0.000        0.000        0.000        0.000
 17590:        0.000        0.000        0.000        0.000        0.000
 17595:        0.000        0.000        0.000        0.000        0.000
 17600:        0.000        0.000        0.000        0.000        0.000
 17605:        0.000        0.000        0.000        0.000        0.000
 17610:        0.000        0.000        0.000        0.000        0.000
 17615:        0.000        0.000        0.000        0.000        0.000
 17620:        0.000        0.000        0.000        0.000        0.000
 17625:        0.000        0.000        0.000        0.000        0.000
 17630:        0.000        0.000        0.000        0.000        0.000
 17635:        0.000        0.000        0.000        0.000        0.000
 17640:        0.000        0.000        0.000        0.000        0.000
 17645:        0.000        0.000        0.000        0.000        0.000
 17650:        0.000        0.000        0.000        0.000        0.000
 17655:        0.000        0.000        0.000        0.000        0.000
 17660:        0.000        0.000        0.000        0.000        0.000
 17665:        0.000        0.000        0.000        0.000        0.000
 17670:        0.000        0.000        0.000        0.000        0.000
 17675:        0.000        0.000        0.000        0.000        0.000
 17680:        0.000        0.000        0.000        0.000        0.000
 17685:        0.000        0.000        0.000        0.000        0.000
 17690:        0.000        0.000        0.000        0.000        0.000
 17695:        0.000        0.000        0.000        0.000        0.000
 17700:        0.000        0.000        0.000        0.000        0.000
 17705:        0.000        0.000        0.000        0.000        0.000
 17710:        0.000        0.000        0.000        0.000        0.000
 17715:        0.000        0.000        0.000        0.000        0.000
 17720:        0.000        0.000        0.000        0.000        0.000
 17725:        0.000        0.000        0.000        0.000        0.000
 17730:        0.000        0.000        0.000        0.000        0.000
 17735:        0.000        0.000        0.000        0.000        0.000
 17740:        0.000        0.000        0.000        0.000        0.000
 17745:        0.000        0.000        0.000        0.000        0.000
 17750:        0.000        0.000        0.000        0.000        0.000
 17755:        0.000        0.000        0.000        0.000        0.000
 17760:        0.000        0.000        0.000        0.000        0.000
 17765:        0.000        0.000        0.000        0.000        0.000
 17770:        0.000        0.000        0.000        0.000        0.000
 17775:        0.000        0.000        0.000        0.000        0.000
 17780:        0.000        0.000        0.000        0.000        0.000
 17785:        0.000        0.000        0.000        0.000        0.000
 17790:        0.000        0.000        0.000        0.000        0.000
 17795:        0.000        0.000        0.000        0.000        0.000
 17800:        0.000        0.000        0.000        0.000        0.000
 17805:        0.000        0.000        0.000        0.000        0.000
 17810:        0.000        0.000        0.000        0.000        0.000
 17815:        0.000        0.000        0.000        0.000        0.000
 17820:        0.000        0.000        0.000        0.000        0.000
 17825:        0.000        0.000        0.000        0.000        0.000
 17830:        0.000        0.000        0.000        0.000        0.000
 17835:        0.000        0.000        0.000        0.000        0.000
 17840:        0.000        0.000        0.000        0.000        0.000
 17845:        0.000        0.000        0.000        0.000        0.000
 17850:        0.000        0.000        0.000        0.000        0.000
 17855:        0.000        0.000        0.000        0.000        0.000
 17860:        0.000        0.000        0.000        0.000        0.000
 17865:        0.000        0.000        0.000        0.000        0.000
 17870:        0.000        0.000        0.000        0.000        0.000
 17875:        0.000        0.000        0.000        0.000        0.000
 17880:        0.000        0.000        0.000        0.000        0.000
 17885:        0.000        0.000        0.000        0.000        0.000
 17890:        0.000        0.000        0.000        0.000        0.000
 17895:        0.000        0.000        0.000        0.000        0.000
 17900:        0.000        0.000        0.000        0.000        0.000
 17905:        0.000        0.000        0.000        0.000        0.000
 17910:        0.000        0.000        0.000        0.000        0.000
 17915:        0.000        0.000        0.000        0.000        0.000
 17920:        0.000        0.000        0.000        0.000        0.000
 17925:        0.000        0.000        0.000        0.000        0.000
 17930:        0.000        0.000        0.000        0.000        0.000
 17935:        0.000        0.000        0.000        0.000        0.000
 17940:        0.000        0.000        0.000        0.000        0.000
 17945:        0.000        0.000        0.000        0.000        0.000
 17950:        0.000        0.000        0.000        0.000        0.000
 17955:        0.000        0.000        0.000        0.000        0.000
 17960:        0.000        0.000        0.000        0.000        0.000
 17965:        0.000        0.000        0.000        0.000        0.000
 17970:        0.000        0.000        0.000        0.000        0.000
 17975:        0.000        0.000        0.000        0.000        0.000
 17980:        0.000        0.000        0.000        0.000        0.000
 17985:        0.000        0.000        0.000        0.000        0.000
 17990:        0.000        0.000        0.000        0.000        0.000
 17995:        0.000        0.000        0.000        0.000        0.000
 18000:        0.000        0.000        0.000        0.000        0.000
 18005:        0.000        0.000        0.000        0.000        0.000
 18010:        0.000        0.000        0.000        0.000        0.000
 18015:        0.000        0.000        0.000        0.000        0.000
 18020:        0.000        0.000        0.000        0.000        0.000
 18025:        0.000        0.000        0.000        0.000        0.000
 18030:        0.000        0.000        0.000        0.000        0.000
 18035:        0.000        0.000        0.000        0.000        0.000
 18040:        0.000        0.000        0.000        0.000        0.000
 18045:        0.000        0.000        0.000        0.000        0.000
 18050:        0.000        0.000        0.000        0.000        0.000
 18055:        0.000        0.000        0.000        0.000        0.000
 18060:        0.000        0.000        0.000        0.000        0.000
 18065:        0.000        0.000        0.000        0.000        0.000
 18070:        0.000        0.000        0.000        0.000        0.000
 18075:        0.000        0.000        0.000        0.000        0.000
 18080:        0.000        0.000        0.000        0.000        0.000
 18085:        0.000        0.000        0.000        0.000        0.000
 18090:        0.000        0.000        0.000        0.000        0.000
 18095:        0.000        0.000        0.000        0.000        0.000
 18100:        0.000        0.000        0.000        0.000        0.000
 18105:        0.000        0.000        0.000        0.000        0.000
 18110:        0.000        0.000        0.000        0.000        0.000
 18115:        0.000        0.000        0.000        0.000        0.000
 18120:        0.000        0.000        0.000        0.000        0.000
 18125:        0.000        0.000        0.000        0.000        0.000
 18130:        0.000        0.000        0.000        0.000        0.000
 18135:        0.000        0.000        0.000        0.000        0.000
 18140:        0.000        0.000        0.000        0.000        0.000
 18145:        0.000        0.000        0.000        0.000        0.000
 18150:        0.000        0.000        0.000        0.000        0.000
 18155:        0.000        0.000        0.000        0.000        0.000
 18160:        0.000        0.000        0.000        0.000        0.000
 18165:        0.000        0.000        0.000        0.000        0.000
 18170:        0.000        0.000        0.000        0.000        0.000
 18175:        0.000        0.000        0.000        0.000        0.000
 18180:        0.000        0.000        0.000        0.000        0.000
 18185:        0.000        0.000        0.000        0.000        0.000
 18190:        0.000        0.000        0.000        0.000        0.000
 18195:        0.000        0.000        0.000        0.000        0.000
 18200:        0.000        0.000        0.000        0.000        0.000
 18205:        0.000        0.000        0.000        0.000        0.000
 18210:        0.000        0.000        0.000        0.000        0.000
 18215:        0.000        0.000        0.000        0.000        0.000
 18220:        0.000        0.000        0.000        0.000        0.000
 18225:        0.000        0.000        0.000        0.000        0.000
 18230:        0.000        0.000        0.000        0.000        0.000
 18235:        0.000        0.000        0.000        0.000        0.000
 18240:        0.000        0.000        0.000        0.000        0.000
 18245:        0.000        0.000        0.000        0.000        0.000
 18250:        0.000        0.000        0.000        0.000        0.000
 18255:        0.000        0.000        0.000        0.000        0.000
 18260:        0.000        0.000        0.000        0.000        0.000
 18265:        0.000        0.000        0.000        0.000        0.000
 18270:        0.000        0.000        0.000        0.000        0.000
 18275:        0.000        0.000        0.000        0.000        0.000
 18280:        0.000        0.000        0.000        0.000        0.000
 18285:        0.000        0.000        0.000        0.000        0.000
 18290:        0.000        0.000        0.000        0.000        0.000
 18295:        0.000        0.000        0.000        0.000        0.000
 18300:        0.000        0.000        0.000        0.000        0.000
 18305:        0.000        0.000        0.000        0.000        0.000
 18310:        0.000        0.000        0.000        0.000        0.000
 18315:        0.000        0.000        0.000        0.000        0.000
 18320:        0.000        0.000        0.000        0.000        0.000
 18325:        0.000        0.000        0.000        0.000        0.000
 18330:        0.000        0.000        0.000        0.000        0.000
 18335:        0.000        0.000        0.000        0.000        0.000
 18340:        0.000        0.000        0.000        0.000        0.000
 18345:        0.000        0.000        0.000        0.000        0.000
 18350:        0.000        0.000        0.000        0.000        0.000
 18355:        0.000        0.000        0.000        0.000        0.000
 18360:        0.000        0.000        0.000        0.000        0.000
 18365:        0.000        0.000        0.000        0.000        0.000
 18370:        0.000        0.000        0.000        0.000        0.000
 18375:        0.000        0.000        0.000        0.000        0.000
 18380:        0.000        0.000        0.000        0.000        0.000
 18385:        0.000        0.000        0.000        0.000        0.000
 18390:        0.000        0.000        0.000        0.000        0.000
 18395:        0.000        0.000        0.000        0.000        0.000
 18400:        0.000        0.000        0.000        0.000        0.000
 18405:        0.000        0.000        0.000        0.000        0.000
 18410:        0.000        0.000        0.000        0.000        0.000
 18415:        0.000        0.000        0.000        0.000        0.000
 18420:        0.000        0.000        0.000        0.000        0.000
 18425:        0.000        0.000        0.000        0.000        0.000
 18430:        0.000        0.000        0.000        0.000        0.000
 18435:        0.000        0.000        0.000        0.000        0.000
 18440:        0.000        0.000        0.000        0.000        0.000
 18445:        0.000        0.000        0.000        0.000        0.000
 18450:        0.000        0.000        0.000        0.000        0.000
 18455:        0.000        0.000        0.000        0.000        0.000
 18460:        0.000        0.000        0.000        0.000        0.000
 18465:        0.000        0.000        0.000        0.000        0.000
 18470:        0.000        0.000        0.000        0.000        0.000
 18475:        0.000        0.000        0.000        0.000        0.000
 18480:        0.000        0.000        0.000        0.000        0.000
 18485:        0.000        0.000        0.000        0.000        0.000
 18490:        0.000        0.000        0.000        0.000        0.000
 18495:        0.000        0.000        0.000        0.000        0.000
 18500:        0.000        0.000        0.000        0.000        0.000
 18505:        0.000        0.000        0.000        0.000        0.000
 18510:        0.000        0.000        0.000        0.000        0.000
 18515:        0.000        0.000        0.000        0.000        0.000
 18520:        0.000        0.000        0.000        0.000        0.000
 18525:        0.000        0.000        0.000        0.000        0.000
 18530:        0.000        0.000        0.000        0.000        0.000
 18535:        0.000        0.000        0.000        0.000        0.000
 18540:        0.000        0.000        0.000        0.000        0.000
 18545:        0.000        0.000        0.000        0.000        0.000
 18550:        0.000        0.000        0.000        0.000        0.000
 18555:        0.000        0.000        0.000        0.000        0.000
 18560:        0.000        0.000        0.000        0.000        0.000
 18565:        0.000        0.000        0.000        0.000        0.000
 18570:        0.000        0.000        0.000        0.000        0.000
 18575:        0.000        0.000        0.000        0.000        0.000
 18580:        0.000        0.000        0.000        0.000        0.000
 18585:        0.000        0.000        0.000        0.000        0.000
 18590:        0.000        0.000        0.000        0.000        0.000
 18595:        0.000        0.000        0.000        0.000        0.000
 18600:        0.000        0.000        0.000        0.000        0.000
 18605:        0.000        0.000        0.000        0.000        0.000
 18610:        0.000        0.000        0.000        0.000        0.000
 18615:        0.000        0.000        0.000        0.000        0.000
 18620:        0.000        0.000        0.000        0.000        0.000
 18625:        0.000        0.000        0.000        0.000        0.000
 18630:        0.000        0.000        0.000        0.000        0.000
 18635:        0.000        0.000        0.000        0.000        0.000
 18640:        0.000        0.000        0.000        0.000        0.000
 18645:        0.000        0.000        0.000        0.000        0.000
 18650:        0.000        0.000        0.000        0.000        0.000
 18655:        0.000        0.000        0.000        0.000        0.000
 18660:        0.000        0.000        0.000        0.000        0.000
 18665:        0.000        0.000        0.000        0.000        0.000
 18670:        0.000        0.000        0.000        0.000        0.000
 18675:        0.000        0.000        0.000        0.000        0.000
 18680:        0.000        0.000        0.000        0.000        0.000
 18685:        0.000        0.000        0.000        0.000        0.000
 18690:        0.000        0.000        0.000        0.000        0.000
 18695:        0.000        0.000        0.000        0.000        0.000
 18700:        0.000        0.000        0.000        0.000        0.000
 18705:        0.000        0.000        0.000        0.000        0.000
 18710:        0.000        0.000        0.000        0.000        0.000
 18715:        0.000        0.000        0.000        0.000        0.000
 18720:        0.000        0.000        0.000        0.000        0.000
 18725:        0.000        0.000        0.000        0.000        0.000
 18730:        0.000        0.000        0.000        0.000        0.000
 18735:        0.000        0.000        0.000        0.000        0.000
 18740:        0.000        0.000        0.000        0.000        0.000
 18745:        0.000        0.000        0.000        0.000        0.000
 18750:        0.000        0.000        0.000        0.000        0.000
 18755:        0.000        0.000        0.000        0.000        0.000
 18760:        0.000        0.000        0.000        0.000        0.000
 18765:        0.000        0.000        0.000        0.000        0.000
 18770:        0.000        0.000        0.000        0.000        0.000
 18775:        0.000        0.000        0.000        0.000        0.000
 18780:        0.000        0.000        0.000        0.000        0.000
 18785:        0.000        0.000        0.000        0.000        0.000
 18790:        0.000        0.000        0.000        0.000        0.000
 18795:        0.000        0.000        0.000        0.000        0.000
 18800:        0.000        0.000        0.000        0.000        0.000
 18805:        0.000        0.000        0.000        0.000        0.000
 18810:        0.000        0.000        0.000        0.000        0.000
 18815:        0.000        0.000        0.000        0.000        0.000
 18820:        0.000        0.000        0.000        0.000        0.000
 18825:        0.000        0.000        0.000        0.000        0.000
 18830:        0.000        0.000        0.000        0.000        0.000
 18835:        0.000        0.000        0.000        0.000        0.000
 18840:        0.000        0.000        0.000        0.000        0.000
 18845:        0.000        0.000        0.000        0.000        0.000
 18850:        0.000        0.000        0.000        0.000        0.000
 18855:        0.000        0.000        0.000        0.000        0.000
 18860:        0.000        0.000        0.000        0.000        0.000
 18865:        0.000        0.000        0.000        0.000        0.000
 18870:        0.000        0.000        0.000        0.000        0.000
 18875:        0.000        0.000        0.000        0.000        0.000
 18880:        0.000        0.000        0.000        0.000        0.000
 18885:        0.000        0.000        0.000        0.000        0.000
 18890:        0.000        0.000        0.000        0.000        0.000
 18895:        0.000        0.000        0.000        0.000        0.000
 18900:        0.000        0.000        0.000        0.000        0.000
 18905:        0.000        0.000        0.000        0.000        0.000
 18910:        0.000        0.000        0.000        0.000        0.000
 18915:        0.000        0.000        0.000        0.000        0.000
 18920:        0.000        0.000        0.000        0.000        0.000
 18925:        0.000        0.000        0.000        0.000        0.000
 18930:        0.000        0.000        0.000        0.000        0.000
 18935:        0.000        0.000        0.000        0.000        0.000
 18940:        0.000        0.000        0.000        0.000        0.000
 18945:        0.000        0.000        0.000        0.000        0.000
 18950:        0.000        0.000        0.000        0.000        0.000
 18955:        0.000        0.000        0.000        0.000        0.000
 18960:        0.000        0.000        0.000        0.000        0.000
 18965:        0.000        0.000        0.000        0.000        0.000
 18970:        0.000        0.000        0.000        0.000        0.000
 18975:        0.000        0.000        0.000        0.000        0.000
 18980:        0.000        0.000        0.000        0.000        0.000
 18985:        0.000        0.000        0.000        0.000        0.000
 18990:        0.000        0.000        0.000        0.000        0.000
 18995:        0.000        0.000        0.000        0.000        0.000
 19000:        0.000        0.000        0.000        0.000        0.000
 19005:        0.000        0.000        0.000        0.000        0.000
 19010:        0.000        0.000        0.000        0.000        0.000
 19015:        0.000        0.000        0.000        0.000        0.000
 19020:        0.000        0.000        0.000        0.000        0.000
 19025:        0.000        0.000        0.000        0.000        0.000
 19030:        0.000        0.000        0.000        0.000        0.000
 19035:        0.000        0.000        0.000        0.000        0.000
 19040:        0.000        0.000        0.000        0.000        0.000
 19045:        0.000        0.000        0.000        0.000        0.000
 19050:        0.000        0.000        0.000        0.000        0.000
 19055:        0.000        0.000        0.000        0.000        0.000
 19060:        0.000        0.000        0.000        0.000        0.000
 19065:        0.000        0.000        0.000        0.000        0.000
 19070:        0.000        0.000        0.000        0.000        0.000
 19075:        0.000        0.000        0.000        0.000        0.000
 19080:        0.000        0.000        0.000        0.000        0.000
 19085:        0.000        0.000        0.000        0.000        0.000
 19090:        0.000        0.000        0.000        0.000        0.000
 19095:        0.000        0.000        0.000        0.000        0.000
 19100:        0.000        0.000        0.000        0.000        0.000
 19105:        0.000        0.000        0.000        0.000        0.000
 19110:        0.000        0.000        0.000        0.000        0.000
 19115:        0.000        0.000        0.000        0.000        0.000
 19120:        0.000        0.000        0.000        0.000        0.000
 19125:        0.000        0.000        0.000        0.000        0.000
 19130:        0.000        0.000        0.000        0.000        0.000
 19135:        0.000        0.000        0.000        0.000        0.000
 19140:        0.000        0.000        0.000        0.000        0.000
 19145:        0.000        0.000        0.000        0.000        0.000
 19150:        0.000        0.000        0.000        0.000        0.000
 19155:        0.000        0.000        0.000        0.000        0.000
 19160:        0.000        0.000        0.000        0.000        0.000
 19165:        0.000        0.000        0.000        0.000        0.000
 19170:        0.000        0.000        0.000        0.000        0.000
 19175:        0.000        0.000        0.000        0.000        0.000
 19180:        0.000        0.000        0.000        0.000        0.000
 19185:        0.000        0.000        0.000        0.000        0.000
 19190:        0.000        0.000        0.000        0.000        0.000
 19195:        0.000        0.000        0.000        0.000        0.000
 19200:        0.000        0.000        0.000        0.000        0.000
 19205:        0.000        0.000        0.000        0.000        0.000
 19210:        0.000        0.000        0.000        0.000        0.000
 19215:        0.000        0.000        0.000        0.000        0.000
 19220:        0.000        0.000        0.000        0.000        0.000
 19225:        0.000        0.000        0.000        0.000        0.000
 19230:        0.000        0.000        0.000        0.000        0.000
 19235:        0.000        0.000        0.000        0.000        0.000
 19240:        0.000        0.000        0.000        0.000        0.000
 19245:        0.000        0.000        0.000        0.000        0.000
 19250:        0.000        0.000        0.000        0.000        0.000
 19255:        0.000        0.000        0.000        0.000        0.000
 19260:        0.000        0.000        0.000        0.000        0.000
 19265:        0.000        0.000        0.000        0.000        0.000
 19270:        0.000        0.000        0.000        0.000        0.000
 19275:        0.000        0.000        0.000        0.000        0.000
 19280:        0.000        0.000        0.000        0.000        0.000
 19285:        0.000        0.000        0.000        0.000        0.000
 19290:        0.000        0.000        0.000        0.000        0.000
 19295:        0.000        0.000        0.000        0.000        0.000
 19300:        0.000        0.000        0.000        0.000        0.000
 19305:        0.000        0.000        0.000        0.000        0.000
 19310:        0.000        0.000        0.000        0.000        0.000
 19315:        0.000        0.000        0.000        0.000        0.000
 19320:        0.000        0.000        0.000        0.000        0.000
 19325:        0.000        0.000        0.000        0.000        0.000
 19330:        0.000        0.000        0.000        0.000        0.000
 19335:        0.000        0.000        0.000        0.000        0.000
 19340:        0.000        0.000        0.000        0.000        0.000
 19345:        0.000        0.000        0.000        0.000        0.000
 19350:        0.000        0.000        0.000        0.000        0.000
 19355:        0.000        0.000        0.000        0.000        0.000
 19360:        0.000        0.000        0.000        0.000        0.000
 19365:        0.000        0.000        0.000        0.000        0.000
 19370:        0.000        0.000        0.000        0.000        0.000
 19375:        0.000        0.000        0.000        0.000        0.000
 19380:        0.000        0.000        0.000        0.000        0.000
 19385:        0.000        0.000        0.000        0.000        0.000
 19390:        0.000        0.000        0.000        0.000        0.000
 19395:        0.000        0.000        0.000        0.000        0.000
 19400:        0.000        0.000        0.000        0.000        0.000
 19405:        0.000        0.000        0.000        0.000        0.000
 19410:        0.000        0.000        0.000        0.000        0.000
 19415:        0.000        0.000        0.000        0.000        0.000
 19420:        0.000        0.000        0.000        0.000        0.000
 19425:        0.000        0.000        0.000        0.000        0.000
 19430:        0.000        0.000        0.000        0.000        0.000
 19435:        0.000        0.000        0.000        0.000        0.000
 19440:        0.000        0.000        0.000        0.000        0.000
 19445:        0.000        0.000        0.000        0.000        0.000
 19450:        0.000        0.000        0.000        0.000        0.000
 19455:        0.000        0.000        0.000        0.000        0.000
 19460:        0.000        0.000        0.000        0.000        0.000
 19465:        0.000        0.000        0.000        0.000        0.000
 19470:        0.000        0.000        0.000        0.000        0.000
 19475:        0.000        0.000        0.000        0.000        0.000
 19480:        0.000        0.000        0.000        0.000        0.000
 19485:        0.000        0.000        0.000        0.000        0.000
 19490:        0.000        0.000        0.000        0.000        0.000
 19495:        0.000        0.000        0.000        0.000        0.000
 19500:        0.000        0.000        0.000        0.000        0.000
 19505:        0.000        0.000        0.000        0.000        0.000
 19510:        0.000        0.000        0.000        0.000        0.000
 19515:        0.000        0.000        0.000        0.000        0.000
 19520:        0.000        0.000        0.000        0.000        0.000
 19525:        0.000        0.000        0.000        0.000        0.000
 19530:        0.000        0.000        0.000        0.000        0.000
 19535:        0.000        0.000        0.000        0.000        0.000
 19540:        0.000        0.000        0.000        0.000        0.000
 19545:        0.000        0.000        0.000        0.000        0.000
 19550:        0.000        0.000        0.000        0.000        0.000
 19555:        0.000        0.000        0.000        0.000        0.000
 19560:        0.000        0.000        0.000        0.000        0.000
 19565:        0.000        0.000        0.000        0.000        0.000
 19570:        0.000        0.000        0.000        0.000        0.000
 19575:        0.000        0.000        0.000        0.000        0.000
 19580:        0.000        0.000        0.000        0.000        0.000
 19585:        0.000        0.000        0.000        0.000        0.000
 19590:        0.000        0.000        0.000        0.000        0.000
 19595:        0.000        0.000        0.000        0.000        0.000
 19600:        0.000        0.000        0.000        0.000        0.000
 19605:        0.000        0.000        0.000        0.000        0.000
 19610:        0.000        0.000        0.000        0.000        0.000
 19615:        0.000        0.000        0.000        0.000        0.000
 19620:        0.000        0.000        0.000        0.000        0.000
 19625:        0.000        0.000        0.000        0.000        0.000
 19630:        0.000        0.000        0.000        0.000        0.000
 19635:        0.000        0.000        0.000        0.000        0.000
 19640:        0.000        0.000        0.000        0.000        0.000
 19645:        0.000        0.000        0.000        0.000        0.000
 19650:        0.000        0.000        0.000        0.000        0.000
 19655:        0.000        0.000        0.000        0.000        0.000
 19660:        0.000        0.000        0.000        0.000        0.000
 19665:        0.000        0.000        0.000        0.000        0.000
 19670:        0.000        0.000        0.000        0.000        0.000
 19675:        0.000        0.000        0.000        0.000        0.000
 19680:        0.000        0.000        0.000        0.000        0.000
 19685:        0.000        0.000        0.000        0.000        0.000
 19690:        0.000        0.000        0.000        0.000        0.000
 19695:        0.000        0.000        0.000        0.000        0.000
 19700:        0.000        0.000        0.000        0.000        0.000
 19705:        0.000        0.000        0.000        0.000        0.000
 19710:        0.000        0.000        0.000        0.000        0.000
 19715:        0.000        0.000        0.000        0.000        0.000
 19720:        0.000        0.000        0.000        0.000        0.000
 19725:        0.000        0.000        0.000        0.000        0.000
 19730:        0.000        0.000        0.000        0.000        0.000
 19735:        0.000        0.000        0.000        0.000        0.000
 19740:        0.000        0.000        0.000        0.000        0.000
 19745:        0.000        0.000        0.000        0.000        0.000
 19750:        0.000        0.000        0.000        0.000        0.000
 19755:        0.000        0.000        0.000        0.000        0.000
 19760:        0.000        0.000        0.000        0.000        0.000
 19765:        0.000        0.000        0.000        0.000        0.000
 19770:        0.000        0.000        0.000        0.000        0.000
 19775:        0.000        0.000        0.000        0.000        0.000
 19780:        0.000        0.000        0.000        0.000        0.000
 19785:        0.000        0.000        0.000        0.000        0.000
 19790:        0.000        0.000        0.000        0.000        0.000
 19795:        0.000        0.000        0.000        0.000        0.000
 19800:        0.000        0.000        0.000        0.000        0.000
 19805:        0.000        0.000        0.000        0.000        0.000
 19810:        0.000        0.000        0.000        0.000        0.000
 19815:        0.000        0.000        0.000        0.000        0.000
 19820:        0.000        0.000        0.000        0.000        0.000
 19825:        0.000        0.000        0.000        0.000        0.000
 19830:        0.000        0.000        0.000        0.000        0.000
 19835:        0.000        0.000        0.000        0.000        0.000
 19840:        0.000        0.000        0.000        0.000        0.000
 19845:        0.000        0.000        0.000        0.000        0.000
 19850:        0.000        0.000        0.000        0.000        0.000
 19855:        0.000        0.000        0.000        0.000        0.000
 19860:        0.000        0.000        0.000        0.000        0.000
 19865:        0.000        0.000        0.000        0.000        0.000
 19870:        0.000        0.000        0.000        0.000        0.000
 19875:        0.000        0.000        0.000        0.000        0.000
 19880:        0.000        0.000        0.000        0.000        0.000
 19885:        0.000        0.000        0.000        0.000        0.000
 19890:        0.000        0.000        0.000        0.000        0.000
 19895:        0.000        0.000        0.000        0.000        0.000
 19900:        0.000        0.000        0.000        0.000        0.000
 19905:        0.000        0.000        0.000        0.000        0.000
 19910:        0.000        0.000        0.000        0.000        0.000
 19915:        0.000        0.000        0.000        0.000        0.000
 19920:        0.000        0.000        0.000        0.000        0.000
 19925:        0.000        0.000        0.000        0.000        0.000
 19930:        0.000        0.000        0.000        0.000        0.000
 19935:        0.000        0.000        0.000        0.000        0.000
 19940:        0.000        0.000        0.000        0.000        0.000
 19945:        0.000        0.000        0.000        0.000        0.000
 19950:        0.000        0.000        0.000        0.000        0.000
 19955:        0.000        0.000        0.000        0.000        0.000
 19960:        0.000        0.000        0.000        0.000        0.000
 19965:        0.000        0.000        0.000        0.000        0.000
 19970:        0.000        0.000        0.000        0.000        0.000
 19975:        0.000        0.000        0.000        0.000        0.000
 19980:        0.000        0.000        0.000        0.000        0.000
 19985:        0.000        0.000        0.000        0.000        0.000
 19990:        0.000        0.000        0.000        0.000        0.000
 19995:        0.000        0.000        0.000        0.000        0.000
 20000:        0.000
B:
     0:        0.000        0.000        0.000        0.000        0.000
     5:        0.000        0.000        0.000        0.000        0.000
    10:        0.000        1.000        0.000        0.000        0.000
    15:        0.000        0.000        0.000        0.000        0.000
    20:        0.000        0.000        0.000        0.000        0.000
    25:        0.000        0.000        0.000        0.000        0.000
    30:        0.000
D:
     0:        0.000        0.000        0.000
E:
     0:      540.000      540.000
T:
     0:        0.000        0.000        0.000        0.000


Start Date: 03/15/19
End Date: 03/15/19
Subject: 20
Experiment: AN
Group: PilotoAumentoCriterioExp
Box: 4
Start Time: 19:09:41
End Time: 20:09:40
MSN: DRRD_long_exp
C:       0.000
F:       1.000
G:       0.000
H:       0.000
I:       0.000
J:       0.000
K:      54.000
L:       0.000
M:       0.000
N:       0.000
O:       0.000
P:       0.000
Q:       0.000
R:       0.000
S:       0.000
U:    4075.000
V:       0.000
W:       0.000
X:       0.000
Y:     829.000
Z:       0.000
A:
     0:    15000.011    22173.001    22610.003    76863.001    79563.018
     5:    80882.003    80888.016    80938.026   104191.001   106709.003
    10:   108356.001   111056.018   111128.003   111134.016   111184.026
    15:   124230.001   125467.003   125479.001   126319.003   134622.001
    20:   136644.003   137640.001   139608.003   139636.001   139871.003
    25:   141346.001   143597.003   143626.001   143977.003   144044.001
    30:   144305.003   145540.001   147587.003   147647.001   147876.003
    35:   149996.001   151933.003   152965.001   154542.003   154567.001
    40:   155654.003   156347.001   159047.018   159268.003   159274.016
    45:   159324.026   159369.001   159749.003   159798.001   159951.003
    50:   175173.001   177054.003   178110.001   180636.003   184277.001
    55:   185228.003   185912.001   188612.018   189110.003   189116.016
    60:   189166.026   215736.001   216920.003   216974.001   218178.003
    65:   219150.001   221645.003   222486.001   225186.018   225191.003
    70:   225197.016   225247.026   234633.001   236451.003   237365.001
    75:   238224.003   238261.001   239680.003   240712.001   242738.003
    80:   242784.001   243413.003   243438.001   243701.003   244586.001
    85:   246016.003   246025.001   247842.003   248667.001   249977.003
    90:   250031.001   251047.003   252375.001   255075.018   255079.003
    95:   255085.016   255135.026   267438.001   269289.003   269349.001
   100:   270029.003   270843.001   273291.003   273967.001   276104.003
   105:   276806.001   279157.003   279339.001   279382.003   280323.001
   110:   282971.003   286257.001   288929.003   289549.001   291464.003
   115:   291496.001   292325.003   293023.001   295723.018   296215.003
   120:   296221.016   296271.026   312417.001   312643.003   312866.001
   125:   314801.003   315623.001   317678.003   318127.001   320428.003
   130:   321418.001   323877.003   323970.001   324447.003   327917.001
   135:   328081.003   328380.001   329271.003   329321.001   329858.003
   140:   329911.001   330521.003   331286.001   333601.003   333724.001
   145:   333842.003   334790.001   336165.003   336185.001   337625.003
   150:   338377.001   341077.018   341469.003   341475.016   341525.026
   155:   360007.001   362203.003   364259.001   366959.018   367780.003
   160:   367786.016   367836.026   379091.001   379941.003   379958.001
   165:   380788.003   381900.001   381949.003   382008.001   384152.003
   170:   384967.001   385897.003   385923.001   387710.003   392267.001
   175:   394150.003   395091.001   396235.003   396268.001   398038.003
   180:   398830.001   398989.003   399054.001   401427.003   402173.001
   185:   402793.003   402803.001   404768.003   405477.001   407701.003
   190:   408414.001   411114.018   411332.003   411338.016   411388.026
   195:   411656.001   411717.003   426134.001   426935.003   427037.001
   200:   427943.003   429057.001   429171.003   431456.001   433874.003
   205:   434697.001   436426.003   436450.001   438104.003   438907.001
   210:   441607.018   442327.003   442333.016   442383.026   471703.001
   215:   473742.003   475125.001   476498.003   476530.001   477692.003
   220:   478387.001   481087.018   481095.003   481101.016   481151.026
   225:   494867.001   495221.003   495231.001   496551.003   497946.001
   230:   499810.003   500735.001   503114.003   504091.001   505302.003
   235:   505349.001   506556.003   506781.001   507296.003   508401.001
   240:   510524.003   511478.001   513078.003   513123.001   514313.003
   245:   514390.001   514406.003   516939.001   517916.003   517949.001
   250:   520590.003   522576.001   523572.003   523581.001   525406.003
   255:   527283.001   528896.003   528952.001   529174.003   529346.001
   260:   529728.003   530668.001   533368.003   533374.016   533424.026
   265:   545501.001   547683.003   562440.001   564015.003   564886.001
   270:   567586.018   567601.003   567607.016   567657.026   591512.001
   275:   593428.003   595420.001   595860.003   595888.001   597689.003
   280:   598716.001   600426.003   600475.001   601351.003   602314.001
   285:   603310.003   603337.001   605218.003   606349.001   607997.003
   290:   608433.001   610451.003   622278.001   622500.003   622560.001
   295:   623927.003   625290.001   627990.018   628011.003   628017.016
   300:   628067.026   638883.001   640569.003   640614.001   641565.003
   305:   642798.001   645498.018   645499.003   645505.016   645555.026
   310:   662975.001   664125.003   664172.001   665308.003   667462.001
   315:   668325.003   668401.001   669755.003   670674.001   671515.003
   320:   671543.001   673036.003   674009.001   676096.003   676125.001
   325:   676815.003   681302.001   683290.003   684480.001   686790.003
   330:   687887.001   688146.003   688213.001   689062.003   689106.001
   335:   690507.003   691286.001   693986.018   694210.003   694216.016
   340:   694266.026   706394.001   707073.003   707133.001   708338.003
   345:   709210.001   711851.003   712823.001   715207.003   716179.001
   350:   716904.003   716939.001   719164.003   720506.001   723156.003
   355:   724515.001   726765.003   727519.001   730219.018   730579.003
   360:   730585.016   730635.026   744587.001   745696.003   745739.001
   365:   747158.003   748064.001   748251.003   748317.001   750562.003
   370:   751444.001   754144.018   754656.003   754662.016   754712.026
   375:   771181.001   773232.003   774325.001   774435.003   774461.001
   380:   774572.003   774612.001   774830.003   774965.001   777169.003
   385:   779234.001   781633.003   782733.001   785093.003   786094.001
   390:   788668.003   791256.001   793773.003   794794.001   797455.003
   395:   798169.001   800869.018   801200.003   801206.016   801256.026
   400:   816786.001   819295.003   821584.001   824284.018   824444.003
   405:   824450.016   824500.026   848107.001   849939.003   877075.001
   410:   877391.003   877485.001   879453.003   881537.001   881805.003
   415:   883600.001   884468.003   884496.001   885576.003   886823.001
   420:   889387.003   890953.001   891810.003   891851.001   893230.003
   425:   894103.001   895654.003   895686.001   896127.003   896179.001
   430:   897302.003   897375.001   897433.003   899248.001   901515.003
   435:   902516.001   903645.003   903669.001   905745.003   910935.001
   440:   912489.003   912536.001   913886.003   914941.001   917641.018
   445:   918233.003   918239.016   918289.026   932969.001   933902.003
   450:   933963.001   935382.003   935435.001   935721.003   937241.001
   455:   939941.018   940224.003   940230.016   940280.026   954168.001
   460:   956371.003   960704.001   963287.003   966721.001   966855.003
   465:   966894.001   969476.003   971251.001   972749.003   972788.001
   470:   973283.003   974786.001   975675.003   975726.001   977062.003
   475:   980049.001   982560.003   984029.001   986303.003   987179.001
   480:   989796.003   992235.001   994529.003   995186.001   995517.003
   485:   995770.001   998052.003   999059.001  1000871.003  1000989.001
   490:  1001619.003  1002773.001  1002879.003  1003016.001  1004922.003
   495:  1004948.001  1006328.003  1009244.001  1009653.003  1009727.001
   500:  1009968.003  1010036.001  1010336.003  1010376.001  1012003.003
   505:  1013178.001  1013407.003  1013443.001  1015217.003  1015230.001
   510:  1016017.003  1019332.001  1021014.003  1021059.001  1021467.003
   515:  1021480.001  1022351.003  1023424.001  1026124.018  1026403.003
   520:  1026409.016  1026459.026  1052951.001  1055651.018  1056078.003
   525:  1056084.016  1056134.026  1071267.001  1073386.003  1073449.001
   530:  1074259.003  1076741.001  1079441.018  1079580.003  1079586.016
   535:  1079636.026  1102693.001  1104984.003  1108367.001  1111067.018
   540:  1111154.003  1111160.016  1111210.026  1124411.001  1124803.003
   545:  1124906.001  1125509.003  1125989.001  1127207.003  1128768.001
   550:  1131215.003  1133292.001  1135470.003  1136538.001  1138024.003
   555:  1138063.001  1139095.003  1140430.001  1143130.018  1143249.003
   560:  1143255.016  1143305.026  1159871.001  1160899.003  1162177.001
   565:  1164608.003  1165996.001  1168696.018  1168713.003  1168719.016
   570:  1168769.026  1192063.001  1192155.003  1192295.001  1194320.003
   575:  1198089.001  1200249.003  1201488.001  1203768.003  1205298.001
   580:  1207998.018  1208177.003  1208183.016  1208233.026  1223074.001
   585:  1225774.018  1226066.003  1226072.016  1226122.026  1240323.001
   590:  1240979.003  1241731.001  1242769.003  1252043.001  1252091.003
   595:  1252479.001  1253368.003  1253407.001  1254654.003  1254724.001
   600:  1255259.003  1257081.001  1259385.003  1260564.001  1263093.003
   605:  1264830.001  1266318.003  1266368.001  1267454.003  1271236.001
   610:  1273254.003  1273294.001  1273562.003  1275241.001  1277941.018
   615:  1278813.003  1278819.016  1278869.026  1297563.001  1299919.003
   620:  1301355.001  1301847.003  1302009.001  1303969.003  1305669.001
   625:  1308232.003  1310318.001  1312988.003  1316769.001  1319421.003
   630:  1320898.001  1321095.003  1321182.001  1323882.018  1323951.003
   635:  1323957.016  1324007.026  1324013.001  1324532.003  1339508.001
   640:  1341313.003  1344160.001  1346848.003  1350764.001  1351232.003
   645:  1351272.001  1353517.003  1357787.001  1360195.003  1361639.001
   650:  1364339.018  1364459.003  1364465.016  1364515.026  1380349.001
   655:  1381174.003  1382637.001  1385197.003  1387290.001  1387581.003
   660:  1387651.001  1390044.003  1391769.001  1391874.003  1391986.001
   665:  1392426.003  1392574.001  1394848.003  1395918.001  1398618.018
   670:  1399214.003  1399220.016  1399270.026  1415496.001  1417919.003
   675:  1420213.001  1422354.003  1423910.001  1426610.018  1427319.003
   680:  1427325.016  1427375.026  1454658.001  1455420.003  1455491.001
   685:  1457822.003  1461794.001  1464494.018  1465869.003  1465875.016
   690:  1465925.026  1465960.001  1466476.003  1489565.001  1491958.003
   695:  1494553.001  1497253.018  1498231.003  1498237.016  1498287.026
   700:  1515428.001  1517879.003  1517962.001  1518241.003  1521976.001
   705:  1524676.018  1525451.003  1525457.016  1525507.026  1539274.001
   710:  1539744.003  1539916.001  1542100.003  1543697.001  1546397.018
   715:  1546846.003  1546852.016  1546902.026  1557942.001  1558432.003
   720:  1558477.001  1559318.003  1559645.001  1562318.003  1563924.001
   725:  1565520.003  1565567.001  1567086.003  1569441.001  1569479.003
   730:  1569759.001  1572332.003  1572386.001  1573150.003  1575192.001
   735:  1577481.003  1584026.001  1586531.003  1587952.001  1590173.003
   740:  1590267.001  1590973.003  1592485.001  1595185.018  1595417.003
   745:  1595423.016  1595473.026  1627030.001  1629674.003  1631362.001
   750:  1634062.018  1634415.003  1634421.016  1634471.026  1643533.001
   755:  1646035.003  1647586.001  1647811.003  1647851.001  1649405.003
   760:  1649438.001  1650186.003  1651811.001  1653079.003  1653152.001
   765:  1654417.003  1655941.001  1656623.003  1656701.001  1658991.003
   770:  1659819.001  1661518.003  1661562.001  1662716.003  1664071.001
   775:  1665901.003  1665925.001  1667221.003  1667291.001  1667956.003
   780:  1670380.001  1673080.018  1673174.003  1673180.016  1673230.026
   785:  1687521.001  1690011.003  1691762.001  1691827.003  1693197.001
   790:  1695675.003  1704151.001  1705768.003  1707235.001  1709935.018
   795:  1710408.003  1710414.016  1710464.026  1724911.001  1727611.018
   800:  1728014.003  1728020.016  1728070.026  1742726.001  1745147.003
   805:  1754021.001  1755608.003  1755649.001  1756988.003  1758823.001
   810:  1761105.003  1761151.001  1762062.003  1764668.001  1766809.003
   815:  1768453.001  1768517.003  1768556.001  1771256.018  1771832.003
   820:  1771838.016  1771888.026  1786708.001  1789158.003  1790924.001
   825:  1793624.018  1794160.003  1794166.016  1794216.026
B:
     0:        0.000      344.000        0.000      344.000        0.000
     5:        0.000        0.000        0.000        0.000        0.000
    10:        0.000        1.000        0.000        0.000        0.000
    15:        0.000       47.000        0.000       46.000        0.000
    20:        0.000        0.000        0.000        0.000        0.000
    25:        0.000       47.000        0.000        0.000        0.000
    30:        0.000
D:
     0:  1798234.000  1794999.000  1798235.000
E:
     0:     2700.000     2700.000
T:
     0:        0.000        0.000        0.000        0.000
