File: C:\MED-PC IV\Data\Reyes\AY\AY1070.999


Start Date: 10/13/24
End Date: 10/13/24
Subject: 70
Experiment: AY
Group: PERC
Box: 2
Start Time: 17:42:37
End Time: 18:32:37
MSN: DRRD_perc
C:       0.000
F:       0.000
G:       0.000
H:       0.000
I:       0.000
J:       0.000
K:    2557.000
L:       0.000
M:       0.000
N:       0.000
O:       0.000
Q:     577.850
S:     568.288
U:    2464.000
V:       0.000
X:       0.000
Y:    6076.000
Z:       0.000
A:
     0:     7465.005     7470.009     7489.005     7495.009     7499.005
     5:     7653.009     7656.005     7662.009     7683.005     7687.009
    10:     7698.005     7725.009     7737.005     7741.009     7926.005
    15:     7949.009     7950.005     7954.009     8029.005     8041.009
    20:     8063.005     8090.009     8117.005     8263.009     8288.005
    25:     8558.009     9682.005    10356.009    10368.005    10375.009
    30:    10381.005    10402.009    10412.005    10435.009    15000.013
    35:    15000.011    15944.005    16040.009    16248.001    16507.003
    40:    16843.001    17532.003    17692.005    17852.009    17916.005
    45:    17975.009    18088.005    18165.009    18381.001    19060.005
    50:    19190.003    19213.009    19488.001    19895.003    20467.005
    55:    20611.009    20805.005    20809.009    20815.005    20965.009
    60:    21131.001    21235.003    21258.001    21799.005    21807.003
    65:    22040.009    22053.005    22060.009    22062.005    22069.009
    70:    22134.005    22146.009    22150.005    22158.009    22162.005
    75:    22297.009    22465.001    23245.003    23259.001    23305.003
    80:    23332.005    23579.009    23584.005    23597.009    23885.001
    85:    24181.003    25064.001    26302.005    26330.003    26641.009
    90:    26643.005    26647.009    27121.001    27321.003    27360.001
    95:    27390.003    27456.001    27483.003    27846.005    27966.009
   100:    30405.001    31212.005    31225.009    31244.005    31287.003
   105:    31473.009    32342.005    32487.009    32513.005    32523.009
   110:    32528.005    32708.009    32710.005    32724.009    32735.005
   115:    32744.009    32747.005    32768.009    32797.005    32805.009
   120:    32832.005    32852.009    32854.005    33019.009    33021.005
   125:    33037.009    33042.005    33048.009    33053.005    33057.009
   130:    33950.001    34061.003    34199.001    34268.003    34303.001
   135:    34586.003    34613.001    34927.003    35034.005    35304.009
   140:    35549.001    36460.003    36508.005    36882.009    37003.005
   145:    37137.009    37140.005    37146.009    37150.005    37164.009
   150:    37167.005    37172.009    37183.005    37188.009    37430.001
   155:    38517.003    38873.005    39201.009    39222.005    39233.009
   160:    39250.005    39681.009    39725.005    39731.009    39758.005
   165:    39765.009    39771.005    39778.009    40162.001    40615.003
   170:    40637.001    41120.003    41166.001    41634.003    41675.005
   175:    41854.009    42022.001    42825.003    42872.001    43378.003
   180:    43404.005    43741.009    43885.001    44296.003    44328.001
   185:    44431.003    44468.001    44862.003    46126.001    46152.003
   190:    46339.001    46496.003    46524.001    47056.003    47170.005
   195:    47328.009    47348.005    47429.009    47465.005    47474.009
   200:    47484.005    47489.009    47497.005    47508.009    48541.005
   205:    48548.009    48556.005    48561.009    48569.005    48606.009
   210:    48612.005    48652.009    48658.005    48790.009    53650.005
   215:    53665.009    53674.005    53704.009    65704.005    65845.009
   220:    65859.005    66164.009    66173.005    66186.009    66200.005
   225:    66209.009    66250.005    66251.009    66301.005    66348.009
   230:    66353.005    66444.009    66451.005    66463.009    66491.005
   235:    66494.009    66548.005    66566.009    66643.005    66653.009
   240:    66757.005    66765.009    66778.005    66782.009    66815.005
   245:    66858.009    66869.005    67256.009    67269.005    67273.009
   250:    67482.001    67698.003    67789.005    68145.009    68380.005
   255:    68464.009    69320.001    69783.003    69806.005    69969.009
   260:    70331.001    71591.003    71619.005    71786.009    71844.005
   265:    71850.009    71868.005    71873.009    71915.005    71934.009
   270:    71935.005    71941.009    71951.005    71966.009    71992.005
   275:    71998.009    72023.005    72029.009    72055.005    72072.009
   280:    72077.005    72081.009    72086.005    72093.009    72096.005
   285:    72098.009    72132.005    72197.009    72200.005    72277.009
   290:    72278.005    72355.009    72363.005    72371.009    72395.005
   295:    72397.009    72561.001    73299.003    73349.001    73641.003
   300:    73736.005    73906.009    76541.005    76568.009    77511.001
   305:    78790.018    78975.003    78981.016    78992.005    79031.026
   310:    80221.009    80230.005    80246.009    80513.005    80518.009
   315:    80528.005    80544.009    80580.005    80594.009    80640.005
   320:    80646.009    80659.005    80711.009    80736.005    81247.009
   325:    81252.005    81265.009    81269.005    81315.009    81316.005
   330:    81650.009    81655.005    81677.009    81679.005    81686.009
   335:    81687.005    81694.009    81721.005    81726.009    82561.001
   340:    82626.003    83355.005    83681.009    83723.005    83750.009
   345:    83770.005    83786.009    83824.005    83827.009    83840.005
   350:    83859.009    83867.005    83900.009    83913.005    84035.009
   355:    85318.005    85402.009    85921.001    86460.003    86676.005
   360:    86873.009    86889.005    86893.009    87131.001    88250.003
   365:    88268.001    88773.003    88842.005    89302.009    90940.001
   370:    91567.003    91602.001    91700.003    91718.001    92256.003
   375:    92345.005    92538.009    92540.005    92546.009    92575.005
   380:    92577.009    92665.005    92669.009    92684.005    92694.009
   385:    92701.005    93358.009    94080.001    95359.018    95649.003
   390:    95655.016    95672.005    95705.026    96736.009    97692.001
   395:    98006.003    98068.005    98296.009    98297.005    98303.009
   400:    99741.001    99817.003   100345.001   100654.003   100700.001
   405:   100810.003   101551.005   101926.009   101927.005   101934.009
   410:   101959.005   101970.009   102115.005   102126.009   102160.005
   415:   102181.009   102225.005   102230.009   102231.005   102240.009
   420:   102249.005   102254.009   102278.005   102281.009   102358.005
   425:   102363.009   102527.005   102542.009   102555.005   102561.009
   430:   102597.005   102602.009   102610.005   102613.009   102615.005
   435:   102622.009   102830.001   103182.003   103190.001   103906.003
   440:   103948.001   104196.003   104268.005   104560.009   104743.001
   445:   104997.003   105041.001   105099.003   105134.001   105756.003
   450:   105818.005   106261.009   106272.005   106280.009   106313.005
   455:   106326.009   106364.005   106379.009   106380.005   106590.009
   460:   106637.005   106639.009   107666.001   108270.003   108303.005
   465:   108527.009   108537.005   108543.009   108569.005   108574.009
   470:   108630.005   108635.009   108645.005   108648.009   108822.001
   475:   110069.003   110143.005   110390.009   110392.005   110396.009
   480:   110403.005   110406.009   110413.005   110417.009   110436.005
   485:   110439.009   110533.005   110539.009   110540.005   110888.009
   490:   110890.005   110899.009   110904.005   110911.009   113382.005
   495:   113388.009   113401.005   113428.009   113440.005   113448.009
   500:   113449.005   113464.009   113505.005   113511.009   113513.005
   505:   113578.009   113580.005   113598.009   113603.005   113663.009
   510:   113676.005   113686.009   113699.005   113714.009   113718.005
   515:   113732.009   113734.005   113747.009   113783.005   113797.009
   520:   113805.005   113813.009   113831.005   113892.009   113899.005
   525:   113908.009   113929.005   113944.009   113953.005   113956.009
   530:   113962.005   113968.009   113975.005   114183.009   114187.005
   535:   114192.009   114194.005   114213.009   114223.005   114226.009
   540:   114227.005   114232.009   114483.001   114822.003   114836.005
   545:   115122.009   115407.001   115629.003   115642.001   115788.003
   550:   115902.001   116020.003   116547.005   116654.009   116850.001
   555:   116977.003   124397.005   124407.009   124421.005   124515.009
   560:   131085.001   131286.003   131336.005   131616.009   131686.005
   565:   131837.009   131838.005   131849.009   131852.005   131862.009
   570:   131868.005   131878.009   131989.005   131994.009   132011.005
   575:   132017.009   132047.005   132069.009   132082.005   132094.009
   580:   132100.005   132111.009   132205.005   132215.009   132220.005
   585:   132224.009   132436.001   133145.003   133154.005   133549.009
   590:   133558.005   133563.009   133590.005   133595.009   133606.005
   595:   133611.009   133618.005   133628.009   133635.005   133638.009
   600:   133641.005   133660.009   133668.005   133683.009   133687.005
   605:   133889.009   134028.001   134953.003   134973.005   135203.009
   610:   135204.005   135208.009   135218.005   135227.009   135290.005
   615:   135297.009   135340.005   135347.009   135512.001   136018.003
   620:   136055.001   136569.003   136636.005   136795.009   136816.005
   625:   136822.009   136850.005   136854.009   136857.005   136861.009
   630:   136955.005   137001.009   137006.005   137015.009   137029.005
   635:   137043.009   137051.005   137058.009   137070.005   137075.009
   640:   138311.001   138994.003   139030.005   139220.009   139341.005
   645:   139349.009   139533.001   139861.003   140630.005   140682.009
   650:   140845.001   141217.003   141234.001   141996.003   142078.005
   655:   142408.009   142421.005   142433.009   142436.005   142444.009
   660:   142456.005   142646.009   142648.005   142656.009   142661.005
   665:   142669.009   142674.005   142912.009   142918.005   142924.009
   670:   143526.001   143697.003   143882.001   144832.005   144834.003
   675:   145034.009   145065.005   145070.009   145266.001   145477.003
   680:   147105.001   147183.003   147828.005   148023.009   149517.005
   685:   149598.009   149651.005   149655.009   149697.005   149704.009
   690:   149772.005   149778.009   150083.001   151362.018   151475.003
   695:   151481.016   151510.005   151531.026   152549.009   152550.005
   700:   152558.009   152573.005   152580.009   157879.005   157889.009
   705:   157892.005   158027.009   158274.001   158718.003   158731.005
   710:   159043.009   159211.001   159394.003   159431.001   160248.003
   715:   160306.005   160528.009   160539.005   160769.009   160850.005
   720:   160854.009   160864.005   160885.009   160905.005   160914.009
   725:   161116.001   161341.003   161378.001   162657.018   162783.003
   730:   162789.016   162839.026   162869.005   163685.009   163722.005
   735:   163736.009   164218.001   165184.003   165261.005   165560.009
   740:   165917.001   166266.003   166288.001   167245.003   167323.005
   745:   167580.009   167647.005   167846.009   167869.005   167876.009
   750:   167887.005   167896.009   167916.005   168293.009   168542.001
   755:   168668.003   168801.001   168857.003   168911.001   168999.003
   760:   169559.005   169668.009   169894.001   169990.003   170032.001
   765:   170269.003   170297.001   170477.003   170636.001   171331.003
   770:   171557.001   171736.003   171764.001   172487.003   172531.005
   775:   172740.009   172744.005   172757.009   172759.005   172945.009
   780:   173615.001   173894.003   173930.001   174030.003   174055.001
   785:   174673.003   174746.005   175317.009   175507.001   176786.018
   790:   177030.003   177034.005   177036.016   177086.026   178444.009
   795:   178485.005   178584.009   178652.005   178658.009   178961.001
   800:   179143.003   179202.001   179988.003   180015.005   180428.009
   805:   180432.005   180440.009   180441.005   180446.009   180460.005
   810:   180465.009   180482.005   180488.009   180489.005   180496.009
   815:   180797.001   180901.003   180965.001   180984.003   181707.001
   820:   182484.003   182503.005   182713.009   182719.005   182738.009
   825:   182749.005   182917.009   182924.005   182930.009   182952.005
   830:   182956.009   182963.005   182967.009   183001.005   183007.009
   835:   183020.005   183030.009   183032.005   183037.009   183040.005
   840:   183053.009   183064.005   183070.009   183072.005   183086.009
   845:   183096.005   183101.009   183191.005   183204.009   183206.005
   850:   183212.009   183283.005   183289.009   183461.005   183578.009
   855:   183588.005   183594.009   183602.005   183615.009   184394.001
   860:   185097.003   185133.005   185352.009   185484.001   185819.003
   865:   185859.001   185904.003   185935.001   186942.003   187057.005
   870:   187335.009   187355.005   187360.009   187365.005   187370.009
   875:   187427.005   187438.009   187440.005   187504.009   188000.001
   880:   188022.003   188038.001   188074.003   188089.001   189250.003
   885:   189321.005   189400.009   189466.005   189472.009   190222.001
   890:   190528.003   190538.001   191231.003   191383.005   191698.009
   895:   192033.005   192044.009   192071.005   192085.009   192092.005
   900:   192690.009   192698.005   192715.009   192731.005   192732.009
   905:   192736.005   192752.009   192762.005   192777.009   192778.005
   910:   192794.009   192797.005   192818.009   192821.005   193080.009
   915:   193087.005   193100.009   193123.005   193142.009   193238.005
   920:   193243.009   193343.005   193371.009   193387.005   193398.009
   925:   193403.005   193414.009   193443.005   193453.009   193463.005
   930:   193471.009   193490.005   193497.009   193503.005   193508.009
   935:   193510.005   193516.009   194228.001   194686.003   194784.005
   940:   194880.009   194942.005   194971.009   195485.001   195787.003
   945:   195951.005   196129.009   196136.005   196141.009   196146.005
   950:   196165.009   197149.005   197154.009   197204.005   197226.009
   955:   197247.005   197253.009   197262.005   197289.009   197316.005
   960:   197321.009   197327.005   197343.009   197350.005   197353.009
   965:   197374.005   197383.009   197387.005   197529.009   197530.005
   970:   197535.009   197548.005   197558.009   197561.005   197566.009
   975:   197610.005   197615.009   197645.005   197661.009   197677.005
   980:   197716.009   197835.005   197859.009   198363.001   198461.003
   985:   198524.001   198556.003   198611.001   199228.003   199276.005
   990:   199530.009   199532.005   199538.009   199677.005   199695.009
   995:   199721.005   199726.009   199759.005   199765.009   199774.005
  1000:   199779.009   199790.005   199795.009   199804.005   199870.009
  1005:   199871.005   200049.009   200069.005   200435.009   200459.005
  1010:   200466.009   200473.005   200488.009   200493.005   200499.009
  1015:   200674.001   200870.003   201064.005   201171.009   201179.005
  1020:   201186.009   201218.005   201229.009   201233.005   201255.009
  1025:   201258.005   201290.009   201305.005   201333.009   201349.005
  1030:   201366.009   201377.005   201439.009   201442.005   201612.009
  1035:   201616.005   201672.009   201707.005   201763.009   201791.005
  1040:   201793.009   201795.005   201987.009   202065.005   202106.009
  1045:   202128.005   202137.009   202139.005   202162.009   202192.005
  1050:   202219.009   202226.005   202239.009   202261.005   202272.009
  1055:   202335.005   202569.009   202586.005   202610.009   202740.005
  1060:   202818.009   202954.005   203401.009   203433.005   203440.009
  1065:   203450.005   203455.009   203457.005   203472.009   203859.001
  1070:   204217.003   204229.005   204715.009   204726.005   204740.009
  1075:   204748.005   204760.009   204784.005   204807.009   204893.005
  1080:   204898.009   204948.005   204964.009   205067.001   205619.003
  1085:   205648.001   205815.003   205828.001   206102.003   206220.005
  1090:   206663.009   206703.005   206709.009   206844.005   206958.009
  1095:   206963.005   206981.009   206982.005   206988.009   207171.001
  1100:   207850.003   207870.001   207899.005   208059.003   208081.009
  1105:   208218.005   208223.009   208245.005   208397.009   208557.001
  1110:   208858.003   208876.001   208958.003   209122.001   209200.003
  1115:   209227.001   210081.003   210199.005   210609.009   210946.001
  1120:   211400.003   211417.001   211702.003   211768.005   212071.009
  1125:   212155.005   212158.009   212661.001   213236.003   213259.001
  1130:   213284.003   213689.005   213947.009   214154.001   214266.003
  1135:   214302.001   214535.003   214601.001   215251.003   215625.001
  1140:   215971.003   216170.005   216608.009   216837.001   216947.003
  1145:   224576.005   224862.009   224954.005   225023.009   225034.005
  1150:   225044.009   225050.005   225086.009   225096.005   225114.009
  1155:   225138.005   225143.009   225149.005   225154.009   225157.005
  1160:   225170.009   225171.005   225196.009   225586.001   225979.005
  1165:   225985.003   226430.009   227705.005   227715.009   228050.001
  1170:   228736.003   228754.005   228948.009   228951.005   228956.009
  1175:   229207.001   229526.003   229565.001   230186.003   230219.001
  1180:   230518.003   231124.005   231404.009   231458.005   231466.009
  1185:   231468.005   231475.009   231491.005   231499.009   231529.005
  1190:   231533.009   231537.005   231936.009   231968.005   231980.009
  1195:   232112.005   232142.009   232158.005   232166.009   232222.005
  1200:   232226.009   232241.005   232246.009   232266.005   232271.009
  1205:   232273.005   232314.009   232326.005   232544.009   232584.005
  1210:   232592.009   232862.001   233166.003   233206.001   233378.003
  1215:   233393.001   234365.003   234487.005   234714.009   234727.005
  1220:   234755.009   234946.005   234998.009   235005.005   235009.009
  1225:   235154.001   236116.003   236124.005   236308.009   236394.005
  1230:   236399.009   237221.001   237824.003   238527.005   238645.009
  1235:   255524.001   256220.003   256220.005   256651.009   256657.005
  1240:   256667.009   256698.005   256703.009   256806.005   256812.009
  1245:   262383.005   262392.009   264878.005   264886.009   264889.005
  1250:   264894.009   264920.005   264931.009   265146.005   265157.009
  1255:   265163.005   265255.009   266864.001   267038.003   267162.005
  1260:   267377.009   268828.005   269102.009   272155.005   272252.009
  1265:   272623.001   273258.005   273272.003   273587.009   273634.005
  1270:   273638.009   273864.001   274093.003   274134.001   274967.005
  1275:   274983.003   275421.009   280030.001   280729.005   280793.003
  1280:   281087.009   281088.005   281092.009   281100.005   281108.009
  1285:   281109.005   281117.009   281126.005   281143.009   281145.005
  1290:   281164.009   281174.005   281178.009   281490.001   282167.003
  1295:   282172.005   282408.009   282417.005   282422.009   282485.005
  1300:   282496.009   282765.001   283020.003   284473.001   284506.003
  1305:   288364.001   288849.003   290253.005   290423.009   290424.005
  1310:   290430.009   290459.005   290465.009   293874.005   294070.009
  1315:   294210.005   294218.009   294220.005   294225.009   294638.001
  1320:   295297.005   295312.003   295527.009   295585.005   295592.009
  1325:   295645.005   295773.009   295779.005   295794.009   295795.005
  1330:   296578.009   296580.005   296599.009   296613.005   296625.009
  1335:   296985.005   296989.009   297072.005   297097.009   297123.005
  1340:   297134.009   297160.005   297166.009   297180.005   300131.009
  1345:   300270.005   300277.009   300289.005   300297.009   300341.005
  1350:   300352.009   300354.005   300813.009   300821.005   301506.009
  1355:   301535.005   301542.009   301572.005   301583.009   301593.005
  1360:   301600.009   301609.005   301615.009   301617.005   302213.009
  1365:   302233.005   302925.009   302926.005   303110.009   303138.005
  1370:   303164.009   303186.005   303195.009   303223.005   303230.009
  1375:   303236.005   303241.009   303321.005   303338.009   303346.005
  1380:   303355.009   303362.005   303368.009   303387.005   303489.009
  1385:   303497.005   303504.009   303537.005   303595.009   303597.005
  1390:   303616.009   303714.005   303724.009   303735.005   304769.009
  1395:   304773.005   305030.009   305532.005   305538.009   305604.005
  1400:   305696.009   305722.005   305868.009   305869.005   305884.009
  1405:   305900.005   305918.009   305989.005   306867.009   306883.005
  1410:   306970.009   306981.005   307001.009   307005.005   307030.009
  1415:   307039.005   307308.009   307310.005   307323.009   307326.005
  1420:   307338.009   307845.001   308272.003   308278.005   308902.009
  1425:   308903.005   308911.009   308923.005   308929.009   308957.005
  1430:   308980.009   309233.005   309271.009   309387.005   309392.009
  1435:   309400.005   309465.009   309479.005   309485.009   309501.005
  1440:   309526.009   309544.005   309593.009   309636.005   309644.009
  1445:   309648.005   309669.009   309754.005   309765.009   310175.001
  1450:   310779.005   310791.003   311287.009   311297.005   311300.009
  1455:   311311.005   311321.009   311346.005   311369.009   311391.005
  1460:   311399.009   311405.005   311412.009   311413.005   311427.009
  1465:   311519.005   311523.009   311557.005   311564.009   311662.005
  1470:   311666.009   311671.005   311676.009   311697.005   311701.009
  1475:   311816.001   313070.003   313082.005   313360.009   313400.005
  1480:   313402.009   313564.005   313595.009   313619.005   313631.009
  1485:   313641.005   313645.009   313660.005   313677.009   313682.005
  1490:   313711.009   313726.005   313737.009   313739.005   313966.009
  1495:   313982.005   313989.009   314082.005   314086.009   314094.005
  1500:   314191.009   314411.001   315322.003   315336.005   315544.009
  1505:   315630.005   315644.009   315701.005   315707.009   315712.005
  1510:   315715.009   315861.001   316388.003   316421.001   316466.003
  1515:   316503.001   317376.003   317483.005   317831.009   317839.005
  1520:   317845.009   317870.005   317878.009   317903.005   317909.009
  1525:   317970.005   317982.009   318167.001   318508.003   318697.001
  1530:   318987.003   319604.005   319634.009   319666.005   319849.009
  1535:   319990.001   321269.018   322756.003   322762.016   322812.026
  1540:   322825.005   323770.009   323775.005   323800.009   323825.005
  1545:   323832.009   323849.005   323864.009   323870.005   323946.009
  1550:   323956.005   323962.009   323966.005   323974.009   323986.005
  1555:   324002.009   324811.001   325300.003   325330.001   326032.003
  1560:   326040.005   326192.009   326327.005   326574.009   326579.005
  1565:   326583.009   326628.005   326634.009   326645.005   326654.009
  1570:   326676.005   327777.009   327816.005   327821.009   327914.005
  1575:   327929.009   327932.005   327951.009   327976.005   327997.009
  1580:   327998.005   328224.009   328947.001   329617.003   329633.001
  1585:   330912.018   330949.003   330955.016   330989.005   331005.026
  1590:   331008.017   332040.009   332224.005   332239.009   332369.005
  1595:   332377.009   332735.001   333291.003   333418.005   333676.009
  1600:   334024.001   334099.003   334540.001   334888.003   334913.001
  1605:   335491.003   335519.005   335724.009   335731.005   336254.009
  1610:   336270.005   336274.009   336306.005   336344.009   337020.001
  1615:   337144.003   337184.001   338216.003   338224.017   338230.005
  1620:   338567.009   339580.005   339790.009   340083.001   340148.003
  1625:   340593.001   341049.003   341075.001   341737.003   341814.005
  1630:   342236.009   342487.001   342630.003   342683.001   343770.003
  1635:   343870.005   344020.009   345306.001   345542.003   345717.001
  1640:   346245.003   346259.001   346407.003   346455.005   346631.009
  1645:   347009.001   348114.005   348119.003   348506.009   348518.005
  1650:   348531.009   348532.005   348538.009   348563.005   348570.009
  1655:   348580.005   348674.009   348705.005   348727.009   348740.005
  1660:   348746.009   348791.005   348977.009   349233.001   350533.018
  1665:   350653.003   350659.016   350664.005   350709.026   351573.009
  1670:   352005.001   352059.003   352386.001   352458.003   352536.001
  1675:   352711.003   352749.001   353243.003   353306.001   353361.003
  1680:   353389.001   353497.003   353597.005   353815.009   353886.005
  1685:   353924.009   353942.005   353949.009   353956.005   354147.009
  1690:   354620.001   354663.003   354701.001   354852.003   354860.001
  1695:   355635.003   355679.001   356029.003   356123.005   356530.009
  1700:   356532.005   356538.009   356604.005   356608.009   357354.001
  1705:   357384.003   357684.001   358757.003   358795.005   358996.009
  1710:   359002.005   359011.009   359109.005   359274.009   359275.005
  1715:   359282.009   359301.005   359315.009   360054.005   360064.009
  1720:   360076.005   360108.009   360308.001   361523.003   361561.001
  1725:   361994.003   362071.005   362452.009   362970.001   364200.003
  1730:   364231.001   364613.003   364655.005   365330.009   365331.005
  1735:   365346.009   365348.005   365359.009   365388.005   365394.009
  1740:   365401.005   365409.009   365449.005   365453.009   365456.005
  1745:   365461.009   365486.005   365493.009   365503.005   365511.009
  1750:   365552.005   365562.009   365791.001   367091.018   367685.003
  1755:   367691.016   367709.001   367741.026   367956.003   368404.005
  1760:   369211.009   369222.005   369228.009   369231.005   369238.009
  1765:   369257.005   369290.009   369292.005   369759.009   371098.001
  1770:   371436.005   371447.003   371796.009   371806.005   371812.009
  1775:   373782.005   373875.009   374098.001   374737.005   374787.003
  1780:   375211.009   375226.005   375232.009   375491.001   375503.003
  1785:   375534.001   375685.003   375729.001   376550.003   376615.001
  1790:   376654.003   376697.001   376812.003   376840.001   377181.003
  1795:   377244.005   377549.009   378192.001   378221.003   378281.001
  1800:   379011.003   379050.005   379210.009   379646.001   380946.018
  1805:   381169.003   381175.016   381187.005   381225.026   381897.009
  1810:   382070.005   382097.009   382624.005   382628.009   382641.005
  1815:   382707.009   382923.001   383229.003   383268.001   384568.018
  1820:   384627.003   384633.016   384683.026   384697.005   385378.009
  1825:   385439.005   385446.009   385457.005   385466.009   385483.005
  1830:   385491.009   385539.005   385541.009   385955.001   386918.003
  1835:   386954.005   387577.009   387578.005   387585.009   387701.005
  1840:   387717.009   387729.005   387734.009   387748.005   387988.009
  1845:   388178.001   389332.003   389384.005   389567.009   389570.005
  1850:   389576.009   389579.005   389584.009   389604.005   389608.009
  1855:   389613.005   389626.009   389718.005   389918.009   390097.001
  1860:   390598.003   390660.001   391764.003   391804.005   391984.009
  1865:   391989.005   391993.009   391998.005   392003.009   392060.005
  1870:   392065.009   392112.005   392120.009   392133.005   392167.009
  1875:   392174.005   392330.009   392331.005   392334.009   392337.005
  1880:   392342.009   392365.005   392372.009   392375.005   392393.009
  1885:   392412.005   392415.009   393595.001   394700.003   394899.001
  1890:   395478.003   395482.005   395650.009   395675.005   395682.009
  1895:   395686.005   395696.009   395705.005   395723.009   395730.005
  1900:   395869.009   396086.001   396430.003   396450.001   397533.003
  1905:   397562.005   397751.009   397753.005   397760.009   397792.005
  1910:   397798.009   397819.005   397829.009   397856.005   397861.009
  1915:   397872.005   398188.009   398189.005   398354.009   398383.005
  1920:   399334.009   399400.005   399403.009   399410.005   399714.009
  1925:   403870.005   403993.009   404301.001   405344.003   405382.005
  1930:   405611.009   405621.005   405648.009   405653.005   405662.009
  1935:   405668.005   405677.009   405682.005   405691.009   405723.005
  1940:   405732.009   405890.005   405895.009   405911.005   406020.009
  1945:   406177.001   406417.003   406572.001   406595.003   406834.001
  1950:   407619.003   407643.001   407749.003   407780.001   408005.003
  1955:   408159.001   408457.003   408639.005   409080.009   409082.005
  1960:   409120.009   409132.005   409289.009   409447.001   409772.003
  1965:   409790.001   411013.003   411061.005   411220.009   411240.005
  1970:   411244.009   411252.005   411260.009   411264.005   411269.009
  1975:   411292.005   411598.009   411770.001   412935.003   413014.005
  1980:   413654.009   413826.001   413960.003   413998.001   414196.003
  1985:   414227.001   414598.003   414606.001   414914.003   414931.001
  1990:   415611.003   415651.005   415853.009   415868.005   415872.009
  1995:   415897.005   415902.009   415912.005   415917.009   415920.005
  2000:   415926.009   415935.005   416114.009   416120.005   416151.009
  2005:   416154.005   416161.009   416189.005   416204.009   416365.005
  2010:   416455.009   416870.001   416997.003   417003.001   418306.018
  2015:   418832.003   418838.016   418884.005   418888.026   419685.009
  2020:   420175.001   421110.003   421128.005   421321.009   421324.005
  2025:   421332.009   421337.005   421345.009   421349.005   421355.009
  2030:   421358.005   421363.009   421563.001   422804.003   422832.005
  2035:   422992.009   423005.005   423010.009   423058.005   423062.009
  2040:   423065.005   423071.009   423108.005   423355.009   423561.001
  2045:   424861.018   425093.003   425099.016   425131.005   425149.026
  2050:   426099.009   426190.005   426196.009   426827.001   426972.003
  2055:   427081.001   427349.003   427794.001   429036.003   429164.005
  2060:   429350.009   429354.005   429361.009   429363.005   429370.009
  2065:   429414.005   429687.009   430297.001   430660.003   430988.005
  2070:   431338.009   431362.005   431367.009   431370.005   431383.009
  2075:   431632.005   431645.009   441466.005   441612.009   442016.001
  2080:   443316.018   443496.003   443502.016   443519.005   443552.026
  2085:   444735.009   444741.005   444751.009   444761.005   444769.009
  2090:   446604.005   446726.009   446815.005   446817.009   447013.001
  2095:   447288.003   447359.005   447768.009   447788.005   447795.009
  2100:   447806.005   447811.009   447837.005   447854.009   447966.005
  2105:   447969.009   448129.001   449194.003   449202.017   449242.005
  2110:   449979.009   450040.005   450047.009   450142.005   450146.009
  2115:   450158.005   450162.009   450169.005   450172.009   450503.001
  2120:   451805.018   452054.003   452060.016   452087.005   452110.026
  2125:   452113.017   453013.009   453811.001   455193.018   455295.003
  2130:   455301.016   455325.005   455351.026   455354.017   456037.009
  2135:   456045.005   456551.009   456871.001   458174.003   458182.017
  2140:   458248.005   458455.009   458488.005   458493.009   458519.005
  2145:   458524.009   458563.005   458565.009   458578.005   458586.009
  2150:   458588.005   458919.009   459208.001   459388.003   459477.001
  2155:   459555.003   459563.017   459907.001   460669.003   460677.017
  2160:   460679.005   460907.009   460955.005   460961.009   461172.005
  2165:   461183.009   461351.005   461659.009   461669.005   461680.009
  2170:   466521.005   466825.009   467151.001   467639.003   467647.017
  2175:   467649.005   467929.009   467937.005   467942.009   467951.005
  2180:   467956.009   467959.005   468112.009   468898.001   470331.018
  2185:   470636.003   470642.016   470649.005   470692.026   470695.017
  2190:   471677.009   471871.001   473265.003   473273.017   473286.005
  2195:   473525.009   473529.005   473539.009   473554.005   473567.009
  2200:   473584.005   473692.009   473903.001   474241.003   474273.001
  2205:   474933.003   475010.005   475222.009   475226.005   475232.009
  2210:   475271.005   475277.009   475301.005   475308.009   475318.005
  2215:   475322.009   475335.005   475762.009   475829.005   475842.009
  2220:   475843.005   475851.009   475856.005   475863.009   475876.005
  2225:   475882.009   476105.001   476959.003   476970.001   477491.003
  2230:   477513.005   478203.009   478314.005   478319.009   478603.001
  2235:   479729.003   479787.005   479969.009   480064.005   480182.009
  2240:   480378.001   481225.003   481244.001   481333.003   481385.001
  2245:   481908.003   482016.005   482783.009   482791.005   482797.009
  2250:   482812.005   482829.009   482835.005   483051.009   486825.005
  2255:   487162.009   487555.001   488500.003   488579.005   488984.009
  2260:   489008.005   489012.009   489013.005   489015.009   489034.005
  2265:   489038.009   489200.001   489486.003   489594.001   489739.003
  2270:   489790.001   490856.003   490931.005   491439.009   491718.001
  2275:   493073.003   493129.005   493839.009   493840.005   493846.009
  2280:   493851.005   493853.009   493863.005   493886.009   493887.005
  2285:   493895.009   493929.005   493936.009   493941.005   493952.009
  2290:   493960.005   494079.009   494626.001   495098.003   495117.001
  2295:   495188.003   495246.001   496353.003   496403.005   496630.009
  2300:   496642.005   496951.009   496982.005   496995.009   498225.005
  2305:   498229.009   498231.005   498242.009   498260.005   498276.009
  2310:   498285.005   498290.009   498454.001   500014.018   500429.005
  2315:   500437.003   500443.016   500493.026   501502.009   501832.001
  2320:   503392.018   503449.003   503455.016   503484.005   503505.026
  2325:   504783.009   504791.005   504797.009   504805.005   504819.009
  2330:   505145.001   505645.003   505699.005   505939.009   505946.005
  2335:   505950.009   506312.005   506412.009   506565.001   506707.003
  2340:   506725.001   507295.003   507335.001   507793.003   507842.005
  2345:   508024.009   508039.005   508044.009   508081.005   508447.009
  2350:   509056.001   509199.003   509212.001   509346.003   509389.001
  2355:   510141.003   510188.005   510464.009   510711.001   510779.003
  2360:   510796.001   511116.003   511174.001   511257.003   511308.001
  2365:   511431.003   511459.001   512701.003   512783.005   513154.009
  2370:   513189.005   513193.009   513672.005   513925.009   513945.005
  2375:   513951.009   513954.005   514011.009   514017.005   514021.009
  2380:   515246.005   515250.009   515256.005   515339.009   515361.005
  2385:   515365.009   515442.005   515450.009   515562.005   515584.009
  2390:   515603.005   515616.009   515653.005   515662.009   515676.005
  2395:   515686.009   515703.005   515710.009   515739.005   515744.009
  2400:   515813.005   515873.009   515875.005   516083.009   516104.005
  2405:   516114.009   516153.005   516159.009   516377.001   517217.003
  2410:   517239.001   518084.003   518096.005   518469.009   518536.005
  2415:   518704.009   518903.001   519145.003   519210.001   520770.018
  2420:   520900.003   520906.016   520916.005   520956.026   521987.009
  2425:   522294.005   522306.009   522654.001   523674.003   523705.005
  2430:   523854.009   523872.005   523877.009   524029.005   524033.009
  2435:   524612.001   524874.003   524887.001   524952.003   524962.001
  2440:   525918.003   525931.005   526382.009   526689.001   526711.003
  2445:   526991.001   528260.003   528276.005   528785.009   529198.001
  2450:   530351.003   530363.005   530592.009   530607.005   530615.009
  2455:   530684.005   530698.009   530721.005   531534.009   531535.005
  2460:   531554.009   531562.005   531564.009   532110.005   532117.009
  2465:   532133.005   532206.009   532235.005   532240.009   532467.001
  2470:   533665.003   533720.005   533961.009   533976.005   533981.009
  2475:   533982.005   533990.009   533997.005   533999.009   534002.005
  2480:   534011.009   534015.005   534036.009   534047.005   534071.009
  2485:   534216.005   534222.009   534235.005   534248.009   534251.005
  2490:   534263.009   534270.005   534372.009   534644.001   535552.003
  2495:   535599.001   535645.003   535676.001   535758.003   535827.001
  2500:   536875.003   537008.005   537208.009   537220.005   537243.009
  2505:   537257.005   537331.009   537419.005   537430.009   537450.005
  2510:   537646.009   538100.001   539304.003   539383.005   539635.009
  2515:   539640.005   539645.009   539646.005   539652.009   539715.005
  2520:   539723.009   539727.005   539730.009   539733.005   539754.009
  2525:   540003.001   541563.018   541708.003   541714.016   541731.005
  2530:   541764.026   542623.009   542976.001   543612.003   543735.005
  2535:   544114.009   544117.005   544121.009   544128.005   544138.009
  2540:   544141.005   544145.009   544193.005   544199.009   544207.005
  2545:   544220.009   544228.005   544734.009   544741.005   544746.009
  2550:   544763.005   544770.009   544821.005   544828.009   545027.001
  2555:   545169.003   545606.001   546534.003   546593.005   546802.009
  2560:   546803.005   546809.009   546810.005   546815.009   546816.005
  2565:   546824.009   546828.005   546882.009   546895.005   547021.009
  2570:   547203.001   547336.003   547352.001   547868.003   547910.001
  2575:   548019.003   548065.001   548461.003   548550.005   548979.009
  2580:   549190.001   549627.003   549669.001   550892.003   550926.005
  2585:   551328.009   551329.005   551339.009   551371.005   551404.009
  2590:   551415.005   551530.009   552220.001   552370.003   552384.001
  2595:   553506.003   553556.005   554037.009   554040.005   554433.009
  2600:   554542.005   554701.009   554708.005   554734.009   555087.001
  2605:   555140.003   555395.001   555457.003   555499.001   555657.003
  2610:   555671.001   556064.003   556067.001   556815.003   556826.005
  2615:   557178.009   557396.001   558563.003   558585.005   558973.009
  2620:   558999.005   559000.009   559019.005   559024.009   559044.005
  2625:   559050.009   559290.001   559347.003   560531.005   560699.009
  2630:   560703.005   560765.009   562396.005   562401.009   562407.005
  2635:   562466.009   562475.005   562488.009   562527.005   562536.009
  2640:   562545.005   562717.009   562727.005   562751.009   562772.005
  2645:   562777.009   562800.005   562911.009   562912.005   562933.009
  2650:   562939.005   562946.009   562949.005   562970.009   563098.005
  2655:   563103.009   563120.005   563125.009   563126.005   563192.009
  2660:   563439.001   564736.003   564745.005   565121.009   565128.005
  2665:   565192.009   569339.005   569392.009   569414.005   569420.009
  2670:   569623.001   570011.003   570215.005   570377.009   570612.001
  2675:   571292.003   571326.001   572065.003   572094.005   572686.009
  2680:   572687.005   572692.009   572699.005   572705.009   572708.005
  2685:   572718.009   572726.005   572735.009   572746.005   572750.009
  2690:   572751.005   572759.009   572784.005   572792.009   573020.001
  2695:   573278.003   573288.001   574253.003   574337.005   575259.009
  2700:   576513.005   576597.009   576803.001   578363.018   579425.003
  2705:   579431.016   579481.026   579487.005   580325.009   580358.005
  2710:   580367.009   581131.001   582402.003   582438.005   582766.009
  2715:   582773.005   582784.009   582792.005   582799.009   582821.005
  2720:   582940.009   583260.001   584490.003   584526.005   584951.009
  2725:   584952.005   584964.009   584965.005   584975.009   584976.005
  2730:   584981.009   585099.005   585268.009   585488.001   585583.003
  2735:   585632.001   586074.003   586116.001   586200.003   586239.001
  2740:   586314.003   586354.001   587099.003   587131.001   587509.003
  2745:   587613.005   587887.009   587894.005   587911.009   588385.001
  2750:   588837.003   588883.001   589063.003   589112.001   589210.003
  2755:   589245.001   590204.003   590295.005   590808.009   590839.005
  2760:   590850.009   590852.005   590861.009   590870.005   591072.009
  2765:   591095.005   591102.009   591104.005   591213.009   591217.005
  2770:   591224.009   593062.001   593462.003   593552.001   594228.003
  2775:   594239.005   594633.009   594960.001   595134.003   595158.001
  2780:   596718.018   597388.003   597394.016   597422.005   597444.026
  2785:   598163.009   598167.005   598197.009   598209.005   598217.009
  2790:   598223.005   598231.009   599699.005   599718.009   600159.001
  2795:   600256.003   600281.001   601248.003   601297.005   601728.009
  2800:   601730.005   601751.009   601769.005   601788.009   601791.005
  2805:   601800.009   601818.005   602039.009   602049.005   602052.009
  2810:   602079.005   602084.009   602098.005   602103.009   602772.001
  2815:   604332.018   604474.003   604480.016   604530.026   604590.001
  2820:   604960.003   605470.005   605496.009   605594.005   606337.009
  2825:   606350.005   606355.009   606357.005   606369.009   606387.005
  2830:   606397.009   606758.001   606895.003   606916.001   608184.003
  2835:   608226.005   608689.009   608723.005   609108.009   609129.005
  2840:   609148.009   609421.001   609504.003   609527.001   610274.003
  2845:   610291.001   610975.003   611012.005   611547.009   611554.005
  2850:   611563.009   611582.005   611588.009   612072.001   612206.003
  2855:   612485.001   613908.003   613928.005   614222.009   614225.005
  2860:   614259.009   614267.005   614304.009   614319.005   614480.009
  2865:   614706.001   616048.003   616059.005   616521.009   616564.005
  2870:   616569.009   616570.005   616575.009   617003.001   618254.003
  2875:   618299.005   618486.009   618527.005   618531.009   618611.005
  2880:   618616.009   618672.005   619163.009   619966.001   620174.003
  2885:   620185.001   621604.003   621658.005   621873.009   621876.005
  2890:   621885.009   621887.005   621918.009   621938.005   621944.009
  2895:   621951.005   621960.009   621965.005   622028.009   622277.005
  2900:   622290.009   622299.005   622304.009   622331.005   622336.009
  2905:   622350.005   622474.009   622699.001   622788.003   623547.001
  2910:   623607.003   623628.001   624067.003   624096.005   624329.009
  2915:   624335.005   624342.009   624351.005   624355.009   624380.005
  2920:   624384.009   624399.005   624406.009   624458.005   624464.009
  2925:   624494.005   624499.009   624504.005   624510.009   624847.005
  2930:   624852.009   624863.005   624998.009   625022.005   625029.009
  2935:   625040.005   625045.009   625050.005   625056.009   625286.001
  2940:   625589.003   625613.001   625638.003   625694.001   626781.003
  2945:   626869.005   627649.009   627652.005   627837.009   627856.005
  2950:   627861.009   627902.005   627905.009   628064.001   629143.003
  2955:   629182.005   629802.009   630003.001   631520.003   631592.005
  2960:   632067.009   632071.005   632077.009   635919.005   636279.009
  2965:   636319.005   636807.009   637035.001   637127.003   637220.001
  2970:   637816.005   637824.003   638423.009   638465.005   638492.009
  2975:   638679.001   638807.003   639177.001   639692.003   639742.001
  2980:   640200.003   640313.005   640509.009   641543.005   641678.009
  2985:   641867.001   642814.005   642848.003   643442.009   643689.001
  2990:   644935.003   644976.005   645177.009   645199.005   645228.009
  2995:   645839.001   646431.003   646448.001   647100.003   647132.001
  3000:   647452.003   647531.005   647765.009   647770.005   647941.009
  3005:   647949.005   647975.009   647998.005   648020.009   648024.005
  3010:   648030.009   648041.005   648163.009   648621.001   648738.003
  3015:   648756.001   649859.003   649927.005   650413.009   650495.005
  3020:   650647.009   650660.005   650681.009   650693.005   650735.009
  3025:   651306.001   652411.003   652429.001   652814.003   652885.005
  3030:   653731.009   653745.005   653754.009   653774.005   653776.009
  3035:   654086.001   654276.003   654480.005   654602.009   657415.001
  3040:   657609.003   657827.005   658016.009   658210.001   659238.003
  3045:   659350.005   659688.009   659852.005   660201.009   660886.001
  3050:   662333.003   662351.005   662771.009   663097.001   664657.018
  3055:   664744.003   664750.016   664800.026   664816.005   665732.009
  3060:   665741.005   665746.009   665760.005   665770.009   666763.001
  3065:   667716.003   667732.005   667971.009   668411.005   668416.009
  3070:   668735.001   668787.003   668805.001   669659.003   669742.005
  3075:   669933.009   669936.005   669950.009   669957.005   669962.009
  3080:   669981.005   670489.009   670525.005   670531.009   673039.005
  3085:   673147.009   673193.005   673204.009   673457.001   674747.003
  3090:   674757.005   675197.009   675199.005   675206.009   675246.005
  3095:   675251.009   675262.005   675278.009   675284.005   675292.009
  3100:   675300.005   675817.009   675838.005   675847.009   675857.005
  3105:   675887.009   676016.005   676023.009   676081.005   676093.009
  3110:   676096.005   676108.009   676150.005   676157.009   676178.005
  3115:   676189.009   676248.005   676255.009   676256.005   676262.009
  3120:   676509.001   676679.003   676778.001   676845.003   676927.001
  3125:   678487.018   678562.003   678568.016   678577.005   678618.026
  3130:   679514.009   684342.005   684466.009   684488.005   684493.009
  3135:   684621.005   684691.009   685512.001   686325.003   686326.005
  3140:   686803.009   690070.005   690211.009   690226.005   690233.009
  3145:   690260.005   690431.009   690453.005   690459.009   690463.005
  3150:   690490.009   690510.005   690518.009   690531.005   690536.009
  3155:   690557.005   690564.009   690631.005   690636.009   690841.001
  3160:   691946.003   691962.005   692285.009   692481.005   692494.009
  3165:   692516.005   692629.009   692696.005   692706.009   692937.001
  3170:   694416.003   694549.005   694840.009   694849.005   694861.009
  3175:   694872.005   694880.009   694898.005   694902.009   694904.005
  3180:   695012.009   695298.001   695594.003   695638.001   695658.003
  3185:   695695.001   696829.003   696909.005   697381.009   697703.001
  3190:   698094.003   698230.001   698376.003   698403.001   698974.003
  3195:   699023.001   699156.003   699198.001   699489.003   699609.005
  3200:   699844.009   699852.005   699873.009   699874.005   699881.009
  3205:   699890.005   700098.009   700423.001   701003.003   701042.001
  3210:   701634.003   701716.005   702170.009   702502.001   703823.003
  3215:   703864.005   704284.009   704287.005   704304.009   704345.005
  3220:   704354.009   704358.005   705082.009   705220.005   705226.009
  3225:   705253.005   705262.009   705542.001   706177.003   706248.001
  3230:   706781.003   706803.005   707013.009   707175.005   707248.009
  3235:   707254.005   707263.009   714101.005   714110.009   714112.005
  3240:   714287.009   714484.001   715015.003   715033.005   715318.009
  3245:   715335.005   715575.009   715579.005   715586.009   716650.005
  3250:   716666.009   717061.005   717065.009   717066.005   717086.009
  3255:   717106.005   717128.009   717136.005   717180.009   717192.005
  3260:   717419.009   717421.005   717443.009   717458.005   717587.009
  3265:   717609.005   717638.009   717887.001   718786.003   718812.005
  3270:   719019.009   719024.005   719030.009   719036.005   719039.009
  3275:   719047.005   719053.009   719055.005   719121.009   719440.005
  3280:   719544.009   719727.001   720248.003   720277.001   721220.003
  3285:   721271.005   721851.009   722137.001   723640.003   723661.005
  3290:   723910.009   723914.005   724145.009   724336.001   724744.003
  3295:   724762.001   725865.003   725940.005   726367.009   726838.001
  3300:   727017.003   727027.001   727903.003   727942.005   728614.009
  3305:   728789.001   728933.003   728973.001   729194.003   729206.001
  3310:   729404.003   729434.001   729522.003   729556.001   730013.003
  3315:   730021.005   730025.009   730036.005   730274.009   730956.001
  3320:   732516.018   732894.003   732900.016   732912.005   732950.026
  3325:   734087.009   734091.005   734101.009   734104.005   734112.009
  3330:   736729.005   736733.009   736735.005   736738.009   736981.001
  3335:   737845.003   737864.005   738333.009   738334.005   738342.009
  3340:   738346.005   738351.009   738384.005   738390.009   738436.005
  3345:   738440.009   738510.005   738672.009   738986.001   739406.003
  3350:   739465.001   739946.003   739951.001   740336.003   740462.005
  3355:   740914.009   741204.001   741654.003   741689.001   742804.003
  3360:   742865.005   743247.009   743525.001   743913.003   743945.001
  3365:   744356.003   744418.001   744440.003   744496.001   744605.003
  3370:   744641.001   745366.003   745403.005   745968.009   746199.001
  3375:   746254.003   746743.001   746897.003   746928.001   747685.003
  3380:   747830.005   748282.009   748518.001   748733.003   748753.001
  3385:   749007.003   749045.001   750227.003   750291.005   750551.009
  3390:   750575.005   750579.009   750611.005   750619.009   750620.005
  3395:   750632.009   750948.001   752449.003   752508.005   753083.009
  3400:   753086.005   753093.009   753097.005   753105.009   753113.005
  3405:   753119.009   753615.001   754818.003   754837.005   755019.009
  3410:   755021.005   755029.009   755036.005   755038.009   755071.005
  3415:   755077.009   755128.005   755436.009   755505.005   755509.009
  3420:   755648.001   756121.003   756138.001   757187.003   757211.005
  3425:   757730.009   758021.001   759146.003   759177.005   759382.009
  3430:   759384.005   759431.009   759437.005   759445.009   759446.005
  3435:   759459.009   759470.005   759482.009   759484.005   759495.009
  3440:   759502.005   759662.009   759666.005   759672.009   759687.005
  3445:   759692.009   759721.005   759739.009   760404.001   761565.005
  3450:   761570.003   761798.009   761993.001   762930.003   762959.001
  3455:   763740.005   763751.003   764383.009   764423.005   764432.009
  3460:   764455.005   764523.009   764779.001   765026.003   765047.001
  3465:   765118.003   765166.001   765190.003   765303.001   766529.003
  3470:   766543.005   766899.009   766931.005   766933.009   767263.001
  3475:   768498.003   768525.001   768659.003   768700.001   768818.003
  3480:   768854.001   768990.003   769027.001   769309.003   769383.005
  3485:   769568.009   770164.005   770291.009   770452.001   770803.003
  3490:   770876.001   771117.003   771133.001   771926.003   772022.005
  3495:   772299.009   773241.005   773315.009   773518.001   773650.003
  3500:   773996.001   774173.003   774237.001   774326.003   774478.001
  3505:   775380.003   775406.005   776045.009   776049.005   776054.009
  3510:   776064.005   776070.009   776513.001   777096.003   777134.005
  3515:   777445.009   784437.005   784716.009   784950.001   786181.003
  3520:   786236.005   786734.009   786740.005   786749.009   786758.005
  3525:   786762.009   786785.005   786790.009   787557.001   787695.003
  3530:   787733.001   787945.003   788002.001   788797.003   788826.005
  3535:   789138.009   789492.001   789641.003   789663.001   790362.003
  3540:   790368.001   790504.003   790558.005   791190.009   791192.005
  3545:   791198.009   791200.005   791208.009   791235.005   791240.009
  3550:   791242.005   791338.009   791515.001   791716.003   791833.001
  3555:   791873.003   791922.001   792849.003   792893.001   793222.003
  3560:   793244.001   793988.003   794010.005   794405.009   794406.005
  3565:   794412.009   794645.001   795796.003   795814.005   796334.009
  3570:   797147.001   797409.003   797510.005   797702.009   799988.005
  3575:   800049.009   800364.001   801924.018   802260.003   802266.016
  3580:   802285.005   802316.026   803160.009   804364.005   804545.009
  3585:   804737.001   805657.003   805680.005   805915.009   805936.005
  3590:   805940.009   805944.005   805955.009   805973.005   805981.009
  3595:   806002.005   806009.009   806022.005   806337.009   806695.001
  3600:   806819.003   806875.001   807190.003   807299.001   807424.003
  3605:   807440.001   808326.003   808401.005   808571.009   808572.005
  3610:   808576.009   808593.005   808597.009   808598.005   808606.009
  3615:   808616.005   808626.009   808991.001   809360.003   809372.001
  3620:   810057.003   810069.001   810550.003   810637.005   810915.009
  3625:   810923.005   810937.009   810945.005   810954.009   810957.005
  3630:   811079.009   813621.005   813631.009   813641.005   813823.009
  3635:   813858.005   813870.009   819937.005   820107.009   820111.005
  3640:   820123.009   820253.005   820257.009   820281.005   820379.009
  3645:   820577.001   820747.003   820869.005   821088.009   821104.005
  3650:   821110.009   821118.005   821150.009   821162.005   821246.009
  3655:   821488.001   822115.005   822124.003   822551.009   822752.001
  3660:   822995.003   823030.001   824318.003   824331.005   824893.009
  3665:   825289.001   825384.003   825427.001   826360.003   826398.001
  3670:   826706.003   826795.005   826983.009   826988.005   827003.009
  3675:   827627.005   827637.009   827645.005   827750.009   828107.001
  3680:   829605.003   829658.005   830176.009   830544.001   830630.003
  3685:   830680.001   830900.003   830912.001   831323.003   831325.001
  3690:   832154.003   832168.005   832419.009   833058.005   833060.009
  3695:   833061.005   833161.009   833265.005   833274.009   834011.001
  3700:   834898.003   834923.001   835438.003   835460.005   836137.009
  3705:   836142.005   836147.009   836155.005   836188.009   836224.005
  3710:   836231.009   836481.001   836552.003   836990.001   837130.003
  3715:   837143.001   838146.003   838213.005   838598.009   839335.005
  3720:   839487.009   839916.005   840063.009   842228.005   842238.009
  3725:   842242.005   842258.009   842314.005   842332.009   842360.005
  3730:   842413.009   842448.005   842453.009   842455.005   842458.009
  3735:   842545.005   842567.009   842585.005   842596.009   842603.005
  3740:   842627.009   842631.005   842654.009   842683.005   842713.009
  3745:   842720.005   842724.009   842749.005   842760.009   842773.005
  3750:   842783.009   842807.005   842815.009   842862.005   842890.009
  3755:   842974.005   842983.009   842996.005   843003.009   843004.005
  3760:   843151.009   843424.001   844086.003   844123.005   844354.009
  3765:   844897.001   845843.003   845892.005   846174.009   846182.005
  3770:   846188.009   858647.005   858900.009   859483.001   859830.003
  3775:   859913.005   860220.009   860227.005   860233.009   860236.005
  3780:   860242.009   860313.005   860321.009   860475.001   861447.003
  3785:   861449.005   861900.009   861914.005   862403.009   862438.005
  3790:   862461.009   862694.001   862894.003   863169.001   863263.003
  3795:   863291.001   864425.003   864466.005   864848.009   864883.005
  3800:   864897.009   865270.001   865418.003   865496.001   865846.003
  3805:   866002.001   866107.003   866213.001   867366.003   867409.005
  3810:   867793.009   869921.005   869986.009   870179.001   871519.003
  3815:   871548.005   872231.009   873562.001   873765.003   873794.001
  3820:   875354.018   875423.003   875429.016   875450.005   875479.026
  3825:   876441.009   876452.005   876458.009   876464.005   876478.009
  3830:   877247.001   877441.003   877457.001   877479.003   877650.001
  3835:   878503.003   878618.005   879089.009   879112.005   879207.009
  3840:   879493.001   879809.003   879855.001   881167.003   881204.005
  3845:   881685.009   881686.005   881692.009   881708.005   881712.009
  3850:   881718.005   881725.009   881728.005   881738.009   883014.005
  3855:   883020.009   883159.005   883163.009   883361.001   883703.003
  3860:   883743.001   885303.018   885659.003   885665.016   885715.026
  3865:   885751.005   886507.009   887151.001   888711.018   888983.003
  3870:   888989.016   889020.001   889039.026   889543.003   889671.005
  3875:   890784.009   890829.005   891058.009   891078.005   891095.009
  3880:   891119.005   891608.009   891615.005   891643.009   891655.005
  3885:   891661.009   892612.001   893216.003   893857.001   894029.003
  3890:   894245.005   894476.009   894913.005   894964.009   895225.001
  3895:   895593.003   895632.001   896401.003   896498.005   896915.009
  3900:   897265.001   897276.003   897287.001   898456.003   898476.001
  3905:   899124.003   899206.005   899543.009   899840.005   899846.009
  3910:   900167.001   900807.003   901099.001   901771.003   901800.001
  3915:   902227.003   902358.005   902585.009   903017.005   903025.009
  3920:   903290.005   903309.009   903310.005   903667.009   904349.001
  3925:   905821.003   905838.005   906355.009   907651.001   909211.018
  3930:   909459.003   909465.016   909515.026   909580.005   910633.009
  3935:   910650.005   910654.009   910831.005   910842.009   911442.001
  3940:   912648.003   912758.005   913037.009   913072.005   913365.009
  3945:   913787.001   913924.003   914006.001   915392.003   915439.005
  3950:   915626.009   915646.005   915661.009   915789.005   915794.009
  3955:   915799.005   915803.009   915840.005   915983.009   916247.001
  3960:   916304.003   917096.001   917566.003   917820.005   918025.009
  3965:   918344.001   919904.018   920130.003   920136.016   920186.026
  3970:   920207.005   920988.009   921524.001   922285.003   922306.001
  3975:   922995.003   923109.005   923501.009   924069.001   924202.003
  3980:   924225.001   924964.003   924969.001   925956.003   925986.001
  3985:   926128.003   926173.005   926562.009   927040.001   927405.003
  3990:   927432.001   927913.003   928148.001   928219.003   928241.001
  3995:   928627.003   928788.005   929027.009   929270.005   929661.009
  4000:   929663.005   929703.009   929985.001   930593.003   930610.001
  4005:   932170.018   932731.003   932737.016   932787.026   932848.005
  4010:   933756.009   933769.005   933789.009   933884.005   933893.009
  4015:   934238.001   934977.003   935017.001   936046.003   936078.005
  4020:   936377.009   937305.001   937641.003   937675.001   937813.003
  4025:   937972.001   938714.005   938742.003   939253.009   940489.001
  4030:   940769.003   940902.005   941079.009   941356.001   942873.003
  4035:   942928.005   943177.009   943382.005   943388.009   943406.005
  4040:   943690.009   944053.001   945404.003   945439.005   945572.009
  4045:   946009.005   946014.009   946029.005   946197.009   946199.005
  4050:   946220.009   946236.005   946378.009   946382.005   946402.009
  4055:   946432.005   947277.009   947280.005   947289.009   947294.005
  4060:   947299.009   947305.005   947313.009   947316.005   947321.009
  4065:   948045.001   949421.003   949621.005   949849.009   950292.001
  4070:   950356.003   950402.001   950523.003   950542.001   951917.003
  4075:   951953.001   952289.003   952430.005   952485.009   952511.005
  4080:   952517.009   952872.001   954432.018   954698.003   954704.016
  4085:   954754.026   954786.005   955344.009   955353.005   955521.009
  4090:   955866.001   957099.003   957165.005   957287.009   957597.005
  4095:   957602.009   957625.005   957797.009   957800.005   957808.009
  4100:   957849.005   957975.009   958041.005   958046.009   958288.001
  4105:   959734.003   959755.005   959904.009   960202.005   960224.009
  4110:   961164.001   962363.005   962367.003   962866.009   963297.001
  4115:   963322.003   963466.001   964822.003   964830.017   964930.005
  4120:   965061.009   965401.005   965411.009   965430.005   965569.009
  4125:   965822.001   966234.003   966246.001   967820.018   968043.003
  4130:   968049.016   968099.026   969118.005   971319.009   971322.005
  4135:   971327.009   971332.005   971342.009   971353.005   971447.009
  4140:   971450.005   971469.009   971487.005   971815.009   971844.005
  4145:   972149.009   972158.005   972163.009   972164.005   972178.009
  4150:   972242.005   973421.009   973432.005   973785.009   973888.005
  4155:   973909.009   973940.005   973945.009   974507.001   974707.003
  4160:   974931.005   975084.009   975101.005   975422.009   975423.005
  4165:   975432.009   976607.005   976619.009   976623.005   976994.009
  4170:   977274.001   977547.003   977803.005   977937.009   978472.001
  4175:   979220.005   979257.003   979680.009   980280.001   981207.003
  4180:   981279.005   981489.009   983036.001   983493.003   983693.001
  4185:   984045.003   984049.001   984384.003   984387.001   984934.003
  4190:   985013.005   985516.009   985518.005   985524.009   986130.001
  4195:   986356.003   986641.001   987870.005   987897.003   988359.009
  4200:   988947.001   988975.003   989071.001   990581.003   990617.001
  4205:   991442.003   991477.005   991769.009   991783.005   991797.009
  4210:   991936.005   991941.009   991962.005   992242.009   992471.001
  4215:   993176.003   993206.001   993382.003   993393.001   993673.003
  4220:   993696.001   994230.003   994326.005   995011.009   995393.001
  4225:   995445.003   995858.001   997172.003   997198.001   997890.003
  4230:   998246.005   998608.009   999046.001   999412.003   999448.001
  4235:   999849.003   999887.001   999978.003  1000019.001  1000194.003
  4240:  1000215.001  1000537.003  1000624.005  1000765.009  1001012.005
  4245:  1001021.009  1001027.005  1001032.009  1001055.005  1001201.009
  4250:  1001479.001  1001527.003  1001578.001  1002066.003  1002119.001
  4255:  1002166.003  1002215.001  1002628.003  1002765.001  1002857.003
  4260:  1003533.005  1003556.009  1003660.005  1004125.009  1004196.005
  4265:  1004200.009  1004224.005  1004371.009  1005455.005  1005546.009
  4270:  1005847.001  1006580.003  1006623.001  1006894.003  1007092.005
  4275:  1007337.009  1007692.001  1008160.003  1008202.001  1009252.003
  4280:  1009342.005  1009683.009  1009948.001  1010287.003  1010328.001
  4285:  1010856.003  1010918.001  1011710.003  1011835.005  1012706.009
  4290:  1014853.005  1014861.009  1014864.005  1014975.009  1015444.001
  4295:  1015875.003  1016098.005  1016363.009  1016395.005  1016414.009
  4300:  1016438.005  1016460.009  1016465.005  1016632.009  1017787.001
  4305:  1017961.003  1018111.001  1018409.003  1018433.001  1018620.003
  4310:  1018898.005  1019216.009  1019819.001  1020022.003  1020038.001
  4315:  1021489.003  1021568.005  1022102.009  1025033.001  1025550.003
  4320:  1025613.001  1025686.003  1025842.001  1025911.003  1026002.001
  4325:  1026114.003  1026488.001  1026820.003  1026953.005  1026976.009
  4330:  1027038.005  1027055.009  1027071.005  1027935.009  1027964.005
  4335:  1027974.009  1027994.005  1028083.009  1028288.001  1028462.003
  4340:  1028573.001  1029324.003  1029331.005  1029833.009  1029993.001
  4345:  1031214.003  1031283.005  1031766.009  1033256.005  1033370.009
  4350:  1035054.001  1036477.003  1036574.005  1037321.009  1037331.005
  4355:  1037336.009  1037724.001  1039039.003  1039146.005  1039377.009
  4360:  1039388.005  1039397.009  1039403.005  1039413.009  1039414.005
  4365:  1039421.009  1039436.005  1039677.009  1039932.001  1040225.003
  4370:  1040273.001  1041074.003  1041085.001  1041679.003  1041710.005
  4375:  1042071.009  1042313.001  1043169.003  1043395.001  1044969.018
  4380:  1045029.003  1045035.016  1045072.005  1045085.026  1047012.009
  4385:  1047018.005  1047254.009  1047588.005  1047615.009  1047623.005
  4390:  1047660.009  1047899.001  1049262.003  1049333.005  1049589.009
  4395:  1049881.001  1050373.003  1050422.001  1051244.003  1051343.005
  4400:  1051866.009  1051963.005  1052064.009  1052546.001  1053658.003
  4405:  1053714.005  1053984.009  1054323.001  1055154.003  1055178.001
  4410:  1055203.003  1055268.001  1055491.003  1055516.001  1056121.003
  4415:  1056242.005  1056429.009  1056442.005  1056471.009  1056485.005
  4420:  1056668.009  1056885.001  1057277.003  1057465.001  1057795.003
  4425:  1058973.005  1058998.009  1059017.005  1059028.009  1059095.005
  4430:  1059473.009  1059689.001  1060171.003  1060190.001  1060618.003
  4435:  1060751.001  1061472.003  1061513.005  1062057.009  1062273.001
  4440:  1063351.003  1063492.005  1063927.009  1063939.005  1063944.009
  4445:  1064221.001  1065421.003  1065437.001  1065657.003  1065793.005
  4450:  1066190.009  1066219.005  1066222.009  1066224.005  1066228.009
  4455:  1067100.001  1067512.003  1068045.001  1068505.003  1068578.005
  4460:  1069041.009  1069364.001  1070350.003  1070352.001  1070681.003
  4465:  1070792.005  1071042.009  1071445.005  1071448.009  1071512.005
  4470:  1071543.009  1071551.005  1071707.009  1071710.005  1071722.009
  4475:  1071723.005  1071745.009  1071752.005  1071757.009  1071762.005
  4480:  1071953.009  1071976.005  1072518.009  1072527.005  1072537.009
  4485:  1072547.005  1072552.009  1072714.005  1072719.009  1077694.005
  4490:  1077796.009  1077831.005  1077840.009  1077857.005  1078030.009
  4495:  1078054.005  1078070.009  1078105.005  1078112.009  1078133.005
  4500:  1078148.009  1078154.005  1078178.009  1078179.005  1078189.009
  4505:  1078206.005  1078211.009  1078824.001  1079207.003  1079274.001
  4510:  1079484.003  1079744.005  1080141.009  1080166.005  1080171.009
  4515:  1080180.005  1080185.009  1080189.005  1080199.009  1080211.005
  4520:  1080255.009  1080289.005  1080293.009  1080436.001  1081234.003
  4525:  1081315.001  1082140.003  1082184.005  1082462.009  1082467.005
  4530:  1082480.009  1082496.005  1082513.009  1082516.005  1082535.009
  4535:  1082560.005  1082563.009  1084728.005  1084731.009  1084733.005
  4540:  1084739.009  1084774.005  1084782.009  1084800.005  1084972.009
  4545:  1085475.001  1086174.003  1086292.005  1086484.009  1086518.005
  4550:  1086525.009  1086544.005  1086546.009  1086872.005  1086881.009
  4555:  1086885.005  1086931.009  1087147.001  1088350.003  1088373.005
  4560:  1089255.009  1089258.005  1089264.009  1089306.005  1089312.009
  4565:  1089462.005  1089464.009  1089712.005  1089718.009  1091090.005
  4570:  1091096.009  1091097.005  1091103.009  1091208.005  1091222.009
  4575:  1091230.005  1091248.009  1091273.005  1091287.009  1091335.005
  4580:  1091343.009  1091735.001  1091880.003  1092319.005  1092428.009
  4585:  1092618.001  1093696.003  1093713.005  1093976.009  1094245.001
  4590:  1095187.003  1095198.001  1095388.003  1095394.001  1095532.003
  4595:  1095668.005  1095959.009  1095972.005  1095992.009  1095994.005
  4600:  1096002.009  1096269.005  1096272.009  1096279.005  1096291.009
  4605:  1096296.005  1096418.009  1096438.005  1096470.009  1096684.001
  4610:  1097019.003  1097097.001  1097553.003  1097585.001  1098120.005
  4615:  1098179.003  1098729.009  1098745.005  1098935.009  1101281.005
  4620:  1101306.009  1101310.005  1101466.009  1101948.005  1102051.009
  4625:  1102213.001  1102851.003  1102852.005  1103141.009  1103143.005
  4630:  1103149.009  1103384.001  1104478.003  1104503.005  1104915.009
  4635:  1105322.001  1106896.018  1107049.003  1107055.016  1107092.005
  4640:  1107105.026  1108417.009  1108920.001  1109605.003  1109630.001
  4645:  1110392.003  1110487.005  1110925.009  1111415.001  1112679.003
  4650:  1112799.005  1113149.009  1113156.005  1113165.009  1113178.005
  4655:  1113189.009  1113200.005  1113205.009  1114029.005  1114076.009
  4660:  1114338.001  1114608.003  1114662.001  1114749.003  1114785.001
  4665:  1115976.003  1116050.005  1116339.009  1116542.005  1116547.009
  4670:  1116565.005  1116657.009  1116989.001  1117494.003  1117527.001
  4675:  1117997.003  1118040.001  1118997.003  1119107.005  1119417.009
  4680:  1120070.001  1120786.003  1120816.001  1121535.003  1121627.005
  4685:  1122113.009  1122116.005  1122127.009  1122138.005  1122301.009
  4690:  1124148.005  1124357.009  1124670.001  1125679.003  1126938.005
  4695:  1127117.009  1127172.005  1127178.009  1127204.005  1127210.009
  4700:  1127328.005  1127333.009  1127357.005  1127362.009  1127387.005
  4705:  1127404.009  1127418.005  1127428.009  1127490.005  1127642.009
  4710:  1127881.001  1128185.003  1128198.001  1128344.003  1128413.001
  4715:  1128530.003  1128568.001  1129071.003  1129213.005  1129443.009
  4720:  1129859.001  1129989.003  1130010.001  1131399.003  1131427.005
  4725:  1131809.009  1131814.005  1131827.009  1131836.005  1131879.009
  4730:  1132083.001  1133612.003  1133651.005  1133879.009  1133890.005
  4735:  1133903.009  1133913.005  1133919.009  1134044.005  1134050.009
  4740:  1134086.005  1134094.009  1134132.005  1134240.009  1134249.005
  4745:  1134256.009  1134260.005  1134266.009  1134335.005  1134348.009
  4750:  1134355.005  1134390.009  1134456.005  1134497.009  1134520.005
  4755:  1134535.009  1134572.005  1134748.009  1134756.005  1134789.009
  4760:  1134799.005  1134814.009  1134834.005  1134851.009  1136046.005
  4765:  1136056.009  1136194.005  1136288.009  1136537.001  1138045.003
  4770:  1138054.005  1138391.009  1138394.005  1138549.009  1138783.001
  4775:  1139959.003  1139982.001  1140374.003  1140411.005  1140639.009
  4780:  1140643.005  1140665.009  1140677.005  1140680.009  1140682.005
  4785:  1140689.009  1140705.005  1140707.009  1140727.005  1140752.009
  4790:  1140755.005  1140766.009  1140767.005  1140876.009  1140879.005
  4795:  1140966.009  1141216.001  1142635.003  1142685.005  1143086.009
  4800:  1143098.005  1143103.009  1146309.005  1146654.009  1146663.005
  4805:  1146668.009  1146672.005  1146677.009  1146704.005  1146718.009
  4810:  1146760.005  1146762.009  1146827.005  1146846.009  1146847.005
  4815:  1146852.009  1146853.005  1146861.009  1146925.005  1146949.009
  4820:  1147187.001  1148378.003  1148403.005  1149149.009  1149193.005
  4825:  1149505.009  1149564.005  1149570.009  1149830.001  1150085.003
  4830:  1150145.001  1151363.003  1151364.005  1151944.009  1152569.001
  4835:  1153758.003  1153779.001  1154072.003  1154200.005  1154498.009
  4840:  1154824.001  1155015.003  1155079.001  1155428.003  1155441.001
  4845:  1155997.003  1156019.001  1156419.003  1156515.005  1156692.009
  4850:  1156938.001  1157029.003  1157163.001  1157239.003  1157272.001
  4855:  1158846.018  1158964.003  1158970.016  1159020.026  1160219.005
  4860:  1161298.009  1161619.001  1162171.005  1162184.003  1162548.009
  4865:  1162885.001  1164352.003  1164371.001  1164776.003  1164934.005
  4870:  1165300.009  1165310.005  1165313.009  1165359.005  1165365.009
  4875:  1168866.001  1169309.005  1169311.003  1170088.009  1170326.001
  4880:  1171178.003  1171206.001  1171918.005  1171922.003  1172296.009
  4885:  1172573.001  1172659.003  1172773.001  1172903.003  1172940.001
  4890:  1173243.003  1173266.001  1173951.003  1173968.001  1174515.003
  4895:  1174620.005  1174966.009  1174994.005  1175000.009  1175001.005
  4900:  1175010.009  1176100.005  1176174.009  1176184.005  1176190.009
  4905:  1176213.005  1176378.009  1176669.001  1177190.005  1177221.003
  4910:  1177464.009  1180921.001  1181998.003  1182002.005  1182506.009
  4915:  1183686.001  1184427.003  1184442.005  1184941.009  1185181.001
  4920:  1185309.003  1185440.001  1185588.003  1185602.001  1185787.003
  4925:  1185814.001  1186465.003  1186524.005  1186917.009  1187117.001
  4930:  1188550.003  1188625.005  1188724.009  1188999.005  1189004.009
  4935:  1189033.005  1189251.009  1189264.005  1189387.009  1189839.001
  4940:  1189865.003  1190005.001  1191353.003  1191367.005  1191865.009
  4945:  1192235.001  1192576.003  1192611.001  1193819.003  1193872.005
  4950:  1194295.009  1194326.005  1194334.009  1194336.005  1194364.009
  4955:  1194366.005  1194386.009  1194416.005  1194438.009  1195049.001
  4960:  1195165.003  1195192.001  1195924.003  1195956.001  1196940.003
  4965:  1196963.001  1197307.003  1197471.005  1197770.009  1198566.001
  4970:  1198631.003  1198647.001  1199146.003  1199312.005  1199493.009
  4975:  1200142.001  1200198.003  1200245.001  1200378.003  1200430.001
  4980:  1201061.003  1201075.001  1201565.003  1201721.005  1202016.009
  4985:  1202098.005  1202111.009  1202118.005  1202521.009  1202573.005
  4990:  1202580.009  1202582.005  1202585.009  1202969.001  1202990.003
  4995:  1203020.001  1203243.003  1204609.005  1204883.009  1204888.005
  5000:  1204990.009  1204998.005  1205003.009  1205466.001  1207040.018
  5005:  1207852.003  1207858.016  1207891.001  1207908.026  1208078.003
  5010:  1208147.005  1209201.009  1209309.005  1209880.009  1210236.005
  5015:  1210241.009  1210272.005  1210449.009  1210724.005  1210730.009
  5020:  1210775.005  1210867.009  1211327.001  1211910.003  1211991.001
  5025:  1212773.003  1212795.001  1212938.003  1213301.005  1213536.009
  5030:  1213571.005  1213576.009  1213579.005  1213584.009  1213949.001
  5035:  1214006.003  1214098.001  1214158.003  1214190.001  1214546.003
  5040:  1214560.001  1215599.003  1215635.001  1215704.003  1215732.001
  5045:  1215867.003  1215911.001  1215928.003  1216086.001  1216114.003
  5050:  1216619.001  1217083.003  1217912.005  1217927.009  1218012.005
  5055:  1218025.009  1218051.005  1218067.009  1218078.005  1218121.009
  5060:  1218122.005  1218146.009  1218147.005  1218182.009  1218187.005
  5065:  1218736.009  1219080.001  1219427.003  1219442.001  1221016.018
  5070:  1221629.003  1221635.016  1221685.026  1221780.005  1222741.009
  5075:  1223656.001  1223818.003  1223867.001  1223947.003  1224009.001
  5080:  1224778.003  1224840.001  1226073.003  1226126.001  1226208.003
  5085:  1226492.005  1226772.009  1226781.005  1226802.009  1227263.001
  5090:  1227364.003  1227400.001  1228974.018  1230144.003  1230150.016
  5095:  1230200.026  1230280.005  1231162.009  1231488.001  1231662.003
  5100:  1231809.001  1231857.003  1231866.001  1232261.003  1232395.001
  5105:  1233554.003  1233864.005  1234094.009  1234764.001  1235413.003
  5110:  1235709.001  1235976.003  1236034.001  1236563.003  1236599.001
  5115:  1236840.003  1237216.005  1238285.009  1240622.001  1241657.003
  5120:  1241679.005  1241859.009  1241874.005  1242464.009  1242793.005
  5125:  1242798.009  1242829.005  1242940.009  1244462.001  1245686.003
  5130:  1245707.005  1245892.009  1245895.005  1245937.009  1245940.005
  5135:  1245968.009  1246058.005  1246082.009  1246220.005  1246236.009
  5140:  1246246.005  1246258.009  1246297.005  1246303.009  1246312.005
  5145:  1246318.009  1246671.005  1246676.009  1246679.005  1246862.009
  5150:  1247454.001  1247656.003  1247715.001  1248368.003  1248428.005
  5155:  1248670.009  1248673.005  1248679.009  1248701.005  1248707.009
  5160:  1248720.005  1248724.009  1248725.005  1248790.009  1248796.005
  5165:  1248804.009  1248807.005  1248822.009  1248907.005  1248913.009
  5170:  1248932.005  1249017.009  1249716.001  1250811.005  1250816.003
  5175:  1251117.009  1251154.005  1251164.009  1251166.005  1251169.009
  5180:  1251170.005  1251182.009  1251516.005  1251525.009  1251529.005
  5185:  1251743.009  1251746.005  1251751.009  1252105.001  1252528.003
  5190:  1252715.001  1253695.003  1254870.005  1254956.009  1255035.005
  5195:  1255059.009  1255087.005  1255098.009  1257929.005  1258139.009
  5200:  1258183.005  1258192.009  1258848.001  1259237.005  1259283.003
  5205:  1259700.009  1259971.001  1260032.003  1260054.001  1261608.003
  5210:  1261634.005  1261838.009  1263707.005  1264047.009  1264054.005
  5215:  1264061.009  1264299.001  1265873.018  1266130.003  1266136.016
  5220:  1266143.005  1266186.026  1267073.009  1267130.005  1267162.009
  5225:  1267334.005  1267652.009  1267687.005  1267712.009  1267720.005
  5230:  1267746.009  1268115.001  1269465.003  1269490.005  1269845.009
  5235:  1269857.005  1269888.009  1270138.001  1270538.003  1270560.005
  5240:  1270743.009  1271204.001  1271304.003  1271318.001  1272706.003
  5245:  1272788.005  1273303.009  1273786.001  1273860.003  1273882.001
  5250:  1274440.003  1274488.001  1275498.005  1275788.009  1275803.003
  5255:  1276620.005  1276638.009  1276707.005  1276714.009  1276715.005
  5260:  1276721.009  1276728.005  1276859.009  1277048.001  1277797.003
  5265:  1277814.001  1278658.003  1278744.005  1278883.009  1278899.005
  5270:  1278918.009  1279028.005  1279049.009  1279050.005  1279055.009
  5275:  1279057.005  1279450.009  1279484.005  1279487.009  1279491.005
  5280:  1280000.009  1280285.001  1280424.003  1280449.001  1280535.003
  5285:  1280569.001  1280666.003  1280677.001  1281328.003  1281352.001
  5290:  1282059.003  1282096.005  1282303.009  1283046.001  1283579.003
  5295:  1283665.005  1283924.009  1283928.005  1283935.009  1285433.005
  5300:  1285737.009  1285791.005  1285937.009  1285956.005  1285960.009
  5305:  1286048.005  1286053.009  1286298.001  1286581.003  1286615.001
  5310:  1287827.003  1287933.005  1287956.009  1287961.005  1288046.009
  5315:  1288345.005  1288613.009  1288890.001  1290064.003  1290149.005
  5320:  1290419.009  1290718.001  1291880.005  1291919.009  1291945.003
  5325:  1292208.005  1292219.009  1292235.005  1292675.009  1292693.005
  5330:  1292731.009  1293494.001  1293630.003  1293656.001  1294653.005
  5335:  1294669.003  1295080.009  1295082.005  1295138.009  1295612.001
  5340:  1297186.018  1297938.003  1297944.016  1297945.005  1297994.026
  5345:  1298745.009  1299044.001  1300618.018  1300810.003  1300816.016
  5350:  1300866.026  1300873.005  1301716.009  1303667.005  1303758.009
  5355:  1303788.005  1303792.009  1303810.005  1304146.009  1304265.005
  5360:  1304269.009  1304283.005  1304290.009  1304584.001  1305241.005
  5365:  1305258.003  1305593.009  1305897.001  1307135.003  1307208.005
  5370:  1307501.009  1307528.005  1307582.009  1307584.005  1307595.009
  5375:  1307602.005  1307615.009  1307616.005  1307713.009  1307989.001
  5380:  1309563.018  1309656.003  1309662.016  1309712.026  1310267.005
  5385:  1310284.009  1310293.005  1310319.009  1310326.005  1311232.009
  5390:  1311324.005  1311389.009  1311393.005  1311405.009  1311409.005
  5395:  1311421.009  1311465.005  1311486.009  1311541.005  1311547.009
  5400:  1311554.005  1311566.009  1311575.005  1311695.009  1312118.001
  5405:  1313630.003  1313635.005  1313805.009  1313823.005  1313829.009
  5410:  1313839.005  1314212.009  1314487.001  1314564.003  1314717.001
  5415:  1315215.003  1315221.001  1316085.003  1316132.005  1316431.009
  5420:  1316843.001  1317049.003  1317085.001  1317449.003  1317466.001
  5425:  1317633.003  1317667.001  1317841.003  1317851.001  1318215.003
  5430:  1318306.005  1319017.009  1319796.001  1320719.003  1320751.001
  5435:  1321158.003  1321209.001  1321469.003  1321563.005  1321915.009
  5440:  1322476.001  1322794.003  1323482.005  1323892.009  1323916.005
  5445:  1323921.009  1324277.001  1324664.003  1325294.005  1325590.009
  5450:  1325592.005  1325601.009  1325602.005  1326024.009  1326939.001
  5455:  1327546.003  1327559.001  1328194.003  1328221.005  1328743.009
  5460:  1328744.005  1328777.009  1328784.005  1328792.009  1328794.005
  5465:  1328797.009  1328979.001  1329143.003  1329299.001  1329439.003
  5470:  1329458.001  1330638.003  1330671.005  1331041.009  1331425.001
  5475:  1332738.005  1332775.003  1333086.009  1333088.005  1333095.009
  5480:  1333108.005  1333112.009  1333115.005  1333120.009  1333124.005
  5485:  1333153.009  1333439.001  1334911.003  1334945.005  1335016.009
  5490:  1335299.005  1335304.009  1335322.005  1335798.009  1336244.001
  5495:  1336780.003  1336803.001  1338377.018  1338497.003  1338503.016
  5500:  1338553.026  1338572.005  1339339.009  1339723.001  1341292.003
  5505:  1341360.005  1341644.009  1341646.005  1341779.009  1342019.001
  5510:  1342420.003  1342429.001  1343424.003  1343514.005  1343725.009
  5515:  1344225.001  1344695.003  1344730.001  1345431.003  1345438.001
  5520:  1345899.003  1346007.005  1346478.009  1346625.005  1346705.009
  5525:  1346762.005  1347215.009  1347648.001  1348364.003  1348395.001
  5530:  1348540.003  1348576.001  1349577.005  1349599.003  1350080.009
  5535:  1350082.005  1350086.009  1350097.005  1350107.009  1350526.001
  5540:  1352100.018  1352344.003  1352350.016  1352367.001  1352400.026
  5545:  1352664.003  1352959.005  1353777.009  1354013.001  1354190.003
  5550:  1354314.001  1355569.003  1355623.005  1356135.009  1356317.001
  5555:  1356627.003  1356650.001  1356782.003  1356877.001  1356995.003
  5560:  1357110.001  1357468.003  1357502.001  1357552.003  1357621.001
  5565:  1357669.003  1357706.001  1358094.003  1359107.005  1359114.009
  5570:  1359118.005  1359128.009  1359176.005  1359471.009  1359479.005
  5575:  1359487.009  1359844.001  1359904.003  1359944.001  1360104.003
  5580:  1360147.001  1360667.003  1360722.001  1361069.003  1361423.001
  5585:  1361450.003  1361485.001  1361798.003  1361915.001  1362010.003
  5590:  1362052.001  1362253.003  1362417.005  1362692.009  1362987.005
  5595:  1363125.009  1363958.001  1364309.003  1364344.001  1364710.003
  5600:  1364794.001  1365476.003  1365512.001  1365584.003  1365600.001
  5605:  1365990.003  1366107.005  1366411.009  1366686.001  1366719.003
  5610:  1366794.001  1366886.003  1366931.001  1367507.003  1367533.001
  5615:  1367599.003  1367621.001  1367978.003  1368151.005  1368332.009
  5620:  1369558.001  1371132.018  1371467.005  1371530.003  1371536.016
  5625:  1371586.026  1372644.009  1372829.001  1373069.003  1373370.001
  5630:  1373415.003  1373604.001  1374292.003  1374307.001  1374367.003
  5635:  1374399.001  1375032.003  1375052.001  1375543.003  1375762.005
  5640:  1376180.009  1376659.001  1376679.003  1376709.001  1377094.003
  5645:  1377939.005  1378322.009  1378604.001  1379372.003  1379388.005
  5650:  1379908.009  1380167.001  1380275.003  1380832.001  1381627.005
  5655:  1381636.003  1381901.009  1382108.001  1382294.003  1382521.001
  5660:  1383828.003  1383835.005  1384135.009  1384665.001  1384898.003
  5665:  1384945.001  1385056.003  1385139.001  1386563.003  1386652.005
  5670:  1387100.009  1387140.005  1387154.009  1387382.005  1387388.009
  5675:  1387390.005  1387400.009  1387411.005  1387447.009  1388056.001
  5680:  1389630.018  1389968.003  1389974.016  1390024.026  1390025.005
  5685:  1390718.009  1390963.001  1391146.003  1391194.001  1391570.003
  5690:  1391646.001  1392153.003  1392189.001  1392874.003  1393019.005
  5695:  1393035.009  1393207.005  1393449.009  1393986.001  1394062.003
  5700:  1394089.001  1394382.003  1394425.001  1395999.018  1396424.003
  5705:  1396430.016  1396479.005  1396480.026  1397356.009  1397740.001
  5710:  1398322.003  1398399.001  1399434.003  1399558.005  1399800.009
  5715:  1400020.001  1400396.003  1400517.001  1401203.003  1401443.001
  5720:  1401480.003  1401824.005  1401942.009  1401967.005  1401985.009
  5725:  1402160.005  1402170.009  1402207.005  1402214.009  1402451.005
  5730:  1402467.009  1402469.005  1402478.009  1402494.005  1403042.009
  5735:  1403047.005  1403052.009  1403068.005  1403074.009  1403493.001
  5740:  1405067.018  1405629.003  1405635.016  1405681.005  1405685.026
  5745:  1406274.009  1406280.005  1406286.009  1406299.005  1406313.009
  5750:  1407013.005  1407081.009  1407329.001  1407784.003  1407824.001
  5755:  1408088.003  1408123.001  1408435.003  1408460.001  1408727.003
  5760:  1408848.005  1409211.009  1409322.005  1409442.009  1409692.001
  5765:  1411194.003  1411302.005  1411552.009  1411577.005  1411624.009
  5770:  1411855.001  1412424.003  1412462.001  1412537.003  1412621.001
  5775:  1412729.003  1413326.005  1413535.009  1413762.001  1414017.003
  5780:  1414067.001  1414126.003  1414173.001  1415603.003  1415663.005
  5785:  1416205.009  1416480.005  1416529.009  1416834.001  1418408.018
  5790:  1418659.003  1418665.016  1418696.005  1418715.026  1419520.009
  5795:  1419826.001  1421013.003  1421051.005  1421440.009  1421681.001
  5800:  1422382.003  1422395.001  1423225.003  1423270.005  1423416.009
  5805:  1423434.005  1423676.009  1423925.001  1424323.003  1424364.001
  5810:  1425938.018  1426203.003  1426209.016  1426259.026  1426268.005
  5815:  1426982.009  1427013.005  1427029.009  1427281.001  1427472.003
  5820:  1427680.001  1428009.003  1428021.001  1429116.003  1429125.001
  5825:  1429499.003  1429522.001  1429767.003  1429853.005  1430224.009
  5830:  1430228.005  1430235.009  1430459.001  1432033.003  1432039.016
  5835:  1432089.026  1432090.001  1432206.003  1432921.005  1434002.009
  5840:  1434017.005  1434036.009  1434064.005  1434072.009  1434386.001
  5845:  1435476.003  1435689.001  1436918.003  1437162.005  1437626.009
  5850:  1437640.005  1437649.009  1437662.005  1437686.009  1437887.001
  5855:  1438170.003  1438194.001  1438341.003  1438353.001  1439050.003
  5860:  1439171.001  1439666.003  1439729.001  1440233.003  1440524.005
  5865:  1440869.009  1440905.005  1440911.009  1440919.005  1440924.009
  5870:  1440949.005  1440963.009  1443312.005  1443321.009  1443331.005
  5875:  1443776.009  1443833.005  1443837.009  1444063.001  1445380.003
  5880:  1445429.005  1445727.009  1446289.001  1446387.003  1446404.001
  5885:  1447978.018  1448113.003  1448119.016  1448161.005  1448169.026
  5890:  1448835.009  1448991.005  1449478.009  1449989.001  1450807.003
  5895:  1450897.001  1450942.003  1450973.001  1451771.003  1451835.005
  5900:  1452079.009  1452393.001  1452512.003  1452533.001  1453336.003
  5905:  1453402.001  1454207.003  1454280.005  1454870.009  1455096.001
  5910:  1455464.003  1455477.001  1455833.003  1455858.001  1456162.003
  5915:  1456190.001  1457178.003  1457195.005  1457452.009  1457461.005
  5920:  1457486.009  1457494.005  1457618.009  1457825.001  1458176.003
  5925:  1458354.001  1458404.003  1458442.001  1458942.003  1459099.001
  5930:  1459170.003  1459206.001  1459464.003  1459764.001  1461050.003
  5935:  1461123.005  1461242.009  1461266.005  1461272.009  1461389.005
  5940:  1461414.009  1461419.005  1461850.009  1461853.005  1461860.009
  5945:  1461865.005  1461882.009  1462103.001  1462715.003  1462765.001
  5950:  1464339.018  1464347.003  1464353.016  1464403.026  1464447.005
  5955:  1465187.009  1465220.005  1465235.009  1465624.001  1467198.018
  5960:  1467634.003  1467640.016  1467690.026  1467701.005  1468324.009
  5965:  1468423.005  1468434.009  1468764.001  1468944.003  1469092.001
  5970:  1469530.003  1469669.005  1470063.009  1470903.001  1471068.003
  5975:  1471102.001  1471486.003  1471494.001  1472440.003  1472468.005
  5980:  1472492.009  1472495.005  1472730.009  1472976.001  1474550.018
  5985:  1474936.003  1474942.016  1474992.026  1474999.005  1475692.009
  5990:  1475944.001  1476801.003  1476835.001  1478055.003  1478094.005
  5995:  1478490.009  1478753.001  1479355.003  1479366.001  1479875.003
  6000:  1479884.001  1480882.003  1480957.005  1481157.009  1481197.005
  6005:  1481203.009  1481362.005  1481384.009  1481392.005  1481944.009
  6010:  1482296.001  1482968.003  1483009.001  1483417.003  1483436.001
  6015:  1483754.003  1483771.001  1484511.003  1484653.005  1484824.009
  6020:  1484836.005  1484853.009  1484866.005  1484986.009  1485296.001
  6025:  1485350.003  1485394.001  1485497.003  1486222.001  1486339.003
  6030:  1486354.001  1486431.003  1486457.001  1487722.003  1487805.005
  6035:  1488286.009  1488293.005  1488313.009  1488366.005  1488370.009
  6040:  1488523.001  1488895.003  1488933.001  1489216.003  1489260.001
  6045:  1490433.003  1490459.005  1490476.009  1490674.005  1491045.009
  6050:  1491405.001  1491675.003  1491839.001  1491881.003  1492012.001
  6055:  1492122.003  1492659.005  1492803.009  1492884.005  1492899.009
  6060:  1492913.005  1492974.009  1493135.001  1494709.018  1495364.003
  6065:  1495370.016  1495415.005  1495420.026  1496185.009  1496405.001
  6070:  1497737.003  1497745.001  1498231.003  1498282.005  1498830.009
  6075:  1499014.001
B:
     0:        0.000      995.000        0.000      994.000        0.000
     5:     1947.000        0.000        0.000        0.000     1947.000
    10:        0.000        1.000        0.000        1.000        0.000
    15:        0.000       60.000       12.000       59.000        0.000
    20:        0.000        0.000        0.000        0.000        0.000
    25:        0.000       60.000        0.000        0.000        0.000
    30:        0.000
D:
     0:  1502469.000  1501478.000  1500695.000
E:
     0:     1278.500     1573.021
P:
     0:        0.000      259.000      689.000      809.000      407.000
     5:      104.000      549.000      780.000       46.000      296.000
    10:     1266.000      200.000       30.000       27.000      882.000
    15:      111.000       69.000      283.000      314.000      911.000
    20:     1087.000      453.000      483.000      468.000      803.000
    25:      506.000      411.000      103.000      394.000       26.000
    30:      157.000      532.000      216.000      463.000     1260.000
    35:      738.000      292.000     1464.000       65.000      539.000
    40:     1119.000      505.000      627.000       98.000      538.000
    45:     1569.000      314.000       76.000      309.000      110.000
    50:      352.000      715.000      248.000      254.000       58.000
    55:      622.000      604.000     1247.000      339.000      222.000
    60:      146.000      118.000      127.000      201.000      709.000
    65:      925.000      506.000      514.000      683.000      328.000
    70:      372.000      762.000      171.000      952.000      211.000
    75:       78.000     1392.000      444.000      183.000      817.000
    80:      225.000     1405.000      966.000      349.000      957.000
    85:      126.000       56.000       88.000       96.000      237.000
    90:      180.000      695.000      179.000      723.000      279.000
    95:      100.000      618.000     1523.000      182.000      786.000
   100:      104.000       19.000      777.000      703.000      335.000
   105:       45.000     1007.000       22.000       36.000     1161.000
   110:      306.000      693.000      458.000      302.000       98.000
   115:       32.000      617.000      196.000      358.000      552.000
   120:      167.000      274.000      679.000      189.000      301.000
   125:       82.000       78.000      854.000      454.000      285.000
   130:      575.000       25.000      112.000      233.000      650.000
   135:      346.000      110.000      399.000      686.000      319.000
   140:      621.000      299.000      304.000      172.000      972.000
   145:      962.000      603.000      696.000      174.000      649.000
   150:      229.000      849.000      763.000      677.000      255.000
   155:       33.000      485.000      674.000      427.000      616.000
   160:     1254.000      911.000      527.000       45.000      873.000
   165:      341.000      290.000     2766.000      489.000      702.000
   170:      670.000     1316.000      556.000       75.000      348.000
   175:      578.000      124.000     1032.000       65.000      456.000
   180:      662.000      143.000     1087.000      236.000      528.000
   185:      148.000     1110.000     1420.000       54.000       72.000
   190:      175.000      494.000       55.000      108.000       43.000
   195:      151.000      774.000      350.000       30.000     1073.000
   200:     1215.000      433.000     1230.000      382.000     1894.000
   205:      211.000      349.000      689.000       12.000      151.000
   210:      821.000       39.000      115.000      341.000       29.000
   215:      730.000     1523.000      306.000     1359.000      963.000
   220:     1154.000      501.000     1104.000     1105.000      579.000
   225:      344.000     1083.000     1043.000      240.000       23.000
   230:      785.000      106.000      225.000      298.000      325.000
   235:     1223.000     1165.000      134.000      198.000      371.000
   240:      307.000      680.000      127.000     1826.000      935.000
   245:     1241.000     1532.000      145.000      268.000     1242.000
   250:      363.000     1480.000      275.000     1065.000     1551.000
   255:     1484.000     1303.000      180.000       78.000      762.000
   260:      488.000     1738.000     1394.000      338.000      660.000
   265:      854.000      521.000     1126.000      847.000       89.000
   270:      523.000      945.000      286.000      145.000     1066.000
   275:     1355.000      472.000       71.000     1107.000     1983.000
   280:     1617.000      500.000      142.000      570.000      458.000
   285:      143.000      134.000      752.000       68.000      320.000
   290:       83.000      123.000     1242.000      840.000      845.000
   295:      242.000     1690.000     1020.000      262.000       65.000
   300:      956.000       22.000     1269.000     1153.000     1198.000
   305:      908.000       46.000       82.000     1048.000     1204.000
   310:     1705.000      636.000      142.000      928.000      133.000
   315:      516.000      109.000      396.000      437.000     1223.000
   320:      150.000     1122.000       53.000       62.000      158.000
   325:      393.000      742.000     1167.000       57.000     1297.000
   330:      388.000      680.000      739.000      258.000      965.000
   335:     2622.000     1271.000     1230.000       95.000      442.000
   340:       84.000       75.000      745.000      378.000      452.000
   345:      180.000       98.000      959.000      400.000      676.000
   350:      174.000     2230.000       97.000      967.000     1702.000
   355:      370.000      137.000     1268.000       83.000      747.000
   360:      684.000      134.000     1423.000     1342.000     1251.000
   365:      208.000     1419.000       89.000       60.000      439.000
   370:      303.000       25.000     1087.000     1079.000     1517.000
   375:       92.000      604.000      128.000      515.000      458.000
   380:      981.000     1246.000      592.000      652.000      320.000
   385:      117.000     1103.000     1105.000      385.000      190.000
   390:      194.000     1028.000     1447.000     1647.000      953.000
   395:       52.000      854.000     1290.000      170.000       67.000
   400:     1635.000      813.000     1105.000     1479.000      296.000
   405:       20.000     1134.000      391.000      146.000      571.000
   410:      133.000      291.000      580.000      592.000     1321.000
   415:      635.000      533.000      531.000      899.000      521.000
   420:      943.000     1503.000      408.000     1103.000      179.000
   425:      876.000      144.000      221.000      198.000       88.000
   430:      457.000     1938.000      864.000      420.000      481.000
   435:      381.000      450.000     1115.000      388.000      411.000
   440:       22.000      109.000      725.000       55.000      154.000
   445:      757.000      215.000      254.000     1182.000     1501.000
   450:     1203.000      473.000     1049.000     1125.000     1166.000
   455:      937.000      792.000      247.000       71.000       24.000
   460:     1226.000     1235.000      134.000      118.000      136.000
   465:      282.000      351.000      241.000      793.000      132.000
   470:      177.000       89.000      902.000      583.000     1231.000
   475:      138.000      212.000      795.000      149.000      699.000
   480:      133.000      201.000       40.000      927.000      329.000
   485:      744.000     1151.000      262.000     1896.000      920.000
   490:      124.000      315.000      125.000      886.000      369.000
   495:      685.000      481.000      170.000      636.000      243.000
   500:     1288.000       95.000      933.000      308.000     1498.000
   505:       86.000      220.000      411.000      822.000      887.000
   510:      515.000       71.000      140.000     1003.000      662.000
   515:      946.000      347.000      972.000      200.000       94.000
   520:     1134.000      148.000      350.000      105.000     1153.000
   525:     1340.000      203.000     1629.000      194.000       22.000
   530:      853.000      316.000     1312.000      342.000     1916.000
   535:     1832.000      500.000      604.000      172.000      368.000
   540:      769.000       11.000     1169.000      648.000      640.000
   545:      672.000      427.000     1472.000     1808.000     1206.000
   550:      137.000     1386.000       57.000      470.000     1786.000
   555:      761.000      689.000      133.000      739.000      983.000
   560:      142.000      365.000      481.000       71.000      386.000
   565:      608.000     2121.000      739.000     1029.000      336.000
   570:      138.000      770.000      280.000     1517.000     1351.000
   575:     1376.000       64.000      121.000     1375.000      336.000
   580:     1826.000     1233.000     1446.000     1203.000       25.000
   585:     1356.000      412.000     1797.000      200.000      273.000
   590:      785.000      927.000      457.000      352.000      330.000
   595:      541.000      226.000     1256.000       28.000     1510.000
   600:      825.000      705.000      176.000      280.000      534.000
   605:       52.000     1314.000      692.000      366.000      401.000
   610:       91.000      175.000      322.000       48.000      488.000
   615:       47.000      413.000       92.000      733.000      271.000
   620:      468.000     1050.000      339.000      528.000      792.000
   625:      431.000      174.000      298.000      187.000      203.000
   630:     1451.000      517.000       73.000       69.000      112.000
   635:      332.000      174.000      751.000     1221.000     1423.000
   640:     1315.000      293.000      801.000      594.000      856.000
   645:     1634.000     1363.000      492.000      822.000     1112.000
   650:      831.000       25.000      223.000      605.000      392.000
   655:      330.000      482.000      428.000      721.000     1078.000
   660:     1200.000      220.000      412.000      460.000      986.000
   665:      322.000      383.000      210.000      798.000      825.000
   670:      699.000     1203.000      145.000     1078.000      942.000
   675:      190.000      135.000      335.000      456.000      594.000
   680:      638.000     1094.000     1727.000      685.000      762.000
   685:     1264.000      270.000       87.000     1191.000      505.000
   690:      470.000      957.000      716.000      719.000     1009.000
   695:      304.000      146.000      117.000      503.000      130.000
   700:     1389.000     1529.000     1508.000     1176.000      392.000
   705:     1419.000     1191.000      255.000     1218.000     1189.000
   710:      293.000      191.000      349.000      556.000      400.000
   715:       91.000       76.000     1692.000      565.000     1467.000
   720:      405.000      445.000      852.000      716.000       86.000
   725:      130.000      303.000      685.000      547.000      552.000
   730:     1077.000      741.000      128.000      148.000      185.000
   735:      651.000     1433.000       26.000     1348.000      341.000
   740:     1208.000      116.000      732.000      984.000      344.000
   745:       65.000      499.000       56.000      133.000      631.000
   750:      490.000       21.000      223.000     2386.000      166.000
   755:      583.000      782.000      143.000       57.000       60.000
   760:      356.000     1039.000       69.000      135.000       17.000
   765:       28.000      464.000      347.000     2187.000      162.000
   770:       80.000      769.000     1233.000       82.000      101.000
   775:     2744.000      174.000       48.000      395.000     1159.000
   780:      649.000      267.000      529.000      241.000     1035.000
   785:     1224.000      202.000      653.000     1100.000      423.000
   790:      980.000      435.000       61.000     1554.000     1831.000
   795:     1350.000      400.000      100.000     1388.000       74.000
   800:      558.000     1315.000      749.000      844.000      139.000
   805:       86.000       97.000      651.000      707.000      533.000
   810:      283.000     1212.000     1174.000     1227.000      136.000
   815:     1013.000     2326.000     1766.000      674.000     1238.000
   820:     1667.000     1512.000       77.000      498.000      861.000
   825:      206.000      364.000      167.000      174.000      364.000
   830:      923.000      407.000      260.000      318.000      387.000
   835:      607.000      635.000      164.000      140.000     1180.000
   840:     1350.000     1472.000      536.000     1694.000     1569.000
   845:      401.000      995.000      470.000      701.000      459.000
   850:      716.000      145.000     1023.000     1818.000      260.000
   855:      177.000     1255.000      310.000      132.000      118.000
   860:      358.000       50.000       48.000      388.000       60.000
   865:      160.000      520.000      347.000       27.000      313.000
   870:       95.000      201.000      351.000      366.000      682.000
   875:       72.000      390.000       33.000       92.000      576.000
   880:       66.000      357.000     1972.000      240.000       45.000
   885:      688.000       60.000      633.000      491.000       20.000
   890:      385.000      768.000      108.000      804.000      186.000
   895:     1307.000      233.000      111.000     1424.000     1912.000
   900:      183.000      376.000      507.000      685.000       76.000
   905:      293.000     1999.000      582.000     1035.000      376.000
   910:      686.000       37.000     2136.000      455.000      264.000
   915:      312.000      267.000     1502.000      569.000       75.000
   920:      108.000      255.000       59.000     1430.000     1825.000
   925:     1187.000      701.000      830.000      398.000     1839.000
   930:      191.000      329.000     1095.000      374.000      245.000
   935:     1574.000      113.000     1090.000     1229.000      283.000
   940:      147.000      697.000      495.000      504.000     1317.000
   945:       98.000     1709.000      818.000       45.000      798.000
   950:      119.000      803.000      805.000      368.000      356.000
   955:      304.000      988.000      351.000       50.000      500.000
   960:       71.000      258.000     1286.000      612.000     1582.000
   965:     2010.000      180.000      438.000      165.000      384.000
   970:      945.000     1960.000      857.000     1220.000      602.000
   975:      509.000      998.000      672.000      408.000      318.000
   980:      740.000       54.000      103.000      117.000       77.000
   985:     1265.000      372.000      283.000     1173.000      270.000
   990:       42.000      110.000     2229.000     1332.000      485.000
   995:        0.000
R:
     0:        1.000   322950.976        0.000
T:
     0:        0.000        0.000        0.000        0.000
W:
     0:        2.000        0.000        0.000
