File: C:\MED-PC IV\Data\Reyes\AY\AY1070.999


Start Date: 10/12/24
End Date: 10/12/24
Subject: 70
Experiment: AY
Group: PERC
Box: 2
Start Time: 17:12:56
End Time: 18:02:57
MSN: DRRD_perc
C:       0.000
F:       0.000
G:       0.000
H:       0.000
I:       0.000
J:       0.000
K:     500.000
L:       0.000
M:       0.000
N:       0.000
O:       0.000
Q:     442.550
S:     343.353
U: 2133709.000
V:       0.000
X:       0.000
Y:    5996.000
Z:       0.000
A:
     0:      695.005      813.009     7685.005     7689.009     7693.005
     5:     7695.009     7706.005     7712.009     9345.005     9353.009
    10:     9364.005     9530.009    10523.005    10609.009    10628.005
    15:    10635.009    10653.005    10658.009    10683.005    10692.009
    20:    10702.005    10711.009    10712.005    10718.009    10892.005
    25:    11209.009    11218.005    11244.009    11355.005    11376.009
    30:    11378.005    11401.009    11403.005    11446.009    11497.005
    35:    11516.009    11546.005    11555.009    11574.005    11579.009
    40:    11586.005    11590.009    12504.005    12886.009    12889.005
    45:    12898.009    12941.005    12950.009    13954.005    14619.009
    50:    14621.005    14632.009    14640.005    14650.009    14674.005
    55:    14678.009    14683.005    14688.009    14690.005    14705.009
    60:    14710.005    14737.009    14744.005    14768.009    14802.005
    65:    14808.009    14868.005    14873.009    14895.005    14905.009
    70:    15000.013    15000.011    15061.005    15066.009    15067.005
    75:    15072.009    15077.005    15094.009    15276.001    15462.003
    80:    15563.005    15870.009    16268.001    16465.003    16541.005
    85:    16860.009    17069.001    17319.018    17424.003    17430.016
    90:    17480.026    17513.001    17544.003    17559.005    18315.009
    95:    18481.001    18716.003    18798.005    19151.009    19188.005
   100:    19192.009    19221.005    19230.009    19265.005    19276.009
   105:    19518.001    19768.018    19791.003    19797.016    19847.026
   110:    19883.005    21009.009    21321.001    21458.003    21559.005
   115:    21932.009    21952.005    21957.009    21972.005    21978.009
   120:    21980.005    21991.009    22277.001    22396.003    22424.001
   125:    22485.003    22502.005    22842.009    23175.001    23348.003
   130:    23426.005    23685.009    23692.005    23699.009    23705.005
   135:    23709.009    23872.001    23978.003    24194.001    24355.003
   140:    24490.005    24694.009    25040.001    25250.003    25315.001
   145:    25342.005    25368.003    25444.009    25473.005    25670.009
   150:    26071.001    26321.018    26331.003    26337.016    26387.026
   155:    26464.005    27181.009    27589.001    27802.003    28152.005
   160:    28411.009    28414.005    28421.009    28449.005    28454.009
   165:    28492.005    28495.009    28501.005    28507.009    28715.001
   170:    28831.003    29009.001    29113.003    29885.001    30089.003
   175:    30224.005    30678.009    31116.001    31363.003    31371.017
   180:    31457.005    31697.009    31973.001    32228.018    32280.003
   185:    32286.016    32336.026    32339.017    32393.005    33260.009
   190:    33281.005    33286.009    33292.005    33407.009    33409.005
   195:    33415.009    34214.005    34428.009    34742.001    34836.003
   200:    34849.001    34968.003    35068.005    35408.009    35876.001
   205:    36029.003    36187.005    36393.009    36921.001    37034.003
   210:    37186.005    37379.009    37391.005    37398.009    37554.001
   215:    37820.018    38070.003    38076.016    38126.026    38129.017
   220:    38472.005    39218.009    39376.001    39617.003    39625.017
   225:    39858.005    40080.009    40236.001    40521.018    40904.003
   230:    40910.016    40960.026    40963.017    41130.005    41606.009
   235:    41771.001    41953.003    41961.017    42227.005    42532.009
   240:    42693.001    42939.003    42947.017    43029.005    43039.009
   245:    43047.005    43464.009    43571.005    43803.009    44084.001
   250:    44201.003    44209.017    44210.001    44255.003    44446.005
   255:    44640.009    44641.005    44647.009    44654.005    44791.009
   260:    45206.001    45277.003    45356.005    45627.009    45639.005
   265:    45645.009    45652.005    45668.009    45675.005    45680.009
   270:    45688.005    45693.009    45713.005    45720.009    45728.005
   275:    45841.009    45861.005    45864.009    45871.005    45877.009
   280:    46269.001    46472.003    46578.005    46740.009    47202.001
   285:    47331.003    47369.001    47503.003    47835.005    47995.009
   290:    48024.005    48030.009    48037.005    48052.009    48053.005
   295:    48070.009    48117.005    48122.009    48133.005    48136.009
   300:    48152.005    48163.009    48175.005    48194.009    48207.005
   305:    48227.009    48229.005    48238.009    48350.005    48356.009
   310:    48365.005    48591.009    48595.005    48621.009    48649.005
   315:    48658.009    48731.005    48855.009    48867.005    48881.009
   320:    48949.005    48975.009    48977.005    48997.009    49001.005
   325:    49114.009    49278.001    49480.003    49581.005    49587.009
   330:    49596.005    49602.009    49611.005    49872.009    50246.001
   335:    50302.003    50457.005    50767.009    50988.005    51003.009
   340:    51117.005    51124.009    51132.005    51153.009    51162.005
   345:    51372.009    51380.005    51437.009    51461.005    51472.009
   350:    51540.005    51560.009    51569.005    51580.009    51581.005
   355:    51584.009    51607.005    51611.009    51621.005    51625.009
   360:    52033.001    52201.003    52857.001    53125.003    53215.001
   365:    53249.003    53302.005    53642.009    53805.001    54168.018
   370:    54311.003    54317.016    54367.026    54370.017    54641.005
   375:    55701.009    55876.001    55925.003    56458.005    56616.009
   380:    56785.001    56838.003    57943.005    58142.009    58324.001
   385:    58443.003    58836.005    59143.009    59319.001    59501.003
   390:    59561.001    59696.003    59923.005    60193.009    60439.001
   395:    60535.003    61039.001    61238.003    61446.005    61658.009
   400:    61906.001    62048.003    62330.005    62450.009    62638.001
   405:    62692.003    63537.005    63795.009    63940.001    64174.003
   410:    64273.005    64608.009    64758.001    65075.003    65299.005
   415:    65496.009    69546.005    69553.009    69568.005    69639.009
   420:    69655.005    69669.009    69678.005    69722.009    69723.005
   425:    69728.009    69744.005    69797.009    70633.001    71011.018
   430:    71284.003    71290.016    71340.026    71399.005    72069.009
   435:    72275.001    72430.003    72742.005    73095.009    73261.001
   440:    73569.003    73605.005    73944.009    74101.001    74323.003
   445:    74563.001    74623.003    74697.005    75005.009    75259.001
   450:    75307.003    75402.001    75681.003    75727.001    75826.003
   455:    76056.005    76270.009    76869.001    77115.003    77221.001
   460:    77272.003    77860.005    78214.009    78865.001    79034.003
   465:    79201.005    79291.009    79312.005    79315.009    79329.005
   470:    79344.009    79416.005    79608.009    79628.005    79639.009
   475:    79670.005    79705.009    79716.005    79874.009    79885.005
   480:    79895.009    79897.005    79903.009    79915.005    79932.009
   485:    79938.005    79949.009    80223.001    80306.003    80576.001
   490:    80616.003    80667.001    80767.003    80853.005    81117.009
   495:    81290.005    81400.009    81871.001    82120.003    82200.005
   500:    82639.009    82811.001    83068.003    86250.005    86446.009
   505:    87266.001    87644.018    87760.003    87766.016    87816.026
   510:    87911.001    88052.003    88141.005    88688.009    89046.001
   515:    89188.003    89207.001    89226.003    89595.005    89932.009
   520:    90172.001    90521.005    90544.003    90866.009    90939.005
   525:    90946.009    90947.005    90962.009    90975.005    90982.009
   530:    91081.005    91086.009    91087.005    91092.009    91095.005
   535:    91103.009    91115.005    91282.009    91285.005    91289.009
   540:    91317.005    91323.009    91338.005    91345.009    91351.005
   545:    91363.009    91378.005    91383.009    91593.001    91729.003
   550:    91796.001    92040.003    92135.005    92395.009    92496.005
   555:    92511.009    92579.005    92584.009    92895.001    93222.003
   560:    93666.001    93950.003    93986.005    93992.009    93997.005
   565:    94329.009    94363.005    94370.009    94396.005    94416.009
   570:    94459.005    94465.009    94476.005    94484.009    94536.005
   575:    94550.009    94555.005    94564.009    94566.005    94573.009
   580:    94574.005    94580.009    94586.005    94629.009    94635.005
   585:    94651.009    94655.005    94661.009    94663.005    94670.009
   590:   100104.005   100189.009   100191.005   100209.009   104025.005
   595:   104230.009   104740.005   105129.009   105142.005   105149.009
   600:   105151.005   105161.009   105210.005   105220.009   105261.005
   605:   105263.009   105264.005   105479.009   105480.005   105489.009
   610:   105671.005   105675.009   105677.005   106349.009   106350.005
   615:   106356.009   106358.005   106388.009   106391.005   106408.009
   620:   106410.005   106444.009   107029.005   107052.009   107106.005
   625:   107114.009   107131.005   107136.009   107152.005   107319.009
   630:   107324.005   108356.009   108395.005   108397.009   108415.005
   635:   108423.009   108425.005   108428.009   108429.005   108434.009
   640:   108435.005   108608.009   108638.005   108644.009   108787.001
   645:   109165.018   109190.003   109196.016   109243.005   109246.026
   650:   110302.009   110324.005   110330.009   110381.005   110391.009
   655:   110434.005   110453.009   110477.005   110564.009   110569.005
   660:   110583.009   110590.005   110781.009   111123.001   111275.003
   665:   111301.001   111325.003   111396.005   111786.009   111790.005
   670:   111795.009   111797.005   111802.009   111822.005   111826.009
   675:   111976.001   112248.003   112349.005   112536.009   112558.005
   680:   112714.009   112729.005   112737.009   112969.001   113258.003
   685:   113346.005   113522.009   113531.005   113543.009   113735.001
   690:   113891.003   114012.001   114089.003   114193.001   114353.003
   695:   114778.005   114782.009   114783.005   114919.009   115137.001
   700:   115455.003   115950.005   116203.009   116923.001   117066.003
   705:   117204.005   117373.009   117375.005   117384.009   117391.005
   710:   117411.009   117732.001   117951.003   118299.001   118677.018
   715:   118697.003   118703.016   118753.026   118818.005   119601.009
   720:   120137.005   120622.009   120646.005   120653.009   120669.005
   725:   120673.009   120680.005   120698.009   120706.005   120715.009
   730:   120735.005   120740.009   120825.005   120875.009   120882.005
   735:   120890.009   120895.005   120927.009   120933.005   120996.009
   740:   121001.005   121036.009   121051.005   121070.009   121076.005
   745:   121101.009   121107.005   121123.009   121128.005   121134.009
   750:   122387.005   122425.009   122432.005   122446.009   122448.005
   755:   122452.009   122523.005   122528.009   122538.005   122552.009
   760:   122814.001   122992.003   123096.005   123524.009   123527.005
   765:   123534.009   124258.001   124398.003   124614.001   124754.003
   770:   125042.005   125202.009   125212.005   125221.009   125222.005
   775:   125231.009   125436.001   125563.003   126042.001   126334.003
   780:   126515.005   126750.009   126781.005   126785.009   126971.001
   785:   127065.003   127627.001   128005.018   128029.003   128035.016
   790:   128070.005   128085.026   128974.009   129017.005   129027.009
   795:   129039.005   129287.009   129290.005   129528.009   129529.005
   800:   129535.009   129550.005   129556.009   129560.005   129565.009
   805:   130096.001   130148.003   130559.001   130575.003   130584.001
   810:   130766.003   130894.005   131197.009   132036.005   132119.009
   815:   132121.005   132129.009   132131.005   132135.009   132137.005
   820:   132145.009   132155.005   132160.009   132212.005   132217.009
   825:   132223.005   132228.009   132245.005   132266.009   132400.005
   830:   132408.009   133175.001   133477.003   133593.005   134202.009
   835:   134217.005   134223.009   134224.005   134232.009   134269.005
   840:   134275.009   134298.005   134466.009   134475.005   134479.009
   845:   134485.005   134541.009   134542.005   134547.009   134550.005
   850:   134564.009   134571.005   134777.009   134803.005   134822.009
   855:   135319.001   135396.003   135457.001   135835.018   136099.003
   860:   136105.016   136140.005   136155.026   136659.009   136667.005
   865:   136682.009   136685.005   136692.009   136702.005   136726.009
   870:   136734.005   136738.009   136925.001   137081.003   137237.001
   875:   137615.018   137725.003   137731.016   137766.005   137781.026
   880:   137784.017   138190.009   138194.005   138223.009   138227.005
   885:   138234.009   138242.005   138265.009   138272.005   138285.009
   890:   138290.005   138300.009   138307.005   138317.009   138479.001
   895:   138760.003   138768.017   138889.005   139505.009   139521.005
   900:   139544.009   139558.005   139564.009   140067.001   140458.018
   905:   140464.003   140470.016   140520.026   140523.017   140596.005
   910:   141100.009   141343.001   141503.003   141511.017   141650.005
   915:   141654.009   141995.005   141999.009   142018.005   142021.009
   920:   142030.005   142036.009   142078.005   142084.009   142106.005
   925:   142422.009   142611.001   143010.018   143107.003   143113.016
   930:   143163.026   143166.017   143218.005   144023.009   144436.001
   935:   144687.003   144826.005   145782.009   145785.005   145795.009
   940:   145801.005   145820.009   145827.005   145832.009   145836.005
   945:   145858.009   145953.005   145971.009   145974.005   146002.009
   950:   146004.005   146101.009   146882.001   147139.003   147232.005
   955:   147716.009   147886.001   148016.003   148322.001   148673.003
   960:   148681.017   148807.005   149200.009   149219.005   149223.009
   965:   149386.001   149616.003   149624.017   149653.001   149787.003
   970:   150024.005   150314.009   150316.005   150331.009   150333.005
   975:   150338.009   150546.001   150644.003   150931.001   151292.003
   980:   151400.005   151721.009   152147.001   152244.003   152559.001
   985:   152987.018   153100.003   153103.005   153106.016   153156.026
   990:   153159.017   153658.009   153832.001   154059.003   154067.017
   995:   154359.005   154720.009   154882.001   155293.003   155301.017
  1000:   155312.005   155867.009   156196.001   156489.003   156497.017
  1005:   156597.005   156872.009   157289.001   157443.003   157553.005
  1010:   157885.009   158149.001   158312.003   158615.001   158640.003
  1015:   158841.005   159228.009   159734.001   159861.003   159998.005
  1020:   160070.009   160073.005   160081.009   160085.005   160393.009
  1025:   160599.001   160852.003   160964.005   161216.009   161452.001
  1030:   161471.003   161484.001   161588.003   161817.001   161965.003
  1035:   162283.005   162289.009   162290.005   162295.009   162316.005
  1040:   162329.009   162334.005   162345.009   162353.005   162361.009
  1045:   162381.005   162537.009   162765.001   163223.018   163290.003
  1050:   163296.016   163323.005   163346.026   164117.009   164120.005
  1055:   164138.009   164143.005   164147.009   164305.001   164436.003
  1060:   164571.001   164842.003   165024.005   166158.009   166164.005
  1065:   166169.009   166184.005   166226.009   166253.005   166264.009
  1070:   166270.005   166493.009   166510.005   166521.009   166533.005
  1075:   166538.009   166549.005   166565.009   166567.005   166574.009
  1080:   166605.005   166610.009   166631.005   166654.009   166693.005
  1085:   166697.009   166986.001   167166.003   167305.001   167595.003
  1090:   167606.005   168234.009   168395.001   168601.003   168787.001
  1095:   168813.003   169252.005   169669.009   169881.001   170213.003
  1100:   170324.005   170741.009   170776.005   170781.009   170983.005
  1105:   171002.009   171254.005   171261.009   171279.005   171416.009
  1110:   171441.005   171450.009   171451.005   171457.009   171469.005
  1115:   171479.009   171781.001   172239.018   172241.005   172247.009
  1120:   172249.005   172276.003   172282.016   172332.026   172931.009
  1125:   172939.005   172976.009   173262.001   173444.003   173554.005
  1130:   173559.009   173565.005   173727.009   174148.001   174388.003
  1135:   174487.005   174497.009   174504.005   174807.009   174970.001
  1140:   175336.003   175349.001   175437.003   175446.005   175451.009
  1145:   175457.005   175976.009   176007.005   176013.009   176163.001
  1150:   176548.003   176585.001   176771.003   177572.001   177885.003
  1155:   177944.001   178041.003   178077.005   178470.009   178597.001
  1160:   178981.003   179077.005   179565.009   179571.005   179576.009
  1165:   179603.005   179621.009   179622.005   179628.009   180624.001
  1170:   180837.003   180868.001   180909.003   181218.001   181465.003
  1175:   181585.005   182004.009   182127.001   182296.003   182458.001
  1180:   182872.003   182976.005   183379.009   183528.001   183904.003
  1185:   184699.005   185057.009   185214.001   185672.018   185956.003
  1190:   185962.016   185983.001   186012.026   186474.018   187207.003
  1195:   187213.016   187215.005   187263.026   187266.017   187936.009
  1200:   188232.001   188565.003   188573.017   188704.005   189261.009
  1205:   189437.001   189552.003   189748.001   189882.003   190222.005
  1210:   190511.009   190622.005   190658.009   190663.005   190674.009
  1215:   190695.005   190709.009   190715.005   190720.009   190746.005
  1220:   190832.009   190834.005   190840.009   190966.001   191033.003
  1225:   191706.001   191850.003   192009.005   192361.009   192363.005
  1230:   192367.009   192527.001   193123.018   193167.003   193173.016
  1235:   193223.026   193288.005   193769.009   193771.005   193777.009
  1240:   193798.005   193800.009   194012.001   194101.003   194664.005
  1245:   194907.009   195080.001   195499.003   195553.001   195563.005
  1250:   195744.003   195993.009   195997.005   196006.009   196057.005
  1255:   196071.009   196073.005   196080.009   196083.005   196224.009
  1260:   196418.001   196516.003   196620.005   196726.009   196729.005
  1265:   196734.009   196767.005   196771.009   196810.005   196852.009
  1270:   196867.005   196890.009   196945.005   197750.009   197780.005
  1275:   197788.009   197967.005   197973.009   197983.005   198076.009
  1280:   198077.005   198083.009   198085.005   198091.009   198112.005
  1285:   198117.009   198120.005   198129.009   199562.005   199655.009
  1290:   199670.005   199673.009   199700.005   199709.009   199762.005
  1295:   199771.009   199773.005   199831.009   199840.005   199849.009
  1300:   199850.005   199866.009   199886.005   199900.009   199908.005
  1305:   199919.009   199935.005   199941.009   199946.005   199962.009
  1310:   200021.005   200170.009   200184.005   200200.009   200203.005
  1315:   200225.009   200239.005   200246.009   200551.001   200683.003
  1320:   200828.005   201104.009   201290.001   201495.003   201633.005
  1325:   201931.009   202076.001   202473.003   202500.001   202584.003
  1330:   202617.005   202864.009   203232.001   203641.003   203649.017
  1335:   204934.005   205108.009   205125.005   205131.009   205133.005
  1340:   205138.009   205376.001   205694.003   205702.017   206395.001
  1345:   206596.003   206599.001   206836.003   206856.001   206929.003
  1350:   206969.005   207117.009   207124.005   207129.009   207131.005
  1355:   207139.009   207145.005   207398.009   207580.001   208028.003
  1360:   208038.005   208042.009   208045.005   208207.009   208211.005
  1365:   208217.009   208373.001   208650.003   208890.001   209191.003
  1370:   209209.001   209303.005   209490.003   209697.009   209820.001
  1375:   210168.003   210334.001   210398.003   210420.001   210576.003
  1380:   210595.001   210848.003   210864.005   211194.009   211210.005
  1385:   211232.009   211358.001   211577.003   211693.005   211821.009
  1390:   212051.001   212637.003   212696.001   212765.003   212774.005
  1395:   213017.009   213065.005   213071.009   213819.005   213959.009
  1400:   215694.001   215785.003   215867.001   215937.003   215949.001
  1405:   216126.003   216243.001   216396.003   216426.005   216730.009
  1410:   217150.001   217300.003   217535.005   217633.009   217839.001
  1415:   218093.003   218556.005   218670.009   218680.005   218685.009
  1420:   218693.005   218700.009   218887.001   219393.003   219590.001
  1425:   219739.003   219773.001   220265.003   220334.001   220402.003
  1430:   220842.001   221253.003   221287.005   221447.009   221468.005
  1435:   221475.009   221483.005   221487.009   221611.001   221998.003
  1440:   222019.001   222132.003   222199.001   222229.003   222368.001
  1445:   222506.003   222509.001   223119.018   223200.003   223206.016
  1450:   223256.026   224014.005   224925.009   224948.005   224961.009
  1455:   224971.005   224977.009   224984.005   224990.009   224992.005
  1460:   224995.009   225064.005   225087.009   225095.005   225299.009
  1465:   225923.001   225973.003   230346.005   230354.009   230357.005
  1470:   230690.009   230691.005   230706.009   230786.005   230828.009
  1475:   230845.005   230862.009   230866.005   230871.009   230875.005
  1480:   230894.009   230914.005   230918.009   230960.005   230972.009
  1485:   231066.005   231084.009   231796.005   232335.009   232354.005
  1490:   232396.009   232404.005   232624.009   232630.005   232655.009
  1495:   232677.005   232691.009   232698.005   232740.009   232752.005
  1500:   233121.009   233122.005   233146.009   233774.005   234003.009
  1505:   234008.005   234015.009   234016.005   234020.009   234077.005
  1510:   234102.009   234105.005   234112.009   234114.005   234340.009
  1515:   234343.005   234350.009   234400.005   235048.009   235250.001
  1520:   235797.003   235874.005   236273.009   236276.005   236280.009
  1525:   236298.005   236306.009   236327.005   236335.009   236339.005
  1530:   236346.009   236355.005   236389.009   236688.005   236703.009
  1535:   236727.005   236732.009   236736.005   236746.009   236760.005
  1540:   237522.009   237526.005   237530.009   237570.005   237766.001
  1545:   237773.009   238310.003   238431.005   238434.009   238450.005
  1550:   238833.009   238835.005   238843.009   238848.005   238853.009
  1555:   238855.005   238862.009   238863.005   238870.009   238875.005
  1560:   238885.009   238886.005   238910.009   239162.001   239308.003
  1565:   239402.001   239449.003   239602.001   239947.005   239972.003
  1570:   240058.009   240096.005   240421.009   240562.001   240975.005
  1575:   240989.009   241000.003   241068.005   241074.009   241078.005
  1580:   241082.009   241085.005   241284.009   241359.005   241369.009
  1585:   241393.005   241398.009   241403.005   241408.009   241561.005
  1590:   241572.009   241588.005   241594.009   241601.005   241604.009
  1595:   241786.001   242390.018   242586.003   242592.016   242618.001
  1600:   242642.026   243250.018   243312.005   243317.009   243339.003
  1605:   243341.005   243345.016   243395.026   244995.009   245026.005
  1610:   245321.009   245422.005   245426.009   245443.005   245446.009
  1615:   245483.005   245493.009   245498.005   245508.009   245598.005
  1620:   245603.009   245607.005   245622.009   245627.005   245650.009
  1625:   246175.005   246982.009   246988.005   247001.009   247010.005
  1630:   247029.009   247032.005   247042.009   247054.005   247061.009
  1635:   247091.005   247098.009   247115.005   247119.009   247153.005
  1640:   247158.009   247159.005   247165.009   247177.005   247183.009
  1645:   247189.005   247252.009   248363.001   248453.003   248744.005
  1650:   249362.009   249363.005   249368.009   249419.005   249423.009
  1655:   249424.005   249438.009   249447.005   249468.009   249477.005
  1660:   249503.009   249617.005   249631.009   249640.005   249644.009
  1665:   249652.005   249658.009   249797.001   249891.003   250272.001
  1670:   250432.003   250596.005   250966.009   250997.005   251005.009
  1675:   251012.005   251038.009   251066.005   251105.009   251602.001
  1680:   251827.003   251856.001   252061.005   252066.009   252071.005
  1685:   252159.009   252162.005   252170.009   252177.005   252358.003
  1690:   252438.009   252439.005   252465.009   252467.005   252472.009
  1695:   252474.005   252541.009   253659.005   254044.009   254058.005
  1700:   254065.009   254096.005   254122.009   254142.005   254162.009
  1705:   254173.005   254177.009   254645.005   254651.009   254714.005
  1710:   254778.009   254782.005   254786.009   254799.005   255944.009
  1715:   255957.005   255996.009   256076.005   256086.009   256106.005
  1720:   256624.009   256627.005   256653.009   256720.005   258065.009
  1725:   258140.005   258161.009   258164.005   258367.009   258989.001
  1730:   259189.003   259303.001   259391.003   259739.001   260202.005
  1735:   260210.009   260214.005   260343.018   260352.003   260358.016
  1740:   260408.026   261769.009   261791.005   261799.009   261825.005
  1745:   261830.009   261837.005   262324.009   262334.005   262342.009
  1750:   262356.005   262365.009   262367.005   262377.009   263792.005
  1755:   263811.009   263813.005   263898.009   263900.005   263906.009
  1760:   264059.005   264064.009   264067.005   264072.009   264412.001
  1765:   264561.003   264855.005   265344.009   265347.005   265366.009
  1770:   265368.005   265499.009   265563.005   265568.009   265581.005
  1775:   265583.009   265632.005   265820.009   266029.001   266343.003
  1780:   266909.001   267513.018   267653.003   267659.016   267667.005
  1785:   267671.009   267684.005   267709.026   268637.009   269108.001
  1790:   269181.003   269360.001   269588.003   269751.005   270146.009
  1795:   270152.005   270157.009   270228.005   270237.009   270438.001
  1800:   270559.003   270658.001   270846.003   271764.005   271956.009
  1805:   271969.005   271974.009   272032.005   272045.009   272054.005
  1810:   272060.009   272061.005   272069.009   272087.005   272095.009
  1815:   272159.005   272163.009   272178.005   272182.009   272196.005
  1820:   272577.009   272673.005   272675.009   273201.001   273369.003
  1825:   273527.005   274080.009   274115.005   274120.009   274233.005
  1830:   274239.009   274382.001   274658.003   274758.005   275413.009
  1835:   275418.005   275427.009   275462.005   275464.009   275600.001
  1840:   275819.003   275853.001   275955.003   275982.005   276434.009
  1845:   276580.001   277152.003   277171.005   277173.009   277184.005
  1850:   277269.009   277367.005   277612.009   277870.001   278349.005
  1855:   278354.009   278366.005   278372.009   278384.005   278439.009
  1860:   278474.018   278500.003   278506.016   278556.026   278561.001
  1865:   278826.003   278828.005   279598.009   279620.005   279636.009
  1870:   279642.005   279649.009   279719.005   279725.009   279733.005
  1875:   279736.009   280148.001   280325.003   280462.005   280483.009
  1880:   280493.005   280977.009   281002.005   281048.009   281070.005
  1885:   281075.009   281154.005   281185.009   281225.005   281230.009
  1890:   281232.005   281677.009   281678.005   281684.009   281689.005
  1895:   281694.009   282222.001   282322.003   282330.001   282569.003
  1900:   282689.005   283269.009   283439.001   283784.003   283791.001
  1905:   283974.003   284003.005   284477.009   284527.005   284531.009
  1910:   284536.005   284540.009   284648.001   285226.003   285237.005
  1915:   285592.009   285612.005   285623.009   285752.005   285755.009
  1920:   285875.001   286479.018   286708.003   286714.016   286763.005
  1925:   286764.026   287470.009   287476.005   287482.009   287497.005
  1930:   287502.009   287547.005   287552.009   287556.005   287563.009
  1935:   287591.005   287595.009   287744.001   288148.003   288177.001
  1940:   288238.003   288818.005   289056.009   289330.001   289661.005
  1945:   289859.003   290230.009   290370.001   290974.018   291049.005
  1950:   291082.003   291088.016   291138.026   292097.009   292504.001
  1955:   292723.003   292815.005   293179.009   293354.001   293552.003
  1960:   293676.005   293682.009   293683.005   293689.009   293692.005
  1965:   293983.009   293988.005   293994.009   294006.005   294019.009
  1970:   294048.005   294058.009   294074.005   294100.009   294272.001
  1975:   294876.018   294938.003   294944.016   294994.026   295093.005
  1980:   295576.009   295595.005   295601.009   295607.005   295617.009
  1985:   295820.001   296031.003   296199.005   296475.009   296513.005
  1990:   296518.009   296704.001   296967.003   297097.001   297681.003
  1995:   297689.017   297859.005   298467.009   298472.005   298522.009
  2000:   298530.005   298535.009   298553.005   298556.009   298660.001
  2005:   299278.018   299385.005   299412.003   299418.016   299468.026
  2010:   299471.017   300075.009   300246.001   300812.003   300820.001
  2015:   300992.003   301144.005   301540.009   301698.001   302155.003
  2020:   302163.017   302164.005   302169.009   302172.005   302666.009
  2025:   302717.005   302722.009   302857.001   303497.018   303587.003
  2030:   303593.016   303643.026   303646.017   303699.005   304195.009
  2035:   304608.001   304828.003   305000.001   305310.003   305434.005
  2040:   305759.009   305952.001   306468.003   306476.017   306754.005
  2045:   306854.009   306855.005   306860.009   306874.005   306879.009
  2050:   306901.005   306906.009   306946.005   306954.009   306964.005
  2055:   306971.009   306974.005   307283.009   307473.001   308020.005
  2060:   308041.003   308403.009   308602.001   309281.018   309445.003
  2065:   309451.016   309501.026   309504.017   309594.005   310512.009
  2070:   311327.001   311563.003   311843.005   312113.009   312705.001
  2075:   312891.003   312986.001   313158.003   313300.005   313731.009
  2080:   313901.001   314217.003   314360.005   314370.009   314371.005
  2085:   314546.009   314571.005   314576.009   314754.001   314953.003
  2090:   315083.001   315604.005   315629.003   315972.009   316152.001
  2095:   316685.003   316831.005   317156.009   317448.001   318068.003
  2100:   318218.001   318402.003   318565.005   318808.009   318817.005
  2105:   319136.009   319141.005   319147.009   319149.005   319156.009
  2110:   319470.001   319714.003   319856.005   319906.009   319915.005
  2115:   320188.009   320387.001   321067.018   321263.003   321269.016
  2120:   321319.026   321329.005   321936.009   322193.001   322294.003
  2125:   322470.001   322647.003   323027.005   323280.009   323482.001
  2130:   323917.003   324004.001   324199.003   324368.005   324560.009
  2135:   324801.001   325395.003   325552.005   325992.009   328821.001
  2140:   329093.003   329301.005   329594.009   329797.001   330205.005
  2145:   330212.003   330590.009   330652.005   330779.009   330957.001
  2150:   331408.003   331469.005   331885.009   332093.001   332493.005
  2155:   332637.003   332874.009   333077.001   333388.003   333729.005
  2160:   333842.009   333889.005   334037.009   334277.001   334459.003
  2165:   334472.001   335152.018   335197.003   335203.016   335207.005
  2170:   335253.026   336272.009   337051.001   337180.003   337306.005
  2175:   337565.009   338372.001   338601.003   338718.001   338887.003
  2180:   339509.005   339648.009   339716.005   339720.009   339843.001
  2185:   340280.003   340475.005   340636.009   340678.005   340787.009
  2190:   340938.001   341359.003   341568.005   341573.009   341574.005
  2195:   341584.009   341689.005   341693.009   341699.005   342073.009
  2200:   342242.001   342922.018   343195.005   343200.009   343206.005
  2205:   343486.009   343495.003   343501.005   343501.016   343512.009
  2210:   343514.005   343516.009   343531.005   343537.009   343551.026
  2215:   343554.017   343559.005   343566.009   343665.005   344466.009
  2220:   344478.005   344487.009   344515.005   344520.009   345323.001
  2225:   345569.003   345577.017   345748.005   346262.009   346448.001
  2230:   346725.003   346892.001   346895.005   346900.009   346911.005
  2235:   347396.003   347400.009   347503.005   347633.009   347701.005
  2240:   348211.009   348848.001   348932.003   349141.005   349313.009
  2245:   349651.001   350346.018   350700.003   350706.016   350756.026
  2250:   350759.017   351463.005   351981.009   352311.001   353037.018
  2255:   353163.003   353169.016   353219.026   353222.017   353531.005
  2260:   354046.009   354053.005   354067.009   354089.005   354095.009
  2265:   354732.001   355051.003   355606.005   355770.009   356000.005
  2270:   356130.009   356870.001   357094.005   357256.003   357536.009
  2275:   357720.001   357949.003   358096.005   358409.009   358592.001
  2280:   359219.003   359229.005   359655.009   359854.001   360578.005
  2285:   360588.003   360596.017   360945.009   361470.001   361774.003
  2290:   361937.005   361943.009   361953.005   362170.009   362680.001
  2295:   362829.003   363050.005   363166.009   363337.001   363493.003
  2300:   363547.001   364326.018   364897.003   364903.016   364908.005
  2305:   364953.026   364956.017   366044.009   366400.001   367010.003
  2310:   367018.017   367034.005   367507.009   367571.005   367742.009
  2315:   367746.005   367751.009   367885.005   367890.009   367912.005
  2320:   367939.009   367943.005   367949.009   367982.005   367994.009
  2325:   368028.005   368033.009   368204.001   368795.003   368803.017
  2330:   368928.005   369256.009   369285.005   369290.009   369302.005
  2335:   369308.009   369486.001   369972.003   369979.005   369980.017
  2340:   370338.009   370358.005   370362.009   370598.001   371349.003
  2345:   371357.017   371370.001   371426.003   371444.005   371813.009
  2350:   371865.005   371872.009   372039.001   372951.018   373248.005
  2355:   373517.009   373608.003   373614.016   373664.026   373667.017
  2360:   373835.005   374732.009   375109.001   375471.003   375479.017
  2365:   375922.005   376174.009   376410.001   376464.003   376509.001
  2370:   376589.003   377030.005   377314.009   377544.001   377812.003
  2375:   378009.005   378379.009   378382.005   378392.009   378618.001
  2380:   379013.003   379318.001   379573.003   379709.005   380169.009
  2385:   380375.001   380711.003   385790.005   386048.009   386065.005
  2390:   386070.009   386073.005   386079.009   386751.005   386757.009
  2395:   386784.005   386790.009   387419.001   387486.003   387848.001
  2400:   387982.003   388454.001   388525.003   389158.005   389436.009
  2405:   389745.001   389927.003   390246.005   390579.009   390754.001
  2410:   391160.003   391801.005   391931.009   391948.005   391956.009
  2415:   391998.005   392253.009   392281.005   392285.009   392475.001
  2420:   393129.003   393316.005   393352.009   393353.005   393362.009
  2425:   393401.005   393404.009   393416.005   393422.009   393439.005
  2430:   393445.009   393770.001   394145.003   394347.001   394818.003
  2435:   394947.005   395397.009   395419.005   395424.009   395723.001
  2440:   395893.003   396162.001   396399.003   396816.005   397035.009
  2445:   397246.001   397528.003   398090.005   398385.009   399118.001
  2450:   399335.003   400583.005   400594.009   400824.001   401300.003
  2455:   401384.005   401698.009   410715.001   410783.003   410932.001
  2460:   411085.003   411327.005   411537.009   411570.005   411623.009
  2465:   411635.005   411642.009   412949.001   413115.003   413786.005
  2470:   413938.009   419115.005   419193.009   422217.001   422402.003
  2475:   422986.005   423238.009   423294.005   423392.009   423437.005
  2480:   423441.009   423531.005   423536.009   457918.005   457964.009
  2485:   457968.005   457988.009   458006.005   458018.009   458031.005
  2490:   458042.009   458746.001   459021.003   459197.005   459385.009
  2495:   459458.005   459487.009   459629.005   459775.009   459799.005
  2500:   459804.009   459807.005   459815.009   459823.005   459825.009
  2505:   460040.005   460047.009   476544.005   477051.009   477081.005
  2510:   477083.009   477166.005   477170.009   477260.005   477267.009
  2515:   477277.005   477283.009   477312.005   477321.009   477325.005
  2520:   477333.009   477360.005   477381.009   482896.005   482900.009
  2525:   483452.005   483624.009   483925.001   484800.003   484818.001
  2530:   485066.003   485228.005   485475.009   485493.005   485513.009
  2535:   485525.005   485564.009   486294.001   486550.003   487234.001
  2540:   487508.003   487679.005   487866.009   488452.005   488510.009
  2545:   488516.005   488554.009   493119.005   493159.009   493166.005
  2550:   493173.009   493197.005   493202.009   494059.001   495026.018
  2555:   496769.005   496807.003   496813.016   496863.026   496866.017
  2560:   497775.009   497821.005   497968.009   499173.005   499181.009
  2565:   506380.005   506385.009   506430.005   506435.009   506500.005
  2570:   506550.009   506576.005   506582.009   506605.005   506989.009
  2575:   507409.001   507570.003   507806.005   508103.009   508130.005
  2580:   508140.009   508383.001   509033.003   509041.005   509041.017
  2585:   509393.009   509397.005   509405.009   509408.005   509415.009
  2590:   509418.005   509422.009   509425.005   509438.009   509467.005
  2595:   509471.009   509647.001   510654.003   510662.017   510667.005
  2600:   511023.009   511035.005   511039.009   511048.005   511053.009
  2605:   511061.005   511070.009   511259.001   511424.003   511652.001
  2610:   511724.003   511808.001   512322.003   512410.005   512697.009
  2615:   512874.001   513100.003   513253.001   513510.003   513646.001
  2620:   513698.003   513723.001   513770.003   513867.001   514277.003
  2625:   514311.005   514779.009   515602.001   515760.003   515887.005
  2630:   516159.009   516180.005   516196.009   516200.005   516456.009
  2635:   516474.005   516482.009   516501.005   516506.009   516564.005
  2640:   516573.009   516575.005   516601.009   516646.005   516650.009
  2645:   516690.005   516696.009   516924.001   517655.003   517663.017
  2650:   517815.005   518265.009   518283.005   518289.009   518291.005
  2655:   518296.009   518297.005   518429.009   518618.001   518835.003
  2660:   518843.017   519007.005   519182.009   519395.001   519807.003
  2665:   519815.017   519891.001   520190.003   520960.001   522035.018
  2670:   522095.003   522101.016   522104.005   522151.026   522154.017
  2675:   523146.009   523150.005   523195.009   523197.005   523355.009
  2680:   524097.001   524238.003   524453.005   524764.009   524768.005
  2685:   524778.009   525048.001   525524.003   525532.017   525665.005
  2690:   525950.009   526130.001   527237.018   527292.003   527294.005
  2695:   527298.016   527348.026   528870.009   529234.001   529351.003
  2700:   529702.001   529717.003   529951.001   530525.003   530536.005
  2705:   530974.009   531100.005   531110.009   531115.005   531125.009
  2710:   531139.005   531392.009   531395.005   531406.009   531420.005
  2715:   531446.009   531463.005   531468.009   531498.005   531507.009
  2720:   532030.001   532577.003   532732.001   533469.003   533491.005
  2725:   534264.009   534270.005   534335.009   534339.005   534345.009
  2730:   534500.001   534745.003   534824.001   535291.003   535485.005
  2735:   535488.009   535490.005   535494.009   535562.005   535771.009
  2740:   535998.005   536002.009   536246.001   536401.003   536699.001
  2745:   537150.003   537305.005   537483.009   537717.001   538086.003
  2750:   538092.001   538481.005   538485.009   538491.005   538497.009
  2755:   538519.005   538524.009   538541.005   538554.009   538561.005
  2760:   538661.009   538714.003   538783.001   539890.018   540438.003
  2765:   540444.016   540448.005   540494.026   541252.009   541268.005
  2770:   541320.009   541575.001   541741.003   541791.001   541823.003
  2775:   542224.001   542746.003   543013.005   543550.009   543732.001
  2780:   544363.005   544427.003   544880.009   546011.005   546799.009
  2785:   546803.005   546814.009   546830.005   546837.009   546843.005
  2790:   546855.009   546882.005   546901.009   546934.005   546948.009
  2795:   546956.005   546965.009   546967.005   547037.009   547264.001
  2800:   547394.003   547419.001   548526.018   548775.005   548780.003
  2805:   548786.016   548836.026   549781.009   549969.001   550233.003
  2810:   550317.001   550593.003   551280.001   551507.003   551782.005
  2815:   552460.009   552626.001   552896.003   553126.001   553965.003
  2820:   554022.005   554184.009   554194.005   554199.009   554218.005
  2825:   554223.009   554276.005   554629.009   554813.001   554877.003
  2830:   555178.001   555552.003   555584.005   555591.009   555592.005
  2835:   555718.009   556498.001   557478.003   557511.005   558265.009
  2840:   558268.005   558274.009   558280.005   558287.009   558291.005
  2845:   558301.009   558310.005   558318.009   558323.005   558330.009
  2850:   558335.005   558340.009   558384.005   558405.009   558443.005
  2855:   558508.009   559165.001   559525.003   559679.005   560475.009
  2860:   560656.001   561104.003   561197.001   561312.003   561851.005
  2865:   561855.009   561867.005   561998.009   562299.001   563198.005
  2870:   563314.003   564179.009   564181.005   564186.009   564208.005
  2875:   564232.009   564233.005   564238.009   564575.001   564618.003
  2880:   564842.001   564874.003   564913.001   565035.003   565054.001
  2885:   565202.005   565383.003   565385.009   565603.005   565858.009
  2890:   566144.001   566581.003   566702.001   567809.018   568357.003
  2895:   568363.016   568383.005   568413.026   569127.009   569152.005
  2900:   569170.009   569446.001   570025.003   570243.005   570548.009
  2905:   570736.001   571668.003   571701.005   572447.009   573050.001
  2910:   573155.003   573469.001   573880.003   574059.005   574682.009
  2915:   574893.001   575049.003   575335.001   575741.003   575869.005
  2920:   576006.009   576007.005   576036.009   576063.005   576241.009
  2925:   576356.005   576364.009   576376.005   576667.009   576856.001
  2930:   577163.003   577319.001   577684.003   577818.001   578333.003
  2935:   578369.005   578859.009   578864.005   579023.009   583291.005
  2940:   583485.009   583640.005   583643.009   583662.005   583877.009
  2945:   583900.005   583907.009   584146.001   584446.003   584869.001
  2950:   585013.003   585080.001   585876.003   586126.005   586459.009
  2955:   586687.001   587096.003   587115.001   587857.003   587910.005
  2960:   588330.009   588500.001   589607.018   590254.003   590260.016
  2965:   590276.005   590310.026   591121.009   591132.005   591350.009
  2970:   591369.005   591374.009   592700.005   592711.009   592731.005
  2975:   592741.009   592755.005   592762.009   592767.005   592772.009
  2980:   592796.005   592808.009   592862.005   592868.009   592880.005
  2985:   592885.009   592942.005   592945.009   592966.005   592971.009
  2990:   592980.005   592991.009   593025.005   593052.009   593093.005
  2995:   593110.009   593115.005   593129.009   593201.005   593206.009
  3000:   593207.005   593219.009   593258.005   593271.009   594065.001
  3005:   594172.003   594468.001   594663.003   595171.005   595589.009
  3010:   595662.005   595668.009   596557.005   596559.009   596747.005
  3015:   596752.009   596763.005   596882.009   597173.001   597238.003
  3020:   597385.001   597507.003   597833.001   598530.003   598549.005
  3025:   599300.009   599305.005   599318.009   601330.005   601335.009
  3030:   601340.005   601348.009   601351.005   601359.009   601402.005
  3035:   601406.009   605493.005   605572.009   605630.005   605779.009
  3040:   617455.005   617722.009   618790.005   618980.009   619188.001
  3045:   619738.003   619836.005   620321.009   620479.001   620770.003
  3050:   621036.005   621182.009   621353.001   622337.003   622360.005
  3055:   622771.009   622957.001   623344.003   623440.001   623972.003
  3060:   623989.001   624141.003   624167.005   624357.009   624599.001
  3065:   625706.018   626082.003   626088.016   626108.005   626138.026
  3070:   626975.009   626983.005   626992.009   627001.005   627010.009
  3075:   627016.005   627022.009   627413.001   628131.003   628182.001
  3080:   628474.003   628661.005   629199.009   629202.005   629217.009
  3085:   629237.005   629247.009   629252.005   629259.009   629273.005
  3090:   629323.009   629354.005   629360.009   629372.005   629380.009
  3095:   629429.005   629467.009   629517.005   629528.009   629893.001
  3100:   630429.003   630480.005   630678.009   630690.005   630716.009
  3105:   630717.005   630723.009   630910.001   631645.003   631796.005
  3110:   632091.009   632119.005   632124.009   632288.001   632727.003
  3115:   633376.005   633627.009   633791.001   634778.003   634827.005
  3120:   635335.009   635504.001   636387.005   636392.003   636779.009
  3125:   636788.005   636794.009   636852.005   636860.009   636928.005
  3130:   636933.009   636941.005   636947.009   636988.005   637002.009
  3135:   637008.005   637016.009   637030.005   637075.009   637088.005
  3140:   637102.009   637104.005   637118.009   637141.005   637146.009
  3145:   637341.001   637450.003   637465.001   638494.003   638725.005
  3150:   638957.009   639767.001   640053.003   640147.005   640534.009
  3155:   640572.005   640586.009   640632.005   640636.009   640694.005
  3160:   640700.009   644783.005   644872.009   644875.005   644880.009
  3165:   644889.005   644897.009   644904.005   644926.009   644929.005
  3170:   644965.009   645530.001   646265.005   646421.003   646812.009
  3175:   647066.001   647527.003   647559.001   648108.003   648357.005
  3180:   648704.009   648707.005   648714.009   648959.001   649319.003
  3185:   649814.001   650056.003   651060.005   651473.009   651919.001
  3190:   653025.003   653036.005   653701.009   653943.001   654667.003
  3195:   654875.005   655439.009   655508.005   655513.009   655812.001
  3200:   655977.003   656085.001   656122.003   656162.001   657031.003
  3205:   657057.005   657636.009   657652.005   657664.009   657670.005
  3210:   657675.009   657687.005   657705.009   657747.005   657756.009
  3215:   657812.005   657826.009   657947.005   657966.009   657979.005
  3220:   657987.009   658320.005   658336.009   658351.005   658374.009
  3225:   658622.005   658627.009   658628.005   658633.009   658637.005
  3230:   658930.009   658936.005   658949.009   658968.005   658976.009
  3235:   658990.005   658996.009   659034.005   659036.009   659320.001
  3240:   659662.003   660103.005   660464.009   660711.001   660900.003
  3245:   660918.001   661956.005   661966.003   662678.009   662736.005
  3250:   663414.009   678921.005   679086.009   679116.005   679125.009
  3255:   679127.005   679137.009   679188.005   679201.009   679225.005
  3260:   679236.009   679245.005   679304.009   679337.005   679354.009
  3265:   679405.005   679416.009   679424.005   679439.009   679446.005
  3270:   679452.009   679477.005   679482.009   679484.005   679498.009
  3275:   679501.005   679539.009   679550.005   679576.009   679579.005
  3280:   679619.009   679634.005   679720.009   679722.005   679740.009
  3285:   679744.005   679756.009   679781.005   679805.009   679813.005
  3290:   679996.009   680044.005   680051.009   680125.005   680270.009
  3295:   680317.005   680321.009   680624.001   681291.005   681363.003
  3300:   682050.009   682059.005   682074.009   682077.005   682110.009
  3305:   682116.005   682124.009   682125.005   682146.009   682151.005
  3310:   682166.009   682222.005   683203.009   683919.005   684231.009
  3315:   684243.005   684255.009   684263.005   684294.009   684334.005
  3320:   684357.009   684387.005   684400.009   684410.005   684426.009
  3325:   684453.005   684476.009   684482.005   684548.009   684580.005
  3330:   684583.009   684607.005   684612.009   684656.005   684664.009
  3335:   685227.001   685722.005   685812.003   686300.009   686326.005
  3340:   686343.009   686353.005   686384.009   686694.005   686704.009
  3345:   687024.005   687029.009   687078.005   687117.009   687233.005
  3350:   687264.009   687299.005   687312.009   687580.001   688687.018
  3355:   688788.005   688819.003   688825.016   688875.026   690642.009
  3360:   692434.005   693796.009   693824.005   693830.009   693833.005
  3365:   693840.009   693893.005   693928.009   693933.005   693941.009
  3370:   693950.005   693960.009   693978.005   693991.009   694007.005
  3375:   694016.009   694287.001   694519.003   694705.005   695176.009
  3380:   695447.001   695799.003   696017.005   696122.009   696124.005
  3385:   696350.009   696352.005   696367.009   696615.005   696762.009
  3390:   696794.005   696804.009   696812.005   696833.009   696836.005
  3395:   696839.009   696842.005   696847.009   697094.001   697453.003
  3400:   697625.001   698618.003   698797.005   699040.009   699511.005
  3405:   699513.009   699580.005   699713.009   699716.005   699894.009
  3410:   700087.001   700860.005   700864.009   700865.005   700870.009
  3415:   700872.005   700879.009   700882.005   700885.009   700889.005
  3420:   700943.003   701433.009   701434.005   701439.009   701445.005
  3425:   701465.009   701493.005   701501.009   701514.005   701518.009
  3430:   701821.001   702349.003   702373.001   702946.003   703076.005
  3435:   703502.009   703640.005   703874.009   703882.005   703895.009
  3440:   704213.001   704379.003   704436.001   705365.003   705393.005
  3445:   705848.009   705850.005   705855.009   705857.005   705863.009
  3450:   706135.001   707072.003   707113.005   707814.009   707874.005
  3455:   707897.009   707942.005   708255.009   708299.005   708310.009
  3460:   708921.001   709030.003   709184.001   709840.005   709928.003
  3465:   710266.009   710270.005   710279.009   710328.005   710348.009
  3470:   712471.005   712479.009   712501.005   712539.009   712864.001
  3475:   713971.018   714040.003   714046.016   714066.005   714096.026
  3480:   714867.009   714874.005   714955.009   716126.005   716140.009
  3485:   716182.005   716363.009   716369.005   716471.009   716790.001
  3490:   717036.003   717232.005   717535.009   717785.001   718522.003
  3495:   718643.005   719195.009   719245.005   719265.009   719275.005
  3500:   719286.009   719288.005   719310.009   719311.005   719317.009
  3505:   719336.005   719418.009   719662.001   719721.003   719963.001
  3510:   720687.003   720693.005   720974.009   721283.001   722058.005
  3515:   722296.009   722343.003   722536.005   722748.009   723011.001
  3520:   723928.003   724160.001   724767.003   724887.005   725588.009
  3525:   725636.005   725643.009   725875.001   725975.003   726051.001
  3530:   726130.003   726184.001   726253.003   726651.001   727406.005
  3535:   727407.003   727892.009   727895.005   727907.009   728219.001
  3540:   729059.003   729143.005   729580.009   729581.005   729587.009
  3545:   729589.005   729610.009   729619.005   729625.009   729844.001
  3550:   730582.003   730642.005   730983.009   730985.005   731008.009
  3555:   731183.005   731191.009   731235.005   731243.009   731331.005
  3560:   731447.009   731862.001   732419.003   732448.001   732697.003
  3565:   733129.005   733576.009   733753.001   734185.003   734224.001
  3570:   734257.003   734301.001   734989.003   735006.005   735613.009
  3575:   735944.001   736299.003   736359.001   736662.003   736712.001
  3580:   736821.003   737020.001   737648.005   737652.003   738038.009
  3585:   742940.005   743115.009   743719.001   744825.003   744947.005
  3590:   745485.009   747396.005   747753.009   750068.001   750284.003
  3595:   750437.005   750767.009   750775.005   750788.009   756448.005
  3600:   756459.009   756489.005   756495.009   756499.005   756503.009
  3605:   758420.001   758672.003   758768.005   758991.009   760560.001
  3610:   760771.003   760893.005   761121.009   762166.001   762475.003
  3615:   762662.005   762882.009   767532.005   767540.009   767541.005
  3620:   767547.009   768001.001   769108.018   769681.003   769687.016
  3625:   769737.026   769766.001   770133.003   770257.005   771047.009
  3630:   771052.005   771058.009   771068.005   771078.009   774262.001
  3635:   774615.005   774619.003   775211.009   775718.001   776147.003
  3640:   776150.005   776525.009   776619.005   776622.009   776727.001
  3645:   777464.003   777478.005   777777.009   778037.001   778190.003
  3650:   778214.001   778610.003   778645.001   778780.003   779121.005
  3655:   779284.009   779455.005   779573.009   779724.001   780168.003
  3660:   780807.001   780990.003   781000.001   782107.018   782175.003
  3665:   782181.016   782207.005   782231.026   782941.009   783659.001
  3670:   784766.018   785083.003   785089.016   785139.026   785255.005
  3675:   785857.009   786538.001   787189.003   787213.005   787693.009
  3680:   787902.001   788570.005   788577.003   789275.009   789340.005
  3685:   789346.009   789520.001   790058.003   790090.001   790454.003
  3690:   790591.005   790880.009   791052.001   791729.003   792264.005
  3695:   792590.009   792746.001   793487.005   793537.009   793541.005
  3700:   793547.009   793553.005   793561.009   793604.005   793606.009
  3705:   793635.003   793906.005   794019.009   794119.005   794304.009
  3710:   794305.005   794315.009   794391.005   794392.009   794545.001
  3715:   794658.003   794706.001   794797.003   795221.001   795479.005
  3720:   795568.003   795987.009   796193.001   796497.003   800023.005
  3725:   800151.009   800545.001   801223.003   801415.005   801974.009
  3730:   802181.001   802682.003   802821.005   803104.009   803309.001
  3735:   804057.003   804174.005   804601.009   804851.001   805576.003
  3740:   805636.001   805725.003   805742.005   806120.009   806123.005
  3745:   806131.009   806310.001   807315.003   807449.005   807793.009
  3750:   808020.001   808958.003   809030.005   809363.009   809526.001
  3755:   810443.003   810477.001   810961.003   811001.005   811426.009
  3760:   811604.001   812380.003   812420.005   812428.009   812433.005
  3765:   812948.009   812960.005   812965.009   813147.001   813445.003
  3770:   813501.001   813548.003   813594.001   814568.003   814587.005
  3775:   814813.009   814820.005   814825.009   814830.005   814841.009
  3780:   814844.005   814854.009   814877.005   815129.009   815131.005
  3785:   815143.009   815149.005   815163.009   815368.001   815438.003
  3790:   815797.001   816547.005   816735.009   816775.003   817051.005
  3795:   817335.009   818576.001   818753.003   818830.005   819156.009
  3800:   819526.001   819908.003   819950.005   820174.009   820186.005
  3805:   820189.009   822870.005   822912.009   822918.005   823303.009
  3810:   825537.005   825640.009   825892.001   826554.003   826673.005
  3815:   827107.009   827313.001   827500.003   827548.001   828475.003
  3820:   828568.005   829153.009   830668.001   831667.003   831721.001
  3825:   832406.003   832441.005   832940.009   832954.005   832982.009
  3830:   832984.005   833032.009   833047.005   833083.009   833367.001
  3835:   833456.003   833768.001   833828.003   833838.001   834006.003
  3840:   834022.001   834081.003   834328.001   834789.003   834842.005
  3845:   835079.009   835135.005   835140.009   835150.005   835169.009
  3850:   835269.005   835278.009   835279.005   835767.009   835772.005
  3855:   835779.009   836375.001   836555.003   836601.001   837075.003
  3860:   837140.005   837525.009   837737.001   838727.003   841439.005
  3865:   841543.009   842226.001   842765.003   842825.005   843257.009
  3870:   847951.005   847974.009   847995.005   848008.009   848052.005
  3875:   848279.009   848361.005   848564.009   875672.005   875866.009
  3880:   875873.005   875878.009   875967.005   876155.009   876170.005
  3885:   876178.009   876213.005   876242.009   876305.005   876315.009
  3890:   876385.005   876388.009   876404.005   876407.009   876721.001
  3895:   877306.003   877343.005   877913.009   877934.005   877946.009
  3900:   878166.001   878785.003   878801.005   879209.009   879564.001
  3905:   880128.003   880145.001   880261.003   880386.001   880416.005
  3910:   880476.003   880833.009   880910.005   880920.009   881066.005
  3915:   881091.009   881153.005   881155.009   881229.005   881236.009
  3920:   881256.005   881597.009   881609.005   881614.009   881994.001
  3925:   882143.003   882209.001   882659.003   882717.005   883065.009
  3930:   883226.001   884103.003   884122.001   884883.003   884928.005
  3935:   885428.009   885430.005   885436.009   885443.005   885450.009
  3940:   885532.005   885807.009   886085.001   886272.003   886589.001
  3945:   887496.003   887545.005   888112.009   888234.005   888404.009
  3950:   888406.005   888413.009   888422.005   888439.009   888473.005
  3955:   888494.009   888528.005   889073.009   889077.005   889087.009
  3960:   904735.005   904739.009   904792.005   905084.009   920736.005
  3965:   920937.009   920943.005   920948.009   920952.005   920986.009
  3970:   921026.005   921032.009   921041.005   921045.009   921084.005
  3975:   921098.009   921491.001   922598.018   922619.005   922621.003
  3980:   922627.016   922677.026   923863.009   923950.005   923966.009
  3985:   923978.005   923986.009   924013.005   924027.009   924060.005
  3990:   924081.009   925257.005   925340.009   925352.005   925385.009
  3995:   925750.001   926553.003   926569.005   927246.009   927252.005
  4000:   927261.009   927277.005   927291.009   927452.005   927461.009
  4005:   927491.005   927499.009   927514.005   927519.009   927526.005
  4010:   927642.009   927674.005   927705.009   927706.005   927718.009
  4015:   927833.005   927844.009   927852.005   927970.009   928307.001
  4020:   929081.005   929105.003   929452.009   929516.005   929523.009
  4025:   929532.005   929544.009   929568.005   929579.009   929617.005
  4030:   929637.009   929642.005   929653.009   929655.005   929947.009
  4035:   929951.005   930379.009   930484.005   930490.009   930494.005
  4040:   930505.009   931105.001   931962.003   932063.005   932438.009
  4045:   932491.005   932669.009   932671.005   932683.009   932908.001
  4050:   934015.018   934372.003   934378.016   934428.026   934507.005
  4055:   935743.009   935928.005   935936.009   935978.005   936099.009
  4060:   936695.001   937252.003   937372.005   937747.009   937802.005
  4065:   937809.009   937822.005   937832.009   937850.005   937860.009
  4070:   937868.005   937882.009   937887.005   938066.009   938156.005
  4075:   938300.009   938828.001   939172.003   939380.005   939619.009
  4080:   939886.001   939997.003   940048.001   940381.003   940590.001
  4085:   940921.003   940949.001   941380.003   941520.005   941834.009
  4090:   942196.001   942316.003   942428.001   943124.003   943182.005
  4095:   943708.009   943731.005   944483.009   945524.001   945734.003
  4100:   946029.005   946366.009   947976.005   947982.009   948247.001
  4105:   948438.003   948482.001   949589.018   949650.003   949656.016
  4110:   949691.005   949706.026   950901.009   951398.001   952144.003
  4115:   952186.005   952851.009   953160.001   954267.018   954318.003
  4120:   954324.016   954334.005   954374.026   955772.009   956359.001
  4125:   956779.003   956872.001   957532.005   957549.003   958240.009
  4130:   958247.005   958256.009   958261.005   958271.009   958304.005
  4135:   958315.009   959247.005   959281.009   959516.005   959525.009
  4140:   959528.005   959660.009   960341.005   960552.009   960564.005
  4145:   960570.009   960770.001   961485.003   961531.005   962030.009
  4150:   962482.001   963218.005   963280.003   963651.009   963739.005
  4155:   963750.009   967634.005   967648.009   967970.005   968333.009
  4160:   968447.005   968632.009   968653.005   969179.009   969241.005
  4165:   969247.009   970043.001   970197.003   970308.001   970956.003
  4170:   971035.005   971250.009   972225.001   973136.003   973174.005
  4175:   973599.009   973604.005   973633.009   973816.001   974791.003
  4180:   974825.005   975228.009   975424.001   976080.003   976130.005
  4185:   976786.009   976803.005   976807.009   976828.005   976833.009
  4190:   976837.005   976842.009   976976.001   977176.003   977245.001
  4195:   977356.003   977393.001   978306.003   978360.005   978775.009
  4200:   978796.005   978807.009   979024.005   979048.009   979320.001
  4205:   980323.003   980398.005   980828.009   981020.001   981205.003
  4210:   981273.001   981899.003   981906.001   982023.003   982055.005
  4215:   982414.009   982416.005   982422.009   982462.005   982716.009
  4220:   982765.005   982780.009   982986.001   983405.003   983419.001
  4225:   983828.003   983883.005   984695.009   984728.005   984746.009
  4230:   984955.001   985052.003   985652.001   986305.003   986375.005
  4235:   986623.009   986629.005   986634.009   986664.005   987028.009
  4240:   988493.001   989061.003   989154.005   989547.009   989568.005
  4245:   989759.009   989770.005   989775.009   989781.005   989786.009
  4250:   989995.001   990123.003   990431.001   990904.003   990908.005
  4255:   991292.009   991500.005   991822.009   991828.005   991848.009
  4260:   991851.005   991865.009   991906.005   991913.009   992128.001
  4265:   992209.003   992227.001   993022.005   993024.003   993625.009
  4270:   993650.005   993659.009   993664.005   993670.009   993712.005
  4275:   993741.009   993750.005   993756.009   993775.005   993781.009
  4280:   994325.001   994349.003   994406.001   994906.003   994914.005
  4285:   995351.009   995593.005   996026.009   996380.001   996521.003
  4290:   996545.001   997005.003   997032.005   997295.009   997890.001
  4295:   998555.005   998588.003   999082.009   999087.005   999094.009
  4300:   999097.005   999104.009   999125.005   999132.009   999141.005
  4305:   999153.009   999165.005   999172.009   999174.005   999181.009
  4310:   999353.001   999543.003   999618.001  1000658.003  1000774.005
  4315:  1001133.009  1001137.005  1001151.009  1001152.005  1001157.009
  4320:  1001169.005  1001173.009  1001401.001  1001607.003  1001692.001
  4325:  1001809.003  1001826.001  1002933.018  1003071.005  1003112.003
  4330:  1003118.016  1003168.026  1004139.009  1004463.001  1004587.003
  4335:  1004613.001  1004708.003  1004735.001  1005165.003  1005314.005
  4340:  1005760.009  1005765.005  1005777.009  1006142.001  1006242.003
  4345:  1006559.001  1007134.003  1007144.005  1007548.009  1007554.005
  4350:  1007559.009  1007742.001  1008040.003  1008077.001  1008504.003
  4355:  1008546.001  1008689.003  1008743.001  1008887.003  1008898.001
  4360:  1008980.003  1009347.005  1009813.009  1010544.001  1010557.003
  4365:  1011047.001  1011327.003  1012132.005  1012328.009  1012813.001
  4370:  1013321.003  1013487.005  1014013.009  1014214.001  1014333.003
  4375:  1015369.001  1015773.003  1015821.005  1016298.009  1016512.001
  4380:  1016671.003  1016850.001  1017940.003  1017993.005  1018342.009
  4385:  1018580.001  1018660.003  1018914.001  1018963.003  1019136.001
  4390:  1019161.003  1019199.001  1019979.003  1020016.005  1020389.009
  4395:  1020951.001  1021956.003  1022040.005  1022473.009  1023404.001
  4400:  1023703.003  1023746.005  1025173.009  1025206.005  1025213.009
  4405:  1025228.005  1025484.009  1025485.005  1025500.009  1025501.005
  4410:  1025508.009  1025510.005  1025719.009  1025770.005  1025776.009
  4415:  1026515.001  1026595.003  1026779.005  1027295.009  1027296.005
  4420:  1027301.009  1027307.005  1027316.009  1027333.005  1027339.009
  4425:  1027347.005  1027363.009  1027449.005  1027458.009  1027476.005
  4430:  1027495.009  1027578.005  1027590.009  1027601.005  1027685.009
  4435:  1027689.005  1027707.009  1027720.005  1027753.009  1027754.005
  4440:  1027798.009  1027810.005  1027821.009  1027823.005  1028335.009
  4445:  1030468.005  1030475.009  1030544.005  1030679.009  1030983.001
  4450:  1031739.003  1031757.005  1032255.009  1032488.001  1033527.003
  4455:  1033548.005  1033891.009  1033910.005  1033912.009  1034083.001
  4460:  1035190.018  1035317.003  1035323.016  1035346.005  1035373.026
  4465:  1036058.009  1036072.005  1036112.009  1036371.001  1036444.003
  4470:  1036607.001  1037393.003  1037527.005  1037887.009  1037942.005
  4475:  1037950.009  1037957.005  1037963.009  1037967.005  1038340.009
  4480:  1039024.001  1039290.003  1039464.005  1039773.009  1041592.005
  4485:  1042026.009  1042219.001  1043192.003  1043262.005  1043786.009
  4490:  1043833.005  1043839.009  1044205.001  1044684.003  1044890.005
  4495:  1045107.009  1045279.001  1046110.003  1046149.005  1046943.009
  4500:  1047136.001  1047232.003  1047445.001  1048552.018  1048950.003
  4505:  1048956.016  1049006.026  1049019.005  1050288.009  1050812.001
  4510:  1051401.003  1051438.005  1051793.009  1051908.005  1052396.009
  4515:  1052649.001  1053589.003  1053684.005  1054195.009  1054387.001
  4520:  1054718.003  1054796.001  1055903.018  1055934.003  1055940.016
  4525:  1055968.005  1055990.026  1056644.009  1056657.005  1056693.009
  4530:  1057148.001  1057948.003  1057956.017  1058077.005  1058354.009
  4535:  1058665.001  1058902.003  1059038.001  1059984.003  1060031.005
  4540:  1060474.009  1060684.001  1061795.018  1062330.003  1062336.016
  4545:  1062342.005  1062386.026  1062389.017  1063596.009  1063604.005
  4550:  1063641.009  1063675.005  1063681.009  1064385.005  1064475.009
  4555:  1064807.001  1064916.003  1065260.001  1065523.003  1065609.005
  4560:  1066131.009  1066460.001  1067661.018  1068166.003  1068172.016
  4565:  1068222.026  1068225.017  1068325.005  1069232.009  1069235.005
  4570:  1069243.009  1070141.001  1070605.003  1070753.005  1071275.009
  4575:  1071583.001  1071845.003  1071963.001  1072597.003  1072638.005
  4580:  1073139.009  1073495.001  1073700.003  1073805.001  1074266.003
  4585:  1074407.005  1074695.009  1074758.005  1075284.009  1075468.001
  4590:  1076587.005  1076593.003  1076935.009  1076946.005  1076992.009
  4595:  1077004.005  1077051.009  1077241.001  1077297.003  1078315.005
  4600:  1078446.009  1078646.001  1079464.003  1079768.001  1080404.003
  4605:  1080433.005  1080811.009  1080820.005  1080825.009  1080900.005
  4610:  1080922.009  1080923.005  1081138.009  1081140.005  1081159.009
  4615:  1081167.005  1081173.009  1081471.001  1081684.003  1082123.001
  4620:  1082280.003  1082311.001  1082732.003  1082845.005  1083245.009
  4625:  1083488.001  1083728.003  1083861.001  1083887.003  1084007.001
  4630:  1084771.003  1084817.005  1085311.009  1085318.005  1085329.009
  4635:  1085330.005  1085339.009  1085357.005  1085367.009  1085436.005
  4640:  1085443.009  1085461.005  1085466.009  1085661.001  1085915.003
  4645:  1086015.001  1086634.003  1086769.005  1087202.009  1088335.005
  4650:  1088377.009  1088408.005  1088421.009  1088440.005  1088444.009
  4655:  1088451.005  1088456.009  1088845.001  1089547.005  1089729.003
  4660:  1090419.009  1090422.005  1090430.009  1090434.005  1090439.009
  4665:  1090452.005  1090458.009  1090522.005  1090710.009  1090915.001
  4670:  1091312.003  1091343.001  1091897.003  1091919.005  1092447.009
  4675:  1092457.005  1092464.009  1092469.005  1092474.009  1092481.005
  4680:  1092494.009  1092508.005  1092518.009  1092535.005  1092543.009
  4685:  1092573.005  1092580.009  1092600.005  1092610.009  1092613.005
  4690:  1092915.009  1092917.005  1092925.009  1092952.005  1092967.009
  4695:  1093217.001  1093467.003  1093516.001  1093724.003  1093834.001
  4700:  1094148.003  1094321.005  1094739.009  1095112.001  1095195.003
  4705:  1095261.001  1095358.003  1095401.001  1095681.003  1096016.001
  4710:  1096362.003  1096642.005  1096644.009  1096700.005  1097073.009
  4715:  1097866.001  1098498.003  1098594.005  1098934.009  1098937.005
  4720:  1098944.009  1098948.005  1098976.009  1098990.005  1099026.009
  4725:  1099193.005  1099198.009  1099208.005  1099213.009  1099225.005
  4730:  1099430.009  1099432.005  1099453.009  1099466.005  1099471.009
  4735:  1099536.005  1099542.009  1099544.005  1099552.009  1099560.005
  4740:  1099881.009  1099928.005  1099933.009  1100134.001  1100886.005
  4745:  1101118.003  1101422.009  1101425.005  1101433.009  1101439.005
  4750:  1101465.009  1101488.005  1101503.009  1101532.005  1101542.009
  4755:  1101550.005  1101553.009  1101842.001  1102956.003  1103135.005
  4760:  1103383.009  1103538.001  1103742.003  1104089.001  1104946.005
  4765:  1104947.003  1105887.009  1105891.005  1105894.009  1105905.005
  4770:  1105920.009  1105924.005  1105931.009  1105963.005  1106077.009
  4775:  1106122.005  1106249.009  1106502.001  1107059.005  1107135.003
  4780:  1107415.009  1107846.001  1108728.003  1108732.001  1108898.003
  4785:  1108932.005  1109214.009  1109285.005  1109289.009  1109384.005
  4790:  1109405.009  1109406.005  1109414.009  1109437.005  1109443.009
  4795:  1109455.005  1109462.009  1111923.005  1111992.009  1112243.001
  4800:  1112749.003  1114527.005  1114923.009  1114927.005  1114940.009
  4805:  1115018.005  1115022.009  1115337.001  1115551.003  1116452.005
  4810:  1116729.009  1116995.001  1117343.003  1117471.005  1117842.009
  4815:  1118036.001  1118304.003  1118348.001  1118860.003  1118902.005
  4820:  1119168.009  1119347.001  1120486.003  1120500.005  1121277.009
  4825:  1121581.001  1121888.003  1121902.001  1122448.003  1122462.005
  4830:  1122703.009  1122709.005  1122714.009  1122732.005  1122737.009
  4835:  1122783.005  1123089.009  1123277.001  1124335.003  1124512.005
  4840:  1124721.009  1125219.001  1125663.003  1125709.001  1126158.003
  4845:  1126222.001  1126651.003  1126708.005  1127015.009  1127810.001
  4850:  1128358.003  1128385.001  1128433.003  1128456.001  1129047.005
  4855:  1129083.003  1129538.009  1129545.005  1129555.009  1156294.005
  4860:  1156746.009  1156747.005  1156757.009  1156760.005  1156764.009
  4865:  1156770.005  1156778.009  1164110.005  1164129.009  1164139.005
  4870:  1164331.009  1167633.001  1167837.003  1168092.005  1168331.009
  4875:  1168511.001  1169014.003  1169147.005  1169689.009  1169696.005
  4880:  1169707.009  1169714.005  1169732.009  1169740.005  1169745.009
  4885:  1169929.001  1170500.003  1170551.005  1171149.009  1171506.001
  4890:  1171597.003  1171693.001  1172529.003  1172574.005  1172950.009
  4895:  1173015.005  1173026.009  1173245.001  1173500.003  1173546.001
  4900:  1174813.018  1174850.003  1174856.016  1174868.001  1174906.026
  4905:  1175005.003  1175140.005  1176251.009  1176401.005  1176427.009
  4910:  1176563.005  1176574.009  1176588.005  1176598.009  1176605.005
  4915:  1176618.009  1176648.005  1176660.009  1178104.001  1178308.003
  4920:  1178447.001  1179248.003  1179419.005  1180179.009  1180451.001
  4925:  1180672.003  1180773.001  1180973.003  1180995.001  1181556.003
  4930:  1181596.005  1182059.009  1182314.001  1182361.003  1182380.001
  4935:  1183218.003  1183700.005  1184202.009  1184463.001  1185478.003
  4940:  1185519.005  1185952.009  1186005.005  1186011.009  1186016.005
  4945:  1186021.009  1186051.005  1186056.009  1186065.005  1186117.009
  4950:  1186356.001  1187623.018  1187632.003  1187638.016  1187651.005
  4955:  1187688.026  1188639.009  1188659.005  1188692.009  1188714.005
  4960:  1188749.009  1188853.005  1188860.009  1188866.005  1188876.009
  4965:  1189296.005  1189346.009  1189922.001  1190598.003  1190639.005
  4970:  1190853.009  1190854.005  1191069.009  1191072.005  1191087.009
  4975:  1191508.005  1191514.009  1191749.001  1193016.018  1193080.003
  4980:  1193086.016  1193116.005  1193136.026  1194459.009  1194607.005
  4985:  1194625.009  1195902.001  1196022.003  1196272.005  1196612.009
  4990:  1197959.005  1198040.009  1198058.005  1198296.009  1198549.001
  4995:  1199611.005  1199723.003  1200259.009  1200523.001  1201521.003
  5000:  1201586.005  1201777.009  1202388.001  1203354.005  1203373.003
  5005:  1203893.009  1204150.001  1205417.018  1205715.003  1205721.016
  5010:  1205758.005  1205771.026  1207463.009  1207466.005  1207679.009
  5015:  1208000.001  1209057.003  1209096.005  1209576.009  1210104.001
  5020:  1211100.003  1211124.005  1211549.009  1211554.005  1211592.009
  5025:  1211617.005  1211687.009  1211695.005  1212194.009  1212429.001
  5030:  1213545.003  1213577.005  1213994.009  1214278.001  1215095.003
  5035:  1215160.005  1215556.009  1215558.005  1215578.009  1215588.005
  5040:  1215601.009  1215609.005  1215615.009  1215998.001  1216291.003
  5045:  1216540.001  1216721.003  1216783.001  1216818.003  1216865.001
  5050:  1216943.003  1216985.001  1217819.003  1217868.005  1218336.009
  5055:  1218344.005  1218366.009  1218391.005  1218517.009  1218526.005
  5060:  1218530.009  1218897.001  1219756.003  1219757.005  1220196.009
  5065:  1220208.005  1220214.009  1220215.005  1220236.009  1220265.005
  5070:  1220296.009  1220301.005  1220570.009  1220809.001  1220882.003
  5075:  1220973.001  1222094.003  1222139.005  1222558.009  1222958.001
  5080:  1223119.003  1223161.001  1223203.003  1223235.001  1223258.003
  5085:  1223298.001  1223485.003  1223570.001  1224513.005  1224528.003
  5090:  1224889.009  1225124.001  1225223.003  1225534.001  1226801.018
  5095:  1227045.003  1227051.016  1227099.005  1227101.026  1228237.009
  5100:  1229184.001  1229287.003  1229349.001  1229559.003  1229796.005
  5105:  1230421.009  1230484.005  1230487.009  1231634.005  1231637.009
  5110:  1231695.005  1231776.009  1232253.001  1232569.003  1232958.005
  5115:  1233127.009  1233343.001  1234226.003  1234260.005  1235055.009
  5120:  1235765.001  1236523.003  1236539.005  1237131.009  1237133.005
  5125:  1237144.009  1237166.005  1237174.009  1237184.005  1237195.009
  5130:  1237200.005  1237207.009  1237687.001  1237834.003  1238052.005
  5135:  1238268.009  1238331.005  1238338.009  1238350.005  1238371.009
  5140:  1241686.005  1241955.009  1241987.005  1241992.009  1241999.005
  5145:  1242005.009  1243580.001  1244690.003  1244703.005  1245474.009
  5150:  1245979.001  1246826.005  1246834.003  1247307.009  1247530.001
  5155:  1247611.003  1247947.001  1248941.003  1248961.005  1249309.009
  5160:  1249543.001  1250452.003  1250475.005  1250932.009  1251177.001
  5165:  1251453.003  1251540.001  1252670.003  1252740.005  1252978.009
  5170:  1253048.005  1253069.009  1253088.005  1253102.009  1253141.005
  5175:  1253187.009  1253198.005  1253464.009  1253703.001  1254153.003
  5180:  1254814.001  1255209.003  1255227.005  1255599.009  1255667.005
  5185:  1255672.009  1255988.001  1256311.003  1256332.001  1257599.018
  5190:  1257643.003  1257649.016  1257678.005  1257699.026  1258576.009
  5195:  1258597.005  1258607.009  1259093.005  1259098.009  1259443.005
  5200:  1259455.009  1259495.005  1259501.009  1259812.001  1260511.003
  5205:  1260552.005  1260964.009  1261257.001  1261718.003  1261731.001
  5210:  1262378.003  1262379.005  1262669.009  1262674.005  1262682.009
  5215:  1262726.005  1262732.009  1262979.001  1263876.003  1263908.005
  5220:  1264121.009  1264136.005  1264232.009  1264295.005  1264304.009
  5225:  1264324.005  1264350.009  1264373.005  1264393.009  1264788.001
  5230:  1264814.003  1265194.001  1266420.003  1266426.005  1267190.009
  5235:  1267192.005  1267679.009  1267683.005  1267688.009  1267696.005
  5240:  1267727.009  1267760.005  1267767.009  1267797.005  1268152.009
  5245:  1268198.005  1268204.009  1268214.005  1268219.009  1272968.005
  5250:  1273303.009  1273329.005  1273337.009  1273679.001  1274156.003
  5255:  1274228.005  1274626.009  1274878.001  1274978.003  1275049.001
  5260:  1275385.003  1275591.005  1275803.009  1276026.001  1276045.003
  5265:  1276167.001  1276650.003  1276656.001  1277114.003  1277115.005
  5270:  1277609.009  1277615.005  1277620.009  1277628.005  1277639.009
  5275:  1278092.005  1278255.009  1278292.005  1278468.009  1278880.001
  5280:  1279672.003  1279681.001  1279736.003  1280781.001  1280851.003
  5285:  1281531.005  1281755.009  1281758.005  1281765.009  1282077.001
  5290:  1283238.003  1283256.001  1283600.003  1283708.005  1284120.009
  5295:  1284499.001  1284640.003  1284679.001  1284741.003  1284850.001
  5300:  1285504.003  1285511.001  1285678.003  1285738.005  1286010.009
  5305:  1286012.005  1286028.009  1286035.005  1286043.009  1286052.005
  5310:  1286076.009  1286433.001  1286515.003  1286729.001  1286915.003
  5315:  1287245.001  1287854.003  1287866.001  1287933.003  1288059.005
  5320:  1288720.009  1288729.005  1288734.009  1289107.001  1289753.003
  5325:  1289820.001  1290286.003  1290532.001  1291090.003  1291198.005
  5330:  1291896.009  1292125.001  1292240.003  1293438.005  1293824.009
  5335:  1294068.001  1294874.003  1295074.001  1295939.003  1296057.005
  5340:  1296440.009  1296451.005  1296455.009  1296794.001  1296831.003
  5345:  1297130.001  1297728.003  1297804.005  1298278.009  1298321.005
  5350:  1298326.009  1298333.005  1298344.009  1298712.001  1298829.003
  5355:  1299007.001  1300274.018  1300279.003  1300285.001  1300285.016
  5360:  1300335.026  1300402.003  1300458.005  1300467.009  1300483.005
  5365:  1301493.009  1301496.005  1301512.009  1303307.005  1303333.009
  5370:  1303334.005  1303367.009  1303742.001  1304253.003  1304654.005
  5375:  1305030.009  1305280.001  1306063.003  1306103.001  1306777.003
  5380:  1306921.005  1307186.009  1307431.001  1307541.003  1307640.001
  5385:  1308400.003  1308419.001  1308610.003  1308665.005  1308960.009
  5390:  1309730.001  1309766.003  1309868.001  1310709.003  1310723.001
  5395:  1311921.003  1311957.005  1312391.009  1313485.001  1314752.018
  5400:  1315171.003  1315177.016  1315227.026  1315359.005  1315981.009
  5405:  1317503.005  1317764.009  1319002.001  1319586.003  1319865.005
  5410:  1320063.009  1320075.005  1320108.009  1320382.001  1320440.003
  5415:  1320591.001  1320698.003  1320868.001  1321708.005  1321717.003
  5420:  1322384.009  1322596.001  1322738.003  1323020.001  1323076.003
  5425:  1323096.001  1323383.003  1323412.001  1323946.005  1323975.003
  5430:  1324355.009  1324571.001  1324991.003  1325025.001  1325898.003
  5435:  1325968.005  1326172.009  1326173.005  1326182.009  1326193.005
  5440:  1326255.009  1326477.001  1326740.003  1327020.001  1328287.018
  5445:  1328869.003  1328875.016  1328886.005  1328925.026  1329658.009
  5450:  1330934.001  1331297.003  1331331.001  1332598.018  1332648.003
  5455:  1332654.016  1332664.005  1332704.026  1333725.009  1333739.005
  5460:  1333750.009  1333772.005  1333783.009  1333793.005  1333803.009
  5465:  1333910.005  1333916.009  1337542.005  1337545.009  1337546.005
  5470:  1337727.009  1337731.005  1337739.009  1337768.005  1337776.009
  5475:  1338042.001  1338605.003  1338713.005  1339105.009  1339336.001
  5480:  1339497.003  1339660.001  1339691.003  1339737.001  1340190.003
  5485:  1340199.001  1340624.003  1340830.005  1341075.009  1341303.001
  5490:  1341468.003  1341719.001  1342778.003  1342824.005  1343284.009
  5495:  1343574.001  1343654.003  1344133.001  1344154.003  1344177.001
  5500:  1344957.003  1344957.005  1345298.009  1345883.005  1345920.009
  5505:  1346262.001  1347529.018  1347572.003  1347578.016  1347603.005
  5510:  1347628.026  1348674.009  1349417.001  1349869.005  1349911.003
  5515:  1350243.009  1350363.005  1350484.009  1350496.005  1350818.009
  5520:  1350827.005  1350830.009  1351252.001  1351363.003  1351382.001
  5525:  1352002.003  1352232.005  1352497.009  1352782.001  1353939.005
  5530:  1353955.003  1354558.009  1354814.001  1355259.003  1355312.001
  5535:  1355989.003  1356127.005  1356390.009  1356393.005  1356400.009
  5540:  1356408.005  1356422.009  1356424.005  1356557.009  1356560.005
  5545:  1356565.009  1356570.005  1356598.009  1356620.005  1356651.009
  5550:  1356667.005  1356767.009  1357035.001  1357901.003  1358444.005
  5555:  1358836.009  1359228.001  1359458.003  1359706.005  1359903.009
  5560:  1361290.001  1361786.003  1361816.005  1362221.009  1362476.001
  5565:  1363743.018  1364532.003  1364538.016  1364551.005  1364588.026
  5570:  1365697.009  1366114.005  1366120.009  1366122.005  1366281.009
  5575:  1366944.001  1367780.003  1367817.005  1368317.009  1368414.005
  5580:  1368770.009  1368960.001  1369379.003  1369561.005  1369741.009
  5585:  1369841.005  1370030.009  1370457.001  1371047.003  1371185.005
  5590:  1371432.009  1371632.001  1372899.018  1373095.003  1373101.016
  5595:  1373118.005  1373151.026  1373956.009  1373969.005  1374045.009
  5600:  1374046.005  1374064.009  1374186.005  1374188.009  1374652.001
  5605:  1374793.003  1375023.001  1375177.003  1375307.001  1375430.003
  5610:  1375487.001  1376328.003  1376375.005  1376671.009  1376704.005
  5615:  1376721.009  1376741.005  1376823.009  1377143.001  1377248.003
  5620:  1377265.001  1377355.003  1377650.001  1378766.005  1378775.003
  5625:  1379533.009  1379534.005  1379548.009  1379562.005  1379589.009
  5630:  1379597.005  1379606.009  1380179.001  1380816.003  1380829.001
  5635:  1381321.003  1381325.005  1381569.009  1382124.001  1383391.018
  5640:  1383858.003  1383864.016  1383904.005  1383914.026  1384833.009
  5645:  1384842.005  1384900.009  1384916.005  1384918.009  1384927.005
  5650:  1384940.009  1385670.001  1386875.003  1386883.017  1386895.001
  5655:  1387098.003  1387157.005  1387474.009  1387497.005  1387514.009
  5660:  1387986.001  1388293.003  1388462.001  1388884.003  1389031.005
  5665:  1390040.009  1390107.005  1390151.009  1390562.001  1390922.003
  5670:  1391158.005  1391431.009  1391619.001  1392605.003  1392647.005
  5675:  1393005.009  1393546.001  1394569.005  1394607.003  1394969.009
  5680:  1394971.005  1394978.009  1394988.005  1394993.009  1395017.005
  5685:  1395023.009  1395102.005  1395107.009  1395405.001  1395607.003
  5690:  1395661.001  1396016.003  1396038.001  1396502.003  1397237.001
  5695:  1397851.003  1397965.001  1399142.003  1399160.001  1399218.003
  5700:  1399479.005  1399998.009  1400237.001  1400271.003  1401298.005
  5705:  1401658.009  1402237.001  1402655.003  1402757.001  1402904.003
  5710:  1402915.001  1403601.003  1403757.005  1404011.009  1404017.005
  5715:  1404027.009  1404031.005  1404085.009  1404305.001  1404365.003
  5720:  1404384.001  1404548.003  1404565.001  1404729.003  1404756.001
  5725:  1405244.003  1405302.005  1405614.009  1405615.005  1405649.009
  5730:  1405850.001  1405957.003  1405983.001  1406079.003  1406082.001
  5735:  1407066.003  1407154.005  1407631.009  1407817.001  1407981.003
  5740:  1408111.001  1408634.003  1408677.001  1409214.003  1409387.005
  5745:  1409706.009  1409877.001  1411084.003  1411132.005  1412049.009
  5750:  1412833.001  1414112.018  1414266.003  1414272.016  1414322.026
  5755:  1414338.001  1414968.003  1414999.005  1415469.009  1415910.001
  5760:  1417189.018  1417381.003  1417387.016  1417437.026  1417497.005
  5765:  1418148.009  1418691.005  1418891.009  1419336.001  1419831.005
  5770:  1419871.003  1420140.009  1421075.001  1421399.003  1421616.005
  5775:  1421849.009  1422105.001  1423384.018  1423468.003  1423474.016
  5780:  1423486.001  1423522.003  1423524.026  1423569.001  1423874.003
  5785:  1424135.005  1425340.009  1425346.005  1425656.009  1428173.001
  5790:  1429030.005  1429031.003  1429543.009  1429559.005  1429746.009
  5795:  1429800.005  1429804.009  1430145.001  1431221.005  1431316.003
  5800:  1431606.009  1431804.001  1431913.003  1431975.001  1433204.003
  5805:  1433264.001  1433422.005  1433426.003  1434438.009  1434458.005
  5810:  1434475.009  1434939.001  1435078.003  1435101.001  1435792.003
  5815:  1435797.005  1435983.009  1436425.001  1437463.005  1437475.003
  5820:  1437880.009  1437883.005  1437912.009  1437957.005  1437977.009
  5825:  1440840.005  1441091.009  1441092.005  1441099.009  1441496.001
  5830:  1441734.003  1441755.005  1442314.009  1442534.001  1443653.003
  5835:  1443688.005  1443892.009  1443898.005  1443918.009  1443957.005
  5840:  1444078.009  1444126.005  1444135.009  1444153.005  1444177.009
  5845:  1444211.005  1444227.009  1444285.005  1444305.009  1444531.001
  5850:  1444688.003  1444748.001  1445179.003  1445197.001  1445809.003
  5855:  1445868.005  1446182.009  1446459.001  1446840.003  1447395.005
  5860:  1447571.009  1447809.001  1448596.003  1448626.001  1449350.003
  5865:  1449515.005  1449788.009  1450251.001  1450397.003  1450431.001
  5870:  1450923.005  1450973.003  1451403.009  1451593.001  1452872.018
  5875:  1453205.003  1453211.016  1453222.005  1453261.026  1454000.009
  5880:  1454723.001  1455080.003  1455426.001  1455630.003  1455770.005
  5885:  1456254.009  1456300.005  1456353.009  1456358.005  1456380.009
  5890:  1456385.005  1456390.009  1456400.005  1456403.009  1456421.005
  5895:  1456436.009  1457717.001  1457834.003  1458127.001  1458808.003
  5900:  1458883.005  1459364.009  1459668.001  1460647.003  1460664.005
  5905:  1460902.009  1460907.005  1460912.009  1460947.005  1460955.009
  5910:  1460966.005  1460978.009  1460985.005  1461383.009  1461565.001
  5915:  1462626.003  1462673.005  1462860.009  1462862.005  1462868.009
  5920:  1462870.005  1462876.009  1463073.001  1463933.003  1463972.001
  5925:  1464545.003  1464668.005  1465175.009  1465506.005  1465707.009
  5930:  1469558.005  1469818.009  1472728.005  1472852.009  1472879.005
  5935:  1472893.009  1473125.001  1473344.003  1473446.005  1473715.009
  5940:  1473899.001  1474381.003  1474506.005  1474799.009  1475308.001
  5945:  1476239.003  1476360.005  1476630.009  1477146.001  1477384.003
  5950:  1477583.005  1477592.009  1477615.005  1477793.009  1478956.005
  5955:  1479058.009  1479440.001  1479655.003  1479751.005  1479967.009
  5960:  1480216.001  1481122.005  1481132.003  1481393.009  1481784.001
  5965:  1482082.003  1482117.001  1482167.003  1482569.001  1482790.003
  5970:  1482896.005  1483328.009  1484188.001  1484235.003  1484410.005
  5975:  1484703.009  1484715.005  1484721.009  1484731.005  1484736.009
  5980:  1492022.005  1492069.009  1492128.005  1492133.009  1492260.001
  5985:  1492613.003  1492770.005  1492959.009  1496878.005  1497037.009
  5990:  1498615.001  1498664.003  1499226.005  1499435.009  1499471.005
  5995:  1499475.009
B:
     0:        0.000      932.000        0.000      932.000        0.000
     5:     1915.000        0.000        0.000        0.000     1915.000
    10:        0.000        1.000        0.000        1.000        0.000
    15:        0.000       82.000       54.000       82.000        0.000
    20:        0.000        0.000        0.000        0.000        0.000
    25:        0.000       82.000        0.000        0.000        0.000
    30:        0.000
D:
     0:  3632372.000  3632324.000  3632373.000
E:
     0:      250.000     1278.694
P:
     0:        0.000      186.000      197.000      355.000       31.000
     5:      235.000      273.000      137.000      119.000       61.000
    10:      173.000      106.000      161.000      210.000       53.000
    15:      260.000      213.000      116.000      104.000      204.000
    20:      247.000      307.000       94.000      119.000      153.000
    25:      113.000      516.000      241.000      668.000      182.000
    30:      246.000      117.000       45.000       71.000      203.000
    35:      129.000      134.000      202.000       56.000      168.000
    40:      268.000       34.000      506.000       49.000       53.000
    45:      119.000      182.000      135.000       96.000      199.000
    50:      142.000       54.000      234.000      317.000      651.000
    55:      155.000      308.000      222.000       60.000       48.000
    60:      279.000       99.000      246.000       51.000      169.000
    65:       83.000       40.000      100.000      249.000      257.000
    70:      494.000      141.000      142.000       19.000      372.000
    75:      136.000      244.000      327.000      284.000      403.000
    80:      152.000       24.000      272.000      289.000      156.000
    85:       77.000      160.000      318.000      143.000      219.000
    90:      398.000      178.000      140.000      140.000      127.000
    95:      292.000       94.000      402.000       52.000       16.000
   100:      182.000      302.000       77.000      642.000      156.000
   105:      488.000      281.000      397.000      160.000      496.000
   110:      251.000      257.000      130.000      351.000      230.000
   115:      134.000       98.000      361.000       97.000      541.000
   120:      227.000      411.000      293.000      154.000      163.000
   125:       25.000      127.000      253.000       19.000      104.000
   130:      148.000      525.000      131.000      271.000      180.000
   135:      290.000      206.000       26.000      332.000      495.000
   140:      182.000      240.000      366.000       88.000      385.000
   145:      186.000      313.000       97.000      384.000      213.000
   150:       41.000      247.000      169.000      414.000      376.000
   155:      742.000     1191.000      333.000      115.000      134.000
   160:       67.000      144.000      640.000       89.000      419.000
   165:      191.000       98.000      132.000      205.000      397.000
   170:       84.000      409.000      318.000      201.000      231.000
   175:       73.000      448.000      277.000      301.000      281.000
   180:      348.000       64.000      156.000      253.000      219.000
   185:      586.000       69.000       91.000       70.000      177.000
   190:      153.000      150.000      254.000      506.000      149.000
   195:      492.000       68.000      411.000      387.000      113.000
   200:       30.000      138.000      685.000       50.000      547.000
   205:      544.000      146.000       47.000      370.000      438.000
   210:      800.000      693.000       90.000       94.000      160.000
   215:      225.000      502.000      200.000       88.000      613.000
   220:      149.000      314.000      744.000       73.000      228.000
   225:      121.000      188.000      168.000      276.000      219.000
   230:      102.000      572.000      630.000      265.000      177.000
   235:      100.000      238.000      345.000      181.000      578.000
   240:      833.000      404.000       61.000      529.000      712.000
   245:      219.000      198.000      666.000      211.000      263.000
   250:      584.000      752.000      566.000      171.000      457.000
   255:      730.000      220.000      310.000      516.000      568.000
   260:      843.000      236.000      186.000      172.000      316.000
   265:      199.000      546.000      533.000      620.000      184.000
   270:      244.000      876.000      101.000      177.000      435.000
   275:      195.000      594.000      272.000      415.000      451.000
   280:      544.000      311.000      182.000      725.000      129.000
   285:      229.000      169.000      437.000      421.000     1253.000
   290:      246.000      277.000      504.000       84.000     1049.000
   295:      852.000      319.000      386.000      229.000      627.000
   300:      734.000      304.000      149.000      156.000     1350.000
   305:      610.000      591.000      486.000      751.000       56.000
   310:     1569.000      362.000       54.000       80.000      268.000
   315:      395.000      255.000      336.000       67.000      134.000
   320:       71.000      182.000      406.000      654.000      375.000
   325:      471.000      170.000      237.000      282.000      217.000
   330:      476.000       68.000      153.000      166.000      185.000
   335:      275.000      875.000      248.000      256.000      274.000
   340:     2748.000      161.000      650.000     1007.000      165.000
   345:       72.000      514.000      226.000      257.000       52.000
   350:       47.000      410.000      158.000      731.000      217.000
   355:      412.000      299.000     1135.000      141.000      476.000
   360:     1162.000      117.000       15.000      574.000      547.000
   365:      737.000      245.000      467.000      155.000      451.000
   370:      369.000      619.000     1655.000      166.000       32.000
   375:      522.000      695.000      130.000     1361.000      264.000
   380:      276.000      227.000      270.000      839.000       64.000
   385:      374.000      980.000      360.000      448.000      115.000
   390:     1015.000       43.000       32.000      122.000      329.000
   395:      437.000     1655.000      579.000      932.000      105.000
   400:      411.000      156.000      406.000      307.000      365.000
   405:      515.000      300.000      144.000      796.000      409.000
   410:      742.000     1754.000      107.000      195.000       65.000
   415:      122.000      697.000      550.000      291.000      984.000
   420:      387.000      532.000      152.000     1483.000      718.000
   425:      292.000      536.000      735.000      439.000      987.000
   430:      888.000      109.000     1029.000      286.000      891.000
   435:      461.000      549.000      360.000      242.000     1106.000
   440:      724.000      165.000       37.000      869.000      342.000
   445:      189.000     1048.000      739.000      585.000     1239.000
   450:      232.000      352.000      359.000      993.000      856.000
   455:      528.000      573.000      166.000      929.000      937.000
   460:      109.000      744.000     1176.000      246.000      737.000
   465:       59.000      724.000     1060.000      917.000      607.000
   470:      100.000       79.000       69.000      756.000      840.000
   475:      738.000      557.000      249.000      432.000       33.000
   480:      688.000      355.000      303.000      109.000      632.000
   485:     1106.000      216.000      252.000      211.000      309.000
   490:     1680.000      367.000      357.000      429.000      737.000
   495:      153.000      396.000      135.000      444.000      183.000
   500:     1175.000     1424.000      651.000      675.000      538.000
   505:      364.000      677.000      889.000      113.000       91.000
   510:      347.000      304.000      678.000      501.000      748.000
   515:      725.000       89.000     1005.000      938.000      917.000
   520:      484.000      776.000      298.000       47.000      974.000
   525:       70.000      978.000      177.000      382.000      662.000
   530:      187.000      927.000      999.000      685.000       89.000
   535:       60.000      168.000       59.000      461.000      180.000
   540:      474.000      990.000      539.000      585.000      619.000
   545:      564.000      116.000       90.000      149.000      450.000
   550:      877.000      761.000      187.000      907.000     1130.000
   555:      803.000      798.000      857.000     1464.000      557.000
   560:      344.000      111.000      333.000      331.000      431.000
   565:      120.000      696.000      210.000      191.000     1168.000
   570:      746.000     1158.000      420.000      677.000      715.000
   575:      798.000      154.000      648.000      911.000      975.000
   580:      656.000      200.000      111.000      913.000     1003.000
   585:      185.000      626.000      115.000      419.000      409.000
   590:       97.000      653.000      568.000      128.000      473.000
   595:       81.000      797.000       24.000      500.000      141.000
   600:      460.000      698.000      190.000     1040.000      206.000
   605:      117.000     1286.000      124.000       95.000      430.000
   610:      100.000      575.000      298.000      427.000      143.000
   615:      144.000       82.000       13.000      280.000      508.000
   620:      119.000      404.000      159.000     1090.000       80.000
   625:       49.000       25.000      780.000     1005.000      299.000
   630:       80.000      756.000     1039.000     1234.000       73.000
   635:      786.000      266.000      973.000      479.000      831.000
   640:       96.000     1505.000      589.000      940.000      331.000
   645:     1138.000      800.000      237.000      946.000     1646.000
   650:      109.000      263.000     1706.000      464.000      262.000
   655:      634.000      205.000      461.000     1125.000       56.000
   660:      818.000      636.000      213.000      157.000      421.000
   665:      240.000       26.000      764.000      254.000      619.000
   670:      884.000      397.000      554.000      250.000      208.000
   675:      314.000       83.000       97.000      280.000      346.000
   680:      632.000      984.000     1114.000      204.000      858.000
   685:      633.000      882.000      161.000      506.000      214.000
   690:      348.000      268.000      512.000     1139.000      307.000
   695:      546.000     1058.000      444.000      449.000      429.000
   700:      548.000       48.000      627.000      204.000      503.000
   705:      571.000       91.000      836.000      255.000     1304.000
   710:       95.000      204.000      801.000      221.000      200.000
   715:      561.000       47.000      838.000     1015.000     1276.000
   720:      676.000     1331.000      120.000     1174.000      998.000
   725:      985.000     1565.000     1057.000      996.000     1116.000
   730:      817.000      293.000      181.000       35.000       78.000
   735:      834.000      859.000       73.000     1121.000      161.000
   740:       42.000       23.000      187.000      958.000       99.000
   745:     1511.000      103.000      210.000      316.000      883.000
   750:      758.000      147.000     1110.000      855.000       81.000
   755:      994.000      909.000      276.000     1130.000      450.000
   760:      395.000      323.000     1311.000      699.000      461.000
   765:      647.000      897.000       26.000     1226.000      477.000
   770:      100.000      336.000       19.000      483.000      455.000
   775:      792.000       55.000       70.000     1161.000      344.000
   780:      141.000       62.000      654.000      165.000       82.000
   785:      186.000      609.000       67.000      646.000      466.000
   790:      558.000      115.000      806.000      865.000       37.000
   795:      598.000      117.000     1272.000       63.000      511.000
   800:      783.000      674.000      110.000      760.000      191.000
   805:       36.000      841.000     1198.000     1686.000      584.000
   810:       58.000      107.000      849.000      142.000       56.000
   815:      287.000      563.000      420.000      873.000      263.000
   820:     1849.000      363.000     1317.000      563.000      161.000
   825:       31.000      453.000      425.000      165.000     1059.000
   830:       80.000       21.000      780.000     1310.000      494.000
   835:      111.000      620.000     1173.000      445.000      677.000
   840:      866.000      230.000      496.000     2056.000      836.000
   845:      419.000      590.000     1463.000      141.000      154.000
   850:      123.000      841.000      105.000       90.000     1125.000
   855:      637.000      492.000     1734.000     1205.000      203.000
   860:      307.000      422.000      360.000      986.000     1061.000
   865:      202.000      355.000      464.000      614.000     1177.000
   870:       58.000       34.000      418.000      147.000      686.000
   875:       60.000      164.000      164.000      488.000      107.000
   880:       96.000      978.000      164.000      523.000      537.000
   885:     1207.000     1433.000      630.000     1471.000      535.000
   890:      324.000     1363.000        0.000      305.000      858.000
   895:     1171.000      109.000     1229.000      162.000      139.000
   900:      691.000     1050.000      238.000     1119.000      157.000
   905:      431.000      612.000      381.000      787.000      724.000
   910:      146.000      542.000     1612.000      357.000      204.000
   915:      117.000      681.000      979.000     1061.000      860.000
   920:      573.000      219.000      482.000      931.000      238.000
   925:      215.000      916.000      298.000       50.000      221.000
   930:       47.000      353.000       49.000
R:
     0:        1.000   117891.103        0.000
T:
     0:        0.000        0.000        0.000        0.000
W:
     0:        0.000        0.000        0.000
