File: C:\MED-PC IV\Data\Reyes\BB\BB1108.999


Start Date: 06/29/25
End Date: 06/29/25
Subject: 108
Experiment: BB
Group: TIMEOUT
Box: 4
Start Time: 16:12:54
End Time: 17:12:00
MSN: DRRD_random_timeout_retract
C:       0.000
F:       0.000
G:       0.000
H:       0.000
I:       0.000
J:       0.000
K:     500.000
L:       0.000
M:       0.000
N:     800.000
O:       0.000
Q:       0.000
R:       0.000
S:       0.000
U:   42856.000
V:       0.000
X:    2000.000
Y:    6844.000
Z:       0.000
A:
     0:     1021.005     1138.009     1142.005     1248.009     1735.005
     5:     2009.009    13373.005    13397.009    13405.005    13569.009
    10:    13891.005    14068.009    14184.005    14307.009    15000.013
    15:    15000.011    15160.005    15344.009    15482.005    15615.009
    20:    16410.005    16636.009    17608.005    17860.009    17893.005
    25:    18020.009    18042.005    18055.009    18145.005    18251.009
    30:    19152.001    19346.003    19351.023    19351.021    19622.005
    35:    20187.009    21164.005    21352.013    21352.011    21846.009
    40:    22150.005    22298.009    23371.005    23814.009    24087.001
    45:    24300.003    24305.023    24305.021    24712.005    25202.009
    50:    25332.005    25359.009    25406.013    25406.011    25490.005
    55:    25686.009    26112.001    26158.003    26163.023    26163.021
    60:    26336.005    26579.009    27464.013    27464.011    28046.001
    65:    28149.003    28154.023    28154.021    28324.005    28581.009
    70:    28591.005    28614.009    29555.013    29555.011    29753.001
    75:    29825.003    29830.023    29830.021    31191.005    31431.013
    80:    31431.011    31479.009    31495.005    31515.009    34074.001
    85:    34187.003    34192.023    34192.021    34382.005    34785.009
    90:    35193.013    35193.011    35322.001    35434.003    35439.023
    95:    35439.021    35624.005    35946.009    36940.013    36940.011
   100:    37926.001    38010.003    38015.023    38015.021    38421.005
   105:    38856.009    39716.013    39716.011    40152.001    40402.018
   110:    40422.003    40428.016    40478.026    40546.001    40796.018
   115:    41290.003    41296.016    41346.026    41930.005    42652.009
   120:    43860.001    44110.018    44352.003    44358.016    44408.026
   125:    44410.017    44688.005    45012.009    45077.005    45080.009
   130:    45724.001    45964.003    45969.023    45969.021    46321.005
   135:    46681.009    46730.005    46752.009    46756.005    46847.009
   140:    46921.005    47065.009    47170.013    47170.011    47373.001
   145:    47543.003    47548.023    47548.021    48071.005    48451.009
   150:    49449.013    49449.011    49777.001    49868.003    49873.023
   155:    49873.021    50232.005    50235.009    50243.005    50523.009
   160:    51674.013    51674.011    51894.001    51992.003    51997.023
   165:    51997.021    52398.005    52692.009    52936.005    53065.009
   170:    53798.013    53798.011    54741.001    54822.003    54827.023
   175:    54827.021    55138.005    55502.009    56216.005    56328.013
   180:    56328.011    56371.009    57192.005    57445.009    57769.001
   185:    58069.018    58087.003    58093.016    58143.026    58403.005
   190:    59159.009    59361.005    60062.009    60857.005    60948.009
   195:    61664.005    61795.009    62804.005    63094.009    63390.001
   200:    63565.003    63570.023    63570.021    63749.005    64049.009
   205:    64671.013    64671.011    64862.001    65121.003    65126.023
   210:    65126.021    65251.005    65509.009    65664.005    65836.009
   215:    66727.013    66727.011    67822.005    67984.009    68048.005
   220:    68176.009    69802.001    70088.003    70093.023    70093.021
   225:    70182.005    70506.009    71994.013    71994.011    72126.001
   230:    72287.003    72292.023    72292.021    72749.005    73009.009
   235:    73899.005    74064.009    74293.013    74293.011    76540.005
   240:    76652.009    76660.005    76667.009    77001.001    77118.003
   245:    77123.023    77123.021    77500.005    77621.009    77656.005
   250:    77830.009    77883.005    78029.009    78824.013    78824.011
   255:    79564.005    79731.009    80116.001    80222.003    80227.023
   260:    80227.021    80313.005    80708.009    80724.005    80784.009
   265:    81628.013    81628.011    82137.005    82246.009    82644.001
   270:    82944.018    83227.003    83233.016    83283.026    83459.005
   275:    84177.009    87648.001    87780.003    87785.023    87785.021
   280:    88453.005    88752.009    89086.013    89086.011    89557.001
   285:    89847.003    89852.023    89852.021    90356.005    90778.009
   290:    90863.005    90888.009    91053.013    91053.011    91193.001
   295:    91412.003    91417.023    91417.021    91442.001    91484.003
   300:    92099.005    92418.013    92418.011    92962.009    93272.005
   305:    93354.009    93812.001    93991.003    93996.023    93996.021
   310:    94695.005    94957.009    95297.013    95297.011    95604.001
   315:    95811.003    95816.023    95816.021    96211.005    96759.009
   320:    97217.013    97217.011    98969.005    99113.009    99576.001
   325:    99876.018    99925.003    99931.016    99981.026   100116.005
   330:   100990.009   101862.005   102107.009   102337.001   102632.003
   335:   102637.023   102637.021   102901.005   102906.009   102907.005
   340:   103318.009   104338.013   104338.011   104464.001   104645.003
   345:   104650.023   104650.021   104687.005   105004.009   105063.005
   350:   105268.009   105288.005   105303.009   105401.005   105517.009
   355:   105751.013   105751.011   105906.001   105939.003   105944.023
   360:   105944.021   106108.005   106745.009   106759.005   106888.009
   365:   107445.013   107445.011   107573.001   107643.003   107648.023
   370:   107648.021   107802.005   108264.009   109549.013   109549.011
   375:   110081.001   110178.003   110183.023   110183.021   110652.005
   380:   110861.009   110920.005   110931.009   110986.005   111074.009
   385:   111384.013   111384.011   111543.001   111708.003   111713.023
   390:   111713.021   112438.005   112674.009   113514.013   113514.011
   395:   115201.005   115207.009   115216.005   115221.009   115274.005
   400:   115288.009   115302.005   115317.009   115579.001   115679.003
   405:   115684.023   115684.021   115944.005   116221.009   117285.013
   410:   117285.011   117444.001   117744.018   117930.003   117936.016
   415:   117985.001   117986.026   118217.003   118222.023   118222.021
   420:   118518.005   119019.009   119031.005   119036.009   120223.013
   425:   120223.011   121143.005   121556.009   121925.001   121975.003
   430:   121980.023   121980.021   122263.005   122677.009   122981.013
   435:   122981.011   123146.001   123286.003   123291.023   123291.021
   440:   124648.005   124819.009   124892.013   124892.011   125044.001
   445:   125166.003   125171.023   125171.021   125841.005   126093.009
   450:   126272.013   126272.011   126904.005   127230.009   129939.005
   455:   130112.009   131294.001   131392.003   131397.023   131397.021
   460:   131790.005   132049.009   132698.013   132698.011   132962.001
   465:   133088.003   133093.023   133093.021   133596.005   133828.009
   470:   134594.013   134594.011   134854.001   134968.003   134973.023
   475:   134973.021   136174.013   136174.011   136317.001   136469.003
   480:   136474.023   136474.021   137105.005   137377.009   137875.013
   485:   137875.011   138926.005   139154.009   139293.005   139835.009
   490:   140297.001   140498.003   140503.023   140503.021   140750.005
   495:   140755.009   140757.005   141125.009   142304.013   142304.011
   500:   142972.001   143029.003   143034.023   143034.021   143398.005
   505:   143671.009   144035.013   144035.011   144181.001   144333.003
   510:   144338.023   144338.021   144676.005   145007.009   145026.005
   515:   145037.009   146039.013   146039.011   146790.001   146993.003
   520:   146998.023   146998.021   147460.005   147739.009   147768.005
   525:   147884.009   148899.013   148899.011   149927.005   150044.009
   530:   150871.005   151148.009   151642.001   151926.003   151931.023
   535:   151931.021   152217.005   152497.009   153932.013   153932.011
   540:   155466.001   155512.003   155517.023   155517.021   156113.005
   545:   156118.009   156121.005   156399.009   157318.013   157318.011
   550:   163533.001   163678.003   163683.023   163683.021   165284.013
   555:   165284.011   166256.001   166556.018   166642.003   166648.016
   560:   166698.026   167250.005   167706.009   168718.001   168918.003
   565:   168923.023   168923.021   169350.005   169630.009   169727.005
   570:   169865.009   170018.005   170150.009   170324.013   170324.011
   575:   170468.001   170548.003   170553.023   170553.021   171281.005
   580:   171809.009   172454.013   172454.011   173993.005   174142.009
   585:   175025.001   175325.018   175382.003   175388.016   175438.026
   590:   175706.005   176414.009   176428.005   176441.009   176830.001
   595:   176978.003   176983.023   176983.021   177341.005   177676.009
   600:   178739.005   178826.009   178984.013   178984.011   179283.001
   605:   179544.003   179549.023   179549.021   179987.005   180610.009
   610:   180750.013   180750.011   180862.005   181111.009   181126.005
   615:   181130.009   181456.001   181706.003   181711.023   181711.021
   620:   182044.005   182431.009   182712.013   182712.011   182932.001
   625:   183232.018   183316.003   183322.016   183372.026   184079.005
   630:   184505.009   185109.001   185181.003   185186.023   185186.021
   635:   185445.005   185891.009   185945.005   186080.009   186487.013
   640:   186487.011   186595.001   186739.003   186744.023   186744.021
   645:   187135.005   187406.009   188445.013   188445.011   191145.005
   650:   191334.009   191745.001   191890.003   191895.023   191895.021
   655:   192195.005   192358.009   192470.005   192540.009   192565.005
   660:   192723.009   193396.013   193396.011   193559.001   193859.018
   665:   194004.003   194010.016   194060.026   194130.001   194182.003
   670:   194187.023   194187.021   194220.005   194222.009   194344.005
   675:   194358.009   194372.005   194528.009   194540.005   194990.009
   680:   195288.013   195288.011   195570.001   195686.003   195691.023
   685:   195691.021   196070.005   196662.009   197492.013   197492.011
   690:   197682.001   197822.003   197827.023   197827.021   197886.001
   695:   197907.003   198595.005   198916.009   199213.005   199242.009
   700:   199828.013   199828.011   199886.005   199975.009   200182.005
   705:   200552.009   201617.001   201723.003   201728.023   201728.021
   710:   202010.005   202082.009   202260.005   202364.009   202488.005
   715:   202558.009   202562.005   202563.009   202729.013   202729.011
   720:   202846.001   203040.003   203045.023   203045.021   203356.005
   725:   203642.009   203981.005   204052.009   204546.013   204546.011
   730:   206018.005   206031.009   206513.001   206622.003   206627.023
   735:   206627.021   206901.005   207228.009   207234.005   207257.009
   740:   208528.013   208528.011   208902.001   209112.003   209117.023
   745:   209117.021   209517.005   209796.009   210818.013   210818.011
   750:   210972.005   211012.009   211020.005   211219.009   211503.001
   755:   211700.003   211705.023   211705.021   211953.005   212324.009
   760:   212382.005   212384.009   212806.013   212806.011   212984.001
   765:   213284.018   213327.003   213333.016   213383.026   213618.005
   770:   214158.009   214724.005   214843.009   215019.005   215315.009
   775:   215578.001   215663.003   215668.023   215668.021   215911.005
   780:   216291.009   216869.013   216869.011   217191.001   217422.003
   785:   217427.023   217427.021   217721.005   218021.009   218112.005
   790:   218177.009   218728.013   218728.011   218873.001   219147.003
   795:   219152.023   219152.021   219515.005   219621.009   220553.013
   800:   220553.011   220612.005   220613.009   220726.001   220740.003
   805:   220745.023   220745.021   220753.001   220861.003   221331.005
   810:   221735.009   222346.013   222346.011   222484.001   222578.003
   815:   222583.023   222583.021   222593.001   222689.003   223079.005
   820:   223495.009   223984.013   223984.011   224133.001   224283.003
   825:   224288.001   224288.023   224288.021   224390.003   224419.001
   830:   224541.003   224861.005   225380.009   225571.005   225701.009
   835:   225704.005   225705.009   225989.013   225989.011   226130.001
   840:   226430.018   226985.003   226991.016   227041.026   227364.005
   845:   227808.009   228022.005   228240.009   228252.005   228285.009
   850:   228312.005   228348.009   228778.001   229078.018   229083.003
   855:   229089.016   229098.001   229139.026   229165.003   229170.023
   860:   229170.021   229397.005   229410.009   229415.005   229811.009
   865:   230771.013   230771.011   232285.005   232290.009   232308.005
   870:   232466.009   232555.005   232740.009   233067.001   233127.003
   875:   233132.023   233132.021   233448.005   233737.009   234284.005
   880:   234376.009   234933.013   234933.011   235077.001   235170.003
   885:   235175.023   235175.021   235762.005   236039.009   237076.013
   890:   237076.011   238115.001   238271.003   238276.023   238276.021
   895:   238941.005   239302.009   240277.013   240277.011   241260.001
   900:   241302.003   241307.023   241307.021   241819.005   242093.009
   905:   242121.005   242125.009   242133.005   242160.009   242308.013
   910:   242308.011   242491.001   242747.003   242752.023   242752.021
   915:   243563.005   243798.009   244053.013   244053.011   244135.005
   920:   244473.009   244565.005   244668.009   244942.001   244999.003
   925:   245004.023   245004.021   245378.005   245672.009   246105.013
   930:   246105.011   246815.005   246974.009   247283.001   247494.003
   935:   247499.023   247499.021   247765.005   248037.009   248700.013
   940:   248700.011   249836.005   249950.009   249990.005   250085.009
   945:   250378.001   250678.018   250753.003   250759.016   250781.001
   950:   250809.026   250837.003   250842.023   250842.021   250874.001
   955:   250939.003   251078.005   251591.009   251593.005   251604.009
   960:   251701.005   251733.009   252343.013   252343.011   252794.005
   965:   252860.009   253041.005   253066.009   253077.005   253225.009
   970:   253492.001   253752.003   253757.023   253757.021   254081.005
   975:   254426.009   255158.013   255158.011   255409.001   255709.018
   980:   255764.003   255770.016   255820.026   255852.001   255903.003
   985:   255908.023   255908.021   255918.001   255937.003   255963.001
   990:   255973.003   256170.005   256615.009   256623.005   256633.009
   995:   257176.005   257409.013   257409.011   257664.009   258161.005
  1000:   258209.009   258492.001   258740.003   258745.023   258745.021
  1005:   259302.005   259547.009   260046.013   260046.011   260271.001
  1010:   260571.018   260648.003   260654.016   260704.026   260707.001
  1015:   260830.003   260835.023   260835.021   260844.001   260936.003
  1020:   261139.005   261791.009   261836.013   261836.011   262699.005
  1025:   262819.009   263206.001   263459.003   263464.023   263464.021
  1030:   263901.005   264193.009   265337.005   265365.013   265365.011
  1035:   265392.009   265536.005   265712.009   265808.005   266009.009
  1040:   266308.001   266528.003   266533.023   266533.021   266857.005
  1045:   267115.009   268334.013   268334.011   268517.001   268651.003
  1050:   268656.023   268656.021   269661.005   269857.013   269857.011
  1055:   269870.009   269996.005   270151.009   270556.001   270829.003
  1060:   270834.023   270834.021   271227.005   271506.009   272435.013
  1065:   272435.011   272573.001   272873.018   272935.003   272941.016
  1070:   272991.026   273121.005   273690.009   274021.001   274291.003
  1075:   274296.023   274296.021   275161.005   275397.013   275397.011
  1080:   275409.009   275653.005   275842.009   276147.001   276447.018
  1085:   276455.003   276461.016   276511.026   276710.005   277162.009
  1090:   277484.001   277784.018   277800.003   277806.016   277856.026
  1095:   278112.005   278400.009   279034.001   279334.018   279335.003
  1100:   279341.016   279391.026   279393.017   279521.005   280008.009
  1105:   280292.005   280580.009   280915.001   281265.018   281342.003
  1110:   281348.016   281398.026   282208.001   282423.003   282428.023
  1115:   282428.021   283056.005   283356.009   283532.005   283586.009
  1120:   284129.013   284129.011   284440.001   284634.003   284639.023
  1125:   284639.021   285040.005   285393.009   286031.005   286060.009
  1130:   286640.013   286640.011   286773.001   286852.003   286857.023
  1135:   286857.021   287244.005   287517.009   287902.005   288004.009
  1140:   288258.013   288258.011   288391.001   288741.018   288755.003
  1145:   288761.016   288798.001   288811.026   288903.003   288908.023
  1150:   288908.021   288966.005   288974.009   288992.005   288996.009
  1155:   289181.005   289595.009   290609.013   290609.011   290838.001
  1160:   290964.003   290969.023   290969.021   291370.005   291695.009
  1165:   292770.013   292770.011   292779.005   292903.009   292904.005
  1170:   293105.009   293406.001   293625.003   293630.023   293630.021
  1175:   294002.005   294239.009   295631.013   295631.011   295779.001
  1180:   296095.003   296100.023   296100.021   296548.005   296789.009
  1185:   297301.013   297301.011   297525.001   297875.018   298046.003
  1190:   298052.016   298102.026   298278.005   298800.009   299083.001
  1195:   299104.003   299109.023   299109.021   299117.001   299211.003
  1200:   299487.005   299915.009   300459.005   300593.009   300610.013
  1205:   300610.011   300784.005   300954.009   302350.001   302585.003
  1210:   302590.023   302590.021   302925.005   302932.009   302942.005
  1215:   303213.009   303891.013   303891.011   304017.001   304296.003
  1220:   304301.023   304301.021   304329.001   304381.003   304627.005
  1225:   304865.009   305402.013   305402.011   305601.001   305951.018
  1230:   305971.003   305977.016   306027.026   306277.005   306670.009
  1235:   306715.005   306718.009   306745.005   306802.009   307075.001
  1240:   307339.003   307344.023   307344.021   307668.005   307898.009
  1245:   307952.005   308043.009   308742.005   308830.009   308891.005
  1250:   308914.009   308945.013   308945.011   309211.001   309257.003
  1255:   309262.023   309262.021   309335.001   309360.003   309619.005
  1260:   310031.009   310263.013   310263.011   310542.005   310549.009
  1265:   310558.005   310563.009   310967.005   311104.009   311509.001
  1270:   311666.003   311671.023   311671.021   313572.013   313572.011
  1275:   313877.001   314169.003   314174.023   314174.021   314581.005
  1280:   314830.009   315275.013   315275.011   315451.005   315738.009
  1285:   316076.001   316379.003   316384.023   316384.021   316766.005
  1290:   316977.009   318085.013   318085.011   318739.001   319015.003
  1295:   319020.023   319020.021   319294.005   319627.009   320221.013
  1300:   320221.011   320340.001   320599.003   320604.023   320604.021
  1305:   321238.005   321487.009   321600.005   321886.009   321905.013
  1310:   321905.011   322341.001   322576.003   322581.023   322581.021
  1315:   323982.013   323982.011   324087.001   324437.018   324562.003
  1320:   324568.016   324618.026   324820.001   324957.003   324962.023
  1325:   324962.021   325151.005   325535.009   325552.005   325572.009
  1330:   325578.005   325654.009   326563.013   326563.011   326669.001
  1335:   327019.018   327059.003   327065.016   327115.026   327169.001
  1340:   327188.003   327193.023   327193.021   327422.005   327836.009
  1345:   328994.013   328994.011   329102.001   329350.003   329355.023
  1350:   329355.021   329871.005   330275.009   330333.005   330471.009
  1355:   331256.013   331256.011   331259.005   331524.009   332232.005
  1360:   332282.009   332594.001   332696.003   332701.023   332701.021
  1365:   333225.005   333472.009   334202.013   334202.011   334843.005
  1370:   334927.009   335750.001   335869.003   335874.023   335874.021
  1375:   336175.005   336494.009   337132.005   337155.009   337875.013
  1380:   337875.011   339218.001   339376.003   339381.023   339381.021
  1385:   339444.001   339467.003   339957.005   340195.009   340382.013
  1390:   340382.011   341838.005   341916.009   342237.001   342473.003
  1395:   342478.023   342478.021   342925.005   343080.009   343579.013
  1400:   343579.011   343959.001   344177.003   344182.023   344182.021
  1405:   344519.005   344747.009   345785.005   345933.009   346083.013
  1410:   346083.011   346329.001   346462.003   346467.023   346467.021
  1415:   347768.013   347768.011   347889.001   348239.003   348245.016
  1420:   348295.026   348676.005   349089.009   349461.001   349730.003
  1425:   349735.023   349735.021   350241.005   350618.009   350624.005
  1430:   350647.009   351128.005   351198.009   351258.005   351336.013
  1435:   351336.011   351557.009   351790.005   351839.009   352096.001
  1440:   352273.003   352278.023   352278.021   352778.005   352934.009
  1445:   353659.005   353769.009   354279.013   354279.011   354451.001
  1450:   354661.003   354666.023   354666.021   355030.005   355245.009
  1455:   355667.013   355667.011   355796.001   356065.003   356070.023
  1460:   356070.021   356525.005   356645.009   357571.013   357571.011
  1465:   357676.001   357943.003   357948.023   357948.021   359422.005
  1470:   359688.009   359749.013   359749.011   360089.001   360202.003
  1475:   360207.023   360207.021   360617.005   360715.009   361408.013
  1480:   361408.011   361493.005   361695.009   361989.001   362079.003
  1485:   362084.023   362084.021   363408.005   363471.009   363485.013
  1490:   363485.011   363492.005   363504.009   363716.001   364066.018
  1495:   364351.003   364357.016   364407.026   364412.001   364762.003
  1500:   364768.016   364818.026   364897.001   365069.003   365074.023
  1505:   365074.021   365197.005   366063.009   366523.005   366732.009
  1510:   366775.013   366775.011   367060.005   367151.009   367539.001
  1515:   367808.003   367813.023   367813.021   368167.005   368613.009
  1520:   368689.005   368935.009   369414.013   369414.011   369570.001
  1525:   369872.003   369877.023   369877.021   370228.005   370359.009
  1530:   371778.013   371778.011   371897.001   372041.003   372046.023
  1535:   372046.021   372586.005   372843.009   373247.013   373247.011
  1540:   373412.001   373632.003   373637.023   373637.021   374626.005
  1545:   374864.009   375338.013   375338.011   377642.001   377827.003
  1550:   377832.023   377832.021   378681.005   378884.009   378933.013
  1555:   378933.011   379143.001   379328.003   379333.023   379333.021
  1560:   379381.001   379402.003   380359.005   380413.009   380634.013
  1565:   380634.011   380741.001   381050.003   381055.023   381055.021
  1570:   382556.013   382556.011   382743.001   382887.003   382892.023
  1575:   382892.021   383233.005   383682.009   383893.013   383893.011
  1580:   384021.001   384280.003   384285.023   384285.021   385068.005
  1585:   385145.009   385175.005   385248.009   385686.013   385686.011
  1590:   388263.005   388367.009   388685.001   388863.003   388868.023
  1595:   388868.021   389200.005   389456.009   390669.013   390669.011
  1600:   392904.001   392936.003   392941.023   392941.021   393428.005
  1605:   393767.009   394942.013   394942.011   395213.001   395432.003
  1610:   395437.023   395437.021   396258.005   396492.009   396638.013
  1615:   396638.011   396779.001   396980.003   396985.023   396985.021
  1620:   398286.013   398286.011   398445.001   398669.003   398674.023
  1625:   398674.021   400175.013   400175.011   400363.001   400585.003
  1630:   400590.023   400590.021   401414.005   401653.009   401670.005
  1635:   401673.009   401898.005   402091.009   402094.005   402098.009
  1640:   402391.013   402391.011   404472.001   404533.003   404538.023
  1645:   404538.021   405177.005   405343.009   405939.013   405939.011
  1650:   406005.005   406319.009   406695.001   406760.003   406765.023
  1655:   406765.021   407075.005   407250.009   408366.013   408366.011
  1660:   408502.001   408584.003   408589.023   408589.021   408988.005
  1665:   410290.013   410290.011   410660.009   411139.001   411252.003
  1670:   411257.023   411257.021   411623.005   411871.009   412698.005
  1675:   412791.009   413258.013   413258.011   413449.001   413578.003
  1680:   413583.023   413583.021   414771.005   414978.009   415484.013
  1685:   415484.011   419062.001   419304.003   419309.023   419309.021
  1690:   419989.005   420282.009   420410.013   420410.011   420599.005
  1695:   420780.009   420847.005   420969.009   421001.005   421136.009
  1700:   421236.005   421539.009   421828.001   421882.003   421887.023
  1705:   421887.021   422888.013   422888.011   422936.005   423501.009
  1710:   423788.001   423971.003   423976.023   423976.021   424877.005
  1715:   424883.009   424923.005   424928.009   425014.005   425088.009
  1720:   425977.013   425977.011   427181.001   427506.003   427511.023
  1725:   427511.021   428047.005   428407.009   428812.013   428812.011
  1730:   435214.001   435267.003   435272.023   435272.021   435955.005
  1735:   435972.009   435981.005   436136.009   436873.013   436873.011
  1740:   438502.005   438584.009   440016.001   440210.003   440215.023
  1745:   440215.021   440284.001   440310.003   440494.005   440998.009
  1750:   442016.013   442016.011   442442.001   442611.003   442616.023
  1755:   442616.021   443031.005   443391.009   444317.013   444317.011
  1760:   445258.001   445336.003   445341.023   445341.021   445726.005
  1765:   445737.009   445749.005   445992.009   446442.013   446442.011
  1770:   446490.005   446637.009   447695.005   447919.009   448471.001
  1775:   448538.003   448543.023   448543.021   448983.005   448986.009
  1780:   448994.005   449181.009   449744.013   449744.011   451655.005
  1785:   451673.009   451913.005   452018.009   452361.001   452464.003
  1790:   452469.023   452469.021   452892.005   452959.009   453970.013
  1795:   453970.011   454507.001   454670.003   454675.023   454675.021
  1800:   455188.005   455560.009   456076.013   456076.011   456233.001
  1805:   456485.003   456490.023   456490.021   458391.013   458391.011
  1810:   458663.001   458965.003   458970.023   458970.021   459632.005
  1815:   459810.009   459819.005   459971.013   459971.011   460218.009
  1820:   460286.005   460493.009   460502.005   460692.009   462030.005
  1825:   462171.009   462240.005   462316.009   462722.001   462803.003
  1830:   462808.023   462808.021   464109.013   464109.011   464241.001
  1835:   464498.003   464503.023   464503.021   465504.005   465604.013
  1840:   465604.011   465801.009   466318.001   466371.003   466376.023
  1845:   466376.021   467377.013   467377.011   469468.001   469530.003
  1850:   469535.023   469535.021   469937.005   470219.009   470736.013
  1855:   470736.011   470930.001   471047.003   471052.023   471052.021
  1860:   472453.013   472453.011   472629.001   472802.003   472807.023
  1865:   472807.021   473306.005   473628.009   474508.013   474508.011
  1870:   474973.001   475157.003   475162.023   475162.021   475735.005
  1875:   476005.009   476138.005   476282.009   476355.005   476362.009
  1880:   476963.013   476963.011   477423.001   477522.003   477527.023
  1885:   477527.021   479428.013   479428.011   484399.005   484621.009
  1890:   484875.001   484983.003   484988.023   484988.021   486489.013
  1895:   486489.011   486675.001   486719.003   486724.023   486724.021
  1900:   487190.005   487828.009   488325.013   488325.011   489688.001
  1905:   489829.003   489834.023   489834.021   490264.005   490401.009
  1910:   491835.013   491835.011   493501.005   493611.009   493667.005
  1915:   493717.009   494668.001   495018.018   495652.003   495658.016
  1920:   495692.001   495708.026   495793.003   495798.023   495798.021
  1925:   495992.005   496586.009   496897.005   497043.009   497193.005
  1930:   497227.009   497699.013   497699.011   497966.001   498235.003
  1935:   498240.023   498240.021   498683.005   498952.009   500110.005
  1940:   500241.013   500241.011   500451.009   500512.005   500637.009
  1945:   501097.001   501248.003   501253.023   501253.021   501572.005
  1950:   501577.009   501583.005   501870.009   502854.013   502854.011
  1955:   503059.001   503118.003   503123.023   503123.021   503794.005
  1960:   503911.009   504324.013   504324.011   504458.001   504709.003
  1965:   504714.023   504714.021   505596.005   505843.009   506415.013
  1970:   506415.011   506636.001   506839.003   506844.023   506844.021
  1975:   508145.013   508145.011   508275.001   508625.018   508760.003
  1980:   508766.016   508816.026   508949.001   509050.003   509055.023
  1985:   509055.021   509725.005   510056.013   510056.011   510208.009
  1990:   510527.001   510635.003   510640.023   510640.021   511097.005
  1995:   511105.009   511113.005   511444.009   512041.013   512041.011
  2000:   512160.001   512404.003   512409.023   512409.021   513003.005
  2005:   513119.009   513183.005   513335.009   513910.013   513910.011
  2010:   514028.001   514246.003   514251.023   514251.021   514727.005
  2015:   514912.009   514944.005   515049.009   515321.005   515352.013
  2020:   515352.011   515413.009   515600.005   516003.009   516933.001
  2025:   517005.003   517010.023   517010.021   517452.005   517695.009
  2030:   518811.013   518811.011   521534.001   521793.003   521798.023
  2035:   521798.021   522533.005   522819.009   523199.013   523199.011
  2040:   523736.005   523909.009   524703.001   524878.003   524883.023
  2045:   524883.021   525448.005   525833.009   526584.013   526584.011
  2050:   526693.001   526963.003   526968.023   526968.021   527682.005
  2055:   527821.009   528031.005   528191.009   528769.013   528769.011
  2060:   528877.001   529185.003   529190.023   529190.021   529258.001
  2065:   529286.003   529916.005   530016.009   530791.013   530791.011
  2070:   530938.001   531160.003   531165.023   531165.021   532266.013
  2075:   532266.011   532647.001   532753.003   532758.023   532758.021
  2080:   533585.005   533852.009   534059.013   534059.011   534542.001
  2085:   534601.003   534606.023   534606.021   535094.005   535177.009
  2090:   536507.013   536507.011   536618.001   536837.003   536842.023
  2095:   536842.021   537535.005   537889.009   538843.013   538843.011
  2100:   540338.001   540530.003   540535.023   540535.021   541243.005
  2105:   541845.009   541893.005   542028.009   542036.013   542036.011
  2110:   542171.005   542317.009   542582.001   542790.003   542795.023
  2115:   542795.021   543392.005   543479.009   543996.013   543996.011
  2120:   544128.001   544259.003   544264.023   544264.021   544701.005
  2125:   544970.009   545265.013   545265.011   545574.005   545697.009
  2130:   546096.001   546333.003   546338.023   546338.021   548239.013
  2135:   548239.011   548512.001   548578.003   548583.023   548583.021
  2140:   548940.005   549330.009   549984.013   549984.011   550099.001
  2145:   550439.003   550444.023   550444.021   551975.005   552145.013
  2150:   552145.011   552286.009   552292.005   552295.009   552346.005
  2155:   552392.009   552470.005   552832.009   553119.001   553181.003
  2160:   553186.023   553186.021   554987.013   554987.011   555286.001
  2165:   555330.003   555335.023   555335.021   556155.005   556336.013
  2170:   556336.011   556669.009   556685.005   556878.009   556880.005
  2175:   556957.009   557219.001   557438.003   557443.023   557443.021
  2180:   558327.005   558368.009   558463.005   558540.009   558744.013
  2185:   558744.011   559497.005   559594.009   559912.001   559990.003
  2190:   559995.023   559995.021   560304.005   560744.009   561196.013
  2195:   561196.011   561604.005   561697.009   561735.005   561737.009
  2200:   562194.001   562371.003   562376.023   562376.021   562693.005
  2205:   562710.009   562712.005   562752.009   563877.013   563877.011
  2210:   564082.001   564185.003   564190.023   564190.021   564346.001
  2215:   564492.003   564691.005   565014.009   565045.005   565149.009
  2220:   565648.005   565662.009   565791.013   565791.011   566187.001
  2225:   566232.003   566237.023   566237.021   568238.013   568238.011
  2230:   569748.001   570093.003   570098.023   570098.021   570990.005
  2235:   571199.013   571199.011   571536.009   572507.001   572672.003
  2240:   572677.023   572677.021   573522.005   573598.009   574301.005
  2245:   574388.009   574447.005   574537.009   574578.013   574578.011
  2250:   574774.001   574969.003   574974.023   574974.021   575838.005
  2255:   575914.009   575950.005   576077.009   576975.013   576975.011
  2260:   577152.001   577502.018   577503.003   577509.016   577559.026
  2265:   578088.005   578492.009   578793.001   578993.003   578998.023
  2270:   578998.021   579999.013   579999.011   580210.001   580397.003
  2275:   580402.023   580402.021   581435.005   581623.009   581803.013
  2280:   581803.011   582010.001   582094.003   582099.023   582099.021
  2285:   582523.005   582531.009   582548.005   582608.009   583200.013
  2290:   583200.011   583387.001   583555.003   583560.023   583560.021
  2295:   584112.005   584213.009   585061.013   585061.011   585180.001
  2300:   585530.018   585576.003   585582.016   585632.026   585763.001
  2305:   585820.003   585825.023   585825.021   586426.005   586922.009
  2310:   587426.013   587426.011   587584.001   587824.003   587829.023
  2315:   587829.021   589030.013   589030.011   589152.001   589380.003
  2320:   589385.023   589385.021   590021.005   590341.009   591086.013
  2325:   591086.011   591250.001   591454.003   591459.023   591459.021
  2330:   592211.005   592269.009   593260.013   593260.011   593405.001
  2335:   593630.003   593635.023   593635.021   594152.005   594292.009
  2340:   594936.013   594936.011   595080.001   595412.003   595417.023
  2345:   595417.021   595890.005   596073.009   596518.013   596518.011
  2350:   596678.001   596859.003   596864.023   596864.021   598565.013
  2355:   598565.011   598824.001   598975.003   598980.023   598980.021
  2360:   599055.001   599080.003   600281.013   600281.011   600512.001
  2365:   600675.003   600680.023   600680.021   601130.005   601365.009
  2370:   601681.013   601681.011   601897.001   602062.003   602067.023
  2375:   602067.021   603268.013   603268.011   603428.001   603546.003
  2380:   603551.023   603551.021   604117.005   604465.009   604635.005
  2385:   604887.009   605052.013   605052.011   605376.001   605471.003
  2390:   605476.023   605476.021   607277.013   607277.011   608139.005
  2395:   608168.009   608515.001   608595.003   608600.023   608600.021
  2400:   609196.005   609250.009   610601.013   610601.011   612174.001
  2405:   612382.003   612387.023   612387.021   612847.005   613101.009
  2410:   613788.013   613788.011   613984.001   614186.003   614191.023
  2415:   614191.021   615313.005   615341.009   615351.005   615475.009
  2420:   615792.013   615792.011   615921.001   616151.003   616156.023
  2425:   616156.021   616211.001   616414.003   616947.005   617142.009
  2430:   618057.013   618057.011   618136.001   618486.018   618495.003
  2435:   618501.016   618551.026   618638.001   618788.003   618793.023
  2440:   618793.021   619317.005   619648.009   620294.013   620294.011
  2445:   620408.001   620672.003   620677.023   620677.021   621229.005
  2450:   621767.009   622278.013   622278.011   622485.001   622644.003
  2455:   622649.023   622649.021   622953.001   623110.003   623648.005
  2460:   623865.009   624650.013   624650.011   625085.001   625293.003
  2465:   625298.023   625298.021   625926.005   626039.009   626499.013
  2470:   626499.011   626726.001   626811.003   626816.023   626816.021
  2475:   627817.013   627817.011   627980.001   628100.003   628105.023
  2480:   628105.021   630006.013   630006.011   630937.001   631031.003
  2485:   631036.023   631036.021   631456.005   631695.009   632737.013
  2490:   632737.011   633047.001   633095.003   633100.023   633100.021
  2495:   633515.005   633600.009   634901.013   634901.011   635010.001
  2500:   635160.003   635165.023   635165.021   635245.001   635392.003
  2505:   636266.013   636266.011   636445.001   636782.003   636787.023
  2510:   636787.021   636852.001   636879.003   637195.005   637402.009
  2515:   638088.013   638088.011   638210.001   638379.003   638384.023
  2520:   638384.021   639096.005   639241.009   639785.013   639785.011
  2525:   639878.001   640200.003   640205.023   640205.021   640277.001
  2530:   640302.003   641379.005   641808.009   642206.013   642206.011
  2535:   642363.005   642549.009   643100.001   643444.003   643449.023
  2540:   643449.021   643852.005   644261.009   644362.005   644405.009
  2545:   644534.005   644587.009   644950.013   644950.011   645141.001
  2550:   645292.003   645297.023   645297.021   646698.013   646698.011
  2555:   646831.001   646975.003   646980.023   646980.021   647587.005
  2560:   647836.009   648681.013   648681.011   648768.001   648829.003
  2565:   648834.023   648834.021   649240.005   649511.009   650435.013
  2570:   650435.011   651747.001   651800.003   651805.023   651805.021
  2575:   652140.005   652399.009   652572.005   652610.009   652938.005
  2580:   653083.009   653106.013   653106.011   653374.001   653525.003
  2585:   653530.023   653530.021   654731.013   654731.011   654978.001
  2590:   655142.003   655147.023   655147.021   655538.005   655709.009
  2595:   656948.013   656948.011   657113.001   657264.003   657269.023
  2600:   657269.021   657345.001   657487.003   658270.013   658270.011
  2605:   658275.005   658301.009   658367.005   658551.009   658827.001
  2610:   658908.003   658913.023   658913.021   660014.013   660014.011
  2615:   660112.001   660159.003   660164.023   660164.021   660577.005
  2620:   660784.009   662065.013   662065.011   663235.001   663451.003
  2625:   663456.023   663456.021   663912.005   664107.009   665257.013
  2630:   665257.011   665492.001   665590.003   665595.023   665595.021
  2635:   665991.005   666079.009   666796.013   666796.011   667766.005
  2640:   667886.009   669440.001   669444.003   669449.023   669449.021
  2645:   669926.005   670072.009   671450.013   671450.011   671570.001
  2650:   671752.003   671757.023   671757.021   672165.005   672256.009
  2655:   673058.013   673058.011   673225.001   673418.003   673423.023
  2660:   673423.021   673835.005   674003.009   674924.013   674924.011
  2665:   675132.001   675357.003   675362.023   675362.021   676175.005
  2670:   676424.009   676963.013   676963.011   677124.001   677345.003
  2675:   677350.023   677350.021   678751.013   678751.011   678892.001
  2680:   679242.018   679330.003   679336.016   679386.026   679515.001
  2685:   679618.003   679623.023   679623.021   680052.005   680305.009
  2690:   681524.013   681524.011   681950.001   682126.003   682131.023
  2695:   682131.021   682500.005   682827.009   683232.013   683232.011
  2700:   683421.001   683657.003   683662.023   683662.021   684136.005
  2705:   684248.009   684264.005   684289.009   684663.013   684663.011
  2710:   684832.001   685024.003   685029.023   685029.021   685080.001
  2715:   685184.003   686730.013   686730.011   686847.001   687083.003
  2720:   687088.023   687088.021   687153.001   687214.003   687464.005
  2725:   687556.009   688989.013   688989.011   689188.001   689331.003
  2730:   689336.023   689336.021   689349.001   689371.003   689695.005
  2735:   689866.009   691337.013   691337.011   691455.001   691573.003
  2740:   691578.023   691578.021   691652.001   691705.003   692038.005
  2745:   692153.009   693179.013   693179.011   694888.001   695068.003
  2750:   695073.023   695073.021   695379.005   695393.009   695406.005
  2755:   695509.009   696874.013   696874.011   697097.001   697124.003
  2760:   697129.023   697129.021   697151.001   697192.003   698130.013
  2765:   698130.011   698242.001   698592.018   698677.003   698683.016
  2770:   698733.026   698958.001   698974.003   698979.023   698979.021
  2775:   699014.001   699064.003   699373.005   699838.009   700280.013
  2780:   700280.011   700462.001   700812.018   700884.003   700890.016
  2785:   700940.026   701118.001   701241.003   701246.023   701246.021
  2790:   701303.001   701468.003   701573.005   701972.009   702040.005
  2795:   702088.009   702347.013   702347.011   702808.001   703050.003
  2800:   703055.023   703055.021   703563.005   703822.009   704556.013
  2805:   704556.011   704874.001   704940.003   704945.023   704945.021
  2810:   705314.005   705493.009   706646.013   706646.011   706929.001
  2815:   707067.003   707072.023   707072.021   707407.005   707446.009
  2820:   708273.013   708273.011   708402.001   708570.003   708575.023
  2825:   708575.021   709727.005   709794.009   709976.013   709976.011
  2830:   710595.005   710625.009   710948.001   711063.003   711068.023
  2835:   711068.021   711437.005   711440.009   711453.005   711620.009
  2840:   712569.013   712569.011   712687.001   712932.003   712937.023
  2845:   712937.021   713246.005   713493.009   714938.013   714938.011
  2850:   716301.001   716442.003   716447.023   716447.021   716992.005
  2855:   717109.009   717448.013   717448.011   717569.001   717813.003
  2860:   717818.023   717818.021   719119.013   719119.011   719480.001
  2865:   719564.003   719569.023   719569.021   720970.013   720970.011
  2870:   721213.001   721433.003   721438.023   721438.021   721937.005
  2875:   722163.009   722539.013   722539.011   722628.001   722957.003
  2880:   722962.023   722962.021   723400.005   723405.009   723423.005
  2885:   723456.009   724563.013   724563.011   724758.001   725108.018
  2890:   725274.003   725280.016   725330.026   725450.001   725621.003
  2895:   725626.023   725626.021   726018.005   726348.009   727168.005
  2900:   727221.009   727327.013   727327.011   727517.001   727640.003
  2905:   727645.023   727645.021   729446.013   729446.011   729652.005
  2910:   729894.009   730120.001   730206.003   730211.023   730211.021
  2915:   731611.005   731675.009   732112.013   732112.011   732238.001
  2920:   732395.003   732400.023   732400.021   733601.013   733601.011
  2925:   733721.001   734007.003   734012.023   734012.021   734338.005
  2930:   734537.009   735213.013   735213.011   735425.001   735775.018
  2935:   735789.003   735795.016   735845.026   735971.001   736190.003
  2940:   736195.023   736195.021   736269.001   736297.003   736650.005
  2945:   737051.009   737696.013   737696.011   737796.001   738146.018
  2950:   738245.003   738251.016   738301.026   738676.005   739229.009
  2955:   739557.001   739895.003   739900.023   739900.021   740280.005
  2960:   740290.009   740301.005   740393.009   740548.005   740788.009
  2965:   741501.013   741501.011   741633.001   741983.018   742021.003
  2970:   742027.016   742077.026   742332.005   742617.009   742944.001
  2975:   743162.003   743167.023   743167.021   744568.013   744568.011
  2980:   744666.001   744691.003   744696.023   744696.021   744744.001
  2985:   744814.003   745130.005   745337.009   745490.005   745584.009
  2990:   746397.013   746397.011   746526.001   746778.003   746783.023
  2995:   746783.021   747177.005   747249.009   748584.013   748584.011
  3000:   748675.001   748984.003   748989.023   748989.021   749683.005
  3005:   749764.009   749781.005   749785.009   749791.005   749882.009
  3010:   750890.013   750890.011   750990.001   751315.003   751320.023
  3015:   751320.021   751637.005   751725.009   753256.005   753316.009
  3020:   753321.013   753321.011   753614.001   753802.003   753807.023
  3025:   753807.021   755108.013   755108.011   755230.001   755436.003
  3030:   755441.023   755441.021   755831.005   756172.009   756442.013
  3035:   756442.011   756551.001   756740.003   756745.023   756745.021
  3040:   757106.005   757192.009   757846.013   757846.011   758011.001
  3045:   758183.003   758188.023   758188.021   759190.005   759299.009
  3050:   759751.005   759867.009   759989.013   759989.011   760145.001
  3055:   760282.003   760287.023   760287.021   761688.013   761688.011
  3060:   761882.001   762039.003   762044.023   762044.021   762378.005
  3065:   762572.009   763057.005   763062.009   763076.005   763154.009
  3070:   763645.013   763645.011   763729.001   763745.003   763750.023
  3075:   763750.021   763787.001   763911.003   764884.005   764951.009
  3080:   765251.013   765251.011   765359.001   765709.018   766159.003
  3085:   766165.016   766176.001   766215.026   766445.003   766450.023
  3090:   766450.021   766478.005   766854.009   767495.005   767604.009
  3095:   768351.013   768351.011   768475.001   768825.018   768853.003
  3100:   768859.016   768909.026   769072.005   769447.009   769794.001
  3105:   770130.003   770135.023   770135.021   770525.005   770637.009
  3110:   771914.005   771992.009   772136.013   772136.011   772260.001
  3115:   772463.003   772468.023   772468.021   772500.001   772570.003
  3120:   773729.005   773760.009   773769.013   773769.011   773979.001
  3125:   774287.003   774292.023   774292.021   775393.013   775393.011
  3130:   775594.001   775888.003   775893.023   775893.021   777094.013
  3135:   777094.011   777270.001   777620.018   777639.003   777645.016
  3140:   777695.026   777797.001   777964.003   777969.023   777969.021
  3145:   778035.001   778051.003   778338.005   778756.009   779670.013
  3150:   779670.011   779764.001   780114.018   780232.003   780238.016
  3155:   780288.026   780354.001   780463.003   780468.023   780468.021
  3160:   780789.005   781105.009   781469.013   781469.011   781635.001
  3165:   781985.018   782072.003   782078.016   782128.026   782245.001
  3170:   782427.003   782432.023   782432.021   782512.001   782534.003
  3175:   783376.005   783621.009   783633.013   783633.011   783646.005
  3180:   783759.009   784542.001   784688.003   784693.023   784693.021
  3185:   785794.013   785794.011   786203.001   786247.003   786252.023
  3190:   786252.021   786858.005   787104.009   787553.013   787553.011
  3195:   787727.001   787935.003   787940.023   787940.021   789441.013
  3200:   789441.011   789643.001   789814.003   789819.023   789819.021
  3205:   790475.005   790744.009   791520.013   791520.011   791923.001
  3210:   791985.003   791990.023   791990.021   792013.001   792092.003
  3215:   792816.005   793107.009   793891.013   793891.011   794136.001
  3220:   794316.003   794321.023   794321.021   794742.005   794847.009
  3225:   795322.013   795322.011   795434.001   795584.003   795589.023
  3230:   795589.021   795964.005   796121.009   796990.013   796990.011
  3235:   797177.001   797323.003   797328.023   797328.021   797688.005
  3240:   797761.009   799129.013   799129.011   799319.001   799385.003
  3245:   799390.023   799390.021   800991.013   800991.011   801340.005
  3250:   801355.009   801357.005   801449.009   801810.001   802076.003
  3255:   802081.023   802081.021   802139.001   802181.003   802590.005
  3260:   802594.009   802604.005   802688.009   804082.013   804082.011
  3265:   804298.001   804419.003   804424.023   804424.021   805825.013
  3270:   805825.011   805989.001   806193.003   806198.023   806198.021
  3275:   806841.005   807093.009   807799.013   807799.011   807954.001
  3280:   808304.018   808433.003   808439.016   808457.001   808489.026
  3285:   808750.003   808755.023   808755.021   809288.005   809302.009
  3290:   809310.005   809669.009   810556.013   810556.011   810712.001
  3295:   811062.018   811806.003   811812.016   811862.026   812468.005
  3300:   813731.009   813792.005   813836.009   814013.005   814209.009
  3305:   814884.001   815007.003   815012.023   815012.021   815536.005
  3310:   815764.009   816213.013   816213.011   816371.001   816644.003
  3315:   816649.023   816649.021   817650.013   817650.011   817900.001
  3320:   818052.003   818057.023   818057.021   819158.013   819158.011
  3325:   819506.001   819625.003   819630.023   819630.021   820013.005
  3330:   820195.009   820931.013   820931.011   821033.001   821301.003
  3335:   821306.023   821306.021   823207.013   823207.011   823481.001
  3340:   823572.003   823577.023   823577.021   824051.005   824215.009
  3345:   825078.013   825078.011   825208.001   825553.003   825558.023
  3350:   825558.021   825966.005   825987.009   827259.013   827259.011
  3355:   827473.001   827628.003   827633.023   827633.021   829634.013
  3360:   829634.011   830066.005   830283.009   830510.001   830735.003
  3365:   830740.023   830740.021   832141.013   832141.011   832283.001
  3370:   832325.003   832330.023   832330.021   832344.001   832534.003
  3375:   832671.005   832959.009   833831.013   833831.011   834060.001
  3380:   834178.003   834183.023   834183.021   834762.005   834972.009
  3385:   835389.005   835566.009   835784.013   835784.011   835902.001
  3390:   836252.018   836561.003   836567.016   836617.026   836833.001
  3395:   836901.003   836906.023   836906.021   837162.005   837562.009
  3400:   837907.013   837907.011   838044.001   838394.018   838532.003
  3405:   838538.016   838588.026   838592.001   838796.003   838801.023
  3410:   838801.021   839016.005   839435.009   839442.005   839465.009
  3415:   839469.005   839762.009   839927.005   840006.009   840702.013
  3420:   840702.011   840869.001   841171.003   841176.023   841176.021
  3425:   841188.001   841273.003   841703.005   841940.009   842277.013
  3430:   842277.011   842401.001   842704.003   842709.023   842709.021
  3435:   844010.013   844010.011   844291.001   844487.003   844492.023
  3440:   844492.021   844559.001   844634.003   845051.005   845071.009
  3445:   846293.013   846293.011   846442.001   846672.003   846677.023
  3450:   846677.021   847032.005   847041.009   847049.005   847244.009
  3455:   847578.005   847617.009   847878.013   847878.011   848137.001
  3460:   848386.003   848391.023   848391.021   848453.001   848486.003
  3465:   848697.005   848838.009   850092.013   850092.011   850211.001
  3470:   850513.003   850518.023   850518.021   851700.005   851777.009
  3475:   852519.013   852519.011   852672.001   852853.003   852858.023
  3480:   852858.021   854259.013   854259.011   854525.001   854565.003
  3485:   854570.023   854570.021   854576.001   854683.003   855007.005
  3490:   855191.009   856271.013   856271.011   856412.001   856762.018
  3495:   856795.003   856801.016   856851.026   856880.001   857100.003
  3500:   857105.023   857105.021   857408.005   857719.009   858859.005
  3505:   858862.009   858872.005   858906.013   858906.011   859087.009
  3510:   859279.001   859511.003   859516.023   859516.021   859581.001
  3515:   859659.003   860617.013   860617.011   860821.001   861054.003
  3520:   861059.023   861059.021   861442.005   861516.009   861539.005
  3525:   861551.009   862260.013   862260.011   864145.001   864278.003
  3530:   864283.023   864283.021   864701.005   864910.009   865584.013
  3535:   865584.011   865730.001   865901.003   865906.023   865906.021
  3540:   867807.013   867807.011   867953.001   868303.018   868470.003
  3545:   868476.016   868526.026   868849.001   868927.003   868932.023
  3550:   868932.021   869411.005   869712.009   870933.013   870933.011
  3555:   871054.005   871184.009   871447.001   871516.003   871521.023
  3560:   871521.021   872522.013   872522.011   873052.001   873196.003
  3565:   873201.023   873201.021   873536.005   873717.009   874702.013
  3570:   874702.011   874762.005   874770.009   875455.001   875544.003
  3575:   875549.023   875549.021   877150.013   877150.011   877301.001
  3580:   877651.018   877858.003   877864.016   877914.026   878221.005
  3585:   878553.009   879096.001   879171.003   879176.023   879176.021
  3590:   879638.005   879660.009   881177.013   881177.011   883709.001
  3595:   883797.003   883802.023   883802.021   884294.005   884378.009
  3600:   884392.005   884409.009   884903.013   884903.011   885529.001
  3605:   885566.003   885571.023   885571.021   887172.013   887172.011
  3610:   887373.001   887556.003   887561.023   887561.021   887624.001
  3615:   887661.003   888039.005   888093.009   888650.005   888674.009
  3620:   888730.005   888779.009   888862.013   888862.011   889040.001
  3625:   889390.018   889511.003   889517.016   889567.026   889892.005
  3630:   890273.009   890598.001   890911.003   890916.023   890916.021
  3635:   890927.001   891002.003   891450.005   891581.009   892317.013
  3640:   892317.011   892516.001   892866.018   892928.003   892934.016
  3645:   892984.026   893281.005   893640.009   893929.001   894100.003
  3650:   894105.023   894105.021   895906.013   895906.011   897118.005
  3655:   897164.009   897474.001   897571.003   897576.023   897576.021
  3660:   898577.013   898577.011   898697.001   899047.018   899136.003
  3665:   899142.016   899192.026   899376.005   899660.009   899666.005
  3670:   899670.009   899701.005   899722.009   901108.001   901255.003
  3675:   901260.023   901260.021   901638.005   901674.009   901682.005
  3680:   901706.009   902461.013   902461.011   902740.001   902929.003
  3685:   902934.023   902934.021   902945.001   903059.003   904435.013
  3690:   904435.011   904631.001   904675.003   904680.023   904680.021
  3695:   905477.005   905606.009   905740.005   905872.009   906381.013
  3700:   906381.011   906464.001   906472.003   906477.023   906477.021
  3705:   907881.005   907987.009   908378.013   908378.011   910467.001
  3710:   910560.003   910565.023   910565.021   910974.005   911101.009
  3715:   911766.013   911766.011   911948.001   912128.003   912133.023
  3720:   912133.021   913634.013   913634.011   913746.001   914096.018
  3725:   914306.003   914312.016   914362.026   914675.005   914938.009
  3730:   914950.005   914978.009   915277.001   915592.003   915597.023
  3735:   915597.021   917198.013   917198.011   918151.001   918188.003
  3740:   918193.023   918193.021   918531.005   918556.009   918562.005
  3745:   918724.009   920094.013   920094.011   920300.001   920348.003
  3750:   920353.023   920353.021   922054.013   922054.011   922304.001
  3755:   922627.003   922632.023   922632.021   923733.013   923733.011
  3760:   923838.001   923866.003   923871.023   923871.021   924972.005
  3765:   925171.009   925576.005   925598.009   925672.013   925672.011
  3770:   925890.001   926100.003   926105.023   926105.021   927593.005
  3775:   927654.009   928106.013   928106.011   928284.001   928495.003
  3780:   928500.023   928500.021   929801.013   929801.011   930744.001
  3785:   930995.003   931000.023   931000.021   931071.001   931097.003
  3790:   931363.005   931589.009   932001.013   932001.011   932144.001
  3795:   932420.003   932425.023   932425.021   933826.013   933826.011
  3800:   933943.001   934293.018   934511.003   934517.016   934567.026
  3805:   934869.005   934921.009   934956.005   935094.009   935212.005
  3810:   935381.009   935643.005   935728.009   935838.005   936230.009
  3815:   936807.001   936895.003   936900.023   936900.021   937214.005
  3820:   937405.009   938901.013   938901.011   938964.005   939086.009
  3825:   939334.001   939493.003   939498.023   939498.021   940048.005
  3830:   940060.009   940999.013   940999.011   941616.001   941735.003
  3835:   941740.023   941740.021   942124.005   942198.009   943141.013
  3840:   943141.011   943362.001   943555.003   943560.023   943560.021
  3845:   945261.013   945261.011   945453.001   945803.018   946038.003
  3850:   946044.016   946094.026   946611.005   946884.009   947166.001
  3855:   947511.003   947516.023   947516.021   948517.013   948517.011
  3860:   948633.001   948874.003   948879.023   948879.021   949306.005
  3865:   949452.009   949980.013   949980.011   950175.001   950525.018
  3870:   950595.003   950601.016   950651.026   950671.001   950739.003
  3875:   950744.023   950744.021   950985.005   951494.009   952545.013
  3880:   952545.011   952691.001   952971.003   952976.023   952976.021
  3885:   954877.013   954877.011   955200.001   955292.003   955297.023
  3890:   955297.021   955600.005   955832.009   956047.005   956112.009
  3895:   956498.013   956498.011   956674.001   956783.003   956788.023
  3900:   956788.021   956845.001   956888.003   958089.013   958089.011
  3905:   958837.005   958943.009   959382.001   959407.003   959412.023
  3910:   959412.021   959423.001   959508.003   961013.013   961013.011
  3915:   961237.001   961361.003   961366.023   961366.021   961999.005
  3920:   962108.009   962867.013   962867.011   963040.001   963286.003
  3925:   963291.023   963291.021   965092.013   965092.011   965551.001
  3930:   965611.003   965616.023   965616.021   966004.005   966142.009
  3935:   967017.013   967017.011   967094.001   967343.003   967348.023
  3940:   967348.021   967411.001   967445.003   967682.005   967765.009
  3945:   969249.013   969249.011   971269.001   971418.003   971423.023
  3950:   971423.021   971805.005   971922.009   972524.013   972524.011
  3955:   972730.001   972991.003   972996.023   972996.021   973048.001
  3960:   973130.003   974197.013   974197.011   974371.001   974721.018
  3965:   974915.003   974921.016   974971.026   975386.005   975612.009
  3970:   975852.001   976092.003   976097.023   976097.021   978098.013
  3975:   978098.011   978423.001   978544.003   978549.023   978549.021
  3980:   978914.005   979130.009   979850.013   979850.011   980124.001
  3985:   980233.003   980238.023   980238.021   981183.005   981222.009
  3990:   981839.013   981839.011   982019.001   982369.018   982721.003
  3995:   982727.016   982777.026   982970.005   983430.009   983479.005
  4000:   983501.009   983760.001   984035.003   984040.023   984040.021
  4005:   985041.013   985041.011   985188.001   985421.003   985426.023
  4010:   985426.021   985498.001   985540.003   987127.013   987127.011
  4015:   987243.001   987593.018   987656.003   987662.016   987712.026
  4020:   987963.005   988304.009   988314.005   988348.009   988371.005
  4025:   988389.009   988664.001   989014.018   989061.003   989067.016
  4030:   989117.026   989210.001   989294.003   989299.023   989299.021
  4035:   989593.005   989908.009   991300.013   991300.011   991480.001
  4040:   991680.003   991685.023   991685.021   993258.005   993286.013
  4045:   993286.011   993614.009   993828.001   993935.003   993940.023
  4050:   993940.021   994941.013   994941.011   995070.001   995406.003
  4055:   995411.023   995411.021   995481.001   995494.003   996512.013
  4060:   996512.011   996837.001   996869.003   996874.023   996874.021
  4065:   997138.005   997378.009   998275.013   998275.011   998363.001
  4070:   998713.018   998945.003   998951.016   999001.026   999295.005
  4075:   999629.009   999929.001  1000279.018  1000346.003  1000352.016
  4080:  1000402.026  1000749.005  1001059.009  1001321.001  1001671.018
  4085:  1002015.003  1002021.016  1002046.001  1002071.026  1002073.017
  4090:  1002097.003  1002102.023  1002102.021  1002351.005  1002957.009
  4095:  1003603.013  1003603.011  1003740.001  1004140.018  1004264.003
  4100:  1004270.016  1004320.026  1004878.001  1005091.003  1005096.023
  4105:  1005096.021  1005170.001  1005193.003  1005442.005  1005833.009
  4110:  1006069.005  1006099.009  1006397.013  1006397.011  1006559.001
  4115:  1006959.018  1007057.003  1007063.016  1007113.026  1007993.001
  4120:  1008154.003  1008159.023  1008159.021  1008624.005  1009011.009
  4125:  1009860.013  1009860.011  1009986.001  1010386.018  1010472.003
  4130:  1010478.016  1010528.026  1010966.001  1011148.003  1011153.023
  4135:  1011153.021  1011464.005  1011730.009  1012354.013  1012354.011
  4140:  1012494.001  1012894.018  1013108.003  1013114.016  1013164.026
  4145:  1013989.001  1014284.003  1014289.023  1014289.021  1014348.001
  4150:  1014380.003  1014626.005  1014977.009  1014990.005  1015016.009
  4155:  1015028.005  1015125.009  1016190.013  1016190.011  1016416.001
  4160:  1016816.018  1016847.003  1016853.016  1016903.026  1016911.001
  4165:  1017033.003  1017038.023  1017038.021  1017324.005  1017603.009
  4170:  1017811.005  1018447.009  1018720.005  1018839.013  1018839.011
  4175:  1019019.009  1020283.001  1020683.018  1020783.003  1020789.016
  4180:  1020839.026  1020943.001  1021020.003  1021025.023  1021025.021
  4185:  1021386.005  1021395.009  1021402.005  1021883.009  1022126.013
  4190:  1022126.011  1022680.001  1022932.003  1022937.023  1022937.021
  4195:  1023321.005  1023659.009  1024238.013  1024238.011  1024634.001
  4200:  1025033.003  1025038.023  1025038.021  1025382.005  1025690.009
  4205:  1026639.013  1026639.011  1026852.001  1026972.003  1026977.023
  4210:  1026977.021  1027060.001  1027088.003  1027281.005  1027572.009
  4215:  1028678.013  1028678.011  1028869.001  1029269.018  1029424.003
  4220:  1029430.016  1029480.026  1029805.005  1030138.009  1030144.005
  4225:  1030180.009  1030216.005  1030275.009  1030512.001  1030912.018
  4230:  1031261.003  1031267.016  1031317.026  1031419.001  1031491.003
  4235:  1031496.023  1031496.021  1031501.005  1031508.009  1031705.005
  4240:  1032100.009  1033297.013  1033297.011  1033919.001  1034036.003
  4245:  1034041.023  1034041.021  1034046.001  1034131.003  1034364.005
  4250:  1034734.009  1035042.013  1035042.011  1035208.001  1035563.003
  4255:  1035568.023  1035568.021  1035626.001  1035665.003  1035927.005
  4260:  1036146.009  1037069.013  1037069.011  1037704.001  1037951.003
  4265:  1037956.023  1037956.021  1037988.001  1038046.003  1038300.005
  4270:  1038614.009  1039357.013  1039357.011  1040001.001  1040074.003
  4275:  1040079.023  1040079.021  1040582.005  1040827.009  1041871.005
  4280:  1041965.009  1041980.013  1041980.011  1042259.001  1042597.003
  4285:  1042602.023  1042602.021  1043048.005  1043100.009  1044603.013
  4290:  1044603.011  1044757.001  1044848.003  1044853.023  1044853.021
  4295:  1044914.001  1044944.003  1045201.005  1045403.009  1046054.013
  4300:  1046054.011  1046195.001  1046589.003  1046594.023  1046594.021
  4305:  1046614.001  1046691.003  1046911.005  1047043.009  1047165.005
  4310:  1047261.009  1047787.005  1047876.009  1047895.013  1047895.011
  4315:  1048139.001  1048370.003  1048375.023  1048375.021  1049776.013
  4320:  1049776.011  1049861.005  1050090.009  1050265.001  1050665.018
  4325:  1050703.003  1050709.016  1050759.026  1051013.005  1051304.009
  4330:  1051587.001  1051987.018  1052332.003  1052338.016  1052388.026
  4335:  1052533.001  1052601.003  1052606.023  1052606.021  1052739.005
  4340:  1053079.009  1054189.005  1054251.009  1054507.013  1054507.011
  4345:  1054634.001  1054837.003  1054842.023  1054842.021  1054903.001
  4350:  1054933.003  1055440.005  1055507.009  1056443.013  1056443.011
  4355:  1057741.001  1058013.003  1058018.023  1058018.021  1058086.001
  4360:  1058115.003  1058397.005  1058565.009  1058933.005  1058944.009
  4365:  1059519.013  1059519.011  1059751.001  1060045.003  1060050.023
  4370:  1060050.021  1060078.001  1060148.003  1061051.013  1061051.011
  4375:  1061208.001  1061608.018  1061790.003  1061796.016  1061846.026
  4380:  1062031.005  1062625.009  1062960.001  1063360.018  1063529.003
  4385:  1063535.016  1063585.026  1063881.005  1064269.009  1064732.001
  4390:  1064833.003  1064838.023  1064838.021  1065153.005  1065313.009
  4395:  1065689.005  1065765.009  1065939.013  1065939.011  1066189.001
  4400:  1066411.003  1066416.023  1066416.021  1067617.013  1067617.011
  4405:  1067764.001  1068164.018  1068208.003  1068214.016  1068240.001
  4410:  1068264.026  1068375.003  1068380.023  1068380.021  1068547.005
  4415:  1068980.009  1070181.013  1070181.011  1070428.001  1070605.003
  4420:  1070610.023  1070610.021  1071489.005  1071572.009  1072611.013
  4425:  1072611.011  1072846.001  1073085.003  1073090.023  1073090.021
  4430:  1073808.005  1074152.009  1074791.013  1074791.011  1074897.001
  4435:  1075297.018  1075539.003  1075545.016  1075595.026  1075854.005
  4440:  1076280.009  1076286.005  1076372.009  1076629.001  1077029.018
  4445:  1077295.003  1077301.016  1077351.026  1077455.001  1077535.003
  4450:  1077540.023  1077540.021  1077665.005  1077903.009  1079041.013
  4455:  1079041.011  1079237.001  1079602.003  1079607.023  1079607.021
  4460:  1080059.005  1080304.009  1080908.013  1080908.011  1081064.001
  4465:  1081293.003  1081298.023  1081298.021  1082299.013  1082299.011
  4470:  1082548.001  1082552.003  1082557.023  1082557.021  1083796.005
  4475:  1083799.009  1083811.005  1083932.009  1084158.013  1084158.011
  4480:  1084301.001  1084661.003  1084666.023  1084666.021  1084707.001
  4485:  1084760.003  1085867.013  1085867.011  1086139.001  1086486.003
  4490:  1086491.023  1086491.021  1087892.013  1087892.011  1087946.001
  4495:  1087997.003  1088002.023  1088002.021  1088035.001  1088091.003
  4500:  1088363.005  1088517.009  1089703.013  1089703.011  1089994.005
  4505:  1090069.009  1090358.001  1090758.018  1090806.003  1090812.016
  4510:  1090862.026  1091027.005  1092452.009  1093143.001  1093187.003
  4515:  1093192.023  1093192.021  1093665.005  1093743.009  1094993.013
  4520:  1094993.011  1095579.001  1095715.003  1095720.023  1095720.021
  4525:  1096118.005  1096515.009  1097621.013  1097621.011  1098022.001
  4530:  1098080.003  1098085.023  1098085.021  1098444.005  1098550.009
  4535:  1099435.005  1099571.009  1100086.013  1100086.011  1100233.001
  4540:  1100467.003  1100472.023  1100472.021  1100503.001  1100571.003
  4545:  1101573.013  1101573.011  1101700.001  1101787.003  1101792.023
  4550:  1101792.021  1101884.001  1101900.003  1102094.005  1102379.009
  4555:  1103093.013  1103093.011  1103241.001  1103641.018  1103790.003
  4560:  1103796.016  1103846.026  1104033.005  1104416.009  1104725.001
  4565:  1105125.018  1105370.003  1105376.016  1105426.026  1105583.005
  4570:  1105598.009  1105679.005  1106000.009  1106246.001  1106646.018
  4575:  1107035.003  1107041.016  1107091.026  1107093.017  1107428.005
  4580:  1107786.009  1108189.001  1108639.018  1108859.003  1108865.016
  4585:  1108915.026  1109055.001  1109129.003  1109134.023  1109134.021
  4590:  1109392.005  1109865.009  1111135.013  1111135.011  1111316.001
  4595:  1111766.018  1111798.003  1111804.016  1111854.026  1112228.005
  4600:  1112563.009  1112581.005  1112612.009  1113085.001  1113535.018
  4605:  1113696.003  1113702.016  1113752.026  1114029.005  1114718.009
  4610:  1115233.001  1115683.018  1115821.003  1115827.016  1115877.026
  4615:  1115879.017  1116090.005  1116547.009  1116586.005  1117147.009
  4620:  1117778.001  1118251.003  1118256.023  1118256.021  1118758.005
  4625:  1118974.009  1119024.005  1119126.009  1120157.013  1120157.011
  4630:  1120321.001  1120483.003  1120488.023  1120488.021  1121489.013
  4635:  1121489.011  1121671.001  1121891.003  1121896.023  1121896.021
  4640:  1122997.013  1122997.011  1123098.001  1123344.003  1123349.023
  4645:  1123349.021  1123402.001  1123433.003  1124550.013  1124550.011
  4650:  1126016.001  1126129.003  1126134.023  1126134.021  1126622.005
  4655:  1126646.009  1126650.005  1126830.009  1127535.013  1127535.011
  4660:  1127617.001  1127669.003  1127674.023  1127674.021  1127973.005
  4665:  1128028.009  1128068.005  1128173.009  1129175.013  1129175.011
  4670:  1129241.001  1129326.003  1129331.023  1129331.021  1131032.013
  4675:  1131032.011  1131976.001  1132307.003  1132312.023  1132312.021
  4680:  1132857.005  1133027.009  1133913.013  1133913.011  1134077.005
  4685:  1134198.009  1134371.001  1134799.003  1134804.023  1134804.021
  4690:  1136347.005  1136425.009  1136605.013  1136605.011  1136774.001
  4695:  1137153.003  1137158.023  1137158.021  1138259.013  1138259.011
  4700:  1138459.001  1138885.003  1138890.023  1138890.021  1138942.001
  4705:  1138984.003  1140291.013  1140291.011  1140458.001  1140757.003
  4710:  1140762.023  1140762.021  1141052.005  1141276.009  1142363.013
  4715:  1142363.011  1142509.001  1142781.003  1142786.023  1142786.021
  4720:  1142850.001  1142888.003  1143171.005  1143240.009  1144087.013
  4725:  1144087.011  1146619.005  1146719.009  1146957.001  1147240.003
  4730:  1147245.023  1147245.021  1147590.005  1147866.009  1148746.013
  4735:  1148746.011  1148974.001  1149314.003  1149319.023  1149319.021
  4740:  1149362.001  1149404.003  1149750.005  1150183.009  1150320.013
  4745:  1150320.011  1150485.001  1150709.003  1150714.023  1150714.021
  4750:  1152595.005  1152669.009  1152715.013  1152715.011  1153275.005
  4755:  1153341.009  1153626.001  1154035.003  1154040.023  1154040.021
  4760:  1154364.005  1154372.009  1154380.005  1154599.009  1155241.013
  4765:  1155241.011  1155399.001  1155657.003  1155662.023  1155662.021
  4770:  1155968.005  1156052.009  1157463.013  1157463.011  1160668.001
  4775:  1160729.003  1160734.023  1160734.021  1161036.005  1161261.009
  4780:  1162635.013  1162635.011  1163481.001  1163689.003  1163694.023
  4785:  1163694.021  1164003.005  1164219.009  1165395.013  1165395.011
  4790:  1165571.001  1165736.003  1165741.023  1165741.021  1166040.005
  4795:  1166195.009  1167242.013  1167242.011  1181286.001  1181466.003
  4800:  1181471.023  1181471.021  1181540.001  1181571.003  1181899.005
  4805:  1182081.009  1182872.013  1182872.011  1183068.001  1183568.018
  4810:  1183664.003  1183670.016  1183720.026  1183941.005  1184335.009
  4815:  1184666.001  1184985.003  1184990.023  1184990.021  1186891.013
  4820:  1186891.011  1187240.001  1187338.003  1187343.023  1187343.021
  4825:  1187843.005  1188103.009  1188344.013  1188344.011  1188477.001
  4830:  1188826.003  1188831.023  1188831.021  1188881.001  1188916.003
  4835:  1190032.013  1190032.011  1192738.001  1192878.003  1192883.023
  4840:  1192883.021  1193201.005  1193290.009  1194584.013  1194584.011
  4845:  1194661.001  1194734.003  1194739.023  1194739.021  1194768.001
  4850:  1194910.003  1195840.013  1195840.011  1196061.001  1196397.003
  4855:  1196402.023  1196402.021  1196742.005  1196870.009  1198403.013
  4860:  1198403.011  1198828.001  1199003.003  1199008.023  1199008.021
  4865:  1200609.013  1200609.011  1200942.001  1200981.003  1200986.023
  4870:  1200986.021  1202287.013  1202287.011  1202549.001  1202671.003
  4875:  1202676.023  1202676.021  1202735.001  1202772.003  1203009.005
  4880:  1203131.009  1204477.013  1204477.011  1206705.001  1206846.003
  4885:  1206851.023  1206851.021  1207261.005  1207373.009  1207852.013
  4890:  1207852.011  1207963.001  1208284.003  1208289.023  1208289.021
  4895:  1208348.001  1208378.003  1209390.013  1209390.011  1209572.001
  4900:  1210072.018  1210555.003  1210561.016  1210611.026  1210873.005
  4905:  1211336.009  1211341.005  1211362.009  1211866.001  1212366.018
  4910:  1212391.003  1212397.016  1212447.026  1212498.001  1212585.003
  4915:  1212590.023  1212590.021  1212759.005  1213031.009  1213130.005
  4920:  1213520.009  1213968.005  1214051.009  1214191.013  1214191.011
  4925:  1214368.001  1214615.003  1214620.023  1214620.021  1216321.013
  4930:  1216321.011  1216563.001  1216713.003  1216718.023  1216718.021
  4935:  1217471.005  1217561.009  1218119.013  1218119.011  1218278.001
  4940:  1218596.003  1218601.023  1218601.021  1220102.013  1220102.011
  4945:  1220257.001  1220757.018  1220919.003  1220925.016  1220975.026
  4950:  1221209.005  1221802.009  1222481.001  1222618.003  1222623.023
  4955:  1222623.021  1222687.001  1222796.003  1224424.013  1224424.011
  4960:  1224646.001  1224714.003  1224719.023  1224719.021  1225920.013
  4965:  1225920.011  1226091.001  1226173.003  1226178.023  1226178.021
  4970:  1226505.005  1226523.009  1226524.005  1226609.009  1228079.013
  4975:  1228079.011  1228210.001  1228453.003  1228458.023  1228458.021
  4980:  1228863.005  1228956.009  1230459.013  1230459.011  1230522.001
  4985:  1230902.003  1230907.023  1230907.021  1232208.013  1232208.011
  4990:  1232357.001  1232393.003  1232398.023  1232398.021  1233599.013
  4995:  1233599.011  1233757.001  1234257.018  1234264.003  1234270.016
  5000:  1234320.026  1234513.005  1234810.009  1235097.001  1235597.018
  5005:  1235749.003  1235755.016  1235805.026  1235810.001  1235888.003
  5010:  1235893.023  1235893.021  1236125.005  1236619.009  1237194.013
  5015:  1237194.011  1237364.001  1237812.003  1237817.023  1237817.021
  5020:  1237883.001  1237914.003  1239518.013  1239518.011  1239657.001
  5025:  1239748.003  1239753.023  1239753.021  1239794.001  1239865.003
  5030:  1239906.001  1240057.003  1241654.013  1241654.011  1241847.001
  5035:  1242279.003  1242284.023  1242284.021  1242314.001  1242378.003
  5040:  1243135.005  1243352.009  1244285.013  1244285.011  1245434.001
  5045:  1245572.003  1245577.023  1245577.021  1245933.005  1246057.009
  5050:  1246978.013  1246978.011  1247661.001  1247776.003  1247781.023
  5055:  1247781.021  1248557.005  1248649.009  1248882.013  1248882.011
  5060:  1248987.001  1249009.003  1249014.023  1249014.021  1249030.001
  5065:  1249153.003  1250015.013  1250015.011  1250113.001  1250264.003
  5070:  1250269.023  1250269.021  1250742.005  1250809.009  1251770.013
  5075:  1251770.011  1251838.001  1251942.003  1251947.023  1251947.021
  5080:  1251975.001  1252042.003  1253548.013  1253548.011  1253696.001
  5085:  1254130.003  1254135.023  1254135.021  1254592.005  1254769.009
  5090:  1255376.005  1255410.009  1255936.013  1255936.011  1256053.001
  5095:  1256553.018  1256730.003  1256736.016  1256786.026  1256994.005
  5100:  1257520.009  1257760.001  1258260.018  1258912.003  1258918.016
  5105:  1258968.026  1259239.005  1259871.009  1260160.001  1260660.018
  5110:  1261208.003  1261214.016  1261264.026  1261266.017  1261475.005
  5115:  1261889.009  1262278.001  1262828.018  1262862.003  1262868.016
  5120:  1262918.026  1263178.005  1264162.009  1265096.001  1265646.018
  5125:  1265686.003  1265692.016  1265742.026  1265814.001  1265852.003
  5130:  1265857.023  1265857.021  1265956.005  1266379.009  1267458.013
  5135:  1267458.011  1267618.001  1267870.003  1267875.023  1267875.021
  5140:  1267925.001  1267963.003  1268205.005  1268219.009  1268235.005
  5145:  1268666.009  1269576.013  1269576.011  1271746.001  1271768.003
  5150:  1271773.023  1271773.021  1272329.005  1272390.009  1272417.005
  5155:  1272432.009  1273774.013  1273774.011  1274950.001  1275167.003
  5160:  1275172.023  1275172.021  1276373.013  1276373.011  1276457.001
  5165:  1276961.003  1276966.023  1276966.021  1277281.005  1277410.009
  5170:  1277967.013  1277967.011  1278129.001  1278465.003  1278470.023
  5175:  1278470.021  1278505.001  1278555.003  1279871.013  1279871.011
  5180:  1281535.001  1281633.003  1281638.023  1281638.021  1282426.005
  5185:  1282510.009  1283139.013  1283139.011  1283294.001  1283619.003
  5190:  1283624.023  1283624.021  1283683.001  1283718.003  1285425.013
  5195:  1285425.011  1286420.001  1286484.003  1286489.023  1286489.021
  5200:  1286811.005  1287072.009  1288390.013  1288390.011  1288974.001
  5205:  1289288.003  1289293.023  1289293.021  1290394.013  1290394.011
  5210:  1290458.001  1290561.003  1290566.023  1290566.021  1290618.001
  5215:  1290663.003  1290859.005  1291000.009  1291867.013  1291867.011
  5220:  1293234.001  1293334.003  1293339.023  1293339.021  1293709.005
  5225:  1293750.009  1295140.013  1295140.011  1295223.001  1295282.003
  5230:  1295287.023  1295287.021  1295315.001  1295568.003  1297160.005
  5235:  1297188.013  1297188.011  1297509.009  1297806.001  1298207.003
  5240:  1298212.023  1298212.021  1298515.005  1298712.009  1299813.013
  5245:  1299813.011  1299953.001  1300011.003  1300016.023  1300016.021
  5250:  1300090.001  1300206.003  1300495.005  1300545.009  1301093.005
  5255:  1301228.009  1301417.013  1301417.011  1301536.001  1301806.003
  5260:  1301811.023  1301811.021  1301843.001  1301908.003  1303812.013
  5265:  1303812.011  1304109.001  1304386.003  1304391.023  1304391.021
  5270:  1304435.001  1304488.003  1305065.005  1305283.009  1305592.013
  5275:  1305592.011  1305756.001  1306164.003  1306169.023  1306169.021
  5280:  1306207.001  1306257.003  1306461.005  1306537.009  1307670.013
  5285:  1307670.011  1308425.001  1308499.003  1308504.023  1308504.021
  5290:  1308926.005  1309098.009  1309605.013  1309605.011  1309733.001
  5295:  1309740.003  1309745.001  1309745.023  1309745.021  1309869.003
  5300:  1310880.005  1310894.009  1311046.013  1311046.011  1311162.001
  5305:  1311367.003  1311372.023  1311372.021  1312373.013  1312373.011
  5310:  1312466.001  1312871.003  1312876.023  1312876.021  1312934.001
  5315:  1312965.003  1313197.005  1313429.009  1314577.013  1314577.011
  5320:  1314721.001  1315195.003  1315200.023  1315200.021  1315207.001
  5325:  1315296.003  1315520.005  1315646.009  1317101.013  1317101.011
  5330:  1317277.001  1317827.018  1317852.003  1317858.016  1317908.026
  5335:  1318079.005  1318498.009  1318924.001  1319321.003  1319326.023
  5340:  1319326.021  1319745.005  1319899.009  1320527.013  1320527.011
  5345:  1320815.001  1321106.003  1321111.023  1321111.021  1321140.001
  5350:  1321209.003  1321485.005  1321551.009  1322812.013  1322812.011
  5355:  1323061.001  1323454.003  1323459.023  1323459.021  1323476.001
  5360:  1323557.003  1324860.013  1324860.011  1325088.001  1325184.003
  5365:  1325189.023  1325189.021  1325246.001  1325378.003  1325760.005
  5370:  1325768.009  1325788.005  1325998.009  1326990.013  1326990.011
  5375:  1327146.001  1327577.003  1327582.023  1327582.021  1328683.013
  5380:  1328683.011  1328832.001  1329241.003  1329246.023  1329246.021
  5385:  1331247.013  1331247.011  1331396.001  1331735.003  1331740.023
  5390:  1331740.021  1331766.001  1331838.003  1332741.013  1332741.011
  5395:  1332919.001  1333386.003  1333391.023  1333391.021  1333733.005
  5400:  1333739.009  1333741.005  1333919.009  1334310.005  1334353.009
  5405:  1334892.013  1334892.011  1335037.001  1335349.003  1335354.023
  5410:  1335354.021  1335393.001  1335443.003  1336955.013  1336955.011
  5415:  1337119.001  1337605.003  1337610.023  1337610.021  1337626.001
  5420:  1337708.003  1338164.005  1338218.009  1338355.005  1338528.009
  5425:  1338911.013  1338911.011  1339039.001  1339474.003  1339479.023
  5430:  1339479.021  1340780.013  1340780.011  1341800.005  1342025.009
  5435:  1342264.001  1342364.003  1342369.023  1342369.021  1343870.013
  5440:  1343870.011  1344150.001  1344250.003  1344255.023  1344255.021
  5445:  1344565.005  1344687.009  1345356.013  1345356.011  1345473.001
  5450:  1345477.003  1345482.023  1345482.021  1345571.001  1345729.003
  5455:  1346663.005  1346683.013  1346683.011  1346710.009  1347002.001
  5460:  1347184.003  1347189.023  1347189.021  1348190.013  1348190.011
  5465:  1348350.001  1348900.018  1348996.003  1349002.016  1349052.026
  5470:  1349220.005  1349600.009  1349856.001  1349901.003  1349906.023
  5475:  1349906.021  1349960.001  1350008.003  1351607.013  1351607.011
  5480:  1351759.001  1352068.003  1352073.023  1352073.021  1352108.001
  5485:  1352155.003  1352394.005  1352464.009  1352487.005  1352576.009
  5490:  1353674.013  1353674.011  1355511.001  1355574.003  1355579.023
  5495:  1355579.021  1355640.001  1355673.003  1357380.013  1357380.011
  5500:  1358258.001  1358301.003  1358306.023  1358306.021  1358626.005
  5505:  1358856.009  1360207.013  1360207.011  1360335.001  1360885.018
  5510:  1360996.003  1361002.016  1361052.026  1361256.005  1361774.009
  5515:  1362311.001  1362861.018  1362922.003  1362928.016  1362978.026
  5520:  1363260.005  1363681.009  1364279.001  1364563.003  1364568.023
  5525:  1364568.021  1364922.005  1364926.009  1364939.005  1365043.009
  5530:  1366569.013  1366569.011  1366711.001  1367015.003  1367020.023
  5535:  1367020.021  1367071.001  1367118.003  1368421.013  1368421.011
  5540:  1368507.005  1368577.009  1368793.001  1369009.003  1369014.023
  5545:  1369014.021  1369062.001  1369094.003  1370315.013  1370315.011
  5550:  1370805.005  1370829.009  1370839.005  1370853.009  1371269.001
  5555:  1371373.003  1371378.023  1371378.021  1373079.013  1373079.011
  5560:  1373501.001  1373691.003  1373696.023  1373696.021  1375597.013
  5565:  1375597.011  1375736.001  1376231.003  1376236.023  1376236.021
  5570:  1376582.005  1376810.009  1378237.013  1378237.011  1378413.001
  5575:  1378674.003  1378679.023  1378679.021  1378725.001  1378777.003
  5580:  1380280.013  1380280.011  1380479.001  1380979.003  1380984.023
  5585:  1380984.021  1381507.005  1381610.009  1381985.013  1381985.011
  5590:  1383227.001  1383304.003  1383309.023  1383309.021  1383617.005
  5595:  1383782.009  1384510.013  1384510.011  1384685.001  1385179.003
  5600:  1385184.023  1385184.021  1385254.001  1385281.003  1385536.005
  5605:  1385561.009  1386585.013  1386585.011  1386769.001  1387227.003
  5610:  1387232.023  1387232.021  1387675.005  1387705.009  1388333.013
  5615:  1388333.011  1393616.005  1393628.009  1394232.001  1394402.003
  5620:  1394407.023  1394407.021  1395908.013  1395908.011  1396101.001
  5625:  1396215.003  1396220.023  1396220.021  1396628.005  1396698.009
  5630:  1396700.005  1396789.009  1397736.005  1397832.009  1398021.013
  5635:  1398021.011  1398208.001  1398365.003  1398370.023  1398370.021
  5640:  1398417.001  1398454.003  1400371.013  1400371.011  1400495.001
  5645:  1400959.003  1400964.023  1400964.021  1402565.013  1402565.011
  5650:  1402744.001  1403011.003  1403016.023  1403016.021  1403339.005
  5655:  1403415.009  1404117.013  1404117.011  1404720.001  1404847.003
  5660:  1404852.023  1404852.021  1406053.013  1406053.011  1406213.001
  5665:  1406588.003  1406593.023  1406593.021  1406610.001  1406682.003
  5670:  1408294.013  1408294.011  1408434.001  1408894.003  1408899.023
  5675:  1408899.021  1410300.013  1410300.011  1410405.001  1410847.003
  5680:  1410852.023  1410852.021  1410864.001  1410948.003  1411228.005
  5685:  1411413.009  1412353.013  1412353.011  1427318.005  1427333.009
  5690:  1427981.001  1428091.003  1428096.023  1428096.021  1429997.013
  5695:  1429997.011  1430144.001  1430694.018  1430708.003  1430714.016
  5700:  1430764.026  1430979.005  1431285.009  1432113.001  1432300.003
  5705:  1432305.023  1432305.021  1432338.001  1432403.003  1432717.005
  5710:  1432813.009  1433306.013  1433306.011  1433545.001  1433718.003
  5715:  1433723.023  1433723.021  1435024.013  1435024.011  1435213.001
  5720:  1435763.018  1435788.003  1435794.016  1435844.026  1435996.005
  5725:  1436263.009  1436547.001  1437097.018  1437701.003  1437707.016
  5730:  1437757.026  1437766.001  1437861.003  1437866.023  1437866.021
  5735:  1438007.005  1438546.009  1439667.013  1439667.011  1439824.001
  5740:  1440374.018  1440462.003  1440468.016  1440518.026  1440551.001
  5745:  1440610.003  1440615.023  1440615.021  1440825.005  1441475.009
  5750:  1441916.013  1441916.011  1442060.001  1442610.018  1442644.003
  5755:  1442650.016  1442700.026  1442717.001  1442786.003  1442791.023
  5760:  1442791.021  1443092.005  1443557.009  1443618.005  1443830.009
  5765:  1444392.013  1444392.011  1444528.001  1445078.018  1445169.003
  5770:  1445175.016  1445225.026  1445252.001  1445335.003  1445340.023
  5775:  1445340.021  1445531.005  1445989.009  1446441.013  1446441.011
  5780:  1446669.001  1447219.018  1447333.003  1447339.016  1447389.026
  5785:  1448145.005  1448521.009  1449408.001  1449552.003  1449557.023
  5790:  1449557.021  1449943.005  1450256.009  1451058.013  1451058.011
  5795:  1451201.001  1451564.003  1451569.023  1451569.021  1452385.005
  5800:  1452588.009  1452770.013  1452770.011  1453029.001  1453251.003
  5805:  1453256.023  1453256.021  1453278.001  1453317.003  1455057.013
  5810:  1455057.011  1455191.001  1455581.003  1455586.023  1455586.021
  5815:  1456030.005  1456104.009  1456587.013  1456587.011  1456742.001
  5820:  1457043.003  1457048.023  1457048.021  1457398.005  1457520.009
  5825:  1457930.005  1457941.009  1458749.013  1458749.011  1459537.001
  5830:  1459641.003  1459646.023  1459646.021  1460036.005  1460166.009
  5835:  1461547.013  1461547.011  1461618.001  1462168.018  1462312.003
  5840:  1462318.016  1462368.026  1462526.005  1462863.009  1463268.001
  5845:  1463818.018  1464097.003  1464103.016  1464153.026  1464462.005
  5850:  1464752.009  1465206.001  1465756.018  1466476.003  1466482.016
  5855:  1466532.026  1466534.017  1466829.005  1467216.009  1469657.005
  5860:  1469893.009  1470326.001  1470497.003  1470502.023  1470502.021
  5865:  1472503.013  1472503.011  1472608.001  1473028.003  1473033.023
  5870:  1473033.021  1473053.001  1473113.003  1473421.005  1473545.009
  5875:  1474434.013  1474434.011  1474701.001  1474910.003  1474915.023
  5880:  1474915.021  1474953.001  1475000.003  1476816.013  1476816.011
  5885:  1476949.001  1477210.003  1477215.023  1477215.021  1477236.001
  5890:  1477299.003  1477575.005  1477709.009  1479216.013  1479216.011
  5895:  1479468.001  1479924.003  1479929.023  1479929.021  1479990.001
  5900:  1480005.003  1480243.005  1480428.009  1481230.013  1481230.011
  5905:  1481401.001  1482001.018  1482003.003  1482009.016  1482059.026
  5910:  1482309.005  1482778.009  1483117.001  1483717.018  1483782.003
  5915:  1483788.016  1483838.026  1483886.001  1483963.003  1483968.023
  5920:  1483968.021  1484105.005  1484514.009  1485369.013  1485369.011
  5925:  1485534.001  1485756.003  1485761.023  1485761.021  1485780.001
  5930:  1485844.003  1487362.013  1487362.011  1488103.001  1488342.003
  5935:  1488347.023  1488347.021  1488376.001  1488434.003  1488701.005
  5940:  1488835.009  1488845.005  1488846.009  1489848.013  1489848.011
  5945:  1490025.001  1490181.003  1490186.023  1490186.021  1490193.001
  5950:  1490459.003  1491287.013  1491287.011  1491544.001  1491676.003
  5955:  1491681.023  1491681.021  1492202.005  1492231.009  1492882.013
  5960:  1492882.011  1493039.001  1493325.003  1493330.023  1493330.021
  5965:  1493346.001  1493428.003  1493723.005  1493821.009  1495031.013
  5970:  1495031.011  1495170.001  1495679.003  1495684.023  1495684.021
  5975:  1496685.013  1496685.011  1496832.001  1497321.003  1497326.023
  5980:  1497326.021  1497729.005  1497868.009  1499127.013  1499127.011
  5985:  1499375.001  1499497.003  1499502.023  1499502.021  1501203.013
  5990:  1501203.011  1501310.001  1501910.018  1502016.003  1502022.016
  5995:  1502072.026  1502276.005  1502645.009  1502975.001  1503431.003
  6000:  1503436.023  1503436.021  1503470.001  1503520.003  1505437.013
  6005:  1505437.011  1505574.001  1505647.003  1505652.023  1505652.021
  6010:  1505661.001  1505734.003  1506009.005  1506053.009  1506056.005
  6015:  1506104.009  1506653.013  1506653.011  1506844.001  1507067.003
  6020:  1507072.023  1507072.021  1507085.001  1507169.003  1508173.013
  6025:  1508173.011  1508363.001  1508732.003  1508737.023  1508737.021
  6030:  1508785.001  1508839.003  1510038.013  1510038.011  1510179.001
  6035:  1510494.003  1510499.023  1510499.021  1511900.013  1511900.011
  6040:  1512020.001  1512620.018  1512739.003  1512745.016  1512795.026
  6045:  1512945.005  1513434.009  1513805.001  1514379.003  1514384.023
  6050:  1514384.021  1515985.013  1515985.011  1516171.001  1516431.003
  6055:  1516436.023  1516436.021  1516448.001  1516504.003  1517637.013
  6060:  1517637.011  1518716.001  1518900.003  1518905.023  1518905.021
  6065:  1518958.001  1518993.003  1520406.013  1520406.011  1520555.001
  6070:  1520811.003  1520816.023  1520816.021  1520834.001  1520905.003
  6075:  1521145.005  1521160.009  1522617.013  1522617.011  1524624.001
  6080:  1524996.003  1525001.023  1525001.021  1525229.005  1525376.009
  6085:  1526902.013  1526902.011  1527033.001  1527601.003  1527606.023
  6090:  1527606.021  1527943.005  1527952.009  1527957.005  1527960.009
  6095:  1527968.005  1528059.009  1529607.013  1529607.011  1529742.001
  6100:  1530258.003  1530263.023  1530263.021  1532164.013  1532164.011
  6105:  1532891.001  1533169.003  1533174.023  1533174.021  1533226.001
  6110:  1533264.003  1533459.005  1533532.009  1534675.013  1534675.011
  6115:  1537714.001  1537753.003  1537758.023  1537758.021  1538959.013
  6120:  1538959.011  1539835.001  1540315.003  1540320.023  1540320.021
  6125:  1541921.013  1541921.011  1547516.001  1547775.003  1547780.023
  6130:  1547780.021  1547843.001  1547872.003  1548781.013  1548781.011
  6135:  1549001.001  1549404.003  1549409.023  1549409.021  1551210.013
  6140:  1551210.011  1552829.001  1553097.003  1553102.023  1553102.021
  6145:  1554503.013  1554503.011  1554569.001  1554584.003  1554589.023
  6150:  1554589.021  1556290.013  1556290.011  1556458.001  1556904.003
  6155:  1556909.023  1556909.021  1557234.005  1557376.009  1558010.013
  6160:  1558010.011  1558349.005  1558416.009  1558710.001  1558951.003
  6165:  1558956.023  1558956.021  1560257.013  1560257.011  1560464.001
  6170:  1560897.003  1560902.023  1560902.021  1562803.013  1562803.011
  6175:  1562976.001  1563509.003  1563514.023  1563514.021  1563574.001
  6180:  1563584.003  1563860.005  1563965.009  1565515.013  1565515.011
  6185:  1584680.001  1584982.003  1584987.023  1584987.021  1585030.001
  6190:  1585089.003  1585333.005  1585343.009  1585356.005  1585403.009
  6195:  1586588.013  1586588.011  1608289.005  1608319.009  1608956.001
  6200:  1609556.018  1609689.003  1609695.016  1609745.026  1609949.005
  6205:  1610474.009  1610489.005  1610819.009  1611712.001  1612309.003
  6210:  1612314.023  1612314.021  1613615.013  1613615.011  1613815.001
  6215:  1614218.003  1614223.023  1614223.021  1614255.001  1614315.003
  6220:  1615224.013  1615224.011  1615533.001  1616076.003  1616081.023
  6225:  1616081.021  1616102.001  1616159.003  1617182.013  1617182.011
  6230:  1617335.001  1617933.003  1617938.023  1617938.021  1617982.001
  6235:  1618031.003  1618408.005  1618444.009  1619139.013  1619139.011
  6240:  1619298.001  1619852.003  1619857.023  1619857.021  1621258.013
  6245:  1621258.011  1621403.001  1621746.003  1621751.023  1621751.021
  6250:  1621768.001  1621838.003  1623252.013  1623252.011  1623497.001
  6255:  1623621.003  1623626.023  1623626.021  1623630.001  1623967.003
  6260:  1625327.013  1625327.011  1625777.001  1626360.003  1626365.023
  6265:  1626365.021  1626421.001  1626460.003  1627150.005  1627228.009
  6270:  1628166.013  1628166.011  1628319.001  1628919.018  1629070.003
  6275:  1629076.016  1629126.026  1629267.005  1629621.009  1630268.001
  6280:  1630868.018  1631072.003  1631078.016  1631128.026  1631192.001
  6285:  1631270.003  1631275.023  1631275.021  1631423.005  1631840.009
  6290:  1632376.013  1632376.011  1632540.001  1633126.003  1633131.023
  6295:  1633131.021  1633164.001  1633213.003  1634332.013  1634332.011
  6300:  1634593.001  1634682.003  1634687.023  1634687.021  1635688.013
  6305:  1635688.011  1635905.001  1636321.003  1636326.023  1636326.021
  6310:  1637727.013  1637727.011  1637844.001  1638356.003  1638361.023
  6315:  1638361.021  1639862.013  1639862.011  1639982.001  1640405.003
  6320:  1640410.023  1640410.021  1640440.001  1640505.003  1641711.013
  6325:  1641711.011  1641865.001  1642333.003  1642338.023  1642338.021
  6330:  1642384.001  1642423.003  1643939.013  1643939.011  1644204.001
  6335:  1644450.003  1644455.023  1644455.021  1645428.005  1645467.009
  6340:  1646156.013  1646156.011  1646301.001  1646901.018  1646944.003
  6345:  1646950.016  1647000.026  1647108.005  1648007.009  1648492.001
  6350:  1648807.003  1648812.023  1648812.021  1650613.013  1650613.011
  6355:  1650744.001  1651198.003  1651203.023  1651203.021  1651266.001
  6360:  1651298.003  1651759.005  1651779.009  1653104.013  1653104.011
  6365:  1653238.001  1653296.003  1653301.023  1653301.021  1653317.001
  6370:  1653530.003  1655302.013  1655302.011  1655555.001  1655617.003
  6375:  1655622.023  1655622.021  1656377.005  1656503.009  1657523.013
  6380:  1657523.011  1657687.001  1657938.003  1657943.023  1657943.021
  6385:  1657963.001  1658028.003  1658901.005  1658951.009  1659544.013
  6390:  1659544.011  1659716.001  1660291.003  1660296.023  1660296.021
  6395:  1660356.001  1660369.003  1660618.005  1660639.009  1661397.013
  6400:  1661397.011  1661586.001  1661980.003  1661985.023  1661985.021
  6405:  1663486.013  1663486.011  1663565.001  1663577.003  1663582.023
  6410:  1663582.021  1664783.013  1664783.011  1664998.001  1665242.003
  6415:  1665247.023  1665247.021  1667248.013  1667248.011  1667423.001
  6420:  1667891.003  1667896.023  1667896.021  1667953.001  1667987.003
  6425:  1669597.013  1669597.011  1669789.001  1670284.003  1670289.023
  6430:  1670289.021  1670646.005  1670657.009  1670666.005  1670824.009
  6435:  1671590.013  1671590.011  1671721.001  1671872.003  1671877.023
  6440:  1671877.021  1672878.013  1672878.011  1673071.001  1673405.003
  6445:  1673410.023  1673410.021  1673735.005  1673884.009  1674811.013
  6450:  1674811.011  1675618.001  1675998.003  1676003.023  1676003.021
  6455:  1676057.001  1676098.003  1676358.005  1676370.009  1676403.005
  6460:  1676431.009  1677804.013  1677804.011  1677979.001  1678579.018
  6465:  1678586.003  1678592.016  1678642.026  1678800.005  1679337.009
  6470:  1679701.001  1680301.018  1680722.003  1680728.016  1680760.001
  6475:  1680778.026  1680857.003  1680862.023  1680862.021  1680981.005
  6480:  1681419.009  1682063.013  1682063.011  1682237.001  1682837.018
  6485:  1683064.003  1683070.016  1683120.026  1683242.005  1683640.009
  6490:  1684095.001  1684695.018  1685024.003  1685030.016  1685080.026
  6495:  1685286.005  1685835.009  1686495.001  1687095.018  1687359.003
  6500:  1687365.016  1687415.026  1687664.005  1688006.009  1688720.001
  6505:  1689150.003  1689155.023  1689155.021  1689825.005  1689962.009
  6510:  1690556.013  1690556.011  1690712.001  1690961.003  1690966.023
  6515:  1690966.021  1691007.001  1691054.003  1692567.013  1692567.011
  6520:  1692698.001  1693072.003  1693077.023  1693077.021  1694778.013
  6525:  1694778.011  1694897.001  1695158.003  1695163.023  1695163.021
  6530:  1695210.001  1695260.003  1696264.013  1696264.011  1696408.001
  6535:  1696846.003  1696851.023  1696851.021  1696874.001  1696922.003
  6540:  1698352.013  1698352.011  1698356.005  1698371.009  1698730.001
  6545:  1699317.003  1699322.023  1699322.021  1701323.013  1701323.011
  6550:  1701491.001  1701987.003  1701992.023  1701992.021  1702246.005
  6555:  1702489.009  1703793.013  1703793.011  1703927.001  1704174.003
  6560:  1704179.023  1704179.021  1704205.001  1704275.003  1704645.005
  6565:  1704699.009  1706080.013  1706080.011  1706215.001  1706297.003
  6570:  1706302.023  1706302.021  1706317.001  1706374.003  1707303.013
  6575:  1707303.011  1707484.001  1707918.003  1707923.023  1707923.021
  6580:  1707976.001  1708022.003  1709224.013  1709224.011  1709356.001
  6585:  1709598.003  1709603.023  1709603.021  1710604.013  1710604.011
  6590:  1710738.001  1711294.003  1711299.023  1711299.021  1711713.005
  6595:  1711745.009  1712700.013  1712700.011  1712810.001  1712988.003
  6600:  1712993.023  1712993.021  1713005.001  1713328.003  1714694.013
  6605:  1714694.011  1714815.001  1715288.003  1715293.023  1715293.021
  6610:  1715360.001  1715389.003  1715675.005  1715721.009  1716794.013
  6615:  1716794.011  1717697.001  1718297.018  1718311.003  1718317.016
  6620:  1718367.026  1718484.005  1719115.009  1719521.001  1720121.018
  6625:  1720215.003  1720221.016  1720271.026  1720650.005  1721113.009
  6630:  1722235.001  1722273.003  1722278.023  1722278.021  1723879.013
  6635:  1723879.011  1723992.001  1724235.003  1724240.023  1724240.021
  6640:  1724263.001  1724318.003  1724599.005  1724757.009  1726041.013
  6645:  1726041.011  1726172.001  1726531.003  1726536.023  1726536.021
  6650:  1726545.001  1726600.003  1727637.013  1727637.011  1727753.001
  6655:  1727979.003  1727984.023  1727984.021  1728045.001  1728055.003
  6660:  1729885.013  1729885.011  1730020.001  1730445.003  1730450.023
  6665:  1730450.021  1730474.001  1730540.003  1730861.005  1730935.009
  6670:  1732451.013  1732451.011  1732608.001  1733129.003  1733134.023
  6675:  1733134.021  1734335.013  1734335.011  1734440.001  1734837.003
  6680:  1734842.023  1734842.021  1736143.013  1736143.011  1736303.001
  6685:  1736705.003  1736710.023  1736710.021  1736778.001  1736789.003
  6690:  1738611.013  1738611.011  1738777.001  1739236.003  1739241.023
  6695:  1739241.021  1739253.001  1739328.003  1740742.013  1740742.011
  6700:  1740848.001  1741291.003  1741296.023  1741296.021  1741339.001
  6705:  1741389.003  1741605.005  1741764.009  1742297.013  1742297.011
  6710:  1742500.001  1742777.003  1742782.023  1742782.021  1743883.013
  6715:  1743883.011  1744042.001  1744273.003  1744278.023  1744278.021
  6720:  1744289.001  1744478.003  1744806.005  1744989.009  1745479.013
  6725:  1745479.011  1745655.001  1746255.018  1746317.003  1746323.016
  6730:  1746373.026  1746401.001  1746424.003  1746429.023  1746429.021
  6735:  1746634.005  1747039.009  1747158.005  1747243.009  1748130.013
  6740:  1748130.011  1748196.001  1748250.003  1748255.023  1748255.021
  6745:  1748288.001  1748394.003  1748668.005  1748745.009  1749556.013
  6750:  1749556.011  1749729.001  1749897.003  1749902.023  1749902.021
  6755:  1751303.013  1751303.011  1751580.001  1751713.003  1751718.023
  6760:  1751718.021  1753519.013  1753519.011  1753638.001  1754238.018
  6765:  1754364.003  1754370.016  1754420.026  1754556.005  1755126.009
  6770:  1755452.001  1755967.003  1755972.023  1755972.021  1756029.001
  6775:  1756070.003  1757973.013  1757973.011  1758090.001  1758337.003
  6780:  1758342.023  1758342.021  1758357.001  1758415.003  1758748.005
  6785:  1758751.009  1758776.005  1758832.009  1759943.013  1759943.011
  6790:  1760044.001  1760378.003  1760383.023  1760383.021  1760418.001
  6795:  1760472.003  1761484.013  1761484.011  1761612.001  1762212.018
  6800:  1762218.003  1762224.016  1762274.026  1762416.005  1762831.009
  6805:  1763107.001  1763197.003  1763202.023  1763202.021  1764703.013
  6810:  1764703.011  1764814.001  1765240.003  1765245.023  1765245.021
  6815:  1765630.005  1765769.009  1766446.013  1766446.011  1766726.001
  6820:  1766830.003  1766835.023  1766835.021  1768236.013  1768236.011
  6825:  1768440.001  1768473.003  1768478.023  1768478.021  1770279.013
  6830:  1770279.011  1770445.001  1770815.003  1770820.023  1770820.021
  6835:  1771223.005  1771266.009  1772821.013  1772821.011  1772822.061
  6840:  1772823.061  1772824.061  1772825.061  1772826.061
B:
     0:        0.000      972.000        0.000      972.000        0.000
     5:      911.000        0.000        0.000        0.000      911.000
    10:        0.000      667.000        0.000      667.000        0.000
    15:        0.000      134.000        7.000      132.000        0.000
    20:        0.000      666.000        0.000      666.000        0.000
    25:        0.000      134.000        0.000        0.000        0.000
    30:        0.000
D:
     0:  1813670.000  1813301.000  1813671.000
E:
     0:      250.000      600.000
P:
     0:        2.000        2.200        2.400        2.600        2.800
     5:        3.000        3.200        3.400        3.600        3.800
    10:        4.000
T:
     0:        0.000        0.000        0.000        0.000
W:
     0:        0.000        0.000        0.000
