File: C:\MED-PC IV\Data\Reyes\BB\BB1112.999


Start Date: 06/29/25
End Date: 06/29/25
Subject: 112
Experiment: BB
Group: NO_TIMEOUT_RET
Box: 2
Start Time: 18:29:56
End Time: 19:16:58
MSN: DRRD_no_timeout_retract
C:       0.000
F:       0.000
G:       0.000
H:       0.000
I:       0.000
J:       0.000
K:     500.000
L:       0.000
M:       0.000
N:     800.000
O:       0.000
Q:       0.000
R:       0.000
S:       0.000
U:   51612.000
V:       0.000
X:     250.000
Y:    8757.000
Z:       0.000
A:
     0:     1192.005     1221.009     1226.005     1411.009     1414.005
     5:     1430.009     1443.005     1459.009     1483.005     1552.009
    10:     1638.005     1891.009     1924.005     1937.009     3948.005
    15:     4226.009     4235.005     4577.009     8211.005     8224.009
    20:     8228.005     8235.009     8237.005     8355.009     8357.005
    25:     8368.009     8374.005     8384.009     8405.005     8406.009
    30:     8417.005     8427.009     8434.005     8446.009     8447.005
    35:     8867.009     8876.005     9535.009    12416.005    12420.009
    40:    12424.005    12429.009    12484.005    12569.009    12576.005
    45:    12581.009    12586.005    12607.009    12612.005    12631.009
    50:    15000.013    15000.011    15952.005    16066.009    17041.001
    55:    17273.003    17278.023    17278.021    17529.013    17529.011
    60:    17631.005    17637.009    17662.005    17666.009    17695.005
    65:    17706.009    17716.005    18358.009    20352.005    20685.009
    70:    20849.001    21099.018    21158.003    21164.016    21214.026
    75:    21298.005    21833.009    21847.005    21856.009    21906.005
    80:    21923.009    21932.005    21977.009    21982.005    22160.009
    85:    22320.001    22570.018    22572.003    22578.016    22628.026
    90:    23057.005    23064.009    23087.005    23633.009    23729.001
    95:    23979.018    24077.003    24083.016    24133.026    24135.017
   100:    24208.005    25328.009    25550.001    25843.003    25848.023
   105:    25848.021    26099.013    26099.011    26139.005    26144.009
   110:    26149.005    26155.009    26213.005    26728.009    26765.005
   115:    26786.009    27248.001    27408.003    27413.023    27413.021
   120:    27664.013    27664.011    27829.005    28242.009    28247.005
   125:    28261.009    28301.005    28315.009    28411.001    28569.003
   130:    28574.023    28574.021    28825.013    28825.011    28922.005
   135:    29263.009    29293.005    29324.009    29421.001    29635.003
   140:    29640.023    29640.021    29891.013    29891.011    30435.005
   145:    30443.009    30444.005    30450.009    30454.005    30617.009
   150:    30622.005    30635.009    30660.005    30664.009    30665.005
   155:    30670.009    30686.005    30710.009    30727.005    30736.009
   160:    30739.005    30749.009    30773.005    30907.009    31082.001
   165:    31291.003    31296.023    31296.021    31547.013    31547.011
   170:    31600.005    31609.009    31625.005    31854.009    31858.005
   175:    31862.009    31903.005    32157.009    32415.001    32505.003
   180:    32510.023    32510.021    32761.013    32761.011    32842.005
   185:    33156.009    33377.001    33464.003    33469.023    33469.021
   190:    33480.001    33535.003    33541.001    33564.003    33720.013
   195:    33720.011    33757.005    34028.009    34029.005    34055.009
   200:    34059.005    34087.009    34129.005    34146.009    34251.001
   205:    34551.018    34654.003    34660.016    34666.001    34710.026
   210:    34883.003    34888.023    34888.021    34920.005    34939.009
   215:    34952.005    35139.013    35139.011    35835.009    35926.005
   220:    35933.009    36222.001    36522.018    36667.003    36673.016
   225:    36723.026    36790.005    37414.009    37446.005    37477.009
   230:    37501.005    37515.009    38189.005    38193.009    38209.005
   235:    38242.009    38261.005    38369.009    38376.005    38389.009
   240:    38390.005    38400.009    38951.005    38970.009    38996.005
   245:    39002.009    39010.005    39171.009    39963.005    39969.009
   250:    39974.005    39977.009    40000.005    40516.009    40613.001
   255:    40775.003    40780.023    40780.021    40904.005    40912.009
   260:    40931.005    40940.009    40988.005    41031.013    41031.011
   265:    41423.009    41642.001    41850.003    41855.023    41855.021
   270:    41934.005    41940.009    41964.005    41982.009    41990.005
   275:    42106.013    42106.011    42305.009    42310.005    42324.009
   280:    42477.001    42672.003    42677.023    42677.021    42928.013
   285:    42928.011    43150.001    43310.003    43315.023    43315.021
   290:    43402.005    43566.013    43566.011    43683.009    43687.005
   295:    43700.009    43701.005    43706.009    44262.001    44546.003
   300:    44551.023    44551.021    44591.005    44613.009    44627.005
   305:    44640.009    44642.005    44681.009    44692.005    44730.009
   310:    44735.005    44802.013    44802.011    45087.009    45120.005
   315:    45124.009    45125.005    45132.009    45244.001    45544.018
   320:    45600.003    45606.016    45656.026    46067.001    46259.005
   325:    46270.009    46315.003    46320.023    46320.021    46335.005
   330:    46571.013    46571.011    46969.009    48033.001    48063.003
   335:    48068.023    48068.021    48319.013    48319.011    48486.005
   340:    48490.009    48509.005    48959.009    48966.005    48977.009
   345:    49025.005    49030.009    49420.001    49535.003    49540.023
   350:    49540.021    49568.005    49791.013    49791.011    50073.009
   355:    50292.001    50457.003    50462.023    50462.021    50713.013
   360:    50713.011    50860.005    51293.009    51691.001    51833.003
   365:    51838.023    51838.021    52089.013    52089.011    52238.005
   370:    52246.009    52275.005    52630.009    52635.005    52639.009
   375:    52641.005    52649.009    52653.005    52660.009    57198.005
   380:    57307.009    57868.001    57887.003    57892.023    57892.021
   385:    58143.013    58143.011    58292.005    58601.009    58604.005
   390:    58609.009    58610.005    58617.009    58632.005    58638.009
   395:    59531.005    59537.009    59592.005    59676.009    59704.005
   400:    59709.009    59885.001    60096.003    60101.023    60101.021
   405:    60352.013    60352.011    60378.005    60389.009    60403.005
   410:    60845.009    60942.001    61240.003    61245.023    61245.021
   415:    61331.005    61334.009    61337.005    61346.009    61375.005
   420:    61496.013    61496.011    61773.009    61775.005    61796.009
   425:    61875.001    62120.003    62125.023    62125.021    62376.013
   430:    62376.011    62533.005    62646.009    62775.005    62782.009
   435:    62794.005    62823.009    62827.005    63254.009    63259.005
   440:    63272.009    63319.005    63333.009    63348.005    63364.009
   445:    63372.005    63383.009    63387.005    63417.009    63421.005
   450:    63427.009    63430.005    63436.009    63438.005    63560.009
   455:    63876.001    64040.003    64045.023    64045.021    64296.013
   460:    64296.011    64321.005    64493.009    64495.005    64497.009
   465:    64499.005    64923.009    66301.001    66470.003    66475.023
   470:    66475.021    66704.005    66709.009    66719.005    66726.013
   475:    66726.011    67021.009    67028.005    67054.009    67082.005
   480:    67103.009    67130.005    67141.009    67156.005    67238.009
   485:    67317.001    67469.003    67474.023    67474.021    67725.013
   490:    67725.011    67843.001    67876.003    67881.023    67881.021
   495:    67907.001    68002.003    68132.013    68132.011    68537.005
   500:    68542.009    68614.005    68752.009    68756.005    68773.009
   505:    68774.005    68778.009    68789.005    68792.009    68793.005
   510:    68817.009    68822.005    68852.009    68853.005    68876.009
   515:    68879.005    68886.009    68889.005    69626.009    69693.001
   520:    69993.018    70104.003    70110.016    70160.026    70314.005
   525:    70327.009    70350.005    70358.009    70366.005    70381.009
   530:    70392.005    70460.009    70470.005    71190.009    71224.005
   535:    71228.009    71251.005    71271.009    71280.005    71482.009
   540:    71485.005    71507.009    71517.005    71541.009    71548.005
   545:    72022.009    72674.005    72678.009    72710.005    72716.009
   550:    72744.005    72754.009    72756.005    72847.009    73688.001
   555:    73759.003    73764.023    73764.021    74015.013    74015.011
   560:    74066.005    74071.009    74123.005    74471.009    74473.005
   565:    74519.009    74521.005    74526.009    74543.005    74705.009
   570:    76672.005    76865.009    77018.005    77027.009    77028.005
   575:    77035.009    77056.005    77065.009    77405.005    77409.009
   580:    77411.005    77417.009    77428.005    77681.009    78662.001
   585:    78779.003    78784.023    78784.021    79035.013    79035.011
   590:    79469.005    79821.009    79853.005    79859.009    79967.001
   595:    80042.003    80047.023    80047.021    80298.013    80298.011
   600:    81101.005    81364.009    81369.005    81379.009    81386.005
   605:    81405.009    81410.005    81439.009    81547.005    81569.009
   610:    81610.005    81616.009    81650.005    81661.009    81663.005
   615:    81680.009    81681.005    81728.009    81745.005    81753.009
   620:    81755.005    81763.009    81812.005    81931.009    81935.005
   625:    81940.009    81947.005    81954.009    81965.005    81977.009
   630:    81981.005    81986.009    81991.005    82011.009    82020.005
   635:    82024.009    82028.005    82032.009    82044.005    82051.009
   640:    82065.005    82076.009    82141.001    82410.003    82415.023
   645:    82415.021    82666.013    82666.011    83156.001    83379.003
   650:    83384.023    83384.021    83386.001    83635.013    83635.011
   655:    83937.018    83973.003    83979.016    84029.026    84032.001
   660:    84136.003    84141.023    84141.021    84392.013    84392.011
   665:    84651.005    85059.009    85926.005    86257.009    86271.005
   670:    86280.009    86428.005    86449.009    86630.001    86767.003
   675:    86772.023    86772.021    87023.013    87023.011    87138.005
   680:    87658.009    87659.005    87665.009    87682.005    87687.009
   685:    87691.005    87696.009    87835.001    88135.018    88386.003
   690:    88392.016    88442.026    88505.005    89038.009    89039.005
   695:    89050.009    89253.005    89263.009    89280.005    89292.009
   700:    89302.005    89316.009    89322.005    89329.009    89649.001
   705:    89937.003    89942.023    89942.021    90193.013    90193.011
   710:    90268.005    90890.009    90892.005    90898.009    90902.005
   715:    90907.009    90912.005    90918.009    90919.005    90926.009
   720:    90945.005    91000.009    91003.005    91011.009    91157.001
   725:    91321.003    91326.023    91326.021    91577.013    91577.011
   730:    91663.005    91888.009    91892.005    91901.009    91981.005
   735:    92267.009    92268.005    92291.009    92618.001    92763.003
   740:    92768.023    92768.021    93019.013    93019.011    93052.005
   745:    93336.009    93340.005    93359.009    93499.001    93632.003
   750:    93637.023    93637.021    93888.013    93888.011    93982.005
   755:    94183.009    94187.005    94201.009    94205.005    94222.009
   760:    94230.005    94235.009    94255.005    94260.009    94262.005
   765:    94267.009    94273.005    94281.009    94405.001    94560.003
   770:    94565.023    94565.021    94816.013    94816.011    94985.005
   775:    95187.009    95945.001    95977.003    95982.023    95982.021
   780:    96233.013    96233.011    96748.005    96922.009    96947.005
   785:    96980.009    96984.005    97000.009    97002.005    97140.009
   790:    97251.001    97379.003    97384.023    97384.021    97635.013
   795:    97635.011    98350.005    98510.009    98511.005    98522.009
   800:    98528.005    98537.009   107331.005   107397.009   107398.005
   805:   107405.009   107409.005   107416.009   107431.005   107439.009
   810:   107443.005   107489.009   107498.005   107503.009   110846.005
   815:   110886.009   111068.001   111368.018   111370.003   111376.016
   820:   111426.026   111448.001   111478.003   111483.023   111483.021
   825:   111611.005   111621.009   111624.005   111734.013   111734.011
   830:   112810.009   112812.005   112827.009   113107.001   113200.003
   835:   113205.023   113205.021   113369.005   113406.009   113409.005
   840:   113456.013   113456.011   113838.009   114790.005   114819.009
   845:   114823.005   114828.009   114839.005   114853.009   114915.005
   850:   114921.009   114996.005   115134.009   115271.001   115457.003
   855:   115462.023   115462.021   115555.005   115567.009   115613.005
   860:   115713.013   115713.011   116001.009   116004.005   116041.009
   865:   116046.005   116059.009   116203.001   116424.003   116429.023
   870:   116429.021   116680.013   116680.011   116732.005   116737.009
   875:   116794.005   117146.009   117485.001   117677.003   117682.023
   880:   117682.021   117933.013   117933.011   119020.005   119317.009
   885:   119698.001   119778.003   119783.023   119783.021   120034.013
   890:   120034.011   120330.005   120621.009   120642.005   120646.009
   895:   120649.005   120657.009   120682.005   120687.009   120714.005
   900:   120723.009   120798.005   120802.009   120803.005   120808.009
   905:   120834.005   120840.009   120856.005   120862.009   120873.005
   910:   120881.009   120889.005   120897.009   121061.001   121253.003
   915:   121258.023   121258.021   121509.013   121509.011   124951.005
   920:   125094.009   125488.001   125745.003   125750.023   125750.021
   925:   125767.001   125839.003   126001.013   126001.011   126118.005
   930:   126441.009   126581.001   126713.003   126718.023   126718.021
   935:   126969.013   126969.011   127047.005   127320.009   127321.005
   940:   127332.009   127339.005   127346.009   127486.001   127748.003
   945:   127753.023   127753.021   128004.013   128004.011   128190.005
   950:   128520.009   128534.005   128552.009   128555.005   128566.009
   955:   128585.005   128590.009   128605.005   128611.009   128724.001
   960:   129024.018   129109.003   129115.016   129165.026   129267.005
   965:   129918.009   129922.005   129928.009   129932.005   129941.009
   970:   129954.005   129960.009   130097.005   130103.009   130105.005
   975:   130109.009   130119.005   130405.009   130564.001   130756.003
   980:   130761.023   130761.021   131012.013   131012.011   131092.005
   985:   131427.009   131433.005   131441.009   131551.001   131755.003
   990:   131760.023   131760.021   131993.005   131996.009   132011.013
   995:   132011.011   132065.005   132071.009   132087.005   132297.009
  1000:   132407.005   132634.009   132647.005   132686.009   132704.005
  1005:   132740.009   133105.001   133152.003   133157.023   133157.021
  1010:   133408.013   133408.011   133523.005   133817.009   133826.005
  1015:   133835.009   133844.005   133848.009   133852.005   133860.009
  1020:   133896.005   133901.009   133984.005   133987.009   134042.001
  1025:   134262.003   134267.023   134267.021   134440.005   134445.009
  1030:   134461.005   134466.009   134480.005   134493.009   134501.005
  1035:   134518.013   134518.011   134521.009   134531.005   134716.009
  1040:   134874.005   134876.009   134921.005   134923.009   134925.005
  1045:   134928.009   134929.005   134933.009   135112.001   135191.003
  1050:   135196.023   135196.021   135447.013   135447.011   135878.005
  1055:   135884.009   135942.005   136077.009   136079.005   136089.009
  1060:   136104.005   136111.009   136132.005   136138.009   136237.001
  1065:   136537.018   136960.003   136966.016   137016.026   137147.005
  1070:   137551.009   137608.005   137615.009   137643.005   137649.009
  1075:   137670.005   137676.009   137688.005   137693.009   137694.005
  1080:   137977.009   138130.001   138430.018   138723.003   138729.016
  1085:   138779.026   138842.005   138909.009   138920.005   138942.009
  1090:   138957.005   139531.009   139695.001   139995.018   140042.003
  1095:   140048.016   140098.026   140100.017   140153.005   140161.009
  1100:   140175.005   141745.009   141750.005   141752.009   141758.005
  1105:   141769.009   141775.005   141781.009   141783.005   141809.009
  1110:   142082.005   142154.009   142273.005   142632.009   143422.001
  1115:   143451.003   143456.023   143456.021   143707.013   143707.011
  1120:   143962.005   144279.009   144923.005   144929.009   144949.005
  1125:   145075.009   145081.005   145087.009   145210.001   145507.003
  1130:   145512.023   145512.021   145591.005   145595.009   145666.005
  1135:   145670.009   145685.005   145715.009   145716.005   145763.013
  1140:   145763.011   146143.009   146146.005   146238.009   146264.005
  1145:   146323.009   146402.001   146752.018   146876.003   146882.016
  1150:   146932.026   147167.005   147610.009   147614.005   147619.009
  1155:   147625.005   147630.009   147664.005   147678.009   147723.005
  1160:   147958.009   148081.001   148350.003   148355.023   148355.021
  1165:   148606.013   148606.011   148829.001   148972.003   148977.023
  1170:   148977.021   149170.005   149191.009   149202.005   149228.013
  1175:   149228.011   149710.009   149828.001   150178.018   150263.003
  1180:   150269.016   150319.026   150542.005   150926.009   150942.005
  1185:   150947.009   150963.005   150968.009   150970.005   151180.009
  1190:   151183.005   151194.009   151331.001   151681.018   151739.003
  1195:   151745.016   151795.026   151935.005   151945.009   152059.005
  1200:   152061.009   152097.005   152532.009   152671.001   153021.018
  1205:   153051.003   153057.016   153107.026   153109.017   153189.005
  1210:   153771.009   153994.001   154394.018   154484.003   154490.016
  1215:   154537.005   154540.026   154544.009   154575.005   154583.009
  1220:   154588.005   155414.009   155471.005   155485.009   155917.005
  1225:   155931.009   155975.005   155981.009   156000.005   156086.009
  1230:   156416.001   156591.003   156596.023   156596.021   156681.005
  1235:   156689.009   156712.005   156717.009   156718.005   156723.009
  1240:   156847.013   156847.011   157309.005   157753.009   157882.001
  1245:   158129.003   158134.023   158134.021   158385.013   158385.011
  1250:   158484.005   158961.009   159556.001   159707.003   159711.001
  1255:   159712.023   159712.021   159830.003   159963.013   159963.011
  1260:   159969.005   159986.009   160001.005   160629.009   160634.005
  1265:   160647.009   160666.005   160696.009   160707.005   160731.009
  1270:   160752.005   160770.009   160779.005   160801.009   160813.005
  1275:   160822.009   160829.005   160855.009   160863.005   161051.009
  1280:   161052.005   161077.009   161748.005   161891.009   162028.001
  1285:   162428.018   162484.003   162490.016   162540.026   162559.001
  1290:   162622.003   162627.023   162627.021   162715.005   162878.013
  1295:   162878.011   163117.009   163119.005   163127.009   163160.005
  1300:   163163.009   163289.001   163689.018   163700.003   163706.016
  1305:   163756.026   163958.005   164479.009   164616.001   164754.003
  1310:   164759.023   164759.021   164762.001   164829.003   165010.013
  1315:   165010.011   165422.005   165698.009   165845.001   166245.018
  1320:   166302.003   166308.016   166358.026   166486.005   166830.009
  1325:   166837.005   166864.009   166876.005   166879.009   167024.001
  1330:   167424.018   167516.003   167522.016   167572.026   167597.005
  1335:   167603.009   167604.005   168111.009   168156.005   168194.009
  1340:   168210.005   168433.009   168637.001   168684.003   168689.023
  1345:   168689.021   168745.001   168791.003   168940.013   168940.011
  1350:   169351.005   169780.009   169793.005   169803.009   169811.005
  1355:   169829.009   169854.005   169858.009   169942.001   170156.003
  1360:   170161.023   170161.021   170354.005   170362.009   170370.005
  1365:   170412.013   170412.011   170795.009   170904.001   171304.018
  1370:   171305.003   171311.016   171361.026   171523.005   171526.009
  1375:   171537.005   171542.009   171549.005   172184.009   172185.005
  1380:   172191.009   172385.005   173037.009   173172.001   173572.018
  1385:   173688.003   173694.016   173744.026   173833.005   174949.009
  1390:   175163.001   175546.003   175551.023   175551.021   175802.013
  1395:   175802.011   175833.005   175837.009   175840.005   175845.009
  1400:   175873.005   175876.009   175904.005   176227.009   176713.001
  1405:   176758.003   176763.023   176763.021   176774.001   176830.003
  1410:   177014.013   177014.011   177605.005   177890.009   178002.001
  1415:   178395.003   178400.023   178400.021   178651.013   178651.011
  1420:   178799.005   179108.009   179234.001   179634.018   179659.003
  1425:   179665.016   179715.026   179839.001   179873.003   179878.023
  1430:   179878.021   179930.005   179937.009   179978.005   180129.013
  1435:   180129.011   180738.009   180753.005   180775.009   180797.005
  1440:   180820.009   180848.005   180855.009   180973.005   180980.009
  1445:   181121.001   181457.003   181462.023   181462.021   181599.005
  1450:   181601.009   181621.005   181713.013   181713.011   181821.009
  1455:   181830.005   181840.009   181845.005   181851.009   181853.005
  1460:   181859.009   181955.001   182126.003   182131.023   182131.021
  1465:   182382.013   182382.011   182502.005   182799.009   182939.001
  1470:   183327.003   183332.023   183332.021   183424.005   183445.009
  1475:   183447.005   183451.009   183453.005   183458.009   183459.005
  1480:   183467.009   183475.005   183583.013   183583.011   183775.009
  1485:   183807.005   183816.009   183845.005   183851.009   183964.001
  1490:   184244.003   184249.023   184249.021   184387.005   184398.009
  1495:   184401.005   184423.009   184431.005   184500.013   184500.011
  1500:   184602.009   184699.001   184893.003   184898.023   184898.021
  1505:   185149.013   185149.011   185263.001   185318.003   185323.023
  1510:   185323.021   185574.013   185574.011   186013.005   186178.009
  1515:   186182.005   186189.009   187834.005   187837.009   187848.005
  1520:   187991.009   188139.001   188488.003   188493.023   188493.021
  1525:   188634.005   188639.009   188643.005   188744.013   188744.011
  1530:   188812.009   189624.001   189980.003   189985.023   189985.021
  1535:   190004.005   190006.009   190063.005   190068.009   190080.005
  1540:   190236.013   190236.011   190252.009   190274.005   190277.009
  1545:   191013.005   191209.009   191232.005   191245.009   191283.005
  1550:   191290.009   191307.005   191322.009   191387.005   191396.009
  1555:   191533.001   191798.003   191803.023   191803.021   191936.005
  1560:   191939.009   191941.005   192054.013   192054.011   192121.009
  1565:   192658.001   192972.003   192977.023   192977.021   192986.001
  1570:   193094.005   193099.009   193102.003   193112.005   193228.013
  1575:   193228.011   193367.009   193395.001   193462.003   193467.023
  1580:   193467.021   193718.013   193718.011   194381.005   194550.009
  1585:   194668.001   194831.003   194836.023   194836.021   195087.013
  1590:   195087.011   196017.005   196151.009   196989.001   197090.003
  1595:   197095.023   197095.021   197346.013   197346.011   197544.005
  1600:   197730.009   197850.001   198127.003   198132.023   198132.021
  1605:   198140.001   198310.003   198383.013   198383.011   198755.005
  1610:   199088.009   199115.005   199123.009   199127.005   199132.009
  1615:   200502.005   200582.009   200610.005   200615.009   200628.005
  1620:   200651.009   200654.005   200668.009   200743.005   200747.009
  1625:   201001.001   201276.003   201281.023   201281.021   201532.013
  1630:   201532.011   202122.005   202329.009   205514.005   205768.009
  1635:   205770.005   205773.009   205774.005   205779.009   208314.001
  1640:   208714.018   208787.003   208793.016   208804.005   208813.009
  1645:   208843.026   208888.005   209688.009   209689.005   209699.009
  1650:   209700.005   209710.009   209722.005   209725.009   209762.005
  1655:   209767.009   209773.005   209784.009   209799.005   210049.009
  1660:   210052.005   210064.009   210065.005   210074.009   210084.005
  1665:   210091.009   210664.005   210670.009   210691.005   210798.009
  1670:   210930.001   211255.003   211260.023   211260.021   211338.005
  1675:   211511.013   211511.011   211668.009   211791.001   212033.003
  1680:   212038.023   212038.021   212121.005   212131.009   212135.005
  1685:   212143.009   212283.005   212289.013   212289.011   212291.009
  1690:   212309.005   212513.009   212624.001   213024.018   213041.003
  1695:   213047.016   213097.026   213157.005   213658.009   213659.005
  1700:   213676.009   213678.005   213689.009   213703.005   213708.009
  1705:   213711.005   213717.009   213945.005   213953.009   213984.005
  1710:   213992.009   214021.005   214148.009   214150.005   214154.009
  1715:   214155.005   214162.009   214290.001   214517.003   214522.023
  1720:   214522.021   214601.005   214606.009   214630.005   214637.009
  1725:   214652.005   214657.009   214673.005   214773.013   214773.011
  1730:   214890.009   215284.001   215557.003   215562.023   215562.021
  1735:   215678.005   215683.009   215774.005   215813.013   215813.011
  1740:   215941.009   215955.005   215960.009   215961.005   215965.009
  1745:   216087.001   216361.003   216366.023   216366.021   216617.013
  1750:   216617.011   216788.005   217082.009   217194.001   217594.018
  1755:   217602.003   217608.016   217658.026   217830.005   218292.009
  1760:   218305.005   218308.009   219210.005   219293.009   219445.001
  1765:   219812.003   219817.023   219817.021   219863.005   219884.009
  1770:   219896.005   220068.013   220068.011   220184.009   220188.005
  1775:   220196.009   220311.001   220607.003   220612.023   220612.021
  1780:   220706.005   220710.009   220750.005   220757.009   220760.005
  1785:   220789.009   220797.005   220863.013   220863.011   221075.009
  1790:   221108.005   221112.009   221238.001   221638.018   222211.003
  1795:   222217.016   222267.026   222372.005   224284.009   225518.005
  1800:   225552.009   226122.001   226239.003   226244.023   226244.021
  1805:   226495.013   226495.011   226575.005   226885.009   226905.005
  1810:   226909.009   227025.001   227197.003   227202.023   227202.021
  1815:   227279.005   227286.009   227400.005   227404.009   227453.013
  1820:   227453.011   227467.005   227708.009   227915.001   228215.003
  1825:   228220.023   228220.021   228326.005   228455.009   228471.013
  1830:   228471.011   229135.005   229331.009   229552.001   229952.018
  1835:   230009.003   230015.016   230029.001   230062.003   230065.026
  1840:   230129.005   230978.009   230982.005   230986.009   230998.005
  1845:   231001.009   232106.005   232133.009   232141.005   232391.009
  1850:   232411.005   232419.009   232567.001   232967.018   233095.003
  1855:   233101.016   233151.026   233255.005   233729.009   233797.005
  1860:   233801.009   233823.005   233827.009   233831.005   233836.009
  1865:   233929.001   234160.003   234165.023   234165.021   234314.005
  1870:   234319.009   234416.013   234416.011   235832.005   236051.009
  1875:   236183.001   236381.003   236386.023   236386.021   236637.013
  1880:   236637.011   236781.005   237073.009   237194.001   237594.018
  1885:   237697.003   237703.016   237753.026   237849.005   238803.009
  1890:   238932.001   239112.003   239117.023   239117.021   239368.013
  1895:   239368.011   239625.005   239632.009   239640.005   239924.009
  1900:   240415.001   240670.003   240675.023   240675.021   240814.005
  1905:   240926.013   240926.011   241127.009   241240.001   241640.018
  1910:   241741.003   241747.016   241797.026   241805.001   241931.003
  1915:   241936.023   241936.021   242012.005   242187.013   242187.011
  1920:   242784.009   242816.005   242822.009   242826.005   242832.009
  1925:   242842.005   242847.009   242862.005   242870.009   242907.005
  1930:   242911.009   243104.001   243504.018   243613.003   243619.016
  1935:   243625.005   243638.009   243660.005   243669.026   245301.009
  1940:   245306.005   245320.009   246153.005   246272.009   246276.005
  1945:   246284.009   246641.001   246785.003   246790.023   246790.021
  1950:   246889.005   246897.009   247041.013   247041.011   247464.005
  1955:   247864.009   248018.001   248418.018   248544.003   248550.016
  1960:   248600.026   248620.005   249093.009   249114.005   249120.009
  1965:   249231.001   249625.003   249630.023   249630.021   249761.005
  1970:   249881.013   249881.011   250123.009   250146.005   250152.009
  1975:   250256.001   250656.018   250670.003   250676.016   250726.026
  1980:   250787.005   252153.009   252162.005   252175.009   252179.005
  1985:   252185.009   252457.001   252749.003   252754.023   252754.021
  1990:   252816.005   253005.013   253005.011   253022.009   253023.005
  1995:   253061.009   253062.005   253090.009   253132.005   253136.009
  2000:   253232.001   253604.003   253609.023   253609.021   253778.005
  2005:   253860.013   253860.011   253954.009   253959.005   253973.009
  2010:   253974.005   253980.009   253981.005   253986.009   253989.005
  2015:   254016.009   254022.005   254028.009   254030.005   254036.009
  2020:   254048.005   254050.009   254068.005   254078.009   254165.001
  2025:   254328.003   254333.023   254333.021   254584.013   254584.011
  2030:   254783.005   255014.009   255188.001   255548.003   255553.023
  2035:   255553.021   255804.013   255804.011   256932.005   256951.009
  2040:   257123.005   257134.009   257151.005   257301.009   257436.001
  2045:   257740.003   257745.023   257745.021   257996.013   257996.011
  2050:   258132.005   258365.009   258411.005   258414.009   258459.005
  2055:   258463.009   258596.001   258996.018   259275.003   259281.016
  2060:   259331.026   259409.005   259809.009   259822.005   259829.009
  2065:   259831.005   259837.009   259845.005   259851.009   259908.005
  2070:   259913.009   259955.005   259964.009   260002.005   260165.009
  2075:   260359.001   260643.003   260648.023   260648.021   260738.005
  2080:   260741.009   260748.005   260753.009   260780.005   260790.009
  2085:   260794.005   260798.009   260803.005   260899.013   260899.011
  2090:   261046.009   261064.005   261079.009   261080.005   261086.009
  2095:   261177.001   261406.003   261411.023   261411.021   261423.001
  2100:   261507.003   261662.013   261662.011   261769.005   261957.009
  2105:   261984.005   261991.009   261992.005   261995.009   262008.005
  2110:   262011.009   262014.005   262017.009   262119.001   262431.003
  2115:   262436.023   262436.021   262687.013   262687.011   262851.005
  2120:   263163.009   263179.005   263185.009   263604.001   263863.003
  2125:   263868.023   263868.021   264119.013   264119.011   264185.001
  2130:   264477.003   264482.023   264482.021   264733.013   264733.011
  2135:   264921.005   265054.009   265074.005   265094.009   266661.001
  2140:   266752.003   266757.023   266757.021   267008.013   267008.011
  2145:   267647.005   267817.009   270018.001   270233.003   270238.023
  2150:   270238.021   270254.001   270282.003   270489.013   270489.011
  2155:   270579.005   270727.009   271227.001   271440.003   271445.023
  2160:   271445.021   271696.013   271696.011   272216.005   272450.009
  2165:   273321.001   273721.018   273739.003   273745.016   273795.026
  2170:   273802.005   274562.009   274572.005   274594.009   274598.005
  2175:   274610.009   274615.005   274629.009   277492.005   277500.009
  2180:   277510.005   277517.009   278360.001   278389.003   278394.023
  2185:   278394.021   278645.013   278645.011   278660.005   278674.009
  2190:   278690.005   279066.009   279203.001   279390.003   279395.023
  2195:   279395.021   279496.005   279503.009   279646.013   279646.011
  2200:   280105.005   280293.009   280306.005   280309.009   280319.005
  2205:   280322.009   280399.001   280731.003   280736.023   280736.021
  2210:   280913.005   280987.013   280987.011   281155.009   281293.001
  2215:   281693.018   281802.003   281808.016   281847.001   281858.026
  2220:   281936.003   281941.023   281941.021   282104.005   282192.013
  2225:   282192.011   283058.009   283222.001   283622.018   283718.003
  2230:   283724.016   283774.026   283812.005   283818.009   283850.005
  2235:   284363.009   284388.005   284391.009   284534.001   284934.018
  2240:   285405.003   285411.016   285460.005   285461.026   286204.009
  2245:   286366.001   286587.003   286592.023   286592.021   286672.005
  2250:   286678.009   286682.005   286687.009   286843.013   286843.011
  2255:   287281.005   287570.009   287717.001   288018.003   288023.023
  2260:   288023.021   288274.013   288274.011   288798.001   289075.003
  2265:   289080.023   289080.021   289095.001   289172.003   289331.013
  2270:   289331.011   289360.005   289693.009   289704.005   289711.009
  2275:   289791.001   290155.003   290160.023   290160.021   290293.005
  2280:   290298.009   290310.005   290315.009   290323.005   290411.013
  2285:   290411.011   290696.009   290805.001   291138.003   291143.023
  2290:   291143.021   291189.001   291240.003   291394.013   291394.011
  2295:   291886.005   292291.009   292434.001   292722.003   292727.023
  2300:   292727.021   292739.001   292783.003   292868.005   292873.009
  2305:   292876.005   292884.009   292885.005   292893.009   292906.005
  2310:   292978.013   292978.011   293014.009   293126.001   293526.018
  2315:   293720.003   293726.016   293776.026   293904.005   294428.009
  2320:   294623.001   295023.018   295055.003   295061.016   295111.026
  2325:   295134.005   295708.009   295710.005   295716.009   295831.001
  2330:   296071.003   296076.023   296076.021   296159.005   296161.009
  2335:   296186.005   296327.013   296327.011   296693.009   296838.001
  2340:   296983.003   296988.023   296988.021   297239.013   297239.011
  2345:   298139.005   298144.009   298179.005   298525.009   298862.001
  2350:   299079.003   299084.023   299084.021   299126.001   299178.003
  2355:   299335.013   299335.011   299426.005   299645.009   299648.005
  2360:   299669.009   299686.005   299688.009   299981.001   300339.003
  2365:   300344.023   300344.021   300595.013   300595.011   300633.005
  2370:   300710.009   300835.005   300974.009   301099.001   301499.018
  2375:   301682.003   301688.016   301738.026   301811.005   302466.009
  2380:   302729.001   303129.018   303411.003   303417.016   303444.005
  2385:   303452.009   303467.026   303508.005   303998.009   304009.005
  2390:   304028.009   304175.001   304575.018   304763.003   304769.016
  2395:   304819.026   304821.017   304885.005   305706.009   306026.005
  2400:   306030.009   306040.005   306047.009   306051.005   306061.009
  2405:   306063.005   306093.009   306094.005   306244.009   306378.001
  2410:   306802.003   306807.023   306807.021   306922.005   307058.013
  2415:   307058.011   307338.009   307488.001   307921.003   307926.023
  2420:   307926.021   308177.013   308177.011   308835.005   309064.009
  2425:   309202.001   309652.018   309909.003   309915.016   309965.026
  2430:   310019.005   311033.009   311043.005   311061.009   311062.005
  2435:   311069.009   311071.005   311085.009   311131.005   311134.009
  2440:   311480.001   311743.003   311748.023   311748.021   311838.005
  2445:   311839.009   311876.005   311999.013   311999.011   312337.009
  2450:   312460.001   312910.018   313010.003   313016.016   313066.026
  2455:   313111.005   313646.009   313779.001   314204.003   314209.023
  2460:   314209.021   314379.005   314460.013   314460.011   314782.009
  2465:   314913.001   315363.018   315429.003   315435.016   315485.026
  2470:   315583.005   316088.009   316244.001   316694.018   316753.003
  2475:   316759.016   316797.005   316805.009   316806.005   316809.009
  2480:   316809.026   316857.005   317450.009   317634.001   317997.003
  2485:   318002.023   318002.021   318253.013   318253.011   318291.005
  2490:   318296.009   318369.005   318694.009   318834.001   319284.018
  2495:   319375.003   319381.016   319431.026   319532.005   320064.009
  2500:   320245.001   320556.003   320561.023   320561.021   320710.005
  2505:   320714.009   320731.005   320812.013   320812.011   320901.009
  2510:   320954.005   320957.009   321578.005   321856.009   321985.001
  2515:   322435.018   322618.003   322624.016   322674.026   322685.005
  2520:   322696.009   322700.005   323258.009   323261.005   323267.009
  2525:   323268.005   323277.009   323284.005   323407.009   323561.001
  2530:   323997.003   324002.023   324002.021   324029.001   324052.003
  2535:   324120.005   324127.009   324163.005   324253.013   324253.011
  2540:   324489.009   324612.001   324969.003   324974.023   324974.021
  2545:   325225.013   325225.011   325379.005   325732.009   325768.005
  2550:   325772.009   325856.001   326306.018   326404.003   326410.016
  2555:   326460.026   326503.005   326905.009   326917.005   326929.009
  2560:   326933.005   326937.009   326939.005   326941.009   327042.001
  2565:   327482.003   327487.023   327487.021   327501.001   327545.003
  2570:   327738.013   327738.011   328028.005   328450.009   328559.001
  2575:   329009.018   329198.003   329204.016   329254.026   329373.005
  2580:   329769.009   329771.005   329776.009   329777.005   329783.009
  2585:   329900.001   330350.018   330445.003   330451.016   330501.026
  2590:   330539.005   331058.009   331206.001   331656.018   331736.003
  2595:   331742.016   331759.001   331789.005   331792.009   331792.026
  2600:   331794.017   331805.003   331810.023   331810.021   331858.005
  2605:   331865.009   331877.005   332061.013   332061.011   332288.009
  2610:   332296.005   332300.009   332310.005   332317.009   332346.005
  2615:   332351.009   332371.005   332374.009   332503.001   333003.018
  2620:   333134.003   333140.016   333190.026   333301.005   334430.009
  2625:   334433.005   334441.009   334444.005   334452.009   334462.005
  2630:   334467.009   334472.005   334482.009   334483.005   334663.009
  2635:   334679.005   334687.009   335196.005   335257.009   335595.001
  2640:   335676.003   335681.023   335681.021   335932.013   335932.011
  2645:   336005.005   336009.009   336025.005   336336.009   336475.001
  2650:   336866.003   336871.023   336871.021   337122.013   337122.011
  2655:   337256.005   337543.009   337547.005   337558.009   337570.005
  2660:   337578.009   337600.005   337646.009   337788.001   337946.003
  2665:   337951.023   337951.021   338202.013   338202.011   338255.001
  2670:   338349.003   338354.023   338354.021   338605.013   338605.011
  2675:   338718.005   338859.009   338996.001   339180.003   339185.023
  2680:   339185.021   339313.005   339318.009   339436.013   339436.011
  2685:   339453.005   339693.009   339821.001   340284.003   340289.023
  2690:   340289.021   340503.005   340540.013   340540.011   340747.009
  2695:   340863.001   341251.003   341256.023   341256.021   341279.001
  2700:   341300.003   341507.013   341507.011   341856.005   341860.009
  2705:   341876.005   342168.009   342329.001   342617.003   342622.023
  2710:   342622.021   342816.005   342873.009   342873.013   342873.011
  2715:   342973.001   343245.003   343250.023   343250.021   343501.013
  2720:   343501.011   343679.001   344118.003   344123.023   344123.021
  2725:   344374.013   344374.011   344489.005   344842.009   344969.001
  2730:   345289.003   345294.023   345294.021   345545.013   345545.011
  2735:   346648.005   346804.009   346850.005   346877.009   348655.005
  2740:   348678.009   348817.001   349281.003   349286.023   349286.021
  2745:   349295.001   349318.003   349391.005   349502.009   349537.013
  2750:   349537.011   349647.005   349841.009   350222.001   350715.003
  2755:   350720.023   350720.021   350911.005   350971.013   350971.011
  2760:   351098.009   351502.001   351918.003   351923.023   351923.021
  2765:   352063.005   352174.013   352174.011   352186.009   352945.001
  2770:   353244.003   353249.023   353249.021   353434.005   353439.009
  2775:   353451.005   353500.013   353500.011   354023.009   354143.001
  2780:   354594.003   354599.023   354599.021   354730.005   354850.013
  2785:   354850.011   354948.009   354972.005   354977.009   355036.005
  2790:   355264.009   355366.001   355568.003   355573.023   355573.021
  2795:   355658.001   355823.003   355824.013   355824.011   355984.001
  2800:   356079.003   356084.023   356084.021   356111.001   356163.003
  2805:   356335.013   356335.011   356662.005   356668.009   356722.005
  2810:   356832.009   356946.001   357430.003   357435.023   357435.021
  2815:   357686.013   357686.011   357836.005   357985.009   358097.001
  2820:   358597.018   358759.003   358765.016   358815.026   359218.001
  2825:   359460.003   359465.023   359465.021   359624.005   359716.013
  2830:   359716.011   360561.009   360758.001   361258.018   361311.003
  2835:   361317.016   361367.026   361380.005   362428.009   363992.001
  2840:   364125.003   364130.023   364130.021   364227.005   364228.009
  2845:   364349.005   364361.009   364363.005   364381.013   364381.011
  2850:   364672.009   364704.005   364710.009   364987.001   365389.003
  2855:   365394.023   365394.021   365484.005   365494.009   365511.005
  2860:   365645.013   365645.011   365808.009   365948.001   366307.003
  2865:   366312.023   366312.021   366322.001   366357.003   366481.005
  2870:   366489.009   366490.005   366563.013   366563.011   366729.009
  2875:   366735.005   366742.009   366859.001   367359.018   367511.003
  2880:   367517.016   367567.026   367624.005   368112.009   368251.001
  2885:   368751.018   368763.003   368769.016   368786.005   368791.009
  2890:   368819.026   368846.005   369358.009   369376.005   369390.009
  2895:   369552.001   369986.003   369991.023   369991.021   370000.001
  2900:   370024.003   370063.005   370074.009   370093.005   370242.013
  2905:   370242.011   370459.009   370476.005   370479.009   370484.005
  2910:   370487.009   370508.005   370520.009   370860.001   371289.003
  2915:   371290.005   371294.023   371294.021   371300.009   371313.005
  2920:   371318.009   371329.005   371336.009   371380.005   371545.013
  2925:   371545.011   371561.009   371578.005   371583.009   371596.005
  2930:   371605.009   371609.005   371684.009   371925.001   372393.003
  2935:   372398.023   372398.021   372591.005   372649.013   372649.011
  2940:   372686.009   372687.005   372692.009   372699.005   372709.009
  2945:   372710.005   372724.009   372771.005   372777.009   373149.001
  2950:   373649.018   373707.003   373713.016   373763.026   373788.005
  2955:   373795.009   373798.005   374969.009   374978.005   374986.009
  2960:   375000.005   375010.009   375030.005   375036.009   375038.005
  2965:   375044.009   375046.005   375076.009   375079.005   375107.009
  2970:   375109.005   375118.009   375796.001   376002.003   376007.023
  2975:   376007.021   376059.005   376063.009   376105.005   376108.009
  2980:   376120.005   376251.009   376258.013   376258.011   376290.005
  2985:   376296.009   376578.001   376865.003   376870.023   376870.021
  2990:   376939.005   376944.009   376949.005   376959.009   376972.005
  2995:   377121.013   377121.011   377158.009   377167.005   377176.009
  3000:   377285.001   377744.003   377749.023   377749.021   377766.001
  3005:   377790.003   377839.005   377845.009   377867.005   377875.009
  3010:   378000.013   378000.011   378373.001   378726.003   378731.023
  3015:   378731.021   378737.001   378805.005   378809.009   378811.005
  3020:   378815.009   378826.003   378834.005   378943.009   378982.013
  3025:   378982.011   379574.005   379745.009   379857.001   380357.018
  3030:   380517.003   380523.016   380546.005   380573.026   381277.009
  3035:   381278.005   381302.009   381899.001   382138.003   382143.023
  3040:   382143.021   382249.005   382394.013   382394.011   382546.009
  3045:   382574.005   382579.009   382708.001   383208.018   383471.003
  3050:   383477.016   383527.026   383584.005   384371.009   384471.005
  3055:   384486.009   384492.005   384504.009   384517.005   384757.009
  3060:   384759.005   384785.009   385330.005   385449.009   385455.005
  3065:   385459.009   385469.005   385477.009   385503.005   385517.009
  3070:   385518.005   385524.009   385555.005   385572.009   386130.005
  3075:   386177.009   386184.005   386190.009   386396.001   386626.003
  3080:   386631.023   386631.021   386715.005   386882.013   386882.011
  3085:   386928.009   386929.005   386939.009   386944.005   386954.009
  3090:   386955.005   386961.009   387151.001   387620.003   387625.023
  3095:   387625.021   387738.005   387741.009   387876.013   387876.011
  3100:   391104.001   391317.003   391322.023   391322.021   391573.013
  3105:   391573.011   391667.005   391820.009   392228.001   392318.003
  3110:   392323.023   392323.021   392574.013   392574.011   392916.005
  3115:   393221.009   393231.005   393237.009   393499.001   393850.003
  3120:   393855.023   393855.021   394055.005   394106.013   394106.011
  3125:   394236.009   394359.001   394859.018   394947.003   394953.016
  3130:   395003.026   395064.005   395582.009   395592.005   395602.009
  3135:   395616.005   395621.009   395650.005   395662.009   395698.005
  3140:   395706.009   395712.005   395726.009   395743.005   395761.009
  3145:   395944.001   396444.018   396466.003   396472.016   396522.026
  3150:   396626.005   397485.009   397688.001   398188.018   398301.003
  3155:   398307.016   398357.026   398359.017   398477.005   398823.009
  3160:   398831.005   398843.009   399090.001   399530.003   399535.023
  3165:   399535.021   399690.005   399786.013   399786.011   399899.009
  3170:   400267.001   400464.003   400469.023   400469.021   400720.013
  3175:   400720.011   400841.005   401095.009   401102.005   401107.009
  3180:   401261.001   401730.003   401735.023   401735.021   401852.005
  3185:   401986.013   401986.011   402165.009   402299.001   402726.003
  3190:   402731.023   402731.021   402980.005   402982.013   402982.011
  3195:   403155.009   403304.001   403854.018   404084.003   404090.016
  3200:   404140.026   404212.005   404639.009   404797.001   405347.018
  3205:   405403.003   405409.016   405459.026   405486.005   406284.009
  3210:   406836.005   406845.009   406852.005   407011.009   407498.001
  3215:   407781.003   407786.023   407786.021   407912.005   408037.013
  3220:   408037.011   408164.009   408167.005   408187.009   408374.001
  3225:   408924.018   408947.003   408953.016   409003.026   409064.005
  3230:   409485.009   409492.005   409519.009   409525.005   409531.009
  3235:   409599.005   409895.009   410021.005   410026.009   410051.005
  3240:   410080.009   413109.001   413204.003   413209.023   413209.021
  3245:   413460.013   413460.011   413884.005   413975.009   413987.005
  3250:   414028.009   414297.001   414509.003   414514.023   414514.021
  3255:   414531.001   414549.003   414640.005   414765.013   414765.011
  3260:   414776.009   415459.001   415575.003   415580.023   415580.021
  3265:   415831.013   415831.011   416101.001   416340.003   416345.023
  3270:   416345.021   416596.013   416596.011   416676.005   416917.009
  3275:   417067.001   417467.003   417472.023   417472.021   417490.001
  3280:   417519.003   417723.013   417723.011   417829.005   418000.009
  3285:   418003.005   418009.009   418166.001   418656.003   418661.023
  3290:   418661.021   418818.005   418823.009   418826.005   418831.009
  3295:   418912.013   418912.011   419348.005   419939.009   420085.001
  3300:   420635.018   420667.003   420673.016   420723.026   420788.005
  3305:   421193.009   421271.005   421277.009   421402.005   421412.009
  3310:   421425.005   421431.009   421467.005   421472.009   421603.001
  3315:   421622.003   421627.023   421627.021   421638.001   421791.003
  3320:   421878.013   421878.011   422353.005   422511.009   422725.001
  3325:   423092.003   423097.023   423097.021   423283.005   423348.013
  3330:   423348.011   423367.009   423368.005   423375.009   423377.005
  3335:   423383.009   423534.001   423970.003   423975.023   423975.021
  3340:   424226.013   424226.011   425183.005   425335.009   425466.001
  3345:   425832.003   425837.023   425837.021   426088.013   426088.011
  3350:   426160.005   426388.009   426431.005   426433.009   426513.001
  3355:   426942.003   426947.023   426947.021   427126.005   427198.013
  3360:   427198.011   427481.009   427614.001   428164.018   428589.005
  3365:   428595.009   428609.005   428623.003   428629.016   428679.026
  3370:   429213.009   429239.005   429327.009   429332.005   429350.009
  3375:   429359.005   429363.009   429384.005   429415.009   429432.005
  3380:   429439.009   430058.001   430277.003   430282.023   430282.021
  3385:   430533.013   430533.011   430689.005   431061.009   431097.005
  3390:   431099.009   431223.001   431637.003   431642.023   431642.021
  3395:   431757.005   431762.009   431782.005   431893.013   431893.011
  3400:   432129.009   432136.005   432148.009   432151.005   432164.009
  3405:   432250.005   432253.009   432339.001   432682.003   432687.023
  3410:   432687.021   432938.013   432938.011   433018.005   433023.009
  3415:   433059.005   433067.009   433082.005   433363.009   433364.005
  3420:   433372.009   433381.005   433394.009   433486.005   433493.009
  3425:   434043.001   434318.003   434323.023   434323.021   434414.005
  3430:   434419.009   434483.005   434574.013   434574.011   434631.009
  3435:   434763.001   435203.003   435208.023   435208.021   435459.013
  3440:   435459.011   435699.001   435801.003   435806.023   435806.021
  3445:   435894.005   435896.009   436057.013   436057.011   436541.005
  3450:   436843.009   436925.001   437172.003   437177.023   437177.021
  3455:   437428.013   437428.011   437784.001   437926.003   437931.023
  3460:   437931.021   438182.013   438182.011   438275.005   438562.009
  3465:   438586.005   438590.009   452291.005   452477.009   452598.001
  3470:   452799.003   452804.023   452804.021   453055.013   453055.011
  3475:   454259.005   454416.009   456791.005   457010.009   457186.001
  3480:   457566.003   457571.023   457571.021   457822.013   457822.011
  3485:   457924.005   457943.009   457966.005   457973.009   458116.005
  3490:   458190.009   458308.001   458632.003   458637.023   458637.021
  3495:   458888.013   458888.011   458957.005   459287.009   459415.001
  3500:   459875.003   459880.023   459880.021   460085.005   460092.009
  3505:   460108.005   460131.013   460131.011   460286.009   460287.005
  3510:   460292.009   460420.001   460970.018   460993.003   460999.016
  3515:   461049.026   462341.005   463019.009   463053.005   463062.009
  3520:   463216.001   463752.003   463757.023   463757.021   463882.005
  3525:   464008.013   464008.011   464180.009   464198.005   464208.009
  3530:   464347.001   464508.003   464513.023   464513.021   464764.013
  3535:   464764.011   464993.001   465103.003   465108.023   465108.021
  3540:   465359.013   465359.011   465438.005   465765.009   465911.001
  3545:   466423.003   466428.023   466428.021   466506.005   466633.009
  3550:   466679.013   466679.011   466798.005   467180.009   467301.005
  3555:   467306.009   467317.005   467336.009   467347.005   467349.009
  3560:   467575.001   467878.003   467883.023   467883.021   468095.005
  3565:   468134.013   468134.011   468181.009   468278.001   468473.003
  3570:   468478.023   468478.021   468729.013   468729.011   468859.001
  3575:   469179.003   469184.023   469184.021   469203.001   469220.003
  3580:   469435.013   469435.011   469543.005   469763.009   469889.001
  3585:   470426.003   470431.023   470431.021   470640.005   470682.013
  3590:   470682.011   470735.009   470844.001   471273.003   471278.023
  3595:   471278.021   471529.013   471529.011   471750.001   471858.003
  3600:   471863.023   471863.021   472114.013   472114.011   474181.001
  3605:   474258.003   474263.023   474263.021   474514.013   474514.011
  3610:   474642.005   474788.009   476753.005   477041.009   480482.005
  3615:   480596.009   480799.001   481334.003   481339.023   481339.021
  3620:   481356.001   481381.003   481522.005   481590.013   481590.011
  3625:   481851.009   481976.001   482383.003   482388.023   482388.021
  3630:   482639.013   482639.011   482798.005   483118.009   483132.005
  3635:   483138.009   483256.001   483738.003   483743.023   483743.021
  3640:   483836.005   483847.009   483864.005   483994.013   483994.011
  3645:   484108.009   484221.001   484771.018   484803.003   484809.016
  3650:   484859.026   484962.005   484970.009   485017.005   485569.009
  3655:   485774.001   486233.003   486238.023   486238.021   486382.005
  3660:   486489.013   486489.011   486705.009   486835.001   487141.003
  3665:   487146.023   487146.021   487386.005   487397.013   487397.011
  3670:   487964.009   487965.005   487987.009   488056.005   488061.009
  3675:   488062.005   488074.009   488266.001   488815.003   488820.023
  3680:   488820.021   489071.013   489071.011   489193.005   489315.009
  3685:   489613.001   490081.003   490086.023   490086.021   490337.013
  3690:   490337.011   490457.001   490714.003   490719.023   490719.021
  3695:   490970.013   490970.011   491032.005   491147.009   491276.001
  3700:   491742.003   491747.023   491747.021   491766.001   491795.003
  3705:   491930.005   491998.013   491998.011   492067.009   492489.001
  3710:   492682.003   492687.023   492687.021   492821.005   492823.009
  3715:   492855.005   492866.009   492938.013   492938.011   492947.005
  3720:   493070.009   493444.001   493780.003   493785.023   493785.021
  3725:   493974.005   493988.009   493999.005   494036.013   494036.011
  3730:   494133.009   494147.005   494156.009   494177.005   494192.009
  3735:   495009.005   495015.009   495035.005   495108.009   495120.005
  3740:   495128.009   496506.005   496525.009   496542.005   496567.009
  3745:   496633.005   496648.009   496661.005   496731.009   496849.001
  3750:   497342.003   497347.023   497347.021   497438.005   497598.013
  3755:   497598.011   497603.009   497737.001   498287.018   498333.003
  3760:   498339.016   498389.026   498454.005   499336.009   499404.005
  3765:   499535.009   499727.001   500274.003   500279.023   500279.021
  3770:   500361.005   500365.009   500381.005   500530.013   500530.011
  3775:   500637.009   500639.005   500645.009   505521.005   505546.009
  3780:   505564.005   505585.009   506207.001   506372.003   506377.023
  3785:   506377.021   506509.005   506628.013   506628.011   506750.009
  3790:   506893.001   507268.003   507273.023   507273.021   507318.005
  3795:   507322.009   507350.005   507450.009   507522.005   507524.013
  3800:   507524.011   507526.009   507659.001   508120.003   508125.023
  3805:   508125.021   508278.005   508344.009   508376.013   508376.011
  3810:   508478.001   509028.018   509134.003   509140.016   509190.026
  3815:   509365.005   509412.009   509420.005   510013.009   510047.005
  3820:   510053.009   510234.005   510245.009   510310.005   510593.009
  3825:   510605.005   510614.009   510617.005   510633.009   511056.005
  3830:   511262.009   514167.005   514292.009   514972.001   515129.003
  3835:   515134.023   515134.021   515203.005   515208.009   515385.013
  3840:   515385.011   515401.005   515721.009   515962.001   516215.003
  3845:   516220.023   516220.021   516471.013   516471.011   516877.005
  3850:   517375.009   517552.001   517866.003   517871.023   517871.021
  3855:   517883.001   517916.003   518014.005   518122.013   518122.011
  3860:   518264.009   518289.005   518296.009   518419.001   518891.003
  3865:   518896.023   518896.021   519140.005   519147.013   519147.011
  3870:   519284.009   519431.001   519981.018   520190.003   520196.016
  3875:   520246.026   520309.005   520813.009   520816.005   520831.009
  3880:   520968.005   520991.009   520992.005   521017.009   521023.005
  3885:   521041.009   521051.005   521059.009   521116.005   521124.009
  3890:   524615.005   524874.009   525627.005   525702.009   525709.005
  3895:   525714.009   525724.005   525740.009   525758.005   525782.009
  3900:   525999.001   526436.003   526441.023   526441.021   526692.013
  3905:   526692.011   526750.005   526773.009   526781.005   527126.009
  3910:   527279.001   527799.003   527804.023   527804.021   528055.013
  3915:   528055.011   528115.005   528225.009   528230.005   528234.009
  3920:   528243.005   528259.009   528403.001   528953.018   529126.003
  3925:   529132.016   529182.026   529231.005   530041.009   530045.005
  3930:   530057.009   530127.005   530137.009   530166.005   530172.009
  3935:   530237.005   530247.009   530615.001   531109.003   531114.023
  3940:   531114.021   531226.005   531231.009   531238.005   531345.009
  3945:   531365.013   531365.011   531495.001   531543.003   531548.023
  3950:   531548.021   531563.001   531680.003   531799.013   531799.011
  3955:   532341.005   532349.009   532357.005   532513.009   532788.001
  3960:   533240.003   533245.023   533245.021   533496.013   533496.011
  3965:   533571.005   533577.009   533671.005   533828.009   533949.001
  3970:   534446.003   534451.023   534451.021   534671.005   534702.013
  3975:   534702.011   535017.009   535170.001   535570.003   535575.023
  3980:   535575.021   535818.005   535826.013   535826.011   535831.009
  3985:   535832.005   535890.009   535892.005   535899.009   536025.001
  3990:   536284.003   536289.023   536289.021   536540.013   536540.011
  3995:   536926.001   537476.018   537514.003   537520.016   537570.026
  4000:   537621.005   538254.009   538439.001   538964.003   538969.023
  4005:   538969.021   539058.005   539220.013   539220.011   539449.009
  4010:   539596.001   540146.018   540159.003   540165.016   540176.001
  4015:   540208.003   540215.026   540279.005   540842.009   540863.005
  4020:   540871.009   540880.005   540885.009   540938.005   541026.009
  4025:   541059.005   541169.009   541527.005   541557.009   541575.005
  4030:   541618.009   541912.001   542196.003   542201.023   542201.021
  4035:   542279.005   542452.013   542452.011   542483.009   542611.001
  4040:   542982.003   542987.023   542987.021   543238.013   543238.011
  4045:   543704.001   543993.003   543998.023   543998.021   544111.005
  4050:   544249.013   544249.011   544305.009   544307.005   544315.009
  4055:   544428.001   544978.018   545037.003   545043.016   545093.026
  4060:   545163.005   545918.009   546182.001   546597.003   546602.023
  4065:   546602.021   546853.013   546853.011   546868.005   547055.009
  4070:   547059.005   547088.009   547230.001   547708.003   547713.023
  4075:   547713.021   547854.005   547859.009   547964.013   547964.011
  4080:   548586.005   548598.009   548607.005   548686.009   548811.001
  4085:   549361.018   549438.003   549444.016   549450.001   549494.026
  4090:   549510.003   549515.023   549515.021   549562.005   549766.013
  4095:   549766.011   550253.009   550426.001   550938.003   550943.023
  4100:   550943.021   550961.001   550985.003   551194.013   551194.011
  4105:   551702.001   552139.003   552144.023   552144.021   552243.005
  4110:   552395.013   552395.011   552402.009   552762.001   553200.003
  4115:   553205.023   553205.021   553456.013   553456.011   553949.001
  4120:   554050.003   554055.023   554055.021   554306.013   554306.011
  4125:   554440.001   554990.018   555238.003   555244.016   555294.026
  4130:   555359.005   556012.009   556213.001   556763.018   556776.003
  4135:   556782.016   556832.026   556876.005   557612.009   557626.005
  4140:   557651.009   557656.005   557668.009   557709.005   557745.009
  4145:   557780.005   557905.009   558083.001   558565.003   558570.023
  4150:   558570.021   558821.013   558821.011   558887.005   559255.009
  4155:   559394.001   559852.003   559857.023   559857.021   560108.013
  4160:   560108.011   560162.005   560363.009   560529.001   561079.018
  4165:   561163.003   561169.016   561219.026   561308.005   561764.009
  4170:   561766.005   561772.009   561782.005   561792.009   561796.005
  4175:   561817.009   561824.005   561876.009   562173.001   562723.003
  4180:   562729.016   562779.026   562841.005   563643.009   563916.001
  4185:   564272.003   564277.023   564277.021   564291.001   564316.003
  4190:   564367.005   564373.009   564528.013   564528.011   564898.005
  4195:   564909.009   564917.005   565254.009   565386.001   565936.018
  4200:   565947.003   565953.016   566003.026   566086.005   566980.009
  4205:   567066.005   567070.009   567077.005   567093.009   567454.001
  4210:   567760.003   567765.023   567765.021   567976.005   568016.013
  4215:   568016.011   568147.009   568288.001   568697.003   568702.023
  4220:   568702.021   568953.013   568953.011   569150.001   569700.018
  4225:   569799.003   569805.016   569855.026   570608.005   571147.009
  4230:   571244.005   571249.009   571658.005   571667.009   571808.001
  4235:   572167.003   572172.023   572172.021   572188.001   572236.003
  4240:   572325.005   572339.009   572361.005   572423.013   572423.011
  4245:   572642.009   572766.001   573316.018   573508.003   573514.016
  4250:   573560.005   573564.026   574330.009   574493.005   574512.009
  4255:   574601.005   574614.009   574616.005   574623.009   574635.005
  4260:   574649.009   575016.001   575400.003   575405.023   575405.021
  4265:   575573.005   575656.013   575656.011   575803.009   575941.001
  4270:   576467.003   576472.023   576472.021   576600.005   576605.009
  4275:   576672.005   576723.013   576723.011   576781.009   576899.001
  4280:   577313.003   577318.023   577318.021   577569.013   577569.011
  4285:   577768.001   577871.003   577876.023   577876.021   577953.005
  4290:   578127.013   578127.011   578176.009   578211.005   578215.009
  4295:   578279.001   578829.018   578854.003   578860.016   578910.026
  4300:   579352.005   579366.009   579373.005   579747.009   579749.005
  4305:   579771.009   579945.001   580495.018   580588.003   580594.016
  4310:   580644.026   580761.005   581687.009   581695.005   581701.009
  4315:   581883.001   582316.003   582321.023   582321.021   582472.005
  4320:   582474.009   582503.005   582572.013   582572.011   582625.009
  4325:   582641.005   582647.009   582653.005   582660.009   582662.005
  4330:   582672.009   582683.005   582689.009   582831.001   583326.003
  4335:   583331.023   583331.021   583540.005   583582.013   583582.011
  4340:   583713.009   583854.001   584340.003   584345.023   584345.021
  4345:   584596.013   584596.011   584718.005   584811.009   584822.005
  4350:   584826.009   585046.001   585596.018   585640.003   585646.016
  4355:   585664.001   585696.026   585702.003   585707.023   585707.021
  4360:   585781.005   585958.013   585958.011   586448.009   586630.001
  4365:   587180.018   587231.003   587237.016   587287.026   587325.005
  4370:   588003.009   588017.005   588042.009   588044.005   588051.009
  4375:   588052.005   588063.009   588301.001   588851.018   589005.003
  4380:   589011.016   589061.026   589091.005   590023.009   590029.005
  4385:   590035.009   590091.005   590104.009   590109.005   590115.009
  4390:   590134.005   590152.009   590209.005   590254.009   590255.005
  4395:   590289.009   591542.001   591863.003   591868.023   591868.021
  4400:   592119.013   592119.011   592376.005   592408.009   592413.005
  4405:   592580.009   592723.001   593085.003   593090.023   593090.021
  4410:   593206.005   593212.009   593276.005   593341.013   593341.011
  4415:   593461.009   593676.001   594058.003   594063.023   594063.021
  4420:   594150.005   594282.009   594314.013   594314.011   594425.001
  4425:   594870.003   594875.023   594875.021   595126.013   595126.011
  4430:   595882.001   595942.003   595947.023   595947.021   596198.013
  4435:   596198.011   596379.005   596979.009   597002.005   597029.009
  4440:   597187.001   597737.018   597763.003   597769.016   597819.026
  4445:   598328.005   599189.009   599691.001   599879.003   599884.023
  4450:   599884.021   600073.005   600104.009   600135.013   600135.011
  4455:   600284.005   600297.009   600610.001   601010.003   601015.023
  4460:   601015.021   601240.005   601266.013   601266.011   601536.009
  4465:   601674.001   602224.018   602273.003   602279.016   602329.026
  4470:   602853.005   603301.009   603305.005   603313.009   603315.005
  4475:   603326.009   603433.001   603983.018   604137.003   604143.016
  4480:   604193.026   604248.005   604996.009   605176.001   605726.018
  4485:   605825.003   605831.016   605881.026   605883.017   605952.005
  4490:   606763.009   607024.001   607463.003   607468.023   607468.021
  4495:   607719.013   607719.011   607736.005   608053.009   608194.001
  4500:   608593.003   608598.023   608598.021   608825.005   608830.009
  4505:   608831.005   608849.013   608849.011   608947.009   609326.001
  4510:   609926.018   610114.003   610120.016   610170.026   610187.005
  4515:   610916.009   611205.001   611639.003   611644.023   611644.021
  4520:   611895.013   611895.011   612093.005   612351.009   612495.001
  4525:   613095.018   613358.003   613364.016   613414.026   613599.001
  4530:   613759.003   613764.023   613764.021   613794.005   614015.013
  4535:   614015.011   614419.009   614652.001   615043.003   615048.023
  4540:   615048.021   615108.005   615112.009   615299.013   615299.011
  4545:   615660.001   616083.003   616088.023   616088.021   616233.005
  4550:   616339.013   616339.011   616430.009   616437.005   616443.009
  4555:   616550.001   617150.018   617169.003   617175.016   617225.026
  4560:   617311.005   617850.009   618028.001   618628.018   618664.003
  4565:   618670.016   618720.026   618766.005   618774.009   618788.005
  4570:   619289.009   619486.001   620086.018   621128.003   621134.016
  4575:   621184.026   621198.005   621815.009   621918.005   621929.009
  4580:   621931.005   621976.009   622135.005   622161.009   622166.005
  4585:   622174.009   622183.005   622203.009   622212.005   622433.009
  4590:   622676.001   623276.018   623401.003   623407.016   623457.026
  4595:   623483.005   624598.009   624604.005   624709.009   624713.005
  4600:   624835.009   624999.001   625383.003   625388.023   625388.021
  4605:   625478.005   625639.013   625639.011   625689.009   625710.005
  4610:   625717.009   625734.005   625740.009   625938.005   625974.009
  4615:   625976.005   625984.009   625999.005   626008.009   626271.001
  4620:   626629.003   626634.023   626634.021   626723.005   626822.009
  4625:   626885.013   626885.011   626976.001   627539.003   627544.023
  4630:   627544.021   627760.005   627767.009   627773.005   627795.013
  4635:   627795.011   627895.009   628029.001   628586.003   628591.023
  4640:   628591.021   628697.005   628701.009   628842.013   628842.011
  4645:   628871.005   628975.009   629127.001   629673.003   629678.023
  4650:   629678.021   629929.013   629929.011   629955.005   630295.009
  4655:   630304.005   630310.009   630314.005   630319.009   630517.001
  4660:   630946.003   630951.023   630951.021   631202.013   631202.011
  4665:   631440.001   632040.018   632443.003   632449.016   632480.001
  4670:   632499.026   632564.003   632569.023   632569.021   632725.005
  4675:   632820.013   632820.011   633188.009   633361.001   633961.018
  4680:   633974.003   633980.016   633988.005   634030.026   634540.009
  4685:   634543.005   634563.009   634573.005   634578.009   634581.005
  4690:   634588.009   634591.005   634593.009   634604.005   634612.009
  4695:   634794.001   634989.003   634994.023   634994.021   635245.013
  4700:   635245.011   635547.001   635563.003   635568.023   635568.021
  4705:   635819.013   635819.011   635876.005   635901.009   635958.005
  4710:   636133.009   638777.005   639386.009   639414.005   639423.009
  4715:   639436.005   639442.009   639446.005   639469.009   639473.005
  4720:   639493.009   639497.005   639509.009   639756.001   640042.003
  4725:   640047.023   640047.021   640298.013   640298.011   640416.005
  4730:   640421.009   640439.005   640829.009   641082.001   641556.003
  4735:   641561.023   641561.021   641697.005   641705.009   641714.005
  4740:   641812.013   641812.011   641990.009   642144.001   642443.003
  4745:   642448.023   642448.021   642482.001   642547.003   642699.013
  4750:   642699.011   642762.005   642860.009   643028.001   643487.003
  4755:   643492.023   643492.021   643509.001   643543.003   643743.013
  4760:   643743.011   643754.005   643854.009   644014.001   644511.003
  4765:   644516.023   644516.021   644767.013   644767.011   645180.005
  4770:   645189.009   645190.005   645206.009   645221.005   645226.009
  4775:   645227.005   645498.009   645629.001   646160.003   646165.023
  4780:   646165.021   646416.013   646416.011   646816.005   646833.009
  4785:   647001.005   647168.009   647305.001   647905.018   647932.003
  4790:   647938.016   647988.026   648105.005   648612.009   648823.001
  4795:   649409.003   649414.023   649414.021   649665.013   649665.011
  4800:   649839.005   650076.009   650208.001   650712.003   650717.023
  4805:   650717.021   650919.005   650968.013   650968.011   651089.009
  4810:   651211.001   651811.018   652104.003   652110.016   652160.026
  4815:   652332.005   652337.009   652347.005   652753.009   652914.001
  4820:   653485.003   653490.023   653490.021   653741.013   653741.011
  4825:   653869.005   654045.009   654191.001   654731.003   654736.023
  4830:   654736.021   654782.001   654857.003   654987.013   654987.011
  4835:   655073.005   655092.009   655106.005   655408.009   655553.001
  4840:   656153.018   656376.003   656382.016   656432.026   656750.005
  4845:   656784.009   656788.005   657375.009   657389.005   657395.009
  4850:   657406.005   657419.009   657446.005   657450.009   657937.001
  4855:   658157.003   658162.023   658162.021   658309.005   658413.013
  4860:   658413.011   658812.009   659089.001   659629.003   659634.023
  4865:   659634.021   659766.005   659885.013   659885.011   659945.009
  4870:   660335.001   660690.003   660695.023   660695.021   660946.013
  4875:   660946.011   660965.005   661089.009   661111.005   661119.009
  4880:   661268.001   661690.003   661695.023   661695.021   661946.013
  4885:   661946.011   662027.005   662031.009   662036.005   662049.009
  4890:   662052.005   662177.009   662329.001   662725.003   662730.023
  4895:   662730.021   662955.005   662981.013   662981.011   663109.009
  4900:   663270.001   663870.018   663971.003   663977.016   664027.026
  4905:   664040.005   664601.009   664948.001   665285.003   665290.023
  4910:   665290.021   665473.005   665541.013   665541.011   665781.009
  4915:   665782.005   665788.009   665790.005   665810.009   665813.005
  4920:   665818.009   665828.005   665840.009   665867.005   665873.009
  4925:   666331.001   666597.003   666602.023   666602.021   666750.005
  4930:   666853.013   666853.011   666968.009   667265.001   667427.003
  4935:   667432.023   667432.021   667476.001   667525.003   667683.013
  4940:   667683.011   667766.005   667926.009   667997.005   668002.009
  4945:   668005.005   668010.009   668035.005   668139.009   668350.001
  4950:   668692.003   668697.023   668697.021   668845.005   668948.013
  4955:   668948.011   669039.009   669055.005   669187.009   669542.001
  4960:   669889.003   669894.023   669894.021   670052.005   670145.013
  4965:   670145.011   670179.009   670542.001   670815.003   670820.023
  4970:   670820.021   670988.005   671071.013   671071.011   671111.009
  4975:   671126.005   671137.009   671279.001   671658.003   671663.023
  4980:   671663.021   671703.001   671767.003   671914.013   671914.011
  4985:   672236.001   672436.003   672441.023   672441.021   672692.013
  4990:   672692.011   672744.005   672910.009   673130.001   673382.003
  4995:   673387.023   673387.021   673450.001   673638.013   673638.011
  5000:   673900.003   673905.023   673905.021   674156.013   674156.011
  5005:   674320.005   674356.009   674361.005   674498.009   674651.001
  5010:   675065.003   675070.023   675070.021   675321.013   675321.011
  5015:   675642.001   676058.003   676063.023   676063.021   676080.001
  5020:   676125.003   676314.013   676314.011   676389.001   676650.003
  5025:   676655.023   676655.021   676906.013   676906.011   677109.005
  5030:   677126.009   678949.005   679495.009   679496.005   679501.009
  5035:   679552.005   679558.009   679585.005   679852.009   679880.005
  5040:   679887.009   679888.005   679903.009   681454.005   681462.009
  5045:   681489.005   681532.009   681533.005   681553.009   681562.005
  5050:   681567.009   681602.005   681605.009   681627.005   681634.009
  5055:   682640.005   682679.009   682686.005   682691.009   682709.005
  5060:   682721.009   684299.005   684322.009   684696.001   684950.003
  5065:   684955.023   684955.021   685206.013   685206.011   685233.005
  5070:   685536.009   685689.001   685982.003   685987.023   685987.021
  5075:   686238.013   686238.011   686369.005   686479.009   686587.001
  5080:   686952.003   686957.023   686957.021   687208.013   687208.011
  5085:   687254.005   687263.009   687401.005   687433.009   687604.001
  5090:   687941.003   687946.023   687946.021   688160.005   688165.009
  5095:   688197.013   688197.011   688203.005   688367.009   688477.001
  5100:   688974.003   688979.023   688979.021   689208.005   689230.013
  5105:   689230.011   689350.009   689354.005   689369.009   689506.001
  5110:   690106.018   690348.003   690354.016   690404.026   690603.005
  5115:   691192.009   691460.001   691901.003   691906.023   691906.021
  5120:   692157.013   692157.011   692290.005   692419.009   692587.001
  5125:   693187.018   693333.003   693339.016   693389.026   693515.005
  5130:   693527.009   693545.005   693978.009   694036.005   694046.009
  5135:   694337.005   694556.009   694787.001   695066.003   695071.023
  5140:   695071.021   695104.005   695110.009   695131.005   695136.009
  5145:   695141.005   695303.009   695316.005   695322.013   695322.011
  5150:   695335.009   695340.005   695347.009   695965.001   696213.003
  5155:   696218.023   696218.021   696469.013   696469.011   698456.005
  5160:   698574.009   698768.001   699235.003   699240.023   699240.021
  5165:   699256.001   699286.003   699491.013   699491.011   699665.005
  5170:   699790.009   699933.001   700507.003   700512.023   700512.021
  5175:   700735.005   700763.013   700763.011   700917.009   701032.001
  5180:   701623.003   701628.023   701628.021   701879.013   701879.011
  5185:   702073.005   702098.009   702118.005   702127.009   702248.001
  5190:   702823.003   702828.023   702828.021   703079.013   703079.011
  5195:   703230.005   703457.009   703461.005   703468.009   703582.001
  5200:   704172.003   704177.023   704177.021   704428.013   704428.011
  5205:   704817.005   705044.009   705223.001   705823.018   705911.003
  5210:   705917.016   705967.026   706035.005   706514.009   707002.001
  5215:   707602.018   707877.003   707883.016   707933.026   708047.005
  5220:   708440.009   709118.005   709270.009   709739.001   709991.003
  5225:   709996.023   709996.021   710247.013   710247.011   710282.005
  5230:   710369.009   710523.001   711113.003   711118.023   711118.021
  5235:   711258.005   711369.013   711369.011   711392.009   711534.001
  5240:   712134.018   712147.003   712153.016   712191.001   712203.026
  5245:   712336.003   712341.023   712341.021   712414.005   712592.013
  5250:   712592.011   713174.009   713813.001   714110.003   714115.023
  5255:   714115.021   714366.013   714366.011   714476.001   714511.003
  5260:   714516.023   714516.021   714537.001   714629.003   714767.013
  5265:   714767.011   715051.001   715150.003   715155.023   715155.021
  5270:   715337.005   715406.013   715406.011   715573.009   715885.001
  5275:   716100.003   716105.023   716105.021   716356.013   716356.011
  5280:   716741.005   716866.009   717006.001   717606.018   717660.003
  5285:   717666.016   717716.026   717803.005   718504.009   718884.001
  5290:   719217.003   719222.023   719222.021   719473.013   719473.011
  5295:   719570.001   719594.003   719599.023   719599.021   719604.001
  5300:   719721.003   719850.013   719850.011   719962.001   720128.003
  5305:   720133.023   720133.021   720288.005   720291.009   720292.005
  5310:   720298.009   720356.005   720384.013   720384.011   720491.009
  5315:   720632.001   720990.003   720995.023   720995.021   721246.013
  5320:   721246.011   721751.005   721987.009   722158.001   722730.003
  5325:   722735.023   722735.021   722986.013   722986.011   723056.005
  5330:   723064.009   723078.005   723206.009   723359.001   723845.003
  5335:   723850.023   723850.021   723860.001   723880.003   723888.001
  5340:   723976.003   724101.013   724101.011   724325.005   724433.009
  5345:   724584.001   725115.003   725120.023   725120.021   725248.005
  5350:   725253.009   725269.005   725371.013   725371.011   725426.009
  5355:   726029.001   726189.003   726194.023   726194.021   726445.013
  5360:   726445.011   726541.001   727141.018   727191.003   727197.016
  5365:   727247.026   727685.005   728058.009   728077.005   728084.009
  5370:   728096.005   728104.009   728106.005   728125.009   728535.005
  5375:   728558.009   728748.001   729286.003   729291.023   729291.021
  5380:   729517.005   729542.013   729542.011   729570.009   729575.005
  5385:   729590.009   729592.005   729746.009   729887.001   730088.003
  5390:   730093.023   730093.021   730344.013   730344.011   730750.005
  5395:   730852.009   731011.001   731611.018   731666.003   731672.016
  5400:   731722.026   731774.005   732878.009   732879.005   732885.009
  5405:   732893.005   733058.009   733635.001   733848.003   733853.023
  5410:   733853.021   734104.013   734104.011   734172.005   734296.009
  5415:   734439.001   734888.003   734893.023   734893.021   735144.013
  5420:   735144.011   735351.005   735354.009   735360.005   735454.009
  5425:   735569.001   735877.003   735882.023   735882.021   736133.013
  5430:   736133.011   736174.005   736245.009   736841.005   737037.009
  5435:   737176.001   737776.018   737780.003   737786.016   737836.026
  5440:   738595.005   739019.009   739161.001   739628.003   739633.023
  5445:   739633.021   739884.013   739884.011   740337.005   740567.009
  5450:   740697.001   741292.003   741297.023   741297.021   741548.013
  5455:   741548.011   741617.005   741851.009   741993.001   742283.003
  5460:   742288.023   742288.021   742289.001   742333.003   742364.001
  5465:   742411.003   742539.013   742539.011   742754.001   743146.003
  5470:   743151.023   743151.021   743158.001   743246.003   743402.013
  5475:   743402.011   743520.005   743679.009   743848.001   743981.003
  5480:   743986.023   743986.021   744047.001   744091.003   744237.013
  5485:   744237.011   746219.005   746501.009   746668.001   747268.018
  5490:   747510.003   747516.016   747566.026   748059.005   748751.009
  5495:   750183.005   750260.009   750442.001   750638.003   750643.023
  5500:   750643.021   750803.005   750813.009   750839.005   750894.013
  5505:   750894.011   751025.009   751148.001   751449.003   751454.023
  5510:   751454.021   751705.013   751705.011   752379.001   752733.003
  5515:   752738.023   752738.021   752989.013   752989.011   753154.005
  5520:   753162.009   753168.005   753377.009   753487.001   753980.003
  5525:   753985.023   753985.021   754236.013   754236.011   754570.005
  5530:   754692.009   754693.005   754698.009   754715.005   754719.009
  5535:   754731.005   754769.009   754953.001   755553.018   755658.003
  5540:   755664.016   755714.026   755824.005   756224.009   756234.005
  5545:   756315.009   756316.005   756365.009   756385.005   756391.009
  5550:   756542.001   757139.003   757144.023   757144.021   757392.005
  5555:   757395.013   757395.011   757398.009   757413.005   757782.009
  5560:   757919.001   758221.003   758226.023   758226.021   758246.001
  5565:   758271.003   758477.013   758477.011   758535.005   758540.009
  5570:   758576.005   758587.009   758609.005   758805.009   758939.001
  5575:   759539.018   759648.003   759654.016   759704.026   759979.005
  5580:   760400.009   760588.001   761096.003   761101.023   761101.021
  5585:   761323.005   761329.009   761352.013   761352.011   761381.005
  5590:   761594.009   761744.001   761942.003   761947.023   761947.021
  5595:   761950.005   761957.009   761973.005   762198.013   762198.011
  5600:   762229.009   762359.001   762959.018   763003.003   763009.016
  5605:   763059.026   763183.005   763754.009   763980.001   764424.003
  5610:   764429.023   764429.021   764680.013   764680.011   764865.001
  5615:   765295.003   765300.023   765300.021   765551.013   765551.011
  5620:   765703.005   765827.009   766932.001   767257.003   767262.023
  5625:   767262.021   767513.013   767513.011   767579.005   767585.009
  5630:   767599.005   767673.009   767833.001   768433.018   768452.003
  5635:   768458.016   768508.026   768618.005   769020.009   769321.001
  5640:   769888.003   769893.023   769893.021   770144.013   770144.011
  5645:   770208.005   770225.009   770234.005   770528.009   770687.001
  5650:   771258.003   771263.023   771263.021   771486.005   771496.009
  5655:   771505.005   771514.013   771514.011   771594.009   771789.001
  5660:   772233.003   772238.023   772238.021   772489.013   772489.011
  5665:   772632.001   773063.003   773068.023   773068.021   773319.013
  5670:   773319.011   773448.005   773454.009   773498.005   773579.009
  5675:   773728.001   774118.003   774123.023   774123.021   774374.013
  5680:   774374.011   774589.005   774601.009   774622.005   774683.009
  5685:   774852.001   775184.003   775189.023   775189.021   775193.001
  5690:   775241.003   775440.013   775440.011   775663.001   775799.003
  5695:   775804.023   775804.021   775969.005   776055.013   776055.011
  5700:   776395.009   776553.001   776993.003   776998.023   776998.021
  5705:   777249.013   777249.011   777414.001   777890.003   777895.023
  5710:   777895.021   778146.013   778146.011   778499.005   778685.009
  5715:   778835.001   779344.003   779349.023   779349.021   779600.013
  5720:   779600.011   779988.005   779992.009   780021.005   780224.009
  5725:   780451.001   781051.018   781249.003   781255.016   781305.026
  5730:   781403.005   781830.009   782047.001   782647.018   782790.003
  5735:   782796.016   782846.026   782944.005   782952.009   782963.005
  5740:   783938.009   783940.005   783999.009   784030.005   784036.009
  5745:   784037.005   784059.009   784063.005   784073.009   785243.005
  5750:   785428.009   786186.001   786527.003   786532.023   786532.021
  5755:   786783.013   786783.011   786955.001   787351.003   787356.023
  5760:   787356.021   787365.001   787458.003   787607.013   787607.011
  5765:   787752.005   787893.009   788027.001   788627.018   788849.003
  5770:   788855.016   788905.026   789010.005   789532.009   789549.005
  5775:   789564.009   789609.005   789620.009   789756.001   790356.018
  5780:   790516.003   790522.016   790572.026   790648.005   791161.009
  5785:   791646.001   792246.018   792309.003   792315.016   792365.026
  5790:   792422.005   792944.009   793212.001   793812.018   794028.003
  5795:   794034.016   794084.026   794100.001   794168.003   794173.023
  5800:   794173.021   794283.005   794424.013   794424.011   794890.009
  5805:   795106.001   795706.018   795902.003   795908.016   795958.026
  5810:   796021.005   797338.009   797343.005   797358.009   797377.005
  5815:   797394.009   797569.005   798101.009   798539.001   798724.003
  5820:   798729.023   798729.021   798815.005   798819.009   798821.005
  5825:   798828.009   798844.005   798926.009   798980.013   798980.011
  5830:   799145.001   799745.018   799962.003   799968.016   800018.026
  5835:   800138.005   800669.009   801638.001   801774.003   801779.023
  5840:   801779.021   802030.013   802030.011   802284.001   802770.003
  5845:   802775.023   802775.021   803026.013   803026.011   803038.005
  5850:   803375.009   803531.001   803870.003   803875.023   803875.021
  5855:   803880.001   803983.003   804126.013   804126.011   804465.005
  5860:   804479.009   804486.005   804532.009   804723.001   805323.018
  5865:   805327.003   805333.016   805383.026   805461.005   806081.009
  5870:   806426.001   807026.018   807177.003   807183.016   807233.026
  5875:   807369.005   807787.009   808840.001   809002.003   809007.023
  5880:   809007.021   809258.013   809258.011   811509.005   811935.009
  5885:   811957.005   811972.009   812889.001   812910.003   812915.023
  5890:   812915.021   813166.013   813166.011   813491.001   813946.003
  5895:   813951.023   813951.021   814202.013   814202.011   814205.005
  5900:   814311.009   814366.005   814471.009   814582.001   815158.003
  5905:   815163.023   815163.021   815414.013   815414.011   815538.005
  5910:   815681.009   815698.005   815702.009   815704.005   815719.009
  5915:   815720.005   815897.009   816087.001   816631.003   816636.023
  5920:   816636.021   816887.013   816887.011   817024.001   817595.003
  5925:   817600.023   817600.021   817851.013   817851.011   818301.005
  5930:   818433.009   818612.001   819212.018   819238.003   819244.016
  5935:   819294.026   819497.005   819615.009   819659.005   820600.009
  5940:   820612.005   820620.009   820622.005   820626.009   820637.005
  5945:   820646.009   820653.005   820660.009   820686.005   820694.009
  5950:   821509.001   822007.003   822012.023   822012.021   822263.013
  5955:   822263.011   822349.005   822365.009   822368.005   822547.009
  5960:   822703.001   823048.003   823053.023   823053.021   823286.005
  5965:   823299.009   823304.013   823304.011   823311.005   823319.009
  5970:   823324.005   823340.009   823354.005   823357.009   823535.001
  5975:   824135.018   824181.003   824187.016   824194.001   824237.026
  5980:   824252.003   824257.023   824257.021   824334.005   824508.013
  5985:   824508.011   824879.009   824880.005   824887.009   825174.001
  5990:   825710.003   825715.023   825715.021   825717.001   825803.003
  5995:   825966.013   825966.011   826068.005   826508.009   826652.001
  6000:   827252.018   827375.003   827381.016   827431.026   827541.005
  6005:   828262.009   828538.001   829138.018   829195.003   829201.016
  6010:   829210.001   829251.026   829255.003   829260.023   829260.021
  6015:   829370.005   829511.013   829511.011   829965.009   829966.005
  6020:   829971.009   830052.005   830062.009   830068.005   830072.009
  6025:   830077.005   830231.009   830420.001   831020.018   831162.003
  6030:   831168.016   831218.026   831253.005   832141.009   832225.005
  6035:   832232.009   832990.005   833010.009   833235.001   833835.018
  6040:   833887.003   833893.016   833943.026   834001.005   834661.009
  6045:   834877.001   835462.003   835467.023   835467.021   835718.013
  6050:   835718.011   835775.005   835794.009   835809.005   835841.009
  6055:   836039.001   836488.003   836493.023   836493.021   836737.005
  6060:   836744.013   836744.011   836813.009   836839.005   836843.009
  6065:   836850.005   836853.009   836981.001   837573.003   837578.023
  6070:   837578.021   837683.005   837829.013   837829.011   837892.009
  6075:   838646.001   838908.003   838913.023   838913.021   839164.013
  6080:   839164.011   839240.005   839308.009   839445.001   840045.018
  6085:   840345.003   840351.016   840401.026   840476.005   841065.009
  6090:   841657.001   842178.003   842183.023   842183.021   842434.013
  6095:   842434.011   842487.005   842505.009   842512.005   842600.009
  6100:   842625.005   842632.009   842771.001   843371.018   843648.003
  6105:   843654.016   843704.026   843782.005   844384.009   844608.001
  6110:   845208.018   845252.003   845258.016   845308.026   845378.005
  6115:   845840.009   845997.001   846546.003   846551.023   846551.021
  6120:   846802.013   846802.011   847278.005   847302.009   847318.005
  6125:   847479.009   847626.001   848173.003   848178.023   848178.021
  6130:   848199.001   848231.003   848429.013   848429.011   848631.001
  6135:   849182.003   849187.023   849187.021   849438.013   849438.011
  6140:   849862.005   850015.009   850173.001   850575.003   850580.023
  6145:   850580.021   850596.001   850643.003   850831.013   850831.011
  6150:   850839.005   850843.009   850889.005   850974.009   851139.001
  6155:   851547.003   851552.023   851552.021   851567.001   851617.003
  6160:   851750.005   851757.009   851760.005   851803.013   851803.011
  6165:   852023.009   852182.001   852782.018   852968.003   852974.016
  6170:   853024.026   853131.005   853565.009   853573.005   853581.009
  6175:   853999.001   854466.003   854471.023   854471.021   854722.013
  6180:   854722.011   855026.001   855255.003   855260.023   855260.021
  6185:   855511.013   855511.011   855683.001   855931.003   855936.023
  6190:   855936.021   856187.013   856187.011   856534.001   856821.003
  6195:   856826.023   856826.021   857077.013   857077.011   857198.001
  6200:   857234.003   857239.023   857239.021   857256.001   857352.003
  6205:   857490.013   857490.011   857603.001   857666.003   857671.023
  6210:   857671.021   857729.001   857805.003   857922.013   857922.011
  6215:   857988.005   858105.009   858123.005   858133.009   858149.005
  6220:   858157.009   858616.001   858810.003   858815.023   858815.021
  6225:   859066.013   859066.011   859542.005   859564.009   859574.005
  6230:   859736.009   859741.005   859745.009   859761.005   859766.009
  6235:   861642.005   861658.009   861824.001   862424.018   862588.003
  6240:   862594.016   862644.026   862700.005   863713.009   864872.005
  6245:   864899.009   865177.001   865545.003   865550.023   865550.021
  6250:   865745.005   865763.009   865766.005   865801.013   865801.011
  6255:   865892.009   866290.001   866890.018   866931.003   866937.016
  6260:   866987.026   867067.005   867610.009   867792.001   868381.003
  6265:   868386.023   868386.021   868610.005   868637.013   868637.011
  6270:   868645.009   869075.001   869487.003   869492.023   869492.021
  6275:   869743.013   869743.011   870202.001   870802.018   871006.003
  6280:   871012.016   871062.026   871143.005   871659.009   871664.005
  6285:   871670.009   871837.001   872437.018   872446.003   872452.016
  6290:   872502.026   872555.005   872994.009   873234.001   873834.018
  6295:   873950.003   873956.016   874006.026   874124.005   874644.009
  6300:   874675.005   874789.009   874827.005   874836.009   874992.001
  6305:   875518.003   875523.023   875523.021   875709.005   875774.013
  6310:   875774.011   876014.009   876051.005   876057.009   876171.001
  6315:   876742.003   876747.023   876747.021   876789.005   876802.009
  6320:   876998.013   876998.011   877156.001   877543.003   877548.023
  6325:   877548.021   877799.013   877799.011   878099.001   878699.018
  6330:   878751.003   878757.016   878807.026   878905.005   879276.009
  6335:   879322.005   879328.009   879462.001   880062.018   880279.003
  6340:   880285.016   880335.026   880437.005   880444.009   880467.005
  6345:   881432.009   881433.005   881457.009   881534.005   881539.009
  6350:   882045.001   882645.018   882775.003   882781.016   882831.026
  6355:   882898.005   883647.009   883694.005   883708.009   883989.001
  6360:   884589.018   884704.003   884710.016   884760.026   884822.005
  6365:   885273.009   885286.005   885292.009   885341.005   885362.009
  6370:   885367.005   885379.009   885401.005   885406.009   885426.005
  6375:   885433.009   885689.001   886289.018   886402.003   886408.016
  6380:   886437.005   886446.009   886451.005   886458.026   886459.009
  6385:   886463.005   887366.009   887432.005   887441.009   887447.005
  6390:   887454.009   888336.001   888466.003   888471.023   888471.021
  6395:   888722.013   888722.011   888800.005   888810.009   889082.001
  6400:   889682.018   889806.003   889812.016   889850.005   889862.026
  6405:   890802.009   890814.005   890818.009   890829.005   890835.009
  6410:   893186.005   893294.009   894324.001   894484.003   894489.023
  6415:   894489.021   894740.013   894740.011   894782.005   894939.009
  6420:   895089.001   895459.003   895464.023   895464.021   895715.013
  6425:   895715.011   895743.005   895752.009   895784.005   895792.009
  6430:   895804.005   895835.009   895912.005   896059.009   896082.005
  6435:   896084.009   896206.001   896730.003   896735.023   896735.021
  6440:   896986.013   896986.011   897230.001   897830.018   897873.003
  6445:   897879.016   897929.026   898080.005   898540.009   898593.005
  6450:   898609.009   898621.005   898627.009   898774.001   899374.018
  6455:   899583.003   899589.016   899639.026   899722.005   900817.009
  6460:   901246.001   901846.018   901881.003   901887.016   901937.026
  6465:   902024.005   902839.009   902851.005   902856.009   902903.005
  6470:   902916.009   902944.005   902948.009   903014.005   903073.009
  6475:   903431.001   904031.018   904130.003   904136.016   904186.026
  6480:   904269.005   905099.009   905139.005   905145.009   905159.005
  6485:   905170.009   905352.001   905952.018   905981.003   905987.016
  6490:   906037.026   906125.005   906720.009   906969.001   907510.003
  6495:   907515.023   907515.021   907766.013   907766.011   908004.005
  6500:   908132.009   908135.005   908139.009   908140.005   908145.009
  6505:   908151.005   908294.009   908420.001   908746.003   908751.023
  6510:   908751.021   909002.013   909002.011   909123.005   909293.009
  6515:   909308.005   909325.009   909508.001   910048.003   910053.023
  6520:   910053.021   910304.013   910304.011   910331.005   910472.009
  6525:   910646.001   911246.018   911499.003   911505.016   911555.026
  6530:   911776.005   911785.009   911812.005   912271.009   912275.005
  6535:   912281.009   912713.001   913304.003   913309.023   913309.021
  6540:   913421.005   913430.009   913477.005   913560.013   913560.011
  6545:   913662.009   913676.005   913694.009   913859.005   913867.009
  6550:   913880.005   914060.009   914065.005   914071.009   914101.005
  6555:   914121.009   914124.005   914144.009   914170.005   914178.009
  6560:   914179.005   914184.009   915663.005   915670.009   915838.001
  6565:   916234.003   916237.001   916239.023   916239.021   916281.003
  6570:   916387.005   916489.009   916490.013   916490.011   916743.001
  6575:   917254.003   917259.023   917259.021   917510.013   917510.011
  6580:   917570.005   917638.009   917820.001   918420.018   918511.003
  6585:   918517.016   918567.026   918698.005   919406.009   919409.005
  6590:   919421.009   919831.001   920431.018   920646.003   920652.016
  6595:   920702.026   920786.005   920793.009   920800.005   921296.009
  6600:   921332.005   921335.009   921364.005   921368.009   921372.005
  6605:   921381.009   921599.001   922199.018   922292.003   922298.016
  6610:   922348.026   922442.005   922445.009   922464.005   922917.009
  6615:   922925.005   922934.009   922939.005   922960.009   922970.005
  6620:   922981.009   923041.005   923054.009   923117.005   923143.009
  6625:   923947.005   923956.009   924025.005   924163.009   924312.001
  6630:   924726.003   924731.023   924731.021   924937.005   924982.013
  6635:   924982.011   925039.009   925237.001   925791.003   925796.023
  6640:   925796.021   926004.005   926047.013   926047.011   926171.009
  6645:   926179.005   926183.009   926186.005   926193.009   926363.001
  6650:   926895.003   926900.023   926900.021   927151.013   927151.011
  6655:   927332.005   927463.009   927714.001   928314.018   928616.003
  6660:   928622.016   928672.026   928796.005   929294.009   929295.005
  6665:   929298.009   929310.005   929926.009   930163.001   930763.018
  6670:   930880.003   930886.016   930936.026   931049.005   931826.009
  6675:   931902.005   931974.009   931977.005   932161.009   932175.005
  6680:   932184.009   932192.005   932203.009   932511.001   932652.003
  6685:   932657.023   932657.021   932908.013   932908.011   938975.005
  6690:   939064.009   939248.001   939848.018   939964.003   939970.016
  6695:   940020.026   940572.005   941417.009   941899.001   942235.003
  6700:   942240.023   942240.021   942491.013   942491.011   942679.005
  6705:   942827.009   942988.001   943588.018   943698.003   943704.016
  6710:   943754.026   945325.005   945583.009   946339.005   946583.009
  6715:   946621.005   946633.009   948019.001   948599.003   948604.023
  6720:   948604.021   948855.013   948855.011   949335.005   949534.009
  6725:   949694.001   950294.018   950378.003   950384.016   950434.026
  6730:   950440.005   951513.009   951880.001   952480.018   952902.003
  6735:   952908.016   952958.026   953024.005   953995.009   954491.001
  6740:   955091.018   955915.003   955921.016   955971.026   966044.005
  6745:   967225.009   967229.005   967239.009   968944.001   969471.003
  6750:   969476.023   969476.021   969512.005   969517.009   969535.005
  6755:   969727.013   969727.011   970907.009   970909.005   970916.009
  6760:   970917.005   970934.009   970940.005   970945.009   970948.005
  6765:   970954.009   971084.005   971086.009   971997.001   972569.003
  6770:   972574.023   972574.021   972653.005   972825.013   972825.011
  6775:   972984.009   973150.001   973748.003   973753.023   973753.021
  6780:   974004.013   974004.011   974490.005   974501.009   974504.005
  6785:   974649.009   974838.001   975438.018   975627.003   975633.016
  6790:   975671.005   975683.026   976460.009   976463.005   976539.009
  6795:   976541.005   976551.009   976896.001   977496.018   977982.003
  6800:   977988.016   978038.026   978271.005   978844.009   979035.001
  6805:   979635.018   979963.003   979969.016   980019.026   980061.005
  6810:   980646.009   980650.005   980654.009   980705.005   980711.009
  6815:   980712.005   980779.009   980894.005   981077.009   981082.005
  6820:   981089.009   981096.005   981101.009   981113.005   981121.009
  6825:   981130.005   981272.009   981802.005   981815.009   984563.005
  6830:   984818.009   985461.001   985756.003   985761.023   985761.021
  6835:   985948.005   986012.013   986012.011   986205.009   986206.005
  6840:   986212.009   986422.001   986958.003   986963.023   986963.021
  6845:   987214.013   987214.011   987313.005   987798.009   987804.005
  6850:   987811.009   987827.005   987847.009   987858.005   987870.009
  6855:   987960.005   987984.009   987997.005   988003.009   988292.001
  6860:   988751.003   988756.023   988756.021   988866.005   988873.009
  6865:   988940.005   989007.013   989007.011   989062.009   989067.005
  6870:   989076.009   989112.005   989316.009   989360.005   989362.009
  6875:   989363.005   989373.009   989374.005   989378.009   989494.001
  6880:   989911.003   989916.023   989916.021   990160.005   990167.013
  6885:   990167.011   990651.009   990682.005   990909.009   991086.001
  6890:   991686.018   991803.003   991809.016   991859.026   991925.005
  6895:   992714.009   992716.005   992735.009   992759.005   992768.009
  6900:   992786.005   992798.009   992816.005   992824.009   995661.005
  6905:   995674.009   995690.005   995756.009   996213.001   996668.003
  6910:   996673.023   996673.021   996858.005   996924.013   996924.011
  6915:   997084.009  1012714.001  1012734.003  1012739.023  1012739.021
  6920:  1012746.001  1012841.003  1012990.013  1012990.011  1013102.005
  6925:  1013104.009  1013195.005  1013453.009  1013663.001  1014263.018
  6930:  1014286.003  1014292.016  1014342.026  1014446.005  1015279.009
  6935:  1015320.005  1015331.009  1015728.001  1016328.018  1016344.003
  6940:  1016350.016  1016400.026  1016455.005  1016951.009  1017027.005
  6945:  1017037.009  1017044.005  1017052.009  1017655.001  1018255.018
  6950:  1018373.003  1018379.016  1018418.005  1018429.026  1018952.009
  6955:  1019274.001  1019776.003  1019781.023  1019781.021  1020032.013
  6960:  1020032.011  1020454.005  1020713.009  1020940.001  1021516.003
  6965:  1021521.023  1021521.021  1021569.005  1021574.009  1021668.005
  6970:  1021705.009  1021711.005  1021750.009  1021772.013  1021772.011
  6975:  1021781.005  1021787.009  1021976.001  1022576.018  1022723.003
  6980:  1022729.016  1022779.026  1022801.005  1023462.009  1023706.001
  6985:  1024306.018  1024570.003  1024576.016  1024626.026  1024640.005
  6990:  1024643.009  1024647.005  1025129.009  1025296.001  1025896.018
  6995:  1026193.003  1026199.016  1026249.026  1026254.005  1026776.009
  7000:  1026782.005  1026804.009  1026806.005  1026816.009  1027261.001
  7005:  1027676.003  1027681.023  1027681.021  1027849.005  1027932.013
  7010:  1027932.011  1028268.009  1028322.005  1028327.009  1028823.001
  7015:  1029423.018  1029605.003  1029611.016  1029661.026  1029695.005
  7020:  1030119.009  1030155.005  1030167.009  1030396.001  1030979.003
  7025:  1030984.023  1030984.021  1031197.005  1031235.013  1031235.011
  7030:  1031365.009  1031540.001  1032140.018  1032328.003  1032334.016
  7035:  1032384.026  1032458.005  1032859.009  1032893.005  1032899.009
  7040:  1033757.001  1034212.003  1034217.023  1034217.021  1034326.005
  7045:  1034468.013  1034468.011  1034525.009  1034693.001  1035293.018
  7050:  1035377.003  1035383.016  1035433.026  1035553.005  1036004.009
  7055:  1036379.001  1036979.018  1037089.003  1037095.016  1037145.026
  7060:  1037194.005  1037665.009  1037684.005  1037690.009  1037695.005
  7065:  1037702.009  1037709.005  1037736.009  1037741.005  1037746.009
  7070:  1038168.001  1038768.018  1038990.003  1038996.016  1039046.026
  7075:  1039054.005  1039844.009  1039847.005  1039858.009  1039872.005
  7080:  1039885.009  1039898.005  1039907.009  1039922.005  1039929.009
  7085:  1039932.005  1039938.009  1039948.005  1039957.009  1040038.005
  7090:  1040043.009  1040088.005  1040094.009  1040544.001  1041144.018
  7095:  1041390.003  1041396.016  1041446.026  1041572.005  1042660.009
  7100:  1042663.005  1042671.009  1045384.005  1045498.009  1045682.001
  7105:  1046282.018  1046345.003  1046351.016  1046401.026  1046474.005
  7110:  1046886.009  1047088.001  1047688.018  1047836.003  1047842.016
  7115:  1047855.001  1047892.026  1047905.003  1047910.023  1047910.021
  7120:  1047953.005  1048161.013  1048161.011  1048882.009  1048927.005
  7125:  1048935.009  1048939.005  1049070.009  1049372.001  1049755.003
  7130:  1049760.023  1049760.021  1050011.013  1050011.011  1050039.005
  7135:  1050238.009  1050466.001  1050919.003  1050924.023  1050924.021
  7140:  1051175.013  1051175.011  1051248.005  1051344.009  1051357.005
  7145:  1051365.009  1051387.005  1051392.009  1051398.005  1051413.009
  7150:  1051602.001  1052202.018  1052212.003  1052218.016  1052268.026
  7155:  1052418.005  1052887.009  1052890.005  1052895.009  1053164.001
  7160:  1053764.018  1053989.003  1053995.016  1054007.001  1054045.026
  7165:  1054117.003  1054122.023  1054122.021  1054154.005  1054373.013
  7170:  1054373.011  1055393.009  1056901.005  1056913.009  1056988.005
  7175:  1057012.009  1057238.001  1057630.003  1057635.023  1057635.021
  7180:  1057886.013  1057886.011  1057923.005  1058092.009  1058301.001
  7185:  1058764.003  1058769.023  1058769.021  1059020.013  1059020.011
  7190:  1059079.005  1059203.009  1059359.001  1059696.003  1059701.023
  7195:  1059701.021  1059704.001  1059847.003  1059952.013  1059952.011
  7200:  1060581.001  1061181.018  1061202.003  1061208.016  1061258.026
  7205:  1061405.005  1061419.009  1061467.005  1061961.009  1062156.001
  7210:  1062756.018  1062946.003  1062952.016  1063002.026  1063092.005
  7215:  1063613.009  1063631.005  1063818.009  1063827.005  1063832.009
  7220:  1064269.001  1064869.018  1064883.003  1064889.016  1064939.026
  7225:  1065049.005  1065679.009  1065886.001  1066486.018  1066653.003
  7230:  1066659.016  1066709.026  1066752.005  1067828.009  1068205.001
  7235:  1068805.018  1068916.003  1068922.016  1068972.026  1069088.005
  7240:  1070056.009  1070061.005  1070084.009  1070086.005  1070366.009
  7245:  1070656.001  1071256.018  1071454.003  1071460.016  1071510.026
  7250:  1071620.005  1071627.009  1071628.005  1072255.009  1072256.005
  7255:  1072412.009  1072978.001  1073460.003  1073465.023  1073465.021
  7260:  1073716.013  1073716.011  1073793.005  1074303.009  1074474.001
  7265:  1075074.018  1075318.003  1075324.016  1075374.026  1075397.005
  7270:  1075866.009  1076936.001  1077536.018  1077644.003  1077650.016
  7275:  1077675.005  1077686.009  1077694.005  1077700.026  1078366.009
  7280:  1078667.001  1079267.018  1079513.003  1079519.016  1079569.026
  7285:  1079625.005  1080227.009  1080497.001  1081015.003  1081020.023
  7290:  1081020.021  1081062.005  1081271.013  1081271.011  1081427.009
  7295:  1081462.005  1081467.009  1081628.001  1082125.003  1082130.023
  7300:  1082130.021  1082140.001  1082269.003  1082370.005  1082381.013
  7305:  1082381.011  1082582.009  1082744.001  1083344.018  1083566.003
  7310:  1083572.016  1083622.026  1083659.005  1084729.009  1084731.005
  7315:  1084744.009  1091277.005  1091313.009  1091328.005  1091352.009
  7320:  1091385.005  1091391.009  1091396.005  1091496.009  1091818.001
  7325:  1092418.018  1092461.003  1092467.016  1092517.026  1092521.005
  7330:  1093468.009  1093472.005  1093482.009  1093487.005  1093551.009
  7335:  1093557.005  1093568.009  1093574.005  1093582.009  1094282.001
  7340:  1094712.003  1094717.023  1094717.021  1094968.013  1094968.011
  7345:  1094969.005  1095255.009  1095407.001  1096007.018  1096099.003
  7350:  1096105.016  1096155.026  1096159.005  1096806.009  1097384.001
  7355:  1097984.018  1098247.003  1098253.016  1098299.005  1098303.026
  7360:  1098775.009  1098782.005  1098785.009  1099065.001  1099665.018
  7365:  1099708.003  1099714.016  1099764.026  1099803.005  1100276.009
  7370:  1100314.005  1100326.009  1100341.005  1100497.009  1102328.001
  7375:  1102723.003  1102728.023  1102728.021  1102846.005  1102979.013
  7380:  1102979.011  1103013.009  1103016.005  1103023.009  1103213.001
  7385:  1103813.018  1104020.003  1104026.016  1104076.026  1104240.005
  7390:  1104893.009  1105482.001  1105836.003  1105841.023  1105841.021
  7395:  1105923.005  1105933.009  1105948.005  1106092.013  1106092.011
  7400:  1106399.009  1106585.001  1107185.018  1107284.003  1107290.016
  7405:  1107340.026  1107361.005  1107931.009  1108742.001  1109342.018
  7410:  1109378.003  1109384.016  1109421.005  1109431.009  1109434.026
  7415:  1109447.005  1109926.009  1109937.005  1109943.009  1109950.005
  7420:  1109955.009  1109962.005  1109967.009  1109982.005  1109992.009
  7425:  1110593.001  1111193.018  1111657.003  1111663.016  1111708.005
  7430:  1111713.026  1112347.009  1112393.005  1112398.009  1113691.001
  7435:  1114218.003  1114223.023  1114223.021  1114259.005  1114474.013
  7440:  1114474.011  1114688.009  1114876.001  1115476.018  1115682.003
  7445:  1115688.016  1115738.026  1115759.005  1116586.009  1116996.001
  7450:  1117596.018  1118002.003  1118008.016  1118046.005  1118058.026
  7455:  1118637.009  1118651.005  1118665.009  1118991.001  1119591.018
  7460:  1119834.003  1119840.016  1119890.026  1119913.005  1120786.009
  7465:  1121259.001  1121859.018  1121870.003  1121876.016  1121926.026
  7470:  1121938.005  1122665.009  1122667.005  1122692.009  1122741.005
  7475:  1122750.009  1122782.005  1122902.009  1122907.005  1122920.009
  7480:  1123544.001  1124144.018  1124147.003  1124153.016  1124203.026
  7485:  1124230.005  1124983.009  1126609.005  1126614.009  1126686.005
  7490:  1126707.009  1126723.005  1126762.009  1126966.001  1127523.003
  7495:  1127528.023  1127528.021  1127572.005  1127693.009  1127724.005
  7500:  1127728.009  1127779.013  1127779.011  1127944.001  1128406.003
  7505:  1128411.023  1128411.021  1128649.005  1128662.013  1128662.011
  7510:  1128770.009  1128813.005  1128816.009  1128976.001  1129576.018
  7515:  1129724.003  1129730.016  1129780.026  1129835.005  1130605.009
  7520:  1130619.005  1130630.009  1130701.005  1130721.009  1130733.005
  7525:  1130750.009  1130755.005  1130917.009  1131236.001  1131836.018
  7530:  1132075.003  1132081.016  1132131.026  1132149.005  1132919.009
  7535:  1132928.005  1132941.009  1132985.005  1133072.009  1133543.001
  7540:  1134143.018  1134271.003  1134277.016  1134327.026  1134378.005
  7545:  1134793.009  1135032.001  1135632.018  1135927.003  1135933.016
  7550:  1135981.005  1135983.026  1136910.009  1137027.005  1137033.009
  7555:  1137123.005  1137132.009  1137276.001  1137876.018  1138382.003
  7560:  1138388.016  1138438.026  1138466.005  1139005.009  1139007.005
  7565:  1139013.009  1140060.001  1140660.018  1141295.003  1141301.016
  7570:  1141324.005  1141351.026  1142344.009  1142356.005  1142382.009
  7575:  1142398.005  1142404.009  1142416.005  1142433.009  1144826.001
  7580:  1145108.003  1145113.023  1145113.021  1145182.005  1145321.009
  7585:  1145364.013  1145364.011  1145553.001  1146153.018  1146390.003
  7590:  1146396.016  1146446.026  1146453.005  1147044.009  1147246.001
  7595:  1147846.018  1148747.003  1148753.016  1148803.026  1148808.005
  7600:  1149401.009  1149421.005  1149608.009  1150348.005  1150358.009
  7605:  1150505.005  1150517.009  1150564.005  1150625.009  1150640.005
  7610:  1150654.009  1150967.001  1151567.018  1151828.003  1151834.016
  7615:  1151862.005  1151884.026  1153321.009  1153338.005  1153543.009
  7620:  1154560.001  1155160.018  1155340.003  1155346.016  1155386.005
  7625:  1155396.026  1156551.009  1157025.001  1157625.018  1157879.003
  7630:  1157885.016  1157935.026  1157964.005  1158643.009  1158646.005
  7635:  1158655.009  1158674.005  1158687.009  1158754.005  1158759.009
  7640:  1158775.005  1158789.009  1158798.005  1158995.009  1159352.005
  7645:  1159355.009  1159421.005  1159424.009  1160148.001  1160748.018
  7650:  1160849.003  1160855.016  1160905.026  1160914.005  1161601.009
  7655:  1161708.005  1161714.009  1161716.005  1161725.009  1163885.005
  7660:  1164319.009  1164321.005  1164339.009  1164484.001  1165002.003
  7665:  1165007.023  1165007.021  1165060.005  1165243.009  1165258.013
  7670:  1165258.011  1165436.001  1166036.018  1166141.003  1166147.016
  7675:  1166197.005  1166197.026  1166779.009  1166818.005  1166824.009
  7680:  1167332.001  1167932.018  1168210.003  1168216.016  1168266.026
  7685:  1168273.005  1168912.009  1170369.005  1170615.009  1170807.001
  7690:  1171407.018  1171602.003  1171608.016  1171658.026  1171737.005
  7695:  1172350.009  1172411.005  1172597.009  1172626.005  1172639.009
  7700:  1174665.001  1175040.003  1175045.023  1175045.021  1175068.005
  7705:  1175296.013  1175296.011  1175457.009  1175636.001  1176236.018
  7710:  1176405.003  1176411.016  1176461.026  1176500.005  1177224.009
  7715:  1177709.001  1178309.018  1178879.003  1178885.016  1178935.026
  7720:  1179010.005  1179598.009  1179616.005  1179623.009  1179625.005
  7725:  1179632.009  1179714.005  1179734.009  1179772.005  1179797.009
  7730:  1179835.005  1179859.009  1179867.005  1179886.009  1179890.005
  7735:  1179902.009  1180245.001  1180845.018  1181186.003  1181192.016
  7740:  1181233.005  1181242.026  1182210.009  1182939.001  1183539.018
  7745:  1183651.003  1183657.016  1183707.026  1183814.005  1184388.009
  7750:  1184414.005  1184419.009  1184980.001  1185580.018  1186304.003
  7755:  1186310.016  1186360.026  1186429.005  1186823.009  1186831.005
  7760:  1186839.009  1186898.005  1186910.009  1186945.005  1186953.009
  7765:  1186960.005  1186964.009  1187543.001  1188143.018  1188207.003
  7770:  1188213.016  1188263.026  1188598.005  1189890.009  1189909.005
  7775:  1189918.009  1193015.005  1193439.009  1193442.005  1193447.009
  7780:  1193449.005  1193461.009  1193465.005  1193472.009  1193500.005
  7785:  1193505.009  1194063.001  1194409.003  1194414.023  1194414.021
  7790:  1194648.005  1194665.013  1194665.011  1194676.009  1194677.005
  7795:  1194812.009  1195027.001  1195627.018  1195651.003  1195657.016
  7800:  1195707.026  1195781.005  1196431.009  1196525.005  1196552.009
  7805:  1197414.001  1198014.018  1198340.003  1198346.016  1198396.026
  7810:  1198454.005  1199157.009  1199991.001  1200484.003  1200489.023
  7815:  1200489.021  1200650.005  1200740.013  1200740.011  1200811.009
  7820:  1201315.001  1201915.018  1202030.003  1202036.016  1202086.026
  7825:  1202117.005  1202628.009  1202669.005  1202677.009  1202679.005
  7830:  1202685.009  1204103.001  1204612.003  1204617.023  1204617.021
  7835:  1204767.005  1204868.013  1204868.011  1204978.009  1205136.005
  7840:  1205400.009  1205407.005  1205417.009  1205419.005  1205427.009
  7845:  1205638.001  1206222.003  1206227.023  1206227.021  1206329.005
  7850:  1206436.009  1206477.005  1206478.013  1206478.011  1206481.009
  7855:  1207029.001  1207629.018  1207901.003  1207907.016  1207957.026
  7860:  1207986.005  1208451.009  1208487.005  1208497.009  1208914.001
  7865:  1209514.018  1209778.003  1209784.016  1209834.026  1209926.005
  7870:  1210499.009  1211296.001  1211896.018  1212078.003  1212084.016
  7875:  1212134.026  1212263.005  1212852.009  1212877.005  1213078.009
  7880:  1213091.005  1213100.009  1213102.005  1213116.009  1213438.005
  7885:  1213444.009  1215244.005  1215265.009  1215556.001  1216027.003
  7890:  1216032.023  1216032.021  1216217.005  1216283.009  1216283.013
  7895:  1216283.011  1216469.001  1217069.018  1217269.003  1217275.016
  7900:  1217325.026  1217342.005  1217911.009  1218491.001  1219091.018
  7905:  1219499.003  1219505.016  1219555.026  1219721.005  1220288.009
  7910:  1221815.001  1222123.003  1222128.023  1222128.021  1222200.005
  7915:  1222379.013  1222379.011  1222593.009  1222737.001  1222855.003
  7920:  1222860.023  1222860.021  1223111.013  1223111.011  1223512.001
  7925:  1224055.003  1224060.023  1224060.021  1224206.005  1224311.013
  7930:  1224311.011  1224420.009  1224587.001  1225072.003  1225077.023
  7935:  1225077.021  1225090.001  1225165.003  1225245.005  1225271.009
  7940:  1225274.005  1225328.013  1225328.011  1225628.009  1225815.001
  7945:  1226415.018  1226623.003  1226629.016  1226677.005  1226679.026
  7950:  1226683.009  1226696.005  1227237.009  1227763.001  1228363.018
  7955:  1228440.003  1228446.016  1228496.026  1228569.005  1229128.009
  7960:  1229501.001  1230101.018  1230407.003  1230413.016  1230463.026
  7965:  1230527.005  1231154.009  1231516.001  1232116.018  1232538.003
  7970:  1232544.016  1232594.026  1232614.005  1233219.009  1233220.005
  7975:  1233416.009  1233684.001  1234284.018  1234933.003  1234939.016
  7980:  1234989.026  1235000.005  1235714.009  1235715.005  1236033.009
  7985:  1236314.001  1236914.018  1237422.003  1237428.016  1237464.005
  7990:  1237478.026  1238313.009  1238337.005  1238356.009  1238651.005
  7995:  1238659.009  1239853.005  1239869.009  1239879.005  1240305.009
  8000:  1240604.001  1241051.003  1241056.023  1241056.021  1241201.005
  8005:  1241304.009  1241307.013  1241307.011  1241480.001  1242080.018
  8010:  1242247.003  1242253.016  1242303.026  1242311.005  1242895.009
  8015:  1243908.001  1244508.018  1244664.003  1244670.016  1244720.026
  8020:  1244822.005  1245513.009  1245521.005  1245549.009  1246200.001
  8025:  1246800.018  1247088.003  1247094.016  1247144.026  1247171.005
  8030:  1247178.009  1247186.005  1248938.009  1248945.005  1248987.009
  8035:  1249355.001  1249955.018  1250004.003  1250010.016  1250060.026
  8040:  1250117.005  1250693.009  1250730.005  1250737.009  1252632.005
  8045:  1252898.009  1253033.001  1253633.018  1253714.003  1253720.016
  8050:  1253770.026  1253778.005  1254576.009  1254944.001  1255544.018
  8055:  1255666.003  1255672.016  1255722.026  1255744.005  1256234.009
  8060:  1257119.005  1257256.009  1257527.001  1257991.003  1257996.023
  8065:  1257996.021  1258247.013  1258247.011  1258831.001  1259160.003
  8070:  1259165.023  1259165.021  1259275.005  1259416.013  1259416.011
  8075:  1259442.009  1259451.005  1259466.009  1259471.005  1259478.009
  8080:  1259635.001  1260235.018  1260346.003  1260352.016  1260402.026
  8085:  1260589.005  1261611.009  1261632.005  1261640.009  1261645.005
  8090:  1261652.009  1261857.001  1262457.018  1262614.003  1262620.016
  8095:  1262670.026  1262727.005  1263344.009  1263501.001  1264101.018
  8100:  1264697.003  1264703.016  1264753.026  1264774.005  1265604.009
  8105:  1266010.001  1266610.018  1266716.003  1266722.016  1266772.026
  8110:  1266808.005  1267430.009  1267468.005  1267485.009  1267863.001
  8115:  1268430.003  1268435.023  1268435.021  1268496.005  1268686.013
  8120:  1268686.011  1268926.009  1268940.005  1268945.009  1268947.005
  8125:  1268953.009  1269108.001  1269589.003  1269594.023  1269594.021
  8130:  1269738.005  1269746.009  1269762.005  1269845.013  1269845.011
  8135:  1269960.009  1270125.001  1270725.018  1270968.003  1270974.016
  8140:  1271024.026  1271144.005  1271801.009  1272486.001  1272964.003
  8145:  1272969.023  1272969.021  1273220.013  1273220.011  1273438.005
  8150:  1273523.009  1273534.005  1273545.009  1273750.001  1274350.018
  8155:  1274666.003  1274672.016  1274721.005  1274722.026  1275240.009
  8160:  1276167.001  1276723.003  1276728.023  1276728.021  1276836.005
  8165:  1276919.009  1276979.013  1276979.011  1277148.001  1277391.003
  8170:  1277396.023  1277396.021  1277647.013  1277647.011  1277662.005
  8175:  1277714.009  1277715.005  1277741.009  1277919.001  1278519.018
  8180:  1278915.003  1278921.016  1278956.005  1278971.026  1279943.009
  8185:  1280551.001  1281151.018  1281168.003  1281174.016  1281224.026
  8190:  1281320.005  1282038.009  1282180.005  1282193.009  1282703.005
  8195:  1282715.009  1283524.001  1283947.003  1283952.023  1283952.021
  8200:  1284063.005  1284203.013  1284203.011  1284207.009  1284392.001
  8205:  1284992.018  1285244.003  1285250.016  1285300.026  1285312.005
  8210:  1285793.009  1285795.005  1285807.009  1285826.005  1285828.009
  8215:  1286676.001  1287276.018  1287300.003  1287306.016  1287356.005
  8220:  1287356.026  1288204.009  1288206.005  1288222.009  1288235.005
  8225:  1288262.009  1289664.005  1289678.009  1289796.005  1289808.009
  8230:  1289863.005  1289876.009  1290766.001  1291025.003  1291030.023
  8235:  1291030.021  1291102.005  1291236.009  1291281.013  1291281.011
  8240:  1291414.001  1291950.003  1291955.023  1291955.021  1291978.005
  8245:  1291983.009  1292005.005  1292206.013  1292206.011  1292287.009
  8250:  1292478.001  1293040.003  1293045.023  1293045.021  1293253.005
  8255:  1293296.013  1293296.011  1293382.009  1293544.001  1294144.018
  8260:  1294256.003  1294262.016  1294312.026  1294324.005  1294916.009
  8265:  1295131.001  1295731.018  1296026.003  1296032.016  1296082.026
  8270:  1296084.005  1296668.009  1296906.001  1297506.018  1298057.003
  8275:  1298063.016  1298112.005  1298113.026  1298799.009  1298803.005
  8280:  1298814.009  1298829.005  1298834.009  1298839.005  1299033.009
  8285:  1299375.001  1299975.018  1299987.003  1299993.016  1300029.005
  8290:  1300043.026  1300611.009  1300619.005  1300635.009  1300639.005
  8295:  1300645.009  1300949.001  1301549.018  1302023.003  1302029.016
  8300:  1302079.026  1302085.005  1302815.009  1302925.005  1302931.009
  8305:  1302937.005  1302946.009  1303501.001  1304101.018  1304657.003
  8310:  1304663.016  1304713.026  1304724.005  1305369.009  1305416.005
  8315:  1305422.009  1305475.005  1305540.009  1308102.005  1308340.009
  8320:  1308549.001  1309149.018  1309249.003  1309255.016  1309289.005
  8325:  1309305.026  1309868.009  1309869.005  1309886.009  1309975.005
  8330:  1310000.009  1310021.005  1310151.009  1310152.005  1310157.009
  8335:  1310179.005  1310209.009  1310218.005  1310221.009  1310482.001
  8340:  1311082.018  1311365.003  1311371.016  1311421.026  1311493.001
  8345:  1311537.003  1311542.023  1311542.021  1311574.005  1311584.009
  8350:  1311793.013  1311793.011  1311822.005  1312296.009  1312345.005
  8355:  1312357.009  1312362.005  1312367.009  1312673.001  1313273.018
  8360:  1314118.003  1314124.016  1314174.026  1314281.005  1314751.009
  8365:  1314756.005  1314775.009  1315148.001  1315748.018  1316417.003
  8370:  1316423.016  1316473.026  1316515.005  1317198.009  1317206.005
  8375:  1317209.009  1317221.005  1317567.009  1317590.005  1317601.009
  8380:  1321925.005  1321953.009  1321964.005  1322001.009  1322007.005
  8385:  1322016.009  1322431.001  1322739.003  1322744.023  1322744.021
  8390:  1322863.005  1322869.009  1322894.005  1322995.013  1322995.011
  8395:  1323067.009  1323230.001  1323830.018  1323914.003  1323920.016
  8400:  1323970.026  1324060.005  1324679.009  1324949.001  1325549.018
  8405:  1326287.003  1326293.016  1326343.026  1326447.005  1327224.009
  8410:  1327227.005  1327236.009  1327247.005  1327252.009  1327259.005
  8415:  1327264.009  1328065.001  1328620.003  1328625.023  1328625.021
  8420:  1328746.005  1328876.013  1328876.011  1328975.009  1329015.005
  8425:  1329041.009  1329587.001  1330187.018  1330228.003  1330234.016
  8430:  1330284.026  1330321.005  1330913.009  1331263.001  1331863.018
  8435:  1332001.003  1332007.016  1332057.026  1332134.005  1332708.009
  8440:  1332774.005  1332918.009  1332928.005  1332935.009  1334224.001
  8445:  1334702.003  1334707.023  1334707.021  1334853.005  1334858.009
  8450:  1334879.005  1334958.013  1334958.011  1334990.009  1335216.001
  8455:  1335816.018  1335821.003  1335827.016  1335877.026  1336039.005
  8460:  1336742.009  1337369.001  1337969.018  1338184.003  1338190.016
  8465:  1338240.026  1338374.005  1338834.009  1339008.001  1339608.018
  8470:  1340566.003  1340572.016  1340622.026  1340737.005  1341995.009
  8475:  1345358.005  1345382.009  1345409.005  1345531.009  1345733.001
  8480:  1346261.003  1346266.023  1346266.021  1346400.005  1346517.013
  8485:  1346517.011  1346529.009  1346792.001  1347211.003  1347216.023
  8490:  1347216.021  1347380.005  1347467.013  1347467.011  1347503.009
  8495:  1347686.001  1348286.018  1348546.003  1348552.016  1348602.026
  8500:  1348652.005  1349332.009  1349342.005  1349351.009  1349358.005
  8505:  1349368.009  1349413.005  1349497.009  1349500.005  1349541.009
  8510:  1349758.001  1350358.018  1350943.003  1350949.016  1350999.026
  8515:  1351037.005  1351703.009  1351704.005  1351733.009  1351742.005
  8520:  1351767.009  1351772.005  1351778.009  1352747.001  1353347.018
  8525:  1353484.003  1353490.016  1353539.005  1353540.026  1354083.009
  8530:  1354089.005  1354097.009  1354213.005  1354245.009  1354570.001
  8535:  1355170.018  1355562.003  1355568.016  1355618.026  1355625.005
  8540:  1356752.009  1356946.001  1357546.018  1357804.003  1357810.016
  8545:  1357860.026  1357887.005  1358761.009  1358833.005  1358843.009
  8550:  1358884.005  1358960.009  1362318.005  1362462.009  1362653.001
  8555:  1363253.018  1363254.003  1363260.016  1363301.005  1363310.026
  8560:  1364446.009  1364451.005  1364470.009  1364694.005  1364710.009
  8565:  1364736.005  1364742.009  1364765.005  1364796.009  1364808.005
  8570:  1364848.009  1364854.005  1364916.009  1365239.005  1365246.009
  8575:  1365250.005  1365296.009  1366260.001  1366860.018  1367002.003
  8580:  1367008.016  1367058.026  1367064.005  1367586.009  1367607.005
  8585:  1367635.009  1367647.005  1367654.009  1367669.005  1367685.009
  8590:  1368809.005  1368817.009  1368877.005  1369372.009  1369575.001
  8595:  1370053.003  1370058.023  1370058.021  1370165.005  1370309.013
  8600:  1370309.011  1370681.009  1370873.001  1371473.018  1371517.003
  8605:  1371523.016  1371573.026  1371589.005  1371596.009  1371605.005
  8610:  1373186.009  1373672.001  1374272.018  1374608.003  1374614.016
  8615:  1374664.026  1374688.005  1375311.009  1375557.001  1376157.018
  8620:  1376917.003  1376923.016  1376973.026  1377053.005  1377741.009
  8625:  1377746.005  1377756.009  1377913.005  1377921.009  1377928.005
  8630:  1377934.009  1377939.005  1378151.009  1378158.005  1378171.009
  8635:  1378180.005  1378185.009  1378242.005  1378255.009  1378313.005
  8640:  1378433.009  1378500.005  1378514.009  1378527.005  1378698.009
  8645:  1379180.005  1379184.009  1379193.005  1379203.009  1379208.005
  8650:  1379224.009  1380184.001  1380784.018  1380881.003  1380887.016
  8655:  1380937.026  1380949.005  1381587.009  1381838.001  1382438.018
  8660:  1383985.003  1383991.016  1384041.026  1384095.005  1384743.009
  8665:  1384752.005  1384758.009  1384761.005  1384768.009  1386844.005
  8670:  1386860.009  1386874.005  1387057.009  1387280.001  1387880.018
  8675:  1387899.003  1387905.016  1387955.026  1387993.005  1388762.009
  8680:  1389402.001  1390002.018  1390101.003  1390107.016  1390157.026
  8685:  1390190.005  1390838.009  1392694.001  1393114.003  1393119.023
  8690:  1393119.021  1393206.005  1393370.013  1393370.011  1393626.009
  8695:  1393805.001  1394405.018  1394527.003  1394533.016  1394583.026
  8700:  1394606.005  1395230.009  1395407.005  1396198.009  1396249.005
  8705:  1396273.009  1397967.001  1398567.018  1398610.003  1398616.016
  8710:  1398666.026  1398731.005  1399213.009  1399540.001  1400140.018
  8715:  1400505.003  1400511.016  1400561.026  1400601.005  1401193.009
  8720:  1401842.001  1402442.018  1402716.003  1402722.016  1402772.026
  8725:  1402802.005  1403510.009  1406516.001  1407116.018  1407245.003
  8730:  1407251.016  1407301.026  1407314.005  1407843.009  1407916.005
  8735:  1407951.009  1407960.005  1407979.009  1409417.001  1409888.003
  8740:  1409893.023  1409893.021  1409947.005  1410144.013  1410144.011
  8745:  1410317.009  1410482.001  1410944.003  1410949.023  1410949.021
  8750:  1411200.013  1411200.011  1411201.061  1411202.061  1411203.061
  8755:  1411204.061  1411205.061
B:
     0:        0.000      869.000        0.000      869.000        0.000
     5:     2054.000        0.000        0.000        0.000     2054.000
    10:        0.000      499.000        0.000      499.000        0.000
    15:        0.000      302.000        7.000      301.000        0.000
    20:        0.000      498.000        0.000      498.000        0.000
    25:        0.000      302.000        0.000        0.000        0.000
    30:        0.000
D:
     0:  1462555.000  1462094.000  1462556.000
E:
     0:      250.000      600.000
P:
     0:        0.500        0.500
T:
     0:        0.000        0.000        0.000        0.000
W:
     0:        0.000        0.000        0.000
