File: C:\MED-PC IV\Data\Reyes\BB\BB1111.999


Start Date: 06/29/25
End Date: 06/29/25
Subject: 111
Experiment: BB
Group: TIMEOUT
Box: 1
Start Time: 18:29:56
End Time: 19:29:10
MSN: DRRD_random_timeout_retract
C:       0.000
F:      11.000
G:       0.000
H:       0.000
I:       0.000
J:       0.000
K:     500.000
L:       0.000
M:       0.000
N:     800.000
O:       0.000
Q:       0.000
R:       0.000
S:       0.000
U:   51612.000
V:       0.000
X:    1600.000
Y:    6721.000
Z:       0.000
A:
     0:    11898.005    12044.009    12107.005    12132.009    12483.005
     5:    12546.009    12628.005    12641.009    15000.013    15000.011
    10:    16491.005    16663.009    16669.005    16833.009    17268.001
    15:    17372.003    17377.023    17377.021    17439.001    17543.003
    20:    17640.005    18301.009    18355.005    18528.009    18676.005
    25:    18865.009    19278.013    19278.011    19429.001    19562.003
    30:    19567.023    19567.021    19639.005    20218.009    20349.005
    35:    20406.009    21168.013    21168.011    21294.001    21406.003
    40:    21411.023    21411.021    21417.001    21452.003    21504.005
    45:    22126.009    23212.013    23212.011    23392.001    23456.003
    50:    23461.023    23461.021    23551.005    23706.009    24462.013
    55:    24462.011    24968.001    25218.018    25408.005    25536.009
    60:    25577.003    25583.016    25633.026    25807.005    26517.009
    65:    27253.001    27503.018    27588.003    27594.016    27595.005
    70:    27644.026    28734.009    28963.001    29161.003    29166.023
    75:    29166.021    30367.013    30367.011    30385.005    30848.009
    80:    31304.001    31347.003    31352.023    31352.021    31357.001
    85:    31447.003    31576.005    31918.009    31999.005    32334.009
    90:    32351.005    32452.009    32853.013    32853.011    33007.001
    95:    33257.018    33322.003    33328.016    33378.026    33563.005
   100:    34125.009    34494.001    34654.003    34659.023    34659.021
   105:    34876.005    35166.009    35178.005    35266.009    35292.005
   110:    35476.009    36360.013    36360.011    36854.001    36974.003
   115:    36979.023    36979.021    37077.001    37088.003    37356.005
   120:    37853.009    37891.005    38060.009    38980.013    38980.011
   125:    39104.001    39352.003    39357.023    39357.021    39752.005
   130:    39969.009    40019.005    40373.009    40418.005    40458.013
   135:    40458.011    41036.009    41037.005    41052.009    41303.001
   140:    41365.003    41370.023    41370.021    42056.005    42671.013
   145:    42671.011    42694.009    42877.001    42905.003    42910.023
   150:    42910.021    44311.013    44311.011    44719.001    44784.003
   155:    44789.023    44789.021    45136.005    45497.009    46790.013
   160:    46790.011    46957.001    47000.003    47005.023    47005.021
   165:    47675.005    47934.009    48106.013    48106.011    49030.005
   170:    49143.009    49227.005    49269.009    49859.001    50109.018
   175:    50125.003    50131.016    50136.001    50181.026    50435.018
   180:    50901.003    50907.016    50957.026    51109.001    51171.003
   185:    51176.023    51176.021    51269.005    52076.009    52177.013
   190:    52177.011    52323.001    52488.003    52493.023    52493.021
   195:    53060.005    53499.009    53894.013    53894.011    54433.001
   200:    54680.003    54685.023    54685.021    54688.001    54708.003
   205:    54897.005    55390.009    56186.013    56186.011    56809.001
   210:    56908.003    56913.023    56913.021    57262.005    57653.009
   215:    58514.013    58514.011    60855.005    60938.009    61320.001
   220:    61383.003    61388.023    61388.021    61400.001    61495.003
   225:    61571.005    61878.009    63189.013    63189.011    63318.001
   230:    63547.003    63552.023    63552.021    63645.001    63685.003
   235:    64062.005    64330.009    64753.013    64753.011    64883.001
   240:    64967.003    64972.023    64972.021    64977.001    65130.003
   245:    66273.013    66273.011    66773.001    66858.003    66863.023
   250:    66863.021    67365.005    67440.009    67575.005    67833.009
   255:    67931.005    68030.009    68564.013    68564.011    68698.001
   260:    68948.018    69015.003    69021.016    69071.026    69649.001
   265:    69685.003    69690.023    69690.021    70428.005    70482.009
   270:    70493.005    70923.009    71591.013    71591.011    71841.001
   275:    71890.003    71895.023    71895.021    71980.001    72030.003
   280:    72990.005    72996.013    72996.011    73354.009    73717.001
   285:    73854.003    73859.023    73859.021    73864.001    74242.003
   290:    75460.013    75460.011    75517.005    75826.009    76060.001
   295:    76130.003    76135.023    76135.021    76144.001    76498.003
   300:    77505.005    77836.013    77836.011    78497.009    81575.005
   305:    81675.009    81949.001    82048.003    82053.023    82053.021
   310:    82088.001    82192.003    82268.005    82584.009    83254.013
   315:    83254.011    84431.001    84681.018    84733.003    84739.016
   320:    84789.026    84961.001    85095.003    85100.023    85100.021
   325:    85314.005    85835.009    86901.013    86901.011    89443.005
   330:    89464.009    89859.001    89945.003    89950.023    89950.021
   335:    89988.001    90065.003    90242.005    90457.009    90458.005
   340:    90469.009    91701.005    91851.013    91851.011    91865.009
   345:    92080.001    92195.003    92200.023    92200.021    92249.001
   350:    92271.003    92510.001    92743.003    92748.005    93102.009
   355:    93168.005    93337.009    93376.005    93419.009    93601.013
   360:    93601.011    93893.001    94021.003    94026.023    94026.021
   365:    94057.001    94103.003    94522.005    94772.009    94881.005
   370:    94946.009    95527.013    95527.011    95750.001    95871.003
   375:    95876.023    95876.021    95928.001    95953.003    96406.005
   380:    96801.009    97877.013    97877.011    99107.005    99185.009
   385:   101525.001   101744.003   101749.023   101749.021   101768.001
   390:   101990.003   102597.005   102720.009   102750.013   102750.011
   395:   103002.001   103252.018   103326.003   103332.016   103382.026
   400:   104224.005   104234.009   104245.005   104269.009   104351.005
   405:   104959.009   105913.001   106163.018   106198.003   106204.016
   410:   106214.001   106254.026   106425.003   106430.023   106430.021
   415:   106843.005   107571.009   107579.005   107731.013   107731.011
   420:   107738.009   108147.001   108257.003   108262.023   108262.021
   425:   109218.005   109954.009   110197.005   110214.009   110229.005
   430:   110263.013   110263.011   110264.009   110643.001   110705.003
   435:   110710.023   110710.021   110726.001   110950.003   111532.005
   440:   111711.013   111711.011   111952.009   112171.001   112215.003
   445:   112220.023   112220.021   112233.001   112318.003   113069.005
   450:   113235.009   113521.013   113521.011   114312.005   114546.009
   455:   115090.001   115340.018   115937.003   115943.016   115973.001
   460:   115993.026   116041.003   116046.023   116046.021   116152.005
   465:   116680.009   117147.013   117147.011   117367.001   117384.003
   470:   117389.023   117389.021   117422.001   117878.003   117910.005
   475:   118377.009   118590.013   118590.011   118748.001   118780.003
   480:   118785.023   118785.021   119395.005   119803.009   120286.013
   485:   120286.011   120471.001   120703.003   120708.023   120708.021
   490:   120731.001   120818.003   121137.005   121687.009   122309.013
   495:   122309.011   122400.005   122671.009   123115.001   123272.003
   500:   123277.023   123277.021   123297.001   123379.003   123559.005
   505:   124106.009   124678.013   124678.011   124903.001   125041.003
   510:   125046.023   125046.021   125060.001   125150.003   125340.005
   515:   125644.009   126278.005   126379.009   126747.013   126747.011
   520:   127053.001   127147.003   127152.023   127152.021   127169.001
   525:   127404.005   127414.003   127707.009   128953.013   128953.011
   530:   129175.001   129289.003   129294.023   129294.021   129328.001
   535:   129361.003   129599.005   129833.009   131195.013   131195.011
   540:   132967.001   133010.003   133015.023   133015.021   133033.001
   545:   133310.003   134116.013   134116.011   134500.005   134690.009
   550:   135152.001   135402.018   135657.003   135663.016   135706.001
   555:   135713.026   135807.003   135812.023   135812.021   135842.001
   560:   135884.003   136484.005   137140.009   137196.005   137313.013
   565:   137313.011   138095.009   139462.005   139521.009   139530.005
   570:   139556.009   139572.005   139811.009   140170.001   140420.018
   575:   140579.003   140585.016   140635.026   140641.001   140795.003
   580:   140800.023   140800.021   141059.005   141539.009   142701.013
   585:   142701.011   143631.005   143738.009   144028.001   144164.003
   590:   144169.023   144169.021   144218.001   144550.003   144785.005
   595:   145114.009   145470.013   145470.011   145774.001   145930.003
   600:   145935.023   145935.021   146874.005   146936.013   146936.011
   605:   147163.009   147197.005   147442.009   147778.001   147943.003
   610:   147948.023   147948.021   148006.001   148053.003   148211.005
   615:   148479.009   149549.013   149549.011   149836.001   150016.003
   620:   150021.023   150021.021   150031.001   150089.003   150346.005
   625:   150576.009   151822.013   151822.011   152308.001   152450.003
   630:   152455.023   152455.021   152478.001   152945.003   153258.005
   635:   153714.009   154456.013   154456.011   157934.001   158085.003
   640:   158090.023   158090.021   158355.005   158523.009   159791.013
   645:   159791.011   161247.001   161290.003   161295.023   161295.021
   650:   161313.001   161347.003   162494.005   162496.013   162496.011
   655:   162881.009   170811.001   170917.003   170922.023   170922.021
   660:   170937.001   171067.003   171405.005   171597.009   172323.013
   665:   172323.011   178625.001   178813.003   178818.023   178818.021
   670:   178826.001   178942.003   179216.005   179680.009   179720.005
   675:   179756.009   180319.013   180319.011   180505.001   180755.018
   680:   180986.003   180992.016   181042.026   182125.005   182410.009
   685:   182582.005   182807.009   183277.001   183480.003   183485.023
   690:   183485.021   183514.001   183594.003   183796.005   184132.009
   695:   185186.013   185186.011   185247.001   185497.018   185547.003
   700:   185553.016   185603.026   186167.001   186268.003   186273.023
   705:   186273.021   186809.005   187274.013   187274.011   187529.009
   710:   188313.001   188375.003   188380.023   188380.021   189184.005
   715:   189481.013   189481.011   189638.009   190275.001   190525.018
   720:   190696.003   190702.016   190752.026   190800.001   190907.003
   725:   190912.023   190912.021   191266.005   191645.009   192713.013
   730:   192713.011   194449.005   194667.009   194707.005   194720.009
   735:   195103.001   195164.003   195169.023   195169.021   195185.001
   740:   195492.003   196246.005   196370.013   196370.011   196533.009
   745:   196612.005   196702.009   197140.001   197210.003   197215.023
   750:   197215.021   197258.001   197332.003   198625.005   198733.009
   755:   199116.013   199116.011   199257.001   199404.003   199409.023
   760:   199409.021   199414.001   199528.003   200331.001   200350.003
   765:   200710.013   200710.011   200835.001   200976.003   200981.023
   770:   200981.021   201021.001   201090.003   201308.005   201648.009
   775:   202582.013   202582.011   202978.001   203010.003   203015.023
   780:   203015.021   203873.005   204032.009   205016.013   205016.011
   785:   206824.001   207074.018   207172.003   207178.016   207226.001
   790:   207228.026   207259.003   207264.023   207264.021   207364.001
   795:   207396.003   207661.005   208337.009   208665.013   208665.011
   800:   208778.005   208912.009   208957.005   209190.009   209229.005
   805:   209264.009   209373.005   209391.009   209437.005   209555.009
   810:   210175.001   210324.003   210329.023   210329.021   210363.001
   815:   210398.003   210414.001   210458.003   211330.013   211330.011
   820:   211933.001   212090.003   212095.023   212095.021   213096.005
   825:   213396.013   213396.011   213888.009   214357.001   214436.003
   830:   214441.023   214441.021   214455.001   214809.003   216042.013
   835:   216042.011   217013.001   217138.003   217143.023   217143.021
   840:   217567.005   217809.009   218844.013   218844.011   220144.001
   845:   220332.003   220337.023   220337.021   220352.001   220460.003
   850:   220668.005   220942.009   221977.005   222134.009   222138.013
   855:   222138.011   222397.005   222578.009   222719.005   222904.009
   860:   222905.005   223168.009   223683.001   223720.003   223725.023
   865:   223725.021   223771.001   223831.003   224077.005   224274.009
   870:   225726.013   225726.011   229001.001   229251.018   229640.003
   875:   229646.016   229696.026   229855.001   229867.003   229872.023
   880:   229872.021   229903.001   230199.003   230567.005   231073.013
   885:   231073.011   231138.009   231461.005   231495.009   231979.001
   890:   232229.018   232305.003   232311.016   232331.001   232361.026
   895:   232485.003   232490.023   232490.021   232544.005   232935.009
   900:   232997.005   233271.009   233774.005   233968.009   233991.013
   905:   233991.011   234665.001   234915.018   235022.003   235028.016
   910:   235078.026   235113.005   235950.009   236364.005   236677.009
   915:   237025.001   237275.018   237610.003   237616.016   237666.026
   920:   237800.005   238303.009   238719.001   238777.003   238782.023
   925:   238782.021   238816.001   238859.003   239305.005   239314.009
   930:   239326.005   239611.009   240683.013   240683.011   240872.001
   935:   241104.003   241109.023   241109.021   241536.005   241864.009
   940:   241866.005   241873.009   242210.013   242210.011   242679.001
   945:   242704.003   242709.023   242709.021   242810.001   242843.003
   950:   243304.005   243646.009   244110.013   244110.011   244604.001
   955:   244678.003   244683.023   244683.021   244883.005   245151.009
   960:   245152.005   245161.009   246284.013   246284.011   246401.001
   965:   246544.003   246549.023   246549.021   246908.005   247172.009
   970:   248250.013   248250.011   248758.001   248858.003   248863.023
   975:   248863.021   248873.001   248932.003   249042.005   249296.009
   980:   250664.013   250664.011   251024.001   251227.003   251232.023
   985:   251232.021   251598.005   251859.009   253081.005   253133.013
   990:   253133.011   253430.009   253757.001   254007.018   254293.003
   995:   254299.016   254309.001   254349.026   254422.003   254427.023
  1000:   254427.021   254688.005   255227.009   256222.005   256428.013
  1005:   256428.011   256492.009   256515.005   256789.009   258078.005
  1010:   258175.009   258251.005   258269.009   258693.001   258809.003
  1015:   258814.023   258814.021   258851.001   258962.003   259290.005
  1020:   259526.009   260315.013   260315.011   260449.001   260607.003
  1025:   260612.023   260612.021   260650.001   260896.003   261070.005
  1030:   261735.009   261813.013   261813.011   262053.001   262130.003
  1035:   262135.023   262135.021   262152.001   262207.003   262272.001
  1040:   262656.003   262749.005   263136.013   263136.011   263271.009
  1045:   263899.001   264001.003   264006.023   264006.021   264039.001
  1050:   264078.003   264255.005   264567.009   265107.013   265107.011
  1055:   265259.001   265509.018   265688.003   265694.016   265726.001
  1060:   265744.026   265812.003   265817.023   265817.021   266324.005
  1065:   267118.013   267118.011   267502.009   267906.001   268018.003
  1070:   268023.023   268023.021   268465.005   268837.009   269424.013
  1075:   269424.011   269546.001   269595.003   269600.023   269600.021
  1080:   270158.005   270445.009   270524.005   270732.009   271301.013
  1085:   271301.011   271730.001   271801.003   271806.023   271806.021
  1090:   271899.001   271954.003   272162.005   272476.009   273407.013
  1095:   273407.011   274090.001   274205.003   274210.023   274210.021
  1100:   274220.001   274592.003   274676.005   274935.009   275311.013
  1105:   275311.011   275554.001   275620.003   275625.023   275625.021
  1110:   275631.001   275722.003   277426.013   277426.011   277857.001
  1115:   278107.018   278598.003   278604.016   278654.026   278833.005
  1120:   279477.009   279722.001   279972.018   280141.003   280147.016
  1125:   280150.001   280197.026   280451.018   280570.003   280576.016
  1130:   280626.026   280628.017   280733.005   281296.009   281544.001
  1135:   281748.003   281753.023   281753.021   281855.001   282174.003
  1140:   282225.005   282697.009   283754.013   283754.011   284073.001
  1145:   284269.003   284274.023   284274.021   284674.005   285171.009
  1150:   285475.013   285475.011   285829.001   286001.003   286006.023
  1155:   286006.021   286283.005   286574.009   286581.005   286595.009
  1160:   287907.013   287907.011   288041.001   288311.003   288316.023
  1165:   288316.021   288686.005   288929.009   289400.005   289507.009
  1170:   289717.013   289717.011   290009.001   290168.003   290173.023
  1175:   290173.021   290231.001   290800.003   290978.005   291174.013
  1180:   291174.011   291633.009   291951.001   292064.003   292069.023
  1185:   292069.021   292073.001   292144.003   292573.005   292687.009
  1190:   293370.013   293370.011   293496.005   293661.009   294262.001
  1195:   294465.003   294470.023   294470.021   294501.001   294638.003
  1200:   294857.005   295071.009   295889.005   295971.013   295971.011
  1205:   296104.009   296713.001   296849.003   296854.023   296854.021
  1210:   297422.005   297791.009   298055.013   298055.011   300289.005
  1215:   300406.009   300656.001   300843.003   300848.023   300848.021
  1220:   301427.005   301589.009   302149.013   302149.011   303391.001
  1225:   303691.018   303836.003   303842.016   303892.026   304049.005
  1230:   304728.009   305389.005   305488.009   305971.001   306271.018
  1235:   306299.003   306305.016   306339.001   306355.026   306606.003
  1240:   306611.023   306611.021   306622.005   307133.009   308012.013
  1245:   308012.011   309108.001   309164.003   309169.023   309169.021
  1250:   309289.005   309706.009   310770.013   310770.011   311046.001
  1255:   311200.003   311205.023   311205.021   311226.001   311258.003
  1260:   311274.001   311289.003   311428.005   311601.009   313006.013
  1265:   313006.011   313565.001   313714.003   313719.023   313719.021
  1270:   313744.001   313804.003   314232.005   314426.009   315220.013
  1275:   315220.011   315795.001   316039.003   316044.023   316044.021
  1280:   316120.001   316397.003   316519.005   316796.009   317745.013
  1285:   317745.011   318146.001   318286.003   318291.023   318291.021
  1290:   318319.001   318361.003   318835.005   319011.009   320192.013
  1295:   320192.011   320849.001   321134.003   321139.023   321139.021
  1300:   321602.005   321831.009   323140.013   323140.011   323585.001
  1305:   323885.018   323968.003   323974.016   324024.026   324706.005
  1310:   325222.009   325914.001   326214.018   326243.003   326249.016
  1315:   326271.001   326299.026   326526.003   326531.023   326531.021
  1320:   326601.005   327011.009   327532.013   327532.011   328038.001
  1325:   328117.003   328122.023   328122.021   328387.005   328925.009
  1330:   329223.013   329223.011   329499.001   329636.003   329641.023
  1335:   329641.021   330185.005   330665.009   330673.005   330722.009
  1340:   330723.005   330754.009   331142.013   331142.011   332463.001
  1345:   332657.003   332662.023   332662.021   332687.001   332756.003
  1350:   333488.005   333608.009   334263.013   334263.011   334519.001
  1355:   334629.003   334634.023   334634.021   334667.001   334925.003
  1360:   335112.005   335263.009   335735.013   335735.011   336273.001
  1365:   336513.003   336518.023   336518.021   336586.001   336850.003
  1370:   337025.005   337236.009   337719.013   337719.011   337953.001
  1375:   338068.003   338073.023   338073.021   338086.001   338200.003
  1380:   339001.005   339120.009   339874.013   339874.011   341070.001
  1385:   341244.003   341249.023   341249.021   343150.013   343150.011
  1390:   343637.001   343692.003   343697.023   343697.021   344327.005
  1395:   344557.009   345698.013   345698.011   348074.001   348168.003
  1400:   348173.023   348173.021   348175.001   348213.003   348582.005
  1405:   348955.009   349174.013   349174.011   349787.005   350063.009
  1410:   350212.005   350305.009   350361.005   350372.009   350709.001
  1415:   350803.003   350808.023   350808.021   351271.005   351489.009
  1420:   352509.013   352509.011   353698.001   353825.003   353830.023
  1425:   353830.021   353872.001   353952.003   354143.005   354367.009
  1430:   355131.013   355131.011   357003.001   357040.003   357045.023
  1435:   357045.021   357073.001   357179.003   357614.005   357863.009
  1440:   358153.005   358169.009   358446.013   358446.011   365102.001
  1445:   365278.003   365283.023   365283.021   367184.013   367184.011
  1450:   367445.001   367542.003   367547.023   367547.021   367581.001
  1455:   367844.003   367931.005   368413.009   368483.005   368571.009
  1460:   369548.013   369548.011   369784.001   370084.018   370336.003
  1465:   370342.016   370374.001   370392.026   370645.003   370650.023
  1470:   370650.021   370682.005   371318.009   372051.013   372051.011
  1475:   372241.001   372280.003   372285.023   372285.021   372580.005
  1480:   372880.009   373986.013   373986.011   374364.001   374664.018
  1485:   374949.003   374955.016   375005.026   375018.001   375178.003
  1490:   375183.023   375183.021   375257.005   375909.009   376784.013
  1495:   376784.011   377200.001   377329.003   377334.023   377334.021
  1500:   377360.001   377482.003   377944.005   378313.009   378374.005
  1505:   378433.009   378435.013   378435.011   378443.005   378513.009
  1510:   379342.001   379587.003   379592.023   379592.021   379600.001
  1515:   379644.003   380100.005   380693.009   380793.013   380793.011
  1520:   381061.001   381198.003   381203.023   381203.021   381734.005
  1525:   381780.009   382204.013   382204.011   382660.001   382857.003
  1530:   382862.023   382862.021   383961.005   384093.009   384095.005
  1535:   384107.009   384163.013   384163.011   385146.001   385446.018
  1540:   385459.003   385465.016   385515.026   385549.001   385655.003
  1545:   385660.023   385660.021   385748.005   386091.009   386148.005
  1550:   386538.009   387161.013   387161.011   387275.001   387469.003
  1555:   387474.023   387474.021   387495.001   387557.003   388118.005
  1560:   388301.009   389164.005   389275.013   389275.011   389309.009
  1565:   389564.001   389592.003   389597.023   389597.021   389605.001
  1570:   389616.003   389793.005   389975.009   391198.013   391198.011
  1575:   391889.001   391971.003   391976.023   391976.021   392443.005
  1580:   392734.009   393677.013   393677.011   394285.001   394332.003
  1585:   394337.023   394337.021   394719.005   394919.009   396238.013
  1590:   396238.011   397644.001   397944.018   398064.003   398070.016
  1595:   398084.001   398120.026   398127.003   398132.023   398132.021
  1600:   398581.005   399188.009   399533.013   399533.011   400228.005
  1605:   400354.009   400859.001   401159.018   401369.003   401375.016
  1610:   401425.026   401666.001   401725.003   401730.023   401730.021
  1615:   402309.005   402692.009   403731.013   403731.011   404022.001
  1620:   404322.018   404396.003   404402.016   404452.026   404487.001
  1625:   404505.003   404510.023   404510.021   404791.005   405188.009
  1630:   406311.013   406311.011   406403.005   406708.009   407028.001
  1635:   407102.003   407107.023   407107.021   407474.005   407737.009
  1640:   408208.013   408208.011   408929.001   409229.018   409236.003
  1645:   409242.016   409292.026   409403.005   410123.009   410434.001
  1650:   410600.003   410605.023   410605.021   410839.005   411239.009
  1655:   411606.013   411606.011   411770.001   411932.003   411937.023
  1660:   411937.021   411966.001   412015.003   412397.005   412598.009
  1665:   412911.005   413012.009   413138.013   413138.011   413978.001
  1670:   414278.018   414333.003   414339.016   414389.026   414549.001
  1675:   414626.003   414631.023   414631.021   414833.005   415196.009
  1680:   415932.013   415932.011   416175.001   416320.003   416325.023
  1685:   416325.021   416381.001   416469.003   416792.005   416809.009
  1690:   416811.005   417012.009   417346.005   417451.009   417826.013
  1695:   417826.011   418330.005   418357.009   418678.001   418818.003
  1700:   418823.023   418823.021   418825.001   418848.003   419056.005
  1705:   419318.009   420424.013   420424.011   421143.001   421246.003
  1710:   421251.023   421251.021   421311.001   421362.003   421482.005
  1715:   421691.009   422952.013   422952.011   423176.001   423263.003
  1720:   423268.023   423268.021   423317.001   423408.003   423699.005
  1725:   423876.009   424469.013   424469.011   425265.001   425514.003
  1730:   425519.023   425519.021   425533.001   425639.003   425849.005
  1735:   426140.009   426194.005   426285.009   427020.013   427020.011
  1740:   428075.001   428308.003   428313.023   428313.021   428677.005
  1745:   428855.009   429196.005   429234.009   430214.013   430214.011
  1750:   430582.001   430829.003   430834.001   430834.023   430834.021
  1755:   430941.003   431175.005   431394.009   432835.013   432835.011
  1760:   433124.001   433306.003   433311.023   433311.021   433365.001
  1765:   433410.003   433666.005   433935.009   434412.013   434412.011
  1770:   434900.001   435090.003   435095.023   435095.021   435161.001
  1775:   435189.003   435385.005   435589.009   435611.005   435807.009
  1780:   436896.013   436896.011   438223.001   438275.003   438280.023
  1785:   438280.021   438291.001   438360.003   438688.005   438867.009
  1790:   439581.013   439581.011   441199.001   441499.018   441521.003
  1795:   441527.016   441577.026   441846.005   442216.009   442917.001
  1800:   443217.003   443223.016   443261.005   443273.026   444203.009
  1805:   444556.001   444856.018   445080.003   445086.016   445136.026
  1810:   445138.017   445327.005   446133.009   446736.001   447086.018
  1815:   447206.003   447212.016   447262.026   447402.005   448181.009
  1820:   448519.001   448760.003   448765.023   448765.021   449037.005
  1825:   449447.009   449470.005   449485.009   449766.013   449766.011
  1830:   450108.001   450234.003   450239.023   450239.021   450491.005
  1835:   450637.009   451640.013   451640.011   452196.001   452546.018
  1840:   452597.003   452603.016   452653.026   452837.005   453126.009
  1845:   453390.001   453740.018   453866.003   453872.016   453922.026
  1850:   454117.005   454549.009   454991.001   455341.018   455349.003
  1855:   455355.016   455405.026   455407.017   455552.005   456298.009
  1860:   456683.001   456910.003   456915.023   456915.021   457138.005
  1865:   457431.009   458616.013   458616.011   459751.005   459963.009
  1870:   460735.001   461135.018   461215.003   461221.016   461251.001
  1875:   461271.026   461298.003   461303.023   461303.021   461663.005
  1880:   462004.009   462504.013   462504.011   462555.005   462799.009
  1885:   463097.001   463497.018   463519.003   463525.016   463575.026
  1890:   463930.005   464332.009   464678.001   464850.003   464855.023
  1895:   464855.021   465433.005   465455.009   465456.005   465657.009
  1900:   466156.013   466156.011   466567.001   466939.003   466944.023
  1905:   466944.021   467427.005   467613.009   467874.005   467994.009
  1910:   468745.013   468745.011   469414.005   469462.009   469711.001
  1915:   469916.003   469921.023   469921.021   469922.001   470051.003
  1920:   470203.005   470337.009   471322.013   471322.011   471596.001
  1925:   471708.003   471713.023   471713.021   472433.005   472443.009
  1930:   472454.005   472471.009   472814.013   472814.011   473345.005
  1935:   473353.009   473884.001   474202.003   474207.023   474207.021
  1940:   474217.001   474293.003   474609.005   474624.009   474638.005
  1945:   475002.009   475708.013   475708.011   477642.005   477697.009
  1950:   478154.001   478524.003   478529.023   478529.021   478549.001
  1955:   478847.003   478896.005   479262.009   480430.013   480430.011
  1960:   480975.001   481158.003   481163.023   481163.021   481172.001
  1965:   481230.003   481466.005   481678.009   483164.013   483164.011
  1970:   484219.001   484307.003   484312.023   484312.021   485002.005
  1975:   485221.009   485913.013   485913.011   486579.001   486941.003
  1980:   486946.023   486946.021   487627.005   487943.009   487947.013
  1985:   487947.011   488192.001   488431.003   488436.023   488436.021
  1990:   488482.001   488519.003   488887.005   489122.009   489537.013
  1995:   489537.011   490512.001   490882.003   490887.023   490887.021
  2000:   491433.005   491836.009   491892.005   492061.009   492388.013
  2005:   492388.011   494302.001   494702.018   494738.003   494744.016
  2010:   494794.026   495019.005   495565.009   496356.001   496756.018
  2015:   496822.003   496828.016   496878.026   496932.005   497670.009
  2020:   498432.005   498702.009   498922.001   499201.003   499206.023
  2025:   499206.021   499438.005   499644.009   500607.013   500607.011
  2030:   500967.001   501084.003   501089.023   501089.021   501116.001
  2035:   501166.003   502690.013   502690.011   502905.001   503011.003
  2040:   503016.023   503016.021   503833.005   504036.009   504717.013
  2045:   504717.011   505608.001   505879.003   505884.023   505884.021
  2050:   505906.001   505969.003   507885.013   507885.011   509444.001
  2055:   509605.003   509610.023   509610.021   510460.005   510611.013
  2060:   510611.011   510751.009   511521.001   511662.003   511667.023
  2065:   511667.021   512094.005   512589.009   513468.013   513468.011
  2070:   516633.005   516652.009   516660.005   516813.009   517093.001
  2075:   517290.003   517295.023   517295.021   517693.005   517957.009
  2080:   518596.013   518596.011   519218.005   519311.009   519690.001
  2085:   520028.003   520033.023   520033.021   520270.005   520658.009
  2090:   521934.013   521934.011   522234.001   522444.003   522449.023
  2095:   522449.021   523374.005   523650.013   523650.011   523691.009
  2100:   524201.001   524235.003   524240.023   524240.021   525441.013
  2105:   525441.011   525730.001   525824.003   525829.023   525829.021
  2110:   526230.005   526343.009   527630.013   527630.011   528322.001
  2115:   528656.003   528661.023   528661.021   529312.005   529390.009
  2120:   529395.005   529467.009   530216.005   530329.009   530562.013
  2125:   530562.011   530959.005   530976.009   531178.005   531187.009
  2130:   531443.001   531628.003   531633.023   531633.021   531980.005
  2135:   532275.009   532324.005   532515.009   532554.005   532848.009
  2140:   533634.013   533634.011   534522.005   534597.009   535110.001
  2145:   535510.018   535561.003   535567.016   535617.026   535870.005
  2150:   536431.009   536656.001   536896.003   536901.023   536901.021
  2155:   537111.005   537397.009   538302.013   538302.011   538573.001
  2160:   538809.003   538814.023   538814.021   539086.005   539318.009
  2165:   539815.013   539815.011   540092.001   540351.003   540356.023
  2170:   540356.021   540817.005   540839.009   540857.005   540897.009
  2175:   540912.005   541092.009   541457.013   541457.011   542550.005
  2180:   542569.009   542905.001   543305.018   543377.003   543383.016
  2185:   543433.026   543700.005   544472.009   544912.001   545312.018
  2190:   545495.003   545501.016   545551.026   545577.005   546236.009
  2195:   546638.001   546845.003   546850.023   546850.021   547047.005
  2200:   547316.009   548551.013   548551.011   548620.005   548770.009
  2205:   548971.005   549040.009   549466.001   549866.018   549952.003
  2210:   549958.016   550008.026   550161.005   550168.009   550221.005
  2215:   550633.009   550923.001   551120.003   551125.023   551125.021
  2220:   551146.001   551171.003   551426.005   551862.009   552426.013
  2225:   552426.011   552634.001   552881.003   552886.023   552886.021
  2230:   554057.005   554259.009   554387.013   554387.011   555195.005
  2235:   555293.009   555563.001   555963.018   556079.003   556085.016
  2240:   556135.026   556402.005   557116.009   557355.001   557755.018
  2245:   557793.003   557799.016   557849.026   558070.005   558603.009
  2250:   559123.001   559523.018   559692.003   559698.016   559711.005
  2255:   559748.026   559750.017   560991.009   561363.001   561679.003
  2260:   561684.023   561684.021   561921.005   562193.009   562312.005
  2265:   562399.009   563285.013   563285.011   563584.001   563997.003
  2270:   564002.023   564002.021   564334.005   564597.009   565003.013
  2275:   565003.011   565360.001   565536.003   565541.023   565541.021
  2280:   567042.013   567042.011   567634.001   567984.003   567989.023
  2285:   567989.021   568008.001   568140.003   568448.005   568635.009
  2290:   569890.013   569890.011   570601.005   570633.009   570640.005
  2295:   570670.009   571000.001   571223.003   571228.023   571228.021
  2300:   571934.005   571980.009   571993.005   572044.009   572045.005
  2305:   572585.009   572629.013   572629.011   573696.005   574148.009
  2310:   574497.001   574819.003   574824.023   574824.021   575120.005
  2315:   575324.009   576825.013   576825.011   577289.001   577418.003
  2320:   577423.023   577423.021   577723.005   578068.009   579124.013
  2325:   579124.011   580662.005   580694.009   580971.001   581124.003
  2330:   581129.023   581129.021   581140.001   581195.003   581541.005
  2335:   581679.009   582230.013   582230.011   584804.001   585136.003
  2340:   585141.023   585141.021   585492.005   585513.009   585517.005
  2345:   585914.009   586342.013   586342.011   586572.001   586734.003
  2350:   586739.023   586739.021   587501.005   587844.009   588040.013
  2355:   588040.011   588361.001   588779.003   588784.023   588784.021
  2360:   590248.005   590262.009   590285.005   590359.009   590385.013
  2365:   590385.011   590767.001   591190.003   591195.023   591195.021
  2370:   591287.001   591305.003   591746.005   592273.009   592996.013
  2375:   592996.011   594736.005   594903.009   595290.001   595700.003
  2380:   595705.023   595705.021   595953.005   596422.009   597406.013
  2385:   597406.011   599225.001   599438.003   599443.023   599443.021
  2390:   599814.005   600106.009   601344.013   601344.011   603856.001
  2395:   604095.003   604100.023   604100.021   604386.005   604704.009
  2400:   605123.005   605205.009   605901.013   605901.011   606288.005
  2405:   606654.009   607020.001   607369.003   607374.023   607374.021
  2410:   608077.005   608379.009   609375.013   609375.011   609756.001
  2415:   610003.003   610008.023   610008.021   610316.005   610813.009
  2420:   611409.013   611409.011   611521.001   611542.003   611547.023
  2425:   611547.021   612012.005   612548.013   612548.011   612887.009
  2430:   614100.005   614348.009   614519.001   614854.003   614859.023
  2435:   614859.021   615098.005   615367.009   616160.013   616160.011
  2440:   616357.001   616608.003   616610.001   616613.023   616613.021
  2445:   616682.003   617714.013   617714.011   619076.005   619528.009
  2450:   619649.005   619863.009   620175.001   620309.003   620314.023
  2455:   620314.021   621163.005   621240.009   621618.005   621635.009
  2460:   621815.013   621815.011   621993.001   622157.003   622162.023
  2465:   622162.021   622563.005   622755.009   623487.005   623570.009
  2470:   623763.013   623763.011   623955.001   624008.003   624013.023
  2475:   624013.021   624282.005   624677.009   624943.005   625050.009
  2480:   625214.013   625214.011   625602.001   626052.018   626153.003
  2485:   626159.016   626209.026   626360.005   627070.009   628024.005
  2490:   628376.009   628624.001   629034.003   629039.023   629039.021
  2495:   629357.005   629667.009   630840.013   630840.011   630976.001
  2500:   631391.003   631396.023   631396.021   631917.005   631926.009
  2505:   631933.005   632036.009   632597.013   632597.011   632719.001
  2510:   632772.003   632777.023   632777.021   632781.001   632817.003
  2515:   633479.005   633542.009   634778.013   634778.011   635284.001
  2520:   635631.003   635636.023   635636.021   635707.001   635777.003
  2525:   637537.013   637537.011   638116.005   638540.009   638547.005
  2530:   638963.009   639001.005   639201.009   639727.001   640095.003
  2535:   640100.023   640100.021   641601.013   641601.011   642642.001
  2540:   642807.003   642812.023   642812.021   643412.005   643601.009
  2545:   643913.013   643913.011   644467.005   644533.009   644762.001
  2550:   645117.003   645122.023   645122.021   645426.005   645642.009
  2555:   646523.013   646523.011   648601.001   649051.018   649063.003
  2560:   649069.016   649119.026   649191.001   649321.003   649326.023
  2565:   649326.021   649746.005   650327.013   650327.011   650556.009
  2570:   650558.005   650604.009   650863.001   651313.018   651361.003
  2575:   651367.016   651417.026   652085.005   652700.009   652979.001
  2580:   653265.003   653270.023   653270.021   653661.005   653979.009
  2585:   654871.013   654871.011   655078.001   655324.003   655329.023
  2590:   655329.021   655808.005   656004.009   656630.013   656630.011
  2595:   657227.001   657298.003   657303.023   657303.021   657774.005
  2600:   658032.009   659004.013   659004.011   660243.001   660693.018
  2605:   660698.003   660704.016   660754.026   661047.005   661937.009
  2610:   662241.005   662516.009   663010.001   663385.003   663390.023
  2615:   663390.021   663628.005   663929.009   665391.013   665391.011
  2620:   665607.001   665844.003   665849.023   665849.021   667150.013
  2625:   667150.011   667596.001   667636.003   667641.023   667641.021
  2630:   668161.005   668785.009   668842.013   668842.011   669004.001
  2635:   669454.018   669473.003   669479.016   669529.026   669702.001
  2640:   670152.018   670154.003   670160.016   670192.005   670210.026
  2645:   670853.009   671135.001   671585.018   671614.003   671620.016
  2650:   671670.026   671672.017   671883.005   672462.009   672846.001
  2655:   673007.003   673012.023   673012.021   673275.005   673626.009
  2660:   674413.013   674413.011   674772.001   674893.003   674898.023
  2665:   674898.021   675332.005   675431.009   676399.013   676399.011
  2670:   676934.001   677119.003   677124.023   677124.021   677158.001
  2675:   677198.003   678763.005   678825.013   678825.011   679024.009
  2680:   679388.001   679860.003   679865.023   679865.021   679882.001
  2685:   679914.003   680708.005   680866.013   680866.011   681120.009
  2690:   681736.001   682060.003   682065.023   682065.021   682538.005
  2695:   682943.009   683166.013   683166.011   683507.001   683777.003
  2700:   683782.023   683782.021   684254.005   684414.009   685169.005
  2705:   685256.009   685383.013   685383.011   685795.001   686078.003
  2710:   686083.023   686083.021   686347.005   687231.009   687884.013
  2715:   687884.011   688007.001   688034.003   688039.023   688039.021
  2720:   688324.005   688406.009   689940.013   689940.011   690583.001
  2725:   690768.003   690773.023   690773.021   691066.005   691299.009
  2730:   692174.013   692174.011   692909.001   693122.003   693127.023
  2735:   693127.021   693560.005   693712.009   694211.005   694290.009
  2740:   695028.013   695028.011   695245.001   695511.003   695516.023
  2745:   695516.021   695754.005   696004.009   696717.013   696717.011
  2750:   697074.001   697270.003   697275.023   697275.021   697593.005
  2755:   697713.009   697720.005   697998.009   699276.013   699276.011
  2760:   700492.001   700861.003   700866.023   700866.021   701345.005
  2765:   701411.009   701454.005   701486.009   701867.013   701867.011
  2770:   702149.001   702491.003   702496.023   702496.021   702924.005
  2775:   703385.009   703597.013   703597.011   703931.001   704261.003
  2780:   704266.023   704266.021   705135.005   705438.009   705561.005
  2785:   705567.013   705567.011   706141.009   706580.001   706903.003
  2790:   706908.023   706908.021   706977.001   707017.003   708509.013
  2795:   708509.011   708844.001   709250.003   709255.023   709255.021
  2800:   709541.005   709940.009   710956.013   710956.011   711260.001
  2805:   711390.003   711395.023   711395.021   711762.005   711784.009
  2810:   711790.005   711934.009   712896.013   712896.011   713824.001
  2815:   714057.003   714062.023   714062.021   714554.005   714787.009
  2820:   715863.013   715863.011   715961.001   716002.003   716007.001
  2825:   716007.023   716007.021   716032.003   716476.005   716665.009
  2830:   717908.013   717908.011   720351.001   720600.003   720605.023
  2835:   720605.021   720896.005   721086.009   721829.005   721860.009
  2840:   721867.005   721961.009   722606.013   722606.011   725131.001
  2845:   725399.003   725404.023   725404.021   725437.001   725477.003
  2850:   725498.001   725523.003   726239.005   726462.009   726605.013
  2855:   726605.011   726907.001   727230.003   727235.023   727235.021
  2860:   727659.005   727670.009   727679.005   727968.009   728536.013
  2865:   728536.011   729133.005   729260.009   729636.001   730049.003
  2870:   730054.023   730054.021   730335.005   730729.009   730823.005
  2875:   730838.009   730839.005   731055.013   731055.011   731094.009
  2880:   731289.001   731618.003   731623.023   731623.021   731902.005
  2885:   732096.009   733024.013   733024.011   733302.001   733450.003
  2890:   733455.023   733455.021   733945.005   734111.009   734956.013
  2895:   734956.011   735731.001   735813.003   735818.023   735818.021
  2900:   736221.005   736341.009   737519.013   737519.011   738879.001
  2905:   739135.003   739140.023   739140.021   739591.005   739790.009
  2910:   740328.005   740410.009   740741.013   740741.011   740989.001
  2915:   741400.003   741405.023   741405.021   742388.005   742506.013
  2920:   742506.011   742786.009   743281.001   743318.003   743323.023
  2925:   743323.021   743843.005   744189.009   745124.013   745124.011
  2930:   745254.001   745374.003   745379.023   745379.021   745388.001
  2935:   745409.003   746694.005   746774.009   746798.005   747057.009
  2940:   747058.005   747080.013   747080.011   747091.009   747334.001
  2945:   747834.018   747946.003   747952.016   747982.001   748002.026
  2950:   748234.003   748239.023   748239.021   748297.001   748759.003
  2955:   748934.005   749240.013   749240.011   749954.009   750273.005
  2960:   751038.009   751051.005   751217.009   751599.001   751997.003
  2965:   752002.023   752002.021   752292.005   752609.009   753203.013
  2970:   753203.011   753443.001   753550.003   753555.023   753555.021
  2975:   753838.005   754090.009   754856.013   754856.011   755083.001
  2980:   755425.003   755430.023   755430.021   755877.005   756086.009
  2985:   757231.013   757231.011   757552.001   757746.003   757751.023
  2990:   757751.021   759652.013   759652.011   760282.001   760372.003
  2995:   760377.023   760377.021   760597.005   760869.009   761145.005
  3000:   761241.009   761878.013   761878.011   762140.001   762475.003
  3005:   762480.023   762480.021   762796.005   763053.009   763581.013
  3010:   763581.011   764040.001   764218.003   764223.023   764223.021
  3015:   764864.005   765105.009   765624.013   765624.011   765887.001
  3020:   766068.003   766073.023   766073.021   766381.005   766540.009
  3025:   768074.013   768074.011   771058.005   771169.009   771723.001
  3030:   772084.003   772089.023   772089.021   772336.005   772369.009
  3035:   772373.005   772596.009   773690.013   773690.011   774522.005
  3040:   774644.009   774698.005   774710.009   774895.001   775251.003
  3045:   775256.023   775256.021   775531.005   776074.009   776857.013
  3050:   776857.011   778756.001   779007.003   779012.023   779012.021
  3055:   779403.005   780423.009   780813.013   780813.011   781043.001
  3060:   781281.003   781286.023   781286.021   781700.005   781880.009
  3065:   782487.013   782487.011   782632.001   782821.003   782826.023
  3070:   782826.021   782882.001   782935.003   783324.005   783553.009
  3075:   784127.013   784127.011   784411.001   784565.003   784570.023
  3080:   784570.021   785361.005   785457.009   785971.013   785971.011
  3085:   786140.001   786640.018   787151.003   787157.016   787207.026
  3090:   787496.001   787808.003   787813.023   787813.021   787845.001
  3095:   787871.003   788250.005   789314.013   789314.011   789348.009
  3100:   789625.001   790020.003   790025.023   790025.021   790408.005
  3105:   790644.009   791726.013   791726.011   792062.001   792368.003
  3110:   792373.023   792373.021   792923.005   793223.009   793541.005
  3115:   793659.009   794274.013   794274.011   794511.001   794879.003
  3120:   794884.023   794884.021   795277.005   795358.009   796165.005
  3125:   796202.009   796885.013   796885.011   797030.005   797196.009
  3130:   797264.005   797326.009   797637.001   798137.018   798222.003
  3135:   798228.016   798278.026   798283.001   798490.003   798494.005
  3140:   798495.023   798495.021   799496.013   799496.011   799557.009
  3145:   800111.005   800133.009   800370.001   800870.018   801076.003
  3150:   801082.016   801132.026   801199.005   801870.009   802064.005
  3155:   802110.009   802126.005   802151.009   802529.001   802761.003
  3160:   802766.023   802766.021   802963.005   803231.009   803867.013
  3165:   803867.011   804278.001   804651.003   804656.023   804656.021
  3170:   804972.005   805083.009   805594.005   805608.009   806457.013
  3175:   806457.011   806724.001   807128.003   807133.023   807133.021
  3180:   807501.005   808169.009   808234.013   808234.011   808463.001
  3185:   808813.003   808818.023   808818.021   810319.013   810319.011
  3190:   810557.005   810709.009   811168.001   811565.003   811570.023
  3195:   811570.021   811897.005   812160.009   813571.013   813571.011
  3200:   813856.001   814356.018   814520.003   814526.016   814576.026
  3205:   815350.005   816061.009   816303.001   816803.018   816878.003
  3210:   816884.016   816934.026   817415.005   818140.009   818378.001
  3215:   818602.003   818607.023   818607.021   818892.005   819320.009
  3220:   820208.013   820208.011   820505.001   820865.003   820870.023
  3225:   820870.021   821185.005   821513.009   822171.013   822171.011
  3230:   822489.001   822752.003   822757.023   822757.021   823285.005
  3235:   823435.009   823829.005   824039.009   824658.013   824658.011
  3240:   825102.005   825112.009   825344.001   825733.003   825738.023
  3245:   825738.021   826485.005   827033.009   827139.013   827139.011
  3250:   827301.001   827595.003   827600.023   827600.021   828440.005
  3255:   828621.009   828801.013   828801.011   831060.005   831186.009
  3260:   831438.001   831906.003   831911.023   831911.021   832259.005
  3265:   832520.009   832912.013   832912.011   833177.001   833677.018
  3270:   833688.003   833694.016   833744.026   834186.005   834282.009
  3275:   834350.005   834741.009   835188.005   835476.009   835777.001
  3280:   836111.003   836116.023   836116.021   836457.005   836705.009
  3285:   837817.013   837817.011   838180.001   838680.018   839047.003
  3290:   839053.016   839103.026   839730.005   840175.009   840735.001
  3295:   841235.018   841679.003   841685.016   841735.026   842046.005
  3300:   842775.009   843034.001   843287.003   843292.023   843292.021
  3305:   843769.005   843906.009   844893.013   844893.011   845150.001
  3310:   845371.003   845376.023   845376.021   845793.005   845892.009
  3315:   847077.013   847077.011   847743.001   847963.003   847968.023
  3320:   847968.021   847996.001   848046.003   848513.005   848662.009
  3325:   849454.005   849467.009   849769.013   849769.011   849894.001
  3330:   850114.003   850119.023   850119.021   850425.005   850611.009
  3335:   852020.013   852020.011   852155.001   852593.003   852598.023
  3340:   852598.021   852875.005   853104.009   854599.013   854599.011
  3345:   854741.001   854856.003   854861.023   854861.021   855398.005
  3350:   855730.009   856262.013   856262.011   856491.001   856991.018
  3355:   857396.003   857402.016   857409.001   857452.026   857460.003
  3360:   857461.001   857465.023   857465.021   857548.003   857751.005
  3365:   858145.009   858566.013   858566.011   858841.001   859341.018
  3370:   859423.003   859429.016   859479.026   859669.005   860041.009
  3375:   860048.005   860094.009   860612.001   861112.018   861192.003
  3380:   861198.016   861248.026   861272.005   861757.009   862057.001
  3385:   862557.018   862605.003   862611.016   862658.001   862661.026
  3390:   862663.017   862739.003   862744.023   862744.021   862804.005
  3395:   862861.009   862865.005   862909.009   862920.005   862937.009
  3400:   862960.005   863569.009   864245.013   864245.011   864312.005
  3405:   864345.009   864763.001   865143.003   865148.023   865148.021
  3410:   865451.005   865753.009   866149.013   866149.011   866444.001
  3415:   866532.003   866537.023   866537.021   866932.005   867056.009
  3420:   867738.013   867738.011   868005.001   868504.003   868509.023
  3425:   868509.021   869345.005   869719.009   869810.013   869810.011
  3430:   870180.001   870730.018   870784.003   870787.001   870790.016
  3435:   870840.026   870842.003   870856.001   870944.003   870949.023
  3440:   870949.021   871220.005   871846.009   871950.013   871950.011
  3445:   872228.001   872778.018   872887.003   872893.016   872943.026
  3450:   873179.005   873981.009   874205.001   874755.018   875133.003
  3455:   875139.016   875189.026   875262.005   876149.009   876415.001
  3460:   876781.003   876786.023   876786.021   877236.005   877337.009
  3465:   878287.013   878287.011   878711.001   879261.018   879534.003
  3470:   879540.016   879590.026   880397.005   880784.009   881045.001
  3475:   881595.018   882022.003   882028.016   882053.001   882078.026
  3480:   882196.003   882201.023   882201.021   882289.005   883312.009
  3485:   884002.013   884002.011   884243.001   884793.018   885111.003
  3490:   885117.016   885167.026   885318.005   885755.009   886034.001
  3495:   886584.018   886776.003   886782.016   886832.026   886981.001
  3500:   887199.003   887204.023   887204.021   887468.005   887883.009
  3505:   889105.013   889105.011   889533.001   890083.018   890404.003
  3510:   890410.016   890460.026   890527.001   890990.003   890995.023
  3515:   890995.021   891218.005   891750.009   892196.013   892196.011
  3520:   892576.001   893126.018   893181.003   893187.016   893237.026
  3525:   893266.001   893536.003   893541.023   893541.021   893850.005
  3530:   894358.009   894842.013   894842.011   894964.001   895514.018
  3535:   895517.003   895523.016   895570.001   895573.026   895773.003
  3540:   895778.023   895778.021   895880.005   896460.009   897179.013
  3545:   897179.011   897761.001   897892.003   897897.023   897897.021
  3550:   897981.005   898362.009   899598.013   899598.011   899856.001
  3555:   900040.003   900045.023   900045.021   900106.005   900367.009
  3560:   902046.013   902046.011   902095.005   902256.009   902635.001
  3565:   903153.003   903158.023   903158.021   903665.005   904049.009
  3570:   904178.005   904259.013   904259.011   904491.009   905138.001
  3575:   905505.003   905510.023   905510.021   905530.001   905578.003
  3580:   906913.005   906953.009   906973.005   907001.009   907111.013
  3585:   907111.011   907385.001   907935.018   907952.003   907958.016
  3590:   908008.026   908063.001   908143.003   908148.023   908148.021
  3595:   908163.001   908176.003   908539.005   908973.009   909649.013
  3600:   909649.011   909761.001   910311.018   910475.003   910481.016
  3605:   910531.026   910791.005   911253.009   911607.001   911934.003
  3610:   911939.023   911939.021   912265.005   912755.009   912940.013
  3615:   912940.011   913152.001   913702.018   913803.003   913809.016
  3620:   913841.001   913859.026   913883.003   913888.023   913888.021
  3625:   914130.005   914556.009   914989.013   914989.011   915146.001
  3630:   915696.018   915844.003   915850.016   915892.001   915900.026
  3635:   916140.003   916145.023   916145.021   916266.005   916591.009
  3640:   917546.013   917546.011   917747.001   918107.003   918112.023
  3645:   918112.021   918150.001   918197.003   918687.005   918952.009
  3650:   919713.013   919713.011   919888.001   920410.003   920415.023
  3655:   920415.021   920866.005   921267.009   922116.013   922116.011
  3660:   922424.001   922547.003   922552.023   922552.021   922587.001
  3665:   922741.003   923053.005   923259.009   923753.013   923753.011
  3670:   924056.001   924274.003   924279.023   924279.021   924309.001
  3675:   924344.003   924593.005   924750.009   926180.013   926180.011
  3680:   926375.001   926925.018   926943.003   926949.016   926999.026
  3685:   927036.001   927156.003   927161.023   927161.021   927220.005
  3690:   927607.009   928962.013   928962.011   929134.001   929684.018
  3695:   930415.003   930421.016   930451.005   930471.026   931142.009
  3700:   931360.001   931910.018   932268.003   932274.016   932324.026
  3705:   932332.001   932377.003   932382.023   932382.021   932410.001
  3710:   932566.003   932575.005   933127.009   934383.013   934383.011
  3715:   934556.001   934640.003   934645.023   934645.021   935017.005
  3720:   935343.009   935946.013   935946.011   936449.001   936999.018
  3725:   937088.003   937094.016   937144.026   937496.001   937675.003
  3730:   937680.023   937680.021   938059.005   938397.009   939081.013
  3735:   939081.011   939228.001   939778.018   940023.003   940029.016
  3740:   940069.001   940079.026   940266.003   940271.023   940271.021
  3745:   940557.005   941080.009   941785.005   941865.009   941872.013
  3750:   941872.011   942181.001   942644.003   942649.023   942649.021
  3755:   943633.005   944058.009   944350.013   944350.011   944613.001
  3760:   945056.003   945061.023   945061.021   945526.005   945813.009
  3765:   946962.013   946962.011   947046.001   947176.003   947181.023
  3770:   947181.021   948401.005   948567.009   949182.013   949182.011
  3775:   949487.001   950037.018   950045.003   950051.016   950065.001
  3780:   950101.026   950364.003   950369.023   950369.021   950413.005
  3785:   950797.009   951570.013   951570.011   951691.001   951960.003
  3790:   951965.023   951965.021   952011.001   952037.003   952215.005
  3795:   952227.009   952229.005   952604.009   952966.013   952966.011
  3800:   953130.001   953680.018   953723.003   953729.016   953779.026
  3805:   953803.001   954029.003   954034.023   954034.021   954057.005
  3810:   954481.009   955835.013   955835.011   955960.001   956045.003
  3815:   956050.023   956050.021   956848.005   956929.009   956944.005
  3820:   957232.009   957551.013   957551.011   957750.001   958300.018
  3825:   958825.003   958831.016   958881.026   959003.005   959706.009
  3830:   964711.001   964878.003   964883.023   964883.021   965117.005
  3835:   965352.009   965984.013   965984.011   966143.001   966693.018
  3840:   967206.003   967212.016   967262.026   967377.005   967876.009
  3845:   968122.001   968322.003   968327.023   968327.021   968408.001
  3850:   968461.003   969214.005   969229.009   969628.013   969628.011
  3855:   969821.001   970358.003   970363.023   970363.021   970833.005
  3860:   970858.009   970875.005   971013.009   971764.013   971764.011
  3865:   971872.001   972422.018   972617.003   972623.016   972673.026
  3870:   973007.005   973497.009   973725.001   974275.018   974533.003
  3875:   974539.016   974589.026   974717.005   975442.009   975676.001
  3880:   976199.003   976204.023   976204.021   976448.005   976636.009
  3885:   977505.013   977505.011   977562.001   978112.018   978530.003
  3890:   978536.016   978586.026   978776.005   979298.009   979506.001
  3895:   980056.018   980289.003   980295.016   980345.026   980500.005
  3900:   980974.009   981176.001   981726.018   981881.003   981887.016
  3905:   981937.026   981939.017   982119.005   982448.009   982657.001
  3910:   982883.003   982888.023   982888.021   982899.001   983290.003
  3915:   984489.013   984489.011   985114.005   985331.009   985513.001
  3920:   986007.003   986012.023   986012.021   986372.005   986425.009
  3925:   987607.005   987734.009   987882.005   987913.013   987913.011
  3930:   987926.009   988356.001   988956.018   989116.003   989122.016
  3935:   989172.026   989177.001   989322.003   989327.023   989327.021
  3940:   989425.005   989747.009   990648.005   990776.009   991328.013
  3945:   991328.011   992874.005   992953.009   993005.005   993020.009
  3950:   993072.005   993318.009   993390.005   993548.009   993859.001
  3955:   994451.003   994456.023   994456.021   994779.005   994996.009
  3960:   995557.013   995557.011   995766.001   996086.003   996091.023
  3965:   996091.021   997892.013   997892.011   998435.001   999035.018
  3970:   999438.003   999444.016   999494.026   999692.001   999948.003
  3975:   999953.023   999953.021  1000518.005  1000954.013  1000954.011
  3980:  1001364.009  1001572.001  1002160.003  1002165.023  1002165.021
  3985:  1002379.005  1002450.009  1003666.013  1003666.011  1003819.001
  3990:  1004169.003  1004174.023  1004174.021  1004268.001  1004291.003
  3995:  1004539.005  1004993.009  1005375.013  1005375.011  1005544.001
  4000:  1005760.003  1005765.023  1005765.021  1005776.001  1005843.003
  4005:  1007466.013  1007466.011  1007607.001  1007738.003  1007743.023
  4010:  1007743.021  1007988.005  1008268.009  1009244.013  1009244.011
  4015:  1009820.001  1010138.003  1010143.023  1010143.021  1010529.005
  4020:  1010713.009  1011744.013  1011744.011  1011785.005  1011889.009
  4025:  1012176.001  1012208.003  1012213.023  1012213.021  1013051.005
  4030:  1013157.009  1013713.005  1013732.009  1013914.013  1013914.011
  4035:  1014422.001  1015022.018  1015116.003  1015122.016  1015172.026
  4040:  1015205.001  1015405.003  1015410.023  1015410.021  1015453.005
  4045:  1015987.009  1016485.005  1016563.009  1017411.013  1017411.011
  4050:  1018107.001  1018481.003  1018486.023  1018486.021  1018668.005
  4055:  1018935.009  1019687.013  1019687.011  1019863.001  1020151.003
  4060:  1020156.023  1020156.021  1021457.013  1021457.011  1021644.001
  4065:  1022244.003  1022250.016  1022300.026  1022475.001  1022596.003
  4070:  1022601.023  1022601.021  1022634.005  1023505.009  1024502.013
  4075:  1024502.011  1024578.001  1024919.003  1024924.023  1024924.021
  4080:  1026478.005  1026725.013  1026725.011  1026750.009  1027567.001
  4085:  1028167.018  1028359.003  1028365.016  1028402.001  1028415.026
  4090:  1028632.003  1028637.023  1028637.021  1028644.005  1028980.009
  4095:  1029638.013  1029638.011  1029744.001  1029842.003  1029847.023
  4100:  1029847.021  1030310.005  1030494.009  1031248.013  1031248.011
  4105:  1032262.005  1032316.009  1032560.001  1033133.003  1033138.023
  4110:  1033138.021  1033366.005  1033492.009  1034239.013  1034239.011
  4115:  1034437.001  1034729.003  1034734.023  1034734.021  1036435.013
  4120:  1036435.011  1037372.001  1037675.003  1037680.023  1037680.021
  4125:  1037687.001  1038128.003  1038272.005  1038703.009  1039681.013
  4130:  1039681.011  1043541.001  1044141.018  1044222.003  1044228.016
  4135:  1044278.026  1044425.005  1044825.009  1045251.001  1045851.018
  4140:  1045857.003  1045863.016  1045913.026  1045943.005  1046573.009
  4145:  1046801.001  1047037.003  1047042.023  1047042.021  1047072.001
  4150:  1047114.003  1047537.005  1047565.009  1047569.005  1047656.009
  4155:  1048843.013  1048843.011  1049274.001  1049755.003  1049760.023
  4160:  1049760.021  1049779.005  1050135.009  1051061.013  1051061.011
  4165:  1051348.001  1051670.003  1051675.023  1051675.021  1051687.001
  4170:  1051742.003  1052676.013  1052676.011  1052973.001  1053326.003
  4175:  1053331.023  1053331.021  1053341.001  1053759.003  1053963.005
  4180:  1053977.009  1053996.005  1054186.009  1054732.013  1054732.011
  4185:  1055340.001  1055940.018  1056246.003  1056252.016  1056302.026
  4190:  1056428.001  1056763.003  1056768.023  1056768.021  1056811.005
  4195:  1057286.009  1058669.013  1058669.011  1058679.005  1058800.009
  4200:  1059069.001  1059669.018  1059825.003  1059831.016  1059881.026
  4205:  1059922.001  1060075.003  1060080.023  1060080.021  1060153.005
  4210:  1060669.009  1061281.013  1061281.011  1061445.001  1061986.003
  4215:  1061991.023  1061991.021  1062024.001  1062061.003  1062224.005
  4220:  1062508.009  1063492.013  1063492.011  1063704.001  1064164.003
  4225:  1064169.023  1064169.021  1064906.005  1064992.009  1065770.013
  4230:  1065770.011  1065841.001  1066441.018  1066717.003  1066723.016
  4235:  1066773.026  1067001.001  1067405.003  1067410.023  1067410.021
  4240:  1068095.005  1068511.013  1068511.011  1068722.009  1069017.001
  4245:  1069600.003  1069605.023  1069605.021  1069895.005  1069920.009
  4250:  1069924.005  1070289.009  1070906.013  1070906.011  1071224.001
  4255:  1071484.003  1071489.023  1071489.021  1073290.013  1073290.011
  4260:  1073624.001  1073901.003  1073906.023  1073906.021  1074286.005
  4265:  1074550.009  1075339.005  1075564.009  1075807.013  1075807.011
  4270:  1076040.005  1076185.009  1076272.005  1076283.009  1076628.001
  4275:  1077136.003  1077141.023  1077141.021  1077442.005  1077607.009
  4280:  1077626.005  1077659.009  1078742.013  1078742.011  1079196.001
  4285:  1079220.003  1079225.023  1079225.021  1079234.001  1079471.003
  4290:  1080522.005  1080728.009  1080926.013  1080926.011  1081609.001
  4295:  1082209.018  1082335.003  1082341.016  1082391.026  1082810.005
  4300:  1083253.009  1083672.001  1084078.003  1084083.023  1084083.021
  4305:  1085084.013  1085084.011  1085458.001  1085616.003  1085621.023
  4310:  1085621.021  1086333.005  1086592.009  1087622.013  1087622.011
  4315:  1090781.005  1090813.009  1091074.001  1091674.018  1091732.003
  4320:  1091738.016  1091788.026  1091844.001  1092066.003  1092071.023
  4325:  1092071.021  1092081.001  1092147.003  1092340.005  1092816.009
  4330:  1093172.013  1093172.011  1093306.001  1093906.018  1094438.003
  4335:  1094444.016  1094451.001  1094494.026  1094573.003  1094578.023
  4340:  1094578.021  1094762.005  1095255.009  1095979.013  1095979.011
  4345:  1096095.001  1096695.018  1097021.003  1097027.016  1097077.026
  4350:  1097526.005  1097798.009  1098040.001  1098640.018  1099300.003
  4355:  1099306.016  1099356.026  1099561.005  1100003.009  1100281.001
  4360:  1100881.018  1101423.003  1101429.016  1101479.026  1101570.005
  4365:  1102083.009  1102328.001  1102928.018  1103044.003  1103050.016
  4370:  1103100.026  1103257.005  1103846.009  1104095.001  1104320.003
  4375:  1104325.023  1104325.021  1104985.005  1105103.009  1105826.013
  4380:  1105826.011  1105964.001  1106433.003  1106438.023  1106438.021
  4385:  1107639.013  1107639.011  1107702.001  1107975.003  1107980.023
  4390:  1107980.021  1108021.001  1108049.003  1109228.005  1109252.009
  4395:  1109256.005  1109497.009  1109581.013  1109581.011  1109755.001
  4400:  1110355.018  1110417.003  1110423.016  1110473.026  1111231.005
  4405:  1111684.009  1111904.001  1112504.018  1112638.003  1112644.016
  4410:  1112694.026  1112841.001  1113316.003  1113321.023  1113321.021
  4415:  1113380.005  1113913.009  1115122.013  1115122.011  1115366.005
  4420:  1115532.009  1115805.001  1116405.018  1116820.003  1116826.016
  4425:  1116876.026  1117042.005  1117520.009  1117808.001  1118087.003
  4430:  1118092.023  1118092.021  1118136.001  1118175.003  1118178.001
  4435:  1118230.003  1119093.013  1119093.011  1119307.001  1119907.018
  4440:  1120258.003  1120264.016  1120278.001  1120314.026  1120352.003
  4445:  1120357.023  1120357.021  1120418.005  1121458.013  1121458.011
  4450:  1121751.009  1122312.001  1122666.003  1122671.023  1122671.021
  4455:  1122886.005  1123153.009  1124172.013  1124172.011  1124248.001
  4460:  1124671.003  1124676.023  1124676.021  1125877.013  1125877.011
  4465:  1126083.005  1126392.009  1126646.001  1126905.003  1126910.023
  4470:  1126910.021  1126921.001  1127005.003  1127326.005  1127650.009
  4475:  1128311.013  1128311.011  1128542.001  1129142.018  1129549.003
  4480:  1129555.016  1129605.026  1129762.005  1129778.009  1129781.001
  4485:  1130035.003  1130040.023  1130040.021  1130309.005  1130622.009
  4490:  1131741.013  1131741.011  1131986.001  1132556.003  1132561.023
  4495:  1132561.021  1132908.005  1133466.009  1134462.013  1134462.011
  4500:  1134591.001  1135047.003  1135052.023  1135052.021  1135070.001
  4505:  1135155.003  1135952.005  1136090.009  1137053.013  1137053.011
  4510:  1137153.001  1137753.018  1137897.003  1137903.016  1137953.026
  4515:  1138540.005  1138835.009  1139022.001  1139622.018  1139815.003
  4520:  1139821.016  1139871.026  1140048.005  1140541.009  1140762.001
  4525:  1141052.003  1141057.023  1141057.021  1141119.001  1141282.003
  4530:  1142358.013  1142358.011  1142498.001  1142907.003  1142912.023
  4535:  1142912.021  1143187.005  1143346.009  1143913.013  1143913.011
  4540:  1144044.001  1144301.003  1144306.023  1144306.021  1144313.001
  4545:  1144382.003  1145470.005  1145607.013  1145607.011  1145633.009
  4550:  1145841.001  1146441.018  1146521.003  1146527.016  1146577.026
  4555:  1146610.001  1146854.003  1146859.023  1146859.021  1147352.005
  4560:  1147649.009  1148860.013  1148860.011  1149204.001  1149804.018
  4565:  1150310.003  1150316.016  1150366.026  1150416.001  1150570.003
  4570:  1150575.023  1150575.021  1150628.005  1151085.009  1151676.013
  4575:  1151676.011  1151937.001  1152453.003  1152458.023  1152458.021
  4580:  1152810.005  1153077.009  1153959.013  1153959.011  1154429.001
  4585:  1154680.003  1154685.023  1154685.021  1154989.005  1155121.009
  4590:  1156386.013  1156386.011  1156628.001  1157133.003  1157138.023
  4595:  1157138.021  1158004.005  1158280.009  1158539.013  1158539.011
  4600:  1158732.001  1159088.003  1159093.023  1159093.021  1159152.001
  4605:  1159211.003  1159720.005  1159897.009  1160694.013  1160694.011
  4610:  1160841.001  1161392.003  1161397.023  1161397.021  1161674.005
  4615:  1161839.009  1163198.013  1163198.011  1163512.001  1163867.003
  4620:  1163872.023  1163872.021  1164216.005  1164464.009  1165773.013
  4625:  1165773.011  1166100.005  1166216.009  1166376.005  1166716.009
  4630:  1167109.001  1167628.003  1167633.023  1167633.021  1167645.001
  4635:  1167680.003  1167976.005  1168153.009  1168834.013  1168834.011
  4640:  1170149.001  1170636.003  1170641.023  1170641.021  1170960.005
  4645:  1171124.009  1171661.005  1172018.009  1172642.013  1172642.011
  4650:  1172792.001  1173362.003  1173366.001  1173367.023  1173367.021
  4655:  1173469.003  1173884.005  1174175.009  1174468.013  1174468.011
  4660:  1174717.001  1175276.003  1175281.023  1175281.021  1175318.001
  4665:  1175756.003  1175952.005  1176213.009  1176282.013  1176282.011
  4670:  1176538.001  1177051.003  1177056.023  1177056.021  1177425.005
  4675:  1177622.009  1178257.013  1178257.011  1178390.001  1178990.018
  4680:  1179065.003  1179071.016  1179121.026  1179683.005  1179989.009
  4685:  1180198.001  1180419.003  1180424.023  1180424.021  1180689.005
  4690:  1181005.009  1181925.013  1181925.011  1182176.001  1182534.003
  4695:  1182539.023  1182539.021  1182967.005  1183077.009  1184030.005
  4700:  1184102.009  1184140.013  1184140.011  1184350.001  1184612.003
  4705:  1184617.023  1184617.021  1184648.001  1184693.003  1185918.013
  4710:  1185918.011  1186027.005  1186106.009  1186120.005  1186539.009
  4715:  1186736.001  1187015.003  1187020.023  1187020.021  1188421.013
  4720:  1188421.011  1189253.005  1189304.009  1189592.001  1189869.003
  4725:  1189874.023  1189874.021  1189908.001  1190045.003  1190479.005
  4730:  1190597.009  1191675.013  1191675.011  1193327.001  1193927.018
  4735:  1194809.003  1194815.016  1194865.026  1194976.005  1195570.009
  4740:  1195836.001  1196436.018  1196999.003  1197000.005  1197005.016
  4745:  1197055.026  1197739.009  1198035.001  1198635.018  1199347.003
  4750:  1199353.016  1199403.026  1199654.005  1200103.009  1200353.001
  4755:  1200953.018  1201032.003  1201038.016  1201088.026  1201253.005
  4760:  1201718.009  1201960.001  1202560.018  1202621.003  1202627.016
  4765:  1202677.026  1202776.005  1203356.009  1203785.001  1203810.003
  4770:  1203815.023  1203815.021  1205516.013  1205516.011  1205656.001
  4775:  1206194.003  1206199.023  1206199.021  1208100.013  1208100.011
  4780:  1208612.001  1208941.003  1208946.023  1208946.021  1210147.013
  4785:  1210147.011  1210276.001  1210876.018  1210950.003  1210956.016
  4790:  1211006.026  1211047.001  1211203.003  1211208.023  1211208.021
  4795:  1211805.005  1212191.009  1212809.013  1212809.011  1213011.001
  4800:  1213611.018  1213955.003  1213961.016  1214011.026  1214042.001
  4805:  1214147.003  1214152.023  1214152.021  1214258.005  1214613.009
  4810:  1215453.013  1215453.011  1215571.001  1216153.003  1216158.023
  4815:  1216158.021  1216514.005  1216689.009  1217859.013  1217859.011
  4820:  1218055.001  1218128.003  1218133.023  1218133.021  1219534.013
  4825:  1219534.011  1219719.001  1220319.018  1220614.003  1220620.016
  4830:  1220647.001  1220670.026  1220789.003  1220794.023  1220794.021
  4835:  1220837.005  1221283.009  1222276.005  1222565.009  1222595.013
  4840:  1222595.011  1223231.001  1223831.018  1224196.003  1224202.016
  4845:  1224252.026  1224304.001  1224489.003  1224494.023  1224494.021
  4850:  1224562.005  1225157.009  1225995.013  1225995.011  1226658.001
  4855:  1227258.018  1227328.003  1227334.016  1227367.001  1227384.026
  4860:  1227453.003  1227458.023  1227458.021  1227533.005  1228134.009
  4865:  1229359.013  1229359.011  1229495.001  1230095.018  1230415.003
  4870:  1230421.016  1230471.026  1230535.001  1230684.003  1230689.023
  4875:  1230689.021  1230733.005  1231249.009  1232690.013  1232690.011
  4880:  1232874.001  1232986.003  1232991.023  1232991.021  1233269.005
  4885:  1233480.009  1233992.013  1233992.011  1234221.001  1234714.003
  4890:  1234719.023  1234719.021  1235057.005  1235097.009  1235820.013
  4895:  1235820.011  1235918.001  1236418.003  1236423.023  1236423.021
  4900:  1236458.001  1236507.003  1236933.005  1237111.009  1237168.005
  4905:  1237296.009  1238127.005  1238151.009  1238424.013  1238424.011
  4910:  1238623.001  1239083.003  1239088.023  1239088.021  1239130.001
  4915:  1239214.003  1240040.005  1240262.009  1240489.013  1240489.011
  4920:  1241211.001  1241811.018  1241859.003  1241865.016  1241915.026
  4925:  1241974.001  1242185.003  1242190.023  1242190.021  1242292.005
  4930:  1242800.009  1243291.013  1243291.011  1243669.001  1244151.003
  4935:  1244156.023  1244156.021  1244747.005  1244907.009  1245957.013
  4940:  1245957.011  1246105.001  1246462.003  1246467.023  1246467.021
  4945:  1246527.001  1246611.003  1247200.005  1247318.009  1247968.013
  4950:  1247968.011  1248920.001  1249520.018  1250148.003  1250154.016
  4955:  1250158.005  1250204.026  1251068.009  1251300.001  1251900.018
  4960:  1252039.003  1252045.016  1252095.026  1252173.005  1253003.009
  4965:  1253008.005  1253039.009  1253264.001  1253864.018  1253989.003
  4970:  1253995.016  1254045.026  1254220.005  1254807.009  1255033.001
  4975:  1255633.018  1255795.003  1255801.016  1255851.026  1255972.005
  4980:  1256714.009  1257138.001  1257738.018  1257996.003  1258002.016
  4985:  1258052.026  1258176.005  1258685.009  1259354.001  1259594.003
  4990:  1259599.023  1259599.021  1260600.013  1260600.011  1260759.001
  4995:  1261359.018  1261520.003  1261526.016  1261576.026  1261631.001
  5000:  1261956.003  1261961.023  1261961.021  1262293.005  1262881.009
  5005:  1263562.013  1263562.011  1263711.001  1264311.018  1264730.003
  5010:  1264736.016  1264776.001  1264786.026  1264898.003  1264903.023
  5015:  1264903.021  1264945.005  1264957.009  1264976.005  1265403.009
  5020:  1266104.013  1266104.011  1266212.001  1266812.018  1267544.003
  5025:  1267550.016  1267574.001  1267600.026  1267656.003  1267661.023
  5030:  1267661.021  1267770.005  1268182.009  1268962.013  1268962.011
  5035:  1269079.001  1269679.018  1270134.003  1270140.016  1270176.001
  5040:  1270190.026  1270233.003  1270238.023  1270238.021  1270327.005
  5045:  1270662.009  1271939.013  1271939.011  1272069.001  1272523.003
  5050:  1272528.023  1272528.021  1272875.005  1273061.009  1274429.013
  5055:  1274429.011  1274550.001  1275150.018  1275397.003  1275403.016
  5060:  1275453.026  1275518.001  1276049.003  1276054.023  1276054.021
  5065:  1276055.005  1276339.009  1277455.013  1277455.011  1277593.001
  5070:  1278128.003  1278133.023  1278133.021  1278151.001  1278349.003
  5075:  1278788.005  1278802.009  1278808.005  1279084.009  1279134.013
  5080:  1279134.011  1279386.001  1279749.003  1279754.023  1279754.021
  5085:  1280063.005  1280324.009  1281055.013  1281055.011  1281184.001
  5090:  1281784.018  1281902.003  1281908.016  1281934.001  1281958.026
  5095:  1281964.003  1281969.023  1281969.021  1281974.001  1282026.003
  5100:  1282384.005  1282773.009  1283470.013  1283470.011  1283590.001
  5105:  1284190.018  1284321.003  1284327.016  1284333.001  1284377.026
  5110:  1284520.003  1284525.023  1284525.021  1284574.005  1284860.009
  5115:  1286126.013  1286126.011  1286580.005  1286854.009  1287210.001
  5120:  1287650.003  1287655.023  1287655.021  1287875.005  1288104.009
  5125:  1288497.005  1288533.009  1289456.013  1289456.011  1289597.001
  5130:  1290197.018  1290274.003  1290280.016  1290328.001  1290330.026
  5135:  1290483.003  1290488.023  1290488.021  1290505.001  1290549.003
  5140:  1290928.005  1291419.009  1292389.013  1292389.011  1292643.001
  5145:  1293243.018  1293693.003  1293699.016  1293749.026  1293899.005
  5150:  1294688.009  1295010.001  1295610.018  1295671.003  1295677.016
  5155:  1295727.026  1295850.005  1296373.009  1296614.001  1297214.018
  5160:  1297339.003  1297345.016  1297389.001  1297395.026  1297429.003
  5165:  1297434.023  1297434.021  1297509.005  1297905.009  1298635.013
  5170:  1298635.011  1298915.001  1299515.018  1300023.003  1300029.016
  5175:  1300079.026  1300157.005  1300747.009  1300759.005  1300850.009
  5180:  1301380.001  1301792.003  1301797.023  1301797.021  1302085.005
  5185:  1302299.009  1303798.013  1303798.011  1304008.001  1304384.003
  5190:  1304389.023  1304389.021  1305490.013  1305490.011  1305616.001
  5195:  1306128.003  1306133.023  1306133.021  1306477.005  1306687.009
  5200:  1307834.013  1307834.011  1308294.005  1308432.009  1308633.001
  5205:  1309233.018  1309400.003  1309406.016  1309456.026  1309513.001
  5210:  1309654.003  1309659.023  1309659.021  1309760.005  1310274.009
  5215:  1310314.005  1310628.009  1310660.013  1310660.011  1310842.001
  5220:  1311442.018  1311904.003  1311910.016  1311945.001  1311960.026
  5225:  1311994.003  1311999.023  1311999.021  1312065.005  1312585.009
  5230:  1312593.005  1312610.009  1313200.013  1313200.011  1313526.001
  5235:  1313938.003  1313943.023  1313943.021  1313971.001  1314122.003
  5240:  1314746.005  1314898.009  1315244.013  1315244.011  1315348.001
  5245:  1315922.003  1315927.023  1315927.021  1316182.005  1316360.009
  5250:  1317543.005  1317567.009  1317828.013  1317828.011  1318355.001
  5255:  1318632.003  1318637.001  1318637.023  1318637.021  1318733.003
  5260:  1319137.005  1319375.009  1319738.013  1319738.011  1320004.001
  5265:  1320277.003  1320282.023  1320282.021  1320292.001  1320477.003
  5270:  1321683.013  1321683.011  1321809.001  1322409.018  1322611.003
  5275:  1322617.016  1322667.026  1323010.005  1323419.009  1323621.001
  5280:  1324220.003  1324225.023  1324225.021  1324971.005  1325163.009
  5285:  1326026.013  1326026.011  1326174.001  1326774.018  1326780.003
  5290:  1326786.016  1326836.026  1328568.005  1328820.009  1329050.001
  5295:  1329423.003  1329428.023  1329428.021  1331429.013  1331429.011
  5300:  1332099.001  1332645.003  1332650.023  1332650.021  1333005.005
  5305:  1333358.009  1334151.013  1334151.011  1334314.001  1334914.018
  5310:  1334971.003  1334977.016  1334985.001  1335009.003  1335027.026
  5315:  1335109.001  1335185.003  1335190.023  1335190.021  1335348.005
  5320:  1335675.009  1336791.013  1336791.011  1336932.001  1337532.018
  5325:  1337854.003  1337860.016  1337910.026  1337983.001  1338033.003
  5330:  1338038.023  1338038.021  1338081.005  1338471.009  1339739.013
  5335:  1339739.011  1339938.001  1340538.018  1340695.003  1340701.016
  5340:  1340751.026  1340867.005  1341331.009  1341340.005  1341372.009
  5345:  1341597.001  1341820.003  1341825.023  1341825.021  1341851.001
  5350:  1341912.003  1341924.001  1341945.003  1343826.013  1343826.011
  5355:  1344007.001  1344607.018  1345028.003  1345034.016  1345084.026
  5360:  1345394.005  1345732.009  1345978.001  1346578.018  1346822.003
  5365:  1346828.016  1346870.001  1346878.026  1346929.003  1346934.023
  5370:  1346934.021  1346991.005  1347238.009  1348235.013  1348235.011
  5375:  1348347.001  1348947.018  1349107.003  1349113.016  1349163.026
  5380:  1349290.005  1349698.009  1349912.001  1350512.018  1351110.003
  5385:  1351116.016  1351166.026  1351279.005  1352001.009  1352254.001
  5390:  1352854.018  1353503.003  1353509.016  1353559.026  1353729.005
  5395:  1354271.009  1354747.001  1355347.018  1356197.003  1356203.016
  5400:  1356253.026  1356354.005  1356724.009  1356726.005  1356758.009
  5405:  1356778.005  1356970.009  1357599.001  1358199.018  1358889.003
  5410:  1358895.016  1358945.026  1359069.005  1359949.009  1360540.001
  5415:  1361140.018  1362164.003  1362170.016  1362220.026  1362348.005
  5420:  1362791.009  1365734.001  1366334.018  1366427.003  1366433.016
  5425:  1366483.026  1366626.005  1367148.009  1367273.005  1367372.009
  5430:  1368105.001  1368705.018  1368821.003  1368827.016  1368877.026
  5435:  1368998.005  1369467.009  1371123.001  1371723.018  1372119.003
  5440:  1372125.016  1372175.026  1372297.005  1372798.009  1374492.001
  5445:  1375092.018  1376519.003  1376525.016  1376575.026  1376659.005
  5450:  1377091.009  1377792.001  1378392.018  1378421.003  1378427.016
  5455:  1378477.026  1378553.005  1379444.009  1379456.005  1379658.009
  5460:  1381590.001  1382190.018  1382639.003  1382645.016  1382695.026
  5465:  1382845.005  1383802.009  1384289.001  1384889.018  1385257.003
  5470:  1385263.016  1385313.026  1385459.005  1386130.009  1387081.001
  5475:  1387681.018  1387731.003  1387737.016  1387787.026  1387922.005
  5480:  1388456.009  1389463.001  1389692.003  1389697.023  1389697.021
  5485:  1390255.005  1390341.009  1390898.013  1390898.011  1391017.001
  5490:  1391468.003  1391473.023  1391473.021  1393174.013  1393174.011
  5495:  1393343.001  1393748.003  1393753.023  1393753.021  1393756.001
  5500:  1394097.003  1394836.005  1394856.009  1394863.005  1395093.009
  5505:  1395154.013  1395154.011  1395343.001  1395943.018  1396056.003
  5510:  1396062.016  1396112.026  1396342.005  1396691.009  1397313.001
  5515:  1397913.018  1397967.003  1397973.016  1398017.001  1398023.026
  5520:  1398098.003  1398103.023  1398103.021  1398200.005  1398583.009
  5525:  1399104.013  1399104.011  1399434.001  1400034.018  1400702.005
  5530:  1400903.009  1400917.003  1400923.016  1400973.026  1401232.005
  5535:  1401665.009  1401951.001  1402192.003  1402197.023  1402197.021
  5540:  1402205.001  1402539.003  1403698.013  1403698.011  1403974.001
  5545:  1404574.018  1404665.003  1404671.016  1404721.026  1404742.001
  5550:  1404838.003  1404843.023  1404843.021  1405015.005  1405287.009
  5555:  1406644.013  1406644.011  1407139.005  1407428.009  1407679.001
  5560:  1408279.018  1408379.003  1408385.016  1408435.026  1408464.001
  5565:  1408508.003  1408513.023  1408513.021  1408592.005  1408995.009
  5570:  1409614.013  1409614.011  1409732.001  1410128.003  1410133.023
  5575:  1410133.021  1410145.001  1410293.003  1412034.013  1412034.011
  5580:  1412538.001  1412738.003  1412743.023  1412743.021  1414344.013
  5585:  1414344.011  1414701.001  1415006.003  1415011.023  1415011.021
  5590:  1415042.001  1415082.003  1415549.005  1415829.009  1416312.013
  5595:  1416312.011  1416558.001  1417158.018  1417325.003  1417331.016
  5600:  1417348.001  1417381.026  1417523.003  1417528.023  1417528.021
  5605:  1417539.005  1417932.009  1419329.013  1419329.011  1419557.001
  5610:  1420157.018  1420374.003  1420380.016  1420430.026  1420545.005
  5615:  1420869.009  1421517.001  1421843.003  1421848.023  1421848.021
  5620:  1422405.005  1422505.009  1423057.005  1423135.009  1423749.013
  5625:  1423749.011  1423893.001  1424493.018  1424765.003  1424771.016
  5630:  1424789.001  1424821.026  1424868.003  1424873.023  1424873.021
  5635:  1424954.005  1425211.009  1425874.013  1425874.011  1425984.001
  5640:  1426577.003  1426582.023  1426582.021  1426607.001  1426653.003
  5645:  1427037.005  1427121.009  1428583.013  1428583.011  1428879.001
  5650:  1429479.018  1429874.003  1429880.016  1429930.026  1430039.005
  5655:  1430581.009  1430800.001  1431400.018  1431463.003  1431469.016
  5660:  1431483.001  1431519.026  1431849.003  1431854.023  1431854.021
  5665:  1432145.005  1432631.009  1433355.013  1433355.011  1433568.001
  5670:  1434168.018  1434752.003  1434758.016  1434808.026  1434881.005
  5675:  1435570.009  1435645.005  1435747.009  1436147.001  1436747.018
  5680:  1437095.003  1437101.016  1437151.026  1437387.005  1437777.009
  5685:  1439072.001  1439293.003  1439298.023  1439298.021  1439645.005
  5690:  1439829.009  1440699.013  1440699.011  1442349.005  1442374.009
  5695:  1442384.005  1442491.009  1442885.001  1443111.003  1443116.023
  5700:  1443116.021  1443159.001  1443395.003  1444817.013  1444817.011
  5705:  1445019.001  1445619.018  1445780.003  1445786.016  1445836.026
  5710:  1446176.005  1446384.009  1446865.001  1447465.018  1447947.003
  5715:  1447953.016  1447985.001  1448003.003  1448003.026  1448162.005
  5720:  1448643.009  1448902.001  1449213.003  1449218.023  1449218.021
  5725:  1450319.013  1450319.011  1450591.001  1451182.003  1451187.023
  5730:  1451187.021  1451585.005  1451743.009  1452388.013  1452388.011
  5735:  1452542.001  1453142.018  1453299.003  1453305.016  1453355.026
  5740:  1453358.001  1453609.003  1453614.023  1453614.021  1453644.005
  5745:  1453864.009  1455215.013  1455215.011  1455415.001  1456015.018
  5750:  1456181.003  1456187.016  1456237.026  1456360.005  1456576.009
  5755:  1456861.001  1457086.003  1457091.023  1457091.021  1458392.013
  5760:  1458392.011  1458669.001  1459269.018  1459436.003  1459442.016
  5765:  1459478.005  1459492.026  1460329.009  1460794.001  1461394.018
  5770:  1461475.003  1461481.016  1461488.001  1461531.026  1461715.003
  5775:  1461720.023  1461720.021  1461824.005  1462292.009  1463221.013
  5780:  1463221.011  1463361.001  1463961.018  1464272.003  1464278.016
  5785:  1464322.001  1464328.026  1464440.003  1464445.023  1464445.021
  5790:  1464555.005  1464852.009  1465446.013  1465446.011  1465677.001
  5795:  1466277.018  1466624.003  1466630.016  1466672.001  1466680.026
  5800:  1466748.003  1466753.023  1466753.021  1466821.005  1467253.009
  5805:  1468554.013  1468554.011  1469021.001  1469602.003  1469607.023
  5810:  1469607.021  1470085.005  1470252.009  1471208.013  1471208.011
  5815:  1471322.001  1471922.018  1471925.003  1471931.016  1471981.026
  5820:  1472117.005  1472467.009  1472918.001  1473518.018  1473650.003
  5825:  1473656.016  1473706.026  1473836.005  1474256.009  1474622.001
  5830:  1475222.018  1475535.003  1475541.016  1475591.026  1475720.005
  5835:  1476139.009  1476510.001  1477110.018  1478025.003  1478031.016
  5840:  1478081.026  1478228.005  1478626.009  1480268.001  1480387.003
  5845:  1480392.023  1480392.021  1480760.005  1480828.009  1482093.013
  5850:  1482093.011  1482244.001  1482844.018  1482901.003  1482907.016
  5855:  1482957.026  1482968.001  1483304.003  1483309.023  1483309.021
  5860:  1483360.005  1483649.009  1484410.013  1484410.011  1484606.001
  5865:  1485047.003  1485052.023  1485052.021  1486453.013  1486453.011
  5870:  1486656.001  1487090.003  1487095.023  1487095.021  1487097.001
  5875:  1487271.003  1487504.005  1487518.009  1487524.005  1487749.009
  5880:  1488296.013  1488296.011  1488878.005  1488904.009  1489321.001
  5885:  1489921.018  1489975.003  1489981.016  1490031.026  1490199.005
  5890:  1490724.009  1491062.001  1491512.003  1491517.023  1491517.021
  5895:  1491838.005  1491994.009  1493418.013  1493418.011  1493640.001
  5900:  1494240.018  1494495.003  1494501.016  1494551.026  1494714.005
  5905:  1495085.009  1495304.001  1495904.018  1496468.003  1496474.016
  5910:  1496490.001  1496524.026  1496574.003  1496579.023  1496579.021
  5915:  1496617.005  1496985.009  1498580.013  1498580.011  1498742.001
  5920:  1499342.018  1499463.003  1499469.016  1499513.005  1499519.026
  5925:  1500438.009  1501073.001  1501547.003  1501552.023  1501552.021
  5930:  1501851.005  1502050.009  1502553.013  1502553.011  1504205.001
  5935:  1504805.018  1505010.003  1505016.016  1505027.001  1505066.026
  5940:  1505087.003  1505092.023  1505092.021  1505117.001  1505154.003
  5945:  1505266.005  1505616.009  1506193.013  1506193.011  1506387.001
  5950:  1506987.018  1507276.003  1507282.016  1507297.001  1507332.026
  5955:  1507358.003  1507363.023  1507363.021  1507438.005  1507746.009
  5960:  1508564.013  1508564.011  1508769.001  1509369.018  1509488.003
  5965:  1509494.016  1509544.026  1509600.005  1510111.009  1510388.001
  5970:  1510988.018  1512327.003  1512333.016  1512360.001  1512383.026
  5975:  1512398.003  1512403.023  1512403.021  1512544.005  1513281.009
  5980:  1514004.013  1514004.011  1514165.001  1514765.018  1515406.003
  5985:  1515412.016  1515419.001  1515462.026  1515503.003  1515508.023
  5990:  1515508.021  1515785.005  1516265.009  1517209.013  1517209.011
  5995:  1517484.001  1518084.018  1518540.003  1518546.016  1518596.026
  6000:  1518647.005  1519058.009  1520292.001  1520892.018  1521018.003
  6005:  1521024.016  1521074.026  1521189.005  1521991.009  1523578.001
  6010:  1523941.003  1523946.023  1523946.021  1524167.005  1524434.009
  6015:  1525747.013  1525747.011  1525982.001  1526578.003  1526583.023
  6020:  1526583.021  1526668.001  1526924.003  1528084.013  1528084.011
  6025:  1528988.001  1529588.018  1529711.003  1529717.016  1529764.001
  6030:  1529767.026  1530045.003  1530050.023  1530050.021  1530253.005
  6035:  1530658.009  1531351.013  1531351.011  1531530.001  1532130.018
  6040:  1532549.003  1532555.016  1532605.026  1532779.005  1533168.009
  6045:  1533543.001  1534143.018  1534192.003  1534198.016  1534207.001
  6050:  1534248.026  1534362.003  1534367.023  1534367.021  1534426.005
  6055:  1534718.009  1536268.013  1536268.011  1536424.001  1537024.018
  6060:  1537291.003  1537297.016  1537311.005  1537347.026  1537906.009
  6065:  1538204.001  1538804.018  1540009.003  1540015.016  1540065.026
  6070:  1540157.005  1540745.009  1541869.001  1542469.018  1543387.003
  6075:  1543393.016  1543443.026  1543548.005  1544520.009  1544534.005
  6080:  1544546.009  1547312.001  1547583.003  1547588.023  1547588.021
  6085:  1547909.005  1547940.009  1549589.013  1549589.011  1549773.001
  6090:  1550247.003  1550252.023  1550252.021  1551653.013  1551653.011
  6095:  1551838.001  1552438.018  1552496.003  1552502.016  1552552.026
  6100:  1552708.005  1552742.009  1553397.005  1553795.009  1554069.001
  6105:  1554437.003  1554442.023  1554442.021  1554475.001  1554577.003
  6110:  1555368.005  1555541.009  1555543.013  1555543.011  1555764.001
  6115:  1556364.018  1556576.003  1556582.016  1556632.026  1556644.001
  6120:  1556869.003  1556874.023  1556874.021  1556927.005  1557157.009
  6125:  1558875.013  1558875.011  1559113.001  1559713.018  1561172.003
  6130:  1561178.016  1561228.026  1561318.005  1561974.009  1562453.001
  6135:  1562941.003  1562946.023  1562946.021  1564032.005  1564148.009
  6140:  1564547.013  1564547.011  1565465.005  1565529.009  1565797.001
  6145:  1566042.003  1566047.023  1566047.021  1566070.001  1566236.003
  6150:  1566546.005  1566574.009  1567048.013  1567048.011  1567203.001
  6155:  1567583.003  1567588.023  1567588.021  1567594.001  1567737.003
  6160:  1568989.013  1568989.011  1569105.001  1569227.003  1569232.023
  6165:  1569232.021  1569236.001  1569387.003  1570433.013  1570433.011
  6170:  1571451.005  1571744.009  1572231.001  1572394.003  1572399.023
  6175:  1572399.021  1573900.013  1573900.011  1574456.001  1574701.003
  6180:  1574706.023  1574706.021  1574924.005  1575266.009  1576007.013
  6185:  1576007.011  1576606.001  1577206.018  1577424.003  1577430.016
  6190:  1577480.026  1577573.005  1578059.009  1578334.001  1578934.018
  6195:  1579164.003  1579170.016  1579220.026  1579318.005  1579870.009
  6200:  1580225.001  1580825.018  1580892.003  1580898.016  1580948.026
  6205:  1581000.005  1581401.009  1581745.001  1582137.003  1582142.023
  6210:  1582142.021  1582152.001  1582270.003  1583843.013  1583843.011
  6215:  1584302.001  1584625.003  1584630.023  1584630.021  1584932.005
  6220:  1584964.009  1584975.005  1585090.009  1586431.013  1586431.011
  6225:  1586798.001  1587122.003  1587127.023  1587127.021  1587161.001
  6230:  1587280.003  1587690.005  1587729.009  1587747.005  1587810.009
  6235:  1589028.013  1589028.011  1590125.001  1590297.003  1590302.023
  6240:  1590302.021  1590348.001  1590417.003  1591162.005  1591196.009
  6245:  1591271.005  1591318.009  1591331.005  1591353.009  1592203.013
  6250:  1592203.011  1592409.001  1592751.003  1592756.023  1592756.021
  6255:  1593066.005  1593333.009  1594757.013  1594757.011  1597212.001
  6260:  1597714.003  1597719.023  1597719.021  1598026.005  1598262.009
  6265:  1598820.013  1598820.011  1599900.001  1600317.003  1600322.023
  6270:  1600322.021  1600603.005  1600759.009  1601523.013  1601523.011
  6275:  1601671.001  1602155.003  1602160.023  1602160.021  1602483.005
  6280:  1602696.009  1603561.013  1603561.011  1603751.001  1604351.018
  6285:  1604795.003  1604801.016  1604851.026  1604980.005  1605468.009
  6290:  1605731.001  1605947.003  1605952.023  1605952.021  1605968.001
  6295:  1606178.003  1607553.013  1607553.011  1607703.001  1608303.018
  6300:  1608339.003  1608345.016  1608379.001  1608395.026  1608451.003
  6305:  1608456.023  1608456.021  1608505.005  1608848.009  1609457.013
  6310:  1609457.011  1609611.001  1610148.003  1610153.023  1610153.021
  6315:  1610283.005  1610623.009  1610626.005  1610667.009  1611454.013
  6320:  1611454.011  1613288.001  1613888.018  1614129.003  1614135.016
  6325:  1614185.026  1614288.005  1614715.009  1614955.001  1615555.018
  6330:  1615985.003  1615991.016  1616041.026  1616150.005  1616662.009
  6335:  1617053.001  1617653.018  1617955.003  1617961.016  1618011.026
  6340:  1618125.005  1618534.009  1619172.001  1619772.018  1620863.003
  6345:  1620869.016  1620919.026  1621050.005  1621569.009  1623013.001
  6350:  1623251.003  1623256.023  1623256.021  1624757.013  1624757.011
  6355:  1624929.001  1624970.003  1624975.023  1624975.021  1624982.001
  6360:  1625204.003  1626676.013  1626676.011  1628940.001  1629540.018
  6365:  1629923.003  1629929.016  1629979.026  1630116.001  1630142.005
  6370:  1630156.009  1630257.003  1630262.023  1630262.021  1630302.005
  6375:  1630631.009  1632063.013  1632063.011  1632332.001  1632899.003
  6380:  1632904.023  1632904.021  1634005.013  1634005.011  1634589.001
  6385:  1635189.018  1635531.003  1635537.016  1635570.005  1635587.026
  6390:  1636097.009  1636338.001  1636938.018  1637702.003  1637708.016
  6395:  1637758.026  1637908.005  1638262.009  1639798.001  1640398.018
  6400:  1640580.003  1640586.016  1640636.026  1640750.005  1641398.009
  6405:  1641406.005  1641420.009  1641449.005  1641472.009  1641877.001
  6410:  1642477.018  1644335.003  1644341.016  1644391.026  1644489.005
  6415:  1644934.009  1645432.001  1646032.018  1647911.003  1647917.016
  6420:  1647967.026  1648109.005  1648795.009  1650148.001  1650748.018
  6425:  1651185.003  1651191.016  1651241.026  1651371.005  1651818.009
  6430:  1653009.001  1653609.018  1653846.003  1653852.016  1653902.026
  6435:  1654011.005  1654606.009  1654616.005  1654823.009  1655240.001
  6440:  1655840.018  1656771.003  1656777.016  1656827.026  1656896.005
  6445:  1657574.009  1659123.001  1659723.018  1661475.003  1661481.016
  6450:  1661531.026  1661682.005  1662230.009  1662756.001  1663356.018
  6455:  1664307.003  1664313.016  1664363.026  1664456.005  1665174.009
  6460:  1665946.001  1666546.018  1667161.003  1667167.016  1667217.026
  6465:  1667300.005  1668118.009  1668398.001  1668998.018  1669818.003
  6470:  1669824.016  1669874.026  1670021.005  1670578.009  1670700.005
  6475:  1670776.009  1671244.001  1671844.018  1673182.003  1673188.016
  6480:  1673238.026  1673360.005  1673796.009  1674798.001  1675309.003
  6485:  1675314.023  1675314.021  1677015.013  1677015.011  1677173.001
  6490:  1677773.018  1678011.003  1678017.016  1678067.026  1678416.005
  6495:  1678838.009  1679463.001  1680063.018  1681795.003  1681801.016
  6500:  1681851.026  1681951.005  1682490.009  1682934.001  1683534.018
  6505:  1685360.003  1685366.016  1685416.026  1685534.005  1686139.009
  6510:  1687701.001  1688301.018  1689444.003  1689450.016  1689500.026
  6515:  1689597.005  1690262.009  1692499.001  1693099.018  1693687.003
  6520:  1693693.016  1693743.026  1693863.005  1694462.009  1696617.001
  6525:  1697217.018  1697691.003  1697697.016  1697747.026  1697847.005
  6530:  1698516.009  1699221.001  1699821.018  1700668.003  1700674.016
  6535:  1700724.026  1700842.005  1701381.009  1701787.001  1702387.018
  6540:  1705006.003  1705012.016  1705062.026  1705183.005  1705552.009
  6545:  1706901.001  1707501.018  1707960.003  1707966.016  1708016.026
  6550:  1708127.005  1708843.009  1709295.001  1709895.018  1710748.003
  6555:  1710754.016  1710804.026  1710917.005  1711334.009  1711981.001
  6560:  1712581.018  1713425.003  1713431.016  1713481.026  1713581.005
  6565:  1713949.009  1714815.001  1715415.018  1716335.003  1716341.016
  6570:  1716391.026  1716554.005  1717079.009  1717673.001  1718273.018
  6575:  1719460.003  1719466.016  1719516.026  1719616.005  1720255.009
  6580:  1721737.001  1722276.003  1722281.023  1722281.021  1722958.005
  6585:  1722995.009  1724282.013  1724282.011  1724741.001  1725341.018
  6590:  1725454.003  1725460.016  1725510.026  1725637.005  1726034.009
  6595:  1726314.001  1726914.018  1728354.003  1728360.016  1728410.026
  6600:  1728527.005  1729274.009  1729704.001  1730304.018  1731791.003
  6605:  1731797.016  1731847.026  1731931.005  1732599.009  1733692.005
  6610:  1733794.009  1733820.005  1734044.009  1738906.005  1739030.009
  6615:  1739346.001  1739912.003  1739917.023  1739917.021  1740337.005
  6620:  1740522.009  1740918.013  1740918.011  1741091.001  1741691.018
  6625:  1741744.003  1741750.016  1741800.026  1741858.001  1741981.003
  6630:  1741986.023  1741986.021  1742195.005  1742460.009  1743587.013
  6635:  1743587.011  1743745.001  1744345.018  1744886.003  1744892.016
  6640:  1744942.026  1745071.005  1745444.009  1745720.001  1746320.018
  6645:  1746978.003  1746984.016  1747034.026  1747122.005  1747558.009
  6650:  1748061.001  1748661.018  1750289.003  1750295.016  1750345.026
  6655:  1750481.005  1750869.009  1751729.001  1752329.018  1753471.003
  6660:  1753477.016  1753527.026  1753636.005  1753973.009  1754476.001
  6665:  1755076.018  1757503.003  1757509.016  1757559.026  1757761.005
  6670:  1758042.009  1758540.001  1759140.018  1760038.003  1760044.016
  6675:  1760094.026  1760197.005  1760418.009  1760959.001  1761559.018
  6680:  1763560.003  1763566.016  1763616.026  1763727.005  1764102.009
  6685:  1764125.005  1764138.009  1764146.005  1764190.009  1766124.001
  6690:  1766724.018  1767083.003  1767089.016  1767139.026  1767266.005
  6695:  1767663.009  1769396.001  1769996.018  1770724.003  1770730.016
  6700:  1770780.026  1770892.005  1771286.009  1773242.001  1773842.018
  6705:  1774360.003  1774366.016  1774416.026  1774553.005  1774932.009
  6710:  1775429.001  1776029.018  1777270.003  1777276.016  1777279.001
  6715:  1777326.026  1777328.061  1777329.061  1777330.061  1777331.061
  6720:  1777332.061
B:
     0:        0.000      980.000        0.000      979.000        0.000
     5:      914.000        0.000        0.000        0.000      914.000
    10:        0.000      523.000        0.000      523.000        0.000
    15:        0.000      278.000        7.000      276.000        0.000
    20:        0.000      522.000        0.000      522.000        0.000
    25:        0.000      278.000        0.000        0.000        0.000
    30:        0.000
D:
     0:  1828881.000  1827041.000  1828882.000
E:
     0:      250.000      600.000
P:
     0:        2.000        2.200        2.400        2.600        2.800
     5:        3.000        3.200        3.400        3.600        3.800
    10:        4.000
T:
     0:        0.000        0.000        0.000        0.000
W:
     0:        2.000        0.000        0.000
