File: C:\MED-PC IV\Data\Reyes\BB\BB1115.999


Start Date: 06/29/25
End Date: 06/29/25
Subject: 115
Experiment: BB
Group: NO_TIMEOUT_RET
Box: 5
Start Time: 18:29:56
End Time: 19:20:24
MSN: DRRD_no_timeout_retract
C:       0.000
F:       1.000
G:       0.000
H:       0.000
I:       0.000
J:       0.000
K:     500.000
L:       0.000
M:       0.000
N:     800.000
O:       0.000
Q:       0.000
R:       0.000
S:       0.000
U:   51612.000
V:       0.000
X:     250.000
Y:    6743.000
Z:       0.000
A:
     0:    51359.005    51507.009    13126.005    13298.009    14176.005
     5:    14188.009    14201.005    14324.009    15000.013    15000.011
    10:    16220.005    16541.009    16599.005    16785.009    16866.005
    15:    17009.009    17051.005    17822.009    19236.005    19466.009
    20:    20057.001    20070.003    20075.023    20075.021    20150.001
    25:    20158.003    20326.013    20326.011    20542.001    20557.003
    30:    20562.023    20562.021    20624.001    20666.003    20813.013
    35:    20813.011    21320.005    21593.009    21841.005    21940.009
    40:    21985.005    22070.009    22350.005    22416.009    22811.001
    45:    22981.003    22986.023    22986.021    23237.013    23237.011
    50:    23610.005    23928.009    24469.001    24544.003    24549.023
    55:    24549.021    24800.013    24800.011    24887.001    24961.003
    60:    24966.023    24966.021    25217.013    25217.011    26228.005
    65:    26302.009    32672.005    32776.009    33023.005    33109.009
    70:    33587.001    33656.003    33661.023    33661.021    33912.013
    75:    33912.011    34121.005    34603.009    34644.005    34663.009
    80:    35332.001    35466.003    35471.023    35471.021    35722.013
    85:    35722.011    36024.005    36458.009    36842.005    36846.009
    90:    37327.001    37331.003    37336.023    37336.021    37587.013
    95:    37587.011    37946.001    38086.003    38091.023    38091.021
   100:    38105.001    38132.003    38146.001    38190.003    38342.013
   105:    38342.011    38826.001    38900.003    38905.023    38905.021
   110:    38943.001    38967.003    39156.013    39156.011    39576.005
   115:    39798.009    39895.005    40078.009    40545.001    40678.003
   120:    40683.023    40683.021    40934.013    40934.011    43881.005
   125:    44064.009    45448.001    45520.003    45525.023    45525.021
   130:    45776.013    45776.011    46119.005    47242.009    47871.001
   135:    47898.003    47903.023    47903.021    47921.001    48004.003
   140:    48154.013    48154.011    48446.005    48797.009    48812.005
   145:    48818.009    49191.005    49216.009    49617.001    49656.003
   150:    49661.023    49661.021    49912.013    49912.011    50143.005
   155:    50512.009    50885.005    50903.009    51344.001    51455.003
   160:    51460.023    51460.021    51536.001    51562.003    51711.013
   165:    51711.011    51901.005    52074.009    53901.005    54029.009
   170:    54965.001    55058.003    55063.023    55063.021    55077.001
   175:    55110.003    55135.001    55159.003    55314.013    55314.011
   180:    55698.005    56098.009    56193.005    56484.009    56488.005
   185:    56816.009    57095.001    57158.003    57163.023    57163.021
   190:    57414.013    57414.011    57720.001    57842.003    57847.023
   195:    57847.021    58098.013    58098.011    58613.005    58754.009
   200:    58840.005    59192.009    59440.001    59504.003    59509.023
   205:    59509.021    59516.001    59588.003    59760.013    59760.011
   210:    60024.001    60138.003    60143.023    60143.021    60394.013
   215:    60394.011    60843.005    61357.009    61365.005    61454.009
   220:    61525.005    61802.009    61950.005    61953.009    61968.005
   225:    62121.009    63587.001    63802.003    63807.023    63807.021
   230:    63812.001    63825.003    64058.013    64058.011    64183.001
   235:    64219.003    64224.023    64224.021    64475.013    64475.011
   240:    64819.001    65058.003    65063.023    65063.021    65314.013
   245:    65314.011    65667.001    65767.003    65772.023    65772.021
   250:    66023.013    66023.011    66071.005    66411.009    72950.005
   255:    73385.009    73737.005    73801.009    74888.001    74966.003
   260:    74971.023    74971.021    75039.001    75052.003    75222.013
   265:    75222.011    75498.001    75574.003    75579.023    75579.021
   270:    75830.013    75830.011    76161.001    76255.003    76260.023
   275:    76260.021    76511.013    76511.011    76914.005    77178.009
   280:    77394.001    77456.003    77461.023    77461.021    77712.013
   285:    77712.011    78381.005    78469.009    80846.001    80945.003
   290:    80950.023    80950.021    81201.013    81201.011    81336.001
   295:    81376.003    81381.023    81381.021    81632.013    81632.011
   300:    81896.001    82146.018    82447.003    82453.016    82503.026
   305:    83278.005    83315.009    83335.005    84285.009    84462.005
   310:    84915.009    85833.005    86295.009    87805.005    87953.009
   315:    93060.005    93526.009    93637.005    93642.009    93705.005
   320:    94178.009    94187.005    94356.009    95323.001    95426.003
   325:    95431.023    95431.021    95682.013    95682.011    96103.001
   330:    96244.003    96249.023    96249.021    96468.005    96500.013
   335:    96500.011    96822.009    96882.005    96887.009    96927.005
   340:    97487.009    98228.001    98318.003    98323.023    98323.021
   345:    98574.013    98574.011    99101.005    99438.009    99605.005
   350:    99704.009   100115.001   100179.003   100184.023   100184.021
   355:   100435.013   100435.011   100920.005   100949.009   101130.005
   360:   101446.009   101955.001   102066.003   102071.023   102071.021
   365:   102322.013   102322.011   102733.005   102994.009   103056.005
   370:   103063.009   103114.005   103411.009   103415.005   103419.009
   375:   103433.005   103437.009   103997.001   104125.003   104130.023
   380:   104130.021   104202.001   104229.003   104381.013   104381.011
   385:   104756.001   104886.003   104891.023   104891.021   104932.001
   390:   104972.003   105142.013   105142.011   105467.005   105819.009
   395:   105894.005   106013.009   111970.005   112001.009   112301.001
   400:   112423.003   112428.023   112428.021   112679.013   112679.011
   405:   113945.001   114015.003   114020.023   114020.021   114271.013
   410:   114271.011   115443.005   115718.009   116037.001   116160.003
   415:   116165.023   116165.021   116416.013   116416.011   117607.005
   420:   117656.009   117672.005   117988.009   118014.005   118088.009
   425:   118477.001   118623.003   118628.023   118628.021   118879.013
   430:   118879.011   120133.005   120405.009   120412.005   120428.009
   435:   122087.005   122120.009   124205.005   124330.009   124461.005
   440:   124886.009   125085.005   125179.009   127227.005   127312.009
   445:   138230.005   138509.009   138522.005   138547.009   138844.005
   450:   139225.009   142805.005   142901.009   145300.001   145429.003
   455:   145434.023   145434.021   145456.001   145470.003   145685.013
   460:   145685.011   146451.005   146934.009   146942.005   147042.009
   465:   147637.001   147671.003   147676.023   147676.021   147737.001
   470:   147758.003   147927.013   147927.011   148525.005   148586.009
   475:   148756.005   149700.009   149771.005   149788.009   149797.005
   480:   150213.009   151041.001   151106.003   151111.023   151111.021
   485:   151362.013   151362.011   151884.005   152131.009   153376.001
   490:   153562.003   153567.023   153567.021   153585.001   153595.003
   495:   153818.013   153818.011   154157.001   154204.003   154209.023
   500:   154209.021   154460.013   154460.011   154559.001   154575.003
   505:   154580.023   154580.021   154643.001   154693.003   154831.013
   510:   154831.011   155034.001   155204.003   155209.023   155209.021
   515:   155251.001   155280.003   155460.013   155460.011   156130.005
   520:   156136.009   156147.005   156569.009   157437.001   157473.003
   525:   157478.023   157478.021   157729.013   157729.011   157992.001
   530:   158242.018   158966.003   158972.016   159022.026   159637.001
   535:   159836.003   159841.023   159841.021   160092.013   160092.011
   540:   161527.005   162717.009   162885.005   163179.009   166459.005
   545:   166931.009   167823.001   168054.003   168059.023   168059.021
   550:   168310.013   168310.011   168924.005   169202.009   169365.005
   555:   169487.009   169852.001   169938.003   169943.023   169943.021
   560:   170194.013   170194.011   171471.005   171495.009   171618.005
   565:   171747.009   172110.001   172170.003   172175.023   172175.021
   570:   172426.013   172426.011   172972.001   173194.003   173199.023
   575:   173199.021   173450.013   173450.011   174113.005   174609.009
   580:   177177.001   177286.003   177291.023   177291.021   177542.013
   585:   177542.011   178248.005   178578.009   178908.001   179145.003
   590:   179150.023   179150.021   179163.001   179178.003   179184.001
   595:   179218.003   179401.013   179401.011   179972.005   180461.009
   600:   180468.005   180537.009   180863.005   181787.009   181790.005
   605:   182085.009   182116.005   182693.009   182848.005   183640.009
   610:   183681.005   183690.009   183831.005   183864.009   183882.005
   615:   184095.009   184108.005   184173.009   184177.005   184438.009
   620:   185692.005   185828.009   186643.001   186890.003   186895.023
   625:   186895.021   187146.013   187146.011   187681.005   187868.009
   630:   188457.001   188707.018   188741.003   188747.016   188797.026
   635:   188961.005   188967.009   189229.001   189371.003   189376.023
   640:   189376.021   189627.013   189627.011   190248.005   191098.009
   645:   191468.005   191498.009   191512.005   191619.009   191632.005
   650:   191903.009   192143.005   192266.009   192942.001   193109.003
   655:   193114.023   193114.021   193365.013   193365.011   193657.005
   660:   193817.009   193990.005   194489.009   194897.005   195186.009
   665:   195284.005   195571.009   196230.001   196345.003   196350.023
   670:   196350.021   196601.013   196601.011   197499.005   197744.009
   675:   198498.001   198621.003   198626.023   198626.021   198877.013
   680:   198877.011   199714.005   199761.009   199939.005   200090.009
   685:   200524.001   200685.003   200690.023   200690.021   200941.013
   690:   200941.011   202288.005   202466.009   203221.001   203335.003
   695:   203340.023   203340.021   203591.013   203591.011   205233.001
   700:   205483.018   205586.003   205592.016   205616.001   205642.026
   705:   205773.003   205778.023   205778.021   206029.013   206029.011
   710:   206566.005   207099.009   208716.001   208844.003   208849.023
   715:   208849.021   209100.013   209100.011   210166.005   210825.009
   720:   211364.005   211485.009   211899.001   211948.003   211953.023
   725:   211953.021   212204.013   212204.011   212822.005   213174.009
   730:   215672.005   215964.009   216360.001   216495.003   216500.023
   735:   216500.021   216751.013   216751.011   217425.005   217440.009
   740:   217458.005   217664.009   218160.005   218237.009   219266.001
   745:   219358.003   219363.023   219363.021   219614.013   219614.011
   750:   220240.005   220540.009   220969.001   221070.003   221075.023
   755:   221075.021   221326.013   221326.011   222067.005   222293.009
   760:   222716.001   222877.003   222882.023   222882.021   223133.013
   765:   223133.011   225803.005   225886.009   225943.005   226373.009
   770:   229401.005   229485.009   229533.005   229736.009   230080.001
   775:   230163.003   230168.023   230168.021   230208.001   230269.003
   780:   230419.013   230419.011   231084.005   231398.009   231472.005
   785:   231479.009   231516.005   231542.009   232000.001   232241.003
   790:   232246.023   232246.021   232497.013   232497.011   232929.005
   795:   233231.009   233631.001   233807.003   233812.023   233812.021
   800:   234063.013   234063.011   234582.005   234780.009   235284.001
   805:   235365.003   235370.023   235370.021   235621.013   235621.011
   810:   236233.001   236388.003   236393.023   236393.021   236644.013
   815:   236644.011   237042.001   237292.018   237825.003   237831.016
   820:   237881.026   238830.005   239317.009   240439.005   240745.009
   825:   242096.001   242195.003   242200.023   242200.021   242451.013
   830:   242451.011   243242.005   243728.009   244014.001   244176.003
   835:   244181.023   244181.021   244196.001   244280.003   244432.013
   840:   244432.011   244818.005   244860.009   245113.005   245128.009
   845:   245567.005   245588.009   246416.001   246666.018   246719.003
   850:   246725.016   246775.026   247623.005   247637.009   247648.005
   855:   248218.009   248973.001   249028.003   249033.023   249033.021
   860:   249284.013   249284.011   249592.005   250131.009   250455.001
   865:   250505.003   250510.023   250510.021   250530.001   250573.003
   870:   250761.013   250761.011   251373.005   251675.009   252107.001
   875:   252181.003   252186.023   252186.021   252201.001   252288.003
   880:   252437.013   252437.011   253104.005   253328.009   253838.001
   885:   253940.003   253945.023   253945.021   254196.013   254196.011
   890:   254685.005   254790.009   256140.005   256147.009   256207.005
   895:   256493.009   258303.005   258338.009   258349.005   258362.009
   900:   259701.001   259788.003   259793.023   259793.021   260044.013
   905:   260044.011   260479.005   260705.009   260748.005   260764.009
   910:   260989.001   261028.003   261033.023   261033.021   261066.001
   915:   261133.003   261284.013   261284.011   261765.005   261962.009
   920:   262495.001   262711.003   262716.023   262716.021   262967.013
   925:   262967.011   263406.001   263453.003   263458.023   263458.021
   930:   263507.001   263559.003   263709.013   263709.011   264302.005
   935:   264658.009   265922.001   266172.018   266575.003   266581.016
   940:   266631.026   267266.005   268205.009   269246.005   269335.009
   945:   269619.001   269657.003   269662.023   269662.021   269913.013
   950:   269913.011   270395.005   270407.009   270412.005   270727.009
   955:   270790.005   271086.009   271375.001   271410.003   271415.023
   960:   271415.021   271435.001   271517.003   271666.013   271666.011
   965:   271882.001   272063.003   272068.023   272068.021   272319.013
   970:   272319.011   273486.005   273747.009   274062.001   274178.003
   975:   274183.023   274183.021   274259.001   274283.003   274434.013
   980:   274434.011   274929.001   275009.003   275014.023   275014.021
   985:   275039.001   275114.003   275265.013   275265.011   276198.005
   990:   276509.009   277518.001   277768.018   277839.003   277845.016
   995:   277895.026   278510.005   279015.009   279328.001   279578.018
  1000:   279916.003   279922.016   279972.026   280168.005   280962.009
  1005:   281844.005   282154.009   283735.005   284041.009   284630.001
  1010:   284795.003   284800.023   284800.021   285051.013   285051.011
  1015:   285354.005   285743.009   285783.005   286561.009   287699.001
  1020:   287949.018   288068.003   288074.016   288124.026   289534.005
  1025:   289986.009   290330.001   290390.003   290395.023   290395.021
  1030:   290646.013   290646.011   291405.005   291935.009   292118.001
  1035:   292290.003   292295.023   292295.021   292546.013   292546.011
  1040:   292988.005   293251.009   293475.001   293725.018   293777.003
  1045:   293783.016   293833.026   294052.005   294813.009   294843.005
  1050:   294949.009   298242.005   298282.009   298287.005   298450.009
  1055:   299074.001   299186.003   299191.023   299191.021   299216.001
  1060:   299220.003   299442.013   299442.011   299856.005   300184.009
  1065:   300197.005   300287.009   300869.001   301119.018   301134.003
  1070:   301140.016   301190.026   302278.005   302842.009   303105.001
  1075:   303336.003   303341.023   303341.021   303592.013   303592.011
  1080:   303754.005   304392.009   304631.001   304808.003   304813.023
  1085:   304813.021   305064.013   305064.011   305831.005   306384.009
  1090:   306743.005   306858.009   307069.001   307252.003   307257.023
  1095:   307257.021   307508.013   307508.011   308139.005   308604.009
  1100:   308841.005   308856.009   309109.001   309173.003   309178.023
  1105:   309178.021   309429.013   309429.011   309595.001   309620.003
  1110:   309625.023   309625.021   309654.001   309692.003   309722.001
  1115:   309738.003   309876.013   309876.011   310629.005   310982.009
  1120:   311345.001   311405.003   311410.023   311410.021   311661.013
  1125:   311661.011   312260.005   312271.009   312276.005   312492.009
  1130:   312705.001   312931.003   312936.023   312936.021   312958.001
  1135:   312971.003   313187.013   313187.011   314550.005   314565.009
  1140:   314588.005   314654.009   314996.005   315379.009   315909.001
  1145:   316044.003   316049.023   316049.021   316054.001   316069.003
  1150:   316300.013   316300.011   316743.005   317155.009   317331.001
  1155:   317476.003   317481.023   317481.021   317489.001   317582.003
  1160:   317732.013   317732.011   318009.005   318539.009   318775.001
  1165:   319004.003   319009.023   319009.021   319260.013   319260.011
  1170:   319435.005   319682.009   322053.001   322251.003   322256.023
  1175:   322256.021   322507.013   322507.011   323259.005   323264.009
  1180:   323276.005   323449.009   323736.005   323809.009   324010.001
  1185:   324095.003   324100.023   324100.021   324351.013   324351.011
  1190:   325063.005   325728.009   326043.001   326156.003   326161.023
  1195:   326161.021   326412.013   326412.011   327012.005   327197.009
  1200:   327461.001   327583.003   327588.023   327588.021   327604.001
  1205:   327688.003   327839.013   327839.011   328292.005   328413.009
  1210:   328487.005   328729.009   329198.001   329293.003   329298.023
  1215:   329298.021   329325.001   329397.003   329549.013   329549.011
  1220:   329875.001   330101.003   330106.023   330106.021   330357.013
  1225:   330357.011   331357.005   331638.009   332853.001   333103.018
  1230:   333618.003   333624.016   333674.026   334332.005   334804.009
  1235:   335894.001   336004.003   336009.023   336009.021   336260.013
  1240:   336260.011   336890.005   336920.009   336927.005   337108.009
  1245:   337359.005   337440.009   338010.001   338035.003   338040.023
  1250:   338040.021   338067.001   338140.003   338291.013   338291.011
  1255:   338915.005   339085.009   339437.001   339520.003   339525.023
  1260:   339525.021   339776.013   339776.011   340389.005   340658.009
  1265:   341313.001   341563.018   341783.003   341789.016   341839.026
  1270:   342317.005   342791.009   343034.005   343105.009   343184.005
  1275:   343454.009   343915.001   344039.003   344044.023   344044.021
  1280:   344295.013   344295.011   344812.001   344883.003   344888.023
  1285:   344888.021   344917.001   344942.003   345139.013   345139.011
  1290:   345896.005   346459.009   346479.005   346537.009   347270.005
  1295:   347546.009   347734.001   347861.003   347866.023   347866.021
  1300:   348117.013   348117.011   349118.001   349195.003   349200.023
  1305:   349200.021   349224.001   349239.003   349451.013   349451.011
  1310:   349839.001   350089.018   350179.003   350185.016   350235.026
  1315:   351184.005   351757.009   352030.001   352086.003   352091.023
  1320:   352091.021   352342.013   352342.011   355013.005   355298.009
  1325:   355602.005   355821.009   356031.001   356201.003   356206.023
  1330:   356206.021   356457.013   356457.011   356633.005   356943.009
  1335:   356987.005   357002.009   357401.001   357499.003   357504.023
  1340:   357504.021   357755.013   357755.011   358336.005   358631.009
  1345:   358795.001   358934.003   358939.023   358939.021   358972.001
  1350:   359006.003   359190.013   359190.011   359786.005   359821.009
  1355:   359951.005   360139.009   360412.001   360460.003   360465.023
  1360:   360465.021   360472.001   360556.003   360716.013   360716.011
  1365:   360916.001   361124.003   361129.023   361129.021   361380.013
  1370:   361380.011   362130.005   362540.009   362601.005   362628.009
  1375:   363483.001   363733.018   363747.003   363753.016   363803.026
  1380:   364582.005   365568.009   367255.001   367307.003   367312.023
  1385:   367312.021   367563.013   367563.011   368069.005   368408.009
  1390:   368613.001   368707.003   368712.023   368712.021   368741.001
  1395:   368749.003   368963.013   368963.011   369361.005   370354.009
  1400:   370666.001   370759.003   370764.023   370764.021   371015.013
  1405:   371015.011   371160.001   371292.003   371297.023   371297.021
  1410:   371548.013   371548.011   371897.001   372147.018   372278.003
  1415:   372284.016   372334.026   373123.005   373754.009   373985.001
  1420:   374052.003   374057.023   374057.021   374308.013   374308.011
  1425:   375300.005   375927.009   375981.005   376014.009   376200.005
  1430:   376275.009   376663.001   376860.003   376865.023   376865.021
  1435:   376874.001   376944.003   377116.013   377116.011   377284.001
  1440:   377338.003   377343.023   377343.021   377362.001   377455.003
  1445:   377594.013   377594.011   378131.005   378364.009   378632.001
  1450:   378782.003   378787.023   378787.021   378807.001   378892.003
  1455:   379038.013   379038.011   379442.001   379692.018   379701.003
  1460:   379707.016   379725.001   379757.026   380011.018   380317.003
  1465:   380323.016   380338.001   380346.003   380373.026   380971.005
  1470:   381640.009   382230.001   382480.018   382716.003   382722.016
  1475:   382772.026   382774.017   383283.005   383931.009   384795.005
  1480:   384797.009   384808.005   385150.009   385419.001   385719.018
  1485:   385769.003   385775.016   385825.026   386347.005   387268.009
  1490:   391122.005   391584.009   392093.001   392277.003   392282.023
  1495:   392282.021   392533.013   392533.011   393082.005   393236.009
  1500:   393617.001   393664.003   393669.023   393669.021   393702.001
  1505:   393770.003   393920.013   393920.011   394442.005   394580.009
  1510:   394924.001   395037.003   395042.023   395042.021   395056.001
  1515:   395143.003   395293.013   395293.011   396226.005   396456.009
  1520:   396842.001   397142.018   397361.003   397367.016   397417.026
  1525:   398419.005   398864.009   399074.001   399114.003   399119.023
  1530:   399119.021   399144.001   399221.003   399370.013   399370.011
  1535:   399877.001   400011.003   400016.023   400016.021   400267.013
  1540:   400267.011   400506.005   400867.009   401102.001   401191.003
  1545:   401196.023   401196.021   401214.001   401258.003   401447.013
  1550:   401447.011   401539.001   401555.003   401560.023   401560.021
  1555:   401811.013   401811.011   402234.001   402354.003   402359.023
  1560:   402359.021   402362.001   402459.003   402610.013   402610.011
  1565:   403069.005   403471.009   403476.005   403487.009   404208.001
  1570:   404262.003   404267.023   404267.021   404291.001   404367.003
  1575:   404405.001   404518.013   404518.011   404552.003   404557.023
  1580:   404557.021   404808.013   404808.011   405321.005   405323.009
  1585:   405330.005   405607.009   406543.005   406710.009   407389.001
  1590:   407438.003   407443.023   407443.021   407694.013   407694.011
  1595:   407999.001   408217.003   408222.023   408222.021   408473.013
  1600:   408473.011   408885.001   409185.018   409312.003   409318.016
  1605:   409368.026   410164.005   410596.009   411277.005   411314.009
  1610:   411410.005   411708.009   411933.001   412018.003   412023.023
  1615:   412023.021   412274.013   412274.011   412457.005   412766.009
  1620:   413011.001   413095.003   413100.023   413100.021   413116.001
  1625:   413202.003   413351.013   413351.011   413724.005   413922.009
  1630:   414185.001   414462.003   414467.023   414467.021   414718.013
  1635:   414718.011   415675.005   415983.009   416189.001   416301.003
  1640:   416306.023   416306.021   416557.013   416557.011   416790.001
  1645:   417090.018   417297.003   417303.016   417353.026   419124.005
  1650:   419505.009   419968.001   420144.003   420149.023   420149.021
  1655:   420400.013   420400.011   421245.005   421364.009   421547.001
  1660:   421798.003   421803.023   421803.021   421849.001   421910.003
  1665:   422054.013   422054.011   422313.001   422422.003   422427.023
  1670:   422427.021   422442.001   422481.003   422678.013   422678.011
  1675:   423516.005   423676.009   423698.005   423941.009   424171.001
  1680:   424471.018   424633.003   424639.016   424689.026   425216.005
  1685:   425849.009   426226.001   426500.003   426505.023   426505.021
  1690:   426535.001   426605.003   426756.013   426756.011   427316.005
  1695:   427668.009   427927.001   428005.003   428010.023   428010.021
  1700:   428071.001   428101.003   428261.013   428261.011   428447.001
  1705:   428547.003   428552.023   428552.021   428803.013   428803.011
  1710:   429503.005   429704.009   429814.005   429937.009   430820.001
  1715:   430912.003   430917.023   430917.021   430945.001   431019.003
  1720:   431168.013   431168.011   431290.001   431474.003   431479.023
  1725:   431479.021   431730.013   431730.011   433133.005   433360.009
  1730:   433554.001   433627.003   433632.023   433632.021   433883.013
  1735:   433883.011   434009.001   434080.003   434085.023   434085.021
  1740:   434114.001   434195.003   434336.013   434336.011   434991.005
  1745:   435109.009   435162.005   435474.009   435672.001   435765.003
  1750:   435770.023   435770.021   436021.013   436021.011   436107.001
  1755:   436359.003   436364.023   436364.021   436615.013   436615.011
  1760:   436884.001   437149.003   437154.023   437154.021   437405.013
  1765:   437405.011   438034.005   438286.009   438568.001   438783.003
  1770:   438788.023   438788.021   439039.013   439039.011   439599.001
  1775:   439619.003   439624.023   439624.021   439647.001   439740.003
  1780:   439875.013   439875.011   439988.001   440039.003   440044.023
  1785:   440044.021   440059.001   440144.003   440295.013   440295.011
  1790:   441518.005   441642.009   442040.005   442089.009   442827.001
  1795:   443107.003   443112.023   443112.021   443363.013   443363.011
  1800:   443994.005   444098.009   444117.005   444124.009   444528.001
  1805:   444734.003   444739.023   444739.021   444990.013   444990.011
  1810:   445058.001   445163.003   445168.023   445168.021   445191.001
  1815:   445227.003   445419.013   445419.011   445872.001   446146.003
  1820:   446151.023   446151.021   446402.013   446402.011   447037.005
  1825:   447041.009   447069.005   447077.009   447207.005   447833.009
  1830:   449286.005   449561.009   449766.001   449865.003   449870.023
  1835:   449870.021   449876.001   449957.003   450121.013   450121.011
  1840:   450257.001   450531.003   450536.023   450536.021   450787.013
  1845:   450787.011   451004.005   451306.009   451384.005   451388.009
  1850:   451735.001   451871.003   451876.023   451876.021   451901.001
  1855:   451945.003   452127.013   452127.011   452327.001   452458.003
  1860:   452463.023   452463.021   452714.013   452714.011   453128.005
  1865:   453400.009   453618.001   453791.003   453796.023   453796.021
  1870:   454047.013   454047.011   454195.001   454267.003   454272.023
  1875:   454272.021   454294.001   454379.003   454417.001   454523.013
  1880:   454523.011   454537.003   454542.023   454542.021   454793.013
  1885:   454793.011   455569.005   455711.009   456115.005   456123.009
  1890:   456796.001   456806.003   456811.023   456811.021   456824.001
  1895:   456859.003   456880.001   456913.003   457062.013   457062.011
  1900:   457469.005   457616.009   457657.005   457953.009   457978.005
  1905:   458129.009   458586.001   458858.003   458863.023   458863.021
  1910:   459114.013   459114.011   459563.005   459749.009   459831.005
  1915:   460236.009   460453.001   460504.003   460509.023   460509.021
  1920:   460760.013   460760.011   461573.001   461764.003   461769.023
  1925:   461769.021   462020.013   462020.011   462361.005   462483.009
  1930:   462597.005   462784.009   463886.001   463993.003   463998.023
  1935:   463998.021   464249.013   464249.011   464348.001   464411.003
  1940:   464416.023   464416.021   464438.001   464516.003   464667.013
  1945:   464667.011   465663.005   465907.009   466754.001   466990.003
  1950:   466995.023   466995.021   467246.013   467246.011   468177.005
  1955:   468341.009   468352.005   468606.009   469411.001   469703.003
  1960:   469708.023   469708.021   469959.013   469959.011   470547.005
  1965:   470743.009   471272.001   471572.018   471873.003   471879.016
  1970:   471929.026   472209.005   473054.009   473474.001   473567.003
  1975:   473572.023   473572.021   473823.013   473823.011   474507.005
  1980:   474884.009   475262.001   475504.003   475509.023   475509.021
  1985:   475760.013   475760.011   476501.005   476571.009   476663.005
  1990:   476789.009   476861.005   477187.009   477195.005   477566.009
  1995:   478107.001   478194.003   478199.023   478199.021   478229.001
  2000:   478256.003   478450.013   478450.011   478824.005   479141.009
  2005:   479375.001   479476.003   479481.023   479481.021   479732.013
  2010:   479732.011   484180.005   484509.009   485687.001   485987.018
  2015:   486174.003   486180.016   486230.026   487412.005   488005.009
  2020:   488464.001   488685.003   488690.023   488690.021   488941.013
  2025:   488941.011   489219.005   489550.009   490500.001   490558.003
  2030:   490563.023   490563.021   490814.013   490814.011   491423.005
  2035:   491723.009   491976.001   492060.003   492065.023   492065.021
  2040:   492316.013   492316.011   492734.001   492859.003   492864.023
  2045:   492864.021   492868.001   492966.003   493115.013   493115.011
  2050:   493618.005   493685.009   493726.005   493998.009   494402.001
  2055:   494472.003   494477.023   494477.021   494503.001   494534.003
  2060:   494728.013   494728.011   495331.005   495478.009   495803.001
  2065:   495841.003   495846.023   495846.021   495858.001   495965.003
  2070:   496097.013   496097.011   496678.005   496887.009   497190.001
  2075:   497239.003   497244.023   497244.021   497495.013   497495.011
  2080:   498247.001   498405.003   498410.023   498410.021   498661.013
  2085:   498661.011   499237.005   499415.009   499617.001   499637.003
  2090:   499642.023   499642.021   499893.013   499893.011   500012.001
  2095:   500193.003   500198.023   500198.021   500449.013   500449.011
  2100:   502000.005   502549.009   502567.005   502583.009   502606.005
  2105:   502624.009   503139.001   503439.018   503563.003   503569.016
  2110:   503619.026   504299.005   504884.009   505995.005   506308.009
  2115:   506662.001   506809.003   506814.023   506814.021   507065.013
  2120:   507065.011   507658.005   507929.009   508234.001   508347.003
  2125:   508352.023   508352.021   508603.013   508603.011   512557.005
  2130:   512786.009   513025.001   513131.003   513136.023   513136.021
  2135:   513160.001   513243.003   513387.013   513387.011   513906.005
  2140:   514109.009   514534.005   514651.009   517890.001   518190.018
  2145:   518195.003   518201.016   518251.026   518593.005   519225.009
  2150:   519371.005   519382.009   520844.005   520890.009   521966.001
  2155:   522029.003   522034.023   522034.021   522285.013   522285.011
  2160:   522822.005   523039.009   523458.001   523715.003   523720.023
  2165:   523720.021   523971.013   523971.011   524698.005   525049.009
  2170:   526227.005   526245.009   526669.001   526967.003   526972.023
  2175:   526972.021   527223.013   527223.011   527571.005   527850.009
  2180:   528086.001   528161.003   528166.023   528166.021   528185.001
  2185:   528193.003   528221.001   528266.003   528417.013   528417.011
  2190:   535660.005   535828.009   536303.001   536466.003   536471.023
  2195:   536471.021   536722.013   536722.011   537441.005   537839.009
  2200:   538303.001   538405.003   538410.023   538410.021   538661.013
  2205:   538661.011   540086.001   540337.003   540342.023   540342.021
  2210:   540593.013   540593.011   541166.005   541272.009   541343.005
  2215:   541533.009   541915.001   542147.003   542152.023   542152.021
  2220:   542403.013   542403.011   542944.005   543171.009   543200.005
  2225:   543223.009   544032.001   544185.003   544190.023   544190.021
  2230:   544441.013   544441.011   544902.005   545219.009   545442.001
  2235:   545526.003   545531.023   545531.021   545782.013   545782.011
  2240:   545888.001   546188.018   546330.003   546336.016   546386.026
  2245:   546880.005   547707.009   548095.005   548225.009   548602.001
  2250:   548707.003   548712.023   548712.021   548963.013   548963.011
  2255:   549293.005   549621.009   549879.001   549920.003   549925.023
  2260:   549925.021   549999.001   550022.003   550176.013   550176.011
  2265:   550633.005   550640.009   550647.005   551029.009   551303.001
  2270:   551566.003   551571.023   551571.021   551822.013   551822.011
  2275:   552257.005   552748.009   552968.001   553031.003   553036.023
  2280:   553036.021   553287.013   553287.011   553777.005   554232.009
  2285:   555130.005   555215.009   555471.001   555550.003   555555.023
  2290:   555555.021   555606.001   555657.003   555806.013   555806.011
  2295:   556673.001   556899.003   556904.023   556904.021   557155.013
  2300:   557155.011   557952.005   558243.009   558562.001   558862.018
  2305:   558910.003   558916.016   558966.026   559993.005   560471.009
  2310:   561260.005   561601.009   562405.001   562571.003   562576.023
  2315:   562576.021   562827.013   562827.011   563111.001   563126.003
  2320:   563131.023   563131.021   563148.001   563241.003   563382.013
  2325:   563382.011   563770.005   564117.009   564132.005   564139.009
  2330:   564199.005   564258.009   564481.001   564781.018   564932.003
  2335:   564938.016   564984.001   564988.026   565077.003   565082.023
  2340:   565082.021   565333.013   565333.011   566053.005   566657.009
  2345:   567510.005   567887.009   568257.001   568370.003   568375.023
  2350:   568375.021   568626.013   568626.011   568956.001   569096.003
  2355:   569101.023   569101.021   569352.013   569352.011   570175.005
  2360:   570373.009   570781.001   570905.003   570910.023   570910.021
  2365:   571161.013   571161.011   571673.005   571883.009   572133.001
  2370:   572282.003   572287.023   572287.021   572538.013   572538.011
  2375:   573798.005   574123.009   574357.001   574576.003   574581.023
  2380:   574581.021   574667.001   574677.003   574832.013   574832.011
  2385:   575387.005   575648.009   575965.001   576067.003   576072.023
  2390:   576072.021   576123.001   576175.003   576323.013   576323.011
  2395:   576779.001   577079.018   577095.003   577101.016   577151.026
  2400:   577202.001   577372.003   577377.023   577377.021   577628.013
  2405:   577628.011   578187.005   578622.009   579282.005   579372.009
  2410:   579385.005   579657.009   581255.005   581360.009   581392.005
  2415:   581746.009   582118.001   582319.003   582324.023   582324.021
  2420:   582575.013   582575.011   583259.005   583266.009   583271.005
  2425:   583612.009   584600.005   584746.009   585156.001   585456.018
  2430:   585559.003   585565.016   585615.026   586174.005   586849.009
  2435:   587737.001   587861.003   587866.023   587866.021   588117.013
  2440:   588117.011   588660.005   588927.009   589191.001   589283.003
  2445:   589288.023   589288.021   589311.001   589319.003   589539.013
  2450:   589539.011   589663.001   589754.003   589759.023   589759.021
  2455:   589792.001   589982.003   590010.013   590010.011   590832.005
  2460:   590917.009   590921.005   590932.009   591554.001   591854.018
  2465:   591917.003   591923.016   591973.026   592648.005   593040.009
  2470:   593304.001   593433.003   593438.023   593438.021   593689.013
  2475:   593689.011   594262.005   594701.009   594945.001   595036.003
  2480:   595041.023   595041.021   595056.001   595068.003   595292.013
  2485:   595292.011   595477.001   595769.003   595774.023   595774.021
  2490:   596025.013   596025.011   596342.001   596489.003   596494.023
  2495:   596494.021   596745.013   596745.011   597587.005   597647.009
  2500:   598221.001   598521.018   598701.003   598707.016   598757.026
  2505:   599403.005   600010.009   600457.001   600547.003   600552.023
  2510:   600552.021   600803.013   600803.011   600953.001   600992.003
  2515:   600997.023   600997.021   601025.001   601104.003   601248.013
  2520:   601248.011   601374.001   601427.003   601432.023   601432.021
  2525:   601683.013   601683.011   601773.001   602038.003   602043.023
  2530:   602043.021   602294.013   602294.011   602866.005   603049.009
  2535:   604626.005   604998.009   605239.001   605305.003   605310.023
  2540:   605310.021   605561.013   605561.011   605775.001   605853.003
  2545:   605858.023   605858.021   606109.013   606109.011   606470.001
  2550:   606629.003   606634.023   606634.021   606885.013   606885.011
  2555:   607084.005   607232.009   607451.001   607510.003   607515.023
  2560:   607515.021   607766.013   607766.011   607924.001   608079.003
  2565:   608084.023   608084.021   608335.013   608335.011   608758.005
  2570:   608867.009   608983.005   609142.009   610339.005   610502.009
  2575:   610693.001   610795.003   610800.023   610800.021   611051.013
  2580:   611051.011   611172.001   611247.003   611252.023   611252.021
  2585:   611262.001   611359.003   611503.013   611503.011   611677.001
  2590:   611850.003   611855.023   611855.021   612106.013   612106.011
  2595:   613428.001   613649.003   613654.023   613654.021   613905.013
  2600:   613905.011   614209.005   614402.009   614867.001   615167.018
  2605:   615328.003   615334.016   615384.026   615762.005   616327.009
  2610:   616586.001   616812.003   616817.023   616817.021   616850.001
  2615:   616918.003   616957.001   617006.003   617068.013   617068.011
  2620:   617781.005   618057.009   618262.001   618320.003   618325.023
  2625:   618325.021   618576.013   618576.011   618700.001   618932.003
  2630:   618937.023   618937.021   619188.013   619188.011   619882.005
  2635:   620166.009   620695.001   620799.003   620804.023   620804.021
  2640:   621055.013   621055.011   621645.005   621934.009   622343.001
  2645:   622625.003   622630.023   622630.021   622881.013   622881.011
  2650:   624417.001   624628.003   624633.023   624633.021   624884.013
  2655:   624884.011   625577.005   625721.009   625934.001   626032.003
  2660:   626037.023   626037.021   626288.013   626288.011   626681.001
  2665:   626730.003   626735.023   626735.021   626986.013   626986.011
  2670:   627580.001   627812.003   627817.023   627817.021   628068.013
  2675:   628068.011   632321.005   632594.009   632728.005   633020.009
  2680:   633095.005   633244.009   633800.001   633921.003   633926.023
  2685:   633926.021   634177.013   634177.011   635217.005   635465.009
  2690:   635710.001   635894.003   635899.023   635899.021   636150.013
  2695:   636150.011   636803.001   637088.003   637093.023   637093.021
  2700:   637344.013   637344.011   638033.005   638315.009   638816.001
  2705:   638934.003   638939.023   638939.021   639190.013   639190.011
  2710:   640174.001   640311.003   640316.023   640316.021   640567.013
  2715:   640567.011   640681.001   640700.003   640705.023   640705.021
  2720:   640727.001   640774.003   640956.013   640956.011   641704.001
  2725:   641893.003   641898.023   641898.021   642149.013   642149.011
  2730:   642504.001   642545.003   642550.023   642550.021   642596.001
  2735:   642801.013   642801.011   642822.003   642827.023   642827.021
  2740:   643078.013   643078.011   643661.005   643910.009   644117.001
  2745:   644177.003   644182.023   644182.021   644433.013   644433.011
  2750:   644523.001   644571.003   644576.023   644576.021   644827.013
  2755:   644827.011   645190.001   645236.003   645241.023   645241.021
  2760:   645260.001   645342.003   645492.013   645492.011   646393.001
  2765:   646693.018   646723.003   646729.016   646779.026   647691.005
  2770:   648287.009   649228.005   649293.009   649410.005   649675.009
  2775:   649985.001   650091.003   650096.023   650096.021   650347.013
  2780:   650347.011   652166.005   652514.009   652611.005   652663.009
  2785:   652877.001   653029.003   653034.023   653034.021   653285.013
  2790:   653285.011   653681.001   653981.018   653995.003   654001.016
  2795:   654051.026   654219.005   654223.009   654827.005   655328.009
  2800:   656190.005   656367.009   656541.001   656622.003   656627.023
  2805:   656627.021   656878.013   656878.011   657282.001   657520.003
  2810:   657525.023   657525.021   657776.013   657776.011   658278.005
  2815:   658496.009   658719.001   658813.003   658818.023   658818.021
  2820:   658822.001   658894.003   659069.013   659069.011   659211.001
  2825:   659370.003   659375.023   659375.021   659626.013   659626.011
  2830:   660485.005   660769.009   660967.001   661193.003   661198.023
  2835:   661198.021   661449.013   661449.011   661545.001   661554.003
  2840:   661559.023   661559.021   661570.001   661617.003   661810.013
  2845:   661810.011   661930.001   661980.003   661985.023   661985.021
  2850:   662236.013   662236.011   662469.001   662522.003   662527.023
  2855:   662527.021   662582.001   662629.003   662778.013   662778.011
  2860:   662962.001   663171.003   663176.023   663176.021   663427.013
  2865:   663427.011   664273.005   664394.009   664434.005   664537.009
  2870:   664992.001   665168.003   665173.023   665173.021   665424.013
  2875:   665424.011   665725.001   665804.003   665809.023   665809.021
  2880:   666060.013   666060.011   666627.005   666976.009   667263.001
  2885:   667474.003   667479.023   667479.021   667730.013   667730.011
  2890:   668568.005   668630.009   668676.005   668826.009   669565.001
  2895:   669731.003   669736.023   669736.021   669987.013   669987.011
  2900:   670604.005   670947.009   671141.001   671195.003   671200.023
  2905:   671200.021   671216.001   671227.003   671451.013   671451.011
  2910:   671578.001   671751.003   671756.023   671756.021   672007.013
  2915:   672007.011   672172.001   672324.003   672329.023   672329.021
  2920:   672580.013   672580.011   672969.005   673223.009   673410.001
  2925:   673507.003   673512.023   673512.021   673562.001   673585.003
  2930:   673601.001   673604.003   673763.013   673763.011   673852.001
  2935:   674009.003   674014.023   674014.021   674265.013   674265.011
  2940:   674816.005   674887.009   675895.001   676047.003   676052.023
  2945:   676052.021   676303.013   676303.011   677308.005   677817.009
  2950:   679998.005   680252.009   680507.001   680725.003   680730.023
  2955:   680730.021   680981.013   680981.011   681572.005   681702.009
  2960:   681761.005   682084.009   683610.005   683849.009   684168.001
  2965:   684197.003   684202.023   684202.021   684208.001   684293.003
  2970:   684453.013   684453.011   684572.001   684761.003   684766.023
  2975:   684766.021   685017.013   685017.011   685352.001   685435.003
  2980:   685440.023   685440.021   685691.013   685691.011   685972.005
  2985:   686325.009   688180.005   688240.009   688454.001   688494.003
  2990:   688499.023   688499.021   688750.013   688750.011   688995.001
  2995:   689146.003   689151.023   689151.021   689402.013   689402.011
  3000:   690163.005   690429.009   690658.001   690736.003   690741.023
  3005:   690741.021   690789.001   690842.003   690992.013   690992.011
  3010:   691113.001   691248.003   691253.023   691253.021   691504.013
  3015:   691504.011   691663.001   691712.003   691717.023   691717.021
  3020:   691735.001   691824.003   691968.013   691968.011   692089.001
  3025:   692221.003   692226.023   692226.021   692477.013   692477.011
  3030:   693416.005   693787.009   694388.001   694516.003   694521.023
  3035:   694521.021   694772.013   694772.011   694867.001   695089.003
  3040:   695094.023   695094.021   695345.013   695345.011   695511.001
  3045:   695581.003   695586.023   695586.021   695605.001   695687.003
  3050:   695837.013   695837.011   695917.001   695961.003   695966.023
  3055:   695966.021   696217.013   696217.011   696490.005   696810.009
  3060:   698035.001   698335.018   698362.003   698368.016   698418.026
  3065:   699452.005   699982.009   700442.001   700683.003   700688.023
  3070:   700688.021   700939.013   700939.011   701874.005   702212.009
  3075:   703033.001   703134.003   703139.023   703139.021   703390.013
  3080:   703390.011   703961.005   704263.009   704466.001   704686.003
  3085:   704691.023   704691.021   704942.013   704942.011   705413.005
  3090:   705564.009   705865.001   705988.003   705993.023   705993.021
  3095:   705998.001   706097.003   706244.013   706244.011   706685.001
  3100:   706733.003   706738.023   706738.021   706765.001   706840.003
  3105:   706989.013   706989.011   707639.005   707923.009   710401.005
  3110:   710703.009   710863.005   711104.009   711649.001   711723.003
  3115:   711728.023   711728.021   711755.001   711830.003   711979.013
  3120:   711979.011   712544.005   712738.009   713579.001   713870.003
  3125:   713875.023   713875.021   714126.013   714126.011   714655.005
  3130:   714917.009   715118.001   715235.003   715240.023   715240.021
  3135:   715491.013   715491.011   715743.001   715848.003   715853.023
  3140:   715853.021   715888.001   715952.003   716104.013   716104.011
  3145:   717189.005   717220.009   717230.005   717259.009   717298.005
  3150:   717459.009   718361.001   718590.003   718595.023   718595.021
  3155:   718846.013   718846.011   719759.005   720133.009   720889.001
  3160:   720920.003   720925.023   720925.021   720949.001   721027.003
  3165:   721176.013   721176.011   722327.005   722691.009   723096.001
  3170:   723200.003   723205.023   723205.021   723456.013   723456.011
  3175:   723984.005   724161.009   724357.001   724474.003   724479.023
  3180:   724479.021   724535.001   724541.003   724730.013   724730.011
  3185:   724857.001   725157.018   725314.003   725320.016   725370.026
  3190:   725848.005   726532.009   727228.001   727340.003   727345.023
  3195:   727345.021   727596.013   727596.011   728356.005   728376.009
  3200:   728454.005   728741.009   729270.001   729355.003   729360.023
  3205:   729360.021   729611.013   729611.011   730293.005   730496.009
  3210:   731596.005   731871.009   732097.001   732249.003   732254.023
  3215:   732254.021   732505.013   732505.011   732801.005   732939.009
  3220:   733040.005   733197.009   733446.001   733746.018   733795.003
  3225:   733801.016   733851.026   734486.005   735022.009   735840.001
  3230:   736140.018   736154.003   736160.016   736210.026   736616.005
  3235:   737295.009   738931.005   739361.009   749819.001   749914.003
  3240:   749919.023   749919.021   750170.013   750170.011   750619.005
  3245:   750826.009   751257.001   751280.003   751285.023   751285.021
  3250:   751536.013   751536.011   751993.005   752328.009   753463.005
  3255:   753476.009   753497.005   753778.009   754004.001   754073.003
  3260:   754078.023   754078.021   754105.001   754112.003   754329.013
  3265:   754329.011   754643.001   754820.003   754825.023   754825.021
  3270:   755076.013   755076.011   755615.005   755770.009   755783.005
  3275:   755802.009   755865.005   756168.009   757042.001   757055.003
  3280:   757060.023   757060.021   757311.013   757311.011   757531.001
  3285:   757572.003   757577.023   757577.021   757828.013   757828.011
  3290:   758220.005   758632.009   758964.001   759107.003   759112.023
  3295:   759112.021   759363.013   759363.011   759832.001   760063.003
  3300:   760068.023   760068.021   760319.013   760319.011   761733.005
  3305:   761751.009   761767.005   762042.009   762167.005   762224.009
  3310:   762345.005   762356.009   762833.001   763005.003   763010.023
  3315:   763010.021   763261.013   763261.011   764454.005   764581.009
  3320:   764589.005   764722.009   764993.001   765202.003   765207.023
  3325:   765207.021   765458.013   765458.011   765759.001   766059.018
  3330:   766417.003   766423.016   766473.026   766702.005   767150.009
  3335:   768729.005   769029.009   769268.001   769322.003   769327.023
  3340:   769327.021   769578.013   769578.011   770753.005   770911.009
  3345:   771277.001   771577.018   771609.003   771615.016   771665.026
  3350:   772137.005   772593.009   773735.005   773753.009   773901.005
  3355:   774044.009   774266.001   774566.018   774921.003   774927.016
  3360:   774977.026   775284.005   775933.009   776305.001   776442.003
  3365:   776447.023   776447.021   776698.013   776698.011   777252.005
  3370:   777555.009   777944.001   778242.003   778247.023   778247.021
  3375:   778498.013   778498.011   779044.005   779053.009   779061.005
  3380:   779212.009   779506.001   779806.018   780031.003   780037.016
  3385:   780087.026   780531.005   781123.009   781417.001   781717.018
  3390:   782252.003   782258.016   782308.026   782691.005   783084.009
  3395:   783291.005   783340.009   783397.005   783675.009   784043.001
  3400:   784108.003   784113.023   784113.021   784364.013   784364.011
  3405:   785719.005   785914.009   786153.001   786453.018   786724.003
  3410:   786730.016   786780.026   787178.005   787618.009   788025.001
  3415:   788127.003   788132.023   788132.021   788383.013   788383.011
  3420:   788607.001   788842.003   788847.023   788847.021   789098.013
  3425:   789098.011   789622.005   790040.009   790320.001   790534.003
  3430:   790539.023   790539.021   790790.013   790790.011   791194.005
  3435:   791413.009   791737.001   791926.003   791931.023   791931.021
  3440:   792182.013   792182.011   792673.005   792991.009   793242.001
  3445:   793437.003   793442.023   793442.021   793693.013   793693.011
  3450:   793905.001   794034.003   794039.023   794039.021   794290.013
  3455:   794290.011   794673.005   794954.009   795258.001   795558.018
  3460:   795575.003   795581.016   795622.001   795631.026   795785.003
  3465:   795790.023   795790.021   796041.013   796041.011   796491.001
  3470:   796660.003   796665.023   796665.021   796916.013   796916.011
  3475:   797332.005   797690.009   797882.001   797979.003   797984.023
  3480:   797984.021   798235.013   798235.011   798475.001   798775.018
  3485:   798825.003   798831.016   798849.001   798881.026   798929.003
  3490:   798934.023   798934.021   799036.005   799048.009   799185.013
  3495:   799185.011   799246.005   799751.009   800217.001   800336.003
  3500:   800341.023   800341.021   800592.013   800592.011   800888.005
  3505:   801195.009   802136.001   802436.018   802487.003   802493.016
  3510:   802543.026   803179.005   803691.009   804507.005   804848.009
  3515:   805114.001   805308.003   805313.023   805313.021   805564.013
  3520:   805564.011   805729.001   806029.018   806337.003   806343.016
  3525:   806384.001   806393.026   806623.003   806628.023   806628.021
  3530:   806879.013   806879.011   807305.005   807635.009   808742.001
  3535:   809042.018   809097.003   809103.016   809145.001   809153.026
  3540:   809267.003   809272.023   809272.021   809303.001   809326.003
  3545:   809523.013   809523.011   810160.005   810640.009   811121.001
  3550:   811316.003   811321.023   811321.021   811335.001   811399.003
  3555:   811572.013   811572.011   813290.001   813362.003   813367.023
  3560:   813367.021   813391.001   813466.003   813507.001   813564.003
  3565:   813618.013   813618.011   814004.001   814241.003   814246.023
  3570:   814246.021   814271.001   814326.003   814497.013   814497.011
  3575:   816107.005   816345.009   816379.005   816388.009   816925.001
  3580:   817199.003   817204.023   817204.021   817455.013   817455.011
  3585:   817673.005   818068.009   818399.001   818671.003   818676.023
  3590:   818676.021   818927.013   818927.011   819284.001   819491.003
  3595:   819496.023   819496.021   819564.001   819576.003   819747.013
  3600:   819747.011   820514.005   820666.009   823692.005   823992.009
  3605:   827524.005   827830.009   828343.001   828425.003   828430.023
  3610:   828430.021   828681.013   828681.011   829132.005   829372.009
  3615:   829852.001   829926.003   829931.023   829931.021   830182.013
  3620:   830182.011   830418.001   830533.003   830538.023   830538.021
  3625:   830789.013   830789.011   831351.005   831390.009   831503.005
  3630:   831657.009   831955.001   831987.003   831992.023   831992.021
  3635:   832038.001   832095.003   832243.013   832243.011   832308.001
  3640:   832377.003   832382.023   832382.021   832396.001   832480.003
  3645:   832633.013   832633.011   833003.001   833150.003   833155.023
  3650:   833155.021   833406.013   833406.011   833609.001   833640.003
  3655:   833645.023   833645.021   833896.013   833896.011   834340.005
  3660:   834376.009   834511.005   834541.009   834564.005   834701.009
  3665:   835141.001   835237.003   835242.023   835242.021   835308.001
  3670:   835342.003   835493.013   835493.011   835642.001   835840.003
  3675:   835845.023   835845.021   835887.001   835926.003   836096.013
  3680:   836096.011   837432.005   837479.009   837509.005   837882.009
  3685:   838153.001   838360.003   838365.023   838365.021   838384.001
  3690:   838433.003   838616.013   838616.011   839173.005   839401.009
  3695:   839631.001   839806.003   839811.023   839811.021   840062.013
  3700:   840062.011   840406.005   840678.009   840704.005   840719.009
  3705:   841052.001   841352.018   841415.003   841421.016   841471.026
  3710:   841818.005   842536.009   844115.005   844551.009   844732.001
  3715:   845000.003   845005.023   845005.021   845256.013   845256.011
  3720:   845798.005   846071.009   846319.001   846417.003   846422.023
  3725:   846422.021   846673.013   846673.011   846814.001   847114.018
  3730:   847240.003   847246.016   847296.026   847814.005   848392.009
  3735:   849571.001   849845.003   849850.023   849850.021   850101.013
  3740:   850101.011   850846.005   851146.009   851880.001   852138.003
  3745:   852143.023   852143.021   852394.013   852394.011   852514.005
  3750:   852516.009   852528.005   852818.009   853226.001   853526.018
  3755:   853531.003   853537.016   853587.026   854198.005   854726.009
  3760:   855680.001   855849.003   855854.023   855854.021   855915.001
  3765:   855955.003   856105.013   856105.011   856685.005   856897.009
  3770:   857251.001   857551.018   857793.003   857799.016   857849.026
  3775:   858200.005   858680.009   859018.001   859234.003   859239.023
  3780:   859239.021   859490.013   859490.011   859589.001   859889.018
  3785:   859893.003   859899.016   859949.026   860797.005   861145.009
  3790:   861363.001   861534.003   861539.023   861539.021   861790.013
  3795:   861790.011   862086.001   862245.003   862250.023   862250.021
  3800:   862326.001   862352.003   862501.013   862501.011   863088.005
  3805:   863487.009   864606.005   864757.009   866044.001   866252.003
  3810:   866257.023   866257.021   866508.013   866508.011   867032.005
  3815:   867278.009   867525.001   867621.003   867626.023   867626.021
  3820:   867877.013   867877.011   868066.001   868234.003   868239.023
  3825:   868239.021   868257.001   868343.003   868490.013   868490.011
  3830:   869011.005   869299.009   869502.001   869802.018   870014.003
  3835:   870020.016   870070.026   870345.005   871104.009   872786.005
  3840:   873109.009   873310.001   873460.003   873465.023   873465.021
  3845:   873716.013   873716.011   873815.001   873869.003   873874.023
  3850:   873874.021   873899.001   873976.003   874014.001   874038.003
  3855:   874125.013   874125.011   874405.001   874476.003   874481.023
  3860:   874481.021   874569.001   874582.003   874732.013   874732.011
  3865:   874954.001   875254.018   875405.003   875411.016   875461.026
  3870:   876050.005   876067.009   876076.005   876604.009   876941.001
  3875:   877106.003   877111.023   877111.021   877362.013   877362.011
  3880:   877469.005   877740.009   877806.005   877922.009   877979.005
  3885:   878176.009   878405.001   878493.003   878498.023   878498.021
  3890:   878537.001   878599.003   878749.013   878749.011   879063.001
  3895:   879363.018   879555.003   879561.016   879611.026   879920.005
  3900:   880578.009   880610.005   880666.009   880994.001   881294.018
  3905:   881386.003   881392.016   881442.026   882068.005   882679.009
  3910:   882709.005   882721.009   883106.001   883323.003   883328.023
  3915:   883328.021   883579.013   883579.011   883742.001   884042.018
  3920:   884213.003   884219.016   884269.026   884909.005   885395.009
  3925:   885698.001   885998.018   886087.003   886093.016   886143.026
  3930:   886329.005   887172.009   888742.001   888863.003   888868.023
  3935:   888868.021   889119.013   889119.011   889390.001   889584.003
  3940:   889589.023   889589.021   889840.013   889840.011   890479.005
  3945:   890607.009   890624.005   890652.009   890982.001   891036.003
  3950:   891041.023   891041.021   891292.013   891292.011   891412.001
  3955:   891680.003   891685.023   891685.021   891936.013   891936.011
  3960:   892420.005   892577.009   892761.001   892840.003   892845.023
  3965:   892845.021   893096.013   893096.011   893209.001   893483.003
  3970:   893488.023   893488.021   893739.013   893739.011   894442.005
  3975:   894652.009   894756.005   895045.009   895281.001   895381.003
  3980:   895386.023   895386.021   895409.001   895486.003   895637.013
  3985:   895637.011   895795.001   896042.003   896047.023   896047.021
  3990:   896054.001   896089.003   896298.013   896298.011   896773.005
  3995:   896980.009   897400.001   897700.018   897929.003   897935.016
  4000:   897985.026   898351.005   898702.009   899001.001   899301.018
  4005:   899395.003   899401.016   899451.026   899755.005   900190.009
  4010:   901147.005   901159.009   901392.005   901809.009   903657.005
  4015:   903749.009   905024.001   905044.003   905049.023   905049.021
  4020:   905300.013   905300.011   906109.005   906333.009   906641.001
  4025:   906941.018   907178.003   907184.016   907234.026   907559.005
  4030:   908207.009   908925.001   909043.003   909048.023   909048.021
  4035:   909299.013   909299.011   909594.001   909894.018   910315.003
  4040:   910321.016   910371.026   911056.005   911062.009   911074.005
  4045:   911079.009   911094.005   911144.009   911262.005   911715.009
  4050:   912143.001   912443.018   912715.003   912721.016   912771.026
  4055:   913135.005   913786.009   914032.001   914332.018   914697.003
  4060:   914703.016   914753.026   914755.017   915010.005   915515.009
  4065:   915981.001   916286.003   916291.023   916291.021   916542.013
  4070:   916542.011   916747.005   917070.009   917313.001   917663.018
  4075:   917673.003   917679.016   917729.026   917987.005   918405.009
  4080:   918728.001   919078.018   919127.003   919133.016   919183.026
  4085:   919362.005   920030.009   920458.001   920808.018   920899.003
  4090:   920905.016   920955.026   920957.017   921266.005   921831.009
  4095:   922131.005   922249.009   923688.005   923830.009   924267.005
  4100:   924367.009   925293.001   925460.003   925465.023   925465.021
  4105:   925716.013   925716.011   926277.005   926405.009   926661.005
  4110:   926970.009   927234.001   927353.003   927358.023   927358.021
  4115:   927609.013   927609.011   927904.001   928281.003   928286.023
  4120:   928286.021   928537.013   928537.011   929036.005   929058.009
  4125:   929059.005   929236.009   929853.001   930104.003   930109.023
  4130:   930109.021   930360.013   930360.011   931009.005   931035.009
  4135:   931042.005   931056.009   931451.001   931630.003   931635.023
  4140:   931635.021   931886.013   931886.011   932008.001   932202.003
  4145:   932207.023   932207.021   932458.013   932458.011   932597.001
  4150:   932814.003   932819.023   932819.021   933070.013   933070.011
  4155:   933439.001   933619.003   933624.023   933624.021   933875.013
  4160:   933875.011   934280.005   934550.009   934771.001   934831.003
  4165:   934836.023   934836.021   935087.013   935087.011   935220.001
  4170:   935412.003   935417.023   935417.021   935668.013   935668.011
  4175:   937468.005   937751.009   939190.001   939580.003   939585.023
  4180:   939585.021   939836.013   939836.011   940251.005   940659.009
  4185:   941082.001   941302.003   941307.023   941307.021   941558.013
  4190:   941558.011   941981.005   942246.009   942495.001   942726.003
  4195:   942731.023   942731.021   942982.013   942982.011   943324.005
  4200:   943509.009   944304.005   944315.009   944321.005   944825.009
  4205:   945196.001   945275.003   945280.023   945280.021   945531.013
  4210:   945531.011   945616.001   945838.003   945843.023   945843.021
  4215:   946094.013   946094.011   946175.001   946350.003   946355.023
  4220:   946355.021   946606.013   946606.011   946746.001   946782.003
  4225:   946787.023   946787.021   946805.001   946861.003   947038.013
  4230:   947038.011   947149.001   947195.003   947200.023   947200.021
  4235:   947222.001   947250.003   947274.001   947284.003   947451.013
  4240:   947451.011   948138.001   948388.003   948393.023   948393.021
  4245:   948644.013   948644.011   949175.005   949399.009   953485.005
  4250:   953595.009   965036.001   965224.003   965229.023   965229.021
  4255:   965480.013   965480.011   965976.005   966021.009   966205.005
  4260:   966307.009   966653.001   967037.003   967042.023   967042.021
  4265:   967293.013   967293.011   967532.005   967772.009   968054.001
  4270:   968351.003   968356.023   968356.021   968607.013   968607.011
  4275:   969052.005   969308.009   969534.001   969572.003   969577.023
  4280:   969577.021   969659.001   969678.003   969828.013   969828.011
  4285:   969894.001   969905.003   969910.023   969910.021   970161.013
  4290:   970161.011   970454.001   970552.003   970557.023   970557.021
  4295:   970808.013   970808.011   971084.005   971150.009   974789.005
  4300:   974883.009   975122.001   975498.003   975503.023   975503.021
  4305:   975754.013   975754.011   975961.005   976251.009   976668.001
  4310:   977068.018   977147.003   977153.016   977203.026   977500.005
  4315:   978058.009   978912.001   979210.003   979215.023   979215.021
  4320:   979466.013   979466.011   979681.005   980061.009   980620.001
  4325:   981020.018   981031.003   981037.016   981087.026   981331.005
  4330:   981772.009   982209.001   982609.018   982819.003   982825.016
  4335:   982875.026   982956.005   983582.009   983588.005   984006.009
  4340:   985268.005   985320.009   986204.005   986422.009   986687.001
  4345:   986774.003   986779.023   986779.021   987030.013   987030.011
  4350:   989490.005   989833.009   990292.005   990534.009   991275.005
  4355:   991522.009   992036.005   992220.009   992493.001   992686.003
  4360:   992691.023   992691.021   992942.013   992942.011   993045.005
  4365:   993053.009   993062.005   993264.009   993593.001   993973.003
  4370:   993978.023   993978.021   994229.013   994229.011   994315.005
  4375:   994612.009   994894.001   995294.018   995440.003   995446.016
  4380:   995496.026   995841.005   996553.009   996566.005   996576.009
  4385:   997048.001   997448.018   997828.003   997834.016   997884.026
  4390:   998022.005   998736.009   999116.001   999171.003   999176.023
  4395:   999176.021   999427.013   999427.011   999781.005  1000095.009
  4400:  1000297.001  1000443.003  1000448.023  1000448.021  1000699.013
  4405:  1000699.011  1000860.001  1001250.003  1001255.023  1001255.021
  4410:  1001506.013  1001506.011  1001889.005  1001903.009  1001917.005
  4415:  1002082.009  1002121.005  1002248.009  1002432.001  1002615.003
  4420:  1002620.023  1002620.021  1002871.013  1002871.011  1002991.005
  4425:  1003217.009  1003464.001  1003749.003  1003754.023  1003754.021
  4430:  1004005.013  1004005.011  1004107.005  1004349.009  1004562.001
  4435:  1004962.018  1005227.003  1005233.016  1005283.026  1005521.005
  4440:  1006098.009  1006301.001  1006701.018  1006978.003  1006984.016
  4445:  1007034.026  1007957.005  1008361.009  1008657.001  1009057.018
  4450:  1009190.003  1009196.016  1009246.026  1009248.017  1009544.005
  4455:  1010067.009  1010549.001  1010999.018  1011312.003  1011318.016
  4460:  1011368.026  1011512.005  1012079.009  1012570.001  1013020.018
  4465:  1013251.003  1013257.016  1013307.026  1013434.005  1013986.009
  4470:  1014390.001  1014831.003  1014836.023  1014836.021  1014996.005
  4475:  1015087.013  1015087.011  1015263.009  1016574.005  1016730.009
  4480:  1017568.005  1017645.009  1017955.001  1018070.003  1018075.023
  4485:  1018075.021  1018326.013  1018326.011  1018461.001  1018698.003
  4490:  1018703.023  1018703.021  1018742.001  1018804.003  1018954.013
  4495:  1018954.011  1019397.005  1019529.009  1019783.001  1019927.003
  4500:  1019932.023  1019932.021  1019959.001  1019968.003  1020183.013
  4505:  1020183.011  1020331.001  1020536.003  1020541.023  1020541.021
  4510:  1020792.013  1020792.011  1021168.005  1021205.009  1021336.001
  4515:  1021393.003  1021398.023  1021398.021  1021649.013  1021649.011
  4520:  1021666.005  1021990.009  1022322.001  1022624.003  1022629.023
  4525:  1022629.021  1022880.013  1022880.011  1023162.005  1023168.009
  4530:  1023177.005  1023418.009  1023684.001  1023984.003  1023989.023
  4535:  1023989.021  1024240.013  1024240.011  1024431.005  1024623.009
  4540:  1024944.001  1025168.003  1025173.023  1025173.021  1025424.013
  4545:  1025424.011  1025633.001  1026083.018  1026085.003  1026091.016
  4550:  1026141.026  1026537.005  1026980.009  1027287.001  1027737.018
  4555:  1027814.003  1027820.016  1027870.026  1027911.005  1028374.009
  4560:  1028777.005  1029272.009  1029283.005  1029455.009  1030005.001
  4565:  1030455.018  1030532.003  1030538.016  1030588.026  1030590.017
  4570:  1030654.005  1031630.009  1032848.005  1032884.009  1033160.005
  4575:  1033405.009  1034920.005  1035214.009  1035419.001  1035919.018
  4580:  1036032.003  1036038.016  1036088.026  1036343.005  1036907.009
  4585:  1036919.005  1036939.009  1037401.001  1037780.003  1037785.023
  4590:  1037785.021  1038036.013  1038036.011  1038421.005  1038656.009
  4595:  1039301.001  1039512.003  1039517.023  1039517.021  1039768.013
  4600:  1039768.011  1039973.005  1040271.009  1040506.001  1040751.003
  4605:  1040756.023  1040756.021  1041007.013  1041007.011  1041171.005
  4610:  1041378.009  1041660.001  1041996.003  1042001.023  1042001.021
  4615:  1042252.013  1042252.011  1042291.005  1042298.009  1042448.005
  4620:  1042791.009  1043126.001  1043419.003  1043424.023  1043424.021
  4625:  1043675.013  1043675.011  1043865.001  1043994.003  1043999.023
  4630:  1043999.021  1044040.001  1044098.003  1044250.013  1044250.011
  4635:  1044427.001  1044602.003  1044607.023  1044607.021  1044858.013
  4640:  1044858.011  1045554.001  1045813.003  1045818.023  1045818.021
  4645:  1046069.013  1046069.011  1046433.005  1046724.009  1047671.001
  4650:  1048131.003  1048136.023  1048136.021  1048387.013  1048387.011
  4655:  1048677.005  1048993.009  1049183.001  1049483.003  1049488.023
  4660:  1049488.021  1049739.013  1049739.011  1049897.001  1050315.003
  4665:  1050320.023  1050320.021  1050571.013  1050571.011  1051140.005
  4670:  1051357.009  1051760.001  1051894.003  1051899.023  1051899.021
  4675:  1052150.013  1052150.011  1052241.001  1052306.003  1052311.023
  4680:  1052311.021  1052330.001  1052411.003  1052562.013  1052562.011
  4685:  1052707.001  1052731.003  1052736.023  1052736.021  1052761.001
  4690:  1052799.003  1052987.013  1052987.011  1053094.001  1053170.003
  4695:  1053175.023  1053175.021  1053426.013  1053426.011  1053699.005
  4700:  1053911.009  1054275.001  1054358.003  1054363.023  1054363.021
  4705:  1054614.013  1054614.011  1054957.001  1055095.003  1055100.023
  4710:  1055100.021  1055122.001  1055145.003  1055351.013  1055351.011
  4715:  1055551.005  1055626.009  1056072.001  1056127.003  1056132.023
  4720:  1056132.021  1056383.013  1056383.011  1056477.001  1056549.003
  4725:  1056554.023  1056554.021  1056590.001  1056640.003  1056805.013
  4730:  1056805.011  1056882.001  1057116.003  1057121.023  1057121.021
  4735:  1057132.001  1057197.003  1057205.001  1057216.003  1057372.013
  4740:  1057372.011  1058002.005  1058038.009  1058451.005  1058585.009
  4745:  1058915.001  1059415.018  1059443.003  1059449.016  1059499.026
  4750:  1059781.005  1062265.009  1062556.005  1062788.009  1062986.005
  4755:  1063102.009  1064286.001  1064633.003  1064638.023  1064638.021
  4760:  1064889.013  1064889.011  1065129.005  1065359.009  1065635.005
  4765:  1065723.009  1066053.001  1066297.003  1066302.023  1066302.021
  4770:  1066553.013  1066553.011  1066623.005  1066833.009  1067084.001
  4775:  1067372.003  1067377.023  1067377.021  1067628.013  1067628.011
  4780:  1067706.005  1067709.009  1067713.005  1067941.009  1068156.001
  4785:  1068501.003  1068506.023  1068506.021  1068757.013  1068757.011
  4790:  1068879.005  1069108.009  1069524.001  1070024.018  1070094.003
  4795:  1070100.016  1070150.026  1070398.005  1070913.009  1071177.001
  4800:  1071677.018  1071926.003  1071932.016  1071982.026  1072170.005
  4805:  1072735.009  1073108.001  1073213.003  1073218.023  1073218.021
  4810:  1073469.013  1073469.011  1073763.005  1074072.009  1074349.001
  4815:  1074453.003  1074458.023  1074458.021  1074709.013  1074709.011
  4820:  1074852.001  1075313.003  1075318.023  1075318.021  1075569.013
  4825:  1075569.011  1075670.005  1076066.009  1076483.001  1076695.003
  4830:  1076700.023  1076700.021  1076951.013  1076951.011  1077073.005
  4835:  1077361.009  1077882.001  1078138.003  1078143.023  1078143.021
  4840:  1078394.013  1078394.011  1078485.005  1078830.009  1079064.001
  4845:  1079564.018  1079620.003  1079626.016  1079676.026  1080231.005
  4850:  1081147.009  1081310.005  1081686.009  1081974.005  1081983.009
  4855:  1083693.001  1084052.003  1084057.023  1084057.021  1084308.013
  4860:  1084308.011  1084402.005  1084771.009  1087473.005  1087656.009
  4865:  1087936.001  1088048.003  1088053.023  1088053.021  1088304.013
  4870:  1088304.011  1088746.001  1088871.003  1088876.023  1088876.021
  4875:  1089127.013  1089127.011  1089667.005  1089893.009  1090693.001
  4880:  1090791.003  1090796.023  1090796.021  1091047.013  1091047.011
  4885:  1091394.001  1091557.003  1091562.023  1091562.021  1091813.013
  4890:  1091813.011  1092544.005  1092795.009  1093294.001  1093435.003
  4895:  1093440.023  1093440.021  1093691.013  1093691.011  1093870.005
  4900:  1094089.009  1094490.001  1094529.003  1094534.023  1094534.021
  4905:  1094785.013  1094785.011  1095566.005  1095589.009  1095636.005
  4910:  1095736.009  1095955.001  1096115.003  1096120.023  1096120.021
  4915:  1096371.013  1096371.011  1096460.001  1096820.003  1096825.023
  4920:  1096825.021  1097076.013  1097076.011  1097656.005  1097971.009
  4925:  1098758.001  1099147.003  1099152.023  1099152.021  1099403.013
  4930:  1099403.011  1100040.005  1100261.009  1100524.001  1100933.003
  4935:  1100938.023  1100938.021  1101189.013  1101189.011  1101538.005
  4940:  1101753.009  1101976.001  1102221.003  1102226.023  1102226.021
  4945:  1102477.013  1102477.011  1102818.001  1103044.003  1103049.023
  4950:  1103049.021  1103300.013  1103300.011  1103466.005  1103767.009
  4955:  1103885.005  1104175.009  1104698.001  1104927.003  1104932.023
  4960:  1104932.021  1105183.013  1105183.011  1105575.005  1105841.009
  4965:  1106019.001  1106519.018  1106520.003  1106526.016  1106576.026
  4970:  1106828.005  1107368.009  1107578.001  1107706.003  1107711.023
  4975:  1107711.021  1107962.013  1107962.011  1108126.005  1108441.009
  4980:  1108697.001  1109197.018  1109245.003  1109251.016  1109301.026
  4985:  1109524.005  1109985.009  1110208.001  1110708.018  1110755.003
  4990:  1110761.016  1110811.026  1110859.005  1111905.009  1111942.005
  4995:  1111970.009  1112369.005  1112384.009  1112396.005  1112410.009
  5000:  1112799.001  1113095.003  1113100.023  1113100.021  1113351.013
  5005:  1113351.011  1113428.005  1113760.009  1114281.001  1114465.003
  5010:  1114470.023  1114470.021  1114721.013  1114721.011  1114792.005
  5015:  1115035.009  1115270.005  1115445.009  1115696.001  1116130.003
  5020:  1116135.023  1116135.021  1116386.013  1116386.011  1116617.001
  5025:  1117117.018  1117208.003  1117214.016  1117264.026  1117497.005
  5030:  1118567.009  1121489.005  1121735.009  1122343.005  1122490.009
  5035:  1123098.001  1123291.003  1123296.023  1123296.021  1123547.013
  5040:  1123547.011  1123599.005  1123722.009  1123827.005  1123848.009
  5045:  1124066.001  1124492.003  1124497.023  1124497.021  1124748.013
  5050:  1124748.011  1124789.005  1125043.009  1125262.001  1125487.003
  5055:  1125492.023  1125492.021  1125743.013  1125743.011  1126173.005
  5060:  1126586.009  1127252.001  1127456.003  1127461.023  1127461.021
  5065:  1127712.013  1127712.011  1127787.005  1127895.009  1127904.005
  5070:  1127915.009  1128116.001  1128496.003  1128501.023  1128501.021
  5075:  1128752.013  1128752.011  1129423.005  1129633.009  1129825.001
  5080:  1130325.018  1130619.003  1130625.016  1130675.026  1130793.001
  5085:  1130958.003  1130963.023  1130963.021  1131214.013  1131214.011
  5090:  1131309.005  1131870.009  1131893.005  1131896.009  1132574.005
  5095:  1133079.009  1133316.001  1133500.003  1133505.023  1133505.021
  5100:  1133756.013  1133756.011  1133937.005  1134262.009  1134518.001
  5105:  1134685.003  1134690.023  1134690.021  1134941.013  1134941.011
  5110:  1135080.001  1135484.003  1135489.023  1135489.021  1135740.013
  5115:  1135740.011  1135985.001  1136485.018  1136587.003  1136593.016
  5120:  1136643.026  1136832.005  1137395.009  1137739.005  1137828.009
  5125:  1138837.005  1138994.009  1139348.001  1139453.003  1139458.023
  5130:  1139458.021  1139709.013  1139709.011  1139845.001  1139983.003
  5135:  1139988.023  1139988.021  1140239.013  1140239.011  1140347.001
  5140:  1140506.003  1140511.023  1140511.021  1140762.013  1140762.011
  5145:  1140951.005  1140975.009  1141408.001  1141764.003  1141769.023
  5150:  1141769.021  1142020.013  1142020.011  1142270.001  1142619.003
  5155:  1142624.023  1142624.021  1142689.001  1142724.003  1142875.013
  5160:  1142875.011  1143175.005  1143417.009  1143580.001  1143871.003
  5165:  1143876.023  1143876.021  1144127.013  1144127.011  1144412.005
  5170:  1144727.009  1144894.001  1144986.003  1144991.023  1144991.021
  5175:  1145018.001  1145093.003  1145242.013  1145242.011  1145491.001
  5180:  1145728.003  1145733.023  1145733.021  1145984.013  1145984.011
  5185:  1146307.005  1146574.009  1147334.001  1147566.003  1147571.023
  5190:  1147571.021  1147822.013  1147822.011  1147939.005  1148153.009
  5195:  1148812.001  1148851.003  1148856.023  1148856.021  1148899.001
  5200:  1148944.003  1149107.013  1149107.011  1149379.001  1149879.018
  5205:  1149909.003  1149915.016  1149965.026  1150128.005  1150723.009
  5210:  1151126.005  1151433.009  1151625.001  1151715.003  1151720.023
  5215:  1151720.021  1151734.001  1151822.003  1151971.013  1151971.011
  5220:  1152378.001  1152465.003  1152470.023  1152470.021  1152721.013
  5225:  1152721.011  1153365.005  1153515.009  1153534.005  1153627.009
  5230:  1153953.001  1154318.003  1154323.023  1154323.021  1154574.013
  5235:  1154574.011  1155131.005  1155369.009  1155588.001  1156088.018
  5240:  1156132.003  1156138.016  1156188.026  1156405.005  1156864.009
  5245:  1157177.001  1157581.003  1157586.023  1157586.021  1157698.005
  5250:  1157837.013  1157837.011  1158276.009  1158501.001  1158707.003
  5255:  1158712.023  1158712.021  1158963.013  1158963.011  1159054.001
  5260:  1159074.003  1159079.023  1159079.021  1159096.001  1159161.003
  5265:  1159330.013  1159330.011  1159439.001  1159635.003  1159640.023
  5270:  1159640.021  1159891.013  1159891.011  1159999.005  1160228.009
  5275:  1160576.001  1160818.003  1160823.023  1160823.021  1161074.013
  5280:  1161074.011  1161317.005  1161572.009  1161739.001  1162239.018
  5285:  1162294.003  1162300.016  1162350.026  1162606.005  1163029.009
  5290:  1163253.001  1163753.018  1164150.003  1164156.016  1164206.026
  5295:  1164287.005  1164815.009  1164903.005  1165457.009  1166413.001
  5300:  1166675.003  1166680.023  1166680.021  1166931.013  1166931.011
  5305:  1167278.005  1167474.009  1167652.001  1168150.003  1168155.023
  5310:  1168155.021  1168406.013  1168406.011  1168585.001  1169066.003
  5315:  1169071.023  1169071.021  1169297.005  1169322.013  1169322.011
  5320:  1169460.009  1169714.001  1169980.003  1169985.023  1169985.021
  5325:  1170236.013  1170236.011  1170383.001  1170684.003  1170689.023
  5330:  1170689.021  1170940.013  1170940.011  1171136.001  1171636.018
  5335:  1171754.003  1171760.016  1171810.026  1172055.005  1172725.009
  5340:  1173848.005  1174070.009  1174332.001  1174553.003  1174558.023
  5345:  1174558.021  1174809.013  1174809.011  1174905.001  1174936.003
  5350:  1174941.023  1174941.021  1174953.001  1175026.003  1175192.013
  5355:  1175192.011  1175369.005  1175614.009  1175891.001  1176128.003
  5360:  1176133.023  1176133.021  1176384.013  1176384.011  1176528.001
  5365:  1176859.003  1176864.023  1176864.021  1177115.013  1177115.011
  5370:  1177673.005  1178006.009  1178201.001  1178564.003  1178569.023
  5375:  1178569.021  1178820.013  1178820.011  1178927.005  1179251.009
  5380:  1179449.001  1179867.003  1179872.023  1179872.021  1180123.013
  5385:  1180123.011  1180356.005  1180528.009  1181205.001  1181631.003
  5390:  1181636.023  1181636.021  1181887.013  1181887.011  1182183.005
  5395:  1182315.009  1182531.001  1182911.003  1182916.023  1182916.021
  5400:  1183167.013  1183167.011  1183507.001  1183887.003  1183892.023
  5405:  1183892.021  1184143.013  1184143.011  1184231.001  1184341.003
  5410:  1184346.023  1184346.021  1184597.013  1184597.011  1184764.001
  5415:  1184902.003  1184907.023  1184907.021  1184922.001  1184988.003
  5420:  1185158.013  1185158.011  1185548.005  1185855.009  1186714.001
  5425:  1187027.003  1187032.023  1187032.021  1187283.013  1187283.011
  5430:  1187363.005  1187480.009  1187530.005  1187721.009  1188040.001
  5435:  1188540.018  1188553.003  1188559.016  1188609.026  1188851.005
  5440:  1189550.009  1190060.001  1190307.003  1190312.023  1190312.021
  5445:  1190563.013  1190563.011  1190587.005  1190789.009  1191520.001
  5450:  1191586.003  1191591.023  1191591.021  1191842.013  1191842.011
  5455:  1192238.001  1192738.018  1192757.003  1192763.016  1192813.026
  5460:  1193255.005  1193664.009  1193946.001  1194027.003  1194032.023
  5465:  1194032.021  1194283.013  1194283.011  1194464.001  1194646.003
  5470:  1194651.023  1194651.021  1194664.001  1194752.003  1194902.013
  5475:  1194902.011  1195048.001  1195244.003  1195249.023  1195249.021
  5480:  1195500.013  1195500.011  1195652.005  1196004.009  1196446.001
  5485:  1196589.003  1196594.023  1196594.021  1196845.013  1196845.011
  5490:  1197278.005  1197467.009  1198465.001  1198667.003  1198672.023
  5495:  1198672.021  1198923.013  1198923.011  1199122.001  1199622.018
  5500:  1199631.003  1199637.016  1199687.026  1200176.005  1200806.009
  5505:  1200914.005  1201231.009  1202426.005  1202459.009  1202680.001
  5510:  1203070.003  1203075.023  1203075.021  1203326.013  1203326.011
  5515:  1203394.005  1203503.009  1203732.001  1204159.003  1204164.023
  5520:  1204164.021  1204415.013  1204415.011  1204523.005  1204627.009
  5525:  1204839.001  1205113.003  1205118.023  1205118.021  1205369.013
  5530:  1205369.011  1205545.005  1205647.009  1205930.001  1206108.003
  5535:  1206113.023  1206113.021  1206364.013  1206364.011  1207118.005
  5540:  1207378.009  1207758.001  1207944.003  1207949.023  1207949.021
  5545:  1208200.013  1208200.011  1208551.001  1208805.003  1208810.023
  5550:  1208810.021  1209061.013  1209061.011  1209201.005  1209433.009
  5555:  1209650.001  1209889.003  1209894.023  1209894.021  1210145.013
  5560:  1210145.011  1210231.001  1210346.003  1210351.023  1210351.021
  5565:  1210379.001  1210422.003  1210602.013  1210602.011  1211002.001
  5570:  1211485.003  1211490.023  1211490.021  1211741.013  1211741.011
  5575:  1212568.005  1212712.009  1215255.005  1215300.009  1217955.005
  5580:  1218367.009  1219064.001  1219083.003  1219088.023  1219088.021
  5585:  1219339.013  1219339.011  1220021.001  1220355.003  1220360.023
  5590:  1220360.021  1220611.013  1220611.011  1220906.005  1220916.009
  5595:  1220934.005  1221056.009  1221373.001  1221597.003  1221602.023
  5600:  1221602.021  1221853.013  1221853.011  1222193.001  1222495.003
  5605:  1222500.023  1222500.021  1222751.013  1222751.011  1223293.001
  5610:  1223653.003  1223658.023  1223658.021  1223909.013  1223909.011
  5615:  1224587.001  1224689.003  1224694.023  1224694.021  1224945.013
  5620:  1224945.011  1225494.001  1225549.003  1225554.023  1225554.021
  5625:  1225805.013  1225805.011  1226158.005  1226408.009  1226651.001
  5630:  1226792.003  1226797.023  1226797.021  1227048.013  1227048.011
  5635:  1227439.001  1227798.003  1227803.023  1227803.021  1228054.013
  5640:  1228054.011  1228256.001  1228563.003  1228568.023  1228568.021
  5645:  1228819.013  1228819.011  1229276.005  1229672.009  1230360.001
  5650:  1230497.003  1230502.023  1230502.021  1230753.013  1230753.011
  5655:  1231020.001  1231520.018  1231653.003  1231659.016  1231709.026
  5660:  1232117.005  1232612.009  1232946.001  1233109.003  1233114.023
  5665:  1233114.021  1233365.013  1233365.011  1233805.001  1234305.018
  5670:  1234350.003  1234356.016  1234406.026  1234778.005  1235188.009
  5675:  1235327.005  1235360.009  1236115.005  1236422.009  1236490.005
  5680:  1236798.009  1237557.001  1237973.003  1237978.023  1237978.021
  5685:  1238229.013  1238229.011  1238501.005  1238634.009  1238902.001
  5690:  1239062.003  1239067.023  1239067.021  1239318.013  1239318.011
  5695:  1239445.001  1239900.003  1239905.023  1239905.021  1240156.013
  5700:  1240156.011  1240407.005  1240545.009  1240827.001  1241016.003
  5705:  1241021.023  1241021.021  1241272.013  1241272.011  1241563.001
  5710:  1242005.003  1242010.023  1242010.021  1242261.013  1242261.011
  5715:  1242526.001  1242711.003  1242716.023  1242716.021  1242967.013
  5720:  1242967.011  1243126.005  1243274.009  1243476.001  1243872.003
  5725:  1243877.023  1243877.021  1244128.013  1244128.011  1244284.001
  5730:  1244784.018  1244863.003  1244869.016  1244919.026  1245173.005
  5735:  1245794.009  1246056.001  1246556.018  1246667.003  1246673.016
  5740:  1246723.026  1246847.005  1247692.009  1248155.001  1248655.018
  5745:  1248674.003  1248680.016  1248730.026  1248732.017  1248789.005
  5750:  1249510.009  1249851.005  1249898.009  1252806.005  1253035.009
  5755:  1253235.001  1253624.003  1253629.023  1253629.021  1253880.013
  5760:  1253880.011  1253883.005  1253902.009  1254423.001  1254866.003
  5765:  1254871.023  1254871.021  1255122.013  1255122.011  1255255.005
  5770:  1255548.009  1255766.001  1256116.003  1256121.023  1256121.021
  5775:  1256372.013  1256372.011  1256657.001  1256704.003  1256709.023
  5780:  1256709.021  1256756.001  1256819.003  1256960.013  1256960.011
  5785:  1257409.005  1257601.009  1257803.001  1257942.003  1257947.023
  5790:  1257947.021  1258198.013  1258198.011  1258315.001  1258562.003
  5795:  1258567.023  1258567.021  1258574.001  1258668.003  1258818.013
  5800:  1258818.011  1259040.001  1259104.003  1259109.023  1259109.021
  5805:  1259162.001  1259195.003  1259360.013  1259360.011  1259606.005
  5810:  1259681.009  1259995.001  1260253.003  1260258.023  1260258.021
  5815:  1260509.013  1260509.011  1260745.005  1261069.009  1261260.001
  5820:  1261477.003  1261482.023  1261482.021  1261733.013  1261733.011
  5825:  1261928.005  1262048.009  1262870.001  1262911.003  1262916.023
  5830:  1262916.021  1263167.013  1263167.011  1263766.005  1263918.009
  5835:  1264193.001  1264384.003  1264389.023  1264389.021  1264640.013
  5840:  1264640.011  1264789.001  1265253.003  1265258.023  1265258.021
  5845:  1265509.013  1265509.011  1265952.005  1266138.009  1266155.005
  5850:  1266507.009  1267799.005  1267812.009  1267814.005  1268181.009
  5855:  1268467.001  1268747.003  1268752.023  1268752.021  1269003.013
  5860:  1269003.011  1269207.001  1269372.003  1269377.023  1269377.021
  5865:  1269423.001  1269479.003  1269628.013  1269628.011  1269931.001
  5870:  1270037.003  1270042.023  1270042.021  1270293.013  1270293.011
  5875:  1270489.005  1270494.009  1270512.005  1270603.009  1270885.001
  5880:  1271129.003  1271134.023  1271134.021  1271385.013  1271385.011
  5885:  1271510.001  1272018.003  1272023.023  1272023.021  1272274.013
  5890:  1272274.011  1272811.005  1273060.009  1273266.001  1273347.003
  5895:  1273352.023  1273352.021  1273603.013  1273603.011  1273907.001
  5900:  1273985.003  1273990.023  1273990.021  1274241.013  1274241.011
  5905:  1274774.005  1275041.009  1275291.001  1275540.003  1275545.023
  5910:  1275545.021  1275796.013  1275796.011  1275915.001  1276349.003
  5915:  1276354.023  1276354.021  1276605.013  1276605.011  1277119.005
  5920:  1277587.009  1278247.001  1278537.003  1278542.023  1278542.021
  5925:  1278793.013  1278793.011  1278961.005  1279160.009  1279521.005
  5930:  1279771.009  1281242.001  1281389.003  1281394.023  1281394.021
  5935:  1281411.001  1281434.003  1281645.013  1281645.011  1281722.001
  5940:  1281765.003  1281770.023  1281770.021  1281794.001  1281875.003
  5945:  1282021.013  1282021.011  1282783.005  1282802.009  1282807.005
  5950:  1283073.009  1285463.001  1285630.003  1285635.023  1285635.021
  5955:  1285886.013  1285886.011  1286275.005  1286328.009  1286534.001
  5960:  1286964.003  1286969.023  1286969.021  1287220.013  1287220.011
  5965:  1287276.005  1287687.009  1287890.001  1287950.003  1287955.023
  5970:  1287955.021  1287975.001  1288055.003  1288206.013  1288206.011
  5975:  1288760.005  1288875.009  1289285.001  1289509.003  1289514.023
  5980:  1289514.021  1289563.001  1289614.003  1289765.013  1289765.011
  5985:  1289852.001  1289954.003  1289959.023  1289959.021  1290210.013
  5990:  1290210.011  1290699.001  1290906.003  1290911.023  1290911.021
  5995:  1291162.013  1291162.011  1291552.005  1291662.009  1291762.005
  6000:  1291833.009  1292022.001  1292215.003  1292220.023  1292220.021
  6005:  1292471.013  1292471.011  1292654.005  1292957.009  1293209.001
  6010:  1293759.018  1293783.003  1293789.016  1293839.026  1294086.005
  6015:  1294733.009  1295951.001  1296065.003  1296070.023  1296070.021
  6020:  1296321.013  1296321.011  1296700.005  1296835.009  1297603.005
  6025:  1297904.009  1298118.001  1298408.003  1298413.023  1298413.021
  6030:  1298664.013  1298664.011  1298790.005  1299042.009  1299330.001
  6035:  1299533.003  1299538.023  1299538.021  1299789.013  1299789.011
  6040:  1299925.001  1300101.003  1300106.023  1300106.021  1300357.013
  6045:  1300357.011  1300499.005  1300601.009  1300924.001  1301158.003
  6050:  1301163.023  1301163.021  1301414.013  1301414.011  1301524.005
  6055:  1301831.009  1302063.001  1302373.003  1302378.023  1302378.021
  6060:  1302629.013  1302629.011  1302659.005  1302877.009  1303333.001
  6065:  1303791.003  1303796.023  1303796.021  1304047.013  1304047.011
  6070:  1304316.001  1304617.003  1304622.023  1304622.021  1304873.013
  6075:  1304873.011  1305102.005  1305403.009  1305598.001  1305822.003
  6080:  1305827.023  1305827.021  1306078.013  1306078.011  1306451.001
  6085:  1306798.003  1306803.023  1306803.021  1307054.013  1307054.011
  6090:  1307177.005  1307186.009  1307192.005  1307271.009  1307312.005
  6095:  1307454.009  1307766.001  1307888.003  1307893.023  1307893.021
  6100:  1308144.013  1308144.011  1308757.001  1308857.003  1308862.023
  6105:  1308862.021  1308870.001  1308937.003  1309113.013  1309113.011
  6110:  1309282.001  1309832.018  1309857.003  1309863.016  1309913.026
  6115:  1310255.005  1310746.009  1310951.001  1311501.018  1311906.003
  6120:  1311912.016  1311962.026  1312151.005  1313008.009  1313937.005
  6125:  1314285.009  1314571.001  1314803.003  1314808.023  1314808.021
  6130:  1314828.001  1314910.003  1315059.013  1315059.011  1315920.005
  6135:  1316012.009  1316217.001  1316767.018  1316774.003  1316780.016
  6140:  1316830.026  1317072.005  1317480.009  1318301.001  1318411.003
  6145:  1318416.023  1318416.021  1318667.013  1318667.011  1318795.001
  6150:  1319217.003  1319222.023  1319222.021  1319473.013  1319473.011
  6155:  1320148.005  1320396.009  1320642.001  1321077.003  1321082.023
  6160:  1321082.021  1321333.013  1321333.011  1321771.001  1322061.003
  6165:  1322066.023  1322066.021  1322317.013  1322317.011  1322564.001
  6170:  1323102.003  1323107.023  1323107.021  1323358.013  1323358.011
  6175:  1323913.001  1324463.018  1324586.003  1324592.016  1324642.026
  6180:  1324832.005  1325484.009  1326173.001  1326364.003  1326369.023
  6185:  1326369.021  1326620.013  1326620.011  1326863.005  1326960.009
  6190:  1326965.005  1327226.009  1327410.001  1327641.003  1327646.023
  6195:  1327646.021  1327897.013  1327897.011  1327980.001  1327995.003
  6200:  1328000.023  1328000.021  1328012.001  1328055.003  1328251.013
  6205:  1328251.011  1328390.001  1328648.003  1328653.023  1328653.021
  6210:  1328904.013  1328904.011  1329058.005  1329293.009  1329640.001
  6215:  1329876.003  1329881.023  1329881.021  1330132.013  1330132.011
  6220:  1330673.005  1330800.009  1331016.001  1331106.003  1331111.023
  6225:  1331111.021  1331166.001  1331194.003  1331362.013  1331362.011
  6230:  1331425.001  1331457.003  1331462.023  1331462.021  1331467.001
  6235:  1331539.003  1331713.013  1331713.011  1332106.005  1332115.009
  6240:  1332133.005  1332153.009  1332241.005  1332513.009  1332739.001
  6245:  1333109.003  1333114.023  1333114.021  1333365.013  1333365.011
  6250:  1333543.005  1333671.009  1333861.001  1334315.003  1334320.023
  6255:  1334320.021  1334571.013  1334571.011  1335132.001  1335682.018
  6260:  1335725.003  1335731.016  1335781.026  1336075.005  1336574.009
  6265:  1336822.001  1337058.003  1337063.023  1337063.021  1337314.013
  6270:  1337314.011  1337717.001  1337970.003  1337975.023  1337975.021
  6275:  1338226.013  1338226.011  1338497.005  1339006.009  1339069.005
  6280:  1339193.009  1339616.001  1340143.003  1340148.023  1340148.021
  6285:  1340399.013  1340399.011  1340579.005  1340798.009  1341068.001
  6290:  1341251.003  1341256.023  1341256.021  1341507.013  1341507.011
  6295:  1341809.001  1342345.003  1342350.023  1342350.021  1342601.013
  6300:  1342601.011  1342717.005  1342903.009  1343102.001  1343569.003
  6305:  1343574.023  1343574.021  1343825.013  1343825.011  1344121.001
  6310:  1344268.003  1344273.023  1344273.021  1344278.001  1344341.003
  6315:  1344524.013  1344524.011  1344637.001  1344872.003  1344877.023
  6320:  1344877.021  1345128.013  1345128.011  1345522.001  1345739.003
  6325:  1345744.023  1345744.021  1345995.013  1345995.011  1346542.005
  6330:  1346803.009  1347101.001  1347403.003  1347408.023  1347408.021
  6335:  1347659.013  1347659.011  1348023.005  1348210.009  1348491.001
  6340:  1348623.003  1348628.023  1348628.021  1348879.013  1348879.011
  6345:  1349039.001  1349179.003  1349184.023  1349184.021  1349435.013
  6350:  1349435.011  1350406.005  1350541.009  1351072.001  1351222.003
  6355:  1351227.023  1351227.021  1351478.013  1351478.011  1352894.005
  6360:  1353093.009  1353123.005  1353142.009  1353160.005  1353501.009
  6365:  1357311.005  1357533.009  1365817.001  1365854.003  1365859.023
  6370:  1365859.021  1366110.013  1366110.011  1366511.001  1366730.003
  6375:  1366735.023  1366735.021  1366986.013  1366986.011  1367248.005
  6380:  1367509.009  1367870.001  1368251.003  1368256.023  1368256.021
  6385:  1368507.013  1368507.011  1368590.005  1368873.009  1369222.001
  6390:  1369586.003  1369591.023  1369591.021  1369842.013  1369842.011
  6395:  1370285.001  1370383.003  1370388.023  1370388.021  1370639.013
  6400:  1370639.011  1370932.001  1371040.003  1371045.023  1371045.021
  6405:  1371296.013  1371296.011  1371357.005  1371519.009  1371944.001
  6410:  1372127.003  1372132.023  1372132.021  1372383.013  1372383.011
  6415:  1373217.005  1373301.009  1373648.001  1373729.003  1373734.023
  6420:  1373734.021  1373985.013  1373985.011  1374153.001  1374524.003
  6425:  1374529.023  1374529.021  1374780.013  1374780.011  1375781.001
  6430:  1375858.003  1375863.023  1375863.021  1376114.013  1376114.011
  6435:  1376827.001  1376962.003  1376967.023  1376967.021  1377218.013
  6440:  1377218.011  1377343.001  1377534.003  1377539.023  1377539.021
  6445:  1377790.013  1377790.011  1378436.005  1378571.009  1378789.001
  6450:  1378891.003  1378896.023  1378896.021  1379147.013  1379147.011
  6455:  1379249.001  1379761.003  1379766.023  1379766.021  1380017.013
  6460:  1380017.011  1380289.005  1380625.009  1381071.001  1381211.003
  6465:  1381216.023  1381216.021  1381467.013  1381467.011  1381625.001
  6470:  1382055.003  1382060.023  1382060.021  1382311.013  1382311.011
  6475:  1382669.005  1382877.009  1383294.001  1383598.003  1383603.023
  6480:  1383603.021  1383839.005  1383854.013  1383854.011  1384017.009
  6485:  1384192.001  1384627.003  1384632.023  1384632.021  1384883.013
  6490:  1384883.011  1385202.005  1385324.009  1385400.005  1385547.009
  6495:  1385776.001  1386300.003  1386305.023  1386305.021  1386556.013
  6500:  1386556.011  1386936.001  1386973.003  1386978.023  1386978.021
  6505:  1387229.013  1387229.011  1387291.001  1387739.003  1387744.023
  6510:  1387744.021  1387757.001  1387794.003  1387995.013  1387995.011
  6515:  1388336.001  1388391.003  1388396.023  1388396.021  1388647.013
  6520:  1388647.011  1388896.005  1389006.009  1389464.001  1389927.003
  6525:  1389932.023  1389932.021  1390183.013  1390183.011  1390300.001
  6530:  1390683.003  1390688.023  1390688.021  1390939.013  1390939.011
  6535:  1391108.005  1391256.009  1391275.005  1391385.009  1391884.001
  6540:  1392059.003  1392064.023  1392064.021  1392315.013  1392315.011
  6545:  1394693.005  1394764.009  1394777.005  1394797.009  1395203.001
  6550:  1395537.003  1395542.023  1395542.021  1395793.013  1395793.011
  6555:  1397347.001  1397578.003  1397583.023  1397583.021  1397834.013
  6560:  1397834.011  1398229.005  1398354.009  1398523.001  1398907.003
  6565:  1398912.023  1398912.021  1399163.013  1399163.011  1399239.005
  6570:  1399445.009  1399653.001  1399844.003  1399849.023  1399849.021
  6575:  1400100.013  1400100.011  1400521.001  1400705.003  1400710.023
  6580:  1400710.021  1400720.001  1400749.003  1400961.013  1400961.011
  6585:  1401024.005  1401132.009  1401477.001  1401730.003  1401735.023
  6590:  1401735.021  1401986.013  1401986.011  1403285.001  1403439.003
  6595:  1403444.023  1403444.021  1403695.013  1403695.011  1403838.001
  6600:  1403921.003  1403926.023  1403926.021  1404177.013  1404177.011
  6605:  1404505.001  1405045.003  1405050.023  1405050.021  1405301.013
  6610:  1405301.011  1405883.005  1406099.009  1406310.001  1406530.003
  6615:  1406535.023  1406535.021  1406786.013  1406786.011  1407661.005
  6620:  1407888.009  1415476.005  1415602.009  1415695.005  1415809.009
  6625:  1422323.005  1422336.009  1423212.001  1423427.003  1423432.023
  6630:  1423432.021  1423683.013  1423683.011  1423776.005  1423829.009
  6635:  1423866.005  1423915.009  1424178.001  1424278.003  1424283.023
  6640:  1424283.021  1424534.013  1424534.011  1490294.005  1490378.009
  6645:  1492049.001  1492265.003  1492270.023  1492270.021  1492521.013
  6650:  1492521.011  1492916.001  1493331.003  1493336.023  1493336.021
  6655:  1493587.013  1493587.011  1494326.005  1494344.009  1496851.001
  6660:  1497071.003  1497076.023  1497076.021  1497327.013  1497327.011
  6665:  1498148.001  1498438.003  1498443.023  1498443.021  1498694.013
  6670:  1498694.011  1501111.005  1501387.009  1502074.001  1502148.003
  6675:  1502153.023  1502153.021  1502404.013  1502404.011  1503002.001
  6680:  1503102.003  1503107.023  1503107.021  1503358.013  1503358.011
  6685:  1504155.001  1504268.003  1504273.023  1504273.021  1504524.013
  6690:  1504524.011  1504696.001  1504782.003  1504787.023  1504787.021
  6695:  1504878.001  1504898.003  1505038.013  1505038.011  1506225.005
  6700:  1506249.009  1507815.001  1508210.003  1508215.023  1508215.021
  6705:  1508466.013  1508466.011  1508780.001  1508852.003  1508857.023
  6710:  1508857.021  1509108.013  1509108.011  1509545.001  1509629.003
  6715:  1509634.023  1509634.021  1509885.013  1509885.011  1510118.005
  6720:  1510532.009  1510960.001  1511477.003  1511482.023  1511482.021
  6725:  1511733.013  1511733.011  1512754.001  1513096.003  1513101.023
  6730:  1513101.021  1513352.013  1513352.011  1513905.001  1514455.018
  6735:  1514499.003  1514505.016  1514555.026  1514558.061  1514559.061
  6740:  1514560.061  1514561.061  1514562.061
B:
     0:        0.000      967.000        0.000      967.000        0.000
     5:      857.000        0.000        0.000        0.000      857.000
    10:        0.000      683.000        0.000      683.000        0.000
    15:        0.000      118.000        6.000      118.000        0.000
    20:        0.000      682.000        0.000      682.000        0.000
    25:        0.000      118.000        0.000        0.000        0.000
    30:        0.000
D:
     0:  1566110.000  1565517.000  1566111.000
E:
     0:      250.000      550.000
P:
     0:        0.500        0.500
T:
     0:        0.000        0.000        0.000        0.000
W:
     0:        0.000        0.000        0.000
