File: C:\MED-PC IV\Data\Reyes\BB\BB1106.999


Start Date: 06/29/25
End Date: 06/29/25
Subject: 106
Experiment: BB
Group: NO_TIMEOUT_RET
Box: 2
Start Time: 16:12:54
End Time: 18:12:53
MSN: DRRD_no_timeout_retract
C:       0.000
F:       1.000
G:       0.000
H:       0.000
I:       0.000
J:       0.000
K:     500.000
L:       0.000
M:       0.000
N:     690.000
O:       0.000
Q:       0.000
R:       0.000
S:       0.000
U:   42856.000
V:       0.000
X:     250.000
Y:   10904.000
Z:       0.000
A:
     0:    42650.005    42736.009    42747.005    42751.009     1490.005
     5:     2109.009     2136.005     2143.009     2163.005     2220.009
    10:     2271.005     2589.009     2626.005     2693.009     2709.005
    15:     3015.009     3017.005     3046.009     3057.005     3089.009
    20:     3112.005     3131.009     4819.005     4827.009     4843.005
    25:     4909.009     4931.005     4935.009     6863.005     7044.009
    30:    10021.005    10137.009    10180.005    10185.009    10193.005
    35:    10197.009    10223.005    10232.009    15000.013    15000.011
    40:    16809.001    16920.003    16925.023    16925.021    17176.013
    45:    17176.011    17420.005    17437.009    17445.005    17957.009
    50:    17970.005    17986.009    18173.005    18440.009    18773.001
    55:    18876.003    18881.023    18881.021    19132.013    19132.011
    60:    19188.005    19573.009    19586.005    19596.009    19904.001
    65:    19947.003    19952.023    19952.021    19995.001    20086.003
    70:    20203.013    20203.011    20503.001    20588.003    20593.023
    75:    20593.021    20703.001    20768.003    20844.013    20844.011
    80:    21002.005    21008.009    21016.005    21443.009    21853.001
    85:    21898.003    21903.023    21903.021    21923.001    22025.003
    90:    22154.013    22154.011    22219.005    22223.009    22224.005
    95:    22555.009    22916.001    22979.003    22984.023    22984.021
   100:    22989.001    23108.003    23235.013    23235.011    23535.005
   105:    23540.009    23561.005    23835.009    24099.001    24182.003
   110:    24187.023    24187.021    24191.001    24299.003    24438.013
   115:    24438.011    24614.005    24634.009    24640.005    25101.009
   120:    25351.001    25483.003    25488.023    25488.021    25499.001
   125:    25550.003    25739.013    25739.011    25971.001    26156.003
   130:    26161.023    26161.021    26182.001    26234.003    26249.001
   135:    26309.003    26412.013    26412.011    26685.001    26699.003
   140:    26704.023    26704.021    26955.013    26955.011    27459.001
   145:    27499.003    27504.023    27504.021    27516.001    27618.003
   150:    27755.013    27755.011    27790.005    27794.009    27813.005
   155:    27958.009    28240.001    28274.003    28279.023    28279.021
   160:    28530.013    28530.011    28852.001    28877.003    28882.023
   165:    28882.021    29133.013    29133.011    29463.001    29508.003
   170:    29513.023    29513.021    29546.001    29580.003    29764.013
   175:    29764.011    29848.001    29975.003    29980.023    29980.021
   180:    30231.013    30231.011    30334.005    30551.009    30562.005
   185:    30571.009    31458.005    31467.009    31480.005    31572.009
   190:    33900.001    33922.003    33927.023    33927.021    34178.013
   195:    34178.011    34262.001    34373.003    34378.023    34378.021
   200:    34629.013    34629.011    34761.001    34865.003    34870.023
   205:    34870.021    35121.013    35121.011    35133.005    35146.009
   210:    35427.001    35466.003    35471.023    35471.021    35722.013
   215:    35722.011    35885.001    35927.003    35932.023    35932.021
   220:    36183.013    36183.011    36473.001    36511.003    36516.023
   225:    36516.021    36547.001    36642.003    36767.013    36767.011
   230:    36900.001    36995.003    37000.023    37000.021    37251.013
   235:    37251.011    37363.005    37397.009    37830.001    38080.018
   240:    38116.003    38122.016    38141.001    38172.026    38177.003
   245:    38182.023    38182.021    38433.013    38433.011    38502.001
   250:    38663.003    38668.023    38668.021    38711.001    38746.003
   255:    38919.013    38919.011    39000.005    40041.009    40329.005
   260:    40335.009    40788.001    40846.003    40851.023    40851.021
   265:    40866.001    40947.003    41102.013    41102.011    41333.001
   270:    41386.003    41391.023    41391.021    41439.001    41472.003
   275:    41642.013    41642.011    41734.001    41889.003    41894.023
   280:    41894.021    42145.013    42145.011    42205.005    42482.009
   285:    42490.005    42500.009    42892.001    43008.003    43013.023
   290:    43013.021    43061.001    43167.003    43264.013    43264.011
   295:    43555.001    43619.003    43624.023    43624.021    43676.001
   300:    43809.003    43875.013    43875.011    43928.001    43962.003
   305:    43967.023    43967.021    43976.001    44033.003    44218.013
   310:    44218.011    45031.005    45318.009    45722.001    45750.003
   315:    45755.023    45755.021    45789.001    45840.003    46006.013
   320:    46006.011    46096.001    46200.003    46205.023    46205.021
   325:    46298.001    46422.003    46456.013    46456.011    46587.001
   330:    46713.003    46718.023    46718.021    46969.013    46969.011
   335:    46996.005    47226.009    47441.005    47686.009    47695.005
   340:    47701.009    47703.005    47966.009    48587.001    48696.003
   345:    48701.023    48701.021    48952.013    48952.011    49026.005
   350:    49040.009    49044.005    49327.009    49334.005    49356.009
   355:    49359.005    49367.009    49559.001    49657.003    49662.023
   360:    49662.021    49913.013    49913.011    49961.001    50035.003
   365:    50040.023    50040.021    50092.001    50110.003    50291.013
   370:    50291.011    50576.001    50826.018    50922.003    50928.016
   375:    50945.001    50978.026    50989.003    50994.023    50994.021
   380:    51204.005    51210.009    51215.005    51219.009    51245.013
   385:    51245.011    51282.005    51310.009    51347.005    51359.009
   390:    51363.005    52094.009    52155.005    52166.009    53375.001
   395:    53456.003    53461.023    53461.021    53484.001    53525.003
   400:    53712.013    53712.011    53802.005    53809.009    53826.005
   405:    54504.009    54597.005    54608.009    54619.005    54751.009
   410:    55141.001    55208.003    55213.023    55213.021    55464.013
   415:    55464.011    55551.005    55575.009    55579.005    55850.009
   420:    55851.005    55861.009    55865.005    55893.009    55951.005
   425:    55953.009    55956.005    55970.009    55986.005    55992.009
   430:    56020.005    56025.009    56240.001    56285.003    56290.023
   435:    56290.021    56328.001    56460.003    56541.013    56541.011
   440:    56838.001    56916.003    56921.023    56921.021    56950.001
   445:    57004.003    57172.013    57172.011    57264.005    57638.009
   450:    57679.005    57683.009    57728.005    57842.009    57937.005
   455:    58137.009    58154.005    58481.009    58840.001    58917.003
   460:    58922.023    58922.021    59173.013    59173.011    59246.001
   465:    59352.003    59357.023    59357.021    59382.001    59413.003
   470:    59608.013    59608.011    59806.001    59873.003    59878.023
   475:    59878.021    59900.001    59957.003    60129.013    60129.011
   480:    60242.001    60353.003    60358.023    60358.021    60378.001
   485:    60428.003    60609.013    60609.011    60949.005    61248.009
   490:    61252.005    61259.009    61432.001    61484.003    61489.023
   495:    61489.021    61510.001    61683.003    61740.013    61740.011
   500:    61851.001    61961.003    61966.023    61966.021    62217.013
   505:    62217.011    62448.001    62490.003    62495.023    62495.021
   510:    62746.013    62746.011    62795.005    62802.009    62822.005
   515:    63083.009    63085.005    63089.009    63266.001    63359.003
   520:    63364.023    63364.021    63392.001    63434.003    63615.013
   525:    63615.011    63736.001    63906.003    63911.023    63911.021
   530:    64162.013    64162.011    64239.005    64254.009    64464.001
   535:    64505.003    64510.023    64510.021    64538.001    64605.003
   540:    64761.013    64761.011    64856.001    64924.003    64929.023
   545:    64929.021    64943.001    64991.003    65180.013    65180.011
   550:    65590.001    65647.003    65652.023    65652.021    65678.001
   555:    65758.003    65903.013    65903.011    66255.001    66368.003
   560:    66373.023    66373.021    66624.013    66624.011    66899.001
   565:    66935.003    66940.023    66940.021    67191.013    67191.011
   570:    67611.001    67725.003    67730.023    67730.021    67757.001
   575:    67786.003    67981.013    67981.011    68352.001    68441.003
   580:    68446.023    68446.021    68462.001    68513.003    68697.013
   585:    68697.011    68854.001    69000.003    69005.023    69005.021
   590:    69256.013    69256.011    69457.001    69493.003    69498.023
   595:    69498.021    69749.013    69749.011    69870.005    69875.009
   600:    69892.005    70193.009    70194.005    70203.009    70208.005
   605:    70219.009    70259.005    70267.009    70355.005    70361.009
   610:    70655.001    70708.003    70713.023    70713.021    70964.013
   615:    70964.011    71010.005    71018.009    71286.001    71340.003
   620:    71345.023    71345.021    71355.001    71394.003    71596.013
   625:    71596.011    71882.005    71889.009    71910.005    72447.009
   630:    72449.005    72457.009    72688.001    72812.003    72817.023
   635:    72817.021    72855.001    73037.003    73068.013    73068.011
   640:    73293.005    73666.009    73670.005    73675.009    77662.005
   645:    77671.009    77685.005    77716.009    77720.005    77762.009
   650:    77791.005    77806.009    78883.001    78946.003    78951.023
   655:    78951.021    79202.013    79202.011    79384.005    79512.009
   660:    79520.005    79525.009    79541.005    79547.009    79667.005
   665:    79698.009    81204.005    81209.009    81248.005    81251.009
   670:    81311.005    81341.009    81602.005    81808.009    82241.001
   675:    82290.003    82295.023    82295.021    82546.013    82546.011
   680:    82740.005    82833.009    83086.005    83104.009    83108.005
   685:    83288.009    83293.005    83301.009    83866.001    83933.003
   690:    83938.023    83938.021    83954.001    83994.003    84189.013
   695:    84189.011    84541.005    84549.009    84567.005    84834.009
   700:    84847.005    84857.009    85421.001    85465.003    85470.023
   705:    85470.021    85721.013    85721.011    85812.001    86062.018
   710:    86104.003    86110.016    86160.026    86204.001    86340.003
   715:    86345.023    86345.021    86596.013    86596.011    86711.005
   720:    87196.009    87819.001    87868.003    87873.023    87873.021
   725:    88124.013    88124.011    88360.005    88747.009    88765.005
   730:    88771.009    88914.001    88976.003    88981.023    88981.021
   735:    88989.001    89075.003    89232.013    89232.011    89289.001
   740:    89484.003    89489.023    89489.021    89503.001    89589.003
   745:    89740.013    89740.011    89814.001    89938.003    89943.023
   750:    89943.021    89965.001    89997.003    90024.001    90067.003
   755:    90194.013    90194.011    90352.001    90496.003    90501.023
   760:    90501.021    90752.013    90752.011    90946.005    91309.009
   765:    91310.005    91314.009    91316.005    91320.009    91339.005
   770:    91345.009    91935.001    92015.003    92020.023    92020.021
   775:    92271.013    92271.011    92323.005    92327.009    92359.005
   780:    92372.009    92373.005    92399.009    92400.005    92768.009
   785:    92828.005    92833.009    92839.005    92844.009    92845.005
   790:    92856.009    92897.005    93004.009    93302.001    93460.003
   795:    93465.023    93465.021    93716.013    93716.011    94247.001
   800:    94260.003    94265.023    94265.021    94516.013    94516.011
   805:    94866.001    94922.003    94927.023    94927.021    95178.013
   810:    95178.011    95822.005    95830.009    95841.005    96024.009
   815:    98494.005    98638.009    98640.005    98649.009    99007.001
   820:    99108.003    99113.023    99113.021    99364.013    99364.011
   825:    99387.005    99391.009    99529.005    99535.009    99841.001
   830:    99941.003    99946.023    99946.021   100197.013   100197.011
   835:   100245.005   100251.009   100272.005   100535.009   100727.001
   840:   100771.003   100776.023   100776.021   100785.001   100849.003
   845:   101027.013   101027.011   101100.001   101176.003   101181.023
   850:   101181.021   101432.013   101432.011   101527.005   101533.009
   855:   101554.005   101838.009   102004.001   102034.003   102039.023
   860:   102039.021   102063.001   102249.003   102290.013   102290.011
   865:   102363.001   102613.018   102616.003   102622.016   102672.026
   870:   102774.001   102797.003   102802.023   102802.021   102914.005
   875:   103053.013   103053.011   103382.009   103384.005   103392.009
   880:   103420.005   103424.009   103444.005   103653.009   103660.005
   885:   103698.009   105162.005   105311.009   105345.005   105352.009
   890:   105363.005   105553.009   105560.005   105566.009   105568.005
   895:   105587.009   105999.001   106055.003   106060.023   106060.021
   900:   106086.001   106108.003   106311.013   106311.011   106403.005
   905:   106730.009   106735.005   106745.009   106769.005   106774.009
   910:   106985.001   107111.003   107116.023   107116.021   107120.001
   915:   107167.003   107187.001   107307.003   107367.013   107367.011
   920:   107538.001   107620.003   107625.023   107625.021   107639.001
   925:   107730.003   107876.013   107876.011   108082.005   108624.009
   930:   108845.001   108919.003   108924.023   108924.021   108947.001
   935:   109090.003   109175.013   109175.011   109657.005   109663.009
   940:   109678.005   109994.009   110013.005   110019.009   110438.001
   945:   110538.003   110543.023   110543.021   110551.001   110594.003
   950:   110794.013   110794.011   111010.005   111092.009   111099.005
   955:   111104.009   111130.005   111135.009   111420.001   111433.003
   960:   111438.023   111438.021   111465.001   111476.003   111508.001
   965:   111596.003   111689.013   111689.011   111765.001   112015.018
   970:   112058.003   112064.016   112114.026   112177.001   112289.005
   975:   112300.003   112305.009   112305.023   112305.021   112431.005
   980:   112556.013   112556.011   112857.009   113634.005   114090.009
   985:   114949.001   115056.003   115061.023   115061.021   115312.013
   990:   115312.011   115493.001   115604.003   115609.023   115609.021
   995:   115636.001   115727.003   115860.013   115860.011   115917.001
  1000:   116055.003   116060.023   116060.021   116311.013   116311.011
  1005:   116865.001   116948.003   116953.023   116953.021   117204.013
  1010:   117204.011   117692.005   117711.009   117724.005   117976.009
  1015:   118170.001   118241.003   118246.023   118246.021   118278.001
  1020:   118303.003   118497.013   118497.011   119484.005   119489.009
  1025:   119492.005   119652.009   119675.005   119686.009   120137.001
  1030:   120162.003   120167.023   120167.021   120196.001   120220.003
  1035:   120418.013   120418.011   120674.001   120699.003   120704.023
  1040:   120704.021   120955.013   120955.011   121931.001   121995.003
  1045:   122000.023   122000.021   122003.001   122122.003   122251.013
  1050:   122251.011   122823.005   122839.009   122848.005   123107.009
  1055:   123109.005   123121.009   123298.001   123345.003   123350.023
  1060:   123350.021   123385.001   123409.003   123601.013   123601.011
  1065:   125338.005   125357.009   125389.005   125536.009   125634.005
  1070:   126057.009   126801.001   127051.018   127119.003   127125.016
  1075:   127175.026   127328.005   127336.009   127375.005   128139.009
  1080:   128174.005   128182.009   128184.005   128193.009   128268.005
  1085:   128290.009   128298.005   128861.009   129311.001   129366.003
  1090:   129371.023   129371.021   129622.013   129622.011   129715.005
  1095:   129725.009   129732.005   129752.009   129753.005   129758.009
  1100:   129765.005   129774.009   129788.005   129810.009   129814.005
  1105:   130073.009   130099.005   130128.009   130319.001   130518.003
  1110:   130523.023   130523.021   130532.001   130774.013   130774.011
  1115:   130805.003   130810.023   130810.021   131061.013   131061.011
  1120:   131759.001   131899.003   131904.023   131904.021   131914.001
  1125:   132036.003   132155.013   132155.011   132316.001   132392.003
  1130:   132397.023   132397.021   132648.013   132648.011   133548.001
  1135:   133694.003   133699.023   133699.021   133950.013   133950.011
  1140:   134946.001   135000.003   135005.023   135005.021   135019.001
  1145:   135072.003   135256.013   135256.011   135599.001   135683.003
  1150:   135688.023   135688.021   135939.013   135939.011   136252.001
  1155:   136502.018   136842.003   136848.016   136898.026   137338.005
  1160:   137355.009   137362.005   137665.009   137677.005   137682.009
  1165:   137687.005   137692.009   137698.005   137709.009   139002.005
  1170:   139102.009   139110.005   139470.009   139471.005   139482.009
  1175:   139489.005   139501.009   139540.005   139546.009   139562.005
  1180:   139575.009   139693.005   139703.009   139718.005   139743.009
  1185:   139748.005   139841.009   139842.005   140668.009   141019.001
  1190:   141035.003   141040.023   141040.021   141291.013   141291.011
  1195:   141349.001   141433.003   141438.023   141438.021   141453.001
  1200:   141519.003   141689.013   141689.011   141907.005   142234.009
  1205:   142428.001   142678.018   142679.003   142685.016   142701.001
  1210:   142735.026   142757.003   142762.023   142762.021   142779.001
  1215:   142821.003   143013.013   143013.011   143105.001   143355.018
  1220:   143769.003   143775.016   143825.026   144023.005   144030.009
  1225:   144055.005   145241.009   145243.005   145249.009   145285.005
  1230:   145293.009   145397.005   145411.009   145414.005   145419.009
  1235:   145420.005   145522.009   145895.001   145966.003   145971.023
  1240:   145971.021   146022.001   146051.003   146222.013   146222.011
  1245:   146332.005   146957.009   146962.005   146976.009   146981.005
  1250:   146993.009   147249.001   147472.003   147477.023   147477.021
  1255:   147499.001   147536.003   147728.013   147728.011   147857.005
  1260:   148273.009   148409.005   148414.009   148440.005   148445.009
  1265:   148455.005   148459.009   148568.005   148575.009   148586.005
  1270:   148685.009   148907.001   149157.018   149249.003   149255.016
  1275:   149305.026   149427.001   149484.003   149489.023   149489.021
  1280:   149662.005   149678.009   149684.005   149740.013   149740.011
  1285:   150052.009   150091.005   150113.009   150114.005   150123.009
  1290:   150480.001   150530.003   150535.023   150535.021   150547.001
  1295:   150586.003   150786.013   150786.011   150946.005   151331.009
  1300:   151340.005   151622.009   151638.005   151641.009   151812.001
  1305:   151932.003   151937.023   151937.021   151948.001   151993.003
  1310:   152188.013   152188.011   152500.005   152643.009   152655.005
  1315:   152669.009   152857.001   153107.018   153307.003   153313.016
  1320:   153363.026   153364.001   153411.003   153416.023   153416.021
  1325:   153425.001   153608.003   153667.013   153667.011   153767.001
  1330:   153836.003   153841.023   153841.021   154092.013   154092.011
  1335:   154293.001   154401.003   154406.023   154406.021   154516.001
  1340:   154657.013   154657.011   154751.003   154756.023   154756.021
  1345:   155007.013   155007.011   155169.001   155273.003   155278.023
  1350:   155278.021   155313.001   155379.003   155529.013   155529.011
  1355:   156580.005   156601.009   156604.005   156908.009   157302.001
  1360:   157359.003   157364.023   157364.021   157615.013   157615.011
  1365:   158115.005   158117.009   158328.001   158578.018   158818.003
  1370:   158824.016   158874.026   159145.005   160288.009   160291.005
  1375:   160298.009   160304.005   160309.009   161065.005   161072.009
  1380:   161142.005   161169.009   161410.005   161621.009   161636.005
  1385:   161765.009   161767.005   161772.009   161965.001   162056.003
  1390:   162061.023   162061.021   162071.001   162229.003   162312.013
  1395:   162312.011   162858.001   162948.003   162953.023   162953.021
  1400:   163204.013   163204.011   163283.001   163533.018   163667.003
  1405:   163673.016   163723.026   163867.001   163888.003   163893.023
  1410:   163893.021   163971.005   163976.009   163997.005   164005.009
  1415:   164028.005   164144.013   164144.011   164371.009   164374.005
  1420:   164378.009   164382.005   164391.009   164399.005   164401.009
  1425:   165626.001   165675.003   165680.023   165680.021   165931.013
  1430:   165931.011   167199.005   167403.009   167636.001   167660.003
  1435:   167665.023   167665.021   167668.001   167713.003   167916.013
  1440:   167916.011   168409.001   168466.003   168471.023   168471.021
  1445:   168722.013   168722.011   168870.001   169026.003   169031.023
  1450:   169031.021   169282.013   169282.011   170389.005   170694.009
  1455:   170706.005   170712.009   171152.001   171238.003   171243.023
  1460:   171243.021   171256.001   171315.003   171494.013   171494.011
  1465:   171764.001   171789.003   171794.023   171794.021   171819.001
  1470:   171845.003   172045.013   172045.011   173051.005   173080.009
  1475:   173087.005   173315.009   173570.001   173688.003   173693.023
  1480:   173693.021   173944.013   173944.011   174128.001   174297.003
  1485:   174302.023   174302.021   174340.001   174424.003   174553.013
  1490:   174553.011   175270.005   175605.009   175618.005   175626.009
  1495:   176002.001   176252.018   176294.003   176300.016   176350.026
  1500:   176599.005   177250.009   177251.005   177259.009   177956.001
  1505:   178020.003   178025.023   178025.021   178276.013   178276.011
  1510:   178864.005   179115.009   179349.001   179406.003   179411.023
  1515:   179411.021   179424.001   179474.003   179493.001   179537.003
  1520:   179662.013   179662.011   180129.005   180143.009   180157.005
  1525:   180619.009   180650.005   180655.009   180656.005   180667.009
  1530:   180670.005   180676.009   180682.005   180891.009   181223.001
  1535:   181266.003   181271.023   181271.021   181289.001   181331.003
  1540:   181362.001   181392.003   181522.013   181522.011   181851.001
  1545:   181915.003   181920.023   181920.021   182171.013   182171.011
  1550:   182853.005   182884.009   182892.005   182914.009   183271.001
  1555:   183386.003   183391.023   183391.021   183429.001   183456.003
  1560:   183642.013   183642.011   183920.001   184016.003   184021.023
  1565:   184021.021   184272.013   184272.011   185559.001   185750.003
  1570:   185755.023   185755.021   185758.001   185820.003   185833.001
  1575:   185914.003   186006.013   186006.011   186625.001   186875.018
  1580:   186876.003   186882.016   186898.001   186932.026   186935.003
  1585:   186951.001   186990.003   186995.023   186995.021   187052.005
  1590:   187070.009   187246.013   187246.011   187430.005   187796.009
  1595:   187874.005   187881.009   188069.001   188221.003   188226.023
  1600:   188226.021   188244.001   188296.003   188477.013   188477.011
  1605:   188764.005   188772.009   188773.005   188784.009   188803.005
  1610:   189063.009   189114.005   189132.009   189276.001   189526.018
  1615:   189583.003   189589.016   189639.026   189672.001   189732.003
  1620:   189737.023   189737.021   189913.005   189917.009   189938.005
  1625:   189988.013   189988.011   190353.009   190572.001   190822.018
  1630:   190839.003   190845.016   190868.001   190884.003   190895.026
  1635:   190969.001   191025.003   191030.023   191030.021   191231.005
  1640:   191239.009   191271.005   191281.013   191281.011   191909.009
  1645:   191957.005   191970.009   192095.005   192104.009   192105.005
  1650:   192115.009   192117.005   192217.009   194390.001   194519.003
  1655:   194524.023   194524.021   194775.013   194775.011   194993.005
  1660:   195330.009   195339.005   195346.009   196404.001   196422.003
  1665:   196427.023   196427.021   196460.001   196481.003   196678.013
  1670:   196678.011   196822.005   196965.009   196983.005   196986.009
  1675:   196988.005   196992.009   196994.005   197217.009   197447.001
  1680:   197538.003   197543.023   197543.021   197572.001   197625.003
  1685:   197794.013   197794.011   198213.001   198315.003   198320.023
  1690:   198320.021   198345.001   198571.013   198571.011   198580.003
  1695:   198585.023   198585.021   198836.013   198836.011   199239.001
  1700:   199271.003   199276.023   199276.021   199527.013   199527.011
  1705:   201404.005   201694.009   202039.001   202105.003   202110.023
  1710:   202110.021   202113.001   202152.003   202361.013   202361.011
  1715:   202587.001   202634.003   202639.023   202639.021   202657.001
  1720:   202698.003   202890.013   202890.011   203179.001   203207.003
  1725:   203212.023   203212.021   203239.001   203272.003   203463.013
  1730:   203463.011   203717.005   204052.009   204247.001   204364.003
  1735:   204369.023   204369.021   204384.001   204433.003   204620.013
  1740:   204620.011   204764.001   204852.003   204857.023   204857.021
  1745:   205108.013   205108.011   205289.005   205645.009   205931.001
  1750:   206019.003   206024.023   206024.021   206027.001   206101.003
  1755:   206275.013   206275.011   206365.001   206604.003   206609.023
  1760:   206609.021   206860.013   206860.011   207609.001   207723.003
  1765:   207728.023   207728.021   207979.013   207979.011   208242.001
  1770:   208492.018   208573.003   208579.016   208629.026   208881.005
  1775:   208904.009   208914.005   209362.009   213283.005   213467.009
  1780:   218337.005   218362.009   218377.005   218411.009   218533.005
  1785:   218543.009   218547.005   218554.009   218564.005   218600.009
  1790:   219260.001   219400.003   219405.023   219405.021   219656.013
  1795:   219656.011   220093.001   220167.003   220172.023   220172.021
  1800:   220423.013   220423.011   220824.005   220829.009   220856.005
  1805:   220880.009   220883.005   221195.009   221671.001   221712.003
  1810:   221717.023   221717.021   221725.001   221797.003   221968.013
  1815:   221968.011   222417.005   222441.009   222449.005   222631.009
  1820:   222834.001   223015.003   223020.023   223020.021   223271.013
  1825:   223271.011   223734.001   223834.003   223839.023   223839.021
  1830:   224090.013   224090.011   224549.005   224671.009   224853.001
  1835:   225103.018   225300.003   225306.016   225356.026   225541.005
  1840:   226037.009   226061.005   226077.009   226433.005   226438.009
  1845:   226504.005   226510.009   227031.001   227196.003   227201.023
  1850:   227201.021   227227.001   227300.003   227452.013   227452.011
  1855:   228170.005   228573.009   230405.001   230449.003   230454.023
  1860:   230454.021   230705.013   230705.011   231267.001   231339.003
  1865:   231344.023   231344.021   231595.013   231595.011   231651.005
  1870:   231920.009   232305.001   232410.003   232415.023   232415.021
  1875:   232666.013   232666.011   233392.005   233411.009   233418.005
  1880:   233651.009   233667.005   233703.009   233730.005   233745.009
  1885:   233956.001   234206.018   234251.003   234257.016   234307.026
  1890:   235110.005   235749.009   235812.005   236062.009   236594.001
  1895:   236844.018   237207.003   237213.016   237255.001   237263.026
  1900:   237358.003   237363.023   237363.021   237383.001   237399.003
  1905:   237614.013   237614.011   238068.001   238159.003   238164.023
  1910:   238164.021   238415.013   238415.011   238713.001   238963.018
  1915:   239444.003   239450.016   239500.026   239624.005   240331.009
  1920:   240343.005   240395.009   240408.005   240414.009   240923.005
  1925:   240943.009   240965.005   241337.009   241775.001   241833.003
  1930:   241838.023   241838.021   241861.001   241942.003   242089.013
  1935:   242089.011   242289.005   242297.009   242298.005   242304.009
  1940:   242320.005   242730.009   242738.005   242747.009   242749.005
  1945:   242757.009   243010.001   243071.003   243076.023   243076.021
  1950:   243096.001   243137.003   243327.013   243327.011   243618.001
  1955:   243728.003   243733.023   243733.021   243984.013   243984.011
  1960:   244579.005   244596.009   244612.005   245053.009   245319.001
  1965:   245541.003   245546.023   245546.021   245797.013   245797.011
  1970:   246734.005   247106.009   247131.005   247140.009   247464.001
  1975:   247714.018   247832.003   247838.016   247888.026   248678.005
  1980:   248700.009   248734.005   249289.009   249866.001   250116.018
  1985:   250203.003   250209.016   250259.026   250594.001   250718.003
  1990:   250723.023   250723.021   250794.001   250930.003   250974.013
  1995:   250974.011   251225.001   251399.003   251404.023   251404.021
  2000:   251655.013   251655.011   252364.005   252844.009   252846.005
  2005:   252866.009   252880.005   252888.009   252899.005   252907.009
  2010:   252908.005   252999.009   253008.005   253015.009   253022.005
  2015:   253268.009   253273.005   253278.009   253686.001   253731.003
  2020:   253736.023   253736.021   253987.013   253987.011   254835.001
  2025:   255085.018   255156.003   255162.016   255212.026   256034.005
  2030:   256458.009   256466.005   256469.009   256473.005   256477.009
  2035:   256486.005   256497.009   256614.005   256618.009   256667.005
  2040:   256673.009   256675.005   256680.009   256686.005   256711.009
  2045:   256937.001   257144.003   257149.023   257149.021   257400.013
  2050:   257400.011   258340.001   258590.018   258646.003   258652.016
  2055:   258702.026   259174.005   259901.009   260665.001   260915.018
  2060:   260961.003   260967.016   261017.026   261515.005   261829.009
  2065:   261835.005   261839.009   261842.005   261849.009   261863.005
  2070:   261872.009   261874.005   261887.009   261904.005   261915.009
  2075:   261918.005   261924.009   261940.005   261975.009   262355.001
  2080:   262592.003   262597.023   262597.021   262848.013   262848.011
  2085:   263185.001   263378.003   263383.023   263383.021   263634.013
  2090:   263634.011   264200.005   264217.009   264227.005   264562.009
  2095:   265050.001   265271.003   265276.023   265276.021   265527.013
  2100:   265527.011   265750.001   266000.018   266122.003   266128.016
  2105:   266178.026   266454.005   266463.009   266480.005   266784.009
  2110:   267288.001   267538.018   267690.003   267696.016   267746.026
  2115:   267955.005   268884.009   269854.001   270104.018   270456.003
  2120:   270462.016   270512.026   270514.017   270981.005   271455.009
  2125:   271469.005   271475.009   271492.005   271508.009   271511.005
  2130:   271522.009   271542.005   271547.009   271857.005   271863.009
  2135:   271903.005   271911.009   272042.005   272058.009   272074.005
  2140:   272349.009   272353.005   272359.009   275171.005   275321.009
  2145:   275824.001   275965.003   275970.023   275970.021   276021.001
  2150:   276054.003   276221.013   276221.011   276311.005   276986.009
  2155:   277070.005   277076.009   277375.001   277495.003   277500.023
  2160:   277500.021   277507.001   277608.003   277751.013   277751.011
  2165:   277826.005   277829.009   277850.005   278180.009   278190.005
  2170:   278197.009   278272.005   278278.009   278594.001   278684.003
  2175:   278689.023   278689.021   278715.001   278921.003   278940.013
  2180:   278940.011   279010.001   279177.003   279182.023   279182.021
  2185:   279433.013   279433.011   279531.005   279825.009   279903.005
  2190:   279908.009   280270.001   280570.018   280665.003   280671.016
  2195:   280721.026   280776.001   280873.003   280878.023   280878.021
  2200:   280912.005   281129.013   281129.011   281504.009   281506.005
  2205:   281512.009   281546.005   281551.009   282127.001   282309.003
  2210:   282314.023   282314.021   282565.013   282565.011   283477.005
  2215:   283494.009   283503.005   283776.009   284914.005   284923.009
  2220:   284930.005   284935.009   284940.005   285102.009   285134.005
  2225:   285138.009   285141.005   285234.009   285346.005   285348.009
  2230:   285362.005   285367.009   285390.005   285393.009   285407.005
  2235:   285447.009   285537.005   285541.009   285557.005   285834.009
  2240:   286282.001   286441.003   286446.023   286446.021   286697.013
  2245:   286697.011   287176.005   287195.009   287216.005   287442.009
  2250:   287800.001   287885.003   287890.023   287890.021   287912.001
  2255:   287979.003   288141.013   288141.011   288460.001   288486.003
  2260:   288491.023   288491.021   288742.013   288742.011   290219.005
  2265:   290464.009   290713.001   290924.003   290929.023   290929.021
  2270:   291180.013   291180.011   291407.001   291544.003   291549.023
  2275:   291549.021   291800.013   291800.011   292330.001   292424.003
  2280:   292429.023   292429.021   292680.013   292680.011   293098.005
  2285:   293112.009   293121.005   293390.009   293954.001   294043.003
  2290:   294048.023   294048.021   294065.001   294112.003   294299.013
  2295:   294299.011   294548.001   294848.018   294912.003   294918.016
  2300:   294968.026   296164.005   296735.009   297422.001   297497.003
  2305:   297502.023   297502.021   297753.013   297753.011   298048.001
  2310:   298240.003   298245.023   298245.021   298496.013   298496.011
  2315:   299221.005   299700.009   299708.005   299719.009   300561.005
  2320:   300593.009   301384.001   301505.003   301510.023   301510.021
  2325:   301545.001   301631.003   301761.013   301761.011   302073.001
  2330:   302214.003   302219.023   302219.021   302470.013   302470.011
  2335:   302994.005   303019.009   303029.005   303206.009   303212.005
  2340:   303215.009   303765.001   303810.003   303815.023   303815.021
  2345:   303847.001   303976.003   304066.013   304066.011   304166.001
  2350:   304263.003   304268.023   304268.021   304319.001   304335.003
  2355:   304519.013   304519.011   304911.001   305006.003   305011.023
  2360:   305011.021   305028.001   305098.003   305262.013   305262.011
  2365:   305369.001   305669.018   305934.003   305940.016   305990.026
  2370:   306305.005   306338.009   306390.005   307071.009   307691.001
  2375:   307991.018   308188.003   308194.016   308244.026   308620.005
  2380:   308916.009   309378.001   309678.018   310062.003   310068.016
  2385:   310118.026   310120.017   310340.005   310899.009   310901.005
  2390:   310910.009   311409.001   311759.018   311840.003   311846.016
  2395:   311896.026   311905.001   311988.003   311993.023   311993.021
  2400:   312244.013   312244.011   312299.005   312311.009   312325.005
  2405:   312858.009   312930.005   312945.009   312946.005   312950.009
  2410:   312978.005   312987.009   313031.005   313037.009   313215.005
  2415:   313220.009   314203.001   314433.003   314438.023   314438.021
  2420:   314689.013   314689.011   315071.001   315421.018   315557.003
  2425:   315563.016   315613.026   315762.005   316588.009   316590.005
  2430:   316755.009   317601.005   317627.009   317656.005   318251.009
  2435:   318256.005   318270.009   318526.001   318831.003   318836.023
  2440:   318836.021   319087.013   319087.011   320069.005   320092.009
  2445:   320248.005   320522.009   320526.005   320532.009   320537.005
  2450:   320734.009   321285.001   321635.018   321698.003   321704.016
  2455:   321754.026   322390.005   322701.009   322716.005   322750.009
  2460:   323030.001   323380.018   323488.003   323494.016   323544.026
  2465:   323767.005   323785.009   323790.005   324438.009   324439.005
  2470:   324465.009   324468.005   324475.009   324498.005   324513.009
  2475:   325113.001   325463.018   326684.003   326690.016   326740.026
  2480:   326742.017   326817.001   326866.003   326871.023   326871.021
  2485:   327058.005   327122.013   327122.011   327446.009   327459.005
  2490:   327578.009   327597.005   327603.009   327604.005   327606.009
  2495:   327612.005   327795.009   328455.001   328715.003   328720.023
  2500:   328720.021   328971.013   328971.011   329234.001   329634.018
  2505:   329669.003   329675.016   329725.026   329727.001   329815.003
  2510:   329820.023   329820.021   329992.005   330071.013   330071.011
  2515:   330985.009   330989.005   330994.009   332428.001   332729.003
  2520:   332734.023   332734.021   332985.013   332985.011   333209.001
  2525:   333349.003   333354.023   333354.021   333605.013   333605.011
  2530:   334595.001   334985.003   334990.023   334990.021   335241.013
  2535:   335241.011   335882.005   336177.009   337072.001   337155.003
  2540:   337160.023   337160.021   337411.013   337411.011   339479.005
  2545:   339812.009   339849.005   339864.009   340845.001   341245.018
  2550:   341373.003   341379.016   341429.026   341433.001   341517.003
  2555:   341522.023   341522.021   341721.005   341773.013   341773.011
  2560:   342660.009   343894.001   344246.003   344251.023   344251.021
  2565:   344278.001   344332.003   344336.001   344348.003   344502.013
  2570:   344502.011   345875.005   346124.009   346916.001   347031.003
  2575:   347036.023   347036.021   347287.013   347287.011   348197.001
  2580:   348372.003   348377.023   348377.021   348628.013   348628.011
  2585:   349605.001   349825.003   349830.023   349830.021   349836.001
  2590:   349899.003   350081.013   350081.011   350482.005   352009.009
  2595:   352048.005   352054.009   352731.001   352909.003   352914.023
  2600:   352914.021   352918.001   352966.003   353165.013   353165.011
  2605:   354479.001   354568.003   354573.023   354573.021   354578.001
  2610:   354636.003   354824.013   354824.011   355468.001   355565.003
  2615:   355570.023   355570.021   355576.001   355821.013   355821.011
  2620:   355836.003   355841.023   355841.021   356092.013   356092.011
  2625:   356912.005   356924.009   356939.005   357092.009   357100.005
  2630:   357258.009   358009.001   358159.003   358164.023   358164.021
  2635:   358415.013   358415.011   358922.001   359009.003   359014.023
  2640:   359014.021   359020.001   359144.003   359265.013   359265.011
  2645:   359939.001   360037.003   360042.023   360042.021   360093.001
  2650:   360176.003   360293.013   360293.011   360629.001   360897.003
  2655:   360902.023   360902.021   361153.013   361153.011   361961.005
  2660:   361967.009   361978.005   362169.009   362176.005   362195.009
  2665:   362201.005   362216.009   362220.005   362246.009   362906.001
  2670:   363049.003   363054.023   363054.021   363305.013   363305.011
  2675:   364193.005   364549.009   364624.005   364629.009   364658.005
  2680:   364673.009   365623.001   366002.003   366007.023   366007.021
  2685:   366258.013   366258.011   367057.005   367071.009   367089.005
  2690:   367124.009   367628.001   367957.003   367962.023   367962.021
  2695:   367978.001   368011.003   368213.013   368213.011   368300.005
  2700:   368318.009   368525.005   369032.009   369962.001   369994.003
  2705:   369999.023   369999.021   370250.013   370250.011   370710.001
  2710:   370926.003   370931.023   370931.021   370946.001   370987.003
  2715:   371081.001   371134.003   371182.013   371182.011   371315.001
  2720:   371662.003   371667.023   371667.021   371918.013   371918.011
  2725:   373835.001   373906.003   373911.023   373911.021   374162.013
  2730:   374162.011   374889.005   375158.009   375329.005   375345.009
  2735:   375379.005   375397.009   377669.005   377692.009   377695.005
  2740:   377780.009   379633.001   379706.003   379711.023   379711.021
  2745:   379812.001   379957.003   379962.013   379962.011   380013.001
  2750:   380072.003   380077.023   380077.021   380140.001   380181.003
  2755:   380328.013   380328.011   380544.001   380643.003   380648.023
  2760:   380648.021   380649.001   380704.003   380899.013   380899.011
  2765:   381054.001   381241.003   381246.023   381246.021   381497.013
  2770:   381497.011   381666.001   381997.003   382002.023   382002.021
  2775:   382016.001   382101.003   382253.013   382253.011   382380.001
  2780:   382780.018   382858.003   382864.016   382914.026   383600.005
  2785:   383633.009   383650.005   384315.009   384319.005   384328.009
  2790:   384336.005   384508.009   384513.005   384517.009   384538.005
  2795:   384563.009   384584.005   384986.009   384996.005   385006.009
  2800:   386647.001   386698.003   386703.023   386703.021   386954.013
  2805:   386954.011   387275.005   387669.009   388440.001   388518.003
  2810:   388523.023   388523.021   388774.013   388774.011   388970.001
  2815:   389191.003   389196.023   389196.021   389447.013   389447.011
  2820:   389917.005   390216.009   392631.001   392884.003   392889.023
  2825:   392889.021   392911.001   392944.003   393140.001   393140.013
  2830:   393140.011   393183.003   393188.023   393188.021   393439.013
  2835:   393439.011   393653.001   394053.018   394068.003   394074.016
  2840:   394124.026   394189.001   394266.003   394271.023   394271.021
  2845:   394496.005   394510.009   394511.005   394522.013   394522.011
  2850:   394999.009   396478.001   396681.003   396686.023   396686.021
  2855:   396937.013   396937.011   397368.005   397373.009   397388.005
  2860:   397624.009   398907.001   399284.003   399289.023   399289.021
  2865:   399315.001   399372.003   399540.013   399540.011   400012.005
  2870:   400296.009   400453.005   400586.009   400832.005   400838.009
  2875:   400847.005   400894.009   401471.001   401656.003   401661.023
  2880:   401661.021   401912.013   401912.011   402370.001   402749.003
  2885:   402754.023   402754.021   403005.013   403005.011   403539.001
  2890:   403939.018   404020.003   404026.016   404076.026   404112.001
  2895:   404217.003   404222.023   404222.021   404473.013   404473.011
  2900:   404558.005   405327.009   406036.001   406135.003   406140.023
  2905:   406140.021   406391.013   406391.011   406743.001   407143.018
  2910:   407146.003   407152.016   407202.026   407285.001   407326.003
  2915:   407331.023   407331.021   407560.005   407582.013   407582.011
  2920:   408096.009   408114.005   408262.009   408283.005   408293.009
  2925:   409046.001   409446.018   409495.003   409501.016   409551.026
  2930:   409566.001   409635.003   409640.023   409640.021   409776.005
  2935:   409891.013   409891.011   410398.009   411621.001   411980.003
  2940:   411985.023   411985.021   412236.013   412236.011   412429.001
  2945:   412817.003   412822.023   412822.021   413073.013   413073.011
  2950:   413379.001   413478.003   413483.023   413483.021   413734.013
  2955:   413734.011   413938.005   414413.009   415048.001   415305.003
  2960:   415310.023   415310.021   415349.001   415381.003   415561.013
  2965:   415561.011   416161.001   416259.003   416264.023   416264.021
  2970:   416515.013   416515.011   417256.001   417656.018   418133.003
  2975:   418139.016   418189.026   418385.005   419318.009   419321.005
  2980:   419365.009   421350.001   421750.018   421791.003   421797.016
  2985:   421847.026   422092.005   422153.009   422163.005   422518.009
  2990:   423951.001   424232.003   424237.023   424237.021   424488.013
  2995:   424488.011   425048.001   425124.003   425129.023   425129.021
  3000:   425380.013   425380.011   426837.005   426845.009   426861.005
  3005:   426897.009   427495.001   427703.003   427708.023   427708.021
  3010:   427959.013   427959.011   429011.001   429066.003   429071.023
  3015:   429071.021   429322.013   429322.011   429503.001   429642.003
  3020:   429647.023   429647.021   429655.001   429759.003   429898.013
  3025:   429898.011   430643.001   430990.003   430995.023   430995.021
  3030:   431246.013   431246.011   431515.001   431580.003   431585.023
  3035:   431585.021   431599.001   431726.003   431836.013   431836.011
  3040:   432663.005   432675.009   432699.005   432991.009   434754.001
  3045:   435154.018   435232.003   435238.016   435262.001   435288.026
  3050:   435301.003   435306.023   435306.021   435378.001   435484.003
  3055:   435557.013   435557.011   435906.005   436540.009   436546.005
  3060:   436554.009   436573.005   436588.009   436598.005   436610.009
  3065:   436616.005   436626.009   437723.005   437753.009   438103.001
  3070:   438281.003   438286.023   438286.021   438293.001   438382.003
  3075:   438537.013   438537.011   438747.001   439004.003   439009.023
  3080:   439009.021   439260.013   439260.011   439485.001   439612.003
  3085:   439617.023   439617.021   439868.013   439868.011   440927.001
  3090:   441136.003   441141.023   441141.021   441392.013   441392.011
  3095:   441918.001   441972.003   441977.023   441977.021   442228.013
  3100:   442228.011   443132.001   443532.018   443843.003   443849.016
  3105:   443899.026   444243.005   444892.009   446073.001   446297.003
  3110:   446302.023   446302.021   446320.001   446409.003   446553.013
  3115:   446553.011   447075.001   447466.003   447471.023   447471.021
  3120:   447722.013   447722.011   449810.001   450067.003   450072.023
  3125:   450072.021   450323.013   450323.011   451383.005   451410.009
  3130:   451427.005   451686.009   451692.005   451697.009   451710.005
  3135:   451715.009   457104.005   457403.009   458390.001   458790.018
  3140:   458875.003   458881.016   458931.026   459159.005   459943.009
  3145:   459951.005   459957.009   459973.005   459978.009   460834.001
  3150:   460880.003   460885.023   460885.021   461136.013   461136.011
  3155:   461186.005   461191.009   461868.001   462268.018   462306.003
  3160:   462312.016   462362.026   462387.001   462419.003   462424.023
  3165:   462424.021   462675.013   462675.011   462763.005   463260.009
  3170:   463262.005   463269.009   463273.005   463302.009   463309.005
  3175:   463314.009   463317.005   463324.009   464776.001   465176.018
  3180:   465279.003   465285.016   465335.026   465591.005   465621.009
  3185:   465624.005   466087.009   466098.005   466105.009   466130.005
  3190:   466138.009   467485.001   467819.003   467824.023   467824.021
  3195:   468075.013   468075.011   468370.001   468770.018   469354.003
  3200:   469360.016   469410.026   469728.005   470428.009   471322.005
  3205:   471342.009   471379.005   471454.009   472138.001   472538.018
  3210:   472547.003   472553.016   472598.001   472603.026   472769.003
  3215:   472774.023   472774.021   473025.013   473025.011   474041.001
  3220:   474267.003   474272.023   474272.021   474523.013   474523.011
  3225:   474908.005   475226.009   475951.001   476351.018   476498.003
  3230:   476504.016   476554.026   476794.005   477220.009   478941.005
  3235:   478970.009   478977.005   479076.009   479372.001   479677.003
  3240:   479682.023   479682.021   479933.013   479933.011   480188.001
  3245:   480588.018   480846.003   480852.016   480886.001   480902.026
  3250:   480934.003   480939.023   480939.021   480956.001   481000.003
  3255:   481190.013   481190.011   481297.005   481647.009   481649.005
  3260:   481680.009   481748.005   481750.009   481955.001   482355.018
  3265:   482631.003   482637.016   482687.026   483547.005   483865.009
  3270:   489748.005   490697.009   497673.001   497765.003   497770.023
  3275:   497770.021   498021.013   498021.011   498374.001   498552.003
  3280:   498557.023   498557.021   498808.013   498808.011   499400.005
  3285:   499534.009   499579.005   499595.009   499596.005   499610.009
  3290:   499619.005   499629.009   499638.005   499645.009   499646.005
  3295:   499660.009   499673.005   499699.009   499701.005   499712.009
  3300:   499743.005   499809.009   501739.001   501995.003   502000.023
  3305:   502000.021   502251.013   502251.011   502735.001   503135.018
  3310:   503169.003   503175.016   503225.026   503456.005   504203.009
  3315:   504206.005   504212.009   504994.001   505394.018   505568.003
  3320:   505574.016   505624.026   505817.005   506328.009   508904.001
  3325:   509304.018   509407.003   509413.016   509463.026   509465.017
  3330:   509609.005   509624.009   509627.005   510216.009   512107.001
  3335:   512528.003   512533.023   512533.021   512784.013   512784.011
  3340:   513199.005   513206.009   513220.005   513472.009   513947.001
  3345:   514397.018   514562.003   514568.016   514618.026   514831.005
  3350:   515171.009   515190.005   515203.009   515212.005   515217.009
  3355:   515577.001   516027.018   516176.003   516182.016   516232.026
  3360:   516403.005   516421.009   516434.005   516836.009   516901.005
  3365:   516914.009   519227.005   520249.009   521112.001   521232.003
  3370:   521237.023   521237.021   521241.001   521320.003   521488.013
  3375:   521488.011   521985.001   522252.003   522257.023   522257.021
  3380:   522508.013   522508.011   522781.001   522886.003   522891.023
  3385:   522891.021   523142.013   523142.011   523693.001   524121.003
  3390:   524126.023   524126.021   524377.013   524377.011   524633.001
  3395:   525083.018   525401.003   525407.016   525457.026   525802.005
  3400:   525814.009   525820.005   526276.009   528153.001   528274.003
  3405:   528279.023   528279.021   528530.013   528530.011   529339.001
  3410:   529773.003   529778.023   529778.021   530029.013   530029.011
  3415:   530319.001   530769.018   530831.003   530837.016   530887.026
  3420:   531053.005   531066.009   531437.005   532785.009   538650.005
  3425:   538655.009   538656.005   538672.009   538706.005   538727.009
  3430:   553181.005   553183.009   553695.005   553701.009   555460.005
  3435:   555546.009   555562.005   555752.009   557279.001   557393.003
  3440:   557398.023   557398.021   557649.013   557649.011   557957.001
  3445:   558109.003   558114.023   558114.021   558365.013   558365.011
  3450:   558568.005   558884.009   559521.001   559614.003   559619.023
  3455:   559619.021   559870.013   559870.011   560117.001   560397.003
  3460:   560402.023   560402.021   560653.013   560653.011   560849.001
  3465:   561136.003   561141.023   561141.021   561379.005   561384.009
  3470:   561392.013   561392.011   561493.005   561497.009   561499.005
  3475:   561868.009   562406.001   562856.018   563184.003   563190.016
  3480:   563240.026   563453.005   563470.009   563473.005   564155.009
  3485:   568555.005   568585.009   568592.005   568691.009   569314.001
  3490:   569360.003   569365.023   569365.021   569616.013   569616.011
  3495:   569947.001   570272.003   570277.023   570277.021   570528.013
  3500:   570528.011   570620.001   571007.003   571010.001   571012.023
  3505:   571012.021   571043.003   571263.013   571263.011   571487.001
  3510:   571937.018   571948.003   571954.016   572004.026   572412.005
  3515:   573430.009   573444.005   573527.009   574078.001   574528.018
  3520:   574605.003   574611.016   574661.026   574683.001   574749.003
  3525:   574754.023   574754.021   574996.005   575005.013   575005.011
  3530:   575358.009   575415.005   575423.009   579422.001   579869.003
  3535:   579874.023   579874.021   580125.013   580125.011   580999.001
  3540:   581335.003   581340.023   581340.021   581591.013   581591.011
  3545:   581837.005   582316.009   583107.001   583164.003   583169.023
  3550:   583169.021   583209.001   583246.003   583420.013   583420.011
  3555:   583559.001   583968.003   583973.023   583973.021   584224.013
  3560:   584224.011   584496.001   584943.003   584948.023   584948.021
  3565:   585199.013   585199.011   585839.001   585923.003   585928.023
  3570:   585928.021   585956.001   586023.003   586179.013   586179.011
  3575:   586428.005   586455.009   586463.005   586559.009   586561.005
  3580:   586569.009   586687.005   586829.009   587463.001   587874.003
  3585:   587879.023   587879.021   587947.001   587963.003   588130.013
  3590:   588130.011   588399.001   588849.018   588866.003   588872.016
  3595:   588922.026   589239.005   590005.009   590010.005   590028.009
  3600:   592357.001   592807.018   592989.003   592995.016   593045.026
  3605:   593270.005   593701.009   593704.005   594076.009   595575.005
  3610:   596011.009   596586.001   596787.003   596792.023   596792.021
  3615:   597043.013   597043.011   597202.001   597295.003   597300.023
  3620:   597300.021   597333.001   597417.003   597551.013   597551.011
  3625:   597739.001   598087.003   598092.023   598092.021   598343.013
  3630:   598343.011   598691.001   599100.003   599105.023   599105.021
  3635:   599356.013   599356.011   599846.001   600296.018   600311.003
  3640:   600317.016   600367.026   600389.001   600504.005   600526.009
  3645:   600691.003   600696.023   600696.021   600947.013   600947.011
  3650:   601268.001   601472.003   601477.023   601477.021   601496.001
  3655:   601728.013   601728.011   601731.003   601736.023   601736.021
  3660:   601987.013   601987.011   602667.001   603117.018   603975.003
  3665:   603981.016   604026.001   604031.026   604215.003   604220.023
  3670:   604220.021   604415.005   604471.013   604471.011   605277.009
  3675:   605288.005   605346.009   605393.005   605398.009   605400.005
  3680:   605411.009   608419.005   608434.009   608460.005   608771.009
  3685:   609496.001   609761.003   609766.023   609766.021   609796.001
  3690:   609876.003   610017.013   610017.011   610306.001   610718.003
  3695:   610723.023   610723.021   610974.013   610974.011   611534.005
  3700:   612042.009   613689.001   614071.003   614076.023   614076.021
  3705:   614327.013   614327.011   615168.001   615618.018   615747.003
  3710:   615753.016   615803.026   615990.005   616428.009   616447.005
  3715:   616584.009   616639.005   617203.009   618800.001   619250.018
  3720:   619399.003   619405.016   619455.026   619670.005   620330.009
  3725:   620337.005   620377.009   622952.001   623402.018   623417.003
  3730:   623423.016   623473.026   623475.017   623783.005   624211.009
  3735:   624221.005   624231.009   626190.005   626224.009   626228.005
  3740:   626393.009   626408.005   626427.009   626944.001   627294.003
  3745:   627299.023   627299.021   627550.013   627550.011   627797.001
  3750:   627963.003   627968.023   627968.021   628219.013   628219.011
  3755:   629044.001   629490.003   629495.023   629495.021   629746.013
  3760:   629746.011   630199.005   630415.009   630440.005   630466.009
  3765:   630516.005   630524.009   631117.001   631617.018   633965.003
  3770:   633971.016   634021.026   634282.005   634933.009   635773.001
  3775:   636040.003   636045.023   636045.021   636051.001   636139.003
  3780:   636296.013   636296.011   636497.001   636997.018   637881.003
  3785:   637887.016   637937.026   638197.005   639974.009   640023.005
  3790:   640063.009   641262.001   641427.003   641432.023   641432.021
  3795:   641683.013   641683.011   642187.001   642506.003   642511.023
  3800:   642511.021   642762.013   642762.011   642963.001   643014.003
  3805:   643019.023   643019.021   643030.001   643110.003   643270.013
  3810:   643270.011   643530.001   643971.003   643976.023   643976.021
  3815:   644227.013   644227.011   644890.001   645276.003   645281.023
  3820:   645281.021   645335.001   645358.003   645532.013   645532.011
  3825:   645904.005   646043.009   646552.001   646659.003   646664.023
  3830:   646664.021   646690.001   646754.003   646915.013   646915.011
  3835:   647422.001   647772.003   647777.023   647777.021   648028.013
  3840:   648028.011   648634.001   648906.003   648911.023   648911.021
  3845:   649162.013   649162.011   650005.005   650191.009   651458.001
  3850:   651584.003   651589.023   651589.021   651840.013   651840.011
  3855:   652311.001   652500.003   652505.023   652505.021   652510.001
  3860:   652580.003   652756.013   652756.011   653806.001   654022.003
  3865:   654027.023   654027.021   654278.013   654278.011   654454.001
  3870:   654613.003   654618.023   654618.021   654869.013   654869.011
  3875:   655267.001   655370.003   655375.023   655375.021   655626.013
  3880:   655626.011   655749.001   655942.003   655947.023   655947.021
  3885:   656198.013   656198.011   656498.005   656517.009   656531.005
  3890:   657062.009   657070.005   657092.009   667421.005   667563.009
  3895:   667657.005   667672.009   668336.001   668401.003   668406.023
  3900:   668406.021   668657.013   668657.011   668876.001   668966.003
  3905:   668971.023   668971.021   669222.013   669222.011   669453.005
  3910:   669470.009   669496.005   669502.009   669770.005   669795.009
  3915:   670414.005   670419.009   670423.005   670428.009   680006.001
  3920:   680186.003   680191.023   680191.021   680207.001   680258.003
  3925:   680442.013   680442.011   680707.001   681092.003   681097.023
  3930:   681097.021   681348.013   681348.011   681993.005   682172.009
  3935:   682632.001   683132.018   683733.003   683739.016   683780.001
  3940:   683789.026   684211.003   684216.023   684216.021   684305.005
  3945:   684315.009   684330.005   684467.013   684467.011   684614.009
  3950:   684618.005   684642.009   684672.005   684691.009   684704.005
  3955:   684717.009   684730.005   684737.009   687252.001   687752.018
  3960:   688112.003   688118.016   688168.026   688429.005   689028.009
  3965:   691479.001   691979.018   692054.003   692060.016   692110.026
  3970:   692361.005   692798.009   695336.001   695425.003   695430.023
  3975:   695430.021   695679.001   695681.013   695681.011   695870.003
  3980:   695875.023   695875.021   695881.001   695930.003   696126.013
  3985:   696126.011   696343.005   696348.009   696354.005   696861.009
  3990:   697407.001   697899.003   697904.023   697904.021   698155.013
  3995:   698155.011   698630.001   699130.018   699725.003   699731.016
  4000:   699781.026   699967.005   700478.009   700479.005   700664.009
  4005:   700683.005   700690.009   700701.005   700724.009   700749.005
  4010:   700760.009   702746.001   703246.018   703300.003   703306.016
  4015:   703356.026   703647.005   704108.009   706786.005   706806.009
  4020:   706815.005   706828.009   707917.001   707989.003   707994.023
  4025:   707994.021   708023.001   708093.003   708245.013   708245.011
  4030:   708477.001   708948.003   708953.023   708953.021   709204.013
  4035:   709204.011   709476.001   709976.018   710121.003   710127.016
  4040:   710177.026   710446.005   710451.009   710462.005   710925.009
  4045:   714346.001   714822.003   714827.023   714827.021   715078.013
  4050:   715078.011   715898.005   716035.009   716609.001   717048.003
  4055:   717053.023   717053.021   717304.013   717304.011   717849.001
  4060:   718349.018   718377.003   718383.016   718433.026   718879.005
  4065:   720180.009   721114.005   721118.009   721267.005   721292.009
  4070:   721299.005   721357.009   743094.005   743109.009   743128.005
  4075:   743381.009   744181.005   744185.009   744196.005   744198.009
  4080:   748691.001   749191.018   749722.003   749728.016   749778.026
  4085:   749955.005   750532.009   750572.005   750583.009   752897.001
  4090:   753397.018   753418.003   753424.016   753474.026   753476.017
  4095:   753642.005   753654.009   753716.005   754409.009   754429.005
  4100:   754522.009   757074.001   757392.003   757397.023   757397.021
  4105:   757648.013   757648.011   758109.001   758449.003   758454.023
  4110:   758454.021   758705.013   758705.011   759097.001   759457.003
  4115:   759462.023   759462.021   759713.013   759713.011   759902.001
  4120:   760375.003   760380.023   760380.021   760631.013   760631.011
  4125:   761269.001   761819.018   762417.003   762423.016   762473.026
  4130:   762687.005   763312.009   765036.005   765047.009   765307.001
  4135:   765857.018   766108.003   766114.016   766144.001   766164.026
  4140:   766222.003   766227.023   766227.021   766334.005   766340.009
  4145:   766359.005   766478.013   766478.011   767130.009   771263.001
  4150:   771324.003   771329.023   771329.021   771580.013   771580.011
  4155:   771875.001   772152.003   772157.023   772157.021   772408.013
  4160:   772408.011   772625.001   772977.003   772982.023   772982.021
  4165:   773066.001   773202.003   773233.013   773233.011   774223.001
  4170:   774773.018   774877.003   774883.016   774933.026   775246.005
  4175:   775276.009   775277.005   776204.009   778222.001   778718.003
  4180:   778723.023   778723.021   778974.013   778974.011   779134.005
  4185:   779147.009   779172.005   779547.009   779553.005   779558.009
  4190:   779649.005   779813.009   791929.005   791962.009   791964.005
  4195:   792008.009   792009.005   792367.009   805166.005   805168.009
  4200:   805175.005   805178.009   809088.001   809226.003   809231.023
  4205:   809231.021   809482.013   809482.011   809732.001   809913.003
  4210:   809918.023   809918.021   810169.013   810169.011   810421.001
  4215:   810971.018   811176.003   811182.016   811232.026   811380.005
  4220:   812340.009   814444.001   814994.018   815365.003   815371.016
  4225:   815421.026   815770.005   815778.009   815818.005   816351.009
  4230:   818977.001   819527.018   819965.003   819971.016   820021.026
  4235:   820023.017   820333.005   820339.009   820387.005   820394.009
  4240:   820403.005   820413.009   820418.005   821354.009   821365.005
  4245:   821374.009   821398.005   821429.009   837811.001   838411.018
  4250:   838522.003   838528.016   838566.001   838578.026   838773.003
  4255:   838778.023   838778.021   839029.013   839029.011   839588.005
  4260:   839614.009   839615.005   839896.009   839906.005   839912.009
  4265:   841719.005   841725.009   841910.005   842061.009   842850.001
  4270:   842911.003   842916.023   842916.021   843167.013   843167.011
  4275:   843445.001   843854.003   843859.023   843859.021   844110.013
  4280:   844110.011   844876.001   845193.003   845198.023   845198.021
  4285:   845449.013   845449.011   846007.001   846607.018   846851.003
  4290:   846857.016   846907.026   847160.005   847165.009   847200.005
  4295:   847229.009   847235.005   847260.009   847266.005   847274.009
  4300:   847275.005   847822.009   847825.005   847830.009   847832.005
  4305:   847837.009   851121.001   851366.003   851371.023   851371.021
  4310:   851622.013   851622.011   851784.001   852377.003   852382.023
  4315:   852382.021   852633.013   852633.011   853168.001   853768.018
  4320:   855224.003   855230.016   855264.001   855280.026   855883.018
  4325:   856374.003   856380.016   856430.026   856635.005   857168.009
  4330:   857172.005   857190.009   857928.005   857938.009   861434.005
  4335:   861456.009   868043.005   868086.009   868112.005   868115.009
  4340:   868354.005   869678.009   869680.005   869687.009   869688.005
  4345:   869711.009   869714.005   869725.009   869728.005   869779.009
  4350:   876088.005   876097.009   876165.005   876198.009   876202.005
  4355:   876584.009   882555.005   882563.009   882581.005   882588.009
  4360:   882598.005   882606.009   883630.005   883643.009   885611.001
  4365:   885757.003   885762.023   885762.021   885804.005   885812.009
  4370:   885921.005   886013.013   886013.011   886393.009   886400.005
  4375:   886403.009   886409.005   886460.009   887197.001   887797.018
  4380:   887851.003   887857.016   887907.026   888100.005   889220.009
  4385:   889224.005   889281.009   891046.001   891553.003   891558.023
  4390:   891558.021   891809.013   891809.011   892295.001   892895.018
  4395:   893279.003   893285.016   893335.026   893387.001   893442.003
  4400:   893447.023   893447.021   893563.005   893698.013   893698.011
  4405:   894206.009   894229.005   894250.009   894290.005   894295.009
  4410:   896977.001   897255.003   897260.023   897260.021   897285.001
  4415:   897343.003   897511.013   897511.011   897920.001   898210.003
  4420:   898215.023   898215.021   898466.013   898466.011   898734.001
  4425:   899334.018   899544.003   899550.016   899600.026   899839.005
  4430:   899863.009   899865.005   901151.009   901303.005   901312.009
  4435:   901368.005   901383.009   901400.005   901406.009   901420.005
  4440:   901444.009   901454.005   901459.009   902669.005   902676.009
  4445:   904613.005   904621.009   904650.005   904655.009   906741.001
  4450:   907341.018   907508.003   907514.016   907564.026   907773.005
  4455:   908641.009   908643.005   908776.009   908812.005   908819.009
  4460:   914289.001   914400.003   914405.023   914405.021   914656.013
  4465:   914656.011   914907.001   915150.003   915155.023   915155.021
  4470:   915406.013   915406.011   915537.001   916137.018   916368.003
  4475:   916374.016   916424.026   916588.005   916594.009   916614.005
  4480:   917288.009   917291.005   917302.009   921025.001   921587.003
  4485:   921592.023   921592.021   921843.013   921843.011   922167.001
  4490:   922767.018   923563.003   923569.016   923619.026   923863.005
  4495:   924764.009   932397.005   932404.009   932505.005   932513.009
  4500:   942740.001   943281.003   943286.023   943286.021   943537.013
  4505:   943537.011   943766.001   944366.018   944528.003   944534.016
  4510:   944584.026   944771.005   945536.009   947755.001   948199.003
  4515:   948204.023   948204.021   948455.013   948455.011   948844.001
  4520:   949118.003   949123.023   949123.021   949374.013   949374.011
  4525:   949643.001   950175.003   950180.023   950180.021   950431.013
  4530:   950431.011   950727.001   951327.018   951817.003   951823.016
  4535:   951873.026   952150.005   952226.009   952227.005   952700.009
  4540:   955365.001   955965.018   956182.003   956188.016   956238.026
  4545:   956440.005   956450.009   956608.005   957212.009   960261.001
  4550:   960814.003   960819.023   960819.021   961070.013   961070.011
  4555:   961567.001   962167.018   962349.003   962355.016   962405.026
  4560:   962572.005   962578.009   962597.005   963104.009   963121.005
  4565:   963145.009   963210.005   963225.009   963230.005   963297.009
  4570:   968170.001   968770.018   969249.003   969255.016   969305.026
  4575:   969507.005   969518.009   969541.005   970076.009   970095.005
  4580:   970197.009   973826.001   974426.018   975033.003   975039.016
  4585:   975089.026   975307.005   976714.009   978430.005   978442.009
  4590:   978495.005   978500.009   978521.005   978528.009   981018.005
  4595:   981032.009   981056.005   981108.009   981116.005   981172.009
  4600:   981276.005   981282.009   982607.001   983207.018   983217.003
  4605:   983223.016   983249.001   983273.026   983471.003   983476.023
  4610:   983476.021   983569.005   983593.009   983597.005   983727.013
  4615:   983727.011   984366.009   984375.005   984430.009   998170.001
  4620:   998770.018   998853.003   998859.016   998909.026   999109.005
  4625:   999708.009  1002892.005  1002897.009  1003783.001  1004383.018
  4630:  1004457.003  1004463.016  1004513.026  1004655.005  1004670.009
  4635:  1004794.005  1005447.009  1007885.001  1007937.003  1007942.023
  4640:  1007942.021  1008193.013  1008193.011  1008584.001  1008720.003
  4645:  1008725.023  1008725.021  1008976.013  1008976.011  1009343.001
  4650:  1009943.018  1010085.003  1010091.016  1010141.026  1010461.005
  4655:  1010482.009  1010483.005  1011460.009  1011471.005  1012355.009
  4660:  1012377.005  1012422.009  1012424.005  1012431.009  1012439.005
  4665:  1012446.009  1013067.005  1013072.009  1013128.005  1013133.009
  4670:  1013135.005  1013154.009  1014360.001  1014935.003  1014940.023
  4675:  1014940.021  1015191.013  1015191.011  1015721.001  1016280.003
  4680:  1016285.023  1016285.021  1016536.013  1016536.011  1017069.001
  4685:  1017606.003  1017611.023  1017611.021  1017862.013  1017862.011
  4690:  1018854.001  1019078.003  1019083.023  1019083.021  1019334.013
  4695:  1019334.011  1021442.005  1021474.009  1021476.005  1021814.009
  4700:  1021817.005  1021829.009  1021836.005  1021877.009  1021881.005
  4705:  1021978.009  1021997.005  1022012.009  1022056.005  1022082.009
  4710:  1051093.001  1051693.018  1051797.003  1051803.016  1051853.026
  4715:  1051931.005  1052785.009  1052890.005  1052896.009  1056425.001
  4720:  1057025.018  1057156.003  1057162.016  1057212.026  1057361.005
  4725:  1057381.009  1057382.005  1058465.009  1061459.001  1062059.018
  4730:  1063296.003  1063302.016  1063352.026  1063415.005  1063423.009
  4735:  1063424.005  1063432.009  1063437.005  1064104.009  1064120.005
  4740:  1064147.009  1064151.005  1064170.009  1064189.005  1064214.009
  4745:  1064231.005  1064272.009  1064332.005  1064354.009  1064365.005
  4750:  1064492.009  1064509.005  1064542.009  1064860.005  1066722.009
  4755:  1093607.001  1094018.003  1094023.023  1094023.021  1094274.013
  4760:  1094274.011  1094456.005  1094477.009  1094481.005  1094827.009
  4765:  1094961.005  1094966.009  1095516.001  1096116.018  1096691.003
  4770:  1096697.016  1096747.026  1097122.005  1097879.009  1097952.005
  4775:  1097972.009  1097981.005  1097988.009  1098009.005  1098017.009
  4780:  1100560.001  1101160.018  1101789.003  1101795.016  1101845.026
  4785:  1102154.005  1102681.009  1104834.005  1104841.009  1104878.005
  4790:  1104901.009  1104921.005  1104934.009  1106201.005  1106210.009
  4795:  1106264.005  1106272.009  1106276.005  1106579.009  1107408.001
  4800:  1108008.018  1109038.003  1109044.016  1109094.026  1109380.005
  4805:  1110116.009  1110131.005  1110162.009  1110171.005  1110180.009
  4810:  1114146.001  1114437.003  1114442.023  1114442.021  1114693.013
  4815:  1114693.011  1114992.001  1115466.003  1115471.023  1115471.021
  4820:  1115722.013  1115722.011  1115984.001  1116584.018  1116817.003
  4825:  1116823.016  1116873.026  1117468.005  1118595.009  1118635.005
  4830:  1118644.009  1120200.005  1120209.009  1120218.005  1121563.009
  4835:  1123784.001  1124240.003  1124245.023  1124245.021  1124496.013
  4840:  1124496.011  1124712.001  1125312.018  1125348.003  1125354.016
  4845:  1125404.026  1125688.005  1125705.009  1125768.005  1125780.009
  4850:  1125781.005  1126382.009  1126409.005  1126452.009  1126483.005
  4855:  1126631.009  1130650.001  1131234.003  1131239.023  1131239.021
  4860:  1131490.013  1131490.011  1131801.001  1132401.018  1132668.003
  4865:  1132674.016  1132724.026  1132824.005  1132833.009  1132857.005
  4870:  1133570.009  1133574.005  1133591.009  1138560.005  1138566.009
  4875:  1138570.005  1138580.009  1139937.001  1140096.003  1140101.023
  4880:  1140101.021  1140352.013  1140352.011  1140864.001  1141330.003
  4885:  1141335.023  1141335.021  1141586.013  1141586.011  1142151.001
  4890:  1142751.018  1143182.003  1143188.016  1143238.026  1143493.005
  4895:  1144629.009  1145362.005  1145370.009  1145385.005  1145393.009
  4900:  1194475.005  1194489.009  1194490.005  1194513.009  1194515.005
  4905:  1194531.009  1195418.001  1195642.003  1195647.023  1195647.021
  4910:  1195898.013  1195898.011  1196269.001  1196869.018  1197223.003
  4915:  1197229.016  1197279.026  1197555.005  1198061.009  1198923.001
  4920:  1199523.018  1199864.003  1199870.016  1199920.026  1200222.005
  4925:  1200867.009  1203204.001  1203283.003  1203288.023  1203288.021
  4930:  1203539.013  1203539.011  1203999.005  1204003.009  1209117.005
  4935:  1209121.009  1209124.005  1209127.009  1209170.005  1209177.009
  4940:  1238451.005  1238480.009  1239269.005  1239273.009  1239305.005
  4945:  1239307.009  1239317.005  1239322.009  1239358.005  1239366.009
  4950:  1239514.005  1239519.009  1239540.005  1239545.009  1239561.005
  4955:  1239566.009  1239590.005  1239603.009  1239618.005  1239714.009
  4960:  1240033.005  1240044.009  1243489.001  1243660.003  1243665.023
  4965:  1243665.021  1243916.013  1243916.011  1244438.001  1244920.003
  4970:  1244925.023  1244925.021  1245176.013  1245176.011  1245342.005
  4975:  1245359.009  1245384.005  1245409.009  1245440.005  1245456.009
  4980:  1245544.005  1245555.009  1246070.001  1246670.018  1247451.003
  4985:  1247457.016  1247507.026  1247719.005  1247728.009  1247734.005
  4990:  1248297.009  1248306.005  1248317.009  1249207.001  1249807.018
  4995:  1250673.003  1250679.016  1250729.026  1250800.005  1250807.009
  5000:  1250808.005  1250843.009  1250845.005  1251882.009  1253439.005
  5005:  1253460.009  1276695.005  1276724.009  1276741.005  1276792.009
  5010:  1276815.005  1276829.009  1295770.005  1295787.009  1295846.005
  5015:  1295858.009  1295882.005  1295887.009  1295905.005  1296153.009
  5020:  1296154.005  1296157.009  1296161.005  1296166.009  1296176.005
  5025:  1296190.009  1296206.005  1296214.009  1296228.005  1296234.009
  5030:  1296261.005  1296300.009  1296323.005  1296332.009  1300610.005
  5035:  1300649.009  1300660.005  1300717.009  1300721.005  1300736.009
  5040:  1300746.005  1300809.009  1399740.001  1400340.018  1400791.003
  5045:  1400797.016  1400847.026  1401041.005  1401770.009  1401796.005
  5050:  1401803.009  1403259.001  1403286.003  1403291.023  1403291.021
  5055:  1403542.013  1403542.011  1403881.001  1404481.018  1404499.003
  5060:  1404505.016  1404555.026  1404808.005  1405259.009  1405263.005
  5065:  1405629.009  1405638.005  1405651.009  1405819.005  1405830.009
  5070:  1406907.001  1407507.018  1407629.003  1407635.016  1407685.026
  5075:  1407893.005  1408394.009  1411127.001  1411346.003  1411351.023
  5080:  1411351.021  1411602.013  1411602.011  1411820.001  1412103.003
  5085:  1412108.023  1412108.021  1412359.013  1412359.011  1412607.001
  5090:  1413207.018  1413409.003  1413415.016  1413465.026  1413734.005
  5095:  1414391.009  1414395.005  1414399.009  1414466.005  1414486.009
  5100:  1417421.001  1417969.003  1417974.023  1417974.021  1418225.013
  5105:  1418225.011  1418434.001  1419034.018  1419359.003  1419365.016
  5110:  1419415.026  1419535.005  1419546.009  1419555.005  1419560.009
  5115:  1419563.005  1420218.009  1420222.005  1420250.009  1422259.001
  5120:  1422859.018  1423372.003  1423378.016  1423428.026  1423653.005
  5125:  1424761.009  1426914.001  1427514.018  1427518.003  1427524.016
  5130:  1427574.026  1427771.005  1428646.009  1428671.005  1428694.009
  5135:  1428702.005  1428731.009  1428745.005  1428756.009  1428761.005
  5140:  1428780.009  1428891.005  1428907.009  1429439.005  1429463.009
  5145:  1429492.005  1429501.009  1429507.005  1429524.009  1429529.005
  5150:  1429541.009  1429546.005  1429568.009  1430200.005  1430208.009
  5155:  1431791.001  1432124.003  1432129.023  1432129.021  1432380.013
  5160:  1432380.011  1432637.001  1433237.018  1433706.003  1433712.016
  5165:  1433762.026  1433785.001  1433952.003  1433957.023  1433957.021
  5170:  1434208.013  1434208.011  1434546.005  1435029.009  1438287.005
  5175:  1438330.009  1438336.005  1438540.009  1438564.005  1439563.009
  5180:  1441121.001  1441525.003  1441530.023  1441530.021  1441781.013
  5185:  1441781.011  1442138.001  1442738.018  1442888.003  1442894.016
  5190:  1442944.026  1443069.005  1443078.009  1443098.005  1443871.009
  5195:  1451339.005  1451364.009  1451408.005  1451416.009  1451427.005
  5200:  1451532.009  1451591.005  1451602.009  1451700.005  1451706.009
  5205:  1451712.005  1451716.009  1454342.001  1454486.003  1454491.023
  5210:  1454491.021  1454742.013  1454742.011  1455316.001  1455396.003
  5215:  1455401.023  1455401.021  1455652.013  1455652.011  1455887.001
  5220:  1456487.018  1456894.003  1456900.016  1456950.026  1457033.005
  5225:  1457050.009  1457060.005  1457533.009  1466642.001  1467111.003
  5230:  1467116.023  1467116.021  1467367.013  1467367.011  1470596.005
  5235:  1470871.009  1470876.005  1470889.009  1470905.005  1470940.009
  5240:  1473804.005  1473810.009  1524551.005  1524564.009  1524588.005
  5245:  1524625.009  1524658.005  1524714.009  1545223.005  1545317.009
  5250:  1545408.005  1545416.009  1545520.005  1545545.009  1545551.005
  5255:  1545558.009  1545990.005  1546001.009  1548107.001  1548396.003
  5260:  1548401.023  1548401.021  1548652.013  1548652.011  1548950.001
  5265:  1549550.018  1550004.003  1550010.016  1550060.026  1550252.005
  5270:  1550265.009  1550278.005  1551451.009  1551466.005  1551493.009
  5275:  1551603.005  1551686.009  1551694.005  1551788.009  1551868.005
  5280:  1551887.009  1551892.005  1551911.009  1552583.005  1553002.009
  5285:  1553299.005  1553303.009  1556745.005  1556811.009  1584354.001
  5290:  1584954.018  1585408.003  1585414.016  1585464.026  1585562.005
  5295:  1586881.009  1586904.005  1586949.009  1586969.005  1587623.009
  5300:  1588498.001  1589098.018  1589415.003  1589421.016  1589471.026
  5305:  1589720.005  1590745.009  1590855.005  1590861.009  1590864.005
  5310:  1590872.009  1590894.005  1590913.009  1590923.005  1590931.009
  5315:  1591200.005  1591205.009  1593236.001  1593836.018  1593938.003
  5320:  1593944.016  1593994.026  1594000.001  1594116.003  1594121.023
  5325:  1594121.021  1594269.005  1594283.009  1594344.005  1594372.013
  5330:  1594372.011  1594724.009  1594728.005  1594778.009  1594781.005
  5335:  1594794.009  1594871.005  1594882.009  1598959.005  1598966.009
  5340:  1600847.001  1601447.018  1602217.003  1602223.016  1602273.026
  5345:  1602439.005  1603087.009  1603105.005  1603320.009  1603333.005
  5350:  1603419.009  1603433.005  1603663.009  1603728.005  1603788.009
  5355:  1603823.005  1603824.009  1603825.005  1603831.009  1603839.005
  5360:  1603877.009  1604107.005  1604131.009  1604145.005  1604233.009
  5365:  1604246.005  1604345.009  1604352.005  1604446.009  1604459.005
  5370:  1604540.009  1604553.005  1604633.009  1604654.005  1604723.009
  5375:  1604745.005  1604762.009  1604763.005  1604802.009  1604807.005
  5380:  1604811.009  1604814.005  1604835.009  1604967.005  1604981.009
  5385:  1605980.005  1606000.009  1606076.005  1606099.009  1608714.005
  5390:  1608722.009  1610982.005  1610995.009  1611227.005  1611251.009
  5395:  1611305.005  1611338.009  1611364.005  1611382.009  1611430.005
  5400:  1611462.009  1611481.005  1611834.009  1611857.005  1611877.009
  5405:  1611958.005  1611970.009  1612054.005  1612065.009  1613569.005
  5410:  1613580.009  1613720.005  1613746.009  1613796.005  1613807.009
  5415:  1613862.005  1613895.009  1614044.005  1614052.009  1614056.005
  5420:  1614086.009  1617075.005  1617085.009  1617105.005  1617151.009
  5425:  1617156.005  1617163.009  1617771.005  1617811.009  1621018.005
  5430:  1622828.009  1622860.005  1622873.009  1622879.005  1622890.009
  5435:  1622898.005  1622934.009  1622943.005  1623012.009  1623024.005
  5440:  1623113.009  1623125.005  1623139.009  1623372.005  1623393.009
  5445:  1623401.005  1623433.009  1624834.001  1625122.003  1625127.023
  5450:  1625127.021  1625378.013  1625378.011  1625604.001  1626093.003
  5455:  1626098.023  1626098.021  1626349.013  1626349.011  1626617.001
  5460:  1627217.018  1627274.003  1627280.016  1627330.026  1627676.005
  5465:  1628385.009  1628418.005  1628458.009  1631779.005  1631789.009
  5470:  1631792.005  1631797.009  1632639.001  1633150.003  1633155.023
  5475:  1633155.021  1633406.013  1633406.011  1633770.001  1634313.003
  5480:  1634318.023  1634318.021  1634569.013  1634569.011  1634848.001
  5485:  1635326.003  1635331.023  1635331.021  1635582.013  1635582.011
  5490:  1635889.001  1636042.003  1636047.023  1636047.021  1636298.013
  5495:  1636298.011  1637038.005  1637057.009  1639776.001  1640113.003
  5500:  1640118.023  1640118.021  1640369.013  1640369.011  1640620.001
  5505:  1641220.018  1641919.003  1641925.016  1641975.026  1642001.001
  5510:  1642222.003  1642227.023  1642227.021  1642478.013  1642478.011
  5515:  1643457.005  1644037.009  1646293.005  1646305.009  1646906.005
  5520:  1646926.009  1646935.005  1647118.009  1648271.001  1648871.018
  5525:  1649186.003  1649192.016  1649242.026  1649537.005  1651742.009
  5530:  1651748.005  1652722.009  1652748.005  1652796.009  1652799.005
  5535:  1652822.009  1652919.005  1652985.009  1653027.005  1653035.009
  5540:  1655425.005  1655437.009  1655482.005  1655514.009  1655656.005
  5545:  1655707.009  1656668.001  1657268.018  1657447.003  1657453.016
  5550:  1657503.026  1657758.005  1657765.009  1657832.005  1658492.009
  5555:  1662136.001  1662736.018  1664047.003  1664053.016  1664103.026
  5560:  1664267.005  1664295.009  1664612.005  1664626.009  1664647.005
  5565:  1665217.009  1667999.005  1668010.009  1668057.005  1668070.009
  5570:  1668723.001  1669246.003  1669251.023  1669251.021  1669502.013
  5575:  1669502.011  1670132.001  1670435.003  1670440.023  1670440.021
  5580:  1670691.013  1670691.011  1670732.005  1670741.009  1670759.005
  5585:  1670979.009  1670980.005  1671186.009  1671189.005  1671194.009
  5590:  1671264.005  1671282.009  1671298.005  1671332.009  1672164.001
  5595:  1672764.018  1673754.003  1673760.016  1673810.026  1674125.005
  5600:  1674191.009  1674254.005  1674263.009  1674266.005  1675559.009
  5605:  1675625.005  1675655.009  1675709.005  1675717.009  1675815.005
  5610:  1675829.009  1675836.005  1675846.009  1675895.005  1675972.009
  5615:  1676058.005  1676063.009  1677404.005  1677409.009  1677505.005
  5620:  1677533.009  1677705.005  1677735.009  1677762.005  1677786.009
  5625:  1677787.005  1677793.009  1677815.005  1677825.009  1677858.005
  5630:  1677913.009  1677937.005  1677986.009  1678325.005  1678333.009
  5635:  1678368.005  1678375.009  1678438.005  1678447.009  1680343.001
  5640:  1680899.003  1680904.023  1680904.021  1681155.013  1681155.011
  5645:  1681309.001  1681909.018  1682294.003  1682300.016  1682350.026
  5650:  1682367.001  1682967.018  1683407.003  1683413.016  1683463.026
  5655:  1683542.005  1684672.009  1684744.005  1688531.009  1688538.005
  5660:  1688748.009  1688760.005  1688772.009  1688773.005  1688786.009
  5665:  1688790.005  1688882.009  1688922.005  1688978.009  1689008.005
  5670:  1689365.009  1689372.005  1689433.009  1689438.005  1689474.009
  5675:  1689477.005  1689491.009  1689495.005  1689519.009  1689524.005
  5680:  1689562.009  1689563.005  1689574.009  1689588.005  1689594.009
  5685:  1689612.005  1690283.009  1691270.001  1691432.003  1691437.023
  5690:  1691437.021  1691688.013  1691688.011  1691947.001  1692515.003
  5695:  1692520.023  1692520.021  1692771.013  1692771.011  1693082.001
  5700:  1693134.003  1693139.023  1693139.021  1693390.013  1693390.011
  5705:  1695158.001  1695758.018  1696271.003  1696277.016  1696327.026
  5710:  1696893.005  1697822.009  1697826.005  1697831.009  1697832.005
  5715:  1697887.009  1697901.005  1697963.009  1698654.005  1698671.009
  5720:  1699523.005  1699533.009  1701698.001  1702298.018  1702596.003
  5725:  1702602.016  1702652.026  1702984.005  1702994.009  1702997.005
  5730:  1703739.009  1703750.005  1703775.009  1703789.005  1703792.009
  5735:  1703855.005  1703859.009  1703916.005  1703945.009  1703961.005
  5740:  1704056.009  1704103.005  1704108.009  1704122.005  1704229.009
  5745:  1704394.005  1704444.009  1704510.005  1704557.009  1705609.005
  5750:  1705645.009  1705728.005  1705747.009  1705809.005  1705821.009
  5755:  1705899.005  1705915.009  1705993.005  1706197.009  1706273.005
  5760:  1706283.009  1707595.001  1708195.018  1708215.003  1708221.016
  5765:  1708271.026  1708411.005  1708419.009  1708485.005  1709762.009
  5770:  1709872.005  1709944.009  1711022.005  1711032.009  1713259.005
  5775:  1713272.009  1770055.001  1770419.003  1770424.023  1770424.021
  5780:  1770675.013  1770675.011  1772263.001  1772863.018  1772989.003
  5785:  1772995.016  1773045.026  1773272.005  1773289.009  1773306.005
  5790:  1774075.009  1774095.005  1774247.009  1774520.005  1774526.009
  5795:  1774555.005  1774680.009  1774683.005  1774689.009  1774940.005
  5800:  1774945.009  1775159.005  1775164.009  1778922.001  1779104.003
  5805:  1779109.023  1779109.021  1779360.013  1779360.011  1779598.001
  5810:  1780198.018  1780425.003  1780431.016  1780481.026  1780594.005
  5815:  1781610.009  1781618.005  1784167.009  1784775.005  1784778.009
  5820:  1785241.005  1785251.009  1785288.005  1785297.009  1785307.005
  5825:  1785319.009  1785376.005  1785386.009  1785446.005  1785534.009
  5830:  1785628.005  1785637.009  1787371.005  1787385.009  1789029.001
  5835:  1789629.018  1789712.003  1789718.016  1789768.026  1789918.005
  5840:  1789946.009  1789947.005  1791018.009  1791020.005  1791153.009
  5845:  1791165.005  1791226.009  1791241.005  1791430.009  1791445.005
  5850:  1791668.009  1791673.005  1791682.009  1791684.005  1791862.009
  5855:  1791869.005  1791919.009  1791940.005  1791996.009  1792157.005
  5860:  1792212.009  1792221.005  1792291.009  1792479.005  1792500.009
  5865:  1792506.005  1792514.009  1792577.005  1792593.009  1792679.005
  5870:  1792701.009  1792785.005  1792795.009  1793187.005  1793218.009
  5875:  1793695.005  1793711.009  1793785.005  1793806.009  1793867.005
  5880:  1793888.009  1794003.005  1794032.009  1794035.005  1794280.009
  5885:  1794658.005  1794663.009  1794971.005  1794993.009  1794995.005
  5890:  1795215.009  1795224.005  1795232.009  1795236.005  1795389.009
  5895:  1795410.005  1795444.009  1796700.001  1796991.003  1796996.023
  5900:  1796996.021  1797247.013  1797247.011  1797631.001  1798145.003
  5905:  1798150.023  1798150.021  1798401.013  1798401.011  1799018.005
  5910:  1799024.009  1938971.001  1939336.003  1939341.023  1939341.021
  5915:  1939347.005  1939592.013  1939592.011  1939621.009  1941176.005
  5920:  1941207.009  1941208.005  1941215.009  1941216.005  1941224.009
  5925:  1941225.005  1941231.009  1942020.001  1942620.018  1942670.003
  5930:  1942676.016  1942726.026  1942892.005  1942900.009  1943031.005
  5935:  1943039.009  1943076.005  1943965.009  1943972.005  1944041.009
  5940:  1944050.005  1944093.009  1944101.005  1944141.009  1944172.005
  5945:  1944284.009  1944293.005  1944358.009  1944439.005  1944472.009
  5950:  1944473.005  1944479.009  1944515.005  1944521.009  1944797.005
  5955:  1944827.009  1944838.005  1944853.009  1944855.005  1944861.009
  5960:  1944862.005  1944867.009  1944869.005  1944875.009  1944877.005
  5965:  1944884.009  1944885.005  1944893.009  1944894.005  1944900.009
  5970:  1944903.005  1944905.009  1944911.005  1944990.009  1944992.005
  5975:  1945539.009  1945541.005  1945547.009  1945549.005  1945556.009
  5980:  1945557.005  1945607.009  1945624.005  1945636.009  1945648.005
  5985:  1945680.009  1945682.005  1945759.009  1945775.005  1945814.009
  5990:  1945829.005  1945832.009  1945835.005  1945907.009  1946681.001
  5995:  1946983.003  1946988.023  1946988.021  1946995.005  1947239.013
  6000:  1947239.011  1947260.009  1947478.001  1948000.003  1948005.023
  6005:  1948005.021  1948012.005  1948256.013  1948256.011  1948273.009
  6010:  1948466.001  1949066.018  1949616.003  1949622.016  1949672.026
  6015:  1949917.005  1949926.009  1949951.005  1950398.009  1950408.005
  6020:  1950419.009  1950469.005  1950480.009  1950612.005  1950740.009
  6025:  1950765.005  1950789.009  1950802.005  1950928.009  1951015.005
  6030:  1951104.009  1951152.005  1951165.009  1951175.005  1951229.009
  6035:  1951240.005  1951244.009  1951253.005  1951289.009  1951988.005
  6040:  1952008.009  1952029.005  1952042.009  1952155.005  1952187.009
  6045:  1952195.005  1952209.009  1952349.005  1952373.009  1956590.005
  6050:  1956622.009  1956631.005  1956803.009  1956810.005  1956823.009
  6055:  1956832.005  1956845.009  1956852.005  1956855.009  1956881.005
  6060:  1957024.009  1957051.005  1957154.009  1957187.005  1957259.009
  6065:  1957288.005  1957299.009  1957332.005  1957343.009  1957377.005
  6070:  1957435.009  1957437.005  1957469.009  1957472.005  1957531.009
  6075:  1957577.005  1957584.009  1957589.005  1957595.009  1958661.005
  6080:  1958669.009  1958691.005  1958720.009  1958726.005  1958733.009
  6085:  1958737.005  1958744.009  1958745.005  1958753.009  1958754.005
  6090:  1958761.009  1958762.005  1958803.009  1959162.005  1959328.009
  6095:  1959329.005  1959337.009  1959338.005  1959345.009  1959346.005
  6100:  1959353.009  1959354.005  1959362.009  1959363.005  1959370.009
  6105:  1959371.005  1959376.009  1964566.005  1964571.009  1964573.005
  6110:  1964772.009  1964773.005  1964789.009  1964790.005  1964797.009
  6115:  1964799.005  1964805.009  1964807.005  1964813.009  1964815.005
  6120:  1964821.009  1964824.005  1964830.009  1964832.005  1964839.009
  6125:  1964840.005  1964846.009  1964849.005  1964855.009  1964857.005
  6130:  1964862.009  1964865.005  1964871.009  1964874.005  1964879.009
  6135:  1964883.005  1964888.009  1964890.005  1964896.009  1964900.005
  6140:  1964904.009  1964907.005  1964913.009  1964915.005  1964921.009
  6145:  1964923.005  1964929.009  1964932.005  1964937.009  1964958.005
  6150:  1964963.009  1964965.005  1964971.009  1964975.005  1964977.009
  6155:  1965008.005  1965011.009  1965016.005  1965022.009  1965025.005
  6160:  1965030.009  1965032.005  1965037.009  1965040.005  1965046.009
  6165:  1965048.005  1965055.009  1965057.005  1965063.009  1965066.005
  6170:  1965072.009  1965074.005  1965080.009  1965082.005  1965088.009
  6175:  1965090.005  1965097.009  1965099.005  1965104.009  1965107.005
  6180:  1965113.009  1965115.005  1965122.009  1965123.005  1965130.009
  6185:  1965132.005  1965138.009  1965140.005  1965146.009  1965148.005
  6190:  1965155.009  1965166.005  1965171.009  1965333.005  1965338.009
  6195:  1965340.005  1965346.009  1965349.005  1965355.009  1965357.005
  6200:  1965364.009  1965365.005  1965373.009  1965374.005  1965381.009
  6205:  1965382.005  1965389.009  1965390.005  1965506.009  1965507.005
  6210:  1965513.009  1996860.001  1996889.003  1996894.023  1996894.021
  6215:  1996899.005  1997145.013  1997145.011  1997174.009  1997400.001
  6220:  1997900.005  1997905.009  1997907.005  1997914.009  1997916.005
  6225:  1997922.009  1997924.005  1997931.009  1997933.005  1997939.009
  6230:  1997942.005  1997945.009  1997959.005  1997961.009  1998000.018
  6235:  1998198.003  1998204.016  1998217.005  1998222.009  1998242.005
  6240:  1998247.009  1998250.005  1998254.026  1998256.009  1998258.005
  6245:  1998264.009  1998266.005  1998272.009  1998274.005  1998281.009
  6250:  1998283.005  1998289.009  1998291.005  1998296.009  1998299.005
  6255:  1998305.009  1998418.005  1998440.009  1998458.005  1998515.009
  6260:  1998594.005  1999254.009  1999257.005  1999320.009  1999335.005
  6265:  1999364.009  1999373.005  1999385.009  1999506.005  1999608.009
  6270:  1999651.005  1999657.009  1999658.005  1999684.009  1999833.005
  6275:  1999875.009  1999892.005  1999906.009  1999910.005  1999923.009
  6280:  1999959.005  1999983.009  1999994.005  2000017.009  2000034.005
  6285:  2000039.009  2000907.005  2000916.009  2001377.005  2001382.009
  6290:  2001385.005  2001390.009  2001393.005  2001397.009  2001401.005
  6295:  2001408.009  2001409.005  2001416.009  2001418.005  2001423.009
  6300:  2001493.005  2001499.009  2001501.005  2001507.009  2001510.005
  6305:  2001516.009  2001518.005  2001525.009  2001526.005  2001533.009
  6310:  2001535.005  2001541.009  2001543.005  2001549.009  2001551.005
  6315:  2001556.009  2001560.005  2001565.009  2001594.005  2001598.009
  6320:  2001601.005  2001607.009  2001609.005  2001650.009  2001651.005
  6325:  2001658.009  2001659.005  2001666.009  2001685.005  2001690.009
  6330:  2001693.005  2001748.009  2001759.005  2001776.009  2001784.005
  6335:  2001834.009  2001904.005  2001925.009  2001931.005  2001967.009
  6340:  2001998.005  2002022.009  2002061.005  2002134.009  2002198.005
  6345:  2002214.009  2002243.005  2004076.009  2004077.005  2004166.009
  6350:  2005769.001  2005970.003  2005975.023  2005975.021  2005985.005
  6355:  2006226.013  2006226.011  2006244.009  2006496.005  2006513.009
  6360:  2006558.005  2006563.009  2006592.005  2006620.009  2006637.005
  6365:  2006761.009  2007756.001  2008286.003  2008291.023  2008291.021
  6370:  2008298.005  2008542.013  2008542.011  2008561.009  2009221.001
  6375:  2009821.018  2010196.003  2010202.016  2010252.026  2010498.005
  6380:  2011886.009  2011890.005  2011934.009  2011951.005  2012397.009
  6385:  2012406.005  2012614.009  2012640.005  2012715.009  2012745.005
  6390:  2012885.009  2012886.005  2012904.009  2012905.005  2012921.009
  6395:  2012938.005  2013087.009  2013094.005  2013113.009  2013127.005
  6400:  2013199.009  2013215.005  2013296.009  2013302.005  2013431.009
  6405:  2013441.005  2013534.009  2013536.005  2013611.009  2013614.005
  6410:  2013639.009  2013641.005  2013719.009  2013729.005  2013807.009
  6415:  2013809.005  2013843.009  2013847.005  2013976.009  2013980.005
  6420:  2014009.009  2014057.005  2014079.009  2014102.005  2014127.009
  6425:  2014128.005  2014153.009  2014184.005  2014207.009  2014230.005
  6430:  2014241.009  2014287.005  2014336.009  2014414.005  2014503.009
  6435:  2014688.005  2014719.009  2026699.001  2027184.003  2027189.023
  6440:  2027189.021  2027197.005  2027440.013  2027440.011  2027456.009
  6445:  2027834.001  2028434.018  2028512.003  2028518.016  2028568.026
  6450:  2028857.005  2028886.009  2028890.005  2029553.009  2029557.005
  6455:  2029589.009  2029611.005  2029915.009  2029919.005  2030010.009
  6460:  2030030.005  2030071.009  2030081.005  2030191.009  2030238.005
  6465:  2030297.009  2030357.005  2030388.009  2030400.005  2030410.009
  6470:  2030439.005  2030459.009  2030475.005  2031187.009  2031198.005
  6475:  2031463.009  2031473.005  2031858.009  2031868.005  2031897.009
  6480:  2031918.005  2031950.009  2031951.005  2031965.009  2031972.005
  6485:  2031995.009  2032050.005  2032097.009  2032098.005  2032104.009
  6490:  2032105.005  2032122.009  2032214.005  2032229.009  2032231.005
  6495:  2032236.009  2032237.005  2032339.009  2033823.005  2033828.009
  6500:  2033831.005  2033837.009  2033838.005  2033904.009  2033905.005
  6505:  2033911.009  2066215.005  2066220.009  2066540.005  2066543.009
  6510:  2066574.005  2066578.009  2066649.005  2066653.009  2066715.005
  6515:  2066720.009  2066765.005  2066770.009  2066790.005  2066795.009
  6520:  2066816.005  2066820.009  2066823.005  2066828.009  2066840.005
  6525:  2066845.009  2066882.005  2066887.009  2066907.005  2066911.009
  6530:  2066915.005  2066917.009  2066956.005  2066961.009  2066990.005
  6535:  2066994.009  2067006.005  2067012.009  2067015.005  2067020.009
  6540:  2067023.005  2067028.009  2067065.005  2067069.009  2067074.005
  6545:  2067076.009  2067099.005  2067101.009  2067107.005  2067112.009
  6550:  2067123.005  2067128.009  2067132.005  2067137.009  2067140.005
  6555:  2067144.009  2067157.005  2067160.009  2067173.005  2067178.009
  6560:  2067199.005  2067203.009  2067206.005  2067212.009  2067240.005
  6565:  2067245.009  2067256.005  2067262.009  2067264.005  2067270.009
  6570:  2067290.005  2067295.009  2067306.005  2067310.009  2067323.005
  6575:  2067328.009  2067331.005  2067336.009  2067348.005  2067353.009
  6580:  2067356.005  2067361.009  2067364.005  2067370.009  2067373.005
  6585:  2067378.009  2067381.005  2067387.009  2067389.005  2067395.009
  6590:  2067398.005  2067403.009  2067406.005  2067412.009  2067414.005
  6595:  2067420.009  2067424.005  2067427.009  2067431.005  2067437.009
  6600:  2067448.005  2067454.009  2067456.005  2067462.009  2067464.005
  6605:  2067470.009  2067473.005  2067478.009  2067481.005  2067487.009
  6610:  2067489.005  2067495.009  2067497.005  2067504.009  2067506.005
  6615:  2067512.009  2067514.005  2067520.009  2067522.005  2067529.009
  6620:  2067532.005  2067536.009  2067539.005  2067545.009  2067548.005
  6625:  2067554.009  2067556.005  2067561.009  2067564.005  2067570.009
  6630:  2067572.005  2067579.009  2067581.005  2067587.009  2067589.005
  6635:  2067595.009  2067598.005  2067603.009  2067606.005  2067612.009
  6640:  2067615.005  2067620.009  2067622.005  2067629.009  2067631.005
  6645:  2067636.009  2067639.005  2067646.009  2067647.005  2067653.009
  6650:  2067655.005  2067663.009  2067664.005  2067670.009  2067672.005
  6655:  2067678.009  2067681.005  2067686.009  2067689.005  2067695.009
  6660:  2067697.005  2067704.009  2067706.005  2067712.009  2067714.005
  6665:  2067720.009  2067723.005  2067729.009  2067731.005  2067737.009
  6670:  2067739.005  2067745.009  2067747.005  2067753.009  2067755.005
  6675:  2067762.009  2067764.005  2067770.009  2067773.005  2067777.009
  6680:  2067781.005  2067786.009  2067789.005  2067795.009  2067798.005
  6685:  2067803.009  2067805.005  2067812.009  2067815.005  2067820.009
  6690:  2067823.005  2067828.009  2067830.005  2067837.009  2067839.005
  6695:  2067845.009  2067847.005  2067853.009  2067855.005  2067862.009
  6700:  2067863.005  2067870.009  2067872.005  2067879.009  2067881.005
  6705:  2067886.009  2067889.005  2067895.009  2067897.005  2067903.009
  6710:  2067906.005  2067912.009  2067913.005  2067920.009  2067922.005
  6715:  2067928.009  2067931.005  2067936.009  2067939.005  2067945.009
  6720:  2067948.005  2067953.009  2067955.005  2067962.009  2067963.005
  6725:  2067970.009  2067972.005  2067979.009  2067980.005  2067987.009
  6730:  2067989.005  2067994.009  2067997.005  2068003.009  2068006.005
  6735:  2068011.009  2068014.005  2068020.009  2068022.005  2068029.009
  6740:  2068030.005  2068037.009  2068039.005  2068045.009  2068047.005
  6745:  2068053.009  2068055.005  2068062.009  2068065.005  2068069.009
  6750:  2068072.005  2068078.009  2068080.005  2068087.009  2068088.005
  6755:  2068095.009  2068097.005  2068104.009  2068106.005  2068111.009
  6760:  2068114.005  2068119.009  2068122.005  2068128.009  2068130.005
  6765:  2068137.009  2068139.005  2068145.009  2068147.005  2068154.009
  6770:  2068156.005  2068162.009  2068163.005  2068171.009  2068172.005
  6775:  2068178.009  2068180.005  2068187.009  2068188.005  2068196.009
  6780:  2068197.005  2068203.009  2068205.005  2068220.009  2068222.005
  6785:  2068228.009  2068230.005  2068237.009  2068238.005  2068245.009
  6790:  2068246.005  2068253.009  2068255.005  2068262.009  2068263.005
  6795:  2068270.009  2068272.005  2068279.009  2068280.005  2068286.009
  6800:  2068289.005  2068295.009  2068297.005  2068303.009  2068305.005
  6805:  2068312.009  2068313.005  2068320.009  2068321.005  2068329.009
  6810:  2068330.005  2068337.009  2068338.005  2068345.009  2068347.005
  6815:  2068354.009  2068355.005  2068362.009  2068363.005  2068371.009
  6820:  2068372.005  2068378.009  2068380.005  2068386.009  2068388.005
  6825:  2068395.009  2068397.005  2068403.009  2068405.005  2068412.009
  6830:  2068413.005  2068420.009  2068422.005  2068428.009  2068430.005
  6835:  2068437.009  2068439.005  2068445.009  2068447.005  2068453.009
  6840:  2068455.005  2068461.009  2068463.005  2068470.009  2068472.005
  6845:  2068477.009  2068480.005  2068487.009  2068488.005  2068495.009
  6850:  2068496.005  2068503.009  2068505.005  2068511.009  2068513.005
  6855:  2068520.009  2068522.005  2068528.009  2068530.005  2068537.009
  6860:  2068538.005  2068545.009  2068546.005  2068554.009  2068555.005
  6865:  2068562.009  2068563.005  2068570.009  2068572.005  2068578.009
  6870:  2068588.005  2068595.009  2068597.005  2068603.009  2068604.005
  6875:  2068612.009  2068613.005  2068620.009  2068622.005  2068628.009
  6880:  2068630.005  2068636.009  2068638.005  2068645.009  2068646.005
  6885:  2068653.009  2068655.005  2068662.009  2068663.005  2068670.009
  6890:  2068671.005  2068678.009  2068680.005  2068687.009  2068688.005
  6895:  2068695.009  2068696.005  2068703.009  2068705.005  2068712.009
  6900:  2068713.005  2068720.009  2068721.005  2068729.009  2068730.005
  6905:  2068737.009  2068738.005  2068745.009  2068747.005  2068753.009
  6910:  2068754.005  2068762.009  2068763.005  2068770.009  2068771.005
  6915:  2068778.009  2068779.005  2068787.009  2068788.005  2068795.009
  6920:  2068796.005  2068803.009  2068805.005  2068811.009  2068813.005
  6925:  2068820.009  2068821.005  2068829.009  2068831.005  2068836.009
  6930:  2068838.005  2068845.009  2068846.005  2068853.009  2068855.005
  6935:  2068861.009  2068863.005  2068870.009  2068871.005  2068878.009
  6940:  2068880.005  2068886.009  2068888.005  2068895.009  2068896.005
  6945:  2068912.009  2068913.005  2068920.009  2068921.005  2068929.009
  6950:  2068930.005  2068936.009  2068938.005  2068945.009  2068946.005
  6955:  2068961.009  2068963.005  2068970.009  2068971.005  2068978.009
  6960:  2068979.005  2068987.009  2068988.005  2068995.009  2068996.005
  6965:  2069003.009  2069005.005  2069011.009  2069013.005  2069019.009
  6970:  2069021.005  2069028.009  2069029.005  2069045.009  2069046.005
  6975:  2069053.009  2069054.005  2069070.009  2069071.005  2069086.009
  6980:  2069088.005  2069095.009  2069096.005  2069103.009  2069104.005
  6985:  2069120.009  2069121.005  2069154.009  2069155.005  2069161.009
  6990:  2069162.005  2069170.009  2069171.005  2069195.009  2069196.005
  6995:  2069203.009  2069204.005  2069212.009  2069213.005  2069245.009
  7000:  2069246.005  2069253.009  2069254.005  2069261.009  2069262.005
  7005:  2069278.009  2069279.005  2069286.009  2069288.005  2069295.009
  7010:  2069296.005  2069303.009  2069304.005  2069320.009  2069321.005
  7015:  2069328.009  2069329.005  2069336.009  2069337.005  2069353.009
  7020:  2069354.005  2069370.009  2069371.005  2069378.009  2069379.005
  7025:  2069395.009  2069396.005  2069411.009  2069413.005  2069603.009
  7030:  2069604.005  2069628.009  2069629.005  2069653.009  2069654.005
  7035:  2069828.009  2069829.005  2076790.009  2076791.005  2077190.009
  7040:  2077191.005  2078048.009  2078049.005  2078331.009  2078332.005
  7045:  2080280.009  2080281.005  2080355.009  2080356.005  2080372.009
  7050:  2080373.005  2080430.009  2080431.005  2080455.009  2080456.005
  7055:  2080481.009  2080482.005  2080695.009  2080696.005  2080704.009
  7060:  2080705.005  2080756.009  2080757.005  2080773.009  2080774.005
  7065:  2080781.009  2080782.005  2081029.009  2081030.005  2081419.009
  7070:  2081420.005  2159508.009  2159518.005  2159551.009  2159568.005
  7075:  2159583.009  2159611.005  2159809.009  2159813.005  2160023.009
  7080:  2160030.005  2160035.009  2160047.005  2160052.009  2160059.005
  7085:  2160075.009  2160087.005  2160108.009  2160146.005  2160229.009
  7090:  2160245.005  2161287.009  2161291.005  2161299.009  2161325.005
  7095:  2161700.009  2161707.005  2164199.001  2164367.003  2164372.023
  7100:  2164372.021  2164623.013  2164623.011  2165070.001  2165273.003
  7105:  2165278.023  2165278.021  2165529.013  2165529.011  2166688.009
  7110:  2166788.005  2166801.009  2166941.005  2167469.001  2167909.003
  7115:  2167914.023  2167914.021  2168165.013  2168165.011  2168453.001
  7120:  2169053.018  2169059.003  2169065.016  2169115.026  2169386.009
  7125:  2169415.005  2169425.009  2169464.005  2169486.009  2169493.005
  7130:  2170130.009  2170177.005  2172803.001  2172832.003  2172837.023
  7135:  2172837.021  2173088.013  2173088.011  2173391.001  2173991.018
  7140:  2174200.003  2174206.016  2174256.026  2174505.009  2174552.005
  7145:  2175368.009  2175385.005  2175472.009  2175473.005  2175496.009
  7150:  2175507.005  2175616.009  2175620.005  2175646.009  2175653.005
  7155:  2176131.009  2176154.005  2177798.009  2177799.005  2177804.009
  7160:  2177805.005  2177839.009  2177845.005  2178772.009  2178783.005
  7165:  2178846.009  2178848.005  2178868.009  2178899.005  2178941.009
  7170:  2178994.005  2182405.009  2182447.005  2182683.009  2182741.005
  7175:  2187287.009  2187305.005  2187340.009  2187382.005  2187440.009
  7180:  2187442.005  2187486.009  2187579.005  2187656.009  2187659.005
  7185:  2187668.009  2187677.005  2187717.009  2187763.005  2316424.009
  7190:  2316458.005  2316466.009  2316501.005  2316510.009  2316518.005
  7195:  2316807.009  2316812.005  2317707.009  2317708.005  2318111.009
  7200:  2318112.005  2441084.009  2441101.005  2441115.009  2441140.005
  7205:  2441283.009  2441292.005  2442062.001  2442583.003  2442588.023
  7210:  2442588.021  2442839.013  2442839.011  2443210.001  2443520.003
  7215:  2443525.023  2443525.021  2443776.013  2443776.011  2444720.009
  7220:  2444783.005  2445260.001  2445602.003  2445607.023  2445607.021
  7225:  2445858.013  2445858.011  2446190.001  2446790.018  2447358.003
  7230:  2447364.016  2447414.026  2447807.009  2447813.005  2447821.009
  7235:  2447826.005  2449009.009  2449122.005  2450321.001  2450459.003
  7240:  2450464.023  2450464.021  2450715.013  2450715.011  2450945.001
  7245:  2451545.018  2451549.003  2451555.016  2451605.026  2451843.009
  7250:  2451862.005  2452561.009  2452568.005  2454091.001  2454691.018
  7255:  2454723.003  2454729.016  2454779.026  2455782.009  2455792.005
  7260:  2455858.009  2455916.005  2456019.009  2456026.005  2456131.009
  7265:  2456155.005  2456211.009  2456345.005  2457523.001  2458123.018
  7270:  2458527.003  2458533.016  2458583.026  2459402.009  2459422.005
  7275:  2461054.001  2461654.018  2461754.003  2461760.016  2461810.026
  7280:  2461998.009  2462013.005  2462585.009  2462681.005  2462972.009
  7285:  2462973.005  2462980.009  2462981.005  2462988.009  2462989.005
  7290:  2462997.009  2462998.005  2463005.009  2463006.005  2463013.009
  7295:  2463014.005  2463022.009  2463023.005  2463030.009  2463032.005
  7300:  2463037.009  2463040.005  2463046.009  2463049.005  2463054.009
  7305:  2463057.005  2463062.009  2463065.005  2463071.009  2463073.005
  7310:  2463080.009  2463081.005  2463088.009  2463090.005  2463095.009
  7315:  2463098.005  2463104.009  2463106.005  2463113.009  2463114.005
  7320:  2463121.009  2463123.005  2463129.009  2463132.005  2463136.009
  7325:  2463139.005  2463146.009  2463148.005  2463154.009  2463156.005
  7330:  2463163.009  2463165.005  2463171.009  2463182.005  2463187.009
  7335:  2463191.005  2463196.009  2463199.005  2463204.009  2463208.005
  7340:  2463210.009  2463224.005  2463229.009  2463232.005  2463237.009
  7345:  2463249.005  2463254.009  2463273.005  2463279.009  2463282.005
  7350:  2463287.009  2463290.005  2463295.009  2463298.005  2463304.009
  7355:  2463324.005  2463329.009  2463332.005  2463337.009  2463341.005
  7360:  2463343.009  2463348.005  2463354.009  2463390.005  2463395.009
  7365:  2463398.005  2463404.009  2463407.005  2463412.009  2463415.005
  7370:  2463420.009  2463432.005  2463437.009  2463439.005  2463446.009
  7375:  2463448.005  2463454.009  2463465.005  2463471.009  2463473.005
  7380:  2463479.009  2463482.005  2463487.009  2463490.005  2463495.009
  7385:  2463499.005  2463504.009  2463516.005  2463520.009  2463557.005
  7390:  2463562.009  2463565.005  2463570.009  2463590.005  2463595.009
  7395:  2463599.005  2463603.009  2463607.005  2463612.009  2463616.005
  7400:  2463618.009  2463623.005  2463628.009  2463665.005  2463669.009
  7405:  2463724.005  2463728.009  2463766.005  2463770.009  2463790.005
  7410:  2463795.009  2463807.005  2463811.009  2464923.001  2464999.005
  7415:  2465004.009  2465007.005  2465011.009  2465056.005  2465061.009
  7420:  2465170.003  2465175.023  2465175.021  2465180.005  2465426.013
  7425:  2465426.011  2465455.009  2465629.001  2465682.005  2465687.009
  7430:  2465689.005  2465695.009  2465697.005  2465705.009  2465706.005
  7435:  2465712.009  2465714.005  2465721.009  2465722.005  2465729.009
  7440:  2465730.005  2465737.009  2465739.005  2465763.009  2465764.005
  7445:  2465771.009  2465773.005  2465779.009  2465781.005  2465788.009
  7450:  2465789.005  2465796.009  2465797.005  2465805.009  2465806.005
  7455:  2465813.009  2465814.005  2465821.009  2465822.005  2465829.009
  7460:  2465831.005  2465838.009  2465839.005  2465846.009  2465847.005
  7465:  2465854.009  2465856.005  2465863.009  2465864.005  2465888.009
  7470:  2465889.005  2465896.009  2465897.005  2465946.009  2465947.005
  7475:  2465954.009  2465956.005  2465963.009  2465964.005  2465970.009
  7480:  2465972.005  2465988.009  2465989.005  2466005.009  2466006.005
  7485:  2466013.009  2466014.005  2466021.009  2466022.005  2466038.009
  7490:  2466039.005  2466046.009  2466047.005  2466054.009  2466059.003
  7495:  2466064.005  2466064.023  2466064.021  2466315.013  2466315.011
  7500:  2466347.009  2466422.005  2466429.009  2466432.005  2466437.009
  7505:  2466440.005  2466444.009  2466448.005  2466453.009  2466517.001
  7510:  2466590.005  2466594.009  2466599.005  2466603.009  2466607.005
  7515:  2466612.009  2466614.005  2466620.009  2466623.005  2466628.009
  7520:  2466630.005  2466637.009  2466639.005  2466646.009  2466647.005
  7525:  2466655.009  2466656.005  2466663.009  2466664.005  2466671.009
  7530:  2466672.005  2466688.009  2466689.005  2466695.009  2466697.005
  7535:  2466704.009  2466706.005  2466712.009  2466714.005  2466720.009
  7540:  2466722.005  2466729.009  2466731.005  2466737.009  2466739.005
  7545:  2466746.009  2466747.005  2466763.009  2466764.005  2466771.009
  7550:  2466772.005  2466779.009  2466780.005  2466788.009  2466789.005
  7555:  2466795.009  2466797.005  2466804.009  2466805.005  2466812.009
  7560:  2466814.005  2466821.009  2466822.005  2466829.009  2466831.005
  7565:  2466837.009  2466839.005  2466846.009  2466847.005  2466863.009
  7570:  2466864.005  2466871.009  2466873.005  2466879.009  2466881.005
  7575:  2466887.009  2466889.005  2466896.009  2466898.005  2466903.009
  7580:  2466923.005  2466928.009  2466948.005  2466953.009  2467056.005
  7585:  2467062.009  2467064.005  2467070.009  2467072.005  2467079.009
  7590:  2467080.005  2467088.009  2467089.005  2467096.009  2467097.005
  7595:  2467117.018  2467323.003  2467329.016  2467379.026  2467471.009
  7600:  2467472.005  2467479.009  2467548.005  2468528.009  2468580.005
  7605:  2468704.009  2468705.005  2468713.009  2468714.005  2468720.009
  7610:  2468722.005  2468729.009  2468730.005  2468746.009  2468747.005
  7615:  2468754.009  2468755.005  2468762.009  2468763.005  2468770.009
  7620:  2468772.005  2468778.009  2468781.005  2468785.009  2468789.005
  7625:  2468795.009  2468797.005  2468803.009  2468805.005  2468812.009
  7630:  2468814.005  2468820.009  2468822.005  2468828.009  2468830.005
  7635:  2468854.009  2468855.005  2468862.009  2468864.005  2468870.009
  7640:  2468872.005  2468878.009  2468923.005  2468927.009  2468989.005
  7645:  2468993.009  2469081.005  2469086.009  2469481.005  2469486.009
  7650:  2469489.005  2469570.009  2470781.005  2470785.009  2471641.005
  7655:  2471645.009  2471649.005  2471655.009  2471657.005  2471663.009
  7660:  2471665.005  2471669.009  2471681.005  2471684.009  2471711.005
  7665:  2471716.009  2471768.005  2471772.009  2471792.005  2471795.009
  7670:  2471808.005  2471813.009  2471825.005  2471829.009  2471841.005
  7675:  2471847.009  2471849.005  2471855.009  2471874.005  2471880.009
  7680:  2471891.005  2471896.009  2471916.005  2471921.009  2471924.005
  7685:  2471926.009  2471934.005  2471936.009  2471958.005  2471963.009
  7690:  2471965.005  2471972.009  2471975.005  2471979.001  2471980.009
  7695:  2471983.005  2471988.009  2471990.005  2471997.009  2471999.005
  7700:  2472002.009  2472004.005  2472011.009  2472013.005  2472019.009
  7705:  2472021.005  2472027.009  2472029.005  2472036.009  2472037.005
  7710:  2472044.009  2472045.005  2472053.009  2472054.005  2472061.009
  7715:  2472063.005  2472068.009  2472081.003  2472086.023  2472086.021
  7720:  2472088.005  2472337.013  2472337.011  2472368.009  2472469.005
  7725:  2472473.009  2472568.001  2472629.005  2472635.009  2472638.005
  7730:  2472643.009  2472645.005  2472649.009  2472651.005  2472656.009
  7735:  2472658.005  2472665.009  2472666.005  2472673.009  2472675.005
  7740:  2472680.009  2472681.005  2472688.009  2472689.005  2472696.009
  7745:  2472697.005  2472844.009  2472845.005  2472859.009  2472860.005
  7750:  2472867.009  2472868.005  2472884.009  2472885.005  2472891.009
  7755:  2472894.005  2472900.009  2472902.005  2472909.009  2472910.005
  7760:  2472917.009  2472918.005  2472925.009  2472926.005  2473168.018
  7765:  2473301.003  2473307.016  2473357.026  2473486.009  2473507.005
  7770:  2473526.009  2473603.005  2473608.009  2473646.005  2474334.009
  7775:  2474385.005  2474399.009  2475011.005  2475016.009  2475019.005
  7780:  2475025.009  2475027.005  2475032.009  2475044.005  2475048.009
  7785:  2475052.005  2475055.009  2475061.005  2475064.009  2475069.005
  7790:  2475074.009  2475077.005  2475083.009  2475086.005  2475091.009
  7795:  2475094.005  2475099.009  2475102.005  2475107.009  2475119.005
  7800:  2475125.009  2475127.005  2475133.009  2475135.005  2475141.009
  7805:  2475143.005  2475150.009  2475152.005  2475158.009  2475160.005
  7810:  2475167.009  2475168.005  2475175.009  2475177.005  2475183.009
  7815:  2475185.005  2475192.009  2475194.005  2475200.009  2475202.005
  7820:  2475208.009  2475210.005  2475217.009  2475218.005  2475225.009
  7825:  2475226.005  2475284.009  2475285.005  2475309.009  2475310.005
  7830:  2475334.009  2475335.005  2476092.009  2476093.005  2476100.009
  7835:  2476101.005  2476109.009  2476110.005  2476116.009  2476118.005
  7840:  2476125.009  2476126.005  2476132.009  2476136.005  2476140.009
  7845:  2476143.005  2476149.009  2476151.005  2476158.009  2476177.005
  7850:  2476182.009  2476185.005  2476191.009  2476194.005  2476199.009
  7855:  2476210.005  2476216.009  2476219.005  2476222.009  2476227.005
  7860:  2476232.009  2476234.005  2476241.009  2476244.005  2476249.009
  7865:  2476251.005  2476257.009  2476268.005  2476274.009  2476276.005
  7870:  2476282.009  2476286.005  2476289.009  2476294.005  2476298.009
  7875:  2476319.005  2476324.009  2476352.005  2476357.009  2476360.005
  7880:  2476365.009  2476368.005  2476373.009  2476377.005  2476381.009
  7885:  2476385.005  2476391.009  2476393.005  2476398.009  2476401.005
  7890:  2476407.009  2476410.005  2476414.009  2476435.005  2476440.009
  7895:  2476619.005  2476623.009  2476626.005  2476632.009  2476635.005
  7900:  2476640.009  2476643.005  2476648.009  2476651.005  2476658.009
  7905:  2476659.005  2476666.009  2476668.005  2476675.009  2476676.005
  7910:  2477012.001  2477025.009  2477026.005  2477033.009  2477034.005
  7915:  2477041.009  2477042.005  2477049.009  2477050.005  2477057.009
  7920:  2477059.005  2477065.009  2477068.005  2477073.009  2477076.005
  7925:  2477082.009  2477084.005  2477090.009  2477093.005  2477098.009
  7930:  2477101.005  2477108.009  2477109.005  2477612.018  2477656.003
  7935:  2477662.016  2477712.026  2477757.009  2477760.005  2477764.009
  7940:  2477768.005  2477772.009  2477775.005  2477782.009  2477792.005
  7945:  2477798.009  2477801.005  2477807.009  2477809.005  2477816.009
  7950:  2477817.005  2477833.009  2477834.005  2477841.009  2477842.005
  7955:  2477849.009  2477857.005  2477867.009  2477906.005  2478723.009
  7960:  2478798.005  2478804.009  2479534.005  2479538.009  2479550.005
  7965:  2479556.009  2479558.005  2479564.009  2479566.005  2479572.009
  7970:  2479575.005  2479581.009  2479584.005  2479587.009  2479601.005
  7975:  2479605.009  2479608.005  2479614.009  2479616.005  2479623.009
  7980:  2479624.005  2479640.009  2479641.005  2479656.009  2479657.005
  7985:  2479798.009  2479799.005  2479806.009  2479808.005  2479815.009
  7990:  2479816.005  2479857.009  2479858.005  2479865.009  2479866.005
  7995:  2480565.009  2480566.005  2480571.009  2480617.005  2480620.009
  8000:  2480624.005  2480630.009  2480689.005  2480700.009  2480792.005
  8005:  2480797.009  2480799.005  2480814.009  2480816.005  2480823.009
  8010:  2480824.005  2480831.009  2480832.005  2480839.009  2480841.005
  8015:  2480847.009  2480849.005  2480856.009  2480857.005  2480864.009
  8020:  2480865.005  2480873.009  2480874.005  2480881.009  2480882.005
  8025:  2480923.009  2480924.005  2480931.009  2480933.005  2480938.009
  8030:  2481421.001  2481675.005  2481680.009  2481966.005  2481970.009
  8035:  2482021.018  2482041.005  2482046.009  2482049.005  2482054.009
  8040:  2482057.005  2482063.009  2482066.005  2482072.009  2482074.005
  8045:  2482080.009  2482082.005  2482089.009  2482090.005  2482097.009
  8050:  2482099.005  2482105.009  2482107.005  2482113.009  2482116.005
  8055:  2482121.009  2482124.005  2482130.009  2482132.005  2482138.009
  8060:  2482141.005  2482146.009  2482149.005  2482155.009  2482158.005
  8065:  2482163.009  2482166.005  2482171.009  2482174.005  2482180.009
  8070:  2482182.005  2482188.009  2482199.005  2482205.009  2482207.005
  8075:  2482213.009  2482216.005  2482220.009  2482224.005  2482230.009
  8080:  2482241.005  2482246.009  2482265.003  2482271.016  2482321.026
  8085:  2482439.005  2482453.009  2482456.005  2482481.009  2482518.005
  8090:  2482538.009  2482549.005  2482559.009  2482562.005  2483214.009
  8095:  2483238.005  2483363.009  2483364.005  2483430.009  2483432.005
  8100:  2483437.009  2483440.005  2483447.009  2483449.005  2483455.009
  8105:  2483457.005  2483463.009  2483474.005  2483479.009  2483499.005
  8110:  2483504.009  2483632.005  2483637.009  2483657.005  2483662.009
  8115:  2483783.005  2483785.009  2484074.005  2484080.009  2484081.005
  8120:  2484089.009  2484090.005  2484096.009  2484123.005  2484130.009
  8125:  2484174.005  2484179.009  2484715.005  2484721.009  2484723.005
  8130:  2484730.009  2484732.005  2484738.009  2484740.005  2484746.009
  8135:  2484749.005  2484754.009  2484756.005  2484763.009  2484765.005
  8140:  2484772.009  2484773.005  2484780.009  2484781.005  2484788.009
  8145:  2484790.005  2484797.009  2484798.005  2484805.009  2484806.005
  8150:  2484809.001  2484813.009  2484814.005  2485055.009  2485057.005
  8155:  2485063.009  2485066.005  2485071.009  2485074.005  2485079.009
  8160:  2485082.005  2485088.009  2485090.005  2485096.009  2485098.005
  8165:  2485104.009  2485106.005  2485113.009  2485115.005  2485122.009
  8170:  2485123.005  2485130.009  2485131.005  2485409.018  2485549.003
  8175:  2485555.016  2485572.009  2485573.005  2485589.009  2485590.005
  8180:  2485597.009  2485598.005  2485605.009  2485605.026  2485606.005
  8185:  2485613.009  2485615.005  2485622.009  2485623.005  2485630.009
  8190:  2485631.005  2485647.009  2485648.005  2485655.009  2485656.005
  8195:  2485663.009  2485665.005  2485671.009  2485673.005  2485680.009
  8200:  2485681.005  2485705.009  2485706.005  2485714.009  2485715.005
  8205:  2485722.009  2485723.005  2485730.009  2485732.005  2485737.009
  8210:  2485739.005  2485842.009  2485847.005  2485855.009  2485858.005
  8215:  2485865.009  2485874.005  2486339.009  2486356.005  2486393.009
  8220:  2486409.005  2489505.009  2489507.005  2489522.009  2489523.005
  8225:  2489525.009  2489528.005  2489533.009  2489536.005  2489540.009
  8230:  2489541.005  2489547.009  2489549.005  2489552.009  2489555.005
  8235:  2489559.009  2489571.005  2489576.009  2489605.005  2489609.009
  8240:  2489612.005  2489618.009  2489652.005  2489657.009  2489661.005
  8245:  2489667.009  2489668.005  2489682.001  2490282.018  2490304.003
  8250:  2490310.016  2490360.026  2490635.009  2490661.005  2490666.009
  8255:  2490672.005  2491971.009  2492034.005  2492166.009  2492168.005
  8260:  2492173.009  2492209.005  2492242.009  2494161.001  2494761.018
  8265:  2494821.003  2494827.016  2494877.026  2495035.005  2495090.009
  8270:  2495102.005  2495570.009  2495668.005  2495908.009  2495909.005
  8275:  2495915.009  2495917.005  2495924.009  2495934.005  2495940.009
  8280:  2495943.005  2495949.009  2496002.005  2496006.009  2496010.005
  8285:  2496014.009  2496018.005  2496024.009  2496684.005  2496924.009
  8290:  2497184.005  2497188.009  2497191.005  2497216.009  2497232.005
  8295:  2497241.009  2497428.005  2497448.009  2497460.005  2497470.009
  8300:  2497508.005  2497546.009  2497592.005  2497641.009  2497643.005
  8305:  2497647.009  2497659.005  2497724.009  2497725.005  2497731.009
  8310:  2497734.005  2497740.009  2497742.005  2497747.009  2497768.005
  8315:  2497773.009  2497792.005  2497824.009  2497825.005  2497848.009
  8320:  2497909.005  2497991.009  2497992.005  2497999.009  2498000.005
  8325:  2498007.009  2498008.005  2498033.009  2498034.005  2498040.009
  8330:  2498043.005  2498048.009  2498051.005  2498056.009  2498058.005
  8335:  2498064.009  2498075.005  2498098.009  2498117.005  2498124.009
  8340:  2498125.005  2498132.009  2498133.005  2498140.009  2498150.005
  8345:  2498156.009  2498158.005  2498165.009  2498202.005  2498204.009
  8350:  2498209.005  2498216.009  2498225.005  2498241.009  2498242.005
  8355:  2498249.009  2500098.001  2500698.018  2500749.003  2500755.016
  8360:  2500805.026  2500909.005  2500914.009  2500916.005  2500931.009
  8365:  2500932.005  2500957.009  2500982.005  2501691.009  2504635.001
  8370:  2505117.003  2505122.023  2505122.021  2505125.005  2505373.013
  8375:  2505373.011  2505399.009  2505565.001  2506165.018  2506323.003
  8380:  2506329.016  2506379.026  2506606.005  2507669.009  2507672.005
  8385:  2507706.009  2509755.005  2509759.009  2512051.001  2512156.003
  8390:  2512161.023  2512161.021  2512174.005  2512412.013  2512412.011
  8395:  2512432.009  2512914.001  2513277.003  2513282.023  2513282.021
  8400:  2513291.005  2513533.013  2513533.011  2513550.009  2513782.001
  8405:  2514382.018  2514527.003  2514533.016  2514583.026  2514720.005
  8410:  2515681.009  2515707.005  2515717.009  2517961.001  2518410.003
  8415:  2518415.023  2518415.021  2518433.005  2518666.013  2518666.011
  8420:  2518682.009  2518829.001  2519429.018  2519593.003  2519599.016
  8425:  2519649.026  2519808.005  2519824.009  2519845.005  2520917.009
  8430:  2520921.005  2520933.009  2522478.005  2522489.009  2522992.001
  8435:  2523592.018  2524288.003  2524294.016  2524344.026  2524354.001
  8440:  2524574.003  2524579.023  2524579.021  2524585.005  2524830.013
  8445:  2524830.011  2524851.009  2525031.001  2525631.018  2525963.003
  8450:  2525969.016  2526019.026  2526185.005  2526190.009  2526242.005
  8455:  2528078.009  2528090.005  2528419.009  2528483.005  2528535.009
  8460:  2528540.005  2528565.009  2528567.005  2528570.009  2528572.005
  8465:  2528601.009  2528665.005  2528717.009  2528765.005  2528777.009
  8470:  2528778.005  2528787.009  2528810.005  2528859.009  2528875.005
  8475:  2528896.009  2528953.005  2528961.009  2528962.005  2528993.009
  8480:  2529042.005  2529065.009  2529123.005  2529130.009  2529131.005
  8485:  2529165.009  2529242.005  2529264.009  2529325.005  2529333.009
  8490:  2529340.005  2529356.009  2529377.005  2529419.009  2529433.005
  8495:  2529446.009  2529508.005  2529515.009  2529518.005  2529534.009
  8500:  2529651.005  2529673.009  2529720.005  2529726.009  2529749.005
  8505:  2529757.009  2529763.005  2529844.009  2529856.005  2529871.009
  8510:  2529910.005  2529917.009  2529930.005  2529944.009  2529986.005
  8515:  2529993.009  2529998.005  2530005.009  2530049.005  2530063.009
  8520:  2530084.005  2530091.009  2530111.005  2530125.009  2530186.005
  8525:  2530193.009  2530219.005  2530246.009  2530315.005  2530332.009
  8530:  2530419.005  2530425.009  2530434.005  2530453.009  2530511.005
  8535:  2530517.009  2530518.005  2530534.009  2530541.005  2530563.009
  8540:  2530617.005  2530624.009  2530631.005  2530642.009  2530657.005
  8545:  2530673.009  2530725.005  2530732.009  2530742.005  2530774.009
  8550:  2530831.005  2530838.009  2530840.005  2530873.009  2530885.005
  8555:  2530904.009  2530951.005  2530956.009  2530974.005  2531022.009
  8560:  2531041.005  2531087.009  2531098.005  2532238.009  2532324.005
  8565:  2532365.009  2534929.001  2535529.018  2535988.003  2535994.016
  8570:  2536044.026  2536201.005  2536228.009  2536418.005  2536502.009
  8575:  2536511.005  2537314.009  2537318.005  2537331.009  2539389.001
  8580:  2539989.018  2540769.003  2540775.016  2540825.026  2541020.005
  8585:  2542107.009  2542135.005  2542154.009  2542164.005  2542182.009
  8590:  2542191.005  2542198.009  2542215.005  2542262.009  2542273.005
  8595:  2542733.009  2542748.005  2542838.009  2542859.005  2543066.009
  8600:  2543089.005  2543482.009  2543485.005  2543668.009  2543694.005
  8605:  2543787.009  2543788.005  2543816.009  2543820.005  2543862.009
  8610:  2543867.005  2543880.009  2543897.005  2543979.009  2544049.005
  8615:  2544054.009  2544055.005  2544080.009  2544091.005  2544117.009
  8620:  2544152.005  2544194.009  2544254.005  2544297.009  2544349.005
  8625:  2544476.009  2544508.005  2544526.009  2546455.005  2546461.009
  8630:  2551436.005  2551455.009  2551478.005  2551534.009  2551616.005
  8635:  2551638.009  2551642.005  2551673.009  2551736.005  2551757.009
  8640:  2551794.005  2551827.009  2564709.001  2564835.003  2564840.023
  8645:  2564840.021  2565091.013  2565091.011  2565320.001  2565523.003
  8650:  2565528.023  2565528.021  2565779.013  2565779.011  2565940.001
  8655:  2566540.018  2566572.003  2566578.016  2566628.026  2566842.005
  8660:  2566851.009  2566888.005  2567501.009  2570118.001  2570718.018
  8665:  2571070.003  2571076.016  2571126.026  2571492.005  2572568.009
  8670:  2573349.005  2573409.009  2573459.005  2573515.009  2573604.005
  8675:  2573650.009  2573679.005  2573722.009  2573733.005  2573754.009
  8680:  2574718.001  2575318.018  2575487.003  2575493.016  2575543.026
  8685:  2575569.001  2575666.003  2575671.023  2575671.021  2575679.005
  8690:  2575684.009  2575693.005  2575698.009  2575717.005  2575740.009
  8695:  2575748.005  2575796.009  2575813.005  2575826.009  2575862.005
  8700:  2575872.009  2575899.005  2575922.013  2575922.011  2576623.009
  8705:  2576627.005  2576667.009  2576689.005  2576710.009  2576733.005
  8710:  2576776.009  2576796.005  2576872.009  2576969.005  2576973.009
  8715:  2577160.005  2577181.009  2577215.005  2577224.009  2577274.005
  8720:  2577303.009  2577320.005  2577353.009  2577490.005  2577521.009
  8725:  2577600.005  2577630.009  2577667.005  2577676.009  2577701.005
  8730:  2577784.009  2577813.005  2577904.009  2577923.005  2578030.009
  8735:  2578044.005  2578069.009  2578075.005  2578226.009  2578344.005
  8740:  2578348.009  2578370.005  2578398.009  2578479.005  2578555.009
  8745:  2578586.005  2578674.009  2578780.005  2578862.009  2578864.005
  8750:  2578889.009  2578900.005  2578928.009  2578977.005  2578988.009
  8755:  2579016.005  2579032.009  2579048.005  2579067.009  2579114.005
  8760:  2579171.009  2579177.005  2579204.009  2586140.001  2586617.003
  8765:  2586622.023  2586622.021  2586873.013  2586873.011  2587111.001
  8770:  2587620.003  2587625.023  2587625.021  2587876.013  2587876.011
  8775:  2588516.005  2588528.009  2588606.005  2588617.009  2588639.005
  8780:  2588669.009  2588700.005  2588749.009  2588759.005  2588776.009
  8785:  2588803.005  2588824.009  2588901.005  2588916.009  2591291.005
  8790:  2591356.009  2598589.001  2598681.003  2598686.023  2598686.021
  8795:  2598937.013  2598937.011  2600383.005  2600392.009  2600413.005
  8800:  2600807.009  2600937.005  2600943.009  2645418.005  2645420.009
  8805:  2645459.005  2645464.009  2645468.005  2645471.009  2645476.005
  8810:  2645478.009  2645485.005  2645487.009  2646131.001  2646143.005
  8815:  2646148.009  2646150.005  2646156.009  2646159.005  2646164.009
  8820:  2646167.005  2646173.009  2646175.005  2646182.009  2646183.005
  8825:  2646190.009  2646192.005  2646198.009  2646200.005  2646207.009
  8830:  2646208.005  2646215.009  2646216.005  2646224.009  2646225.005
  8835:  2646232.009  2646233.005  2646249.009  2646250.005  2646274.009
  8840:  2646275.005  2646282.009  2646283.005  2646474.009  2646475.005
  8845:  2646482.009  2646483.005  2646490.009  2646492.005  2646499.009
  8850:  2646500.005  2646507.009  2646508.005  2646524.009  2646525.005
  8855:  2646532.009  2646533.005  2646539.009  2646542.005  2646548.009
  8860:  2646551.005  2646556.009  2646559.005  2646565.009  2646567.005
  8865:  2646574.009  2646575.005  2646624.009  2646625.005  2646640.009
  8870:  2646642.005  2646649.009  2646650.005  2646657.009  2646658.005
  8875:  2646674.009  2646675.005  2646681.009  2646683.005  2646690.009
  8880:  2646692.005  2646698.009  2646700.005  2646707.009  2646709.005
  8885:  2646714.009  2646717.005  2646723.009  2646726.005  2646731.009
  8890:  2646731.018  2646734.005  2646740.009  2646742.005  2646749.009
  8895:  2646750.005  2646756.009  2646758.005  2646765.009  2646767.005
  8900:  2646773.009  2646775.005  2646782.009  2646783.005  2646790.009
  8905:  2646791.005  2646798.009  2646801.005  2646806.009  2646809.005
  8910:  2646815.009  2646817.005  2646823.009  2646825.005  2646832.009
  8915:  2646833.005  2646885.003  2646891.016  2646914.001  2646941.026
  8920:  2647016.009  2647017.005  2647024.009  2647025.005  2647031.009
  8925:  2647034.005  2647040.009  2647041.003  2647041.005  2647046.023
  8930:  2647046.021  2647048.009  2647049.005  2647150.009  2647184.005
  8935:  2647297.013  2647297.011  2648083.009  2648094.005  2648948.009
  8940:  2648958.005  2649063.009  2649107.005  2649353.009  2649357.005
  8945:  2649632.009  2649717.005  2651003.001  2651462.003  2651467.023
  8950:  2651467.021  2651718.013  2651718.011  2651959.001  2652559.018
  8955:  2653070.003  2653076.016  2653126.026  2653325.009  2653358.005
  8960:  2656494.009  2656505.005  2656924.009  2656934.005  2656944.009
  8965:  2656962.005  2656981.009  2658050.001  2658572.003  2658577.023
  8970:  2658577.021  2658589.001  2658634.003  2658828.013  2658828.011
  8975:  2659041.001  2659641.018  2659920.003  2659926.016  2659976.026
  8980:  2660187.005  2660198.009  2660199.005  2660225.009  2660234.005
  8985:  2661151.009  2661153.005  2661391.009  2661397.005  2661457.009
  8990:  2661459.005  2662037.009  2662056.005  2662140.009  2662163.005
  8995:  2662346.009  2662369.005  2662580.009  2662585.005  2662938.009
  9000:  2662949.005  2663226.009  2663248.005  2663686.009  2663691.005
  9005:  2663744.009  2663757.005  2663770.009  2663895.005  2663911.009
  9010:  2663993.005  2664007.009  2664173.005  2664213.009  2664271.005
  9015:  2664336.009  2664351.005  2664406.009  2664441.005  2664903.009
  9020:  2664960.005  2664967.009  2664979.005  2664987.009  2664999.005
  9025:  2665011.009  2665032.005  2665037.009  2665038.005  2665064.009
  9030:  2665114.005  2665145.009  2665214.005  2665224.009  2665244.005
  9035:  2665250.009  2672927.001  2673527.018  2673780.003  2673786.016
  9040:  2673836.026  2674141.005  2674149.009  2674161.005  2675042.009
  9045:  2675146.005  2675572.009  2675587.005  2675712.009  2675725.005
  9050:  2675736.009  2675867.005  2675917.009  2675983.005  2676029.009
  9055:  2676064.005  2676355.009  2676378.005  2676600.009  2676607.005
  9060:  2676708.009  2676920.005  2676925.009  2676933.005  2676944.009
  9065:  2677402.001  2678002.018  2678307.003  2678313.016  2678363.026
  9070:  2678509.005  2680448.009  2680479.005  2680679.009  2680702.005
  9075:  2680726.009  2680732.005  2680738.009  2680740.005  2680991.009
  9080:  2680994.005  2681044.009  2681096.005  2681146.009  2681210.005
  9085:  2681228.009  2681271.005  2681370.009  2681384.005  2681435.009
  9090:  2681553.005  2681566.009  2681657.005  2681671.009  2681762.005
  9095:  2681780.009  2681865.005  2681881.009  2681906.005  2682118.009
  9100:  2682131.005  2682159.009  2682840.001  2683440.018  2683820.003
  9105:  2683826.016  2683876.026  2684110.005  2684797.009  2684800.005
  9110:  2684986.009  2685006.005  2685384.009  2685395.005  2688559.009
  9115:  2688563.005  2689158.009  2689164.005  2689241.009  2689266.005
  9120:  2689324.009  2689326.005  2689407.009  2689437.005  2689497.009
  9125:  2689500.005  2689580.009  2689581.005  2689663.009  2689665.005
  9130:  2689753.009  2689761.005  2690008.009  2690027.005  2690086.009
  9135:  2690104.005  2690456.009  2690464.005  2690477.009  2690495.005
  9140:  2690978.009  2690994.005  2691000.009  2691031.005  2691193.009
  9145:  2692202.001  2692802.018  2692998.003  2693004.016  2693054.026
  9150:  2693191.005  2693213.009  2693285.005  2697798.009  2697859.005
  9155:  2697909.009  2697915.005  2697922.009  2697930.005  2698035.009
  9160:  2698106.005  2698110.009  2698171.005  2698181.009  2698854.001
  9165:  2699454.018  2699506.003  2699512.016  2699562.026  2699830.005
  9170:  2700717.009  2700729.005  2700737.009  2700761.005  2700786.009
  9175:  2700789.005  2700806.009  2701024.005  2701074.009  2701102.005
  9180:  2701152.009  2701301.005  2701313.009  2702119.005  2702192.009
  9185:  2702194.005  2702231.009  2703270.005  2703275.009  2703812.001
  9190:  2704238.003  2704243.023  2704243.021  2704494.013  2704494.011
  9195:  2704964.001  2705411.003  2705416.023  2705416.021  2705667.013
  9200:  2705667.011  2705932.001  2706532.018  2706660.003  2706666.016
  9205:  2706716.026  2706930.005  2706959.009  2706961.005  2707959.009
  9210:  2708464.005  2708477.009  2708481.005  2708488.009  2708500.005
  9215:  2708986.009  2708993.005  2709000.009  2709037.005  2709047.009
  9220:  2709177.005  2709191.009  2710861.005  2710891.009  2711431.005
  9225:  2711464.009  2711477.005  2711490.009  2711640.005  2711651.009
  9230:  2711656.005  2711658.009  2711696.005  2712188.009  2713356.001
  9235:  2713956.018  2714302.003  2714308.016  2714358.026  2714591.005
  9240:  2714626.009  2714692.005  2714698.009  2714700.005  2714710.009
  9245:  2714758.005  2714766.009  2714885.005  2715569.009  2715571.005
  9250:  2715590.009  2717812.001  2718412.018  2718521.003  2718527.016
  9255:  2718577.026  2718821.005  2718827.009  2718851.005  2718863.009
  9260:  2718881.005  2719938.009  2721059.001  2721659.018  2721949.003
  9265:  2721955.016  2722005.026  2722080.005  2722086.009  2722146.005
  9270:  2722163.009  2722184.005  2723271.009  2723279.005  2723325.009
  9275:  2723327.005  2723529.009  2723614.005  2723668.009  2723676.005
  9280:  2724053.009  2724063.005  2724480.009  2724497.005  2724640.009
  9285:  2724670.005  2725200.009  2725233.005  2725248.009  2725815.001
  9290:  2726236.003  2726241.023  2726241.021  2726492.013  2726492.011
  9295:  2726735.001  2727335.018  2727782.003  2727788.016  2727838.026
  9300:  2728124.005  2728149.009  2728157.005  2728841.009  2728846.005
  9305:  2728875.009  2730637.001  2731237.018  2731451.003  2731457.016
  9310:  2731507.026  2731674.005  2731678.009  2731704.005  2732390.009
  9315:  2732469.005  2732475.009  2735788.005  2735792.009  2736363.001
  9320:  2736963.018  2737217.003  2737223.016  2737273.026  2737432.005
  9325:  2737445.009  2737469.005  2737483.009  2737496.005  2738432.009
  9330:  2738435.005  2738470.009  2738481.005  2738510.009  2738538.005
  9335:  2738550.009  2738560.005  2738572.009  2738590.005  2740607.009
  9340:  2741460.001  2742060.018  2743940.003  2743946.016  2743996.026
  9345:  2744506.005  2745899.009  2745963.005  2746007.009  2746017.005
  9350:  2746023.009  2746304.005  2746422.009  2746439.005  2746518.009
  9355:  2746530.005  2746763.009  2746790.005  2747391.009  2747416.005
  9360:  2747552.009  2747573.005  2747756.009  2747771.005  2747969.009
  9365:  2747982.005  2748072.009  2748086.005  2748175.009  2748189.005
  9370:  2748288.009  2748298.005  2748323.009  2748346.005  2748388.009
  9375:  2748397.005  2748404.009  2748405.005  2748482.009  2748484.005
  9380:  2748515.009  2748527.005  2748599.009  2748612.005  2748681.009
  9385:  2748683.005  2748699.009  2748710.005  2748757.009  2748784.005
  9390:  2748974.009  2749927.001  2750527.018  2750609.003  2750615.016
  9395:  2750665.026  2750897.005  2751864.009  2751874.005  2751922.009
  9400:  2751963.005  2752013.009  2752061.005  2752233.009  2752273.005
  9405:  2752337.009  2752345.005  2752380.009  2752401.005  2752565.009
  9410:  2752600.005  2752611.009  2752616.005  2752738.009  2752781.005
  9415:  2752794.009  2752835.005  2752867.009  2752924.005  2753021.009
  9420:  2753036.005  2753078.009  2753090.005  2753110.009  2753111.005
  9425:  2753154.009  2753171.005  2753179.009  2753200.005  2753225.009
  9430:  2753332.005  2753370.009  2753393.005  2753410.009  2753413.005
  9435:  2753446.009  2753497.005  2753545.009  2753713.005  2753778.009
  9440:  2753885.005  2753915.009  2753963.005  2753998.009  2754102.005
  9445:  2754137.009  2754156.005  2754163.009  2754245.005  2754250.009
  9450:  2754258.005  2754267.009  2754361.005  2754396.009  2754539.005
  9455:  2754586.009  2754592.005  2754598.009  2754625.005  2754648.009
  9460:  2754796.005  2754845.009  2754856.005  2754881.009  2756231.001
  9465:  2756430.003  2756435.023  2756435.021  2756686.013  2756686.011
  9470:  2758037.001  2758558.003  2758563.023  2758563.021  2758814.013
  9475:  2758814.011  2759816.005  2759828.009  2759835.005  2759853.009
  9480:  2759857.005  2759887.009  2759890.005  2760055.009  2760068.005
  9485:  2760079.009  2760088.005  2760163.009  2760169.005  2760189.009
  9490:  2760375.005  2760387.009  2766818.001  2767418.018  2767820.003
  9495:  2767826.016  2767876.026  2768084.005  2768090.009  2768111.005
  9500:  2768741.009  2770889.001  2771489.018  2772488.003  2772494.016
  9505:  2772544.026  2772549.001  2773149.018  2773995.003  2774001.016
  9510:  2774051.026  2774119.005  2774126.009  2774133.005  2775658.009
  9515:  2775663.005  2776039.009  2776044.005  2776324.009  2776326.005
  9520:  2779381.009  2779382.005  2779685.009  2779698.005  2779928.009
  9525:  2783923.001  2784523.018  2784591.003  2784597.016  2784647.026
  9530:  2784786.005  2784794.009  2784807.005  2786013.009  2786037.005
  9535:  2786164.009  2786191.005  2786273.009  2786339.005  2786396.009
  9540:  2786428.005  2786479.009  2786483.005  2786590.009  2786598.005
  9545:  2786611.009  2786673.005  2786739.009  2786761.005  2786803.009
  9550:  2786805.005  2787040.009  2787068.005  2787138.009  2787144.005
  9555:  2787153.009  2787206.005  2787244.009  2787260.005  2787364.009
  9560:  2787370.005  2787391.009  2788557.001  2788877.003  2788882.023
  9565:  2788882.021  2789133.013  2789133.011  2789408.001  2789959.003
  9570:  2789964.023  2789964.021  2790215.013  2790215.011  2790432.001
  9575:  2791032.018  2791639.003  2791645.016  2791695.026  2791741.005
  9580:  2792690.009  2792704.005  2792717.009  2792723.005  2792743.009
  9585:  2792758.005  2792762.009  2792766.005  2792774.009  2792784.005
  9590:  2796135.009  2796153.005  2796683.009  2798148.001  2798748.018
  9595:  2799458.003  2799464.016  2799514.026  2799763.005  2800606.009
  9600:  2800623.005  2800671.009  2800698.005  2800831.009  2800838.005
  9605:  2800872.009  2803758.001  2804315.003  2804320.023  2804320.021
  9610:  2804571.013  2804571.011  2804810.001  2805410.018  2805464.003
  9615:  2805470.016  2805520.026  2805613.005  2805630.009  2805649.005
  9620:  2805668.009  2805683.005  2806367.009  2809201.001  2809306.003
  9625:  2809311.023  2809311.021  2809562.013  2809562.011  2809686.001
  9630:  2810286.018  2810493.003  2810499.016  2810549.026  2810680.005
  9635:  2810692.009  2810708.005  2810738.009  2810742.005  2812169.009
  9640:  2812226.005  2812329.009  2812413.005  2812793.009  2812819.005
  9645:  2812824.009  2812838.005  2813048.009  2813083.005  2813162.009
  9650:  2813196.005  2813271.009  2813293.005  2813385.009  2813410.005
  9655:  2813487.009  2813509.005  2813572.009  2813576.005  2813755.009
  9660:  2813799.005  2813822.009  2813858.005  2813879.009  2814036.005
  9665:  2814083.009  2815192.001  2815684.003  2815689.023  2815689.021
  9670:  2815940.013  2815940.011  2816178.001  2816778.018  2816915.003
  9675:  2816921.016  2816971.026  2817120.005  2817137.009  2817157.005
  9680:  2817769.009  2817795.005  2817809.009  2825516.001  2826096.003
  9685:  2826101.023  2826101.021  2826352.013  2826352.011  2826650.001
  9690:  2827250.018  2827602.003  2827608.016  2827658.026  2827709.005
  9695:  2828637.009  2828643.005  2828661.009  2828699.005  2828731.009
  9700:  2828747.005  2828782.009  2831820.001  2832420.018  2832917.003
  9705:  2832923.016  2832944.005  2832951.009  2832969.005  2832973.026
  9710:  2834567.009  2834800.005  2834871.009  2835232.005  2835246.009
  9715:  2835306.005  2835313.009  2835330.005  2835393.009  2835417.005
  9720:  2835438.009  2835753.005  2835766.009  2835770.005  2835780.009
  9725:  2837022.001  2837622.018  2838200.003  2838206.016  2838256.026
  9730:  2838284.005  2839159.009  2839160.005  2839188.009  2839269.005
  9735:  2839289.009  2839291.005  2839325.009  2839335.005  2839374.009
  9740:  2839403.005  2839427.009  2839460.005  2840264.009  2840274.005
  9745:  2840338.009  2840358.005  2840385.009  2840407.005  2840445.009
  9750:  2840462.005  2840507.009  2840517.005  2840545.009  2840569.005
  9755:  2840601.009  2840604.005  2840628.009  2840634.005  2840698.009
  9760:  2840708.005  2840733.009  2840753.005  2840796.009  2840811.005
  9765:  2840965.009  2840990.005  2841202.009  2841219.005  2841241.009
  9770:  2841254.005  2841312.009  2841315.005  2841387.009  2841395.005
  9775:  2841417.009  2841425.005  2841556.009  2841565.005  2841595.009
  9780:  2841603.005  2841662.009  2841671.005  2841713.009  2841717.005
  9785:  2841884.009  2841898.005  2842107.009  2842148.005  2842481.009
  9790:  2842501.005  2842732.009  2842750.005  2842967.009  2842968.005
  9795:  2843002.009  2843016.005  2843156.009  2843170.005  2843252.009
  9800:  2843258.005  2843321.009  2843328.005  2843422.009  2843425.005
  9805:  2843490.009  2843497.005  2843575.009  2843578.005  2843638.009
  9810:  2843645.005  2843722.009  2843730.005  2843781.009  2843783.005
  9815:  2843886.009  2843889.005  2843951.009  2843957.005  2844033.009
  9820:  2844035.005  2844186.009  2844198.005  2844254.009  2844261.005
  9825:  2844405.009  2844412.005  2844620.009  2844625.005  2844655.009
  9830:  2844713.005  2844724.009  2847435.001  2848035.018  2848260.003
  9835:  2848266.016  2848316.026  2848472.005  2848473.009  2848520.005
  9840:  2849189.009  2849192.005  2849232.009  2850937.001  2851319.003
  9845:  2851324.023  2851324.021  2851575.013  2851575.011  2851735.001
  9850:  2852335.018  2852728.003  2852734.016  2852784.026  2852933.005
  9855:  2852938.009  2852947.005  2853980.009  2854287.005  2854297.009
  9860:  2858368.001  2858968.018  2859130.003  2859136.016  2859186.026
  9865:  2859356.005  2860190.009  2860700.005  2860845.009  2860861.005
  9870:  2861243.009  2861265.005  2861466.009  2861467.005  2861705.009
  9875:  2861715.005  2861803.009  2861821.005  2861914.009  2861931.005
  9880:  2862033.009  2862036.005  2862102.009  2862133.005  2862226.009
  9885:  2862236.005  2862338.009  2862356.005  2862413.009  2862448.005
  9890:  2862476.009  2862498.005  2862529.009  2862554.005  2862636.009
  9895:  2862671.005  2862703.009  2862708.005  2862719.009  2863689.005
  9900:  2863710.009  2865235.005  2865256.009  2865261.005  2865265.009
  9905:  2879100.001  2879700.018  2880068.003  2880074.016  2880124.026
  9910:  2880283.005  2881441.009  2881449.005  2881482.009  2881523.005
  9915:  2881607.009  2881642.005  2881656.009  2881673.005  2881692.009
  9920:  2881695.005  2881731.009  2881754.005  2881759.009  2882955.005
  9925:  2883009.009  2883855.005  2883968.009  2883970.005  2883980.009
  9930:  2884066.005  2884086.009  2960412.005  2960416.009  2960478.005
  9935:  2960483.009  2961145.005  2961150.009  2961154.005  2961155.009
  9940:  2961170.005  2961175.009  2961228.005  2961233.009  2961403.005
  9945:  2961407.009  2961495.005  2961499.009  2961586.005  2961591.009
  9950:  2961720.005  2961723.009  2961753.005  2961758.009  2961877.005
  9955:  2961883.009  2961886.005  2961891.009  2961895.005  2961899.009
  9960:  2961914.005  2961920.009  2961921.005  2961924.009  2961926.005
  9965:  2961929.009  2961966.005  2961970.009  2961975.005  2961977.009
  9970:  2961982.005  2961988.009  2961991.005  2961994.009  2961999.005
  9975:  2962002.009  2962005.005  2962010.009  2962013.005  2962019.009
  9980:  2962022.005  2962028.009  2962030.005  2962035.009  2962038.005
  9985:  2962042.009  2962055.005  2962059.009  2962062.005  2962068.009
  9990:  2962079.005  2962085.009  2962088.005  2962092.009  2962095.005
  9995:  2962101.009  2962104.005  2962109.009  2962112.005  2962119.009
 10000:  2962120.005  2962126.009  2962129.005  2962135.009  2962146.005
 10005:  2962152.009  2962153.005  2962166.009  2962176.005  2962182.009
 10010:  2962184.005  2962190.009  2962193.005  2962198.009  2962200.005
 10015:  2962207.009  2962209.005  2962215.009  2962217.005  2962222.009
 10020:  2962226.005  2962231.009  2962234.005  2962239.009  2962242.005
 10025:  2962248.009  2962251.005  2962254.009  2962266.005  2962273.009
 10030:  2962275.005  2962281.009  2962283.005  2962289.009  2962291.005
 10035:  2962296.009  2962301.005  2962306.009  2962308.005  2962314.009
 10040:  2962317.005  2962322.009  2962325.005  2962330.009  2962334.005
 10045:  2962338.009  2962342.005  2962347.009  2962349.005  2962356.009
 10050:  2962358.005  2962363.009  2962366.005  2962370.009  2962372.005
 10055:  2962378.009  2962380.005  2962386.009  2962389.005  2962394.009
 10060:  2962397.005  2962402.009  2962404.005  2962407.009  2962410.005
 10065:  2962417.009  2962427.005  2962433.009  2962435.005  2962442.009
 10070:  2962443.005  2962450.009  2962453.005  2962458.009  2962461.005
 10075:  2962466.009  2962469.005  2962475.009  2962477.005  2962483.009
 10080:  2962485.005  2962491.009  2962494.005  2962500.009  2962503.005
 10085:  2962508.009  2962510.005  2962517.009  2962519.005  2962525.009
 10090:  2962527.005  2962532.009  2962535.005  2962541.009  2962561.005
 10095:  2962567.009  2962568.005  2962575.009  2962577.005  2962583.009
 10100:  2962586.005  2962588.009  2962593.005  2962600.009  2962602.005
 10105:  2962609.009  2962610.005  2962617.009  2962620.005  2962624.009
 10110:  2962627.005  2962634.009  2962635.005  2962642.009  2962643.005
 10115:  2962651.009  2962652.005  2962658.009  2962660.005  2962667.009
 10120:  2962668.005  2962675.009  2962676.005  2962684.009  2962685.005
 10125:  2962692.009  2962693.005  2962700.009  2962701.005  2962707.009
 10130:  2962708.005  2962712.009  2962715.005  2962721.009  2962724.005
 10135:  2962727.009  2962731.005  2962737.009  2962740.005  2962746.009
 10140:  2962747.005  2962754.009  2962756.005  2962763.009  2962764.005
 10145:  2962771.009  2962772.005  2962779.009  2962780.005  2962785.009
 10150:  2962786.005  2962793.009  2962794.005  2962807.009  2962809.005
 10155:  2962816.009  2962818.005  2962825.009  2962826.005  2962833.009
 10160:  2962834.005  2962842.009  2962843.005  2962850.009  2962851.005
 10165:  2962857.009  2962858.005  2962864.009  2962866.005  2962872.009
 10170:  2962874.005  2962881.009  2962882.005  2962898.009  2962899.005
 10175:  2962906.009  2962907.005  2962914.009  2962916.005  2962922.009
 10180:  2962924.005  2962931.009  2962932.005  2962945.009  2962946.005
 10185:  2962953.009  2962954.005  2962970.009  2962971.005  2962977.009
 10190:  2962979.005  2963003.009  2963004.005  2963011.009  2963012.005
 10195:  2963020.009  2963021.005  2963043.009  2963046.005  2963053.009
 10200:  2963054.005  2963078.009  2963079.005  2963092.009  2963093.005
 10205:  2963100.009  2963101.005  2963108.009  2963109.005  2963117.009
 10210:  2963118.005  2963125.009  2963126.005  2963133.009  2963134.005
 10215:  2963146.009  2963148.005  2963155.009  2963156.005  2963164.009
 10220:  2963165.005  2963193.009  2963194.005  2963201.009  2963202.005
 10225:  2963209.009  2963211.005  2963218.009  2963219.005  2963226.009
 10230:  2963227.005  2963268.009  2963269.005  2963276.009  2963277.005
 10235:  2963297.009  2963298.005  2963322.009  2963323.005  2963411.009
 10240:  2963412.005  2963419.009  2963420.005  2963428.009  2963429.005
 10245:  2963435.009  2963437.005  2963461.009  2963462.005  2963469.009
 10250:  2963471.005  2963486.009  2963487.005  2963560.009  2963561.005
 10255:  2963660.009  2963661.005  2963685.009  2963686.005  2963760.009
 10260:  2963761.005  2963785.009  2963786.005  3008166.009  3008167.005
 10265:  3008200.009  3008222.005  3008297.009  3008309.005  3008555.009
 10270:  3008579.005  3008629.009  3008636.005  3008650.009  3008662.005
 10275:  3010156.001  3010545.003  3010550.023  3010550.021  3010801.013
 10280:  3010801.011  3011120.001  3011489.003  3011494.023  3011494.021
 10285:  3011745.013  3011745.011  3011906.001  3012172.003  3012177.023
 10290:  3012177.021  3012428.013  3012428.011  3012708.001  3013308.018
 10295:  3013474.003  3013480.016  3013530.026  3013748.009  3013768.005
 10300:  3013782.009  3013784.005  3014006.009  3014024.005  3014051.009
 10305:  3014053.005  3020017.009  3020127.005  3020134.009  3020208.005
 10310:  3020232.009  3020251.005  3021637.009  3021662.005  3021693.009
 10315:  3021742.005  3022574.009  3022575.005  3022595.009  3022597.005
 10320:  3022719.009  3022721.005  3022736.009  3022741.005  3022749.009
 10325:  3022884.005  3023659.009  3023690.005  3023816.009  3023825.005
 10330:  3023850.009  3023854.005  3023868.009  3023870.005  3024800.009
 10335:  3024809.005  3024849.009  3024952.005  3029539.009  3029546.005
 10340:  3029597.009  3029642.005  3031128.009  3031132.005  3031761.009
 10345:  3031762.005  3032739.001  3033339.018  3033508.003  3033514.016
 10350:  3033564.026  3033752.009  3033756.005  3033820.009  3033836.005
 10355:  3033843.009  3033855.005  3035461.009  3035532.005  3035836.009
 10360:  3035926.005  3035938.009  3035977.005  3038919.009  3038957.005
 10365:  3039076.009  3039112.005  3040800.009  3040801.005  3040808.009
 10370:  3053393.005  3053397.009  3053517.005  3053522.009  3053526.005
 10375:  3053528.009  3053533.005  3053539.009  3053543.005  3053545.009
 10380:  3053550.005  3053556.009  3053558.005  3053565.009  3053567.005
 10385:  3053572.009  3053575.005  3053581.009  3053583.005  3053589.009
 10390:  3053593.005  3053596.009  3053600.005  3053606.009  3053609.005
 10395:  3053614.009  3053617.005  3053622.009  3053642.005  3053648.009
 10400:  3053651.005  3053655.009  3053658.005  3053664.009  3053667.005
 10405:  3053673.009  3053675.005  3053681.009  3053684.005  3053689.009
 10410:  3053691.005  3053697.009  3053700.005  3053706.009  3053709.005
 10415:  3053714.009  3053718.005  3053721.009  3053725.005  3053731.009
 10420:  3053734.005  3053739.009  3053742.005  3053748.009  3053751.005
 10425:  3053755.009  3053758.005  3053764.009  3053783.005  3053790.009
 10430:  3053792.005  3053797.009  3053800.005  3053806.009  3053809.005
 10435:  3053814.009  3053817.005  3053823.009  3053825.005  3053831.009
 10440:  3053833.005  3053839.009  3053842.005  3053848.009  3053850.005
 10445:  3053856.009  3053858.005  3053864.009  3053866.005  3053873.009
 10450:  3053875.005  3053882.009  3053883.005  3053889.009  3053892.005
 10455:  3053898.009  3053900.005  3053907.009  3053908.005  3053915.009
 10460:  3053917.005  3053923.009  3053926.005  3053931.009  3053934.005
 10465:  3053940.009  3053941.005  3053948.009  3053950.005  3053956.009
 10470:  3053958.005  3053965.009  3053967.005  3053973.009  3053975.005
 10475:  3053981.009  3053983.005  3053990.009  3053991.005  3053999.009
 10480:  3054009.005  3054015.009  3054016.005  3054023.009  3054025.005
 10485:  3054031.009  3054033.005  3054040.009  3054042.005  3054048.009
 10490:  3054050.005  3054056.009  3054058.005  3054065.009  3054067.005
 10495:  3054073.009  3054075.005  3054082.009  3054083.005  3054098.009
 10500:  3054100.005  3054107.009  3054108.005  3054124.009  3054125.005
 10505:  3054132.009  3054133.005  3054140.009  3054142.005  3054149.009
 10510:  3054150.005  3054156.009  3054158.005  3054165.009  3054167.005
 10515:  3054173.009  3054175.005  3054182.009  3054183.005  3054190.009
 10520:  3054191.005  3054198.009  3054200.005  3054206.009  3054208.005
 10525:  3054215.009  3054217.005  3054223.009  3054225.005  3054231.009
 10530:  3054233.005  3054240.009  3054242.005  3054248.009  3054250.005
 10535:  3054257.009  3054259.005  3054265.009  3054266.005  3054274.009
 10540:  3054275.005  3054281.009  3054284.005  3054290.009  3054292.005
 10545:  3054299.009  3054300.005  3054307.009  3054309.005  3054315.009
 10550:  3054316.005  3054324.009  3054325.005  3054332.009  3054333.005
 10555:  3054340.009  3054342.005  3054349.009  3054350.005  3054357.009
 10560:  3054358.005  3054365.009  3054367.005  3054374.009  3054375.005
 10565:  3054382.009  3054384.005  3054390.009  3054392.005  3054398.009
 10570:  3054400.005  3054406.009  3054409.005  3054415.009  3054417.005
 10575:  3054423.009  3054425.005  3054432.009  3054433.005  3054440.009
 10580:  3054442.005  3054448.009  3054450.005  3054457.009  3054458.005
 10585:  3054465.009  3054467.005  3054473.009  3054475.005  3054482.009
 10590:  3054483.005  3054490.009  3054491.005  3054498.009  3054500.005
 10595:  3054507.009  3054508.005  3054516.009  3054517.005  3054523.009
 10600:  3054525.005  3054531.009  3054534.005  3054540.009  3054542.005
 10605:  3054556.009  3054559.005  3054565.009  3054567.005  3054573.009
 10610:  3054575.005  3054582.009  3054583.005  3054590.009  3054591.005
 10615:  3054598.009  3054600.005  3054607.009  3054608.005  3054616.009
 10620:  3054617.005  3054624.009  3054625.005  3054632.009  3054633.005
 10625:  3054640.009  3054641.005  3054649.009  3054650.005  3054657.009
 10630:  3054658.005  3054674.009  3054675.005  3054682.009  3054683.005
 10635:  3054690.009  3054693.005  3054698.009  3054701.005  3054706.009
 10640:  3054708.005  3054715.009  3054717.005  3054723.009  3054725.005
 10645:  3054731.009  3054733.005  3054740.009  3054742.005  3054748.009
 10650:  3054751.005  3054757.009  3054759.005  3054765.009  3054767.005
 10655:  3054773.009  3054775.005  3054799.009  3054800.005  3054807.009
 10660:  3054808.005  3054815.009  3054816.005  3054824.009  3054825.005
 10665:  3054832.009  3054833.005  3054840.009  3054842.005  3054849.009
 10670:  3054850.005  3054857.009  3054859.005  3054865.009  3054867.005
 10675:  3054873.009  3054875.005  3054882.009  3054883.005  3054891.009
 10680:  3054892.005  3054899.009  3054900.005  3054907.009  3054909.005
 10685:  3054915.009  3054917.005  3054924.009  3054925.005  3054932.009
 10690:  3054933.005  3054940.009  3054942.005  3054948.009  3054951.005
 10695:  3054957.009  3054958.005  3054965.009  3054967.005  3054973.009
 10700:  3054975.005  3054982.009  3054983.005  3054990.009  3054992.005
 10705:  3054998.009  3055000.005  3055007.009  3055009.005  3055016.009
 10710:  3055017.005  3055040.009  3055042.005  3055049.009  3055050.005
 10715:  3055057.009  3055058.005  3055066.009  3055067.005  3055074.009
 10720:  3055075.005  3055082.009  3055083.005  3055090.009  3055092.005
 10725:  3055099.009  3055100.005  3055115.009  3055116.005  3055124.009
 10730:  3055125.005  3055132.009  3055133.005  3055174.009  3055175.005
 10735:  3055182.009  3055183.005  3055207.009  3055208.005  3055241.009
 10740:  3055242.005  3055248.009  3055250.005  3055257.009  3055258.005
 10745:  3055274.009  3055275.005  3055282.009  3055283.005  3055324.009
 10750:  3055325.005  3055374.009  3055375.005  3055391.009  3055392.005
 10755:  3055416.009  3055417.005  3055424.009  3055425.005  3055441.009
 10760:  3055442.005  3055448.009  3055450.005  3055457.009  3055458.005
 10765:  3055474.009  3055475.005  3055482.009  3055484.005  3055490.009
 10770:  3055492.005  3055516.009  3055517.005  3055524.009  3055525.005
 10775:  3055541.009  3055542.005  3055582.009  3055584.005  3055590.009
 10780:  3055592.005  3055599.009  3055600.005  3055607.009  3055608.005
 10785:  3055615.009  3055616.005  3055624.009  3055625.005  3055649.009
 10790:  3055650.005  3055666.009  3055667.005  3055674.009  3055675.005
 10795:  3055690.009  3055692.005  3055699.009  3055700.005  3055707.009
 10800:  3055708.005  3055716.009  3055718.005  3055723.009  3055725.005
 10805:  3055741.009  3055742.005  3055748.009  3055750.005  3055765.009
 10810:  3055767.005  3055774.009  3055775.005  3055782.009  3055783.005
 10815:  3055791.009  3055792.005  3055799.009  3055800.005  3055807.009
 10820:  3055808.005  3055816.009  3055817.005  3055824.009  3055825.005
 10825:  3055832.009  3055833.005  3055840.009  3055842.005  3055849.009
 10830:  3055850.005  3055857.009  3055858.005  3055866.009  3055867.005
 10835:  3055874.009  3055875.005  3055882.009  3055883.005  3055899.009
 10840:  3055900.005  3055907.009  3055909.005  3055916.009  3055917.005
 10845:  3055924.009  3055925.005  3055966.009  3055967.005  3055974.009
 10850:  3055975.005  3056016.009  3056017.005  3056182.009  3056184.005
 10855:  3056316.009  3056317.005  3157816.009  3157833.005  3157844.009
 10860:  3157912.005  3167650.001  3168095.003  3168100.023  3168100.021
 10865:  3168351.013  3168351.011  3169069.009  3169091.005  3169126.009
 10870:  3169143.005  3169708.009  3169727.005  3169778.009  3169799.005
 10875:  3169971.009  3170000.005  3373301.009  3373322.005  3373336.009
 10880:  3373394.005  3373407.009  3373421.005  3373677.009  3373688.005
 10885:  3396673.001  3397273.018  3397419.003  3397425.016  3397475.026
 10890:  3397767.009  3397776.005  3397791.009  3397799.005  3397822.009
 10895:  3397836.005  3397879.009  3397887.005  3415684.009  3415687.005
 10900:  3415696.009  3415728.005  3415833.009  3415859.005
B:
     0:        0.000      833.000        0.000      833.000        0.000
     5:     3346.000        0.000        0.000        0.000     3345.000
    10:        0.000      469.000        0.000      469.000        0.000
    15:        0.000      222.000        7.000      222.000        0.000
    20:        0.000      468.000        0.000      468.000        0.000
    25:        0.000      222.000        0.000        0.000        0.000
    30:        0.000
D:
     0:  3440274.000  3439529.000  3440275.000
E:
     0:      250.000      600.000
P:
     0:        0.500        0.500
T:
     0:        0.000        0.000        0.000        0.000
W:
     0:        0.000        2.000        0.000
